# vtk DataFile Version 2.0
, Created by Gmsh 4.10.1 
ASCII
DATASET UNSTRUCTURED_GRID
POINTS 2372 double
-2.254495948067623 4.333945010550121 0
-1.582146168186171 -3.569559034717099 0
-0.320578090487842 0.5316033754482641 0
-4.983833858900247 1.472547530498738 0
-4.203325233439114 -2.719380417865748 0
-1.570670230415106 -0.2762254444077374 0
-3.751548607779186 -4.437015950789938 0
-1.979942086873357 4.506561345415435 0
-3.061871994415265 2.213355552242673 0
-1.283185069363328 -4.202305422390499 0
3.990199569854766 1.233047397075284 0
3.305442821903723 1.306973007779928 0
2.727546057566458 1.369362128231392 0
2.207695355402233 1.425484657505796 0
-2.665431235613577 1.856836016685944 0
-2.66668919649303 2.985772608657303 0
1.18129088715708 0.2560076857491458 0
0.1739134773199376 1.722205823834091 0
1.467075665341294 -4.373389051681303 0
3.493684017388841 4.387110075607029 0
0.6529048954073495 3.775716189536286 0
3.601917391158142 -3.90426961813055 0
3.715521223109559 -3.798443784327069 0
3.847352589647064 -3.675638382029989 0
-0.9085782147759396 1.015404765097641 0
4.525525340809231 -1.037167630006798 0
-1.643655428300364 3.217441247012796 0
4.523670412194547 -1.256046916313753 0
3.052133848337602 -4.032772634948725 0
3.637059448710258 -3.680214320178968 0
2.355761420264544 -4.011559318236618 0
2.793265096752967 1.943292177472299 0
2.875751489608522 2.016233232139833 0
-0.5061599963519919 1.27815932008751 0
3.61704217854178 -3.807838476081745 0
-2.570913007633519 4.91781746385296 0
2.776626694412732 1.797987571795996 0
-5 -3.809064164360391 0
-5 -5 0
-5 -2.498612510820612 0
-5 -0.4407269906250449 0
-5 0.02259684487825467 0
-5 1.999737491319722 0
-5 5 0
-3.586944591057704 5 0
-2.689008488478261 5 0
-0.3258335568416495 5 0
-1.195106236984631 5 0
0.6005861429043442 5 0
0.9458714116798957 5 0
1.871839636096792 5 0
2.174421977647913 5 0
5 5 0
5 3.697493858707624 0
5 2.403075649701147 0
5 0.5381036855056626 0
5 -1.344303816623589 0
5 -5 0
5 -1.490804175929044 0
4.807858610396842 -5 0
4.529576030205046 -5 0
2.999612027892221 -5 0
2.730866459117428 -5 0
1.774563054615926 -5 0
0.4594011513520436 -5 0
-1.201163835201605 -5 0
-3.517405955189375 -5 0
-4.567036358091524 -5 0
-2.535505536341464 5 0
-1.821150344883081 5 0
3.528309276142478 -0.1550267641688415 0
2.335018959081411 1.116074564426643 0
-2.168733398629651 2.948008497473969 0
-1.854482603040772 -3.785211274410376 0
-0.7299815409208962 -2.894764233370534 0
-3.475402549582078 4.565184981406903 0
-0.5137278124954003 0.4070732569397743 0
0.4803752474750775 1.048004916489 0
-4.593198384665278 1.016388032908645 0
-2.780046724768108 -2.338773769812809 0
-4.39807987654195 -2.711854969339407 0
-3.934308378593929 -1.761485817573519 0
-4.688099601669304 -0.6291029446651031 0
1.871507742760779 -2.171132754314322 0
3.907409184293746 -1.045140201446038 0
2.085908706635241 1.707026759282227 0
2.17657980754971 3.049689784526353 0
2.78745886682939 3.559342793139614 0
3.070588512351399 4.354409522426329 0
-1.259397269384236 -1.236319339871492 0
0.9312732072435708 2.060766587858649 0
0.4119650812930971 3.143421444217113 0
-3.572143721457072 -4.752859928210352 0
-4.094250081975512 -3.833686805765058 0
-2.794665317265022 1.114216211731311 0
0.140212711383796 -4.21695673705409 0
-1.44429958841691 -4.200647038804789 0
-2.734678517841731 -1.755983064856649 0
-3.59141549114045 -0.384311730999231 0
2.34755533047241 -3.627190890276065 0
3.306401345429599 -2.585469750202069 0
4.144304495409338 1.216410393105182 0
1.375023962825329 1.515378976030913 0
-0.2669640709299388 1.801419178560558 0
-0.6544551640164313 3.311389635711727 0
-1.701180042543482 4.937980223591152 0
-1.683296755577796 -3.59422675125866 0
-0.5131500915927949 -3.308861663782906 0
-0.6834491764491497 -2.260751063661249 0
-0.3987855489069523 -0.7636684321746516 0
-4.673773889114258 -3.002987008581119 0
-3.368802718202475 -2.216294517701311 0
-2.66488506265046 1.366681947765127 0
-2.667015910222512 3.278976547139511 0
-3.565963912856101 1.279004500327722 0
1.321458510588386 0.05199923123357586 0
-0.04177693603513466 2.036134724140784 0
-4.970851401520333 2.078945328250548 0
2.704999245875376 -1.037942107859373 0
3.55566768889795 -0.45598055971849 0
-1.412128257683847 -0.3069383893210446 0
-2.960087415643599 -0.0070658475112165 0
1.143852938121379 -3.714711958941955 0
-4.66093258139332 -3.818461244045336 0
0.6768187609425551 -0.601265417880808 0
1.599763584423923 0.9671379332462894 0
4.389388115114478 -4.849845239816685 0
3.00446126191358 3.46255370302364 0
3.624295983925062 4.633946766348037 0
-0.3779983795811207 3.64292354859386 0
1.136700974368003 3.838034896403808 0
4.38530314474583 -3.174519141063558 0
0.5320022180484746 -0.1698922892966392 0
-0.9753579795168851 1.070350574881685 0
-1.968123561164736 1.706605257040179 0
-0.9512276608288291 1.85352427927562 0
-0.8765274759509318 -0.9053935718894325 0
-0.5795235123358018 0.1178992402911506 0
4.353251649478208 3.761684458657228 0
4.334860694672011 1.164939087229951 0
3.090245811641561 0.9919843848195141 0
4.126870991289271 2.509315585032457 0
1.987409321667582 -4.763427046251572 0
0.5394489131104643 -3.678047372835599 0
-0.003718749633262242 4.435051680423981 0
-3.243386039286702 1.084689776817331 0
-3.535585070252569 2.365563681876293 0
-1.320423871836326 -3.840140781575518 0
-2.247849925650798 1.481304764210534 0
-3.340881244049824 2.464268824622679 0
4.063501039039401 1.77928929376856 0
1.473712707727066 4.530713788344081 0
0.8741743061916909 -2.218762763122885 0
2.250525474525801 -0.9409170408743937 0
-4.487630996162562 0.1563045751645068 0
4.456453261564687 -0.992456000818753 0
-1.280746116984891 1.9352889583874 0
-1.899206901218486 4.120300158722376 0
-3.56932250932967 -4.311213464195177 0
-1.84333561376528 3.071581504714744 0
-0.7690935263703663 3.856279664265854 0
0.9275698040142588 1.755385513331721 0
0.4102545629724927 2.821377475831677 0
-3.192026391273717 2.191172925940159 0
-3.988283675515672 3.016191797146198 0
1.697382564056755 3.926889605990854 0
4.861610749876276 -4.767894948135737 0
4.522098030747829 -1.441585985653372 0
4.537481336070242 0.3736250490772437 0
3.081846635612657 -3.943317489768447 0
2.915819478119448 -4.885516048409226 0
2.738890112644851 -3.699758311537108 0
3.57396188143673 -4.048668875077042 0
2.068069452903842 -4.002795472091761 0
-1.443698644561426 0.1262842231225457 0
-1.775073861779912 0.3027940503526245 0
2.139148066453321 1.364869671476654 0
2.968300140761154 2.098072139012047 0
-1.272559394569047 0.7777472522350635 0
0.3111340231009795 1.81180247177755 0
3.483177670418298 -3.820608865926925 0
4.633540379674161 -3.710866705988582 0
-3.025598558154766 3.862469247002629 0
4.322007599771184 1.535357618028575 0
4.843075648397046 2.015472101723498 0
1.493962314832865 1.937189788604347 0
1.918760144230069 2.681541512673529 0
0.4936913478001523 -3.849679898691569 0
3.597215331662891 -0.7994469875453017 0
0.0724941501407253 -3.35859238316717 0
-0.2330567305920946 -2.214583550044872 0
1.144312503448998 4.497953373061241 0
1.563657956635429 -0.9434815738804687 0
2.092965809190796 -0.1891998592309606 0
-3.577565649896779 -4.883797408742621 0
-3.838497167035005 -0.7298986317704853 0
-2.512564033774773 2.721080388116877 0
-3.240465262399872 3.971166935574968 0
4.549905191390651 3.459526338094593 0
2.714752752649348 1.257637090678833 0
2.815102822763164 2.134002926130273 0
3.808337277628148 -2.588197868558674 0
0.6814766873733574 3.107122603748632 0
-1.480456870048426 4.15897004392784 0
-0.4549472770866327 1.036953477553181 0
-0.6808399976018495 2.100881438338109 0
2.555146376337938 -4.527416125468141 0
1.855963043201633 -2.718460780971521 0
2.720694533950264 1.674840267728657 0
3.4131762167154 3.199495343510419 0
4.840734611256521 -4.559858046282456 0
3.699951735333998 -4.077593131180479 0
4.126462791119445 4.136647089762689 0
2.437387086446654 4.805207670288085 0
3.3294275566323 0.05682345726373958 0
3.130545837122122 0.2686736786963206 0
2.931664117611943 0.4805239001289023 0
2.732782398101765 0.6923741215614839 0
2.533900678591588 0.9042243429940638 0
-3.531173570319891 4.782592490703451 0
-4.598719917694633 -2.640774149833142 0
-4.799359958847317 -2.569693330326877 0
-4.085066623209004 -1.535009242991836 0
-4.235824867824078 -1.308532668410153 0
-4.386583112439154 -1.08205609382847 0
-4.537341357054228 -0.8555795192467865 0
2.1259954229524 -2.030383685205786 0
2.380483103144022 -1.889634616097251 0
2.634970783335643 -1.748885546988715 0
2.889458463527264 -1.608136477880179 0
3.143946143718884 -1.467387408771644 0
3.398433823910504 -1.326638339663109 0
3.652921504102124 -1.185889270554574 0
2.104042926818135 1.975559364331052 0
2.122177147001029 2.244091969379877 0
2.140311367183923 2.512624574428703 0
2.158445587366817 2.781157179477528 0
2.881835415336726 3.824365036235185 0
2.976211963844062 4.089387279330756 0
0.8014461757559523 2.331430301948266 0
0.6716191442683339 2.602094016037881 0
0.5417921127807155 2.872757730127497 0
-2.877468013391518 -1.527371175880412 0
-3.020257508941304 -1.298759286904176 0
-3.163047004491091 -1.070147397927939 0
-3.305836500040878 -0.8415355089517019 0
-3.448625995590664 -0.612923619975466 0
2.539324533463848 -3.418846662261266 0
2.731093736455287 -3.210502434246465 0
2.922862939446724 -3.002158206231667 0
3.114632142438162 -2.793813978216868 0
-0.3315459197776876 2.053080921419086 0
-0.3961277686254364 2.304742664277614 0
-0.4607096174731852 2.556404407136143 0
-0.5252914663209343 2.808066149994672 0
-0.5898733151686828 3.0597278928532 0
-0.6360052385254502 -2.011237291746816 0
-0.5885613006017507 -1.761723519832384 0
-0.5411173626780512 -1.512209747917951 0
-0.4936734247543516 -1.262695976003518 0
-0.446229486830652 -1.013182204089085 0
2.917666356631019 -0.8924517208241525 0
3.130333467386662 -0.7469613337889323 0
3.343000578142306 -0.6014709467537114 0
-4.83046629069666 -3.813762704202863 0
-1.71389958608076 1.743335012599039 0
-1.459675610996783 1.780064768157899 0
-1.205451635912806 1.81679452371676 0
-0.8022764850471494 -0.6495703688442871 0
-0.728025494143367 -0.3937471657991417 0
-0.6537745032395845 -0.1379239627539957 0
4.784417216492736 3.718890725357491 0
4.568834432985472 3.740287592007359 0
4.833715173668003 0.6948125359367349 0
4.667430347336006 0.8515213863678069 0
4.501145521004009 1.008230236798879 0
-0.1110903520360581 4.623367786949321 0
-0.2184619544388539 4.811683893474661 0
-3.301825845479875 1.340864557829123 0
-3.360265651673048 1.597039338840916 0
-3.418705457866222 1.853214119852709 0
-3.477145264059395 2.109388900864501 0
1.606421683850308 4.687142525562721 0
1.73913065997355 4.843571262781361 0
1.070795901667992 -2.036213374230243 0
1.267417497144293 -1.853663985337602 0
1.464039092620594 -1.671114596444961 0
1.660660688096896 -1.488565207552319 0
1.857282283573198 -1.306015818659677 0
2.0539038790495 -1.123466429767035 0
-4.743815498081281 0.08945071002138072 0
0.7982409937538171 2.021883503956711 0
0.6689121834933754 2.2883814945817 0
0.539583373232934 2.554879485206689 0
-3.391090712334205 2.397427643741668 0
-3.590155033394693 2.603682361543178 0
-3.789219354455183 2.809937079344688 0
1.816642417454545 4.19516720449314 0
1.935902270852334 4.463444802995427 0
2.055162124250124 4.731722401497714 0
-1.609386253170669 0.214539136737585 0
4.495696949313138 1.695395779260216 0
4.669386298855092 1.855433940491857 0
1.635561591298599 2.18530702996074 0
1.777160867764334 2.433424271317135 0
0.4679737004640708 -4.712419974672892 0
0.476546249576098 -4.424839949345785 0
0.4851187986881251 -4.137259924018677 0
-0.003893570042479561 -3.072590174886596 0
-0.08028129022568425 -2.786587966606022 0
-0.1566690104088894 -2.500585758325447 0
1.045091957564447 4.748976686530621 0
1.695984919774271 -0.7549111452180916 0
1.828311882913113 -0.5663407165557139 0
1.960638846051955 -0.3777702878933367 0
-4.128872875276254 -0.6576057214841253 0
-4.419248583517501 -0.5853128111977657 0
-4.70962429175875 -0.5130199009114054 0
4.887476297847662 2.667188321799508 0
4.774952595695326 2.93130099389787 0
4.662428893542988 3.195413665996232 0
4.612578036072017 -4.463405063262061 0
4.384421460887513 -4.366952080241666 0
4.156264885703008 -4.27049909722127 0
3.928108310518503 -4.174046114200875 0
-2.185885908517245 3.2251958000892 0
-2.20303841840484 3.502383102704431 0
-2.220190928292434 3.779570405319661 0
-2.237343438180028 4.05675770793489 0
-1.718314385613471 -3.677385154563737 0
-1.369105011369852 -3.400860334380458 0
-1.156063854553534 -3.232161634043817 0
-0.9430226977372148 -3.063462933707175 0
-0.1203397559971119 0.6607037607084481 0
0.07989857849361848 0.7898041459686322 0
0.2801369129843483 0.9189045312288161 0
-4.788516121782762 1.244467781703692 0
-3.918669531704913 -2.64325908825516 0
-3.63401382997071 -2.567137758644572 0
-3.34935812823651 -2.491016429033984 0
-3.064702426502309 -2.414895099423397 0
-1.337215509641954 -0.9962958660055535 0
-1.415033749899671 -0.7562723921396148 0
-1.492851990157389 -0.5162489182736761 0
-3.661846164618129 -4.594937939500145 0
-3.865782432511295 -4.235906235781645 0
-3.980016257243403 -4.034796520773352 0
-2.11721901747049 4.420253177982778 0
-1.783733124401176 4.629921009061576 0
-1.587524161928994 4.753280672707717 0
-1.391315199456813 4.876640336353859 0
-2.861466986552583 1.389001046859151 0
-2.928268655840144 1.663785881986992 0
-2.995070325127704 1.938570717114832 0
-0.1444668447656289 -4.214026474121372 0
-0.4291464009150534 -4.211096211188654 0
-0.7138259570644778 -4.208165948255935 0
-0.9985055132139024 -4.205235685323217 0
3.761947320537751 1.257689267310165 0
3.533695071220737 1.282331137545047 0
3.016494439735091 1.33816756800566 0
2.467620706484345 1.397423392868594 0
1.930138224543265 1.455449430347502 0
1.652581093684298 1.485414203189207 0
-1.314897149037827 -3.504384691983551 0
-1.047648129889484 -3.439210349250003 0
-0.7803991107411395 -3.374036006516454 0
-4.438549561276686 -2.861183713223434 0
-3.994694604629955 -2.593608942824639 0
-3.786063975820794 -2.46783746778353 0
-3.577433347011635 -2.34206599274242 0
-2.665158149132018 1.611758982225535 0
-2.66574572583344 2.139070164678783 0
-2.666060216053303 2.421304312671623 0
-2.666374706273166 2.703538460664463 0
-3.849537902064931 1.317713106361926 0
-4.13311189127376 1.356421712396129 0
-4.416685880482587 1.395130318430332 0
-4.700259869691417 1.433838924464535 0
1.013394652184223 0.5003740420966368 0
0.8454984172113655 0.7447403984441278 0
0.6776021822385084 0.9891067547916187 0
0.5097059472656515 1.23347311113911 0
0.3418097122927946 1.4778394674866 0
0.06606827064240139 1.879170273987438 0
-1.848553667460805 -0.2223935250284332 0
-2.126437104506504 -0.1685616056491289 0
-2.404320541552203 -0.1147296862698246 0
-2.682203978597902 -0.06089776689052034 0
1.672067258191048 -4.791129683893767 0
1.569571461766171 -4.582259367787535 0
1.359334756267989 -4.153830020768187 0
1.251593847194684 -3.934270989855071 0
0.8029367924961862 -0.3869471419733195 0
0.9290548240498173 -0.172628866065831 0
1.055172855603448 0.04168940984165748 0
1.320781786246027 0.4930511015815272 0
1.460272685334975 0.730094517413909 0
3.126766950782395 3.693692796169486 0
3.24907263965121 3.924831889315333 0
3.371378328520026 4.155970982461181 0
-0.1202725608340035 3.676121708829466 0
0.1374532579131139 3.709319869065073 0
0.3951790766602316 3.742518029300679 0
0.8948029348876759 3.806875542970047 0
4.026669441346653 -3.508598635041178 0
4.205986293046241 -3.341558888052368 0
0.3188571409143957 0.005481626889586366 0
0.1057120637803172 0.1808555430758116 0
-0.1074330133537622 0.3562294592620378 0
-0.5165781319172079 0.6928705053313898 0
-0.7125781733465734 0.8541376352145154 0
3.197844316772642 1.149478696299721 0
3.469728455780833 1.547441523230434 0
3.634014089657942 1.78791003868094 0
3.798299723535052 2.028378554131445 0
3.962585357412162 2.268847069581951 0
1.81396476955882 -4.633414381394816 0
1.640520217450057 -4.503401716538059 0
1.235168977283587 -4.199553631969877 0
1.00326228922588 -4.025718212258452 0
0.7713556011681721 -3.851882792547025 0
-1.228504246588846 -4.7341018074635 0
-1.255844657976087 -4.468203614926999 0
-1.301804470599827 -4.021223101983008 0
-2.456640580632187 1.669070390448239 0
-2.863651615014421 2.035095784464309 0
-3.201376619232545 2.338812188432676 0
4.026850304447083 1.506168345421922 0
4.762762670404615 -1.190735723315193 0
-1.353327979247986 2.19171941611248 0
-1.425909841511081 2.44814987383756 0
-1.498491703774175 2.704580331562638 0
-1.571073566037269 2.961010789287716 0
-1.707543296529895 3.443155974940191 0
-1.771431164759425 3.668870702867585 0
-1.835319032988955 3.89458543079498 0
-4.36316442051344 -4.859253987697485 0
-4.159292482935355 -4.718507975394969 0
-3.955420545357271 -4.577761963092454 0
-1.425014952817865 3.377150851326061 0
-1.206374477335364 3.536860455639326 0
-0.9877340018528652 3.69657005995259 0
4.527916539861432 -0.7550090941899895 0
4.530307738913635 -0.4728505583731809 0
4.532698937965837 -0.1906920225563726 0
4.535090137018039 0.09146651326043553 0
2.811183306422472 -4.758193158737181 0
2.891500153727516 -4.516386317474362 0
2.971817001032559 -4.274579476211543 0
3.03827989133332 -3.693243647751062 0
3.33766967002179 -3.686728983965015 0
3.313047864887166 -4.040720755012884 0
2.820009705646583 -4.025701529378023 0
2.587885562955563 -4.01863042380732 0
2.40288526918581 1.598087164161297 0
2.598075182969389 1.770689670816798 0
-1.090568804672493 0.8965760086663523 0
-0.7073691055639661 1.146782042592575 0
-0.2794688384613488 1.42617482133637 0
-0.05277768057070653 1.57419032258523 0
3.945026012250709 -3.776549514742447 0
4.174530801391859 -3.754655245157826 0
4.40403559053301 -3.732760975573204 0
-2.911927170524454 4.126306301215211 0
-2.798255782894142 4.390143355427794 0
-2.68458439526383 4.653980409640377 0
4.761835206097273 -1.373425546121399 0
4.292056642061633 -1.141896934121641 0
4.06044287192872 -1.027746951929528 0
3.828829101795805 -0.913596969737415 0
-2.589626615133902 2.85342649838709 0
-2.810133212969741 3.23212119038672 0
-2.953577229446451 3.478469772116136 0
-3.097021245923162 3.724818353845552 0
2.752086375989595 1.583674850013694 0
3.67987890593973 -3.407210207273895 0
3.722698363169203 -3.134206094368822 0
3.765517820398675 -2.861201981463748 0
0.6719527567180213 3.329987132344517 0
0.6624288260626853 3.552851660940402 0
0.6424411449067482 4.020572951629029 0
0.6319773944061471 4.265429713721772 0
0.6215136439055461 4.510286475814516 0
0.6110498934049451 4.755143237907258 0
-1.646951942323402 4.274833811090372 0
-1.81344701459838 4.390697578252904 0
-2.176932393793411 4.643646718227943 0
-2.373922700713465 4.780732091040452 0
-0.5643866634352777 1.552400026171042 0
-0.6226133305185636 1.826640732254576 0
2.455453898301241 -4.26948772185238 0
2.255801744851962 -3.752939610783598 0
2.155842069439379 -3.494319903330578 0
2.055882394026797 -3.235700195877559 0
1.955922718614215 -2.97708048842454 0
2.983236435029897 2.25288565441395 0
3.090721380451273 2.489538076688067 0
3.198206325872649 2.726190498962185 0
3.305691271294025 2.962842921236303 0
3.915536533209243 4.220134751710802 0
3.704610275299043 4.303622413658916 0
3.229609784653295 4.491634474277293 0
2.965535551917748 4.596158872947557 0
2.701461319182201 4.700683271617821 0
-5 -4.106798123270293 0
-5 -4.404532082180195 0
-5 -4.702266041090098 0
-5 -2.760702841528568 0
-5 -3.022793172236524 0
-5 -3.28488350294448 0
-5 -3.546973833652435 0
-5 -0.734710636367268 0
-5 -1.028694282109492 0
-5 -1.322677927851715 0
-5 -1.616661573593938 0
-5 -1.910645219336162 0
-5 -2.204628865078387 0
-5 -0.2090650728733952 0
-5 1.71728882754237 0
-5 1.434840163765017 0
-5 1.152391499987664 0
-5 0.8699428362103117 0
-5 0.587494172432959 0
-5 0.3050455086556072 0
-5 4.699973749131972 0
-5 4.399947498263944 0
-5 4.099921247395916 0
-5 3.799894996527889 0
-5 3.49986874565986 0
-5 3.199842494791831 0
-5 2.899816243923803 0
-5 2.599789993055774 0
-5 2.299763742187748 0
-3.869555672846165 5 0
-4.152166754634623 5 0
-4.434777836423082 5 0
-4.717388918211542 5 0
-2.988320522671409 5 0
-3.287632556864558 5 0
-0.61559111688931 5 0
-0.9053486769369714 5 0
0.3689812179678462 5 0
0.1373762930313474 5 0
-0.09422863190515063 5 0
0.77322877729212 5 0
1.640347579992568 5 0
1.408855523888344 5 0
1.17736346778412 5 0
4.717442197764792 5 0
4.434884395529584 5 0
4.152326593294376 5 0
3.869768791059168 5 0
3.587210988823959 5 0
3.30465318658875 5 0
3.022095384353542 5 0
2.739537582118332 5 0
2.456979779883123 5 0
5 3.957995086966099 0
5 4.218496315224575 0
5 4.47899754348305 0
5 4.739498771741525 0
5 2.661959291502442 0
5 2.920842933303738 0
5 3.179726575105033 0
5 3.438610216906328 0
5 0.8045282518193035 0
5 1.070952818132944 0
5 1.337377384446585 0
5 1.603801950760226 0
5 1.870226517073867 0
5 2.136651083387506 0
5 -1.075388459176554 0
5 -0.8064731017295177 0
5 -0.5375577442824824 0
5 -0.2686423868354479 0
5 0.0002729706115882635 0
5 0.2691883280586254 0
5 -4.707567014660754 0
5 -4.415134029321507 0
5 -4.122701043982261 0
5 -3.830268058643015 0
5 -3.537835073303769 0
5 -3.245402087964522 0
5 -2.952969102625276 0
5 -2.66053611728603 0
5 -2.368103131946783 0
5 -2.075670146607537 0
5 -1.78323716126829 0
3.254606028277692 -5 0
3.509600028663163 -5 0
3.764594029048633 -5 0
4.019588029434104 -5 0
4.274582029819575 -5 0
2.013638905741302 -5 0
2.252714756866677 -5 0
2.491790607992053 -5 0
0.7224335320048203 -5 0
0.9854659126575971 -5 0
1.248498293310373 -5 0
1.511530673963149 -5 0
-0.9244030041093305 -5 0
-0.6476421730170552 -5 0
-0.3708813419247807 -5 0
-0.09412051083250628 -5 0
0.1826403202597691 -5 0
-3.227875690190904 -5 0
-2.938345425192432 -5 0
-2.648815160193961 -5 0
-2.359284895195489 -5 0
-2.069754630197018 -5 0
-1.780224365198547 -5 0
-1.490694100200076 -5 0
-4.304628757365987 -5 0
-4.04222115664045 -5 0
-3.779813555914913 -5 0
-4.783518179045762 -5 0
-2.059268742035876 5 0
-2.29738713918867 5 0
-1.403787606284115 5 0
-1.612468975583598 5 0
-2.018296342563537 -2.744603572940378 0
-2.895109919345774 -3.486242360754113 0
-3.590802804523709 -3.300356782260778 0
-4.231184258933536 2.111917449308279 0
-1.762970286582979 -3.15687109610219 0
-3.129618933137333 2.876820499645091 0
0.4018107442652138 -1.431140151578582 0
-4.110499399445981 3.975642056714295 0
-2.551197801796863 -4.199643132494347 0
-4.344111093538742 -2.19469972495249 0
-1.908736572633873 -1.885838134865704 0
-4.608859310254428 1.875283952057852 0
0.8845516772742028 -2.989174437850926 0
-2.121056565433595 -1.172105261119164 0
1.256882826701734 2.7059778695818 0
3.802144174185983 0.5836802399133386 0
-2.286030408214101 -3.385592023647373 0
-3.71673389827762 0.4211057276691335 0
0.06871349788293116 2.523740300830328 0
-1.998252602525211 -4.348553236454253 0
3.925196706172803 -1.865479963760822 0
-1.468509031166806 1.308858846477409 0
-4.15720313131232 -3.310648457397915 0
3.523685146557694 -4.521617717518433 0
-2.034633904142896 2.324241577671291 0
-3.684777647924217 3.529837482929203 0
-1.96499023468553 0.9206857423903282 0
-1.390642362652732 -2.414046559517766 0
-3.346395929237129 -3.797568416415749 0
0.9832645858581566 -1.170033565718799 0
-1.104307245662103 1.433198775723338 0
-0.08486142584826567 2.887290482434067 0
3.807608472179055 3.64562900678351 0
-3.862265195881462 -3.022455189962955 0
2.716921771809333 -0.219547803924397 0
1.507356815324937 3.31817842493213 0
2.06079439783281 0.4222908635836639 0
2.635715365066181 2.590829958376065 0
-2.328530232613165 0.4586825905649447 0
-2.676569172317345 -2.922868148106525 0
-4.446854223325124 -4.312762492424104 0
-4.453650770899512 2.668599153783124 0
-2.648554320345339 -0.6997489785885187 0
-1.199623497373599 -1.826440182866516 0
0.1602525904556664 -0.9133882303725509 0
-0.9422424356602599 4.42479439982899 0
0.3208079788801515 2.152749986722459 0
-3.922284024409098 2.392761443707278 0
4.294418864699918 -2.317644773594365 0
1.457386246110687 -3.235496455375594 0
-3.047819241978454 -4.293468855429855 0
4.026150151633609 3.096794334170628 0
-1.939639762278363 -3.532561487197892 0
-2.270727070883018 -3.774081355824996 0
-3.49443237077404 -2.93029482515032 0
2.458035786893922 -2.5333720694623 0
3.373047181153063 2.197029562468469 0
-3.097643330926478 2.603413988472259 0
-0.9894471089455599 0.3445136221749218 0
3.165042839220424 1.756247596235181 0
2.202676655145299 3.654756784282417 0
4.124539744196653 -0.6056417900256603 0
1.283236328100192 -2.596192233689978 0
1.178387927892937 2.345766455658051 0
0.2940768155838398 -2.061570495621589 0
0.4516316451881225 -2.683051065609335 0
-0.4989791556943233 4.303133880916266 0
-3.159075614649531 0.5239331516123166 0
-1.607211133668263 -3.956035929566482 0
3.342559852301602 -1.992433148250295 0
4.155223355421779 0.8132996246653912 0
-4.400772763766959 3.418345857380064 0
4.007653739307497 -1.399765859593621 0
2.66106709729796 3.050401697720205 0
-4.634766444383319 2.281970236242909 0
1.630678137737422 -3.586807503485828 0
-3.367255482317096 -1.681795488329835 0
-4.008960434922298 4.487892712646133 0
1.115142686346948 -4.601282073060689 0
-1.115592828548874 -0.05148230558750336 0
-3.8452249973076 1.806175303429251 0
3.482921677674942 0.8392144991482197 0
1.264970708953147 -0.5120543391523312 0
-1.372879189771413 -2.834145998786101 0
4.577439199179032 2.361891767695315 0
-4.549188727832081 -3.422045399875475 0
-0.008357012715920417 -0.4085839675860368 0
2.388293483999897 4.137522231632931 0
-3.49054479737034 3.144121445753489 0
-4.22978741088121 1.762709539502477 0
-3.983339059722705 -0.01022351052956809 0
-2.240151699103345 -2.270480394104832 0
4.498934836804739 4.508493675814978 0
-3.317324059978452 2.716695655787469 0
2.47002672544082 0.1838763057851678 0
4.005490904099111 0.07526750278003058 0
-1.732994518491386 -1.429018180805632 0
-4.218014192574858 0.6259180203652595 0
-3.622965225520188 -1.246042297438511 0
-0.06392732371736216 -1.696143637863848 0
-3.199619352887723 -3.208800474312859 0
-3.265142242122821 -4.520905536399956 0
-3.624084158693458 4.185249324230309 0
-3.720607660074588 -3.673831616733938 0
0.8339826718358757 -3.436908966556922 0
-1.052014041754918 2.833068268113976 0
-1.714411486240286 -4.563701532991677 0
-2.266809907176022 -1.593017372400712 0
2.90834163061471 -2.25066095227652 0
-1.925483731441045 -0.6884563072808549 0
-1.653469546906358 0.6713220378695635 0
4.354693219827125 -1.848658462529325 0
0.8321704845756011 -1.659709426177127 0
-3.74811829189365 -2.805810633009815 0
0.9184533822595924 1.334449059067482 0
-4.462716182381828 4.367572436357318 0
1.750757345271729 0.1068283617206299 0
2.486117807553991 2.087295016748769 0
-4.515989993204116 -1.732588450364312 0
0.5166847443831378 2.004958564404508 0
-1.538771869085335 -3.764940694268933 0
0.8577340952648851 2.856456912484486 0
0.9709542711411715 2.579205239853738 0
1.094993538622712 3.192108492700053 0
-1.683981794675902 -3.371698618894461 0
-2.313494354426972 2.009532509147105 0
2.369105286179705 -0.5236919357980294 0
-1.194088236588053 1.199541368863788 0
-2.363703080882323 1.060573231217944 0
-3.339608402956405 3.463363329131446 0
-4.030672908227266 -2.277133907681558 0
3.735621625798406 2.740241276884727 0
-2.662820036380887 -3.824830911119679 0
0.4744185566144095 -3.271853705891998 0
0.3985050358062863 0.5036472293536687 0
-0.3403855468213925 -3.738513848407085 0
-2.782673192143803 -4.576287991761332 0
1.765268803818841 -4.182613430457873 0
3.883705964611715 -4.589474911089011 0
-2.629219081139293 3.72691029934812 0
1.903498421495634 1.145318107620247 0
-3.422204273202284 0.06262459295022614 0
3.265654464901631 -3.254584154046613 0
-1.876699199899179 1.300425130568217 0
-2.024584825611838 -3.244109777763633 0
-2.335745467498756 -3.019642315341065 0
-4.481768114962131 -0.2171161916460589 0
4.236771950431407 -2.74363985059478 0
-4.6308278396838 -4.592586297632586 0
0.246968632175414 4.106892674922243 0
-1.382615246974671 0.452677527911436 0
-2.339026500136478 -4.576253430145797 0
-3.168181764638226 3.201879082196357 0
-0.9162551539759256 -3.811136839751788 0
1.582642147152803 -0.2565328335199905 0
4.542471971599294 4.107593309516228 0
0.6108817819430525 -0.9831661343611762 0
-0.0628181583037917 -1.265282038161862 0
-2.696907024122452 0.6295774026194788 0
-0.9083014831060767 1.293787462333765 0
-1.732077144618733 -4.1994903761729 0
4.243252507641652 -0.8395875317927503 0
-4.148564104785095 -3.02387574460729 0
-3.749494056092939 0.8717686358740455 0
-2.603674401148457 -1.177213044702044 0
-2.876300901590997 2.844421791565867 0
-1.781246040184493 -2.385673865287998 0
-0.1453915403609173 4.048987123432255 0
-3.047241375884713 -0.4502092607433757 0
-1.137912397183542 -0.5329152537298967 0
-1.448998892099277 -3.135812548510112 0
-3.925761470537776 2.092215030354565 0
-0.9866195847305673 -2.557214533505354 0
4.110254379562782 4.570836444734493 0
4.365469001892715 2.865283976239548 0
-3.103174922414068 -2.813826063296139 0
1.357241470372971 4.1603983952689 0
2.418483268514857 -1.364689491617699 0
-0.9497196344245628 -1.503039551669236 0
-1.377625776624756 4.484295053387308 0
0.2944272741112814 2.607689745556915 0
4.116180895115557 3.4679578394422 0
3.580682970848349 -4.283674910772699 0
0.1016943492423365 -3.826147640660033 0
3.801408320168845 0.9365383053821539 0
2.091301813039021 -4.421586792197773 0
-2.035010474993659 -4.019162577444668 0
0.9423783456781597 -4.309340199925479 0
-4.408604384584306 -3.156464195419571 0
-1.970190593890311 0.5721887772349339 0
0.6724829737101388 1.682733086874759 0
1.34336597280559 -1.263857681631372 0
-0.9584429866457188 2.411874296268145 0
-4.373672472466485 -3.680217407109103 0
-1.107679486882654 4.062476001700324 0
-4.56848345341036 3.87059713157212 0
-3.999657222076296 -2.849098818301902 0
-3.86251471614992 -3.260937701104558 0
-2.426664077808752 -2.631385873868798 0
4.638973494544975 1.360923709069944 0
-2.965235004636515 3.05421460105737 0
-2.196271064844572 2.615790319704649 0
0.2314440908084382 4.690105483621705 0
4.174784335635483 0.4261394374375638 0
-3.092935843050402 -1.929388325983547 0
1.597869976583429 2.919915672984382 0
-4.602083319925748 3.048450746863058 0
-4.408259618141265 -3.972669129738543 0
1.200680852289898 1.042418501974695 0
-3.637897182525085 -3.992658229641069 0
4.353488465118293 2.0493989842804 0
-3.034569120730085 -3.842842154895808 0
-0.01515713758543284 1.164355343498494 0
-1.719308132791968 2.128671780868804 0
-0.8362047204401297 1.552024776708491 0
0.9785897726648138 4.152215355911819 0
-1.433476986263567 3.811351053530658 0
0.6925520968524908 0.1928679151993954 0
-1.842442885090428 2.621374847320447 0
1.918995018563031 3.36833786317621 0
3.172919608648707 -4.683211576250118 0
-3.3194011496395 -3.481147834199168 0
3.449756556489458 0.4975909039764781 0
-0.221417837466647 -0.05382345265810659 0
2.465697831915579 3.359499116627122 0
1.4634009773522 -2.204549311116283 0
-4.273362068441538 2.409670215911792 0
-1.320359103631405 1.58472720580715 0
4.550843305850946 -4.064166315356003 0
-4.220200548510905 -2.481463606223468 0
3.285740764074777 -4.343802576234889 0
0.9004278523411924 -2.603572034390552 0
-4.778987903061277 1.96468972627157 0
-2.619001652061315 -3.261924020039716 0
2.372120859322142 -2.975805201085315 0
0.4565496339842977 2.34761743821288 0
3.912349073263038 -0.2866637569680415 0
-0.7868082546607577 -4.59277944398761 0
3.642487296569406 -1.607730535191747 0
-1.103056529602347 -2.170644379707556 0
-1.724980544310377 -1.011119273404652 0
4.644617182159823 -2.897303274383527 0
0.9697609181110147 -0.8134543057178215 0
3.196120516805272 0.6830750397742863 0
0.05853513873865031 3.334733398519448 0
-1.509355732314679 -2.050128786449419 0
1.566277937595328 -3.932652944897227 0
4.586372941214891 2.684068041906571 0
-3.986742904024282 -3.548578477658193 0
-0.290964247337238 -4.593357688535828 0
-4.666486989692827 -4.108668492248129 0
3.709627572345851 -2.201430354051233 0
-2.353811659646853 2.337867546913919 0
3.132826568377279 -0.2848512471260836 0
-3.644556437461526 -1.989597192946949 0
-1.662356373237266 1.019002632259597 0
-1.421454576208646 -3.624348131877723 0
-1.006265504228485 3.209421709973118 0
1.348763204243732 -4.744805204969323 0
-4.058056344203822 3.590342203738542 0
-2.298919265924331 -0.5125561565533967 0
-2.872165915430619 2.623739060032034 0
-2.958761782609303 2.400256009177937 0
-4.617219619463975 0.5500826385693094 0
-0.5634251343454015 4.641313078258477 0
-2.087562569349426 0.1699754603246504 0
2.788687950084929 0.9735827846179437 0
3.674711682494506 3.957530737464709 0
-3.188050812638235 4.263084995217667 0
4.258421380466651 -1.604569293660952 0
4.003494970506734 -0.8383193584398967 0
0.3126615251387974 -0.5421747069741228 0
1.960683946519398 -3.71837857267067 0
2.131628990417084 -1.62428618320182 0
2.105646573339752 0.8292070308923519 0
-4.755842834748945 -3.557622396170544 0
2.717195976455684 4.344541882247759 0
-1.542269943910537 -1.646194661042405 0
-1.645082152304526 -0.03713608600181566 0
1.244509421044429 2.027871486812674 0
-2.381061558448491 3.128397925175078 0
4.039076148614599 3.826567358914691 0
2.718851787248902 -0.5958098824949484 0
-3.395034386105126 3.759503043203331 0
3.846508588616125 -3.916106012857064 0
4.674657086934851 -1.733256680035428 0
4.645300975679856 -2.084708545253278 0
-2.391950098396112 -1.97032644601093 0
3.4628340146095 3.571376038585319 0
-0.2981143468123312 3.268716978784802 0
-3.33746990405727 -4.103132289579015 0
-0.3753532928503063 -0.3996140041560298 0
2.511672605174439 3.807923732475599 0
0.1379898448282745 2.82429104171535 0
-3.090707450004164 4.737168268094504 0
-2.859265666333345 2.239310771807737 0
-1.849898201853954 -4.003592821310571 0
-1.096360216939482 1.683118846521591 0
-2.601718626736312 4.184449561331719 0
-4.590765631576891 -2.321929053557221 0
0.9978206969100228 3.443537918558489 0
-1.092778227662904 4.660008255990824 0
-4.043049044055394 2.741751893894333 0
0.7439549662678826 -4.606789644858935 0
-4.60698509578633 -1.398040347199507 0
4.685083725744345 -3.369240504583702 0
4.123202222075867 -3.951717967612363 0
-2.678301874269894 0.3156717172920944 0
-1.673754559362287 -2.625178710118136 0
-0.5161581516435592 -2.591743284515909 0
1.729571839427581 0.4460126618155633 0
-1.941742856965856 -4.663966872345757 0
-1.551306504163994 -3.385268379227394 0
-1.090511604273948 -3.671913110943978 0
3.72239411574252 0.1967363820822834 0
-2.539078892383195 -3.55080135486156 0
3.74332620698488 3.320578324601419 0
2.253390187932494 4.463092953894999 0
2.782831875565185 0.08459829903848068 0
3.799933500269062 -0.6363311880393603 0
1.212180453331228 -2.947469936385056 0
0.05497186235000327 2.224375166923017 0
3.01468043067398 3.131691955832809 0
1.433670240385169 3.636254138086796 0
-3.475653679085506 0.79029677875712 0
4.573602544836282 -4.774424650201697 0
2.432878623077514 0.497044178729692 0
-3.362399727428121 2.969013030052103 0
-4.120329004420789 0.9847503274442619 0
-0.4430944819430288 3.964584398947088 0
2.093501302651529 0.1582506942387205 0
1.25703392905429 -0.3020958497091861 0
0.5459689788888815 -2.940796518421973 0
-0.1594812641258049 2.681574478302887 0
0.652764411052184 -1.893215749338788 0
1.879766890723515 -4.368522353582062 0
4.239870264172938 -4.610766282982435 0
-4.177336496758935 0.2295396833243447 0
1.299263300132278 -0.9446497084264194 0
-4.744239351892576 -0.2287604424509397 0
2.114343809278659 -2.477631375377602 0
1.24514369871018 -3.352972367232972 0
4.152764294031044 -3.040109219176188 0
3.065036983896749 1.903036981411802 0
2.406433497594843 -0.2290778897826418 0
1.556355386875496 -2.891357106550798 0
1.769132911778592 -1.816731637585392 0
-4.356264637338934 4.635335685739082 0
-1.313299845028126 -0.08197480465877584 0
-2.284455644971934 0.7541490448524558 0
1.14571237295039 -1.597445714200362 0
0.1634834205139625 -2.369386857093616 0
-4.142476714491544 -4.346034013394351 0
-3.865621817815561 3.882321584374166 0
-3.74279058755341 2.283927567491487 0
-1.04304199421084 2.176825150082555 0
-3.78422583176516 3.2545061442256 0
-0.9435940149409803 0.5935466591756222 0
3.183420432133019 2.166158281226868 0
-1.385323787370205 0.988399470277995 0
-2.257578872354452 -4.22801224479716 0
1.730908194562428 -3.367125874831038 0
-2.895748016249394 -3.134497086927241 0
-4.474117528288878 2.104538154468289 0
3.397854869010438 2.461604196229819 0
-1.999506364547105 2.036129449973269 0
0.672270668955443 -1.323507653347688 0
0.1522196314306375 -4.600113339356877 0
0.2560666834572967 1.172683972541553 0
2.103345221229795 4.019330357925902 0
1.497183635242099 2.490171209359741 0
-4.821161405126161 1.606197264050866 0
2.33527141128996 -4.688839550774674 0
-3.980985188512027 -1.023925391529198 0
4.429966400224113 0.6580478614568716 0
2.860459439545399 2.762051460430346 0
4.273534733351835 3.21188536157525 0
-0.3880940325451429 -2.99190641250963 0
1.008058767149411 2.25067552455264 0
3.474562329971274 -3.001672248595062 0
4.090621056546389 -2.204164670440169 0
-2.485068459275877 3.507942510562664 0
-1.800531401346181 -3.46714966137796 0
2.503842188849122 -3.851278715544605 0
3.655579145700951 2.960069161022641 0
0.5089139337307241 0.7839027685934407 0
-2.965824439323423 0.7465151808671187 0
4.670897008689818 -2.502333071674113 0
-0.6560735203763066 -3.701697259947763 0
-2.172400649094915 -3.575765156660049 0
-1.175940479802161 -0.2765078126585064 0
2.540621216814924 -2.210547733687846 0
-4.090381956697716 1.917453980653559 0
-3.324964603444972 -1.296770477095446 0
4.22671390600518 -0.2979291341987043 0
2.760298327026945 2.404245258961975 0
2.490722979395811 2.830364128288562 0
-2.966173296201909 -0.7725244172523569 0
2.80994923557584 -2.587398031354273 0
0.2470798802707379 -3.584790387673459 0
-0.1074611922725845 -0.9932053865769652 0
0.2562135017511331 2.398936919059348 0
-3.812799781845442 -4.75980653952721 0
-0.8288459702729072 -1.210776010473801 0
-3.920799513340833 -0.381166921920025 0
-2.787047515532226 -4.093790384296614 0
0.5361574688455079 -2.271216980198779 0
-4.227473862071063 -1.93219063965895 0
-3.664712606865993 1.519118587384342 0
-1.615825679878791 -2.859340950666759 0
-1.69293370733404 -3.824325995130512 0
-1.873466066773994 0.0646833361519574 0
0.3999376432996918 4.398702927862186 0
3.36094648719299 -1.042074574275736 0
2.407524042768533 2.35710301111545 0
-3.199075544623724 1.948412254881626 0
1.241096517404435 -4.449072092578279 0
-1.163622104301673 0.1896470584649206 0
-3.301257794098004 -0.2385812197947937 0
3.021769009280954 -1.929989422120016 0
-0.8203720804776006 -1.849621960869921 0
-1.585446999424283 1.483967579136208 0
-3.150722349473174 -3.645063505498916 0
4.045528006642876 1.023503998238368 0
1.999999640253253 -0.816561734197106 0
-2.561459468727886 -1.46085084779531 0
0.6270354747870126 2.124747639865421 0
-2.387206928750532 -0.8383823838930031 0
4.759431241193648 -0.9116742709123828 0
-0.1745953008091515 2.386444464531274 0
-3.626339202039363 -3.126491313306446 0
-3.352839479820443 -4.825743121947648 0
-1.940729425837846 -2.996675920731712 0
-4.713554985159191 -1.999238720484934 0
1.546167902370283 -0.5199443100015391 0
0.4477127933430596 3.399405535820162 0
-3.695362055924865 -1.545431584828684 0
-4.384424448703815 -4.626311726246224 0
-3.098529897482622 -4.749701657038086 0
-0.7631917687255296 4.194666466379357 0
-3.795268682808044 -2.216643901022165 0
1.381572164906071 -4.558124149466796 0
1.660293384569075 -2.509808684194875 0
-4.592203846954334 1.639997216098292 0
4.716135524650811 4.301946188410683 0
-4.667441273869495 4.619009555811743 0
-1.751901200160772 -0.4676090106384507 0
-3.177366850137781 2.46929218735117 0
0.3449543589494182 1.98091889539495 0
-2.073374390948742 1.156732468466842 0
3.721955022926471 -4.751855587475315 0
-1.830517297148862 -3.301472028077334 0
3.780575567832137 -4.44664342937289 0
-2.486230986394979 4.57324039971546 0
0.3227997063959167 -1.161573202685347 0
-0.3042936983810277 -1.904536789101043 0
-0.7475181801087086 2.607031281745856 0
1.411828621846649 -3.713660980458888 0
2.973625511770271 -1.202424421572278 0
-2.845544932933689 -2.65431890523298 0
-1.263894720092655 3.005318213768804 0
-1.239995128335091 -1.560507768944303 0
4.6912999697305 2.528019437863489 0
4.806990869141742 2.236734885760322 0
0.4782753556172674 2.180262143483213 0
-0.8324596875077616 0.1119962637934234 0
0.2513096592620335 -1.727251232317544 0
-2.999584782657845 3.247955346381115 0
-2.550499704456266 -0.394095782056827 0
-1.045650391006031 1.241079787888103 0
1.793430824679287 1.895457596427351 0
-2.870101417886788 3.703346851658559 0
-4.319491095250517 -3.450830486531199 0
-1.271117617746057 1.376163105141852 0
-4.706263416796686 2.530567910121916 0
2.988650167740142 -3.385717299531656 0
1.859505641586356 -3.919389154468942 0
1.386786728383202 4.752320975075852 0
-1.596917045411511 0.4376049029414035 0
-1.564992542795872 -3.253072499524902 0
-1.992664665674976 -1.588068414660349 0
0.2377748902813593 -2.843666966245664 0
-3.733341119627165 4.60146934236186 0
3.17689314655055 1.527365878962089 0
-3.470133954890615 -4.594869617987968 0
-4.273085377095926 2.895552874770597 0
1.324488210026914 2.978251257529453 0
3.385791360919864 -1.683356700112695 0
-0.8448275740106228 4.690230591312877 0
1.82055546084986 0.7513179516757028 0
-0.1403474412776879 0.937641477090273 0
1.88252095783329 3.62885136016763 0
-1.120709304660066 -2.809946153437118 0
4.445710134831138 -4.629898489753735 0
3.648682405657386 2.271956524768555 0
1.843457395417746 3.077175459434539 0
3.992047565144111 2.719209415436023 0
-2.060519081023981 -3.732187633972866 0
-0.5263685366797547 -4.752027970685909 0
-4.413312648879785 -2.467457422955035 0
-4.339972311423289 1.944532191273713 0
-3.724547066086203 0.1154139980658043 0
0.6361489188006789 1.446401922070669 0
1.819435886418343 -0.1523479742324426 0
1.15860292561232 -2.327953177148134 0
-0.006122832328341305 -2.001498759427972 0
-4.776557753404578 2.135536503820148 0
4.607948918785598 2.096383473293435 0
-3.44386542436864 0.3853654724591064 0
2.491848009256219 -0.8734502583667184 0
0.5408122983136189 2.712777176800936 0
4.699049672825713 3.955519229031457 0
-3.433873841884122 -3.138405147076155 0
-3.675868423015486 1.970496371269353 0
3.439896476807657 1.0652718638696 0
-2.243611470009934 1.757453583589065 0
-4.434491608632656 2.29445662273267 0
2.96141159883858 1.650952461752771 0
4.703968940816206 4.70189440120654 0
0.1648837581416985 2.06650017688606 0
0.9246085334709868 1.062378496135479 0
3.248208081015209 1.971729518324747 0
3.420606544558588 -4.757276668116656 0
3.469546147871421 -3.939504263966531 0
-1.111677317025892 0.5311142945879381 0
-0.2547430537324825 -1.480220194128596 0
3.439237130846193 -3.459499319885416 0
-0.2554750107917605 4.416276522254781 0
3.258784725173848 -2.296437878737313 0
-2.461722117956872 -3.95031536801838 0
-2.08488004966046 4.212505076633371 0
-4.103068625403489 3.349691224982913 0
-3.993760839278767 -2.039428494473498 0
-3.871842113222422 -2.778574522033552 0
-3.763133637075526 -2.699020340593643 0
-4.09890689121172 2.267672431008621 0
-3.020798491247175 2.759708753005873 0
-2.380711633525494 2.88226347471476 0
1.488628211848865 0.2383401968305058 0
0.2652039221944204 -0.3077289808134783 0
-4.028962306986648 -3.162149205522858 0
1.226734564721361 1.764931847243994 0
3.640818472198269 -1.857229427624671 0
-3.562369324303737 -3.518014125627935 0
4.101200420234776 -2.50311183549396 0
-4.697013647129515 3.339711929407347 0
-0.7674015429871442 0.4462159034776967 0
1.251417366348265 3.410912880321185 0
-1.153238719360368 -0.7981429624386426 0
-3.020226255136792 -4.480913702350941 0
1.484767628267005 1.204544790436886 0
-1.807086167612023 2.372830335088144 0
-4.628356403742409 -4.332152421826446 0
4.270315559757868 4.371440618344258 0
-0.01178685268071143 -0.6907227073814303 0
-3.166930831594526 3.372345495746103 0
-3.581637638221765 -0.8811323149451549 0
-0.2348394384869881 -3.441055984083091 0
2.70942455939509 -1.332311116826435 0
-1.559882584337441 1.99902555355339 0
-1.260128227069619 4.258393656250959 0
2.168192807944274 -2.75462647934901 0
0.1133393245226603 0.5180987652661334 0
0.8898784451090607 4.382129595829764 0
-4.26961614985651 -0.4059815192706423 0
-1.833638344145888 -3.610601311592489 0
-2.952850566067083 0.2817678258530037 0
2.644621763214793 2.229089200310377 0
-2.379525044202002 0.2040240491738541 0
0.8425177678021587 2.519270721716456 0
-2.816977175312153 -2.042737633947103 0
2.826645044801114 3.276347448178629 0
-3.529157534347751 3.372318708673105 0
-4.793197541699193 -0.8261913311961578 0
2.346526381694663 1.844220148340465 0
-2.144523838405695 -1.991675603230446 0
-4.1892919156791 4.254506604812069 0
-1.258614766523739 -3.035855798784513 0
-3.514298299723359 2.806386884325732 0
4.34191601701101 -1.343266927155086 0
4.003246944391025 -1.206437749655693 0
-4.278279893046057 -0.02071798520740832 0
4.328084926932602 4.737363331455369 0
-0.6608859394794481 3.594742263160127 0
-2.842682213641111 3.077739839112996 0
4.403579311160743 -3.487101717079072 0
-4.216860630772931 -4.075142885534364 0
-4.281240619560877 3.769840691941623 0
1.606561093771034 -1.208906864385886 0
3.179785875266055 4.773040104363716 0
-3.447189456878623 4.324990058421059 0
-3.488663870810187 3.95725503337147 0
-1.557946742724575 -1.17599727759583 0
2.097669588495929 1.132287693903744 0
1.573355892945112 4.289538514371666 0
4.750969550678986 1.149425227222337 0
0.5433115711881324 -1.683108740004826 0
0.6213748905596451 -3.451489429150957 0
1.458869561769624 -3.470890651932977 0
-1.135139374833516 1.051204961563822 0
-3.165898286769165 1.746500780281983 0
2.106931062135501 -0.5656635884218207 0
-3.897414590220781 0.5934847471464391 0
0.7181944861360572 2.789789633289881 0
0.8320069802740681 2.678406714807613 0
2.569373696523293 -4.75447025181996 0
0.7219574721546197 -3.198855457375616 0
0.9981435218561084 -3.23605935236397 0
-2.718469771211999 3.532340897188445 0
4.760194602013418 -0.6381125553902929 0
-3.379844781536458 2.230865791399146 0
0.1104724138281424 -1.481160366948358 0
4.030215845725113 -1.61906186788875 0
-2.750285546037353 3.922695297412218 0
2.651673641785441 -2.863218747432209 0
2.982538195331463 -0.5136395893066261 0
-0.8533474380406497 1.150585005444912 0
-3.371524943322568 -1.95866412732129 0
0.2712362238758428 -3.977283913052176 0
3.253599369191303 -3.858733663294 0
1.074724332011905 2.945021326118217 0
4.739717668871783 1.604831764115313 0
1.167252743481223 0.750590899535313 0
2.668516083095168 4.043972301286527 0
-2.023744656358734 -2.46022614370849 0
3.47341913099881 3.824002890533588 0
-2.52003745818704 0.8336918849544831 0
2.712900276639602 0.3692480046634811 0
-3.121462479132536 -1.668209738825439 0
-1.196472035089627 2.592853504848765 0
1.796231628842781 -1.025557261018044 0
2.195486260321622 3.317033710218441 0
0.7330722573759206 1.207079672511086 0
3.746717302988796 1.534558963016847 0
-1.687084057071862 4.074922799986326 0
-2.869918149223998 -1.092032282031901 0
-4.767689941113258 -3.33679601524725 0
-3.277557217884663 2.588509835023123 0
0.9914030712812691 -0.5591097898299242 0
-0.9167382567555604 0.8159115062826088 0
-4.870787279371952 -0.6029406653057052 0
-0.9338311976485105 -0.2657782627357241 0
0.6710057566738814 1.88261245692256 0
1.559857976666177 -4.139854917093364 0
-2.391585145506714 2.544174438355168 0
-1.935693584481095 3.297512864374159 0
-4.567685137075459 -4.790707950468229 0
-3.721206082599157 2.449965071270139 0
-1.58561911784131 -4.134921634839996 0
-2.432799083510106 1.308044686553479 0
4.767856145906041 0.4583516689996979 0
-2.082226233035156 -3.42158844067739 0
2.66215417102123 2.064351030544503 0
2.907015417526185 -3.844943878736827 0
3.558134368274999 -2.446073981229167 0
-1.979562289453207 -1.352158636974151 0
-1.656867790274462 -3.482880270715535 0
-4.061256787540678 1.554457637997701 0
2.975279157208571 0.812342949077018 0
-2.55834952217317 -2.213024840184453 0
0.6937829620348881 0.4769301126022168 0
-0.3366779692880286 3.01266922208043 0
1.365015782921552 2.234406397948419 0
1.401132873383385 3.89947834645421 0
-1.137815145210467 -3.889000260110318 0
1.519677884356566 -1.903542493085171 0
-1.653533519524159 -0.6979628294942645 0
3.091789295553773 -4.844627554116388 0
4.728752395503658 -4.211632373483017 0
-0.322201217921136 0.2166577348953759 0
1.975354536371265 -3.515643780027746 0
-1.582298984384793 -4.34946565381826 0
-0.5688951910966633 -3.957912616112094 0
4.259326647446944 -2.456809345936982e-05 0
1.421828097337391 -0.7446138638672368 0
0.7576709161424006 -4.144109293233425 0
-1.254936838507746 -2.615611754708286 0
0.4805773228537175 -0.7510293686154973 0
-1.209671804684258 -3.383331697803424 0
3.97678755021031 -3.244125283401479 0
4.382613284983833 2.562228472413827 0
2.858002890134759 1.175444817686901 0
4.33095231362379 -3.955343361973719 0
-2.331549054974453 -1.324939504711932 0
1.18696846303386 1.311558428331923 0
4.186264748273371 -4.813507038090268 0
0.9941418049160955 2.427959153818434 0
-1.274446146586478 -3.644372529250108 0
-0.8691604144235827 3.400839819440919 0
-3.352779884052754 -4.313096262685312 0
-3.106683065140739 1.490674594899763 0
3.894035860318353 4.441198636648404 0
0.02301064217468938 -0.1043460490508526 0
3.28499646922395 0.9115195491891634 0
-2.524178980198613 -4.742805508545721 0
-2.819197741877943 -4.308923915074279 0
0.1714544592572024 3.06755936809871 0
-1.462038056469286 -3.899282440216085 0
-3.936641824001977 -2.407809715519658 0
0.05297469784387479 4.78540665186329 0
-3.746568844960012 -0.158049416813423 0
1.702533179366744 4.469276118628341 0
4.484351113767841 -1.65412456883288 0
4.752887785872944 -3.151156018955067 0
-3.05902164698548 1.242182401440966 0
3.439524864382085 -4.175347103671024 0
-1.606645878160238 -3.678512653388621 0
-3.12550503155814 -3.417522279899289 0
-3.817935629619805 -3.878246225435602 0
3.178186136589123 -4.181341037261448 0
-3.471846537668593 -2.716350218227333 0
4.299388656075928 3.985172205881675 0
-4.76255804984355 3.677632069381178 0
3.670671034635573 1.094121413206767 0
-2.059119841545893 -0.440385826547576 0
4.316038685916481 -0.6805064600671403 0
2.72425087432481 -4.273338671939496 0
-3.761458930313228 -3.470041958376167 0
3.077496471021265 0.009521763573988345 0
3.264592272215625 3.435801206091476 0
-1.602671486713083 4.495778802845616 0
3.699522121657367 0.7680794335586022 0
2.434362189644494 3.098932956137598 0
3.401278390988615 1.799985058449173 0
-0.6580360846996663 2.334166600849422 0
4.259725505679205 -0.9626560122528647 0
4.367215468564818 -0.852605097617918 0
3.756636314223222 -4.256573781808741 0
1.075629583566641 1.91206399909412 0
3.718967277020611 -3.952451064857791 0
-4.774631139188662 1.778404412015633 0
0.38893287837257 2.483332756035674 0
0.1021515758291815 1.377578596543139 0
-3.948159226853933 4.785332329914759 0
2.099514716293813 4.25571151018848 0
-0.6793392738586681 4.448972619918546 0
-3.150284145040562 2.07645745095048 0
-1.445162571582127 0.6555242044451065 0
-3.275931752095466 -2.994418512268805 0
-4.673156946778825 4.121815877749146 0
1.978773566581434 1.281242318159848 0
0.08480995810808088 3.949148150967736 0
-3.894811940588252 4.158611237344175 0
-2.565681336566323 -4.464575088640255 0
-4.651973661363697 -1.105464138399858 0
1.560647780832466 -0.0178910756781045 0
2.741016956122289 -2.00141764643614 0
-1.103044165490934 1.975565341257693 0
2.313747059357838 -3.284660024862256 0
-1.081162552202889 -1.072012131510976 0
4.246531289074929 0.9789734954222727 0
-4.156679447151745 -3.647179412194371 0
-0.8625082917480393 3.016654490417294 0
1.151886137482938 -4.785180461242176 0
-3.438263525360708 2.582707308093049 0
0.9301478167100289 0.2595287529304732 0
-4.724885806524799 2.808114060258287 0
1.506533759601418 -4.731361903359746 0
-3.185059056162904 3.55588053016915 0
0.9120119844701773 -3.659084548763599 0
1.751686746626064 1.281094563448228 0
3.852440272707736 4.679714496171493 0
-3.925201868677685 -1.310067909644066 0
-2.874780136334904 -3.713545317741906 0
4.752667464239447 -3.935677018235784 0
0.0431907505347079 4.19063348698239 0
-3.48750396377484 1.032859784384277 0
0.8508224221752816 3.259276056258098 0
1.681659182145692 -4.344864836312198 0
1.675335714690196 2.689752543004985 0
0.7466387412999104 -2.76188884291278 0
2.985915920247647 -4.712333881756894 0
2.46224285017233 -1.114562570875804 0
-1.784963048076055 0.5009882908832076 0
2.28020453283924 1.274420344637691 0
-1.980872616614175 0.3857637300377975 0
-1.330559621215626 4.006977545535497 0
-0.1269993317755769 -3.95306137663433 0
-1.962665649048845 -0.9320981887704722 0
-4.572848352499548 -3.649232859819671 0
2.26453712614542 -0.01189783599927816 0
-4.31063691984995 -3.012250096636663 0
-4.349271337648883 -1.491061329191445 0
3.207418756655075 -3.48973739563282 0
4.294865754117461 2.302907085135566 0
-4.456123321613871 0.7726135956903059 0
-4.77840183527 -2.801001442963809 0
1.674250430861395 3.517771827775586 0
3.926670227677318 0.3526173238789205 0
4.282225059181852 1.348544950681269 0
-2.414066344436303 -3.203928736385786 0
-3.128329675702699 3.041787197140445 0
1.825273578645084 4.671027006872809 0
-3.340958031227944 3.2766753457547 0
0.859605631337317 4.801248296079324 0
-1.463967037131122 -0.1499753007133077 0
-3.996517181045307 -2.993201061566404 0
2.570313642661998 -0.03709221838057646 0
-0.6223330172496093 -0.8275206318876962 0
-4.603500921423215 -3.212729406328402 0
-1.52256394048121 0.8661608484941791 0
-4.755814633779153 0.7643002420860151 0
-1.961880528424743 2.853721281253546 0
-2.458108736241135 3.937089852450752 0
3.784411735932753 -0.07010506968436234 0
-1.334429372663816 -3.228115594497813 0
-3.564922275300387 -3.778828499755385 0
0.8484467869613195 -0.9914244180386889 0
-0.2487537634393459 1.197340023038086 0
-1.210689529942024 3.804581956614282 0
-3.198319583182096 0.2018405799938951 0
-1.553842136299743 3.608559619041984 0
3.939826063793405 -4.3646698932144 0
-0.05506677906114277 -3.623664832816024 0
-2.26589121327243 -2.806469683857787 0
3.537869857275328 -2.711292180079365 0
0.264971723457859 -3.127119089604628 0
1.07717845869167 1.538958195348739 0
-3.182701754017489 2.730218542387231 0
-4.394566942759949 0.433900510059191 0
0.5405182655715017 -0.4257273800020363 0
-3.636224704147241 3.760123106451624 0
2.2570495671264 0.3205206631026409 0
-1.277726174113106 -2.012550423873708 0
1.027227740945832 -1.795830016474322 0
0.8874022923504544 -1.392752736398354 0
-3.681373508952363 3.00129187195166 0
-1.496982861727128 -4.7352750553245 0
1.901580896101639 2.187101195970352 0
2.628998856800136 1.078539839800549 0
4.125854682822625 -1.972949774827776 0
-2.449075197536311 1.872874928848014 0
-4.515848227232457 -0.4181619367571091 0
4.762088175445273 -0.3591430548885615 0
0.4286274606146646 0.2402786336712996 0
-2.212675331134982 -3.211804678438654 0
-0.5409533505616029 -0.5676193415244191 0
-3.77944763763961 4.368857756136066 0
-2.849070723516095 -0.2750144921263332 0
3.927814029798347 0.7554835761954636 0
4.64728988064088 0.607271700367671 0
-1.810174192750573 -4.370347107696091 0
0.3010508899782795 -3.781975993945699 0
-1.955191288568164 4.322067480745993 0
-0.5505798994229363 -4.448634728184595 0
0.692669052091394 2.941642439044821 0
-2.498957751151436 3.310157403994992 0
-1.80308197793916 1.499560062258601 0
2.356336532379657 2.663032909604836 0
0.6909864588575813 -2.437693467940111 0
3.820726874839709 -1.321596962266478 0
-2.248149361660341 -4.001949636111117 0
3.926638483221813 4.010974908058134 0
-2.182430237955332 -4.765249426112732 0
-2.492008887926362 -3.722870469834085 0
-4.455436828375215 -1.990091011216545 0
-2.838664505574834 4.825048469470977 0
-1.453766464618562 -3.280625871228136 0
3.472429391788519 2.761740266793516 0
0.7184761513738193 -4.378528410425682 0
-4.365100236800459 1.088105946582868 0
-3.864210129176938 2.59432358106083 0
-4.377272959209293 4.059535523141139 0
-4.781958251519644 -4.782283092348347 0
-2.544370204020401 3.138559189018138 0
-0.7459301576772374 -2.500102839963857 0
-3.407937664847577 -1.083560531076358 0
2.16057916106774 -1.357201819800723 0
4.388256945207951 -2.515365279435116 0
4.127798623615458 2.040103047771868 0
4.322655525110092 0.2315687711512285 0
-2.486261156318902 -1.725706705658086 0
-1.466520720569165 -1.409607445651932 0
2.884348576630196 2.555066299770975 0
4.761049436613781 0.1993052056493649 0
2.52569031090349 1.248909560107284 0
-2.430291694870929 2.187893420014163 0
2.223098345696451 -4.220703485225732 0
3.393370758370495 4.6470354617839 0
-3.103224156062189 -2.162219044023561 0
-1.908773371934062 -4.177143893157734 0
2.385187355894686 -1.584951247604284 0
4.33213128874732 3.532865632607536 0
4.715056913848149 2.765711613374793 0
4.573458958416648 2.912540825248751 0
2.552503903594625 -3.638481725195045 0
-4.634884753763479 2.057829276115037 0
-0.7607540907299808 1.346704091010397 0
3.358282125757134 -4.547925872813195 0
-1.995005089862208 3.727487779874879 0
-1.858262291427008 0.7072896932478647 0
4.760632540965705 -0.07621906229804945 0
0.4886526600395329 1.836006358400474 0
-1.480194473399119 -4.042422029082071 0
-4.441708379329296 1.798430629398683 0
-4.361519075464905 3.150000002913376 0
0.4332702090103669 3.959445388939547 0
1.066236270008518 -2.779643620700707 0
4.404715640737638 -2.943781137925218 0
1.701822936174014 -3.085618785336746 0
-2.134444452145241 -4.512859365036362 0
3.053239187677932 -2.535824792315577 0
-4.835014219754252 -2.3516206879495 0
-0.334443893771361 4.630703769531456 0
1.092523390218516 2.090463863502205 0
2.581944488411073 -0.4216647454676854 0
-1.131753850466358 1.315586537186225 0
-2.512491841524264 2.997683939190474 0
-3.60837063217474 0.604666867473977 0
-0.44684700033665 -2.348939384326123 0
-1.331817695221219 0.2592076076103115 0
-3.222047064766218 -3.967046538884321 0
0.7178818725753933 -0.03772492697679586 0
2.281294849915527 -2.231316518559025 0
-4.234290753890019 -3.161253946502731 0
-3.303183489066681 2.082567387204911 0
-1.837849803750341 1.080610979874191 0
-1.671873081104431 1.236874179981669 0
-2.999665205876255 2.924080026870331 0
-0.2729850631787724 -1.202917159792005 0
0.01716625027554065 2.677586773113124 0
-0.2432196992598994 -0.5675271604479892 0
-4.784962377563143 -1.778493774697429 0
-1.031750368606936 -1.285145038386933 0
3.114690148622758 -4.486272625402154 0
-4.192573752070729 -0.9093901027875193 0
-1.300297420728532 -0.415622736654165 0
-0.8981775038513606 -3.599598713281998 0
1.865897294672089 -2.415358227691836 0
2.494571375226284 4.578635263581511 0
3.995147642412447 -2.797267785984623 0
-3.928460208718682 0.3036607270088964 0
1.322483106633882 4.378890065780087 0
-2.823515996145573 1.821209476495522 0
-4.486486236911603 -3.038644992624111 0
-4.820041602310103 2.320776911031629 0
0.904136842507941 -4.75849890451146 0
-4.827505828045439 1.009498078579266 0
3.941552259253195 -4.807393996693552 0
4.170802856433483 3.680364528993734 0
-3.072116387920063 2.358479171086679 0
0.4363930892315297 -3.508832929853869 0
4.774037966859907 3.508484399010758 0
0.2761587571075275 0.7028714880821383 0
2.19755307567421 -0.3840873065556754 0
-1.181875757446934 -3.56497017035691 0
-3.967357434711497 -2.760405994089396 0
-0.695742734861583 -3.140653780676888 0
-2.20892900948287 2.179444294742272 0
-2.493466560315114 1.487372154240583 0
-3.783755927651742 -3.142496575269615 0
2.583773861815566 3.568757796190196 0
-2.341195301642363 2.708155187259615 0
1.540960206179391 4.855449079696657 0
-2.308508870701322 4.514239310304951 0
-2.89116641044955 -2.937834262994735 0
1.175113327997947 4.044355207995694 0
-4.883974420475474 1.901396996116361 0
-4.67499043162271 0.3443910693538078 0
-3.484148457583108 3.580326958670656 0
-4.483148371880882 -3.820309044858179 0
-0.8642075077077553 -2.099308797301347 0
4.306232751633501 1.831963138792287 0
-3.208323155733373 -0.6211773167016695 0
1.147420915704209 2.543154310782547 0
-1.567319922554749 -2.266091499815404 0
1.020546552931197 2.731371406424323 0
-0.2547746697701161 3.852623277277818 0
-2.367845279805501 -3.560726004284596 0
1.060336674283841 -0.3465277088746176 0
0.1278541216029037 -2.613493492216103 0
-2.483620359306741 -2.864197560804195 0
-3.896111755085846 3.474943165217348 0
-1.736896077418308 -2.10965464838024 0
-0.1145447025433248 2.210497083757458 0
-2.781536533638836 -1.308438822188026 0
-0.3782441541395456 -1.672446879916354 0
1.747439332981299 -0.3745872244406045 0
3.339872422126556 -0.3622877441213227 0
-4.572752098684501 1.235586200818014 0
-1.749092258815699 -4.763842320930149 0
1.10695131515344 -4.288729316806595 0
-4.760891036350686 -4.006800412579839 0
-4.827432848399286 -0.3657246722260115 0
2.917464517662939 1.881741016090368 0
-1.618259968471548 -3.092022096561476 0
-3.712925734394664 -2.965065868707077 0
3.893974424711237 3.465477083202984 0
-3.413006449074709 -3.317746097644962 0
-2.468046259822198 0.6181195114549914 0
3.613038171807475 -4.16731710620757 0
2.914489207815929 1.484236438866292 0
-0.183375727393675 3.439412779520569 0
3.191626898640446 -3.009021463830229 0
-1.995189400023526 -3.874892798008172 0
-0.7757508153411969 -1.619359692190819 0
1.884894935622761 0.2788256037123407 0
-2.587013424296643 1.131040244174963 0
2.308252463189985 -4.467058680374916 0
-0.4542622368007959 4.81462443807948 0
-2.018043215726271 2.520523051039852 0
-0.9467510082385114 1.435905428447351 0
4.21834631650221 -3.572715717805584 0
0.8685089255595976 3.046047589374186 0
-2.03390140105765 1.455125131621336 0
3.08344926940852 2.050553991217209 0
3.070341920705537 2.919296314190045 0
3.757164062829652 -3.545757761925264 0
-1.170965628612578 -2.382497699620913 0
3.845538978927559 2.496614439468589 0
4.378662294011573 -2.08616858714666 0
3.237851277202417 2.342626960692485 0
-0.2230752226127948 -3.208772712068229 0
-2.115784835899048 -1.77033840732154 0
-0.3973905734618421 -0.1956946329343794 0
-1.581843552841417 2.281326290882776 0
1.431344515342611 -4.00654169458339 0
-1.635473815768788 3.849892052882151 0
4.484858432466301 3.909876536827494 0
-4.171441399639766 -4.878015871684124 0
2.002998000115268 -4.218288927505514 0
0.735634812228867 -3.615482621970821 0
-2.172251496120893 0.9465212805152987 0
-0.4478921303852027 3.417831128178217 0
4.53393217090252 1.213625309011462 0
-1.162624015445064 4.459935225888177 0
-4.072171022990533 2.10594210644465 0
-0.02151264331806003 -4.752497643097787 0
0.09876355013450472 -1.126233905443673 0
-2.043655192202835 3.957515511159041 0
-0.3227363969424106 4.196044297484962 0
-4.579491389545193 -3.97513933775065 0
-4.284864328007478 2.249857844856578 0
1.143978618738979 3.629566098166749 0
4.008164242474515 -0.4899336845296501 0
-3.025219646039715 4.444046148554019 0
-0.3475456295326962 0.7888421610895544 0
2.286422931918563 2.098121709348866 0
4.713891585153948 -4.849029136448657 0
0.2850924845247327 2.739870990206711 0
0.2833512865751599 2.919304064013913 0
-1.645319670673962 2.539109139366004 0
-1.763225442775223 -1.682132808636931 0
-2.899434606948513 0.5077204921082221 0
-0.9311929691481337 -0.4793168917561719 0
0.4126309522991149 4.804283960240733 0
3.889219942569138 -2.355625599313226 0
-1.883826553164461 -3.153178718639002 0
3.516406238965607 -3.251434404833961 0
4.849218348287978 0.9377405349761244 0
-3.865220956418966 -2.902367682263617 0
3.476621997961058 -2.213263956170898 0
-3.512152657910518 -0.1636320583828366 0
1.144296465627196 -1.332016585293734 0
-1.427805459066909 3.16449245118973 0
-3.619390257427115 -1.76436609249228 0
-3.06499767271844 -3.053568464115287 0
-3.895382131121847 1.078401650691488 0
-2.399125124670716 3.690779234077125 0
0.4267269898776528 1.658022290697994 0
-3.297177808316254 3.102894715593664 0
0.2990714799430523 -3.370237699238225 0
0.3836581146428021 2.641430090567533 0
-3.907238005021811 -3.71592076387749 0
3.56502659917434 0.6397905814756309 0
-1.816528592607299 1.92892039389134 0
-1.984751776771494 -2.190989413631351 0
0.7252696572112969 -0.8063919686431376 0
0.8033173105439499 4.617386003252145 0
1.535125749500855 1.697908919871581 0
2.35035873868959 0.7507767883280347 0
4.737675574795196 -4.675265732925991 0
3.141027145266202 -1.714051494330665 0
-4.082028133246085 -2.478602123134872 0
-0.7204685086069547 0.6475531627089977 0
-1.727090661294309 2.791896315584182 0
-2.546802730564041 2.561378718285184 0
1.144603104371279 4.269323665641251 0
1.960444342768349 -4.56293296880123 0
-0.9257047641299391 -2.328419885626713 0
-2.171460595282297 -0.7145767936076484 0
1.86929593433079 -1.598388304709088 0
-0.3207327973692223 -2.739528452977709 0
-2.808231846847105 -0.5176355980581999 0
-3.057780375070789 2.475509333097571 0
-0.9891675038151606 -4.763663884524728 0
-2.388861349908658 -1.071375801321653 0
4.790334857567793 -1.870447509896457 0
1.648217273282592 3.143498654630667 0
-4.288811770398135 -3.838200780866603 0
-4.168073013473542 -2.889954485709773 0
-1.029006199561436 -4.48104442119214 0
-2.634614885403383 -2.525232689483237 0
3.109373036063857 -1.017880531867976 0
-3.689930215889734 -4.170027985055243 0
-0.8685232505025512 -0.07663193169562423 0
-3.736336866080151 4.831505419496732 0
0.1924849083007287 4.494845358409857 0
-2.823488378204205 -4.785717722365561 0
-1.138681576331444 -4.067973719228927 0
0.4115101886697441 4.608894573976041 0
4.342064033147184 4.179859239225644 0
-1.209093083625056 2.09862810800104 0
3.578041334141134 4.155838817479803 0
-1.021019083059573 1.348343547921925 0
-1.338110007068572 4.68208527064957 0
1.166456763118312 -0.7615548139721416 0
2.291596575935975 -0.7236920691518486 0
-3.332023838190057 4.721217346678553 0
3.862184901950111 1.116721796623282 0
-2.80086242368651 2.733787316800439 0
-2.777587091397304 2.847009499299083 0
1.226419039096206 -3.137894713910245 0
-4.480888006593719 -4.45900174800781 0
-2.686586400446533 -0.9260983728771763 0
-3.193792064699032 -0.03327563290272152 0
-3.063462236229398 -0.2111448222664853 0
-4.75050490315032 4.383148487362551 0
0.8482559732455358 4.00776638889179 0
4.158436240504134 -1.283214150273639 0
-4.314526265893631 -4.422392206323934 0
-3.259765625555478 4.50928196639545 0
-0.04675685083678793 -4.447210330446407 0
-1.922542310807493 3.527882084952249 0
0.2078786749810737 1.915612780108139 0
-1.175530901419879 1.551338020089761 0
2.089542476768125 -3.662527187182691 0
-2.740385389370231 0.8926653759335151 0
-1.2006035697135 2.332889093663785 0
3.457827303078489 -4.38152877812847 0
3.520012790282475 1.998912132722663 0
2.290698003163222 3.842049858799679 0
-1.214190715740685 0.3949931899977387 0
0.4283545424570905 4.187599316747568 0
4.774739222345355 -2.286371977414273 0
-3.429103500130078 -3.638261544651161 0
4.138876367002863 -1.782143872533525 0
1.846088541215784 1.629722241158096 0
-2.690651733218732 -3.437089294023511 0
-3.688636327890391 1.768534465915118 0
2.693766419581278 -2.392594409306774 0
-2.437060007335073 4.359151207804727 0
-1.732674997006004 -3.931583915341412 0
4.058525816764877 0.6056825121297509 0
-3.181609422293326 -4.365593993987843 0
3.439941030087064 0.2820034457183014 0
1.325215571556005 3.206056688593507 0
-1.223005053337872 3.251019574822152 0
4.363459476150839 -4.168416392792023 0
-3.253268490930831 2.836162522389572 0
-1.840958229268502 -1.184517662423209 0
1.560946360918255 4.088994935470422 0
-3.990025574754222 -3.377197748065415 0
-0.6535218750116902 -1.043913678868707 0
3.647518013797459 -0.9894319897447609 0
4.135244644206036 2.919257373901322 0
-1.473566860555857 4.334454273500419 0
-1.406420612181706 -4.345166622419216 0
-1.447410474849808 -4.532652381157359 0
4.066684160933889 -0.1406248961739197 0
-2.132987100986565 -3.003884324845537 0
-1.404007206445633 -3.749317225100028 0
3.768457322721926 -0.4590989588187013 0
4.129796156597374 -0.8968204014309669 0
1.359507947610694 -1.480581308866472 0
-4.318777211330862 -3.271721180420894 0
-1.510605139617205 -3.677335547870481 0
-4.879423578940016 2.038501837664928 0
-1.291401557062163 2.784905381826165 0
3.980659142982327 3.651628370725405 0
4.768472812599041 -3.545553149015444 0
-2.132665241408009 0.5435717808176865 0
0.3768872591822974 -0.9525874122499806 0
-2.192786646034456 2.426490616790676 0
3.22454007769057 0.4661890075773798 0
-4.847457620109735 -0.0932341139975703 0
-2.48001654887601 -3.384005058285851 0
3.263663139930803 4.302297108197214 0
-0.8527021821205978 2.211643351011695 0
-3.343311713584337 4.12339357374244 0
-1.645091842100854 -1.871340182268056 0
-0.1121733118910746 3.168397038239671 0
1.405400368736577 -1.087670387913471 0
0.2564964243814183 3.514245946599886 0
-4.249634044588017 1.535382431811332 0
4.659546556209789 -1.569393472350299 0
-0.9004859636466742 -2.758062819581829 0
4.390026247437675 0.8527230510110869 0
2.961334112322903 -3.952951070857756 0
2.260747388798944 4.693186559018211 0
4.786238308591918 4.515171408730076 0
-0.203787962263321 -0.2882648778055657 0
-3.437134225110441 -3.961303306857782 0
-0.4258298374191127 -2.095668332024481 0
3.670148257050372 3.518634628018015 0
2.93644805167999 2.408720584976686 0
2.76877276500144 -3.467185413475428 0
-0.5049695416037243 -3.512832952547459 0
3.888646172457726 1.384706231713613 0
0.8463667074952679 1.551585555338674 0
-1.402343719691311 -1.827860334240734 0
-0.5447636734299819 3.776591764387986 0
1.290227492177605 -2.075396325599901 0
4.811799015695404 4.103744902462735 0
4.063321024793538 4.348051508240129 0
-3.512294302003221 2.969569027905895 0
-1.036261004391061 1.540255096381922 0
-0.7906585922157671 -3.996575394009397 0
-4.074875033829478 2.501211173269908 0
-4.260993120899922 2.609902374167774 0
-4.598557245963791 -2.809058155276624 0
-4.628488222076546 -0.06237477872468765 0
-4.150708883546148 -2.135452236233053 0
-4.833932835091082 -4.230652337560494 0
4.44809011528899 1.360430910880787 0
1.073804338473776 -0.969013751962113 0
-1.005583323229126 -1.721505380883561 0
-1.895119391415085 2.195054133151962 0
2.006348468090027 -1.843860251257297 0
0.6269591659497125 -3.995732977122674 0
0.09309961581736428 0.9907262949302422 0
1.984317017522949 -0.02636069840538192 0
0.9395251927091162 -4.520865032553336 0
-0.1084952435833212 1.87476402364398 0
4.838942847922166 1.767849578166229 0
-1.047272453940516 -1.963975923470205 0
2.584978828888773 -1.525009827919495 0
-1.513377739302604 3.983696762558278 0
2.898044505965684 4.811492606182578 0
1.266276641509243 -3.559699696359982 0
-4.122028430498617 -3.466886916369418 0
0.24761554020619 -4.796143813672865 0
4.473984385191979 4.293866606262357 0
2.100030086658621 -3.831354069100865 0
-0.1065780221006756 0.1232642908894879 0
-2.064128733219839 0.7358095336957499 0
-2.995813021411899 -3.265194910167063 0
-4.308729576842938 -2.595039104095914 0
-1.489466559728689 0.3197171092452044 0
-0.7578122718634053 2.82375587534965 0
-0.7748778944564118 -4.821694259839649 0
1.470352072648874 2.756813710492072 0
-1.693339340907339 -4.046695714599934 0
-2.417139466363297 -2.430145643861367 0
-4.812512555006156 -4.507412045439693 0
2.066516998279282 1.55439169056128 0
2.233141218971603 1.598520521597274 0
4.483223007084669 1.901863362200914 0
1.677242313281759 -2.289301228135208 0
2.709741992770822 -0.7858242736201322 0
-3.641330342461079 -2.716288382216516 0
3.197596025722066 -1.224974742804103 0
-1.47538154891154 -2.642151236949672 0
-0.3408191154671099 -4.004507235212611 0
-2.553398903413519 -3.072614256825943 0
0.1672101353862014 2.648035917748104 0
-0.2923828486555289 -4.382865086495371 0
2.507747911230189 -3.165006896862421 0
-2.947799239169975 -1.772457699120427 0
-1.93549990388408 -3.393376279018842 0
2.176111902870004 -4.831072258907844 0
-1.238400257715955 1.686811816419815 0
-4.777702839304897 -1.552898477649351 0
-3.640639633578023 2.166275761877061 0
-0.131956391467914 4.267871844051329 0
-3.857073219641137 3.665382436045866 0
0.8690755928111654 -1.949376331210672 0
-1.549252106200512 -0.9209721788447178 0
0.8598923287417506 3.609326550034475 0
3.303235708135105 1.657760014219219 0
2.687267586316965 2.849318201904186 0
1.89419601144932 0.966830168446301 0
-2.854693268939202 2.955539727760492 0
0.5340133595867332 0.04970660985884595 0
-0.7178214414942139 -1.421616195651065 0
1.806093703244191 2.853009114559318 0
-0.003157282122744699 -2.236316540234414 0
-0.9245753055565908 -3.249904940838867 0
2.5023000072108 4.328788018873708 0
-3.969574277358676 -4.391856694600251 0
2.170614647522525 -3.042727107298493 0
-3.005702907789602 0.9918744663436261 0
-3.504088986827492 -4.141905256335599 0
1.420822913934227 -0.3583571161607811 0
2.593004585121299 4.883423044689595 0
-4.800839690006547 3.91397226452525 0
3.65098878389278 0.4254031461741588 0
3.121686162840299 -3.807544903338574 0
4.758032889344953 2.637072340556786 0
4.830058121082379 2.528458197736392 0
-3.575549244503694 -4.477019268866058 0
0.5469433115238583 2.278201271837339 0
3.849357510939225 3.814410298112763 0
3.829679119836916 -1.504929869453569 0
0.6646718120822959 -4.794742347528095 0
1.403188073535234 -0.1543706829688629 0
-3.24345839841608 0.8194498545314011 0
4.535339732735172 -4.255150980348782 0
-4.808992950330147 -3.172037821067555 0
-2.639034720534392 -4.003815989393929 0
1.256899542142291 -4.632436687385381 0
4.200449097503194 2.715058964604635 0
-3.857377441889615 1.599358827715655 0
1.551469152555498 -2.686371832017157 0
3.210847079130967 3.191772900122649 0
-4.511267150496706 4.785173798052416 0
-3.10736262997069 4.054262603247033 0
-2.350643496135246 -4.358871920513359 0
-3.987136828109266 -4.819482630772184 0
4.543294872437181 -3.083593235013385 0
-2.703475104823996 -3.621543464116392 0
-0.929525477653363 4.041898671646235 0
-4.48625012278495 2.873905344929286 0
4.062574992711332 4.797582854472271 0
3.847706339685542 1.731227478174835 0
3.853724953474919 -0.7725167492417193 0
-2.96356089655144 2.538332283589321 0
-2.827888358384203 2.476289589087534 0
1.386676254917185 0.932967387933894 0
-4.155629652571581 -4.522716630310136 0
3.995431296804551 3.29278295756454 0
-0.9583161829508108 2.632148583455513 0
4.533942429339585 -3.876537251333933 0
2.747610612417293 1.121301133196057 0
-0.7269693811677309 0.2716231004112603 0
-4.513490468481288 3.638747379754866 0
-2.611170941593243 -1.942053855930136 0
-0.7085790755580321 0.9931312130230701 0
-2.084968359931606 -4.187605232883003 0
-2.748940150857377 3.3850609152418 0
2.725739046860099 -4.595570440685608 0
-1.108440886221361 0.7142256199875485 0
2.866463191600729 2.991977569619329 0
-2.229793756834185 0.0197412667646578 0
-3.90894139674514 2.236361172566306 0
2.926866199694912 -0.2022095946829734 0
-3.231159917793541 -2.648142286486952 0
-0.5331831925177819 -2.782856913421148 0
-4.865810151512515 -3.687362192999187 0
-0.9928058602348677 -0.6702962816067117 0
2.835691623991953 2.277225613079864 0
4.55826463358181 -1.885754216898563 0
-3.667725760987163 -0.5908732666152168 0
-1.245637438342586 0.93561673725849 0
4.7724955229367 -2.712858827793752 0
0.8080125951773429 3.443117999010552 0
-3.550149565303577 -2.151399793878338 0
3.40652751310573 -0.8020355590372835 0
0.2560069665228954 0.3566507285882239 0
3.373473999324741 -3.876113461168833 0
-1.862439512495871 -2.58924865103626 0
-0.9976467700951704 4.225729272465184 0
0.4531822350337629 -1.881583136425752 0
-0.2688065992736497 2.543214259825904 0
3.30242515676083 -0.1563301731342089 0
-0.02396849444726154 1.75747289427269 0
1.080512559528655 -2.538355077049923 0
-0.09644188987298133 1.340755698662691 0
3.851061113693481 -2.072996612551209 0
-2.982321133145319 2.297816348702939 0
2.922399803844499 -4.133751097890659 0
0.5250327925109618 -1.178156849757615 0
-1.730334008403754 0.1138903616569181 0
3.014324118842568 1.780372780960447 0
-2.297259914785662 -0.3062176592958274 0
0.2116949006949898 4.304395808234122 0
-4.824825040603566 3.049829369357818 0
-1.419759458679503 1.475733799646529 0
-4.021991358939029 3.787154737821233 0
-2.231981242578349 -2.557218552056941 0
-3.176285100686265 -1.460119813336478 0
0.5819757333846409 3.016236054284516 0
-3.380649719814343 0.6079531158157082 0
-2.830468739951223 -3.923661247582305 0
0.2692327794026856 3.291873138651064 0
-0.5694883241262075 4.117182667043125 0
-4.470820124348093 -4.140998164351632 0
-0.09145884672556918 2.532495277621643 0
0.9956915196676447 -3.832373460645099 0
-0.466332493692303 4.488079974175905 0
4.824565831905899 1.427026147534286 0
3.032703311225413 -3.175369613624289 0
-2.994746987573136 -4.092759815605191 0
0.2400767954327826 4.854464708178269 0
-1.739034286996334 0.8675782142771303 0
0.1412742712178018 1.537953552612265 0
4.913527901534034 -4.877753047200655 0
-2.923583429394071 3.150379525429836 0
0.04833542159215392 -4.0374952283044 0
1.415261230494818 -3.896781652448644 0
-2.785018226333354 0.1285928896368734 0
3.136660488719838 0.8497304807149954 0
2.610188623253345 3.241358962479074 0
4.345851263248803 0.4707350369332445 0
2.893154834379289 -0.6983485762507042 0
0.06920267161483916 4.60783648061661 0
0.6622112618114872 -1.515106965845257 0
-4.063099840990415 -4.210083117532961 0
4.556890396457249 2.536769171057749 0
1.052951383608718 -3.495249218569747 0
4.128545674721378 -1.164823946495125 0
-1.302220582747224 0.06991564457751379 0
2.891910053691666 4.420464448341527 0
3.174339240103707 4.119449998135893 0
-2.613402685553982 -2.719600635499147 0
3.560896742907423 0.06208629024222412 0
-1.769779252539802 -3.002984966146294 0
1.416803332091015 -2.424028557346613 0
-0.3668413521948637 1.632961388419553 0
4.844276004658084 -1.64254057873746 0
2.18358328640035 0.5923500708153313 0
1.835302046428521 -4.840611195606718 0
0.2085087927572147 2.261403510056287 0
-1.813470795446356 -2.803005461939923 0
1.262893967714628 4.622324016742722 0
2.323890884134639 -3.456592709612007 0
-1.279753834487669 -0.6405233512328692 0
-4.172258411785354 -0.1992593718219725 0
-3.608172440358138 4.430721583459555 0
3.323050327342779 3.701904072605668 0
1.155466446334799 -0.1446162411446426 0
4.592391572633659 -4.63574848403587 0
-1.052218393636134 4.845134920189086 0
-4.447833244636147 -3.541686834364006 0
-4.084865866193994 0.4634436490103989 0
-3.485402656381124 -1.496516010741673 0
0.4151806094574937 2.079722397501283 0
-1.493765405650179 -0.008915797628370964 0
-0.260769456018468 -4.819576660463905 0
3.813679488100502 -1.690886332783912 0
3.864365307021557 -3.419968138218204 0
-2.146732951926324 1.937833018898378 0
-3.33550692753364 -4.674759413100952 0
0.2580733115362075 -4.402288521883567 0
3.368536802408828 0.6811641868388314 0
-2.397745351312034 4.17427866801444 0
4.529207233684712 4.814643191940768 0
-0.3215399001078098 2.779613661963104 0
-2.798923092516453 -3.288168771345204 0
2.372252682429365 -4.857682740018708 0
2.258865533081654 -1.17470689503656 0
-1.627698005914556 -3.760412920470671 0
3.989131232287708 -0.6808550500486412 0
-1.581824189379696 -3.856900105001553 0
-4.227925304354931 4.489138434504007 0
1.705489870795214 -3.789798957453118 0
1.456105055042327 -4.648468237957938 0
3.709839019391629 -0.2853750218716873 0
-2.601569959724867 4.432192986784016 0
-2.528912772501448 4.731442591062312 0
0.1742056512639972 -1.293077932963564 0
3.182868037616745 -0.4946888441393151 0
3.760468715392565 4.136555497186618 0
0.9432106318862707 -2.415803570580379 0
-4.008871670310088 0.831090020716484 0
-4.386003912447089 1.626330027048223 0
4.133665339871848 -4.450782025593618 0
-4.668670978016858 -0.3759376697022388 0
1.9901876179637 2.926479608502392 0
1.912491553577447 4.831004929771293 0
4.138445892547539 1.372127332383434 0
-4.0650545530866 -2.771573289133004 0
2.026130668367712 3.18787073747086 0
2.785424488499137 -0.3905743231753261 0
-3.680833774746467 -4.798280363196066 0
-2.172922050498222 0.3539501694763416 0
1.681494218891355 -4.656920462665169 0
0.3401076266162952 2.308110695735714 0
-1.742895380626401 -3.604639679308776 0
2.080230012534046 3.510318914916869 0
0.7982285460664611 4.165622801196834 0
1.414570935297334 -3.013258579307409 0
4.830936131302529 -3.712040001037319 0
-3.699700111461564 1.113499397635717 0
-4.789717701063688 4.808333483560775 0
-1.564954383175208 -2.461975095240405 0
-1.0199485234079 0.1024162056337855 0
3.64869957123737 -3.995745672311465 0
1.054090562217568 0.9113816928602061 0
1.918616897624556 0.5683210351153959 0
2.412505773986445 -2.781755624332209 0
-0.9963831961895011 -3.993984379684729 0
0.2121129121355869 -0.7205755430464393 0
-0.809702917864443 3.203238381008262 0
-1.147043640262952 -4.331381934405226 0
1.909418028175409 3.888629881470053 0
-3.319372762489441 -0.4614406296429072 0
4.049903702278447 -3.662091642806072 0
-3.234158927103048 2.965335592964175 0
-1.472195496875465 -2.97937025360346 0
2.982000480267577 1.989927471974252 0
3.060535728418382 2.167300596305756 0
3.114505743021458 2.293745979379208 0
-2.50904952874588 2.365281433486473 0
-4.446127615012428 -1.277030915405887 0
4.852714660752426 3.303241162834545 0
1.208232505272262 -1.127873613490985 0
-2.042089227268627 2.678816060507986 0
-1.367821231992409 3.632255517683808 0
0.8468026131504977 -0.6748987716048329 0
-2.434200339351889 -0.6509362722270516 0
3.813528823581735 3.130242886006507 0
0.2583399954933329 3.880050416707037 0
-0.4251496244462598 -0.0007024776990117122 0
-3.771284038422754 -1.045972628158546 0
-2.375470855838171 -4.128944246683025 0
3.526526068971801 3.369336378372521 0
4.836413008566439 -4.35454611126626 0
0.6872835643794061 -2.140272328578594 0
-3.496299842276194 1.471650344581962 0
3.57846698913331 -0.6257273666521413 0
2.654752845722999 3.401061223322927 0
1.064838796576069 -3.029547522884065 0
-4.566604655101234 -2.141974081090864 0
0.6670768599120588 2.004560856536117 0
-4.460587905008938 2.465861085493364 0
-1.919805118125433 -4.491885622904827 0
-3.802195424190563 -4.057853641084112 0
3.678391216565492 -4.572641278431913 0
0.1998714606944478 2.515036655066198 0
-3.052648077270681 -2.623365647176013 0
-3.247533604121794 3.721636988885645 0
-0.6678177645181997 4.804045887212294 0
-1.07409685380469 3.035764858981781 0
-4.737180042170198 -3.705288279447521 0
3.827794722937426 -4.031759302877336 0
3.656346511378578 3.721930599916317 0
1.977112019048449 2.388766944405957 0
0.5201842761214071 2.390482489174856 0
-0.8170090220402997 -4.390277835246573 0
3.606024675200546 3.167384888207795 0
-0.6851478012812299 -2.705506018170655 0
4.195284152296905 3.845880613359889 0
-3.576837665483687 0.2461274477860676 0
-1.324575452926708 -0.2388892047748279 0
0.3773649884319862 -2.406068726446589 0
1.790183782913568 -4.487993050524205 0
2.957966868279893 3.649603447599387 0
2.839489607010711 -1.816800425173738 0
3.26211296423799 -4.829138317722795 0
2.929113669602877 -1.402564856262634 0
-1.50976348421036 1.096137631566031 0
1.65067771259855 3.724317516516476 0
-0.9612547427617657 1.172633678430722 0
-1.90851615353801 0.2185509374285802 0
-4.352138097220373 2.145119923008324 0
-1.794621153850112 -0.8374114056931211 0
2.904041949456919 -2.792406014160969 0
-2.206250217684786 -0.9457076857423878 0
-2.049558133551562 0.001862760403138909 0
3.922583134044336 -3.015382072878972 0
-3.724974316135592 -3.260064866063512 0
2.367306249394074 3.526977343819677 0
-1.030707013091815 3.887347485565272 0
4.1791563721182 -1.443097243299924 0
4.484959355718967 3.128930033430875 0
-1.477070465068546 1.619142777690096 0
2.696782941236582 3.749272919040245 0
4.14123748521165 -4.093103854181786 0
-2.518213495589916 2.014489281955575 0
-0.4845698030674577 3.220868474058058 0
3.466420310960658 3.999034966332286 0
-4.348517485228483 -0.7771523102879403 0
-4.222422038945399 -1.690467095956012 0
2.574502325625936 1.935164493654556 0
-0.8638935960407237 1.985891914584553 0
-3.523936874623219 1.669763260568568 0
1.726730824918328 -2.021774580402186 0
1.645271789898778 0.6582430633128178 0
3.450641318044551 4.843426402508401 0
4.075147574496171 -4.671597059518483 0
-2.129738796365237 -3.881558339560336 0
3.688280013402449 4.827972355202925 0
-2.766670323965561 2.591731747851219 0
-1.686392770924301 -3.245446590714039 0
-1.945620089913047 -3.650642314701678 0
2.305299852496677 2.90611860594271 0
3.846076126906651 -1.189766045980695 0
4.590515724717193 -3.530035893190189 0
-3.819437966580445 -1.92785490037591 0
-0.942767888822591 1.677017221751849 0
-3.780435080205467 2.105208787696923 0
3.142363554073603 -2.106887731944469 0
3.022013432186685 1.136701240557938 0
-4.802978147066449 -1.273845578133666 0
-2.61563732908451 3.403038658983399 0
4.542509881873267 1.519332766268839 0
4.382170979628191 -1.499059840548165 0
-4.889374867235006 2.174704864591 0
2.527181356633783 -0.6540221941498937 0
-2.03342607035257 3.091031595234821 0
-2.236101987727438 1.294403431998248 0
4.006941065506491 -3.887525786332034 0
1.081542135663196 -4.441316229932308 0
-2.585117531161129 0.1171010116780384 0
1.475087422515412 3.111834634363676 0
-1.062486538910851 1.135137261126462 0
-4.144233757904735 -1.126794433239881 0
-4.540566263845654 -0.6720334972618002 0
4.241152863501293 -0.5093723254388672 0
-4.650387730805278 -2.47556592536025 0
-1.33618335323824 1.14988786260359 0
-2.750541336227053 1.489125171357097 0
-3.189412084120193 -4.189182959361922 0
2.617148536975423 2.388522788346416 0
-1.073512766521363 3.397937770949833 0
2.068289760409233 -2.246329631523363 0
3.479913197440296 -1.504736870494985 0
4.125952960996459 0.2307712890830864 0
3.629633086517563 -4.410446649338857 0
-0.01443121360768899 2.374778323036202 0
-4.248499482733301 0.8406316114426371 0
0.7763476066953419 -1.171139049031913 0
1.725286518282618 1.103667375388365 0
-0.5458625583404667 -0.3265287300567624 0
3.022448896011392 2.675012459192712 0
2.674680362559213 -3.848131453440323 0
-4.210964414454546 1.978351674696436 0
4.301897425764498 4.547033517587274 0
1.556887084867175 0.4752886624663313 0
-4.208807752878641 4.768157173062366 0
-0.4449427592888681 1.900502043879573 0
1.231110234436691 4.824903050442709 0
-1.336511058308365 -2.215993224830794 0
-4.202958595643298 -2.31628252060481 0
-2.700150687975744 4.85804649167548 0
-3.23829468695565 -1.809514420115028 0
-2.939633438875053 -4.646860203139427 0
1.184969604771986 2.193009595265697 0
-3.325286392144418 3.606676330807072 0
-3.90455775134056 -1.546923194387197 0
-3.391916976012797 2.859565424092154 0
-3.491933363433526 -4.830252539943214 0
-3.444511489427059 -4.735696924238026 0
1.500998346610509 -1.361079887805455 0
-1.797052119074986 4.236699120078032 0
4.836159190756653 4.845277166615364 0
4.525379218439078 -2.298765372419634 0
3.620025454236462 2.546431340829042 0
-1.53985636849862 -3.459642004760122 0
-2.155099146637181 -1.422355171812571 0
4.458435584300095 2.202645327601179 0
-2.972488260428711 2.652631851480216 0
2.650803517513812 -4.878165852639285 0
2.14313187580415 -4.622486216218001 0
1.712661370388668 -4.015487600227063 0
-3.060157941526374 3.142498747758166 0
1.71778565793894 3.311506342031231 0
3.604137801700053 -2.067470699729661 0
-1.270114488673098 0.5891666380158811 0
4.83868472472786 3.108426011192045 0
-3.92426891214189 1.957039103693706 0
-1.736332037168447 -3.53634549982022 0
-0.7968489766810191 1.741249825124355 0
0.02162468850557753 3.538819002994172 0
-2.181813525722575 2.781125803485754 0
1.288978217692506 2.463895248666111 0
0.1408965274212564 -0.5315431619684206 0
-2.739134541167929 -3.102984424373227 0
-4.808186780056596 0.5206952555746314 0
-3.70188129841094 3.988712057154348 0
-4.275484691917464 -4.258249682628923 0
-2.908523198476802 2.722857754576886 0
-3.440388258100185 -4.444460413406942 0
3.484011589248509 3.024587235733263 0
-4.491962938637243 1.957192865253296 0
0.3997198870880231 -3.675061727235011 0
4.251071991009312 0.6533604628454619 0
-0.5435992069000762 0.873213676146179 0
4.137391101890127 -0.7527929361717145 0
4.50539762338377 -3.307454802054927 0
-1.227013125936209 4.833029990525676 0
-1.918312343718341 -4.861665314116022 0
3.544342358213644 -4.665231037481581 0
3.573733766300458 -4.838175353478851 0
4.850186484970411 3.876331158152548 0
1.902749313329788 -4.076536585689775 0
-2.125279247638162 1.612611708361111 0
-2.887486355955337 4.610077330237535 0
-3.315309100149141 -2.82060638108591 0
-2.350802419159578 3.334815348505273 0
0.7134273173263617 -0.2210537544603891 0
-1.491153099661405 4.618415279249215 0
-4.465346196111903 -3.285486835167582 0
1.436248404206335 -4.868510986919927 0
0.4868469678043907 3.588565279336427 0
2.403092917606532 -3.776290052007186 0
0.8698818294297228 0.06964642592872805 0
-3.264382995790018 -3.356304171514069 0
-0.06775403048137348 -1.480701559275666 0
1.006692596632795 3.969849478434632 0
-4.024254671819273 1.762615110087748 0
1.724306647484171 -2.871777798660152 0
3.893028659344141 2.927635741236974 0
0.1188340797000425 -1.871616031307738 0
3.637360302783159 -1.408586974604077 0
-1.223876655773408 -3.760426631599351 0
2.927124916862985 0.2523868702250704 0
3.620601123600152 0.9307968188837219 0
3.065624903613589 3.873973858042981 0
-3.596202062277817 -2.825680462374931 0
3.070333734227097 3.298718121334476 0
-4.729154736856128 -2.203911895243128 0
-3.898109825015265 -3.133703535332294 0
4.116379019013329 3.965210172097332 0
1.053444742889433 1.193350341926465 0
-2.305391121468937 -1.778852016570577 0
0.1314120980837782 2.381421952924706 0
-3.188433616051651 -3.813130153923699 0
-4.675049481433097 -4.893247760704144 0
3.325018514750961 -2.820253924184719 0
0.9713369682336424 4.582954897780379 0
-2.165177556618351 -4.327180399936828 0
2.004696592347203 -1.471473031592827 0
-4.465226807243226 -0.03608714725508372 0
4.519625708360556 -2.719213573634417 0
1.800622937197145 -3.59555093769368 0
-4.249203245591825 3.553397002316344 0
1.65679639450435 -1.681567015109872 0
2.077103953641816 3.784629846215859 0
3.712706743302424 4.480516860900932 0
4.324449960722502 -4.716453988825097 0
-0.4969174413235237 2.144760431937167 0
1.691457889945655 0.2943973811707087 0
4.813481448488776 2.406935238761032 0
-0.24149655599016 -0.8056611781340243 0
0.5246928989789401 -2.0495717380327 0
3.137608512579804 -4.321498928777508 0
4.856533946842823 -3.376999549322246 0
-2.510273187637501 0.4364383628103647 0
-0.05963511098876841 3.847240025914469 0
3.969386057445357 -4.017488035376021 0
1.285865671094339 3.746188464434174 0
4.192806121449788 1.095956743498943 0
1.340445157763553 -2.800762644862122 0
2.9468458482513 1.018011235351863 0
-2.039820659076231 -3.592649866334765 0
-1.849649309680043 4.825749356795757 0
-1.508128290933856 4.927140177142097 0
-2.029110216406687 4.819158590352338 0
-1.625867842023464 4.886967961470517 0
-1.717318340175923 4.813924445806071 0
-2.217292928714597 4.852123995771192 0
-1.939794653251422 4.911226986787024 0
-2.416446337765066 4.918566325981327 0
-1.936020723801023 4.680269244909161 0
2.566034988245327 1.551324429254028 0
2.661081593648098 1.489060623989755 0
2.608495834396001 1.660834587730952 0
2.699431468496271 1.76952885510894 0
2.661678665245857 1.591946951743417 0

CELLS 5039 19710
2 70 214
2 214 215
2 215 216
2 216 217
2 217 218
2 218 71
2 75 219
2 219 44
2 80 220
2 220 221
2 221 39
2 81 222
2 222 223
2 223 224
2 224 225
2 225 82
2 83 226
2 226 227
2 227 228
2 228 229
2 229 230
2 230 231
2 231 232
2 232 84
2 85 233
2 233 234
2 234 235
2 235 236
2 236 86
2 87 237
2 237 238
2 238 88
2 90 239
2 239 240
2 240 241
2 241 91
2 97 242
2 242 243
2 243 244
2 244 245
2 245 246
2 246 98
2 99 247
2 247 248
2 248 249
2 249 250
2 250 100
2 103 251
2 251 252
2 252 253
2 253 254
2 254 255
2 255 104
2 105 69
2 108 256
2 256 257
2 257 258
2 258 259
2 259 260
2 260 109
2 42 117
2 118 261
2 261 262
2 262 263
2 263 119
2 123 264
2 264 37
2 60 126
2 134 265
2 265 266
2 266 267
2 267 135
2 136 268
2 268 269
2 269 270
2 270 137
2 53 271
2 271 272
2 272 138
2 55 273
2 273 274
2 274 275
2 275 139
2 144 276
2 276 277
2 277 46
2 145 278
2 278 279
2 279 280
2 280 281
2 281 146
2 151 282
2 282 283
2 283 50
2 152 284
2 284 285
2 285 286
2 286 287
2 287 288
2 288 289
2 289 153
2 41 290
2 290 154
2 161 291
2 291 292
2 292 293
2 293 162
2 163 294
2 294 295
2 295 296
2 296 164
2 165 297
2 297 298
2 298 299
2 299 51
2 59 166
2 61 170
2 174 300
2 300 175
2 183 301
2 301 302
2 302 184
2 185 303
2 303 304
2 304 186
2 64 305
2 305 306
2 306 307
2 307 187
2 189 308
2 308 309
2 309 310
2 310 190
2 191 311
2 311 49
2 192 312
2 312 313
2 313 314
2 314 193
2 66 194
2 195 315
2 315 316
2 316 317
2 317 40
2 54 318
2 318 319
2 319 320
2 320 198
2 210 321
2 321 322
2 322 323
2 323 324
2 324 211
2 72 325
2 325 326
2 326 327
2 327 328
2 328 0
2 73 329
2 329 1
2 1 330
2 330 331
2 331 332
2 332 74
2 76 2
2 2 333
2 333 334
2 334 335
2 335 77
2 78 336
2 336 3
2 4 337
2 337 338
2 338 339
2 339 340
2 340 79
2 89 341
2 341 342
2 342 343
2 343 5
2 92 344
2 344 6
2 6 345
2 345 346
2 346 93
2 0 347
2 347 7
2 7 348
2 348 349
2 349 350
2 350 47
2 94 351
2 351 352
2 352 353
2 353 8
2 95 354
2 354 355
2 355 356
2 356 357
2 357 9
2 9 96
2 101 10
2 10 358
2 358 359
2 359 11
2 11 360
2 360 12
2 12 361
2 361 13
2 13 362
2 362 363
2 363 102
2 106 1
2 1 364
2 364 365
2 365 366
2 366 107
2 110 367
2 367 4
2 4 368
2 368 369
2 369 370
2 370 111
2 112 371
2 371 14
2 14 372
2 372 373
2 373 374
2 374 15
2 15 113
2 114 375
2 375 376
2 376 377
2 377 378
2 378 3
2 115 16
2 16 379
2 379 380
2 380 381
2 381 382
2 382 383
2 383 17
2 17 384
2 384 116
2 120 5
2 5 385
2 385 386
2 386 387
2 387 388
2 388 121
2 63 389
2 389 390
2 390 18
2 18 391
2 391 392
2 392 122
2 124 393
2 393 394
2 394 395
2 395 16
2 16 396
2 396 397
2 397 125
2 127 398
2 398 399
2 399 400
2 400 19
2 19 128
2 129 401
2 401 402
2 402 403
2 403 20
2 20 404
2 404 130
2 21 22
2 22 23
2 23 405
2 405 406
2 406 131
2 132 407
2 407 408
2 408 409
2 409 2
2 2 410
2 410 411
2 411 24
2 24 133
2 140 412
2 412 11
2 11 413
2 413 414
2 414 415
2 415 416
2 416 141
2 142 417
2 417 418
2 418 18
2 18 419
2 419 420
2 420 421
2 421 143
2 65 422
2 422 423
2 423 9
2 9 424
2 424 147
2 148 425
2 425 14
2 14 426
2 426 8
2 8 427
2 427 149
2 10 428
2 428 150
2 56 429
2 429 25
2 25 155
2 156 430
2 430 431
2 431 432
2 432 433
2 433 26
2 26 434
2 434 435
2 435 436
2 436 157
2 67 437
2 437 438
2 438 439
2 439 6
2 6 158
2 159 26
2 26 440
2 440 441
2 441 442
2 442 160
2 167 27
2 27 25
2 25 443
2 443 444
2 444 445
2 445 446
2 446 168
2 62 447
2 447 448
2 448 449
2 449 28
2 28 169
2 171 450
2 450 451
2 451 29
2 29 23
2 172 452
2 452 28
2 28 453
2 453 454
2 454 30
2 30 173
2 176 13
2 13 455
2 455 456
2 456 31
2 31 32
2 32 177
2 178 457
2 457 24
2 24 458
2 458 33
2 33 459
2 459 460
2 460 17
2 17 179
2 180 34
2 34 22
2 22 461
2 461 462
2 462 463
2 463 181
2 182 464
2 464 465
2 465 466
2 466 35
2 35 68
2 58 467
2 467 27
2 27 468
2 468 469
2 469 470
2 470 188
2 196 471
2 471 15
2 15 472
2 472 473
2 473 474
2 474 197
2 199 12
2 12 475
2 475 36
2 36 31
2 31 200
2 21 34
2 34 29
2 29 476
2 476 477
2 477 478
2 478 201
2 202 479
2 479 480
2 480 20
2 20 481
2 481 482
2 482 483
2 483 484
2 484 48
2 203 485
2 485 486
2 486 7
2 7 487
2 487 488
2 488 35
2 35 45
2 204 33
2 33 489
2 489 490
2 490 205
2 206 491
2 491 30
2 30 492
2 492 493
2 493 494
2 494 495
2 495 207
2 208 36
2 36 32
2 32 496
2 496 497
2 497 498
2 498 499
2 499 209
2 212 500
2 500 501
2 501 19
2 19 502
2 502 503
2 503 504
2 504 213
3 953 1227 633
3 131 963 406
3 164 1516 1106
3 968 1066 736
3 217 1691 947
3 972 2156 685
3 5 1416 899
3 961 1182 676
3 1191 1500 79
3 685 2156 1027
3 1497 2114 372
3 166 1659 59
3 709 1193 977
3 200 1273 31
3 278 1387 145
3 35 2246 466
3 1468 1538 1042
3 1152 1516 164
3 272 1563 271
3 469 1784 891
3 862 1324 584
3 382 989 77
3 154 1202 958
3 920 1120 630
3 450 1908 451
3 894 1839 227
3 1012 1367 227
3 1061 1319 369
3 51 1810 213
3 1166 1516 692
3 343 120 5
3 842 1756 1043
3 774 1828 1009
3 474 1379 473
3 1138 1612 1104
3 677 1115 985
3 827 1516 1166
3 497 985 498
3 464 1656 889
3 1372 1684 869
3 1180 1686 265
3 958 1202 711
3 1277 2260 933
3 1069 1513 740
3 195 1546 994
3 155 1346 468
3 5 1067 343
3 472 1950 473
3 739 1403 925
3 898 1493 717
3 309 998 308
3 71 1214 895
3 373 1697 374
3 60 946 126
3 1508 1622 780
3 997 1503 802
3 712 1196 908
3 305 924 306
3 901 1158 72
3 666 1109 922
3 1043 1756 649
3 795 1301 868
3 944 1168 656
3 466 2070 35
3 805 1460 1044
3 11 1104 360
3 717 1663 898
3 1129 1529 638
3 439 1023 344
3 494 1520 982
3 598 1557 597
3 1800 1927 889
3 790 1665 1011
3 114 1387 278
3 1044 1460 691
3 60 1659 946
3 685 1897 972
3 1316 1364 629
3 962 1219 670
3 808 1602 420
3 124 1441 1298
3 256 1076 257
3 745 1072 1003
3 1440 1579 154
3 895 1691 71
3 686 1102 953
3 238 2023 897
3 1205 1893 15
3 183 150 428
3 799 1544 1082
3 678 1258 1068
3 651 1746 1094
3 286 971 285
3 464 1234 919
3 974 1363 628
3 584 1965 862
3 267 1882 918
3 869 1684 1338
3 4 1694 850
3 1020 1434 804
3 1006 1281 380
3 15 1893 1732
3 390 1378 389
3 1234 1424 919
3 100 1275 1149
3 281 1231 146
3 1026 1316 629
3 461 2213 462
3 192 1295 959
3 227 1502 894
3 779 1664 928
3 1059 1170 722
3 1660 1683 162
3 358 1254 359
3 1058 1267 437
3 870 1465 1119
3 1557 1915 597
3 183 1583 150
3 473 1088 472
3 88 2023 238
3 16 1159 396
3 900 1162 185
3 1009 1293 756
3 977 1152 164
3 11 360 412
3 418 2157 1389
3 678 1439 1258
3 933 1100 745
3 93 1710 1207
3 899 2048 300
3 1129 1993 1529
3 676 1534 961
3 313 1055 312
3 969 2155 1011
3 1068 1258 149
3 835 1622 1508
3 412 1135 11
3 138 1503 272
3 1298 1441 892
3 1315 1474 772
3 949 1678 376
3 1009 1818 366
3 1275 1672 1149
3 946 1114 126
3 631 1687 1594
3 985 1632 677
3 924 1480 306
3 24 1948 458
3 1532 2224 2003
3 947 1248 217
3 197 1927 1800
3 921 1388 744
3 802 1941 997
3 362 1361 176
3 727 2137 932
3 982 1219 696
3 1154 1155 337
3 266 1180 265
3 744 1168 921
3 738 1188 1035
3 986 2052 134
3 655 1956 939
3 146 1268 975
3 998 1633 308
3 696 2337 982
3 1001 1165 669
3 1082 1821 664
3 404 1889 1654
3 525 1738 1066
3 179 1513 1069
3 207 1182 961
3 609 1474 1315
3 1078 2010 867
3 193 1565 965
3 10 1044 101
3 974 2281 1363
3 427 163 8
3 115 1159 16
3 870 1877 1465
3 22 1350 905
3 74 1568 998
3 857 1655 1015
3 977 1193 646
3 908 1280 712
3 1074 1575 488
3 1082 1544 89
3 939 1418 655
3 754 1227 953
3 898 1821 1082
3 850 2245 1120
3 755 1281 1006
3 424 96 9
3 484 1415 545
3 938 1810 299
3 997 2176 198
3 298 938 299
3 899 1032 385
3 1011 1665 1262
3 164 1106 923
3 474 1092 182
3 959 1803 192
3 1338 1684 724
3 478 1000 477
3 339 340 111
3 1196 1687 631
3 146 1884 281
3 424 1514 96
3 916 1938 883
3 1406 1440 718
3 733 1217 955
3 1120 2245 630
3 674 1118 1010
3 676 1235 1019
3 616 1484 38
3 998 1568 107
3 913 1244 708
3 877 1308 364
3 982 1520 670
3 422 612 65
3 897 2023 504
3 1094 1527 651
3 901 2301 1467
3 1401 1443 951
3 884 1440 1406
3 708 1752 913
3 925 1883 739
3 1269 1292 96
3 451 1404 450
3 77 1006 381
3 1086 1716 270
3 131 1519 963
3 34 180 21
3 93 1684 1372
3 763 1404 1147
3 953 1437 754
3 684 1585 1307
3 1046 1304 785
3 1161 1773 818
3 82 1261 1194
3 338 339 370
3 172 2098 21
3 438 1058 437
3 1126 1897 685
3 586 1008 585
3 479 1056 91
3 116 1595 251
3 166 2007 578
3 1012 1534 676
3 953 1391 686
3 1076 1126 720
3 788 1651 950
3 244 1018 245
3 1182 2101 676
3 928 2350 779
3 715 1418 939
3 952 1590 703
3 77 989 335
3 23 1628 29
3 896 1257 511
3 977 1593 1152
3 244 1014 243
3 975 1884 146
3 939 1248 715
3 606 1052 66
3 422 1448 612
3 1281 1455 838
3 377 1064 378
3 715 1248 947
3 14 1554 371
3 292 1912 1047
3 479 91 202
3 311 548 49
3 526 1738 525
3 483 1033 482
3 978 1145 679
3 1099 1358 731
3 950 1996 160
3 487 347 7
3 97 1046 242
3 366 1818 107
3 1706 1712 422
3 300 2048 174
3 947 1443 715
3 1007 1917 688
3 251 1595 252
3 867 2066 1078
3 998 1958 74
3 227 1534 1012
3 568 2001 1216
3 811 1680 1123
3 897 1244 238
3 218 1691 217
3 679 1167 978
3 344 2085 92
3 1815 2147 909
3 252 1595 1050
3 539 915 538
3 76 1695 1167
3 305 2054 988
3 110 1555 367
3 997 1776 795
3 158 1715 6
3 464 919 465
3 312 1045 313
3 497 1632 985
3 1830 2136 847
3 748 2222 1220
3 680 1138 1104
3 836 1698 1184
3 560 1065 559
3 764 1538 1468
3 1035 1658 738
3 1561 1705 1068
3 44 219 539
3 572 1049 429
3 985 1479 498
3 134 1686 986
3 340 1500 111
3 684 1307 999
3 945 1387 784
3 957 1114 322
3 749 1618 1247
3 955 1887 733
3 133 1220 457
3 1045 1222 313
3 232 1034 231
3 883 1980 916
3 412 1314 1135
3 1655 2220 1015
3 1132 1824 776
3 954 1541 652
3 19 1499 502
3 1123 1680 383
3 662 1377 1095
3 860 2244 1629
3 670 1219 982
3 251 1844 116
3 21 1350 22
3 116 1140 942
3 24 1237 133
3 315 1546 195
3 92 1105 344
3 711 1552 958
3 969 1011 700
3 468 1200 27
3 895 2100 2031
3 391 1637 392
3 371 1554 352
3 93 1207 346
3 776 1824 1065
3 889 1927 464
3 1337 1951 448
3 152 2129 1470
3 313 1598 1055
3 1097 1854 893
3 1008 1965 585
3 884 1579 1440
3 185 1091 303
3 700 2022 969
3 893 2066 1097
3 164 923 296
3 571 1084 184
3 240 1131 293
3 359 1254 413
3 445 1015 444
3 1110 2100 895
3 198 2176 320
3 195 1025 315
3 334 1111 333
3 11 1135 359
3 1047 1085 740
3 704 1873 1030
3 771 1358 1099
3 427 1561 1068
3 1917 1993 688
3 633 1391 953
3 1839 2188 83
3 764 1625 1070
3 176 1361 1214
3 227 1367 228
3 312 1251 1045
3 274 1808 995
3 918 2201 135
3 965 1401 193
3 649 2329 1043
3 1009 1828 1293
3 1326 1330 851
3 1043 1384 622
3 850 1858 4
3 198 1503 997
3 488 1575 487
3 1063 1924 207
3 715 1443 1401
3 437 1267 67
3 828 1997 1207
3 578 210 166
3 335 1006 77
3 1444 2244 860
3 359 413 11
3 755 1455 1281
3 864 1279 216
3 690 1693 1040
3 995 1461 274
3 1096 1817 450
3 27 167 467
3 6 1715 345
3 325 901 72
3 410 1695 76
3 643 1773 1161
3 909 2147 1246
3 94 112 351
3 310 1530 930
3 385 1067 5
3 917 1763 73
3 156 1723 430
3 1924 2313 207
3 257 1041 256
3 804 1434 1398
3 1156 1653 624
3 1470 2129 1027
3 1237 1508 780
3 929 2096 787
3 652 1541 914
3 1214 1892 895
3 372 916 426
3 1004 2307 30
3 286 1785 971
3 137 1086 270
3 645 1569 986
3 997 1941 672
3 703 1904 952
3 127 1340 398
3 672 1776 997
3 848 1882 266
3 897 1899 1244
3 41 290 524
3 749 1247 970
3 778 1649 1021
3 418 2087 417
3 767 2038 1202
3 110 1407 509
3 1654 1889 921
3 1520 2092 670
3 160 1822 950
3 370 1061 369
3 533 1556 532
3 677 1751 1115
3 495 1520 494
3 1892 2234 125
3 452 1326 172
3 2003 2224 671
3 1040 2203 690
3 79 1500 340
3 196 1158 471
3 963 1519 768
3 560 1811 1065
3 665 1175 1021
3 1048 1735 1707
3 623 1133 1051
3 185 1283 900
3 623 1338 1164
3 1618 1748 1247
3 589 1288 61
3 60 126 593
3 140 1314 412
3 417 2157 418
3 847 2136 1137
3 965 1565 747
3 76 1290 2
3 304 991 303
3 1340 2040 398
3 351 1325 94
3 965 1418 1401
3 256 1814 1076
3 1146 1540 259
3 787 1971 929
3 1997 2282 1207
3 570 571 184
3 1547 2155 120
3 1055 1295 312
3 575 1512 1454
3 568 1216 567
3 1052 2253 66
3 442 1309 1204
3 422 1712 423
3 17 2006 383
3 656 1408 944
3 1165 1489 669
3 148 1136 425
3 1223 1552 638
3 647 2005 1537
3 73 1763 1031
3 365 1566 934
3 1235 1878 248
3 1042 1538 642
3 201 1551 1165
3 376 1481 949
3 732 1323 890
3 232 1775 1034
3 189 1434 1020
3 634 1771 1399
3 258 1146 259
3 1252 1343 845
3 382 1253 1123
3 136 1370 1024
3 784 1529 945
3 50 2080 51
3 300 1983 899
3 1199 1826 1447
3 504 1550 897
3 745 1277 933
3 277 1320 544
3 92 2254 1105
3 1185 2038 767
3 246 1177 245
3 1087 1217 627
3 961 1549 207
3 1518 2355 683
3 476 1147 29
3 434 1266 26
3 751 1319 1061
3 1015 2220 444
3 725 1228 1227
3 1084 1128 184
3 73 1615 917
3 200 1961 1188
3 990 1355 297
3 373 916 372
3 8 1561 427
3 835 1508 489
3 1184 1698 191
3 1107 1241 635
3 1110 1892 125
3 622 1328 1043
3 517 1054 516
3 542 1666 48
3 1047 1912 1085
3 473 1092 474
3 621 1781 1053
3 950 1588 788
3 893 2337 2066
3 1409 1764 636
3 1108 1693 690
3 683 1977 1518
3 298 1355 938
3 694 1343 1017
3 977 1447 709
3 442 1204 160
3 118 1393 1179
3 82 1194 225
3 1606 2195 1100
3 1038 2022 700
3 419 1602 1037
3 271 1563 53
3 733 1445 971
3 932 1601 727
3 990 1752 708
3 813 1345 1077
3 1122 1673 762
3 603 1119 602
3 1124 1366 775
3 7 486 348
3 1021 2346 260
3 249 1235 248
3 652 2058 954
3 418 1389 18
3 744 1624 1241
3 453 1981 28
3 17 1976 460
3 988 1852 305
3 1272 1456 637
3 188 1936 940
3 834 1686 1180
3 352 1554 353
3 725 1227 1218
3 219 1103 75
3 1086 1945 679
3 317 1261 82
3 698 2241 2065
3 1435 1781 621
3 1005 1479 752
3 982 2337 1291
3 708 1355 990
3 1010 1589 674
3 899 1983 1032
3 118 1079 261
3 195 1963 1025
3 679 1945 1167
3 967 2188 1839
3 1021 1540 778
3 963 1300 406
3 781 1292 1269
3 17 1680 179
3 982 1291 494
3 26 1266 159
3 111 1500 1238
3 1091 1449 303
3 890 1757 732
3 1207 1710 828
3 480 1056 479
3 328 1151 0
3 663 1735 1048
3 1223 2045 1552
3 1406 2232 1481
3 198 1563 272
3 1028 1153 81
3 1307 1585 743
3 226 1839 83
3 760 1424 1234
3 1181 1972 1646
3 9 1778 423
3 659 1792 970
3 517 2323 1054
3 667 1140 1069
3 55 566 273
3 80 1831 367
3 1018 1704 789
3 48 1666 484
3 573 1049 572
3 1025 1963 98
3 1061 1153 751
3 36 1984 1605
3 37 1959 511
3 458 1948 204
3 922 1646 666
3 768 1489 1165
3 971 1446 733
3 375 1923 1278
3 975 1268 668
3 1007 1664 779
3 190 1126 1076
3 539 1729 915
3 958 1440 154
3 244 1256 1018
3 306 2054 305
3 54 1084 571
3 367 1831 110
3 404 1654 130
3 496 2113 497
3 896 1400 706
3 206 1951 1337
3 246 1963 1177
3 204 1657 1111
3 353 1357 1036
3 194 2085 615
3 980 1421 178
3 451 1908 1240
3 991 1283 303
3 1102 1437 953
3 1354 2241 698
3 86 1343 1252
3 13 1395 361
3 426 1554 14
3 1025 1321 711
3 135 1368 267
3 630 2134 920
3 1030 1873 929
3 962 1850 1219
3 334 1841 1111
3 1329 1427 724
3 503 88 502
3 430 1180 156
3 357 1720 9
3 891 1936 470
3 1321 1673 1122
3 661 1997 1173
3 688 1664 1007
3 999 1307 239
3 272 1503 198
3 938 1355 708
3 984 1137 695
3 724 1427 1164
3 628 1989 974
3 1991 2046 697
3 1349 1525 90
3 765 1456 1272
3 1401 1418 715
3 1625 2212 1070
3 156 1180 266
3 1137 2136 695
3 114 1029 375
3 203 1397 1181
3 279 1311 1221
3 658 1494 996
3 161 1263 811
3 682 2220 1655
3 971 1445 285
3 1363 2281 723
3 9 2105 357
3 280 1221 1036
3 1244 1899 708
3 98 1321 1025
3 254 1077 253
3 1462 2137 727
3 1033 1754 482
3 752 2314 1005
3 1171 1381 363
3 663 1704 1018
3 624 2166 1121
3 502 1210 503
3 234 1035 235
3 1276 1771 634
3 1160 1313 707
3 763 1669 1000
3 930 1703 310
3 996 1891 658
3 27 1200 167
3 1147 1669 763
3 970 1643 749
3 737 1366 1124
3 502 1798 19
3 1036 1221 353
3 153 1045 289
3 1021 1649 665
3 369 338 370
3 1025 1185 315
3 372 2114 373
3 233 1091 85
3 1104 1612 360
3 388 1089 387
3 1108 1163 859
3 1141 1253 381
3 765 1668 1053
3 935 1425 716
3 830 1427 1329
3 431 1250 432
3 900 1349 1162
3 1165 1551 768
3 532 1556 1095
3 416 1490 1405
3 421 1642 143
3 722 2053 1059
3 1298 2103 1793
3 1014 1991 243
3 832 1384 1043
3 139 1835 1410
3 1192 1953 943
3 497 1816 496
3 719 1383 1057
3 736 2065 968
3 338 1331 339
3 716 1409 935
3 1472 1949 807
3 1164 1609 623
3 150 1490 415
3 89 1493 1082
3 686 1591 1102
3 720 1597 1076
3 767 1453 1185
3 623 2172 1338
3 1216 2001 820
3 107 1633 998
3 95 2054 307
3 118 1179 1079
3 1113 1198 332
3 481 1517 20
3 2 1290 409
3 415 1935 150
3 445 1294 1015
3 260 2346 109
3 841 1545 1392
3 247 2036 99
3 986 1838 645
3 1147 1404 451
3 10 2081 428
3 1391 1470 686
3 332 1198 331
3 635 2277 991
3 313 1222 314
3 706 1257 896
3 1017 1891 694
3 694 1953 1192
3 669 1631 1001
3 630 1833 1028
3 409 333 2
3 1179 1393 798
3 1227 1228 633
3 353 1221 352
3 970 1610 659
3 1017 1469 658
3 1009 1548 774
3 1956 2084 1236
3 934 1548 365
3 695 2136 1095
3 1406 1481 78
3 80 1120 220
3 371 425 14
3 404 1739 20
3 1948 2289 204
3 433 1789 1081
3 804 1463 1020
3 580 2128 579
3 993 1226 206
3 38 1484 507
3 1293 1874 756
3 197 1212 904
3 687 1356 1060
3 20 1739 481
3 825 1500 1191
3 1238 1500 825
3 376 1678 375
3 1018 1735 663
3 627 1232 1087
3 1000 1669 477
3 1142 1751 677
3 18 1389 1264
3 904 2142 197
3 300 1099 175
3 90 1525 999
3 276 1320 277
3 737 1842 1617
3 219 1729 539
3 658 1891 1017
3 226 1534 227
3 1209 1251 192
3 330 1478 933
3 23 2051 1628
3 1199 1375 714
3 856 2088 1085
3 1220 2222 1964
3 420 1296 808
3 675 1607 1051
3 1338 1773 869
3 1045 1251 289
3 102 1171 363
3 160 1996 1060
3 686 2156 1591
3 217 1248 216
3 192 1251 312
3 475 1138 36
3 1014 2046 1991
3 690 1163 1108
3 729 1367 1012
3 781 1863 917
3 361 1496 12
3 779 2350 1610
3 1766 1795 215
3 216 1795 864
3 655 1418 965
3 2186 2274 490
3 337 1567 1154
3 509 1407 508
3 279 1221 280
3 282 1098 151
3 1138 1984 36
3 1272 1880 765
3 0 1151 347
3 221 39 508
3 115 2041 1916
3 1748 1902 1007
3 765 1880 1072
3 20 1517 403
3 719 2046 1014
3 465 1656 464
3 662 1933 1377
3 1360 1738 527
3 1027 2347 685
3 810 1792 1396
3 818 1773 1338
3 71 1691 218
3 1392 1545 448
3 573 1230 1049
3 1360 1483 736
3 747 1526 965
3 1087 1232 720
3 97 1492 1046
3 1010 1272 637
3 1154 1671 734
3 646 1593 977
3 450 1817 171
3 1752 2173 913
3 677 1632 979
3 1129 1431 688
3 460 2006 17
3 789 1584 1018
3 1037 1062 18
3 1035 2225 658
3 987 1982 627
3 795 2176 997
3 408 1969 1183
3 1172 1621 645
3 81 1676 1057
3 211 1348 324
3 1094 1746 848
3 509 1919 110
3 504 2023 503
3 965 1526 655
3 307 1239 95
3 874 1956 1236
3 928 1664 1187
3 1055 1598 775
3 1617 1842 951
3 657 1617 951
3 193 1124 314
3 1173 1997 871
3 1078 2066 696
3 482 1184 483
3 408 1183 409
3 310 1591 972
3 1214 1395 176
3 1059 2053 1052
3 915 1477 538
3 1537 2005 876
3 728 1304 1046
3 1106 1830 923
3 1448 1601 612
3 1304 1707 785
3 603 2049 1119
3 893 1747 1291
3 981 1949 1472
3 1585 1587 743
3 1044 2354 101
3 1115 1751 415
3 1130 1393 118
3 781 1501 1462
3 129 1644 1613
3 853 1351 632
3 1427 1756 1164
3 53 1563 565
3 1018 1584 245
3 907 1755 587
3 375 1278 376
3 84 1775 232
3 1241 1587 635
3 168 1461 995
3 527 1738 526
3 182 1234 464
3 658 1469 1035
3 1000 1614 763
3 227 1839 226
3 978 1695 1260
3 951 1443 657
3 945 1993 1917
3 274 1216 275
3 1383 2218 223
3 464 1927 182
3 1316 2003 671
3 260 1540 1021
3 757 1364 1316
3 972 1897 310
3 288 1251 1209
3 627 2017 987
3 991 1862 635
3 708 1899 938
3 478 1436 1000
3 1571 1607 654
3 1313 1812 707
3 1454 1512 445
3 909 2040 1340
3 1238 1676 875
3 380 2099 1141
3 455 1867 13
3 670 1733 962
3 674 1589 1475
3 1916 2041 952
3 674 2192 1118
3 1045 1728 1222
3 1250 1789 432
3 711 2038 1025
3 966 2092 1520
3 1486 1530 108
3 201 1667 1275
3 1019 1522 729
3 459 489 33
3 346 1329 93
3 451 1970 180
3 1092 1234 182
3 793 1297 1113
3 1275 1667 872
3 383 1680 17
3 152 1125 284
3 297 2106 990
3 204 2289 1657
3 1043 1328 842
3 1095 1377 532
3 632 1351 1064
3 409 1183 333
3 450 1404 1096
3 901 1528 1158
3 283 50 546
3 305 1915 924
3 1306 2191 1559
3 1095 1556 695
3 109 1542 1457
3 1324 2291 926
3 746 2052 1569
3 1578 1788 42
3 1405 1490 831
3 153 1728 1045
3 838 1376 1281
3 1122 1552 711
3 447 1392 448
3 1139 2057 713
3 1113 1297 704
3 1197 1363 698
3 383 1353 989
3 217 887 218
3 308 1102 309
3 511 1257 510
3 351 2223 352
3 234 1658 1035
3 1176 1414 773
3 1028 1476 630
3 744 1241 1107
3 985 2259 1479
3 1136 1452 425
3 1258 1375 149
3 366 1548 1009
3 688 1431 1187
3 276 1148 144
3 1109 1356 885
3 1162 1690 185
3 1627 1925 943
3 905 2213 461
3 1085 2088 667
3 1012 1761 729
3 1057 2251 81
3 779 1748 1007
3 1117 2314 752
3 31 2185 456
3 1026 2003 1316
3 55 1271 577
3 1014 1487 719
3 371 2223 112
3 325 2301 901
3 1082 1837 799
3 1569 2052 986
3 1139 1811 561
3 1651 1996 950
3 778 1540 1146
3 696 1219 1078
3 1185 1453 316
3 410 76 2
3 666 1356 1109
3 1094 2222 748
3 322 2077 957
3 1028 2184 739
3 163 1536 1357
3 1060 1996 687
3 587 1708 907
3 703 1295 1055
3 340 1080 79
3 139 1371 275
3 162 1131 241
3 746 1452 1136
3 1645 1835 139
3 499 1925 1627
3 1161 1535 643
3 782 1347 1336
3 994 2125 195
3 976 1749 1723
3 84 1201 469
3 625 2195 1606
3 917 1615 807
3 1003 1277 745
3 1329 1684 93
3 721 1857 1677
3 1040 1367 729
3 1146 1597 720
3 748 1527 1094
3 1398 1434 756
3 614 1640 613
3 1049 1230 443
3 151 1553 1215
3 668 1955 975
3 217 1279 887
3 1213 1493 89
3 731 1394 1099
3 791 1426 1198
3 750 1414 1176
3 745 2195 1072
3 1273 2185 31
3 320 1505 319
3 676 1761 1012
3 378 1064 992
3 79 1280 1191
3 1108 2228 230
3 99 1506 247
3 178 1421 1358
3 783 1535 1161
3 1055 1904 703
3 26 159 433
3 1804 2306 403
3 312 1295 192
3 1470 2074 152
3 944 1654 1168
3 1388 1624 744
3 662 1830 1106
3 184 1128 302
3 153 1393 1130
3 352 1311 351
3 725 2020 1228
3 390 2087 418
3 2027 2034 1053
3 576 1512 575
3 1008 2336 1965
3 452 1330 1326
3 662 2136 1830
3 1057 2046 719
3 189 1633 1178
3 1095 2136 662
3 26 440 434
3 94 1902 1748
3 422 1779 1448
3 817 1711 1417
3 155 1347 1346
3 1930 2291 1324
3 169 1908 1274
3 816 1483 1360
3 187 1239 307
3 717 1276 1101
3 1171 2234 1381
3 843 1795 1766
3 257 1616 1041
3 205 2186 490
3 1289 1385 849
3 405 2051 23
3 281 1134 280
3 188 1968 1775
3 262 1714 1034
3 950 1822 1588
3 1211 1742 75
3 137 1290 76
3 1134 1760 280
3 423 1779 422
3 1163 1979 641
3 307 1480 1296
3 692 1946 1166
3 704 1198 1113
3 1281 1376 379
3 271 1132 272
3 1344 1751 1142
3 966 2313 1924
3 1775 1968 1034
3 1060 1356 666
3 761 1892 1214
3 392 1078 122
3 942 1595 116
3 341 1169 342
3 707 1812 1542
3 244 1487 1014
3 681 2173 1752
3 449 1337 448
3 703 1590 1259
3 178 1964 980
3 1051 1133 675
3 0 2056 328
3 1269 1514 689
3 30 1854 173
3 1588 1822 129
3 551 1203 550
3 1793 2103 665
3 1274 1809 169
3 624 1647 1156
3 1030 2110 704
3 307 1840 187
3 1024 1544 799
3 103 2029 460
3 259 1774 1024
3 21 1144 172
3 423 2105 9
3 868 1505 795
3 612 1601 611
3 1034 1968 262
3 1135 1334 359
3 1011 1262 700
3 1306 1559 592
3 799 1895 1024
3 103 1976 1844
3 586 1755 1008
3 1024 1895 259
3 325 1266 326
3 1048 2121 663
3 673 1186 1003
3 1457 1542 912
3 489 2274 835
3 432 1789 433
3 580 1385 1289
3 10 1730 1044
3 705 1128 1084
3 220 1831 80
3 491 454 30
3 1190 1225 240
3 807 1501 917
3 593 1306 592
3 801 2140 1352
3 1249 1991 697
3 1126 2315 720
3 760 1229 1002
3 734 1671 1607
3 14 2180 372
3 628 1483 1208
3 1266 1744 326
3 713 2057 1203
3 1065 1811 713
3 1051 2172 623
3 1019 1761 676
3 495 1182 207
3 341 1213 89
3 877 1782 1308
3 729 2203 1040
3 494 1291 493
3 1260 1695 411
3 818 2324 1161
3 1152 1593 880
3 729 1761 1019
3 1011 2155 1547
3 63 389 600
3 768 1551 963
3 774 1548 934
3 1133 1609 721
3 1187 1431 121
3 518 1604 960
3 1311 1325 351
3 295 1268 146
3 1968 2131 263
3 16 396 379
3 460 1976 103
3 1351 1578 519
3 653 2147 1815
3 164 1447 977
3 1 1277 106
3 855 1878 1235
3 270 1262 269
3 384 1140 116
3 1119 1465 858
3 364 1299 330
3 1646 1972 666
3 309 1703 998
3 113 1485 1467
3 1352 2088 856
3 362 1866 1758
3 461 2108 23
3 813 1799 1345
3 1218 1227 754
3 315 1185 316
3 1488 1502 798
3 1053 1781 765
3 392 2010 1078
3 1101 1663 717
3 1707 1735 785
3 425 1570 148
3 1011 1547 790
3 1282 2058 652
3 240 1225 1224
3 1061 2200 1153
3 667 2033 1140
3 425 1452 14
3 513 1365 1194
3 647 1537 1070
3 1024 1774 136
3 679 1753 1038
3 23 2108 405
3 85 1195 233
3 1080 1576 660
3 979 1142 677
3 1143 2160 590
3 721 1359 1133
3 322 1114 321
3 697 1676 1238
3 740 2047 1069
3 676 2101 1235
3 634 2261 1276
3 85 1867 1195
3 1127 1788 853
3 1394 1396 175
3 1240 1908 169
3 839 1621 1172
3 1792 2086 1396
3 306 1480 307
3 894 1502 1488
3 61 1288 170
3 1884 2202 1134
3 326 1679 1002
3 1284 2163 165
3 989 1353 833
3 437 1640 438
3 270 1716 1262
3 917 1501 781
3 944 2353 1654
3 842 1609 1164
3 1719 2248 1059
3 713 1811 1139
3 711 1321 1122
3 930 1530 1486
3 377 2076 1064
3 806 2265 1619
3 643 1786 1093
3 1616 1837 1041
3 1352 2140 1022
3 222 1383 223
3 1378 2305 389
3 1077 1345 253
3 1112 1408 840
3 756 1818 1009
3 1039 2107 789
3 726 1942 1860
3 783 1711 1402
3 785 1596 1046
3 1912 2149 856
3 1304 2261 634
3 1450 1944 199
3 1159 2240 396
3 1206 2291 406
3 544 1320 543
3 661 2282 1997
3 1038 2097 679
3 66 2253 194
3 1926 2241 536
3 407 1455 408
3 1226 2264 447
3 440 1432 434
3 1370 1544 1024
3 853 1788 1578
3 1111 1841 833
3 87 1192 127
3 1046 1492 728
3 561 1811 560
3 609 1315 608
3 486 1341 348
3 892 1441 1160
3 1713 1864 1280
3 154 1579 290
3 416 1630 1115
3 607 1719 1059
3 1166 1946 1333
3 759 2139 1071
3 1603 1834 871
3 98 2107 1039
3 702 2319 1135
3 994 2218 1383
3 413 1890 1104
3 1212 1800 723
3 769 1267 1058
3 2179 2352 324
3 333 1183 334
3 1046 1596 242
3 1037 1921 1062
3 102 1690 1162
3 1575 1762 0
3 1188 1273 200
3 1204 1309 104
3 370 339 111
3 291 2135 1263
3 290 1579 524
3 1718 1721 823
3 796 1576 1080
3 675 2321 1607
3 1677 1857 983
3 879 1374 599
3 308 1633 189
3 207 1549 1063
3 679 2097 1086
3 1039 1673 98
3 1199 1447 296
3 739 1476 1028
3 1162 1438 102
3 811 1820 161
3 668 1829 1156
3 180 1144 21
3 687 1996 1651
3 538 1477 45
3 1072 1880 1003
3 680 1142 964
3 159 1696 433
3 407 1160 132
3 635 1587 1585
3 1363 1458 698
3 1965 2336 862
3 1036 1536 280
3 115 1366 1159
3 1015 1780 857
3 731 1511 1394
3 911 2224 1532
3 1157 1539 626
3 1208 1483 816
3 1002 2301 326
3 944 2163 1284
3 114 2130 1029
3 1065 1853 776
3 599 2305 879
3 332 1807 1113
3 606 1059 1052
3 428 1819 10
3 230 2228 231
3 1032 2170 385
3 396 1243 379
3 1159 1366 737
3 187 1840 421
3 1119 2049 870
3 388 1459 1089
3 791 1606 1100
3 720 2315 1087
3 406 2291 131
3 1450 1496 71
3 1070 1537 764
3 689 1514 1318
3 1193 1414 750
3 984 2166 1137
3 1264 1637 391
3 530 1166 529
3 513 2205 1365
3 1479 2259 752
3 813 1749 976
3 875 2200 1061
3 33 1429 459
3 1100 1478 791
3 786 1539 1157
3 233 1449 1091
3 1163 2269 1979
3 185 1690 1091
3 1860 1942 1077
3 762 1673 1039
3 723 1800 1211
3 934 1285 774
3 680 1984 1138
3 663 2121 1089
3 1228 2020 962
3 1291 1747 493
3 1041 1582 256
3 1096 1404 763
3 1786 2304 1093
3 491 1337 454
3 1076 1597 257
3 2029 2242 490
3 1089 2121 881
3 485 1341 486
3 81 2184 1028
3 128 1499 19
3 373 1938 916
3 1179 1847 229
3 1135 1314 702
3 307 2054 306
3 577 1495 576
3 273 1271 55
3 1087 2315 685
3 416 1115 415
3 416 1405 141
3 1054 1476 739
3 635 1862 1107
3 133 2217 1220
3 424 1285 147
3 393 1441 124
3 699 1921 1037
3 304 1390 991
3 454 1337 453
3 629 1920 1026
3 735 1253 1141
3 730 1287 1067
3 987 2017 1446
3 921 1966 1388
3 458 204 33
3 1091 1758 85
3 275 1808 274
3 881 1701 1335
3 632 1507 853
3 148 2298 1136
3 627 1982 1075
3 188 2131 1968
3 402 1804 403
3 1029 1923 375
3 421 1296 420
3 923 1482 296
3 907 1962 1631
3 1335 1701 730
3 1213 1771 717
3 824 1764 1409
3 1647 1955 1156
3 1171 1305 829
3 428 2081 183
3 846 1823 1125
3 1039 1736 762
3 1181 1397 815
3 861 1771 1213
3 1511 2005 647
3 733 1887 1445
3 1455 1969 408
3 1280 1947 1191
3 1033 1721 1718
3 1067 1335 730
3 1758 1866 85
3 289 1251 288
3 79 1713 1280
3 1156 1829 847
3 532 1377 531
3 480 2306 1056
3 705 2345 1083
3 840 2268 1116
3 483 1721 1033
3 1215 1553 797
3 1005 2285 1479
3 1542 1812 912
3 1096 2002 248
3 442 2226 1309
3 2035 2243 311
3 1042 2177 265
3 1186 2196 73
3 1218 1642 725
3 1123 1820 811
3 523 1422 522
3 1022 2088 1352
3 301 1242 302
3 1509 2294 644
3 1023 1929 615
3 814 1372 1093
3 140 2356 1279
3 397 1243 396
3 481 1754 1517
3 664 1837 1082
3 660 2025 1080
3 458 1508 1237
3 551 1934 1203
3 379 1243 380
3 303 1449 304
3 1101 1634 631
3 125 2189 1110
3 295 1199 296
3 76 1945 137
3 407 1313 1160
3 512 1261 40
3 1093 2304 706
3 948 1681 709
3 1121 2166 984
3 1099 1394 175
3 443 1230 444
3 462 1303 463
3 446 1294 445
3 1035 1469 235
3 2065 2241 968
3 1123 1253 735
3 341 1370 1169
3 1093 1851 643
3 1446 2233 987
3 892 2103 1298
3 685 2315 1126
3 877 1787 1782
3 1629 2244 648
3 454 1004 30
3 803 2230 1348
3 1109 2043 922
3 1177 1963 195
3 789 1737 1039
3 995 2014 168
3 919 2069 465
3 607 1059 606
3 726 2144 1081
3 799 1837 1616
3 485 1255 203
3 939 1956 1339
3 933 1478 1100
3 1462 1501 640
3 1469 2197 236
3 239 1307 1190
3 1121 2238 624
3 858 1712 1706
3 859 2228 1108
3 447 1951 1226
3 303 1283 185
3 1256 1735 1018
3 1258 1439 714
3 746 1569 1497
3 1782 1787 741
3 505 1834 1603
3 707 1542 1175
3 1241 1624 742
3 489 2029 490
3 1081 1789 726
3 557 1905 556
3 477 2051 1300
3 1073 2139 759
3 441 2226 442
3 134 2052 1136
3 968 1926 1066
3 1109 2143 541
3 1426 1478 330
3 348 1341 349
3 1211 2039 723
3 206 1337 491
3 238 1244 237
3 321 1692 210
3 1318 1514 424
3 642 1988 1042
3 1372 1710 93
3 772 1364 1315
3 674 1475 1150
3 700 2097 1038
3 889 1742 1211
3 1397 1430 815
3 791 1478 1426
3 297 1322 1215
3 214 1766 215
3 1067 1287 343
3 1064 1515 632
3 881 1985 1089
3 1247 1610 970
3 801 1683 1660
3 540 1620 46
3 770 1386 1362
3 750 1580 1193
3 680 1344 1142
3 1310 1903 158
3 91 1992 202
3 326 1744 1510
3 297 1355 298
3 781 1462 1292
3 173 1854 1097
3 341 1888 1213
3 1166 1333 529
3 1064 1351 992
3 288 1209 287
3 1072 2195 625
3 81 2200 1676
3 941 2355 1518
3 934 2317 1285
3 359 1334 358
3 1178 1633 107
3 173 1498 30
3 463 2199 1206
3 752 1630 1117
3 1259 1727 703
3 927 1303 462
3 1160 1441 132
3 846 2188 1286
3 139 1410 101
3 1135 2319 1334
3 129 1613 401
3 102 1305 1171
3 1613 1644 910
3 243 1256 244
3 508 1407 221
3 914 1317 652
3 1070 2212 749
3 1073 1433 1348
3 163 1357 8
3 229 2161 1179
3 265 2177 266
3 1125 2028 846
3 1023 2085 344
3 2031 2100 657
3 1107 1862 826
3 1495 1512 576
3 1315 1364 757
3 1088 1176 773
3 295 1482 1268
3 482 2091 1184
3 1489 2336 1008
3 308 1437 1102
3 927 2352 2179
3 288 1488 289
3 1342 1685 636
3 695 1507 984
3 176 1395 13
3 147 1318 424
3 1591 2156 972
3 1191 1879 825
3 1170 1316 671
3 1124 1598 314
3 913 2173 1572
3 605 1648 604
3 340 2141 1080
3 738 1658 1195
3 895 1892 1110
3 1083 1909 868
3 1522 2168 250
3 673 1880 1272
3 739 1543 1054
3 1295 1727 959
3 1412 1539 821
3 1319 1694 368
3 590 2160 589
3 181 2199 463
3 814 1710 1372
3 196 471 374
3 49 1415 311
3 637 1589 1010
3 393 2120 1259
3 626 1539 1412
3 1419 1457 268
3 1140 2033 942
3 1017 2197 1469
3 1362 1386 788
3 1440 2045 718
3 992 1351 519
3 1082 1493 898
3 204 1429 33
3 574 1230 573
3 301 1583 183
3 108 1814 256
3 1150 1472 674
3 1782 2317 1308
3 462 2108 461
3 875 1967 1238
3 1031 2064 2062
3 218 1450 71
3 179 1745 17
3 1265 1573 196
3 782 1784 1346
3 278 1311 279
3 852 1470 1391
3 913 2178 1244
3 1043 2329 832
3 865 1802 1317
3 1326 1611 172
3 1556 2209 1127
3 1181 1777 203
3 1681 2109 1412
3 1592 1875 766
3 863 1727 1259
3 1289 2128 580
3 1177 1487 245
3 1869 2188 846
3 184 1845 570
3 311 2243 548
3 196 1573 1158
3 1244 2178 237
3 266 2177 848
3 1521 2333 1928
3 1279 2356 887
3 1178 1434 189
3 775 1904 1055
3 890 2175 1233
3 887 1450 218
3 1013 2238 710
3 343 1287 342
3 729 1522 1149
3 713 1853 1065
3 380 1281 379
3 1111 1429 204
3 958 2045 1440
3 633 1518 1391
3 1037 2214 699
3 936 1931 1475
3 125 2234 1171
3 628 1363 1197
3 1619 2265 993
3 102 1438 1305
3 298 1322 297
3 206 1619 993
3 636 1764 1460
3 1089 1985 387
3 1282 1802 910
3 886 2086 1189
3 393 2302 1441
3 666 1972 1060
3 1550 1899 897
3 1002 1679 760
3 844 1812 1313
3 296 1482 295
3 145 1325 278
3 456 1195 455
3 1631 2258 907
3 793 1629 1297
3 199 1944 1302
3 482 1754 481
3 638 1529 1223
3 1066 1738 736
3 714 2252 1199
3 1006 1564 755
3 1066 2095 525
3 1081 1675 433
3 1490 1583 831
3 1149 2203 729
3 299 1810 51
3 960 2078 767
3 797 1577 1284
3 1164 1338 724
3 626 1439 1157
3 1104 1890 680
3 1125 1823 284
3 1743 2054 95
3 80 1858 1120
3 829 1939 1171
3 302 1845 184
3 1056 2306 1804
3 360 2204 412
3 615 1929 614
3 500 1473 212
3 395 115 16
3 911 1903 1310
3 924 1915 1557
3 70 1599 119
3 1223 2075 718
3 880 1989 1208
3 762 1431 1129
3 605 1852 1648
3 739 2184 1403
3 1233 2175 693
3 109 1457 1419
3 993 2060 1226
3 1974 2058 253
3 546 1574 283
3 143 1642 1218
3 710 2238 1121
3 112 1570 371
3 815 1972 1181
3 981 2126 1928
3 1133 1359 675
3 1008 2258 1489
3 1079 1714 261
3 719 1487 1177
3 1070 1643 647
3 187 1463 1239
3 1059 2248 1170
3 320 1563 198
3 775 1598 1124
3 1394 1511 810
3 124 2120 393
3 235 236 186
3 1060 1932 160
3 847 1653 1156
3 572 429 56
3 566 1670 273
3 285 1286 286
3 766 1781 1435
3 17 1745 384
3 254 1282 255
3 1690 1758 1091
3 1475 1931 753
3 1198 2110 791
3 1400 2044 706
3 1158 1528 471
3 947 2031 1443
3 757 1316 1170
3 1215 1322 151
3 1053 2034 621
3 326 1510 327
3 462 2213 927
3 1530 1814 108
3 1003 2273 1277
3 541 2043 1109
3 384 1745 1140
3 46 277 544
3 1631 1962 732
3 97 1879 1191
3 547 2243 1098
3 190 1530 310
3 1089 1704 663
3 555 1210 554
3 352 2223 371
3 1080 2141 796
3 460 2029 459
3 915 2299 1477
3 42 1788 117
3 1516 1933 1106
3 1238 1967 111
3 989 1841 335
3 1071 1559 759
3 1449 2148 304
3 476 2051 477
3 1166 1987 827
3 761 2234 1892
3 740 1513 1263
3 1646 1726 800
3 191 2035 311
3 1497 2180 746
3 283 1574 282
3 413 1254 414
3 667 2047 1085
3 1134 2272 701
3 395 2041 115
3 504 1905 213
3 211 1611 1348
3 746 2180 1452
3 1117 1630 141
3 1206 1623 463
3 500 1312 501
3 585 1965 584
3 833 1429 1111
3 278 1325 1311
3 1401 1842 193
3 343 1547 120
3 1442 1886 646
3 281 1884 1134
3 1103 1354 698
3 1292 1778 96
3 1069 2047 667
3 1103 2039 75
3 254 1860 1077
3 1034 1872 231
3 740 2135 1047
3 78 1600 336
3 725 1642 1380
3 1051 1607 1571
3 631 1634 1196
3 216 1279 217
3 1571 2172 1051
3 652 1802 1282
3 1157 1439 678
3 320 2116 1563
3 1084 2345 705
3 1928 2126 629
3 650 2233 1446
3 267 1368 156
3 665 1649 1075
3 968 2241 1926
3 1180 1636 834
3 1271 1495 577
3 1403 2115 925
3 709 1414 1193
3 691 1371 1044
3 1124 1842 737
3 1387 1917 145
3 1432 1638 435
3 1075 1793 665
3 1497 1569 873
3 199 1496 1450
3 1189 2086 659
3 736 1483 1197
3 502 1499 1210
3 1019 2168 1522
3 122 1999 392
3 723 2039 1458
3 323 2179 324
3 355 1293 356
3 1223 1529 784
3 1268 1482 668
3 1195 1867 455
3 1423 1696 159
3 730 1701 1399
3 282 1574 1098
3 103 1844 251
3 358 1730 10
3 165 1772 1284
3 2242 2343 205
3 833 1841 989
3 74 1807 332
3 810 1396 1394
3 1609 2309 721
3 636 1907 1409
3 1270 1570 112
3 1116 2268 1709
3 1489 2258 669
3 150 1583 1490
3 827 1933 1516
3 280 1536 281
3 273 1670 274
3 1075 2071 627
3 1169 1370 136
3 406 1300 405
3 1208 1989 628
3 493 1369 494
3 1224 1466 241
3 1143 1509 841
3 287 2255 1785
3 1047 2135 291
3 638 1552 1122
3 1686 1838 986
3 65 1706 422
3 135 2274 2186
3 288 2334 1488
3 1111 1657 333
3 1275 1436 201
3 974 1886 1442
3 40 1604 518
3 773 1681 1412
3 954 2058 1974
3 1087 1973 1217
3 287 1785 286
3 749 1643 1070
3 1001 1631 1451
3 1431 1736 121
3 1085 1912 856
3 377 1481 376
3 1245 1990 621
3 321 2042 1692
3 1252 2173 2090
3 195 2125 1177
3 444 1454 445
3 1054 1543 516
3 1325 1902 94
3 756 1434 1178
3 717 1493 1213
3 1443 2031 657
3 1088 2008 472
3 1504 1505 868
3 121 1459 388
3 51 2080 299
3 692 1516 1152
3 1301 1405 705
3 273 1461 1271
3 535 1354 534
3 601 1706 65
3 631 1663 1101
3 1171 1939 125
3 408 1313 407
3 1391 1518 852
3 1213 1888 861
3 1167 1945 76
3 840 2090 1112
3 683 2028 1125
3 488 2070 1074
3 922 1726 1646
3 1132 1639 272
3 1507 2286 984
3 529 1333 528
3 983 2279 1576
3 1218 1562 143
3 189 1437 308
3 880 2338 1152
3 1630 2259 1115
3 1222 1565 314
3 1317 1661 91
3 1203 1934 794
3 490 2242 205
3 1323 1806 167
3 448 1951 447
3 1188 1961 1016
3 1284 1577 130
3 1065 1824 559
3 89 1370 341
3 809 1555 1420
3 64 1852 605
3 795 1922 1301
3 1174 1825 212
3 863 1688 1428
3 392 1999 420
3 242 1991 1249
3 855 1901 1369
3 943 2322 1192
3 1212 1442 904
3 1192 2322 127
3 1964 2222 980
3 39 1523 517
3 276 1524 1148
3 19 1724 501
3 328 1424 327
3 581 1385 580
3 219 1717 1103
3 2062 2064 741
3 1685 1907 636
3 335 1564 1006
3 2090 2173 681
3 349 1726 350
3 305 1852 64
3 362 1381 1361
3 1525 2249 999
3 1160 2278 892
3 728 1634 1101
3 363 1381 362
3 487 1575 347
3 945 1917 1387
3 400 1724 19
3 1197 2065 736
3 263 2131 119
3 30 1498 491
3 274 1670 1216
3 1092 1229 760
3 379 1376 16
3 225 1365 224
3 143 2287 187
3 1446 2017 733
3 1217 2017 627
3 1028 1833 1153
3 1122 2154 638
3 148 1570 1270
3 339 1957 340
3 1221 1311 352
3 1151 1650 157
3 1162 1349 161
3 188 1775 470
3 806 1619 1498
3 826 1896 1116
3 1107 1767 744
3 1140 1745 1069
3 1150 1475 753
3 1143 2294 1509
3 126 1306 593
3 691 1808 1371
3 536 2241 535
3 436 1255 157
3 1170 1765 722
3 1101 2261 728
3 1617 2100 931
3 1243 2099 380
3 638 2154 1129
3 235 1469 236
3 2075 2232 718
3 1271 1461 168
3 489 1508 33
3 1077 1942 813
3 1081 2144 1768
3 1119 1861 602
3 1188 2225 1035
3 926 2349 1324
3 1335 1985 881
3 533 2209 1556
3 186 1390 304
3 980 2162 1421
3 1116 1709 826
3 397 2189 125
3 742 1587 1241
3 1259 1590 393
3 1265 1794 822
3 1701 2169 1399
3 1216 1645 275
3 530 1987 1166
3 712 1990 1245
3 1149 1522 100
3 685 1973 1087
3 1383 2251 1057
3 320 2176 1505
3 1211 1800 889
3 201 1436 478
3 1576 2279 660
3 248 2002 249
3 1071 2295 591
3 457 1952 1260
3 548 2243 547
3 999 2249 684
3 1195 2185 738
3 336 1558 78
3 213 1550 504
3 253 1345 252
3 94 1618 112
3 12 1612 475
3 389 2305 600
3 99 2036 493
3 62 2264 596
3 386 1335 385
3 183 2081 1410
3 763 2002 1096
3 1389 2157 956
3 858 1861 1119
3 1453 2078 317
3 186 2148 235
3 719 2125 1383
3 1243 1939 829
3 467 2030 58
3 430 1636 1180
3 584 1324 583
3 100 1522 250
3 265 1468 1042
3 834 1838 1686
3 1197 1483 628
3 591 1559 1071
3 1850 2020 122
3 19 1798 400
3 1142 1626 964
3 793 1807 1486
3 1184 2091 836
3 641 2050 1163
3 196 1697 1265
3 1061 1967 875
3 1169 2037 342
3 1521 1928 772
3 1732 1893 786
3 495 1901 1182
3 1582 1700 108
3 790 2037 1169
3 1149 1672 690
3 212 1722 1174
3 853 1578 1351
3 1768 2144 878
3 151 1322 282
3 1125 1977 683
3 857 1780 1425
3 94 1748 1618
3 1648 1743 870
3 287 1702 288
3 762 2154 1122
3 1287 2167 1888
3 766 1875 1411
3 478 1551 201
3 707 2278 1160
3 370 1967 1061
3 1136 2052 746
3 1215 1772 297
3 765 1781 1456
3 523 2280 1422
3 1341 2303 349
3 1348 2230 1073
3 1176 1379 750
3 962 1733 1228
3 951 1842 1401
3 1260 1952 978
3 215 1339 214
3 843 2055 1795
3 202 1388 479
3 243 1991 242
3 1430 2174 815
3 1129 2154 762
3 648 1873 1297
3 274 1461 273
3 1102 1591 309
3 245 1487 244
3 1421 2162 876
3 641 1979 1451
3 300 1859 1099
3 555 1849 1210
3 1374 1557 598
3 988 2054 1743
3 1806 2030 467
3 385 1335 1067
3 973 1940 1900
3 570 1845 569
3 270 2124 137
3 709 1826 948
3 511 1959 896
3 621 1990 1435
3 1662 1696 839
3 104 1644 1204
3 1204 1644 129
3 221 1407 220
3 1336 2290 782
3 1093 2044 814
3 1069 1745 179
3 706 2044 1093
3 547 1574 546
3 248 1817 1096
3 238 2024 88
3 988 1743 1648
3 35 2070 488
3 1305 1438 735
3 118 1870 1130
3 459 2029 489
3 1013 2272 1647
3 1182 1901 855
3 192 1803 1209
3 1210 1849 503
3 101 2354 139
3 473 1379 1176
3 932 1521 1474
3 327 1679 326
3 758 1389 956
3 749 2212 1270
3 759 2191 2077
3 258 1597 1146
3 175 2165 1983
3 349 2303 1726
3 1116 2083 840
3 1647 2272 792
3 1272 2357 673
3 1240 1970 451
3 698 1458 1103
3 641 1757 1233
3 1337 1981 453
3 1151 1464 347
3 574 1454 1230
3 561 2257 1139
3 16 1376 395
3 152 2074 1125
3 1474 1521 772
3 1146 2310 778
3 759 1433 1073
3 515 1883 514
3 463 1623 462
3 1198 1426 331
3 726 1789 1250
3 141 1922 1117
3 739 1883 1543
3 296 1447 164
3 210 1692 166
3 490 2274 489
3 230 1693 1108
3 1145 1753 679
3 575 1454 574
3 1342 1460 805
3 224 2183 225
3 1723 1749 430
3 1163 2050 859
3 1130 1728 153
3 1371 1808 275
3 597 1915 64
3 853 1507 1127
3 64 1915 305
3 1279 2012 140
3 1153 1833 751
3 432 1696 1662
3 776 1639 1132
3 374 1732 1731
3 1317 1802 652
3 229 1847 228
3 1161 1417 783
3 1183 1564 334
3 1256 1596 785
3 760 1234 1092
3 800 1777 1181
3 213 1810 1550
3 393 1590 394
3 623 1609 1133
3 304 2148 186
3 282 1413 283
3 960 1796 518
3 1196 2327 908
3 1326 1750 803
3 1828 2102 357
3 1982 2233 777
3 567 1670 566
3 444 1336 443
3 837 1638 1432
3 386 1985 1335
3 256 1582 108
3 319 2271 320
3 157 1464 1151
3 2022 2048 969
3 421 1840 1296
3 624 2238 1647
3 1027 2156 1470
3 1585 2277 635
3 545 1415 49
3 1339 2318 939
3 101 2081 10
3 864 2055 1314
3 1245 1971 787
3 1607 1671 654
3 414 1344 413
3 338 1871 1331
3 769 1865 1484
3 223 1403 222
3 1807 2152 1486
3 1864 1990 712
3 1301 2019 868
3 946 2042 1114
3 243 1596 1256
3 100 1436 1275
3 632 2286 1507
3 848 1988 1094
3 1383 2125 994
3 354 1743 95
3 1137 1653 847
3 136 1960 1169
3 734 1155 1154
3 1296 1480 808
3 1263 2135 740
3 820 1645 1216
3 1470 2156 686
3 397 1939 1243
3 193 1842 1124
3 929 2034 1030
3 99 2307 1506
3 1189 2350 928
3 265 1686 134
3 645 1838 1172
3 703 1727 1295
3 1406 1422 884
3 142 2032 594
3 1795 2055 864
3 1168 1654 921
3 755 1564 1183
3 534 1717 44
3 161 1438 1162
3 1106 1933 662
3 73 2196 1118
3 1594 1687 787
3 378 1600 377
3 900 1525 1349
3 723 1458 1363
3 187 2287 1463
3 1518 1977 852
3 556 1905 504
3 1178 1818 756
3 587 1755 586
3 1085 2047 740
3 956 1641 758
3 1369 1878 855
3 165 2106 297
3 228 1502 227
3 1417 1711 783
3 910 2181 1282
3 873 2114 1497
3 1169 1960 790
3 484 1689 1415
3 914 1661 1317
3 1076 1814 190
3 737 2344 1159
3 1883 2205 514
3 794 1382 1312
3 109 1419 260
3 1399 1771 861
3 314 1565 193
3 136 1419 268
3 787 1687 1245
3 885 2143 1109
3 732 1962 1323
3 879 2067 1062
3 1231 1536 163
3 428 1935 1254
3 1336 1347 443
3 175 1983 300
3 120 1416 5
3 1314 2012 864
3 1152 2338 692
3 1283 2277 684
3 863 2120 1688
3 976 1799 813
3 873 1794 1265
3 826 2216 1107
3 2202 2272 1134
3 2089 2273 1186
3 1080 1713 79
3 1358 1421 731
3 1482 1829 668
3 1016 1494 658
3 268 1457 269
3 1417 2324 654
3 1230 1454 444
3 1165 1667 201
3 691 2288 1808
3 1099 1859 771
3 1390 1862 991
3 1888 2167 861
3 794 1825 1174
3 1328 1857 721
3 688 1993 1129
3 385 2170 386
3 1219 1850 1078
3 1451 1979 1001
3 439 1929 1023
3 1313 1855 844
3 690 2203 1149
3 170 1392 447
3 1156 1955 668
3 714 1375 1258
3 1154 1567 817
3 1098 1574 547
3 297 1772 165
3 689 2064 1031
3 401 1588 129
3 1235 2101 855
3 831 1868 1128
3 1025 2038 1185
3 706 1420 1257
3 1248 2318 216
3 323 2077 322
3 255 1860 254
3 112 1618 1270
3 1425 1780 716
3 230 1872 1079
3 1193 1580 646
3 1001 1667 1165
3 261 1714 262
3 123 1581 1400
3 874 1975 1339
3 1635 2124 270
3 1113 1807 793
3 1090 1527 748
3 319 1505 1504
3 1031 1763 689
3 1793 1982 777
3 141 1405 1301
3 7 1464 486
3 1957 2141 340
3 1184 1689 483
3 20 1889 404
3 879 1921 1374
3 1318 1782 741
3 678 2263 1157
3 1387 2094 784
3 1338 2172 818
3 1297 1629 648
3 1481 2232 949
3 1200 2208 167
3 701 1760 1134
3 1760 2187 280
3 1187 1664 688
3 1674 1785 812
3 549 2057 1139
3 625 1668 1072
3 1373 1860 255
3 1114 2342 126
3 636 1460 1342
3 54 2345 1084
3 1074 1762 1575
3 726 1860 1373
3 1409 1907 935
3 285 1823 1286
3 480 1889 20
3 1195 1658 233
3 433 1675 26
3 634 1707 1304
3 1480 1843 808
3 1100 2195 745
3 908 1947 1280
3 234 1449 233
3 167 1806 467
3 1282 2181 255
3 1417 1671 817
3 1498 1619 491
3 1475 1589 936
3 356 1828 357
3 1050 1974 252
3 1173 1734 661
3 1245 1687 712
3 971 1785 1674
3 541 2143 540
3 290 1832 154
3 1174 1853 713
3 743 1587 1225
3 309 1591 310
3 189 1682 1437
3 365 1548 366
3 262 2072 1236
3 1402 1535 783
3 837 1430 1397
3 434 1744 1266
3 659 2350 1189
3 1361 1381 761
3 809 1535 1402
3 171 1274 450
3 6 1911 158
3 596 2264 1226
3 1395 1496 361
3 1382 2341 1312
3 1150 1920 629
3 96 1514 1269
3 1186 2273 1003
3 434 1432 435
3 744 1767 1168
3 1286 1823 846
3 1118 2192 1615
3 1203 2239 713
3 215 2318 1339
3 1189 2215 387
3 1435 1592 766
3 720 2310 1146
3 166 1692 1659
3 15 1528 1485
3 1079 2161 230
3 1075 1982 1793
3 134 1468 265
3 845 2173 1252
3 215 1795 216
3 229 2159 1693
3 342 2037 343
3 1118 1615 73
3 1689 2332 1415
3 285 1445 284
3 956 1699 806
3 107 1818 1178
3 1484 1865 507
3 408 1855 1313
3 253 2058 254
3 984 2286 1121
3 415 1490 416
3 446 1495 168
3 403 2306 20
3 803 1611 1326
3 1032 2165 886
3 1038 1753 1531
3 1148 1885 144
3 564 2271 563
3 1194 1365 225
3 844 1855 1290
3 354 1874 355
3 563 2271 319
3 1465 2150 858
3 1532 2003 832
3 748 2217 1090
3 1286 2339 286
3 1167 1695 978
3 851 1750 1326
3 1546 2183 224
3 147 2317 1782
3 210 2128 321
3 743 1225 1190
3 1078 1850 122
3 924 1843 1480
3 442 1430 441
3 137 1945 1086
3 671 1765 1170
3 1290 2124 844
3 805 1730 1334
3 648 2096 1873
3 537 1926 536
3 687 2000 1356
3 358 1819 1254
3 1451 1757 641
3 182 1927 197
3 47 2043 541
3 876 1538 1537
3 627 2071 1232
3 928 2215 1189
3 295 1375 1199
3 1157 2283 786
3 473 1176 1088
3 299 1413 298
3 1467 1485 901
3 406 1623 1206
3 1473 2325 212
3 1139 2257 549
3 1209 1803 812
3 414 1935 415
3 440 1768 441
3 558 2296 53
3 1202 2335 767
3 174 1859 300
3 6 1900 439
3 178 2270 1952
3 931 2344 1617
3 485 2256 1255
3 1324 2349 583
3 362 1758 363
3 310 1897 190
3 1177 2125 719
3 183 2207 301
3 20 2306 480
3 599 1374 598
3 522 1558 521
3 19 2341 128
3 1357 1536 1036
3 594 2032 63
3 498 1479 499
3 356 1465 355
3 332 1898 1568
3 4 1858 80
3 1294 2229 716
3 792 1955 1647
3 221 1523 39
3 1115 2259 985
3 1693 2159 1040
3 979 1626 1142
3 1128 1868 302
3 727 1601 1448
3 514 2205 513
3 104 2104 255
3 1098 2035 151
3 436 1510 435
3 769 1484 1267
3 1386 1986 144
3 1416 2048 899
3 1274 2237 453
3 829 2099 1243
3 119 2068 70
3 446 1491 1294
3 449 1981 1337
3 792 2272 2202
3 594 1881 142
3 440 2119 1432
3 747 1565 1222
3 1308 1566 364
3 438 1940 1058
3 471 1528 15
3 610 1474 609
3 150 1935 428
3 1314 2055 702
3 1225 1587 742
3 78 1422 1406
3 1044 1730 805
3 767 2078 1453
3 939 2318 1248
3 328 1650 1151
3 249 1614 250
3 537 2095 1926
3 1424 1679 327
3 390 2067 1378
3 1952 2270 1145
3 2 1657 410
3 1323 1962 906
3 86 2083 2079
3 751 2245 1694
3 255 2104 1373
3 1334 1730 358
3 26 1675 440
3 1288 1392 170
3 448 1545 449
3 277 1524 276
3 260 1774 259
3 753 1920 1150
3 1568 1898 366
3 1317 1995 865
3 1058 1734 769
3 978 1952 1145
3 684 2249 1283
3 1398 1874 354
3 1190 1307 743
3 275 1645 139
3 637 1456 1411
3 87 2158 237
3 806 1641 956
3 697 2046 1676
3 649 1813 1532
3 787 2096 1586
3 44 1717 219
3 396 2240 397
3 665 2103 1175
3 21 2098 1350
3 2079 2083 1116
3 121 1737 1459
3 962 2020 1850
3 190 1897 1126
3 332 1568 74
3 310 1703 309
3 168 1495 1271
3 1979 2269 872
3 10 1819 358
3 669 2258 1631
3 1348 1611 803
3 712 1687 1196
3 1141 2326 735
3 1362 2123 770
3 1201 1471 693
3 1232 2071 778
3 284 1887 152
3 794 2239 1203
3 654 1671 1417
3 168 1491 446
3 2090 2340 1112
3 222 2184 81
3 1175 2346 1021
3 705 2262 1128
3 1837 1846 1041
3 1754 1986 770
3 343 2037 1547
3 642 2222 1094
3 1382 1934 552
3 75 2039 1211
3 417 2087 389
3 956 2157 1699
3 347 1464 7
3 851 1545 1509
3 664 1846 1837
3 1374 1921 699
3 1003 1880 673
3 524 2280 523
3 1233 1757 890
3 834 1636 1172
3 475 1612 1138
3 1699 2157 417
3 174 2022 1531
3 967 2339 1286
3 1187 2011 928
3 1284 1772 797
3 1900 1940 439
3 1181 1646 800
3 1535 1786 643
3 888 2182 1246
3 1285 2317 147
3 1068 1705 678
3 759 2077 1433
3 322 1769 323
3 212 1825 500
3 333 1657 2
3 445 1512 446
3 259 1895 258
3 1172 1662 839
3 1356 2000 885
3 157 2256 1464
3 435 1638 436
3 521 1558 336
3 860 1700 1582
3 411 2289 1948
3 797 1772 1215
3 262 1968 263
3 817 1671 1154
3 136 1774 1419
3 317 2078 1604
3 516 1543 515
3 687 1651 1148
3 387 2215 388
3 41 1796 290
3 940 2131 188
3 1204 1822 160
3 1303 1943 463
3 1209 2255 287
3 1327 2062 741
3 476 1669 1147
3 1343 2197 1017
3 1189 1954 886
3 485 1777 1341
3 499 1627 498
3 271 2296 1132
3 935 2026 1425
3 1020 1682 189
3 1676 2046 1057
3 468 1740 1200
3 1224 1225 742
3 415 1751 414
3 503 2023 88
3 1236 2015 262
3 1033 1986 1754
3 483 1689 484
3 629 2126 1150
3 1364 1928 629
3 1118 2357 1010
3 681 2340 2090
3 1287 1888 342
3 1074 2070 466
3 1702 2334 288
3 435 1744 434
3 1474 2293 932
3 334 1564 335
3 1249 1879 242
3 937 2122 1941
3 129 1822 1204
3 160 2174 442
3 1339 1975 214
3 1030 2034 2027
3 1208 2338 880
3 690 2269 1163
3 1103 1717 1354
3 789 2107 1584
3 1340 2127 909
3 1348 1433 324
3 1183 1969 755
3 1277 2273 106
3 268 1960 136
3 1887 2129 152
3 852 2074 1470
3 1529 1993 945
3 769 1734 1173
3 1270 1618 749
3 1172 1838 834
3 1164 1756 842
3 1477 2246 45
3 1365 2115 224
3 293 1683 1352
3 259 1540 260
3 754 1562 1218
3 2106 2163 1112
3 1504 1909 318
3 1699 2265 806
3 246 2107 98
3 263 2072 262
3 321 2128 1289
3 1537 1538 764
3 1532 1813 911
3 1283 2249 900
3 1120 2221 220
3 1201 2021 469
3 181 1943 1385
3 1210 2190 554
3 1246 2147 888
3 1137 2166 1653
3 324 1433 323
3 821 1893 1205
3 1191 1947 97
3 353 1554 426
3 433 1696 432
3 397 2240 2189
3 466 2069 1074
3 816 1906 1333
3 159 2211 1423
3 590 2295 1143
3 420 1999 421
3 760 1679 1424
3 903 2084 1526
3 1242 1845 302
3 513 1194 512
3 89 1544 1370
3 504 1849 556
3 1239 1463 804
3 841 2160 1143
3 735 1820 1123
3 1517 1754 770
3 493 2036 1369
3 121 2011 1187
3 95 2009 354
3 1900 2018 973
3 53 2296 271
3 991 2277 1283
3 1400 2145 123
3 456 2185 1195
3 855 2101 1182
3 1636 1662 1172
3 431 1749 1250
3 710 2312 1013
3 525 2095 43
3 1098 2243 2035
3 644 1750 1509
3 615 2085 1023
3 777 1688 1298
3 174 2048 2022
3 88 2024 1798
3 1424 2056 919
3 1345 2343 252
3 264 1603 123
3 395 2308 394
3 767 1832 960
3 1062 1921 879
3 741 2064 1318
3 1643 1856 647
3 591 2295 590
3 1174 2239 794
3 1607 2321 734
3 172 1611 211
3 868 2019 1083
3 197 1800 1212
3 374 1697 196
3 122 2020 1380
3 107 1568 366
3 347 1575 0
3 1094 1988 642
3 1345 1799 205
3 741 1787 1327
3 1237 2164 133
3 829 2326 1141
3 344 1911 6
3 872 1672 1275
3 223 2115 1403
3 229 1693 230
3 704 2110 1198
3 1411 1456 766
3 651 1827 1746
3 209 2127 1340
3 1232 2310 720
3 1294 1780 1015
3 1491 2229 1294
3 138 1639 1332
3 1276 2261 1101
3 1242 2207 820
3 777 2233 1428
3 1168 1767 656
3 237 2178 87
3 925 2115 1365
3 366 1898 365
3 1121 1515 710
3 449 2348 1330
3 154 2335 1202
3 1634 2327 1196
3 559 1824 558
3 779 1610 1247
3 484 1721 483
3 698 2065 1197
3 245 1584 246
3 785 1735 1256
3 693 1914 1233
3 733 2017 1217
3 1128 2262 831
3 1175 2278 707
3 702 1685 1342
3 1333 1906 528
3 1509 1545 841
3 1388 1966 479
3 552 1934 551
3 43 2095 537
3 1441 2302 132
3 819 1592 1435
3 1835 2207 183
3 1384 1931 622
3 793 1700 1629
3 314 1598 313
3 1291 2337 893
3 1531 1859 174
3 301 2207 1242
3 689 1863 1269
3 119 1599 263
3 46 1620 277
3 444 2220 1336
3 964 1984 680
3 33 1508 458
3 242 1596 243
3 331 1299 365
3 1264 1389 758
3 167 2208 1323
3 657 2100 1617
3 1298 1688 124
3 1415 2332 311
3 472 2008 1205
3 778 2310 1232
3 672 2314 1776
3 1255 2256 157
3 438 1929 439
3 1010 2357 1272
3 1266 2211 159
3 1334 2319 805
3 9 1720 424
3 969 2048 1416
3 1278 2312 710
3 1292 1462 727
3 770 2123 1517
3 169 1809 28
3 431 1636 430
3 329 2062 1327
3 816 1946 1208
3 592 1559 591
3 910 1802 1613
3 71 1496 1395
3 1310 2284 722
3 345 1900 6
3 849 1943 1303
3 252 1974 253
3 751 1694 1319
3 970 1856 1643
3 724 1684 1329
3 328 2056 1424
3 1499 2190 1210
3 1420 1555 110
3 1701 2121 1048
3 1250 1749 813
3 507 1865 506
3 1465 1877 355
3 595 1881 594
3 710 1805 1278
3 1451 1631 732
3 569 1845 1242
3 1579 2280 524
3 249 2168 1235
3 1222 1728 747
3 138 1560 1503
3 1613 1802 865
3 736 1738 1360
3 177 2112 496
3 867 1637 1264
3 1492 1947 908
3 327 1650 328
3 1161 2324 1417
3 441 2119 440
3 1205 2008 821
3 1105 1911 344
3 1242 2001 569
3 645 1794 1569
3 1269 1863 781
3 205 2343 1345
3 1235 2168 1019
3 798 1847 1179
3 713 2239 1174
3 1708 2030 906
3 1832 2335 154
3 805 2319 1342
3 257 1597 258
3 87 2132 1192
3 209 1925 499
3 757 1719 1315
3 97 1947 1492
3 405 1623 406
3 937 1941 1608
3 722 1765 1310
3 258 1616 257
3 1322 1413 282
3 653 1815 1608
3 417 2032 142
3 1667 1979 872
3 1727 1836 959
3 621 1971 1245
3 637 1797 1589
3 1309 2104 104
3 242 1879 97
3 1001 1979 1667
3 1647 2238 1013
3 134 1625 1468
3 2077 2191 957
3 98 1673 1321
3 1262 1716 700
3 735 2326 1305
3 431 1662 1636
3 354 2009 1398
3 1369 1901 494
3 375 2094 114
3 399 2040 1246
3 699 1557 1374
3 1312 1825 794
3 331 1898 332
3 1056 1995 91
3 1385 1943 849
3 367 1555 1402
3 389 2032 417
3 144 1986 1718
3 371 1570 425
3 1004 2237 1506
3 1289 1918 321
3 1834 1865 1173
3 1120 1858 850
3 1869 2028 1063
3 721 1677 1359
3 846 2028 1869
3 825 1879 1249
3 732 1757 1451
3 622 1857 1328
3 717 1771 1276
3 1411 1797 637
3 141 1630 416
3 1318 2064 689
3 863 1836 1727
3 881 2121 1701
3 1229 2206 1002
3 501 2341 19
3 716 1780 1294
3 103 2242 2029
3 247 1817 248
3 903 2015 1236
3 128 2341 1382
3 186 1896 1390
3 165 2163 2106
3 1249 2247 825
3 1214 1361 761
3 316 2183 315
3 1236 2084 903
3 987 2233 1982
3 613 1640 437
3 975 2202 1884
3 535 2241 1354
3 639 1876 1541
3 157 1650 436
3 1114 2042 321
3 191 2332 1184
3 701 2312 1923
3 1437 1682 754
3 1333 1946 816
3 58 2030 588
3 1254 1819 428
3 142 1699 417
3 1428 1836 863
3 849 1918 1289
3 336 1600 378
3 234 2148 1449
3 820 2001 1242
3 864 2012 1279
3 660 1875 1592
3 664 1821 1444
3 650 1836 1428
3 1250 1942 726
3 878 2104 1309
3 1216 1670 567
3 920 2221 1120
3 569 2001 568
3 871 1834 1173
3 473 1229 1092
3 822 1573 1265
3 424 1720 1285
3 432 1662 431
3 1141 2099 829
3 120 2155 1416
3 1694 2245 850
3 158 2284 1310
3 1130 2210 1728
3 1255 1848 203
3 272 1639 138
3 906 1806 1323
3 784 2075 1223
3 1479 2285 499
3 1202 2038 711
3 550 2057 549
3 634 2169 1707
3 1481 1600 78
3 1659 1692 946
3 233 1658 234
3 1629 1700 860
3 1298 1793 777
3 718 2045 1223
3 1707 2169 1048
3 477 1669 476
3 453 2237 454
3 866 1594 1586
3 1297 1873 704
3 2014 2288 824
3 363 1758 1690
3 886 2170 1032
3 957 2342 1114
3 1173 1865 769
3 1179 2161 1079
3 1280 1864 712
3 179 1680 1513
3 923 1829 1482
3 1422 1558 522
3 1327 1787 1
3 148 2212 1625
3 1016 1816 1494
3 582 2093 581
3 1444 1821 866
3 1217 1973 955
3 694 2013 1343
3 528 1906 527
3 262 2015 261
3 1332 1639 776
3 1386 1885 788
3 1192 2013 694
3 363 1690 102
3 1506 2307 1004
3 716 2229 1409
3 1526 2210 903
3 383 2006 1353
3 128 2190 1499
3 491 1619 206
3 1605 2111 32
3 1716 2097 700
3 639 2140 1876
3 839 1696 1423
3 1236 2072 874
3 203 1848 1397
3 436 1638 1255
3 813 1942 1250
3 1220 2217 748
3 1472 2126 981
3 1616 1895 799
3 1194 1261 512
3 1824 2296 558
3 1380 1642 421
3 1207 2018 346
3 394 2308 1533
3 1300 2171 477
3 430 1749 431
3 756 1874 1398
3 812 2255 1209
3 436 1650 1510
3 697 2247 1249
3 1505 2176 795
3 600 2305 599
3 1246 2182 399
3 610 2293 1474
3 1329 2138 830
3 1498 1641 806
3 655 2084 1956
3 1656 1742 889
3 1097 2297 173
3 1408 2268 840
3 269 1665 268
3 248 1878 247
3 742 1466 1224
3 1420 1919 1257
3 261 1870 118
3 446 1512 1495
3 1332 1722 212
3 139 2354 1371
3 1344 1890 413
3 1136 2298 134
3 1816 1961 496
3 1320 2016 823
3 277 1620 1524
3 1531 2022 1038
3 86 2079 236
3 1247 1748 779
3 1414 1681 773
3 608 1719 607
3 963 2171 1300
3 936 1797 1759
3 918 1882 1746
3 75 1729 219
3 1390 1896 826
3 1377 1933 827
3 1293 1828 356
3 773 2267 1088
3 1776 2314 1117
3 140 2012 1314
3 84 2198 1201
3 552 2193 1382
3 128 2193 2190
3 503 1849 504
3 1346 1347 782
3 527 1906 1360
3 474 2142 1379
3 730 2167 1287
3 500 1825 1312
3 1303 1769 849
3 1442 2281 974
3 1506 1817 247
3 2066 2337 696
3 1581 1710 814
3 1637 2010 392
3 1305 2326 829
3 63 2032 389
3 738 1273 1188
3 481 2091 482
3 1586 1594 787
3 1246 2040 909
3 1427 1813 649
3 1148 2000 687
3 1468 1625 764
3 1428 1688 777
3 828 1710 1581
3 1058 1940 1741
3 387 1954 1189
3 1371 2354 1044
3 825 2247 1238
3 96 1778 9
3 1444 1846 664
3 1354 1717 534
3 680 1890 1344
3 1608 1815 937
3 1442 1580 904
3 1343 2013 845
3 830 1813 1427
3 1400 1581 814
3 228 1847 1502
3 1648 1852 988
3 173 1641 1498
3 1252 2083 86
3 860 1846 1444
3 355 1874 1293
3 840 2083 1252
3 807 1949 1501
3 762 1736 1431
3 465 2069 466
3 1423 2211 72
3 254 2058 1282
3 1510 1650 327
3 411 1695 410
3 398 2040 399
3 1527 1725 651
3 1296 1840 307
3 1606 2110 1030
3 1359 1677 796
3 1341 1777 800
3 1753 2270 771
3 556 1849 555
3 549 2257 52
3 278 2130 114
3 459 1978 460
3 1569 1794 873
3 1446 1674 650
3 705 2019 1301
3 276 2016 1320
3 123 1652 1581
3 326 2301 325
3 649 1756 1427
3 1429 1978 459
3 1238 2247 697
3 203 1777 485
3 402 2351 401
3 202 1624 1388
3 1339 1956 874
3 1728 2210 747
3 1459 1704 1089
3 345 2018 1900
3 776 1722 1332
3 398 2158 127
3 823 2004 1320
3 788 2351 1362
3 903 2210 1870
3 506 1834 505
3 1226 2060 596
3 115 1916 1366
3 1252 2090 840
3 510 1919 509
3 1759 1797 854
3 588 1708 587
3 231 1872 230
3 602 1861 601
3 827 1987 1377
3 88 1798 502
3 70 1975 1599
3 699 1843 1557
3 357 2150 356
3 1132 2296 1824
3 377 1600 1481
3 824 2288 1764
3 1486 1700 793
3 1447 1826 709
3 1331 2321 675
3 1259 2120 863
3 2008 2267 821
3 1352 1683 801
3 722 2284 1105
3 1203 2057 550
3 1594 1801 631
3 1423 2276 2118
3 832 1994 1384
3 701 1923 1760
3 1560 1790 802
3 127 2322 1340
3 1207 2282 2018
3 1393 2061 798
3 1262 1665 269
3 802 1790 1608
3 1372 1851 1093
3 862 1930 1324
3 1413 2080 283
3 971 1674 1446
3 651 1725 1622
3 796 2300 1359
3 1932 2174 160
3 1081 1768 1675
3 804 2009 1239
3 1320 2004 543
3 1228 2133 633
3 1803 2117 812
3 1622 1827 651
3 1352 2149 293
3 1589 1797 936
3 626 1770 1439
3 1072 1668 765
3 646 1580 1442
3 1603 1652 123
3 191 1698 1553
3 279 2130 278
3 1870 2210 1130
3 1676 2200 875
3 1526 2084 655
3 321 1918 322
3 1766 1907 843
3 1503 1560 802
3 162 1661 1660
3 1342 2319 702
3 1924 2028 683
3 1826 2252 948
3 1380 2020 725
3 1332 2153 138
3 1153 2200 81
3 1471 2316 1914
3 70 2026 214
3 376 1805 377
3 439 1940 438
3 325 2211 1266
3 1550 1810 938
3 912 1812 1635
3 284 1823 285
3 460 1978 1353
3 693 1740 1201
3 1368 1723 156
3 1606 2027 625
3 1117 1922 1776
3 1722 1853 1174
3 1315 1719 608
3 222 2251 1383
3 1398 2009 804
3 211 2098 172
3 116 1844 384
3 1511 1856 810
3 1509 1750 851
3 1458 2039 1103
3 866 1801 1594
3 915 1742 1656
3 518 1796 41
3 178 1952 457
3 1407 1831 220
3 236 2079 186
3 1410 2081 101
3 1350 2098 211
3 1731 1732 786
3 221 2221 1523
3 1983 2165 1032
3 384 1976 17
3 543 2004 542
3 231 2316 232
3 1362 2351 402
3 540 2143 1620
3 289 2061 153
3 151 2035 1553
3 2175 2208 1200
3 1635 1812 844
3 2018 2282 973
3 144 2016 276
3 1448 1779 727
3 335 1841 334
3 890 2208 2175
3 723 2281 1212
3 1545 2348 449
3 796 1677 1576
3 399 2182 400
3 1239 2009 95
3 553 2193 552
3 111 1967 370
3 753 1931 1384
3 57 2007 59
3 409 1855 408
3 1353 2006 460
3 1768 2226 441
3 789 1704 1459
3 1423 2118 839
3 1170 2248 757
3 622 1931 1759
3 869 1851 1372
3 466 2299 465
3 1384 1994 753
3 132 1894 407
3 386 1954 387
3 942 2231 1595
3 345 2138 346
3 888 1913 1473
3 1328 2309 842
3 144 1885 1386
3 1360 1906 816
3 728 2261 1304
3 867 2266 2066
3 355 1877 354
3 1419 1774 260
3 230 2161 229
3 108 1700 1486
3 837 2119 1430
3 1422 2280 884
3 625 2027 1668
3 1366 1916 775
3 1063 2028 1924
3 1226 1951 206
3 1290 1855 409
3 1666 1721 484
3 130 2353 1284
3 145 1902 1325
3 961 2227 1549
3 1257 1919 510
3 72 2276 1423
3 1 2260 1277
3 854 1797 1411
3 342 1888 341
3 283 2080 50
3 237 2320 238
3 1090 2164 780
3 1086 2097 1716
3 1323 2208 890
3 1576 1677 983
3 1155 1871 338
3 494 1901 495
3 86 2197 1343
3 925 2205 1883
3 1750 2230 803
3 78 1558 1422
3 959 2117 1803
3 1491 2014 824
3 1632 2113 979
3 214 1975 70
3 1702 1839 894
3 110 1919 1420
3 967 1839 1702
3 125 1939 397
3 1923 2312 1278
3 171 1817 1506
3 212 2325 1332
3 1377 1987 531
3 1459 1737 789
3 131 2291 1930
3 302 1868 301
3 955 2129 1887
3 1397 1848 837
3 798 2061 1488
3 833 1978 1429
3 826 1862 1390
3 247 1878 1369
3 583 2349 582
3 394 2302 393
3 695 1556 1127
3 1309 2226 878
3 346 2018 345
3 948 2109 1681
3 966 2355 2092
3 153 2061 1393
3 841 1392 1288
3 1549 2227 83
3 1145 2270 1753
3 935 1907 1766
3 1460 1764 691
3 113 2206 1950
3 772 1928 1364
3 463 1943 181
3 236 2197 86
3 1456 1781 766
3 1254 1935 414
3 1396 2165 175
3 1430 2119 441
3 531 1987 530
3 883 1705 1561
3 1541 1998 639
3 1340 1925 209
3 604 2049 603
3 1553 1698 797
3 387 1985 386
3 927 2179 1303
3 752 2259 1630
3 1714 1872 1034
3 1510 1744 435
3 797 1698 1577
3 299 2080 1413
3 1657 2289 410
3 588 2030 1708
3 2266 2297 1097
3 403 2123 402
3 311 2332 191
3 611 2293 610
3 1105 2053 722
3 1623 2108 462
3 2066 2266 1097
3 896 2145 1400
3 1552 2045 958
3 52 2257 561
3 457 1964 178
3 365 1898 331
3 388 2011 121
3 1914 2316 859
3 454 2237 1004
3 682 2290 1336
3 98 1963 246
3 1358 2270 178
3 213 1905 557
3 1353 1978 833
3 1641 2297 758
3 647 1856 1511
3 506 1865 1834
3 788 1885 1651
3 1292 1779 1778
3 1685 2055 843
3 1926 2095 1066
3 72 2211 325
3 1523 2221 920
3 1373 2144 726
3 709 1681 1414
3 147 1782 1318
3 1464 2256 486
3 498 2236 497
3 1368 2186 976
3 280 2187 279
3 269 2235 270
3 394 2041 395
3 298 1413 1322
3 1955 2202 975
3 856 2149 1352
3 207 2313 495
3 633 2133 1518
3 912 2235 1457
3 1201 2198 1471
3 1705 1937 678
3 126 2342 1306
3 1369 2036 247
3 264 1959 37
3 878 2144 1373
3 819 1864 1713
3 177 2111 1626
3 819 1990 1864
3 1457 2235 269
3 1523 2323 517
3 479 1966 480
3 1286 2188 967
3 742 1624 1466
3 373 2194 1938
3 1746 1827 918
3 554 2190 553
3 949 2232 2075
3 1416 2155 969
3 778 2071 1649
3 1127 1507 695
3 130 2311 404
3 1621 1794 645
3 1300 2051 405
3 771 2270 1358
3 477 2171 478
3 1946 2338 1208
3 1438 1820 735
3 1380 1999 122
3 1573 2276 1158
3 596 2060 595
3 906 1962 1708
3 238 2320 2024
3 113 1950 472
3 721 2309 1328
3 1502 1847 798
3 1467 2206 113
3 1515 2286 632
3 614 1929 1640
3 2024 2320 399
3 401 2275 402
3 771 1859 1531
3 216 2318 215
3 1559 2191 759
3 770 1986 1386
3 501 2073 500
3 83 2227 226
3 1000 2331 1614
3 500 2073 1473
3 1212 2281 1442
3 822 1794 1621
3 780 1725 1090
3 1112 2163 1408
3 1421 2005 731
3 1310 2224 911
3 794 1934 1382
3 249 2002 1614
3 324 2352 2146
3 1577 1698 836
3 1312 2341 501
3 1760 1923 1029
3 1653 2166 624
3 228 2159 229
3 754 1682 1562
3 1405 2262 705
3 224 2115 223
3 100 2331 1436
3 1734 1741 661
3 1409 2229 824
3 32 2111 177
3 1747 1854 492
3 400 2024 399
3 1402 1555 809
3 410 2289 411
3 1411 1875 854
3 579 2128 210
3 1484 2330 1267
3 250 2168 249
3 398 2320 2158
3 868 1909 1504
3 831 2262 1405
3 1769 2179 323
3 255 2181 104
3 250 2331 100
3 1959 2145 896
3 1425 2068 857
3 1543 1883 515
3 67 2330 616
3 81 2251 222
3 1485 1528 901
3 168 2014 1491
3 346 2138 1329
3 809 1786 1535
3 823 1721 1666
3 1531 1753 771
3 843 1907 1685
3 887 1944 1450
3 190 1814 1530
3 1088 2267 2008
3 405 2108 1623
3 565 2116 564
3 235 2148 234
3 1436 2331 1000
3 92 2085 194
3 91 1995 1317
3 1121 2286 1515
3 902 2325 1473
3 1040 2159 1367
3 1614 2331 250
3 1588 2351 788
3 1539 1893 821
3 1455 1894 838
3 135 2186 1368
3 1551 2171 963
3 1724 2182 888
3 499 2285 209
3 137 2124 1290
3 356 2150 1465
3 1957 2300 796
3 747 2210 1526
3 1445 1887 284
3 1359 2300 675
3 782 2290 1784
3 1678 2075 784
3 1373 2104 878
3 106 2089 329
3 1385 2093 181
3 223 2218 224
3 1941 2122 672
3 131 1930 1519
3 820 1835 1645
3 1144 1970 452
3 616 2330 1484
3 1412 2109 626
3 902 1790 1560
3 145 1917 1902
3 286 2339 287
3 402 2123 1362
3 251 2242 103
3 1928 2333 981
3 1466 1992 241
3 1367 2159 228
3 1518 2133 941
3 350 2292 47
3 1614 2002 763
3 1284 2353 944
3 1420 2304 809
3 13 1867 1866
3 112 2223 351
3 1891 1953 694
3 1791 2093 582
3 673 2196 1186
3 127 2158 87
3 1264 2266 867
3 1054 2134 1476
3 2199 2291 1206
3 952 2041 1590
3 123 2145 264
3 692 2338 1946
3 1278 1805 376
3 861 2167 1399
3 996 2236 1627
3 819 2025 1592
3 1655 1783 940
3 1473 1913 902
3 1871 2321 1331
3 1473 2073 888
3 87 2178 1572
3 220 2221 221
3 838 2308 1376
3 1083 2019 705
3 399 2320 398
3 1378 2067 879
3 1365 2205 925
3 755 1969 1455
3 252 2343 251
3 1549 1869 1063
3 1788 2209 117
3 1515 2076 710
3 1533 2302 394
3 1627 2236 498
3 407 1894 1455
3 1902 1917 1007
3 1762 2069 919
3 960 1832 1796
3 1678 2094 375
3 949 2075 1678
3 883 1938 1937
3 718 2232 1406
3 656 2268 1408
3 1808 2288 995
3 800 2303 1341
3 807 2192 1472
3 2158 2320 237
3 1233 2050 641
3 832 2003 1994
3 486 2256 485
3 1403 2184 222
3 114 2094 1387
3 2127 2151 937
3 1843 2214 808
3 1399 2167 730
3 412 2204 140
3 675 2300 1331
3 1608 1790 653
3 1590 2041 394
3 996 1953 1891
3 301 1868 1583
3 780 2164 1237
3 1263 1513 811
3 1521 2137 640
3 1626 2112 177
3 1471 1914 693
3 1330 2348 851
3 631 1801 1663
3 1739 2091 481
3 1524 1620 885
3 468 2021 1740
3 1691 2031 947
3 1301 1922 141
3 902 1913 1790
3 876 2005 1421
3 1910 2345 54
3 421 1999 1380
3 1399 2169 634
3 784 2094 1678
3 110 1831 1407
3 75 1742 1729
3 589 2160 1288
3 1408 2163 944
3 830 2138 1715
3 1660 1876 801
3 1376 2308 395
3 1656 2299 915
3 1039 1737 1736
3 1640 1929 438
3 251 2343 2242
3 851 2348 1545
3 1801 1821 898
3 658 2225 1016
3 832 2329 1532
3 1439 1770 714
3 750 2250 1580
3 452 1970 1240
3 1746 1882 848
3 731 2005 1511
3 866 1821 1801
3 1713 2025 819
3 83 2188 1869
3 2164 2217 133
3 1199 2252 1826
3 838 1894 1533
3 1815 2127 937
3 492 2307 99
3 1041 1846 1582
3 1302 1944 887
3 1435 1990 819
3 768 2336 1489
3 478 2171 1551
3 786 1893 1539
3 138 2153 1560
3 1582 1846 860
3 640 2333 1521
3 1620 2143 885
3 1663 1801 898
3 926 2291 2199
3 1712 2150 357
3 601 1861 1706
3 1994 2003 1026
3 646 1886 1593
3 1708 1962 907
3 1488 2061 289
3 194 2253 92
3 1425 2026 70
3 775 1916 1904
3 1924 2355 966
3 1090 1725 1527
3 857 1783 1655
3 8 1980 1561
3 1494 1816 497
3 1581 1652 828
3 1557 1843 924
3 1058 1741 1734
3 821 2267 1412
3 1452 2180 14
3 1267 2330 67
3 1030 2027 1606
3 1541 1876 914
3 171 2237 1274
3 866 2244 1444
3 1533 1894 132
3 1736 1737 121
3 808 2214 1602
3 161 1820 1438
3 823 2016 1718
3 839 2118 1621
3 1542 2346 1175
3 964 2111 1605
3 1285 2102 774
3 1016 1961 1816
3 1675 1768 440
3 1476 2134 630
3 753 1994 1920
3 83 1869 1549
3 1920 1994 1026
3 1909 1910 318
3 1270 2212 148
3 2100 2189 931
3 886 2165 1396
3 1776 1922 795
3 1759 2059 622
3 1533 2308 838
3 1790 1913 653
3 1466 1624 202
3 1428 2233 650
3 1595 2231 1050
3 180 1970 1144
3 758 2297 2266
3 158 1903 1715
3 1410 1835 183
3 1733 2092 941
3 1904 1916 952
3 790 1960 1665
3 315 2183 1546
3 814 2044 1400
3 542 2004 1666
3 824 2229 1491
3 1432 2119 837
3 734 1871 1155
3 1718 2016 144
3 1379 2250 750
3 1608 1941 802
3 670 2092 1733
3 792 2202 1955
3 888 2147 1913
3 1472 2192 674
3 1110 2189 2100
3 70 2068 1425
3 836 2311 1577
3 1617 2344 737
3 1562 1682 1020
3 1668 2027 1053
3 1274 1908 450
3 1674 2117 650
3 258 1895 1616
3 644 2230 1750
3 1524 2000 1148
3 1783 2068 119
3 1561 1980 883
3 1911 2284 158
3 1784 2290 891
3 414 1751 1344
3 1796 1832 290
3 1593 1886 880
3 2189 2240 931
3 1562 2287 143
3 1571 2324 818
3 1486 2152 930
3 211 2146 1350
3 1433 2077 323
3 830 1903 1813
3 659 2086 1792
3 473 1950 1229
3 1937 1938 882
3 757 2248 1719
3 643 1851 1773
3 45 2246 35
3 810 1856 1792
3 876 2162 1538
3 706 2304 1420
3 940 2063 1655
3 1159 2344 2240
3 1519 1930 862
3 622 2059 1857
3 1829 1830 847
3 1013 2312 2272
3 1560 2153 902
3 1519 2336 768
3 465 2299 1656
3 1306 2342 957
3 1638 1848 1255
3 1844 1976 384
3 1381 2234 761
3 372 2180 1497
3 1016 2225 1188
3 1773 1851 869
3 943 1953 1627
3 874 2072 1599
3 791 2110 1606
3 1709 2216 826
3 891 2290 2063
3 938 1899 1550
3 934 1566 1308
3 1079 1872 1714
3 1605 1984 964
3 1998 2231 639
3 1876 2140 801
3 837 1848 1638
3 1538 2162 642
3 1492 2327 728
3 1688 2120 124
3 1715 1903 830
3 865 1995 1804
3 1583 1868 831
3 1331 1957 339
3 1706 1861 858
3 640 2137 1462
3 908 2327 1492
3 776 1853 1722
3 1886 1989 880
3 812 2117 1674
3 654 2324 1571
3 1599 1975 874
3 264 2145 1959
3 2272 2312 701
3 1813 1903 911
3 495 2313 1520
3 214 2026 1766
3 699 2214 1843
3 1937 2263 678
3 1743 1877 870
3 1648 2049 604
3 871 1652 1603
3 1651 1885 1148
3 1755 2258 1008
3 995 2288 2014
3 1715 2138 345
3 710 2076 1805
3 1627 1953 996
3 1572 2132 87
3 835 1827 1622
3 2240 2344 931
3 595 2060 1881
3 354 1877 1743
3 1382 2193 128
3 1396 2086 886
3 1265 2114 873
3 1054 2323 2134
3 1804 1995 1056
3 845 2132 1572
3 650 2117 1836
3 2201 2274 135
3 224 2218 1546
3 1652 1997 828
3 186 2079 1896
3 1592 2025 660
3 1759 1931 936
3 497 2113 1632
3 1158 2276 72
3 497 2236 1494
3 1572 2178 913
3 226 2227 1534
3 1666 2004 823
3 1740 2021 1201
3 957 2191 1306
3 883 1937 1705
3 1783 2131 940
3 930 1958 1703
3 1599 2072 263
3 1739 2311 836
3 865 2275 1613
3 1769 1918 849
3 1762 2056 0
3 1586 2244 866
3 1792 1856 970
3 1553 2035 191
3 817 2082 1711
3 1586 2096 648
3 1546 2218 994
3 2092 2355 941
3 1873 2096 929
3 727 1779 1292
3 1741 1940 973
3 322 1918 1769
3 270 2235 1635
3 1488 2334 894
3 702 2055 1685
3 2146 2352 905
3 1584 2107 246
3 104 2181 1644
3 1938 2194 882
3 1534 2227 961
3 287 2339 1702
3 1644 2181 910
3 1621 2118 822
3 895 2031 1691
3 1463 2287 1020
3 974 1989 1886
3 442 2174 1430
3 857 2068 1783
3 954 1998 1541
3 920 2323 1523
3 1724 2073 501
3 1703 1958 998
3 1517 2123 403
3 1881 2060 993
3 1080 2025 1713
3 1712 2105 423
3 981 2333 1949
3 1567 2082 817
3 1615 2192 807
3 1520 2313 966
3 281 1536 1231
3 1501 1949 640
3 893 1854 1747
3 1532 2329 649
3 134 2298 1625
3 870 2049 1648
3 1150 2126 1472
3 1513 1680 811
3 1580 2250 904
3 1763 1863 689
3 1626 2111 964
3 109 2346 1542
3 1506 2237 171
3 1064 2076 1515
3 1649 2071 1075
3 1302 2204 360
3 1494 2236 996
3 1752 2340 681
3 932 2137 1521
3 71 1395 1214
3 871 1997 1652
3 867 2010 1637
3 1741 2282 661
3 2190 2193 553
3 1572 2173 845
3 885 2000 1524
3 684 2277 1585
3 1733 2133 1228
3 844 2124 1635
3 357 2105 1712
3 1125 2074 1977
3 1729 1742 915
3 648 2244 1586
3 1702 2339 967
3 581 2093 1385
3 758 2266 1264
3 1336 2220 682
3 1766 2026 935
3 774 2102 1828
3 1718 1986 1033
3 1220 1964 457
3 888 2073 1724
3 667 2088 2033
3 1050 1998 1974
3 1726 2292 350
3 932 2293 1601
3 1665 1960 268
3 1547 2037 790
3 132 2302 1533
3 1412 2267 773
3 1660 1661 914
3 1563 2116 565
3 660 2279 1875
3 1048 2169 1701
3 2130 2187 1029
3 1622 1725 780
3 1932 1972 815
3 914 1876 1660
3 836 2091 1739
3 626 2109 1770
3 1672 2269 690
3 1074 2069 1762
3 930 2152 1958
3 884 2280 1579
3 887 2356 1302
3 854 2059 1759
3 480 1966 1889
3 862 2336 1519
3 2139 2230 644
3 1613 2275 401
3 1350 2146 905
3 404 2311 1739
3 181 2093 1791
3 2033 2088 1022
3 990 2340 1752
3 1804 2275 865
3 1635 2235 912
3 1060 1972 1932
3 879 2305 1378
3 453 1809 1274
3 1870 2015 903
3 1577 2311 130
3 1791 2199 181
3 1073 2230 2139
3 1655 2063 682
3 917 1863 1763
3 1857 2059 983
3 261 2015 1870
3 1610 2350 659
3 1602 2214 1037
3 2134 2323 920
3 973 2282 1741
3 1709 2268 656
3 835 2274 2201
3 941 2133 1733
3 402 2275 1804
3 1770 2109 948
3 906 2030 1806
3 1692 2042 946
3 1833 2245 751
3 209 2151 2127
3 858 2150 1712
3 1726 2303 800
3 818 2172 1571
3 1303 2179 1769
3 1720 2102 1285
3 1604 2078 960
3 738 2185 1273
3 872 2269 1672
3 922 2292 1726
3 891 2063 1936
3 1799 2186 205
3 728 2327 1634
3 923 1830 1829
3 656 2216 1709
3 401 2351 1588
3 2112 2113 496
3 279 2187 2130
3 1654 2353 130
3 1050 2231 1998
3 976 2186 1799
3 2140 2328 1022
3 1949 2333 640
3 2228 2316 231
3 1913 2147 653
3 1836 2117 959
3 1471 2198 232
3 1805 2076 377
3 2013 2132 845
3 786 2283 1731
3 1778 1779 423
3 979 2113 2112
3 1107 2216 1767
3 907 2258 1755
3 1974 1998 954
3 909 2127 1815
3 1977 2074 852
3 835 2201 1827
3 1765 2224 1310
3 2103 2278 1175
3 1340 2322 1925
3 1467 2301 1002
3 980 2222 2162
3 142 2265 1699
3 1958 2152 74
3 820 2207 1835
3 1331 2300 1957
3 1896 2079 1116
3 1914 2050 1233
3 878 2226 1768
3 842 2309 1609
3 1971 2034 929
3 1764 2288 691
3 1889 1966 921
3 894 2334 1702
3 693 2175 1740
3 1740 2175 1200
3 1767 2216 656
3 1785 2255 812
3 1002 2206 1467
3 1731 2283 882
3 976 1723 1368
3 1798 2024 400
3 1288 2160 841
3 937 2151 2122
3 1954 2170 886
3 1731 2194 374
3 119 2131 1783
3 671 2224 1765
3 1184 2332 1689
3 1950 2206 1229
3 1029 2187 1760
3 74 2152 1807
3 1601 2293 611
3 400 2182 1724
3 1697 2114 1265
3 809 2304 1786
3 1936 2063 940
3 2162 2222 642
3 1332 2325 2153
3 2129 2347 1027
3 1625 2298 148
3 1192 2132 2013
3 882 2283 2263
3 926 2199 1791
3 815 2174 1932
3 822 2276 1573
3 106 2273 2089
3 796 2141 1957
3 1105 2284 1911
3 1881 2265 142
3 1020 2287 1562
3 1791 2349 926
3 2122 2151 1005
3 1308 2317 934
3 848 2177 1988
3 948 2252 1770
3 942 2328 2231
3 621 2034 1971
3 320 2271 2116
3 2122 2314 672
3 979 2112 1626
3 639 2328 2140
3 1875 2279 854
3 1827 2201 918
3 173 2297 1641
3 466 2246 1477
3 630 2245 1833
3 1711 2082 4
3 2059 2279 983
3 2011 2215 928
3 386 2170 1954
3 47 2292 2043
3 2033 2328 942
3 882 2194 1731
3 2263 2283 1157
3 2063 2290 682
3 2183 2219 225
3 1112 2340 2106
3 316 2219 2183
3 859 2050 1914
3 2116 2271 564
3 202 1992 1466
3 854 2279 2059
3 900 2249 1525
3 388 2215 2011
3 882 2263 1937
3 1925 2322 943
3 582 2349 1791
3 2053 2254 1052
3 1477 2299 466
3 767 2335 1832
3 683 2355 1924
3 232 2316 1471
3 1973 2347 955
3 2043 2292 922
3 1770 2252 714
3 905 2352 2213
3 1866 1867 85
3 2253 2254 92
3 1022 2328 2033
3 892 2278 2103
3 734 2321 1871
3 685 2347 1973
3 644 2294 2139
3 2118 2276 822
3 993 2265 1881
3 209 2285 2151
3 1052 2254 2253
3 1005 2314 2122
3 2204 2356 140
3 2231 2328 639
3 2151 2285 1005
3 2106 2340 990
3 955 2347 2129
3 1105 2254 2053
3 919 2056 1762
3 1628 2051 476
3 673 2357 2196
3 1083 1910 1909
3 1083 2345 1910
3 2142 2250 1379
3 2153 2325 902
3 1090 2217 2164
3 859 2316 2228
3 1127 2209 1788
3 357 2102 1720
3 2294 2295 1071
3 2139 2294 1071
3 1988 2177 1042
3 1143 2295 2294
3 1302 2356 2204
3 904 2250 2142
3 373 2114 1697
3 2196 2357 1118
3 2213 2352 927
3 106 329 1
3 329 1327 1
3 330 2260 1
3 1 877 364
3 1 1787 877
3 3 520 336
3 520 3 519
3 4 80 367
3 4 337 368
3 4 2082 337
3 8 1357 353
3 360 1612 12
3 362 176 13
3 13 1866 362
3 15 1485 113
3 374 471 15
3 15 1732 374
3 472 1205 15
3 18 391 419
3 22 461 23
3 411 1948 24
3 458 1237 24
3 25 443 155
3 28 1981 449
3 28 1809 453
3 29 451 180
3 29 1628 476
3 31 32 200
3 36 1605 32
3 496 32 177
3 200 32 496
3 40 1261 317
3 317 1604 40
3 42 117 533
3 519 1578 42
3 318 54 562
3 318 1910 54
3 578 2007 57
3 59 2007 166
3 61 170 62
3 447 2264 62
3 382 77 381
3 225 2219 82
3 82 2219 317
3 232 2198 84
3 469 470 84
3 90 999 239
3 241 1992 91
3 294 295 146
3 293 1131 162
3 162 1683 293
3 427 294 163
3 294 1231 163
3 172 1144 452
3 324 2146 211
3 239 1190 240
3 241 1131 240
3 240 1224 241
3 292 1047 291
3 293 2149 292
3 294 1375 295
3 316 1453 317
3 317 2219 316
3 319 1504 318
3 330 1299 331
3 331 1426 330
3 933 2260 330
3 337 338 369
3 337 1155 338
3 368 337 369
3 337 2082 1567
3 365 1299 364
3 364 1566 365
3 369 1319 368
3 374 2194 373
3 389 2087 390
3 469 2021 468
3 493 1747 492
3 364 330 1
3 3 336 378
3 378 992 3
3 3 992 519
3 367 1711 4
3 368 1694 4
3 5 899 385
3 439 344 6
3 353 426 8
3 426 916 8
3 916 1980 8
3 413 1104 11
3 199 1302 12
3 12 1496 199
3 12 1302 360
3 14 372 426
3 113 472 15
3 390 418 18
3 18 1062 390
3 18 1264 391
3 419 1037 18
3 22 905 461
3 24 133 457
3 24 1260 411
3 457 1260 24
3 25 468 27
3 25 155 468
3 429 1049 25
3 25 1049 443
3 28 452 169
3 449 1330 28
3 28 1330 452
3 29 180 34
3 29 1147 451
3 492 1854 30
3 30 2307 492
3 505 264 37
3 545 48 484
3 213 557 51
3 59 1659 60
3 62 170 447
3 615 66 194
3 437 67 613
3 73 1031 329
3 329 1186 73
3 470 1775 84
3 90 291 161
3 161 1349 90
3 239 291 90
3 91 162 241
3 91 1661 162
3 492 99 493
3 117 2209 533
3 267 918 135
3 187 421 143
3 146 1231 294
3 149 294 427
3 149 1375 294
3 427 1068 149
3 443 1347 155
3 267 156 266
3 291 1263 161
3 452 1240 169
3 474 182 197
3 470 1936 188
3 197 2142 474
3 496 1961 200
3 579 210 578
3 240 292 239
3 239 292 291
3 240 293 292
3 505 1603 264
3 266 1882 267
3 292 2149 1912
3 318 563 319
3 562 563 318
3 1031 2062 329
3 329 2089 1186
3 521 336 520
3 1402 1711 367
3 381 1006 380
3 380 1141 381
3 381 1253 382
3 383 989 382
3 382 1123 383
3 1062 2067 390
3 391 392 419
3 419 392 420
3 420 1602 419
3 468 1346 469
3 469 891 470
3 1346 1784 469
3 35 68 45
3 488 2365 35
3 69 2358 105
3 617 2364 69
3 2359 2361 349
3 619 2359 350
3 2358 2362 105
3 620 2361 2359
3 105 2361 620
3 7 2366 487
3 35 2365 68
3 349 2362 348
3 618 2363 617
3 487 2366 2360
3 69 2364 2358
3 487 2363 488
3 348 2366 7
3 618 2365 2363
3 2363 2365 488
3 617 2363 2360
3 348 2362 2358
3 2360 2363 487
3 2358 2364 2360
3 2360 2366 2358
3 105 2362 2361
3 2360 2364 617
3 2358 2366 348
3 2361 2362 349
3 68 2365 618
3 69 105 620
3 350 2359 349
3 620 2359 619
3 619 350 47
3 25 27 429
3 429 27 467
3 467 58 56
3 429 467 56
3 475 2368 12
3 2367 2369 455
3 12 2368 361
3 455 13 361
3 361 2368 2367
3 361 2367 455
3 36 2370 208
3 208 2370 2369
3 475 2371 2368
3 208 2371 475
3 2368 2371 2367
3 2369 2371 208
3 2369 2370 456
3 2367 2371 2369
3 31 2370 36
3 456 2370 31
3 36 208 475
3 455 2369 456
3 31 36 32
3 21 22 34
3 34 22 29
3 29 22 23

CELL_TYPES 5039
3
3
3
3
3
3
3
3
3
3
3
3
3
3
3
3
3
3
3
3
3
3
3
3
3
3
3
3
3
3
3
3
3
3
3
3
3
3
3
3
3
3
3
3
3
3
3
3
3
3
3
3
3
3
3
3
3
3
3
3
3
3
3
3
3
3
3
3
3
3
3
3
3
3
3
3
3
3
3
3
3
3
3
3
3
3
3
3
3
3
3
3
3
3
3
3
3
3
3
3
3
3
3
3
3
3
3
3
3
3
3
3
3
3
3
3
3
3
3
3
3
3
3
3
3
3
3
3
3
3
3
3
3
3
3
3
3
3
3
3
3
3
3
3
3
3
3
3
3
3
3
3
3
3
3
3
3
3
3
3
3
3
3
3
3
3
3
3
3
3
3
3
3
3
3
3
3
3
3
3
3
3
3
3
3
3
3
3
3
3
3
3
3
3
3
3
3
3
3
3
3
3
3
3
3
3
3
3
3
3
3
3
3
3
3
3
3
3
3
3
3
3
3
3
3
3
3
3
3
3
3
3
3
3
3
3
3
3
3
3
3
3
3
3
3
3
3
3
3
3
3
3
3
3
3
3
3
3
3
3
3
3
3
3
3
3
3
3
3
3
3
3
3
3
3
3
3
3
3
3
3
3
3
3
3
3
3
3
3
3
3
3
3
3
3
3
3
3
3
3
3
3
3
3
3
3
3
3
3
3
3
3
3
3
3
3
3
3
3
3
3
3
3
3
3
3
3
3
3
3
3
3
3
3
3
3
3
3
3
3
3
3
3
3
3
3
3
3
3
3
3
3
3
3
3
3
3
3
3
3
3
3
3
3
3
3
3
3
3
3
3
3
3
3
3
3
3
3
3
3
3
3
3
3
3
3
3
3
3
3
3
3
3
3
3
3
3
3
3
3
3
3
3
3
3
3
3
3
3
3
3
3
3
3
3
3
3
3
3
3
3
3
3
3
3
3
3
3
3
3
3
3
3
3
3
3
3
3
3
3
3
3
3
3
3
3
5
5
5
5
5
5
5
5
5
5
5
5
5
5
5
5
5
5
5
5
5
5
5
5
5
5
5
5
5
5
5
5
5
5
5
5
5
5
5
5
5
5
5
5
5
5
5
5
5
5
5
5
5
5
5
5
5
5
5
5
5
5
5
5
5
5
5
5
5
5
5
5
5
5
5
5
5
5
5
5
5
5
5
5
5
5
5
5
5
5
5
5
5
5
5
5
5
5
5
5
5
5
5
5
5
5
5
5
5
5
5
5
5
5
5
5
5
5
5
5
5
5
5
5
5
5
5
5
5
5
5
5
5
5
5
5
5
5
5
5
5
5
5
5
5
5
5
5
5
5
5
5
5
5
5
5
5
5
5
5
5
5
5
5
5
5
5
5
5
5
5
5
5
5
5
5
5
5
5
5
5
5
5
5
5
5
5
5
5
5
5
5
5
5
5
5
5
5
5
5
5
5
5
5
5
5
5
5
5
5
5
5
5
5
5
5
5
5
5
5
5
5
5
5
5
5
5
5
5
5
5
5
5
5
5
5
5
5
5
5
5
5
5
5
5
5
5
5
5
5
5
5
5
5
5
5
5
5
5
5
5
5
5
5
5
5
5
5
5
5
5
5
5
5
5
5
5
5
5
5
5
5
5
5
5
5
5
5
5
5
5
5
5
5
5
5
5
5
5
5
5
5
5
5
5
5
5
5
5
5
5
5
5
5
5
5
5
5
5
5
5
5
5
5
5
5
5
5
5
5
5
5
5
5
5
5
5
5
5
5
5
5
5
5
5
5
5
5
5
5
5
5
5
5
5
5
5
5
5
5
5
5
5
5
5
5
5
5
5
5
5
5
5
5
5
5
5
5
5
5
5
5
5
5
5
5
5
5
5
5
5
5
5
5
5
5
5
5
5
5
5
5
5
5
5
5
5
5
5
5
5
5
5
5
5
5
5
5
5
5
5
5
5
5
5
5
5
5
5
5
5
5
5
5
5
5
5
5
5
5
5
5
5
5
5
5
5
5
5
5
5
5
5
5
5
5
5
5
5
5
5
5
5
5
5
5
5
5
5
5
5
5
5
5
5
5
5
5
5
5
5
5
5
5
5
5
5
5
5
5
5
5
5
5
5
5
5
5
5
5
5
5
5
5
5
5
5
5
5
5
5
5
5
5
5
5
5
5
5
5
5
5
5
5
5
5
5
5
5
5
5
5
5
5
5
5
5
5
5
5
5
5
5
5
5
5
5
5
5
5
5
5
5
5
5
5
5
5
5
5
5
5
5
5
5
5
5
5
5
5
5
5
5
5
5
5
5
5
5
5
5
5
5
5
5
5
5
5
5
5
5
5
5
5
5
5
5
5
5
5
5
5
5
5
5
5
5
5
5
5
5
5
5
5
5
5
5
5
5
5
5
5
5
5
5
5
5
5
5
5
5
5
5
5
5
5
5
5
5
5
5
5
5
5
5
5
5
5
5
5
5
5
5
5
5
5
5
5
5
5
5
5
5
5
5
5
5
5
5
5
5
5
5
5
5
5
5
5
5
5
5
5
5
5
5
5
5
5
5
5
5
5
5
5
5
5
5
5
5
5
5
5
5
5
5
5
5
5
5
5
5
5
5
5
5
5
5
5
5
5
5
5
5
5
5
5
5
5
5
5
5
5
5
5
5
5
5
5
5
5
5
5
5
5
5
5
5
5
5
5
5
5
5
5
5
5
5
5
5
5
5
5
5
5
5
5
5
5
5
5
5
5
5
5
5
5
5
5
5
5
5
5
5
5
5
5
5
5
5
5
5
5
5
5
5
5
5
5
5
5
5
5
5
5
5
5
5
5
5
5
5
5
5
5
5
5
5
5
5
5
5
5
5
5
5
5
5
5
5
5
5
5
5
5
5
5
5
5
5
5
5
5
5
5
5
5
5
5
5
5
5
5
5
5
5
5
5
5
5
5
5
5
5
5
5
5
5
5
5
5
5
5
5
5
5
5
5
5
5
5
5
5
5
5
5
5
5
5
5
5
5
5
5
5
5
5
5
5
5
5
5
5
5
5
5
5
5
5
5
5
5
5
5
5
5
5
5
5
5
5
5
5
5
5
5
5
5
5
5
5
5
5
5
5
5
5
5
5
5
5
5
5
5
5
5
5
5
5
5
5
5
5
5
5
5
5
5
5
5
5
5
5
5
5
5
5
5
5
5
5
5
5
5
5
5
5
5
5
5
5
5
5
5
5
5
5
5
5
5
5
5
5
5
5
5
5
5
5
5
5
5
5
5
5
5
5
5
5
5
5
5
5
5
5
5
5
5
5
5
5
5
5
5
5
5
5
5
5
5
5
5
5
5
5
5
5
5
5
5
5
5
5
5
5
5
5
5
5
5
5
5
5
5
5
5
5
5
5
5
5
5
5
5
5
5
5
5
5
5
5
5
5
5
5
5
5
5
5
5
5
5
5
5
5
5
5
5
5
5
5
5
5
5
5
5
5
5
5
5
5
5
5
5
5
5
5
5
5
5
5
5
5
5
5
5
5
5
5
5
5
5
5
5
5
5
5
5
5
5
5
5
5
5
5
5
5
5
5
5
5
5
5
5
5
5
5
5
5
5
5
5
5
5
5
5
5
5
5
5
5
5
5
5
5
5
5
5
5
5
5
5
5
5
5
5
5
5
5
5
5
5
5
5
5
5
5
5
5
5
5
5
5
5
5
5
5
5
5
5
5
5
5
5
5
5
5
5
5
5
5
5
5
5
5
5
5
5
5
5
5
5
5
5
5
5
5
5
5
5
5
5
5
5
5
5
5
5
5
5
5
5
5
5
5
5
5
5
5
5
5
5
5
5
5
5
5
5
5
5
5
5
5
5
5
5
5
5
5
5
5
5
5
5
5
5
5
5
5
5
5
5
5
5
5
5
5
5
5
5
5
5
5
5
5
5
5
5
5
5
5
5
5
5
5
5
5
5
5
5
5
5
5
5
5
5
5
5
5
5
5
5
5
5
5
5
5
5
5
5
5
5
5
5
5
5
5
5
5
5
5
5
5
5
5
5
5
5
5
5
5
5
5
5
5
5
5
5
5
5
5
5
5
5
5
5
5
5
5
5
5
5
5
5
5
5
5
5
5
5
5
5
5
5
5
5
5
5
5
5
5
5
5
5
5
5
5
5
5
5
5
5
5
5
5
5
5
5
5
5
5
5
5
5
5
5
5
5
5
5
5
5
5
5
5
5
5
5
5
5
5
5
5
5
5
5
5
5
5
5
5
5
5
5
5
5
5
5
5
5
5
5
5
5
5
5
5
5
5
5
5
5
5
5
5
5
5
5
5
5
5
5
5
5
5
5
5
5
5
5
5
5
5
5
5
5
5
5
5
5
5
5
5
5
5
5
5
5
5
5
5
5
5
5
5
5
5
5
5
5
5
5
5
5
5
5
5
5
5
5
5
5
5
5
5
5
5
5
5
5
5
5
5
5
5
5
5
5
5
5
5
5
5
5
5
5
5
5
5
5
5
5
5
5
5
5
5
5
5
5
5
5
5
5
5
5
5
5
5
5
5
5
5
5
5
5
5
5
5
5
5
5
5
5
5
5
5
5
5
5
5
5
5
5
5
5
5
5
5
5
5
5
5
5
5
5
5
5
5
5
5
5
5
5
5
5
5
5
5
5
5
5
5
5
5
5
5
5
5
5
5
5
5
5
5
5
5
5
5
5
5
5
5
5
5
5
5
5
5
5
5
5
5
5
5
5
5
5
5
5
5
5
5
5
5
5
5
5
5
5
5
5
5
5
5
5
5
5
5
5
5
5
5
5
5
5
5
5
5
5
5
5
5
5
5
5
5
5
5
5
5
5
5
5
5
5
5
5
5
5
5
5
5
5
5
5
5
5
5
5
5
5
5
5
5
5
5
5
5
5
5
5
5
5
5
5
5
5
5
5
5
5
5
5
5
5
5
5
5
5
5
5
5
5
5
5
5
5
5
5
5
5
5
5
5
5
5
5
5
5
5
5
5
5
5
5
5
5
5
5
5
5
5
5
5
5
5
5
5
5
5
5
5
5
5
5
5
5
5
5
5
5
5
5
5
5
5
5
5
5
5
5
5
5
5
5
5
5
5
5
5
5
5
5
5
5
5
5
5
5
5
5
5
5
5
5
5
5
5
5
5
5
5
5
5
5
5
5
5
5
5
5
5
5
5
5
5
5
5
5
5
5
5
5
5
5
5
5
5
5
5
5
5
5
5
5
5
5
5
5
5
5
5
5
5
5
5
5
5
5
5
5
5
5
5
5
5
5
5
5
5
5
5
5
5
5
5
5
5
5
5
5
5
5
5
5
5
5
5
5
5
5
5
5
5
5
5
5
5
5
5
5
5
5
5
5
5
5
5
5
5
5
5
5
5
5
5
5
5
5
5
5
5
5
5
5
5
5
5
5
5
5
5
5
5
5
5
5
5
5
5
5
5
5
5
5
5
5
5
5
5
5
5
5
5
5
5
5
5
5
5
5
5
5
5
5
5
5
5
5
5
5
5
5
5
5
5
5
5
5
5
5
5
5
5
5
5
5
5
5
5
5
5
5
5
5
5
5
5
5
5
5
5
5
5
5
5
5
5
5
5
5
5
5
5
5
5
5
5
5
5
5
5
5
5
5
5
5
5
5
5
5
5
5
5
5
5
5
5
5
5
5
5
5
5
5
5
5
5
5
5
5
5
5
5
5
5
5
5
5
5
5
5
5
5
5
5
5
5
5
5
5
5
5
5
5
5
5
5
5
5
5
5
5
5
5
5
5
5
5
5
5
5
5
5
5
5
5
5
5
5
5
5
5
5
5
5
5
5
5
5
5
5
5
5
5
5
5
5
5
5
5
5
5
5
5
5
5
5
5
5
5
5
5
5
5
5
5
5
5
5
5
5
5
5
5
5
5
5
5
5
5
5
5
5
5
5
5
5
5
5
5
5
5
5
5
5
5
5
5
5
5
5
5
5
5
5
5
5
5
5
5
5
5
5
5
5
5
5
5
5
5
5
5
5
5
5
5
5
5
5
5
5
5
5
5
5
5
5
5
5
5
5
5
5
5
5
5
5
5
5
5
5
5
5
5
5
5
5
5
5
5
5
5
5
5
5
5
5
5
5
5
5
5
5
5
5
5
5
5
5
5
5
5
5
5
5
5
5
5
5
5
5
5
5
5
5
5
5
5
5
5
5
5
5
5
5
5
5
5
5
5
5
5
5
5
5
5
5
5
5
5
5
5
5
5
5
5
5
5
5
5
5
5
5
5
5
5
5
5
5
5
5
5
5
5
5
5
5
5
5
5
5
5
5
5
5
5
5
5
5
5
5
5
5
5
5
5
5
5
5
5
5
5
5
5
5
5
5
5
5
5
5
5
5
5
5
5
5
5
5
5
5
5
5
5
5
5
5
5
5
5
5
5
5
5
5
5
5
5
5
5
5
5
5
5
5
5
5
5
5
5
5
5
5
5
5
5
5
5
5
5
5
5
5
5
5
5
5
5
5
5
5
5
5
5
5
5
5
5
5
5
5
5
5
5
5
5
5
5
5
5
5
5
5
5
5
5
5
5
5
5
5
5
5
5
5
5
5
5
5
5
5
5
5
5
5
5
5
5
5
5
5
5
5
5
5
5
5
5
5
5
5
5
5
5
5
5
5
5
5
5
5
5
5
5
5
5
5
5
5
5
5
5
5
5
5
5
5
5
5
5
5
5
5
5
5
5
5
5
5
5
5
5
5
5
5
5
5
5
5
5
5
5
5
5
5
5
5
5
5
5
5
5
5
5
5
5
5
5
5
5
5
5
5
5
5
5
5
5
5
5
5
5
5
5
5
5
5
5
5
5
5
5
5
5
5
5
5
5
5
5
5
5
5
5
5
5
5
5
5
5
5
5
5
5
5
5
5
5
5
5
5
5
5
5
5
5
5
5
5
5
5
5
5
5
5
5
5
5
5
5
5
5
5
5
5
5
5
5
5
5
5
5
5
5
5
5
5
5
5
5
5
5
5
5
5
5
5
5
5
5
5
5
5
5
5
5
5
5
5
5
5
5
5
5
5
5
5
5
5
5
5
5
5
5
5
5
5
5
5
5
5
5
5
5
5
5
5
5
5
5
5
5
5
5
5
5
5
5
5
5
5
5
5
5
5
5
5
5
5
5
5
5
5
5
5
5
5
5
5
5
5
5
5
5
5
5
5
5
5
5
5
5
5
5
5
5
5
5
5
5
5
5
5
5
5
5
5
5
5
5
5
5
5
5
5
5
5
5
5
5
5
5
5
5
5
5
5
5
5
5
5
5
5
5
5
5
5
5
5
5
5
5
5
5
5
5
5
5
5
5
5
5
5
5
5
5
5
5
5
5
5
5
5
5
5
5
5
5
5
5
5
5
5
5
5
5
5
5
5
5
5
5
5
5
5
5
5
5
5
5
5
5
5
5
5
5
5
5
5
5
5
5
5
5
5
5
5
5
5
5
5
5
5
5
5
5
5
5
5
5
5
5
5
5
5
5
5
5
5
5
5
5
5
5
5
5
5
5
5
5
5
5
5
5
5
5
5
5
5
5
5
5
5
5
5
5
5
5
5
5
5
5
5
5
5
5
5
5
5
5
5
5
5
5
5
5
5
5
5
5
5
5
5
5
5
5
5
5
5
5
5
5
5
5
5
5
5
5
5
5
5
5
5
5
5
5
5
5
5
5
5
5
5
5
5
5
5
5
5
5
5
5
5
5
5
5
5
5
5
5
5
5
5
5
5
5
5
5
5
5
5
5
5
5
5
5
5
5
5
5
5
5
5
5
5
5
5
5
5
5
5
5
5
5
5
5
5
5
5
5
5
5
5
5
5
5
5
5
5
5
5
5
5
5
5
5
5
5
5
5
5
5
5
5
5
5
5
5
5
5
5
5
5
5
5
5
5
5
5
5
5
5
5
5
5
5
5
5
5
5
5
5
5
5
5
5
5
5
5
5
5
5
5
5
5
5
5
5
5
5
5
5
5
5
5
5
5
5
5
5
5
5
5
5
5
5
5
5
5
5
5
5
5
5
5
5
5
5
5
5
5
5
5
5
5
5
5
5
5
5
5
5
5
5
5
5
5
5
5
5
5
5
5
5
5
5
5
5
5
5
5
5
5
5
5
5
5
5
5
5
5
5
5
5
5
5
5
5
5
5
5
5
5
5
5
5
5
5
5
5
5
5
5
5
5
5
5
5
5
5
5
5
5
5
5
5
5
5
5
5
5
5
5
5
5
5
5
5
5
5
5
5
5
5
5
5
5
5
5
5
5
5
5
5
5
5
5
5
5
5
5
5
5
5
5
5
5
5
5
5
5
5
5
5
5
5
5
5
5
5
5
5
5
5
5
5
5
5
5
5
5
5
5
5
5
5
5
5
5
5
5
5
5
5
5
5
5
5
5
5
5
5
5
5
5
5
5
5
5
5
5
5
5
5
5
5
5
5
5
5
5
5
5
5
5
5
5
5
5
5
5
5
5
5
5
5
5
5
5
5
5
5
5
5
5
5
5
5
5
5
5
5
5
5
5
5
5
5
5
5
5
5
5
5
5
5
5
5
5
5
5
5
5
5
5
5
5
5
5
5
5
5
5
5
5
5
5
5
5
5
5
5
5
5
5
5
5
5
5
5
5
5
5
5
5
5
5
5
5
5
5
5
5
5
5
5
5
5
5
5
5
5
5
5
5
5
5
5
5
5
5
5
5
5
5
5
5
5
5
5
5
5
5
5
5
5
5
5
5
5
5
5
5
5
5
5
5
5
5
5
5
5
5
5
5
5
5
5
5
5
5
5
5
5
5
5
5
5
5
5
5
5
5
5
5
5
5
5
5
5
5
5
5
5
5
5
5
5
5
5
5
5
5
5
5
5
5
5
5
5
5
5
5
5
5
5
5
5
5
5
5
5
5
5
5
5
5
5
5
5
5
5
5
5
5
5
5
5
5
5
5
5
5
5
5
5
5
5
5
5
5
5
5
5
5
5
5
5
5
5
5
5
5
5
5
5
5
5
5
5
5
5
5
5
5
5
5
5
5
5
5
5
5
5
5
5
5
5
5
5
5
5
5
5
5
5
5
5
5
5
5
5
5
5
5
5
5
5
5
5
5
5
5
5
5
5
5
5
5
5
5
5
5
5
5
5
5
5
5
5
5
5
5
5
5
5
5
5
5
5
5
5
5
5
5
5
5
5
5
5
5
5
5
5
5
5
5
5
5
5
5
5
5
5
5
5
5
5
5
5
5
5
5
5
5
5
5
5
5
5
5
5
5
5
5
5
5
5
5
5
5
5
5
5
5
5
5
5
5
5
5
5
5
5
5
5
5
5
5
5
5
5
5
5
5
5
5
5
5
5
5
5
5
5
5
5
5
5
5
5
5
5
5
5
5
5
5
5
5
5
5
5
5
5
5
5
5
5
5
5
5
5
5
5
5
5
5
5
5
5
5
5
5
5
5
5
5
5
5
5
5
5
5
5
5
5
5
5
5
5
5
5
5
5
5
5
5
5
5
5
5
5
5
5
5
5
5
5
5
5
5
5
5
5
5
5
5
5
5
5
5
5
5
5
5
5
5
5
5
5
5
5
5
5
5
5
5
5
5
5
5
5
5
5
5
5
5
5
5
5
5
5
5
5
5
5
5
5
5
5
5
5
5
5
5
5
5
5
5
5
5
5
5
5
5
5
5
5
5
5
5
5
5
5
5
5
5
5
5
5
5
5
5
5
5
5
5
5
5
5
5
5
5
5
5
5
5
5
5
5
5
5
5
5
5
5
5
5
5
5
5
5
5
5
5
5
5
5
5
5
5
5
5
5
5
5
5
5
5
5
5
5
5
5
5
5
5
5
5
5
5
5
5
5
5
5
5
5
5
5
5
5
5
5
5
5
5
5
5
5
5
5
5
5
5
5
5
5
5
5
5
5
5
5
5
5
5
5
5
5
5
5
5
5
5
5
5
5
5
5
5
5
5
5
5
5
5
5
5
5
5
5
5
5
5
5
5
5
5
5
5
5
5
5
5
5
5
5
5
5
5
5
5
5
5
5
5
5
5
5
5
5
5
5
5
5
5
5
5
5
5
5
5
5
5
5
5
5
5
5
5
5
5
5
5
5
5
5
5
5
5
5
5
5
5
5
5
5
5
5
5
5
5
5
5
5
5
5
5
5
5
5
5
5
5
5
5
5
5
5
5
5
5
5
5
5
5
5
5
5
5
5
5
5
5
5
5
5
5
5
5
5
5
5
5
5
5
5
5
5
5
5
5
5
5
5
5
5
5
5
5
5
5
5
5
5
5
5
5
5
5
5
5
5
5
5
5
5
5
5
5
5
5
5
5
5
5
5
5
5
5
5
5
5
5
5
5
5
5
5
5
5
5
5
5
5
5
5
5
5
5
5
5
5
5
5
5
5
5
5
5
5
5
5
5
5
5
5
5
5
5
5
5
5
5
5
5
5
5
5
5
5
5
5
5
5
5
5
5
5
5
5
5
5
5
5
5
5
5
5
5
5
5
5
5
5
5
5
5
5
5
5
5
5
5
5
5
5
5
5
5
5
5
5
5
5
5
5
5
5
5
5
5
5
5
5
5
5
5
5
5
5
5
5
5
5
5
5
5
5
5
5
5
5
5
5
5
5
5
5
5
5
5
5
5
5
5
5
5
5
5
5
5
5
5
5
5
5
5
5
5
5
5
5
5
5
5
5
5
5
5
5
5
5
5
5
5
5
5
5
5
5
5
5
5
5
5
5
5
5
5
5
5
5
5
5
5
5
5
5
5
5
5
5
5
5
5
5
5
5
5
5
5
5
5
5
5
5
5
5
5
5
5
5
5
5
5
5
5
5
5
5
5
5
5
5
5
5
5
5
5
5
5
5
5
5
5
5
5
5
5
5
5
5
5
5
5
5
5
5
5
5
5
5
5
5
5
5
5
5
5
5
5
5
5
5
5
5
5
5
5
5
5
5
5
5
5
5
5
5
5
5
5
5
5
5
5
5
5
5
5
5
5
5
5
5
5
5
5
5
5
5
5
5
5
5
5
5
5
5
5
5
5
5
5
5
5
5
5
5
5
5
5
5
5
5
5
5
5
5
5
5
5
5
5
5
5
5
5
5
5
5
5
5
5
5
5
5
5
5
5
5
5
5
5
5
5
5
5
5
5
5
5
5
5
5
5
5
5
5
5
5
5
5
5
5
5
5
5
5
5
5
5
5
5
5
5
5
5
5
5
5
5
5
5
5
5
5
5
5
5
5
5
5
5
5
5
5
5
5
5
5
5
5
5
5
5
5
5
5
5
5
5
5
5
5
5
5
5
5
5
5
5
5
5
5
5
5
5
5
5
5

CELL_DATA 5039
SCALARS CellEntityIds int 1
LOOKUP_TABLE default
2
2
2
2
2
2
2
2
2
2
2
2
2
2
2
2
2
2
2
2
2
2
2
2
2
2
2
2
2
2
2
2
2
2
2
2
2
2
2
2
2
2
2
2
2
2
2
2
2
2
2
2
2
2
2
2
2
2
2
2
2
2
2
2
2
2
2
2
2
2
2
2
2
2
2
2
2
2
2
2
2
2
2
2
2
2
2
2
2
2
2
2
2
2
2
2
2
2
2
2
2
2
2
2
2
2
2
2
2
2
2
2
2
2
2
2
2
2
2
2
2
2
2
2
2
2
2
2
2
2
2
2
2
2
2
2
2
2
2
2
2
2
2
2
2
2
2
2
2
2
2
2
2
2
2
2
2
2
2
2
2
2
2
2
2
2
2
2
2
2
2
2
2
2
2
2
2
2
2
2
2
2
2
2
2
2
2
2
2
2
2
2
2
2
2
2
2
2
2
2
2
2
2
2
2
2
2
2
2
2
2
2
2
2
2
2
2
2
2
2
2
2
2
2
2
2
2
2
2
2
2
2
2
2
2
2
2
2
2
2
2
2
2
2
2
2
2
2
2
2
2
2
2
2
2
2
2
2
2
2
2
2
2
2
2
2
2
2
2
2
2
2
2
2
2
2
2
2
2
2
2
2
2
2
2
2
2
2
2
2
2
2
2
2
2
2
2
2
2
2
2
2
2
2
2
2
2
2
2
2
2
2
2
2
2
2
2
2
2
2
2
2
2
2
2
2
2
2
2
2
2
2
2
2
2
2
2
2
2
2
2
2
2
2
2
2
2
2
2
2
2
2
2
2
2
2
2
2
2
2
2
2
2
2
2
2
2
2
2
2
2
2
2
2
2
2
2
2
2
2
2
2
2
2
2
2
2
2
2
2
2
2
2
2
2
2
2
2
2
2
2
2
2
2
2
2
2
2
2
2
2
2
2
2
2
2
2
2
2
2
2
2
2
2
2
2
2
2
2
2
2
2
2
2
2
2
2
2
2
2
2
2
2
2
2
2
1
1
1
1
1
1
1
1
1
1
1
1
1
1
1
1
1
1
1
1
1
1
1
1
1
1
1
1
1
1
1
1
1
1
1
1
1
1
1
1
1
1
1
1
1
1
1
1
1
1
1
1
1
1
1
1
1
1
1
1
1
1
1
1
1
1
1
1
1
1
1
1
1
1
1
1
1
1
1
1
1
1
1
1
1
1
1
1
1
1
1
1
1
1
1
1
1
1
1
1
1
1
1
1
1
1
1
1
1
1
1
1
1
1
1
1
1
1
1
1
1
1
1
1
1
1
1
1
1
1
1
1
1
1
1
1
1
1
1
1
1
1
1
1
1
1
1
1
1
1
1
1
1
1
1
1
1
1
1
1
1
1
1
1
1
1
1
1
1
1
1
1
1
1
1
1
1
1
1
1
1
1
1
1
1
1
1
1
1
1
1
1
1
1
1
1
1
1
1
1
1
1
1
1
1
1
1
1
1
1
1
1
1
1
1
1
1
1
1
1
1
1
1
1
1
1
1
1
1
1
1
1
1
1
1
1
1
1
1
1
1
1
1
1
1
1
1
1
1
1
1
1
1
1
1
1
1
1
1
1
1
1
1
1
1
1
1
1
1
1
1
1
1
1
1
1
1
1
1
1
1
1
1
1
1
1
1
1
1
1
1
1
1
1
1
1
1
1
1
1
1
1
1
1
1
1
1
1
1
1
1
1
1
1
1
1
1
1
1
1
1
1
1
1
1
1
1
1
1
1
1
1
1
1
1
1
1
1
1
1
1
1
1
1
1
1
1
1
1
1
1
1
1
1
1
1
1
1
1
1
1
1
1
1
1
1
1
1
1
1
1
1
1
1
1
1
1
1
1
1
1
1
1
1
1
1
1
1
1
1
1
1
1
1
1
1
1
1
1
1
1
1
1
1
1
1
1
1
1
1
1
1
1
1
1
1
1
1
1
1
1
1
1
1
1
1
1
1
1
1
1
1
1
1
1
1
1
1
1
1
1
1
1
1
1
1
1
1
1
1
1
1
1
1
1
1
1
1
1
1
1
1
1
1
1
1
1
1
1
1
1
1
1
1
1
1
1
1
1
1
1
1
1
1
1
1
1
1
1
1
1
1
1
1
1
1
1
1
1
1
1
1
1
1
1
1
1
1
1
1
1
1
1
1
1
1
1
1
1
1
1
1
1
1
1
1
1
1
1
1
1
1
1
1
1
1
1
1
1
1
1
1
1
1
1
1
1
1
1
1
1
1
1
1
1
1
1
1
1
1
1
1
1
1
1
1
1
1
1
1
1
1
1
1
1
1
1
1
1
1
1
1
1
1
1
1
1
1
1
1
1
1
1
1
1
1
1
1
1
1
1
1
1
1
1
1
1
1
1
1
1
1
1
1
1
1
1
1
1
1
1
1
1
1
1
1
1
1
1
1
1
1
1
1
1
1
1
1
1
1
1
1
1
1
1
1
1
1
1
1
1
1
1
1
1
1
1
1
1
1
1
1
1
1
1
1
1
1
1
1
1
1
1
1
1
1
1
1
1
1
1
1
1
1
1
1
1
1
1
1
1
1
1
1
1
1
1
1
1
1
1
1
1
1
1
1
1
1
1
1
1
1
1
1
1
1
1
1
1
1
1
1
1
1
1
1
1
1
1
1
1
1
1
1
1
1
1
1
1
1
1
1
1
1
1
1
1
1
1
1
1
1
1
1
1
1
1
1
1
1
1
1
1
1
1
1
1
1
1
1
1
1
1
1
1
1
1
1
1
1
1
1
1
1
1
1
1
1
1
1
1
1
1
1
1
1
1
1
1
1
1
1
1
1
1
1
1
1
1
1
1
1
1
1
1
1
1
1
1
1
1
1
1
1
1
1
1
1
1
1
1
1
1
1
1
1
1
1
1
1
1
1
1
1
1
1
1
1
1
1
1
1
1
1
1
1
1
1
1
1
1
1
1
1
1
1
1
1
1
1
1
1
1
1
1
1
1
1
1
1
1
1
1
1
1
1
1
1
1
1
1
1
1
1
1
1
1
1
1
1
1
1
1
1
1
1
1
1
1
1
1
1
1
1
1
1
1
1
1
1
1
1
1
1
1
1
1
1
1
1
1
1
1
1
1
1
1
1
1
1
1
1
1
1
1
1
1
1
1
1
1
1
1
1
1
1
1
1
1
1
1
1
1
1
1
1
1
1
1
1
1
1
1
1
1
1
1
1
1
1
1
1
1
1
1
1
1
1
1
1
1
1
1
1
1
1
1
1
1
1
1
1
1
1
1
1
1
1
1
1
1
1
1
1
1
1
1
1
1
1
1
1
1
1
1
1
1
1
1
1
1
1
1
1
1
1
1
1
1
1
1
1
1
1
1
1
1
1
1
1
1
1
1
1
1
1
1
1
1
1
1
1
1
1
1
1
1
1
1
1
1
1
1
1
1
1
1
1
1
1
1
1
1
1
1
1
1
1
1
1
1
1
1
1
1
1
1
1
1
1
1
1
1
1
1
1
1
1
1
1
1
1
1
1
1
1
1
1
1
1
1
1
1
1
1
1
1
1
1
1
1
1
1
1
1
1
1
1
1
1
1
1
1
1
1
1
1
1
1
1
1
1
1
1
1
1
1
1
1
1
1
1
1
1
1
1
1
1
1
1
1
1
1
1
1
1
1
1
1
1
1
1
1
1
1
1
1
1
1
1
1
1
1
1
1
1
1
1
1
1
1
1
1
1
1
1
1
1
1
1
1
1
1
1
1
1
1
1
1
1
1
1
1
1
1
1
1
1
1
1
1
1
1
1
1
1
1
1
1
1
1
1
1
1
1
1
1
1
1
1
1
1
1
1
1
1
1
1
1
1
1
1
1
1
1
1
1
1
1
1
1
1
1
1
1
1
1
1
1
1
1
1
1
1
1
1
1
1
1
1
1
1
1
1
1
1
1
1
1
1
1
1
1
1
1
1
1
1
1
1
1
1
1
1
1
1
1
1
1
1
1
1
1
1
1
1
1
1
1
1
1
1
1
1
1
1
1
1
1
1
1
1
1
1
1
1
1
1
1
1
1
1
1
1
1
1
1
1
1
1
1
1
1
1
1
1
1
1
1
1
1
1
1
1
1
1
1
1
1
1
1
1
1
1
1
1
1
1
1
1
1
1
1
1
1
1
1
1
1
1
1
1
1
1
1
1
1
1
1
1
1
1
1
1
1
1
1
1
1
1
1
1
1
1
1
1
1
1
1
1
1
1
1
1
1
1
1
1
1
1
1
1
1
1
1
1
1
1
1
1
1
1
1
1
1
1
1
1
1
1
1
1
1
1
1
1
1
1
1
1
1
1
1
1
1
1
1
1
1
1
1
1
1
1
1
1
1
1
1
1
1
1
1
1
1
1
1
1
1
1
1
1
1
1
1
1
1
1
1
1
1
1
1
1
1
1
1
1
1
1
1
1
1
1
1
1
1
1
1
1
1
1
1
1
1
1
1
1
1
1
1
1
1
1
1
1
1
1
1
1
1
1
1
1
1
1
1
1
1
1
1
1
1
1
1
1
1
1
1
1
1
1
1
1
1
1
1
1
1
1
1
1
1
1
1
1
1
1
1
1
1
1
1
1
1
1
1
1
1
1
1
1
1
1
1
1
1
1
1
1
1
1
1
1
1
1
1
1
1
1
1
1
1
1
1
1
1
1
1
1
1
1
1
1
1
1
1
1
1
1
1
1
1
1
1
1
1
1
1
1
1
1
1
1
1
1
1
1
1
1
1
1
1
1
1
1
1
1
1
1
1
1
1
1
1
1
1
1
1
1
1
1
1
1
1
1
1
1
1
1
1
1
1
1
1
1
1
1
1
1
1
1
1
1
1
1
1
1
1
1
1
1
1
1
1
1
1
1
1
1
1
1
1
1
1
1
1
1
1
1
1
1
1
1
1
1
1
1
1
1
1
1
1
1
1
1
1
1
1
1
1
1
1
1
1
1
1
1
1
1
1
1
1
1
1
1
1
1
1
1
1
1
1
1
1
1
1
1
1
1
1
1
1
1
1
1
1
1
1
1
1
1
1
1
1
1
1
1
1
1
1
1
1
1
1
1
1
1
1
1
1
1
1
1
1
1
1
1
1
1
1
1
1
1
1
1
1
1
1
1
1
1
1
1
1
1
1
1
1
1
1
1
1
1
1
1
1
1
1
1
1
1
1
1
1
1
1
1
1
1
1
1
1
1
1
1
1
1
1
1
1
1
1
1
1
1
1
1
1
1
1
1
1
1
1
1
1
1
1
1
1
1
1
1
1
1
1
1
1
1
1
1
1
1
1
1
1
1
1
1
1
1
1
1
1
1
1
1
1
1
1
1
1
1
1
1
1
1
1
1
1
1
1
1
1
1
1
1
1
1
1
1
1
1
1
1
1
1
1
1
1
1
1
1
1
1
1
1
1
1
1
1
1
1
1
1
1
1
1
1
1
1
1
1
1
1
1
1
1
1
1
1
1
1
1
1
1
1
1
1
1
1
1
1
1
1
1
1
1
1
1
1
1
1
1
1
1
1
1
1
1
1
1
1
1
1
1
1
1
1
1
1
1
1
1
1
1
1
1
1
1
1
1
1
1
1
1
1
1
1
1
1
1
1
1
1
1
1
1
1
1
1
1
1
1
1
1
1
1
1
1
1
1
1
1
1
1
1
1
1
1
1
1
1
1
1
1
1
1
1
1
1
1
1
1
1
1
1
1
1
1
1
1
1
1
1
1
1
1
1
1
1
1
1
1
1
1
1
1
1
1
1
1
1
1
1
1
1
1
1
1
1
1
1
1
1
1
1
1
1
1
1
1
1
1
1
1
1
1
1
1
1
1
1
1
1
1
1
1
1
1
1
1
1
1
1
1
1
1
1
1
1
1
1
1
1
1
1
1
1
1
1
1
1
1
1
1
1
1
1
1
1
1
1
1
1
1
1
1
1
1
1
1
1
1
1
1
1
1
1
1
1
1
1
1
1
1
1
1
1
1
1
1
1
1
1
1
1
1
1
1
1
1
1
1
1
1
1
1
1
1
1
1
1
1
1
1
1
1
1
1
1
1
1
1
1
1
1
1
1
1
1
1
1
1
1
1
1
1
1
1
1
1
1
1
1
1
1
1
1
1
1
1
1
1
1
1
1
1
1
1
1
1
1
1
1
1
1
1
1
1
1
1
1
1
1
1
1
1
1
1
1
1
1
1
1
1
1
1
1
1
1
1
1
1
1
1
1
1
1
1
1
1
1
1
1
1
1
1
1
1
1
1
1
1
1
1
1
1
1
1
1
1
1
1
1
1
1
1
1
1
1
1
1
1
1
1
1
1
1
1
1
1
1
1
1
1
1
1
1
1
1
1
1
1
1
1
1
1
1
1
1
1
1
1
1
1
1
1
1
1
1
1
1
1
1
1
1
1
1
1
1
1
1
1
1
1
1
1
1
1
1
1
1
1
1
1
1
1
1
1
1
1
1
1
1
1
1
1
1
1
1
1
1
1
1
1
1
1
1
1
1
1
1
1
1
1
1
1
1
1
1
1
1
1
1
1
1
1
1
1
1
1
1
1
1
1
1
1
1
1
1
1
1
1
1
1
1
1
1
1
1
1
1
1
1
1
1
1
1
1
1
1
1
1
1
1
1
1
1
1
1
1
1
1
1
1
1
1
1
1
1
1
1
1
1
1
1
1
1
1
1
1
1
1
1
1
1
1
1
1
1
1
1
1
1
1
1
1
1
1
1
1
1
1
1
1
1
1
1
1
1
1
1
1
1
1
1
1
1
1
1
1
1
1
1
1
1
1
1
1
1
1
1
1
1
1
1
1
1
1
1
1
1
1
1
1
1
1
1
1
1
1
1
1
1
1
1
1
1
1
1
1
1
1
1
1
1
1
1
1
1
1
1
1
1
1
1
1
1
1
1
1
1
1
1
1
1
1
1
1
1
1
1
1
1
1
1
1
1
1
1
1
1
1
1
1
1
1
1
1
1
1
1
1
1
1
1
1
1
1
1
1
1
1
1
1
1
1
1
1
1
1
1
1
1
1
1
1
1
1
1
1
1
1
1
1
1
1
1
1
1
1
1
1
1
1
1
1
1
1
1
1
1
1
1
1
1
1
1
1
1
1
1
1
1
1
1
1
1
1
1
1
1
1
1
1
1
1
1
1
1
1
1
1
1
1
1
1
1
1
1
1
1
1
1
1
1
1
1
1
1
1
1
1
1
1
1
1
1
1
1
1
1
1
1
1
1
1
1
1
1
1
1
1
1
1
1
1
1
1
1
1
1
1
1
1
1
1
1
1
1
1
1
1
1
1
1
1
1
1
1
1
1
1
1
1
1
1
1
1
1
1
1
1
1
1
1
1
1
1
1
1
1
1
1
1
1
1
1
1
1
1
1
1
1
1
1
1
1
1
1
1
1
1
1
1
1
1
1
1
1
1
1
1
1
1
1
1
1
1
1
1
1
1
1
1
1
1
1
1
1
1
1
1
1
1
1
1
1
1
1
1
1
1
1
1
1
1
1
1
1
1
1
1
1
1
1
1
1
1
1
1
1
1
1
1
1
1
1
1
1
1
1
1
1
1
1
1
1
1
1
1
1
1
1
1
1
1
1
1
1
1
1
1
1
1
1
1
1
1
1
1
1
1
1
1
1
1
1
1
1
1
1
1
1
1
1
1
1
1
1
1
1
1
1
1
1
1
1
1
1
1
1
1
1
1
1
1
1
1
1
1
1
1
1
1
1
1
1
1
1
1
1
1
1
1
1
1
1
1
1
1
1
1
1
1
1
1
1
1
1
1
1
1
1
1
1
1
1
1
1
1
1
1
1
1
1
1
1
1
1
1
1
1
1
1
1
1
1
1
1
1
1
1
1
1
1
1
1
1
1
1
1
1
1
1
1
1
1
1
1
1
1
1
1
1
1
1
1
1
1
1
1
1
1
1
1
1
1
1
1
1
1
1
1
1
1
1
1
1
1
1
1
1
1
1
1
1
1
1
1
1
1
1
1
1
1
1
1
1
1
1
1
1
1
1
1
1
1
1
1
1
1
1
1
1
1
1
1
1
1
1
1
1
1
1
1
1
1
1
1
1
1
1
1
1
1
1
1
1
1
1
1
1
1
1
1
1
1
1
1
1
1
1
1
1
1
1
1
1
1
1
1
1
1
1
1
1
1
1
1
1
1
1
1
1
1
1
1
1
1
1
1
1
1
1
1
1
1
1
1
1
1
1
1
1
1
1
1
1
1
1
1
1
1
1
1
1
1
1
1
1
1
1
1
1
1
1
1
1
1
1
1
1
1
1
1
1
1
1
1
1
1
1
1
1
1
1
1
1
1
1
1
1
1
1
1
1
1
1
1
1
1
1
1
1
1
1
1
1
1
1
1
1
1
1
1
1
1
1
1
1
1
1
1
1
1
1
1
1
1
1
1
1
1
1
1
1
1
1
1
1
1
1
1
1
1
1
1
1
1
1
1
1
1
1
1
1
1
1
1
1
1
1
1
1
1
1
1
1
1
1
1
1
1
1
1
1
1
1
1
1
1
1
1
1
1
1
1
1
1
1
1
1
1
1
1
1
1
1
1
1
1
1
1
1
1
1
1
1
1
1
1
1
1
1
1
1
1
1
1
1
1
1
1
1
1
1
1
1
1
1
1
1
1
1
1
1
1
1
1
1
1
1
1
1
1
1
1
1
1
1
1
1
1
1
1
1
1
1
1
1
1
1
1
1
1
1
1
1
1
1
1
1
1
1
1
1
1
1
1
1
1
1
1
1
1
1
1
1
1
1
1
1
1
1
1
1
1
1
1
1
1
1
1
1
1
1
1
1
1
1
1
1
1
1
1
1
1
1
1
1
1
1
1
1
1
1
1
1
1
1
1
1
1
1
1
1
1
1
1
1
1
1
1
1
1
1
1
1
1
1
1
1
1
1
1
1
1
1
1
1
1
1
1
1
1
1
1
1
1
1
1
1
1
1
1
1
1
1
1
1
1
1
1
1
1
1
1
1
1
1
1
1
1
1
1
1
1
1
1
1
1
1
1
1
1
1
1
1
1
1
1
1
1
1
1
1
1
1
1
1
1
1
1
1
1
1
1
1
1
1
1
1
1
1
1
1
1
1
1
1
1
1
1
1
1
1
1
1
1
1
1
1
1
1
1
1
1
1
1
1
1
1
1
1
1
1
1
1
1
1
1
1
1
1
1
1
1
1
1
1
1
1
1
1
1
1
1
1
1
1
1
1
1
1
1
1
1
1
1
1
1
1
1
1
1
1
1
1
1
1
1
1
1
1
1
1
1
1
1
1
1
1
1
1
1
1
1
1
1
1
1
1
1
1
1
1
1
1
1
1
1
1
1
1
1
1
1
1
1
1
1
1
1
1
1
1
1
1
1
1
1
1
1
1
1
1
1
1
1
1
1
1
1
1
1
1
1
1
1
1
1
1
1
1
1
1
1
1
1
1
1
1
1
1
1
1
1
1
1
1
1
1
1
1
1
1
1
1
1
1
1
1
1
1
1
1
1
1
1
1
1
1
1
1
1
1
1
1
1
1
1
1
1
1
1
1
1
1
1
1
1
1
1
1
1
1
1
1
1
1
1
1
1
1
1
1
1
1
1
1
1
1
1
1
1
1
1
1
1
1
1
1
1
1
1
1
1
1
1
1
1
1
1
1
1
1
1
1
1
1
1
1
1
1
1
1
1
1
1
1
1
1
1
1
1
1
1
1
1
1
1
1
1
1
1
1
1
1
1
1
1
1
1
1
1
1
1
1
1
1
1
1
1
1
1
1
1
1
1
1
1
1
1
1
1
1
1
1
1
1
1
1
1
1
1
1
1
1
1
1
1
1
1
1
1
1
1
1
1
1
1
1
1
1
1
1
1
1
1
1
1
1
1
1
1
1
1
1
1
1
1
1
1
1
1
1
1
1
1
1
1
1
1
1
1
1
1
1
1
1
1
1
1
1
1
1
1
1
1
1
1
1
1
1
1
1
1
1
1
1
1
1
1
1
1
1
1
1
1
1
1
1
1
1
1
1
1
1
1
1
1
1
1
1
1
1
1
1
1
1
1
1
1
1
1
1
1
1
1
1
1
1
1
1
1
1
1
1
1
1
1
1
1
1
1
1
1
1
1
1
1
1
1
1
1
1
1
1
1
1
1
1
1
1
1
1
1
1
1
1
1
1
1
1
1
1
1
1
1
1
1
1
1
1
1
1
1
1
1
1
1
1
1
1
1
1
1
1
1
1
1
1
1
1
1
1
1
1
1
1
1
1
1
1
1
1
1
1
1
1
1
1
1
1
1
1
1
1
1
1
1
1
1
1
1
1
1
1
1
1
1
1
1
1
1
1
1
1
1
1
1
1
1
1
1
1
1
1
1
1
1
1
1
1
1
1
1
1
1
1
1
1
1
1
1
1
1
1
1
1
1
1
1
1
1
1
1
1
1
1
1
1
1
1
1
1
1
1
1
1
1
1
1
1
1
1
1
1
1
1
1
1
1
1
1
1
1
1
1
1
1
1
1
1
1
1
1
1
1
1
1
1
1
1
1
1
1
1
1
1
1
1
1
1
1
1
1
1
1
1
1
1
1
1
1
1
1
1
1
1
1
1
1
1
1
1
1
1
1
1
1
1
1
1
1
1
1
1
1
1
1
1
1
1
1
1
1
1
1
1
1
1
1
1
1
1
1
1
1
1
1
1
1
1
1
1
1
1
1
1
1
1
1
1
1
1
1
1
1
1
1
1
1
1
1
1
1
1
1
1
1
1
1
1
1
1
1
1
1
1
1
1
1
1
1
1
1
1
1
1
1
1
1
1
1
1
1
1
1
1
1
1
1
1
1
1
1
1
1
1
1
1
1
1
1
1
1
1
1
1
1
1
1
1
1
1
1
1
1
1
1
1
1
1
1
1
1
1
1
1
1
1
1
1
1
1
1
1
1
1
1
1
1
1
1
1
1
1
1
1
1
1
1
1
1
1
1
1
1
1
1
1
1
1
1
1
1
1
1
1
1
1
1
1
1
1
1
1
1
1
1
1
1
1
1
1
1
1
1
1
1
1
1
1
1
1
1
1
1
1
1
1
1
1
1
1
1
1
1
1
1
1
1
1
1
1
1
1
1
1
1
1
1
1
1
1
1
1
1
1
1
1
1
1
1
1
1
1
1
1
1
1
1
1
1
1
1
1
1
1
1
1
1
1
1
1
1
1
1
1
1
1
1
1
1
1
1
1
1
1
1
1
1
1
1
1
1
1
1
1
1
1
1
1
1
1
1
1
1
1
1
1
1
1
1
1
1
1
1
1
1
1
1
1
1
1
1
1
1
1
1
1
1
1
1
1
1
1
1
1
