# vtk DataFile Version 2.0
, Created by Gmsh 4.10.1 
ASCII
DATASET UNSTRUCTURED_GRID
POINTS 9961 double
0.5985 0.1335 0
0.596 0.1375 0
0.622 0.226 0
0.025 0.1555 0
0.025 0.1685 0
0.0145 0.1898 0
0.2135 0.155 0
0.2515 0.182 0
0.274 0.195 0
0.284 0.211 0
0.2395 0.012 0
0.199 0.0225 0
0.1555 0.0298 0
0.099 0.0405 0
0.246 0.0375 0
0.259 0.078 0
0.283 0.1185 0
0.4025 0.021 0
0.4078 0.0565 0
0.2395 0.111 0
0.049 0.1185 0
0.081 0.1115 0
0.111 0.103 0
0.029 0.2335 0
0.1689 0.1554 0
0.08599999999999999 0.2725 0
0.111 0.342 0
0.1398 0.2065 0
0.157 0.2474 0
0.1625 0.2845 0
0.0268 0.3205 0
0.046 0.3233 0
0.08799999999999999 0.3145 0
0.25 0.2474 0
0.104 0.3575 0
0.149 0.345 0
0.398 0.0745 0
0.3415 0.2405 0
0.382 0.232 0
0.7561 0.051 0
0.7816000000000001 0.1355 0
0.5488 0.305 0
0.5386 0.3885 0
0.3481 0.3573 0
0.3985 0.4207 0
0.9406 0.5496 0
1.1536 0.4972 0
1.2391 0.4687 0
1.3246 0.4518 0
0.5626 0.9051 0
1.2541 0.3127 0
1.5361 0.2405 0
1.4225 0.054 0
1.8331 0.179 0
1.8226 0.23 0
1.3411 0.8169 0
1.8751 0.6756 0
1.9681 0.6606000000000001 0
0.8071 0.4251 0
0.8289 0.3391 0
0.7081000000000001 0.3745 0
0.8266 0.5152 0
0.8701 0.8201000000000001 0
0.8712000000000001 0.9051 0
0.08209999999999999 1.2396 0
0.475 1.2127 0
0.6545 1.1699 0
0.1698 1.0257 0
0.131 1.3851 0
0.348 1.3161 0
0.4369 1.3039 0
1.0844 1.1796 0
1.3726 1.1121 0
0.9406 1.0672 0
1.8046 0.6383 0
1.8946 0.6152000000000001 0
1.6613 1.1641 0
1.3156 0.6906 0
0.0578 1.5021 0
0.3546 1.4151 0
0.6847000000000001 1.3341 0
1.1664 1.2411 0
1.405 1.1796 0
1.7086 1.0672 0
1.7806 0.9464 0
1.9141 0.9012 0
1.8046 0.8856000000000001 0
0.1431 1.5246 0
0.3546 1.4646 0
0.1765 1.5486 0
0.3753 1.509 0
0.2177 1.6146 0
0.3546 1.5981 0
0.2588 1.6506 0
0.8116 1.5441 0
0.6766 1.5186 0
0.7876000000000001 1.4946 0
1.1356 1.3859 0
1.1769 1.3806 0
1.2982 1.3656 0
1.0844 1.3274 0
1.1566 1.3039 0
1.2556 1.2891 0
1.5211 1.2264 0
1.4431 1.3039 0
1.5451 1.2861 0
1.4941 1.3551 0
0.201 1.7541 0
0.1847 1.8546 0
0.2067 1.9476 0
0.2553 2.0841 0
0.3391 1.5853 0
0.4726 1.7421 0
0.7764 1.6266 0
1.3351 1.4991 0
0.6847000000000001 1.7001 0
0.7824 1.6791 0
1.2766 1.5636 0
1.4026 1.5321 0
0.9622000000000001 1.5836 0
0.4368 1.9836 0
0.4632 2.0721 0
0.5133 2.1831 0
0.1674 1.734 0
0.3367 1.9026 0
0.3367 1.9918 0
0.3367 2.1066 0
0.3275 2.1816 0
0.4568 2.1561 0
0.4472 2.2611 0
0.4184 2.3331 0
0.8131 2.0451 0
0.8241000000000001 2.2731 0
1.4026 2.1816 0
1.4225 2.3556 0
1.1664 2.3421 0
1.1487 2.687 0
1.6936 2.0361 0
1.7311 2.2869 0
1.7221 2.4696 0
1.0216 1.7856 0
1.0306 1.9476 0
1.0403 2.0016 0
1.0306 2.0826 0
1.0081 2.6255 0
0.5626 2.5775 0
0.5791000000000001 2.4531 0
0.5941000000000001 2.3076 0
0.6925 2.3721 0
0.0752 1.9193 0
0.1367 2.0526 0
0.2896 2.3331 0
0.3546 2.4456 0
0.4184 2.576 0
0.4842 2.696 0
0.5611 2.855 0
0.6136 2.922 0
0.296 2.2731 0
0.3725 2.4054 0
0.4568 2.5505 0
0.5412 2.744 0
0.6286 2.819 0
0.7231000000000001 2.999 0
0.8071 3.1385 0
0.401 3.1295 0
0.4289 2.7995 0
0.4411 2.7223 0
0.6196 3.071 0
0.09620000000000001 3.2585 0
0.0107 2.4456 0
0.296 2.699 0
0.3033 2.8115 0
0.2867 3.011 0
0.8241000000000001 2.84 0
1.3816 2.4966 0
1.3096 2.4054 0
1.3906 3.1895 0
1.3906 2.885 0
0.7726000000000001 2.699 0
0.9214 2.6705 0
1.5661 2.744 0
1.9381 3.2045 0
1.9343 2.969 0
1.7941 2.8708 0
1.7881 3.1385 0
0.7366 3.0965 0
0.7002999999999999 3.017 0
0.7651 3.2795 0
1.1624 2.969 0
1.1624 3.17 0
1.1551 3.3141 0
1.1588 3.3738 0
2.2216 3.3515 0
1.5646 3.269 0
1.5781 3.0898 0
1.7101 2.7591 0
2.268 3.269 0
2.268 3.1175 0
2.2545 2.9979 0
2.2485 2.9089 0
2.2216 2.789 0
2.466 3.236 0
2.457 3.0244 0
2.4645 2.8007 0
2.4615 2.669 0
2.7195 3.2975 0
2.6955 3.2525 0
2.685 3.2274 0
2.6655 3.2045 0
2.802 3.269 0
2.6835 3.1115 0
2.8185 3.269 0
2.7735 3.1925 0
2.712 3.1085 0
2.6535 3.017 0
2.628 3.002 0
2.5935 2.9615 0
2.5995 2.6495 0
2.628 2.8325 0
2.6385 2.942 0
2.628 2.5341 0
2.667 2.612 0
2.628 3.2045 0
2.5725 3.1175 0
2.511 3.041 0
2.4105 2.8708 0
2.388 2.8325 0
2.3535 2.7125 0
2.3567 2.8325 0
2.322 2.4696 0
2.3567 2.514 0
2.373 2.624 0
2.7035 2.514 0
2.565 2.3061 0
2.4642 2.2476 0
2.4642 2.4396 0
2.1136 1.9026 0
2.0678 2.0361 0
2.0116 2.0091 0
1.9831 1.9386 0
1.9591 1.8394 0
1.8421 1.6877 0
1.8676 1.7698 0
1.8976 1.9918 0
2.1968 2.1621 0
2.2081 2.3331 0
2.4848 1.9536 0
2.4848 1.9836 0
2.5275 2.0668 0
2.784 2.4576 0
2.802 2.4636 0
2.4848 2.1482 0
2.4848 2.0766 0
2.6385 2.1006 0
2.7035 2.0856 0
2.7435 2.0668 0
2.259 2.1482 0
2.253 2.2333 0
1.9958 1.6401 0
2.2246 1.6146 0
2.1541 1.7248 0
2.277 1.6626 0
2.34 1.7841 0
2.3835 1.7762 0
2.4255 1.762 0
2.787 1.8021 0
2.733 1.734 0
2.691 1.6908 0
2.727 1.5756 0
2.7345 1.6713 0
2.335 2.4636 0
1.8803 1.4607 0
1.9156 1.5921 0
2.1154 1.4376 0
2.1693 1.4249 0
2.2246 1.4061 0
2.2875 1.3993 0
2.2748 1.2933 0
2.37 1.3739 0
1.9306 1.3521 0
2.0821 1.2591 0
1.9958 1.0184 0
1.9216 0.8076 0
1.8938 0.7416 0
1.9501 1.2679 0
2.2006 1.2216 0
2.4645 1.1641 0
2.784 1.09 0
1.9324 1.1796 0
2.2081 1.1067 0
2.2935 1.09 0
2.3085 1.09 0
1.4425 0.9703999999999999 0
1.5249 1.1067 0
1.6366 1.3067 0
1.6936 1.2359 0
1.7311 1.3803 0
1.8121 1.2127 0
1.8331 1.4125 0
1.8481 1.5696 0
1.8721 1.6866 0
1.8976 1.8021 0
1.9621 1.9476 0
2.0326 2.0938 0
1.8226 1.0296 0
1.9853 1.1039 0
2.7705 0.6831 0
2.7428 1.2861 0
2.7105 1.2359 0
2.5965 1.5029 0
2.565 1.3435 0
2.2875 0.739 0
2.0131 0.7266 0
2.2447 0.6698999999999999 0
2.6925 0.9959 0
2.5155 0.9959 0
2.2642 1.1196 0
1.5631 0.9703999999999999 0
1.2166 0.8706 0
1.3156 0.8466 0
1.6246 0.5436 0
1.7191 0.6383 0
1.8803 0.5242 0
1.9448 0.4942 0
2.4336 0.6901 0
2.6835 0.6287 0
2.1391 0.6081 0
2.7375 0.8091 0
2.5995 0.9127000000000001 0
1.7371 0.4944 0
1.8803 0.4518 0
1.9354 0.4318 0
2.0356 0.4105 0
2.6445 0.5646 0
2.6835 0.5646 0
2.7015 0.2867 0
2.7375 0.0626 0
2.8065 0.2392 0
2.7825 0.2748 0
2.7383 0.195 0
2.7975 0.1722 0
2.0491 0.067 0
2.3415 0.0284 0
1.9448 0.3687 0
2.0356 0.3573 0
2.4675 1.0416 0
1.5148 0.3545 0
1.5809 0.3371 0
1.9013 0.2211 0
1.8976 0.2484 0
1.6434 0.3787 0
2.478 0.5308999999999999 0
2.313 0.1106 0
1.6684 0.2007 0
2.55 0.1898 0
2.3625 0.2217 0
2.4486 0.1655 0
2.559 0.1522 0
2.727 0.3712 0
0.9961 0.5425 0
1.0546 0.2077 0
1.7446 0.1597 0
0.1465125448028674 0.03100537634408602 0
0.1698278445324562 0.09379771766127408 0
0.179 0.1185 0
0.113 0.0355 0
0.2125 0.09029999999999999 0
0.09816340621403911 0.3121179516685846 0
0.1035 0.3295 0
0.1625 0.2935 0
0.1625 0.326 0
0.1640039701074265 0.3413404950957497 0
0.165 0.3515 0
0.12 0.307 0
0.2661343905173795 0.2406528912381868 0
0.19 0.335 0
0.3924906477749849 0.2293865403788634 0
0.439 0.2178 0
0.7327714099072189 0.3670683318668273 0
0.8071 0.4492 0
0.8347062717770035 0.5131303135888502 0
0.9954458743052587 0.5386308251389482 0
1.010341767764298 0.5356516464471404 0
1.0621 0.5253 0
1.112710549280267 0.8114611099783877 0
1.1836 0.7956 0
1.227892350196112 0.7854760342408886 0
1.304759943661972 0.7679062985915494 0
1.231489768431002 1.055087948960302 0
1.1746 0.9171 0
1.152350329724258 0.8791221145293379 0
1.128203591565362 0.8379061304305316 0
1.0876 0.7686000000000001 0
0.793054493032196 0.7467643440653532 0
0.833 0.739 0
1.087597363376433 0.3480619188400506 0
1.1664 0.326 0
1.273504109840826 0.3078208506414734 0
1.357412012911103 0.2867222692172806 0
1.3921 0.278 0
1.584784640908523 0.2287796234849852 0
1.668787731140372 0.2085566573180586 0
1.680492724492396 0.2057387885481267 0
1.7251 0.195 0
1.753321982758621 0.1829586206896552 0
1.492365967529194 0.1061701261345012 0
1.5046 0.1035 0
1.562876778223175 0.0895355644635033 0
1.616750759219089 0.07662613882863342 0
1.6636 0.0654 0
1.785181932997966 0.04098825502158478 0
1.44792659404735 0.04721354251405243 0
1.559274714661984 0.01749429323968393 0
1.5848 0.2288 0
1.646940177201559 0.3229304600640334 0
1.676737542627081 0.3680677583871902 0
1.6996 0.4027 0
1.76122068931039 0.4871496875406197 0
1.796589163076119 0.5356213387300344 0
1.82038351465471 0.2680180010177837 0
1.819226383445441 0.2878655563310605 0
1.815639040105621 0.3493970359026312 0
1.812598311465366 0.4015527719131025 0
1.932608275988565 0.08416184759784452 0
1.9336 0.0854 0
1.999206007065085 0.2272150051709913 0
2.006825661348716 0.2436857730164169 0
2.0326 0.2994 0
2.066181688534228 0.3448919940677004 0
2.10222122301218 0.3937135501071672 0
2.143920982751774 0.4502028246344032 0
1.4573 0.6201 0
1.470526143071152 0.6171020742372056 0
1.4798 0.615 0
1.62569682547823 1.006066588030155 0
1.596799360645303 0.9658341486193519 0
1.5781 0.9398 0
1.5376 0.8759 0
1.520567054543312 0.8122505722407978 0
1.509645028260414 0.7714366845520753 0
1.5091 0.7694 0
1.487470524952612 0.7070586752012542 0
1.216844274007144 0.8364624711073756 0
1.2391 0.8361000000000001 0
1.438118733881023 0.7928540487454953 0
1.4573 0.7881 0
1.5751 0.7506 0
1.629253853046239 0.737151793160184 0
1.674791384715166 0.7258433061290671 0
1.6951 0.7208 0
1.742875932031448 0.7071497337053005 0
1.8323 0.6816 0
0.8290723792744454 0.3448936253703852 0
0.8860023190252332 0.3354106790855703 0
0.8881 0.344 0
0.7652 0.3573 0
0.8589 0.3391 0
0.8971 0.3339 0
0.8800217335707088 0.9708668161409124 0
0.8159999999999999 0.7881 0
0.192417083040447 1.214641803752834 0
0.4766809557860408 1.212333430123767 0
0.4789725480650566 1.211833697349668 0
0.5488051863222182 1.196605134067082 0
0.5580000000000001 1.1946 0
0.6847000000000001 1.165325656877898 0
0.7192000000000001 1.1601 0
0.7496804126670198 1.150020243279419 0
0.7709910128873833 1.142972908712875 0
0.7824 1.1392 0
0.02497035352916289 1.354387390226447 0
0.04574919083480211 1.350460118570742 0
0.1085 1.3386 0
0.169969217843256 1.31853891635241 0
0.02120726207597207 1.303997243736064 0
0.0276 1.3896 0
0.04990292955986731 1.438341501687127 0
0.0578 1.4556 0
0.08065484839988785 1.493854896463332 0
0.1779089847949624 1.376669352963117 0
0.4825707410236822 1.294156111535523 0
0.5133 1.2876 0
0.4895 1.2359 0
0.9103119355276273 1.119191669074846 0
0.9406 1.1121 0
0.962202285863818 1.106665462675769 0
1.036 1.0881 0
1.116308080585007 1.069809898102608 0
1.2166 1.0596 0
1.3156 1.0296 0
1.452570236474563 1.00137465839762 0
0.9843075539596365 1.212698167202823 0
1.050695771806455 1.196590570111302 0
1.0589 1.1946 0
1.1821 1.1504 0
1.281523295562932 1.133650309666425 0
1.2931 1.1317 0
0.9653027140818975 1.059820810871695 0
1.0109 1.0462 0
1.40500336406109 0.7308063031881475 0
1.4573 0.715 0
1.55 0.6906 0
1.623434161814984 0.6757247477754927 0
1.638493867958133 0.6726741658423768 0
1.6981 0.6606000000000001 0
1.639909784472421 0.849625523693685 0
1.646069228060167 0.9146386671362376 0
1.649486111178458 0.9507039884808219 0
1.653964274983764 0.9979711647583719 0
1.6613 1.0754 0
1.656331212713193 1.241961409030372 0
1.4692877440365 0.5713255384920569 0
1.4715 0.5706 0
1.242598067392511 1.227616675915118 0
1.275716015715276 1.284579547030275 0
1.2766 1.2861 0
1.297526003415884 1.319098697694278 0
1.3156 1.3476 0
1.3156 1.361817391304348 0
1.3156 1.4346 0
0.1368 1.4736 0
0.1696568061997637 1.46430852611564 0
0.2223221192842768 1.449415466267971 0
0.2588 1.4391 0
0.4805042913247732 1.389462585030102 0
0.498 1.3859 0
0.782199691978396 1.315956853434441 0
0.8701 1.2996 0
0.9589459964561184 1.280247406712529 0
1.0216 1.2666 0
1.2766 1.2216 0
1.433449805511223 1.170932035123277 0
1.533890179216585 1.124572906091936 0
1.5848 1.1121 0
1.730216960402838 1.06143547722591 0
1.589958923812251 1.018047294112464 0
1.6426 1.0004 0
1.7446 0.9786 0
1.832039948203302 0.9564683068954355 0
1.944707323388571 0.8891943367173512 0
1.9786 0.8759 0
1.992539701920125 0.8718622932369292 0
1.7011 0.9051 0
1.8321859375 0.8764046875 0
1.8991 0.8541 0
0.4874180313812913 1.435063002657978 0
0.181 1.3993 0
0.1368 1.4125 0
0.4171621940202018 1.496614608922996 0
0.4472 1.5366 0
0.4660803094233474 1.577854219409283 0
0.5202457127605151 1.46611621477346 0
0.571 1.4511 0
0.6766 1.435775461741425 0
0.6766 1.4691 0
0.6766 1.5696 0
0.6766 1.4252 0
0.6766 1.604544827586207 0
0.2605067251621342 1.60498051119952 0
0.3590346006422873 1.597371024551953 0
0.4276 1.5861 0
0.5326000000000001 1.5636 0
0.2776361949315323 1.647355770184026 0
0.3084135741022223 1.642054864585734 0
0.3546 1.6341 0
0.4077537303441845 1.626871982275372 0
0.498 1.6146 0
0.8127308441558442 1.54383299512987 0
0.9196 1.5186 0
0.8153049248747913 1.488168499582638 0
0.8716 1.4751 0
0.8906550214592275 1.470341201716738 0
0.8092816848025431 1.618421066145005 0
0.8071 1.6656 0
0.8071 1.762 0
0.8071 1.674462648221344 0
0.8655177834080873 1.37250913548122 0
1.003262048345058 1.348908652303094 0
1.0109 1.3476 0
1.3891 1.2591 0
1.3411 1.3161 0
0.1985526513609822 1.769124451578606 0
0.1859 1.8468 0
0.4078 1.6269 0
0.4331168698196002 1.800888152120917 0
0.5065 1.7856 0
0.9151 1.5921 0
0.9622000000000001 1.583655945945946 0
1.038228453180991 1.57002561965494 0
1.1371 1.5523 0
1.539554604617302 1.46144505123595 0
0.8251880705117156 1.671066666603531 0
0.9342 1.6506 0
1.035381429441162 1.6267692413485 0
1.036114419329696 1.61345814497272 0
1.1721 1.5853 0
1.346237845110923 1.704358382628374 0
1.4341 1.6866 0
0.7516 1.872578723404255 0
0.8476 1.8576 0
0.4608377673282835 1.86128563831302 0
0.6361 1.8291 0
0.6847000000000001 1.816333762301287 0
0.7516 1.798760484481453 0
0.3481 1.762 0
0.2935 1.6866 0
0.3095841254598247 1.754484470690731 0
0.3275 1.8301 0
1.0216 2.187093713733075 0
0.9707 2.2026 0
1.135128479807698 1.974974365629778 0
1.1941 1.9558 0
1.312814675131743 2.22270651495727 0
1.322084483012208 2.099019252831298 0
1.3268 2.0361 0
1.335874218840647 1.838504255041422 0
1.3366 1.8227 0
1.408419337329967 2.20879589807472 0
1.4225 2.2746 0
1.409392600450869 2.491388887415462 0
1.4086 2.4996 0
1.158402267633424 2.53288927814242 0
1.1581 2.5401 0
1.4296 2.0811 0
1.472050479233227 2.071721405750798 0
1.5586 2.0526 0
1.74596776025181 2.027607930769977 0
1.7401 2.1208 0
0.9893 1.3161 0
1.0216 1.392 0
1.028229975661055 1.412953559442158 0
1.0403 1.4511 0
1.0381 1.5774 0
1.0306 1.7136 0
1.028761401713774 2.102824581148484 0
1.0216 2.1816 0
1.0216 2.2971 0
1.0216 2.403346425567704 0
1.0216 2.4456 0
1.004079211663837 2.658417442971882 0
0.9808 2.849 0
0.9808 2.8588 0
0.9808 2.9915 0
0.6853420718816069 2.538587174066244 0
0.6847000000000001 2.5281 0
0.1562133124162557 2.094087991938333 0
0.2136 2.2161 0
0.8634374689826303 3.176527791563275 0
0.1160115015974441 3.093751723558096 0
0.1247 3.0215 0
0.1295309301181102 2.978941806102362 0
0.1562 2.744 0
0.1601057478368357 2.584905871446233 0
0.1622 2.4996 0
0.112 2.528475577557756 0
0.112 2.6 0
0.06923093115728299 2.533754663942962 0
0.05798328243564115 2.589513007872382 0
0.0362 2.6975 0
0.0107 2.540979273927393 0
0.0107 2.585 0
0.3100977819285548 2.931702077982723 0
1.0403 2.3991 0
1.2541 2.5116 0
1.5256 2.4696 0
1.559959130541906 2.464102539113295 0
1.399274177592154 2.761202746118997 0
1.376145140543877 2.763346213806614 0
1.3583 2.8708 0
1.4716 2.7545 0
1.566688224320326 2.74391135786284 0
1.6936 2.724786458333333 0
1.7101 2.7223 0
1.932545460037118 2.921247572144252 0
1.932450578293645 2.918665223662083 0
1.9313 2.9188 0
2.020985775343125 2.908294395617626 0
2.078590932955684 2.901546647784187 0
2.02028125 3.38103125 0
2.1481 3.3685 0
2.080882157676349 3.016107883817428 0
2.0761 2.777 0
2.0761 2.517758223062382 0
2.0761 2.4456 0
2.070928341299074 2.375081560469154 0
1.9111 2.3331 0
1.945526829268293 2.401953658536585 0
1.9996 2.5101 0
1.572388004693137 2.910934844635082 0
1.5695 2.8205 0
1.5586 2.5236 0
1.3816 2.2131 0
1.5218 2.1906 0
1.550425750194255 2.184805725280282 0
1.9111 2.408401362088536 0
1.9928 2.3931 0
2.277 3.338 0
2.277 3.2945 0
2.52770392438874 3.050346243407986 0
2.517 3.0343 0
2.335001447345568 2.679026428530076 0
2.322 2.6555 0
2.439535842917544 1.757804339428949 0
2.4435 2.0016 0
2.087567758774982 1.839081331410957 0
2.045930001395047 1.636644347330305 0
2.0536 1.7136 0
2.0658240835874 1.844535430538278 0
2.0678 1.8657 0
2.269919530983375 1.870575939739652 0
2.3145 1.8621 0
2.768267384292251 2.062202655464707 0
2.766 1.9836 0
2.1046 1.6326 0
2.279918615999956 1.601726009143775 0
2.3505 1.5853 0
2.18861879776733 1.713594602152454 0
2.1306 1.6287 0
2.264452104807349 1.984303017541476 0
2.262 1.9371 0
2.277 1.8111 0
2.287337050017729 1.446998671058785 0
1.890070948740462 1.492919219076198 0
1.9696 1.4773 0
1.978518852903926 1.342111850913696 0
1.973432488916032 1.374195069914263 0
1.9643 1.4318 0
2.249050174393301 1.212233337976899 0
2.24256525829144 1.191817257887373 0
2.235 1.168 0
2.221713632973572 1.103789290054648 0
2.212260893408738 1.058105837446483 0
2.2021 1.009 0
2.196591752574781 0.9641587857754386 0
2.1886 0.8991 0
2.187350568630416 0.8772349510322699 0
2.18387924285583 0.8164867499770284 0
2.1796 0.7416 0
2.107945494148921 0.7632690132152056 0
2.068503804862353 0.7751965602163245 0
2.384964398734177 1.3739 0
2.361 1.2861 0
2.310359259149525 1.199769594169191 0
2.07849290617849 1.248715942028986 0
2.0491 1.1641 0
2.042208666392658 1.151547013131607 0
2.0222 1.1151 0
2.019625833033159 1.095983645311823 0
2.0161 1.0698 0
1.994802132941842 1.015856256925515 0
1.9714 0.9562 0
1.964869052062925 0.9398055969673432 0
1.9373 0.8706 0
2.1392 1.2359 0
2.2875 1.2048 0
2.3543 1.1901 0
2.468597497393118 1.1641 0
2.501521848739496 1.1641 0
2.511 1.1641 0
2.513493356953056 1.163460038382049 0
2.567644766215234 1.149561176671423 0
2.571 1.1487 0
2.634923760828503 1.121740848694066 0
2.64 1.1196 0
2.672776073859635 1.11360267584696 0
2.7105 1.1067 0
2.7915 1.088306451612903 0
2.825587712869153 1.08060922612632 0
2.8305 1.0795 0
1.959954033467395 1.172542730849108 0
2.0222 1.1566 0
2.0911 1.1392 0
2.251103280711954 1.097505534636197 0
2.253 1.0971 0
2.3235 1.09 0
2.352 1.09 0
2.382238706808611 1.081249101514478 0
2.418 1.0709 0
2.211327489580681 1.563360767076292 0
2.1556 1.4849 0
2.152944803026131 1.474456225236117 0
1.384612522567811 0.85929534071282 0
1.4086 0.9051 0
1.4715 1.0596 0
1.55 1.1566 0
1.552363092269327 1.161570906068163 0
1.5809 1.2216 0
1.694161628306424 1.407272062864995 0
1.7082 1.4318 0
1.7007 1.162 0
1.8316 0.759525 0
1.8316 0.7974604651162791 0
1.8316 0.8466 0
1.8331 0.9228999999999999 0
1.8316 0.9703999999999999 0
1.8226 1.153530769230769 0
1.9096 1.1281 0
2.091072507461924 1.079506340434112 0
2.0222 1.0086 0
2.067291626095423 0.9941706796494645 0
2.022585303364959 0.9210226201723802 0
2.144293509179418 0.8875009665178609 0
2.1541 0.8847999999999999 0
2.228394663991627 0.8678967470846924 0
2.322 0.8466 0
2.237724227514269 0.4934135027932116 0
2.2875 0.5796 0
2.289757573561386 0.5833957336812097 0
2.300317270468875 0.6011501040816685 0
2.328876411627166 0.649167540082475 0
2.360321280748631 0.7020368466986984 0
2.3625 0.7057 0
2.396469485914174 0.7746958002790096 0
2.14921079663386 0.8234790846086555 0
2.245043168510315 0.8041504995197153 0
2.28 0.7971 0
2.302185401166298 0.7928323915812051 0
2.424 0.7694 0
2.439633501492433 0.7653883845226965 0
2.5035 0.749 0
2.584503648541874 0.7293450606541038 0
2.67 0.7086 0
2.795405866459823 0.6786871484930247 0
2.822760823179398 0.6738403642151939 0
2.79690270220858 0.6333080780432031 0
2.7915 0.7971 0
2.7915 0.8039712328767122 0
2.7915 0.8402440594059406 0
2.7915 0.8930741550695827 0
2.7915 0.9107030303030303 0
2.7915 0.9230793103448276 0
2.7915 0.9995783251231527 0
2.7915 1.027876785714286 0
2.7915 1.0506 0
2.7915 1.134472222222222 0
2.530656818522279 0.8956891076748947 0
2.572632469683148 0.9612843911159663 0
2.626691382765531 1.045762168782008 0
2.655 1.09 0
2.702357528175256 1.15288027352159 0
2.660630607750689 1.161963205404281 0
2.6415 1.1336 0
2.6115 1.0795 0
2.577921523998021 1.056464443344879 0
2.565 1.0476 0
2.6175 1.662828125000001 0
2.6175 1.6146 0
2.4857 1.1281 0
2.465726147961611 1.084795694232123 0
2.4375 1.0236 0
2.409252759159402 0.9781997245040233 0
2.3685 0.9127000000000001 0
2.235 0.9562 0
2.352017769381551 0.9256377119968182 0
2.335341162420382 0.9977773487261147 0
2.352 1.0296 0
2.301 1.1796 0
2.0761 0.7898999999999999 0
2.039851309416743 0.719735867882523 0
2.0326 0.7057 0
2.015866463437545 0.6806947720686036 0
1.7506 0.7694 0
1.751150313771247 0.7741204692378039 0
1.755989556349997 0.815630416691086 0
2.295 0.7694 0
2.2815 0.7208 0
2.270299616750648 0.7056503486685075 0
2.2642 0.6974 0
2.259866155719778 0.6661646101266953 0
2.082315860682666 0.7088398670304583 0
2.1269 0.6974 0
2.28114745004323 0.6609230754375209 0
2.373 0.6383 0
2.4336 0.6237181250000001 0
2.469 0.6152000000000001 0
2.817 1.0596 0
2.774204405750559 1.006360242868254 0
2.733 0.9551000000000001 0
2.718080921194559 0.9318639634696873 0
2.674924510518934 0.8646490939691445 0
2.656981441464345 0.8367032795220541 0
2.646 0.8196 0
2.544 0.6698999999999999 0
2.536668687672883 0.6602026732400403 0
2.684925089264461 1.032690616519876 0
2.6835 1.0295 0
2.646411383832372 0.948371114577134 0
2.5455 1.1181 0
2.5065 1.0863 0
2.520696298882681 0.9699185055865922 0
2.4075 0.9786 0
2.45773491075889 0.967127913996906 0
2.238 1.0754 0
1.609594006965154 0.859791605574884 0
1.7041 0.8281000000000001 0
1.738892172858839 0.8197390902432249 0
1.713657554742533 0.7827750477802654 0
1.7716 0.7694 0
1.458839231509262 0.8316777179857757 0
1.4715 0.8553999999999999 0
1.56562628707038 0.9748815921850164 0
1.5676 1.1566 0
1.5809 0.9703999999999999 0
1.4913 0.8196 0
1.492202902531222 0.8193732666634767 0
1.1769 0.8706 0
1.236703383458646 0.8659308270676692 0
1.2631 0.8598 0
1.5046 0.8381000000000001 0
1.8331 0.5242 0
1.983112794685797 0.4895094845075892 0
2.0371 0.4829 0
2.1766 0.4402 0
2.192444147563346 0.437140931099059 0
2.315212861319147 0.4134376707780223 0
2.3325 0.4101 0
2.358074884869519 0.4032800307014617 0
2.4135 0.3885 0
2.421954545454545 0.3873727272727273 0
2.449160958904109 0.3837452054794521 0
2.4645 0.3817 0
2.538000726566734 0.3687021156789528 0
2.5759 0.362 0
2.603490132817121 0.3549214819594558 0
2.6445 0.3444 0
2.66546573875803 0.3444 0
2.2939 0.4777 0
2.301796871224777 0.4767164240564702 0
2.401660544141473 0.4642781426767242 0
2.4125451317897 0.4629224388465227 0
2.4336 0.4603 0
2.456509167921163 0.4548311843798649 0
2.499626897628231 0.4445382346516931 0
2.5178 0.4402 0
2.56081563151174 0.4351365007749634 0
2.607 0.4297 0
2.673032643495365 0.4145626922513549 0
2.6925 0.4101 0
2.697164718162839 0.4081230480167014 0
2.3798 0.6974 0
2.435750755012998 0.6892661180179931 0
2.4857 0.6698999999999999 0
2.574 0.6531 0
2.776707070286909 0.6016516737206619 0
2.641024144207605 0.6135157532390166 0
2.590351014638801 0.5175266187178675 0
2.5868 0.5108 0
2.062555837635377 0.6668758965167589 0
2.1091 0.6531 0
2.176385585585586 0.6328221522892755 0
2.2186 0.6201 0
2.2880576568692 0.6039930576015281 0
2.3415 0.5916 0
2.175022161089501 0.5979894579714979 0
2.4336 0.54527515625 0
2.455876911310638 0.5413650942126641 0
2.474410104337011 0.5381121327283475 0
2.5155 0.5308999999999999 0
2.628 0.5108 0
2.664765346332846 0.5014323912083433 0
2.71199874053382 0.4893975811790541 0
2.737000209324647 0.4830273439255008 0
2.74161077251257 0.8190142160597289 0
2.75347678017711 0.8476322345447943 0
2.763 0.8706 0
2.785861384410309 0.9126964802589819 0
2.593186702876197 0.8478820725545053 0
2.628 0.8397 0
2.7015 0.8321000000000001 0
2.772 0.8091 0
2.6363 0.9507000000000001 0
2.757 0.9228999999999999 0
2.8019588681718 0.9070054506463335 0
2.5995 0.8816938271604939 0
2.628 0.8759 0
2.7135 0.8553999999999999 0
2.6875 1.1566 0
2.757 1.1392 0
2.673 1.0356 0
2.7435 1.0184 0
2.836102966507177 0.9820886889952154 0
2.5995 0.8706 0
2.5868 0.8249 0
2.7525 0.5991000000000001 0
2.771395778846014 0.5933262897970515 0
2.8065 0.5826 0
2.727 0.4687 0
2.6875 0.3885 0
1.8226 0.4687 0
2.1499 0.3817 0
2.165945160315896 0.3785057108100054 0
2.2152 0.3687 0
2.31812982845581 0.3473769409081314 0
2.3325 0.3444 0
2.351046207044827 0.3415777511018741 0
2.372954877336448 0.3382438230140187 0
2.4015 0.3339 0
2.461432555404111 0.3163501293458003 0
2.52 0.2992 0
2.520529073482428 0.2990897763578275 0
2.707195950860745 0.556428982461812 0
2.727 0.5496 0
2.742036012130402 0.1143105382865806 0
2.7435 0.131 0
2.76262729748128 0.1892927161334242 0
2.7645 0.195 0
2.8065 0.179 0
2.801213940898932 0.1706362354109758 0
2.63912551997465 0.1397768699110451 0
2.661314186537881 0.1364423949729714 0
2.7135 0.1286 0
2.759946596575696 0.1053417794590876 0
2.78 0.0953 0
2.803284371941924 0.08891715118794805 0
1.843700190839695 0.093893320610687 0
1.8976 0.09029999999999999 0
1.9649 0.0785 0
2.1327 0.067 0
2.1383 0.067 0
2.192450008025614 0.05929813890226489 0
2.2297 0.054 0
2.357094535324688 0.1230819823847746 0
2.352 0.115 0
2.340700051576821 0.1008137542333386 0
2.2921 0.0398 0
1.8511 0.3938 0
2.1263 0.3205 0
2.159175142074623 0.3147488895378141 0
2.2875 0.2923 0
2.330372507194057 0.2835552996962156 0
2.4336 0.2625 0
2.446405872888174 0.2599366251005631 0
2.5065 0.2479074742268041 0
2.55 0.2392 0
2.235879811736471 0.1435962029415679 0
2.2365 0.1448 0
2.270972236201009 0.1957542741346167 0
2.29827785657526 0.2361153942503064 0
2.3325 0.2867 0
2.352 0.3444 0
2.4336 0.5144 0
2.4336 0.6201 0
2.4336 0.6471 0
2.445 0.8706 0
2.4638 1.0131 0
2.4638 1.1317 0
2.478 1.2276 0
1.6853 0.3147 0
1.700850491431548 0.3113115660693903 0
1.742238462651029 0.3022931754534722 0
1.7881 0.2923 0
1.897930203625569 0.2493523072561413 0
1.921484268372456 0.3172822299861636 0
1.9226 0.3205 0
1.9649 0.3063 0
1.7105 0.3573 0
1.71909158378193 0.3543679515664843 0
1.7483 0.3444 0
1.767634355358526 0.3420057924439208 0
1.7911 0.3391 0
1.8278 0.3545 0
2.454 0.4145 0
2.4608 0.5237999999999999 0
2.4857 0.4687 0
2.142299144821738 0.1603622249684704 0
2.1451 0.1597 0
2.2725 0.1371 0
2.3798 0.08699999999999999 0
1.6658 0.1502 0
1.6703 0.2392 0
2.4486 0.2923 0
2.5065 0.2933 0
2.4075 0.3787 0
2.148954905366623 0.2190644851230603 0
2.311102323015585 0.1880878157369815 0
2.3325 0.184 0
2.2965 0.5017 0
2.2845 0.6471 0
2.2642 0.7308 0
1.0216 0.574 0
1.0948 0.3787 0
1.7626 0.2077 0
1.8736 0.254 0
1.9516 0.2391 0
2.168574908210866 0.4032714293878953 0
2.1499 0.2274 0
2.1327 0.0757 0
0.2042852993154806 0.4981937155352826 0
0.9744563468276416 0.9483424120899995 0
0.9342139773955067 1.149396109290821 0
0.2272598598270632 1.086944577558085 0
0.2710822154323682 1.249970835152044 0
0.7736830819505653 1.184519706710288 0
0.8679481429363354 1.443627226983924 0
1.578805922140388 1.524354697129115 0
1.614252355256121 1.581166103629673 0
0.9268598940416281 1.764136569929463 0
0.6847000000000001 1.787278260869565 0
0.7516 1.773461956521739 0
0.4859798827347416 1.916064548975135 0
0.5252384615384614 2.0016 0
1.55052605257486 1.868026934768229 0
0.2122689285411546 2.935361511401203 0
2.1886 2.636391064871481 0
2.115937714534459 1.343264801768258 0
2.036964386889906 0.9445495396922465 0
2.786690160535576 0.05597853370825039 0
0.3845 0.0745 0
0.8289 0.5706 0
0.6025 2.936 0
2.457 2.93 0
2.6357 3.0065 0
2.3835 2.777 0
2.2021 2.391 0
1.6067 1.216 0
0 0.3885 0
0 0 0
0 1.7136 0
0 2.3331 0
0 3.47 0
0 2.5423 0
2.85 3.47 0
2.85 0.07611118881118883 0
2.1619 0 0
2.727 0 0
0.7295 0 0
1.0109 0 0
0.362 0 0
0.229 0 0
0.135 0 0
1.5584 0 0
2.1327 0 0
2.85 0 0
0.579 0.078 0
0.6545 0.3015 0
0.035 0.124 0
0.0175 0.211 0
0.29 0.23 0
0.0775 0.0475 0
0.2325 0.0165 0
0.308 0.171 0
0.413 0.011 0
0.413 0.06850000000000001 0
0.1698 0.09379999999999999 0
0.2665 0.1275 0
0.007 0.131 0
0.141 0.09029999999999999 0
0.0025 0.211 0
0.051 0.249 0
0.132 0.1355 0
0.123 0.1675 0
0.06950000000000001 0.2474 0
0.123 0.3515 0
0.1085 0.179 0
0.1585 0.3745 0
0.0025 0.326 0
0.1572 0.2995 0
0.2182 0.2545 0
0.2665 0.2405 0
0.198 0.3375 0
0.3667 0.0815 0
0.417 0.06850000000000001 0
0.2955 0.2405 0
0.4895 0.202 0
0.8071 0.1974 0
0.6766 0.305 0
0.8356 0.5152 0
0.5488 0.192 0
0.528 0.5377000000000001 0
0.3359 0.2994 0
0.498 0.5436 0
0.7393 0.592 0
1.3786 0.4297 0
1.0741 0.8201000000000001 0
1.3411 0.7596000000000001 0
1.2451 1.0881 0
1.1453 0.7506 0
0.528 0.8671 0
0.614 0.9786 0
0.6766 0.7694 0
0.9406 0.7086 0
1.0546 0.3573 0
1.7626 0.179 0
1.3786 0.131 0
1.7911 0.0398 0
1.3006 0.08450000000000001 0
1.563 0.0165 0
1.4146 0.003 0
1.8046 0.5466 0
1.8121 0.115 0
1.8121 0.4101 0
1.8676 0.003 0
2.1451 0.4518 0
1.3786 0.6383 0
1.5848 0.592 0
1.6426 1.0296 0
1.1163 0.8381000000000001 0
2.0063 0.6383 0
0.7876000000000001 0.3573 0
0.8159999999999999 0.4603 0
0.8202999999999999 0.2857 0
0.833 0.4769 0
0.8712000000000001 0.2748 0
0.9046000000000001 0.4088 0
0.6183 0.3885 0
0.9464 0.3205 0
0.7561 0.5332 0
0.8971 0.4972 0
0.8589 0.7416 0
0.8879 1.0296 0
0.7752 0.7146 0
0.8701 0.8706 0
0.0145 1.2591 0
0.201 1.2127 0
0.3481 1.2411 0
0.8289 1.1324 0
0.0212 1.3551 0
0.228 1.2996 0
0.1698 0.9562 0
0.1974 1.0596 0
0.0212 1.3039 0
0.08109999999999999 1.4946 0
0.0482 1.4061 0
0.2395 1.3656 0
0.2588 1.3416 0
0.6691 1.2591 0
0.4472 1.1392 0
0.4369 1.1392 0
0.8539 1.1324 0
1.0876 1.0754 0
1.1056 1.0709 0
1.4573 1.0004 0
0.9843 1.2127 0
1.4715 1.09 0
0.8971 1.0795 0
1.0627 1.0356 0
1.3726 0.7406 0
1.9501 0.5991000000000001 0
1.6186 0.6247 0
1.6516 1.3161 0
1.3846 0.5991000000000001 0
1.5848 0.5436 0
1.3156 0.5496 0
1.2541 0.6201 0
1.1163 1.0698 0
1.2279 1.2276 0
1.2391 1.2216 0
1.3574 1.4946 0
0.0025 1.5306 0
1.5376 1.1392 0
1.4248 1.1513 0
1.7371 1.0596 0
1.5376 1.0356 0
1.8331 0.9562 0
1.6516 0.9727 0
2.1091 0.8381000000000001 0
1.6186 0.9194 0
1.9306 0.8466 0
0.0212 1.5636 0
0.4895 1.4346 0
0.1698 1.3173 0
0.2435 1.4751 0
0.007 1.4511 0
0.401 1.4751 0
0.4726 1.5921 0
0.0428 1.6026 0
0.6847000000000001 1.4346 0
0.6766 1.3656 0
0.6766 1.6401 0
0.0677 1.6506 0
0.2711 1.6026 0
0.2711 1.6146 0
0.6121 1.5561 0
0.094 1.6866 0
0.6556000000000001 1.5853 0
1.0381 1.4946 0
0.5687000000000001 1.509 0
0.9677 1.4511 0
0.8191000000000001 1.4061 0
0.8071 1.8621 0
1.0381 1.4061 0
1.4086 1.3416 0
0.8573999999999999 1.3739 0
1.5676 1.2127 0
1.1769 1.3274 0
1.6186 1.2861 0
1.3426 1.3993 0
1.64 1.3173 0
0.2435 1.6791 0
0.1836 2.0361 0
0.2619 2.1711 0
0.2473 1.5426 0
0.4261 1.6581 0
0.3748 1.7481 0
0.5937 1.7248 0
0.3841 1.8111 0
0.5968 1.7698 0
0.6361 1.6506 0
1.5436 1.4607 0
0.6121 1.7136 0
1.0361 1.6266 0
1.0306 1.6146 0
1.4996 1.509 0
0.9622000000000001 1.6093 0
1.2451 1.7248 0
1.64 1.6506 0
0.6361 1.8906 0
0.9342 1.8409 0
0.4368 1.8657 0
0.7682 1.7944 0
0.3033 1.6266 0
0.5335 2.2851 0
0.0736 1.7481 0
0.2192 1.7173 0
0.2553 1.5921 0
0.3125 2.2911 0
0.4472 2.0361 0
0.401 2.4456 0
0.7876000000000001 1.8816 0
0.8416 2.4996 0
1.0741 2.1711 0
0.8241000000000001 2.2326 0
1.1086 1.9836 0
1.257 1.9476 0
1.3096 2.2656 0
1.3574 1.5673 0
1.3816 2.0938 0
1.402 2.618 0
1.1761 2.1621 0
1.1624 2.777 0
1.2766 2.1066 0
1.7491 2.0271 0
1.7596 1.8111 0
1.7161 2.6495 0
0.9214 1.2359 0
0.9601000000000001 3.1385 0
0.5551 2.744 0
0.5941000000000001 2.0668 0
0.6925 2.6555 0
0.6925 2.2418 0
0.2239 2.3241 0
0.2042 2.1621 0
0.6541 2.8708 0
0.2326 2.2018 0
0.8671 3.179 0
0.3748 3.468 0
0.4568 2.6495 0
0.5941000000000001 3.3515 0
0.6331 2.969 0
0.09620000000000001 3.3515 0
0.1622 2.3661 0
0.112 2.4966 0
0.08120000000000001 2.8588 0
0.0737 2.5116 0
0.0362 2.765 0
0.0107 2.6383 0
0.2701 2.4486 0
0.296 2.921 0
0.2553 3.1385 0
0.3106 2.93 0
0.7876000000000001 2.954 0
0.8341000000000001 2.7545 0
0.9214 2.4261 0
1.1487 2.3796 0
1.1161 2.5423 0
1.6006 2.4576 0
1.1881 2.4261 0
1.3906 2.3931 0
1.3816 3.468 0
1.402 2.7223 0
1.3816 2.7305 0
1.3096 2.7305 0
0.6025 2.7305 0
1.0651 2.6495 0
1.3583 2.765 0
1.7806 2.705 0
1.9306 3.468 0
1.9246 2.705 0
1.7941 2.549 0
1.7881 3.2274 0
0.7537 3.2435 0
0.7876000000000001 3.1603 0
0.7537 3.395 0
1.1624 2.8325 0
1.1487 3.468 0
2.0491 3.1503 0
2.1046 2.8985 0
1.9696 3.386 0
2.0821 3.077 0
2.0536 2.1388 0
2.0401 2.6375 0
1.5526 3.468 0
1.5653 2.2303 0
1.1761 2.2418 0
1.6626 2.1621 0
1.8166 2.4261 0
2.1541 2.3559 0
1.6996 2.9089 0
1.7101 2.669 0
2.277 3.468 0
2.1931 2.7223 0
2.4848 3.386 0
2.4435 2.612 0
2.829 3.468 0
2.6535 3.1603 0
2.845 3.386 0
2.6108 2.999 0
2.845 3.3141 0
2.562 2.9529 0
2.5935 2.5341 0
2.5725 2.4576 0
2.7035 2.669 0
2.667 3.2274 0
2.4642 2.9825 0
2.5278 3.0504 0
2.4375 2.936 0
2.2875 2.6079 0
2.3567 2.9615 0
2.3567 2.7305 0
2.277 2.3559 0
2.373 2.7485 0
2.7035 2.612 0
2.5725 2.1872 0
2.4375 1.6326 0
2.472 2.624 0
2.1766 2.0016 0
2.0761 1.8111 0
2.0326 1.5029 0
2.0821 2.1388 0
2.277 2.5633 0
2.1166 2.2333 0
2.0972 2.1816 0
1.9471 1.7541 0
1.7731 1.509 0
1.8901 1.8726 0
1.8901 1.7762 0
1.8976 2.1156 0
2.1923 2.0451 0
2.1646 1.8906 0
2.4375 1.8321 0
2.4435 1.8468 0
2.5995 2.1724 0
2.7435 2.4696 0
2.8305 2.4636 0
2.775 2.2956 0
2.766 1.7762 0
2.4975 2.1966 0
2.4912 2.0359 0
2.58 2.1066 0
2.82 2.0526 0
2.2002 2.0136 0
2.277 2.3166 0
1.8901 1.6866 0
2.4375 1.5557 0
2.2081 1.7421 0
2.1638 1.8021 0
2.268 2.0526 0
2.2875 1.4436 0
2.2875 1.8021 0
2.472 1.7481 0
2.8305 1.8906 0
2.655 1.6506 0
2.727 1.4607 0
2.7428 1.734 0
2.3055 2.3559 0
2.3505 2.4999 0
1.8586 1.4991 0
2.0161 1.4607 0
1.9786 1.3416 0
2.0063 1.4511 0
1.8586 1.3739 0
1.9156 1.5771 0
1.8586 1.5974 0
2.0063 1.5771 0
2.0761 1.4436 0
1.9306 0.8169 0
2.322 1.3867 0
2.3865 1.3739 0
2.3955 1.4125 0
2.3085 1.1966 0
1.8406 1.3739 0
2.0491 1.3274 0
2.0972 1.3274 0
1.8676 0.6906 0
1.8331 1.2933 0
1.9696 1.3349 0
2.0222 1.2606 0
2.845 1.0754 0
1.8316 1.216 0
2.445 1.0596 0
2.2186 1.5736 0
2.1451 1.4436 0
1.3666 0.8249 0
1.7596 1.4991 0
1.7378 1.0356 0
1.7446 1.4755 0
1.8046 1.0356 0
2.0911 2.2018 0
1.8316 0.7208 0
1.8226 1.1856 0
1.8121 1.1566 0
2.0911 1.0795 0
1.8976 1.0416 0
2.0972 0.9846 0
1.9958 0.9284 0
2.4336 0.8196 0
2.2186 0.4603 0
2.4075 0.7971 0
2.1263 0.8281000000000001 0
2.845 0.6698999999999999 0
2.7975 0.6152000000000001 0
2.7915 1.2679 0
2.529 0.8931 0
2.727 1.1856 0
2.838 1.4214 0
2.529 0.9786 0
2.6175 1.734 0
2.583 1.4061 0
2.574 1.4028 0
2.538 1.2679 0
2.538 1.2471 0
2.352 0.8759 0
2.1269 0.9786 0
2.3625 0.9228999999999999 0
2.313 0.9551000000000001 0
2.3955 1.1039 0
2.1269 1.216 0
2.4015 1.1566 0
2.1619 0.9127000000000001 0
1.9974 0.6531 0
1.7371 0.6606000000000001 0
1.7596 0.8466 0
2.313 0.8281000000000001 0
2.256 0.6383 0
1.9448 0.739 0
2.4857 0.6081 0
2.845 1.1281 0
2.478 0.5826 0
2.7015 1.0698 0
2.6445 0.9464 0
2.6363 1.2471 0
2.5155 1.0416 0
2.5155 1.1856 0
2.529 0.9284 0
2.2965 1.0081 0
2.478 0.9625 0
2.2785 1.1796 0
2.2186 1.0476 0
1.5878 0.8671 0
1.8331 0.7971 0
1.6516 0.7971 0
1.8676 0.7536 0
1.405 0.7308 0
1.6246 1.0795 0
1.4971 1.1796 0
1.6246 1.1444 0
1.6587 1.2048 0
1.4715 1.0025 0
1.6495 0.9507000000000001 0
1.3846 0.8593 0
1.5809 0.7971 0
1.0948 0.8991 0
1.3666 0.8321000000000001 0
1.4715 0.7881 0
1.6246 0.4603 0
1.6495 0.6247 0
1.7105 0.5826 0
1.7371 0.6471 0
1.7746 0.5425 0
2.6835 0.3444 0
2.2081 0.5017 0
2.7135 0.4012 0
2.7855 0.5991000000000001 0
2.6445 0.6201 0
2.538 0.3687 0
1.9824 0.6906 0
2.421 0.574 0
2.0296 0.6383 0
2.2297 0.5826 0
2.3235 0.5646 0
2.7375 0.4829 0
2.8065 0.9507000000000001 0
2.5178 0.8656 0
2.845 0.7898999999999999 0
2.5178 0.9703999999999999 0
2.8065 0.9054 0
2.5065 0.9006000000000001 0
2.7943 0.8397 0
2.5868 1.1767 0
2.838 1.1281 0
2.529 1.0672 0
2.845 0.9786 0
2.6175 0.9379 0
2.5759 0.7791 0
2.628 0.6152000000000001 0
2.6175 0.2484 0
1.6936 0.5108 0
2.628 0.2767 0
2.6057 0.5466 0
2.772 0.5436 0
2.845 0.4944 0
2.568 0.09029999999999999 0
2.838 0.2572 0
2.7151 0.3063 0
2.845 0.3545 0
2.6622 0.2274 0
2.845 0.1522 0
2.6057 0.1448 0
1.8226 0.0953 0
2.4075 0.0165 0
2.3873 0.171 0
1.7483 0.4145 0
2.6057 0.2294 0
2.3625 0.4012 0
2.3873 0.4012 0
2.4857 1.3067 0
1.4431 0.3787 0
1.8976 0.2767 0
1.8511 0.1367 0
1.9354 0.3712 0
1.8803 0.3277 0
1.5952 0.3787 0
1.8626 0.3391 0
2.445 0.3573 0
2.4365 0.6105 0
2.5155 0.417 0
1.9958 0.195 0
2.4638 0.1054 0
2.2291 0.1286 0
2.4608 0.0757 0
1.5676 0.0029 0
1.7294 0.3787 0
2.5065 0.08699999999999999 0
2.2186 0.254 0
2.445 0.2392 0
2.478 0.3474 0
2.5065 0.2341 0
2.538 0.3063 0
2.3625 0.326 0
2.445 0.4012 0
2.1383 0.2211 0
2.529 0.1502 0
2.4608 0.003 0
2.845 0.5186000000000001 0
2.3205 0.3885 0
2.2186 0.9054 0
0.9736 0.4105 0
1.0692 0.6531 0
0.9893 0.6383 0
0.9808 0.452 0
1.1163 0.4829 0
1.7483 0.08699999999999999 0
1.7716 0.2767 0
1.8121 0.2702 0
2.0237 0.2211 0
2.1693 0.4101 0
0.5580000000000001 0.003 0
0.5985 0.078 0
0.007 0.062 0
0.035 0.051 0
0.382 0.0565 0
0.2265 0.278 0
0.2435 0.208 0
0.274 0.252 0
0.3985 0.0953 0
0.3481 0.1655 0
0.3925 0.2294 0
0.8116 0.2842 0
0.8071 0.3442 0
0.0025 0.4402 0
0.0775 0.4101 0
0.0025 0.5991000000000001 0
0.0604 0.5849 0
0.0648 0.5726 0
0.1698 0.5586 0
0.0775 0.5261 0
0.2088 0.4972 0
0.1512 0.4207 0
0.2395 0.5496 0
0.0963 0.7206 0
0.1847 0.8181 0
0.6691 0.3885 0
0.7002999999999999 0.5152 0
0.1459 0.6606000000000001 0
0.201 0.7206 0
0.2473 0.8106 0
0.4078 1.0236 0
1.5676 0.184 0
0.9826 0.6606000000000001 0
0.9736 0.9786 0
0.7427999999999999 0.4297 0
0.7876000000000001 0.5152 0
0.8116 0.5226000000000001 0
0.5671 0.7791 0
0.5580000000000001 0.861 0
0.3481 0.6756 0
0.4025 0.7416 0
0.2059 0.9562 0
0.2325 0.988 0
0.2588 0.9819 0
0.2835 1.0236 0
0.7427999999999999 0.8789 0
0.7752 0.9464 0
0.8116 0.9396 0
0.8202999999999999 0.988 0
0.8971 0.8381000000000001 0
0.9406 0.7416 0
0.9961 1.2276 0
0.9047000000000001 1.1121 0
0.8476 0.9786 0
0.9826 0.9464 0
1.1465 0.6531 0
1.2541 0.8281000000000001 0
1.2166 0.8361000000000001 0
1.2631 0.9051 0
1.7131 0.009800000000000001 0
1.7202 0.054 0
1.7716 0.003 0
1.8046 0.0953 0
1.3574 0.2867 0
1.3786 0.326 0
1.4851 0.3573 0
1.4523 0.3104 0
0.8806 0.8706 0
0.9151 0.9318 0
0.08109999999999999 1.1196 0
0.3125 1.0679 0
0.007 1.1121 0
0.1572 1.0679 0
0.1173 0.9562 0
0.2775 0.9171 0
0.091 0.9051 0
0.2619 0.8671 0
0.2435 1.0428 0
0.363 1.0086 0
0.2588 1.1046 0
0.2925 1.1601 0
0.141 1.1504 0
0.228 1.2591 0
0.1698 1.2771 0
0.3546 1.2276 0
0.007 1.2771 0
0.0482 1.3551 0
0.0482 1.1121 0
0.099 1.1867 0
0.0648 1.1046 0
0.099 1.1587 0
0.2059 1.0536 0
0.228 1.0881 0
0.1847 1.0709 0
0.201 1.0881 0
0.2325 1.1867 0
0.2711 1.25 0
0.4472 1.2411 0
0.498 1.3173 0
0.4472 1.0937 0
0.462 1.1196 0
0.5335 1.1067 0
0.5488 1.1317 0
0.5488 1.1966 0
0.5885 1.2359 0
0.6847000000000001 1.2792 0
0.6847000000000001 1.0462 0
0.7066 1.0881 0
0.7752 1.1867 0
0.7652 1.0536 0
0.7876000000000001 1.3993 0
0.8879 1.1699 0
0.9046000000000001 1.1627 0
0.9342 1.1494 0
1.0876 1.1067 0
1.0216 1.1317 0
1.0507 1.1966 0
0.9677 1.1401 0
1.0109 1.2048 0
0.9677 1.0236 0
0.9622000000000001 1.1067 0
1.7446 0.8281000000000001 0
1.6366 0.6698999999999999 0
1.4341 1.1724 0
1.405 1.1067 0
1.3028 1.1796 0
1.2815 1.1336 0
0.4568 1.4061 0
0.5234 1.4691 0
0.4774 1.3859 0
0.5133 1.4271 0
0.3903 1.3656 0
0.1968 1.4184 0
0.198 1.509 0
0.7824 1.4061 0
0.8289 1.4511 0
1.0306 1.4125 0
0.0736 1.7856 0
0.3125 1.7541 0
0.1674 1.6706 0
0.193 1.7136 0
0.1674 1.5523 0
0.1968 1.6026 0
0.2067 1.5426 0
0.2395 1.5921 0
0.3275 1.6921 0
0.5065 1.6581 0
0.5791000000000001 1.6266 0
0.7966 1.5774 0
1.4996 1.3739 0
1.5256 1.4318 0
1.5331 1.4511 0
1.6426 1.6266 0
1.5256 1.4436 0
1.6996 1.4061 0
1.4913 1.5186 0
1.5586 1.5029 0
1.5436 1.5321 0
1.6936 1.4991 0
1.5961 1.5853 0
1.7836 1.5426 0
1.2279 1.6921 0
1.3497 1.6506 0
1.3741 1.6266 0
1.5331 1.5921 0
0.8416 1.3416 0
0.8806 1.392 0
0.8539 1.4271 0
0.9151 1.4991 0
0.8806 1.6791 0
0.9622000000000001 1.8291 0
0.8116 1.6401 0
0.8539 1.7365 0
0.6847000000000001 1.7698 0
0.6847000000000001 1.8756 0
0.7516 1.7421 0
0.7516 1.8972 0
0.6847000000000001 1.9476 0
0.7002999999999999 2.0361 0
0.7427999999999999 1.9476 0
0.7427999999999999 2.1066 0
0.4261 1.7856 0
0.5335 2.0196 0
0.2192 1.8816 0
0.3275 1.8756 0
0.9707 1.9836 0
1.0306 2.1066 0
1.2125 1.8468 0
1.2766 1.9918 0
1.1311 1.9671 0
1.1664 2.0361 0
1.1487 2.0526 0
1.1881 2.1351 0
1.1163 2.0938 0
1.1664 2.2026 0
0.8734 1.7698 0
1.0216 1.7541 0
1.0899 1.7421 0
1.0627 1.8468 0
0.4895 1.4991 0
0.7002999999999999 1.4511 0
0.8131 1.4252 0
1.6853 1.6401 0
1.7311 1.7944 0
1.4913 1.7481 0
1.5676 1.9026 0
1.5878 1.9193 0
1.6711 2.0271 0
1.3426 1.9086 0
1.5809 1.8621 0
1.2451 1.8621 0
1.4086 1.8196 0
0.417 1.9281 0
0.5941000000000001 1.8972 0
0.4726 2.0016 0
0.5412 2.0016 0
0.6691 1.7905 0
0.5335 2.2611 0
0.5488 2.3331 0
0.401 2.3331 0
0.3725 2.2408 0
0.7002999999999999 2.1816 0
0.8071 2.3496 0
1.4536 2.0451 0
1.5586 2.1966 0
1.6126 2.2611 0
1.6853 2.3721 0
1.2279 2.6555 0
1.2651 2.789 0
1.7596 2.1966 0
1.8166 2.2869 0
1.649 2.1066 0
1.6936 2.1711 0
1.64 2.1816 0
1.6853 2.2851 0
1.6853 1.7762 0
1.7161 1.9026 0
1.5376 1.7136 0
1.5961 1.8021 0
1.3426 1.9476 0
1.5586 1.9086 0
1.3497 1.9656 0
1.3921 2.0271 0
0.8071 1.9086 0
1.0216 1.8621 0
0.5851000000000001 2.5505 0
0.7231000000000001 2.5341 0
0.7002999999999999 2.4696 0
0.7231000000000001 2.5236 0
0.0347 1.8853 0
0.0752 2.1351 0
0.1052 2.0196 0
0.1442 2.2026 0
0.1562 2.0938 0
0.1622 2.2236 0
0.8761 3.0575 0
0.8536 3.269 0
0.9031 3.468 0
0.8536 3.2795 0
0.5626 3.3275 0
0.5551 3.1895 0
0.5589 3.0575 0
0.5551 2.8925 0
0.5335 2.93 0
0.5335 2.8115 0
0.1352 2.4054 0
0.1622 2.6 0
0.1515 2.5236 0
0.0197 2.5925 0
0.09659999999999999 2.5865 0
0.2177 3.4265 0
0.2042 3.041 0
0.2109 2.954 0
0.2239 2.777 0
0.0053 2.9855 0
0.2042 2.975 0
0.08120000000000001 3.0965 0
0.1952 3.0875 0
0.1172 3.179 0
0.2042 3.1715 0
0.112 3.2338 0
0.2042 3.221 0
0.1382 3.2795 0
0.1952 3.2795 0
0.1952 2.936 0
0.3556 2.93 0
0.8071 2.9945 0
0.9214 2.9855 0
0.8146 2.93 0
0.9556 2.9075 0
0.7537 2.765 0
0.8926000000000001 2.744 0
1.2166 2.789 0
1.2586 2.9075 0
1.2586 2.936 0
1.3186 3.077 0
1.1881 2.8925 0
1.2166 3.0588 0
1.3096 2.9615 0
1.3574 3.0343 0
0.9421 3.1505 0
0.9691000000000001 3.2585 0
1.0351 3.2585 0
1.0156 3.386 0
1.0351 3.077 0
1.0951 3.2435 0
1.0741 2.9188 0
1.0021 2.8888 0
1.0531 3.017 0
1.8166 3.269 0
1.9186 3.468 0
1.6126 3.1603 0
1.7101 3.468 0
1.6936 3.3223 0
1.7311 3.401 0
1.4161 2.9075 0
1.4821 3.0965 0
1.4491 2.93 0
1.5946 2.9075 0
1.4225 2.7591 0
1.4611 2.8655 0
1.4821 2.5341 0
1.5331 2.69 0
0.8926000000000001 2.4857 0
0.9421 2.6555 0
1.9561 3.2435 0
2.0296 3.401 0
1.9381 2.7591 0
2.1046 3.0588 0
2.1631 3.1503 0
2.268 3.287 0
1.9561 3.407 0
1.9831 3.468 0
1.2091 2.2971 0
1.3186 2.2746 0
1.9111 2.1816 0
1.9111 2.4096 0
1.8421 2.6375 0
1.9831 2.618 0
1.5695 2.5116 0
1.6936 2.4999 0
2.1886 2.8325 0
2.1886 2.4156 0
2.3835 3.269 0
2.4105 3.407 0
2.397 3.4205 0
2.4105 3.468 0
2.4945 3.468 0
2.475 3.401 0
2.628 3.468 0
2.5935 3.1505 0
2.4255 2.8492 0
2.34 2.7703 0
2.335 2.679 0
2.1046 2.6495 0
2.268 2.624 0
2.0179 2.5281 0
2.1766 2.4999 0
2.1863 2.4336 0
1.9381 2.2971 0
2.0536 2.2851 0
1.8481 2.1966 0
2.0461 2.1482 0
1.6936 2.7125 0
1.6936 2.8385 0
1.6066 3.0065 0
1.6853 2.9979 0
1.5946 2.9757 0
1.7806 2.9529 0
1.9561 3.233 0
2.0821 3.212 0
1.9561 3.1385 0
1.9928 3.2225 0
2.1166 2.0136 0
2.268 1.9836 0
1.9958 1.8621 0
2.235 1.8021 0
2.4548 1.8726 0
2.616 1.8409 0
2.529 2.0016 0
2.691 1.9656 0
2.58 1.9566 0
2.529 1.8621 0
2.511 1.6626 0
2.565 1.734 0
2.3115 2.0938 0
2.3505 2.1724 0
2.5545 2.3796 0
2.565 2.4261 0
2.5455 2.4999 0
2.5455 2.4336 0
2.277 1.8853 0
2.301 1.9371 0
1.7806 2.1066 0
1.8241 2.1066 0
1.8023 2.1208 0
1.8616 2.1156 0
1.64 2.4576 0
1.7082 2.4336 0
1.9591 1.1641 0
1.9696 1.2679 0
2.1091 1.5306 0
2.1693 1.5156 0
2.1091 1.5853 0
2.2186 1.5618 0
2.1383 1.4125 0
2.1154 1.3416 0
2.1263 1.4799 0
2.3955 1.4249 0
2.1886 1.7136 0
2.268 1.6908 0
2.0761 1.3506 0
2.2021 1.3274 0
1.8803 1.3964 0
2.0401 1.3583 0
2.1154 1.1151 0
2.0761 1.0576 0
1.9771 0.8466 0
2.0821 1.0184 0
2.511 1.4607 0
2.655 1.734 0
2.3798 0.9846 0
2.352 0.9256 0
2.1091 1.0795 0
2.2147 1.0576 0
2.1766 0.6383 0
2.1693 0.4518 0
2.0491 0.6383 0
2.1154 0.7791 0
2.1269 0.7791 0
2.1729 0.8706 0
1.9471 0.4297 0
2.0491 0.5991000000000001 0
2.3235 1.0476 0
2.2642 0.9703999999999999 0
2.3415 1.1281 0
2.2447 1.0576 0
2.2147 1.0034 0
1.9981 0.9532 0
2.0911 0.9325 0
1.9013 0.9959 0
1.9696 0.9786 0
1.9306 1.0131 0
1.9174 0.9919 0
1.8803 0.9551000000000001 0
1.9649 0.9398 0
1.7105 0.7203999999999999 0
1.7483 0.7596000000000001 0
1.6096 1.2556 0
1.6771 1.2359 0
1.6246 1.2471 0
1.5809 0.8196 0
1.6096 0.8598 0
1.2631 0.6974 0
1.3291 0.8091 0
1.637 0.4207 0
1.6853 0.5451 0
1.6771 0.5546 0
1.7483 0.5425 0
2.556 0.5332 0
2.6175 0.6149 0
2.845 0.7087 0
2.7435 0.5496 0
2.7135 0.5646 0
2.6615 0.4972 0
2.838 0.9846 0
2.8065 0.9429 0
2.8223 0.9341 0
2.772 0.8671 0
2.5335 0.8553999999999999 0
2.5065 0.7898999999999999 0
2.568 0.3063 0
2.628 0.3885 0
2.673 0.4145 0
2.712 0.4894 0
2.845 0.4603 0
2.7855 0.3885 0
2.6175 0.0757 0
2.6615 0.1367 0
2.6363 0.1367 0
2.7015 0.2077 0
2.7536 0.0953 0
2.76 0.003 0
2.8065 0.0953 0
2.76 0.067 0
2.845 0.0319 0
1.7986 0.0284 0
1.8676 0.1286 0
2.421 0.003 0
2.5065 0.1522 0
2.3085 0.184 0
2.3325 0.2217 0
2.2147 0.3885 0
2.2485 0.4244 0
2.2021 0.3205 0
2.2186 0.3391 0
2.1154 0.3391 0
2.1619 0.3938 0
2.1946 0.4402 0
2.3085 0.3339 0
2.4284 0.5017 0
1.9013 0.0029 0
1.9306 0.0559 0
1.7911 0.3787 0
1.6703 0.1898 0
2.1782 0.2274 0
2.2017 0.2572 0
1.9564 0.2572 0
2.0911 0.2211 0
1.4146 0.4514 0
1.4146 0.5646 0
1.4687 0.5496 0
1.4715 0.6531 0
1.2541 0.4402 0
1.2766 0.2867 0
1.2307 0.2217 0
1.1251 0.0491 0
1.1251 0.0029 0
1.1056 0.1655 0
0.609 0.18175 0
0.63825 0.26375 0
0.05200000000000009 0.373 0
0.76885 0.09325000000000007 0
0.5488 0.2485 0
0.5437 0.3467500000000001 0
0.5333 0.4631 0
0.3733 0.389 0
0.44825 0.48215 0
0.7841 0.5812999999999999 0
0.8847499999999999 0.5601 0
1.10785 0.51125 0
1.19635 0.48295 0
1.28185 0.46025 0
0.5883 0.9418500000000001 0
0.8868 0.7238 0
1.21025 0.31935 0
1.4641 0.25925 0
1.36155 0.06925000000000001 0
1.5323 0.6034999999999999 0
1.2901 0.8265 0
1.9216 0.6681 0
0.6632 0.3815 0
0.87065 0.8626 0
0.84305 0.8293499999999999 0
0.41155 1.2269 0
0.60625 1.18225 0
0.08960000000000004 1.3956 0
0.3034 1.32885 0
0.39245 1.31 0
0.5912000000000001 1.27335 0
1.13325 1.165 0
1.33285 1.1219 0
1.42205 1.10105 0
1.75135 0.6494500000000001 0
1.8496 0.62675 0
1.6613 1.11975 0
1.52815 0.5571 0
1.3156 0.6200999999999999 0
1.28485 0.65535 0
1.205 1.189 0
0.3067000000000001 1.4271 0
0.5602333333333334 1.368633333333333 0
0.6224666666666667 1.351366666666667 0
1.094 1.25385 0
1.3408 1.2006 0
1.62305 1.09375 0
1.7161 0.95955 0
1.8736 0.91205 0
1.75285 0.8953500000000001 0
0.08214999999999988 1.5441 0
0.2136000000000002 1.5046 0
0.2841000000000002 1.4846 0
0.1096500000000001 1.5756 0
0.2427666666666667 1.5354 0
0.3090333333333334 1.5222 0
0.1427 1.6326 0
0.31285 1.60635 0
0.1489333333333334 1.6746 0
0.2038666666666667 1.6626 0
0.5768 1.59995 0
0.7441 1.55685 0
0.97885 1.5066 0
0.6226500000000001 1.5138 0
0.7321 1.5066 0
1.08685 1.396 0
1.23755 1.3731 0
1.2061 1.2965 0
1.4551 1.24275 0
1.3921 1.31 0
1.4941 1.295 0
1.41835 1.3772 0
1.56705 1.3362 0
0.22225 1.7166 0
0.1843333333333333 1.9151 0
0.1839666666666666 1.9756 0
0.1963 1.8972 0
0.231 2.01585 0
0.2586 2.1276 0
0.2931999999999999 1.56395 0
0.4237 1.7451 0
0.5331500000000001 1.73345 0
0.55165 1.7777 0
0.7062499999999999 1.6386 0
1.2031 1.534566666666667 0
1.2691 1.516833333333333 0
0.7335499999999999 1.6896 0
1.22435 1.57445 0
1.3396 1.54785 0
1.4511 1.52055 0
1.502733333333333 1.6746 0
1.571366666666666 1.6626 0
0.8909 1.84925 0
0.3776666666666667 1.835866666666667 0
0.4072333333333334 1.909733333333334 0
0.45 2.02785 0
0.4882499999999999 2.1276 0
0.5234 2.2341 0
0.1205 1.74105 0
0.3367 1.9472 0
0.3367 2.0492 0
0.32 2.23635 0
0.452 2.0961 0
0.452 2.2086 0
0.4097 2.38935 0
0.7961 1.9361 0
0.8046000000000001 1.9906 0
0.8167666666666668 2.1211 0
0.8204333333333333 2.197099999999999 0
0.8299333333333334 2.3486 0
0.8357666666666667 2.4241 0
0.8974 2.2176 0
1.3921 2.1377 0
1.4225 2.3151 0
1.4053 2.5588 0
1.172866666666667 2.2221 0
1.169633333333333 2.2821 0
1.1534 2.61355 0
1.15555 2.732 0
1.6261 2.04435 0
1.7371 2.176166666666667 0
1.7341 2.231533333333334 0
1.7281 2.3478 0
1.7251 2.4087 0
1.7201 2.529566666666667 0
1.7181 2.589533333333334 0
1.0246 1.8396 0
1.0276 1.8936 0
1.03545 2.0421 0
1.0171 2.505566666666666 0
1.0126 2.565533333333333 0
0.97045 3.065 0
0.5576 2.6885 0
0.5601 2.633 0
0.57085 2.5153 0
0.5866000000000001 2.38035 0
0.5941000000000001 2.227333333333334 0
0.5941000000000001 2.147066666666667 0
0.6886000000000001 2.4501 0
0.6925 2.30695 0
0.02506666666666669 1.782166666666667 0
0.05013333333333345 1.850733333333334 0
0.1059500000000001 1.98595 0
0.21875 2.2701 0
0.2326666666666667 2.2191 0
0.2611333333333334 2.2761 0
0.3220999999999999 2.38935 0
0.3865000000000001 2.5108 0
0.4513 2.636 0
0.5098333333333334 2.749 0
0.5354666666666668 2.802 0
0.5818 2.8955 0
0.2643 2.23745 0
0.33425 2.33925 0
0.4006 2.453766666666667 0
0.4287 2.502133333333334 0
0.4849333333333333 2.615 0
0.5130666666666667 2.6795 0
0.5849 2.7815 0
0.6601 2.879 0
0.6916 2.939 0
0.7511000000000001 3.0455 0
0.7791 3.092 0
0.38004 3.4003 0
0.3852800000000001 3.3326 0
0.39052 3.2649 0
0.39576 3.1972 0
0.40658 3.0635 0
0.41216 2.9975 0
0.41774 2.9315 0
0.42332 2.8655 0
0.6004750000000001 3.281375 0
0.6068500000000001 3.21125 0
0.613225 3.141125 0
0.62635 3.02 0
0.09620000000000001 3.305 0
0.1622 2.43285 0
0.1043 2.6647 0
0.09659999999999998 2.7294 0
0.08889999999999998 2.7941 0
0.005349999999999988 2.38935 0
0.276575 2.5112 0
0.28305 2.5738 0
0.289525 2.6364 0
0.29965 2.75525 0
0.29965 2.86625 0
0.2710000000000001 3.07475 0
0.8058500000000001 2.897 0
0.8291000000000001 2.79725 0
1.0945 2.38935 0
1.31785 2.5041 0
1.24885 2.41575 0
1.3501 2.39925 0
1.38385 3.398375 0
1.3861 3.328749999999999 0
1.38835 3.259125 0
1.3906 3.113375 0
1.3906 3.037249999999999 0
1.3906 2.961125 0
1.33395 2.80065 0
0.6592000000000001 2.72 0
0.7159000000000001 2.7095 0
0.8470000000000001 2.68475 0
1.51885 2.74925 0
1.932475 3.402125 0
1.93435 3.33625 0
1.936225 3.270375 0
1.936833333333333 3.126 0
1.935566666666667 3.0475 0
1.7941 2.61336 0
1.7941 2.67772 0
1.7941 2.74208 0
1.7941 2.80644 0
1.7926 2.937725 0
1.7911 3.00465 0
1.7896 3.071575 0
1.7881 3.18295 0
0.74515 3.17 0
0.7184499999999999 3.05675 0
0.6514 2.9765 0
0.7763500000000001 3.2199 0
0.7594000000000001 3.33725 0
1.1624 2.90075 0
1.1624 3.036 0
1.1624 3.103 0
1.15875 3.24205 0
1.15375 3.4209 0
2.01985 2.5738 0
1.5566 3.401666666666667 0
1.5606 3.335333333333334 0
1.5691 3.209266666666667 0
1.5736 3.149533333333334 0
1.70485 2.834 0
2.268 3.19325 0
2.26125 3.0577 0
2.2515 2.9534 0
2.23505 2.84895 0
2.4754 3.311 0
2.463 3.165466666666667 0
2.46 3.094933333333334 0
2.457 2.9772 0
2.46075 2.86535 0
2.463 2.73485 0
2.7925 3.411166666666667 0
2.756 3.354333333333333 0
2.8235 3.3275 0
2.7625 3.2165 0
2.723 3.164 0
2.64715 3.05525 0
2.796 3.23075 0
2.74275 3.1505 0
2.68275 3.06275 0
2.5965 2.5918 0
2.609 2.7105 0
2.6185 2.7715 0
2.63325 2.88725 0
2.60025 2.49585 0
2.6475 2.57305 0
2.60025 3.161 0
2.487 2.98215 0
2.3567 2.897 0
2.3567 2.7815 0
2.2995 2.41275 0
2.36485 2.569 0
2.373 2.68625 0
2.7035 2.563 0
2.668875 2.462025 0
2.63425 2.41005 0
2.599625 2.358074999999999 0
2.56875 2.24665 0
2.448675 2.0631 0
2.45385 2.1246 0
2.459025 2.1861 0
2.4642 2.3116 0
2.4642 2.375599999999999 0
2.4668 2.501066666666667 0
2.4694 2.562533333333334 0
2.1451 1.9521 0
2.0678 1.9225 0
2.0678 1.9793 0
2.07495 2.08745 0
2.252033333333333 2.505866666666667 0
2.227066666666667 2.448433333333333 0
2.1736 2.338433333333334 0
2.1451 2.285866666666667 0
2.068666666666667 2.1241 0
2.040133333333333 2.0666 0
1.9711 1.889 0
1.9531 1.79675 0
1.7961 1.568566666666667 0
1.8191 1.628133333333333 0
1.85485 1.72875 0
1.87885 1.8212 0
1.8926 1.848066666666667 0
1.8951 1.919933333333333 0
1.8976 2.0537 0
2.19455 2.1036 0
2.200566666666667 2.2191 0
2.204333333333333 2.2761 0
2.376 1.8471 0
2.46415 1.9002 0
2.50615 2.0252 0
2.5635 2.1196 0
2.766 1.914466666666667 0
2.766 1.845333333333334 0
2.2296 2.0809 0
2.256 2.19075 0
2.265 2.27495 0
1.94295 1.66335 0
2.1776 1.62165 0
2.394 1.5705 0
2.14235 1.67675 0
2.277 1.73685 0
2.80875 1.84635 0
2.76 1.76805 0
2.727 1.51815 0
2.73075 1.62345 0
2.32025 2.40975 0
1.86945 1.4173 0
1.96095 1.5846 0
2.28115 1.3463 0
1.8856 1.363 0
1.8916 1.2806 0
2.4094 1.1771 0
1.882 1.1978 0
2.1496 1.12295 0
1.60875 1.26415 0
1.7339 1.46545 0
1.71235 1.3081 0
1.73785 1.4279 0
1.8071 1.094633333333333 0
1.8096 1.153666666666667 0
1.8191 1.2793 0
1.8261 1.3459 0
1.8406 1.49105 0
1.8601 1.6281 0
1.88485 1.74435 0
1.92985 1.87485 0
1.9856 1.996333333333334 0
2.0091 2.045066666666667 0
2.06185 2.1478 0
2.3778 0.8331000000000001 0
2.72025 0.69585 0
2.806266666666667 1.3763 0
2.774533333333334 1.3312 0
2.607 1.55875 0
2.58975 1.4545 0
2.35125 1.1681 0
2.1858 0.68365 0
2.5305 1.07985 0
2.511 1.0411 0
1.5173 0.9128999999999999 0
1.6246 0.50195 0
1.63705 0.5841500000000001 0
2.62875 0.6409 0
2.38125 0.5828 0
2.08435 0.6232 0
2.70375 0.7588499999999999 0
1.9855 0.42115 0
2.809125 0.442475 0
2.77325 0.39055 0
2.737375 0.338625 0
2.657 0.2212333333333334 0
2.6125 0.1557666666666669 0
2.81375 0.31465 0
2.70025 0.2112 0
2.007 0.07275 0
1.89795 0.38125 0
1.9902 0.363 0
1.8762 0.1789 0
2.27105 0.1196 0
2.420300000000001 0.08134999999999999 0
2.52825 0.1383999999999999 0
2.4875 0.2004333333333334 0
2.425 0.2110666666666667 0
2.39055 0.17475 0
2.4888 0.15785 0
2.493533333333334 0.05273333333333336 0
2.526266666666667 0.1024666666666667 0
2.601 0.2069500000000001 0
2.643 0.2617000000000002 0
2.685 0.31645 0
2.766333333333333 0.4203333333333334 0
2.805666666666667 0.4694666666666668 0
1.0454 0.61355 0
0.9926999999999999 0.5904 0
1.025466666666667 0.06923333333333329 0
1.040033333333333 0.1384666666666663 0
1.10555 0.4308 0
0.57825 0.04049999999999997 0
0.04000000000000006 0.42515 0
0.1173000000000001 0.5656 0
0.1405 0.7693500000000001 0
0.6847 0.4518499999999999 0
0.17345 0.6906 0
0.287425 0.86385 0
0.3275500000000001 0.9171000000000001 0
0.3676750000000001 0.9703500000000002 0
0.7652 0.4724500000000001 0
0.5625500000000001 0.8200499999999999 0
0.3753 0.7085999999999999 0
0.9188500000000001 0.7898499999999999 0
0.08210000000000003 1.09 0
0.1707 0.9431666666666667 0
0.2241 0.9301333333333334 0
0.1479666666666667 0.8924333333333333 0
0.2049333333333334 0.8797666666666666 0
0.3032499999999999 1.0257 0
0.07360000000000003 1.1494 0
0.3258000000000001 1.3832 0
0.2613000000000002 1.4008 0
0.7294999999999999 1.41565 0
0.3871666666666667 1.680766666666667 0
0.4468333333333334 1.669433333333333 0
1.2888 1.67135 0
1.4271 1.6151 0
1.4801 1.6036 0
0.6925 1.99185 0
0.7427999999999999 2.0271 0
0.2733499999999999 1.8786 0
1.24455 1.9193 0
1.1684 2.09385 0
1.14135 2.1482 0
1.0763 1.79445 0
0.5518666666666665 1.4891 0
0.6142333333333333 1.4791 0
0.7567000000000002 1.43815 0
1.700566666666667 1.691533333333333 0
1.715833333333333 1.742966666666667 0
1.62945 1.9732 0
0.38675 2.28695 0
0.7359 2.2376 0
0.7715 2.2936 0
1.64895 2.3166 0
1.2465 2.72225 0
1.7881 2.24175 0
1.66265 2.23335 0
1.7007 1.8394 0
1.56685 1.75785 0
1.4146 1.9346 0
1.4866 1.9216 0
0.8786 1.8931 0
0.9501000000000001 1.8776 0
0.04482500000000001 1.94775 0
0.05494999999999999 2.0102 0
0.06507499999999998 2.07265 0
0.1182 2.0806 0
0.1312 2.1416 0
0.8866000000000001 3.405166666666667 0
0.8701 3.342333333333333 0
0.55885 3.2585 0
0.5576333333333333 3.0025 0
0.5563666666666667 2.9475 0
0.5335 2.87075 0
0.215 3.3494 0
0.2123 3.2723 0
0.2096 3.1952 0
0.2069 3.1181 0
0.1607 3.17525 0
0.1580999999999999 3.2274 0
0.86425 2.99 0
0.8850999999999998 2.91875 0
0.82315 2.7545 0
1.2376 2.84825 0
1.2886 3.0065 0
1.1976 2.947933333333334 0
1.2071 3.003366666666667 0
1.3335 2.9979 0
0.9556 3.2045 0
1.02535 3.32225 0
1.0551 3.1325 0
1.0751 3.188 0
1.02745 2.8888 0
1.0276 2.9529 0
1.8506 3.335333333333333 0
1.8846 3.401666666666667 0
1.6321 3.22184 0
1.6516 3.28338 0
1.6711 3.34492 0
1.6906 3.40646 0
1.71235 3.36165 0
1.4381 2.9705 0
1.4601 3.0335 0
1.4418 2.8123 0
1.4991 2.586066666666667 0
1.5161 2.638033333333333 0
0.9091 2.5423 0
0.9256000000000001 2.5989 0
2.198066666666667 3.195866666666666 0
2.233033333333333 3.241433333333333 0
1.26385 2.28585 0
1.9126 2.62775 0
1.63155 2.50575 0
2.397 3.338 0
2.619375 3.388625 0
2.61075 3.30925 0
2.602125 3.229875 0
2.4045 2.8131 0
2.1312 2.4396 0
1.99585 2.2911 0
1.9141 2.180466666666667 0
1.9801 2.164333333333333 0
1.6566 2.9681 0
1.7186 2.9605 0
2.0191 3.2225 0
1.97445 3.1805 0
2.508533333333334 1.862033333333333 0
2.562266666666667 1.851466666666667 0
2.583 1.9896 0
2.637 1.9776 0
2.5545 1.90935 0
2.538 1.6983 0
2.331 2.1331 0
2.29385 1.009 0
1.66115 0.4829000000000001 0
2.58675 0.5740500000000001 0
2.81525 0.4244 0
2.4495 0.05273333333333335 0
2.478 0.1024666666666667 0
1.4146 0.508 0
1.1955 0.1641666666666666 0
1.1603 0.1066333333333331 0
1.1186 0.05709999999999997 0
1.1121 0.1112999999999999 0
0.7046857049536094 0.3360341659334136 0
0.7699357049536095 0.4081341659334137 0
1.203044884215501 0.9860939744801511 0
0.734827246516098 0.7580821720326766 0
1.126998681688216 0.3370309594200253 0
1.315458061375965 0.2972715599293769 0
1.626786186024447 0.2186681404015219 0
1.435482983764597 0.1185850630672506 0
1.724390966498983 0.0531941275107924 0
1.503600654354667 0.03235391787686816 0
1.538575304218859 0.1674748748097433 0
1.615870088600779 0.2758652300320168 0
1.730410344655195 0.4449248437703099 0
1.900104137994282 0.04358092379892223 0
1.966403003532542 0.1563075025854956 0
1.472385262476306 0.663579337600627 0
1.172523932786253 0.8371843007689536 0
1.389609366940511 0.8048770243727477 0
1.787587966015724 0.6943748668526503 0
0.8310361896372227 0.4108968126851926 0
0.1372585415202234 1.227120901876417 0
0.4567904778930205 1.175766715061884 0
1.166454040292503 1.064704949051304 0
1.273544884215501 1.042343974480151 0
1.384085118237281 1.01548732919881 0
1.231811647781466 1.142025154833213 0
1.63458181875933 0.7933886584269344 0
1.42694387201825 0.5852127692460285 0
1.149204040292503 1.110104949051304 0
0.4175521456623865 1.402281292515051 0
0.733449845989198 1.32502842671722 0
0.8261498459891979 1.30777842671722 0
0.9145229982280593 1.289923703356264 0
1.485524902755611 1.155066017561639 0
1.479345089608293 1.137936453045968 0
1.699282137491882 0.988285582379186 0
1.788319974101651 0.9675341534477178 0
2.050819850960063 0.8549811466184647 0
0.4210090156906456 1.449831501328989 0
0.0933514647799337 1.425420750843564 0
0.4687039533903584 1.481365411848228 0
0.6237999999999999 1.443437730870712 0
0.4528768651720924 1.620735991137686 0
0.866165422077922 1.531216497564935 0
0.8172024624373957 1.447134249791319 0
0.8071 1.81205 0
0.8071 1.718231324110672 0
1.3621 1.351708695652174 0
0.9343899158765729 1.360708893892157 0
1.332408007857638 1.271839773515137 0
1.237213001707942 1.323249348847139 0
0.8621908424012715 1.605260533072502 0
1.087664226590495 1.56116280982747 0
1.403251534872434 1.486548350411983 0
1.471403069744868 1.473996700823967 0
0.8796940352558579 1.660833333301766 0
0.984790714720581 1.63868462067425 0
1.104107209664848 1.59937907248636 0
1.295668922555461 1.714579191314187 0
1.390168922555462 1.695479191314187 0
0.6938500000000001 1.881589361702128 0
0.7996000000000001 1.865089361702128 0
0.5192585115521891 1.85055709220868 0
0.5776792557760946 1.83982854610434 0
0.3282567870511112 1.702027432292867 0
1.317449579071975 2.160862883894284 0
1.329824739613549 1.970234751680474 0
1.332849479227098 1.904369503360948 0
1.341418922555462 1.763529191314187 0
1.351818922555462 1.635829191314187 0
1.415946300225434 2.423494443707731 0
1.163734089211141 2.405696426047473 0
1.161068178422282 2.469292852094947 0
1.375842241506104 2.090059626415649 0
1.515325239616613 2.062160702875399 0
1.755055920083936 1.883269310256659 0
1.750511840167873 1.955438620513318 0
1.743033880125905 2.074203965384989 0
1.039264226590495 1.51056280982747 0
1.032990714720581 1.67018462067425 0
1.0216 2.242096856866538 0
1.0216 2.350223212783852 0
0.9963194744425582 2.721944961981254 0
0.9885597372212791 2.785472480990627 0
0.9808 2.92515 0
0.6889210359408035 2.597043587033122 0
0.1849066562081279 2.155093995969167 0
0.1028038338658147 3.203583907852699 0
0.1094076677316294 3.148667815705398 0
0.1384206200787401 2.900627870734908 0
0.1473103100393701 2.822313935367454 0
0.1581528739184177 2.664452935723117 0
0.1611528739184177 2.542252935723117 0
0.04709164121782056 2.643506503936191 0
0.0107 2.493289636963696 0
0.2983988909642774 2.971351038991362 0
0.9715000000000001 2.414723212783852 0
1.206251133816712 2.52224463907121 0
1.467496300225434 2.480494443707731 0
1.394937088796077 2.823101373059499 0
1.367222570271938 2.817073106903307 0
0.9627396058319186 2.664458721485941 0
1.630144112160163 2.734348908098087 0
1.92983371886243 2.847443482441389 0
1.927216859431215 2.776221741220694 0
2.01996136500928 3.093036893036063 0
1.990822730018559 3.035773786072126 0
1.961684095027839 2.978510679108189 0
1.976718176818385 2.913479809639854 0
2.084190625 3.374765625 0
2.079736545316016 2.958827265800807 0
2.077345466477842 2.839273323892094 0
2.0761 2.712189555765595 0
2.0761 2.647379111531191 0
2.0761 2.582568667296786 0
2.065152227532716 2.296321040312769 0
2.059376113766358 2.217560520156385 0
1.972563414634146 2.456026829268293 0
1.576196001564379 3.030178281545028 0
1.574292003128758 2.970556563090055 0
1.570944002346568 2.865717422317541 0
1.563992149546884 2.670474238575227 0
1.561296074773442 2.597037119287613 0
1.56173942036127 2.386168359408863 0
1.563519710180635 2.308234179704431 0
1.244457337565871 2.232253257478635 0
1.465109668664983 2.19969794903736 0
1.606512875097127 2.173452862640141 0
1.86385 2.417250681044268 0
2.112514170649537 2.365490780234577 0
2.277 3.403 0
2.438517921458772 1.695202169714475 0
2.440526882188158 1.818753254571712 0
2.441517921458772 1.879702169714475 0
2.442508960729386 1.940651084857237 0
2.039265000697523 1.569772173665152 0
2.0597120417937 1.779067715269139 0
2.217259765491688 1.880587969869826 0
2.772755794764084 2.217800885154902 0
2.770511589528168 2.140001770309804 0
2.159609398883665 1.671147301076227 0
2.283627833008843 1.52436234010128 0
1.929835474370231 1.485109609538099 0
1.902835474370231 1.535009609538099 0
2.261925087196651 1.25276666898845 0
1.999551902431176 0.7960482801081623 0
2.372982199367089 1.33 0
2.335679629574763 1.242934797084595 0
2.063796453089245 1.206407971014493 0
2.18346374479034 1.524130383538146 0
1.665380814153212 1.356986031432497 0
1.715458480201419 1.111717738612955 0
1.8226 1.091565384615384 0
1.8661 1.140815384615384 0
1.946201066470921 1.028728128462758 0
2.083439406272188 0.9042617933451206 0
2.275197331995813 0.8572483735423462 0
2.262612113757134 0.5365067513966058 0
2.349327443540236 0.7837640959301074 0
2.544001824270937 0.7391725303270519 0
2.627251824270937 0.7189725303270519 0
2.793452933229912 0.7378935742465123 0
2.7915 1.201186111111111 0
2.599661926224339 1.003523279948987 0
2.685565303875344 1.198931602702141 0
2.519760924369748 1.2056 0
2.293508884690776 0.9409188559984092 0
2.18473262914572 1.203908628943686 0
2.110196754589709 0.8387004832589305 0
2.615251824270937 0.7744725303270518 0
2.507334343836442 0.6214013366200203 0
2.601972383107618 1.198330588335712 0
1.51856314353519 0.9886907960925081 0
2.090510491375887 0.4665514123172017 0
2.253828504441246 0.4252893009385406 0
2.351728707683125 0.4704972833665972 0
2.320910640374315 0.7114184233493491 0
2.730103535143455 0.6151758368603308 0
2.615687579423203 0.5655211859784421 0
2.37855 0.554937578125 0
2.696762072103803 0.6063078766195084 0
2.771750104662324 0.5328136719627504 0
2.641482869379015 0.2964 0
2.266664914227905 0.3580384704540657 0
2.574264536741214 0.2878948881789137 0
2.0909 0.067 0
2.223337571037312 0.3035244447689071 0
2.381986253597028 0.2730276498481078 0
2.214164909881043 0.1014471709219164 0
2.442316750746216 0.8179941922613483 0
2.451367455379445 0.918863956998453 0
2.454005052168506 0.5791060663641736 0
2.069049572410869 0.1776811124842352 0
2.190489905868235 0.151648101470784 0
2.314797267662344 0.1300909911923873 0
2.410447267662344 0.1142409911923873 0
1.592175379609544 0.0397630694143167 0
1.641275379609545 0.1134130694143167 0
2.25843892828763 0.2450576971251532 0
2.209963570783816 0.2074093796288385 0
2.293128786780693 0.5425478668406047 0
0.991970883882149 0.4730758232235702 0
0.9881229371526293 0.4953154125694741 0
1.071098681688216 0.2778809594200253 0
2.154537571037312 0.2710744447689071 0
2.137499572410869 0.1180311124842353 0
0.1408926496577404 0.5121468577676414 0
0.1777426496577404 0.4594468577676413 0
1.565238389111588 0.1367677822317517 0
0.9805640867069104 0.7325356030225 0
0.9785281734138208 0.804471206045 0
0.9764922601207312 0.8764068090674996 0
0.9272390401991752 0.9596046141154561 0
1.187196175098056 0.7192880171204442 0
0.1541799299135316 1.103272288779042 0
0.2698799299135317 1.077422288779043 0
0.1667085415202234 1.182520901876417 0
0.2204411077161841 1.263535417576022 0
0.312841107716184 1.238785417576022 0
0.6847000000000001 1.222262828438949 0
0.6847000000000001 1.105762828438949 0
0.7680955064436916 1.098286454356437 0
0.7779413869644807 1.250238280072364 0
0.784899845989198 1.35762842671722 0
1.010906988697753 1.12804805464541 0
0.921375420511242 1.433402671136669 0
0.9748026980861486 1.423178115289413 0
0.136076325680491 1.777362225789303 0
0.2540683884104034 1.761804461134668 0
0.6278500000000001 1.615572413793103 0
0.7366 1.590972413793103 0
1.581787209435475 1.431490687621665 0
1.637974418870949 1.41938137524333 0
1.636202961070194 1.511727348564557 0
1.670701570170747 1.568310735753115 0
1.727150785085374 1.555455367876557 0
0.903729947020814 1.721618284964731 0
0.5056091721366015 1.958832274487567 0
0.9997307008568871 2.043212290574242 0
0.9742299470208141 1.759118284964732 0
1.52091302628743 1.808063467384115 0
1.41190868419162 1.895075644922743 0
1.48121736838324 1.881551289845486 0
1.290487109420323 1.850302127520711 0
0.5400399413673709 1.906632274487568 0
1.511238114713741 2.12826356551554 0
0.6352210359408035 2.544543587033122 0
0.1592066562081279 2.158843995969167 0
0.8697687344913151 3.117013895781638 0
0.8585187344913152 3.222763895781638 0
0.143501915945612 2.465235290482078 0
0.151803831891224 2.525070580964155 0
0.2180844642705773 2.856180755700602 0
0.0674154650590553 2.982220903051181 0
0.2611833552348547 2.933531794691963 0
1.510744002346568 2.920467422317541 0
1.988190625 3.312265625 0
1.965728591781042 2.808831465205875 0
1.993357183562084 2.858562930411751 0
2.050933966509737 2.962201139717527 0
1.9111 2.25735 0
2.1886 2.76713035495716 0
2.1886 2.701760709914321 0
2.1886 2.562794043247654 0
2.1886 2.489197021623827 0
2.337500723672784 2.724663214265038 0
2.1466 2.64294553243574 0
2.12635 2.508829111531191 0
1.6936 2.781643229166667 0
2.190526052403675 1.998951508770738 0
2.161283879387491 1.820590665705479 0
1.964777016733698 1.220221365424554 0
2.16021374479034 1.574330383538146 0
2.220140926521931 1.460727448147451 0
2.341418525008865 1.435949335529392 0
2.228309398883665 1.702197301076227 0
2.159018857267229 1.335332400884129 0
1.926866244458016 1.385297534957131 0
2.5465 1.528076041666667 0
2.582 1.595452083333333 0
2.160680446704369 1.068802918723242 0
2.172161080544751 0.524894728985749 0
2.016106397342898 0.5443047422537947 0
1.922584526031462 0.9474527984836717 0
1.283929971830986 0.7326531492957747 0
2.692515692014593 0.4519801367152045 0
2.670312759987325 0.1737384349555226 0
1.711365593571713 0.2540159820007994 0
2.048962830674358 0.2323928865082084 0
1.263802054920413 0.3740104253207365 0
0 0.3108 0
0 0.2330999999999999 0
0 0.1553999999999998 0
0 0.0777000000000001 0
0 1.635652941176471 0
0 1.557705882352941 0
0 1.479758823529412 0
0 1.401811764705883 0
0 1.323864705882353 0
0 1.245917647058823 0
0 1.167970588235294 0
0 1.090023529411765 0
0 1.012076470588235 0
0 0.9341294117647059 0
0 0.8561823529411767 0
0 0.7782352941176471 0
0 0.700288235294118 0
0 0.6223411764705884 0
0 0.5443941176470593 0
0 0.4664470588235297 0
0 2.2556625 0
0 2.178225 0
0 2.1007875 0
0 2.02335 0
0 1.9459125 0
0 1.868475 0
0 1.7910375 0
0 3.392691666666667 0
0 3.315383333333333 0
0 3.238075 0
0 3.160766666666667 0
0 3.083458333333333 0
0 3.00615 0
0 2.928841666666667 0
0 2.851533333333333 0
0 2.774224999999999 0
0 2.696916666666667 0
0 2.619608333333333 0
2.770833333333333 3.47 0
2.691666666666666 3.47 0
2.6125 3.47 0
2.533333333333333 3.47 0
2.454166666666666 3.47 0
2.375 3.47 0
2.295833333333333 3.47 0
2.216666666666666 3.47 0
2.137499999999999 3.47 0
2.058333333333333 3.47 0
1.979166666666666 3.47 0
1.899999999999999 3.47 0
1.820833333333332 3.47 0
1.741666666666666 3.47 0
1.662499999999999 3.47 0
1.583333333333332 3.47 0
1.504166666666666 3.47 0
1.424999999999999 3.47 0
1.345833333333333 3.47 0
1.266666666666666 3.47 0
1.187499999999999 3.47 0
1.108333333333333 3.47 0
1.029166666666666 3.47 0
0.9499999999999995 3.47 0
0.8708333333333331 3.47 0
0.7916666666666665 3.47 0
0.7124999999999999 3.47 0
0.6333333333333333 3.47 0
0.5541666666666671 3.47 0
0.4750000000000001 3.47 0
0.3958333333333339 3.47 0
0.3166666666666673 3.47 0
0.2375000000000003 3.47 0
0.1583333333333337 3.47 0
0.07916666666666705 3.47 0
2.85 0.1550388355830216 0
2.85 0.2339664823548543 0
2.85 0.312894129126687 0
2.85 0.3918217758985197 0
2.85 0.4707494226703524 0
2.85 0.5496770694421852 0
2.85 0.6286047162140179 0
2.85 0.7075323629858506 0
2.85 0.7864600097576834 0
2.85 0.8653876565295162 0
2.85 0.9443153033013491 0
2.85 1.023242950073182 0
2.85 1.102170596845015 0
2.85 1.181098243616848 0
2.85 1.260025890388681 0
2.85 1.338953537160513 0
2.85 1.417881183932346 0
2.85 1.496808830704179 0
2.85 1.575736477476012 0
2.85 1.654664124247845 0
2.85 1.733591771019678 0
2.85 1.812519417791511 0
2.85 1.891447064563344 0
2.85 1.970374711335177 0
2.85 2.04930235810701 0
2.85 2.128230004878843 0
2.85 2.207157651650676 0
2.85 2.286085298422508 0
2.85 2.365012945194342 0
2.85 2.443940591966175 0
2.85 2.522868238738007 0
2.85 2.60179588550984 0
2.85 2.680723532281673 0
2.85 2.759651179053505 0
2.85 2.838578825825338 0
2.85 2.91750647259717 0
2.85 2.996434119369003 0
2.85 3.075361766140836 0
2.85 3.154289412912669 0
2.85 3.233217059684501 0
2.85 3.312144706456334 0
2.85 3.391072353228167 0
2.2325375 0 0
2.303175 0 0
2.3738125 0 0
2.44445 0 0
2.5150875 0 0
2.585725 0 0
2.6563625 0 0
0.7998499999999998 0 0
0.8701999999999996 0 0
0.9405499999999997 0 0
0.4355 0 0
0.509 0 0
0.5825 0 0
0.656 0 0
0.2954999999999999 0 0
0.06750000000000003 0 0
0.182 0 0
0 2.472566666666666 0
0 2.402833333333334 0
1.089114285714286 0 0
1.167328571428571 0 0
1.245542857142857 0 0
1.323757142857143 0 0
1.401971428571429 0 0
1.480185714285714 0 0
1.6301875 0 0
1.701975 0 0
1.7737625 0 0
1.84555 0 0
1.9173375 0 0
1.989125 0 0
2.0609125 0 0
2.7885 0 0
0.9455643639167238 1.192324303861377 0
0.2492344725627824 1.266621536315048 0
0.4796667797624016 1.409329825553286 0
0.9904208243449564 1.108550459951425 0
2.538154130995616 3.031782011506043 0
1.046138026102692 1.152193514068831 0
1.87725983380134 2.946503557718052 0
2.265886630080415 2.705286918087563 0
1.021720214189696 1.212300890583492 0
1.033321581753555 1.204958637134134 0
1.480630174974307 0.5939276304791827 0
0.9407275352861489 1.170530642361789 0
0.9371422648857519 1.159943051533101 0
0.9356249658021593 1.15453403017799 0
0.4861391579626644 1.4229473879563 0
0.9165430937576766 2.856890827232423 0
0.5637205882353298 0.114544117647049 0
2.825891515857289 0.8231801100409143 0
0.2609247755802275 1.257487980988994 0
0.6827606443147711 0.1068927451798762 0
0.5051452097440013 1.16415 0
0.8317842265469613 1.189877519078616 0
2.532852374436264 3.040913086045042 0
1.904826383237123 2.933267936642793 0
0.9569844482202318 1.133200724329441 0
2.693654660154603 1.791340411315835 0
0.5365091987624285 0.6601882987920011 0
0.3035853135102522 0.469164485793468 0
2.303304197186562 2.704517684480931 0
2.285331783801954 2.753604185143797 0
1.758277984853188 1.252024836426842 0
0.1156545027453073 1.842509009581836 0
0.9755646224624488 1.120736030236058 0
0.4293841569312025 0.3195209388798674 0
2.681502309997628 0.2079351896875972 0
0.9742803828387858 1.176748569123411 0
0.2061422442303851 2.091343340950536 0
2.574271719816314 3.0748422991621 0
0.2674293831266366 0.390008817812721 0
0.1811098519319077 2.092792846706248 0
0.2545475725639643 0.3319767083247664 0
2.694284944514593 0.2473066296026429 0
1.805829586117584 2.050034244318133 0
1.802241917474229 1.459107928050157 0
0.2478489727758331 0.4489286799053853 0
0.1920817105555301 1.111475441940684 0
0.9328759211928335 2.113979249697246 0
0.1691659694110039 2.092689424508085 0
1.639524459009243 2.627307327973921 0
0.06379393521709309 0.1972577532736042 0
0.5165372629527676 1.198569269866755 0
1.878446765429882 0.795999356396193 0
2.35399903623747 2.009671896684657 0
0.961385736730241 1.12057705013113 0
0.7415850778039161 0.2722515875197851 0
1.35407072967307 1.871138153524485 0
0.4679902569751304 0.1242512202171731 0
0.2116291948354945 0.3916345458378918 0
1.458455519877655 0.5945236033336481 0
1.918167112146664 2.926838129327641 0
1.138881611939291 1.883172578891362 0
0.3807883063763899 1.16857655384536 0
0.3775309004165122 1.098408499227693 0
1.777150065920937 1.064079565600587 0
0.8042704899297747 1.166683572586208 0
2.73773570018605 0.2342867735596401 0
0.458443855093685 2.452506705827722 0
1.757263508718161 1.185452665262265 0
1.026678513980246 1.178010803294084 0
2.52292227557123 2.994829778876484 0
2.570195597621054 2.997083403543458 0
0.3815821079695052 2.675193249965925 0
1.474094993209626 0.5819696134352883 0
2.460895640877597 1.376903088914549 0
0.4390196349904525 0.6277352142808248 0
0.3513308160290702 0.5659363485376281 0
0.6081492766145919 1.079614702272758 0
0.7041238995293077 0.195941255520419 0
0.5098756464544406 1.215203074988254 0
0.06810701662916019 0.1570010886241655 0
0.6335047852669595 0.1061756155359854 0
0.3991926689407883 0.2789300091839979 0
0.2052724286161374 1.100286759829157 0
0.5281670838814843 1.176963037493669 0
0.5475539909792144 1.177120044059709 0
0.1444013664727875 1.886446408954684 0
0.9845035050384958 2.140231288830208 0
0.4156982103033324 0.8525766271493692 0
0.5290058883437656 1.194026192571351 0
2.43750334571018 3.36706224505518 0
0.5044606342479283 1.014938069129167 0
1.552646565068462 1.983202395704076 0
2.209132515070744 1.535409334419173 0
2.502156697038829 1.806593672020191 0
0.5431502475162 1.238775286991929 0
0.9700479879154661 1.114693607068651 0
0.962600292103033 1.113933063678504 0
2.677607250187169 1.36568515483258 0
0.5115652832297714 0.07127124743020863 0
0.6341364583831668 0.5886148736059129 0
0.7709245950545219 0.3110418870249207 0
0.3048012429254681 3.227803756406554 0
1.509831064763339 0.4629379266426004 0
0.2049216367967466 0.3021906058930612 0
2.827737760740036 0.9580042383089996 0
0.1872133676092556 0.3579672236503877 0
0.7659863174962471 2.467716903509143 0
0.7852078335221108 2.532348479184289 0
1.995241424176312 3.427601172532478 0
0.1763292907103267 2.124350455829763 0
2.231067496141548 1.955500740161238 0
0.912936629651652 1.141665356217211 0
0.9207022349529258 1.155508353948924 0
0.7714004017316026 1.837704273216551 0
2.37748219936709 1.396680023734176 0
1.64064621200278 1.273259953767892 0
0.2885736417678335 1.286067406252644 0
1.855528501271052 0.8233680137512358 0
1.286751124026553 1.939813540006054 0
2.554178719330517 3.063084156700773 0
2.570440552096937 3.026423627724569 0
2.296693416295686 2.813855891233143 0
0.4622255580790962 0.932805794787374 0
0.8088900293846519 0.8759674087362355 0
1.013493455566897 2.850610524937079 0
1.050923301490373 2.095332825808097 0
1.048907251050655 1.171599506405308 0
2.279850353477792 2.665637288704127 0
2.423589459077979 0.1468064923993122 0
0.9667492446227921 1.110951846932247 0
1.766357930005973 1.125847825107838 0
1.753017370773777 1.091092430639938 0
0.4036148825143668 2.012525557357499 0
0.4061777971314138 2.066644350175431 0
0.8392140033082298 0.6551759740477761 0
0.9009439717483099 0.6317710715011284 0
1.868092500533798 3.166632836969116 0
0.8451460539024942 0.3113775755997676 0
0.1532487618794665 1.84576904028915 0
1.628820276464973 2.857417205186823 0
1.279578171322606 1.089479231187549 0
1.887408344086671 2.881916837082402 0
0.4424509706315556 0.102487259102876 0
0.4644885610807588 0.06212983559294516 0
0.4396433076763325 0.04362568266022393 0
0.9255683992797969 2.328455223961106 0
1.412881941977209 0.6765001645845703 0
2.369612896499797 2.279421945286407 0
1.105513029606323 1.025327153361559 0
0.2430055293848845 1.223692816052927 0
0.07440624603633128 0.3455901570048805 0
1.651287888821184 2.810071614583333 0
0.9118623285881396 3.274336008796413 0
0.3404076586431859 0.8021393314434777 0
0.1345693874713538 2.557955368366562 0
2.732808055822229 1.795469169252949 0
2.393476945928424 2.418637558914684 0
0.2772548367648551 1.272721776077439 0
0.09756409158292567 0.2180546062440722 0
0.8068088379873354 3.275479580008112 0
0.09223902589395827 2.29485 0
1.929686622198723 2.218031764393181 0
0.7319715822177308 2.847726759075556 0
0.4112060216837972 0.1513448776119932 0
0.04203983507309439 1.275805400705222 0
2.813046110297204 0.1382845746050125 0
0.659503563926221 0.3414289249230242 0
0.9808998576239127 2.088498898437601 0
1.008066117251032 1.21076663025206 0
0.4873576793661152 0.8007878744907517 0
1.407907688746274 1.144622910545744 0
1.45851550964691 1.155286087067501 0
0.6430921603640765 0.8746541692810811 0
0.6119055671021381 1.971824516280681 0
1.100795165907362 2.233126003905943 0
0.2340680002264948 1.817726234213949 0
2.75177886215448 2.985837212508339 0
2.518132754865007 2.900038789606085 0
0.8008213261148365 1.19588595291167 0
2.671023336610723 0.08324670909559728 0
0.792758920939356 1.841262574175007 0
1.036946800549526 0.9782672478517073 0
0.608122109553991 0.3272094028048169 0
1.899657724945777 2.491763867049049 0
0.4175963156043909 0.5548936904164448 0
0.3673011449390196 0.5006653127343093 0
1.356312685823637 2.331374862788251 0
2.514683090503077 0.336403203008361 0
2.547153828938955 0.3353464927341256 0
0.5818084368164923 1.675457939635969 0
0.6983306437250034 2.498333306920727 0
2.353920724401518 0.1583620385439737 0
1.853659308152415 0.7991013914534024 0
2.171298784976022 2.996518311250243 0
0.9102176098998815 1.198697095184445 0
0.2147211402315083 0.3587566636492043 0
0.4836000000000004 2.327444062500001 0
2.645185457593399 1.423471975582623 0
0.1739060264780403 1.815961235244122 0
1.996105923825805 3.240624190289325 0
0.3180891290432595 0.07436837752100178 0
0.1656553733059871 2.064026171091258 0
1.813505998583868 1.862713655721656 0
0.2178086170310611 1.230328192230013 0
0.4877000000000002 1.3516 0
0.4394392120814458 1.352546998028313 0
0.1313695541785274 0.2840008570359642 0
0.9426636538424217 2.851982764463464 0
2.00331393203261 1.298856780741254 0
1.524624362945064 1.488141438172503 0
0.5069186049068265 1.44836237290433 0
2.227992522083067 2.700967084311124 0
2.24367214905051 2.739762407440062 0
2.239881678267196 2.660531586294783 0
0.8674799904445654 0.3874860897964532 0
1.471660342264199 1.421749603146921 0
0.6846918903439307 3.287773537803882 0
1.801117154837316 1.764752706027312 0
0.9271862644163804 1.154867642578045 0
0.9233568715368086 1.142685898547462 0
2.39546476262888 1.504426766337037 0
0.7226596198002129 1.843591093404043 0
0.6182649892093397 2.884072012948796 0
0.9390676058850836 1.12946843826698 0
0.9463251204588345 1.142712845423993 0
0.9363701276586041 1.140175686731268 0
0.5311554800871348 1.444047695681223 0
2.54026458447591 3.051204525178542 0
0.6435509007427129 2.486945045037136 0
2.300564866984405 2.523185931825081 0
0.2313828119238088 1.118317105698736 0
0.91796464934477 0.1162132554622646 0
2.686156649332097 0.2020933053133289 0
0.1050537678672741 1.029349229268427 0
1.701132411313594 3.158220623776139 0
1.810895778272497 1.529619675764433 0
2.502842112159603 0.1210033263227821 0
0.5078002611303741 2.400725811470478 0
1.66830402015834 2.677040601268944 0
2.348959185227263 1.708019116497322 0
0.1765390228016039 0.0506806182881161 0
1.868919958141211 3.095372017726242 0
1.963844079161163 2.096922508566836 0
2.7275700363172 1.764886366813088 0
1.616166237209845 2.561241465372152 0
1.087744395156061 1.921817348041839 0
0.1396874047713552 1.934702508894732 0
1.17163261841591 1.770524125904579 0
0.5406784897272542 1.186258859876268 0
2.310788878010304 2.677495595258958 0
0.7580072961732433 2.594954032359567 0
1.464484095260056 1.184925643572915 0
1.938627282345562 1.312443989126917 0
0.6062302182459319 0.1013815014021009 0
1.839991075267426 2.904095933969744 0
0.6860420228233539 0.6720219123849063 0
0.5267298953707404 2.077684592003139 0
0.4690573770861052 0.7001579910729703 0
1.182791264270751 0.4019525388449163 0
1.764383084570746 0.5956792351287912 0
1.795987176607276 1.993956480059395 0
0.9249431584010367 1.169242126075313 0
2.11623100225464 1.770360433081319 0
1.479429461850672 0.6348733473323005 0
1.506730337245399 0.6551158047997836 0
0.370409011307294 1.552602321061982 0
0.8839474940047685 1.133660875182287 0
2.524556455056397 3.416856707905213 0
2.199102198550548 1.675293546257715 0
0.8413999999999999 1.078102741020794 0
2.810415138557534 2.415648482685062 0
2.157200000000002 0.4888769781335625 0
1.79704601080458 1.248276341113946 0
1.783477189094566 1.281318731933963 0
1.793564815247865 1.184046975822749 0
1.778534557892704 1.156245491893902 0
0.255381404224307 0.6430097021206773 0
2.768991420106468 0.4590259552610865 0
2.103418681417363 1.386835263200974 0
0.2500910354748793 1.566695904020158 0
2.322117050184355 1.980113337703698 0
2.377829869605109 1.949257290999395 0
2.382446530327587 2.464799690906954 0
0.2234251069823132 2.578177379478012 0
0.9481122920128255 1.124496581606331 0
0.9537086036313897 1.115670227197728 0
0.2626584723638663 0.5008387385196424 0
1.732130079387379 1.219129482357537 0
2.461759188524724 1.787782643108832 0
1.269614298816765 3.336967455517217 0
0.623590628182304 0.1250142189903978 0
0.615732611784969 0.1439956416572525 0
0.04198808731472159 0.2851902724415223 0
1.111757718804786 1.104486410092792 0
0.6078748012641113 0.7098689078488067 0
2.801675469675363 0.8237750540374431 0
2.815364898644115 0.8427770634817471 0
0.2973752033700634 0.7408230651227434 0
0.4356738735222939 2.450503146256209 0
0.2111511968981703 1.685583140864495 0
1.090139079113555 2.037443529043025 0
0.2237535442059007 0.3177847265206128 0
2.807614429622251 0.8658160742410091 0
1.372422884375112 0.6965829670221535 0
1.087901259106375 1.651857071941836 0
0.3865605070370266 1.654820578260152 0
1.133877083970522 2.015022711616059 0
2.772096463433492 0.3467892984484529 0
1.050283072866451 2.149036874651247 0
2.836867067389502 0.9677081653951869 0
2.321383933379926 2.694974953068192 0
2.253189101570046 2.398886049017291 0
0.3071463505367262 0.9798781342912036 0
0.208939780839501 2.126577177039694 0
2.523279164923187 3.195030628998348 0
0.9283029476398958 1.148037250911734 0
1.00546926556068 1.158800952520731 0
1.780702598685423 1.700013332601256 0
1.738550613068508 1.078863236864536 0
2.771358034178915 2.506983616148986 0
2.365006169792431 2.365828742381747 0
2.015243236930941 1.401801954830451 0
2.036003673360045 1.433063749592639 0
0.269988673013615 1.261321446866051 0
0.2859809363592134 1.254697801638618 0
1.042584395462205 1.237207381002762 0
0.5245695122566408 0.5994780284235846 0
0.8137021422279171 0.3845476095138944 0
0.6996931367953668 0.9679404659687524 0
0.491130127756666 1.184435735832558 0
0.475131355175045 1.158799153361127 0
1.166306547248037 1.461615170064886 0
2.68945114924375 1.866815703541563 0
2.379371224053191 2.073313939722749 0
0.6583153541343256 0.140650392009638 0
1.834756654180485 2.950971010969402 0
1.865243143553636 3.015180840021034 0
2.131921001781112 1.301661814618573 0
1.484047614004991 1.989181824621423 0
0.5061371293577464 1.485650437295129 0
2.561453399371841 1.213143567130021 0
1.372114429774134 2.282448613055294 0
2.33248901506121 3.411600481848056 0
0.5397466087543126 1.195479175978861 0
0.7494416133538436 1.377811911199617 0
1.013968601151557 1.224358830204614 0
1.05697152864174 1.125460835614194 0
2.17519870757017 2.922397209678133 0
0.2584460631004233 1.271735020891545 0
1.101600117377036 2.302408884223247 0
0.9676772540638132 1.128894221934826 0
0.4757914118488803 2.796249987661217 0
2.686326877051358 1.747864304162484 0
2.286276680071472 2.726163015837639 0
0.8228159899534713 3.174080716671661 0
1.646158038690545 1.878304612268287 0
0.2866666777891282 0.4314512713967393 0
1.139696303323887 1.05070803952825 0
0.7051017370432097 2.528586536595776 0
2.719518575673202 2.377308455781536 0
2.619429109632514 1.373344593795338 0
2.593239106560075 1.369217837335823 0
2.444907172505872 1.416030143008847 0
2.424571015409217 1.383487318729392 0
2.417668087521288 1.340271424596869 0
2.131537511857647 2.107823622323279 0
0.7774400688765185 0.2739840391740773 0
2.66373825620569 2.239544557352896 0
2.722953697688552 3.208324885575401 0
1.756493319220979 1.067825828566479 0
1.86750090757447 2.814074795547905 0
1.864657363506754 2.74355923736851 0
1.779756795497508 1.093587435491473 0
1.523965035381425 1.1605947978831 0
0.9316963160441798 1.152942060876319 0
0.9309162940204213 1.159783759054188 0
1.72421751817421 1.261700483467318 0
2.470783186598569 0.1334230064388304 0
1.273747563849186 3.241841486752171 0
2.232006457111209 2.019999057406957 0
0.06505275724841342 0.6444607608840878 0
0.8092324595861536 0.4955621990814061 0
2.357603969513001 3.061960705711758 0
2.10001991602232 0.544400839776789 0
1.589916740235509 1.183334152847241 0
2.352876386184075 2.676756766669077 0
1.552757984518668 1.385648487410862 0
2.388851388423437 0.1343760278692234 0
1.661806301409257 3.083404619251187 0
0.4904979712041889 2.039863062827225 0
0.5037423702976669 2.497426630237972 0
1.632105166209685 1.724306777192044 0
1.196827338604487 0.5625118031975496 0
1.740932978723404 2.69565 0
2.608921383083309 0.3109466039797524 0
1.450372746017327 1.117623191485164 0
2.133480237360438 2.696718091107894 0
0.9343769997833429 1.152146930926733 0
0.934590582251964 1.150801136132749 0
0.9318408140016512 1.150840983330935 0
2.728460424424038 2.770003080342214 0
0.4001852218453279 1.63942315211004 0
0.396804166307857 2.131018308960592 0
0.07640437444577985 2.449155385221754 0
1.74875767560515 0.6207896266495994 0
0.6400984972429223 1.753133807518813 0
1.982425249602178 1.318229485482742 0
0.4918502227466253 2.842767682910683 0
0.4706361271326176 2.903205066332422 0
1.750957215873339 1.620221024648794 0
2.025849158721257 2.124350392596746 0
1.77042359805783 1.03906957453596 0
0.8364660854212728 2.586127178002209 0
1.292971256147275 2.329573658331937 0
2.582983636755617 2.048138041968092 0
0.6330816889300348 2.948846553365957 0
0.6507510679892596 2.915532550267456 0
1.442779010233229 0.5611719635745149 0
0.6906680183419073 3.209573918607136 0
1.367879073163096 2.667367903284814 0
1.084005152986723 2.804750000000002 0
0.4420196133727414 0.07673679976191616 0
0.5527508882111954 1.19261408577167 0
1.054672547290106 2.122659566093594 0
1.063602335511007 1.221531768238411 0
0.193907531119186 1.252600830731164 0
0.2470320504485359 3.232486426248883 0
0.27792223955288 3.296103849407348 0
1.439919493570888 0.6504868123446159 0
1.234895630542253 2.047375020432622 0
0.460675030108848 0.3869522555992295 0
0.9483346863597586 1.134023730619854 0
0.2623405863947421 0.2874993531426318 0
0.4126841812490183 2.652640689168776 0
2.557114541433211 3.037077921074031 0
1.037384545162237 0.9208650172385653 0
1.84269673343204 0.8112091099146855 0
0.4779196592824688 3.299032877565343 0
1.191832943174003 1.899270419603768 0
1.156657272086574 1.926490501783354 0
0.2564466875438738 2.982022832963734 0
0.2007462047139894 0.3169825648069833 0
0.3748279099730532 1.882319564952314 0
0.09736130601323456 0.152202826105174 0
1.315725265259487 1.602882026791265 0
1.302826522657549 1.632534899640806 0
1.508911291112971 0.6254829074239636 0
0.243631625819571 0.4187577336146662 0
2.071752410467345 1.297317515738786 0
0.6895002579725851 0.2559414257585702 0
2.185431881980326 3.072518946414577 0
1.877580003762723 3.236090503236749 0
0.3983087168188881 1.135621828897718 0
0.4149873213776258 1.167995600346856 0
0.3925627927607953 0.2608475968568893 0
0.9591552959231768 1.239095070201124 0
0.954073899769122 1.218209876826975 0
0.9682684881530357 1.196353170974995 0
0.9703394531895928 1.209970668674854 0
0.6745367072563212 3.368565861307047 0
2.120022090451703 1.812279800421809 0
0.2666244346969444 1.255416012573615 0
1.807631395919681 0.5912741362201099 0
2.711311485872828 0.1712566729076206 0
2.425878274977574 1.461237291971309 0
0.6837477243634684 0.3545043378009696 0
2.316892879100975 3.26604621461146 0
2.535338374788113 3.046783993681835 0
2.529763726124869 3.046303794126104 0
2.528931633222258 3.048463431567807 0
2.525538103360269 3.037747176434618 0
0.7374848937253153 2.434029063764813 0
2.515777123970555 2.95605417076235 0
1.690290777611995 1.376108261881249 0
0.1812299200279275 0.3102697436015474 0
1.910193745425347 2.899359310463633 0
0.6090367814484717 0.4908404509502404 0
0.873061409389509 2.303086811792511 0
0.3256504304418746 1.2740721316026 0
1.16320960531655 1.657340045491889 0
0.9575601442485036 0.2183302414701567 0
1.59291567316936 1.474393991635473 0
0.4955431697684319 1.130281901611432 0
1.876674111030913 2.152338338460234 0
1.46193439541987 2.68407223847134 0
0.1967153706174387 0.2118982556216122 0
0.1762102323551846 1.88479965797387 0
2.441876191700803 0.1327200553450423 0
1.254499653075077 1.793512196517139 0
1.953224071763176 2.041978234888482 0
0.2235483507290652 1.212257668323866 0
0.04743750488327847 1.302118667275353 0
2.400773825245454 1.39092112882878 0
2.267952227324424 2.455880599526641 0
0.8380717583968165 1.249664380998353 0
2.192641334389254 0.4663990761489991 0
0.1565874541192498 2.288061628377559 0
0.2119519418105722 1.072458454426038 0
1.038855463403106 0.4253269878798129 0
1.626735612809065 1.261745861066592 0
0.9128636986301366 3.186496575342466 0
0.4231352619795365 2.027716068538841 0
0.4146007294151812 1.830591844404559 0
0.7217963205501613 0.1340842431361198 0
0.343992349704751 0.05042111801930194 0
2.021367803643982 1.815666685845597 0
2.735322000088015 2.886635574234678 0
0.4906789905131921 1.085137480270373 0
0.4685869777210916 0.09800967206941613 0
0.8465757691468473 1.399903011128082 0
0.8268461546156192 1.376435798812988 0
2.127938757934123 2.144724319681741 0
1.894527208942779 0.8245518219936141 0
2.436543972373375 2.898205410213482 0
0.2636106007484564 1.714843757628231 0
0.529563024619718 0.7253659377972064 0
1.996107594900724 1.203785243399827 0
0.5541991845756553 1.05095394177546 0
0.4435717774809036 1.902190083239134 0
1.758548919783467 2.648535507223838 0
0.9527374792863176 1.139353904876581 0
0.05997206904380836 0.3002080918974583 0
1.388199778756649 2.455079662540882 0
2.639565945749302 0.1706729800939242 0
0.8723535790951688 1.209823181302546 0
0.3864818167970174 0.1831958477279938 0
1.715192465331304 1.987101933729115 0
1.773991724606063 1.217793017694692 0
0.118441963190471 0.06779094094779348 0
2.558140723083816 3.355476151076267 0
1.37446244384411 1.926668285207195 0
0.1839520995988737 2.192793722584273 0
2.29724602092205 2.02274484553463 0
1.803737914115645 1.492234465352717 0
0.0486633963083134 0.1747359094990222 0
2.365483400218503 3.167227270533772 0
0.2741683671774418 1.25626526948195 0
0.4542241067898404 2.367438595183495 0
2.525555191470158 3.016054832805817 0
2.548206796819402 3.012533345021291 0
0.9333612126794549 1.150337294497272 0
0.9323402300391082 1.148707571244405 0
0.2747901838225901 0.2223759883793124 0
0.2788394104226068 0.2365691566601205 0
1.762396487528864 3.324681939848665 0
1.71795982974232 3.249118349886522 0
2.357554206440333 0.1958249999999997 0
2.626353426221018 3.107549727115885 0
1.50303485789484 2.254843165782732 0
0.1939937305433435 0.2762651930421418 0
0.7523648411204098 2.527439554852828 0
0.8855723389351704 2.375659176471065 0
2.674472784150665 2.968330160829193 0
1.77229832730263 1.340861506212613 0
0.7701860663890044 0.6481657565879559 0
1.07078834695385 1.620067124858096 0
0.04087870909317082 2.560129049601758 0
1.794260988476213 1.128372839009203 0
0.1512170335931093 1.597324916861905 0
0.9860084696341263 1.223218110548273 0
0.9736153620487901 1.222517443264006 0
0.9749787056823058 1.12980663431951 0
1.867326757231681 1.323218079671502 0
0.9936012499864288 1.075196568386866 0
0.3323402435902492 0.1187437264313791 0
1.106546305914012 0.5773547503873546 0
0.5211565271211696 1.18479676125999 0
1.783047747394767 1.409671837517181 0
0.9663938421190774 1.117691191886859 0
1.159544853590704 1.831440077452108 0
1.515967097180228 1.947051166342626 0
1.541914163913554 0.4100752570805901 0
2.767933214477716 0.2364319467319926 0
0.1647356241064959 1.865280744661757 0
2.405429494419673 2.978559700315082 0
1.952189763909585 0.7734740733029745 0
1.562070526321147 1.130997180629481 0
2.791907357606466 1.725147127189398 0
0.2226655497452841 2.519272360258348 0
0.6918044852839245 2.822904646842203 0
1.834658926836767 1.806984047905641 0
1.371024972346145 1.161644698789942 0
2.710288712693911 0.2323496184475931 0
2.690005495257846 0.2305253190482377 0
2.54518032772166 2.822099730110333 0
0.9330299148974723 1.149539377660744 0
1.030067727807962 0.6972187076384802 0
2.532206793026173 2.160812323603312 0
2.404616390142534 1.36755471564371 0
1.988054779810246 1.136007520341973 0
0.8230118500016342 0.2372362109720791 0
2.560270111206861 1.794049493872258 0
2.004375098818924 2.716106433591906 0
0.1773905242220557 2.109657119754852 0
2.775936991906242 3.092372866202484 0
1.912859463568283 1.427737058931406 0
1.088582606747106 2.476149826370025 0
2.313374408650358 2.727130506149379 0
1.054338934753678 1.185895400147938 0
0.3536712002148243 1.134752713370588 0
0.1083120002557285 2.248606848357896 0
1.68535 1.197816305818673 0
0.9342852517630321 1.150223292771456 0
0.9342993999937224 1.149777224833787 0
0.9342532268763867 1.149589716731575 0
0.9335868523852855 1.149694538398175 0
0.9348565522845806 1.150313859085009 0
0.9344557007464991 1.150054136535521 0
0.5448704813230048 1.191215925726936 0
0.5432253821164145 1.194927324341979 0
1.486218408876602 2.411365187547803 0
2.74075477054464 0.2735409734496588 0
1.61042975198793 1.620155320238302 0
2.723534731084269 0.2131051091207556 0
0.4005263778102661 0.9144099737388274 0
0.8595906505285114 1.940975625107809 0
0.931307090047009 2.793689793061343 0
2.612439705687065 3.044203709139945 0
1.645765395366152 0.5243680422554358 0
2.44443334696384 3.426899675615602 0
0.6356692136935095 1.121854567696384 0
0.2142551962682102 0.4645939827153494 0
0.2021894171046077 0.4768595050241093 0
0.2063528773398775 2.459717098628178 0
0.1656518888748519 1.827555875492512 0
0.1419552446710028 1.816241816695197 0
2.813465614843855 0.7049096297233985 0
2.147872304570536 3.276429092002202 0
2.151187292543354 2.197728710124355 0
1.235660005447808 1.445802568872074 0
1.504726722087719 0.5775478074651608 0
1.592431216848486 2.9416 0
1.635915064028101 2.927246634162669 0
0.3790941220465047 0.6222129765673465 0
0.1311550000000024 0.3288699999999911 0
0.2066115721520689 1.151200583847477 0
1.843869367687883 0.5623430399237579 0
0.2175457264852436 1.703097451114317 0
1.258331096733667 1.186470806178051 0
0.946600836481351 0.6098837983898389 0
1.21120044335508 2.37198528175439 0
0.04035879323985658 0.199238541149755 0
2.21090736257383 2.673258579180857 0
0.4231979569301729 0.08694251157496269 0
2.249280119865302 1.837959440628589 0
0.9141476928485742 3.087982889990158 0
1.291360741031588 1.891971946995848 0
1.314973560913302 1.874163318627467 0
1.740521220763628 2.903282920359184 0
0.04704131739510675 0.1504825273840653 0
2.283919735700169 2.692796543266639 0
0.07564254442988561 2.364071581365277 0
2.585356762313528 0.2542479087587823 0
1.845723837946696 0.783005139555019 0
0.3111116979710227 0.3927506507782557 0
1.565442226176574 1.940565073677777 0
0.1779630423758995 0.3455667526790509 0
1.896524260726512 0.8022274346366176 0
1.895666486083013 0.7819611997168286 0
1.315090117444307 2.593471986643767 0
2.344023101254181 2.67965588579589 0
0.7399245275328312 2.487346033957878 0
2.499108638963052 3.077312625578938 0
2.540460888582732 3.090354366721371 0
0.3362585278492429 1.659673120916797 0
2.060061081807888 3.293848306460678 0
1.750096097619047 2.7407 0
0.2469701765434407 1.631770481437186 0
0.9271056685002236 0.3675628735299774 0
2.650373890850738 1.305832362706782 0
0.2242794618374215 2.393501693342583 0
1.314555538556956 2.905736435807318 0
1.312049579714336 2.848462316806236 0
1.235688624629797 2.172417166502132 0
0.7314091163952405 1.206876354741271 0
0.9970449221899654 1.217465656123378 0
0.4750117160638329 1.818219825599813 0
0.5170950156012047 0.1176733853059724 0
0.3151795110609796 0.5195647961517194 0
0.493702841013272 3.119605904648495 0
2.325258522537345 3.314195441345903 0
0.3483761908874667 0.8607764580369028 0
2.733909596224266 3.243637304084046 0
0.917508802792782 2.04019782073181 0
1.12012244476123 1.933160092082562 0
1.772891713363212 1.474657759593019 0
1.490863054492849 1.436947743902626 0
1.501665219247264 1.408311595983916 0
0.4235856293436775 1.109346358107198 0
2.53081050955414 2.6614474522293 0
2.364677951654425 2.420992293343691 0
1.517300480974807 3.002217828124437 0
2.79484843893413 0.1188171587406277 0
2.164721369279618 1.698781450013104 0
1.571498202446458 1.181623477367692 0
0.08275659722785345 0.1791363974231788 0
1.826892149024513 1.927409031392565 0
0.9677318196742573 2.624630407244397 0
2.812342657977573 1.108189646476472 0
0.5627122807477304 1.953846273194011 0
0.2074729026463005 0.4283889354671879 0
1.536832410394491 1.194034093674732 0
0.4707779947014846 0.5879542673098261 0
0.3158369978214428 0.6142385683375067 0
0.9339516436880466 1.149602271105739 0
0.3237222191129854 0.2110061573835385 0
1.034125755457725 0.4983958872859813 0
2.509946912000395 1.590376007878496 0
0.4706660407676547 0.8754217168452867 0
0.4908110406437349 3.398219830049944 0
0.8714719254733874 1.102660532711726 0
1.904079310906986 2.96415540022954 0
1.917691175082317 2.950248797375778 0
0.8848768350891579 3.148714857858861 0
0.3815405563699699 2.616754009031272 0
0.7743743777125449 1.860978917892683 0
2.617762837307576 0.1167884789945941 0
2.321297645086316 2.714613806955801 0
2.153668916137172 1.37147013723377 0
1.08023239855685 2.727115501848956 0
2.210734832019088 3.294744204739314 0
2.261566181887819 2.682852100171648 0
2.417585996062044 2.510704251066076 0
0.3714864018074626 2.743546101234164 0
1.886156228070175 1.5846 0
0.9429666338364469 1.136835050405887 0
1.059032343717261 1.364612963166417 0
0.1680780439782843 1.847811220098036 0
2.323827699841815 2.679457187120601 0
2.329184048095457 2.687090787643706 0
0.3888444211626001 1.964406692368239 0
0.83034969867463 1.42758926945274 0
2.509678677431586 2.110315163148707 0
1.28497940846435 1.112617713188636 0
2.695790484773347 3.184472335335104 0
2.526655579052194 3.027872070316482 0
1.914299638154462 2.140623109826757 0
0.1341370473448706 0.3693932217930278 0
1.348621248898052 2.244983862956666 0
0.7190951215310376 2.893271549529579 0
0.8827175166297121 3.274249999999999 0
2.396251807781987 2.215215225860576 0
1.781083412148484 2.157210562547209 0
2.126446870947723 1.863044229351476 0
0.2714013788777287 1.965355303397707 0
1.199903163781604 1.113303560505881 0
0.9345151453118334 1.150437611241481 0
1.564065084933923 0.480804657469571 0
0.1056388481722619 0.621040076699847 0
2.344929385297562 1.637914036890494 0
0.8570196590020039 1.168123867071938 0
1.913182571401316 3.165641845273921 0
2.541415545914445 3.043565583860223 0
2.250226433302122 3.310025519083581 0
2.798296303267784 0.2069902867275957 0
0.7242675234149812 1.887018674894819 0
2.477602601249405 1.826856147298409 0
0.5205369266113524 0.9555794244845953 0
1.880802066626168 1.653658838963594 0
1.956490447647084 2.547157851305784 0
2.028318251931722 2.322685049842823 0
0.6433239787007727 2.0259737404184 0
0.03698393008451117 0.6145644050629055 0
0.2088373147373137 2.643668977460519 0
0.5736604908206768 0.564130746591835 0
1.446640839025137 1.154481904222317 0
0.70504461815653 1.921130724483993 0
0.4635741863811695 1.365993634863876 0
1.996445305207488 1.763316151303432 0
0.1903495493699321 2.564959180709989 0
0.2918600335247243 0.3555605336747261 0
1.47240904852019 3.403830013485291 0
1.50782189413365 2.340599202981914 0
1.43753424022402 0.6027168916823555 0
0.7324653904009177 0.2308523025321065 0
0.2957816845522503 3.384669471927011 0
1.519858359508742 1.895219616904184 0
0.3637880369557638 1.920463839125463 0
1.573114939483905 1.260796249924614 0
0.0576717781222309 0.08149955713020218 0
1.918120526003818 2.911931012028329 0
0.5113477013394915 2.448761092046588 0
1.613009596315304 2.679617196590294 0
1.582623002256949 2.706558299441585 0
0.8285884713776506 3.273285934846484 0
1.834878445319982 2.151595539899021 0
0.4337977852849459 0.05876283691821516 0
0.4910209377521911 0.6404722203685618 0
2.532431845841785 1.954089425287356 0
2.586900845162552 1.258802225831436 0
0.3448816024622032 0.4334445568101337 0
0.369510027565134 0.1185638495238293 0
0.3219572368421044 2.895233815789475 0
0.2978648372190471 0.3077556404145125 0
0.3030226274321952 0.2780176476183245 0
2.320560030883366 2.232964581463517 0
1.747141264183122 2.79669048283695 0
0.08927311059432874 2.183461997129904 0
1.474400115711128 3.21685121458613 0
0.5781870873105535 0.1240663297270639 0
2.802927449056602 3.369393595750516 0
2.67748746574697 2.168268957717714 0
0.2746970017606423 1.806655523301364 0
1.115079693803078 2.189111287332533 0
0.05780784857629429 0.2227457404813196 0
0.4853679363427541 2.986288565864144 0
0.6261774033320071 1.306649495233176 0
0.6882184577466474 2.979457010518868 0
0.4459204254540104 2.411783774242513 0
0.8210256935232116 3.327089850010565 0
2.514384550640962 1.380515942903245 0
0.795502306656402 1.413751459547855 0
0.9232592870890112 1.102472137603428 0
2.406901278762067 1.79520134934461 0
0.09881773527225723 1.885844560818746 0
0.4624283517288652 1.045260270694422 0
2.768396211121888 3.254541243323973 0
2.768864349698847 3.303862216891985 0
1.341957100051686 2.306027028430324 0
2.691465099826244 0.1471610476129683 0
0.1573320009215189 3.118160481889187 0
1.076516062565234 2.850827172093769 0
2.17028421402402 2.022837945739358 0
0.4108774876297376 0.08430905349207896 0
1.681431002922441 2.650243044408866 0
1.624095896024909 3.391449113287175 0
2.539203631933391 0.2671627738731031 0
0.03912202904043216 1.533185707917694 0
0.7652332271411899 0.9992328588007057 0
2.013803242071869 1.902240152332617 0
2.054924840321833 1.394560407585657 0
0.4884596122120697 1.54324836618529 0
0.5256148296227632 1.516305162494008 0
0.1680905029591964 2.963219878823929 0
0.9297721139380513 1.188592950972801 0
2.403003711233509 0.1608367663200725 0
0.5471501878877882 1.193603354988721 0
0.5465814359555168 1.196033101516377 0
1.612823336655452 1.362639611588108 0
2.552096075419956 1.177950963177552 0
0.2346740840866093 1.241076021828886 0
0.2549246656704025 1.239096086924254 0
0.6713619634351583 3.094044373195775 0
1.952729501599798 0.8398060262634301 0
1.864264162351681 0.7824121798245814 0
0.07668162503391196 2.627812356737647 0
0.03737296204911256 1.085240863415827 0
0.06159566305173758 1.044934804678117 0
2.699602810327705 2.025354915590864 0
2.206239924639715 1.837557406231647 0
0.05791751915711929 0.9741241957143728 0
0.6461738418096086 0.05295026800067215 0
2.348328940108183 2.653366853225448 0
2.334767222915321 2.6147178436259 0
2.628437065192863 1.909260939733458 0
1.241651823118946 1.632182250309794 0
2.510837618740092 0.1766508617770004 0
0.1628229787703064 1.709445606771288 0
1.050354004778429 1.428054693099721 0
1.103282589896827 1.465551634326875 0
2.690123769528426 3.147625925783376 0
2.381891854682255 2.492525541310473 0
0.9455065908711547 1.091207341681376 0
0.2329143871017609 1.061463086627135 0
2.394329515042073 2.137008644156554 0
1.924511058234901 1.721371286154091 0
1.604704868373042 2.780861599299489 0
1.665412955933302 0.6514847429814594 0
0.04250749311363333 1.186367814997241 0
0.4882232542019527 1.36916508029796 0
0.5206971760715968 1.358094897841919 0
0.5365106589263469 1.326491005677255 0
0.1527043980799825 0.1142309529418704 0
0.4176376055831734 0.03324162878158732 0
2.773353763018964 1.442191708159184 0
0.6284567666064054 2.591819711060241 0
0.1471504453379946 0.289407349717516 0
2.1658985915976 2.385055855050497 0
0.1924824675324652 3.24913961038961 0
0.4276878626231982 2.416330486891523 0
1.429178481693177 0.7057584532032366 0
1.448385070464069 0.6844615197175843 0
0.9555575723644639 2.884980037910512 0
2.8088553845871 0.3603094230274226 0
0.7934305256025084 1.181481576098211 0
0.7838894842074876 1.164138505330957 0
1.741872190121631 1.152995971063198 0
1.419023560341718 1.431569226048381 0
1.362585292863589 1.442893686296375 0
0.06335119708935144 0.1312253929499965 0
1.581690808996228 2.113853895686562 0
2.156336915513684 2.870429673963986 0
0.6359704693606246 1.397079486597397 0
2.476111041614282 0.2410037371133924 0
1.896046047278945 1.621315565027959 0
2.737983212537356 1.381925760407958 0
0.2205452205503724 1.846980435507835 0
2.38641893577019 1.725556732003093 0
2.423376828656002 1.729322254942625 0
1.345216100345814 1.882757994965754 0
2.129297213782993 3.114483798431609 0
0.3771338403806967 1.27239150630449 0
2.531167693012648 2.595982384474365 0
0.1926104773343149 1.566658607826215 0
0.5936353422271716 0.6429339092328248 0
1.799290508474576 2.3565 0
0.3897935913791566 1.77597170169594 0
1.535636646345038 0.299403294448678 0
0.3240988587311766 1.624165284307673 0
0.6364899695713898 1.222151527417331 0
0.960295091324205 1.127678324079411 0
0.1844893751196637 0.3861761357188056 0
0.1461643808091002 0.3198741034895016 0
1.258493359408762 3.135897430449434 0
1.253585828732408 1.119706916006719 0
2.542526723921847 2.986303145516559 0
0.3269335285558148 1.177081891566932 0
0.6865431937750823 0.04748200195348362 0
0.4760546674681116 0.02264954639090844 0
0.4013855521766456 0.8011799287044091 0
0.351465120906145 1.728557406170955 0
1.957814579080011 3.447565116766095 0
1.047602523355297 1.212302674036283 0
1.033012291995822 1.217965753605747 0
2.600390489742667 2.131890973370229 0
2.528571413818863 1.826810685482551 0
0.960759096238294 3.343192287337492 0
0.6572255105490449 0.1865987898071411 0
0.7030655132268835 1.392010552218275 0
0.7906439296812063 0.294971614469931 0
1.500811946764218 0.5061087353041553 0
0.958923625110237 2.818593692769198 0
1.803410193280995 1.314498089053083 0
1.790959737156417 1.109675449118237 0
0.2703804344746654 0.2291400577015712 0
0.2736141739160995 0.240867756446973 0
1.70931615415465 1.040685788748808 0
0.4884314432282316 0.2743760383380534 0
0.4300759774140582 2.07083239783791 0
0.4259252381824288 2.048212226900856 0
0.6211078947218891 0.08643343543412052 0
0.5594497001406523 0.156494334659476 0
0.2294218981549685 1.552359009306487 0
1.07590611309973 1.153024994937628 0
1.450817967629099 1.348796031049142 0
2.0974989357373 1.291514730166424 0
1.546538329238329 2.783194963144964 0
2.080772419708794 2.25700949580507 0
0.3602969711250996 1.572922540447058 0
2.783645394445251 2.633285169621844 0
0.2093568323128792 1.016500015486605 0
0.186338945242859 0.9875203293463922 0
1.046386930232493 1.202827678607361 0
1.044878996443278 1.199713111603634 0
1.048487204313467 1.197586515164187 0
1.037759208880894 1.20083806681613 0
1.085218609156712 3.39874735030961 0
0.5053297902900173 2.552576649262824 0
1.788156837777765 0.5739820289073465 0
0.9977014854455868 0.3560228161281664 0
0.2037284367730607 1.472308298883495 0
1.906499296235249 2.919380853728332 0
1.872477530068429 2.912581127728357 0
2.572916666666666 3.4345597441623 0
0.8513120357174019 0.6971649145888781 0
1.753020260273943 1.044654015459508 0
1.10349410297912 1.83945666212247 0
0.1138243696055734 1.058004418489849 0
0.8220880303422788 3.231889570377234 0
2.717534054583822 0.2567126116612459 0
0.6437000000000006 0.4039221428571445 0
0.4817981496948511 2.658296931250656 0
0.6253127988695619 2.424657965159835 0
2.385491392640719 1.460691323432407 0
2.337123651130174 1.498090031618388 0
2.637190246193665 1.795272661290528 0
0.1223892464807701 1.503411950371643 0
0.9586826575418785 2.270705762744696 0
2.485408908779823 2.94836134202503 0
2.771799085726621 0.4962476228538466 0
0.3927806781852399 1.20080023927594 0
1.332846184367976 0.3778500000000005 0
0.4726216992863613 3.209700981729337 0
0.4534486932016893 0.9887160972791911 0
2.290432214098772 2.487177108001458 0
0.5140942961690957 1.477537700077502 0
2.578515978755854 2.894789297535205 0
1.040794747602509 1.205107329718593 0
1.770987073327575 1.436618083670688 0
1.57304356709005 1.562342849695413 0
0.5821255473865306 1.991994566611278 0
0.5744442596040388 2.021229130292656 0
0.5006791725089921 2.803460082946634 0
1.793352241364773 1.079346018041012 0
1.794072190470571 1.059668664016808 0
0.2524297872249561 0.3631663805709289 0
2.670279799952626 1.577356422291993 0
0.934019989020067 1.150706937696582 0
1.175619865097919 1.71398758315775 0
0.4843108864447094 1.381028821216288 0
2.628766585554337 0.1546764463680175 0
2.193395561367287 1.487565784720105 0
0.7824058178178719 1.46595881132051 0
2.519202111370667 1.761621901347468 0
2.70327584201116 0.2234785518199407 0
2.688895536771897 0.2208460875724931 0
2.041014986997651 2.47542656111073 0
0.2813983652850187 1.204941820217467 0
0.3418273104582215 3.156599354323026 0
1.689997570948575 2.682302052102707 0
1.667887163617587 2.707163183327272 0
1.868895956322749 0.8137718489788579 0
2.306155894923628 1.832670125382835 0
2.172014087620028 1.761810651359454 0
0.7359275177851172 0.3249761665010351 0
1.99630260141498 3.397407784432767 0
1.671525318238674 2.872533349212204 0
1.765259551579383 2.050455512482507 0
0.04770799195645248 3.039031305092335 0
2.667062473467031 1.491368022136476 0
1.96243530328504 2.943266984184874 0
2.36924999999999 3.37925 0
2.655276079152751 0.1951368964104394 0
0.994872106273527 2.108492040303531 0
1.020393050132587 2.144285645970909 0
0.9911862779495946 2.1652836590231 0
1.016619683045216 2.125264713845392 0
1.002413009977868 2.134707685527419 0
1.012372043182786 2.1090862969596 0
0.4981178482597749 1.427163577159236 0
0.5021128112542783 1.436809889708009 0
0.493835431313477 1.415945009663963 0
0.02958502431851984 0.2523713638743532 0
0.5833635769564398 2.973907103220659 0
0.7545423666434026 2.909708902939175 0
2.232612883722823 2.364404475598777 0
0.1590384705145342 2.0762420285232 0
0.5492870931870035 2.777637020021538 0
2.090854486618772 1.685157046959057 0
0.7166898062923782 1.253019844911268 0
2.709525282158296 3.012519463068443 0
2.189563937335415 1.586520833026989 0
2.539878708906732 3.272181124945524 0
2.588355738833202 3.017484708870904 0
2.823670526796616 0.3956026249119657 0
1.133715159461172 2.22486412394871 0
1.975421616720585 1.521514482055261 0
0.1960786765518598 0.6142975298793734 0
0.7957210453019097 0.3231676857873733 0
1.595559211601504 1.889347839859259 0
1.447947653111354 1.209559918470593 0
1.020143525288508 3.171087758448731 0
0.2037438655695016 1.343533240028443 0
0.2169545392904844 0.05609890276953378 0
2.154174447290452 2.732260866186543 0
2.315878228196895 2.756036531472136 0
1.459230357887038 1.381837220703585 0
1.860328348723802 2.981633364691505 0
0.9420625133090583 0.6675046991454252 0
1.427218995406975 1.756565467729454 0
0.9462619051468553 0.9347473817522682 0
0.5217255444638045 1.239782634716356 0
0.3948999999999989 0.04028028169014375 0
2.323239165675168 2.804727100062291 0
1.173831744016719 1.993735981435406 0
0.426885290687623 0.68089351043283 0
2.520078659966236 3.150403670763658 0
0.847984922591164 0.09807307482261463 0
0.4201547794669649 0.2412570901046336 0
0.4626575942283756 1.778075359347573 0
0.2491563757518296 1.911378961695285 0
2.013514814903903 2.244401797767951 0
0.02529407807527084 1.284764156671694 0
1.227515928676583 2.101223373974355 0
0.4377289002842066 1.197853859106532 0
2.687192919165903 0.1112566647608717 0
0.4107603588209736 0.2035831991477712 0
0.707810701602369 2.566549310282877 0
0.02496213693390037 0.5650678782295209 0
1.483939865285579 0.4032693866501997 0
1.855821277168603 1.253667234827923 0
2.641314454854899 2.036855154742673 0
0.2213734046795446 0.3388645283758027 0
2.568086457085828 1.432850571584104 0
1.768438723130306 2.442662159520486 0
1.227083333333332 3.406642082484726 0
0.07997852042619469 0.4710653543409116 0
2.742474501953086 3.060548590863987 0
0.801195135576007 1.14971444931622 0
0.6330259554950523 0.3213997540287814 0
1.307373072320067 3.403684681220572 0
0.6326316425431624 0.8066286053929871 0
1.830867570091887 2.711478793895006 0
0.848203416822145 0.3637085812141574 0
0.8754362064255936 0.3682180801699066 0
2.411766016094609 1.818465088703255 0
2.248635358607975 2.719453452398595 0
2.220127539864782 2.730658820151472 0
0.994315531107845 1.844301798060686 0
2.419294991459887 1.238636015478277 0
0.9590508309481289 2.855108211669289 0
0.8672038880128535 0.3149283830901226 0
1.973593029465318 1.286629537178642 0
0.1342199173265639 2.586741139721657 0
1.003986205182662 0.9756936461000085 0
2.588945688354626 2.988151943251536 0
0.5359968939443294 1.152935798102949 0
0.6635734870988235 0.3590783486135705 0
0.6294831336691008 0.3494081415726242 0
1.440811416708144 2.498565486201555 0
0.7348723614928494 2.959962223071863 0
1.659200222601937 2.835307908007096 0
1.91058600582831 0.7014814612957858 0
1.270584835664948 1.409971935677581 0
0.5747337336132328 1.146544484202712 0
0.7358844335163311 2.566517977986961 0
1.337452025270976 2.443109204249168 0
0.1533133764923504 3.061589120564991 0
2.150437724656795 2.065668112974667 0
0.8109823176218346 1.040260450786783 0
0.9240951731839088 2.886490299735063 0
2.610787385035044 3.081022157027665 0
1.200158188139387 2.579666640357456 0
0.2936150791100001 0.5744351067638689 0
0.8851384341427874 0.2000809369263519 0
0.8969897469753191 0.6856331594717067 0
1.045638468401023 1.138854473683539 0
2.732010599464925 0.4325978801070156 0
1.847220750274413 2.057848354384562 0
0.1276174789557707 1.704787323994283 0
2.566440563337884 1.642980741092583 0
1.299795796807969 0.4200614528189832 0
2.400879920904285 2.029257794602034 0
1.101558070466275 0.9630904381202567 0
1.713410107415102 0.5344834508772771 0
0.9340944786645791 1.149527183852786 0
0.9337986821862486 1.149261157604233 0
0.9341325410783947 1.149777435491376 0
1.663242324772263 2.558323119112538 0
1.128842319389693 2.499796059562134 0
2.243622801877529 2.695742515121406 0
0.5082846745831695 0.9094067867681189 0
1.680186062372649 1.283222352630581 0
0.1220144961435448 0.2498441906566546 0
1.790873034587989 1.163083892738953 0
1.79179005699381 1.148569279566818 0
0.801798197241975 1.109460466434093 0
0.4400957796535689 1.121546458561668 0
0.131981542699052 0.04984461582970701 0
2.294596524810003 1.956543212013668 0
2.290875449902135 1.993748533830862 0
1.685701976269158 0.6243251802696075 0
1.597656717280715 1.236568447471867 0
2.577388603337002 3.192406789558657 0
0.1062455114751628 0.3975778753913606 0
2.509046978964228 1.907520267823175 0
1.847454289200158 0.7934405023475026 0
0.7544879451094667 2.379426161470865 0
1.058958316867737 1.205759190469335 0
1.08153343237804 1.20390183504267 0
0.4223975444918744 0.05694478725740204 0
2.267960525526451 2.791747329831426 0
2.309369134857194 2.882632372708505 0
2.69145521477635 1.41344444029135 0
0.2269729837758467 1.104245422344476 0
0.212063416863181 1.1189814553798 0
0.0837035862740878 0.5921982701713924 0
0.02187308834446511 0.3551629175946562 0
0.6685781357798144 1.909187505621687 0
0.25314785635336 3.182358638682263 0
0.9597216345634525 1.204123004631743 0
0.9635491724839393 0.5217465892260198 0
0.9390581337698742 0.4759689271156362 0
0.9009112940893333 1.134851069242971 0
0.2248994057137275 0.4797422512661986 0
0.9856921918039361 1.928426063193217 0
0.5412292247689905 0.03247564455000651 0
0.9467575560242558 2.716877568205519 0
2.337426481838722 2.300406357812764 0
0.439798872418553 0.1416451120511839 0
0.7248126133811188 1.750350605076257 0
1.977083816713752 3.083704859508063 0
2.534869384286904 1.411853942539818 0
0.1273353896544205 1.300447729063852 0
0.3302720185458863 1.546437326195393 0
0.3900838239099098 0.2420374710947748 0
1.593279016444558 2.207221382487284 0
1.145001235230948 0.554463476960438 0
0.7510759540175247 2.178670864025354 0
1.732076535825703 3.057064669957794 0
2.325499091696932 2.049388279406076 0
2.023338614540466 1.963343964334705 0
1.624907516435419 3.063161934418523 0
2.651537652754866 1.208095404993426 0
1.669087230212595 0.5884491737818918 0
2.671073823422842 0.2148733053310459 0
2.148202567435226 2.463554884120992 0
0.9298043204045653 0.8846199463222464 0
2.511267620162188 3.062568136591647 0
2.480752350856211 3.050671665202854 0
0.8669635947103288 2.82342816253446 0
1.231791300271913 0.5306785921216106 0
0.6255388670685723 2.667004480026254 0
0.1676287820124478 3.004380553543305 0
1.021692362931959 2.116143191979473 0
1.102598718214123 1.954470248051928 0
0.777576713086493 2.813095120141168 0
0.2580013859216845 0.2673899677374725 0
1.2108081634907 0.6616976671724402 0
0.5644918397162867 0.9944342408882689 0
0.5752163847987155 2.815919076626288 0
0.5897098045519082 0.2771288061967367 0
2.743928731528011 1.784927606401569 0
0.1938167927961358 1.190332639916554 0
0.8797291938604439 1.336803738691015 0
0.2694571102654042 1.253319170188063 0
0.7081275118195782 2.511048951818374 0
0.6984525161119195 2.516478543457449 0
0.1956310131213326 2.119637567020557 0
1.722650288069179 2.049530147701849 0
0.4579570019771534 1.329456953403101 0
2.265431951432183 2.727801115932001 0
1.013551363525057 0.9394771072547428 0
2.29196900062655 2.6394926767816 0
0.7821797602642856 0.8314365803387259 0
0.5847480939623055 1.115398148442919 0
0.963705519937023 1.68670080881841 0
0.9784222071673297 1.384252929312378 0
0.2952645368059448 1.926225224952126 0
2.123279520040659 0.4794339662195672 0
0.7834623638775795 2.237440526337806 0
0.1513040559506367 3.398146429359966 0
0.1753519419868061 0.3319896404992217 0
2.079528527670652 1.491719914901743 0
1.143095459694923 1.946567578943604 0
2.674359531882747 2.319762363533652 0
0.5402173927339463 0.08340412924133389 0
1.004377221547449 1.117731063203804 0
0.4904861037344815 2.267790863664949 0
0.4491391783594423 0.7450819402553265 0
1.372449753662666 1.664708723868101 0
1.767793791932913 1.083842399169724 0
0.1897522001340874 2.588812392756442 0
0.3636998890389858 1.70398648476009 0
1.403025840347816 0.7009799212383521 0
2.506379839896765 1.25955718904503 0
0.5038940244063201 1.185076420833252 0
0.4960636784675012 1.199949735937461 0
1.295664624035611 1.806632019308671 0
1.310343803706474 1.829413025383899 0
1.031944364218803 0.6578009117200085 0
0.2978535586372058 0.8142493431395711 0
1.921910397909805 2.919247394208431 0
1.926156772996305 2.921662750119192 0
0.09318096505501794 2.564225857354345 0
0.2603236509909359 0.7021239480355712 0
1.981220509292509 1.327469436134244 0
1.626938730587522 1.182290535767304 0
1.336435854413963 1.064221706648218 0
1.39054803613729 1.065380623875501 0
1.425945852602636 1.05063850714233 0
0.8791162735290257 2.636727214992225 0
0.4195078762474531 2.456220650129448 0
0.3579354164315749 0.2038900347709789 0
2.438496594850707 1.50196010521621 0
0.3691923106738324 0.2549781346864344 0
0.4327576441749855 1.638814236580753 0
0.612985723900372 1.677865990057285 0
0.6692388995793553 0.6165982952490452 0
0.4083819797921866 1.064449406026155 0
0.3623485606727146 1.051413952784683 0
0.6197627945891805 1.791075993713362 0
1.351704024219632 2.912042243210884 0
0.3510241822387281 0.7534508292301104 0
1.00178428539335 1.813784206367036 0
1.507087560288517 1.561249386096183 0
1.474505573321437 1.551138394591767 0
1.684436811460338 2.090428602662003 0
0.343701652477322 2.562070371536367 0
0.8883929412406403 3.200819142159888 0
0.9341749546822561 1.149515567447006 0
0.9342235891832515 1.1494647384916 0
0.9341164085048319 1.149447712203154 0
0.4076859542591476 2.624142133466443 0
0.4134028974421333 0.1186745669376879 0
0.3543151015657462 3.003550289745609 0
1.802678030326488 2.08600599518127 0
1.735886334316343 3.110503903410917 0
0.7276732039642404 0.09908310679247823 0
1.346632159060076 2.271080994500283 0
1.631050176566818 2.890607011778685 0
0.9237684322480654 1.928796316499141 0
1.797922525832401 3.363825265644696 0
2.1994 1.788376027683777 0
1.865915414888907 0.7259906388893793 0
0.8422306011785284 3.197651428719428 0
2.104772086081947 1.722650441444538 0
2.415694925118341 1.406001701278067 0
0.5076757262652301 2.020556762323631 0
1.093919870833281 0.7048274276842401 0
1.783309175253049 2.022982663822867 0
0.1038981905689791 1.805261623600902 0
2.76985867121827 1.742085670336567 0
2.796526687152113 1.762394412711598 0
2.766366575341626 1.700833958086437 0
1.742762256654939 2.868349333401422 0
0.8085760757085617 3.048374089073593 0
1.497779087632979 0.3171560701860572 0
1.62158081458534 2.956865033833842 0
0.8264432936351275 1.225846854266501 0
0.3351808577377573 2.965322579858539 0
1.825603683273843 3.204287525859776 0
2.711105187841898 0.09162746874988725 0
0.5898809068894499 2.864829195892095 0
0.09892037193009395 1.516677215795241 0
1.492157223604156 3.320263450197638 0
0.8342943651961008 0.8616360626624811 0
1.172473521349391 1.864331032725795 0
0.4952566330347024 0.335301799198386 0
2.396388721082786 2.914875738714003 0
2.358449004544772 2.475046568307329 0
0.9342043595570046 1.14942701240157 0
2.394374760794326 1.984502970577023 0
1.072038236978688 0.4580675696531815 0
1.061822607946779 2.442028661020858 0
1.201795979795549 2.198283089175384 0
0.6898220734345568 0.15091383799967 0
2.128644910644203 2.94369722050884 0
2.801200739430463 3.139011159557684 0
1.780793908236545 0.9958798781169448 0
2.333094075698229 1.348763640013711 0
0.9671526889654396 1.122711586557374 0
0.2795853235174421 0.4564241775175679 0
0.385725141214041 0.3259896829953939 0
2.52676658404825 3.07280067250663 0
1.040617929024173 0.7615095642191079 0
1.824148478854217 1.247412732791117 0
0.7066684859433323 0.2848331565419633 0
2.749468624198204 0.216344640642159 0
0.6327565720697137 3.319839352281846 0
1.384394744301011 2.791180859972104 0
2.035223008218936 0.7572586472803811 0
1.818622822222101 1.471365169007908 0
0.9569038989443741 1.19330501857608 0
0.9530490129651883 1.178367045003271 0
0.9421924339744423 1.180920716799585 0
1.117461131795499 2.935888116379752 0
1.107582473387746 2.886961504420861 0
2.417539259090076 0.04531923023691298 0
2.378055310028592 0.04216852620899725 0
2.808447314754402 0.5075513129284093 0
0.9824937330657042 1.114319407841361 0
2.544746430367232 2.749587534561108 0
1.849782491191297 1.897916092154786 0
0.1617452190899082 3.349373519107799 0
0.7004054991539749 0.4143867476432197 0
2.698902964347228 1.311681740416524 0
0.4548729648501739 2.309487996724044 0
2.083483873638947 2.334568703397746 0
2.124687441455596 2.325931327538059 0
1.498862607515693 3.161155352109724 0
0.6358427649749729 0.9275136594331659 0
2.79997680894685 3.302944420643467 0
1.898508875351533 3.127401410447137 0
1.860441874636301 1.850082858305928 0
0.2557984631554835 1.305971162167732 0
0.8717967109438848 0.4405582173587961 0
0.05641044886642832 3.170149844458076 0
1.516208136540049 2.026636204838399 0
1.0437916734237 1.200820813336882 0
0.6408929567661422 1.02179240133695 0
2.186866036300862 1.270808262630982 0
0.3934374980595954 1.580857628250239 0
0.3621553678270277 1.617037854695831 0
2.132165103972031 2.801642861707758 0
0.782642322541638 0.3373274313165986 0
0.5407612947527987 1.654367675039908 0
1.217486499138398 2.480385481779385 0
0.7169854343600565 1.123385048986989 0
2.752013901545544 1.746083698988082 0
0.6468461224208153 1.087785550237084 0
0.3714432829903476 2.35637898685504 0
0.8280280134616883 1.881529539944133 0
0.8730749198060022 0.6063194725540113 0
1.671114860682821 1.436744043170947 0
1.926704016059199 0.7533488230618732 0
2.567944379954517 2.158046162432091 0
1.503651125422639 1.485207474672116 0
2.537473913319889 0.06477560464855969 0
0.07652695883958804 0.8229226755989659 0
0.6591511273386592 1.764371390876247 0
0.2824624035427088 0.0459715463582806 0
0.4070505441294268 1.531103926224998 0
0.230979346115237 0.3878364311697646 0
0.9479756411852753 1.138381577219945 0
1.513566616736613 2.820726296359404 0
2.021086474025699 2.188938605862707 0
1.283079341663974 1.75092902555011 0
0.0338687309133654 2.615954877952143 0
0.429039535261052 0.07571906688882923 0
0.1867869776181847 0.3201786368209572 0
1.216277000580627 2.003444404851777 0
2.485474179995713 2.908989579129519 0
1.839460010429579 2.016203624321443 0
0.929056748869969 1.151116185127432 0
2.551908157181228 3.159933492466947 0
1.676345315448254 2.809258646748123 0
1.066879251501232 2.056223982388124 0
0.3604175764112041 2.839867160692878 0
1.676597104372991 0.6897031779587861 0
2.371225 2.805875 0
1.293629201066018 1.476440008980041 0
2.118786457413921 1.654785650841006 0
0.22935681175527 1.745398026661318 0
2.026991655436728 3.271339346549725 0
1.958089914384136 2.884537861538769 0
1.711615997350096 2.01475636373898 0
0.4173196675235402 0.3649501050229751 0
1.268855690792722 1.342769784996276 0
0.9195102909441917 1.148141907837519 0
0.2014338062974002 0.3529358783067149 0
1.80135506964474 1.824212578450066 0
2.320454434726019 0.1552635566518865 0
2.293901611024675 0.162469026990183 0
0.8444193736001949 1.01541425800364 0
1.850479499892723 2.357857077211851 0
0.2691262490222794 0.2370070863876399 0
2.645298596952902 3.267837403718652 0
2.826679714433245 0.2072313757082642 0
1.759370464943785 1.758026211096833 0
1.06942705221442 1.973540703680271 0
2.3205 0.1792329762023459 0
0.2069665798506521 1.818172314672601 0
0.8059154821396584 0.6915959096009596 0
1.883324238551721 2.560322000006328 0
0.8301427036929594 1.158314126688966 0
1.814705825332168 1.717122749089846 0
0.5004750402443761 0.1589130692331366 0
0.284052646690895 1.629045398046104 0
2.744130275664781 2.418326997278347 0
0.7742048099425234 1.907578499485454 0
2.710614949731693 1.74746762741529 0
0.2210448908856633 1.098656786869667 0
0.222734638310784 1.091127538043986 0
0.2303263461034166 1.097134260464294 0
0.2467291579595625 1.090135571808815 0
0.1483975695599367 1.911587378062258 0
0.168102636454027 1.945174530036356 0
0.1414562934169612 1.978154669497326 0
0.6744982764985171 1.731118357245066 0
1.126121412500963 2.435227499275034 0
0.184233004142234 2.245795543494303 0
1.220040016509319 2.915556922406201 0
2.071402523445267 0.8244280686947056 0
2.017180098534925 0.5992540592551137 0
1.144995955340037 0.3861293952216887 0
1.66342301271106 2.415259561120597 0
0.02261155375570079 0.09887513066744846 0
2.807275242966207 2.497675544433919 0
0.6611343219707222 2.107990738013142 0
2.182601748470322 1.741556149053979 0
1.898630101456505 1.327967179711542 0
1.629881648641631 2.372305445524286 0
2.289050033643488 2.707838690083727 0
2.833982830096593 0.1774270133850306 0
0.8480987221709935 0.8885690262496191 0
1.912451123098895 3.008612770271298 0
0.8719668894813244 2.079969151264952 0
0.2198304828040409 1.797930108249565 0
0.8822627541688656 2.002839720326244 0
0.7590849327388904 0.1770820844594994 0
2.52851833217899 3.041605541906788 0
2.530202452775541 3.033111419935543 0
0.28957360234555 0.9972429625700008 0
1.563224167845615 1.620320090103651 0
0.1743824418044184 2.082233624498716 0
0.6634643831454401 3.054565012192861 0
0.2298534829776844 0.5052211692191795 0
1.540982031912688 1.154491425987816 0
2.048543466677807 1.460723567290551 0
0.8624767146185862 1.389070166298303 0
1.799330796493151 2.481305116193758 0
1.587883955001786 2.011934631832793 0
1.413011095005162 2.671513143129556 0
1.310858225688647 1.529002628984051 0
2.349457608470721 1.393266031765202 0
2.180762001515119 1.551298899999633 0
1.059632386955784 2.215402316683392 0
1.97745648429085 1.695091398719111 0
2.272451635670205 2.421637673065561 0
0.7983856717072618 3.194363854945172 0
0.1622545374622655 2.088550347026025 0
0.1618830562726179 2.093459406305356 0
0.1588108855381591 2.093823615568827 0
0.1704940675297635 2.106162453674376 0
0.1668827870098146 2.097761500502612 0
0.1655433613289967 2.102397325752029 0
1.393705879398492 1.589077096358266 0
0.5777462715760002 2.92696095774136 0
0.9399621845692641 0.9934576744920156 0
1.914645876833857 1.237961441389078 0
2.817311846923044 0.1192873017529634 0
2.40733080081571 1.913475348875059 0
2.522095680950581 0.2770306781584579 0
0.211537187576794 1.197370845135405 0
2.182526334643861 1.966966434431064 0
2.493309240082305 1.195370225454004 0
1.536126514217141 2.218584046134871 0
2.331580604709192 1.901867832232022 0
1.961013342874522 0.8590328511547408 0
1.788443323332544 1.369596920467006 0
1.934229034838285 1.628418544295218 0
1.009333847151973 0.2859297120033659 0
0.03949358141168924 0.1620275914622431 0
0.04946507257595734 3.222233506437412 0
2.631813533134023 0.3206793509732799 0
0.8071577873508922 1.386661882168856 0
1.577841517290474 0.440832628285748 0
0.9557584747654724 1.123340140718425 0
1.872317409622701 1.539759328009765 0
0.1201288094046318 1.907843444579457 0
0.2222191842688925 1.241032303379454 0
1.039538676538796 2.137217409703213 0
1.463916341321826 0.4431309258690463 0
1.657306056860039 3.133727547776494 0
0.6826171421710274 3.166365488775822 0
0.9584360292620505 0.6411834706751454 0
1.777966372265186 3.425816231229376 0
0.572409937889756 1.176478362309089 0
2.296991134938454 2.786814833997962 0
2.747380694491527 0.4642655735055261 0
0.2616652887757038 0.4269614636575565 0
1.801685620839741 1.669081144350258 0
1.516790797828287 2.509585485145077 0
1.10749205554297 2.992412638975971 0
0.1422928185215526 0.2702654128363808 0
1.36581670994329 1.52000414698881 0
0.5001743985309444 0.8429810719515014 0
0.07633943866176041 0.07776864355619284 0
1.855760989096053 2.93384699415537 0
0.437095761959377 0.1788801239733682 0
2.4143145 2.717374999999999 0
0.6997437179419032 1.862601529338042 0
0.8532561651811618 0.9454941892251186 0
0.4146728401534641 0.9603338091726501 0
1.962294465758398 2.355530782347266 0
2.136748106025879 0.5633596371417526 0
0.9124094658792555 2.281670948907608 0
2.804364857737098 0.8330419199794175 0
2.802014508461244 0.8455744456806801 0
0.7586185985768157 0.2496758047287002 0
1.459011960424665 0.6087562246214282 0
0.6166843213499796 1.737765455552096 0
0.6450802839270704 1.727352320676029 0
0.4675718232861719 1.13851461591179 0
0.1731116893934601 1.754857499670359 0
1.211486590956453 0.4359692583981323 0
0.2873136451199232 2.013683878093568 0
1.531203471145087 2.554099580177446 0
2.429560782625263 2.959597824673811 0
2.431019061262599 2.996140802095845 0
1.221190812886219 3.281821746086335 0
2.481215650163249 2.012681586079449 0
2.832213941153949 0.7465333145157838 0
2.816356942958069 0.7678791431563672 0
0.9359646789969659 2.377810396459907 0
0.7948448638062964 0.2773737687294795 0
0.7935235982514792 0.24795680677753 0
0.4911822676012283 3.053854633741497 0
0.1368050730715267 0.9974919094096858 0
2.010554804848933 2.957449613485723 0
1.981647237396742 3.239192870309278 0
0.209931292746953 2.705020841786961 0
0.5574781614248023 1.182264878035899 0
2.09893941554398 2.302955341397749 0
0.9403575948964999 0.4376419353432599 0
0.5995059748890749 0.4407205794699969 0
1.301636005807483 0.3406640618894923 0
1.988197193979785 2.76380856699779 0
0.3282453531109966 1.00309710905061 0
2.1773346076125 1.448031744483473 0
1.393575992320704 0.3734987772403482 0
0.1917593881492567 0.3461419573459041 0
1.144397969058765 0.4536460098283157 0
1.936025578262239 2.44050001574693 0
1.899102811489099 2.453565098270353 0
1.740021955476209 3.202945726775424 0
0.7420882723310906 1.180574221319897 0
1.754339060329846 0.5661497202309789 0
2.099569904200275 0.8647088779480754 0
0.6520620379975075 1.452437730870712 0
0.2261084629712418 1.089732395056314 0
1.097980965226333 1.888449112754391 0
1.611899175287932 2.822838809844338 0
0.5187582984825887 1.44955988283418 0
2.833622460017451 1.062852602500723 0
0.9545684310114413 1.129036411344993 0
0.4924192672741178 1.427596322759032 0
2.55139850496822 3.025391180336134 0
0.2627303900852316 0.2534134942632906 0
0.7621942075785025 3.004719745309065 0
2.347686803896617 1.968210337334098 0
0.9573109163973816 2.480211315306117 0
2.782560312656906 2.58127894525362 0
2.8232 1.154591315390036 0
0.9661708250288559 1.11353542233485 0
0.7795449097816489 2.860649676626676 0
1.489702372976214 0.5824752407180744 0
1.345416195300514 0.7875042610889528 0
1.891418062625165 0.7925739331104649 0
1.137080044156461 1.343746811952235 0
0.4973903297238808 1.218112799494441 0
2.618146134285105 1.404038430580473 0
0.2780216897654086 0.1591942160638782 0
0.2501854385335989 0.1548443917990645 0
1.732311187692079 1.502033488941483 0
1.111004613498672 1.694888474368432 0
0.3893467766868473 0.5828767651899041 0
1.409346723146921 1.163602462629683 0
2.406662074759075 2.327419194807265 0
1.114712027672756 0.8628989560972016 0
0.4555954750001192 1.945612695405362 0
2.156217659046086 1.541441236069539 0
0.1830281145928594 0.239641719479577 0
0.175700507855503 0.2642660095884666 0
0.2012414537718414 0.3746784801825125 0
2.607629474397442 2.219259176265608 0
0.02556194335816642 1.478158197087402 0
1.429148014734914 1.987125192773357 0
1.385629602946983 1.972405038554671 0
1.46038750561228 0.5032109902194661 0
0.9118980845071087 2.634748122260081 0
0.09326291199316139 3.054982568633839 0
2.515234509546231 3.05267024097864 0
2.520243159536352 3.059596323371226 0
2.134869902721733 1.791337894721054 0
1.9420538763938 1.986044782504413 0
0.4830713420343723 1.697485398749586 0
0.4135116283573117 1.193454661682131 0
0.6679216624702978 0.2765510202887715 0
2.638833093767289 2.147628665326611 0
1.039977297724658 2.099697931611809 0
2.475914022149912 0.06881990723022469 0
0.2111407757508919 1.389000843904332 0
2.779740619136907 2.708922708043633 0
1.205024064981876 1.800775724837323 0
2.332066797403074 2.544567400641769 0
0.8832991555130636 0.7780616425163835 0
2.7504375 3.180875 0
1.560945112774954 1.236703323854956 0
2.431597402953516 2.777171343373516 0
0.2407854792198325 1.151192989398524 0
0.07695351372923587 1.514456035844316 0
2.037893372330177 1.874802954660821 0
0.8648117920127318 2.264827189227557 0
2.017880517942626 1.422655749656443 0
1.940300328443219 1.541081379186269 0
2.778552265694754 0.3142282781043311 0
2.712556208254521 1.838026612533585 0
1.875327413393042 0.8308090195188649 0
1.672034388951401 2.600782065336148 0
1.69336217507916 2.006719761541802 0
1.03194846412751 0.8586070263432841 0
2.321750807297762 3.015400151314784 0
2.543746270691602 1.220180856534496 0
2.823032112898431 0.9460207623410347 0
0.9110444303348824 0.2970347391760875 0
0.7428475388358823 2.507981203775576 0
1.13260958720807 2.263914539960034 0
1.294802760669319 1.34434540792819 0
1.597323138000803 2.642948975508202 0
0.08798454383615373 1.833514984917386 0
0.2988505418091463 1.107330570356426 0
0.3975183462568208 2.194153578326488 0
2.561169537991706 2.018862920962676 0
1.63734986922333 0.6407381112943384 0
1.952354396569493 1.363426113946273 0
0.9001501932484328 1.146034023872539 0
2.309645592606571 1.697426777989063 0
0.542539016672726 2.479825096585027 0
2.228615012979798 1.655186396351938 0
0.7189634971357474 1.009341066683443 0
2.258077027027027 1.42145 0
0.2621103868905927 2.887121970952453 0
1.770196894727421 2.393972524455819 0
1.880053039203196 2.22171462049871 0
0.5360184109090431 1.972597995795821 0
2.711542440698323 0.2164294255276573 0
2.532027104092625 3.048614504885147 0
0.6476742271394549 0.3672311160449677 0
1.518845851572388 3.061709189360654 0
2.3673199312097 1.532629243879492 0
0.9626154107779369 1.117271386851238 0
1.624866047179138 1.840799146934619 0
2.513315792977869 0.1382165789894727 0
1.99201247786042 1.278610261853174 0
1.455030911396483 2.71966981657388 0
1.436196578861137 2.455892246396205 0
1.950512401077975 2.50632875031953 0
2.297276111218504 3.274042555297257 0
2.288035007677641 3.231125 0
0.04087767757991001 1.154483733332082 0
1.910739962809458 0.8295495187760625 0
0.1326923468554344 2.536013082353859 0
0.1508204359455059 2.54551375328836 0
0.149346011359822 2.564980839836771 0
0.144788265579511 2.534978343734607 0
2.296781661518205 2.921533910693307 0
1.742191120953842 2.832826352654111 0
2.230463741106602 1.508641447607305 0
1.451915615584151 0.669554350782354 0
0.1086709419714511 0.289261149554854 0
2.02688730505916 1.187910052989031 0
0.6347104479303063 1.931948403118216 0
1.584640332072891 1.970582140338741 0
1.586778049776442 1.167591262786742 0
1.308641132032232 1.91143919837615 0
1.31554747010754 1.945447035762331 0
1.303922001778847 1.960735136699505 0
2.822823344499538 1.00924725690786 0
0.5355044156862077 1.687656230254316 0
1.624453769236387 1.91281418133196 0
1.670411758010016 1.92327172009589 0
1.543580766941857 2.945873501381539 0
0.08310638202166887 0.2936854103799216 0
0.4521000829677982 2.597898349903944 0
0.1702781001792795 1.138010892970335 0
0.1747988445806687 2.099785081413857 0
2.225987551886715 2.596365733254226 0
1.930369979639137 0.5475129562241428 0
0.6241941168527911 2.856154158869729 0
0.4541734615855748 0.5485193142831315 0
0.03826603881213586 2.51598029860008 0
1.761590687224408 0.675154370267564 0
1.324829556230843 2.360071867434261 0
2.812734363944231 0.8270680656490366 0
2.607475849957639 2.019632559311453 0
2.420872714613239 3.431413326468225 0
0.476873566710706 1.373887754526598 0
0.4559810667748354 1.382142050389103 0
1.997554695519717 2.080666705192841 0
1.448655227200592 1.1896838013306 0
1.424610433880566 1.193971388608387 0
1.450465622874339 1.17250014861648 0
1.071343784628012 2.591123850626399 0
1.279683658174668 1.607137757978701 0
0.5203296528197737 0.7702058848567763 0
2.065486610466746 1.524594113571879 0
2.678454983569906 2.745989324286344 0
0.8734361585877188 1.15314242600348 0
1.664548944804527 2.757953742926493 0
0.125368433242661 1.132065252265924 0
2.522048660270299 3.383992804276147 0
0.7399352282627838 0.683888110104381 0
1.480815964858062 1.396996230942939 0
2.506978929568937 2.468153503793848 0
2.262991071428572 1.773975 0
2.01795 0.6553817567567564 0
0.420130478901485 1.70232877609251 0
0.08401874825300992 0.1969794245323997 0
2.489042633381289 1.537906666111692 0
2.26493967987619 2.653357813609508 0
0.9975897446300177 1.004632099851491 0
1.235546736650979 0.737460813246438 0
0.8639578584695622 2.78294839474176 0
2.811755794764084 2.086467357752073 0
1.197007124071299 2.063949645053808 0
2.566991468096591 2.078032991140249 0
2.604293613496762 2.076065863933121 0
2.199191054649411 2.883723337746456 0
1.303968815382102 2.66500255790956 0
0.2122011747907233 1.580840740643472 0
0.5655793552703232 0.6142438222463262 0
0.4956142172542354 1.431695741040655 0
0.2280068557403221 0.2308376384691782 0
2.498963690961077 1.702939052933843 0
2.311455154794265 1.761470094922514 0
0.5352540281259779 1.190435700580672 0
1.101208217391305 3.064132465217393 0
2.388535841546179 1.657292910901303 0
0.5162259055303861 2.052317480685349 0
1.876767524380515 2.696513383228975 0
0.3404983818742391 1.617472994770228 0
0.2269829398914118 3.003259963684188 0
2.052455236131822 1.272039096197412 0
1.460470848816579 2.627467490124147 0
1.888465418753877 2.16254075792798 0
2.212700394417869 0.5433453635912453 0
0.9068336119989054 1.810802085632049 0
0.820732753933951 3.392465497481974 0
0.05437256835250381 2.489108122585159 0
0.5681190601846353 0.7003888621766146 0
0.8534417779518041 1.811625943862831 0
0.6208144877454553 0.2954089054108424 0
2.483265294445997 1.882874801639137 0
0.7959627619848497 2.780073019092166 0
0.9341345158008145 2.830953639402458 0
2.657129014276272 1.831201067595339 0
2.508646755034435 2.396192387804099 0
0.6284298915091441 3.403372253762385 0
2.817556162465632 0.8145806319201216 0
2.301502853558754 2.17257743385843 0
0.3724975133802704 1.583789797428186 0
0.8690055446766353 2.341124702088069 0
0.663068701210341 3.012182234834921 0
2.775750759026272 0.3652252596243191 0
0.5481235080003428 3.379172270749559 0
0.08701979123845605 0.3325220559424815 0
0.9302415410910313 2.159745410729653 0
0.9421108914973577 1.141558814640613 0
0.9376219104839685 1.145358115568795 0
0.9335629704902939 1.144152082431099 0
0.9353532291423546 1.14554029866063 0
0.9235289528944155 1.131349222548978 0
0.931423108687631 1.133696363294011 0
0.9307444389963873 1.12507625311313 0
1.389368888354094 1.411753576491682 0
2.275390799592217 2.004391547355411 0
2.608241647537822 1.334444175234838 0
0.03442969545206798 0.1821603647006376 0
1.06612063259101 2.268164652716908 0
2.772879688443623 1.491172647460774 0
2.811450606385329 1.462035922114811 0
1.93603238250431 2.117339251696944 0
0.252168353932297 0.7542791187024187 0
1.279463217341036 2.369210982832016 0
0.8975110310421259 3.240535412392356 0
0.8721464210273266 3.249508650410669 0
0.4146656378280011 1.267868062304652 0
0.3294360778551053 2.494714159759766 0
2.414141604675876 2.652613177470776 0
2.351150867121226 2.692074006014388 0
1.383523376641387 0.7200160401949984 0
1.643029501585417 3.032327403100336 0
2.201258279287341 2.960803365038272 0
0.6150019540369336 0.7605543363525243 0
2.701649619396289 1.767554501975295 0
2.667889639722214 1.770011505759261 0
0.9337960428700871 1.154810134958045 0
0.2640944424135381 1.260742862025515 0
0.5241043643659251 2.59385573185596 0
2.577284896684156 1.192620325039836 0
0.1925117429160046 0.1068904575931338 0
1.11104050440262 1.053095244510708 0
1.871073333333333 2.295225 0
0.1790870078474964 3.142144761830857 0
0.996248047950984 1.890431515798304 0
0.9359670838920868 1.143259074203827 0
0.9538143928990201 0.9700011751743678 0
1.321870750388661 3.289090621462832 0
0.1597965438056725 1.4952250053356 0
1.706054607280888 0.6898333462439603 0
0.6778278956370093 0.2178638618141113 0
1.890328609478141 2.92325341434435 0
0.2383290497291641 2.953039921485982 0
0.9631669114902555 3.397226746155523 0
0.1611149471682749 2.095965718765401 0
0.9665721496135786 0.6889506309118805 0
1.859178873522778 1.352261863167432 0
1.543852061354836 2.494736982951512 0
0.5930659031252902 1.653580548252848 0
1.886942134858948 0.8099294540954508 0
2.488893961913527 1.416725673581904 0
1.360287758273962 0.5483436915341899 0
1.358101256400852 0.5049125525206832 0
1.305067381115139 0.4995920422544933 0
1.390539358629805 2.250907137539143 0
0.1934715446530855 2.136019682794414 0
1.242493984457425 0.5740559516082508 0
0.9126571277809257 0.6042117531585038 0
1.836671550348243 3.126665596607242 0
1.348195312396713 2.004080463175669 0
1.93237665972403 1.148813342879458 0
1.9560278446841 1.135753763479284 0
1.258179085430084 0.4982265374733736 0
1.328047522335218 3.135733214907138 0
2.387464704830655 0.1547981757034178 0
1.319797285197736 1.928390143169477 0
0.8654035808231118 1.409708006111377 0
0.1928979854085195 2.077859813215586 0
0.226274064517443 2.059229137325875 0
2.116104782447514 2.606704588436036 0
1.819507207584654 2.928891138481475 0
2.69088916341274 2.925057996490768 0
2.829793713115781 0.1049656039817843 0
1.084545930294465 3.336934002644401 0
1.732003263499523 1.189035211423309 0
2.546669858965271 2.544417815785793 0
0.1867414059119512 2.21911883622209 0
0.07036721644189026 0.614086696813509 0
0.11209231846364 2.339921389621306 0
1.819022404966205 1.449859094701896 0
1.901315732906232 3.207231893948619 0
1.911569529785917 3.236913216283202 0
1.554583659826297 0.374715109699491 0
0.6624049565358632 1.136352327460615 0
0.2337110724375662 1.279578560353782 0
2.692352239832431 0.2072321237502317 0
2.335378938692181 2.375357934658172 0
0.2031353766170174 1.863639855133719 0
2.825187496497699 0.7236695456948254 0
2.189666041406204 1.928409893478454 0
0.3839703486318473 0.5388721665559095 0
0.5286839225295736 2.76636925177998 0
2.188373443340452 1.385626697155983 0
1.464351509848744 0.6824835281184567 0
1.359526191710622 2.742158444862748 0
1.348416315125044 2.711475440964266 0
0.6013328303749905 0.8414237820194583 0
0.2345260185196218 2.156377041656277 0
0.2293275716194494 2.17637975757347 0
0.2406674815984235 0.2983975518235027 0
0.5906862103365963 1.699134488410121 0
1.889934744898494 3.296868993055954 0
2.405692686360314 2.948431297071581 0
0.2371462765815302 1.091126371443903 0
1.275950611698672 1.170079825273684 0
1.067451094005663 1.178705322479299 0
2.737497419342256 0.1651491793490603 0
2.639445844051457 3.234876935151449 0
1.104785869208496 1.514360395183616 0
1.578777998602517 2.148431480796186 0
0.3368791679157126 1.037961066285352 0
2.812405433450349 0.5452036229974948 0
0.03925340596330984 0.4979925651266062 0
2.111716126793857 2.064967354878146 0
0.2210154627045271 0.3009573514949997 0
0.8781175727902617 1.249818170381401 0
0.3002534191090227 0.6667585409709378 0
0.8378477944857075 3.252489427139382 0
1.162609744481076 1.898929185650169 0
2.420286269873927 2.098822100049046 0
0.292177641653494 0.2579520340305981 0
1.129416161665069 1.777786960419468 0
0.384458205848244 0.1954163968136571 0
1.79708407811739 0.7359402006867981 0
1.915480705841977 2.157678919730066 0
1.937679906468112 2.147799219143752 0
0.5243836301307779 2.636736120336091 0
1.906097594808321 3.089537135457817 0
1.615963257354539 3.338821214196909 0
2.787318107263738 3.032114577495924 0
2.573956312008349 1.295495700614631 0
1.472613854676809 1.118661629821901 0
0.1320569481664153 1.858615330061819 0
2.697885608090994 3.207524284072906 0
2.711940452115236 3.230061418051519 0
1.571138015894691 0.2629915807441652 0
0.2851659011057581 0.2470275542412108 0
1.305070765499193 1.112703449002884 0
2.7153125 3.133625 0
1.227804544092667 0.8133355530276963 0
0.9797369533541557 2.316879283907137 0
0.3436197504849821 3.091363031891384 0
0.5638188296079034 1.084722336468326 0
0.7992823666999427 0.6150585361148571 0
2.11674689680376 1.262505724460979 0
0.8030825781692776 2.638776058906176 0
0.7208192835592658 1.86718594836874 0
0.2213779583633748 0.03802884414712349 0
0.1298456745235264 2.506066308943935 0
0.243285153482216 1.726684846570551 0
0.2432580936738624 1.705597676791655 0
0.4822548634980736 2.426341430143895 0
0.3148785946118664 0.2569102191635639 0
1.123824160154925 2.344243850073448 0
0.7232401610853105 3.272950615656316 0
1.759059384472843 0.5202768534016744 0
2.347910044005507 2.401064375167717 0
2.535542637969175 2.196492000307687 0
2.51691548672966 2.24013836905626 0
2.789066337550827 1.592863785830735 0
0.6428419405035392 2.272370380887242 0
0.415000000000018 0.06088466698475692 0
0.9852063513281569 0.961664881921702 0
0.2278304867654539 0.4306997235952017 0
2.025732452496432 2.436385209418167 0
0.9047882419818596 0.7558902430756582 0
2.417887524318343 2.561906505997342 0
1.004976777747129 1.219166405692224 0
2.175443219973948 1.856417145574402 0
1.833870928082668 1.761299372984356 0
2.414441945458798 2.177021478390123 0
0.1917751898576432 0.9136041026903959 0
2.035892325154339 3.331875456594642 0
1.684191953134926 2.469222066541851 0
1.4952362997814 0.6721428680314461 0
1.75542735560654 1.229960442799057 0
1.213671948259975 1.75618691500951 0
2.463032746868455 1.812414564523802 0
1.912967828200972 1.768424635332253 0
1.496449824700337 1.115574197791961 0
0.2097157593411008 0.3289629626787001 0
0.04111665129117403 3.273263680424279 0
1.570272739281582 0.6349763838616638 0
0.4663877386877004 2.489388654833522 0
2.443635485796666 3.398171480009804 0
1.979480870908036 3.41234357037871 0
0.3896238905849785 1.716705792898868 0
0.2538131525879461 1.013019067891554 0
1.761237945148157 1.662306833089501 0
0.5240320080310531 1.075438915090094 0
2.507988234446318 2.853530572552105 0
0.9523403590810334 1.140519055428785 0
1.636582803178298 1.227465352257593 0
1.760222972861852 2.500888157330949 0
2.531689899495837 0.3255693455724151 0
0.9329625182521142 1.032230716620007 0
1.842887587966744 2.858451750881525 0
1.430209128985796 2.7323702961142 0
1.78376408171395 0.6187250124363337 0
0.1408968144959515 1.03894871554549 0
1.696820040667157 1.459297250555871 0
2.488093047365405 1.77355657422755 0
2.373838957913211 1.382859164803002 0
0.212138893577412 1.219551584693683 0
2.500951783154853 3.404485249201676 0
1.287901496997498 1.123024681418304 0
1.270313997965927 1.122320046413691 0
0.5009152837248492 2.299724438824147 0
0.827122449264967 3.094763363883459 0
2.130620420799735 0.5187093418768498 0
1.389593963631693 1.215866707167823 0
1.05523888063785 1.64422275596142 0
2.229773497673993 2.682857719369128 0
0.2466833554397743 0.9544380336428565 0
1.081991264577214 2.005916467861367 0
2.211084594931503 3.029823044371036 0
0.2181800386268606 0.6798777437738885 0
1.700047785394049 2.123458532692945 0
1.19605918441996 1.427051190805702 0
2.009434864080755 3.411956121029873 0
1.203206597884536 0.8145705172219062 0
2.18511709639052 0.4471480014496116 0
1.655014313790361 1.690408091052015 0
1.617528124994348 1.689628850361068 0
0.2018676238666293 1.28451000551807 0
2.649151560255563 3.094863018947033 0
1.08190621707416 0.8602665355261384 0
1.329040602587882 2.255159397412119 0
1.386400137629026 2.314367103326335 0
1.31380227136235 2.302300823773122 0
0.5168933509402156 1.143585514353718 0
2.247829880941264 1.536057572613461 0
2.244937148162126 1.561825425702968 0
1.121881957950599 2.041255203435119 0
1.609639179320179 1.238817111867967 0
2.013200790562671 1.138332646155757 0
0.9332767046602215 1.151610003687676 0
2.229660478240575 1.285874885118032 0
2.41500613798231 0.2408250071029023 0
1.977766398560347 2.216168176186983 0
0.9464816460368806 1.174590073166479 0
2.591228140256628 1.699538443876123 0
1.63848432176452 1.256597264420713 0
0.944938990660144 2.948027331383639 0
1.413802734688416 2.79235605677657 0
2.099959286793447 2.110140479054077 0
0.05930298252681587 0.2710755469221329 0
0.6625147498171081 1.845118848054677 0
2.134677324117998 3.02332880999693 0
0.05700759021703727 2.249628035869264 0
1.134576953563621 1.910887402039493 0
1.742737943918476 2.620371739837934 0
0.745010008169768 0.9700330242662056 0
0.9707449303612721 0.5647709345141592 0
2.51121106807427 2.343128611071962 0
0.3806832302607697 0.8359659685496361 0
1.921144973307881 1.951820406005413 0
0.09079503775996511 2.408234775417378 0
0.4167730861986461 1.147107222270141 0
0.8760523008581685 0.6546643472105751 0
2.359284897677131 2.447267332306002 0
0.433502789086869 2.652963472091672 0
0.8228546772906881 0.2633454782356544 0
1.247031258767142 2.982498456668677 0
1.008972029570549 3.119618573917713 0
1.796750779783067 2.181049984194437 0
0.670651221215058 0.5576552230074001 0
2.352683693387962 1.748520116196569 0
1.624990702159362 1.546389721269115 0
0.186965954477053 2.524045084250051 0
1.797612710815811 1.51153734396201 0
1.74200160306229 1.286319285694058 0
1.896424024239056 1.714265061284427 0
2.698425333427309 0.2191273204791635 0
1.896047208016957 2.739662661239483 0
1.8869942927663 2.777018944379236 0
1.900224269132172 2.811839606906268 0
1.744674632928507 1.068715831680132 0
0.859803270292781 2.381588307116129 0
1.204047189744778 1.655306869447374 0
1.479962673674677 1.212001641175372 0
0.2862698957213763 1.36845593928607 0
0.5755601772157575 0.3693581128967844 0
0.435618624028366 0.5901938513454219 0
2.662316673794101 0.2093307184024611 0
2.596150670498044 1.772451238863723 0
2.794198858839541 3.335424433736465 0
2.688704590856506 3.35512459332986 0
0.6034629437831343 2.902457704674219 0
1.466435061255224 2.294033038658462 0
0.8660405559751527 2.873070743269452 0
0.488026512665212 1.417426248157042 0
0.4805881384520068 1.419464314146358 0
0.4912362020814686 1.422864530539762 0
0.6463991000577521 3.241749170601214 0
1.747552555374636 1.529682879034586 0
1.679982847346919 0.4395387267712534 0
0.6689645207725661 0.08186770354611905 0
0.5219198755257055 2.968820918201968 0
2.157800483066796 2.674711607151965 0
2.562828420897957 1.237211885474291 0
1.206316921623071 1.484574711482493 0
0.8459382669527817 1.46449893164164 0
1.058394663650997 2.514441422070362 0
2.007870457201189 3.146827490837802 0
0.7485779072491285 0.3012023648555073 0
1.720845413050173 1.413279550496829 0
1.569559836123057 1.166846411555649 0
0.9431880775652488 0.8379962463647161 0
2.745809225360613 3.115664234273252 0
0.4515231033091762 2.337852636193704 0
1.209327824438726 3.340703803175487 0
2.603254305493649 3.129097968252398 0
2.013459401367073 3.176381945282388 0
2.409297361203903 3.042184072143409 0
0.5946302401661512 1.939335427590063 0
0.3505545652662545 1.849947502429486 0
1.518855353461083 1.97097632522668 0
1.682585833359605 1.045967781706287 0
0.5089329050288438 0.6900993405481071 0
0.100932038917882 1.498183445009052 0
1.636112565317767 1.773350804105979 0
2.200583466359396 1.512212102063581 0
0.7253549530459849 0.630346868275379 0
2.02597988669844 2.809695681691991 0
2.384173943046664 2.524929567980193 0
2.312924397383743 2.578540208529954 0
0.2785782484701829 1.738377208780858 0
2.317435631222013 2.497510477387822 0
2.326691823902373 2.519815952463668 0
1.926958522450468 2.918041441802653 0
2.699692875258209 0.3635155898835531 0
2.274518389881236 2.395053571283113 0
2.791120381514234 2.020978629049071 0
0.7627888494052362 3.129468817762633 0
1.845358925771534 2.784734856662948 0
0.1756460338248518 0.3563158344129738 0
1.796759721141459 1.897332926614481 0
0.5487636297347922 1.416424567696718 0
0.5950872580232456 1.407165947956166 0
0.3442995858803808 0.4700535322006545 0
0.07366749557078145 1.276107996379302 0
2.393346215153017 1.357125228048116 0
1.73617428464889 2.667478867536922 0
1.1611137843646 1.509988395442184 0
0.02894937375146167 0.07673476954915359 0
1.771110253879198 2.772887704120618 0
0.173117375062098 2.56366514048569 0
2.044674759051227 3.054403958798233 0
0.4543695688576567 0.8361052919117422 0
1.002118442113382 2.149293842620618 0
1.016016556587849 2.162916095281823 0
1.006072285720918 2.175997807081077 0
2.703574304938554 2.832299090772515 0
2.258129986854769 2.590465875085461 0
0.9696357142857153 3.172303571428571 0
0.8455609216257383 0.3845562002766869 0
0.8610155340861063 0.4107008398142353 0
0.870965708370489 2.162752853702801 0
0.5120749999999999 2.717125 0
0.4291336408229907 1.88877574205492 0
0.4085265657426402 1.862043115534953 0
1.460577761165434 1.957516987844223 0
2.549835203682376 0.3179644038917613 0
2.574168242935614 0.3407013591832031 0
1.551053270879278 3.001407567437934 0
0.3669092269621195 2.328406243857164 0
2.778640652232977 2.382500800875705 0
1.776527262437289 1.239780334559283 0
0.4360293603705743 1.472558198963448 0
0.4596762116106627 1.45078361719765 0
0.48703920076483 1.460420331125663 0
1.294979432424705 2.884882470309478 0
1.825006291403112 1.589010156839985 0
2.339198979216286 2.664221568987841 0
0.04468517765556368 0.3043984954718952 0
0.02756797183874982 0.3002107973559478 0
0.7335195748046434 2.52987001498162 0
1.674165916396375 2.190144029184632 0
0.7719832128818721 1.713036237408915 0
1.495414908449095 2.712275104563707 0
2.309021302441795 2.691486593223575 0
1.790127629233492 1.207102163993087 0
1.789958525416285 1.225130371472202 0
0.4845680280958636 0.04937699136788498 0
1.439457820988874 1.182138834638867 0
0.9648203600883811 1.111606373825086 0
0.9634574188897783 1.109382664186102 0
0.9610497050761296 1.111416546729425 0
0.9612822678049782 1.109333343231866 0
0.9628154955717757 1.107955129683575 0
0.9625911049334122 1.11019885534831 0
0.9627297601589528 1.109034131524885 0
0.9584065619044194 1.114188181162068 0
2.336282448395007 2.341405650691555 0
2.311859119333231 1.42145 0
2.671251471997133 0.153947430130551 0
2.676293899104172 0.1397161150312278 0
0.7371215025558531 1.65823589355213 0
2.255392387663776 1.485182476728705 0
0.07924951616337883 0.2293223337177084 0
0.6513427810911463 1.968847420815075 0
0.09394684538092535 0.2480913645756728 0
0.6757649299689601 0.8273614832404261 0
1.737635551599963 1.067153636442644 0
0.4718068440651841 2.760039898016096 0
1.776195691161994 2.077861700158103 0
1.24916054387409 2.331021996826003 0
1.720003292319684 1.233659683799082 0
2.034063219126421 1.300032064945496 0
1.200484587748757 0.6118655835627231 0
1.146933530954839 0.5958673931482528 0
1.354680562092687 2.542472277787835 0
2.54841410222143 1.382217793390676 0
0.435815523144799 2.026670909002633 0
1.735030482284079 0.5898829351892023 0
1.781628569010968 1.607310229357358 0
2.173134045921157 1.724706700661732 0
2.17085024723412 1.71541526104239 0
2.186343742420504 1.72671684904682 0
2.320454896447679 1.309759380542955 0
2.538458947002912 3.019294760367258 0
2.537424436232636 3.004707627910683 0
0.413973950157499 2.297442080735816 0
1.619128816342792 2.417786673210749 0
0.7908429989406827 3.251719152433291 0
0.6578472589234576 0.9909550449113842 0
1.545328759497644 1.891689044696037 0
1.304228632321993 1.065945748536665 0
0.2031319922516497 1.064476461955835 0
1.387545140523172 2.524368069446958 0
1.123894150960869 1.951111332246758 0
1.715687327041317 1.207944875515986 0
0.4563428703255676 0.6540251970170383 0
1.471412044976951 1.326527863672917 0
0.4948221962713545 1.265749236562214 0
2.826273306535902 0.5959765368126955 0
0.6467778641769072 1.424411450267307 0
2.460981242754236 3.381139745266097 0
2.407405018209882 2.379661324860956 0
2.623925 2.978 0
0.9714882437342802 0.1532990695715428 0
2.005789662528595 1.537312935993707 0
1.992473343741713 2.114760268253778 0
1.784635995450086 1.492203119033729 0
0.933112408531742 1.13841182944226 0
0.276741851653902 0.270225090511464 0
1.113345265985636 2.763027708136384 0
2.55693280359605 3.232181719993156 0
0.5254158496253473 3.29491897556384 0
1.702397319668416 0.4740793496729445 0
2.315312332759588 2.70338280314835 0
0.6413734150583502 0.6494625513883419 0
2.627426567639675 3.142240427596918 0
2.535754287708072 2.032313160289553 0
1.780984735440922 1.053151862537924 0
0.3328566418708911 0.09428225630625509 0
2.642953240043001 2.660970948534587 0
1.765488987927776 1.056446954490287 0
1.42082633834873 2.854209582897618 0
2.303213103947964 0.2104143710304758 0
2.282555638445862 1.973036098404967 0
2.279112137151255 1.989578797244171 0
1.867214775477155 0.8008559434564508 0
0.9863448945613066 1.24375529370954 0
2.392342486817303 0.1673743452571603 0
2.106331837247546 2.153998886702713 0
2.084576761250956 1.752678685201157 0
1.203230527937647 2.035060787837066 0
0.4196305733711394 0.07787107281992411 0
2.03625318586756 0.6563541318869717 0
0.530539664969286 1.257858643167161 0
2.026377508422347 3.448387333433288 0
2.196368895198495 3.409802282181728 0
2.726305216281397 3.413541517989366 0
2.276685544300176 2.095236394793203 0
2.366052772540833 3.43598931531672 0
2.502473088393303 1.834624866099207 0
0.6764467482149503 0.3681972614789426 0
0.3045972502984127 1.274529430959009 0
0.3135962789175577 1.297955344465348 0
0.2835354109984469 2.948650558952491 0
0.7182769972543485 1.361454154368247 0
1.686121227429483 3.209946255793629 0
1.62199297833554 3.436149753834213 0
1.480422155300085 2.024358040150171 0
1.9653625 3.210125 0
0.3077503443874519 0.1023815144592142 0
1.026939256394077 0.4613465039612274 0
1.00792447205635 0.4236822637485094 0
1.196703489636175 0.3601148190554984 0
1.125359732590083 1.43393687861107 0
0.3426954469644952 2.651284075638916 0
2.164779729699138 2.41097867024916 0
0.3783963650516751 1.990914344205784 0
0.380629527129247 2.051112462392932 0
0.863475 0.8456625 0
1.907872605104511 0.8148957718866982 0
1.753848349324929 2.988838761097909 0
2.305557537674602 1.903528553973158 0
0.4917430913566679 2.363808400298458 0
0.09880597575418304 1.615976529049006 0
0.8415366623997378 3.305645832190206 0
1.889558726359228 0.5728672574935598 0
0.60765434660629 2.009914200098339 0
0.1901655877134245 2.953812142030069 0
1.049560411730349 1.626087006448059 0
0.4965602594642577 2.940889458805144 0
0.6475208333333334 1.49515 0
0.3511320379625602 2.29210778723677 0
2.561546600379677 3.011449340798549 0
2.244595370993553 1.904606086847011 0
1.300785162962375 0.7980426066398066 0
0.7880609956756182 0.5505788913119145 0
1.993129823764678 1.409344375651816 0
1.831909249632049 2.994665066897291 0
1.812074442560303 2.96586693469777 0
0.7671531290825511 2.338352234312336 0
1.650536145175152 0.5539250725166456 0
2.237872868262223 2.305319431713165 0
2.604816258479296 0.2692038616949555 0
1.320101691916596 1.68522189348564 0
0.5278007347667261 1.187809670369416 0
1.817992261462152 1.509593221722149 0
1.693195035667683 2.629081482224464 0
0.8864527793027736 0.8531329494921781 0
0.9087075295454314 0.8693748570298567 0
0.664216422885336 0.3222792147153859 0
1.519458015646842 1.533224685677585 0
0.1726489680273453 1.652187697895493 0
0.7965074347422298 2.572484335593791 0
0.2658987155020149 2.202510536461567 0
2.568647224348946 3.050871649880292 0
0.9097784330739772 1.131674621695032 0
0.9149560592436831 1.134364512373156 0
1.111987693602963 2.839723540817741 0
0.6163167054042475 0.03038540113227173 0
2.813903607405563 0.882419471460027 0
0.2688110154581316 1.571942409513096 0
2.323116448554338 2.012255243665091 0
1.272196718037623 0.8026088172902921 0
2.324475189320882 2.834370997378584 0
2.619321714018514 2.458001805856651 0
2.670810294760914 3.419058222263845 0
0.3535400857283677 1.198987096792826 0
0.3276732416647643 1.210408188000812 0
2.380822317549312 1.810114165859236 0
1.675381564909755 1.728665937228668 0
0.57007366842755 0.7375721717257401 0
2.828789572156409 3.427753153205683 0
0.05707333881642551 2.327843168283989 0
2.588513279465972 1.227036578538058 0
1.585728380600197 2.47926192279477 0
1.060842861753206 1.584285129388298 0
0.7479889370333022 2.648821060773161 0
1.761261618716059 1.460843943129108 0
1.293080234703386 2.925236114603757 0
1.929152804796507 2.921841872963914 0
0.416076949420864 2.684195960957979 0
2.103565057698964 0.586063454239629 0
1.294142041241201 2.448516120375317 0
0.4246391396827851 2.090954366952362 0
2.784491525971928 1.649318791968222 0
0.1118490948800761 0.4327883686168186 0
2.412738452327432 1.865826631505719 0
0.438547286620124 0.276159488293207 0
2.663626434254256 0.143136391226333 0
0.6939756157355773 2.768696206955287 0
1.023627088702636 0.3859669553021705 0
1.707637889286605 2.20471066436952 0
1.611398672542581 2.601578714555824 0
1.25843530729405 2.570443033937892 0
1.837163734654301 1.320606580657417 0
0.1133333333333335 1.6611 0
2.258727801500282 0.4594613453296592 0
1.031289069587241 1.211113418675706 0
1.037174942159172 1.20998637141848 0
2.086610427895335 2.281972673645459 0
0.0181 2.733410416666667 0
2.631185313527935 3.171307218868749 0
2.370546871564233 3.011280539001741 0
0.8497300086260022 1.385197080989104 0
0.7901447838635023 1.855416677583149 0
1.864920468802389 1.477546024051665 0
1.856919037049337 1.449573975202275 0
1.525237919808088 1.32505 0
0.6918476774369816 2.863228015508725 0
1.081387188671472 2.105900334640867 0
0.7650261146592374 2.503473748757147 0
0.05735127886250435 2.919016355328853 0
2.617413010779422 2.275668556500231 0
1.445635623443073 0.5326990601613146 0
0.384887429455836 0.8756994572474668 0
0.675972285960081 1.668865080984735 0
1.301942003757753 1.251936400601528 0
0.08704353717490432 2.48775374311598 0
1.765449605919231 1.10661433475939 0
1.325974573923158 2.325869648151579 0
1.431193512806966 1.565746179240485 0
2.324979852535811 2.706582229417572 0
2.329036145106039 2.69726757810682 0
0.4416922947451741 0.9017640663655229 0
2.334842323221005 3.116000413303758 0
0.7161894842475526 1.286250728921207 0
0.1736735595997116 0.2796328006576521 0
0.4912050868543949 0.1073959369116397 0
0.9323468196523073 1.165787917973637 0
1.070685122561303 1.694033817231454 0
0.2449894348310988 0.8998096963326975 0
2.747402809579945 3.268339359672835 0
2.108063592352485 3.16000382700662 0
0.2716751854267219 2.389961564327677 0
2.743822434723871 1.770789250763099 0
0.5905457404103713 1.025807809480515 0
0.7290005436987763 0.3992174387443934 0
1.38401956848235 1.136143148129402 0
0.7749380081799172 0.4453249013685006 0
2.449453333333333 0.02196063509335189 0
2.319266267532643 3.36725452897244 0
1.059471999043748 1.165442871274496 0
2.000718037742599 1.491039985242823 0
0.02513742034384858 2.667173155088377 0
2.687754622542311 1.616231594251627 0
1.663970308108261 0.5321786229544163 0
2.533461552579851 3.04417421961888 0
1.905024464475399 1.646954078486996 0
1.747090748215743 3.158013230451865 0
1.385341310144771 2.35208979216129 0
2.431969573920004 2.47585733988697 0
0.4266520375753295 0.06585731830659292 0
2.162391798448643 2.131815174479412 0
0.6601000695564194 0.7188949414373491 0
0.5841338731771875 2.948367414578653 0
0.03029120668250562 0.6572161210775918 0
0.9850353439970024 2.372546807656944 0
1.455522221504427 2.24020189166892 0
2.040987091852778 0.8082334276132832 0
0.797360797866286 2.382605803316878 0
0.8042022862343836 0.06664346905858531 0
0.3276319866620521 3.273193139775078 0
0.7204572268657141 0.3084158370206007 0
2.537536847805944 2.933053658461917 0
0.1989622840648964 1.071432814739497 0
1.648058746994627 1.594921351806582 0
2.134294368248574 2.396431459064961 0
0.1785760978049862 3.19934659297058 0
0.4424003838517243 2.473837462658469 0
0.7725214229721657 0.3829804995600483 0
0.2395775709578085 1.268358142467612 0
2.409071136875155 1.29490708507586 0
0.2393337541665177 1.55463525975206 0
0.2338589927415824 1.545327184573884 0
2.320914971342197 2.686423064754964 0
2.212362186214695 2.711289995585092 0
2.300226147348372 2.71833639871968 0
0.7324277772241863 1.908330037292412 0
0.09628010021784661 3.406620011530244 0
0.3583047064243039 1.606783899403512 0
2.484657908923989 3.021719194981271 0
2.465714477230997 3.001454798745318 0
2.180270164100127 1.71886836732035 0
0.5419482386867913 1.192829590322325 0
0.7247950883334557 3.208694268422533 0
1.570764830436635 1.916652039903507 0
0.06670400650812769 0.1716167131640502 0
0.3110002143557933 0.1389537678696917 0
0.6967139759117398 2.531773035752732 0
1.752467836391763 1.011817448192551 0
0.8366995529347947 3.17347227909328 0
1.103089507178309 1.13525553147598 0
0.1160990713598467 2.176894181611622 0
0.8004477088645308 1.469281577880005 0
1.323491134899124 1.148508353487129 0
0.7244495764035694 0.8171044157428602 0
1.035849607463217 2.776304229166522 0
1.916309542519378 2.938713334851267 0
1.83421770668278 3.165160367013843 0
0.5229284072147248 0.5663059255308229 0
2.509162713285363 2.977635563508652 0
0.03335689634892747 1.295296602283568 0
0.431811952165476 1.161754980828162 0
0.1494805053380845 0.6148142485571397 0
1.895562017251835 1.160782352018371 0
0.9116316461576262 1.151124105072577 0
1.855196668358438 2.464462525125723 0
0.7094866839406716 3.32745813142269 0
0.8919063489467117 3.17986967047936 0
2.09856067154771 1.793089608080899 0
0.9803622768324309 1.121013162783547 0
2.509880941662916 1.231561420586582 0
1.040308802810595 2.693094369382882 0
1.950413255189767 2.194749985145041 0
1.056852476110326 0.3946398645798874 0
0.6573284570172245 0.1106003276548946 0
0.6407836221149877 0.1242438184600041 0
1.369256200488488 1.604701571918113 0
1.411088442897555 2.999689975034689 0
1.545009932456872 2.093805029741735 0
0.1723596429410721 1.837650973170484 0
1.945636633389526 0.7964608171791564 0
0.8458444642379587 0.329879916812055 0
0.04947505091974613 0.5465442239481799 0
0.253418160510124 0.4784287453306115 0
0.2344401087668864 2.105412634198386 0
0.9627728928004717 0.05828796878649101 0
0.7266130115738675 1.052905766105266 0
1.658468789006063 1.388909303464444 0
0.6374156045751637 2.348827124183006 0
1.121246699928326 1.99634691063502 0
2.540725304026912 1.197785707909938 0
1.673078883746862 2.828169420361085 0
0.9529734350982484 1.13470501956071 0
1.196532973304602 2.701938298901452 0
0.4743375465342907 2.02159649175789 0
0.4663336145406561 2.047950223358933 0
1.214771225641446 2.260825175517324 0
1.055726838762261 1.751843445855759 0
1.186745659191969 2.492496429181986 0
2.140591142475486 3.213555389094869 0
1.414722308121027 0.7167375066996478 0
0.8612969558816108 0.1616745113273983 0
2.698627624400626 0.2347099069209526 0
2.707162474512248 0.2466467884013177 0
0.349545119080116 1.263651777401164 0
0.3673340226833117 1.256323492557908 0
1.772440328965735 2.319782885459602 0
0.5236131155155096 0.8112263174653649 0
1.330729887255262 1.576757886552727 0
0.6873038699374749 0.9146137686023416 0
2.022943649761171 1.443911690868804 0
2.419538689941485 1.430348596049145 0
2.402926843100682 1.447623303365232 0
0.9769267712513869 1.213534143403855 0
1.893381505058767 2.907298308669415 0
0.2670427675094964 1.671209743769928 0
0.548418267803841 3.129258710234333 0
0.4017274702463052 0.06403996072663576 0
1.973327254880576 0.6256859254008074 0
0.646719829880801 1.551527479458395 0
0.6474606043518794 1.678707183612461 0
2.784842163570008 2.931116129844272 0
0.1478843053972767 0.33111769391695 0
2.130944847162575 1.705000635709464 0
0.504721891441185 0.4985579225822827 0
0.8276701587612351 1.83619570426122 0
1.395459790544338 1.157122644018954 0
1.967272427507003 0.5280082503121912 0
0.9510172007785123 1.186067840924372 0
0.3840272444118722 0.4621223498412614 0
0.5321522288751014 1.223048753533914 0
0.52390064974126 1.209507506271326 0
0.5466983021639493 1.215503282642665 0
0.523929042936127 1.217269531304769 0
0.542393951432909 0.1340247880913021 0
1.329272704315039 1.621040008307772 0
0.841505789814487 1.437712840273457 0
1.485126085616841 2.963012670781725 0
1.313784228965471 1.896599392295382 0
0.5342125743981573 2.526167158545589 0
2.266577231269896 2.748717866666103 0
0.01675000000000004 0.1414750000000002 0
0.1536472349642741 2.020283750739117 0
1.813913160588501 0.5685374763725719 0
0.4696927820066551 1.642478055931269 0
0.9588518629976186 1.118562952585601 0
2.44250648272258 0.09254934517954272 0
2.482437077830555 1.849956968401065 0
1.027761259492145 0.803435979253136 0
0.5390338403290589 2.129028701069448 0
2.361989630991531 2.041924158506997 0
2.118126737639793 1.319341786968716 0
1.041090448537121 2.112795574598619 0
1.031596185318017 2.121363866324299 0
1.152786092382491 2.242029273947384 0
1.145647478461825 1.621673677208434 0
2.390091281843691 3.107520447523973 0
2.298388453982315 1.232626768251392 0
1.940625357153273 1.331672229837904 0
0.4906991256692355 1.167175354814672 0
0.4936369202157129 1.15159692277084 0
0.3479693243492357 2.702440222523108 0
2.56502203795597 0.2672220116274724 0
0.8080955065136929 2.312061599978963 0
1.06552097712867 1.885741461741057 0
0.7945362414696743 0.9116114611665918 0
0.1959393489428281 0.327991571502753 0
0.8713184788893553 1.183817080708699 0
0.4925183707065736 0.7332690243479281 0
1.737264564856758 0.6309024216950907 0
0.708597962253255 1.899824329251262 0
0.2829539155984684 1.05378092329912 0
0.5720671096560253 0.5290336073565991 0
1.271261830621069 3.052410712130457 0
0.6475915838190803 2.205375985943336 0
0.5568480390794026 0.06169002917533328 0
0.8008083319552372 1.401303063947472 0
0.4775905952036464 1.360948250728863 0
0.5497564431367292 1.193642749895479 0
0.5490906671098786 1.188526262882097 0
1.06176024890847 2.362873768291183 0
2.079212569620618 1.601948906425371 0
0.558625621201942 2.797387031351228 0
2.435080461290049 2.871951642058275 0
0.4793450689743268 1.183529922073727 0
0.2055312133774971 1.839049955188995 0
2.645283967100814 1.537714748189525 0
1.587422462396658 2.539845716931953 0
1.011579795420925 2.151753709659501 0
0.1111061982774539 2.43910932264626 0
0.3770771378732085 0.09681690206557958 0
0.9339433759949987 1.149458442695455 0
0.1936626598708588 1.685595289010162 0
1.824735995105842 3.031875587102328 0
0.4947503557304527 0.4275481450372216 0
0.4447491216422651 3.357072650879898 0
0.3405088584513822 1.101324311668794 0
0.2622453751507712 0.2097006878537298 0
2.140549970729024 2.908369177704808 0
0.853077880952065 0.5454188953497989 0
0.8310999999999987 0.5379665318566063 0
0.2244865430638976 1.639704254603832 0
0.6545701933731387 1.868041230827764 0
0.9348757551391427 1.205989061901163 0
2.824619189280341 0.6441403820436256 0
0.06038082983716242 1.570478521559576 0
0.4842189307117607 0.0800335833556447 0
0.9620704264449775 1.197755800176967 0
0.9671926498497408 1.203194590250517 0
0.9635944902694137 1.19133839784696 0
0.9590297968045587 1.186349626672278 0
0.9643485692843787 1.195781958953071 0
0.9672283760944532 1.19279264439624 0
0.9657667795370504 1.198966322654504 0
0.9704132860833119 1.200204130402041 0
0.9762278254096333 1.205702273842329 0
0.9804000335526672 1.209417674010615 0
0.9763736300791851 1.209356123944533 0
0.971955984772497 1.204890228860318 0
0.9740846966614918 1.201713365041636 0
0.9742442525741963 1.204105170870194 0
0.975901960454131 1.203032383731959 0
0.9745173360664519 1.206485221559776 0
0.9755516622920984 1.204473480015077 0
0.9767397990050977 1.204658528420714 0
0.9665787140677085 1.195115680981091 0
0.9687825087014614 1.193835759943039 0
0.9720041644564412 1.202176987138385 0
0.9722419347500448 1.200631151474803 0
1.75064006025119 1.076479061097551 0
1.712317152315062 1.60333913138382 0
2.71080435193115 1.349655465430739 0
0.9716446983554075 1.794698716604128 0
1.328887549869456 3.347465064228107 0
2.181931994289358 1.710879709162118 0
1.681590978484931 1.97692863590719 0
0.1883323055777866 2.10561764485432 0
0.7340146936696962 1.468642662005471 0
0.7054154107665607 1.482437790842639 0
2.820377555074978 3.19066761466178 0
0.7222534792181025 1.72283673238311 0
1.832944725766622 3.406409861221235 0
0.07883242506139876 3.13614683041641 0
1.232853877275537 1.193999011806878 0
0.2893569873246642 1.590408048245145 0
2.559937115613772 1.261301962384072 0
1.553614305943114 1.417240563498719 0
1.532301429274436 1.400880152413737 0
1.527391443664798 1.373990141154974 0
2.110298828126611 3.321884964748119 0
1.224155177924926 2.134690996453783 0
0.4729886149382928 1.230876311121411 0
1.538128877865572 1.932972608692818 0
0.5073135871292179 2.903312309700776 0
1.856205427910254 1.799769702411541 0
1.048869491151411 0.5517234683519148 0
1.983705958302353 0.7576145623919487 0
1.858748370432819 0.8462563441540201 0
0.4032379404081117 2.037624750266517 0
2.590131673857572 2.398226010784082 0
2.144993968140232 1.806577090212085 0
0.199774843469154 0.5377734384125352 0
0.8057133082177772 1.0734376445421 0
2.637437658023478 2.189420271332566 0
1.785255341890801 1.855725694208572 0
0.4678422820453463 0.1563804784052327 0
0.2464174960326753 3.268649537349364 0
0.2439693755762704 3.306164503396197 0
1.997484949868325 2.672972311641889 0
2.287076191448973 0.1813848135126477 0
0.4939705470094009 2.064950926198087 0
0.9622475204084686 1.131214315722685 0
1.012838148580126 2.816789906291899 0
1.448997987076007 1.907612746704418 0
1.542303457065385 0.5188678274480774 0
0.3900449840722249 1.428181806256289 0
1.280180238284795 2.058736346132851 0
2.04112879922624 2.865639833153096 0
0.03809117552768182 0.2152145010180249 0
2.471706220291536 0.1208290724633141 0
2.455035260737774 0.1226938732878593 0
2.701897336407992 0.2647311230436207 0
0.5788751957241456 0.1455764942268329 0
0.9250390574705259 1.160416338287166 0
1.145654046406701 1.732992515975392 0
2.727666959930438 1.750944396601571 0
2.087287698087086 3.116842134357114 0
1.348638341717234 0.6663030693725751 0
2.550669651650441 1.975831928179207 0
0.6599635145283943 2.418072479435021 0
1.504480110691747 1.42660655211971 0
1.503589246985893 1.442590199369261 0
2.040989773406533 2.686544091938827 0
2.459363926406202 0.139527023513605 0
0.09598520745495742 0.3414224425894725 0
0.04415327206422925 2.413770849402855 0
0.4146241367862098 2.433153369467371 0
1.346743366231835 0.7174732338802365 0
1.25687567530937 1.20994136773715 0
0.1248988353502964 0.02149533135005544 0
2.514097314424907 3.350213350517075 0
2.778266027141811 2.833960907224129 0
0.4031192974299167 2.484649091844646 0
0.02166603199371409 1.421968090354931 0
2.010385480434187 1.322776988630983 0
0.3154171408174462 0.04006316480825589 0
1.849912156812786 2.25130848199484 0
2.210401756690087 3.120187246632742 0
2.012199709432828 0.8355450295153678 0
0.2197400332225949 0.1864584717607958 0
0.2221906339650912 1.918287590635221 0
1.777671474549122 1.173576268398115 0
0.2813001326386453 0.9532948685238051 0
0.7667682918686083 1.391298067583367 0
0.7465025112977677 1.11475861646502 0
0.3013918887912101 1.671494414510486 0
0.8429739267719923 0.7699462679251297 0
1.08840603920846 1.054427123845875 0
1.375434501374411 2.846041228707217 0
1.765598884103342 3.269473593454257 0
1.401567881277558 0.7171333670332496 0
2.048699650389646 2.550268541759765 0
1.218486672267417 1.08452649364012 0
0.8430309816929982 0.8018740669812824 0
2.668335541827146 2.544368495798606 0
1.663343152413232 0.5709361371171571 0
0.4479764242282542 0.05316929894633882 0
0.2384117837342949 2.903049008186556 0
0.7122201269280705 1.193414828013939 0
0.6625019063506172 1.30995923475729 0
0.5836315996324445 1.320326878710484 0
0.1662850080707599 2.939279817987086 0
0.1795948885001004 2.898293981865209 0
1.629114075571687 2.140889253553604 0
1.764847533293042 2.683011325512816 0
2.602856034193797 1.4275587462584 0
1.604956760207454 2.878578511390659 0
2.113995826075355 2.858292049910903 0
2.615789603433344 2.049910094246346 0
0.8211680217014993 2.540046291166251 0
2.671998496144615 3.251206123149728 0
0.9186266541741834 1.685963988201271 0
0.6034893299688721 0.9048383835342411 0
0.5136702170382434 2.824630338532931 0
0.05625264698839771 1.816144010651568 0
0.3153364879783547 0.4399115974170091 0
0.03175264214078433 1.22483132778064 0
2.261594106220271 2.377939638109549 0
0.8120247943152985 1.184822688788247 0
1.025975817476651 1.109658401914033 0
1.944247394770003 3.431172529191524 0
0.9085857463746998 0.9860112906287246 0
1.138813439614673 2.306953454851346 0
0.431810071349038 0.7152234089457026 0
0.3845369039808813 0.6677067712123543 0
1.561865622940864 1.825091238726189 0
0.4929375668844271 1.050369852515004 0
0.1901557402893765 0.952779686528338 0
1.450603201324271 2.389096354805151 0
2.647592017226716 1.350802741068402 0
1.68164862407056 1.222926583141224 0
2.537411674757549 0.2183446372064559 0
2.343251915341155 0.2026970853673964 0
2.565195928066296 2.978650387256675 0
1.874763152407635 1.561571508591046 0
1.896514330472581 1.563718500271259 0
0.3097045048488105 0.2263690688887143 0
1.045707422157242 1.812724027127596 0
0.6489239922944727 3.184376772989572 0
2.070615603810321 1.3217708978541 0
2.282034900963275 1.423012092687346 0
2.269601472906563 1.436758508335986 0
0.6976470432767694 0.1275235678348157 0
2.143310824217743 3.071259718116801 0
1.879747167981197 0.7851730638355223 0
0.1079908783403867 0.2022565515793424 0
1.8496 1.395677331606217 0
0.7838162493195427 1.652345285792052 0
1.415176440023024 0.6084798360588324 0
2.561838568513567 3.39678483728505 0
0.1866996706474309 0.967457041507342 0
1.657851939120623 3.176806885469253 0
0.6602761380444797 1.403314146312198 0
1.730293898377589 0.5204920608557904 0
0.1900901394135353 0.3107907536050665 0
2.292713436644978 2.974598533839419 0
0.4880939310955007 2.227719374735087 0
2.750293101634648 0.4452486249993299 0
1.589154478305029 1.72022938356128 0
2.304148027173302 2.280171678594677 0
2.753330270084489 0.2541831039978344 0
0.4367524041360955 3.420625068635943 0
1.566886642563327 1.589802054207992 0
0.4305450173324372 0.02446974728143636 0
0.8079299251080156 0.7212883331789881 0
1.646961196718024 0.6561367659332404 0
1.658531237987911 1.8123245463252 0
1.781713969414172 1.78890959626478 0
2.320377284568514 1.467272917029853 0
2.679824425658127 1.270906462454692 0
0.2100532322681983 0.1233381670085045 0
1.273241244123077 1.913251302356381 0
0.8975110310421262 3.312202436953975 0
0.1111173293906207 0.05157689791064524 0
1.725340299912353 3.295417986153237 0
1.74843083016976 1.118600494760191 0
1.38481953842078 2.478794132795193 0
1.3600857744756 2.472107981224428 0
0.8432420419960177 1.107694779984436 0
2.086356098989064 2.230054708140666 0
2.084436665404283 1.411081336895815 0
2.447958497770601 1.194307203095655 0
0.7141834113348624 2.52542800634559 0
0.3130268282140782 0.7776766905163972 0
1.803577853061487 2.149856502381412 0
0.2908574606106287 0.4036683111189574 0
0.2477265001896889 1.579641959506619 0
0.4436863346034827 0.7899610680879178 0
2.380375909432038 2.864230765354083 0
1.063309332284903 2.030304543969648 0
1.045105244282167 1.866435365435264 0
0.5575130454012582 1.256608310836717 0
0.329358652028618 3.421044776021513 0
0.5397992787097121 2.784809994822991 0
1.32448362990561 1.642270819852553 0
1.46718401364838 1.827930667951937 0
0.7298056792647452 2.803484546602843 0
1.392052186309569 1.858135764435435 0
0.916231262940801 3.153567436627181 0
0.5223622844224513 1.161312408113069 0
0.5127416233907857 1.177144195021217 0
0.2873492818344816 0.08987089658431513 0
1.209016745384456 1.612719077753686 0
2.00154843932136 0.7037062584102662 0
2.415279383302011 2.261476170645819 0
1.761751887853636 1.480143377913986 0
1.218896099088875 3.211072019560731 0
1.405407946146505 1.643008360501286 0
0.6621744165271668 2.942934191317185 0
1.670185738713504 2.846791425716653 0
0.06066367549467544 3.317668264689114 0
0.9648358189576484 2.531700469619258 0
0.7726120874937733 0.2934935449330998 0
1.415910087176092 0.6522354065756373 0
1.107381235935085 2.011790565294243 0
0.8460856800002552 2.319908359268606 0
0.9135204427052093 1.052634773876468 0
1.195516594660921 2.74443765978029 0
2.145340100558487 0.4667416694429951 0
2.155082160814016 0.464401780846512 0
0.3446891760399655 0.5277513808146463 0
1.364434562195462 2.997202934219688 0
1.73028660778637 3.434255246245875 0
2.431993500238468 0.3722508590604314 0
0.6308800511753432 2.766614424724542 0
1.440757122860757 1.075871214427222 0
1.305925933389877 1.99653526950237 0
0.8011976018722546 2.499138509302327 0
0.9166785042038844 1.165809175197774 0
0.9188011426796867 1.179422403565124 0
1.63813756809422 2.695353079510387 0
1.532353675133248 3.122407997732074 0
1.543721851138987 2.972189892737831 0
1.319522539677437 1.805528942289993 0
0.696878610585941 1.746055566630697 0
0.02799239830576239 2.573624266280306 0
2.104271453660343 1.466366104999338 0
0.7376213049192064 2.544272743922492 0
0.9305015256115362 1.149634159970838 0
0.9304476020610322 1.147239516341233 0
0.2534902887054671 1.847402032170525 0
1.35895247907535 2.787989120775688 0
2.553979237105049 0.1198657210653562 0
2.607324391313707 0.3233035157569453 0
1.235730511873113 1.816769659009585 0
0.2274007120309924 2.972719369646693 0
1.049499975668977 2.476757315225582 0
2.353233093032982 0.06188631334309735 0
2.297021551396404 2.465229108668246 0
2.291785082878206 2.44501947625209 0
1.479685033372554 0.6238120955389324 0
2.233260752557158 2.390392755418792 0
0.2026652629545593 0.7612125835478323 0
1.66455371215299 2.786034941910347 0
2.323938205384269 1.955511638664918 0
0.2385595960573608 1.100926455293371 0
1.417094382446537 0.4123291936800002 0
2.422713290203204 0.3512029190705173 0
2.554951900548655 2.049102880485087 0
0.8948656553294358 0.05657380875017859 0
1.986801383522854 2.547561867808616 0
0.7627012314385732 2.554765531495544 0
2.323874221931789 2.740873157365565 0
1.498555344346136 2.674572673692038 0
2.117718675450196 2.198607725086986 0
1.661687880628653 2.06507410243564 0
1.386919862653865 2.700644633959138 0
1.039271543552009 2.421976096716836 0
0.5597377901953273 1.981276297236915 0
1.958327244339782 2.255094926923095 0
1.855123848254694 1.961695290610729 0
1.183249866210658 0.5201809826376789 0
1.75830508030824 1.579471752893717 0
0.7816766808593054 1.815099363678039 0
1.656913752347128 2.903435259220335 0
0.8233220176279289 1.700065159733887 0
0.2954404956832795 2.144836243432175 0
0.1510827686795755 2.255884866457728 0
2.523889209801252 0.3101855539822767 0
0.6172957676499887 0.06141196001829963 0
1.932850411311987 1.821435639061733 0
0.5148329206278071 3.342074102431236 0
2.595374093099813 3.062227071780693 0
2.162290024467895 1.643929097250999 0
2.181438047978931 1.651597995712915 0
1.394431865216645 0.767155923975162 0
2.593454518316906 0.3041986507754895 0
1.208642374031929 1.34836895546966 0
2.465347019701918 1.766810889191333 0
0.6360791532540209 3.359138079730292 0
1.638850790100977 2.834476929446872 0
1.859594514774988 3.437019131971975 0
2.776086887518048 3.276256970976881 0
1.825816771874035 2.757658577585293 0
0.0558459175026067 1.70432128218625 0
0.04100429829441099 1.743090691972169 0
0.4500947548286127 1.507722931507547 0
2.725325 1.707525 0
1.61144043525162 1.638841540608564 0
1.796116354731115 1.272368216059522 0
1.779896392527119 1.260906445694553 0
0.7703101539300228 0.7873220302072486 0
0.9602570136053435 1.190075703658916 0
0.9635538551400109 1.187175039728831 0
0.9624880058071554 1.189196840077621 0
0.9613302981716132 1.187530555042593 0
1.616472466740305 3.114552439454498 0
0.3459245820666172 1.709943467632531 0
0.187928160535187 0.4136657988329944 0
1.013802872056085 0.6213808187424874 0
0.5596944437523351 2.291762973917214 0
2.121235504452818 2.172379799821923 0
0.3352235903273499 2.265866887113888 0
0.9740360650437478 2.114119752026517 0
1.462834409007336 1.643301631847496 0
1.540371923605234 0.4508915851529518 0
0.4535667905012557 3.152790344871716 0
1.539114404024045 1.561456306774827 0
1.857927130081277 2.957290169302437 0
2.800467694807355 1.41898154884626 0
0.8514793809671148 1.225279751231774 0
2.815130304887433 0.2813895977984364 0
0.09932527508500177 0.6751058386115987 0
0.1030324252682275 1.934623317994796 0
0.9674134008675156 2.873827736189698 0
0.04125999999999985 2.808731666666667 0
0.9653860708016861 1.193208082466507 0
0.9655636581764224 1.191381135005348 0
0.9648706708995451 1.189106071232359 0
0.9633429577832472 1.188706411336001 0
0.9625004004565013 1.187960311465353 0
0.9617275287318177 1.186336156201113 0
0.9637875920625454 1.18984464814258 0
0.9647501091004054 1.190398785836207 0
2.701314194148028 2.43040382722208 0
1.03286244579197 1.010387396947721 0
0.9627577979917046 1.111976862187552 0
0.9611265535921694 1.113389424503798 0
0.9608184108855604 1.115432468761438 0
1.442425702160148 1.409436842163521 0
0.5300742407670315 1.399514475257513 0
1.779218604820572 1.07626055907258 0
1.553665166052758 2.014570231003223 0
1.418313705657185 0.3436070575878967 0
0.8425232280097411 0.2787291399559866 0
0.6534934888137838 2.454078774241208 0
0.669422437029601 2.483765685290217 0
0.6619104520822243 2.508167172764146 0
0.5864886510297962 1.205473272241917 0
2.797416019568233 2.443846646436735 0
1.539736074680918 2.882376270364303 0
0.3959837790549079 2.361405610720288 0
2.340743496611475 3.216207798424612 0
1.274691048913572 2.191825543890709 0
0.2395873962419925 0.2656423167905098 0
0.1505623671776597 0.3596706067955764 0
0.8424361992619802 1.37266157577926 0
0.6615092290556035 2.57340894631667 0
2.716590295737324 3.187094134479675 0
2.405852543822629 1.534009503802992 0
0.08584098974024634 1.059867486342554 0
2.546154285297848 2.870363495089268 0
0.3892686179212239 0.2332060028684095 0
1.682949892501156 0.5796075944484738 0
1.738851194674787 2.768926721548961 0
0.01636499908909705 1.496907025605068 0
0.1352310597340067 0.3952896519699884 0
1.152093773145553 0.9644379604933104 0
0.6781250801225822 0.3346784657794113 0
0.5167338700750612 2.803315830200074 0
1.058563155636963 1.145476453974585 0
0.352746746518023 1.582889186394663 0
2.152373964285607 2.537447112618032 0
1.59525670702877 2.072257148417212 0
1.120609972029392 1.205924174343716 0
2.073806882202299 3.423073784641685 0
0.730001402980522 0.9355774517674599 0
2.607709125295467 3.024841308223171 0
2.769561109380426 0.218658350541201 0
1.901964963821589 3.363272256430423 0
1.717711946348512 2.147881299839903 0
0.8413870928023973 2.898059009538865 0
2.355790329874166 2.216134894449914 0
0.4732825469406752 1.516455443762992 0
2.298840120492523 2.740859609998191 0
1.045487942649238 2.822562296365267 0
0.02494374999999982 1.981803125 0
2.669323181228154 0.1989446293180561 0
2.106220798043706 2.132653751108244 0
1.187936517152216 1.026882931840876 0
1.126191385649116 2.405523460681803 0
2.655817847328835 2.988172989231027 0
1.99369857733943 1.245081197703873 0
0.2737726212794764 3.426523153828084 0
1.350072810977308 2.955439671098441 0
1.041859000402446 0.9485871352393481 0
2.387138193135208 3.44862232882918 0
0.7913672074414947 3.305433577424443 0
1.523745202606544 2.428704195143394 0
0.9709240665949553 1.119574060217331 0
0.3037311241957554 1.901993359178597 0
2.523151644368649 1.315721478969199 0
1.504960115223478 1.846393089987442 0
0.6205653799098522 2.932701848402441 0
0.6339179835026103 2.923202417759335 0
1.936429554330475 2.082120108949209 0
1.890144197724017 2.987223322146474 0
1.841654874953461 2.677455673518779 0
0.5212369322575269 1.191212325237835 0
0.4477445990985166 0.4316953408437572 0
2.155920908030013 2.60406826384582 0
0.4843019222889837 0.9713930346777171 0
1.099591504423474 2.14199833030209 0
2.24175889046629 3.437700570545432 0
0.2683721797758349 1.286710417108721 0
0.2416271485300985 0.6030535577221072 0
2.351608812055201 0.2513908464662951 0
0.3809551802538598 0.1587477125616243 0
0.498708472392288 0.3719885787313679 0
0.0404274375707292 0.5736424204355401 0
2.264402541049667 2.827020592443964 0
2.259057817716068 0.5911082339139562 0
1.886978393533326 0.8007981331067303 0
2.536020454312431 0.2873457210093839 0
1.725225146535955 2.815127511871724 0
0.8068084596598004 1.883504690421971 0
1.85561506194921 2.524514514393885 0
0.1307633219800521 2.632647009718416 0
0.1453257583763088 2.615803401603543 0
1.752131781584695 1.206556326034148 0
2.532400464377794 0.3402251516475032 0
2.515237429168049 0.3625296401740108 0
2.541365948220358 0.3564314666283372 0
2.530633849228163 0.3568306906267411 0
2.558264872144041 0.3488985916427958 0
2.497615765292897 0.3501412497512932 0
2.49167563008313 0.323719515815831 0
0.4996766082364636 3.254620060145421 0
1.765284244152725 2.925041584071836 0
0.08947648114430296 1.505979174162152 0
0.7585641022975137 1.474790294665196 0
0.9339219511302688 1.150025875626974 0
2.737618312409238 2.028351559410213 0
0.09797073903940179 0.06155087280078031 0
0.1680428961270439 3.314243989977663 0
2.595188624152343 1.884508431674702 0
0.7548837321250577 1.211297013916091 0
2.01987040492577 1.221891573754977 0
1.6098502459163 2.926279204173618 0
2.117594198542315 2.739094577171483 0
2.080432836156977 1.56244303873248 0
2.300314816206734 2.660804677816826 0
2.274551995762322 2.714839588724646 0
2.539132456819824 1.610302555695344 0
2.649902530616875 1.388464556025128 0
2.230652857814321 1.362754956940457 0
1.393657669508858 1.088559116578582 0
1.766760618945011 0.6293120259279008 0
1.349275260736652 0.5873621457767579 0
2.216815200433559 1.723300368199329 0
2.241184334538845 1.734120825014121 0
0.6106433104133873 2.505858672181736 0
2.521598442003127 0.349095139509557 0
0.248425630563456 1.286041781469755 0
2.372605655173315 0.1076577576363638 0
2.514266918672498 1.97199953639956 0
1.656584137633307 3.383775977837231 0
0.2189349090468322 1.480505744799748 0
1.254439577352654 1.89079244785916 0
1.721425149327436 1.012940858629046 0
1.111337871378951 3.150237251721254 0
2.163557458508671 2.242419075358204 0
1.18334809063781 1.921456085212506 0
2.547413755935549 2.142635660997173 0
1.779199913189 2.131712311762054 0
0.7919453596623099 0.4741462402264995 0
2.365170556011429 2.11107233212108 0
1.965091057252371 2.716447674921948 0
1.632589045551268 0.6534399250006142 0
0.4134410822306993 0.09665354279808902 0
2.487759355870958 0.08436690143645453 0
2.648047042640943 2.50139088360921 0
1.441632804943235 3.154011305967049 0
1.334866981549816 0.3286982609187463 0
0.1725642229631799 1.857701817056561 0
0.8352202220523981 1.408758480272993 0
0.9898382073374523 1.721896001722995 0
2.652374449574087 3.124717907020989 0
0.07198215315374212 0.2122665017955392 0
1.767973260758145 0.7353524392010613 0
2.537072284529246 2.413755127560662 0
2.685817596107122 3.028909410026275 0
2.681382920960506 2.997936985084327 0
1.012182927584854 1.216648189183098 0
1.893718145926031 2.951109548936599 0
2.013146978270498 1.934827611715607 0
0.8171244851267735 1.155745594849211 0
2.252537620761276 2.336980990738102 0
1.486781972503249 0.6570860865133661 0
0.2208963591094728 1.032153623588488 0
0.1759465925419237 0.3199486192346617 0
2.216523216180823 2.522542871166861 0
1.782729801389106 0.5980889595061312 0
1.855915066279688 1.172257846241474 0
1.228637837453225 2.951184229845813 0
1.380522427456119 1.8881401460661 0
0.2400567735632715 0.349123317152517 0
0.3477445818539289 0.6029062840691313 0
0.5597504206096786 1.228336529181114 0
2.796493895615709 1.886866705795715 0
2.586905301396345 2.852351594013402 0
0.135958846954509 3.204757932087473 0
0.08196872943236411 0.1617705549325681 0
0.318378712726316 0.8430564390260151 0
2.761873040270521 0.475703075457159 0
0.2308591348013558 3.16380975464108 0
0.5543737858886842 2.195206522806266 0
1.224288917371667 0.393183268339208 0
0.1750872397845715 2.178592248787887 0
0.3433952093699082 2.778191311741733 0
0.4060238417048139 1.990662930561327 0
1.968606627363691 1.151033768365295 0
1.725521915956785 1.651649875212591 0
2.306135395404818 1.270457842776564 0
0.1817882816489402 0.369958232175911 0
1.889757689222644 2.845226130500834 0
0.02829533617380209 1.132835866133295 0
0.1327753232218558 1.18333136571124 0
1.725900695502733 2.849688048415112 0
0.5904910578529828 1.529145759895328 0
0.5428627228909879 2.42139755320428 0
0.9880644379651795 3.145152724376412 0
1.305846550405597 1.775642505875983 0
0.5535503121796049 2.236598350361691 0
0.3677708935807995 0.9293311191970197 0
0.2794260415913152 1.263197909899108 0
0.2899924653098678 1.269348271470415 0
2.404842128118955 2.7529529001667 0
0.8729339949418619 1.709121514922404 0
0.8591597312492258 1.690611853844636 0
0.3611439579164202 1.584243137205465 0
0.4189278635448084 1.127708876755647 0
2.502984038646142 2.994571378213176 0
2.709164016018122 2.972689887351023 0
1.331329672453657 3.214528514030481 0
0.9342186974914118 1.151410473606119 0
0.9352635777581901 1.151622265277869 0
0.9356384218932432 1.153152657671662 0
0.5454729118475836 2.040804380280358 0
1.855121919261181 0.7898940869349362 0
0.03746100282367459 3.004759543097594 0
2.516720974796536 3.00565554120229 0
0.5742045190604206 0.4098424943751713 0
1.00192247291337 0.9564403123964356 0
0.311558857250374 0.3361758950474654 0
0.786990275445477 0.9755449597098537 0
2.792687786679711 0.3711570449529367 0
0.6397516370940817 0.1589336856682473 0
1.685483888018727 3.039470334956764 0
1.066934711776798 0.5794638065882971 0
1.673525763275046 2.933636378676601 0
0.83419117796372 0.9171898970967233 0
1.33458069033827 2.285750794015998 0
2.339024837448554 0.1425218468282745 0
0.03251668598038981 2.953894731261675 0
0.5075703398681336 1.105790069437514 0
0.2106665286505391 0.3098962636937772 0
0.9314638673219455 1.175749459624708 0
1.279277032909731 2.25673916953662 0
1.850081591248691 0.6562006090842487 0
1.8790390920374 0.6461353126227973 0
1.749657142333006 1.057544693413355 0
0.2371684657449971 1.331260880439235 0
2.19457468585369 3.249417118042084 0
2.295648860571706 2.695280866873722 0
2.497132191405307 0.02206372049599237 0
0.07366600272732482 0.3019237670910835 0
1.741366275562711 1.049934360353128 0
1.738639012568652 1.24349708200427 0
1.733297665885412 1.851345434910265 0
0.7178279407566637 0.1673048743389007 0
2.603949510295392 2.923941177604752 0
0.03340938080787703 0.4563366148490164 0
0.964516784224055 1.115627899102886 0
0.7525750713967577 2.880983590698972 0
0.963089576726385 1.124005712787646 0
1.876628490329201 1.516973042433234 0
2.39016963075399 1.612586419891974 0
2.230673323799952 3.273400713175381 0
0.7211529461576742 0.5567350870494845 0
0.391699549335885 1.936807456422211 0
0.3695597669756232 2.083843555578713 0
1.857297622971496 1.30443116508223 0
2.76548369482799 1.540437708082915 0
1.032692677427935 0.328679744851007 0
0.5181056752913178 0.6332720779379981 0
1.944158425796184 0.6933510484667105 0
1.733750463846929 1.097696751247702 0
2.184063158575567 1.715510227485961 0
2.503017849517005 2.698662320557439 0
1.993318997576013 1.793438887366146 0
0.7178517635397427 0.2602426205395398 0
0.05106360563385159 0.1901950440483187 0
1.296977618328929 2.811952939653066 0
0.9335087027637692 3.42951853877929 0
0.237543937687331 0.4661452172791847 0
0.09140671910958242 0.3222159195009919 0
1.432192450506562 1.85645867343112 0
0.1308565365008234 3.127923127796699 0
1.137416426270391 1.850375804736913 0
1.89065914054886 3.051412249115709 0
1.691206416996219 3.112688493406367 0
2.160664010491823 2.703350556810444 0
0.893682864607599 1.419895512776964 0
0.6672477485074507 2.835679220348043 0
0.04898102582826303 1.480761883325667 0
1.94130528151738 0.6351408804279315 0
1.975666427828486 2.032020091420787 0
0.3627651764664173 0.06469019823244704 0
2.791422299971548 0.3365896076007875 0
1.073659931660499 0.9959453182931562 0
2.404820765855339 1.748317042664371 0
0.4941714867383054 1.98321560914518 0
1.78640360466264 1.736793769038366 0
0.4541108579831085 0.03648872889139154 0
0.1637469803658904 1.900804814450289 0
2.213745783293798 2.925947824996847 0
1.693570853316859 2.405485840203009 0
2.408637998478759 1.4187 0
0.7851834684453578 2.738309584145715 0
2.05149292271987 3.24780010396942 0
0.04947459676454136 3.369135646647106 0
2.550589586531646 3.047057218986659 0
1.996614058739488 2.99678161002308 0
1.56873262963486 1.880538122818361 0
0.9171012515098834 1.982002760787526 0
2.675598527529531 2.057156321518088 0
2.307826831881489 0.16792831840359 0
2.809832315935951 1.922892524726817 0
1.715757635744514 1.395372459549101 0
0.1776380063201519 2.320953311451222 0
0.2590904681054813 0.4079151743884502 0
0.4835036619315012 1.110770772209786 0
2.597940469252096 1.394098425432931 0
0.2072447571577165 0.9976148875413542 0
0.3311786720784595 0.7112320042261675 0
0.3456816912251142 1.609148949773914 0
0.1418202365936969 2.546162712605664 0
1.096847927187739 2.684894828102983 0
1.498087787314199 1.541053116591384 0
2.50314417900643 2.929571720149311 0
0.6867357334581418 3.413081955812902 0
0.07883230178628953 0.1406394037646101 0
2.518694618259669 0.1449311683309413 0
0.1767203819765071 1.848912802065016 0
0.9731838430321769 1.201568717448476 0
0.9737275451373846 1.200537040399804 0
0.9736901469399104 1.202770928182351 0
0.9748294363617043 1.202931583815344 0
0.9753769416130493 1.203479748882517 0
2.117508949816189 1.681348082592536 0
0.9604676405547401 0.2745598049065967 0
0.232962367027288 3.077288923831531 0
1.229777462512579 1.109532424997187 0
1.496185942346876 2.784040390847022 0
1.446705163812627 0.5911914410151264 0
0.5365531313239061 0.8390440078737422 0
0.6467358619365249 1.285651745998093 0
0.6924274455444804 0.3921621697310571 0
0.5739513921977863 1.750620926315264 0
1.007756417308677 1.141726805668742 0
1.026878138539256 1.153517688875873 0
0.7426022058630654 1.081530167385345 0
0.4108287212280877 0.6131973662932395 0
0.7059289468511143 0.7187209131765853 0
2.518693056540283 1.884664975466794 0
1.497183146795603 0.2853418729269468 0
2.454117756798796 1.269849598895692 0
1.209181934936846 1.720553771024259 0
0.1332920966507327 0.8411449494498171 0
2.270557853760872 2.692849525621209 0
2.223282475434209 1.766341782192156 0
0.04264110563217827 0.09772353072356288 0
0.153950257045028 0.1822936984699794 0
2.57007757352941 0.2144999999999988 0
1.840936661825385 1.271463338174615 0
1.262931002250315 2.147483662322541 0
2.293764737307235 2.680592896826631 0
2.312015482082666 1.663593062024069 0
0.6712374638777738 0.3474225192792439 0
0.8433249948145038 3.274249999999999 0
1.987371724303026 3.275235905123132 0
2.102396393689529 2.265193147609268 0
1.834691393949509 1.837754427562931 0
1.590992375430813 1.198946126231411 0
0.3214746187728235 3.042021845753684 0
1.763885229943352 1.385348160198122 0
0.0688378357591255 2.68295113602818 0
0.9703787518629419 0.6140054844545686 0
0.1849472907336009 0.2988297832533531 0
0.1733256073159379 0.3066169636602056 0
1.499245505412678 0.5419193629977082 0
0.9333022692878803 1.149331306723784 0
0.1469233510152279 2.578739139111776 0
0.2641424763351568 0.01845880077076267 0
1.374501306108698 2.42351286949631 0
0.4323340817486683 1.378001665219091 0
0.05689791828504731 0.03337932880968864 0
0.05167701273351555 0.20726093445481 0
0.5144490389461658 1.441175968225548 0
1.427504901079137 3.0753125 0
0.6082999942574923 1.14533015817644 0
2.611154539111892 1.288334892877537 0
2.23130798002176 0.5247349132397388 0
2.377204065288669 1.444731431266823 0
2.095562630193599 1.813887684978416 0
2.320264179103873 2.776147789628247 0
1.850807460153181 0.7071393564739918 0
0.02220847828709127 1.274192389344229 0
0.05461734749957481 0.1608715696681875 0
1.671763455017168 1.26261675233219 0
0.2815447888307288 0.7795256434962261 0
0.424514628878309 2.121941698017158 0
1.340599493747271 1.523320759306738 0
2.249723786506973 2.766828134109068 0
2.443783153276058 2.914475030008924 0
0.2016261773924872 0.06840847274617246 0
0.1812330362167887 0.07459307106082602 0
1.100696947916979 1.087687232134404 0
1.116713357519855 1.088597697876221 0
0.534834357513247 1.214142939022897 0
0.5385596239351687 1.208939715500993 0
0.08020043761742857 0.0285742568511127 0
0.1012567026346487 0.02131689807985926 0
2.757734093742338 1.239974850376246 0
1.45121989169124 0.6034123717831821 0
0.4767350443496292 2.731834974504024 0
2.131019879794948 1.460902090290659 0
0.79159534816971 1.405874684288068 0
0.2368926890627545 0.3315874862993096 0
1.823516280003553 2.067809332386433 0
0.3463887422737679 0.6395349058654634 0
1.679610695057543 3.440931656828973 0
1.655242780230172 3.419266627315893 0
1.903467639635689 1.579379625067815 0
2.776234279625024 3.16158487838585 0
0.5061321090750673 1.340581936175146 0
1.371506871682134 1.795761213262464 0
1.450234577229505 2.579194579881221 0
1.629130901710412 2.217188938671675 0
1.251555463086392 1.763227526513709 0
1.69575 2.3217 0
1.838059334420091 2.585742839595512 0
2.732970991103266 1.780188746199779 0
2.690030943841677 0.2385210893842187 0
2.684518374697111 0.2432365712452058 0
1.205563249910957 2.159028111071537 0
0.9455950223582423 3.291214020977434 0
2.029681969140055 1.387912959507125 0
0.3150766929975559 3.333233396605484 0
1.002446119770572 2.095394228809827 0
2.576810755039232 3.268710966535791 0
0.07769374133422424 2.57040891109826 0
1.798195504049751 1.29184481852483 0
0.2963864537417478 0.1912199469827007 0
0.2930456404497535 0.4977584883056281 0
2.473121555146471 3.444562473231672 0
2.459047596976744 3.41765840721427 0
0.3892839407343027 0.06486986880876322 0
1.917702864566984 0.873692578645702 0
1.88121121112243 0.8826919271787346 0
0.578147762933001 2.720680971601246 0
1.843044510360607 1.782984826458445 0
1.791023418312355 1.096882357018451 0
0.1039202056972155 2.115345860556507 0
0.9347490388950599 1.151369205041228 0
0.6200540542607512 0.1098745088771076 0
1.136470435736723 2.803625208159021 0
2.325129774480905 2.69143909589342 0
2.583566042248862 1.815727044036092 0
1.006757969845276 0.6882680885944485 0
0.1351389893269386 2.228580866291192 0
0.1138780562557378 2.207809813548686 0
0.2304703474478991 1.228872698641715 0
0.1951483976422346 3.012008119309388 0
1.670511795548388 1.612595283709912 0
0.4584893437916621 0.3476574053320491 0
0.1151859801306983 2.376745549280792 0
0.9347143608639967 1.157778361874615 0
0.9371288199591268 1.157419267106473 0
1.780769770362364 1.121192124288024 0
0.9624682308421064 1.187375817450915 0
1.229828892385651 0.3518717025430886 0
1.729625848073686 0.5683136375454965 0
0.6131507579606673 0.5477886070068749 0
2.075620126663814 1.377589649682031 0
1.774125155656566 1.195754569534176 0
0.2321637665234022 3.250143473156172 0
0.1839475579892584 2.61622538561121 0
2.225474033908747 1.927218364263852 0
0.3977723783933151 1.157932976077469 0
1.280726891257085 0.583404373480811 0
0.2874488330884937 2.104576875645657 0
0.2912036697591887 2.059748134796108 0
1.514960264949224 3.42782682202603 0
1.727239642719085 2.684186925870095 0
1.721995484544458 2.696165547032076 0
2.826343253762167 1.037314713734123 0
0.0698306947412628 1.97574161574451 0
0.1384970294346641 0.9271366355183267 0
2.409570024227354 3.213528602197467 0
1.688398524488209 1.095163204667673 0
2.511317690365024 2.627750685552152 0
2.499414152055546 2.594877328670836 0
0.4685296595256131 2.398273375894113 0
2.310702946206239 2.713596239890828 0
0.8895939952484557 1.193243910361894 0
1.923298075993553 2.418594125356897 0
1.912737972437232 2.432515590412434 0
0.353172480477445 1.53534533939541 0
0.4868357416161673 1.409870888105712 0
2.410770812269597 2.067779406863939 0
0.3283455898731649 1.254613424591938 0
0.1299197294703485 0.4666483840877094 0
1.527565174564176 1.636901430583689 0
0.4157470110862971 0.0228601869980456 0
1.95001252148267 3.377711731009766 0
0.6182823529286167 1.252575137439058 0
0.7830380644480206 1.17962890497554 0
1.000392625619263 2.215617222222221 0
1.481654560816887 0.5851146267542189 0
1.49293462296973 0.5944247148017796 0
1.480222947921111 0.6022556209375047 0
1.476242075273155 0.6085790675727347 0
1.474878811373368 0.5972137642271953 0
0.8986958376066395 2.346232387628818 0
0.2603246508686354 1.181096665235017 0
2.590494406560238 3.037675345936595 0
2.591437310352044 3.088686682192274 0
0.4046779689400652 1.840915551347878 0
0.1622347214897437 0.9190851845521807 0
2.596240677575217 2.429995563328147 0
0.4492670308538381 1.711289501635086 0
0.6971774765505737 1.306067884469631 0
2.002311239631257 1.147530617664763 0
1.98578938815211 1.159182304161323 0
1.96998746222429 1.160484187101471 0
2.290330392586795 2.212573871405292 0
0.7778766425763743 1.741765903608265 0
1.340105655075089 2.748711806744641 0
0.5066666471174489 3.170177124544703 0
1.915217320703097 1.697043837549064 0
0.7931947912155616 1.012750627478095 0
0.4509957805979903 0.09173459527837458 0
0.4557637535117522 0.1097448965277148 0
0.35128940888614 0.2218490480386293 0
1.505063252772049 1.161319924699951 0
2.362998014257006 2.322896378195948 0
0.5626479908547914 1.696496085542624 0
2.186236077381852 2.305920354730518 0
0.04972384846903477 0.3480626138669152 0
0.5323543688932111 2.371378146761693 0
0.9316987403927345 3.173766002992412 0
2.381389874281957 2.439639402110906 0
2.471291772198255 0.1476179236216675 0
0.5165323964631486 1.224145568488761 0
0.9444448523580552 1.140009522594097 0
0.2440809630471845 2.617839119454626 0
0.1109876294591428 0.3176909282700386 0
2.507320217923393 2.524362006599262 0
0.16408665996691 2.096497093538047 0
0.164898758033186 2.093537257801401 0
0.917232633437907 3.215589173199929 0
0.9317954962766315 3.245594736104931 0
0.8287437639620392 1.393836109267705 0
2.345043465734282 2.081705779516613 0
2.464069519642063 1.592351328254318 0
0.5002355149874163 2.872071876426011 0
0.9809736597242018 1.216401662458034 0
1.859773729579385 2.888511929601091 0
1.779137179008403 1.137410995292684 0
2.09423893261142 0.5051856243988924 0
0.04819264695871528 0.1367630131355182 0
2.532839094837583 1.794055673828559 0
0.3912414500685546 0.1340260145929759 0
0.2199206034357666 0.4104196472174686 0
1.050532260193233 2.071902692238815 0
1.068765983413216 2.080586100617371 0
1.095944017313573 2.069071109524222 0
2.226847260210257 2.64854530758678 0
2.740133301279519 2.100111329761514 0
1.460317614001227 0.6982584399358736 0
2.012459718072227 2.476431380258747 0
2.457810485566692 1.830503956453324 0
0.2237738909611802 0.8460678021540995 0
1.727585503618511 3.330248267017866 0
0.3651972410209545 2.15701722212705 0
2.311985036500947 3.169116209161508 0
0.37712235327563 0.7808854578185271 0
2.538043040696598 3.037968019031395 0
0.05917220542752277 2.731911241983974 0
0.3431178044735457 3.218040093844051 0
0.2455725429210998 3.037930131550791 0
1.631423599438451 1.461869464413672 0
0.0918758818023111 2.05079847518915 0
2.19739590901303 0.5622073876371232 0
1.946390510087252 1.510288260612378 0
2.374591109399887 1.226949672368748 0
2.806389002750284 0.6035512632005777 0
0.2120561079708176 1.210470024538238 0
0.9521857623721859 1.320134400808488 0
1.606836091014314 1.173957790468682 0
2.340568388513077 2.673456254294363 0
2.559215167123906 1.484547092859992 0
0.2807748111733885 0.2908137533277593 0
2.105007376039437 2.404440759953738 0
1.842923346376105 0.8000522918586109 0
0.8264031509396509 2.963626332590761 0
0.0378491797492595 1.460792316420039 0
1.583350747141207 1.137113884288287 0
1.924602056559938 1.794078195308666 0
0.8389883555903608 1.778395188772566 0
0.9659216485747637 0.4755619651360234 0
1.36367700196441 1.289259943378784 0
0.8730734253335306 0.3462712700987582 0
1.452971368163928 2.016734312795046 0
1.909187834373429 1.457780989250016 0
1.518025140058038 0.3912298178410607 0
0.4456521249374132 1.645912323396608 0
0.5017185497496863 2.785677633137337 0
0.5144427378839238 2.332346445502817 0
0.3524572587201491 1.349734239712297 0
0.932149038160321 1.149654085256194 0
1.219466459895329 2.883741462240372 0
1.192441826956725 2.860415243706729 0
1.208236479863051 2.337903846987283 0
2.785304086473297 2.483687740580101 0
0.8538753645386836 2.719999130128738 0
0.8163617665968084 2.719311742854891 0
0.8868342615692205 2.703869668226478 0
2.546119225089956 3.037140322465747 0
1.379048537932043 1.737764864915038 0
0.7618965843815522 0.3292625725161891 0
2.40921787601232 1.952531287401194 0
0.2093561337102225 0.5726649052028032 0
0.08381583863643072 3.17176075138445 0
0.7640654054907118 0.2172948162545736 0
1.783404062466986 1.639156963891351 0
1.355389143977207 1.235852764445595 0
2.339471441142879 1.823709853425298 0
2.309792314366788 3.065586699040608 0
0.2012347188624752 1.035147120491905 0
2.294615308619619 2.130377807330719 0
0.1943727847544512 2.489535869217706 0
0.8807886499781197 3.169172975020666 0
1.775298733703822 1.30748974916633 0
1.533611530353753 0.64742290588894 0
2.244421534496438 1.322662361683564 0
2.213575989759792 1.971153243939157 0
1.083282829124704 0.4939651001654788 0
1.098333170510968 0.6206306041943226 0
0.4428979379847435 3.256108857954561 0
1.850607860409015 1.229781105196772 0
0.3666438792613986 2.890400346932627 0
0.2310661730680812 1.247443888827851 0
0.2443206680103989 1.250305425918762 0
0.2604477377953756 1.2487527482057 0
0.25167082412843 1.246442396272212 0
0.2513666934968621 1.25268916246917 0
0.2443954827528727 1.24269627290715 0
0.2573735873130871 1.246195934641472 0
0.2609570515528084 1.246003901230868 0
2.248245774995467 2.680570588151117 0
2.580249027701797 0.04727730377628703 0
0.1371649904971783 0.07121853664747158 0
0.1572364560991903 0.07693858981238555 0
0.1554844210227497 0.09135533558423914 0
0.1653633327270376 0.1023368012374768 0
2.064976481092224 0.5600896953976424 0
0.6598065634072202 1.201729729902933 0
0.9391447485032699 1.142521810654149 0
0.939268948924471 1.145603135847024 0
0.9439864078768112 1.143369240779853 0
2.295030916367741 1.817507187975357 0
2.317861788013687 1.807695707081216 0
0.1836936963432305 0.6514784156021955 0
0.9479513154606062 1.179869869175837 0
1.357930758301196 1.886620332093791 0
1.372738854501274 1.869295168702803 0
2.527280424665403 2.976195640976924 0
0.4258982515572528 2.011504244243383 0
0.2794245556648394 0.243195602494281 0
2.440618856678043 3.4481750950631 0
0.4852842539008135 2.467010861348984 0
0.2654800785690199 0.4451011395818703 0
0.1942441959639183 1.131475502915119 0
1.251319411366713 2.081761414186972 0
2.493086292326759 2.881977235321927 0
0.2436926940518596 2.546889712658675 0
2.72428956141169 2.269413878872769 0
2.49275342201482 3.038340206858347 0
2.464358749868107 1.455373483201143 0
0.01776682637772131 1.544439828155542 0
0.2453668629619141 0.2798246317034669 0
0.4228064353417627 0.07180001292488258 0
2.703373404034198 0.2175588244566904 0
0.125465965877501 2.279197313387737 0
2.301833349363712 3.298159603854489 0
2.774414959283632 2.432618709955925 0
2.695512586490653 0.04204832989441831 0
0.8181875105445182 3.257577823817088 0
1.217128204025281 0.822001888164778 0
0.1595219186011998 0.7310406630845652 0
0.1348994387372402 0.6955893003392328 0
0.2814832470575435 0.2282957181215026 0
1.769482078709534 2.031474203719501 0
1.764515254585273 2.01461700860332 0
1.848028766569922 1.192914461560369 0
2.432172547094282 2.815580240184341 0
1.562416949298364 1.459782272660507 0
1.560681863886985 1.481226684045395 0
0.7094367983388068 1.142476882329362 0
0.351062611470041 1.289028459962267 0
1.747849816965481 0.6353191665192912 0
0.8130213916054203 1.275013362063376 0
2.629623673595225 1.458195515148899 0
1.788303065571061 0.5540397641141623 0
1.865344871386902 3.19905714601397 0
2.737173444420003 3.227034187266659 0
1.797902381071536 1.342523762306602 0
2.732162242259599 1.870498943016354 0
0.9636271971593515 2.055329370522997 0
1.483436580686275 1.376958362911631 0
1.041780626504324 1.201898851953701 0
1.038555948633014 1.202808288099681 0
1.799365169837186 1.431587721707567 0
2.129631263597365 1.739598125137216 0
2.804489337145029 2.545313671136419 0
1.490899497533735 1.956193911102179 0
0.4943020872432902 1.879085622013544 0
2.736630596303585 1.826670316875306 0
2.82387413688546 3.39390117038594 0
1.33698935587705 1.60076182259319 0
2.746124310929824 2.541813909918732 0
2.233260006377692 2.559755092626987 0
0.9381980399204843 1.164355362635 0
1.468033502642383 3.438961959357564 0
1.018542774840437 1.144178785857902 0
2.8167257497729 0.6214871959964983 0
1.326230941222815 2.881768775716012 0
0.3751523389052369 2.551706597076175 0
1.680992381530749 1.877936822612693 0
0.7237245929860888 0.4669386050786324 0
2.308482824794787 1.631040816859875 0
0.4699783722379608 1.346426861857267 0
1.096115622369877 0.5456219682740429 0
0.8078522842477005 0.6555556839757379 0
0.04031839955308825 3.110248049722901 0
0.8107460227563668 0.483009688224189 0
1.125633700080311 1.651754827326376 0
0.776775343146157 0.6808829618759489 0
0.2715130396242629 0.3688405930938874 0
1.340835803221824 0.415934087557285 0
0.5388628875014665 1.167802381968146 0
2.293930919609436 1.85020926257668 0
0.2375857429952295 3.206029633978234 0
2.284693207697091 0.4505209482205383 0
0.706424617023644 0.2219324145157096 0
0.8223168982357154 1.171530379029323 0
0.1885368565178402 0.1806980080463683 0
2.810660495125543 0.8083205011841821 0
0.9120982429766991 1.394155183438473 0
1.450609526446834 1.444983988141154 0
0.2883857478543443 0.5319551839225685 0
0.1536686964476877 1.8298151389882 0
0.2020263640297744 1.849945891124524 0
2.162859667113854 2.096027866724995 0
2.235814863328592 1.589479987872347 0
0.106957337653383 0.128732817475969 0
0.561341146065272 2.001135460156138 0
0.5511916635033789 2.01687379414583 0
0.1184393748993795 0.328822190960568 0
0.9240944539901446 3.035873929935855 0
0.1424305355002446 3.148524364537023 0
1.75359396779962 3.366139659561804 0
0.2445779078923218 1.944109486848037 0
2.750231792667044 1.800976932243233 0
0.5025195445320247 0.8829127920694224 0
0.8001657865447913 0.2902536846315522 0
1.970891036327535 2.066125992276628 0
0.9351586836142428 0.9099818086563254 0
1.508824427409593 3.367920635518066 0
0.3951422821961215 0.05643802224510819 0
2.6713979425865 2.790458299080215 0
0.1277816925950821 1.957745365356971 0
2.615343543711592 0.2984208632521566 0
2.169098481146303 2.47536543674696 0
1.478444621027802 0.526211127056837 0
0.9096559087871037 0.2377581917277123 0
1.509666416491262 0.426922483206075 0
2.168573959191843 3.322413631443646 0
0.4941464211313307 0.6081609233019456 0
1.456782922575607 1.131380318588258 0
2.164239069557301 2.959587775854141 0
2.140705207715541 1.986071218309575 0
2.676388076317126 1.449374346915898 0
2.687325248104094 1.540037838523599 0
2.694769593514974 0.2242230879227003 0
2.511836006794641 3.11064978549234 0
0.4419842076361985 2.433891023297962 0
2.500237776528742 1.215032911510146 0
0.7926136882410831 1.451668984184826 0
0.7213033900067679 3.240470343567868 0
0.3388452455885007 0.3955964559480281 0
1.927986082671662 0.7744967427088008 0
0.3921357344992571 1.553705721920303 0
1.635760094525397 2.662277483934421 0
1.658588348186862 2.650221295705747 0
1.414591736221908 1.076299892404727 0
0.3584171403105874 1.664292073168723 0
0.09051500091432718 2.611537194695259 0
0.6940176790473999 1.902932980264767 0
0.415450987464971 2.231955532512089 0
0.02354706643735205 1.919154003439901 0
0.6218602603357506 2.463750148391206 0
0.4309660560155282 1.179365163405113 0
0.2346031153579826 1.565944018321396 0
1.588732138942699 1.393200622047501 0
1.378553566606754 1.470566940170788 0
2.035290325483947 2.744224054997685 0
1.138187955513981 1.929069017141494 0
2.077621096098675 1.658094927171579 0
1.205339116130848 1.882425363082391 0
1.61661004430039 0.3543576150160086 0
1.471423244665977 1.710773363939025 0
2.370095885268438 1.909487847953663 0
0.8294894877316282 1.440884089879379 0
2.199187308514438 1.436475049033795 0
2.500191936618511 3.051227907227168 0
1.989950504534995 1.826140189715249 0
2.481180196514727 0.1357311115317468 0
0.3356874093068367 2.603950842639591 0
0.2443526745767821 0.3173229576147722 0
0.1822981381524118 1.299041486978413 0
0.1543519872045849 1.2972 0
1.173552809354368 2.058051398681986 0
0.4099348250705588 1.767055432155011 0
0.7927289098895828 1.169672202779529 0
0.09560528479395813 0.169985258114294 0
0.6006050937797274 2.883060600883231 0
0.3274302352548559 0.8761244426534048 0
1.309646088990367 1.92994314410535 0
0.6573895767666753 0.2424421579594798 0
0.4775641619970068 2.523409399523997 0
0.3771161896365323 2.967955450689703 0
0.5554794416392463 1.53222851892934 0
1.059021991822982 2.320015132480592 0
1.458564502237015 2.344603129472462 0
1.763454958051983 1.275427768681922 0
2.318265354085539 1.731648345635664 0
2.017795869466723 1.681706824113116 0
0.199253648991756 0.04396116878823308 0
0.3268797923012066 0.4959051958420775 0
1.0175724923188 1.168980018715536 0
1.079508678051142 1.127872366250132 0
0.93417987164926 1.149447201823858 0
1.488260578694882 0.6283430186517565 0
1.493070117001233 0.642207283790484 0
1.666954068666589 0.4024232794458646 0
0.1831882376293241 2.547664213330394 0
1.441662342502226 2.539331229564826 0
1.425354367163014 2.519279882305337 0
2.107776529529268 2.550163445179584 0
0.8093685757322879 1.335884045611954 0
0.4336195081726635 1.424611994676146 0
0.4497116388111499 1.428901624665778 0
0.4729552267750053 1.974572115807622 0
0.4678766580359928 1.463900072274487 0
1.18684290673544 1.826841587718655 0
0.06163084603917635 0.09900770031281247 0
2.701177802066083 3.170074624625906 0
2.68040705502415 3.170973504263514 0
0.06887177036833236 0.2873915337518613 0
0.8384263042019612 3.027993453751323 0
1.590990501694846 0.5096744469977146 0
1.14271476048028 2.036244478762794 0
0.1717517329464138 1.86865133140659 0
1.559012205005754 1.144201030975029 0
1.87401432014881 2.930794803501517 0
0.9987301427095626 3.213527253956681 0
1.046031107267416 1.385301429745752 0
1.692068715640747 3.279853207740117 0
2.511714667611793 2.433283249999209 0
0.4523030658577949 3.088692062174968 0
0.9685414354545683 1.198456443079577 0
0.9712050548525364 1.197438765261272 0
0.9715521171389676 1.199459430038384 0
0.9702362406971632 1.198510009928619 0
0.9696199982825826 1.197311665002625 0
2.495176494258319 1.62851705929525 0
1.279091622317462 1.125352894271709 0
2.833480131699154 0.4180311002026216 0
0.9641994251713284 2.57917928722508 0
1.767768189181226 1.070725547439388 0
1.915506437006669 1.613792530141712 0
1.896228476019192 1.604675085038871 0
1.878079690990926 1.617119459253228 0
1.938663077736349 1.607504023122668 0
1.964703642013626 1.619492553168061 0
2.508791011132205 1.93680477844865 0
0.9660059502916114 2.160807682478315 0
2.516233143221386 2.289714494464195 0
1.824021368987711 0.5516268681745329 0
2.70603386118653 0.3835208353661557 0
0.9031127116613344 1.178418768503003 0
0.2935286156938135 1.849151079353127 0
0.5854994161258422 1.965418308482506 0
0.6506992555852871 2.628269979322901 0
0.6989544576923916 0.3042778820613987 0
0.4829268504880621 1.333236940186507 0
0.7654734955606918 2.974771372887448 0
2.754651822657847 0.3135347405611357 0
1.746262460290834 1.725458763110384 0
0.9521527645389172 2.867392895261419 0
2.386212015434228 1.692753854306886 0
1.784955567603555 1.066501333853782 0
0.461313210502299 2.830389415364659 0
0.4395157753412586 1.782311138795759 0
0.4515222913081365 1.88535134454603 0
1.605350371885822 3.292825441302748 0
2.815034998858512 1.308132059550105 0
0.3546522279824027 0.09748763897609924 0
2.059460392985749 1.421095422983578 0
0.5492428209095008 0.5569282956654271 0
1.272309773755274 0.5392595828230902 0
1.687476581987888 1.3403817635048 0
2.821612417922749 3.233748630367253 0
0.8807082043782765 2.596595059916283 0
1.999659576876394 2.351138515377301 0
1.4974860738227 2.220336063834043 0
2.276793249789453 2.702722253156757 0
0.5854080562241193 0.210017548484247 0
0.2077129685080437 0.3435393346477196 0
2.807267334231539 1.68627826684734 0
2.680673262607795 3.289769795379422 0
0.7282822780105017 2.465081411575177 0
0.5038453853401075 1.193060616415202 0
1.480634031929925 1.174382424635101 0
1.482773811980645 1.191887804100902 0
1.464764692245465 1.197611761730077 0
2.155195192040821 1.692869687772333 0
2.109319147217565 3.087677130181104 0
2.49377536700764 0.09870922360647572 0
1.461893576749159 2.785397841140043 0
1.345304432849346 3.428561743050702 0
1.310330397699887 3.446279923722523 0
1.763690300320195 1.162501761701559 0
2.022290902238565 1.779736274567733 0
2.735936843950729 1.415065859585191 0
1.690369550260649 2.666884995388342 0
0.8445229164032689 1.278711785908504 0
0.424714584919007 2.628349258945379 0
0.3519133283821803 1.875449157096748 0
0.9900739002616044 1.118823007732416 0
1.591595158160978 2.962448589849886 0
0.474726149783542 2.290264372093114 0
0.126463817923868 1.601663200668349 0
0.4390846991066989 1.766706988383057 0
1.8218225707527 1.564131609443449 0
1.763109770319357 1.144238411890318 0
2.206675274403283 0.02571558588878475 0
1.828367645290146 2.387234323719252 0
1.363088062654519 2.304333861790428 0
2.032308675075689 1.478688195764245 0
0.2973646904624152 3.185208813956894 0
0.9342755455415428 1.149940029480905 0
0.9344438506281871 1.149920400606672 0
1.788760369032978 1.034903280784775 0
1.388791229632591 0.6700764365588534 0
2.751215573355718 3.24047810737031 0
0.311841979126402 2.432790745393635 0
2.082353854512356 2.307720283600453 0
0.4663702278860029 1.073605503370689 0
1.078412213565989 2.957899299016955 0
0.6906606997420048 2.893624891259576 0
2.222125729727706 2.132476790580097 0
2.213927113709117 2.694026817672104 0
1.58654997769681 2.925962878811387 0
0.211192101445588 2.106470792468095 0
2.697535597656512 1.651425784971562 0
2.252877952480777 2.706474468336391 0
1.427846773342272 3.421890653864986 0
2.717873339963081 1.927893806341793 0
1.351676518648767 2.625434499488316 0
0.9025878163292773 2.826271228725413 0
2.534866827626721 0.03114166037569577 0
1.421082741131437 0.3034514115175793 0
0.2353831754153455 0.3691903957892142 0
1.892429211061726 1.435680215066246 0
0.919689591659438 1.141978153256054 0
0.4130567689328251 0.5130888801509079 0
0.7502001072625115 0.1206011439703387 0
0.7662512024856309 1.889739305722427 0
2.337120642685429 1.993401858375844 0
2.40607342521912 0.140238376537456 0
0.4340102830696545 2.362951121426404 0
1.985617769341387 0.5915086944920298 0
2.796413533621893 0.1011796587739202 0
2.804818722088598 0.1070602504562934 0
1.116108694076472 3.432686421470242 0
1.073112810108619 3.440954567034133 0
0.7057295608472461 1.671685352722945 0
1.319279796618124 1.909967640821797 0
0.9461650282553191 1.723238989766934 0
0.4686751288206623 0.6182181667567674 0
2.432188712952299 2.40964735727016 0
2.555378873084454 2.617832076845355 0
2.110388836705412 1.412004150024197 0
1.79097006203009 1.475294233952769 0
1.134540731531544 1.481284238155073 0
0.4582294545230086 0.07787213188224196 0
1.604276787453631 1.190905721062928 0
0.8167382577174677 3.198091433903192 0
2.185942602711002 1.832001725483851 0
1.078755656007898 1.442656341321236 0
0.2277363119934337 3.231231906676657 0
2.674641618418288 2.129609969215477 0
2.035565091410496 3.003992585461412 0
0.9248762165749013 1.150723553887794 0
0.9238185489852109 1.146058243471435 0
1.135080434667217 0.9245701026285809 0
1.444945313119959 0.4746138203651866 0
2.256677092087657 0.02834299621618119 0
0.975410099999926 1.116347867855263 0
1.509089073981232 3.271027995013017 0
1.830727835885759 2.325098104723813 0
0.2688666055133888 1.257412952227039 0
1.587339657917832 2.681271251486061 0
0.8424581884834877 3.43440804103716 0
0.9581103965051327 2.843256384717401 0
2.559931145724914 2.698763350255773 0
0.2511967284487793 2.671930975204162 0
0.87100978888808 1.05792404380503 0
0.07051061216130305 1.178802022817773 0
1.66177653661079 1.849450994174395 0
0.6579218890081238 1.1123423235698 0
2.531892103102484 2.116056826649162 0
0.1362090268745844 1.835506258911326 0
2.281810817239298 3.278463829209659 0
2.568569336363769 3.141584469609067 0
0.09375683720309813 1.719244078128722 0
2.036077606059767 1.409379774074003 0
0.5432212337202491 1.019701960518075 0
2.718811004860091 0.2736851981971671 0
1.015319487068097 2.117416319787111 0
1.007264355128943 2.122283626767663 0
0.2686786888528778 1.588548587161616 0
0.0826281205807482 1.86906047657496 0
1.811288022054923 1.548098794828387 0
1.825116438757045 1.535348883626403 0
1.528698406677879 0.4888910271039255 0
2.767456465922327 3.132830911943724 0
2.478889680298204 1.800301425431656 0
0.05699732213651609 0.05832462594341736 0
1.161471994405878 1.190284834868743 0
1.011225166701277 1.241934222199803 0
0.2034509349834954 1.700029355983776 0
1.131624909485202 0.7064614049421407 0
2.499979811963452 1.735064969449863 0
0.6657224271256195 0.1635234124824358 0
2.668490361276021 2.006300741557172 0
2.70746791150319 1.383171688090889 0
2.473813037369402 1.673236621520715 0
0.06347216648025755 0.7636927662820152 0
1.797799302228646 1.533364496244299 0
0.5757645740837606 0.3331377824296169 0
0.5689102627173862 1.651614209741618 0
0.3013106376677688 3.124291050534171 0
0.8385546898025247 1.17373877218469 0
2.494353509894891 1.3444041938287 0
2.715369574033349 3.073729615034271 0
1.968707720960949 1.164077305527976 0
0.6492710780886887 0.3504696148279909 0
0.727772238570774 2.340260969538123 0
0.9556686875700267 2.347887368090734 0
2.834443560217042 0.7754437431668517 0
0.9620934115583624 1.193577493613084 0
0.8720912975855634 0.6917661176982262 0
2.1482596778762 1.846381212268898 0
1.915215754626507 2.920417322247526 0
0.09528266349325998 0.1860420866609624 0
0.9349278715440587 3.120437590834506 0
2.046858362989324 2.0077 0
2.390562914446245 0.1632125060920355 0
1.37810025128017 0.4691625105041366 0
2.807117846748047 0.385882063600794 0
0.4266339297633599 3.303093886919469 0
1.070810086067723 1.487478166106714 0
2.100206948425356 3.258644093654277 0
0.5398937994655786 0.1082796153607264 0
1.640054113360336 1.350277440211933 0
2.582364898872502 0.2696421675650311 0
2.720611700038963 2.196830378740191 0
0.1025518791938658 2.933515681850512 0
0.2570780216778052 1.263152741153771 0
0.2511764121754945 1.260372633810249 0
1.264367230638865 1.700707297828547 0
2.595075431484959 1.922284605571644 0
1.604324014279545 0.4126767657291821 0
0.9690383431496188 1.852481906514543 0
2.662456596741613 2.371068340856143 0
0.3817791255875351 2.707035888269776 0
0.1405214475716106 1.499209238926811 0
0.3722615932477373 1.76935824347513 0
0.6834975604160883 0.1805203569274831 0
0.7749437720642111 1.967312439219343 0
0.4923462140121101 0.5711583894185734 0
0.3073858783405712 1.192540665372983 0
1.443365323496514 3.278378534685079 0
0.4161179238765196 0.6442951726339392 0
0.4372405073104779 0.0892985997584943 0
0.7868299563839943 1.150630245825865 0
2.008888125171004 0.7529504585486066 0
1.881522122458547 2.966722251621104 0
0.1899603035778188 2.396805268708635 0
0.9663078117809183 1.192287970389704 0
0.9669870434635225 1.192250323464615 0
0.9666286626541927 1.193396504702364 0
0.9676719373205385 1.193620935900912 0
0.9679925417850969 1.194602058556623 0
0.9687699518010783 1.195094263259537 0
0.9694057354843769 1.196099589806542 0
0.1229279600471067 0.2264102964052286 0
1.92236174205317 2.924219562336303 0
1.925494256269259 2.938400309746592 0
1.926251604963693 2.926525210741078 0
0.7786921605329751 2.07683647884916 0
0.9528114429616729 2.756898592017595 0
0.5387875741993612 2.659434030084023 0
0.2349132497822131 0.05699541867758251 0
0.2298423189759833 0.07587818000902002 0
2.523725191907008 3.031930528242944 0
2.521671671185595 3.025464721255785 0
1.3052316946047 1.354743057417053 0
0.4938088883731132 0.1343602627581042 0
0.8361931783152416 0.2978808258628922 0
0.9638750199570958 1.110414809264633 0
1.780161095393556 1.106755524484224 0
0.2095421227282357 2.144513995685963 0
2.149436634442647 2.33107540931733 0
1.189580985696257 2.545633630972305 0
2.333279999315218 0.1638760836452962 0
2.513307871066353 1.287469667003557 0
1.531902518192347 2.526991230298214 0
1.064252905361748 2.413714463619725 0
1.224770318204112 0.7005431644233591 0
2.228021668517684 1.54352650274526 0
2.679242692573876 2.878357512187666 0
0.7182827263109638 2.551656843328932 0
0.8942589893917904 1.222531718984745 0
2.463230032929331 1.84534341443056 0
1.964258480219953 3.355148874065215 0
1.985582588804988 3.358611437266304 0
1.344649084468527 1.895586957605123 0
0.09636289859761815 3.118766592419976 0
1.007756298219697 0.2348300793398599 0
0.73029821084165 2.92758294320942 0
0.2033923328716571 2.424546957255948 0
0.7415769760494135 0.3449139278268123 0
1.111507010677348 3.290352115571658 0
2.530625470953069 3.043966289359293 0
2.52841025609663 3.044261024310446 0
2.528165431667587 3.046564250346389 0
1.786389709406564 2.042101162696778 0
0.4226000000000001 2.534858333333333 0
0.03894550915310213 0.1457546263963654 0
0.4684572049666778 1.376980859944894 0
2.553349684073528 2.170274067843326 0
0.03326918350052122 1.661354844672544 0
1.648144979864019 2.877230327863479 0
0.2194038813760697 1.135194669716109 0
0.3245421056467439 1.136764424011168 0
1.770954258416479 2.278659279728446 0
1.817427379928361 1.488288355761123 0
0.1455084539864675 1.717539047674081 0
0.909246195588289 1.093348793080406 0
0.8956295302654191 1.096902331448033 0
1.36143671043985 2.36717730447676 0
0.3038961606414459 1.96063226188763 0
1.191998467870308 1.68777617393046 0
0.4341507073760273 1.058986737541976 0
2.814606070531855 0.1066532890477605 0
2.480864026502092 1.49417751729487 0
1.248168238688528 1.599127465978629 0
0.7215350492796186 2.590140085352291 0
1.211540493447397 1.926790319025238 0
1.024573192619817 1.367794185562341 0
1.947926323131906 2.667918617725839 0
0.4357971439986663 2.039443350633221 0
0.7826167776010998 1.844977318849501 0
0.2934374704754092 2.2420497551924 0
2.652439395808584 1.608362677279167 0
0.8332679143713804 0.9557142328879575 0
1.057758447441287 1.064601725764778 0
0.2058964108842973 2.358320332645263 0
0.02140041808545479 0.3342702996889229 0
0.2864659521291717 0.2379310562850414 0
1.267460190722416 1.069427945691185 0
0.6348021934219604 1.993845345171381 0
0.5484865766502239 1.194820079706777 0
0.5477302555867496 1.195602546003713 0
1.973351058061978 2.527787117358482 0
2.712876751388814 2.053960823328588 0
0.2740660579778507 3.249642407717995 0
1.584391950453009 1.49895724355151 0
0.2457588468370746 0.4326530618325057 0
1.13368626108723 1.958780566617362 0
1.904384000856497 0.8025035025774816 0
2.627495823885715 2.613805862363866 0
1.160045092851616 1.417820647896332 0
2.010317503750341 1.386310871980731 0
2.509262159355893 2.788047939919896 0
0.4185962047624443 1.559634406597027 0
0.6702141804729955 2.961757569753517 0
1.722843416560845 3.012190038504778 0
1.476466037593509 0.4769531157620224 0
0.7250710309587689 1.386731654446534 0
0.2580069230547781 2.732298378868786 0
1.569636719513804 0.3046013364993108 0
1.0720068626503 2.138139021137559 0
0.1030342506664517 1.85806370367485 0
2.128297558804107 2.668907557824975 0
0.3988930753821602 1.178854660752321 0
0.6627236156133072 0.3690016815343702 0
0.3420013031734725 1.566375009405262 0
0.05227442767595214 1.770256505727945 0
1.146258106300817 1.00643058198627 0
1.287470058675847 2.957309028650939 0
0.1493200304969855 1.752871975809569 0
1.384899878441092 1.56041465511975 0
1.693314709863468 1.01717023524434 0
0.2526582765032837 2.311071027064081 0
1.876115038142153 2.376110520439869 0
0.9812268887814563 2.646503409887257 0
1.58881635748557 1.629636324795244 0
2.016660125358015 1.607004864953699 0
0.2913032426033424 0.3794226279235935 0
0.229976222296741 1.011737565986127 0
1.458076758926009 2.435188639830157 0
2.225833842037136 2.753617189136615 0
1.001717570217295 0.9040076370965241 0
0.1699993628991903 1.052609743109098 0
0.3985971579616252 1.825173960477879 0
0.4100131259583204 1.815897686221781 0
0.4979608861587503 1.523068642530742 0
2.232451614277802 2.041774764351739 0
0.9058750617683449 3.126676456370948 0
1.103053385807452 1.363702852994186 0
1.839219402538958 3.238655425280264 0
2.655382210540536 3.245056886052045 0
1.397681175906403 2.287180090194741 0
0.5284008214829851 0.8986109655774415 0
2.426457142292239 2.143757875204077 0
1.159605285626736 2.123379263591595 0
1.142330113701493 2.196388623421884 0
2.033272976731854 1.455869900033782 0
0.9450297477163982 2.689143854754627 0
0.9192959433074186 2.700099211003653 0
0.9721195517879663 2.69120144222218 0
0.9395452820443864 1.14428127901211 0
0.3674280008062647 1.720344802077852 0
1.217364889253304 3.109757060404959 0
1.806011248112899 1.393851295938351 0
0.5504152344821691 1.511658420355837 0
2.535882702757871 1.174350259484251 0
0.8500953789840312 1.15087678737392 0
2.261882147207769 2.670599681595625 0
2.076276459408844 0.6453689741291897 0
2.763874093742337 1.17384929482069 0
1.246118617877642 3.02071516709316 0
0.7394914006457923 3.306128696687116 0
2.795620524403493 2.777789149904725 0
0.980666145689196 1.213243692795836 0
0.9819265746850601 1.211259332734572 0
0.9791684112611811 1.211326490315905 0
0.978639594454777 1.209178998279867 0
0.9788374880369153 1.206697445091353 0
0.9791181022939665 1.208107935413353 0
0.9767975928475741 1.207005187650883 0
0.9772152752151544 1.20607486714973 0
0.9779734685163003 1.207899136488064 0
0.9779908752880175 1.206891528323327 0
0.234039205573797 2.478031008950762 0
2.471929648394004 0.178646485678305 0
0.4637050957954969 0.2471731454674495 0
1.06815057232764 1.528717960120042 0
0.4122162483373033 1.336913283131421 0
0.64891070987453 0.3291476024348734 0
1.258185095823528 2.017149943072141 0
0.2007840304039312 1.486144513959777 0
0.2540922896255047 3.386292351195873 0
0.4927918719973188 2.577983095279696 0
2.046089941048376 1.234403871699614 0
0.2942012116780022 2.213171453868871 0
0.8098356638098094 1.245296155794752 0
0.8004565754912499 1.220672505944338 0
2.734399241048673 2.940267360085816 0
0.8530978260687322 1.195791730293493 0
2.405801068195482 2.603612525648463 0
1.946789964979606 1.162801983309162 0
1.95187705145209 1.151487220523955 0
0.2286143352148158 1.730305328798322 0
0.09816093713654928 0.9945518341208289 0
1.877683933052741 1.341611780637619 0
1.855389610437111 3.056156357178029 0
2.103701872733049 2.685242572605488 0
0.1617696044773065 1.877822685295285 0
2.818455337430422 1.791391120304557 0
2.67309645472815 1.233640139953843 0
0.2646225685852497 0.3101077412782614 0
1.12053757427579 3.19875745034425 0
0.6031554344793361 2.960471962895895 0
1.860842584882741 1.921312006315037 0
1.482695387838789 0.6468166794090378 0
2.056091034396939 0.5265794407180002 0
2.242670063964749 2.417705068393603 0
0.5613289439847181 0.09209779825738318 0
0.5811112259590031 0.1062230436430056 0
1.297899936564219 2.770975270020664 0
1.96202594237506 2.128230916198929 0
0.4242346879093071 1.907199789656847 0
0.453536989982251 3.023060953730726 0
0.3763527816117924 1.791361272204582 0
0.1213466622863033 1.880644452022017 0
0.04355852736913457 0.2660916005054446 0
0.4264266502076286 1.843570716953554 0
1.005394671558534 2.161049022733224 0
0.716771824931027 3.368271189708528 0
0.2553917865350641 3.008420974999635 0
0.4268551220415834 0.93362138703932 0
1.723725346389711 2.79249773476724 0
0.3926158090769063 2.643938720221024 0
1.535321771105727 2.261632634203762 0
0.1626394006405576 1.83786257565777 0
0.7325304710473003 0.2011418135973628 0
1.72272683458426 2.872844060435144 0
1.3829125 1.367452173913043 0
2.587058305416262 2.806078453604345 0
0.355799069583177 1.165052503297637 0
1.947217319176448 1.240631794354025 0
1.786883322854477 1.939183245971668 0
0.1328563348109379 2.60494213577111 0
1.248160608652044 1.483569940117967 0
2.225205632224557 1.249101214402288 0
0.5577508044749447 0.9594556869139133 0
0.2231528977046264 0.4912753683635653 0
0.7875886291181086 0.3089915642694525 0
0.7988032317743361 0.3076307581930517 0
2.046239535991617 1.899439190433211 0
0.8086246278696927 0.2717152107485328 0
0.2262930582086156 1.235327304020017 0
0.5866379107732234 1.060255327616219 0
1.742858317349573 1.686192427469413 0
1.148278823874261 0.4179000741589345 0
0.8520147203506241 2.290230590072168 0
0.2798728869662199 0.8929919392665396 0
0.1060112051687501 2.467570748293214 0
2.634395408467196 0.0413787237943839 0
0.9782884561841381 3.430549056986963 0
2.197079662304912 1.760036922057873 0
0.1846558516485786 2.116788672948022 0
2.126579798714648 2.983011211204731 0
0.5876117245053107 0.8750740889569585 0
0.6865231659909721 3.249894896091073 0
0.6334248328973729 1.151137410666688 0
1.442436678088539 3.357704464155392 0
0.333815427203157 0.9700701716411103 0
0.8834468493737309 0.7498379713980103 0
0.6043102619887946 0.08840588776112313 0
2.375058357520407 3.410867959432955 0
0.6771747144355296 0.1273161741357791 0
0.3852892845129372 0.3586339642548295 0
0.6998425962761889 0.08420582205293914 0
0.08588716395874973 3.016693182823386 0
1.798623579492921 3.31246282645619 0
0.7010466659327622 3.13287139737744 0
1.193516579950798 3.429714952681478 0
2.553000000000001 0.3034045354912336 0
0.186908495568765 1.744172566021156 0
0.2061222928815993 1.733732764414266 0
0.5658927588055671 0.6658676594917938 0
0.3330999999999986 2.918112029632768 0
1.761241336336234 2.582257332130018 0
0.06172540227994938 1.523129566199375 0
0.07133045302088825 0.1854207789140199 0
0.7949040376696198 1.440538308494036 0
1.699680281243823 1.389634453974506 0
1.604516176302745 2.329967936241603 0
0.2253415799905714 1.599024250368598 0
1.99677855732406 0.6166148442745596 0
1.840433245878872 0.5968796495169684 0
0.6101606434030743 1.866667180020126 0
1.434181335567198 0.6708845460905721 0
0.5781799528709348 3.4195960921974 0
0.5280929222289872 3.426484452493845 0
0.4052998279030049 0.1751503522045501 0
1.200411529079227 2.103072100423741 0
0.7175556451612902 2.274375 0
2.472717891054723 2.05384691652949 0
2.466820385042519 2.030552330339314 0
0.9607602261476053 1.185964520285685 0
2.147774461390267 2.840716146395661 0
0.1137885470633031 0.3776924870874065 0
0.09070681170769324 0.3831740724957533 0
1.370522936934091 1.64426147445982 0
0.1438862218731747 2.594226337530864 0
0.6459755150665921 3.283911542215733 0
0.8215571428189867 3.294405216706805 0
2.211018552480878 1.595648504514994 0
2.407063045822215 2.446500135083201 0
1.26340382755404 2.616870902106311 0
1.718850960214316 0.6740595740861817 0
2.783605887866012 0.4775138300406212 0
0.1843719935650023 0.341852147517745 0
0.7649075801375362 0.6133527483945693 0
1.849769614291353 0.7370138379729045 0
2.360727188987784 1.417487276344459 0
2.382302347088718 1.412891825019659 0
0.4673839664354333 2.864099232136873 0
0.06055493211693497 1.068067725947586 0
0.03190471144355689 1.060068678808306 0
1.034994897908816 2.111925842994121 0
2.6847254777115 3.196027141905153 0
0.1491716795173668 1.698388487645195 0
2.204125984494061 1.64282623391749 0
0.2552147106834386 1.248520060397138 0
0.02698819708427336 0.1993138921062343 0
0.3758850298019045 0.2848835445722935 0
2.25712619918048 2.693962685914889 0
1.956703838913198 3.012008969851744 0
0.03356595982008637 2.359476431301643 0
1.881391107214523 1.235055228180364 0
2.394320165882954 0.06398523842213799 0
1.69877994695996 2.248368342055206 0
2.801293214039856 0.839335031274704 0
1.449703426414296 0.347501764396974 0
2.232066505638279 2.718115917049239 0
2.288636477287294 3.262707800003714 0
2.390352710929366 1.883633751994133 0
2.356505840181399 1.880837886435964 0
1.891068652719845 1.415152128570761 0
1.857599054931082 0.8096612615109264 0
2.013904678873934 3.39784878886566 0
2.824022123451464 3.376229290962388 0
2.307246865762851 2.479791255843181 0
0.4876974638146949 0.6678821103490205 0
0.8636070519168414 2.541728088180791 0
0.8379140137172622 1.050347749292524 0
1.29273980801631 2.243800009864419 0
0.6542875 1.627704310344827 0
0.9310349077847819 1.156339769474368 0
0.3007626355407085 0.2139190346509905 0
0.1837905456404854 2.063184189038617 0
1.891561914394859 0.6940507369662337 0
0.1853652055435355 2.284149224963469 0
0.512332691915895 0.09477177391715053 0
2.429839627308559 2.217482574979304 0
0.2073365076979758 0.234328880686884 0
0.05249786070054041 3.076844051356481 0
1.087401811666556 2.202184901980467 0
1.938597057634031 1.411836257878038 0
1.641104712846354 2.586850008803579 0
1.103461795068183 0.6713724235995473 0
2.752796591783786 1.78018875788158 0
0.4491880215994353 1.597211951652502 0
0.4294989983558545 1.610557680697385 0
0.4049712337254801 1.60030136694812 0
0.4135458268619014 1.611702468562379 0
0.3947244621845596 1.611197562362091 0
0.4052166226102578 1.614736980675029 0
0.4028689371827094 1.608509227819613 0
2.71683388800076 1.784767084602993 0
2.71302665188649 1.809145238125762 0
0.5120388710242739 0.3047062207525706 0
1.099301790425659 2.267188551304533 0
0.9597029181600776 1.123012372408081 0
2.379962092312515 2.180026369261904 0
0.8524532696480661 0.2955431849017538 0
1.707695140996048 1.947671101485455 0
0.9641274510638159 1.120451385642849 0
2.275256834890276 2.68088800603098 0
1.269912825380972 1.820347786442583 0
0.523783308411028 1.637050151021291 0
0.5484580380024244 1.627964412560885 0
0.1571253469354845 1.817210455583359 0
0.1559172170830152 1.799085015292045 0
0.5260329052188766 0.9874057918698856 0
1.153619606442364 2.217596404263595 0
1.910790240608952 1.742510592517266 0
2.823794684996563 0.568364307313094 0
1.88411358815071 1.670038274977935 0
2.180344580324184 2.400658631324915 0
0.5394193458108199 2.553079907932875 0
1.958257296466897 2.012382585692867 0
1.925747010229869 2.01917339201527 0
1.000511068941796 2.430663465535726 0
0.9703363049970237 2.85539890465377 0
2.687668656863198 1.72422769291528 0
2.66123373137264 1.692491163583056 0
0.8008809917415382 3.219192802331778 0
2.826603483630238 0.7027798849083546 0
0.7800598783943096 2.362957704057892 0
1.117426476100663 2.722381386222244 0
1.792091308295764 2.06503823994635 0
2.306226159567839 2.325063947849833 0
0.1512820178376584 1.862912449744185 0
2.323698006269734 1.548421524948587 0
1.605288055446293 1.75414219485046 0
2.517037746030358 3.236552187156013 0
2.278024646882857 2.768961253898676 0
0.6385968872361627 2.38875835083594 0
1.223350805106543 1.407305139071071 0
0.113650053152357 0.1497177116793591 0
0.8426619861890787 0.2549472468353913 0
0.9228788859542477 1.138341261637868 0
2.7367036812391 2.649940499791613 0
2.323736721380616 2.201330156235431 0
0.9951593796060308 2.074485431984713 0
2.399353683750406 0.04199324871701204 0
1.590576725274142 0.6565002829092892 0
0.8200180691187693 2.773106215275532 0
0.1288132184796045 2.700638233930779 0
1.760321539413381 1.417926501607402 0
1.853311370486321 2.086342349321427 0
0.1706532615770446 0.3486807705469437 0
1.610200574584014 1.603897219378735 0
1.666510864628021 1.662006873109461 0
2.229182338446227 3.161590882856415 0
2.534196798691292 3.31369733951035 0
0.08906920845112287 0.5542440633834249 0
0.5162793190483088 2.845666789078126 0
0.1721192413967687 3.035500272835181 0
1.539257910846937 2.513345656615336 0
2.667639465952913 1.799838190859632 0
2.499337186508935 2.966050269074008 0
0.738972855407499 0.7188227988284106 0
1.911024666275513 2.535371967478292 0
0.6544200763892276 0.4989306577471742 0
1.358768845208325 3.079216227060921 0
0.6706434017766028 1.77548569205228 0
0.4006119884649642 1.114569863461204 0
0.3762038816144289 1.123630882649108 0
0.2689996068604767 3.213921612831804 0
0.4203781488061491 0.06354250884329304 0
0.1670264947036648 1.248598262025438 0
0.04704419086721279 0.2315858869615566 0
0.3677004576326337 1.947896908289378 0
0.7783080428724278 2.194450365063345 0
2.365332060263137 1.391157966800357 0
0.03442858399735393 0.3354182811610347 0
2.819743440257242 3.35715111940978 0
2.638500632572405 1.579356769552137 0
1.110935443870637 1.911180172628581 0
1.116792245548205 2.587326041979677 0
1.136098061387051 2.570819010494919 0
1.780671499356596 1.456498677068959 0
0.9255251761725536 0.1794878919788669 0
1.190494159491083 1.084041643290686 0
2.742672283211847 2.596886420764301 0
1.492227334126918 2.445070493245817 0
1.321889591215542 1.234468786040523 0
0.08496297042183643 1.305389012233943 0
0.07536000614060212 3.199380251777009 0
2.271372009972877 2.872925393676513 0
1.127704831818967 3.396324895264904 0
0.3151559568412035 0.3666858367065804 0
0.6393010144282196 0.6854191462702128 0
2.010315414907222 3.252306617864778 0
2.366128283217345 2.501441109507266 0
2.541719508071674 2.963859500495738 0
2.029414941013976 2.501563232886372 0
2.615694822734638 1.946936504842981 0
0.107072724888571 0.4939901490490657 0
1.424850898910196 2.705095021374686 0
0.9599843177391144 1.133656119761786 0
0.1675592716977512 3.25957693944116 0
0.4241498315410901 0.3992864773209219 0
2.482756816945491 2.929230660325965 0
0.9344586053107672 1.161402293631927 0
0.6331776858755368 1.693181896435537 0
2.600485659432749 1.407948900567951 0
1.596419420783848 0.4787123465506067 0
1.130245195052834 2.070115262591868 0
2.10649840226146 1.956944192655902 0
2.510794384391371 2.564434573772718 0
0.22656095796951 1.092749529525281 0
0.2305083951636142 1.092277540358369 0
2.711107460598003 3.044179948585341 0
0.3890467072448667 1.250582281274668 0
0.3777553456743035 1.568775601821554 0
0.258552732388593 1.580029985616956 0
2.495729209887234 2.656172091667778 0
0.5018365819328668 2.095849230842632 0
1.581073001675057 1.242990576573253 0
1.590494669697542 1.25770906022267 0
0.5331738472139759 1.938980069254419 0
0.2962934506987946 0.4492378830311963 0
1.806153838581438 2.027960646482729 0
0.488660846929008 2.819499501483225 0
0.1833022930514525 1.161003696030495 0
0.2202657564504356 1.048844998999408 0
0.2207039033757696 1.064207562263515 0
0.3554212726604964 0.8958393162041054 0
2.645193573310773 1.87302879576674 0
2.082519317642758 1.891212930831075 0
0.05063448649945412 0.7056570023238657 0
0.3770905921668375 1.147594576356313 0
2.300175630545227 2.849916461730143 0
0.7404616283718547 0.4998008982417104 0
1.765383222191942 1.093591332191441 0
0.4533744335680797 2.956647202432325 0
0.8820469850413679 3.182215446914978 0
0.97550606569995 1.202783928450198 0
0.9753503569086387 1.201893518052024 0
0.9747308935970121 1.202177008727525 0
0.7620127265384868 1.927353495999535 0
0.7819651450890361 2.426226695464098 0
0.9774778569916303 1.205547653925171 0
2.153254711068803 2.769580366897189 0
0.2114255541327141 1.172966792388076 0
0.8683065547781998 3.266063082384286 0
0.1844209769924057 0.3278759246287679 0
2.720737568454765 0.2275777816507492 0
1.011511844952987 2.133526086144773 0
1.00960322851955 2.142713393984644 0
0.5377614204779126 1.813206625878911 0
1.062511884329073 0.7264250128447147 0
0.5826060209236827 2.840627428406505 0
0.389946302589806 0.112676266624014 0
0.3903998084337592 1.604344795420444 0
0.8827595116250679 2.419708965460403 0
2.42531704966245 1.59212918351059 0
2.688744902447605 0.2258161467083242 0
2.681308984245704 0.2276700922898649 0
2.686465949510584 0.234988267991882 0
1.553428520992723 2.133831939404061 0
2.423308359357221 1.749360909258987 0
0.9339362060904444 1.141483611696147 0
1.482647975214625 1.494426267870418 0
0.8281684206281967 1.936721158308683 0
0.3196892350535183 0.5505598549413233 0
2.767961616815966 1.387956218533355 0
1.755398395317501 1.030653867238672 0
0.3977302292222074 2.10056134434171 0
0.8060396743282965 3.162630691111474 0
0.8325062569889383 0.7109499466458453 0
1.931882201290476 1.21136666724516 0
1.947253312872892 1.195932690879706 0
0.2343518955927237 1.719796963040132 0
1.93980338228515 1.571608381782459 0
0.3742196893500256 1.188094098886277 0
0.6641704431890407 2.062078437484473 0
2.712837131705225 0.1506274888556576 0
1.811459754150268 0.6116696262799239 0
1.065775162930836 2.882078329384683 0
0.5042186206851262 0.2378522854701091 0
0.6449632566921357 1.781130436673929 0
0.5830981626754757 2.752341326727223 0
2.036198848420641 2.35561964836473 0
1.870180334589374 0.7918351062135108 0
0.9458541700402778 2.302988430943723 0
0.2520476282284503 1.063591990554177 0
0.2418116594602153 1.07281035420177 0
0.2306724524412025 1.071356395162626 0
0.8073335796832798 1.363774564971002 0
0.6738006297334957 1.754038588228396 0
1.039285946157003 2.607914295989933 0
1.864221897717811 1.878221773902347 0
0.8676352813767192 0.470636136047428 0
0.8581103882884307 0.4894666124090696 0
1.904963044165229 2.945651338983409 0
0.5669889511863881 2.264878931522448 0
1.055813726052078 0.889009375539486 0
0.9889738367055033 2.458038968758844 0
1.764476488278576 2.171105088016249 0
0.5162810385407904 3.017661576583615 0
2.108496026989819 1.312652616843632 0
0.2090443607317454 0.2671150425250561 0
1.214762790737915 3.154465549543795 0
0.2210049510050949 1.281805995861969 0
0.05486991630175453 0.2906534810359527 0
0.9126936153273054 1.324917748586886 0
0.4151055144630043 0.0456192640987334 0
0.4252979367029583 0.04514450156865535 0
0.6075332635196968 2.987156984339085 0
1.58479288208929 3.430033028567996 0
0.926353327962539 0.6875193100378114 0
1.862088099966361 0.7928197415765763 0
0.4597305212550739 2.013373753537701 0
1.957249550206663 3.104813697013785 0
2.250197561165188 1.814499678871315 0
1.759459942205441 3.030447033615522 0
0.221145548314011 1.223341486497614 0
0.2446440746483007 0.1320832070263152 0
1.652439268998762 2.483243443721527 0
2.258026831982046 1.798991084124262 0
0.552110696676237 0.5851145742684427 0
1.520913157267361 3.210051250136309 0
1.010823274149515 2.010738873399383 0
2.736863505416142 3.090575524502108 0
0.9633052324869178 1.187879115774443 0
1.266405460272408 3.382826952319766 0
1.891509432657567 2.937853790262079 0
0.4796138898769748 0.9064488235074151 0
1.541831114674884 1.255738901573306 0
0.7238256613414707 1.143995543648943 0
0.2814234272694516 1.307859054999074 0
0.3711564551941693 1.859969571201435 0
1.852969524666566 1.823158207237208 0
0.968166829040755 0.3641304008593234 0
2.139327865168577 1.766103731361847 0
1.045025311587801 2.860697751942624 0
1.543255495176736 1.957339287245375 0
1.301524688552761 2.548344684587581 0
0.4786062431710776 0.7678611584077399 0
0.9368524488066845 2.870512387461321 0
0.3838340722518438 2.344822710358123 0
0.5132352925781131 1.188309931439042 0
0.8965979142713406 2.319245204614767 0
1.558233983619695 1.924697430568525 0
1.389450811464038 0.5384914025267888 0
0.964839326020943 1.109318982496168 0
1.2432875 1.5473625 0
1.893399731776743 3.263311563788618 0
0.2100086285780316 2.608944650952162 0
1.924687054399924 0.7241662003105751 0
0.4743568345308892 1.452357927906945 0
0.4847405948850496 1.448678069791281 0
0.498576252548304 1.454446501249708 0
0.4902946470106446 1.451071618369081 0
2.645175948844274 3.186107193868514 0
0.3465092541779538 0.07712493150918442 0
2.709625759869989 2.476161791912278 0
1.640079010451901 2.772577417574279 0
1.98211919818848 3.124563823399285 0
0.3120782829767714 2.536072693492648 0
0.2958860548487579 0.7048381066416352 0
1.798024902366225 1.016993598182356 0
1.804267756940884 0.9960815259494037 0
2.376476179364619 2.394856586023328 0
0.4453340947129208 1.276756043460044 0
0.7587827748748615 0.2808918864294276 0
1.667403407890773 0.6100384031397503 0
1.733572046221874 0.6112842948163553 0
1.445202068048765 0.6986268674180025 0
0.9744733730761318 1.201580233055247 0
2.569493754977617 1.176338589941901 0
0.1634697190777714 0.3980663173043577 0
2.675911530766784 1.33600368903298 0
2.543812363434085 3.126031058803291 0
2.27190361636548 1.227285668081986 0
0.1306577308612709 0.3169595371200167 0
2.055761213315149 1.48370429858807 0
0.6521430806250017 1.239022373323835 0
0.933716564708492 1.149469543305477 0
1.589276249077743 1.608185168120654 0
0.09232624319466343 2.511894223167779 0
0.9499989380329297 1.176524079666069 0
1.24907946339399 0.6634979983072351 0
0.1642655983242014 1.693326818883297 0
1.878095009372338 0.7668804041692849 0
1.07232999550144 1.94582077777621 0
1.056759073557234 1.918915917511821 0
0.2822871305636216 0.9772228250360515 0
2.429860386843436 3.415871120523408 0
2.603343255198206 0.2503129426134345 0
0.4089330032584158 2.447185171565871 0
0.6395785284834283 0.4540821465624643 0
2.738411886194302 1.757734002835551 0
0.5233888067340001 3.086371583015133 0
0.8183809275156977 1.204261463695014 0
0.8362371309467266 1.208211463713079 0
1.165504872552875 1.803382207726386 0
2.531912960825687 3.046316617451264 0
1.396356856124666 1.451027625474558 0
0.2591552511977941 0.462112632795129 0
1.937396638324329 1.448593985932926 0
0.4713369041045761 1.014877868280615 0
1.185338232288798 2.647530987851781 0
2.339380668955808 2.793034977938108 0
1.453589407631077 0.4094311740164842 0
2.405151687210639 1.407030707526712 0
1.306731874393039 1.578001889676817 0
1.275135671197364 1.44811273662772 0
0.2752413602582053 0.4774545447103413 0
2.255735961936376 1.630975605085216 0
1.428128909506104 1.457625178180008 0
0.477416310446666 1.253556331843829 0
0.9751041881418263 1.202446509761272 0
0.9692789736535972 1.111516819012261 0
0.9762678460221017 1.112280792105788 0
0.9716264167547014 1.10988072719561 0
2.151910670675788 2.161749600821486 0
2.767733151041591 1.7255166889031 0
2.143457093981293 2.042788557070849 0
1.185997131323542 0.7627410128403334 0
2.301422125392185 3.441332843766309 0
1.693973126086629 0.6426655456440957 0
0.05932193023208798 0.2374691933084383 0
1.0098625 3.037625 0
0.5343841033628014 1.18371776181155 0
0.5389534103012785 1.177759742933716 0
0.08338917287418957 2.221245294248019 0
0.3178491309284233 1.921826606147701 0
0.3607751369035235 2.203009439853741 0
1.160855251105489 0.3588865135053705 0
0.0513729269644958 0.8697159503834383 0
2.407293404468485 2.68568609420746 0
2.553627665235751 0.2774063486722183 0
2.147895861301448 1.27477203333403 0
2.371488573963898 1.484929864362627 0
1.318426656344958 0.7336465363535123 0
1.52377203713572 0.3264046861971575 0
0.3146165287333065 0.4161371405781873 0
0.5928817723465349 1.805919411473172 0
0.8377214542821758 3.285417396748699 0
1.000385031343128 1.686213210377981 0
0.2364912815835924 1.24812432189653 0
2.422870281879169 1.971235165991262 0
0.2187908620738852 0.3764193033257177 0
0.995084204047278 1.123602189975285 0
0.3773380906527266 1.208476286991009 0
1.179517479686272 0.4511717292895623 0
2.804787826597646 2.972601702362942 0
0.1770020798423531 2.578666831225279 0
1.683235186939573 2.696880185059391 0
1.697406551577629 2.69659644743242 0
0.6863608706993024 0.2871062508110163 0
1.534967538120115 1.42210168746386 0
1.952708538312314 1.721345914621486 0
2.334159449265512 3.445784528186217 0
2.083462232001028 1.868625938556062 0
2.00594719020025 3.200572725982482 0
1.610914570152539 1.869457533910011 0
0.9476950814236296 1.140694341601445 0
1.587140801833196 3.371055507779353 0
0.8469926746098837 1.41440904419464 0
1.574772671061974 0.4033999521590022 0
1.953297370435205 0.8703955169826514 0
0.9881578112113965 2.598710756950703 0
0.9760352421554686 1.2038120083382 0
0.9766058474129664 1.203415900640731 0
0.6110419538112873 0.1175310665352802 0
0.6099977322184027 0.1285383434090699 0
0.6011234673134531 0.1226507898624181 0
1.543756017589459 3.031895271692322 0
1.942568680308232 1.69964048740875 0
2.300057070522954 1.880661859681499 0
1.946988042981905 0.8513468788801646 0
0.1724692345824066 1.122517619831151 0
2.823105845701089 0.5250445655859795 0
0.5561605646396979 1.301941971096935 0
0.4189504594997504 2.161035591739342 0
2.166477056021917 3.108799417815411 0
1.506137418018338 1.197498186955287 0
1.752920167330468 3.237234417529051 0
1.995114940145021 3.412327162093457 0
0.2083811820426278 2.546834655114245 0
2.529425184615305 1.730273287574726 0
0.6488376445201592 0.2145466398954261 0
0.04736116802230228 2.204421678405356 0
0.07498943005951531 1.205333857282125 0
1.140761530302552 2.861010245868696 0
2.162208501593682 1.398207420677223 0
2.660664278635015 1.923876535746648 0
0.1959348977188375 2.094816887638957 0
0.2124745231769996 0.4852034640781637 0
0.7021513488982964 3.084358891382794 0
1.770249983921521 0.5801993636027549 0
1.459121811569732 2.895972122031707 0
0.6254088978901944 1.418023653922896 0
0.2657973092155075 0.349287292525809 0
1.292482925556989 2.023806459131872 0
0.4210390058639319 0.9899747300036383 0
2.80556471704295 0.9267711902477902 0
0.4113770152502194 0.07629503157800088 0
2.358047689710288 1.45999538271431 0
1.770406107188907 1.490615186847802 0
1.983625057509257 3.25319309771637 0
2.170490314285388 3.036824553981003 0
0.6942025744761183 1.623860215261766 0
0.7173602979044733 1.61219603346086 0
0.442284343598587 1.459368596629919 0
1.482439991901591 2.373912694590061 0
1.760391962723212 2.151398925798436 0
1.92839202506082 2.92008651622144 0
0.5968335721552056 0.2450792709361966 0
2.465840137763315 0.03984944179804839 0
0.1082641255118726 0.1641571211238733 0
0.760568071759409 2.940700443407087 0
0.7470689478167125 1.025780053971784 0
2.734162622102848 1.324160547041478 0
0.5578057275961688 1.109006694711146 0
2.252822731707493 1.669574996031552 0
0.3510210873351984 0.1384812697100521 0
0.7751417199431491 2.893760676368985 0
0.5180013790956168 1.53698845293746 0
1.326083462117075 2.931697955997585 0
1.193707818898441 2.461635925983338 0
1.221020499794374 2.451618561078028 0
2.536597469431774 3.043373843574802 0
2.285734827924337 2.247302213286022 0
0.1812081544722797 3.056397348350043 0
0.08426180690097751 2.331671534817643 0
2.812375144284045 0.1982269537464421 0
1.489896938310824 1.418122345219222 0
2.053856816204901 1.306418195753121 0
1.938600211495517 2.578475865655604 0
2.786732011540936 3.288015902128083 0
2.310035934575674 1.998311420661846 0
0.1441390178425948 2.553653168524339 0
0.2448504611282174 2.181633467138263 0
0.8653447578941297 1.142520022139922 0
1.41729203771399 1.407489911175896 0
1.122565973742502 0.395562600639848 0
0.4645695574576172 2.03252465697488 0
1.242787379479594 1.981609886241623 0
0.220187960523855 0.2106772334279938 0
0.184629752192254 3.116476310930011 0
0.7401286354547174 1.235835737388474 0
0.7456306436176731 1.275010610596088 0
0.669325042151552 3.322311726797443 0
2.299326158588784 0.1739455397266054 0
0.2669737137174102 3.342643928755319 0
1.563856169281482 0.5703510204081641 0
0.0624646498853394 0.3088660708920876 0
0.2013644771980443 1.874756480900108 0
0.5368812076724545 0.9294835211361192 0
1.364215275017014 1.078271139630515 0
1.360104570021347 0.3557913322886475 0
1.065788993921335 0.9316405626880554 0
0.4716709186977796 1.315610001025026 0
0.5918785573328281 0.5958819278680654 0
0.708538244793412 1.765389277819652 0
2.110010208375801 1.328506066801 0
1.761515025263551 2.360875880332748 0
1.271510624067573 1.641587114603731 0
1.246781927386259 1.65850524687218 0
0.2624013947156847 2.830606863812442 0
2.55048119542141 1.764408599247789 0
0.07422777550271453 2.654742499175504 0
1.641920448226979 3.362468025545402 0
0.6407292112063727 0.083239885031682 0
0.1734374803007048 2.194589760712683 0
0.03689666829301785 0.1718559664154757 0
0.1997265407386752 0.3450292925750849 0
1.306366289643522 0.3186136833447721 0
1.6925741324141 1.433778339147953 0
2.241039028137525 2.708150687443351 0
2.027682547520228 0.8841455724662548 0
1.855072840544282 0.8965236551848309 0
1.178804203781522 1.626467933980277 0
2.542095964043479 3.435665959790324 0
2.209529017434087 0.4816344607276914 0
2.190200864310238 0.4879321522994602 0
0.762949093677062 1.662181344202799 0
1.660984532035282 1.638380431363875 0
0.5007220221934017 1.17559634130034 0
0.365948971888312 3.04475416804639 0
0.1344248536306325 0.3578909571471511 0
0.6149278279530948 1.106035332305993 0
0.8040569349074104 0.1056742385782379 0
1.352645481014633 0.6254080592061204 0
2.525889341282036 3.042470706067704 0
0.9549050487902355 2.136760642344974 0
2.00444393819438 1.117721699519679 0
0.6844930738678249 1.012151988807539 0
2.569196931821284 2.924833060438695 0
1.122968870875446 0.3673952312711639 0
2.742014724650246 3.024071764955113 0
2.296640215823674 2.063015853227156 0
2.281131551230393 2.650899729431257 0
0.1154090706964424 0.270472749400352 0
1.302296760417186 1.092487410706531 0
1.271605856485208 3.287430327454639 0
0.3842503264645734 1.072945450524349 0
2.583657256176241 2.019058380560555 0
0.5001505078697234 1.361068382863005 0
0.9981717861539143 1.781460241587179 0
1.41985 1.2789375 0
0.05886446893478148 0.1452669246634108 0
2.745792707206434 2.33104641253654 0
0.3400630937533 0.2691149243401028 0
0.7464100161580109 2.984613335317094 0
1.745318215342065 1.263793891254882 0
2.714480945835318 2.136737067624117 0
0.7577427883666584 0.5627627956722798 0
1.988625058141962 0.6708206593146395 0
0.4926604980472054 2.015868183143486 0
2.279225389852055 2.738769377609518 0
2.516633211590653 2.141134210537956 0
2.511367306288575 2.168824777001464 0
1.757946108589489 1.788108951840403 0
0.4404802817610509 0.8701966853937857 0
0.04435710480078958 3.426225532900791 0
2.305639015442806 2.552398385249201 0
1.892240723886178 3.179372661381063 0
2.205846545352172 1.949905387693757 0
2.35933502429369 0.1487414669392557 0
2.338648234278207 2.677784642155082 0
0.4108159331225631 1.087486616412654 0
1.809798511214333 1.69347930651034 0
0.6279823906676656 1.055148603030898 0
2.364173645611956 2.14565290708705 0
1.163363433055577 1.354 0
1.813352685306479 2.944869334156036 0
2.384907442909659 0.2425558885368457 0
1.427669648830175 3.219573211047652 0
2.719609320608659 1.991977889869249 0
0.4153014950792209 0.882982093286608 0
2.148089533459546 1.602039747158093 0
1.108697326227326 2.635565786784843 0
0.5093955499211573 0.03990295673791944 0
1.067455654849339 3.292905813017451 0
2.554182680506818 2.998454541674536 0
0.389648185823948 1.047073364993941 0
0.4703579557716995 0.3096203151323556 0
0.2694648092070318 0.1768782148339818 0
0.9534028977042175 1.08122340380721 0
1.738390287087708 2.646471528649673 0
0.5318510979466536 0.05774880142696026 0
0.9346181074434304 1.153346398177937 0
1.505661351476014 1.259936975070735 0
0.9166306945112477 1.015110954568147 0
0.9606059361099637 0.4962821169860445 0
2.827589732020147 0.3759607923287913 0
2.516786375219686 3.015209294695413 0
1.331933274899664 2.271975363135133 0
0.9128863388645081 0.6598544340160026 0
0.7828271865194373 2.021389783613701 0
1.088141303652683 2.343778327013694 0
0.7052897171037696 2.081152298199855 0
0.3162976426638853 1.046288097099526 0
0.3384721258114465 1.060744335344563 0
1.605311744363422 0.3104383302908731 0
1.04037645884086 2.920982247959777 0
1.770658157933366 0.5598951461425405 0
0.1373559490521248 2.004010272320025 0
2.375486210781685 2.244540858338428 0
0.9320400371646913 1.141846093270434 0
1.013498772220274 0.7272193084507867 0
1.477814635093547 0.5895564087239713 0
1.764242139385487 0.6132883499621808 0
1.749244056950235 0.6025935356122736 0
1.750590262189666 1.320559750250505 0
2.219149833102607 2.992479747214045 0
0.9012372891739266 1.129844558798784 0
1.136352373866137 0.5228314439691393 0
1.913069537755879 2.930943657572015 0
0.03436889989347236 2.045582589288689 0
0.7448466730249936 1.716893242448006 0
0.4276293147221339 0.1017520142433819 0
2.403291073693743 1.476811442447471 0
2.424846003992475 1.790444806409705 0
2.112213920720784 2.475219097468701 0
0.8871090648729512 1.155650758073853 0
1.035084809176874 2.106768786070607 0
0.5668610677038959 0.1343031959759009 0
0.1698384331288612 0.2114052802695896 0
1.094759439967636 2.446303926152615 0
1.052678634862795 3.360982838238503 0
0.9537387404909898 0.7765498467498249 0
0.1952189381674478 3.264520095387361 0
1.511032614955406 2.294622575632011 0
2.756891406211982 0.2028591414633567 0
2.818066231625154 2.446127144217594 0
0.2331292287222033 0.4487176722420145 0
2.3320590933922 2.863892728768362 0
1.501388142189426 2.870790531406088 0
0.5203199054303026 1.12238687932973 0
2.128089013332148 2.884232954254963 0
0.928931136241034 0.6357348711476742 0
0.0778589577480564 3.22751758176841 0
0.06832813767188273 3.252652953726019 0
0.4278955913630708 2.438019735208503 0
1.986955377952585 1.303600015765972 0
1.969956700571533 1.313889768592345 0
1.975800614866555 1.323622172552333 0
0.8702336470917615 1.425082686468066 0
0.2344995653504349 1.387829469483573 0
1.425053771590221 3.029884900138753 0
2.127494438791737 3.413327431543494 0
0.4417006103791817 1.020235950633307 0
1.750752861839617 2.550249097892193 0
2.106424471928985 2.922188062359728 0
0.3732131191839003 2.022196185703788 0
1.691864320321617 0.6026945306953442 0
0.6925529690187813 3.044053574293445 0
2.409855405341586 2.787389239884231 0
2.673707560939957 3.134761702594449 0
0.5957232853910175 0.8015513447529941 0
1.00762309319069 1.97439298731852 0
1.283801014586058 1.195341643015144 0
1.280463798302471 3.098728740335231 0
0.4449580721987639 0.9601945605455093 0
1.583955664394802 1.903983966431749 0
0.4147666836830401 0.7717416789732361 0
0.651817473417484 1.38005118837857 0
2.033941318313465 3.192350934252974 0
0.4909677861257034 1.431842687678925 0
0.4872973659210666 1.429607949531746 0
0.4887957958570154 1.432778409967162 0
0.4885692910967464 1.425963936730571 0
0.4857544622444151 1.426803492866013 0
0.4930746079329987 1.435232660156902 0
1.773976587874561 2.740166926030154 0
0.1746015171605069 2.593722096207833 0
1.365993997497054 2.257130688559766 0
0.5182456485182259 0.1415474864754687 0
0.262182292386363 1.691470235637963 0
1.610114572329368 2.709020441124532 0
0.9309673941809322 1.148484008309075 0
1.193460916556963 2.394948085602583 0
0.9723099326760063 1.124495853733723 0
2.377445791106259 2.010632869580417 0
2.305095564104847 0.1498207717429842 0
1.403755320772483 2.334713610940588 0
1.976778657653658 1.738190737529796 0
1.652998282325737 2.855527217600004 0
0.9624176730461719 0.6645597001831129 0
0.6955640631017338 1.87138047185648 0
0.5922300289682449 3.018677347926624 0
2.581624628255863 1.207631204456891 0
1.897513249511927 0.8119663853331713 0
1.330641034719888 1.093413871028689 0
0.9515595613965383 1.1821657045075 0
0.9565781674117519 1.182125700502299 0
0.9554496159245149 1.184613683939656 0
0.9565315052114607 1.18808237475426 0
0.9578530030011905 1.184006968077299 0
0.9601591144579673 1.183812417572432 0
0.9587163209038677 1.182268839901798 0
0.9541939903097164 1.180948299561584 0
0.9563570367942349 1.178671591307684 0
0.9571352637226433 1.180414151673492 0
0.9560703291284633 1.180299445493062 0
0.9576973004041069 1.181445450793772 0
0.9586246716610924 1.180843104730677 0
0.9546725740375179 1.179214088842249 0
0.9541185869773188 1.176792303676517 0
0.9525768230100941 1.175111696619486 0
0.9529112319511202 1.176628792457468 0
0.9495969404332183 1.172784761659399 0
0.9464422164637312 1.165431078316642 0
0.9456662888364207 1.170233150079515 0
0.9418788345995175 1.16147388966076 0
0.9423090399881784 1.165558179956875 0
0.9403617986681944 1.158929718711879 0
0.9393072001985479 1.161625475906829 0
0.9444517076188483 1.167390422741572 0
0.9467953000723259 1.167976035540778 0
0.9484286132808268 1.169638160583492 0
0.9478450147415324 1.171318156317994 0
0.9459213689094527 1.166631219493637 0
0.944390763295385 1.165251059525859 0
0.9473645407926848 1.167735943675484 0
0.9428196725860971 1.163729766636235 0
0.9411762463745027 1.162851694832072 0
0.9464205232792716 1.166382172932374 0
0.9453937535545791 1.165670464248697 0
0.9471838042327765 1.169791375630445 0
0.9545493026935651 1.17826125720743 0
0.9384997959475205 1.158634988229938 0
0.9397268100426661 1.156912249931111 0
0.9392844332708125 1.158099713642904 0
0.9386891532252341 1.157380075816282 0
0.9386364126299003 1.155756193562982 0
0.9388091000315655 1.156658901800582 0
0.9370377541190569 1.155487002501708 0
0.937051686260425 1.153852242964253 0
0.9379087176375956 1.154761067277244 0
0.9379673023112771 1.15549789127447 0
0.9384784233723341 1.155393834899258 0
0.9371975666014396 1.154760458465047 0
0.9376142283523361 1.154178611761793 0
0.9379834909457354 1.155083655279259 0
0.9382711087380811 1.15487248566307 0
0.9376138993784714 1.154593084049019 0
0.9378615295140398 1.154386044323262 0
0.9375356597500724 1.15508339528944 0
0.9381278620220465 1.156392177246827 0
0.9579740162685391 1.182609807344243 0
0.9587517153300649 1.183440230546473 0
0.9492824864595291 1.171383645570033 0
0.9591892877461705 1.184527526961466 0
0.9361328393047623 1.153832783885146 0
0.9364520332239523 1.153083254049371 0
0.9361388161376998 1.152613160185573 0
0.9352007512886809 1.152476182813969 0
0.9360134259902924 1.152935532164948 0
0.9366143904567312 1.154356109136067 0
0.9365814135418731 1.153616392818217 0
0.9370808463598737 1.153303461937117 0
0.956886469583478 1.180996895380403 0
0.9367603129579591 1.153395315314172 0
0.9369269587061377 1.153578152451982 0
0.9373111683015317 1.153723880025825 0
0.9372994090538829 1.154004471480441 0
0.9372286319078879 1.154282921507662 0
0.9392493147000085 1.159951284119615 0
0.9403946789081541 1.160966412646231 0
0.9597846062890755 1.185163522872965 0
0.9504606012256885 1.174559958535773 0
0.9526831820633942 1.174060451959792 0
0.9505459817798758 1.172094861864784 0
0.9487289910713875 1.16943725794585 0
0.9510762076810104 1.173322740360338 0
0.9512616050334526 1.172638919803101 0
0.9499926096444302 1.171356560942026 0
0.9507410486095299 1.171077625027492 0
0.9517167012388568 1.174218678562288 0
0.9361391288417233 1.153307701355829 0
0.9357182930255077 1.152647942139355 0
0.9377604419279687 1.154880300473741 0
0.9392205188985321 1.157037189782591 0
0.9394565428210878 1.157671789576954 0
0.9356094263307945 1.152078593967632 0
0.939098210400666 1.156591133769317 0
0.9460426917798057 1.165886136813659 0
0.9455000830104057 1.164735818129913 0
0.9447456649173021 1.163935111586757 0
0.9436230825791762 1.162387036496557 0
0.9447873414442258 1.164624078782891 0
0.9437364690786356 1.163227235205405 0
0.9445178692103724 1.16273865156484 0
0.9438803120842548 1.164220867577245 0
0.9429138477814926 1.162621386795867 0
0.9443601089885864 1.163283463789386 0
0.9447920110317165 1.163083612422407 0
0.9440156678448268 1.162770706059491 0
0.943316186923433 1.16131735081719 0
0.9445261156971928 1.163004178355259 0
0.9440459060539448 1.162427890227717 0
0.942626810481028 1.161506877120478 0
0.9442991376143974 1.162891056932158 0
0.9458446862021304 1.165430874377228 0
0.9450179853261489 1.16507035517184 0
2.404191400162821 2.478077391650735 0
1.604194231591094 1.907565877409979 0
2.489766816783524 0.1783951701971598 0
0.1346674523523386 0.3393091077018509 0
0.6076295007848908 2.86694825662138 0
2.572841524220499 3.161106187908667 0
2.529280581857577 3.047347094769156 0
2.530383201224603 3.047409088559895 0
0.8391900011164566 0.6234836200192089 0
2.387130697494845 2.887191540517991 0
1.18942506410496 2.266005318702799 0
1.461169127258351 1.784991724295981 0
0.3585630462390275 1.970043516109514 0
0.1630642164026177 1.922773034311992 0
0.5649312618990456 1.927198808905212 0
1.750478752688352 0.5838030712182496 0
0.05975559001890263 0.9298431337894317 0
0.9049622835978214 0.4569953963723266 0
1.981601287743937 2.957897739288344 0
0.9334682838914311 1.15289559228249 0
1.84230036838074 0.7933994834402832 0
2.117420916743947 1.79176693407627 0
0.5925433052902138 2.68514629875559 0
2.345424578667413 2.428534800163482 0
1.814433393967561 1.789462704349674 0
1.924230918315289 1.326454462169392 0
0.3625878740352118 1.89644743059543 0
0.3800273407266495 1.90915432488575 0
0.2532874912970491 0.3790257421317742 0
0.8053031462248408 2.463356421655114 0
0.6525140439960561 2.953288213793108 0
1.542613591711406 3.175750111588735 0
1.980932575699962 2.577531814842599 0
0.439869128546448 1.565047156501577 0
0.9186076235890742 3.37160666820438 0
2.634746111282785 1.761147081182702 0
0.9838106292786819 1.826142054983027 0
2.170462470502877 1.738218375268791 0
1.995287555085592 1.916166941012056 0
2.514980230232037 3.448349140772429 0
0.6978423057969106 2.525033137531943 0
0.4217210299613889 0.8220361737367878 0
2.186155602526105 2.017050446602665 0
0.9480925332880643 1.04724491449167 0
2.453634355327954 1.322172565218612 0
1.753111190461365 1.350794389521374 0
1.258351032668816 2.47025018065935 0
0.2483060713357941 2.350757470364945 0
0.1308301610970375 3.366461720586715 0
0.2876902227099736 1.452819722317311 0
0.7461018602616454 0.1469144691809716 0
1.971427498329591 1.555536196502949 0
0.964307991043059 1.1134027514063 0
0.9636850245949168 0.5921060976501371 0
0.9360902609863939 0.5825855972811471 0
0.1226818251533703 3.25803634969325 0
1.24146554519128 2.925900205759289 0
2.133657850959107 1.557917904901921 0
1.932092358274474 2.472630753976634 0
2.442918380095097 2.534052689265855 0
2.563117404957717 1.679104277758754 0
0.2397346997780341 1.786697432533106 0
1.541717568276042 2.842226122363011 0
0.9370926649069922 1.153614434344794 0
0.2480221676508509 1.979929056196057 0
0.7088553829558306 3.177501014636586 0
0.4894520539564806 1.203866984868745 0
0.8419525758982209 2.626420678356488 0
0.8168828309690077 0.8372980103474885 0
2.562140647426313 1.194388464168658 0
2.677967108365429 2.580883699159721 0
1.366827861200603 0.7666422435694197 0
2.043739716026636 1.808116052359802 0
2.038487769374271 1.828376868086335 0
0.5993489098426681 0.1048908394499499 0
1.910243657932475 2.982247873161828 0
0.4051715223491767 2.739471576579746 0
0.1606484785713711 1.855104306421053 0
2.056624764429518 3.098316597238282 0
1.005870883414472 1.833162551650799 0
0.2014731855562304 0.9749286574872378 0
2.224633391896587 3.080530723983562 0
1.057519797129079 0.788411385868061 0
2.619863333199605 3.0644779701537 0
2.80225159980296 2.881797684615441 0
1.12861273617636 1.816148618742891 0
0.9401826484727555 0.5081595266655401 0
1.860402599606971 2.142333438710676 0
1.859029288696396 2.164203607568149 0
1.703414777663323 2.069479921222894 0
2.615490461879403 2.564719056311981 0
0.8726205433967866 1.16846722338481 0
0.8952203198207194 2.877879920396149 0
0.691628834197866 0.8653274174529195 0
0.5490061851715377 0.6359265116253361 0
0.6113627507931708 1.642612069917099 0
2.420496585915061 0.1335014788685496 0
1.997198336095088 1.317429271817105 0
0.9254381396520611 1.144220903745759 0
0.2287090965102663 2.127843346994959 0
1.006287603907163 0.190525211409645 0
1.765496867377368 1.524270180849043 0
1.757182333947931 1.515021986751067 0
1.02715531289404 0.356992379070336 0
2.625000802190652 2.322695241849232 0
2.559484429540198 0.329842169490377 0
0.1197830321711599 1.821032821036941 0
0.1315260020349296 1.803796700482878 0
0.07378692542088339 3.281512128405629 0
2.525461125553041 1.843733887895439 0
0.780324594083452 3.035592940741818 0
2.339873177009419 2.261697808402849 0
0.5835912996641357 0.1350066024605669 0
0.5874779225867384 0.1272591951661273 0
1.419092878539608 1.221209008514918 0
2.114320420616033 1.610117730716693 0
2.381897425895909 1.750509189564353 0
1.597224042861385 2.849010389747872 0
2.220228793271607 2.491527838120979 0
2.208403933872776 2.468864926393833 0
2.203167650134861 2.455523820337748 0
2.107074088494699 1.493154280732067 0
0.7049956038236487 0.1077718634222888 0
1.387526283748817 0.5705183348472942 0
0.2747289439794969 0.4160556825353614 0
1.120303118593018 2.468346070998023 0
2.164745371621505 1.302984364959614 0
0.8923372888782659 0.8065279106290959 0
1.877356202593829 0.8071946077386911 0
0.928360141657484 1.157853243107458 0
0.3065519470744238 0.9457478210665448 0
0.4549141054012349 1.465595179382746 0
1.866904845119453 1.578292877147761 0
0.9801935673791925 2.239323312225264 0
1.746458904464432 2.428733670994076 0
0.7835879060401424 3.137089870081781 0
0.9508723202021265 1.137396657541175 0
1.82439558359723 1.889625731459049 0
0.03228629632456737 1.498107038517865 0
0.7847249403812612 0.3231120289301492 0
0.794299888875505 0.3339938860967777 0
1.0588527161576 1.180791524075143 0
0.8571109336200582 0.6725533889761639 0
2.343732499531044 1.214938515905634 0
1.517973958825296 2.957235358085431 0
0.8488857718417736 0.8625387722280251 0
0.8985680350286419 3.166993711939189 0
2.228697372764304 1.85244581095541 0
0.3493736704428869 2.531072764372992 0
1.114225786191501 1.868821859224698 0
0.3504516666478632 0.8326758174228145 0
2.10101680920777 1.660149435827024 0
1.440191639568758 2.654698987790549 0
2.53381815932211 0.349465237036112 0
2.012235372321106 3.42915438977916 0
2.004238576229941 3.443285723936231 0
1.613302941599826 2.482509227752716 0
2.533415279969606 3.025538114578956 0
0.5382477458986255 0.6884794876891775 0
0.5220250415629057 2.018262493539499 0
2.751785079495018 1.208401299477815 0
1.912671850621104 1.308088912170595 0
0.5700460502978471 1.713470143488186 0
0.7182278327603793 2.404553840546629 0
0.7145790008992393 2.444672863177324 0
0.0517984353327543 1.788541795761545 0
0.6198869758975848 1.764246172556797 0
0.9911201624878776 3.294588608313615 0
2.41762894125791 3.149735264051043 0
0.106993436321932 0.2351129320409024 0
1.004881041224033 0.653269963811389 0
1.316715339394473 1.301019985748851 0
1.299793073276654 1.292527600797708 0
0.5218802244205444 2.305722697989882 0
0.2415405917568223 3.102159730957883 0
0.1432213116051133 1.26984918001433 0
1.682903161090134 1.311951029033845 0
0.02406897904492178 0.2773397699700069 0
0.6634623542009581 1.421508280232211 0
0.4412848164803711 0.1192748829474739 0
1.062727646792149 0.6862345767127311 0
0.4939470044503829 0.9358102636664891 0
1.279548848611771 1.785659203323989 0
0.5088992437998583 1.253060128702742 0
0.937199397429286 1.136273802887498 0
2.324146008568412 2.726207993169131 0
1.268103081991099 1.10675936361676 0
1.6047 0.567800000000001 0
1.055697215591038 0.487415012213174 0
1.92463479627465 1.556199842626707 0
0.8866293262178877 1.929365228218669 0
2.173009614445569 2.726125621967117 0
0.7767404316691922 2.919034004543049 0
0.1377037951124169 2.314847273806304 0
1.039718704822347 2.731088663933694 0
0.6668420895874698 2.158307259568018 0
0.7873142586364748 1.603635325382646 0
0.7605446656824674 1.604267862790179 0
1.688040493579014 1.13114803274399 0
0.08043384534838283 1.810130154792464 0
1.832414982299905 1.263269442752863 0
0.2740528720715147 0.2349587445897972 0
1.104191332929511 0.7313827690942192 0
1.838076572850778 1.603710872543329 0
0.2644616158660993 2.958017324143919 0
1.759974689350399 2.472605330806986 0
2.326112535030015 2.683420675847412 0
2.329260946356632 2.682272393663428 0
0.06786962326868706 0.4392735846568316 0
1.920710764335662 2.931179794964502 0
0.9356603887228854 1.156005759323766 0
0.5470530097412578 1.194957002791696 0
0.5452880685331891 1.194440111875058 0
0.5117431004939483 2.278342605622444 0
0.4594266022415161 2.424559261881241 0
0.4458737532969125 0.06593482212263058 0
0.4062518696975093 0.3040211661881882 0
2.017709319478826 0.6221679126443804 0
2.03958788360275 0.6164043943798989 0
1.042052626313049 1.200817710927587 0
1.816210089389761 1.74323958412049 0
0.3313578362418061 0.1885578106168606 0
0.6025531525802957 0.3537217631420462 0
0.6122374050281263 1.695945593725736 0
1.419298979591837 2.048232653061224 0
0.7065132503033164 2.521200183171258 0
0.260061189082063 1.199463435678916 0
0.2665857361425599 1.217811928480781 0
0.2874578635831415 1.225594083040284 0
0.3053818933395773 1.216460413775108 0
0.5973893981828797 1.748421916937805 0
0.5230675842383177 1.042902339846974 0
2.408631425329798 1.71070875274177 0
0.134939197602733 1.578393138188006 0
0.1605732076939013 1.579260516027168 0
0.941033075225401 2.240858889524924 0
0.7280848323359186 0.06250348846648346 0
1.824436093081313 2.04397124037866 0
0.4137689162508205 0.2623722121533982 0
2.038688061812408 1.933608486469357 0
0.3679047165811333 0.4162627699312988 0
1.653806801862205 3.054591072931702 0
0.7399738251597919 1.891281858897872 0
1.186757776131617 1.740481466784871 0
1.423444717515994 2.502558889114147 0
2.573839222730243 2.510909862834748 0
1.017846299038544 0.9922450976877321 0
0.2194310444660195 0.6394995648066488 0
2.299221682236093 2.763737367356502 0
0.4478321367465298 1.369671087125096 0
0.562414411269211 1.875233303188652 0
2.345918381550816 1.674968745177672 0
1.711760033024813 1.405140585644679 0
0.2458789619244073 1.274467008299548 0
0.9949519767648841 2.269258430595794 0
1.884010453874287 1.633429588346355 0
1.602363589449963 2.135216220890401 0
2.141701782623928 2.375719523587509 0
2.654125506086478 3.320313209450227 0
1.829013499892422 2.825515330199261 0
0.08573394774075815 0.3055567822848975 0
0.5467665864667605 0.7530609985949307 0
2.595386045400533 3.004103617696912 0
0.1226505201622929 0.3395482691914826 0
0.04774325343842811 1.137204899866344 0
0.825423545123152 0.5241459007259552 0
0.2024169276835013 2.055701336387528 0
0.606582109090163 2.849511807957942 0
0.06080294043109014 0.3369205140203642 0
0.1613865247944486 2.000245961767838 0
0.2598370720283638 1.369178431187204 0
0.1748642769319999 2.091875244281726 0
2.688121455986593 1.82068374955209 0
2.36618598484324 1.98794736392271 0
0.1947950507151859 1.012496470573251 0
0.6382053908127974 0.8375170099834882 0
1.291602090635845 1.826673739663966 0
1.89406646245809 3.331172511499158 0
1.249001582961618 2.118505383194339 0
0.6945825915756403 1.725027664064718 0
2.663147624304236 0.2182093392667102 0
2.092769130653909 1.364572428662816 0
2.014868465807283 1.735815585928904 0
0.03043415973926544 0.02705575286597006 0
1.911823151405831 2.874862032242817 0
0.3601376529077502 1.078940188905017 0
0.6634547890354656 1.99900088902419 0
0.4699505760661392 1.09656275117017 0
0.3185047036604702 2.998632888734919 0
2.579145037114338 3.007449440314321 0
1.123562032124041 3.354506485144877 0
0.1572009742000864 0.3342634839060656 0
0.660237054180554 0.9569470790449995 0
1.827389814836004 3.086941091924833 0
0.3256433419735922 0.5816152325298918 0
1.921886547202279 1.512881615590208 0
1.721483278639372 1.05123031649368 0
2.533866655935774 3.036511111343764 0
0.7498092721535063 2.205952351085301 0
2.216770418292277 1.551024151060181 0
0.553690800764686 1.162120849811215 0
2.401038903475902 3.008195392619023 0
2.514341711705612 0.3195164163344522 0
0.2167777535012543 1.830482234895845 0
1.488253662180947 2.047320200564546 0
1.714456123719334 2.097350920038372 0
2.053667980014104 1.440817497249859 0
1.479322379670345 2.823125843292093 0
1.67596995456251 3.248827562684053 0
0.7170295370140813 1.22228191869878 0
0.5060084179086543 1.231503441508403 0
0.6717944981421085 1.854582777713941 0
1.510797042460062 2.537791913267405 0
0.9925541399561352 0.3858773121242756 0
0.05971866501180356 0.1827446679855171 0
0.1054257029935577 0.08416875439004934 0
0.832318499336998 0.6804993029725606 0
1.870399340955767 2.33517566561982 0
0.4846714160585388 1.418988297433955 0
0.4839318551542718 1.416115239476119 0
0.4856454211648131 1.413509504928887 0
0.8375562072938725 3.057157726677094 0
0.6378314247947821 2.511378619254035 0
0.03926604297250247 2.458184798834693 0
1.700610631199918 3.079137115357664 0
0.9416473242326957 1.143493763521528 0
0.9464109589023934 1.143872165651292 0
2.435413207654977 0.06367650899986166 0
0.7922359030759608 3.355140621399543 0
2.55604839680842 1.822447632797378 0
2.630661140942246 3.080632574648857 0
0.588642195187023 0.3075769793684024 0
1.84117320661267 1.869385756517783 0
0.7129810433644393 2.520319285333805 0
0.3085227005833737 0.1196447521900712 0
2.635099239862907 2.064117486888045 0
1.97011230311297 2.318391169369737 0
1.281592233333018 3.174581616992271 0
1.073265119054842 0.4199064545068272 0
0.9465455282234365 2.08224632108508 0
1.714157807089809 1.481470184874339 0
2.341151051870068 2.028309894565705 0
2.432049901828872 2.691904854335647 0
2.555275518892662 1.95235843074419 0
1.351674488375737 2.289928258358465 0
1.1201596676768 3.027786215687083 0
1.136351029031127 2.998534396934042 0
2.435397736946881 2.976997043146006 0
2.445640997287534 2.964966464407088 0
2.442425444978199 2.947641072270224 0
2.812167102229251 0.2191520689471731 0
1.879795137647256 0.8184935761133849 0
0.7182852976264166 2.623463568350464 0
1.255451564997087 1.16007225741995 0
0.7269383789396289 0.287619127289283 0
0.9117768284903581 2.086922280112688 0
2.72130302337166 0.2418837155457698 0
0.9342361484422019 1.149691532239944 0
0.9343426763111127 1.149670272975557 0
0.9344357475048728 1.149757955532709 0
0.9343685932405914 1.149757164421855 0
0.9343965491526577 1.149823204345368 0
0.9341616228720011 1.149623795445123 0
0.934450342324884 1.149850697297087 0
0.9345289326730386 1.149867945926176 0
0.9346440170038649 1.150104797040587 0
0.9346491061863672 1.150291041013221 0
0.9348878841499805 1.150582309330729 0
0.9347892982428199 1.150428235794409 0
0.9351887614810075 1.151058707452864 0
0.9349523941822826 1.150981224969347 0
0.9351610631957812 1.150741254558119 0
0.9344925484806921 1.149881651334775 0
0.9348932505468714 1.15071770821849 0
0.9349599860194372 1.150574572956259 0
0.9345715556315197 1.150052486329731 0
0.934666781302115 1.150010380799717 0
0.9345178071720226 1.149961887551114 0
0.9345825164491146 1.149987768952625 0
0.9345464766762402 1.150197796375402 0
0.9347187850194755 1.150587327811928 0
0.9350879491652688 1.151248202573333 0
0.9354518538223815 1.151364389560226 0
0.9355920114383556 1.151586689107102 0
0.9359273704376337 1.152092139031926 0
0.9354616791995255 1.151575902567277 0
0.9346275054668769 1.15004614415639 0
0.9352889073681698 1.151280362628247 0
0.9354523946140014 1.151108248276945 0
0.9346655366577376 1.150073092504901 0
0.9347074894677727 1.150144667825207 0
0.9347045600905649 1.15022120969582 0
0.9347498792010832 1.150313586397115 0
0.264093769450775 0.1458179852931702 0
1.724541740748132 2.832910478235236 0
1.489966251335904 0.3819248011228151 0
2.529060761425186 1.353271881818364 0
1.340286950386192 1.168698826898507 0
0.6631799473286493 2.798506021218229 0
0.5216859784479313 2.031293211834364 0
1.698239117770155 2.652941904404335 0
1.614304985166153 2.90644254696035 0
2.23990864728029 3.291292609249568 0
0.1786310589034845 3.432281375638092 0
0.1848760667888059 3.391140264821171 0
2.171886088570353 2.894136291802168 0
1.277551105077995 2.848341287794797 0
1.887733313354607 3.15547557312189 0
1.86664189560021 3.138329111538211 0
1.222287629373604 0.498295081905769 0
1.909938283676035 1.407284596067467 0
0.4071749875244941 2.263649522649581 0
2.000910798293695 1.431762363235413 0
1.605149206375688 3.04142806043785 0
0.5950687612012644 2.588583555152135 0
1.053554544410409 1.199450822574778 0
1.428809123016372 0.6895352453753865 0
1.806183901841909 1.477198922722839 0
0.4097222606646538 1.783708627028633 0
0.3977925338076311 1.793648480861501 0
2.691745296610113 0.1638405090827799 0
2.697872993132382 0.18139624800362 0
2.715627346467572 0.186735687833091 0
2.726674974466946 0.1791897088029493 0
1.519398397425984 1.18638762995887 0
1.529594985384924 1.17868960936259 0
1.887872546123491 2.137634102337313 0
2.187913440756526 1.5035518202087 0
2.174328785042342 1.491502111363562 0
2.358854958013996 3.333539994063669 0
0.4354765449581962 0.06860216879963676 0
1.223795009481237 2.550589022792383 0
1.669107509207766 2.630688222551947 0
0.2679222170397466 1.269234994597799 0
0.8384938852607779 1.385478363203394 0
1.091599645420217 0.8375408312926024 0
0.7844054037584932 1.829524151380115 0
1.186918302688938 2.020807651923197 0
1.911209757048431 3.189186600150901 0
2.020173939351916 1.837362094027108 0
0.860083494915166 0.3560637392984556 0
0.8490648227529392 0.3509414864707496 0
0.8231614452098818 1.098130983480107 0
2.233882995686902 1.828912467337392 0
0.3515787829801165 1.553289734599236 0
0.5426700680437907 1.196053721709459 0
0.4042064532035086 0.7028047381181772 0
2.80854504296473 2.334579764514331 0
1.650077549807759 2.269684463707328 0
2.82075 1.22755256127916 0
1.242308473183109 1.206366675255215 0
0.7544640811511126 1.34876305404604 0
2.08183990133378 2.297036049293547 0
1.49621249119626 1.325419465918229 0
0.5457722722827643 2.792222338707099 0
0.5074516976375311 1.222241221119964 0
0.8595134680563412 2.036778082048414 0
1.84744234135219 1.335496630874088 0
1.968448986586245 0.712903917864592 0
0.1315462817211448 0.1097514528845898 0
1.091968649067873 2.420336923287651 0
0.8593528060466417 0.3720065381511319 0
2.815760100635022 0.7868588238399862 0
0.2154637217620716 1.108400330553647 0
1.839399165035583 2.970085309311681 0
0.1922804355515821 1.640338390499865 0
0.04126399098548417 2.292216740830651 0
2.673975851345704 0.3286261844784548 0
2.66178489189655 0.3095152368956908 0
0.0824396186237919 2.002259352569623 0
0.07990810008522042 2.031101565551754 0
1.836448831903816 2.935025768969819 0
0.3801727305054454 1.535153783020474 0
1.777899113269127 2.655656708184163 0
0.169996665448225 0.8570769769763568 0
2.736931093977645 2.503900084664545 0
0.4366281155989756 1.330704308640709 0
1.516953642256004 0.6754413037151172 0
1.021913711869564 0.9593369282683388 0
0.9059441375158489 1.138556267756938 0
1.875560866200943 2.66131215530779 0
0.9926178082925164 2.123966878691068 0
0.2228470419948065 2.082707319899198 0
2.439934295530901 1.44259552902315 0
2.491968375311197 1.909945243577311 0
2.432691326242507 3.276816484162547 0
1.561496154623666 1.962922224241492 0
0.4381996719190306 2.058137595074397 0
2.125793040352454 1.500438013556162 0
2.141909401916613 1.505311712142214 0
2.14050944905904 1.489001190186899 0
0.713568923631306 1.967056144896798 0
0.9901283008556239 0.1051023713400017 0
0.6026993986613427 0.6756568394014326 0
0.2922186790184573 2.180371352548058 0
1.755004046291403 1.44375770568144 0
2.379927373461938 1.257905514001496 0
1.15218671637841 1.689789936708383 0
0.1031384775302782 2.150480407859606 0
0.8066427073597144 3.177642047774235 0
1.727286823073459 2.747756680387241 0
0.6245126810187016 0.6206336093694889 0
0.6277632596248071 2.696325175357283 0
0.6590341257652493 2.678975098004571 0
1.365749439637152 2.587635752783983 0
1.476184474599318 2.994411729125011 0
2.150248450585056 1.868849093489457 0
0.2170697131318078 0.4452612911973659 0
1.615722188982255 2.099453611775514 0
0.2385877261595599 0.4869419149963972 0
2.229301035898132 2.168655893576699 0
0.7346699788191488 2.517831473119425 0
0.7249953702075357 2.498498589444663 0
0.7233755439377172 2.480131508744429 0
1.788246779183621 0.6660230653942434 0
1.525054214626927 2.71940354529002 0
1.555280907639148 2.713530854463635 0
1.541321280566519 2.731546099938414 0
1.578961876407791 1.894117482277342 0
0.7875224580504158 3.275796434107924 0
2.716680888289857 2.710376038650009 0
2.788162538739624 0.3560141267307837 0
0.9685748356075113 1.194393742251696 0
0.9691651843326514 1.19430008453428 0
0.968255455853652 1.194113124163068 0
1.420391940112091 1.717436577579541 0
2.261476777672734 2.714771108695839 0
0.5779798678149177 3.093707628230785 0
0.4713461564430861 2.349229171989494 0
0.8464920292702822 0.4338007544152922 0
0.8547310053977215 0.4554737769553792 0
1.284623282975578 1.129465577071288 0
0.4779290590629393 2.184501228257183 0
0.9356670204964896 1.151871922107643 0
0.9355392737791747 1.151730266323911 0
0.505212224245712 2.524894959392595 0
0.9443682796412307 1.141973088093588 0
0.5094446270647861 2.258610568804496 0
2.530195583737368 3.037977667133151 0
1.043330853698058 3.215920988276126 0
1.008194044171465 0.7658343321981063 0
2.139699757702551 2.571506090238186 0
1.089551283776431 3.106002679515731 0
1.12477274032936 2.96914341585113 0
1.767663285728612 1.983614516080649 0
1.291797379820071 1.917575367628149 0
2.460332961978795 0.09315985593288034 0
1.861222313829487 3.273209969782486 0
2.362875444770789 2.49132515832803 0
2.501997693688657 3.427738219575864 0
0.4778111399795926 1.128179487327297 0
2.807906452709163 1.52590719390057 0
2.034845324788014 1.989626923951998 0
2.02046707771672 3.299876586301971 0
1.344782530431924 3.384077199763336 0
2.510572737653121 1.783956955355942 0
0.6328027506563437 0.1387016478933634 0
0.2414940218685337 1.235086779270986 0
1.731174416471353 1.824061358727566 0
0.949703596457788 1.130128453928966 0
1.060996334892726 1.724450436673188 0
0.9282563105405488 1.145447008385483 0
1.857456601934143 0.7690845447097769 0
0.3876818174332344 0.9489563060421656 0
1.359427897638749 1.048626707290218 0
1.87200939475837 1.897996641141101 0
0.6417143862696757 2.308936876267562 0
1.303966671225827 1.94398471414331 0
2.391067960428932 2.102304558685717 0
0.7051396039996146 0.5906670947162618 0
2.167759238621157 2.047560759768222 0
0.1978838702369048 0.2560194742203545 0
1.775734121753875 1.020395991163474 0
1.544949080598913 0.3244018634290293 0
0.8890989258821173 2.120744824251223 0
0.2327981835374864 3.186849506825395 0
1.593909291589702 1.835079277514146 0
2.53840399365256 3.04623198657385 0
2.521913731394354 0.2888974919194076 0
0.9857937466034985 0.3216370797914099 0
2.286087988820809 3.023070867825265 0
0.1088965748802935 1.208001025481249 0
1.51369627164461 2.388735640517171 0
1.96197296586718 0.5645140685754302 0
2.288407452376836 1.836412503134905 0
1.525084567025468 1.99691339627876 0
0.2805804319956962 0.3313323351325426 0
0.8434205728309966 0.04425807052627606 0
2.549036307975538 2.903013338870098 0
1.818034672347578 1.963522614711571 0
0.9294429357226878 1.138430645806078 0
0.3409338909647666 3.37415068793217 0
0.4400120562437195 2.391021225606341 0
0.2909807838430334 0.06858630651556474 0
2.074464884314431 3.337078446862086 0
2.683277771450624 3.208862856494515 0
0.9269434016708136 2.506393266297377 0
2.564643285012474 2.576826455421103 0
1.601481973189549 2.959948946031948 0
0.6456999340500831 2.936402754528884 0
0.5084532361298953 0.6583828095991378 0
0.8594770196632886 2.951699448138194 0
2.344581677668908 1.93430731377921 0
0.03031316484696989 0.1115246653477531 0
1.244069512937328 2.367945759343904 0
0.1313552980979451 3.323613174231597 0
1.074096279243552 2.764711643059736 0
1.314450316458284 1.741807659336568 0
1.665832292371725 1.473747621341009 0
0.1523457386453466 1.128996285563943 0
0.27043793792629 1.935582702843467 0
0.278387994935964 1.910756049733895 0
0.9784799835337998 1.207399011329024 0
0.5302297316017615 0.1652592737883964 0
1.988882753474328 1.605659483624352 0
0.7193503243571991 2.139993628050694 0
0.2460902571738623 0.3994101068766867 0
0.3064214642230243 1.005038212719044 0
1.003682539288552 0.83573025517723 0
2.745089027344131 1.354979598282706 0
0.9099332696847605 2.396300271220626 0
0.8822545803326123 1.965834555659089 0
0.2057605246247696 1.109089326544412 0
0.8456523214933289 1.986048121379445 0
0.1972882761833523 0.3627987629288538 0
0.6072021947059606 1.219669987419661 0
2.012119299495672 2.103394341510842 0
2.734439295338269 0.2547055316990585 0
1.427775381197266 1.349142060632179 0
1.432300898967219 1.329994325892373 0
1.365059721152981 2.448452429377697 0
0.2759092295697843 0.2302679330904609 0
0.7648954165181816 1.82370856895606 0
0.9570840590801223 0.7179215584835952 0
1.01524381771357 1.153440850327757 0
2.00128723335682 1.180209506809492 0
1.098677548675121 0.8268004853177476 0
0.6170414428968652 0.0984541898020872 0
2.654412172318992 2.70716135135045 0
1.371688651256228 2.241530422263894 0
2.41298497138282 1.885659475522346 0
2.246545286659578 2.380129606273316 0
0.8551419180583807 0.7125361957865899 0
1.82894662701486 1.227928164288016 0
1.096881760311488 2.515678180137578 0
2.185579172572706 1.717658009201117 0
0.7380934874455544 0.2531853959517729 0
0.655459288988593 3.132935235265052 0
2.495066880103602 0.2358939267007079 0
2.493995954225211 0.2238118820149979 0
2.515081525796552 0.2132979705109574 0
2.671053997110681 0.2077709606847902 0
0.9641025801589713 1.189143135732108 0
0.9648037863986163 1.188903216948818 0
0.9639307130222821 1.187980579980768 0
0.9645441521425847 1.189640856952712 0
0.9649984340895323 1.189880756362445 0
0.9654567473450628 1.190345034804674 0
0.9662908157648535 1.190931275105987 0
0.9662873322964292 1.191712675991413 0
0.9639937586924648 1.188344154545485 0
0.9644426990373994 1.188874144614693 0
2.146292092270699 2.4862884408354 0
0.3536243468109934 1.834595110369985 0
0.3451006245857253 1.804672409320493 0
0.3263252647666652 1.775961465102124 0
0.3288703627705551 1.759754727341324 0
0.3269434196443259 1.73275243369857 0
0.3263611001234952 1.748551071390963 0
0.321909801139447 1.753845217163854 0
0.3170406081117569 1.747904855425497 0
0.3152663180252788 1.733777133780208 0
0.3134063034375152 1.710843192838728 0
0.3094062208446653 1.694828493020694 0
0.3212003748460461 1.765485745777407 0
0.3170318381084294 1.758216299163005 0
0.3192710946964477 1.723246167663684 0
0.31717214362373 1.75276280829689 0
0.3754312549331664 0.06763230302653733 0
2.012238274104305 1.304880615322707 0
2.016230402833218 1.285307970478697 0
1.18542175281045 2.042793896699211 0
0.2349731771749126 2.432393053750858 0
0.7937827951973692 1.160167795167756 0
1.325274027110443 1.825758382623535 0
1.822677209387686 2.087095760963189 0
1.184667941608908 2.811747487403551 0
0.5677532345606667 2.91561523943534 0
0.772489497397161 2.144964476569793 0
1.088784366305125 1.865853819168523 0
2.173581326078361 2.071591347893577 0
2.318126424298063 2.669717786410483 0
1.389366208685364 1.916132313474283 0
2.721650571583889 3.25840761636168 0
0.9583655178738554 1.130355529251448 0
1.078685409023117 2.552733804691225 0
0.9442176969235985 1.399139558613818 0
0.3731982807053285 2.115808086201613 0
0.06454557744253608 1.011007306873996 0
0.2679121269033593 0.2613339668412054 0
0.5185829909280548 3.216499633283892 0
0.1080909514620627 1.269752469927974 0
0.1875219250333306 2.124199094648189 0
0.2956862666421436 1.012895293822261 0
2.608396897162133 1.804630009814357 0
2.603371724178507 3.107042586845226 0
0.2008311025135465 2.237778594929098 0
0.820407762676037 0.1396643649456502 0
0.3727331342019977 0.8096452366684408 0
1.138186205113738 2.889656749883253 0
1.137605962059397 2.916451274136773 0
2.533771145916741 1.641255819137317 0
1.222319635386979 2.077580342054426 0
1.063647161217955 0.9662907622599758 0
0.2694516635540927 2.781331048536246 0
1.116548217293748 1.964070395074671 0
0.2804661077455182 0.6194957873371663 0
0.05826992766114047 2.514636723213306 0
0.3067698658719369 1.258289403485276 0
1.429549629983693 2.881636340985865 0
1.119320152158276 1.892502225107705 0
0.9818966168839323 3.117067824573531 0
0.5860595811576944 0.1676522947879167 0
1.471133998237188 1.444419509003667 0
1.201085664684719 1.454760910306289 0
2.467968879376433 1.718392217414474 0
0.658525762948133 1.74600289290891 0
0.5099395233668941 1.707666608252113 0
0.2097688079306108 0.3186815439418131 0
0.3317001871053213 2.735685527099801 0
2.301640534507818 1.976897161825667 0
0.9623008777273281 1.108405605420654 0
1.687471327072643 2.533394549986373 0
0.9565958010938564 0.4560398858156245 0
1.198326133091729 3.379025974184857 0
0.1500274558679744 1.956382002540522 0
0.3846777177851641 2.780154166897377 0
2.529911499311262 1.56750486224967 0
2.255972117255678 2.360499555660318 0
0.2586152333068026 1.735964817945934 0
0.09102528785557085 1.104473391831186 0
0.8930668221187344 2.794495028773094 0
0.3736118000292328 2.583396599630994 0
0.1837785340815745 0.3503523461068896 0
1.463533091792362 1.402504974239242 0
0.889471076118631 2.851508176431579 0
0.1292424349071648 3.4365752841316 0
1.272250590692376 1.872974511108798 0
0.5683819731987145 0.4922789275553672 0
2.766819570351528 0.3299533849429412 0
0.7004844465397726 1.12501008332664 0
2.542912997234295 0.3452283035211021 0
2.247146384318805 0.5596492103569244 0
1.354045437685635 1.141499171217497 0
0.0697158751602589 0.3321544633723241 0
0.07642847710165968 0.3249384877631596 0
2.581170610127093 1.534693998991326 0
1.717244024940321 1.526651702256032 0
0.9403727752138367 1.139562447985585 0
2.555948635278835 1.405692215022009 0
2.502301407719008 1.88940772436795 0
2.739171098897775 0.452703019652968 0
0.6087344926252907 2.632304004052853 0
1.85924917999038 1.5232964740886 0
1.015844415874562 0.4921174652294797 0
0.9450707749440066 1.131386620000477 0
1.907490942742673 2.671698831252521 0
1.232096328255287 1.786094404377453 0
1.760464365264177 1.07589797773667 0
0.557926480165535 1.673118428042887 0
0.4819388816849908 1.141474416196497 0
1.973348592087432 1.769159155239875 0
1.369445429727337 0.3971594510356073 0
0.2334665681484169 0.724518303047841 0
0.8554711891636584 0.2220480917986798 0
0.8418571631847281 3.131701262807093 0
2.312991744817891 2.741224951246318 0
0.6228049574702003 1.573219369864599 0
2.185128128397247 1.353955890913968 0
0.2639844194756966 1.596590453364818 0
0.4657026661506259 2.621300628778674 0
0.4709335372947027 2.632649390007332 0
0.9233299381764967 2.463790976836965 0
1.319215813557197 0.2164471396126877 0
1.358908087658026 0.233384271293144 0
1.190025000626133 0.05065897083964832 0
1.321667746769568 0.2549815940543816 0
1.158843556103608 0.2417484395126754 0
1.421494493586065 0.1910135575217784 0
1.271847617038572 0.152709037273616 0
1.231140210474794 0.2700953744493402 0
1.225836313688442 0.1131287723125047 0
1.069813754899704 0.04612957286568786 0
1.284329502409019 0.2376043832018819 0
1.401234512213184 0.03118220301011299 0
1.461578240671933 0.02064186509773025 0
1.360149109936814 0.1820177617002552 0
1.082071999254156 0.07982446429221079 0
1.097531500167656 0.02868745686400698 0
1.155181542574326 0.02976949002995699 0
1.475448020067084 0.1615830956877136 0
1.371521032268322 0.2595282378971189 0
1.398995872595328 0.2381543266473138 0
1.2744120923128 0.1973368066301189 0
1.321821543432823 0.132727185335777 0
1.134965062927396 0.2845810864560288 0
1.191390216687077 0.2801759806616408 0
1.348041386984599 0.2666503932958995 0
1.094420592960544 0.05066437883625197 0
1.399914433175742 0.09213764436902649 0
1.15424114229042 0.05555153078995279 0
1.439637995703377 0.08362127521696583 0
1.297886961612786 0.2696283113615827 0
1.254919831711883 0.2890155729204869 0
1.254097030129943 0.05461303154581376 0
1.260357975373957 0.2606353348021477 0
1.488910706812817 0.2088683292010889 0
1.150363335229474 0.1522474611805782 0
1.114593329451687 0.2292167148818565 0
1.307117277854853 0.1763819997936542 0
1.228360051774751 0.2942673856062934 0
1.385162528405628 0.2101731689709703 0
1.10891302328205 0.03483795892506469 0
1.365294886432805 0.2755201800820597 0
1.140103813226316 0.03640614221693395 0
1.236755120895425 0.1766356185534819 0
1.159266703464128 0.1957632137069627 0
1.358149141601716 0.02893801318602041 0
1.270324047508097 0.1110312843231669 0
1.759572780699082 0.02865138415781798 0
1.724615547079296 0.0250836294320913 0
1.738404267340176 0.04284525946390016 0
1.813600000000001 0.06371891891891868 0
1.781719409870892 0.1415066434934056 0
1.726399768090255 0.04125215534822457 0
1.739818923527167 0.02595677940716268 0
1.84329388628437 0.04161824200371189 0
1.756908259656831 0.05940491333191655 0
1.781791393787615 0.07291776736989153 0
1.731577321688928 0.04826302995507525 0
1.745231212991422 0.03742748897272796 0
1.691477056777915 0.02956748629812478 0
1.786822766612178 0.2421264688912435 0
1.700165139120664 0.09663868697274469 0
1.785654658219588 0.02671168842913163 0
1.733459187307378 0.03591364566460498 0
1.799636623131288 0.1757669230254431 0
1.781428323196547 0.1175469563177305 0
1.700171918497399 0.1663497819889359 0
1.868209479887584 0.06851821419970405 0
1.875233879616257 0.22500589028703 0
1.732260899467242 0.042052403682874 0
1.726328687905805 0.0483168984880078 0
1.749611547353178 0.02847273739175282 0
1.738627965205046 0.03647185390781971 0
1.838181422843465 0.1169282938943312 0
1.767706506133914 0.157952712979597 0
1.918001516798199 0.1427321183596579 0
1.716709004044995 0.1318294683131345 0
1.782265484720543 0.1933499999999999 0
1.783046852097441 0.09419571161419138 0
1.87027102046488 0.04146485467485439 0
1.827527955777967 0.02207111436069709 0
1.793237943751351 0.2725237259012763 0
1.745099809177925 0.2520466801127765 0
1.914157047515385 0.1768013020843069 0
1.739367300187143 0.06795989890572551 0
1.716510935441847 0.07616436410231331 0
1.803332035804256 0.2567761197740255 0
1.778703545902157 0.1714625004800108 0
1.788504279908146 0.03441532896626098 0
1.804513352127958 0.1991631733581909 0
1.813600000000001 0.08079187280991174 0
1.851421971696951 0.2101838870382935 0
1.795305731780476 0.1270479343465631 0
1.803277850556668 0.1520968873829556 0
1.969671858046476 0.0419911493744074 0
1.759899368510412 0.03388496638597105 0
1.736892447990904 0.04500574449440897 0
1.744014408536566 0.03976968770735634 0
1.730409891195873 0.1736090881996093 0
1.690997898207656 0.1853848181337776 0
1.728131826283634 0.2191693868918945 0
1.788431830290091 0.216050466563662 0
1.838450889252912 0.05810744420352565 0
1.742288452260564 0.2012070018953875 0
1.632244784543642 0.0400853279467146 0
2.024301559674412 0.0363141061690555 0
1.726943798577262 0.03347736767991649 0
1.733549840862568 0.03020460122369273 0
1.894335106066727 0.1202264228847261 0
1.886898945063385 0.147326640554782 0
1.875808824226605 0.1082549358738532 0
1.763555291125601 0.07801808138407718 0
1.771859219392003 0.06283225427686756 0
1.681817454176264 0.1729336500306784 0
1.730229984520693 0.0449486558886405 0
1.742500270348368 0.034221373241762 0
1.938085159387498 0.02460082505363825 0
1.850418044329071 0.02271941155782065 0
1.685469359421864 0.1238645917156804 0
1.848647873193584 0.2374415556686214 0
1.768106884427257 0.100865117506916 0
1.76516677830527 0.1248517511062626 0
1.936842590473453 0.211571719400631 0
1.721547607230044 0.1574237492014439 0
1.946586195837322 0.06896630454778241 0
1.735928953462149 0.04045778144272139 0
1.757662312055444 0.1683431542637477 0
2.066916724167603 0.04045956050735899 0
1.79662200698063 0.1094610906188116 0
1.787524492238331 0.1583393190625442 0
1.663896868264311 0.02701056284896786 0
1.788748186541946 0.2620315786416365 0
1.767229242264301 0.1687924426624734 0
2.100409763784972 0.03406099332040524 0
1.893076894734901 0.06663091311404523 0
1.792213713009105 0.03053918065376315 0
1.78868545419244 0.01714757661669419 0
1.810281853925948 0.01423459061726762 0
1.796964041685124 0.03634856529461095 0
1.803455254443978 0.05071977095706948 0
1.796302249271657 0.04289109612841813 0
1.918142697609894 0.1065310436645386 0
1.67066065593507 0.09771530320316879 0
1.827927764224766 0.1063904042647912 0
1.764798173577519 0.1460027768948164 0
1.766676430233044 0.1926737596762846 0
2.150378572575088 0.03690365736983292 0
1.49534552764823 0.07255721169651652 0
1.525139534977611 0.06308819745531458 0
2.756571900433427 0.03693979052974949 0
2.8095518080032 0.02869914883446367 0
2.821243633119375 0.06322671842684691 0
2.766221565073145 0.08142641727663502 0
2.751788874999995 0.08001674204947595 0
2.76494204041221 0.09434204918393063 0
2.163198457289985 0.09269792310468516 0
2.170090569090026 0.1247048615963242 0
2.031112022681023 0.1281219574346357 0
2.09934128891486 0.2664368603552378 0
2.126842997598599 0.2589302839490253 0
2.1147 0.1890455651063061 0
2.085236683578904 0.1201846010523275 0
1.988747938531069 0.1101593844893107 0
2.032087115523656 0.1587474552559425 0
2.061053714477415 0.2708468459938425 0
2.045722480617045 0.2094547997984888 0
2.086185236325971 0.3020810577318516 0
2.11412899965215 0.2323990569234426 0
2.037360551625122 0.2615813763796171 0
2.10588752764066 0.09670327306050153 0
2.103953903569219 0.1379480821610057 0
2.125397039325227 0.2889619227238063 0
2.136741913657612 0.242180757128275 0
1.999746987169806 0.1488290148189388 0
2.060526270093635 0.1018157273810658 0
2.07706977460768 0.2451492822331811 0
2.119964898328111 0.2098842353199268 0
2.06444948927048 0.1423640674667694 0
2.027297246261145 0.09596941386100255 0
1.621920855946026 0.1531564902359033 0
1.642303297678511 0.1871360017456913 0
1.604558998536317 0.1885411926964582 0
1.598670195461636 0.121500990914126 0
1.542822617888405 0.1243195553762493 0
1.591597687811113 0.1567932912156476 0
2.244931103058595 0.1016725634533451 0
2.292313615117306 0.08764112349648601 0
2.289677177761903 0.1041565396790924 0
2.267813710143798 0.09674119451642227 0
2.259484165672768 0.07739696161536935 0
2.228146037327604 0.07876296697857921 0
2.173469985652599 0.1876651643785203 0
2.219545918373688 0.1718121870923879 0
1.659902317598381 0.2861979069121463 0
1.640153148356399 0.2531801853074367 0
2.773594670190482 0.157086356881029 0
2.78505549191794 0.1743947682536136 0
2.206462031894274 0.2330529935151398 0
2.186408311336037 0.2890881925848685 0
2.23416141056899 0.2301132476518297 0
2.24762864723506 0.272767758812821 0
2.212646514550832 0.2768545936192912 0
2.174466476977012 0.2515889154981779 0
2.284101187576487 0.264930234111457 0
2.185951774780238 0.2691612292942489 0
1.698064460179134 0.3359027136968522 0
1.98870175148534 0.2768937904760596 0
1.939314794018329 0.2833715407229838 0
1.961776323082275 0.2812907389865826 0
2.328607709882655 0.316864755149378 0
2.190730921721909 0.3460709608067036 0
2.255433715019002 0.3232700235797499 0
2.313267723020542 0.309586872139856 0
2.282421561670613 0.3233954988437686 0
2.325341911400639 0.3322843865498732 0
2.145960162926348 0.3471571747673934 0
2.112150656197865 0.3661681080347621 0
1.776394424400813 0.3165465112563572 0
1.798091969590375 0.3170418206980099 0
1.72576806782306 0.3261539006075234 0
1.779059520389732 0.4469956508569075 0
1.753189862250898 0.3777247090719222 0
1.842071470891353 0.4356041146279672 0
1.73761555598634 0.3608697961557403 0
1.815592381517258 0.4397149316393993 0
1.83563366272167 0.4116010948555253 0
1.706082120734524 0.3802477999120337 0
1.875263419967591 0.4179853127059698 0
1.725098537265527 0.4038598504380297 0
2.015881828193832 0.383899999999999 0
1.798448262418993 0.4227811171627196 0
1.797221486713577 0.3588999999999991 0
1.823039361141601 0.4238233485669081 0
1.759567954719153 0.3607400595343166 0
1.954164014166808 0.4000909734608487 0
2.384453031907125 0.3178400956483607 0
2.415351782715629 0.3021195664881255 0
2.361589361670419 0.2955947620836481 0
2.428063304053835 0.283962095274918 0
2.21788023083245 0.4193672199961915 0
2.247200339917132 0.3832558722927846 0
2.283799515450779 0.3935487548487806 0
2.19543769072633 0.4073897604252807 0
2.297273564533624 0.3718660415527446 0
2.254146356446419 0.4069765082883157 0
2.183435916605726 0.3891709339881595 0
2.211178082031391 0.404460299676952 0
2.202596772513123 0.3914394986996059 0
2.151945049214184 0.4096910665242608 0
2.160350924061378 0.4287936033618687 0
2.172605379954936 0.4271685130338008 0
2.163550338307624 0.4189382957299825 0
1.933395302607263 0.3447403378032956 0
1.905059878597722 0.3555689251630236 0
1.836439989610947 0.3233983039763053 0
1.882532816237485 0.3512945250955752 0
1.859142187788728 0.3663325767672834 0
1.86043399434887 0.3179006966583131 0
1.880789734658432 0.3055755760086718 0
1.956580565259519 0.3409752313025436 0
1.833255907871943 0.3731164769166035 0
1.94092116900099 0.3567980072163504 0
1.995976113051904 0.3333950462605086 0
1.858898020412738 0.3022880265948702 0
1.894991628149078 0.3421020443589533 0
1.912073817761105 0.3338447271772143 0
1.946855797391382 0.4619822997519398 0
1.907392632898564 0.4758290319406386 0
2.006421014637184 0.4561020144894137 0
1.8567 0.490991891891891 0
1.805688939419033 0.5006426330828846 0
2.054915895038272 0.4451769544215107 0
2.476403883768301 0.276759962437739 0
2.473234109793103 0.2946775229458847 0
2.373738719334112 0.3656359557535049 0
2.418734629604816 0.4267830757613353 0
2.423711666283941 0.4056896394870282 0
2.439205083022735 0.4362141807878113 0
2.426021211104312 0.4465549238489173 0
2.406822395740634 0.4127080834709311 0
2.436130275782298 0.4168773792072349 0
2.330103067702186 0.4441226797392914 0
2.354813440879261 0.4384556272968148 0
2.392422993781103 0.5204202863043874 0
2.348635860568609 0.5119430394658413 0
2.401144514637192 0.4967307422477156 0
2.327483914055489 0.4952157339596353 0
2.401439044392496 0.6079736332880741 0
2.3779996800113 0.4989833784489661 0
2.322881639079184 0.5272412153267689 0
2.413520198948806 0.5117611062994869 0
2.369129961486265 0.5267449868077454 0
2.3562 0.5734843945312502 0
2.348539492226811 0.5370933639450712 0
2.366953353691347 0.6085380042067818 0
2.410338638545982 0.5293588253957748 0
2.311390703477967 0.5825465421192468 0
2.341268404751622 0.6187493916822779 0
2.271468495036297 0.5081577924932672 0
2.478027213109879 0.4225138838063118 0
2.299773528214912 0.6266602591815322 0
2.158218339518789 0.6612668996775775 0
2.212864364415648 0.6548239847614199 0
2.176805977084541 0.6597370544776 0
2.191175987847629 0.648238865254716 0
2.236813465181672 0.6492799720470361 0
2.657750000000002 0.3889519230769185 0
2.680157893609701 0.4041229438908291 0
2.580211005266173 0.4010129650845218 0
2.653348272166138 0.3676324333341143 0
2.627458614292629 0.3631607060278514 0
2.596392713234708 0.3774691242764883 0
2.53096076698499 0.4930582084196342 0
2.514235946021904 0.4655031603554796 0
2.504879342601379 0.4978122737550228 0
2.541949731760675 0.4653692236444775 0
2.532630499885713 0.5821754321298656 0
2.574483126741582 0.6182014948820105 0
2.461573005175825 0.6375663273149696 0
2.542020010216183 0.6134390326610135 0
2.490996006114191 0.6353950561958386 0
2.508137070911744 0.5903341211408828 0
2.596511736483356 0.633747478828756 0
2.505135991869142 0.5617276525600072 0
2.554295823350614 0.5662732523593499 0
2.467393390654932 0.5990312662996844 0
2.450261901106155 0.610150265134249 0
2.597096144425181 0.6176014315565688 0
2.623458237207775 0.6264687864458829 0
2.563194302135026 0.5915614764770625 0
2.587197148515501 0.5475744511740774 0
2.533253262207557 0.5534875728670872 0
2.612663223623263 0.6267235393662416 0
2.522507625167857 0.6030812366744396 0
2.550129071837783 0.6369244519044055 0
2.587804714660358 0.6032628805831284 0
2.296834456622188 0.6977478489209714 0
2.319103061112045 0.6830497005306537 0
2.399859743492907 0.6685295455245412 0
2.368371487173741 0.6710867864611427 0
2.629759742043998 0.4670754675348461 0
2.667421900932275 0.4634501589487923 0
2.685064708318204 0.4823953376235666 0
2.63772839770274 0.4890545212559825 0
2.612181816102952 0.4924269419735106 0
2.653211619889598 0.4801586154700277 0
2.599869954323789 0.4632452166406813 0
2.667987169139185 0.4844794454470625 0
2.322479019275113 0.744498972426819 0
2.350271062635119 0.7480753022624186 0
2.320799183497056 0.767549974697872 0
2.306675956602903 0.7500391704019941 0
2.30489553953386 0.7321786251355318 0
2.411297253745001 0.727631130339875 0
2.406780048230321 0.7485630630283162 0
2.217031739487842 0.7185139688229039 0
2.249257269116499 0.7153745482024996 0
2.223168569995081 0.7544876277536913 0
2.232197801720868 0.696967703405081 0
2.702785993119478 0.5175534813236358 0
2.728155305741539 0.5091777115722755 0
2.708573379746013 0.5030966441052436 0
2.7430791557692 0.575989007959411 0
2.715523936323381 0.5412340240875839 0
2.722496564783944 0.4966875846133543 0
2.724938449704836 0.5234217250938151 0
2.747235199095482 0.5374080591593606 0
2.662596534503445 0.5372635435932303 0
2.715772232238977 0.5165319186036603 0
2.699003858793426 0.5702741174482899 0
2.713278331999791 0.5887235569807954 0
2.632932046871162 0.5387175878555013 0
2.663999999999997 0.5905670013862416 0
2.714672718209969 0.5282453760269119 0
2.702832093406298 0.5308208640946512 0
2.7411623951368 0.5230351444936303 0
2.729840831153838 0.5631090515918833 0
2.728064045560401 0.5775763023617286 0
2.728422116411744 0.5338240548102169 0
2.691308852579403 0.584094510486967 0
2.514211100067275 0.7008833249336635 0
2.475759071314541 0.7148875654948708 0
2.253487277743679 1.017333610104975 0
2.280082063248805 1.044229365404913 0
2.348876055513205 0.9656032162738553 0
2.314760615512124 0.9002075232704621 0
2.289011296118432 0.9827578161935171 0
2.275638469336272 1.022572689828995 0
2.351476678263388 0.9071497864342492 0
2.294799899528646 1.029676225156689 0
2.27071319344155 0.996084587162124 0
2.24089380047061 0.9894169957515122 0
2.32513561773858 0.9476719817119139 0
2.353834283629923 0.9513206942718558 0
2.409113504375028 0.9297720401590429 0
2.340596774259877 0.9380036444065083 0
2.263106224205834 1.037740123178491 0
2.407124875066872 0.8849537923538984 0
2.268873632735329 1.072043187050681 0
2.331521611459975 0.9156039211945489 0
2.255575191588211 0.9191590842489855 0
2.233803273957901 1.004170045706281 0
2.218472178681747 1.035141167489297 0
2.311901107723804 0.9878145537871635 0
2.285447672291977 1.020968681295423 0
2.279409627926055 1.007687168722064 0
2.343474314350878 0.9170915945839375 0
2.336838912308418 0.8977703933943872 0
2.294943263999153 1.065467403970672 0
2.313434924326269 1.069933013619191 0
2.268223368162025 1.012103395814028 0
2.345059255439708 0.8195620101894314 0
2.409261873007503 0.856741075001886 0
2.3206131462101 1.020595444362717 0
2.25393999497746 1.000787221186603 0
2.264399893975642 1.025245747189691 0
2.287243488978741 0.9107866359273663 0
2.356404315676647 0.9176988558427681 0
2.219500624935691 0.9863606803177956 0
2.290628108193553 0.8159455181554334 0
2.268357519661636 0.830140569095302 0
2.350091868990396 0.9189977851795534 0
2.32739302503656 0.806064624425186 0
2.262569892014842 1.05454120000199 0
2.38229571697854 0.880502510802365 0
2.337378389658027 1.07225587190252 0
2.29211481369312 0.9651005080526086 0
2.2816225636825 1.030178525569228 0
2.333253816506912 0.9622561212194323 0
2.375231236978824 0.8016443812797097 0
2.263268072803272 0.8881698169249403 0
2.311802338546708 0.9218780072004197 0
2.22722442484105 0.9958369304438972 0
2.3403393095297 0.9529711315767131 0
2.214338988859848 0.9300407417775056 0
2.299714837351294 0.8768239332100647 0
2.298112161942476 0.9933348506066781 0
2.29750557828836 1.050014024940398 0
2.427643848908018 0.9514942684618003 0
2.286229669939229 1.013856779763734 0
2.253242020401133 1.08165126827602 0
2.290081810439963 1.018375421553961 0
2.393975244120779 0.9042679846189624 0
2.253361956286779 1.029087948816586 0
2.241195692226811 1.01745962081086 0
2.246423113629953 1.035766504112423 0
2.27273409178038 1.032408254784508 0
2.244664007875293 1.005833498712046 0
2.421316215788425 0.9016915548260713 0
2.293836591970201 0.8356068921586162 0
2.23290319172446 0.9253449231120896 0
2.354602790809719 0.922166870603828 0
2.325062873034367 0.8794603699749828 0
2.278989761531112 1.015437743084848 0
2.241562826586368 0.9040336831021984 0
2.206783023005898 0.8870927475909542 0
2.28030028187482 1.060067648815625 0
2.420777247332078 0.7957579985080714 0
2.403627528110612 0.9430415082812167 0
2.267831891314432 0.9317661440436904 0
2.300013186263831 1.078107705683669 0
2.282680101644933 1.077116210070737 0
2.253477109030261 1.068247131065738 0
2.343079927778794 1.054678911074869 0
2.355082809594246 1.066614775612254 0
2.300853887656392 0.9763258680711173 0
2.057818387664352 0.7015625433998716 0
2.559224867372432 0.8702602022489965 0
2.534109919437022 0.8745690786319728 0
2.505591788507957 0.9450790601079349 0
2.547681574299253 0.8061738885466816 0
2.493798815735105 0.9814377519210919 0
2.505060473633749 0.8288082780441031 0
2.524707946456991 0.8788173090793379 0
2.55964258349065 0.8392632688541488 0
2.585631143345065 0.8665097349211707 0
2.613362941759726 0.8107135289269883 0
2.480078796968149 0.8679615497673262 0
2.534706863918665 0.8835988031995565 0
2.504896065981492 0.88075801558831 0
2.500243048770067 0.9628062247225211 0
2.488371319422329 1.009296663464133 0
2.476341009183265 0.9866924658764263 0
2.538378933888993 0.7753698074335931 0
2.482369025749692 0.9201019505481268 0
2.536831039447476 0.8226842893502075 0
2.471951241414566 0.8397402887167178 0
2.49840042274249 0.8541038412604056 0
2.607697803010955 0.8314709808073337 0
2.51369022409406 0.8509780298261274 0
2.565796726942756 0.8180436044499461 0
2.473092393457393 0.8083662287089731 0
2.486906905810947 1.064031223117964 0
2.508615792750982 0.9213378334492495 0
2.480680505959479 0.9426220006884886 0
2.576356503327401 0.8325222364646501 0
2.506835466126293 0.9776359941609033 0
2.482078304531236 0.8957584583105459 0
2.757518763759881 0.6406422745220635 0
2.597719978298438 0.6865338078854453 0
2.716297366763266 0.6528952270853565 0
2.671756670964559 0.6678700291704043 0
2.772716642738792 0.6612775214625308 0
2.637178130605885 0.6843867582675927 0
2.743255881265676 0.6706501062543624 0
2.120763474646801 0.8135852912331231 0
2.146042366856254 0.8545870772463066 0
2.159897509872422 0.7901664586464211 0
2.098877736521728 0.7958814856762899 0
2.171603670100596 0.8433203225128734 0
2.12184681865822 0.7964542438637321 0
2.154871396287295 0.8725671573579842 0
2.129004217987776 0.8081437239411021 0
2.135034055925622 0.8368074305884736 0
2.112701893102475 0.802556402022764 0
2.672836218917544 0.8141795826995923 0
2.666756511900119 0.7852819667893021 0
2.696468546163532 0.799902309897779 0
2.656602032088399 0.7492354054886812 0
2.440447347718297 0.9927947852372574 0
2.054653539896123 1.101326908818182 0
2.085191058465573 1.112415142278173 0
2.074173896080085 1.093743296100228 0
2.095852531924652 1.052818262621691 0
2.126393708566082 1.026716580410842 0
2.091459365501896 1.100191194703128 0
2.044820207719984 1.076805426586358 0
2.042717460555826 1.039758615523703 0
2.130948186884552 0.9385056379508248 0
2.061553752896739 1.075553941725904 0
2.068648203409434 0.95926336533872 0
2.063828620193739 1.124742653944463 0
2.037803427105601 1.110258153757907 0
2.163829908936277 0.9974705053313744 0
2.141895741541351 1.097246331666367 0
2.043171753980143 1.122899482689883 0
2.117589827965483 0.9156937466822451 0
2.058522274131763 0.9255834883024369 0
2.162451551301609 0.939671460104305 0
2.067361948322172 1.108272100135916 0
2.131440686570862 1.057518076525657 0
2.051219481218007 1.018684899216272 0
2.113051253138597 0.9599211700052674 0
2.096508312348729 1.068819263062907 0
2.022097964889168 1.03628997055658 0
2.161968978924633 1.03118392527319 0
2.054403878314872 1.057918379001549 0
2.065235152646108 1.037324158629835 0
2.105771105093338 1.038190261047996 0
2.035150736406681 1.060287810033758 0
2.171238038090091 1.095376119889516 0
2.112573670324254 1.007863399988928 0
2.028924194289956 1.075719220482985 0
2.052350771702173 1.113314069225319 0
2.141931307187654 0.9179246403500106 0
2.145988548779908 0.9561714107671671 0
2.194798602235354 1.086554833222778 0
2.137718047604546 1.004598723641127 0
2.084526867325239 1.039861378933451 0
2.171481098925037 0.8944192698396867 0
2.107734527187516 1.05936917265165 0
2.034098707086224 1.025486929874583 0
2.088799233072408 0.9653110103505711 0
2.759433176318754 0.7613285775426708 0
2.753712948363855 0.7223363259045974 0
2.750965658138554 0.7924154656004001 0
2.305104713403282 1.132136343883857 0
2.425849924547212 1.127136156598041 0
2.325081851829905 1.186833918833838 0
2.391655678765278 1.029341612019517 0
2.321613263533016 1.154135673263828 0
2.29287123237464 1.156201647904542 0
2.377761158116441 1.128928993004324 0
2.431674882347447 1.156743825827081 0
2.27498207578426 1.196188506269628 0
2.316000000000001 1.110660202956375 0
2.434280451219278 1.090656269368061 0
2.243434933842734 1.124496914065238 0
2.255553590920546 1.153187117243049 0
2.292995518946065 1.194297126567407 0
2.403461267091528 1.129716692384015 0
2.369928429511293 1.106855322218524 0
2.252904712302997 1.173151093782605 0
2.285634541089522 1.113792117827637 0
2.411459131144823 1.008460579236786 0
2.379591194466097 1.008755907996484 0
2.416482168007695 1.041874690442889 0
2.392990421407675 1.05309390096842 0
2.300999999999999 1.10441404006186 0
2.285262097373489 1.140266021923207 0
2.417032371124821 1.107214343637222 0
2.356703706107576 1.145582377886279 0
2.441726788887366 1.113418200086611 0
2.416646297846821 1.144323691303244 0
2.274083635272381 1.105123029456909 0
2.305282547770263 1.158744698279126 0
2.443671838471275 1.139006736684216 0
2.409410305830542 1.090783942903952 0
2.61656644454896 0.8586155582092213 0
2.640894479306448 0.8551135863400841 0
2.612632755740986 0.8706260702093429 0
2.72752188817242 0.8385366126511308 0
2.76464688817242 0.828997627502616 0
2.649622560628836 0.9214470111588873 0
2.633679201959251 0.9340695646538663 0
2.624137176509381 0.918500977849834 0
2.657388558267618 0.8916199327378039 0
2.627021000454763 0.8979976482668829 0
2.72987451528025 0.8922194909344052 0
2.756826424408943 0.8965979598074962 0
2.741649503562303 0.8700851106646587 0
2.747997214110383 0.8830036939209126 0
2.477435399280148 1.146236178954254 0
1.970767787659168 0.9081271612866899 0
2.023379429205966 0.9751449594970438 0
1.977254222572277 0.9257088138143275 0
1.981490844514455 0.9406617627628655 0
1.990613591973396 0.8979705422356156 0
2.002994620364655 0.9896966914112192 0
1.990595891345036 0.9153014872104529 0
1.998968512392655 0.9685604127270658 0
2.726111708527598 0.9887634606707785 0
2.703220802710906 0.9639997077435201 0
2.769054145733669 0.9661241455431896 0
2.754717689657649 0.9447615526522632 0
2.641107396098976 0.9906528691619985 0
2.666202186759832 1.011811960816102 0
2.612425448001615 0.9765401350567382 0
2.147842349037692 1.171815100195117 0
2.18714917481724 1.15563385936731 0
2.107940928146309 1.177802375966789 0
2.204571265787227 1.179807080127465 0
2.097042020581708 1.202940264122711 0
2.078804792707151 1.178325322050837 0
2.175700753256426 1.181556643078728 0
2.126786729051992 1.193035257408936 0
2.152392492098366 1.193263125925293 0
2.748496685422236 1.062827922351947 0
2.770377973013358 1.038928319241218 0
2.720214759042261 1.049607794460905 0
2.670248464893923 1.060539612955503 0
2.682004907750712 1.088128457760493 0
2.731380363006174 1.077851405656933 0
2.777174931687119 1.066132538641213 0
1.975350392468734 1.058292100045021 0
1.927045857544758 1.080753220484217 0
1.863919591101625 0.9898985985170223 0
1.860411143904732 0.964428072339625 0
1.853532085870671 0.9395499999999993 0
1.955172898803829 1.003655293820104 0
1.886235524639247 1.083844837899555 0
1.880514743250004 1.014593325276121 0
1.905482948650001 1.011418665055224 0
1.950395519163716 1.055617006409873 0
1.956448207520712 1.084124792804464 0
1.932127213854946 0.9209382997202075 0
1.8578792118028 1.051486513255948 0
1.949437461217018 0.9593437038836949 0
1.918097253318521 0.9691159522494812 0
1.991225543168143 1.078172339278399 0
1.88431748171383 0.9786523871739358 0
1.882512954016365 0.9947610777417699 0
1.963814945381884 1.039752092128248 0
1.984156377397424 1.035590628041867 0
1.84775365379345 0.9533206243912075 0
1.89951734523033 0.9277796066201253 0
1.922055526795478 1.05597801894417 0
1.99252646260686 1.052051013473057 0
1.851302709230886 1.011195687409818 0
2.540622654080902 1.044568911682006 0
2.528007877427555 1.018667201054481 0
2.525306225065452 1.036116426904242 0
2.529858771562151 1.049630659337779 0
2.56592953084092 1.007005165748974 0
2.555360270340318 1.070488209050553 0
2.54135405171983 1.023317652839881 0
2.534591536004381 1.055071774012778 0
2.580890010877401 1.104931276314769 0
2.55188903476185 1.091710802942825 0
2.555181264364619 0.9809413478029846 0
2.585259041580013 1.029868208544377 0
2.541712115525717 1.075822814637965 0
2.532997242623039 1.041224136815378 0
2.536934989058858 1.033713439278142 0
2.575512167995518 1.080618946330605 0
2.547232329348045 1.039752022288119 0
2.55494371709337 1.048315564161422 0
2.543942078039882 1.053192443492108 0
2.525605422330812 1.041495640221586 0
2.524991048473241 1.049981574889841 0
2.535744840635706 1.048512422867034 0
1.69224668685933 0.9353597488606085 0
1.801427534618546 0.9156691043026223 0
1.662709883491372 0.9312493861730605 0
1.67443131407014 0.9499118270067339 0
1.74648526964533 0.9302861270980288 0
1.808514980576238 0.9483256150857883 0
1.777192560852775 0.9146610462801303 0
1.817828368029637 0.9001434479506556 0
1.721756391300932 0.9251291751917274 0
2.771259982363317 1.115017063492064 0
1.724330332300148 0.8629209087405239 0
1.796847107377714 0.8376617998846959 0
1.788490471502154 0.8599697030198015 0
1.730423693399196 0.8371723843637239 0
1.740195961836992 0.8470019228348705 0
1.682001901773845 0.8687368591907609 0
1.810744703275974 0.8612472380808995 0
1.763142765077918 0.868011715930082 0
2.66993616989171 1.138594846873673 0
1.803909142441861 0.7784927325581393 0
1.579163030986628 1.064622964210669 0
1.470228380952123 0.9755151827759221 0
1.596830375332321 1.085558086852189 0
1.466092833275755 0.9313151687224889 0
1.435767718757141 0.8681042675406173 0
1.617471110641836 1.033907885700166 0
1.631689257472441 1.053180827303027 0
1.501479997638561 1.026783171051642 0
1.552937088604455 1.004304920597497 0
1.556835718073004 1.099506625344155 0
1.54078405913304 1.072556324382637 0
1.459852110406579 0.8945638872526211 0
1.642085919247928 1.069715423511942 0
1.507056871552614 0.9557642295181838 0
1.51525281135432 1.060247899086856 0
1.633709314457151 0.9841951779777403 0
1.614990700062263 0.8256001786123927 0
1.609999131096202 0.8915672548697593 0
1.600720387826661 0.8772721406036833 0
1.623196692121988 0.8754053847258534 0
1.586522400755472 0.8904438088534525 0
1.562098629748875 0.8490545738740368 0
1.545470779127813 0.7837178535120274 0
1.599452642313878 0.9164221443972642 0
1.602039284547554 0.773707977504249 0
1.581496514304509 0.8471836602528022 0
1.591444715217914 0.8497220309369931 0
1.628698256725376 0.8955959113667415 0
1.611885545269118 0.8726849568238665 0
1.60268236067383 0.8018793629087152 0
1.60547268629387 0.8674076545704057 0
1.604138758713708 0.9365450873156373 0
1.565996726825725 0.8789712667103515 0
1.624368148545194 0.9385228826678842 0
1.575877515918842 0.7762814577540691 0
1.675832905487642 0.7666853993345853 0
1.651075320388602 0.7663869094095122 0
1.718929756000787 0.7502854035784967 0
1.703261469260614 0.7383665665337217 0
1.594329191404473 0.990356941496496 0
1.480299195844889 0.83617997338317 0
1.53749411614453 0.7331051985148789 0
1.590891772388796 0.7115924006180563 0
1.497626069485082 0.7958758599824121 0
1.467407753479418 0.8086033460307234 0
1.467957154285796 0.7562731432322494 0
1.445011357041436 0.7610239648489212 0
1.475701042443536 0.7369636295024434 0
1.4520468548272 0.7391770998470271 0
1.346911262770996 0.8624030705276032 0
1.339605115074131 0.9384540553117819 0
1.36773447019538 0.8552093248586471 0
1.277329730938422 0.9757922985049156 0
1.369774717803231 0.8827011624252611 0
1.309373645342142 0.9024756685858322 0
1.219429439252336 0.9153733644859806 0
1.388891585340823 0.9542731350493836 0
1.347475 0.830125 0
1.397202234351739 0.8306667410934159 0
1.198622389364908 0.8940239626587266 0
1.294389504375509 0.8747584572097726 0
1.313121299301149 0.9818695670679831 0
1.291869631726845 0.9409139238375397 0
1.226891042415178 0.8902056308424752 0
1.369362809178427 0.9161634262919934 0
1.249346419448778 0.951433360910346 0
1.343008738368486 0.8956661338762346 0
1.253486295754213 1.003161562271901 0
1.420942391670634 0.8150188830493587 0
1.286162087276072 1.008217816295539 0
1.357187844799671 0.9831334481166312 0
1.405046956970468 0.984933714152489 0
1.32219041584873 0.8750717386327588 0
1.195717051698349 0.8537116929690822 0
1.158101203282257 0.8560674696959848 0
1.004603678472076 1.470452238661106 0
0.886708063055739 1.499396260307655 0
1.005838489750566 1.438725650599219 0
0.9414334506676816 1.487244387429243 0
0.9766956825468616 1.47772512285872 0
0.9642998112272669 1.541271423305766 0
0.9965492449090676 1.556285693223064 0
0.9884491747055182 1.453187254912352 0
0.8505018508328593 1.507542850517019 0
1.010678870485316 1.525088708988472 0
1.032972298900151 1.309308995039896 0
1.221957124565357 1.263371255639246 0
0.09805211657957713 1.458410686217613 0
0.126932077511855 1.446847992635363 0
0.06304918991903752 1.383236458914938 0
0.04665484531942465 1.37647729543017 0
0.05894146943628131 1.368830804791841 0
0.1468445506595548 1.354727067328882 0
0.1554192693610008 1.394244826193655 0
0.03632907766103233 1.363092011201184 0
0.08147833792282855 1.367029107359992 0
0.0475313481041848 1.365875027855799 0
0.1135363711661064 1.403110549169217 0
0.07110054685973743 1.414699446349013 0
0.0475831102702442 1.389199753400729 0
0.997598855895369 1.596477972972973 0
1.020833992137061 1.59327499841473 0
1.011727929277894 1.613221409898671 0
0.8471319901679498 1.63654250758138 0
1.024819085186163 1.60863863832153 0
0.9892136018644533 1.615361273016281 0
0.9332148672643361 1.613877250990158 0
0.8948373080363106 1.623573446365473 0
0.9778031144399556 1.6011987979838 0
0.8800936856402293 1.571009279264388 0
0.8460924958155621 1.57394807423534 0
0.9086318215436303 1.559305155365865 0
0.7748890215132063 1.524353807751172 0
0.8004249581087683 1.519011060492736 0
0.70735 1.5379125 0
1.358904962498121 2.122433892796577 0
1.446213423801998 2.147962848521162 0
1.418114820291707 2.117701003958747 0
1.360911536116973 2.173067215274688 0
1.459572237451675 2.114088310711353 0
1.480810256504482 2.162163903639622 0
1.436667384110502 2.175867700513599 0
1.418485552132482 2.152971822944425 0

CELLS 22622 87620
2 1133 0
2 0 1
2 1 2175
2 2175 2
2 2 2176
2 2176 1134
2 1135 3
2 3 4
2 4 5
2 5 1136
2 364 6
2 6 7
2 7 8
2 8 9
2 9 1137
2 1128 10
2 10 11
2 11 12
2 365 13
2 13 1138
2 1139 14
2 14 15
2 15 16
2 16 1140
2 1141 17
2 17 18
2 18 1142
2 366 19
2 19 1144
2 1145 20
2 20 21
2 21 22
2 22 1146
2 1147 23
2 23 1148
2 1149 24
2 24 1150
2 1151 25
2 368 26
2 26 1152
2 1153 27
2 27 28
2 28 29
2 372 1154
2 1155 30
2 30 31
2 31 32
2 373 1156
2 1157 33
2 1115 2177
2 2177 34
2 34 35
2 375 1159
2 1160 1107
2 1107 36
2 36 1161
2 1162 37
2 37 38
2 377 1163
2 1125 39
2 39 2178
2 2178 40
2 40 1164
2 1167 2179
2 2179 41
2 41 2180
2 2180 42
2 42 2181
2 2181 1168
2 1169 43
2 43 2182
2 2182 44
2 44 2183
2 2183 1170
2 1171 2184
2 2184 1108
2 1108 2185
2 2185 45
2 383 2186
2 2186 46
2 46 2187
2 2187 47
2 47 2188
2 2188 48
2 48 1172
2 392 1176
2 1177 49
2 49 2189
2 2189 1178
2 394 2190
2 2190 1180
2 396 2191
2 2191 50
2 399 2192
2 2192 51
2 1185 2193
2 2193 52
2 1189 53
2 53 54
2 1193 431
2 433 2194
2 2194 1194
2 436 437
2 443 2195
2 2195 55
2 451 56
2 56 2196
2 2196 57
2 57 1197
2 1198 58
2 58 1199
2 1200 59
2 454 1203
2 1204 2197
2 2197 60
2 457 1205
2 1206 61
2 1208 62
2 62 2198
2 2198 63
2 459 2199
2 2199 1211
2 1212 64
2 1214 2200
2 2200 65
2 464 2201
2 2201 66
2 469 1215
2 1218 67
2 67 1219
2 1222 2202
2 2202 68
2 1224 2203
2 2203 69
2 69 2204
2 2204 70
2 481 2205
2 2205 1225
2 486 1229
2 493 71
2 71 2206
2 2206 494
2 496 2207
2 2207 72
2 72 2208
2 2208 1233
2 1234 73
2 498 1235
2 504 2209
2 2209 74
2 74 2210
2 2210 75
2 75 1237
2 509 2211
2 2211 76
2 512 2212
2 2212 1241
2 1242 2213
2 2213 77
2 77 2214
2 2214 1243
2 494 2215
2 2215 1245
2 519 1247
2 1248 78
2 523 2216
2 2216 79
2 525 2217
2 2217 2218
2 2218 80
2 529 2219
2 2219 81
2 530 2220
2 2220 82
2 533 2221
2 2221 509
2 509 83
2 1254 2222
2 2222 84
2 84 793
2 793 2223
2 2223 85
2 542 2224
2 2224 86
2 544 1257
2 1258 2225
2 2225 87
2 87 2226
2 2226 2227
2 2227 88
2 547 546
2 1265 2228
2 2228 89
2 89 2229
2 2229 2230
2 2230 90
2 1267 556
2 1269 2231
2 2231 91
2 1271 2232
2 2232 92
2 561 1272
2 1273 2233
2 2233 2234
2 2234 93
2 566 2235
2 2235 1274
2 555 2236
2 2236 94
2 568 2237
2 2237 1275
2 1276 2238
2 2238 95
2 95 2239
2 2239 96
2 1280 2240
2 2240 97
2 97 98
2 98 2241
2 2241 99
2 578 100
2 100 101
2 101 2242
2 2242 102
2 579 2243
2 2243 103
2 103 1283
2 580 2244
2 2244 104
2 104 2245
2 2245 105
2 105 1285
2 1286 2246
2 2246 106
2 106 2247
2 2247 1287
2 1288 2248
2 2248 107
2 582 108
2 108 2249
2 2249 2250
2 2250 1289
2 582 2251
2 2251 109
2 109 2252
2 2252 110
2 110 2253
2 2253 1290
2 1291 2254
2 2254 111
2 583 1292
2 1293 2255
2 2255 112
2 112 2256
2 2256 1294
2 585 2257
2 2257 1296
2 1297 2258
2 2258 113
2 589 2259
2 2259 2260
2 2260 114
2 1299 115
2 115 2261
2 2261 116
2 595 2262
2 2262 117
2 117 2263
2 2263 118
2 118 2264
2 2264 1302
2 568 119
2 597 2265
2 2265 2266
2 2266 1305
2 599 2267
2 2267 1307
2 604 2268
2 2268 2269
2 2269 120
2 120 2270
2 2270 121
2 121 2271
2 2271 122
2 122 2272
2 2272 1311
2 1312 2273
2 2273 123
2 123 1313
2 607 124
2 124 2274
2 2274 125
2 125 2275
2 2275 126
2 126 127
2 127 2276
2 2276 1315
2 1316 2277
2 2277 128
2 128 2278
2 2278 129
2 129 130
2 130 2279
2 2279 1317
2 1318 2280
2 2280 2281
2 2281 131
2 131 2282
2 2282 2283
2 2283 132
2 132 2284
2 2284 2285
2 2285 1319
2 609 2286
2 2286 1321
2 611 1323
2 1326 2287
2 2287 133
2 618 2288
2 2288 134
2 620 2289
2 2289 1327
2 1328 2290
2 2290 2291
2 2291 135
2 622 2292
2 2292 136
2 136 2293
2 2293 1329
2 625 2294
2 2294 137
2 627 2295
2 2295 2296
2 2296 138
2 138 2297
2 2297 2298
2 2298 139
2 139 2299
2 2299 2300
2 2300 1333
2 633 140
2 140 2301
2 2301 2302
2 2302 141
2 141 142
2 142 2303
2 2303 143
2 638 2304
2 2304 2305
2 2305 144
2 642 2306
2 2306 1335
2 1336 2307
2 2307 2308
2 2308 145
2 145 2309
2 2309 146
2 146 2310
2 2310 147
2 147 2311
2 2311 2312
2 2312 1337
2 644 2313
2 2313 148
2 148 2314
2 2314 1339
2 1117 2315
2 2315 2316
2 2316 149
2 149 2317
2 2317 150
2 646 2318
2 2318 1340
2 1341 2319
2 2319 2320
2 2320 151
2 151 2321
2 2321 152
2 152 2322
2 2322 153
2 153 2323
2 2323 154
2 154 2324
2 2324 2325
2 2325 155
2 155 2326
2 2326 1109
2 1109 156
2 156 1342
2 1343 2327
2 2327 157
2 157 2328
2 2328 158
2 158 2329
2 2329 2330
2 2330 159
2 159 2331
2 2331 2332
2 2332 160
2 160 2333
2 2333 161
2 161 2334
2 2334 2335
2 2335 162
2 162 2336
2 2336 2337
2 2337 163
2 1345 2338
2 2338 2339
2 2339 2340
2 2340 2341
2 2341 164
2 164 2342
2 2342 2343
2 2343 2344
2 2344 2345
2 2345 165
2 165 166
2 166 1346
2 1347 2346
2 2346 2347
2 2347 2348
2 2348 167
2 167 2349
2 2349 1348
2 1349 2350
2 2350 168
2 653 2351
2 2351 1350
2 655 2352
2 2352 2353
2 2353 2354
2 2354 1352
2 658 1354
2 1118 2355
2 2355 169
2 660 1355
2 1356 2356
2 2356 2357
2 2357 2358
2 2358 170
2 170 2359
2 2359 171
2 171 2360
2 2360 1357
2 1358 2361
2 2361 172
2 1360 2362
2 2362 173
2 173 2363
2 2363 1361
2 662 2364
2 2364 1363
2 663 2365
2 2365 174
2 1366 2366
2 2366 175
2 175 2367
2 2367 1367
2 1368 2368
2 2368 2369
2 2369 2370
2 2370 176
2 176 2371
2 2371 2372
2 2372 2373
2 2373 177
2 668 2374
2 2374 1371
2 1372 2375
2 2375 2376
2 2376 178
2 178 2377
2 2377 179
2 669 2378
2 2378 180
2 672 1375
2 1376 2379
2 2379 2380
2 2380 2381
2 2381 181
2 181 2382
2 2382 2383
2 2383 182
2 1378 2384
2 2384 2385
2 2385 2386
2 2386 2387
2 2387 183
2 183 2388
2 2388 2389
2 2389 2390
2 2390 184
2 184 2391
2 2391 1379
2 1380 2392
2 2392 185
2 185 2393
2 2393 186
2 186 2394
2 2394 1109
2 1381 2395
2 2395 187
2 187 2396
2 2396 1382
2 1383 2397
2 2397 188
2 188 2398
2 2398 2399
2 2399 189
2 189 2400
2 2400 190
2 190 191
2 191 2401
2 2401 1384
2 679 192
2 192 696
2 687 2402
2 2402 1390
2 1391 2403
2 2403 2404
2 2404 193
2 193 2405
2 2405 2406
2 2406 194
2 1397 2407
2 2407 195
2 697 196
2 196 2408
2 2408 197
2 197 2409
2 2409 198
2 198 2410
2 2410 199
2 199 2411
2 2411 200
2 200 1400
2 1401 2412
2 2412 201
2 201 2413
2 2413 2414
2 2414 202
2 202 2415
2 2415 1110
2 1110 2416
2 2416 203
2 203 2417
2 2417 204
2 204 1402
2 1403 2418
2 2418 2419
2 2419 205
2 205 206
2 206 207
2 207 208
2 208 1404
2 1405 2420
2 2420 209
2 209 2421
2 2421 2422
2 2422 210
2 210 2423
2 2423 1406
2 1407 211
2 211 2424
2 2424 212
2 212 2425
2 2425 213
2 213 2426
2 2426 214
2 214 1111
2 1111 215
2 215 216
2 216 1408
2 1409 2427
2 2427 217
2 217 2428
2 2428 2429
2 2429 218
2 218 2430
2 2430 219
2 219 1111
2 1410 2431
2 2431 220
2 220 2432
2 2432 221
2 221 1411
2 1412 222
2 222 2433
2 2433 223
2 699 2434
2 2434 1110
2 1413 224
2 1415 225
2 225 226
2 226 1112
2 1112 227
2 701 1416
2 1417 2435
2 2435 228
2 228 2436
2 2436 1418
2 1419 2437
2 2437 229
2 229 230
2 230 2438
2 2438 231
2 231 2439
2 2439 1420
2 1421 2440
2 2440 232
2 232 2441
2 2441 2442
2 2442 2443
2 2443 233
2 233 2444
2 2444 1422
2 703 2445
2 2445 2446
2 2446 2447
2 2447 234
2 234 2448
2 2448 2449
2 2449 235
2 235 2450
2 2450 2451
2 2451 1424
2 1425 2452
2 2452 236
2 708 2453
2 2453 2454
2 2454 237
2 237 2455
2 2455 1428
2 1429 2456
2 2456 2457
2 2457 1113
2 1113 2458
2 2458 2459
2 2459 1430
2 1431 2460
2 2460 2461
2 2461 238
2 238 239
2 239 2462
2 2462 240
2 240 2463
2 2463 1432
2 1433 2464
2 2464 2465
2 2465 241
2 241 2466
2 2466 242
2 242 2467
2 2467 1434
2 1435 2468
2 2468 2469
2 2469 243
2 243 2470
2 2470 1436
2 1437 2471
2 2471 244
2 244 2472
2 2472 2473
2 2473 245
2 245 1113
2 710 2474
2 2474 1439
2 1440 2475
2 2475 246
2 246 247
2 247 2476
2 2476 248
2 248 2477
2 2477 1441
2 1442 249
2 249 250
2 250 1443
2 712 2478
2 2478 2479
2 2479 1445
2 1446 251
2 251 252
2 252 1447
2 1448 253
2 253 254
2 254 255
2 1450 2480
2 2480 256
2 256 2481
2 2481 257
2 257 2482
2 2482 1451
2 1452 2483
2 2483 258
2 713 717
2 717 2484
2 2484 259
2 715 2485
2 2485 1453
2 717 2486
2 2486 260
2 260 1455
2 720 2487
2 2487 261
2 1458 262
2 262 263
2 263 264
2 1460 2488
2 2488 265
2 265 2489
2 2489 266
2 266 267
2 267 1461
2 1462 2490
2 2490 268
2 268 2491
2 2491 269
2 269 1463
2 1464 2492
2 2492 270
2 270 1465
2 723 1467
2 726 1469
2 1470 2493
2 2493 271
2 1472 272
2 272 2494
2 2494 1473
2 1474 273
2 273 274
2 274 275
2 275 276
2 276 2495
2 2495 277
2 1476 278
2 1480 2496
2 2496 279
2 1482 280
2 748 281
2 752 282
2 282 283
2 283 1483
2 1484 2497
2 2497 284
2 284 1485
2 753 285
2 755 2498
2 2498 286
2 765 287
2 768 1487
2 1488 2499
2 2499 288
2 771 2500
2 2500 289
2 773 290
2 290 291
2 777 1489
2 782 292
2 783 293
2 786 2501
2 2501 294
2 788 2502
2 2502 1493
2 789 295
2 295 2503
2 2503 296
2 296 2504
2 2504 1495
2 1496 2505
2 2505 2506
2 2506 297
2 297 2507
2 2507 2508
2 2508 298
2 298 2509
2 2509 299
2 299 2510
2 2510 300
2 300 2511
2 2511 301
2 301 2512
2 2512 302
2 302 2513
2 2513 2514
2 2514 303
2 303 2515
2 2515 1497
2 794 304
2 796 305
2 804 2516
2 2516 1505
2 821 2517
2 2517 306
2 1514 2518
2 2518 2519
2 2519 307
2 307 308
2 844 1515
2 846 2520
2 2520 309
2 309 2521
2 2521 1517
2 1518 310
2 310 1519
2 851 1521
2 856 2522
2 2522 1527
2 864 311
2 311 865
2 1534 312
2 870 2523
2 2523 313
2 874 1535
2 885 314
2 887 2524
2 2524 1541
2 888 2525
2 2525 315
2 1546 316
2 892 1547
2 899 2526
2 2526 317
2 901 1555
2 786 1114
2 1114 1556
2 905 318
2 907 319
2 319 1562
2 908 437
2 1564 2527
2 2527 320
2 320 2528
2 2528 1565
2 1566 321
2 321 1567
2 909 322
2 322 323
2 939 324
2 942 2529
2 2529 325
2 952 2530
2 2530 1576
2 1577 2531
2 2531 326
2 821 2532
2 2532 327
2 1592 328
2 982 1593
2 1596 329
2 988 330
2 330 331
2 331 2533
2 2533 332
2 1598 333
2 333 334
2 1001 1599
2 1600 2534
2 2534 2535
2 2535 2536
2 2536 335
2 335 2537
2 2537 2538
2 2538 1601
2 1124 336
2 1005 337
2 337 1602
2 1603 338
2 338 2539
2 2539 1604
2 1605 2540
2 2540 339
2 1006 340
2 1016 2541
2 2541 341
2 1020 1024
2 1024 342
2 342 1609
2 1025 2542
2 2542 343
2 343 2543
2 2543 344
2 1033 1612
2 1039 1613
2 1044 345
2 1046 1615
2 1616 346
2 346 347
2 1618 2544
2 2544 348
2 348 349
2 1053 1619
2 1054 427
2 1621 350
2 1060 1622
2 1063 351
2 1628 2545
2 2545 352
2 1067 2546
2 2546 1629
2 1068 353
2 1632 2547
2 2547 354
2 354 2548
2 2548 2549
2 2549 355
2 1075 2550
2 2550 356
2 356 2551
2 2551 1641
2 1642 2552
2 2552 2553
2 2553 357
2 357 2554
2 2554 2555
2 2555 2556
2 2556 358
2 358 2557
2 2557 2558
2 2558 1643
2 1079 2559
2 2559 1647
2 1648 2560
2 2560 359
2 1126 2561
2 2561 2562
2 2562 360
2 1080 2563
2 2563 1650
2 1651 361
2 1081 1652
2 1656 2564
2 2564 1657
2 1658 1659
2 1127 1660
2 369 1661
2 1664 1107
2 1667 1668
2 1669 2565
2 2565 1670
2 1671 1672
2 1673 2566
2 2566 1674
2 1679 2567
2 2567 1680
2 1681 2568
2 2568 1682
2 1683 2569
2 2569 1684
2 1685 2570
2 2570 2571
2 2571 2572
2 2572 1686
2 1690 2573
2 2573 1691
2 1692 1108
2 1693 2574
2 2574 1694
2 1695 2575
2 2575 1696
2 1697 1698
2 1699 1700
2 1701 1702
2 1703 1704
2 1705 2576
2 2576 1706
2 1715 1716
2 1721 1722
2 1723 1724
2 1727 2577
2 2577 1728
2 1729 2578
2 2578 2579
2 2579 1730
2 1731 2580
2 2580 2581
2 2581 1732
2 1733 2582
2 2582 1734
2 1735 1736
2 1743 2583
2 2583 1744
2 1745 1746
2 1749 1750
2 1755 1756
2 1757 1758
2 1767 1768
2 1773 1774
2 1787 2584
2 2584 2585
2 2585 1788
2 1790 2586
2 2586 556
2 1795 1796
2 1797 1798
2 1799 1800
2 1801 2587
2 2587 2588
2 2588 1802
2 1805 1806
2 1811 1812
2 1817 2589
2 2589 1818
2 1819 2590
2 2590 2591
2 2591 1820
2 1833 2592
2 2592 1834
2 1835 2593
2 2593 1836
2 1839 2594
2 2594 1840
2 1843 2595
2 2595 1844
2 1847 2596
2 2596 1848
2 1849 2597
2 2597 1850
2 1853 2598
2 2598 1854
2 1855 2599
2 2599 2600
2 2600 554
2 1856 2601
2 2601 1857
2 1858 2602
2 2602 2603
2 2603 1859
2 1862 2604
2 2604 1863
2 1873 1874
2 1875 2605
2 2605 1876
2 1877 2606
2 2606 2607
2 2607 1878
2 1881 2608
2 2608 1882
2 1883 2609
2 2609 1884
2 1885 2610
2 2610 1886
2 1887 1888
2 1889 2611
2 2611 1890
2 1891 2612
2 2612 1892
2 1893 2613
2 2613 1894
2 1895 2614
2 2614 2615
2 2615 1896
2 1897 1898
2 1899 2616
2 2616 2617
2 2617 1900
2 1903 1904
2 1905 2618
2 2618 2619
2 2619 2620
2 2620 1906
2 1907 2621
2 2621 2622
2 2622 1908
2 1913 2623
2 2623 2624
2 2624 1914
2 1915 2625
2 2625 1916
2 1917 2626
2 2626 2627
2 2627 1918
2 1919 2628
2 2628 1920
2 1926 2629
2 2629 2630
2 2630 2631
2 2631 2632
2 2632 1927
2 1934 2633
2 2633 1935
2 1936 2634
2 2634 1937
2 1938 1939
2 1942 2635
2 2635 1943
2 1944 2636
2 2636 1945
2 1946 2637
2 2637 1947
2 1948 2638
2 2638 1949
2 1950 2639
2 2639 1951
2 1952 2640
2 2640 2641
2 2641 1953
2 1954 2642
2 2642 1955
2 1956 2643
2 2643 1957
2 1958 2644
2 2644 1959
2 1960 2645
2 2645 2646
2 2646 1961
2 641 2647
2 2647 1962
2 1963 2648
2 2648 1964
2 1965 2649
2 2649 2650
2 2650 1966
2 1967 2651
2 2651 2652
2 2652 2653
2 2653 2654
2 2654 1968
2 1969 2655
2 2655 1970
2 1971 2656
2 2656 2657
2 2657 1972
2 1975 2658
2 2658 1976
2 1977 2659
2 2659 2660
2 2660 1978
2 1979 2661
2 2661 2662
2 2662 1980
2 1985 2663
2 2663 2664
2 2664 1986
2 1987 1988
2 1989 2665
2 2665 1990
2 1993 2666
2 2666 1994
2 1995 2667
2 2667 1996
2 1999 2668
2 2668 2000
2 2001 2002
2 2003 2004
2 2005 2669
2 2669 2670
2 2670 2671
2 2671 2006
2 2007 2672
2 2672 1112
2 683 2673
2 2673 2014
2 2015 2674
2 2674 2016
2 2017 2675
2 2675 2676
2 2676 2018
2 2021 2022
2 2023 2677
2 2677 2678
2 2678 2024
2 2025 2679
2 2679 2026
2 2027 2680
2 2680 2028
2 2033 2681
2 2681 2682
2 2682 2034
2 2035 2683
2 2683 2684
2 2684 2036
2 2037 2685
2 2685 2038
2 2039 2686
2 2686 2040
2 2041 2687
2 2687 2042
2 2043 2044
2 2045 2046
2 2047 2048
2 2049 2050
2 2051 2052
2 2053 2054
2 2057 2058
2 2089 2688
2 2688 2090
2 2091 774
2 2092 2093
2 2096 2097
2 2098 2099
2 2102 2103
2 2106 1114
2 2111 2689
2 2689 2112
2 2113 2114
2 2115 2690
2 2690 2116
2 2125 2126
2 2131 2691
2 2691 2132
2 2144 2692
2 2692 2693
2 2693 2145
2 2148 2149
2 2150 2151
2 2152 989
2 2157 2158
2 2161 2162
2 2165 2694
2 2694 2166
2 2171 2695
2 2695 2696
2 2696 2172
2 2173 2697
2 2697 2698
2 2698 2174
2 1129 362
2 362 363
2 363 364
2 12 362
2 362 365
2 1143 363
2 363 366
2 25 367
2 367 368
2 29 369
2 369 370
2 370 371
2 371 372
2 32 367
2 367 373
2 33 374
2 374 1158
2 35 371
2 371 375
2 38 376
2 376 377
2 1165 2699
2 2699 378
2 378 2700
2 2700 379
2 379 380
2 380 1166
2 45 381
2 381 382
2 382 383
2 1173 384
2 384 385
2 385 386
2 386 387
2 387 1174
2 1175 388
2 388 2701
2 2701 389
2 389 390
2 390 391
2 391 384
2 384 392
2 1179 2702
2 2702 393
2 393 394
2 1181 395
2 395 2703
2 2703 396
2 50 397
2 397 2704
2 2704 398
2 398 399
2 51 400
2 400 2705
2 2705 401
2 401 402
2 402 403
2 403 404
2 404 1182
2 1183 2706
2 2706 405
2 405 406
2 406 407
2 407 408
2 408 409
2 409 2707
2 2707 410
2 410 1184
2 52 411
2 411 2708
2 2708 412
2 412 1186
2 1187 411
2 411 405
2 405 2709
2 2709 400
2 400 413
2 413 2710
2 2710 414
2 414 415
2 415 416
2 416 2711
2 2711 417
2 417 418
2 418 1188
2 54 419
2 419 420
2 420 421
2 421 422
2 422 1190
2 1191 2712
2 2712 423
2 423 424
2 424 2713
2 2713 425
2 425 426
2 426 427
2 427 428
2 428 429
2 429 430
2 430 1192
2 431 432
2 432 433
2 1195 434
2 434 435
2 435 436
2 437 438
2 438 439
2 439 440
2 440 441
2 441 2714
2 2714 431
2 1196 391
2 391 2715
2 2715 442
2 442 443
2 55 2716
2 2716 444
2 444 445
2 445 439
2 439 446
2 446 447
2 447 448
2 448 449
2 449 450
2 450 2717
2 2717 451
2 59 452
2 452 2718
2 2718 1201
2 1202 453
2 453 454
2 60 378
2 378 455
2 455 452
2 452 456
2 456 453
2 453 457
2 61 380
2 380 1207
2 63 458
2 458 1209
2 1210 393
2 393 459
2 64 2719
2 2719 460
2 460 1213
2 65 461
2 461 462
2 462 463
2 463 464
2 66 465
2 465 466
2 466 467
2 467 468
2 468 469
2 1216 470
2 470 471
2 471 472
2 472 473
2 473 1217
2 1220 474
2 474 470
2 470 475
2 475 476
2 476 477
2 477 478
2 478 1221
2 68 479
2 479 1223
2 70 480
2 480 481
2 1226 462
2 462 482
2 482 461
2 461 2720
2 2720 1227
2 1228 483
2 483 484
2 484 485
2 485 486
2 1230 487
2 487 2721
2 2721 488
2 488 388
2 388 2722
2 2722 489
2 489 2723
2 2723 490
2 490 1231
2 1232 491
2 491 492
2 492 493
2 494 2724
2 2724 495
2 495 496
2 73 497
2 497 498
2 1236 499
2 499 500
2 500 441
2 441 501
2 501 502
2 502 503
2 503 504
2 1238 502
2 502 447
2 447 2725
2 2725 505
2 505 506
2 506 507
2 507 508
2 508 509
2 76 510
2 510 1239
2 1240 2726
2 2726 511
2 511 512
2 1244 487
2 487 2727
2 2727 494
2 1246 513
2 513 514
2 514 515
2 515 516
2 516 517
2 517 518
2 518 519
2 78 478
2 478 520
2 520 521
2 521 522
2 522 523
2 79 2728
2 2728 524
2 524 525
2 80 2729
2 2729 526
2 526 2730
2 2730 527
2 527 2731
2 2731 528
2 528 529
2 81 513
2 513 530
2 82 531
2 531 2732
2 2732 1249
2 1250 2733
2 2733 532
2 532 533
2 83 534
2 534 1251
2 1252 535
2 535 434
2 434 536
2 536 508
2 508 2734
2 2734 537
2 537 2735
2 2735 538
2 538 1253
2 85 539
2 539 540
2 540 541
2 541 2736
2 2736 1255
2 1256 506
2 506 542
2 86 543
2 543 544
2 88 2737
2 2737 545
2 545 1259
2 1260 473
2 473 479
2 479 546
2 546 522
2 522 1261
2 1262 476
2 476 2738
2 2738 547
2 1263 548
2 548 549
2 549 550
2 550 1264
2 90 548
2 548 2739
2 2739 551
2 551 552
2 552 2740
2 2740 553
2 553 1266
2 554 95
2 95 555
2 556 553
2 553 554
2 555 557
2 557 1268
2 91 558
2 558 1270
2 92 559
2 559 560
2 560 550
2 550 561
2 93 562
2 562 563
2 563 564
2 564 565
2 565 2741
2 2741 566
2 94 567
2 567 2742
2 2742 568
2 96 569
2 569 570
2 570 571
2 571 1277
2 1278 2743
2 2743 569
2 569 567
2 567 572
2 572 573
2 574 2744
2 2744 1279
2 573 575
2 575 2745
2 2745 574
2 99 518
2 518 2746
2 2746 1281
2 1282 576
2 576 2747
2 2747 577
2 577 578
2 102 514
2 514 2748
2 2748 579
2 1284 2749
2 2749 516
2 516 580
2 107 581
2 581 582
2 111 559
2 559 565
2 565 583
2 1295 584
2 584 585
2 113 572
2 572 2750
2 2750 586
2 586 587
2 587 588
2 588 2751
2 2751 589
2 114 2752
2 2752 2753
2 2753 590
2 590 1298
2 116 575
2 575 591
2 591 2754
2 2754 592
2 592 2755
2 2755 593
2 593 1300
2 1301 594
2 594 2756
2 2756 595
2 119 587
2 587 1303
2 1304 2757
2 2757 596
2 596 2758
2 2758 597
2 1306 2759
2 2759 598
2 598 2760
2 2760 599
2 1308 600
2 600 2761
2 2761 2762
2 2762 601
2 601 602
2 602 603
2 603 1309
2 1310 563
2 563 2763
2 2763 604
2 1314 558
2 558 562
2 562 605
2 605 606
2 606 607
2 1320 608
2 608 609
2 1322 610
2 610 611
2 1324 612
2 612 2764
2 2764 613
2 613 614
2 614 2765
2 2765 2766
2 2766 615
2 615 616
2 616 2767
2 2767 596
2 596 2768
2 2768 1325
2 133 617
2 617 618
2 134 2769
2 2769 619
2 619 620
2 135 2770
2 2770 2771
2 2771 621
2 621 622
2 1330 613
2 613 2772
2 2772 623
2 623 624
2 624 2773
2 2773 625
2 137 626
2 626 1331
2 1332 2774
2 2774 2775
2 2775 626
2 626 2776
2 2776 627
2 1334 528
2 528 628
2 628 577
2 577 629
2 629 630
2 630 631
2 631 2777
2 2777 588
2 588 632
2 632 594
2 594 593
2 593 2778
2 2778 633
2 143 634
2 634 635
2 635 608
2 608 2779
2 2779 636
2 636 2780
2 2780 637
2 637 638
2 144 639
2 639 2781
2 2781 2782
2 2782 640
2 640 641
2 641 2783
2 2783 642
2 1338 2784
2 2784 643
2 643 644
2 150 645
2 645 2785
2 2785 646
2 163 647
2 647 1344
2 168 2786
2 2786 2787
2 2787 648
2 648 649
2 649 650
2 650 2788
2 2788 2789
2 2789 651
2 651 2790
2 2790 652
2 652 2791
2 2791 653
2 1351 654
2 654 655
2 1353 656
2 656 657
2 657 2792
2 2792 658
2 169 2793
2 2793 659
2 659 660
2 172 2794
2 2794 661
2 661 1359
2 1362 2795
2 2795 637
2 637 662
2 1364 621
2 621 2796
2 2796 663
2 174 619
2 619 2797
2 2797 664
2 664 665
2 665 1365
2 177 2798
2 2798 666
2 666 1369
2 1370 667
2 667 2799
2 2799 668
2 179 2800
2 2800 639
2 639 1373
2 1374 667
2 667 666
2 666 669
2 180 670
2 670 2801
2 2801 671
2 671 672
2 182 673
2 673 674
2 674 2802
2 2802 2803
2 2803 1377
2 1385 2804
2 2804 2805
2 2805 2806
2 2806 673
2 673 675
2 675 674
2 674 2807
2 2807 676
2 676 677
2 677 1386
2 1387 678
2 678 2808
2 2808 679
2 1388 680
2 680 2809
2 2809 677
2 677 2810
2 2810 681
2 681 2811
2 2811 2812
2 2812 2813
2 2813 682
2 682 683
2 683 684
2 684 2814
2 2814 2815
2 2815 1389
2 685 686
2 686 2816
2 2816 687
2 194 2817
2 2817 2818
2 2818 688
2 688 2819
2 2819 689
2 689 670
2 670 2820
2 2820 2821
2 2821 690
2 690 665
2 665 2822
2 2822 2823
2 2823 1392
2 1393 2824
2 2824 612
2 612 691
2 691 617
2 617 2825
2 2825 692
2 692 693
2 693 2826
2 2826 1394
2 1395 2827
2 2827 694
2 694 686
2 686 695
2 695 684
2 684 2828
2 2828 1396
2 195 672
2 672 1398
2 1399 2829
2 2829 696
2 696 697
2 223 698
2 698 699
2 224 698
2 698 1414
2 227 700
2 700 701
2 1423 2830
2 2830 702
2 702 2831
2 2831 2832
2 2832 2833
2 2833 703
2 236 704
2 704 1426
2 1427 2834
2 2834 705
2 705 706
2 706 2835
2 2835 707
2 707 708
2 1438 2836
2 2836 709
2 709 710
2 1444 2837
2 2837 2838
2 2838 711
2 711 712
2 255 711
2 711 1449
2 258 705
2 705 713
2 259 714
2 714 715
2 1454 716
2 716 2839
2 2839 717
2 1456 718
2 718 719
2 719 709
2 709 720
2 261 714
2 714 2840
2 2840 721
2 721 1457
2 264 702
2 702 1459
2 1466 722
2 722 2841
2 2841 723
2 1468 724
2 724 725
2 725 726
2 271 722
2 722 2842
2 2842 1471
2 277 2843
2 2843 727
2 727 728
2 728 729
2 729 730
2 730 731
2 731 732
2 732 733
2 733 734
2 734 735
2 735 736
2 736 737
2 737 738
2 738 739
2 739 2844
2 2844 1475
2 278 740
2 740 1477
2 1478 740
2 740 2845
2 2845 741
2 741 2846
2 2846 742
2 742 1479
2 279 724
2 724 1481
2 280 743
2 743 2847
2 2847 744
2 744 745
2 745 746
2 746 747
2 747 748
2 281 749
2 749 750
2 750 751
2 751 539
2 539 752
2 1486 743
2 743 753
2 285 727
2 727 754
2 754 742
2 742 755
2 286 756
2 756 757
2 757 758
2 758 759
2 759 760
2 760 761
2 761 762
2 762 763
2 763 764
2 764 765
2 287 766
2 766 767
2 767 768
2 288 769
2 769 770
2 770 745
2 745 771
2 289 730
2 730 772
2 772 773
2 291 774
2 774 775
2 775 776
2 776 777
2 1490 778
2 778 2848
2 2848 779
2 779 780
2 780 1491
2 1492 781
2 781 782
2 292 490
2 490 783
2 293 532
2 532 784
2 784 785
2 785 786
2 294 2849
2 2849 787
2 787 788
2 1494 534
2 534 2850
2 2850 789
2 1498 790
2 790 791
2 791 792
2 792 543
2 543 793
2 793 538
2 538 794
2 304 2851
2 2851 795
2 795 1499
2 1500 795
2 795 2852
2 2852 796
2 305 747
2 747 797
2 797 1501
2 1502 2853
2 2853 749
2 749 798
2 798 799
2 799 1503
2 1504 800
2 800 2854
2 2854 801
2 801 802
2 802 735
2 735 803
2 803 2855
2 2855 804
2 1506 805
2 805 2856
2 2856 806
2 806 807
2 807 808
2 808 809
2 809 810
2 810 811
2 811 812
2 812 1507
2 1508 813
2 813 736
2 736 814
2 814 815
2 815 816
2 816 2857
2 2857 812
2 812 817
2 817 818
2 818 819
2 819 2858
2 2858 820
2 820 2859
2 2859 821
2 306 822
2 822 823
2 823 1509
2 1510 824
2 824 822
2 822 2860
2 2860 825
2 825 826
2 826 827
2 827 828
2 828 829
2 829 830
2 830 831
2 831 832
2 832 833
2 833 766
2 766 834
2 834 2861
2 2861 1511
2 1512 835
2 835 836
2 836 2862
2 2862 837
2 837 838
2 838 764
2 764 839
2 839 1513
2 308 2863
2 2863 840
2 840 841
2 841 762
2 762 842
2 842 843
2 843 844
2 1516 845
2 845 846
2 1520 2864
2 2864 757
2 757 847
2 847 848
2 848 849
2 849 850
2 850 851
2 1522 733
2 733 852
2 852 2865
2 2865 853
2 853 1523
2 1524 854
2 854 855
2 855 776
2 776 1525
2 1526 2866
2 2866 728
2 728 856
2 1528 801
2 801 2867
2 2867 857
2 857 739
2 739 858
2 858 859
2 859 860
2 860 1529
2 1530 450
2 450 861
2 861 862
2 862 863
2 863 1531
2 1532 816
2 816 864
2 865 866
2 866 867
2 867 868
2 868 1533
2 312 858
2 858 869
2 869 870
2 313 868
2 868 871
2 871 809
2 809 872
2 872 873
2 873 874
2 1536 767
2 767 875
2 875 832
2 832 876
2 876 877
2 877 878
2 878 879
2 879 880
2 880 881
2 881 2868
2 2868 820
2 820 882
2 882 883
2 883 2869
2 2869 1537
2 1538 884
2 884 885
2 314 886
2 886 1539
2 1540 2870
2 2870 760
2 760 887
2 1542 759
2 759 888
2 315 889
2 889 1543
2 1544 854
2 854 890
2 890 850
2 850 891
2 891 1545
2 316 772
2 772 892
2 1548 893
2 893 505
2 505 894
2 894 895
2 895 863
2 863 791
2 791 1549
2 1550 896
2 896 862
2 862 897
2 897 790
2 790 1551
2 1552 499
2 499 444
2 444 898
2 898 899
2 317 900
2 900 535
2 535 1553
2 1554 785
2 785 901
2 1557 2871
2 2871 900
2 900 902
2 902 435
2 435 507
2 507 1558
2 1559 781
2 781 898
2 898 903
2 903 904
2 904 438
2 438 1560
2 1561 390
2 390 905
2 318 906
2 906 907
2 1563 904
2 904 908
2 1568 418
2 418 909
2 323 910
2 910 911
2 911 2872
2 2872 430
2 430 912
2 912 913
2 913 2873
2 2873 914
2 914 915
2 915 916
2 916 917
2 917 918
2 918 919
2 919 920
2 920 921
2 921 922
2 922 923
2 923 924
2 924 925
2 925 1569
2 1570 805
2 805 926
2 926 927
2 927 2874
2 2874 928
2 928 929
2 929 930
2 930 931
2 931 932
2 932 933
2 933 934
2 934 935
2 935 936
2 936 937
2 937 938
2 938 1571
2 865 2875
2 2875 810
2 810 939
2 324 940
2 940 941
2 941 883
2 883 942
2 325 2876
2 2876 943
2 943 1572
2 1573 944
2 944 2877
2 2877 945
2 945 946
2 946 934
2 934 921
2 921 1574
2 1575 860
2 860 947
2 947 948
2 948 949
2 949 950
2 950 951
2 951 808
2 808 952
2 326 953
2 953 1578
2 1579 2878
2 2878 954
2 954 955
2 955 956
2 956 957
2 957 945
2 945 958
2 958 959
2 959 960
2 960 961
2 961 1580
2 327 962
2 962 963
2 963 964
2 964 965
2 965 830
2 830 1581
2 1582 966
2 966 967
2 967 880
2 880 968
2 968 962
2 962 969
2 969 826
2 826 1583
2 1584 889
2 889 836
2 836 970
2 970 886
2 886 878
2 878 971
2 971 965
2 965 829
2 829 972
2 972 1585
2 1586 835
2 835 973
2 973 974
2 974 879
2 879 975
2 975 963
2 963 827
2 827 1587
2 1588 840
2 840 976
2 976 839
2 839 977
2 977 834
2 834 1589
2 1590 843
2 843 837
2 837 978
2 978 884
2 884 979
2 979 876
2 876 831
2 831 980
2 980 1591
2 328 973
2 973 981
2 981 966
2 966 982
2 1594 944
2 944 2879
2 2879 983
2 983 984
2 984 985
2 985 2880
2 2880 961
2 961 986
2 986 938
2 938 987
2 987 925
2 925 2881
2 2881 1595
2 329 417
2 417 988
2 332 429
2 429 989
2 989 990
2 990 991
2 991 2882
2 2882 992
2 992 993
2 993 994
2 994 995
2 995 996
2 996 997
2 997 998
2 998 999
2 999 2883
2 2883 1597
2 334 1000
2 1000 1001
2 336 1002
2 1002 1003
2 1003 1004
2 1004 1005
2 339 1004
2 1004 1006
2 340 1007
2 1007 1606
2 1607 1008
2 1008 1009
2 1009 1010
2 1010 1002
2 1002 1011
2 1011 1012
2 1012 1013
2 1013 1122
2 1608 1014
2 1014 1015
2 1015 423
2 423 1016
2 341 2884
2 2884 1017
2 1017 1018
2 1018 1019
2 1019 1020
2 1610 1021
2 1021 1022
2 1022 1023
2 1023 1024
2 1611 422
2 422 1025
2 344 428
2 428 1026
2 1026 1027
2 1027 2885
2 2885 1028
2 1028 1029
2 1029 2886
2 2886 1030
2 1030 1031
2 1031 1032
2 1032 1033
2 1123 1019
2 1019 2887
2 2887 1034
2 1034 1035
2 1035 1036
2 1036 1037
2 1037 1029
2 1029 1038
2 1038 994
2 994 1039
2 1614 929
2 929 1040
2 1040 954
2 954 1041
2 1041 873
2 873 1042
2 1042 940
2 940 818
2 818 2888
2 2888 1043
2 1043 2889
2 2889 891
2 891 1044
2 345 848
2 848 1045
2 1045 756
2 756 1046
2 347 414
2 414 1047
2 1047 1048
2 1048 1049
2 1049 1050
2 1050 420
2 420 1617
2 349 1051
2 1051 1052
2 1052 1053
2 1620 1052
2 1052 1054
2 350 415
2 415 1055
2 1055 1056
2 1056 1057
2 1057 1058
2 1058 1059
2 1059 421
2 421 1060
2 1623 919
2 919 1061
2 1061 931
2 931 1062
2 1062 955
2 955 1624
2 1625 932
2 932 1063
2 351 956
2 956 2890
2 2890 1041
2 1626 2891
2 2891 1064
2 1064 1065
2 1065 2892
2 2892 1034
2 1034 1066
2 1066 2893
2 2893 1021
2 1021 2894
2 2894 1627
2 352 1023
2 1023 1067
2 1630 2895
2 2895 408
2 408 2896
2 2896 1068
2 353 401
2 401 1069
2 1069 1048
2 1048 1056
2 1056 1631
2 355 1037
2 1037 2897
2 2897 1633
2 1634 1031
2 1031 1070
2 1070 997
2 997 1635
2 1636 1032
2 1032 1071
2 1071 999
2 999 1637
2 1638 995
2 995 1072
2 1072 918
2 918 1639
2 1640 1073
2 1073 2898
2 2898 1036
2 1036 1074
2 1074 1075
2 1644 914
2 914 927
2 927 1076
2 1076 2899
2 2899 807
2 807 951
2 951 1077
2 1077 871
2 871 866
2 866 1078
2 1078 814
2 814 803
2 803 1645
2 1646 2900
2 2900 382
2 382 1079
2 359 381
2 381 2901
2 2901 1649
2 360 2902
2 2902 395
2 395 1080
2 361 404
2 404 1081
2 1653 419
2 419 1082
2 1082 1051
2 1051 1083
2 1083 425
2 425 1654
2 1655 1084
2 1084 990
2 990 1027
2 1027 2903
2 2903 1085
2 1085 1073
2 1073 1064
2 1064 2904
2 2904 1086
2 1086 1017
2 1017 1131
2 1662 374
2 374 1663
2 1665 376
2 376 1666
2 1675 2905
2 2905 1087
2 1087 1676
2 1677 2906
2 2906 1087
2 1087 1678
2 1130 412
2 412 407
2 407 2907
2 2907 1687
2 1688 2908
2 2908 2909
2 2909 2910
2 2910 1088
2 1088 1689
2 1707 491
2 491 1089
2 1089 483
2 483 1708
2 1709 458
2 458 2911
2 2911 1088
2 1088 1710
2 1711 2912
2 2912 386
2 386 1712
2 1713 442
2 442 906
2 906 1714
2 1717 410
2 410 1718
2 1719 398
2 398 1720
2 1725 2913
2 2913 1090
2 1090 2914
2 2914 1726
2 1737 2915
2 2915 460
2 460 1738
2 1739 2916
2 2916 1091
2 1091 2917
2 2917 1740
2 1741 474
2 474 471
2 471 1742
2 1747 1090
2 1090 1748
2 1751 1091
2 1091 1752
2 1753 480
2 480 1754
2 1759 463
2 463 1760
2 1761 2918
2 2918 465
2 465 2919
2 2919 1762
2 1763 467
2 467 1092
2 1092 1764
2 1765 2920
2 2920 468
2 468 1092
2 1092 2921
2 2921 526
2 526 2922
2 2922 1766
2 1769 1089
2 1089 2923
2 2923 1770
2 1771 492
2 492 1772
2 1775 497
2 497 485
2 485 1776
2 1777 895
2 895 896
2 896 448
2 448 503
2 503 1778
2 1779 531
2 531 1780
2 1781 495
2 495 1782
2 1783 545
2 545 551
2 551 1784
2 1785 524
2 524 1786
2 1789 521
2 521 547
2 1791 1093
2 1093 2924
2 2924 2925
2 2925 630
2 630 1792
2 1793 2926
2 2926 581
2 581 2927
2 2927 606
2 606 1794
2 1803 2928
2 2928 557
2 557 2929
2 2929 1804
2 1807 590
2 590 1094
2 1094 1095
2 1095 1808
2 1809 2930
2 2930 2931
2 2931 787
2 787 1810
2 1813 1094
2 1094 2932
2 2932 1814
2 1815 1095
2 1095 2933
2 2933 2934
2 2934 1816
2 1821 576
2 576 1822
2 1823 1093
2 1093 571
2 571 1824
2 1825 2935
2 2935 1096
2 1096 1826
2 1827 591
2 591 1828
2 1829 1097
2 1097 602
2 602 1830
2 1831 1098
2 1098 603
2 603 598
2 598 1832
2 1837 584
2 584 600
2 600 1099
2 1099 2936
2 2936 1100
2 1100 1838
2 1841 2937
2 2937 634
2 634 1842
2 1845 610
2 610 1846
2 1851 1096
2 1096 2938
2 2938 1852
2 1860 2939
2 2939 1101
2 1101 1861
2 1864 2940
2 2940 2941
2 2941 1101
2 1101 1865
2 1866 2942
2 2942 615
2 615 1867
2 1868 1099
2 1099 2943
2 2943 1869
2 1870 1100
2 1100 1871
2 1872 1097
2 1097 1098
2 1098 574
2 1879 624
2 624 2944
2 2944 693
2 693 1880
2 1901 2945
2 2945 643
2 643 1902
2 1909 645
2 645 2946
2 2946 1910
2 1911 2947
2 2947 647
2 647 2948
2 2948 1912
2 1921 2949
2 2949 2950
2 2950 652
2 652 1922
2 1120 659
2 659 656
2 656 654
2 654 1923
2 1924 657
2 657 1925
2 1928 1102
2 1102 2951
2 2951 1929
2 1930 2952
2 2952 650
2 650 1931
2 1932 648
2 648 1933
2 1940 1102
2 1102 2953
2 2953 661
2 661 1941
2 1973 2954
2 2954 688
2 688 1974
2 1981 2955
2 2955 678
2 678 1982
2 1983 2956
2 2956 2957
2 2957 676
2 676 2958
2 2958 680
2 680 1984
2 1991 2959
2 2959 685
2 685 694
2 694 1992
2 1997 2960
2 2960 2961
2 2961 1103
2 1103 2962
2 2962 2963
2 2963 1998
2 2008 2964
2 2964 700
2 700 2009
2 2010 2965
2 2965 1103
2 1103 2011
2 2012 682
2 682 2966
2 2966 2013
2 2019 671
2 671 2967
2 2967 2020
2 2029 2968
2 2968 718
2 718 2030
2 2031 707
2 707 704
2 704 2969
2 2969 2032
2 2055 769
2 769 2970
2 2970 2056
2 2059 2971
2 2971 778
2 778 2060
2 2061 1104
2 1104 2062
2 2063 780
2 780 2972
2 2972 721
2 721 2973
2 2973 2064
2 2065 716
2 716 2974
2 2974 2066
2 2067 1104
2 1104 2975
2 2975 2068
2 2069 2976
2 2976 725
2 725 2070
2 2071 797
2 797 2072
2 2073 541
2 541 800
2 800 1105
2 1105 799
2 799 2074
2 2075 2977
2 2977 2978
2 2978 845
2 845 2076
2 2077 853
2 853 2078
2 2079 2979
2 2979 731
2 731 2080
2 2081 949
2 949 953
2 953 2980
2 2980 2082
2 2083 947
2 947 869
2 869 738
2 738 2084
2 2085 813
2 813 2086
2 2087 910
2 910 2981
2 2981 2088
2 2094 1105
2 1105 2095
2 2100 2982
2 2982 751
2 751 2101
2 2104 510
2 510 2105
2 2107 893
2 893 2108
2 2109 2983
2 2983 387
2 387 2110
2 2117 823
2 823 824
2 824 943
2 943 984
2 984 2118
2 2119 1000
2 1000 959
2 959 2120
2 2121 980
2 980 2122
2 2123 972
2 972 828
2 828 2124
2 2127 923
2 923 2128
2 2129 936
2 936 2984
2 2984 960
2 960 2130
2 2133 1009
2 1009 2134
2 2135 1008
2 1008 2985
2 2985 2136
2 2137 1011
2 1011 1007
2 1007 1006
2 2138 1106
2 1106 1013
2 1013 2139
2 2140 1106
2 1106 2141
2 2142 1014
2 1014 2143
2 2146 1074
2 1074 2147
2 2153 1084
2 1084 913
2 913 2154
2 2155 992
2 992 916
2 916 928
2 928 2156
2 2159 1058
2 1058 1049
2 1049 2986
2 2986 402
2 402 2160
2 2163 426
2 426 2987
2 2987 2164
2 2167 511
2 511 432
2 432 2168
2 2169 2988
2 2988 397
2 397 2170
3 2714 5042 4847
3 2043 5203 233
3 4681 7981 2572
3 508 7338 5267
3 1263 548 90
3 3888 8752 4500
3 2620 1906 3011
3 3170 4554 4470
3 8715 8718 8716
3 199 4906 2411
3 2792 6495 658
3 4561 6650 1704
3 6 4751 7
3 454 453 457
3 5778 6103 6100
3 5811 8698 3775
3 1395 4618 4221
3 509 5267 83
3 2727 3882 494
3 1279 5693 599
3 2088 4591 2981
3 268 5571 4133
3 5793 7227 3594
3 3447 5400 5330
3 538 794 2735
3 3095 7379 4781
3 3280 6422 5333
3 1667 6886 4703
3 4343 4743 3299
3 2863 4330 840
3 3918 4816 3527
3 2745 5328 116
3 682 5889 2012
3 715 6385 3886
3 3448 7423 6049
3 4070 6571 2505
3 322 3773 909
3 1172 7192 48
3 671 2019 672
3 2829 192 696
3 2165 6054 4660
3 2607 4367 132
3 2285 1979 1319
3 2581 5557 2579
3 5911 6167 1920
3 1433 5393 5219
3 8516 8517 2748
3 1561 4757 390
3 1366 8220 2366
3 1765 6650 4256
3 8247 8269 4481
3 8335 8336 8328
3 1136 7534 5846
3 8904 9110 3421
3 3577 8549 2794
3 4808 8451 3168
3 3922 5982 2051
3 7374 7588 3858
3 2926 7336 4692
3 2429 4489 2428
3 382 5823 1079
3 502 7627 1238
3 5438 8658 5517
3 3272 5208 4520
3 4226 4245 3319
3 5292 5902 3530
3 620 8589 6969
3 2273 7282 123
3 2829 5422 192
3 3525 6104 4329
3 1265 5450 1269
3 2702 1210 393
3 581 4692 107
3 2387 5295 2386
3 3217 8050 5642
3 1775 4636 1689
3 2665 5178 3550
3 3223 5299 4162
3 8242 8301 8243
3 355 8114 6214
3 3935 6280 4497
3 1702 6353 5201
3 4895 6640 2255
3 2640 6302 2641
3 4146 7933 3375
3 4673 6521 114
3 3297 5198 3737
3 3427 6574 3217
3 3598 4976 3155
3 3321 5232 4754
3 4005 5914 2999
3 2781 7366 639
3 2066 6258 2974
3 3951 4657 149
3 4047 6383 3487
3 3052 7136 3051
3 2675 5640 3298
3 1627 8891 2693
3 1295 7351 7350
3 3634 5591 5378
3 307 5967 308
3 3424 6376 5357
3 2631 5594 1935
3 3473 5464 4194
3 4238 5649 3274
3 2056 7447 2970
3 2473 257 2482
3 6475 8389 5598
3 4229 4918 3508
3 3441 3692 2756
3 2816 6690 687
3 2625 1916 2347
3 1246 8795 5866
3 2414 5263 202
3 1650 4720 46
3 2820 7135 3920
3 2241 7619 98
3 3934 7968 1906
3 1785 4875 4136
3 4300 6252 3234
3 4325 8643 1877
3 2939 5923 1101
3 651 1929 2789
3 3202 4475 3709
3 1286 4025 519
3 4922 6061 3621
3 6142 7243 1200
3 6437 7494 296
3 3528 5496 5270
3 4583 4657 3222
3 1650 4460 2563
3 6052 9075 4286
3 8 5765 7
3 2070 6593 3967
3 3526 5838 5663
3 3630 7423 4626
3 1430 5977 1497
3 525 4136 4006
3 431 6533 4688
3 4884 7860 4370
3 3205 6961 6469
3 6231 8498 6230
3 245 6295 4172
3 4456 8354 225
3 415 350 414
3 1337 5717 3393
3 60 3602 2699
3 3233 6381 4829
3 454 6722 453
3 1746 6325 1744
3 127 6074 126
3 2613 1860 1893
3 1900 8424 2301
3 2201 7472 66
3 5054 5568 4080
3 8329 8338 8337
3 2423 8428 3754
3 2789 5900 2788
3 548 4529 90
3 686 695 2816
3 4023 7054 3204
3 5239 6179 173
3 4186 7941 4858
3 4218 4873 2684
3 4312 4983 2302
3 1999 8774 3817
3 2411 7671 199
3 279 4813 2976
3 1949 6731 2638
3 3534 6573 6344
3 790 3790 791
3 2861 7376 834
3 172 3577 2794
3 6650 7998 3965
3 1811 6447 4413
3 280 4921 743
3 2337 8455 4443
3 5782 6994 5796
3 3729 6275 5836
3 3387 5479 5094
3 3655 7026 1099
3 2189 4498 1178
3 4037 7049 5941
3 3940 6210 2597
3 4602 8490 1211
3 2660 2820 1978
3 400 5084 51
3 1134 7395 4226
3 3148 8257 8252
3 570 1093 571
3 2198 5474 1723
3 1635 1623 997
3 2411 1997 200
3 1456 4954 3669
3 2819 5904 1974
3 459 5891 2199
3 1400 5602 4234
3 2710 5084 413
3 6749 7708 1747
3 2935 1851 1828
3 278 4467 2845
3 1758 4362 4251
3 3148 5189 4482
3 1269 7276 1265
3 260 7818 6834
3 2442 7208 6132
3 4865 5303 2011
3 3529 5360 4324
3 845 8405 4267
3 2310 4109 146
3 6018 6960 3322
3 8714 8732 8726
3 1150 7620 1149
3 3568 4531 3862
3 276 6253 2495
3 41 7581 2179
3 3865 5601 3386
3 4588 6075 1910
3 4134 6239 3739
3 2593 1834 2592
3 639 5639 2781
3 3141 5370 4735
3 2347 5243 2346
3 2429 7445 4489
3 4104 5148 1728
3 481 4008 1754
3 1841 7806 2937
3 3203 8559 5100
3 1756 4691 1226
3 7213 8137 2593
3 2776 2049 627
3 4454 5067 3197
3 5360 6758 3702
3 5957 7612 1451
3 3805 7817 1646
3 2528 1238 1194
3 2682 8454 4062
3 2459 6657 2458
3 2633 4982 1935
3 3593 3697 3592
3 5791 7948 5792
3 144 7947 2305
3 1356 7078 4966
3 4167 8212 4910
3 1790 5881 1766
3 270 5209 4457
3 4821 8479 2298
3 1859 1891 2603
3 3342 6852 3904
3 1392 4323 1881
3 2196 6368 75
3 1324 5176 1990
3 3791 7673 6911
3 1962 8143 2647
3 243 6068 2469
3 165 8421 166
3 2621 6572 2620
3 3099 4465 3731
3 1347 7501 4943
3 2313 6143 5857
3 480 8039 70
3 4269 4459 703
3 4742 5335 3266
3 3011 1906 3010
3 5443 8193 125
3 3800 6906 4471
3 3350 5161 3779
3 1959 4063 2644
3 3997 8197 210
3 839 1513 2863
3 309 6823 4156
3 1266 553 556
3 1885 2610 2296
3 2495 1476 276
3 3151 8663 5240
3 4388 6311 2570
3 4251 6509 4665
3 1101 6200 2939
3 1821 6154 3647
3 4675 7161 1138
3 5175 8780 1196
3 4029 5288 2218
3 370 4369 371
3 2469 8910 1434
3 98 6085 2241
3 2598 5935 140
3 2535 4942 2132
3 4878 4880 3388
3 2316 1905 3014
3 5171 5172 1305
3 154 4108 2332
3 3650 5751 2416
3 2272 5954 122
3 5257 5475 1705
3 708 7456 4790
3 1542 5658 2864
3 2684 4873 2683
3 390 4757 391
3 4409 6847 668
3 860 8095 1529
3 7270 8351 3606
3 430 4366 2872
3 1554 6654 3510
3 3808 6847 4409
3 4243 5179 1758
3 4202 5382 3394
3 4139 5620 96
3 2598 8430 4103
3 2761 6837 600
3 5233 8625 2537
3 3141 8642 4609
3 1658 8628 1659
3 5109 5742 1339
3 1668 8485 4185
3 4156 5754 309
3 4632 4864 4631
3 2584 5230 2203
3 1610 5414 2550
3 4227 7053 3046
3 3527 6791 3918
3 4374 5917 2923
3 2546 8672 1629
3 2824 4462 3810
3 5883 9018 605
3 5448 7955 4645
3 4523 6271 2477
3 141 4312 2302
3 4594 8948 1145
3 3677 6730 3722
3 3679 5765 9
3 484 3421 3360
3 1214 6620 2917
3 3354 5965 4566
3 5467 5572 2113
3 2596 7690 1847
3 1174 4745 387
3 1233 5128 5080
3 1310 4045 563
3 63 4602 1211
3 71 6172 4296
3 1811 4413 2264
3 5082 5083 207
3 4504 4651 3019
3 4706 5148 3370
3 5904 8746 1974
3 3046 7809 4227
3 1849 7361 2597
3 4346 7452 1178
3 1993 6550 2666
3 145 8759 2308
3 3440 5865 5855
3 2583 7141 4838
3 4487 7520 2558
3 1415 5051 4456
3 2360 3929 1357
3 2187 4693 47
3 3582 4882 3581
3 4434 7889 3629
3 3809 6401 2374
3 2651 7027 193
3 1474 7860 4616
3 2610 5214 2017
3 4579 7693 4581
3 3703 7825 5998
3 283 7833 4522
3 556 8523 5950
3 3828 4827 2657
3 3458 7318 6556
3 3393 6346 1337
3 673 5506 675
3 3831 5256 4852
3 3636 5191 3252
3 4850 5264 1869
3 4377 6005 2758
3 4404 5049 3326
3 949 953 950
3 3874 7510 34
3 6054 7888 4660
3 4208 6067 5188
3 1516 5234 2040
3 4638 7289 5021
3 3466 7044 4384
3 8718 8725 8712
3 1839 5036 4033
3 2727 7665 3882
3 3509 6139 4130
3 3077 7028 3076
3 2746 7444 1286
3 2493 5533 298
3 1959 4992 4063
3 2031 4790 3966
3 3264 7588 7374
3 2204 7394 1787
3 2280 7723 4577
3 1125 8581 4054
3 1866 7589 2942
3 3071 3439 3433
3 1404 6979 208
3 1722 4444 1721
3 6592 7645 5215
3 618 5584 5238
3 2539 4794 338
3 2031 3966 2462
3 1819 4634 2590
3 4858 8346 4186
3 1146 8660 3665
3 5878 6883 109
3 651 2354 2353
3 6336 6337 1825
3 2988 4714 4118
3 2392 8410 7483
3 828 5486 1585
3 4581 7694 5052
3 3513 8092 5220
3 4226 4930 1134
3 2286 4791 1321
3 1649 9078 1646
3 4433 6834 3399
3 4746 6220 3188
3 1247 6926 2752
3 4235 8424 1900
3 3076 8794 3075
3 5711 6824 1188
3 4221 8550 139
3 1416 5275 3990
3 339 8768 5055
3 4634 5644 1325
3 4489 7445 3721
3 3087 4902 3086
3 375 7729 5734
3 3845 5298 4674
3 5504 6003 1495
3 2753 9068 3823
3 4280 8080 5351
3 6304 6537 3177
3 253 6434 254
3 3739 8724 3883
3 3434 4961 4392
3 2088 5508 2531
3 1259 8209 8207
3 4265 4540 2470
3 4950 4952 4951
3 1263 5318 548
3 1565 5963 4812
3 468 7219 4022
3 4530 6683 3194
3 6442 8425 1698
3 3900 4709 2790
3 1406 8607 4242
3 3119 8628 1116
3 39 8581 1125
3 1458 6782 6781
3 1289 3338 150
3 4285 5971 365
3 2623 6402 1913
3 4482 6784 5696
3 4365 7911 7286
3 2677 6358 2678
3 2447 1446 234
3 2752 2264 118
3 131 8801 4604
3 5023 6227 3424
3 604 4057 1293
3 1815 5960 4126
3 3463 7214 5626
3 362 5867 1129
3 1859 8903 2612
3 5760 7164 1796
3 4485 7626 1609
3 151 2328 2321
3 1159 4719 375
3 367 4848 373
3 160 5040 2324
3 4897 7290 2977
3 1148 4169 23
3 4997 8440 4404
3 1267 8205 2218
3 3595 3697 3593
3 1244 4980 3494
3 1749 7349 1219
3 4061 4777 1441
3 3184 4628 4612
3 1757 5138 5091
3 706 6958 705
3 1286 4953 4025
3 3500 3501 3210
3 1382 4926 3052
3 6562 8125 4750
3 3160 4990 4098
3 3092 4595 1443
3 8313 8317 8316
3 2608 6549 1882
3 2416 6816 203
3 2413 4203 3451
3 714 5181 2840
3 1855 6181 2739
3 3234 7169 4300
3 2300 9077 2299
3 2430 5020 219
3 1882 4599 2608
3 2835 8627 706
3 676 5845 677
3 1877 2606 1339
3 6120 7713 3517
3 3095 4781 3094
3 4936 7501 1347
3 21 6450 4026
3 697 7146 6805
3 2398 188 2641
3 1142 5110 1161
3 126 6694 127
3 2939 1860 2613
3 4093 7108 1959
3 5027 8538 1350
3 2004 6565 5133
3 3940 4182 3311
3 1270 7154 5812
3 75 7498 5452
3 2026 6428 2679
3 3204 5023 4023
3 6107 8515 1648
3 3576 5199 5067
3 8283 8284 8280
3 373 6666 367
3 4151 7266 2699
3 2437 6047 4626
3 788 8055 787
3 2049 6272 627
3 1263 90 88
3 3196 8156 7187
3 3164 5913 5289
3 1675 7680 2905
3 3265 8441 3624
3 3342 6504 1787
3 5061 5650 3007
3 4207 6883 5878
3 3349 7544 4233
3 2609 7426 1884
3 3180 5028 4479
3 1377 6275 1983
3 5043 5044 1370
3 1602 6119 337
3 4176 5552 1761
3 183 4845 2387
3 5162 5880 1699
3 4493 5967 307
3 6630 6632 3147
3 620 5379 174
3 8333 8335 8328
3 1169 4470 43
3 1352 5538 3023
3 752 6567 1257
3 2822 8927 3909
3 123 7336 2273
3 1571 7011 358
3 1970 6882 4664
3 4435 8744 3526
3 4233 4358 3349
3 3798 7043 3243
3 4040 4908 1798
3 1373 5639 639
3 585 7733 3813
3 2283 5307 2286
3 2449 5388 4756
3 3207 8122 5931
3 248 3869 252
3 3839 5232 4868
3 6125 7223 6124
3 3578 5952 3240
3 4470 8561 3170
3 3329 7549 3573
3 2238 5457 95
3 1409 8435 2427
3 5791 5792 5783
3 2294 4619 2604
3 5476 7395 1134
3 370 5690 4049
3 3575 5067 4454
3 2641 6302 5212
3 4405 8846 3236
3 3299 5994 4343
3 2179 7581 4074
3 5270 5496 1891
3 4530 8961 6683
3 846 1461 845
3 613 614 2772
3 3943 5898 2205
3 1931 6043 4920
3 2736 8057 541
3 4161 7732 7731
3 2232 4919 4045
3 1770 6962 3483
3 768 4732 1487
3 5005 5359 3529
3 3000 3983 1727
3 5124 5317 3167
3 3319 4930 4226
3 7382 7383 5784
3 4629 4993 4630
3 4298 4666 3258
3 42 6350 2181
3 3594 6992 5781
3 6449 7435 1382
3 5277 7552 229
3 3656 5200 2384
3 4277 8056 3348
3 2664 6386 6371
3 44 6207 2183
3 1080 8022 2563
3 4420 7059 3570
3 4221 4821 1395
3 2127 7485 2883
3 1224 6370 4502
3 3380 4973 4578
3 1096 1851 2935
3 5086 5154 3870
3 1975 5193 666
3 3299 5535 3716
3 5526 6490 4711
3 1889 5327 2611
3 6304 7979 4132
3 4313 8120 3115
3 5313 8450 2127
3 2043 5827 2044
3 3621 5329 4833
3 1693 5675 4883
3 5906 8680 4905
3 2828 4496 1396
3 149 6606 2618
3 4868 5232 3321
3 2951 5900 2789
3 3190 7587 6383
3 4759 8402 2057
3 2313 6144 6143
3 3967 6556 2070
3 4583 8358 3383
3 5309 5310 1308
3 3447 5548 5400
3 4805 5920 3486
3 3310 5453 4127
3 3777 8220 135
3 8541 8542 1804
3 5214 7782 3879
3 5288 7978 2740
3 2816 4721 686
3 101 2242 1284
3 4600 6372 3165
3 2563 4720 1650
3 5439 6315 3395
3 1664 6277 4421
3 5663 5838 121
3 1114 5183 4289
3 2672 6816 2007
3 2840 5966 4111
3 1363 6188 2364
3 1787 6729 2204
3 4407 5059 1734
3 265 7415 2488
3 258 4625 2483
3 4765 4766 2614
3 158 6149 2279
3 8335 8339 8336
3 1828 6336 2935
3 5416 5636 2835
3 75 5452 1237
3 2822 3909 2823
3 846 2978 2520
3 6752 7719 1344
3 1002 4449 336
3 1439 4232 2831
3 2988 4268 2169
3 3268 9113 4378
3 3290 8495 6311
3 2978 9101 2520
3 4500 5076 2382
3 6275 7295 5836
3 1149 4009 24
3 3222 7414 6423
3 3187 7825 6206
3 5302 5869 3643
3 4312 4428 2617
3 2793 4869 659
3 4183 6704 723
3 3513 5220 2503
3 2203 6729 2584
3 5732 5988 1854
3 1973 7977 2954
3 5535 7082 2334
3 1434 7775 4501
3 1483 6515 451
3 1847 6943 2596
3 1989 5664 2665
3 1979 7554 1319
3 6001 8803 1575
3 4236 5979 1046
3 2847 4849 744
3 2619 8815 2620
3 2591 5547 4413
3 8313 8316 8291
3 2597 6210 1849
3 1616 8740 4216
3 4619 6140 3228
3 4626 5281 2437
3 6388 8372 2269
3 296 7494 3610
3 4400 6653 3842
3 265 2488 2479
3 5438 5517 3635
3 2487 6258 2066
3 4131 7075 1496
3 4152 5134 1387
3 5442 7599 1998
3 20 6977 21
3 2212 5842 1241
3 1355 4535 2792
3 3918 5100 3374
3 5336 5341 5339
3 1833 4850 4305
3 1411 5406 221
3 5285 6322 1154
3 1839 6038 2594
3 5669 7664 4261
3 2932 1814 2933
3 1 9067 5850
3 2060 7254 5181
3 455 6740 4512
3 1735 4809 1736
3 642 2648 1964
3 2886 5187 1030
3 1689 4899 1775
3 8252 8260 5189
3 3876 5535 3299
3 2579 5120 2581
3 5213 9066 2306
3 2954 6148 688
3 2658 5408 2798
3 2766 7110 5706
3 1178 5562 4346
3 2033 7258 5715
3 8259 8291 8260
3 3709 5958 3202
3 8338 8340 8337
3 3326 4997 4404
3 2817 8758 194
3 1384 7484 3047
3 4208 4533 2815
3 5404 7075 4131
3 689 8407 4083
3 140 5665 2598
3 5892 6279 232
3 4021 6945 3201
3 3449 8475 7474
3 5562 8110 7459
3 2392 5283 1381
3 784 6985 901
3 5696 8236 4480
3 1334 3592 528
3 2310 1874 147
3 1709 4680 458
3 2495 4467 1476
3 3357 8160 4401
3 2636 8946 1944
3 5984 6924 3416
3 2850 5973 4023
3 431 4688 432
3 3290 6311 4388
3 3141 8502 5370
3 1102 1928 1940
3 1416 4360 2011
3 6781 8929 720
3 8327 8344 8330
3 3785 4442 183
3 2014 5442 1998
3 1115 2177 2565
3 3169 7131 5637
3 706 6929 4175
3 3360 8529 4951
3 3236 5215 4405
3 683 8162 682
3 2385 6205 4229
3 4918 5223 3508
3 4966 7078 152
3 5177 5576 3323
3 2481 257 2472
3 1765 7998 6650
3 4864 5804 3730
3 4799 5716 1173
3 2774 7448 2775
3 2651 2405 1967
3 1125 4054 3117
3 3670 5472 5219
3 4674 6464 1177
3 3184 4864 4632
3 274 5041 275
3 6615 6616 1992
3 247 4699 703
3 144 7774 1373
3 3665 6772 1146
3 1162 5101 5069
3 338 3709 337
3 2505 6571 4130
3 2496 7411 4598
3 2576 5257 1705
3 3648 6186 3502
3 4538 8782 4201
3 2980 5158 3408
3 2201 6777 4046
3 3979 8992 167
3 1316 8832 7296
3 3176 5804 4864
3 4054 5246 3988
3 3641 7839 3337
3 4189 6370 1223
3 4387 8515 6107
3 241 8109 4669
3 7494 8597 1810
3 1705 8472 2576
3 2414 5724 5263
3 566 5712 2741
3 3399 5416 4433
3 4925 4929 1851
3 1102 4991 1928
3 47 4693 2169
3 338 5958 3709
3 1429 5275 1416
3 5382 7217 3211
3 5080 5128 2733
3 1437 8387 1450
3 494 3882 2724
3 2745 1828 574
3 3024 6123 3023
3 1080 5641 1181
3 1243 5359 5005
3 6867 8166 6481
3 4526 6477 1731
3 5055 7760 1003
3 4424 5575 3371
3 6063 8853 2294
3 2400 4698 190
3 2810 5905 677
3 3743 8736 8735
3 3581 5703 3582
3 1447 4699 2476
3 5374 6808 3296
3 8334 8341 8329
3 4130 6571 3509
3 5698 5700 3231
3 8246 8269 8241
3 2056 4832 4239
3 2764 1330 613
3 78 478 1221
3 5201 6353 3965
3 3040 4664 3039
3 2351 7265 3760
3 4617 5530 1282
3 6723 8569 4765
3 4054 7480 5246
3 5255 6437 296
3 4757 5175 1196
3 6899 7214 3463
3 88 2216 79
3 2209 8859 4870
3 4621 6521 2263
3 465 6777 66
3 6774 6775 4009
3 4754 6305 3212
3 8998 9006 9005
3 4882 7890 3581
3 1604 2539 3064
3 4904 4905 1448
3 4672 8080 4280
3 4586 4690 115
3 911 2981 910
3 2490 4156 1462
3 338 6119 2539
3 2204 6820 4038
3 5797 9113 3268
3 5796 6454 6453
3 3512 7686 5555
3 8234 8289 8237
3 3072 4802 2123
3 4184 5630 1674
3 8278 8284 8283
3 3786 6517 4650
3 5252 9040 2305
3 3383 4657 4583
3 4387 6107 2559
3 1306 4850 1869
3 2267 4929 4925
3 5741 8201 1953
3 2590 6005 1819
3 2314 5109 1339
3 3649 4839 544
3 2017 5874 2610
3 2714 6296 5123
3 3669 5488 4327
3 8257 8261 8258
3 1542 7372 5658
3 1350 8538 6438
3 2729 8028 526
3 125 8193 2275
3 3089 1444 2837
3 7340 8662 685
3 2639 7335 1954
3 4366 6016 3408
3 4589 6731 1949
3 2846 5725 742
3 5261 5402 2433
3 4658 6762 1738
3 1683 6120 3885
3 744 770 745
3 2442 6132 2441
3 6524 6525 3377
3 1983 6275 4715
3 3418 8618 4738
3 2566 7637 2905
3 1664 5758 1107
3 2663 2408 2664
3 4842 6501 3291
3 3265 3624 356
3 1299 4690 4689
3 2295 5518 1888
3 3966 8383 2462
3 2680 7940 2028
3 3307 5694 5564
3 5219 5472 3372
3 7573 7575 560
3 3451 7616 201
3 6656 8507 2256
3 5996 7189 1956
3 2459 6490 1430
3 3998 8893 4457
3 1948 6015 2609
3 4828 7918 3357
3 4839 5446 282
3 3458 7149 4792
3 3071 5486 3439
3 4213 5071 3662
3 2676 5392 3547
3 5009 7407 288
3 5783 7387 7386
3 3550 5356 2665
3 3348 7544 5602
3 1506 5523 805
3 2255 6640 112
3 6344 8324 8296
3 2497 4598 3699
3 2363 4337 173
3 6683 8961 3584
3 4722 6616 4721
3 4073 8641 83
3 1885 5214 2610
3 2740 4727 2600
3 2667 4275 3381
3 9013 9016 9012
3 4062 5426 3230
3 5100 6791 3203
3 1814 9102 2933
3 8261 8266 8263
3 6222 8739 2407
3 1833 5350 4850
3 5711 7498 3599
3 5038 8105 4642
3 3485 8598 3138
3 51 5084 4044
3 712 8116 7090
3 540 4646 2073
3 8833 8834 2057
3 2756 6857 3441
3 2745 6073 1828
3 3686 5553 4761
3 3242 4719 4557
3 1240 8468 2726
3 1358 7072 4306
3 6495 6698 658
3 3363 5287 552
3 3028 5423 3027
3 2308 4977 145
3 2651 193 2405
3 245 6657 2473
3 6366 7556 1324
3 9015 9016 9013
3 3299 6382 3876
3 4230 8806 5305
3 2457 3630 2456
3 2037 8688 2685
3 1154 6153 372
3 5014 7110 2766
3 1555 6717 533
3 2206 6172 71
3 4410 6696 3290
3 3344 7823 3152
3 6578 8148 2908
3 2913 8954 4888
3 5143 5312 3325
3 3622 8166 6867
3 6753 6956 3410
3 493 8486 5054
3 1379 4723 2391
3 2914 7769 5739
3 4850 5350 3310
3 977 7376 1513
3 199 7671 4844
3 5351 8080 25
3 1322 4567 4342
3 5614 8002 1665
3 3798 5537 4804
3 3394 5921 4202
3 8330 8333 8328
3 680 7469 5197
3 1997 4906 4028
3 6080 6636 3174
3 3591 4402 4322
3 1215 8787 5976
3 3471 7478 4463
3 2837 3088 3089
3 219 5389 216
3 2609 4907 1371
3 2626 5247 2627
3 228 4547 226
3 3094 4781 4086
3 652 6501 4842
3 4105 7120 4432
3 2751 589 2756
3 5119 7584 4001
3 2387 4845 3933
3 2263 6521 4673
3 2190 7185 4262
3 3447 5549 5548
3 1358 7175 7072
3 617 5003 691
3 1138 6241 4675
3 3503 7849 4687
3 1037 6214 1029
3 3925 7007 2685
3 5057 7393 7195
3 5286 7448 2774
3 2176 4776 1134
3 3489 4974 2076
3 2914 5739 1726
3 2536 9094 3444
3 4083 8407 4532
3 3212 5039 4754
3 3554 5540 2167
3 3502 5062 4255
3 3291 6501 4240
3 2557 5955 4264
3 3947 4999 3210
3 388 6187 2701
3 74 6367 451
3 3228 4851 4619
3 3091 8173 3407
3 3694 6588 4070
3 177 4409 668
3 3101 5807 3100
3 4006 8085 525
3 3009 8811 1118
3 5804 7973 7086
3 4117 7758 7330
3 2435 4844 4299
3 1443 4595 250
3 1358 6313 2632
3 2836 5117 3986
3 253 4777 4061
3 517 7241 4806
3 4730 6088 3276
3 3455 5797 3268
3 3348 5161 4277
3 355 5930 3683
3 3111 39 1125
3 1758 8000 4362
3 1737 6325 1746
3 3837 8852 2906
3 2993 7276 1117
3 7367 8670 6779
3 5069 5085 1162
3 3726 5010 305
3 4622 5344 1476
3 714 7614 715
3 3457 6655 4756
3 2905 5829 1674
3 5941 7049 1984
3 2945 8667 6145
3 2321 5560 151
3 5266 8930 3475
3 3208 5729 5441
3 5441 5729 170
3 643 6155 2945
3 3222 6423 4583
3 4293 6347 3329
3 6839 7551 1405
3 3432 4872 4685
3 4507 5562 1178
3 744 4849 770
3 4026 6680 20
3 3087 3088 2838
3 4659 5721 5720
3 8274 8288 8279
3 4000 7771 7709
3 2753 7746 2264
3 186 8195 4941
3 2941 3913 2615
3 55 4745 2716
3 3899 5026 3517
3 3413 5065 4392
3 2067 6593 2070
3 1674 6742 4184
3 2838 3088 2837
3 544 4796 3649
3 4294 7724 3608
3 6233 6260 6229
3 7181 7505 2607
3 3984 7528 3001
3 1705 5474 62
3 350 7206 1621
3 1885 7782 5214
3 3990 5275 2438
3 3630 4121 2456
3 1178 7452 2189
3 1363 5102 135
3 3142 5568 3263
3 2048 5448 4645
3 172 7436 3577
3 1181 395 1080
3 3646 5530 4617
3 2689 3755 2527
3 1888 6178 2295
3 1177 6885 4674
3 1786 5287 3363
3 1883 4907 2609
3 2574 5045 1694
3 1889 6547 2826
3 5316 6806 4576
3 2829 6211 5422
3 7920 8918 346
3 4579 8808 3219
3 4145 5090 164
3 2186 8155 6853
3 4517 8110 1762
3 1110 8694 1415
3 2933 5217 2932
3 4202 7217 5382
3 4456 5051 1417
3 6564 6790 3756
3 95 5457 554
3 2462 240 2031
3 71 5618 2206
3 212 5807 2424
3 2667 9077 4275
3 2259 2262 595
3 599 4929 2267
3 4236 6705 2498
3 5094 5479 3549
3 3578 5734 4537
3 179 4768 1980
3 4577 7100 1318
3 4405 5272 3392
3 680 5197 1984
3 1928 5454 1940
3 4188 6329 5213
3 1066 1035 1034
3 696 3890 697
3 2792 5570 1355
3 173 4743 4343
3 309 5754 2520
3 1696 4410 2575
3 139 5122 2054
3 1565 1238 2528
3 2795 9127 1362
3 5846 7534 3778
3 282 5648 1475
3 7584 8111 4001
3 2111 7206 350
3 3768 6246 4445
3 3574 6079 5763
3 1352 7201 5538
3 5190 8405 845
3 3975 7198 5655
3 4303 5026 1672
3 184 5575 4424
3 4527 7764 3542
3 3825 8108 1755
3 5121 8939 2808
3 2247 6925 3523
3 1237 5452 4866
3 2619 6184 2618
3 5607 6798 4336
3 2737 5318 1263
3 5753 6873 582
3 4354 8385 644
3 2005 5492 3028
3 2204 6729 69
3 593 5160 2778
3 3949 3999 484
3 5563 6466 60
3 207 5083 206
3 299 8548 5322
3 3898 8631 1834
3 8729 8878 8728
3 2390 4424 4326
3 4315 7612 5957
3 3439 5486 828
3 2918 7861 4046
3 516 4806 4555
3 3 4650 4
3 2809 7469 680
3 2574 5675 1693
3 5598 8389 3501
3 4228 4972 1179
3 4034 5216 3376
3 2282 5307 2283
3 1883 7886 4259
3 3291 8018 4842
3 2961 7084 5602
3 490 4397 2723
3 2553 4525 1601
3 3364 8922 3889
3 2845 5369 741
3 4773 5205 302
3 3475 6723 4765
3 1565 4288 4004
3 2073 4646 3980
3 1721 4444 346
3 723 5569 4183
3 4117 7330 4775
3 5238 5584 3685
3 161 7735 4347
3 2188 47 2169
3 5064 7058 3631
3 97 5440 2240
3 7623 8865 1411
3 161 8612 7735
3 5103 5634 3353
3 3591 4322 4205
3 6201 6202 3552
3 6764 7533 6768
3 1478 7525 3251
3 3514 5848 5847
3 4343 4932 2363
3 6559 7636 4179
3 4754 5039 3321
3 1345 5990 2338
3 4245 7395 7180
3 1570 4924 2980
3 2795 7781 4739
3 3461 6333 3673
3 2669 5947 3666
3 3227 7885 6209
3 4094 7399 159
3 8714 8733 8732
3 384 8981 1173
3 5655 7198 2849
3 251 1446 2447
3 1675 5061 4223
3 7286 8955 4365
3 167 4613 3979
3 5558 7077 3953
3 3935 8115 6280
3 4653 6672 1278
3 4468 7587 3705
3 4119 6759 2341
3 3705 4742 3232
3 4099 4676 3391
3 173 4343 2363
3 2612 5964 1891
3 3408 5158 4366
3 83 6609 509
3 7090 8116 2036
3 1098 4317 1831
3 1997 7509 4511
3 2413 3451 201
3 1647 4387 2559
3 4554 7684 2182
3 3465 6174 5201
3 3399 5636 5416
3 2456 4121 3366
3 481 7959 4008
3 2334 6412 5535
3 3270 4076 4075
3 3060 8748 3059
3 1356 4966 2356
3 1227 5629 5207
3 131 4604 2282
3 4313 8128 8120
3 3267 7067 5973
3 2109 77 2983
3 8275 8288 8274
3 1441 4763 1422
3 48 6860 1172
3 701 3990 3989
3 3083 7415 3082
3 1749 5591 1750
3 6573 8726 6344
3 1357 4820 2360
3 2285 7738 1979
3 2431 220 1409
3 5404 7023 3200
3 1695 6443 5065
3 1603 7019 2536
3 686 4682 695
3 9 6812 3679
3 4788 7727 3772
3 4459 7926 703
3 4508 5186 2068
3 1597 5469 1595
3 2821 5755 3381
3 4467 5369 2845
3 5321 5505 1949
3 4636 4985 1689
3 1917 8229 167
3 1347 6087 4936
3 4855 8912 4854
3 3288 4730 4003
3 2188 5011 47
3 28 4672 4280
3 3273 6825 5625
3 326 4683 953
3 3311 4957 4624
3 23 7653 1148
3 16 8679 5614
3 2412 7616 4179
3 4370 7860 1474
3 2605 5458 1876
3 4234 7544 3349
3 2472 257 2473
3 807 6219 806
3 5842 6499 4067
3 1109 5581 4635
3 4618 8550 4221
3 4844 7671 4299
3 4604 8801 3820
3 2309 4816 146
3 2765 1895 1897
3 5843 6972 2737
3 2911 4985 4636
3 2443 8449 7208
3 2773 4505 625
3 2594 8956 4207
3 3874 6153 1154
3 3254 5825 792
3 4505 6140 625
3 3705 6381 4742
3 2297 6549 138
3 2335 6006 3553
3 2638 8751 1949
3 1134 4776 1165
3 2470 4540 243
3 5028 6833 298
3 527 4351 1821
3 4897 6674 1453
3 5947 8060 3404
3 1498 5072 2717
3 4753 5556 3441
3 2296 7280 138
3 2349 4941 4613
3 4244 7331 4826
3 2723 8909 489
3 3499 4434 3500
3 5082 6156 3505
3 2412 3226 2668
3 1821 2730 527
3 3621 8497 4922
3 4908 7496 1798
3 4353 8570 4354
3 2635 6880 1911
3 36 3960 1664
3 1401 5153 2004
3 2585 2216 523
3 1460 6307 2488
3 5477 6447 1811
3 1046 6475 4236
3 3371 6409 4424
3 4332 8625 5233
3 5671 5849 3178
3 1399 6211 2829
3 2755 4363 592
3 1731 6477 2580
3 1646 4712 1203
3 4295 8760 493
3 5637 7131 4488
3 1894 5923 2613
3 5123 8822 441
3 2576 5114 1706
3 3035 5422 3034
3 5823 6853 6357
3 3431 5580 4972
3 1151 5195 1148
3 3405 4817 2974
3 2636 5192 1943
3 1995 5755 690
3 2479 6307 2478
3 1455 5828 4772
3 3447 6576 5549
3 4738 7101 3417
3 1746 4888 1737
3 3826 7114 217
3 3367 6053 1735
3 4675 8660 21
3 4536 7218 3780
3 6005 6112 597
3 3053 1382 3052
3 637 5583 2780
3 5212 6302 1950
3 4677 5833 1163
3 1875 5372 130
3 2929 8542 7989
3 2301 5935 1854
3 391 4757 1196
3 4353 4354 3327
3 2391 4448 1379
3 5066 6488 3921
3 3876 6382 4171
3 3537 5869 5302
3 2221 1555 533
3 2127 8450 5312
3 780 8835 2063
3 2341 4145 164
3 5338 5340 5337
3 4335 4771 4471
3 3357 6157 4828
3 8558 8882 1311
3 4191 8536 2960
3 3565 7500 6011
3 3475 8930 4505
3 4401 6157 3357
3 153 4420 3851
3 4067 7323 3239
3 4029 7978 5288
3 467 4724 466
3 2539 6417 4794
3 8711 8713 3883
3 74 6255 5147
3 2271 5717 122
3 3085 5282 712
3 2811 5860 2812
3 2180 6216 4455
3 2844 5876 2073
3 3820 8700 4604
3 545 8209 1259
3 1012 7105 3829
3 6131 9002 6125
3 3887 7405 7176
3 3770 6305 4754
3 4765 5311 3475
3 2758 6005 597
3 2330 6951 159
3 1799 5600 4079
3 2512 240 2462
3 4288 7905 4004
3 3407 6806 5316
3 3290 5981 4410
3 2917 9063 3461
3 3885 5630 1683
3 4299 8175 2435
3 4525 7093 6771
3 4660 6897 3239
3 5401 8846 4405
3 1243 2213 2214
3 3503 4703 4066
3 4655 7583 4047
3 3383 8358 4584
3 3470 5718 4269
3 1509 5772 3068
3 3394 5736 4376
3 4666 6514 4200
3 2232 4045 1310
3 4954 5411 4287
3 858 4478 312
3 1686 7288 4406
3 3939 6038 3312
3 3721 7319 4489
3 1565 7850 4288
3 2591 4413 4412
3 1854 9034 5732
3 2203 5230 1224
3 1951 7646 5012
3 2345 3545 2344
3 1142 5685 18
3 2207 5621 496
3 527 5064 2731
3 123 3994 1796
3 1906 7968 3010
3 1656 3116 2564
3 4633 6668 4632
3 2367 4253 175
3 4445 8943 3768
3 1111 6189 214
3 2040 5190 1516
3 4049 5690 3771
3 48 7192 5001
3 4362 5091 3213
3 4155 7566 3020
3 85 6567 539
3 4520 5006 3272
3 5697 7098 3322
3 6213 8592 4184
3 2509 7281 4479
3 4631 4864 3730
3 3472 8809 5465
3 33 4736 4344
3 3688 6633 4702
3 3240 6364 3578
3 4451 5269 4113
3 2990 1147 23
3 1136 5846 23
3 4367 7655 2283
3 4515 9095 1763
3 2512 6078 240
3 3737 6804 3297
3 4504 6855 5810
3 4376 5921 3394
3 3658 6980 6374
3 2788 1352 2789
3 2608 7495 1881
3 3312 8406 3939
3 1999 3817 3603
3 1474 6034 4370
3 2403 7793 1391
3 2848 5271 3229
3 2616 4519 599
3 4340 7639 649
3 451 1498 2717
3 3815 7748 6871
3 2189 5910 4498
3 124 8371 3914
3 1757 6363 5138
3 178 6427 1946
3 5796 6453 5795
3 3279 8524 8159
3 3322 6960 5289
3 140 8086 1852
3 2399 4915 2398
3 4381 8761 4017
3 6230 9096 6232
3 4878 5334 4880
3 4821 7069 1395
3 2267 4925 1307
3 1943 6880 2635
3 3885 4303 2566
3 5590 7677 3609
3 5466 7181 2607
3 921 6232 922
3 792 5825 543
3 4086 4740 3093
3 5380 7314 1845
3 3152 4933 3344
3 4181 6999 2691
3 95 5687 2238
3 5945 8063 113
3 4698 6004 3515
3 1712 5489 2195
3 1238 5131 1194
3 3277 8081 3870
3 43 6352 1169
3 5977 6490 4084
3 4275 9077 2300
3 5132 6951 2330
3 1133 7424 5743
3 1080 8683 5641
3 4739 9127 2795
3 4139 6238 2601
3 2711 5245 416
3 1262 6716 4764
3 1108 5767 2185
3 155 1918 2628
3 6103 6128 6102
3 789 8543 2850
3 3638 7296 4076
3 4141 4824 3719
3 649 7639 4254
3 3618 6817 2930
3 4833 5329 669
3 5779 5793 5781
3 2630 6595 5834
3 1945 4257 4019
3 3001 9043 3984
3 2767 6545 616
3 2182 7684 44
3 4829 6136 3233
3 695 5113 2816
3 5119 7360 2447
3 3375 7057 4146
3 5016 8827 3173
3 3666 7636 2670
3 4280 7230 28
3 2655 2653 1969
3 3239 7158 4067
3 4495 4496 2828
3 2641 188 2640
3 4452 7132 2404
3 1410 5491 2431
3 2352 8048 3982
3 1551 4431 283
3 1932 4769 648
3 3834 7341 2800
3 326 5508 4683
3 1711 4345 2912
3 2807 8363 4157
3 3230 5426 3893
3 1841 4428 4312
3 2380 7259 6624
3 2499 7539 6760
3 6064 7681 1369
3 2735 4466 537
3 7459 8110 3213
3 4476 6087 1347
3 147 5656 2310
3 1123 7068 1019
3 5046 5047 1341
3 1696 6696 4410
3 2573 6273 1691
3 3566 5417 4538
3 3276 8462 4730
3 2349 4613 167
3 4840 6445 3291
3 4193 6137 2246
3 1417 4844 2435
3 3441 6857 4753
3 6247 7726 4511
3 922 5313 923
3 1731 7914 4526
3 5941 7961 4037
3 5663 8023 3526
3 2783 5192 1945
3 657 6560 1925
3 5519 7569 3185
3 2953 4820 1357
3 2606 8643 4367
3 7373 8020 4886
3 1497 5977 2815
3 4817 8001 2974
3 1299 4689 1294
3 2035 5403 2476
3 5207 6339 1227
3 4476 8029 6087
3 2918 8654 4176
3 3886 6385 4916
3 3050 7466 3049
3 1792 630 629
3 8243 8246 8241
3 4702 6633 3282
3 664 4996 4670
3 2798 5193 2658
3 5564 5694 3718
3 9002 9003 6125
3 4023 5023 789
3 3309 7470 5045
3 4807 6914 3919
3 4416 7719 5635
3 3497 6252 4749
3 4063 8512 2644
3 1278 6283 3868
3 3150 8555 4975
3 3329 6714 4293
3 4656 5932 299
3 3310 5264 4850
3 4846 7254 3229
3 2472 3765 244
3 3257 8634 4180
3 5864 7874 1317
3 4438 8451 4808
3 1368 7052 2368
3 4603 6408 3473
3 2389 5447 2024
3 258 6958 4625
3 1368 7089 3044
3 4033 8648 3312
3 3221 5747 3385
3 3109 7093 3108
3 2702 5622 1179
3 4505 5434 3475
3 1369 7681 5146
3 5468 6295 245
3 3961 7057 3375
3 2582 8140 5739
3 3202 7730 3750
3 6345 8293 3150
3 2831 6691 1440
3 5770 8656 1830
3 3640 8467 4425
3 2499 7754 4637
3 1353 9062 4927
3 3794 6220 4746
3 1689 5111 4241
3 2181 9093 1168
3 1632 6278 2552
3 2799 4477 2798
3 4667 6312 1580
3 1242 6256 2213
3 4455 7581 2180
3 2835 5636 1426
3 4256 5830 1765
3 2511 1435 242
3 580 6721 2244
3 5602 7544 4234
3 3288 5659 4248
3 3844 6674 4897
3 7228 7229 3594
3 2305 9040 4881
3 5904 8462 3276
3 4270 7334 3285
3 657 6918 3982
3 669 5146 4833
3 5369 6321 741
3 2305 7774 144
3 21 6977 4675
3 1023 6262 1022
3 2749 4555 2241
3 4338 5005 3529
3 2473 5468 245
3 4256 6650 4561
3 3053 6449 1382
3 4546 4988 449
3 1151 5351 25
3 3567 6584 6216
3 7 5877 6
3 5289 5913 3927
3 662 5748 2364
3 4814 8163 3403
3 5098 9084 4550
3 8294 8302 8299
3 4401 4897 1453
3 1392 4644 1880
3 26 1152 34
3 3820 8801 4606
3 2919 7143 4517
3 7174 7591 1803
3 2283 9033 2282
3 2345 4545 165
3 1636 8995 5929
3 3993 8347 2551
3 3699 6390 2497
3 2617 4983 4312
3 4337 5239 173
3 2796 5666 4514
3 823 5772 1509
3 3804 5769 91
3 3238 6699 5588
3 3385 5747 3745
3 5452 7498 3773
3 5482 5483 3248
3 4678 6335 1420
3 4241 4899 1689
3 1436 6203 4960
3 2625 9045 1916
3 6765 6766 6763
3 2309 7600 5707
3 4889 5947 3404
3 1265 7276 2993
3 4392 5165 3413
3 1549 8365 6714
3 8120 8128 3235
3 3654 7150 5562
3 8285 8286 8278
3 2796 4514 663
3 4967 7915 2439
3 3231 6306 5989
3 2169 4268 2188
3 5552 8028 2729
3 1422 4523 1441
3 3840 6539 5065
3 5200 8127 1333
3 398 399 1720
3 2681 9105 4931
3 2961 6410 5248
3 682 7678 4143
3 2029 7902 5062
3 5441 7439 3208
3 2795 5583 637
3 4489 7138 2428
3 7152 7153 4165
3 4121 5277 3366
3 4545 9081 165
3 2788 7201 1352
3 3264 7374 4898
3 1430 6062 3765
3 3316 6807 4449
3 4184 6742 6213
3 2661 7554 1979
3 3829 4638 3302
3 1688 4663 1648
3 159 6951 4094
3 5965 8100 4566
3 5666 8006 4514
3 4751 8125 7
3 2377 6736 178
3 3795 7868 283
3 2789 1929 2951
3 3193 6652 3645
3 7348 7780 3572
3 3871 6156 5082
3 1941 6761 2344
3 5063 6364 3240
3 4267 6251 2978
3 579 8459 2243
3 6371 6386 3857
3 1843 6930 4454
3 3750 4475 3202
3 2682 6243 2685
3 3374 6659 6328
3 3424 5381 5023
3 5699 6528 5701
3 3117 4054 3988
3 322 5452 3773
3 2231 5478 2233
3 2665 5356 1989
3 3609 7642 4115
3 3918 6328 4816
3 4324 6069 3529
3 2894 7102 3524
3 4495 4711 4496
3 4487 7958 5060
3 5140 8481 3657
3 72 8232 8036
3 4484 9055 4483
3 4654 7206 1564
3 3893 7160 3230
3 5263 5724 3519
3 5961 7791 4010
3 3878 7564 6002
3 1436 4960 3873
3 1150 6481 27
3 285 4508 753
3 4448 7356 1379
3 4404 8568 5049
3 2284 6013 4940
3 268 5108 2491
3 1904 5326 1902
3 4724 5896 466
3 194 8758 4329
3 6570 8369 5118
3 1226 4284 1756
3 1852 8086 2938
3 3598 7134 4976
3 4175 6458 4433
3 4310 4814 3403
3 5065 6539 1695
3 2472 8855 2481
3 2425 4785 2422
3 152 7078 2321
3 4883 5736 3652
3 2724 8698 5811
3 1953 8201 7369
3 2049 5355 4423
3 3653 6245 6190
3 2649 5809 4429
3 184 8638 5007
3 3491 5617 4432
3 3530 6603 5292
3 650 4340 649
3 1427 7860 4884
3 1402 5115 2451
3 602 5196 601
3 2827 6616 4722
3 131 8968 8801
3 2721 6187 488
3 1690 6850 4492
3 4661 6104 3525
3 3508 6091 4229
3 3995 7122 631
3 3506 6369 5407
3 2341 6114 4119
3 138 5674 2297
3 4972 5497 3431
3 6911 7673 43
3 4429 6882 3681
3 3185 7569 4797
3 4792 7149 3459
3 1828 6719 574
3 2666 6550 4571
3 7835 7837 5320
3 4981 5874 2959
3 4057 7368 1293
3 2565 2177 1670
3 2591 6622 6112
3 1179 5622 5352
3 4242 8634 3207
3 5417 8782 4538
3 4105 6808 5374
3 3570 7059 5210
3 8250 8316 8312
3 5057 5293 589
3 4994 7794 4195
3 4975 8555 6586
3 4274 7073 6239
3 162 8091 4737
3 174 5361 2365
3 2275 4694 125
3 3585 8014 4921
3 8312 8315 8314
3 203 7319 5139
3 1410 8590 2045
3 4972 5580 1179
3 4756 5388 3457
3 1319 8374 2285
3 5059 8140 2582
3 4317 5808 1831
3 1959 7108 3049
3 5998 7825 4383
3 2724 5811 2215
3 3462 7163 3482
3 4182 4805 3311
3 5734 7729 4537
3 2185 5767 1207
3 1096 4925 1851
3 522 6265 4097
3 3 4 2991
3 1212 1741 2998
3 2449 4756 2448
3 5179 8177 1758
3 4740 6835 3093
3 6979 8197 3997
3 3199 7649 5764
3 7279 7446 4053
3 4917 5838 3526
3 4576 6806 1442
3 379 6273 5565
3 199 6424 4906
3 1379 7963 4723
3 669 7051 1975
3 1734 8123 4407
3 1271 558 1270
3 6077 8050 4077
3 2482 5468 2473
3 3177 7979 6304
3 1229 6526 1770
3 2281 8968 131
3 4454 6976 1843
3 3218 7535 3591
3 2008 6514 4192
3 4350 4641 1213
3 5588 7311 3238
3 4226 7395 4245
3 1159 5734 5129
3 3479 5567 4158
3 1930 6362 2952
3 2464 6070 1816
3 5359 5360 3529
3 1401 5868 4889
3 3591 7535 4402
3 2495 5369 4467
3 3220 5471 3703
3 1816 6070 2934
3 4146 7057 1398
3 1800 7496 4908
3 3576 6270 611
3 5961 6422 3281
3 4578 5853 3380
3 2228 5773 2225
3 2551 7391 356
3 2179 4348 41
3 1803 8440 4997
3 3687 6059 6035
3 4388 5981 3290
3 4816 5707 3527
3 3164 7892 4469
3 5160 5556 2778
3 2266 1893 2265
3 2369 4986 2370
3 4229 6205 4918
3 1391 6602 2403
3 2921 6822 526
3 1438 5038 2452
3 2674 6067 4208
3 676 4707 2807
3 2347 1916 2348
3 1321 4791 132
3 5782 5795 5776
3 4127 5453 4128
3 2037 7679 2683
3 6182 9121 4192
3 2409 5164 198
3 4593 6425 2054
3 4926 7136 3052
3 3368 7664 5669
3 2687 6673 6274
3 2430 7255 5020
3 4038 4965 2204
3 4325 9033 7655
3 2248 7756 7409
3 1347 4943 1915
3 1935 5594 2633
3 1804 94 567
3 25 5195 1151
3 1243 6599 2213
3 7483 8410 4662
3 1709 4561 1704
3 1880 4644 693
3 3595 5785 5681
3 1152 8608 8348
3 6328 6659 2310
3 146 6922 6259
3 4774 6640 2588
3 3707 6836 2615
3 614 1898 2772
3 3138 7202 3485
3 1463 7901 4439
3 3295 6286 4896
3 3806 6510 1540
3 2677 4445 3769
3 4183 5569 5391
3 5673 7696 4038
3 3761 7592 3335
3 246 7007 6263
3 192 5422 679
3 3502 5579 3648
3 1346 5210 2323
3 3040 6020 4664
3 228 5490 4200
3 543 8058 793
3 3543 8185 8184
3 1108 8353 5092
3 1881 8793 2608
3 3929 7489 1359
3 579 6721 2748
3 5035 5105 2492
3 5357 6376 3513
3 472 4320 473
3 5317 5332 3409
3 2764 6484 1330
3 1884 2638 1948
3 2264 5547 118
3 2010 5018 2965
3 5327 5518 2611
3 1875 7824 5315
3 456 5649 4238
3 592 5909 2754
3 2581 6692 1732
3 9017 9018 2763
3 5232 6471 4754
3 1947 7365 4314
3 3773 7010 909
3 2380 8622 5050
3 638 6065 4461
3 3203 5595 3435
3 8279 8283 8280
3 823 3763 822
3 3442 6917 564
3 5574 7598 3895
3 1267 5431 4065
3 6995 6996 6993
3 3505 5083 5082
3 5439 6590 6315
3 3645 5554 3193
3 4484 7762 3958
3 4915 8690 2398
3 2593 8139 1834
3 1178 5375 4507
3 4047 4733 4655
3 8262 8267 8257
3 5931 8122 4052
3 4156 6903 1462
3 3955 7070 3323
3 5505 8005 1954
3 329 5399 2711
3 1740 5494 5493
3 2739 6181 6094
3 5270 5964 1894
3 2454 2029 237
3 3185 6914 4807
3 5088 6809 5169
3 1755 8108 7288
3 2015 8681 685
3 3589 6339 5207
3 2743 7493 1857
3 4827 7953 194
3 2088 6776 5508
3 1517 7688 5903
3 4683 5158 2980
3 455 7266 6740
3 544 4839 1257
3 4143 5113 683
3 122 8877 2271
3 3448 5281 4626
3 4383 7044 3466
3 3104 7068 1123
3 8015 8377 1994
3 2723 4397 4396
3 3831 4852 3521
3 2942 3784 3783
3 1394 5901 1887
3 4064 7967 2175
3 6300 8150 3396
3 3948 5744 1278
3 4351 7789 2747
3 2417 8687 204
3 4657 6121 149
3 2482 5957 1451
3 523 8394 1261
3 2514 6887 6415
3 1258 5773 1265
3 2044 6639 1410
3 4541 6036 3536
3 5287 5288 552
3 1762 8110 4507
3 4222 7809 3046
3 1962 4484 4483
3 3425 6086 5150
3 1333 8745 5473
3 1841 6829 3820
3 2780 5748 662
3 2611 6547 1889
3 4792 5463 3458
3 596 4377 2758
3 4875 7274 3904
3 4723 5432 3371
3 3266 7899 7897
3 5250 5293 3468
3 1165 6166 5476
3 3716 5994 3299
3 3896 8377 8015
3 2702 7643 1210
3 21 6876 6450
3 3526 8023 5662
3 5766 8192 1386
3 5243 5936 3555
3 4127 7014 3310
3 3337 7839 5405
3 527 7058 5064
3 2414 6906 2413
3 3726 6319 5010
3 3844 9082 6251
3 4208 5188 4533
3 1024 3105 342
3 4864 8616 3176
3 1126 5653 3113
3 3392 5401 4405
3 2369 5801 4986
3 2310 7618 4109
3 3601 6799 4401
3 2672 8196 6816
3 1133 7425 7424
3 4392 7844 3434
3 205 3954 2419
3 4818 5201 3965
3 4858 7941 3492
3 4651 8181 5130
3 1671 3899 3006
3 6503 8975 4253
3 4263 6168 3142
3 3615 6820 5429
3 4283 8787 1215
3 6399 6865 3911
3 5196 5770 601
3 3517 5026 3885
3 1497 6062 1430
3 3821 4342 3382
3 4316 8524 3193
3 4591 7104 2981
3 2607 7505 2606
3 2839 6082 3405
3 1894 5964 4830
3 4271 5951 2114
3 3479 7904 2829
3 112 9072 2256
3 2561 5653 1126
3 4877 6887 2514
3 5236 7042 205
3 6401 8751 1884
3 1322 5163 4567
3 3465 5201 4818
3 3705 6197 4468
3 2000 4874 2001
3 2345 7526 3545
3 2627 5247 1919
3 2797 7667 664
3 2271 8877 128
3 3696 5413 3697
3 3361 7942 5140
3 4469 6792 3493
3 2829 5567 3479
3 5474 5475 1723
3 1140 5614 1665
3 5345 5346 3956
3 4199 6890 1660
3 1325 6840 5676
3 253 8680 6434
3 5756 7732 4161
3 612 6151 2764
3 5804 7086 4355
3 197 6695 2408
3 2308 8367 2307
3 3903 5604 1835
3 261 6486 4815
3 339 5055 1004
3 443 5088 1712
3 1831 6646 1098
3 3504 5831 3938
3 6413 6716 477
3 4008 6544 1754
3 2825 5584 617
3 134 6955 5926
3 2844 7220 4478
3 3248 7097 4556
3 2614 5311 4765
3 267 7606 1461
3 6209 7594 3227
3 5894 6422 3280
3 1393 8355 2291
3 2104 5183 2106
3 6951 8880 4094
3 5326 8856 3687
3 1297 7557 1268
3 2047 7955 5448
3 6271 8098 7144
3 2741 7572 1264
3 846 7299 1461
3 8282 8286 8285
3 1164 4607 40
3 985 6706 1572
3 1341 7246 5046
3 8257 8258 8252
3 2483 7954 6649
3 1409 8942 5024
3 3334 5903 4749
3 1637 5312 5143
3 4836 7545 3603
3 1674 5630 2566
3 3249 6026 5632
3 5700 6306 3231
3 2657 8850 3828
3 3748 5958 338
3 4016 8937 3945
3 510 5141 1556
3 5714 8891 1627
3 4557 7040 3332
3 5246 7480 3156
3 2000 7477 4158
3 2255 5135 4895
3 2863 1513 308
3 3146 5525 5524
3 5583 7182 5089
3 2335 7082 3876
3 1836 8139 2593
3 2751 5057 589
3 4212 4449 1010
3 234 7564 2447
3 4259 7518 1883
3 5230 8615 1224
3 2629 7398 1926
3 4463 7167 3471
3 3371 5949 4661
3 388 5890 488
3 1663 5085 5069
3 2299 8191 2300
3 3589 7648 6339
3 2490 6904 4156
3 6494 7630 296
3 2936 6974 4758
3 2906 8852 3758
3 2757 5470 596
3 6771 7093 3109
3 3165 5603 4600
3 3284 6002 4756
3 1422 4763 2444
3 2064 6426 5679
3 4782 6042 1843
3 5787 7722 6455
3 4395 5377 489
3 1982 6173 5421
3 2427 8942 1409
3 5223 5224 3508
3 834 7376 977
3 3063 1602 337
3 5401 8838 4041
3 585 4206 112
3 789 3738 76
3 1965 8892 2649
3 5788 5791 5790
3 181 5030 5029
3 1134 4930 2176
3 3741 8707 4417
3 5138 6363 3644
3 4466 8917 5616
3 4331 7850 2528
3 5887 7482 3681
3 4526 7171 2567
3 3258 4666 4200
3 3515 8082 4698
3 2401 7484 1384
3 6132 7208 3496
3 2486 6458 4549
3 4257 7823 4019
3 5973 7067 4023
3 3300 4421 4316
3 3247 6597 719
3 2256 2257 585
3 3262 5536 3560
3 4427 5904 3276
3 2843 7858 5725
3 1318 6223 1899
3 4720 7930 46
3 187 5103 1380
3 217 7138 3826
3 3260 5733 1701
3 4327 8078 3669
3 3046 7484 4222
3 70 7848 480
3 5530 6154 1282
3 3403 8163 4886
3 4011 4958 1462
3 3051 7136 2623
3 2539 6119 3064
3 4598 7411 3699
3 1701 4361 3260
3 3548 5407 4102
3 4158 7477 3479
3 4498 8637 1178
3 2218 5288 2217
3 1417 5953 4844
3 3081 5511 5108
3 1711 6758 5360
3 2046 6990 6288
3 2590 5547 2591
3 3438 5063 5048
3 4362 6509 4251
3 3045 7052 1368
3 4953 7882 4025
3 2039 9056 8405
3 5103 7378 5634
3 5118 8565 2466
3 2856 6511 805
3 5340 7244 6134
3 4664 6020 1970
3 717 4549 713
3 4531 8481 5140
3 4977 7600 145
3 3656 5902 5292
3 4617 5015 3646
3 1780 5564 72
3 4962 5356 3550
3 219 5020 3689
3 5377 8081 3277
3 3595 5681 3697
3 3645 5774 5554
3 2419 5236 205
3 1367 5576 134
3 303 8971 4877
3 3570 5507 3208
3 3845 8101 5298
3 4141 6803 4824
3 2945 8759 1901
3 3906 7965 3420
3 3828 7953 4827
3 4133 6904 268
3 4675 6977 3916
3 2652 7027 2651
3 4494 7063 3333
3 2959 5874 4822
3 1696 5921 4376
3 4216 6897 4660
3 3811 5896 4724
3 3486 7582 4805
3 1646 8658 5438
3 1304 7204 2757
3 2768 5992 5703
3 4719 8053 4557
3 430 6016 4366
3 5723 6857 2756
3 1207 8431 45
3 4788 7278 3367
3 8237 8292 5778
3 3190 7583 5713
3 2309 5707 4816
3 1722 6474 4444
3 3594 6996 6992
3 3520 5158 4683
3 277 5369 2495
3 5650 7637 1673
3 5145 6677 3391
3 5978 7115 273
3 685 8681 4682
3 3586 6865 6399
3 2634 8400 1936
3 1221 6237 4789
3 2185 4520 1108
3 2905 6621 2906
3 2999 6324 4838
3 2498 5979 4236
3 1910 5025 4588
3 4167 4910 4166
3 4316 4677 3300
3 1813 6115 5477
3 6344 8296 3534
3 326 953 949
3 3270 5826 4076
3 494 2206 2727
3 677 5845 2810
3 2991 5709 3
3 4229 6091 2386
3 2813 5889 682
3 6863 7123 2631
3 1335 5304 1956
3 786 4786 1283
3 1308 7026 5309
3 1161 6802 5418
3 1093 8186 6411
3 6112 6622 2265
3 3887 7373 4886
3 1334 3593 3592
3 4052 5371 3206
3 3004 4526 3003
3 1316 5363 2270
3 3806 5967 4493
3 3717 6491 4558
3 4044 6474 51
3 2041 6673 2687
3 4609 8502 3141
3 2354 6698 2353
3 3730 7468 3246
3 2048 4286 719
3 2670 7636 6559
3 6833 7370 298
3 3349 7347 4234
3 1366 8006 2771
3 6014 8131 5144
3 5214 5982 3922
3 3371 5575 4723
3 1340 7562 2318
3 3303 6487 4244
3 692 7037 2825
3 4269 8222 4459
3 3595 5790 5785
3 4993 6668 4633
3 4689 4690 3542
3 2443 7208 2442
3 5646 6171 4027
3 3243 5537 3798
3 4262 7185 5208
3 3381 5755 2667
3 117 7890 4882
3 2210 7498 75
3 66 5032 465
3 3178 6552 5670
3 3309 5677 4498
3 8 8125 6562
3 5444 5826 3270
3 2114 5104 1568
3 4491 8749 4368
3 2213 6599 1242
3 3027 5423 2418
3 4163 7152 4341
3 254 7124 253
3 2470 6203 1436
3 3237 6740 5254
3 5562 7150 4346
3 4074 7763 2179
3 2739 6975 5320
3 4107 4713 1204
3 2528 7850 1565
3 4687 6744 4704
3 2671 5397 4290
3 4723 5575 2391
3 3879 5982 5214
3 5094 5503 3387
3 3034 6211 1399
3 4982 6881 3957
3 4969 5865 3440
3 4588 7562 6075
3 4376 7822 5985
3 2914 7770 7769
3 259 6875 714
3 4421 7736 1664
3 8250 8310 5189
3 1419 7612 1464
3 3531 6893 4652
3 367 6666 368
3 3431 5497 4928
3 4507 8110 5562
3 2233 5522 2231
3 7121 7186 2969
3 6344 8732 8727
3 7977 8176 2954
3 2873 5523 1506
3 2181 5762 42
3 4532 6462 4083
3 640 5840 3261
3 3813 7733 2761
3 4647 8390 3690
3 1072 6055 6021
3 2531 7375 2083
3 6216 6584 4455
3 4360 8079 2011
3 2491 5571 268
3 2259 5293 5250
3 6037 8219 3452
3 3499 3500 3210
3 3157 5728 5179
3 3613 7645 6592
3 8304 8305 8277
3 4258 6636 6080
3 230 7676 5274
3 1750 5591 3634
3 5338 5341 5340
3 4014 7599 5442
3 4735 6738 3141
3 393 5962 394
3 3058 6191 5990
3 4663 6496 1648
3 3262 4778 143
3 5735 7405 3887
3 3877 4964 4963
3 2034 6243 2682
3 4592 7913 3395
3 7753 8987 394
3 3107 5566 2144
3 5586 7609 1878
3 1925 6560 4391
3 5349 6286 3295
3 4642 6756 2968
3 2039 8405 2686
3 3592 5413 528
3 1578 6219 950
3 273 6535 6034
3 4104 6158 3370
3 2373 6192 4409
3 1916 6648 5684
3 4919 6444 4510
3 6443 7844 5065
3 3197 6407 4454
3 4393 8185 3543
3 5785 7383 7382
3 154 6534 166
3 3927 5697 5289
3 448 4546 449
3 1753 4965 2200
3 3712 6912 4522
3 6283 7944 3868
3 5855 5865 77
3 1024 7130 3105
3 2572 8908 4681
3 3217 5643 3427
3 2064 7525 1478
3 2981 6776 2088
3 4868 7098 2183
3 3880 8851 236
3 1079 6107 2560
3 132 5731 2607
3 1264 7572 550
3 4134 5185 3677
3 1677 7855 6106
3 3681 7482 4429
3 4676 6986 3143
3 4778 8164 634
3 1137 5934 1162
3 4357 6852 3342
3 4520 8353 1108
3 4450 6947 2326
3 4562 8662 7340
3 161 4347 2333
3 2649 6177 2650
3 4935 5203 2043
3 4781 8865 7623
3 3363 6507 1786
3 1954 7335 5505
3 8709 8722 8717
3 2368 7089 1368
3 3551 6056 4811
3 4756 6002 2448
3 5940 8467 3640
3 4092 8564 6831
3 5487 7698 3416
3 5333 8120 3235
3 741 6321 2846
3 3603 6150 1999
3 222 7838 208
3 2133 3853 1601
3 3420 4379 3906
3 1328 7361 1848
3 30 5324 31
3 1886 7133 5674
3 23 4169 2990
3 3109 7465 6771
3 3257 6635 5481
3 1236 5865 4969
3 3473 6204 4603
3 2183 5762 5692
3 4858 4859 2604
3 4645 7955 710
3 2755 7924 4363
3 3743 8737 8736
3 3675 6349 3206
3 4004 7905 504
3 4828 7614 4111
3 1010 4449 1002
3 4838 8609 2583
3 4593 4599 1882
3 3822 6003 5504
3 237 7190 2454
3 2211 1555 2221
3 4443 5157 2337
3 307 1511 2519
3 2576 8169 5257
3 2295 7992 7782
3 4977 5075 2331
3 4569 4605 3312
3 4696 5051 1415
3 4298 7617 4666
3 4544 6684 2303
3 7498 7761 3599
3 5985 7822 3306
3 276 5938 4819
3 4401 8160 3601
3 3808 8005 5505
3 4259 7886 2292
3 5206 5863 3788
3 560 7575 7574
3 5366 5368 4597
3 4607 8395 40
3 546 4780 1788
3 8255 8308 8307
3 383 6757 2186
3 1234 7284 3847
3 1857 3948 1278
3 2407 8739 6326
3 2638 9031 1948
3 3741 8703 8702
3 3505 6826 5083
3 1825 5909 2935
3 4046 6777 2918
3 3334 6252 4300
3 30 7303 1155
3 4573 8109 241
3 2620 6702 2621
3 2408 7635 197
3 7897 7899 7898
3 1460 6436 6307
3 4572 6294 1215
3 1775 4899 498
3 4011 7749 6117
3 3012 8157 3011
3 4837 6695 6150
3 3210 7177 3947
3 4892 6990 2046
3 3671 6400 4956
3 4873 5906 3551
3 609 7008 4162
3 6706 6846 1510
3 2113 5572 2112
3 3277 8531 1175
3 5301 7434 5300
3 2957 676 2807
3 1161 7651 6802
3 5197 5941 1984
3 2398 1953 2399
3 7786 8682 6004
3 623 1879 624
3 383 6853 5823
3 4372 8089 3496
3 3186 7492 4896
3 2367 6503 4253
3 3511 4541 3536
3 1302 7746 4524
3 5357 5381 3424
3 2908 8169 1706
3 5046 8019 5047
3 2830 8577 7022
3 7796 8023 2270
3 684 4495 2828
3 5625 6825 4448
3 1294 5049 1299
3 3815 6960 6018
3 1964 7907 642
3 6913 7320 4509
3 365 6531 5867
3 2773 5646 2944
3 2002 6790 3031
3 2620 6572 1906
3 3884 6113 4654
3 3285 6418 4270
3 2668 8774 1999
3 4775 7330 3590
3 4015 8170 7683
3 8717 8722 7074
3 788 8597 5255
3 1916 5684 2348
3 4291 6164 5512
3 2657 8188 2656
3 236 1438 2452
3 1180 7794 4994
3 5208 8136 4262
3 2649 7482 1965
3 3786 8088 6517
3 6313 8920 2631
3 3958 5484 4484
3 1967 5949 2651
3 2685 8688 3925
3 2669 3666 2670
3 5555 6843 3148
3 36 7983 3960
3 4038 7696 4965
3 3484 8750 4906
3 3652 5736 5268
3 4275 7569 3381
3 4970 8758 2021
3 5268 5736 3394
3 5240 5242 3151
3 5120 6638 2580
3 9001 9002 6131
3 3986 8492 2836
3 1412 7357 5056
3 1334 528 2731
3 3560 5720 3262
3 4554 7479 4470
3 4048 4762 3194
3 5609 8990 5368
3 141 4567 142
3 2309 6259 1901
3 5104 5951 329
3 2659 4695 2821
3 2634 5594 1937
3 4404 8440 1297
3 3803 8213 5295
3 3496 7208 4372
3 541 8057 800
3 2113 5893 5467
3 3574 6759 6235
3 4017 5668 4381
3 5725 6321 2843
3 4511 5905 2810
3 4481 8249 8247
3 3435 6907 3203
3 3417 9075 6052
3 4698 5260 190
3 2660 6061 4922
3 2466 8565 4573
3 1371 7426 2609
3 7074 8722 3744
3 2357 6665 3420
3 1724 4197 2911
3 298 5944 2493
3 572 5945 113
3 3454 5137 4669
3 4906 8750 4028
3 1108 5092 2184
3 1540 5967 3806
3 2957 2802 2956
3 2834 7343 1473
3 649 7481 650
3 2588 6640 4895
3 3914 7654 2274
3 103 8130 2243
3 1955 6019 2372
3 1684 9118 6050
3 1960 5213 2306
3 1673 6217 5650
3 2900 5438 5437
3 5860 6927 3729
3 2358 5441 170
3 4598 8370 279
3 1133 5743 2564
3 2613 5923 2939
3 2547 6451 4831
3 1601 6040 2553
3 1690 5563 2700
3 3605 7270 7269
3 1803 7591 2235
3 1659 5294 1658
3 1214 5673 5672
3 256 4938 2481
3 5349 5351 1151
3 5826 8193 3269
3 4863 7707 1737
3 2265 6622 2266
3 4590 5585 857
3 5776 5786 3595
3 3370 5148 4104
3 5226 5353 1251
3 4474 7935 3586
3 7097 7127 4556
3 2983 4900 2109
3 5477 6115 4412
3 4014 8602 1396
3 2841 7884 723
3 3260 6359 5733
3 2970 6190 2056
3 4334 5475 5257
3 2778 7924 2755
3 3449 8962 4610
3 681 6247 4511
3 3701 8002 5614
3 2214 77 2109
3 4909 8439 3463
3 5717 6314 122
3 5782 5796 5795
3 6367 6368 56
3 4493 7856 3806
3 2026 8206 1385
3 4894 5419 860
3 4967 7406 1402
3 4750 8125 4751
3 3271 8353 5208
3 4345 5359 1243
3 1154 6322 4048
3 554 5806 95
3 2406 6104 1967
3 588 7393 2751
3 5219 5393 3670
3 2780 5583 5089
3 2679 7675 3336
3 7576 7578 7577
3 190 5260 191
3 4507 8074 1762
3 651 4709 1929
3 3502 5194 5062
3 1921 6585 1350
3 6457 7720 5789
3 171 4545 2360
3 3085 6436 3084
3 4890 5272 3691
3 3360 4952 484
3 104 2243 2245
3 3301 5290 3628
3 5776 6992 5782
3 6509 7472 2201
3 4707 8363 2807
3 2498 6705 755
3 4319 4999 3947
3 5520 7518 4259
3 3333 5259 4494
3 5335 7829 3266
3 2566 5630 3885
3 1577 4894 1197
3 1763 9095 2919
3 3551 8084 4873
3 4531 6664 3862
3 4661 6409 3371
3 2400 6004 4698
3 5198 7910 3737
3 157 7298 2276
3 3359 8349 4867
3 3204 6227 5023
3 482 5819 461
3 1678 6871 4260
3 48 5002 2188
3 5254 6010 3237
3 3384 5125 4782
3 2274 7911 124
3 4423 9030 2050
3 3602 5427 4244
3 2376 5503 178
3 1481 2067 2070
3 4269 6619 3470
3 218 7255 2430
3 2985 4159 3660
3 2567 6477 4526
3 4793 8396 7757
3 2318 7339 1340
3 4483 8888 7081
3 1686 8190 7288
3 2416 5751 2007
3 3256 6430 5481
3 1693 5497 4972
3 3916 7161 4675
3 7809 9079 5260
3 4196 6932 1860
3 2250 9080 4584
3 5440 7122 2240
3 5927 6252 3497
3 1964 4915 1960
3 1203 3805 1646
3 167 8229 2349
3 1965 7482 5887
3 1338 5503 2376
3 2977 7290 2075
3 1332 5965 4558
3 5560 9027 3807
3 6214 8114 2886
3 5493 7929 1740
3 5654 6470 1763
3 6101 7808 6589
3 4358 5708 3349
3 4558 8369 3717
3 5115 5274 3859
3 183 5145 3391
3 6008 6429 3017
3 3275 7613 5081
3 4961 9118 4392
3 5774 7118 3280
3 3281 7791 5961
3 7817 8924 4096
3 5266 6836 3707
3 1456 5424 2480
3 7213 7723 2280
3 4956 6400 3778
3 6771 7465 2133
3 1351 7464 2949
3 3289 6671 6555
3 4719 7521 375
3 2958 4707 676
3 7200 8093 2838
3 5428 9063 3615
3 1396 8602 2828
3 46 7930 2187
3 2068 8471 4508
3 4324 5360 3702
3 3332 7040 4219
3 4063 8379 5970
3 1887 8853 6063
3 1832 7100 4577
3 6087 8029 3596
3 1556 4394 76
3 4650 7273 3786
3 5512 6621 4223
3 2546 5714 2894
3 3325 6228 5143
3 2257 7922 7733
3 3332 8969 4557
3 3181 7883 6403
3 433 6964 6048
3 5343 6655 3457
3 4755 5694 3307
3 4989 7212 3214
3 3975 5655 2931
3 4217 8545 4473
3 8254 8257 3148
3 3407 5316 3090
3 1474 5978 273
3 2439 7915 4678
3 4082 5093 3474
3 668 5886 177
3 1320 6210 3940
3 2422 5087 2425
3 3272 8136 5208
3 5064 6118 3661
3 2306 6880 642
3 2372 6508 2371
3 6117 7749 2518
3 159 7272 2330
3 7180 7395 3303
3 118 4673 2752
3 1173 5175 4799
3 1193 8070 1240
3 4940 5227 2284
3 4164 5299 3223
3 79 5843 88
3 5072 6287 2717
3 4683 5508 3520
3 6450 6876 3580
3 6128 7808 6127
3 6587 8270 3149
3 4117 4775 2200
3 1261 8394 2227
3 1933 8010 1927
3 232 6279 2441
3 2013 6170 2966
3 2404 6889 4452
3 3487 5839 4047
3 4459 8618 3418
3 663 8391 2365
3 2366 4962 175
3 4221 8479 4821
3 5211 7457 4704
3 4896 7492 3832
3 3571 4735 3257
3 3058 5990 1345
3 6432 8863 1861
3 717 8118 2484
3 4376 8204 1696
3 1787 7394 3342
3 2354 6123 1354
3 1408 8075 216
3 5794 8868 8867
3 4674 6885 3845
3 1196 8981 384
3 4806 7241 99
3 4588 9051 2318
3 150 5710 1289
3 1794 9022 9020
3 4383 8065 5998
3 2842 5933 5932
3 8159 8524 4421
3 4344 5395 3569
3 8712 8719 8718
3 1429 6842 2456
3 5302 7255 218
3 3024 5527 1354
3 3201 9028 4225
3 3057 5959 3056
3 681 4511 2810
3 4011 4959 4958
3 1206 7716 1691
3 3207 5931 4242
3 5194 6186 1428
3 5118 8369 3354
3 2277 5510 4075
3 3376 7022 4034
3 3412 4282 4281
3 3629 3725 3500
3 3230 6681 4062
3 3201 5916 4021
3 75 6414 2196
3 526 8028 2921
3 609 8580 2286
3 5112 6683 3584
3 2302 7870 141
3 1012 3829 1011
3 178 5094 2377
3 2182 7479 4554
3 2300 4797 4275
3 3422 4655 3421
3 6654 7045 2732
3 4240 7449 655
3 2210 7761 7498
3 4652 6893 2881
3 1176 7903 385
3 379 6856 6273
3 5763 5959 2338
3 3306 5675 4674
3 2692 8672 4485
3 3426 5260 4698
3 3847 7140 1234
3 3839 7112 5232
3 2197 7331 5427
3 5555 5851 3512
3 3441 5556 5160
3 2610 7280 2296
3 2981 5695 910
3 3687 6035 5326
3 4661 5949 1967
3 3545 7718 2344
3 4874 6790 2002
3 5003 7358 3478
3 1390 5836 1994
3 6778 7367 4947
3 5674 7133 4042
3 6372 6485 5330
3 5057 7117 5293
3 1238 7627 5131
3 3848 3849 182
3 4378 7717 3268
3 2114 8144 4725
3 679 6898 192
3 1352 2354 2789
3 5061 6380 4223
3 1452 6649 5221
3 2001 6194 5425
3 794 7846 2735
3 392 8547 1176
3 5842 6982 1241
3 714 7893 259
3 2489 7571 5561
3 2321 7078 5560
3 5364 7851 1566
3 2635 8946 1943
3 2420 7658 5235
3 1798 7496 91
3 172 6493 2361
3 2797 4670 1977
3 3778 7534 4956
3 6394 7833 4249
3 4274 8702 3740
3 2527 3755 320
3 3340 7458 4658
3 3277 7305 5377
3 3647 7772 1821
3 1229 7301 5885
3 5443 6318 3269
3 1901 6259 2945
3 7589 8621 2942
3 3664 5317 5124
3 4578 4973 3489
3 696 5567 2829
3 8257 8267 8261
3 5588 6699 2340
3 4182 5722 4805
3 1665 6215 3662
3 1732 6692 1685
3 1564 7206 2111
3 5124 6376 3424
3 339 4475 3750
3 2456 8463 2457
3 5374 7607 4105
3 3522 4968 3797
3 3526 8744 4917
3 557 7988 1268
3 3325 9096 6228
3 2042 4938 2687
3 6034 6535 2063
3 2029 7691 6902
3 1228 5976 3847
3 6682 8002 3928
3 582 6452 5647
3 479 4780 546
3 7834 7835 5320
3 1003 7760 1010
3 373 4848 3343
3 4906 6424 3484
3 4489 7319 2417
3 5456 5821 1919
3 3846 7502 3056
3 4227 7809 5801
3 1305 7634 5171
3 3463 8439 6393
3 5081 7431 7328
3 4118 4268 2988
3 6220 8473 3188
3 7747 8968 2281
3 2559 6107 1079
3 77 7919 2983
3 1072 6021 918
3 2338 5959 3057
3 3465 8637 5677
3 3234 6252 5927
3 2776 8434 4356
3 1854 5988 2301
3 6681 8900 4140
3 378 5563 60
3 919 6021 1623
3 3930 6712 3931
3 3757 8068 4517
3 2362 8003 4743
3 1853 5852 5070
3 3216 6310 5613
3 3868 7944 1823
3 7193 8133 4181
3 2854 4726 801
3 2930 6701 3618
3 4043 7211 1293
3 6169 6338 559
3 3653 6190 2970
3 759 1542 758
3 3787 6372 4600
3 1996 5122 139
3 7 5765 1662
3 4772 5828 3597
3 201 7616 2412
3 3785 7443 4442
3 3225 6206 5471
3 4077 7476 1657
3 5916 6866 3158
3 7524 7656 3251
3 3608 8508 4294
3 5178 6360 3955
3 5081 7145 3275
3 1676 7974 7453
3 4471 6906 3799
3 3706 6976 4454
3 2175 6355 4064
3 1154 6164 3874
3 5062 7902 4255
3 8007 8391 4514
3 2980 8062 1570
3 5001 5002 48
3 2431 6279 220
3 3386 5601 5330
3 7185 8487 5208
3 5091 5138 3654
3 4382 5638 1520
3 5834 5835 2630
3 3558 7218 4536
3 2826 6547 4323
3 8253 8334 8265
3 80 6641 2729
3 2207 8232 72
3 433 6631 6630
3 138 7541 2296
3 4936 6087 3596
3 3789 5730 1033
3 1871 1838 1100
3 286 5979 2498
3 4882 7291 117
3 2011 8079 4898
3 4852 5256 901
3 6730 8219 3678
3 2306 7189 3782
3 3529 6069 4338
3 3477 5500 5249
3 165 9081 8421
3 2176 4930 4348
3 4879 5159 82
3 4871 5546 3323
3 6853 8155 4324
3 3194 7927 4530
3 5560 7078 1356
3 5326 6035 1902
3 2680 5435 181
3 2519 7028 2518
3 3551 4905 4904
3 5081 7328 3168
3 3395 7930 7461
3 4504 7670 4651
3 5869 7379 3096
3 1682 7716 1206
3 2188 4268 48
3 2864 5658 4801
3 2404 7132 193
3 1678 4614 3423
3 2360 4545 3929
3 1898 4766 4765
3 3193 8524 6652
3 4781 7623 4086
3 4645 8947 2048
3 530 7668 5543
3 3100 4465 3099
3 2805 4318 2383
3 701 6249 4360
3 2339 5763 2338
3 2406 8376 6029
3 5062 5194 2455
3 4680 6359 63
3 1037 5409 2147
3 8734 8735 8710
3 3395 6315 4693
3 7738 9127 1979
3 1115 4304 2177
3 3434 6519 4961
3 3103 6839 1405
3 6150 6608 1999
3 2957 4552 2802
3 6569 7765 1336
3 6797 7200 2837
3 6600 6601 126
3 2564 5743 4313
3 1922 8214 6596
3 6700 7436 172
3 3056 5959 3846
3 93 5683 1288
3 2353 6495 2352
3 5218 6967 2791
3 2344 6761 2345
3 1765 6470 5654
3 2685 7205 2037
3 5375 8074 4507
3 1970 2654 2655
3 2842 6384 722
3 4249 7833 283
3 4558 6491 3339
3 3242 8969 6322
3 2057 4884 4370
3 96 5620 569
3 7224 9004 9003
3 4543 5659 3288
3 4883 5675 3306
3 4704 6744 1164
3 2420 5235 4499
3 146 6328 2310
3 570 5251 1093
3 2435 4456 1417
3 1103 5248 2965
3 1067 2546 2894
3 1148 7432 4169
3 2727 5618 3430
3 2307 7236 2308
3 3923 7791 3281
3 4988 7519 450
3 5004 7246 2785
3 5224 5225 3507
3 5910 7470 3309
3 2075 6711 2977
3 167 8992 2348
3 3765 7900 244
3 5220 6956 6753
3 4800 5953 1417
3 1328 6554 4462
3 5584 7037 3685
3 6538 7611 3179
3 5691 6458 2486
3 4203 4542 3451
3 5117 7121 3986
3 1395 5633 4618
3 1268 7557 557
3 8732 8733 8727
3 3885 6120 3517
3 2266 5956 1893
3 4128 6877 4127
3 4916 8596 3886
3 6066 7014 4127
3 7865 8310 8248
3 2361 6700 172
3 1813 1812 1094
3 1985 5559 4037
3 5960 6115 4126
3 2304 5252 2305
3 4511 7509 5905
3 377 4677 1163
3 255 7310 6240
3 805 8061 1506
3 1893 6932 2265
3 2729 5431 80
3 138 6549 1890
3 4623 4759 2848
3 4454 6930 3575
3 2286 4945 609
3 1281 7444 2746
3 2681 5715 5426
3 4671 8690 1964
3 7122 7195 631
3 6666 7859 6879
3 5101 8090 3931
3 3533 6410 4191
3 4998 6220 3794
3 4674 5298 3306
3 207 8940 5082
3 2563 8683 1080
3 4986 5801 3426
3 1278 5744 4653
3 4751 8738 4750
3 2633 6309 1934
3 4214 7256 4252
3 3229 5271 4846
3 4566 6421 3354
3 3877 7728 4964
3 3339 5832 4558
3 6412 8743 3716
3 3549 8412 5094
3 5182 6686 3437
3 3119 6531 6530
3 4013 4672 29
3 1854 5935 2598
3 5783 7386 5790
3 3830 5367 260
3 69 6729 2203
3 8801 8968 4606
3 2243 8087 579
3 2341 6699 4145
3 4297 7791 3923
3 2508 8802 4995
3 2353 6698 6495
3 2974 8001 2066
3 2954 5705 1973
3 1698 5162 1699
3 5989 6306 1760
3 4913 6957 5216
3 1732 7463 5557
3 179 7365 6737
3 1551 8907 790
3 3019 4651 3018
3 1397 3785 2678
3 2591 4412 1820
3 1367 7285 5576
3 2367 7285 1367
3 786 6492 1114
3 3022 6362 1930
3 4255 6874 3502
3 4538 7396 3566
3 220 6279 5892
3 4144 8573 8572
3 5182 6012 3443
3 1416 5303 1429
3 712 7090 2478
3 1471 6542 5933
3 5132 5595 3203
3 5437 9109 2900
3 141 8199 4312
3 5664 8355 1393
3 335 7151 1603
3 5139 7319 3721
3 6327 6953 1276
3 482 8655 8528
3 3221 8645 4710
3 3168 7328 4808
3 6732 9031 2638
3 22 8660 1146
3 7330 7758 3198
3 7286 7911 2274
3 5347 7109 2258
3 2040 8405 5190
3 5476 6166 3303
3 4647 6827 2508
3 2520 9101 309
3 2510 8600 3895
3 4123 6308 2430
3 4890 6858 1210
3 4563 8546 4072
3 6438 7562 1340
3 2063 6535 780
3 1467 7071 5569
3 2311 5742 5109
3 3160 7810 4990
3 2808 6173 1982
3 194 6104 2406
3 5990 6191 3912
3 520 7210 4113
3 81 7162 2215
3 3808 5505 5321
3 4763 5831 3504
3 4427 8746 5904
3 6016 6017 3408
3 3111 5587 39
3 1977 6968 4246
3 6209 7885 4120
3 2624 4926 3946
3 8999 9005 7808
3 2055 7408 6319
3 3773 7498 5711
3 1844 8024 1323
3 2684 7168 4218
3 2075 4319 4220
3 2728 6972 5843
3 4994 8227 1688
3 4317 6032 5808
3 2291 5920 4805
3 1240 8070 6256
3 4913 5216 262
3 3049 7466 1959
3 1696 8204 6696
3 3682 5432 4723
3 8670 8881 6780
3 2602 7020 2603
3 1356 9027 5560
3 1163 5833 4574
3 1685 6050 4961
3 80 5431 1267
3 5363 7296 3638
3 2701 6165 389
3 417 5104 329
3 226 5986 228
3 1765 5830 2920
3 3358 5095 4679
3 1333 5292 1398
3 2406 6029 194
3 5856 6263 3925
3 71 5054 4080
3 4126 6115 1813
3 2429 8983 4885
3 660 6033 1924
3 4003 7841 3288
3 6886 7455 4066
3 5031 6725 346
3 5340 5341 5336
3 3319 8567 7173
3 486 3700 498
3 2578 5925 1218
3 6069 8155 46
3 2686 4912 2039
3 3614 4791 4684
3 2391 5625 4448
3 4186 8863 6432
3 7674 8838 5401
3 1207 45 2185
3 4482 6365 3148
3 6843 7686 3149
3 2578 6638 5120
3 525 8085 4007
3 3377 6959 6524
3 1408 7677 5590
3 8712 8725 8713
3 2175 7967 2
3 4042 7069 4821
3 1823 5704 3868
3 2719 6325 2915
3 2073 5876 541
3 1730 7463 2571
3 3329 7795 5412
3 3368 8837 5390
3 6251 9056 6997
3 4344 6152 33
3 2446 7360 5068
3 5002 7032 5011
3 3347 6507 4731
3 4196 8870 6932
3 5639 6446 3856
3 1240 5946 1193
3 2518 7028 3077
3 2478 6828 2479
3 3927 8585 5697
3 4188 5213 2645
3 1787 6504 2728
3 5764 7649 3736
3 1870 7796 120
3 1242 5001 5000
3 3881 7286 4694
3 5149 8055 788
3 3288 6088 4730
3 4305 6919 3903
3 4984 6778 4947
3 3437 6012 5182
3 7764 8511 3542
3 1167 7763 1163
3 4192 8593 6182
3 2652 6989 1969
3 3206 5371 3675
3 96 6238 4139
3 8607 8634 4242
3 3570 7439 4420
3 4654 6113 3708
3 5733 6359 1703
3 3000 7528 3983
3 625 6171 5646
3 3501 5291 2845
3 1943 8946 2636
3 3884 7158 6113
3 7316 8435 2432
3 4540 6068 243
3 3637 6660 2643
3 5603 6182 3490
3 3188 5942 4746
3 2661 7000 2662
3 2408 6695 4837
3 2665 5664 2824
3 6139 7001 3200
3 3703 5998 3220
3 4463 5940 3640
3 5349 8514 5351
3 914 6864 2873
3 4756 6655 3284
3 1257 6567 544
3 4244 7180 3303
3 5404 5407 3548
3 199 4844 2410
3 4472 7734 392
3 1227 6339 4284
3 6427 6736 2637
3 3462 4060 4059
3 9011 9014 9013
3 5481 6430 3571
3 1327 4620 3556
3 4641 6707 1213
3 755 8488 742
3 3370 7410 4706
3 3877 4963 3289
3 1469 5678 1467
3 3731 5078 3099
3 1762 5654 1763
3 6871 7748 4260
3 3909 8171 2823
3 5382 7112 3924
3 3517 5582 3899
3 2680 7842 5253
3 3917 4098 3612
3 5166 6178 1888
3 2751 7393 5057
3 4372 5539 3504
3 451 8859 74
3 2215 494 2724
3 4398 7035 4768
3 4711 6490 2459
3 3866 6576 5601
3 901 6985 6717
3 947 5419 2083
3 7072 7175 4145
3 9009 9010 604
3 4449 6807 336
3 3659 6503 2769
3 4517 7143 3757
3 4542 8350 4290
3 2785 7246 1341
3 2363 4901 4337
3 3665 8660 6241
3 7617 8593 4666
3 1861 5612 1896
3 4491 6242 2629
3 4881 7774 2305
3 4537 5952 3578
3 1490 7516 4178
3 3473 5761 5464
3 3664 5332 5317
3 4410 6443 2575
3 3417 6052 4738
3 4488 7061 5637
3 1834 8631 2592
3 275 4819 2972
3 4797 8777 3185
3 6004 8682 3515
3 4020 7193 6354
3 2417 6397 4489
3 2499 5631 288
3 246 6263 247
3 6085 8112 1284
3 642 6880 1943
3 1430 6269 2459
3 5620 6909 2743
3 2772 8569 623
3 3193 7242 5833
3 4714 6281 4118
3 3502 6186 5194
3 3193 5833 4316
3 5405 5436 3337
3 1843 6976 4782
3 1942 7018 1360
3 4513 4857 1802
3 7621 9119 1202
3 3333 6728 5449
3 3900 7139 4709
3 4245 8567 3319
3 2033 4931 2475
3 5067 5199 3197
3 2733 6900 5080
3 4363 5909 592
3 1699 5136 1698
3 3361 8881 7942
3 480 481 1754
3 3810 6151 2824
3 2251 8034 1839
3 3156 5642 5246
3 1936 6309 2634
3 1194 5131 2194
3 5722 7595 2290
3 5732 9034 4729
3 4190 6959 5096
3 1138 6530 13
3 5024 8590 1409
3 1709 7300 4680
3 3374 6328 3918
3 7749 8964 2519
3 3211 7112 5382
3 1568 8144 2114
3 3366 5278 4783
3 3875 5176 612
3 2818 6030 4860
3 3645 7118 5774
3 2396 7378 187
3 2457 7423 3630
3 3883 4134 3739
3 467 5882 468
3 2278 7960 128
3 5890 7665 488
3 2952 7201 650
3 2350 8400 1938
3 1967 6104 4661
3 3487 6383 4468
3 1839 5878 2251
3 202 5263 4697
3 2594 7013 1840
3 3503 4704 4703
3 555 5687 95
3 3232 6197 3705
3 5277 5278 3366
3 6939 9087 3851
3 4368 8393 4491
3 1569 8812 2556
3 2646 4188 2645
3 4814 8824 3248
3 3276 7277 4427
3 4314 7235 1947
3 2442 5827 2443
3 5763 6079 3846
3 6838 6884 2479
3 1339 7505 2314
3 371 8636 370
3 4896 6286 3186
3 372 6153 35
3 4089 8760 4295
3 4501 7816 2467
3 4066 6010 3503
3 5606 6444 92
3 3779 6687 3350
3 4884 6248 2834
3 5625 8753 3273
3 4131 7023 5404
3 3914 8372 6388
3 4301 8808 4579
3 1358 8519 2361
3 4544 5987 3437
3 572 8541 1804
3 4574 8958 1163
3 6272 7992 627
3 3200 5407 5404
3 5441 6939 3851
3 1710 6351 5111
3 5437 8533 3843
3 2491 5511 269
3 2842 5932 4656
3 2938 5800 1096
3 3474 7784 4082
3 629 6988 1280
3 4094 7600 4977
3 1853 5556 4753
3 2685 7007 4292
3 205 9038 5558
3 1381 8844 4627
3 4807 5519 3185
3 1970 6020 2654
3 297 5332 5331
3 4413 5547 2264
3 6164 7510 3874
3 6009 7000 2661
3 7675 7986 3336
3 6224 6550 1378
3 337 6119 338
3 5479 6059 3244
3 2497 6483 4217
3 4909 8040 4041
3 2231 7064 3695
3 4942 6354 2132
3 1329 5396 2293
3 1878 7609 5466
3 7223 9004 7224
3 1330 5844 613
3 857 5585 739
3 5777 6131 6125
3 5234 6577 3728
3 4956 7534 5
3 277 5186 2843
3 3333 7063 5156
3 4479 8762 3180
3 504 4988 4546
3 4928 5497 3652
3 3213 8068 4362
3 2509 5532 1466
3 3708 7945 4654
3 1529 8095 57
3 2683 7679 2684
3 1513 8505 308
3 4513 9114 4857
3 3404 5153 4889
3 3258 6218 4298
3 613 5844 614
3 2374 6039 2799
3 7140 7555 4561
3 221 7316 2432
3 2035 6263 5856
3 3370 6158 3984
3 2569 5165 1684
3 526 6822 2730
3 3651 8217 605
3 2531 8563 2088
3 1952 6731 4589
3 3881 8955 7286
3 3630 6046 4121
3 5623 6183 5840
3 14 6502 4528
3 3556 5044 4907
3 40 9052 1164
3 2731 5064 1334
3 2067 5937 1482
3 165 5354 3488
3 5069 5395 1663
3 178 1946 2376
3 2602 7460 7020
3 3243 7043 3608
3 5133 6565 3756
3 4337 9090 5239
3 8258 8268 8252
3 4694 7286 125
3 2452 5038 4642
3 5613 6310 3832
3 1284 4747 101
3 1432 7596 4002
3 5150 7160 3425
3 16 5999 5436
3 200 6522 4298
3 5653 8837 3368
3 5333 5774 3280
3 1947 7235 3753
3 5232 7112 3211
3 4652 6041 3531
3 2399 8887 4915
3 3422 5713 4655
3 4505 8649 5434
3 6233 6234 3324
3 3430 5618 1770
3 4066 7454 6010
3 2230 6617 4321
3 5540 6895 2167
3 229 7552 6046
3 2689 5399 1596
3 6151 6484 2764
3 3406 7140 3847
3 1239 7033 2849
3 4542 7857 7147
3 3368 5669 4204
3 178 5503 5094
3 1350 6585 5027
3 3170 6584 4554
3 3094 4086 3093
3 2782 4068 3753
3 6545 6739 4196
3 5105 7847 3827
3 1657 6077 4077
3 1388 8423 5297
3 5518 7541 2611
3 4585 9080 2250
3 3500 4434 3629
3 1511 6532 2861
3 4702 8965 3688
3 741 5598 2845
3 3376 6957 4815
3 2110 4745 55
3 164 5090 2342
3 5108 5511 2491
3 2610 5874 1886
3 4662 8410 3555
3 549 6181 3968
3 3376 8596 7022
3 1755 4284 3825
3 2760 6223 1318
3 3708 6897 6725
3 6528 6529 5700
3 2567 7171 1679
3 2480 7083 2471
3 6227 6594 3664
3 5485 6077 2564
3 1273 6092 1269
3 1488 8988 297
3 1751 7727 4788
3 5789 7948 6457
3 5222 6905 4142
3 4024 7882 4953
3 4324 8155 6069
3 2581 5120 2580
3 305 8073 3726
3 4223 7680 1675
3 1170 7214 4868
3 5080 6900 3532
3 271 6724 722
3 7831 8892 3588
3 6494 8390 4647
3 1802 5712 566
3 2292 7886 136
3 4059 4124 4089
3 1964 8690 4915
3 1370 6064 1369
3 611 8024 4538
3 1860 6932 1893
3 6812 7304 3680
3 3311 7582 4957
3 2010 7413 2812
3 1243 7866 4345
3 2472 6269 3765
3 2780 5089 636
3 3846 5959 5763
3 650 7481 2952
3 8035 8526 4278
3 70 8039 4357
3 3281 5894 3923
3 2834 6248 5749
3 4175 4433 706
3 202 5608 5607
3 1570 6511 4924
3 5004 9047 4355
3 2497 8506 4598
3 2328 5458 5315
3 261 8001 7893
3 4941 8195 4613
3 3665 6241 5971
3 4323 6547 1881
3 4851 8831 3792
3 5159 6746 2220
3 3158 7878 5916
3 5177 8224 5576
3 2471 7083 244
3 618 5238 2288
3 1978 6061 2660
3 2346 7514 4476
3 5863 7538 3788
3 4818 8074 3465
3 4847 5042 4018
3 4784 8472 62
3 5188 6067 3298
3 3631 6118 5064
3 1464 5343 5035
3 2830 7022 4916
3 4112 4934 2034
3 2623 4926 2624
3 3628 7669 471
3 5273 5845 2957
3 21 8660 22
3 2015 6067 2674
3 1387 5134 1987
3 1242 5002 5001
3 2938 6284 1852
3 696 6805 3817
3 190 7267 2400
3 337 8695 3063
3 2206 5618 2727
3 3819 7077 5558
3 2208 6916 6023
3 308 6532 307
3 4258 8675 3684
3 5922 8791 2575
3 710 6747 2474
3 638 7603 637
3 3764 6371 3857
3 4716 8962 3449
3 4433 5416 706
3 3557 5484 3958
3 4782 9112 6042
3 3504 5539 4763
3 83 5267 4073
3 2657 4827 1972
3 4810 7960 2278
3 2282 7234 131
3 6263 7007 3925
3 4492 5563 1690
3 7132 7805 193
3 6002 7564 234
3 1261 522 523
3 783 6023 4397
3 4498 5910 3309
3 2180 7581 41
3 1783 6973 6972
3 5777 6125 6124
3 3048 7107 1384
3 3239 7323 4660
3 3004 7713 7171
3 8710 8736 8724
3 4502 7814 1224
3 2279 8937 4016
3 2444 5107 5106
3 1785 7274 4875
3 4752 8685 2502
3 5012 8201 1951
3 2588 6726 5712
3 2347 5936 5243
3 4904 6056 3551
3 4252 6059 3387
3 5002 5011 2188
3 3478 8215 5003
3 3323 5546 3955
3 2920 6470 1765
3 1451 7612 1419
3 3375 7933 4147
3 2372 7646 1955
3 4811 8084 3551
3 5330 5400 3165
3 67 5148 4706
3 4486 7540 6045
3 2337 8480 5283
3 5473 8745 3961
3 1470 5944 1480
3 3753 9086 1947
3 1808 6096 3749
3 7897 7898 3232
3 3392 5272 4890
3 1473 5391 2834
3 4305 4850 1306
3 2936 4758 1099
3 4743 6382 3299
3 285 7451 4508
3 4067 6895 4767
3 1156 4013 369
3 493 4296 4295
3 5195 7788 3429
3 2390 8638 184
3 4499 5235 3954
3 3724 8098 6271
3 3498 4955 3497
3 2513 7601 4773
3 7722 7853 7721
3 3555 5936 4662
3 4721 8403 4722
3 4801 5658 3477
3 1251 6369 5226
3 2011 5303 1416
3 8499 8500 3245
3 8759 9107 2308
3 3910 5946 2726
3 368 5862 4944
3 2912 7165 1711
3 6778 8670 7367
3 1444 6797 2837
3 3004 7171 4526
3 1208 5884 394
3 3231 5420 4198
3 2180 5231 42
3 2168 6296 2714
3 4470 7479 43
3 5740 7031 1168
3 4687 7849 3191
3 4688 6533 3195
3 4150 7467 4430
3 1352 6123 2354
3 4856 6605 832
3 3320 7644 6224
3 4664 6882 4429
3 4006 5745 3341
3 5919 8131 1209
3 2540 6803 5222
3 5171 5496 3528
3 4046 8970 2201
3 3594 7229 6996
3 4086 7666 4740
3 6784 7865 4481
3 4650 8052 4
3 4373 7563 3235
3 5328 8158 2261
3 4384 5752 3466
3 2694 7192 2165
3 4329 6104 194
3 5163 5987 142
3 2686 8405 2040
3 2212 6499 5842
3 5010 7408 5009
3 187 6195 2396
3 175 4871 2367
3 3467 5728 5727
3 2711 5399 5245
3 5678 8757 4792
3 2275 8193 5444
3 1194 8532 2528
3 4004 5963 1565
3 4105 7607 7120
3 4801 5249 1520
3 2748 6746 579
3 5892 8415 2432
3 5456 7718 3545
3 532 5128 293
3 4419 6963 4417
3 5245 5399 2689
3 6825 7356 4448
3 2459 6269 2473
3 2597 7361 1328
3 1973 5705 2656
3 2596 7504 1848
3 3918 6791 5100
3 1690 5565 2573
3 4056 8386 5204
3 4329 8586 3525
3 5129 7040 1159
3 3889 6738 6430
3 386 5169 385
3 2824 6366 2665
3 625 6140 4619
3 3451 4542 4290
3 7623 7666 4086
3 5126 6691 2831
3 3706 8430 7880
3 5106 5107 1446
3 5206 5757 3540
3 2850 6609 83
3 4832 8183 4239
3 6031 6330 2767
3 3294 6334 3253
3 3492 4859 4858
3 4570 5962 1210
3 7734 8547 392
3 3337 5873 3641
3 1224 7814 2203
3 312 6001 859
3 2302 5988 5732
3 3143 6116 4676
3 4423 7611 6538
3 8277 8408 8304
3 5436 8679 16
3 4 8052 4956
3 4497 6280 1972
3 3225 5471 4914
3 1965 5887 1379
3 754 7858 727
3 4973 4974 3489
3 2656 8850 2657
3 4920 6043 3577
3 3212 6018 5039
3 2192 6474 1722
3 4705 7783 1917
3 2060 8644 7254
3 4180 6635 3257
3 2414 8513 5724
3 1691 7716 2573
3 5774 7563 5554
3 4224 5078 3731
3 3190 5713 4829
3 4180 8634 8607
3 2308 9107 8367
3 4991 6043 1928
3 3081 5108 3080
3 3998 4457 3419
3 6712 7417 3569
3 722 5532 271
3 4654 7689 3884
3 5079 5813 3926
3 3432 4937 4872
3 3817 5567 696
3 6042 9112 3625
3 1572 6706 1510
3 574 6719 2744
3 3146 6832 4124
3 5425 7938 3479
3 4116 7520 4487
3 859 6001 860
3 6129 6589 6103
3 5135 7368 4380
3 3286 6581 3627
3 260 5367 5366
3 4179 7636 2412
3 2786 6309 1936
3 4793 8640 6704
3 4115 6448 3609
3 1985 7635 2663
3 1884 8751 2638
3 3463 7804 4909
3 1388 7049 5854
3 5029 8783 181
3 3608 8509 8508
3 1170 5692 1168
3 2179 7763 1167
3 2332 5308 154
3 4972 8198 1693
3 1432 6718 5127
3 4593 5373 4599
3 3420 6796 2357
3 4567 5163 142
3 5068 7360 4001
3 5412 7549 3329
3 312 7220 5824
3 3217 8982 4077
3 1818 5992 2768
3 1144 7801 19
3 4218 7168 6434
3 350 6931 414
3 2589 5470 2757
3 7197 7563 4373
3 2395 7607 5374
3 1695 5922 2575
3 6005 7512 1819
3 35 8636 371
3 3395 7913 5439
3 4425 7099 3640
3 5148 7349 1728
3 5020 6341 3689
3 5402 5528 2433
3 2648 7081 1964
3 1365 5501 665
3 2659 2821 2660
3 3739 7073 3744
3 4416 5635 3637
3 1198 5596 455
3 4907 7091 3556
3 1179 5352 4228
3 4917 6346 3393
3 1647 8525 4387
3 1711 5359 4345
3 6725 6897 4216
3 4602 6359 3260
3 3871 7530 6979
3 323 5695 4866
3 1461 7087 267
3 193 7805 2405
3 3582 8044 4882
3 2940 5841 2614
3 1481 5872 5358
3 2642 6019 1955
3 176 5012 2371
3 2552 6278 4779
3 4800 5529 3519
3 3564 7311 5588
3 4378 6139 3509
3 6134 7244 5335
3 6423 7414 3623
3 1615 8389 6475
3 2304 7781 638
3 4944 5862 3287
3 4495 7079 4711
3 2790 6596 3900
3 175 4962 4871
3 5677 6174 3465
3 3647 6672 4653
3 521 4987 520
3 1223 6370 1224
3 71 4296 493
3 5134 7964 3245
3 1775 5144 4636
3 1178 8637 5375
3 4219 5129 3438
3 1007 4601 1006
3 4545 6761 3929
3 790 5072 1498
3 4687 4704 3503
3 7380 7382 7381
3 5070 5852 3384
3 4920 6582 1931
3 4198 5698 3231
3 13 6241 1138
3 2864 6908 4643
3 4693 7930 3395
3 7750 8917 3548
3 4872 4937 3154
3 126 6601 2275
3 4020 8133 7193
3 5481 6635 6080
3 1920 6167 2325
3 4684 7826 3614
3 1494 8641 4073
3 3926 5500 1540
3 4076 8832 4075
3 116 5945 573
3 1876 6110 2276
3 4140 8047 6681
3 4378 7001 6139
3 1931 5454 1928
3 79 2216 2584
3 5006 8179 3272
3 3418 6933 4639
3 5177 7070 3478
3 234 7009 2448
3 191 9079 2401
3 8720 8731 8710
3 4022 6945 6626
3 3528 5172 5171
3 3702 6853 4324
3 4799 7780 7348
3 4348 8676 41
3 3118 5873 4528
3 1262 4764 2995
3 5309 7428 2269
3 4463 7478 5940
3 6102 6130 5777
3 4041 8439 4909
3 1853 5070 2598
3 5827 6639 2044
3 722 6724 2841
3 1456 8078 5424
3 1911 6981 2635
3 1235 7301 498
3 5091 8000 1757
3 3188 8473 5412
3 3116 5485 2564
3 2146 8030 6435
3 1494 6267 5616
3 5172 5956 2266
3 3093 6835 3092
3 4877 5392 3379
3 4659 5720 3560
3 4436 8547 7734
3 1962 7762 4484
3 5041 9123 6253
3 2682 6577 2034
3 5545 5973 3268
3 4580 7693 4579
3 3462 3561 2219
3 715 4828 2485
3 3972 7191 5013
3 9 5765 8
3 5208 8353 4520
3 7216 7473 2369
3 480 5384 481
3 5599 5600 1291
3 3483 6962 6168
3 2388 8113 5465
3 4381 7076 3283
3 1985 5667 5559
3 4460 5437 3635
3 2324 6727 5354
3 2281 7213 2280
3 6007 8226 4248
3 3862 9103 8529
3 5 7534 1136
3 5798 6070 3546
3 3624 5861 356
3 4011 6117 4959
3 3459 7363 5678
3 3492 6849 4859
3 2639 1954 2642
3 1241 6982 320
3 1511 7028 2519
3 1672 6217 1673
3 1841 6433 4428
3 2133 7465 3316
3 3468 7117 5440
3 4253 5509 175
3 3824 8013 4891
3 1977 4246 2797
3 1462 7056 4011
3 113 8063 5347
3 4599 5373 2822
3 688 6148 2819
3 2317 6892 4585
3 5077 7027 2652
3 3166 8593 7617
3 5732 7870 2302
3 249 6147 250
3 5970 8379 2624
3 2502 8685 5149
3 5349 7906 3941
3 3720 6905 5670
3 3248 5632 4814
3 5875 7635 1985
3 19 7801 5968
3 4253 5975 2365
3 2632 8519 1358
3 1315 6110 5458
3 599 2267 2616
3 527 7789 4351
3 4866 5452 322
3 2184 5462 1108
3 6968 6969 4246
3 4703 6886 4066
3 3096 7379 3095
3 3639 7433 6637
3 1461 7606 845
3 30 5325 5324
3 2497 7539 4637
3 4692 7486 107
3 2620 8157 2619
3 4926 8673 3946
3 1913 6402 3050
3 2508 6827 4069
3 8834 8835 779
3 7302 8392 3807
3 5314 6030 2818
3 4587 8805 6188
3 4171 7264 3876
3 3195 6533 6463
3 6383 7587 4468
3 2012 5889 2402
3 1304 6548 5125
3 1879 8569 6723
3 3718 9098 5564
3 1720 6281 398
3 244 5579 2471
3 5418 7983 1161
3 8310 8318 8248
3 1679 7713 6120
3 3314 6795 5139
3 4358 6250 3490
3 164 6991 6114
3 3206 6340 5627
3 1848 7504 5818
3 320 6982 2527
3 5675 6464 4674
3 2660 4922 2659
3 3569 7417 5048
3 4081 8974 5383
3 1334 5771 3593
3 2840 7614 714
3 2034 9049 4112
3 2183 6207 5762
3 3588 7356 6825
3 4576 6132 3496
3 398 6281 2704
3 4811 5403 2035
3 3851 7439 5441
3 3543 8184 8183
3 7036 8681 3897
3 2964 8530 3854
3 4248 8226 6088
3 4963 4964 2948
3 4028 7509 1997
3 2376 5516 2375
3 8709 8723 8722
3 233 7009 2444
3 3426 7809 5260
3 5310 7433 1308
3 7056 7169 4032
3 1379 7356 1965
3 920 1623 1635
3 5684 6648 3816
3 2474 7547 710
3 2744 6719 4929
3 2418 5423 2419
3 1791 6934 5704
3 1748 7694 7693
3 2053 5373 4593
3 5088 5169 386
3 4517 8068 3213
3 2004 5387 1401
3 5713 7583 4655
3 1442 6132 4576
3 4737 7018 1942
3 8300 8408 8303
3 3495 8570 5980
3 3282 7826 4684
3 4665 6509 2201
3 254 7310 255
3 4348 7994 2176
3 6404 9100 32
3 1946 5516 2376
3 5692 5762 2181
3 4425 8581 2178
3 3665 5971 4285
3 5259 7103 130
3 685 8662 4981
3 746 8073 747
3 1291 5600 2229
3 482 8528 5384
3 3189 8222 5718
3 3438 6364 5063
3 5234 8047 2040
3 5414 7191 3972
3 274 7971 5041
3 562 5683 93
3 4646 7956 3980
3 3319 8676 4930
3 5179 5728 3619
3 1729 8361 1731
3 69 6820 2204
3 1446 5107 234
3 5365 6070 2464
3 4927 5544 1353
3 231 3990 2438
3 5045 7470 1694
3 2973 5344 4622
3 3734 6613 3854
3 5677 8637 4498
3 5544 7864 1353
3 6773 6774 1146
3 2181 6350 4713
3 2260 4621 117
3 1998 7599 1113
3 2465 8548 2510
3 4225 6294 3201
3 6398 6937 2463
3 5286 5832 3339
3 1384 7107 2401
3 1720 6141 4718
3 6586 7558 4975
3 2650 6177 2379
3 369 4013 29
3 4857 9072 1802
3 3540 5863 5206
3 3269 8193 5443
3 5048 5063 1661
3 4502 6370 1217
3 5176 8135 1990
3 1564 7689 4654
3 4260 8639 3840
3 4833 7681 3621
3 1337 5453 3898
3 3870 8081 5086
3 951 6219 807
3 4554 6584 3567
3 2931 6925 3975
3 2488 7415 3083
3 4898 8079 3264
3 4606 6433 3820
3 502 6276 1778
3 3684 9050 4258
3 1312 7148 2273
3 1942 6715 2635
3 611 4538 4201
3 2304 6009 4739
3 5029 5030 3588
3 1934 6881 2633
3 3224 5541 5204
3 2666 8825 1993
3 2963 8463 6299
3 1339 5742 1877
3 2177 7511 1670
3 2787 6743 5810
3 4261 7664 6896
3 3691 6858 4890
3 3767 6629 4744
3 137 4798 4553
3 5440 7117 3996
3 2663 7635 2408
3 2219 6172 81
3 5770 7499 601
3 4707 7125 6431
3 4105 4432 2948
3 4762 8969 3332
3 5586 7724 4294
3 4443 8455 1942
3 2428 8983 2429
3 4562 7069 4042
3 188 8888 4483
3 4260 6213 1678
3 4951 4952 3360
3 2186 6853 383
3 6122 7604 641
3 638 6044 2304
3 2322 8493 4966
3 2642 6192 6019
3 3035 8189 5422
3 4722 5633 2827
3 3214 7212 6378
3 1937 5594 2631
3 6124 7184 5777
3 3484 6424 4971
3 1906 8843 3934
3 2942 9092 1866
3 5630 6783 1683
3 2910 5257 2909
3 1703 6353 1702
3 5317 6098 3167
3 6 7801 4751
3 2310 6659 1874
3 5012 7646 2371
3 742 5725 754
3 2223 6568 85
3 6602 6844 3908
3 5204 5541 3818
3 4405 8914 5272
3 2454 7691 2029
3 1680 6050 1685
3 74 7761 2210
3 5070 8430 2598
3 4749 6441 3497
3 4480 7184 5775
3 3574 6235 5398
3 4100 8060 5947
3 5648 6912 3712
3 117 7291 2262
3 2923 7928 4374
3 2956 5273 2957
3 2975 5719 3474
3 631 7195 2777
3 2441 7840 232
3 2343 8066 4422
3 3256 5481 3174
3 3023 6123 1352
3 1869 8359 2943
3 4669 8109 3454
3 4099 6986 4676
3 6374 6980 4861
3 3701 7029 3928
3 897 6287 5072
3 4612 8616 3184
3 5309 7026 3655
3 2020 6007 5659
3 3584 6439 4668
3 5914 7969 64
3 3840 9061 4260
3 3454 8109 4573
3 3776 8179 5006
3 4095 5711 3599
3 1188 7010 5711
3 1205 8924 7817
3 5604 5738 3892
3 8316 8317 8312
3 2773 8649 4505
3 2308 5075 4977
3 4050 8201 5012
3 5257 8169 2909
3 2048 8947 6052
3 3507 6323 5145
3 3295 8514 5349
3 4883 7822 5736
3 1499 6815 1488
3 5007 5625 184
3 393 6099 2702
3 6114 6991 3816
3 1327 8497 4620
3 85 6568 6567
3 4508 7917 753
3 3542 9071 4527
3 3690 6827 4647
3 5744 6536 1766
3 5216 8461 263
3 2463 6937 240
3 1391 7793 3042
3 3328 7249 6361
3 6317 9081 4545
3 1735 4582 2914
3 3011 8157 2620
3 2845 5598 3501
3 4636 5919 2911
3 174 5379 5361
3 1786 6138 5287
3 7227 8867 7228
3 2244 8974 1281
3 5096 6959 11
3 136 8119 2292
3 3640 6378 4463
3 4069 6827 6753
3 3939 7013 6038
3 1373 7774 4881
3 1200 7457 5211
3 1616 6054 4718
3 3245 7964 5168
3 8266 8326 8251
3 42 6216 2180
3 4767 7323 4067
3 5005 7032 6599
3 1442 6734 3456
3 76 1555 2211
3 5145 6323 3278
3 4256 7555 5830
3 76 4394 1555
3 5252 6044 3733
3 8136 8179 4195
3 7036 7766 695
3 7721 7896 7722
3 3720 7741 7740
3 3420 7965 6796
3 5398 6079 3574
3 4987 7210 520
3 4699 7507 703
3 1972 6029 4497
3 3 7273 4650
3 4483 7081 1962
3 2579 5162 1697
3 1921 5757 5206
3 4513 7591 7174
3 2191 5439 396
3 2339 6557 5588
3 3099 5078 3098
3 2438 5274 5115
3 7103 8937 2279
3 3975 6925 2247
3 321 5737 1567
3 2920 5830 4283
3 2244 6721 579
3 1325 7337 4634
3 2804 4318 2805
3 3236 6592 5215
3 3007 5650 4215
3 4457 5209 3419
3 4704 7457 4703
3 3546 6320 5798
3 3667 9037 2614
3 2666 8015 1994
3 6251 6997 3844
3 6680 8088 3786
3 6765 7533 6766
3 2391 5575 184
3 6155 7015 4012
3 28 7230 27
3 2847 6245 4849
3 2861 8794 1511
3 3444 9094 6417
3 7060 7815 3579
3 4031 7002 5574
3 1888 5518 5327
3 4903 5417 3566
3 5022 8635 4093
3 260 6834 5691
3 1234 7140 6014
3 1101 5923 1865
3 2894 6262 1067
3 1251 5353 534
3 2218 5898 3943
3 4693 6315 2169
3 1385 5559 2026
3 2187 7930 4693
3 3884 6982 5842
3 3228 8831 4851
3 3025 5570 658
3 2411 4906 1997
3 104 8974 2244
3 5432 5949 3371
3 3593 4307 3595
3 5371 8122 3676
3 4426 8135 5176
3 26 5862 368
3 1481 5937 2067
3 1206 6387 1682
3 3817 6805 3603
3 5814 7936 5815
3 2663 5667 1985
3 197 6748 5551
3 3908 6889 6602
3 1848 7361 2596
3 5780 7226 7225
3 3680 7304 6789
3 4460 8533 5437
3 7446 7758 5493
3 4478 7220 312
3 1959 8168 4093
3 1758 8645 4243
3 7679 7972 2684
3 1274 555 557
3 5968 7801 6
3 4694 8409 3881
3 1197 4894 1529
3 206 7042 5908
3 4885 8865 3537
3 3416 7698 5984
3 2294 8853 6171
3 156 6202 6201
3 4668 7313 3584
3 2807 4552 2957
3 3644 5924 5138
3 665 4996 664
3 2849 7033 3610
3 4971 6424 2410
3 1949 5505 1950
3 2410 8153 4971
3 3506 5797 5226
3 5658 7372 3976
3 3383 6121 4657
3 3483 6168 4263
3 1 8458 0
3 5204 8386 3224
3 5001 7828 5000
3 399 7094 1720
3 3596 7435 6449
3 8282 8306 8305
3 2312 5742 2311
3 4371 6928 3576
3 2955 7260 7259
3 3728 8047 5234
3 662 6065 637
3 2566 2905 1674
3 2043 6288 4935
3 5321 6847 3808
3 630 3995 631
3 220 5892 2432
3 1835 8836 3903
3 4713 6350 1204
3 4907 5044 1371
3 4194 6204 3473
3 4944 6404 368
3 4274 6239 3841
3 2909 8963 2910
3 7022 8596 4916
3 5243 7514 2346
3 7461 7930 4720
3 2449 4935 235
3 6402 7466 3050
3 1686 8123 1734
3 1327 6546 4922
3 2430 6379 4123
3 4626 6047 3630
3 4846 5348 2840
3 1421 8415 2440
3 5691 6834 4433
3 7069 7340 2827
3 4657 7431 3222
3 2592 5350 1833
3 5516 6022 2375
3 4302 7278 6793
3 2419 3937 2418
3 4838 7141 4005
3 3041 6540 1968
3 2359 6317 171
3 3907 8931 6352
3 3249 7126 3355
3 6629 6630 3147
3 5055 8768 3600
3 4960 6203 3379
3 5019 8113 2388
3 3008 6380 5061
3 5807 6543 4465
3 1362 4702 2795
3 233 8449 2443
3 3652 8606 4883
3 3919 7135 4807
3 5787 6455 6453
3 5253 5262 2680
3 1942 8455 4737
3 5296 7932 652
3 4003 4730 689
3 2830 4916 1423
3 5573 8008 3604
3 4007 6544 4008
3 8276 8298 8281
3 1891 5496 2603
3 4527 9071 7773
3 1151 7906 5349
3 540 2073 541
3 2165 7129 2694
3 3535 8715 6573
3 4047 9039 4733
3 2964 227 1418
3 6780 8881 3361
3 3210 4999 3499
3 6637 7433 5310
3 8861 8862 8860
3 4823 6066 1871
3 3514 5861 5848
3 5224 5284 3508
3 5847 5848 1627
3 3640 8395 6378
3 1928 6043 1931
3 3938 7200 3504
3 5124 6227 3664
3 5711 7010 3773
3 7007 8829 4292
3 6563 7892 3164
3 743 7400 2847
3 2837 7200 2838
3 4955 5927 3497
3 5331 5332 3664
3 19 5968 366
3 1456 7353 3516
3 642 7907 2306
3 3351 8806 4231
3 5424 8078 2041
3 5065 9061 3840
3 1092 6244 4724
3 4595 6734 250
3 3751 7710 5541
3 4526 7914 3003
3 4148 8696 4796
3 2444 7009 5107
3 6876 8804 1149
3 504 7905 321
3 6520 7751 5510
3 4897 9082 3844
3 1976 5408 2658
3 3020 7566 6855
3 354 6482 5929
3 6419 7744 264
3 3493 7704 4469
3 2200 4775 4211
3 375 5734 1159
3 1374 6647 5043
3 1852 6284 633
3 657 6033 3693
3 4464 5766 3484
3 4965 7696 2200
3 6758 7570 1647
3 4327 6673 2041
3 4148 4796 3254
3 3387 6059 5479
3 3484 6901 4464
3 4397 6916 4396
3 497 8388 1775
3 2596 7361 1849
3 2637 6736 6735
3 176 6342 5012
3 4370 8466 2057
3 5315 5458 2605
3 3159 7268 4608
3 3343 8080 4672
3 5436 5999 3337
3 2059 6248 2057
3 4050 8682 7786
3 2210 6367 74
3 5679 5680 2064
3 2185 8399 5006
3 6235 9045 2625
3 1629 8672 2692
3 4410 5981 3434
3 112 7065 2255
3 2048 6052 4286
3 509 2211 2221
3 5133 5387 2004
3 3110 7465 3109
3 5622 8438 5352
3 682 6970 2813
3 2710 7326 5084
3 4752 8447 5244
3 3892 8587 5604
3 5036 6873 4033
3 3253 6212 3294
3 385 7903 386
3 3161 5660 4733
3 2811 6927 5860
3 5247 5456 1919
3 1881 7495 2823
3 443 6809 5088
3 5139 6795 2416
3 6668 6669 4632
3 3413 8592 6213
3 1662 5877 7
3 3609 6448 5590
3 6378 7212 4463
3 3434 6443 4410
3 2518 7749 2519
3 3194 6106 4048
3 1374 5043 667
3 1066 8223 4560
3 1694 7470 49
3 2076 7605 3489
3 2633 6881 4982
3 1858 6320 2602
3 432 6631 433
3 3043 6844 6602
3 4160 6558 4165
3 2931 6701 2930
3 5807 7034 2424
3 5769 8810 91
3 2105 5928 295
3 3397 8934 4540
3 747 8073 305
3 1565 4812 1238
3 3873 5074 5073
3 2401 9079 7484
3 3567 6216 5762
3 6955 7991 5926
3 3704 6494 4647
3 3468 7317 5167
3 3656 8127 5200
3 5642 5643 3217
3 4162 7008 3223
3 3181 7313 6792
3 3452 8219 6036
3 2812 5860 1390
3 242 6570 5118
3 3005 7713 3004
3 466 5896 465
3 4960 5074 3873
3 3323 7285 4871
3 2473 6269 2472
3 2413 8513 2414
3 262 5216 263
3 1202 9119 6896
3 7450 7891 4548
3 5152 7800 3340
3 5717 7700 3393
3 1552 5668 499
3 2848 4759 2058
3 5433 6541 3041
3 3380 7579 4973
3 5048 6801 3569
3 4571 8015 2666
3 2438 5275 4783
3 3465 8074 5375
3 3082 7415 4440
3 1809 5859 1806
3 3167 6376 5124
3 5272 8914 1171
3 3559 5747 4710
3 1329 6015 1948
3 4938 6645 2481
3 4735 5370 3676
3 4698 8082 3426
3 5459 8634 3257
3 2230 4321 2254
3 4871 4962 3550
3 10 6502 14
3 4345 7253 2912
3 4613 8195 7975
3 4371 5380 3821
3 2314 7505 7181
3 3063 8695 4565
3 1378 5142 4618
3 598 7100 1832
3 3355 8474 5851
3 5762 6216 42
3 3965 7998 4818
3 3736 7446 7279
3 6206 7825 3703
3 3244 5907 5479
3 2825 7037 5584
3 1915 6079 5398
3 4868 7214 3839
3 1986 8747 6386
3 2262 6000 595
3 3596 6449 4936
3 7770 7771 4000
3 4540 8934 6068
3 2843 6321 277
3 4787 6335 2417
3 2238 5687 1272
3 4042 7133 4562
3 3740 8706 7073
3 1377 7295 6275
3 5566 7995 2692
3 3255 8912 4855
3 5749 8460 713
3 5514 8561 3218
3 192 3890 696
3 2914 4809 1735
3 148 5656 2314
3 5215 7645 1682
3 2366 8220 3777
3 1431 6062 1497
3 4639 6741 3418
3 1834 7759 3898
3 1219 5591 1749
3 3771 7859 4049
3 2276 7912 1876
3 2243 8130 2245
3 9019 9020 9014
3 624 8649 2773
3 136 5661 2293
3 6014 8388 73
3 1802 9072 4774
3 1377 5223 4918
3 1349 8393 5605
3 4835 7309 3896
3 3973 5747 5746
3 4333 9007 8162
3 4776 7935 1165
3 129 5954 4375
3 2521 6823 309
3 3672 6608 6150
3 1362 9127 7738
3 3832 7188 4896
3 4754 6471 3770
3 1215 7373 4572
3 5997 6861 3220
3 3987 8361 1729
3 3903 8836 1833
3 2721 7665 2727
3 5670 6905 4141
3 3566 7396 5844
3 4584 9080 3383
3 7975 8195 2393
3 1029 6214 2886
3 4424 8669 4326
3 5107 7009 234
3 2417 6335 4678
3 4261 9119 5669
3 3067 7958 1643
3 3311 7567 3940
3 3278 6677 5145
3 7135 8218 3920
3 5483 7097 3248
3 6879 7859 3771
3 4715 5273 2956
3 5044 6064 1370
3 2348 5936 2347
3 5899 5900 1940
3 1747 5378 1219
3 2204 4965 70
3 4270 8038 1561
3 4879 5334 4878
3 2656 5645 2373
3 5057 7195 3996
3 3436 7164 5760
3 566 7590 1802
3 3649 5446 4839
3 2024 6236 2388
3 1621 5031 347
3 5345 5515 5346
3 3966 8584 6293
3 5743 7424 4373
3 3614 7826 4940
3 385 5169 2715
3 6621 7680 4223
3 4216 7888 1616
3 2683 8084 4811
3 1451 5468 2482
3 98 8112 6085
3 5294 7161 3916
3 3590 6923 4775
3 2781 8539 5623
3 5574 8600 4031
3 3930 7417 6712
3 6071 8781 3250
3 1994 8377 2402
3 4202 8791 5922
3 7086 7973 3173
3 5043 6647 5044
3 3810 6484 6151
3 3375 6915 3961
3 4618 6224 1378
3 4622 7524 2973
3 4444 7920 346
3 4718 6141 1616
3 5559 5854 4037
3 2050 7631 2052
3 2312 5717 1337
3 4943 6079 1915
3 4496 4711 2459
3 4454 6407 3706
3 1213 6707 5152
3 1851 6719 1828
3 2821 5519 4807
3 5126 7160 3893
3 174 5975 5974
3 6394 8803 7833
3 2683 5856 2037
3 1174 5865 1236
3 4222 9079 7809
3 5157 8666 1911
3 2643 6670 3637
3 664 6196 665
3 4128 5453 1337
3 2217 5898 2218
3 4746 5942 3795
3 4098 8156 3160
3 6772 6773 1146
3 216 6379 219
3 4149 6747 710
3 2930 6925 2931
3 4761 8916 3686
3 7195 7393 2777
3 8405 9056 4267
3 2998 5914 1212
3 6235 6759 4119
3 3734 6182 5603
3 3963 7916 6221
3 4739 7781 2304
3 3820 6433 1841
3 3807 8392 5560
3 1430 6490 5977
3 1181 5641 5517
3 3426 8082 4986
3 5801 7809 3426
3 3525 6409 4661
3 3569 6801 4344
3 2678 6358 1397
3 2965 7329 2010
3 2922 7772 4653
3 2272 8882 5954
3 1337 4596 2312
3 4891 6830 1805
3 2678 7322 2022
3 466 7813 467
3 5207 6598 3589
3 3953 6090 5558
3 2405 8376 2406
3 5536 7327 3560
3 3607 8883 4608
3 3712 4522 1534
3 5558 9038 3819
3 3208 7439 3570
3 5406 7316 221
3 7488 8439 4041
3 5642 8050 5246
3 4807 7135 2820
3 4810 6920 1876
3 5109 8911 147
3 712 6436 3085
3 1575 8095 860
3 5333 6422 4055
3 496 8876 5154
3 2366 8391 8007
3 4660 7129 2165
3 4012 8759 2945
3 1297 5688 4404
3 194 6029 4827
3 3382 5732 4729
3 6050 9118 4961
3 1417 5529 4800
3 205 7042 206
3 6247 7413 3533
3 1210 7643 4890
3 3927 7921 6911
3 1169 7535 4470
3 2921 8027 6244
3 8463 8464 2457
3 4572 7373 7176
3 2341 6759 2340
3 2389 5761 2390
3 1805 6830 106
3 5204 9053 4056
3 6586 6587 3149
3 1917 7877 4705
3 2337 5283 185
3 4859 6849 1892
3 5143 6228 3324
3 1704 7300 1709
3 5011 8754 47
3 2057 6248 4884
3 175 5509 2366
3 4971 6901 3484
3 4134 6343 5185
3 7315 8231 3794
3 5182 6983 1847
3 6149 7824 1875
3 4971 8153 3330
3 2699 5589 4151
3 5249 5500 3926
3 5982 6272 2051
3 4979 5968 364
3 255 6688 254
3 1706 8169 2576
3 6322 8969 4762
3 3701 5436 5405
3 3330 8153 5164
3 2348 8872 167
3 8139 8960 4596
3 1373 6446 5639
3 1783 6972 2728
3 6045 7540 1067
3 2736 4726 2854
3 2386 8213 1375
3 2365 5509 4253
3 4562 7340 7069
3 3504 6797 4372
3 1955 7646 1951
3 2765 6024 4855
3 1179 6472 2702
3 2339 5588 2340
3 57 6394 2196
3 5830 7555 3406
3 2551 6938 2145
3 5754 7659 2520
3 4717 6935 2972
3 4893 6479 6258
3 1822 6411 5015
3 135 6733 3777
3 1756 4284 1755
3 6339 7648 3825
3 2641 1953 2398
3 2484 7516 259
3 3557 6183 5623
3 2810 5273 681
3 3477 5249 4801
3 5216 6957 3376
3 2603 5496 2602
3 2344 6952 1941
3 1438 5117 2836
3 3872 8502 4609
3 2013 9007 6894
3 1351 5097 654
3 2787 6881 1934
3 1163 8958 1167
3 139 8550 5142
3 5464 8809 4194
3 19 7238 15
3 1093 5704 1823
3 3537 8865 4781
3 3855 9123 5041
3 4647 7370 3704
3 722 6384 1466
3 3486 6954 4957
3 3493 6792 4668
3 4191 6247 3533
3 161 8743 6412
3 858 312 859
3 1688 8227 4663
3 3586 6399 4474
3 3282 7182 4702
3 3437 6686 4544
3 6224 7644 4571
3 1293 7368 5135
3 6215 8002 6682
3 137 8434 6063
3 5442 5593 4014
3 6628 8149 3209
3 6182 8097 3490
3 3537 6891 4885
3 3827 7847 3293
3 6182 8593 3166
3 7414 7613 3710
3 3278 5682 4099
3 2938 7111 6284
3 644 8385 5615
3 1634 5187 2549
3 919 1623 920
3 2480 7353 1456
3 3842 6653 37
3 1233 6023 783
3 1729 7410 3987
3 3203 6791 5132
3 1329 9031 6575
3 498 6133 1235
3 216 8075 6379
3 4735 5459 3257
3 3792 7827 5612
3 3433 7542 4685
3 723 7884 726
3 5757 7464 3540
3 1948 9031 1329
3 2105 6518 510
3 4114 8599 5089
3 3324 6260 6233
3 3137 5696 4480
3 6770 7536 4277
3 3765 6269 1430
3 5851 8474 3512
3 8254 8262 8257
3 4986 8082 3515
3 1806 5859 5858
3 2810 5845 5273
3 5231 6350 42
3 607 7013 3939
3 2586 7324 3481
3 7384 8957 7389
3 1675 5650 5061
3 1307 7207 2617
3 50 6590 2191
3 288 5631 5009
3 2114 5951 5104
3 4244 6487 3602
3 1737 7707 2915
3 1976 8176 7977
3 1705 5475 5474
3 4300 7169 7056
3 2674 8681 2015
3 669 5329 2378
3 3958 6183 3557
3 122 6314 2272
3 484 3422 3421
3 3318 6418 6133
3 1210 6858 4570
3 4718 8037 1720
3 1711 5360 5359
3 6555 8512 4063
3 4232 8161 2831
3 1711 7570 6758
3 4935 6990 235
3 3769 8746 4427
3 8285 8306 8282
3 2365 8391 5509
3 1876 7912 4810
3 5201 6174 1702
3 3694 6678 6588
3 6212 8778 3294
3 5778 7508 6103
3 2893 8223 1066
3 2335 7264 4247
3 4509 7320 560
3 4929 6719 1851
3 2779 4957 636
3 189 6004 2400
3 4195 8179 4663
3 2590 6112 6005
3 8704 8708 8706
3 210 6285 5174
3 1107 5758 1160
3 3851 9087 153
3 1932 7566 4769
3 5228 8045 1817
3 3603 7545 4837
3 4649 7263 2902
3 3293 6661 3827
3 1701 5622 4361
3 218 6891 5302
3 5776 5795 5786
3 8183 8184 4239
3 4408 7764 601
3 4026 8088 6680
3 5165 9118 1684
3 4329 8758 4970
3 3436 5760 2234
3 5670 5671 3178
3 1325 5676 2263
3 986 4667 1580
3 8312 8314 8250
3 8299 8303 8277
3 4764 6716 6413
3 1861 8203 5612
3 770 6642 5184
3 4417 6963 4418
3 8570 8678 5980
3 5276 9084 3651
3 2659 8657 4695
3 599 5693 4929
3 6273 6856 3518
3 4873 8084 2683
3 3941 6506 6286
3 4604 8919 2282
3 1173 8427 392
3 3481 7324 5431
3 2600 5457 2238
3 5272 7522 3691
3 5590 6448 3314
3 1168 5626 1170
3 6765 6767 3978
3 4109 6922 146
3 8710 8724 8720
3 4219 6304 3332
3 1829 8041 1097
3 2183 7098 5697
3 2776 8650 8434
3 5102 5920 135
3 3772 7278 4788
3 3268 6395 3455
3 2717 8859 451
3 2340 6699 2341
3 2775 7586 1892
3 6320 7460 2602
3 2827 5633 1395
3 2689 2527 1564
3 5653 6057 3113
3 5551 6695 197
3 4557 8969 3242
3 4939 6338 4085
3 1659 7161 5294
3 6127 8997 6130
3 3002 3987 3001
3 4428 8535 2616
3 4508 7451 5186
3 2793 8668 4927
3 5669 9119 1164
3 2417 7319 203
3 217 5406 2428
3 5718 6673 4327
3 5808 8624 115
3 392 8427 4472
3 3661 7257 5064
3 2241 6085 2749
3 6280 6508 1972
3 4409 8005 3808
3 1726 4809 2914
3 3411 5879 4281
3 141 7869 4567
3 1898 8569 2772
3 6586 8555 6587
3 3859 5577 2450
3 2271 7700 5717
3 498 7301 486
3 4133 7659 5754
3 5857 6143 4109
3 3780 5418 4536
3 3839 7214 6899
3 3576 6928 5199
3 5440 7317 3468
3 3599 6300 4095
3 5039 6018 3322
3 6286 6506 3186
3 198 8925 2409
3 6751 7390 3715
3 6380 8553 4223
3 5129 5734 3578
3 3031 6790 6564
3 3459 5678 4792
3 4064 7212 4989
3 3675 8502 3872
3 3894 8526 8035
3 1426 6513 704
3 1215 5976 1228
3 4828 6157 2485
3 4660 7888 4216
3 3339 8482 5286
3 4059 5525 4124
3 3551 5906 4905
3 3486 5920 5102
3 3847 5976 3406
3 5142 8550 4618
3 1472 8477 3861
3 2419 5423 5236
3 4312 8199 1841
3 5132 6791 3527
3 6260 8498 6231
3 6069 8754 4338
3 256 6750 4938
3 6489 7986 7675
3 8254 8265 8264
3 5131 7627 501
3 1849 7690 2596
3 6165 7334 4270
3 3526 8096 4435
3 171 6317 4545
3 5656 8911 2314
3 2602 7634 1858
3 4183 8396 4793
3 2182 6911 43
3 1516 8380 5234
3 2842 8640 4793
3 2957 5845 676
3 1402 7406 5115
3 3017 6429 3016
3 3150 8129 6345
3 3448 5915 5281
3 4076 5826 3638
3 3712 5824 2844
3 4075 5510 3270
3 3600 7760 5055
3 2409 6748 197
3 4921 8014 5358
3 273 6034 1474
3 4684 7768 3282
3 269 7087 2491
3 3587 7961 5941
3 1462 4958 2490
3 4093 8635 7672
3 5925 5948 1218
3 2076 7606 7605
3 3940 7362 4182
3 985 7597 5385
3 2216 8394 523
3 4859 5803 2604
3 1987 5918 2379
3 8176 8652 4532
3 2852 6301 795
3 8297 8320 8295
3 3214 6865 4989
3 4714 8054 6281
3 5295 8213 2386
3 8233 8240 8235
3 2686 7966 4912
3 142 5987 2303
3 6202 8944 3552
3 5993 6200 2941
3 6896 7664 3617
3 3143 7221 6116
3 2331 9125 4862
3 7288 8190 3952
3 2948 5066 4105
3 6643 6644 6319
3 3323 7070 5177
3 2448 6002 234
3 4940 7826 6633
3 365 5971 13
3 3385 5610 4914
3 4948 7745 4984
3 4310 8824 4814
3 2601 6238 5805
3 6282 6452 108
3 5759 7862 4273
3 3676 8122 5459
3 66 7472 5032
3 2528 5893 4331
3 2400 7267 1961
3 5824 7220 2844
3 4387 8525 3723
3 1030 5187 1634
3 4143 6690 5113
3 1365 5373 2053
3 644 5615 643
3 3960 5418 3780
3 1422 7275 4523
3 2969 5828 1455
3 3615 9063 6620
3 1237 6414 75
3 5164 8153 198
3 5001 7192 2694
3 1728 7349 1749
3 4834 7346 2797
3 4249 7561 2196
3 7187 7231 3196
3 2910 6888 4334
3 7389 7725 7384
3 3469 8617 4795
3 6428 7675 2679
3 3857 6898 3764
3 1453 6157 4401
3 5686 7497 1197
3 4885 6891 2429
3 4316 5833 4677
3 5913 7921 3927
3 8540 8960 1877
3 4769 7566 4155
3 4153 8226 6007
3 3231 5989 5420
3 3384 7880 5070
3 4497 7805 3935
3 2194 8032 1194
3 3982 8048 2792
3 8704 8706 8705
3 223 7857 3800
3 5407 7001 3506
3 6113 7158 3239
3 4634 7337 5547
3 6442 8619 4088
3 6357 6853 3702
3 5106 8099 3724
3 3590 6598 5207
3 2122 7982 2123
3 4601 8012 1006
3 4233 8871 4358
3 6050 6810 1684
3 4945 8919 3183
3 57 8095 1575
3 4805 5722 2291
3 5391 5569 1427
3 4903 9057 7504
3 2356 6796 3715
3 1159 8053 4719
3 3353 7514 7471
3 47 8754 2187
3 269 5511 4441
3 3405 7532 4817
3 1140 6562 4750
3 4915 8887 1960
3 3175 8469 6439
3 5434 6723 3475
3 3041 6541 6540
3 2872 6679 911
3 5354 6534 2324
3 4461 8167 3733
3 3507 5284 5224
3 366 5968 4979
3 5067 6270 3576
3 2967 6051 4887
3 4927 9062 4869
3 9010 9011 604
3 4315 8456 3284
3 3296 8864 5374
3 2190 7475 1208
3 1399 7904 3033
3 5125 6476 1304
3 4895 5135 2587
3 3076 7028 1511
3 5758 7029 1160
3 198 8153 2410
3 2778 5556 633
3 2494 8396 1473
3 6108 7779 147
3 3381 5519 2821
3 2246 8021 4953
3 4749 6252 3334
3 3605 8351 7270
3 4200 5490 3258
3 2781 5623 2782
3 6378 8395 4607
3 204 6397 2417
3 8040 8846 4041
3 4933 7137 3344
3 4529 8817 90
3 2645 5213 1960
3 3386 6485 6249
3 5137 7460 6320
3 4204 6057 3368
3 6551 7579 3380
3 3586 7935 4776
3 4335 4471 3799
3 3113 6057 3112
3 1175 7305 3277
3 1610 7191 5414
3 4770 6936 224
3 1694 6464 2574
3 4680 7300 6359
3 3418 6741 4459
3 4265 8582 4540
3 3796 7091 4907
3 2726 6463 3910
3 3704 7370 6833
3 5060 7597 985
3 1753 7848 4965
3 3180 7663 6833
3 4585 8145 2317
3 2375 6022 1372
3 5777 7184 6100
3 7456 8584 3966
3 34 5862 26
3 2364 8138 5102
3 3689 6341 6290
3 5516 5994 3716
3 3577 6043 4991
3 725 7318 5463
3 5139 6159 3314
3 6105 7368 4057
3 2361 6493 5090
3 3676 5459 4735
3 3898 7759 1337
3 5932 5933 3861
3 4974 8380 2076
3 3019 6855 4504
3 5616 7750 1494
3 6218 7715 7671
3 144 7341 3834
3 6298 7729 4369
3 5852 8842 4135
3 2370 7216 2369
3 3874 8067 6153
3 4702 5583 2795
3 2365 7821 663
3 4938 6750 2687
3 6835 6841 3456
3 2458 6657 245
3 2046 6288 2044
3 4600 5603 3490
3 1322 6012 5163
3 4959 8896 4958
3 5969 6266 3783
3 5047 8019 1343
3 6581 8902 3977
3 4989 6865 3586
3 694 6615 1992
3 4600 7038 3787
3 192 6898 3857
3 3926 5813 5249
3 5506 7993 675
3 5077 8049 3962
3 184 5625 2391
3 30 1155 2989
3 3681 5972 5887
3 5079 6510 4955
3 4487 5060 2880
3 1943 5192 642
3 4111 7614 2840
3 6259 6922 3365
3 2568 7875 4107
3 4753 5852 1853
3 6268 8887 2399
3 4285 6772 3665
3 3289 6555 5970
3 5221 7596 2511
3 5060 7958 3067
3 4363 7111 5909
3 2836 6597 5038
3 489 8909 4395
3 3758 3759 2906
3 6763 6767 6765
3 5674 7280 1886
3 3270 6389 5444
3 3180 6833 5028
3 5943 7230 3295
3 7914 8361 3002
3 1833 4305 3903
3 4187 7047 5229
3 663 7821 5520
3 7951 7952 7950
3 2836 5038 1438
3 27 8166 28
3 4537 7729 6298
3 8276 8288 6587
3 3621 7681 4620
3 5601 8551 3866
3 7073 8706 7074
3 5378 5591 1219
3 4898 7374 3350
3 7369 7786 2399
3 5594 6309 2633
3 1013 7105 1012
3 2045 6667 4892
3 1419 6295 1451
3 459 8413 4361
3 4145 7175 5090
3 4243 5997 5179
3 5961 6623 1141
3 3515 6342 4986
3 1911 3782 2947
3 3300 6682 4421
3 2629 8749 4491
3 5701 6663 3215
3 6391 8896 5108
3 4567 7869 4342
3 1549 3573 791
3 1464 7612 5343
3 699 7239 3607
3 3947 8741 5362
3 4501 8677 6491
3 2303 5987 4544
3 5408 9064 177
3 5971 6241 13
3 3297 8538 5027
3 1433 7985 5393
3 1099 6837 2943
3 8457 8458 1
3 3602 6487 6166
3 4596 8960 8540
3 1071 8923 999
3 4796 5825 3254
3 658 5527 3025
3 3424 6227 5124
3 4573 6421 3454
3 459 6099 393
3 6581 7800 3627
3 788 5255 2504
3 1891 5964 5270
3 3731 7807 4224
3 5163 6012 3437
3 2463 6718 1432
3 282 6912 5648
3 4106 5849 5671
3 4326 7799 2390
3 3996 7117 5057
3 1872 7764 7647
3 22 8804 6876
3 3519 5724 5551
3 4815 8596 3376
3 1680 6477 2567
3 5341 9076 5339
3 3687 8856 4804
3 4291 5512 1670
3 3289 5970 3877
3 8322 8325 8271
3 4461 6044 638
3 786 7701 4786
3 3316 4449 4212
3 1165 5476 1134
3 3671 8052 4650
3 5991 8799 2325
3 250 6734 249
3 1447 7507 4699
3 6612 8559 3945
3 1911 6880 3782
3 1269 5522 1273
3 614 5008 1898
3 4990 5682 4098
3 6215 7503 3662
3 5970 6555 4063
3 1230 6526 1229
3 2316 5912 4808
3 2947 5157 1911
3 190 8635 7267
3 7268 7881 3605
3 3437 5987 5163
3 3192 6785 4036
3 3320 5633 4722
3 6035 6059 4252
3 2664 6371 2663
3 6277 8159 4421
3 4956 8052 3671
3 3707 7820 5266
3 1010 7760 3956
3 761 1588 760
3 2861 4741 3075
3 1296 7922 2257
3 4005 7969 5914
3 3697 5413 3592
3 7208 8449 4372
3 3304 6558 4160
3 1033 5730 3963
3 6332 7710 3751
3 5798 6320 1858
3 4174 5991 5040
3 4080 6962 5618
3 8254 8333 8262
3 3266 7897 4742
3 3917 7187 4098
3 5182 7690 6686
3 5983 8469 3175
3 2286 5307 4945
3 2717 6287 450
3 8207 8208 4734
3 127 7912 2276
3 2390 7799 2389
3 3857 3890 192
3 1385 8206 5262
3 5236 8603 7042
3 2194 3767 2212
3 2 6950 2176
3 4052 8122 5371
3 7202 7203 3155
3 5065 7844 4392
3 7101 8017 3417
3 5127 6718 301
3 5186 6755 2068
3 3971 4482 3137
3 2464 7066 5322
3 5995 6405 2940
3 6169 7332 4085
3 3673 6333 3460
3 4390 7233 7231
3 2798 5886 2799
3 3567 7684 4554
3 95 5806 2239
3 3764 7196 5667
3 3616 8842 6857
3 2399 7786 189
3 2218 8205 4029
3 7207 8381 4235
3 1306 7499 5770
3 1294 8575 6467
3 4624 4957 2779
3 4765 8569 1898
3 2276 7401 127
3 5738 6919 2759
3 2756 5502 2751
3 4684 4791 2286
3 274 4717 1491
3 1567 6821 2209
3 4818 5654 1762
3 2199 5891 62
3 3528 5956 5172
3 5305 8806 3351
3 5580 6472 1179
3 7226 8869 7227
3 5872 9024 5358
3 2693 5847 1627
3 2 7967 6950
3 2771 8470 4587
3 6229 6260 6231
3 7880 8430 5070
3 1473 8396 5391
3 2444 5539 233
3 1819 7512 2768
3 5922 6539 3770
3 104 8087 2243
3 8865 8983 1411
3 5242 8210 3151
3 3297 8811 5198
3 6284 7111 4363
3 5318 8476 2739
3 6011 7500 3283
3 2262 7830 117
3 4389 7231 7187
3 3374 6612 5449
3 6854 8353 3271
3 5285 7632 3793
3 2052 8771 8432
3 1826 7207 1307
3 3967 6593 5978
3 3523 6925 5814
3 2449 5203 4935
3 4737 8455 2336
3 1886 5874 4981
3 2350 8453 168
3 1561 7128 4270
3 516 8516 580
3 3561 4296 2219
3 4669 6745 2465
3 4703 7457 1667
3 3652 8503 4928
3 5091 7459 3213
3 6134 8397 3233
3 4399 7874 5864
3 3833 8482 4490
3 4929 5693 2744
3 4414 5166 1887
3 4156 6904 5754
3 4464 7469 2809
3 3492 7941 4830
3 3766 7891 7450
3 3680 6789 4072
3 2345 6761 4545
3 3438 9073 6364
3 4514 8391 663
3 5106 7275 1422
3 39 5587 2178
3 6378 7442 3214
3 7708 7709 1747
3 1621 6931 350
3 2272 6331 1873
3 2823 7495 2822
3 4905 8680 253
3 2428 7138 217
3 2205 5989 1760
3 8264 8333 8254
3 5328 6646 1831
3 7683 8400 2634
3 6753 6827 3690
3 320 5467 2528
3 2961 5602 1400
3 4713 7875 3613
3 1067 6262 1023
3 5228 6000 3992
3 32 8605 367
3 1428 6186 5415
3 3931 5395 5069
3 7176 7373 3887
3 4715 6927 5273
3 4634 5547 2590
3 167 8872 1917
3 5234 9049 6577
3 159 4862 153
3 6932 8870 597
3 3443 6983 5182
3 8183 8442 3543
3 6292 7221 3143
3 2963 8464 8463
3 5012 8682 4050
3 3644 7080 5924
3 8271 8323 8322
3 1421 7623 1411
3 1820 6622 2591
3 4113 7210 87
3 3618 6701 2932
3 4635 9032 2326
3 5605 8393 4368
3 8244 8301 8242
3 2902 6392 4649
3 5298 5985 3306
3 1272 6327 2238
3 4452 7473 7216
3 1484 6390 5521
3 4073 6267 1494
3 2767 8952 596
3 3991 7972 7679
3 3235 8128 4373
3 4635 5581 2627
3 4398 8412 7035
3 471 7669 472
3 5672 6620 1214
3 4095 6824 5711
3 4034 8461 5216
3 5730 7199 2883
3 2440 8415 5892
3 1724 6888 4197
3 5697 8585 44
3 2565 6380 1669
3 680 7125 2958
3 3182 8967 4302
3 4932 7628 2363
3 1540 6510 3926
3 2769 6503 1367
3 2430 6308 218
3 1349 8950 8393
3 4510 6444 5606
3 4071 8546 4563
3 4996 7640 4670
3 4218 5906 4873
3 268 6391 5108
3 1343 8019 5480
3 4106 8972 7151
3 7893 8001 4817
3 2833 6741 4639
3 4775 6923 4211
3 4804 5537 3687
3 5336 7244 5340
3 3262 6685 5536
3 6797 8089 4372
3 2041 8078 4327
3 3350 6770 5161
3 6509 8068 3757
3 5667 6371 3764
3 5460 6597 2836
3 5292 6603 1398
3 2187 6069 46
3 1800 5984 1314
3 3097 7931 5689
3 4528 6502 3118
3 1856 5806 554
3 4609 8883 3607
3 4446 6118 3631
3 1459 7166 5150
3 4543 6051 2967
3 5206 6585 1921
3 3742 6239 3677
3 3112 8932 3111
3 49 5910 2189
3 2902 7263 360
3 3450 8444 7246
3 2592 8631 5350
3 4986 6342 2370
3 120 6974 1870
3 3605 7269 7268
3 2943 7703 1099
3 4220 6711 2075
3 5114 7475 2190
3 4992 7466 6402
3 5090 8066 2342
3 2945 6155 4012
3 2176 7994 2
3 3150 8298 8276
3 3450 5004 4355
3 6857 8842 4753
3 3681 6882 6693
3 8234 8237 8235
3 2734 7338 508
3 1604 8133 4020
3 3142 6168 5568
3 5228 7287 3616
3 3879 6272 5982
3 8856 8857 4804
3 2808 5817 679
3 6088 8226 3276
3 2785 6316 2946
3 2589 8044 3582
3 6446 8119 136
3 4841 6445 4843
3 5157 9120 163
3 2939 8356 1860
3 6833 7663 4125
3 2906 6621 1677
3 4021 5916 3315
3 45 8399 2185
3 7267 8635 5022
3 5616 6267 537
3 3282 7768 7182
3 3855 7971 2061
3 3928 7029 5758
3 6441 7688 1517
3 2975 9123 3855
3 433 6048 432
3 2410 6424 199
3 2731 7789 527
3 5032 7143 2919
3 1099 7703 2936
3 1462 6903 4300
3 5498 6839 3103
3 3283 8761 4381
3 3244 6025 5907
3 7288 8108 4406
3 5041 6253 275
3 4650 6517 3671
3 2113 6161 5893
3 254 8093 7124
3 4922 8497 1327
3 1578 6703 4924
3 3257 5481 3571
3 2722 7305 388
3 2616 8535 3752
3 3987 9043 3001
3 5361 8849 3796
3 2650 6089 5809
3 3858 7536 6770
3 5880 7871 1699
3 4886 8020 3403
3 1390 5860 5836
3 6587 8273 8270
3 5488 8686 4327
3 6241 8660 4675
3 3675 5371 5370
3 4725 6591 2114
3 3509 7717 4378
3 2375 8848 2376
3 596 8952 2757
3 2278 6920 4810
3 366 7238 19
3 2668 8830 2412
3 3303 7395 5476
3 3669 4954 4287
3 2189 8035 49
3 4835 8403 2816
3 3872 7240 3675
3 3312 6038 4033
3 5068 8913 6619
3 4667 5955 3414
3 4837 6150 3603
3 4112 7641 4934
3 7068 7130 1020
3 3941 6286 5349
3 3597 8366 4772
3 4723 7963 3682
3 1741 6516 4209
3 3206 6787 4052
3 2999 4838 4005
3 2376 8848 1338
3 4157 8363 2806
3 4531 7942 6664
3 4390 7993 5506
3 7733 7922 2762
3 2971 8118 2059
3 6574 8982 3217
3 1246 5866 513
3 3111 8932 5587
3 3626 6203 2470
3 5179 5997 3157
3 6290 6341 4177
3 4705 7877 3816
3 390 7128 1561
3 2359 9074 6317
3 5041 7971 3855
3 3459 8651 7363
3 2894 8441 7102
3 5817 7196 3764
3 4445 6246 3769
3 4571 6550 6224
3 3395 7461 4592
3 5322 7066 299
3 3166 8097 6182
3 5329 6061 1978
3 4733 9039 3161
3 3848 7778 3849
3 3996 7195 7122
3 1701 8438 5622
3 5367 5802 5609
3 627 6178 5166
3 1883 7518 4907
3 2355 5863 169
3 3904 5745 4875
3 3002 8361 3987
3 5033 7787 2916
3 3152 7823 4257
3 2598 5665 1853
3 5053 8200 3775
3 800 8057 2854
3 4186 6432 1865
3 1704 6650 6353
3 4763 5539 2444
3 4982 8026 2632
3 7913 8076 2703
3 1354 6123 3024
3 469 7219 468
3 2828 6713 684
3 1079 6357 2559
3 5100 8559 6612
3 3428 7951 3427
3 3727 4704 1164
3 3237 8484 6740
3 3603 6805 4836
3 2822 7495 4599
3 5905 8178 1386
3 3218 8561 7535
3 451 6515 1498
3 3955 5546 5178
3 5712 6726 2741
3 6417 9094 4794
3 5718 8222 4269
3 7227 7228 3594
3 3769 6358 2677
3 4300 6903 3334
3 4062 8674 2682
3 1978 8861 8860
3 4811 6056 5403
3 6505 8628 3119
3 465 6819 466
3 4632 6669 3184
3 2615 5841 2941
3 2863 7416 4330
3 4700 4701 2860
3 3414 7520 6312
3 722 8640 2842
3 78 8483 6413
3 244 8855 2472
3 5377 8232 8081
3 8207 8212 1259
3 5425 7477 2001
3 4846 5271 4138
3 5503 8697 3387
3 3756 6565 6564
3 3519 6748 4800
3 489 5377 2722
3 3901 7031 5740
3 4981 7133 1886
3 7002 7003 272
3 1229 5885 1230
3 1860 8356 4196
3 6081 6082 2839
3 4844 5953 2410
3 4151 5589 5254
3 4625 7954 2483
3 5545 7245 6588
3 5403 6056 248
3 6092 7148 1312
3 591 6073 575
3 4010 6623 5961
3 2377 8412 4398
3 4078 9067 1167
3 3904 7274 4876
3 5716 8885 4472
3 4934 8617 3469
3 1421 7666 7623
3 3816 6991 4705
3 4883 8606 1693
3 4111 7918 4828
3 222 5056 2671
3 6342 8682 5012
3 3140 7061 4488
3 3675 8134 6349
3 72 9098 2207
3 1473 8959 2494
3 723 6704 2841
3 2427 8435 7316
3 1067 7540 2546
3 7073 7074 3744
3 3573 6714 3329
3 5969 8890 3255
3 2328 5315 4518
3 3306 7822 4883
3 3269 6788 3638
3 5027 6585 3788
3 5957 8456 4315
3 4777 5831 1441
3 236 8851 1438
3 1417 5051 3711
3 5068 6619 2445
3 8273 8323 8272
3 2694 7828 5001
3 3413 9061 5065
3 7081 8888 4671
3 4100 5947 2669
3 5266 7820 3228
3 8300 8303 8302
3 3539 7960 6694
3 6681 8047 3728
3 5429 6820 69
3 62 5445 2199
3 5834 6595 3563
3 4190 7238 6524
3 4676 6116 3472
3 5624 7232 3849
3 4415 6939 2357
3 7176 7405 3158
3 1708 7283 3949
3 1946 4932 4343
3 3923 5578 4297
3 6253 9123 2068
3 2909 8885 5716
3 4195 8227 4994
3 70 8821 7394
3 1867 6545 4196
3 6619 8913 3470
3 3614 7462 4791
3 5358 9025 4921
3 6278 7050 2693
3 5105 8368 2492
3 1441 5831 4763
3 4002 7596 5221
3 6035 7256 1902
3 5758 7736 3928
3 202 5607 4336
3 1679 6811 6810
3 860 6001 1575
3 2305 6009 2304
3 5705 8489 3828
3 2623 7136 4926
3 3546 6745 5137
3 4826 7180 4244
3 4628 6669 4629
3 6203 6887 3379
3 5670 6552 3720
3 4184 6783 5630
3 3409 6098 5317
3 5330 6485 3386
3 3485 8778 6212
3 4702 7182 5583
3 727 7451 285
3 6679 7422 911
3 3003 7914 3002
3 5627 6340 2434
3 5491 6279 2431
3 7429 7718 3942
3 2730 6971 526
3 5007 8753 5625
3 3611 5952 4537
3 3708 6725 5031
3 2495 6755 277
3 5356 6733 1989
3 875 4732 767
3 1616 7543 1721
3 5295 6162 3803
3 8320 8324 8295
3 7271 7611 4154
3 4060 5525 4059
3 3497 6441 3498
3 203 4787 2417
3 283 7868 1551
3 268 6904 2490
3 2022 6356 4970
3 6582 7639 4340
3 3101 7034 5807
3 2959 6067 2015
3 5150 7166 4140
3 7061 7928 3698
3 5354 6727 3488
3 664 7667 6196
3 2038 6473 2681
3 1954 6192 2642
3 3206 6349 6340
3 3688 7738 5227
3 5289 5697 3322
3 6175 8607 1406
3 3597 6513 5636
3 4107 7875 4713
3 5896 8654 2918
3 5203 7009 233
3 3043 6602 1391
3 2342 8066 2343
3 1197 8562 1577
3 2483 7006 258
3 2445 7507 7506
3 3162 4974 4973
3 5089 7768 4114
3 78 6413 478
3 3535 4134 3883
3 5210 7059 2323
3 3859 8404 5115
3 1203 5306 3351
3 5254 6740 4151
3 3792 7820 5820
3 5396 6575 3557
3 1378 6550 2384
3 228 8175 5490
3 2289 6546 1327
3 3609 7677 6787
3 4453 4602 3260
3 3440 7076 4381
3 61 8610 1692
3 5260 9079 191
3 4990 7810 6986
3 5137 6320 3546
3 4997 7174 1803
3 372 7632 5285
3 2569 6783 5165
3 6694 7960 4810
3 4912 7966 7166
3 2511 7596 5127
3 2838 4902 3087
3 1706 8978 2908
3 2314 8911 5109
3 5836 5860 3729
3 3314 6448 4539
3 2311 6314 2312
3 3075 8794 2861
3 8331 8335 8333
3 4427 6072 3769
3 3711 8646 5529
3 307 7999 4493
3 3671 6517 5613
3 4485 8672 2546
3 3768 7085 6246
3 5083 6826 3819
3 4209 6516 3301
3 4248 6088 3288
3 3379 6887 4877
3 1386 8192 677
3 4619 4851 2604
3 5331 6594 3411
3 4626 7423 3448
3 4228 8198 4972
3 5814 5815 3523
3 1382 8673 4926
3 3684 8675 5174
3 5125 9112 4782
3 3691 7522 5092
3 3200 7023 6139
3 6696 8204 4056
3 5427 7331 4244
3 8713 8725 3883
3 4473 6760 4217
3 4242 5931 216
3 3379 7427 4960
3 2429 6891 218
3 3715 7390 2356
3 6799 7290 4401
3 4528 8938 15
3 2649 8622 6177
3 3996 7122 5440
3 1934 6309 2786
3 6010 7454 3237
3 5302 6891 3537
3 2507 6483 1484
3 5865 7919 77
3 2196 6394 4249
3 3745 5610 3385
3 193 7027 2404
3 3317 8781 2744
3 6458 8496 4549
3 3716 8743 5516
3 3952 7885 5924
3 7075 7845 1496
3 3472 8816 4676
3 5147 8150 6300
3 6120 6811 1679
3 1890 7541 138
3 5324 5325 3429
3 4343 5994 1946
3 5818 7504 4210
3 499 6083 1236
3 3802 7196 5817
3 2454 8584 2453
3 4155 7481 4769
3 3234 7856 5799
3 5434 8649 1879
3 693 4644 692
3 1957 6987 1958
3 5100 6612 3374
3 6118 7879 7405
3 1109 7419 5581
3 7504 9057 4210
3 1284 8112 4747
3 4782 7880 3384
3 2240 6988 3863
3 5146 7681 4833
3 9010 9019 9011
3 4241 8591 4899
3 3780 6277 3960
3 5092 6854 3691
3 3573 7549 3254
3 2226 7397 6265
3 5398 6235 2625
3 5929 6482 1033
3 277 6321 5369
3 3600 8767 8766
3 2684 7972 2036
3 4416 4963 2948
3 1385 5253 2804
3 4592 8076 7913
3 63 6359 4602
3 3638 5826 3269
3 8239 8290 8289
3 1410 6639 5491
3 3559 4710 464
3 5298 8101 3224
3 1160 9023 1107
3 4465 7159 3731
3 4430 7467 6479
3 2275 6601 4694
3 4624 7567 3311
3 5762 6207 3567
3 3628 5628 3301
3 3584 7313 5112
3 6352 8931 3930
3 4093 8168 5022
3 2357 7843 4415
3 8255 8307 8270
3 143 6684 3262
3 3724 7275 5106
3 5089 8599 636
3 3194 6683 6106
3 2203 5429 69
3 5449 6728 6659
3 4191 7726 6247
3 6256 8468 1240
3 3758 7974 3759
3 1138 7161 6505
3 5426 5715 3893
3 5965 8369 4558
3 5680 6512 2064
3 5916 7878 3315
3 3977 6762 4658
3 2383 6408 4603
3 2332 7236 2307
3 6592 8040 3901
3 2958 7125 4707
3 206 5908 207
3 3501 8389 3210
3 7815 9008 2268
3 1845 9060 5380
3 4808 8544 4438
3 710 7547 4645
3 2178 8581 39
3 5526 8797 2814
3 3837 6683 5112
3 3733 6044 4461
3 4729 7660 3382
3 4009 6775 364
3 2361 7175 1358
3 7369 8201 4050
3 2278 5954 129
3 4223 8553 5512
3 64 8926 2719
3 2300 8191 7490
3 1583 8807 7183
3 2252 8409 4694
3 3253 7814 6212
3 5103 6910 1380
3 1822 5015 4617
3 6481 8166 27
3 5925 8425 5948
3 3407 8173 6147
3 3397 8889 7448
3 5954 8877 122
3 3284 6655 4315
3 8113 8816 3472
3 6514 7887 4200
3 6234 8647 3324
3 201 6608 2413
3 6232 9096 3325
3 3364 6430 3256
3 2646 8884 4188
3 8239 8289 8244
3 2368 7473 7089
3 3490 6250 4600
3 4270 7128 6165
3 3940 7567 1320
3 3478 7358 5177
3 2240 7122 3995
3 4469 7704 3164
3 3522 5323 3989
3 4848 8080 3343
3 2473 6657 2459
3 5805 5806 1856
3 5577 7517 235
3 2546 7540 4485
3 1149 7620 6876
3 2333 6022 161
3 3242 6322 5285
3 2784 7015 6155
3 1840 7013 607
3 1994 7295 2666
3 4308 8132 2901
3 2177 6658 3287
3 4429 5809 4664
3 4522 7833 1534
3 1209 7140 4561
3 1893 5956 2613
3 5737 6821 1567
3 5551 5724 3672
3 5542 5688 1297
3 1843 6042 1866
3 4362 8068 6509
3 5746 7307 3973
3 6587 8555 8276
3 4784 7475 5114
3 1677 6621 5512
3 1424 7699 204
3 5258 7159 2425
3 4002 7937 1432
3 5263 8646 4697
3 3200 7001 5407
3 388 7305 1175
3 3550 5546 4871
3 4341 7152 4165
3 4677 7503 3300
3 4371 7314 5380
3 7259 7260 1387
3 5465 8809 5464
3 5129 9073 3438
3 6162 7438 195
3 7452 8035 2189
3 5075 7236 2332
3 4881 8119 1373
3 5978 6593 3415
3 2304 6044 5252
3 2312 6314 5717
3 6876 7620 3580
3 537 6267 2734
3 2883 6084 2127
3 596 6739 2767
3 7535 8561 4470
3 2774 5832 5286
3 4910 8207 4734
3 3470 6673 5718
3 5482 8154 483
3 4066 7455 7454
3 4957 7582 3486
3 5324 7788 3658
3 2827 7340 694
3 5280 7011 987
3 2352 7629 2353
3 4282 6678 3694
3 3536 5185 3511
3 6434 7168 3985
3 727 7858 2843
3 6361 8106 3328
3 4252 7256 6035
3 2296 7541 5518
3 3726 8073 5184
3 4923 8771 3873
3 3490 8097 4358
3 3930 3931 1169
3 6855 7566 1932
3 616 9029 6031
3 2587 5135 4380
3 3222 7613 7414
3 7187 8156 4098
3 5167 7317 98
3 5050 8892 7831
3 1926 6191 3059
3 1953 7369 2399
3 628 6708 528
3 1902 5980 1904
3 3175 7344 5983
3 3378 8753 5007
3 6249 6485 3264
3 2611 7541 1890
3 5273 6927 681
3 3981 7868 5942
3 8 6562 9
3 1491 6535 273
3 3643 8429 5689
3 4178 7516 2484
3 5048 6940 3438
3 5335 8397 6134
3 6144 6145 3365
3 4774 9072 112
3 5184 6642 3726
3 3954 5235 2419
3 3899 5582 3006
3 164 6114 2341
3 2253 6074 1290
3 6166 6487 3303
3 5090 7175 2361
3 1163 7392 377
3 4361 8413 3260
3 6103 7508 6129
3 4272 8707 3841
3 1467 7363 7071
3 1023 6045 1067
3 1375 5902 2385
3 3351 5306 5305
3 6986 7810 3143
3 4033 6873 5753
3 5568 8486 3263
3 2333 7765 6022
3 6889 7473 4452
3 3973 8557 3745
3 2196 6414 57
3 2933 9102 2934
3 2322 5870 2330
3 1261 6265 522
3 1171 7522 5272
3 5393 7116 3670
3 5226 5797 3455
3 3504 7200 6797
3 1436 8771 2052
3 3755 5572 5467
3 2847 7400 6245
3 1958 8512 1957
3 5725 7858 754
3 2730 7058 527
3 3796 7821 5361
3 625 5646 2773
3 4347 7735 155
3 6462 8652 7051
3 3711 5529 1417
3 3332 7927 4762
3 4953 8021 4024
3 7243 7585 3274
3 2244 8087 104
3 5423 5492 5236
3 5852 8588 3384
3 4411 8381 5800
3 7776 7777 1201
3 3604 8922 3364
3 5706 7110 4853
3 3897 8681 2674
3 6106 7855 4048
3 5559 5667 2026
3 6019 6192 2373
3 5307 8919 4945
3 3799 6936 4335
3 4401 7290 4897
3 6029 8376 4497
3 3391 6677 4099
3 3669 8078 1456
3 4758 6974 120
3 5289 6960 3164
3 3722 6500 3742
3 3722 6730 3678
3 3602 6166 2699
3 3568 8904 5660
3 8703 8705 3740
3 1534 5824 3712
3 4857 6656 2256
3 5027 8011 3297
3 3684 6285 5402
3 3281 6422 5894
3 2185 5006 4520
3 3036 6173 3035
3 3457 5105 5035
3 5449 8873 3333
3 3809 6847 5321
3 997 6234 1635
3 6036 6730 3536
3 564 6917 3801
3 2943 6837 2761
3 4103 8430 6407
3 5710 8614 1289
3 3477 8230 5500
3 5290 9046 7669
3 2886 8114 5187
3 4213 7503 4677
3 6180 8456 3932
3 7793 7943 3962
3 3098 7931 3097
3 4377 7512 6005
3 5156 6728 3333
3 4899 6133 498
3 6092 7276 1269
3 6246 7085 1974
3 1964 7081 4671
3 5887 5972 3682
3 5226 6369 3506
3 416 6966 415
3 3348 7084 5161
3 3502 6874 5579
3 7173 8567 5231
3 5626 7804 3463
3 219 6379 2430
3 1458 6781 720
3 1683 6811 6120
3 2209 6821 6255
3 2658 8652 1976
3 4342 7869 3382
3 5426 8454 2681
3 2111 6966 5245
3 5245 6966 416
3 4135 8588 5852
3 4374 7061 3140
3 6920 8756 1876
3 4685 4872 3433
3 3828 8489 6030
3 2741 6726 4403
3 6403 8854 4311
3 1849 6210 5536
3 1175 5890 388
3 6749 8619 4087
3 4008 5898 2217
3 2034 7711 6243
3 4916 6385 1423
3 4793 8534 2842
3 1836 8960 8139
3 5431 8796 3481
3 4940 6013 3614
3 1329 6575 5396
3 6665 7139 3900
3 1976 8652 8176
3 5547 7337 118
3 3755 5467 320
3 4523 7275 6271
3 191 8635 190
3 5268 8945 3163
3 4206 7065 112
3 3138 7203 7202
3 6 6867 24
3 5019 8816 8113
3 8528 8655 4198
3 2613 7615 1894
3 1337 7759 4596
3 2801 6028 4147
3 2843 7451 727
3 1107 9023 6566
3 3704 6833 4125
3 5279 7993 4390
3 4392 9118 5165
3 6760 7539 4217
3 4041 8846 5401
3 4296 6172 2219
3 5552 6641 1761
3 5812 7154 5487
3 4083 6462 2378
3 6199 7250 1519
3 141 7870 7869
3 3243 6025 5537
3 5311 6836 3475
3 3401 6965 3583
3 2846 8841 741
3 5137 6745 4669
3 1124 6807 3110
3 3285 5885 1235
3 6483 8545 4217
3 1702 5733 1703
3 6261 8598 3485
3 6682 7736 4421
3 2362 6179 1944
3 2402 5889 2813
3 5523 6864 926
3 269 6095 267
3 910 5695 323
3 2083 7375 947
3 301 6718 6078
3 6740 8484 4512
3 1876 8756 2605
3 2258 7109 5542
3 646 9051 5025
3 4537 6298 3611
3 4957 6954 636
3 8118 8460 2059
3 3535 8725 8718
3 6838 7580 3292
3 3992 8045 5228
3 5422 8189 679
3 111 7332 6169
3 3864 7441 5647
3 3179 7611 7271
3 2753 7894 6870
3 1551 7523 4431
3 2793 4927 4869
3 5304 6987 2643
3 5469 7873 1595
3 259 7532 2484
3 6524 6959 4190
3 2941 6405 5993
3 5999 8938 3337
3 3254 7549 4148
3 3160 8156 5624
3 3836 7014 6066
3 3268 7717 5545
3 5740 6592 3901
3 2609 5661 1883
3 4001 7360 5119
3 7448 8934 3397
3 2404 7027 5077
3 6512 7984 2973
3 9005 9006 8997
3 4290 5397 3451
3 3954 8016 4499
3 2720 6923 5629
3 3320 6224 5633
3 169 8668 2793
3 277 6755 5186
3 3873 8771 1436
3 3298 6067 2959
3 1914 6488 1912
3 1193 7076 5855
3 1863 4798 137
3 1969 6693 2655
3 5532 5533 271
3 6137 8021 2246
3 1956 6660 5996
3 1879 6723 5434
3 4421 8524 4316
3 4027 8853 8601
3 4829 7587 3190
3 2574 8198 5045
3 1493 7985 1433
3 2083 5419 1577
3 2139 7106 7105
3 5820 7820 3707
3 5869 8429 3643
3 7 8125 8
3 2692 7995 4779
3 3799 6906 2414
3 8432 8771 3620
3 4816 6328 146
3 4745 8416 2716
3 4682 7036 695
3 5237 6947 3359
3 6075 7562 3633
3 3018 5130 3017
3 4152 7964 5134
3 9 7559 1137
3 2448 5203 2449
3 1707 5116 3482
3 5415 6109 1431
3 2041 6750 5424
3 5300 7434 5756
3 112 6640 4774
3 5003 8984 691
3 6555 6671 1957
3 4556 5632 3248
3 5370 5371 3676
3 8611 8827 5016
3 795 6301 1499
3 7437 8908 3751
3 1762 8074 4818
3 2211 8543 76
3 653 6751 5218
3 4124 5525 3146
3 4815 6957 2487
3 339 8172 4475
3 6000 7291 3992
3 4437 6814 3397
3 6618 8665 3139
3 6816 8196 4787
3 4188 6987 5304
3 336 6807 1124
3 4577 7723 1832
3 2400 7418 189
3 5446 7315 282
3 3619 8177 5179
3 3776 6496 4663
3 5449 6612 3674
3 3702 6758 6357
3 3082 4440 3714
3 5197 7987 5941
3 2490 6391 268
3 4196 8356 1867
3 7471 7514 5243
3 5069 5101 3931
3 5800 8381 1826
3 579 8087 2244
3 4784 5114 2576
3 1003 1010 1002
3 3611 6498 6497
3 5657 6012 1322
3 6421 7020 3454
3 4691 9115 3467
3 3546 6070 5365
3 3908 7473 6889
3 2940 6303 5995
3 2349 8229 7792
3 7029 7839 1160
3 6628 6629 3147
3 5164 7987 3330
3 2042 8111 7584
3 1679 6810 2567
3 2410 5953 198
3 5621 9098 8742
3 4579 4581 4301
3 2167 6895 6499
3 1688 8515 6578
3 3622 7565 4760
3 2228 7064 5450
3 5045 8620 3309
3 4154 7611 5355
3 5833 7242 4574
3 5578 7651 4297
3 2075 4999 4319
3 4486 6045 342
3 4236 6475 5598
3 6118 7405 3661
3 5108 8896 3080
3 2042 7624 4938
3 1821 7772 6971
3 6681 8674 4062
3 3621 6061 5329
3 1942 6981 4443
3 3394 7553 5268
3 2491 7087 5571
3 3811 8654 5896
3 5855 7076 3440
3 108 6452 582
3 2806 8363 6431
3 2451 8404 2450
3 1771 6468 2923
3 6022 7765 1372
3 2641 7377 1953
3 5365 6745 3546
3 2700 5565 1690
3 5444 8193 5826
3 2567 6050 1680
3 147 8911 5656
3 5215 8914 4405
3 3664 6594 5331
3 3054 7501 4936
3 2273 7148 4266
3 1172 6054 2165
3 1316 7296 5363
3 5516 8743 6022
3 3312 8648 4569
3 8235 8237 5778
3 1637 6076 999
3 2187 8754 6069
3 3496 5316 4576
3 5564 9098 72
3 1180 8978 1706
3 6486 8596 4815
3 102 514 515
3 5039 7098 3321
3 2805 5297 2804
3 5017 8611 2252
3 2470 7602 3626
3 1695 6539 5922
3 4922 6546 2659
3 3137 5771 3971
3 3330 7987 5197
3 2257 6467 1296
3 2371 6280 176
3 4629 6668 4993
3 1766 6536 1790
3 4764 6163 2995
3 5479 5907 3549
3 2618 6184 3013
3 4052 7677 5931
3 4827 6029 1972
3 6052 8947 4738
3 2007 5751 225
3 76 8543 789
3 3429 7432 5195
3 1841 8199 7806
3 3794 8231 4998
3 6124 7225 5793
3 350 6966 2111
3 3341 8085 4006
3 5428 5429 3253
3 5545 7717 3509
3 5844 6794 3566
3 2440 7666 1421
3 189 6268 2399
3 7760 8765 3956
3 5512 6164 1677
3 2585 8615 5230
3 3468 9069 5250
3 6080 8428 4258
3 3643 7255 5302
3 8208 8210 4734
3 4418 6963 4458
3 6280 8115 176
3 3355 4541 3511
3 4570 8661 7753
3 4797 7569 4275
3 4830 7142 3492
3 2568 6850 1682
3 5450 7064 2231
3 1959 7466 4992
3 1157 6152 1661
3 3253 6334 5428
3 3428 6355 2175
3 6197 8221 4468
3 2252 8611 1289
3 8036 8232 4395
3 3772 7707 6793
3 3423 6871 1678
3 1758 8177 1757
3 2602 5496 5171
3 3338 4612 4173
3 2573 6850 1690
3 2013 6894 2963
3 5049 6656 3326
3 494 7162 2206
3 6239 7073 3739
3 6075 6579 1910
3 5195 7432 1148
3 5395 9044 1663
3 5660 8904 4733
3 2635 6981 1942
3 3890 8747 1986
3 5623 5840 2782
3 7097 7622 3356
3 3555 7471 5243
3 3138 8598 5597
3 6415 6887 3626
3 1731 6607 1729
3 5189 8260 8250
3 2443 5827 2043
3 3280 8560 5894
3 601 7499 2762
3 3324 8647 5143
3 7118 8560 3280
3 3613 7875 7645
3 3778 6506 5846
3 8692 8693 2415
3 5131 6754 2194
3 8327 8343 8267
3 156 6201 1109
3 2447 7564 5119
3 250 8173 1443
3 1167 9067 7039
3 1917 7783 2626
3 4481 8240 8233
3 2659 6546 1977
3 4992 8379 4063
3 5218 6751 3715
3 2368 8899 2369
3 2179 7994 4348
3 5727 5728 3157
3 3989 3990 231
3 5161 6770 4277
3 2330 7272 2322
3 4070 7245 6571
3 6354 7193 2132
3 1874 6108 147
3 3633 7562 6438
3 4098 5682 3612
3 1204 6350 5231
3 3726 6643 6319
3 4753 8842 5852
3 4760 8166 3622
3 3031 6564 2003
3 3211 6471 5232
3 4791 7462 132
3 5136 7345 1698
3 1826 8381 7207
3 6688 8093 254
3 2762 7922 601
3 3326 7174 4997
3 6462 7051 669
3 1817 7204 1304
3 5613 6517 3216
3 415 6966 350
3 1817 7287 5228
3 4182 7595 5722
3 2261 5808 115
3 4804 8857 3798
3 5305 5306 2718
3 5092 8353 6854
3 4716 7474 1734
3 3298 5640 5188
3 3540 7464 5544
3 5395 6712 3569
3 6168 6962 4080
3 4740 6841 6835
3 4589 6302 2640
3 3337 8938 5873
3 6143 6144 3365
3 6547 8793 1881
3 450 4870 2717
3 7231 8554 3196
3 1485 8185 4393
3 3826 7138 6397
3 4015 7683 2634
3 1220 5628 474
3 5174 6285 3684
3 5262 7940 2680
3 240 6078 2463
3 5140 7942 4531
3 4492 6466 5563
3 7066 7157 299
3 3275 7441 3864
3 2736 5585 4590
3 2256 6467 2257
3 911 7422 2981
3 6359 7300 1703
3 7575 7578 7574
3 2955 7259 2380
3 6093 7333 2315
3 4500 8753 3378
3 1646 9078 4712
3 5810 7262 2787
3 3220 5998 5997
3 618 7358 5003
3 7075 8917 7845
3 3165 6372 5330
3 564 4919 4510
3 7933 7934 2019
3 4362 8000 5091
3 5052 6053 4581
3 1177 7359 6885
3 6438 8538 3633
3 8240 8243 8234
3 5537 6025 3244
3 4163 7153 7152
3 5538 7201 2952
3 1380 6910 5611
3 5602 7084 3348
3 2805 7125 5297
3 5593 6713 2828
3 2178 7099 4425
3 3626 6887 6203
3 4292 6473 2685
3 1894 7615 5270
3 4112 8380 4974
3 5167 9069 3468
3 2358 6665 2357
3 6431 7125 2805
3 5593 8602 4014
3 5254 7849 6010
3 5390 8445 3617
3 4991 8549 3577
3 3859 8345 5577
3 4999 6799 3499
3 1420 6335 1112
3 6517 8088 3216
3 2250 8614 4585
3 5407 6369 4102
3 3331 6027 3971
3 3760 7390 6751
3 5253 7842 2804
3 2260 7450 4548
3 4738 8947 3418
3 2563 7461 4720
3 4413 6447 4412
3 4349 6884 3292
3 2770 6188 1363
3 3957 8026 4982
3 2282 9033 7234
3 4658 7458 3977
3 6737 7365 1947
3 6294 6866 3201
3 3658 8033 5324
3 8443 8906 3452
3 2369 8899 5801
3 370 6298 4369
3 8146 8456 6180
3 3588 6825 5029
3 4637 7539 2499
3 6254 6916 2208
3 2611 8793 6547
3 1290 5046 2253
3 4654 7945 7206
3 4395 8232 5377
3 790 7523 1551
3 3208 7209 5729
3 861 6287 897
3 4117 7929 7758
3 2352 6225 2790
3 1394 5327 1889
3 2147 5930 355
3 682 8162 2966
3 4676 8816 3391
3 4849 8980 770
3 5622 6099 4361
3 70 7394 2204
3 5924 7885 3227
3 25 8080 4848
3 4180 8607 6175
3 5618 6962 1770
3 3334 6823 5903
3 6491 8677 3339
3 3657 8481 5660
3 1362 8965 4702
3 3782 6880 2306
3 2450 6667 2451
3 2645 6268 2646
3 8253 8341 8334
3 4110 8160 7918
3 204 8687 4967
3 6006 8944 3553
3 5370 8502 3675
3 2350 8950 1349
3 5635 8491 3637
3 4291 7510 6164
3 1956 7189 1335
3 4144 8572 8571
3 4268 6860 48
3 2409 8426 5164
3 1209 8131 6014
3 1888 5327 1394
3 5005 6599 1243
3 6348 7481 4155
3 5437 5438 3635
3 2716 6083 444
3 4203 7857 4542
3 4768 7035 2662
3 5238 6955 2288
3 5933 6542 3861
3 3535 6343 4134
3 4607 7442 6378
3 6793 7707 4863
3 1451 6295 5468
3 4900 7253 2109
3 8273 8288 8275
3 4893 6258 2487
3 1761 6641 5897
3 2710 8142 7326
3 1601 6771 2133
3 6631 6632 6630
3 2293 6015 1329
3 2051 6272 2049
3 6225 7449 6226
3 5465 8113 3472
3 6048 6964 3400
3 6281 8037 4118
3 3814 7197 5702
3 5255 8597 6437
3 5974 5975 3659
3 3535 8718 8715
3 6697 6738 3889
3 1661 6801 5048
3 3309 8438 5677
3 5225 6323 3507
3 1312 6093 6092
3 3842 8566 4400
3 3173 8827 7086
3 3928 8002 3701
3 62 8472 1705
3 4346 7594 7452
3 272 6542 1471
3 4147 6028 3375
3 2293 7610 136
3 5660 7682 3657
3 3959 8387 1437
3 3745 8557 5610
3 6724 7884 2841
3 5412 7767 3188
3 2245 5383 104
3 5661 6015 2293
3 3250 8977 6071
3 6281 8054 2704
3 15 7238 7237
3 5042 6689 4018
3 2432 8415 221
3 6400 6506 3778
3 97 7317 5440
3 2591 6112 2590
3 1908 6580 5619
3 3443 6012 5657
3 6599 7032 1242
3 2603 7020 4566
3 7647 7773 1829
3 1472 7004 2510
3 5866 8795 3775
3 3198 7758 7446
3 2262 7291 6000
3 2453 7712 236
3 7769 7770 4000
3 3352 6870 6137
3 5861 6662 356
3 3737 6580 6579
3 4115 7685 6448
3 4570 6858 6854
3 7346 7667 2797
3 4539 6795 3314
3 4266 7282 2273
3 526 8796 2729
3 795 1500 2506
3 6058 7309 687
3 6285 8197 1404
3 3889 6430 3364
3 2521 6711 4220
3 5531 7297 3317
3 3533 7329 5248
3 1890 8793 2611
3 4889 5868 3666
3 3821 5380 4342
3 3845 7811 5550
3 3557 6575 5484
3 4871 7285 2367
3 4300 7056 1462
3 1251 6375 6369
3 2580 6607 1731
3 6026 7012 1768
3 4958 6391 2490
3 5168 7964 4152
3 4976 7134 3460
3 126 9042 6694
3 1172 9117 6054
3 3168 7145 5081
3 4032 8964 7749
3 1360 6715 1942
3 3895 8600 5574
3 2384 7490 1378
3 1242 7032 5002
3 2450 8404 3859
3 4515 7813 6819
3 2342 7429 6991
3 4055 8120 5333
3 7804 8040 4909
3 6402 8379 4992
3 3687 5537 3244
3 2343 7718 7429
3 4403 6726 1292
3 5490 8175 7715
3 3393 5838 4917
3 8298 8299 8277
3 1372 8847 2375
3 3517 7713 5582
3 2342 6991 164
3 1205 7817 3805
3 4426 5176 3875
3 3620 8771 4923
3 1146 6774 4009
3 3901 8040 7804
3 5048 7417 6940
3 6456 6457 5788
3 2331 7399 4977
3 3630 6047 6046
3 3926 6510 5079
3 5822 6570 242
3 367 6404 32
3 142 8199 141
3 5592 6583 1808
3 3617 7664 5390
3 5293 7117 3468
3 2676 7427 5392
3 2312 8540 5742
3 1831 8158 5328
3 1767 6614 5735
3 5150 6086 1459
3 6602 6889 2403
3 3519 5529 5263
3 4129 6167 5911
3 8742 9098 3718
3 4085 8789 3402
3 3723 8148 6578
3 5627 6787 3206
3 6575 9031 1383
3 7792 8229 4170
3 3583 6754 3401
3 2069 8755 7548
3 209 8016 6090
3 1996 7802 5122
3 6596 8214 4379
3 3230 7160 5150
3 124 6198 1840
3 5937 8014 3585
3 3754 8428 6080
3 3535 6573 6343
3 2848 8772 5271
3 8129 8296 6345
3 4655 4733 3421
3 5030 7831 3588
3 4365 8956 6198
3 4566 7020 6421
3 1882 6425 4593
3 4438 8544 1793
3 2215 7162 494
3 1865 6432 1101
3 4681 8908 7437
3 3292 6884 6838
3 4444 6474 4044
3 1767 8163 1768
3 5718 8686 3189
3 4977 7399 4094
3 1395 7069 2827
3 1223 8187 4780
3 3310 7014 5264
3 1177 6464 1694
3 3244 6059 3687
3 2687 6750 2041
3 5856 8688 2037
3 6210 7327 5536
3 235 7517 7113
3 639 7341 144
3 5539 8449 233
3 216 5931 1408
3 4627 7607 2395
3 3821 6928 4371
3 5035 5343 3457
3 4389 5279 4390
3 4980 5885 3285
3 5433 7793 3962
3 1274 5687 555
3 6097 6098 3409
3 3871 6978 6156
3 3788 8011 5027
3 3272 8179 8136
3 4224 8077 5078
3 6243 7711 3991
3 4154 5355 2776
3 6165 7128 389
3 6562 8566 3842
3 3191 8991 4687
3 4217 7539 2497
3 5382 7553 3394
3 8265 8334 8264
3 4361 6099 459
3 3368 6057 5653
3 474 5628 3628
3 5049 8568 1299
3 6588 6678 3267
3 3530 6604 6603
3 4019 7823 7021
3 5520 8776 663
3 2485 6385 715
3 5081 7613 3222
3 4612 5016 3176
3 2017 5214 3922
3 2703 8076 395
3 1957 6671 2643
3 1210 5962 393
3 3719 5670 4141
3 3383 9080 6892
3 4570 7753 5962
3 1022 6262 1021
3 4998 8473 6220
3 1968 6020 3040
3 3213 8110 4517
3 5647 6452 3864
3 5350 7306 3310
3 4356 8434 137
3 214 6290 6289
3 2225 7491 4789
3 5383 8798 106
3 6397 7138 4489
3 2277 6520 5510
3 6598 7714 3589
3 3485 7202 4976
3 2452 7691 236
3 3764 6898 5817
3 3438 6537 4219
3 1575 6394 57
3 2465 6745 5365
3 3301 5628 4209
3 2485 6157 1453
3 240 6937 2031
3 5576 7285 3323
3 3165 6613 5603
3 3688 5227 4940
3 3055 7501 3054
3 3431 7674 5580
3 3733 8989 5252
3 5429 7814 3253
3 3216 8088 6450
3 7168 8116 3985
3 2045 8590 5024
3 4035 6419 4034
3 5270 7615 3528
3 2286 8580 4684
3 6859 7344 3175
3 3864 8422 3275
3 1578 9097 6219
3 5396 7610 2293
3 5662 8096 3526
3 5679 6426 4434
3 128 8877 2278
3 3770 7217 5922
3 3891 8695 337
3 2247 5534 105
3 3586 6950 4989
3 5517 8448 1181
3 1378 8191 5142
3 3556 7091 1327
3 4287 9075 8017
3 2364 8805 7252
3 75 6368 2210
3 123 7282 3994
3 2854 8057 2736
3 1734 7474 2572
3 4622 7656 7524
3 3012 6184 2619
3 3942 7783 7429
3 4568 7249 1075
3 3274 7585 4238
3 4817 7532 259
3 5484 6575 1383
3 4890 6472 3392
3 3974 8556 7308
3 4481 8233 6784
3 4651 5130 3018
3 2450 5577 235
3 4163 7731 7153
3 6991 7429 4705
3 5454 5899 1940
3 2369 7473 2368
3 2651 8653 2652
3 475 5871 2996
3 4885 8983 8865
3 2438 7406 231
3 3596 8029 5634
3 6863 7650 3563
3 3082 7041 3081
3 5504 7663 3822
3 3646 8779 5530
3 7669 9046 4320
3 5402 6285 1404
3 1411 8983 5406
3 5164 8426 3587
3 5685 6890 18
3 4375 7063 129
3 4893 7803 2032
3 217 7114 2427
3 263 5495 262
3 5839 9039 4047
3 2575 6443 1695
3 5551 6748 3519
3 717 8460 8118
3 1853 8905 5556
3 136 7610 6446
3 4940 6633 3688
3 6173 8189 3035
3 3951 7431 4657
3 2006 8350 7147
3 82 5694 4755
3 6843 8254 3148
3 1977 8657 2659
3 7287 8842 3616
3 4443 8666 5157
3 5846 6506 3941
3 2662 7000 3834
3 3153 7425 3936
3 3232 7898 7131
3 18 7790 5110
3 1873 7779 6108
3 3527 6951 5132
3 4892 6667 2450
3 1228 8020 7373
3 2811 6247 681
3 3981 6347 3790
3 8260 8291 8250
3 5472 7281 2509
3 4831 6451 2145
3 4790 7456 3966
3 1879 8649 624
3 1386 8178 5766
3 3509 7245 5545
3 5390 7664 3368
3 4709 7325 1929
3 4114 7768 4684
3 6843 8265 8254
3 4781 7379 3537
3 5953 8925 198
3 5144 8388 6014
3 6175 6635 4180
3 3566 9057 4903
3 4903 7504 2596
3 922 6232 5313
3 580 8516 2748
3 5391 8396 4183
3 4875 5745 4006
3 5810 6855 1932
3 3238 7072 6699
3 1726 8141 5764
3 5358 8014 1481
3 3854 8530 3734
3 4338 7032 5005
3 6948 7710 2571
3 3789 7873 5469
3 6407 8430 3706
3 273 7115 2061
3 235 4892 2450
3 1760 6625 2205
3 5234 8380 4112
3 2370 6342 176
3 4250 7891 3766
3 5268 8503 3652
3 3833 7420 6068
3 5025 8051 3668
3 97 8112 98
3 3894 7594 6209
3 4620 7681 6064
3 5424 6750 256
3 5024 6667 2045
3 4612 4628 4173
3 1228 7373 1215
3 5972 6693 1969
3 5127 7596 1432
3 6571 7245 3509
3 6355 8901 3471
3 3261 7819 2647
3 6156 6978 2422
3 5735 8436 1767
3 5459 8122 3207
3 5015 7944 3646
3 1004 8172 339
3 2577 9085 1745
3 6205 8825 4918
3 5623 8951 3557
3 205 5558 3954
3 3608 7724 3243
3 2915 6325 1737
3 4260 9061 6213
3 3372 7157 7156
3 1929 8046 2951
3 5633 6224 4618
3 1768 8163 4814
3 7089 7473 3908
3 4388 6519 5981
3 4793 6704 4183
3 5431 7324 4065
3 5084 7326 4044
3 3061 9091 3060
3 4281 5879 3412
3 3396 7976 6300
3 5815 5816 3523
3 1910 6579 1908
3 5512 8553 1670
3 4431 7523 6515
3 3911 6744 4687
3 7104 8928 2981
3 4306 6313 1358
3 2056 6190 4832
3 6642 6643 3726
3 3330 6901 4971
3 8727 8730 6344
3 5898 7959 2205
3 3196 8554 8156
3 7802 8501 2053
3 1887 6063 4414
3 4428 8966 8535
3 1554 7045 6654
3 2577 7527 6158
3 3449 7474 4716
3 1319 7554 5907
3 3456 8820 1442
3 3425 7160 5126
3 4798 5803 3663
3 4039 7114 6610
3 504 7519 4988
3 5092 7522 2184
3 5393 7985 3822
3 1960 8887 2645
3 4394 6709 1555
3 1145 5709 2991
3 5873 8938 4528
3 2194 6754 3583
3 1446 8099 5106
3 6147 6806 3407
3 2180 7173 5231
3 1415 6523 1110
3 3175 8961 8373
3 99 7241 518
3 1837 7025 584
3 4462 6554 3810
3 4012 9107 8759
3 2595 6266 5969
3 602 1872 1097
3 3353 7471 5103
3 4907 7518 3796
3 5186 7451 2843
3 5159 8459 579
3 3553 8944 6202
3 3635 8683 4460
3 6126 9001 9000
3 8294 8319 8297
3 4429 7482 2649
3 4065 7324 2586
3 3163 8503 5268
3 4747 8112 97
3 3367 8808 4301
3 3313 7404 5689
3 1629 8891 5714
3 2634 6309 5594
3 1351 7864 5544
3 2960 7726 4191
3 3873 5073 4923
3 1890 6549 2608
3 6139 7023 4130
3 1944 8946 6715
3 5056 7357 4564
3 1847 7690 5182
3 2440 5892 232
3 5388 7847 3457
3 6892 9080 4585
3 3469 7972 7711
3 2054 6425 2298
3 3515 8682 6342
3 4613 7975 3979
3 1207 7777 7776
3 4311 7974 3758
3 6393 6899 3463
3 5897 6465 1761
3 6258 6479 1454
3 6311 6948 2570
3 5274 7676 3998
3 396 7913 2703
3 2343 6952 2344
3 3745 5747 3973
3 2378 6462 669
3 4976 7202 3155
3 3382 7660 3821
3 3933 5295 2387
3 1855 7352 6181
3 5248 6410 3533
3 5199 6928 3821
3 3896 7644 4835
3 2371 6508 6280
3 309 9101 6711
3 1577 5419 4894
3 1223 8615 8187
3 110 6600 2253
3 5604 8587 1832
3 2507 6561 6097
3 4018 7500 4847
3 2840 5181 5180
3 4696 8692 3711
3 5952 6497 3240
3 6823 6903 4156
3 4656 6384 2842
3 4336 6936 3799
3 2663 6371 5667
3 2823 8171 7440
3 1146 8804 22
3 519 7891 4250
3 1961 8121 1958
3 7031 7804 5626
3 4564 7357 5908
3 3560 7327 3445
3 1838 8504 1100
3 1367 6503 2367
3 705 6958 258
3 2484 8118 4178
3 2791 6967 5296
3 1775 8388 5144
3 4359 8823 6351
3 3575 7293 6270
3 2439 4968 3522
3 5258 7807 3731
3 7297 8781 3317
3 3478 8689 4426
3 2748 6721 580
3 3296 7515 6195
3 6399 8699 4474
3 1520 5813 1519
3 6651 6652 3279
3 3020 6855 3019
3 185 7975 2393
3 1829 7773 6032
3 2922 5881 3481
3 4048 7855 1154
3 4799 8963 5716
3 5616 8917 7750
3 4599 7495 2608
3 5631 6301 2852
3 5463 7318 3458
3 3445 7327 1320
3 3814 7563 7197
3 2445 7506 252
3 2643 6671 6670
3 6054 9117 4718
3 648 7262 1932
3 3721 6308 6159
3 3267 5973 5545
3 6504 8594 4876
3 8601 8853 5901
3 5177 7358 2288
3 6021 6055 1623
3 3028 5492 5423
3 4118 6860 4268
3 1273 7148 6092
3 1230 5885 4980
3 5678 7363 1467
3 3288 7841 6051
3 1404 8197 6979
3 2275 6389 126
3 5804 7468 3730
3 7506 7507 1447
3 2737 7990 5318
3 3753 7235 2782
3 3731 7159 5258
3 6984 7414 3710
3 2068 6755 6253
3 4294 7609 5586
3 3414 6312 4667
3 1736 7279 4053
3 824 6846 5772
3 549 7320 4529
3 7264 7997 4247
3 2384 6550 1993
3 6161 8194 4331
3 1461 7299 5571
3 4464 8192 5766
3 5854 7049 4037
3 249 6806 6147
3 3420 7832 4379
3 3218 8583 5514
3 7711 7972 3991
3 4995 8802 3699
3 1684 6810 2569
3 4031 8600 7004
3 5954 8882 4375
3 5355 7611 4423
3 1670 7511 4291
3 5340 6134 5337
3 3843 8533 383
3 5543 7668 2748
3 1424 6611 6610
3 3677 6239 4134
3 5634 8029 3353
3 3988 8050 6077
3 4829 6381 3705
3 5286 8482 3833
3 7132 7216 3935
3 6066 6877 1871
3 5966 7984 4111
3 6183 7819 3261
3 5022 8168 2644
3 4525 6771 1601
3 5688 7687 4404
3 1397 6072 4153
3 2614 9037 2940
3 2 7039 2175
3 4686 7542 3433
3 5702 7197 3153
3 5110 7790 4297
3 3611 6497 5952
3 6288 6990 4935
3 4981 8662 7133
3 3398 6365 6027
3 4853 7110 5014
3 912 5170 2082
3 2934 5798 2933
3 8997 9006 6126
3 3378 5076 4500
3 1978 8860 5329
3 2977 9082 4897
3 6591 8360 5364
3 6793 7278 3772
3 4205 7392 5514
3 5605 6429 1349
3 1230 6527 6526
3 166 6534 5354
3 4938 7624 6645
3 2253 5652 110
3 5168 8499 3245
3 1839 8034 5036
3 4406 8123 1686
3 4177 6341 3313
3 3493 7921 5913
3 4879 8459 5159
3 4422 6952 2343
3 3571 6738 4735
3 4077 8050 3217
3 5400 5548 3854
3 5571 7299 4133
3 1385 5854 5559
3 2883 7916 5730
3 4307 5781 5776
3 4481 8269 8246
3 6282 8422 3864
3 2288 7358 618
3 8518 8558 1311
3 3214 7442 6865
3 6401 7426 2374
3 1570 8061 805
3 3843 9109 5437
3 4001 8913 5068
3 213 7807 5258
3 207 5908 1412
3 6398 7055 3642
3 4946 9103 6664
3 4074 8124 5514
3 8767 8768 339
3 7407 7408 2055
3 5705 8850 2656
3 3946 5451 2624
3 3411 6594 5879
3 7429 7783 4705
3 27 7230 5943
3 5562 7459 3654
3 3679 8976 4071
3 105 5534 2245
3 2441 5491 2442
3 1440 7258 2033
3 4629 6669 6668
3 5020 7255 3643
3 3372 7172 5219
3 4352 7134 3598
3 3385 7909 3221
3 4903 9026 5417
3 4266 7148 1273
3 267 7087 269
3 683 6713 2673
3 3623 7414 6984
3 4912 7170 2039
3 5669 9052 4204
3 1802 7590 4513
3 948 7375 2531
3 7182 7768 5089
3 2344 7718 2343
3 1755 8632 1756
3 5780 7225 7223
3 2022 7322 6356
3 6556 7149 3458
3 4533 5188 2676
3 2427 7316 217
3 5284 8604 2387
3 1882 6549 2297
3 5624 8554 7232
3 2975 8471 2068
3 1476 5344 276
3 1990 8135 6360
3 3757 7143 5032
3 790 8907 3790
3 5384 8528 481
3 2992 5294 4594
3 7233 8554 7231
3 3545 5821 5456
3 6792 7313 4668
3 4663 8227 4195
3 3537 7379 5869
3 3392 7674 5401
3 6896 9119 4261
3 5316 8792 3090
3 3766 7619 4250
3 1304 6476 1817
3 1927 7639 6582
3 1736 6634 4788
3 5571 7087 1461
3 2972 6935 275
3 2387 8604 183
3 1930 6348 3021
3 3937 7551 6839
3 5495 6747 262
3 6805 7146 4836
3 6685 6686 5536
3 6271 7144 2477
3 3315 7878 7403
3 793 8058 2223
3 3233 8397 6381
3 3475 6836 5266
3 4294 8508 7181
3 5779 7184 6124
3 3622 6867 5877
3 4400 8566 1665
3 3783 9092 2942
3 3984 9043 3370
3 3766 9069 5167
3 1778 5963 503
3 3153 8165 5702
3 3939 8406 2927
3 2673 6713 5593
3 5142 8191 2299
3 2782 7235 2781
3 3697 6676 3696
3 6690 7678 687
3 7086 8444 3450
3 2669 8603 5236
3 1173 8780 5175
3 2932 8953 1814
3 3788 6585 5206
3 3684 5402 5261
3 5284 6091 3508
3 73 8126 3999
3 3260 8413 4453
3 4121 7552 5277
3 4855 6024 1844
3 172 8633 6493
3 3170 8561 5514
3 7039 9067 2175
3 308 8505 6532
3 4610 7871 3449
3 3834 7947 144
3 4432 7120 3491
3 8238 8292 8290
3 5799 7169 3234
3 5058 8601 2826
3 3387 8697 7292
3 5181 6875 1490
3 2644 8121 5022
3 2912 7253 4900
3 6561 6753 3410
3 1682 6387 5215
3 3818 8495 5204
3 2615 6836 5311
3 4031 7004 7003
3 1682 7645 2568
3 2381 7831 5030
3 2624 8379 2623
3 3235 5774 5333
3 4975 8129 3150
3 3878 7584 5119
3 5924 7080 3952
3 4333 8162 2673
3 3482 7163 1707
3 4069 6753 6561
3 2719 9046 64
3 2626 8229 1917
3 3677 5185 3536
3 6257 6258 1454
3 1349 6008 2350
3 1140 8566 6562
3 3416 6924 5599
3 2330 5595 5132
3 3186 6506 6400
3 2965 6208 1103
3 5764 8630 3199
3 129 7063 4494
3 3013 6921 2618
3 8267 8326 8261
3 1478 6426 2064
3 3818 7710 6948
3 5031 7945 3708
3 636 6954 2780
3 3297 8011 5499
3 4820 5895 2951
3 5821 6675 2628
3 248 6056 4904
3 3616 6857 5723
3 1958 8884 1961
3 4549 8496 713
3 5802 6396 5609
3 4453 8490 4602
3 3655 7428 5309
3 4358 8097 5708
3 1708 7284 7283
3 4007 4008 2217
3 4045 4919 564
3 4961 6519 1685
3 8187 8615 2585
3 5250 9069 3766
3 3042 7793 5433
3 3862 9110 3568
3 3344 7137 4237
3 5189 8310 7865
3 7234 9033 1836
3 5786 5790 3595
3 1685 6519 4388
3 4149 6782 6747
3 2383 7537 2805
3 3263 8486 3735
3 4974 7641 4112
3 6562 7559 9
3 3822 7116 5393
3 6595 7123 3563
3 3615 5429 5428
3 4452 7216 7132
3 2741 7573 7572
3 7631 9030 6538
3 4152 7550 5168
3 2355 7538 5863
3 4835 7644 3320
3 2282 8919 5307
3 3829 7106 4638
3 7452 7594 3894
3 5579 6874 2471
3 3184 8616 4864
3 1176 7165 2912
3 7854 8414 3976
3 2655 6882 1970
3 3921 6808 5066
3 3148 6365 5555
3 3494 7334 6187
3 681 6927 2811
3 4338 8754 5011
3 5580 7674 3392
3 7035 8412 3549
3 1519 7250 4382
3 1382 7435 2396
3 1969 6989 5972
3 2000 7872 4874
3 4924 9097 1578
3 220 8435 1409
3 4536 8775 3558
3 5704 6934 3868
3 4453 8413 2199
3 5517 5641 3635
3 4417 8707 4272
3 5165 8592 3413
3 4372 8449 5539
3 2481 6645 257
3 3789 7199 5730
3 7647 7764 4527
3 4492 6850 2568
3 8769 8770 3838
3 4213 4677 377
3 6471 7217 3770
3 1397 7443 3785
3 4287 8017 3669
3 1641 6451 2547
3 7757 8396 2494
3 4928 8838 3431
3 3460 6333 3294
3 2943 8595 1869
3 2327 7401 7298
3 2432 8435 220
3 6953 8004 3969
3 3581 6840 5703
3 1932 7262 5810
3 6374 8605 32
3 5111 6351 4241
3 7942 8881 6664
3 6566 6890 5685
3 5645 8188 2372
3 373 7859 6666
3 1469 8757 5678
3 5233 8996 4332
3 4944 9100 6404
3 2217 5288 5287
3 200 7347 6522
3 2343 7429 2342
3 3345 8183 4832
3 5384 7895 482
3 4411 8086 140
3 3631 7058 6822
3 3924 7553 5382
3 2212 8032 2194
3 4896 5943 3295
3 3616 8059 5228
3 2057 8402 2059
3 5439 7913 396
3 4447 6952 4422
3 3079 8896 4959
3 5098 7756 5099
3 1431 6109 6062
3 1175 8531 4051
3 5160 5455 3692
3 3802 8939 5121
3 3662 7503 4213
3 3876 7264 2335
3 5222 6803 4141
3 4482 5696 3137
3 4822 5874 2017
3 8322 8323 8273
3 3460 8778 4976
3 4521 8055 5149
3 3756 7872 5133
3 3054 6449 3053
3 4854 6949 5014
3 3587 7987 5164
3 37 5934 3842
3 1685 6692 1680
3 2186 6757 1650
3 3392 6472 5580
3 6911 7921 3791
3 2456 6842 6299
3 4803 6896 6459
3 5983 7921 3493
3 3547 8971 303
3 6793 7957 3182
3 500 6689 441
3 3609 6787 5627
3 8141 8630 5764
3 7576 7737 7578
3 3934 8843 5619
3 2291 8355 1989
3 6028 6914 3375
3 7661 8119 4881
3 3536 6730 3677
3 3293 7847 5388
3 6397 7699 3826
3 5817 6898 679
3 4662 8992 7483
3 5119 7564 3878
3 7383 7388 7385
3 3816 6648 6114
3 1141 6623 17
3 3756 6790 4874
3 3288 6051 4543
3 6195 8864 3296
3 4712 9078 4309
3 1289 7560 3338
3 938 7011 1571
3 6032 8041 1829
3 5877 8025 3622
3 98 7317 97
3 2488 6307 2479
3 1459 9070 7166
3 4684 8580 4114
3 3752 8968 7747
3 1096 7111 2938
3 5500 8230 2870
3 4384 8411 5752
3 2008 7887 6514
3 2804 7842 4318
3 1745 9085 1725
3 2003 8894 8384
3 4710 8645 4665
3 4648 7006 2483
3 2626 7783 5247
3 187 7378 5103
3 2670 8603 2669
3 236 7691 2453
3 13 6531 365
3 1167 7039 2179
3 2339 8936 6557
3 4072 8546 3680
3 6781 6782 4149
3 715 7614 4828
3 7918 8160 3357
3 3334 6903 6823
3 20 6680 1135
3 1295 7350 2268
3 4415 9087 6939
3 2608 8793 1890
3 5115 7406 2438
3 3471 8901 5643
3 1999 8830 2668
3 1961 8884 2646
3 3391 8816 5019
3 3828 6030 5314
3 183 8604 5145
3 5158 6679 4366
3 3462 4059 3561
3 5627 7642 3609
3 2743 6934 1791
3 5312 8450 3325
3 2804 8423 1385
3 3294 8778 3460
3 1335 6329 5304
3 2589 8045 8044
3 6114 6648 4119
3 6335 8196 1112
3 1212 6516 1741
3 5818 6554 1848
3 3541 8150 6255
3 128 7960 6520
3 5375 8637 3465
3 218 7445 2429
3 7350 7351 3639
3 6567 6568 544
3 4814 5632 1768
3 4044 7920 4444
3 5754 6904 4133
3 4237 7604 6122
3 4769 7481 649
3 6027 7012 6026
3 6351 8823 4241
3 1305 6096 1808
3 3607 7239 4609
3 383 8533 6757
3 3944 7321 2335
3 2454 8897 4328
3 1206 8094 6387
3 395 8076 1080
3 3904 6852 5745
3 5579 7900 3648
3 5636 8366 3597
3 5405 7029 3701
3 6949 8890 4853
3 5315 7824 4518
3 5998 8065 3157
3 3909 8927 7991
3 6665 7832 3420
3 655 6918 1925
3 1294 8507 5049
3 4211 6923 2720
3 20 8948 6480
3 1707 5413 3696
3 4866 8928 1237
3 2648 8143 7081
3 7782 7992 3879
3 67 7349 5148
3 3836 6066 4823
3 6584 8124 4455
3 197 7635 5875
3 4328 8584 2454
3 2389 5465 5464
3 1683 6783 2569
3 4690 9071 3542
3 4426 8689 6360
3 4490 7420 3833
3 1739 7652 3562
3 4762 7927 3194
3 3236 8040 6592
3 3962 6541 5433
3 2519 7999 307
3 235 7113 2449
3 2922 8796 526
3 2259 7830 2262
3 1281 8973 2246
3 1944 6715 1360
3 5367 5609 5366
3 4710 5747 3221
3 3449 7871 5880
3 2949 7464 5757
3 4037 7961 1985
3 5032 7472 3757
3 5585 5876 2844
3 5716 8427 1173
3 3806 5927 4955
3 3511 7558 3355
3 3181 8174 7313
3 7388 8957 7385
3 310 5079 4955
3 5667 7196 2026
3 2981 7422 6776
3 6199 8741 7177
3 1761 6465 1225
3 5082 7530 3871
3 6255 6821 3541
3 4689 8575 1294
3 1498 7523 790
3 129 6920 2278
3 5174 8675 2423
3 1744 8926 7969
3 307 6532 1511
3 4955 6510 3806
3 5680 8160 4110
3 2357 6796 2356
3 4795 6838 6828
3 5484 7970 4484
3 4565 8012 4601
3 6866 7176 3158
3 232 6841 2440
3 3728 8674 6681
3 2036 8116 7168
3 4330 7416 1540
3 1021 8106 6361
3 4272 4419 4417
3 243 7602 2470
3 5656 7618 2310
3 2623 8379 6402
3 5406 8983 2428
3 5690 8636 35
3 3904 8594 3342
3 1385 5262 5253
3 7328 7431 3951
3 1848 6554 1328
3 2841 8640 722
3 1904 8856 5326
3 2559 6758 1647
3 3867 6318 5443
3 3144 7038 6250
3 115 5688 5542
3 4430 6479 2032
3 6181 7352 3968
3 7332 8789 4085
3 5208 8487 3271
3 1168 7031 5626
3 3721 6159 5139
3 9054 9055 4484
3 3568 8481 4531
3 5505 7335 1950
3 1698 7345 6442
3 5996 7354 7189
3 3384 8588 5125
3 4027 8601 5058
3 6574 7950 3390
3 3494 6187 2721
3 155 7735 4450
3 3204 6594 6227
3 2609 6015 5661
3 2981 8928 5695
3 3460 7134 3673
3 5885 7301 1235
3 5550 7811 3259
3 6413 8483 4764
3 4849 6245 3653
3 5488 7101 3189
3 6188 8805 2364
3 4048 6322 4762
3 1340 8392 7302
3 2596 6943 4903
3 3674 8873 5449
3 5265 7815 7060
3 3477 8414 8230
3 6363 8177 3619
3 4725 8360 6591
3 6828 6838 2479
3 5638 6908 2864
3 170 9074 2359
3 8708 8717 7074
3 3067 7597 5060
3 6854 6858 3691
3 2396 7435 5634
3 6113 6897 3708
3 6581 7458 3340
3 8314 8318 8310
3 2934 6070 5798
3 6002 8146 3878
3 5168 7550 1982
3 5514 7392 4074
3 6546 6968 1977
3 5913 7704 3493
3 4087 8619 6442
3 3235 7563 5774
3 2288 6955 134
3 43 7479 2182
3 3962 7943 5077
3 4536 6802 5578
3 4245 4826 1204
3 5449 6659 3374
3 2403 6889 2404
3 1478 7889 6426
3 3822 7663 7116
3 3957 6881 6406
3 5632 6026 1768
3 224 6936 6798
3 165 7024 2345
3 1162 7304 1137
3 6116 7221 4194
3 3250 8781 7297
3 231 7406 4967
3 4150 8382 4597
3 8351 8352 3606
3 5560 8392 151
3 6819 7813 466
3 259 7893 4817
3 7363 8651 4616
3 1961 7418 2400
3 2453 7691 2454
3 6403 7883 5651
3 6360 8689 3955
3 5377 7305 2722
3 3383 6892 6121
3 5985 8204 4376
3 6753 8152 5220
3 1726 5764 4809
3 1984 7049 1388
3 3170 8124 6584
3 6411 8186 5015
3 6992 6995 5782
3 6133 6418 1235
3 4390 7231 4389
3 3577 7436 4920
3 4978 8414 7854
3 3793 9088 5285
3 5480 7401 2327
3 5635 7719 6752
3 3454 7460 5137
3 22 6876 21
3 9014 9015 9013
3 3239 6897 6113
3 2758 6739 596
3 3682 8653 5432
3 805 6511 1570
3 1821 6971 2730
3 4287 5411 5410
3 5568 6168 4080
3 4165 7153 4160
3 574 6646 2745
3 3974 8790 8557
3 1137 7304 6812
3 497 8126 73
3 3733 8470 4276
3 5894 8560 3923
3 5422 6211 3034
3 2459 7247 4496
3 5287 6138 2217
3 679 8189 2808
3 197 8426 2409
3 5469 7199 3789
3 6433 8966 4428
3 3931 6712 5395
3 3402 7697 4085
3 3341 7017 6544
3 4808 7155 2316
3 5651 8854 6403
3 5727 8065 3466
3 5248 7329 2965
3 3251 7525 7524
3 7081 8143 1962
3 7396 7980 5844
3 3322 7098 5039
3 4886 8436 3887
3 528 6708 2731
3 3115 8120 4055
3 6357 6758 2559
3 7144 8098 3869
3 4442 6326 4845
3 2736 5876 5585
3 5713 6136 4829
3 1899 6223 4519
3 6159 6308 4123
3 7778 7810 3160
3 3717 8369 6570
3 5352 8620 4228
3 6740 7266 4151
3 170 7139 2358
3 3342 8821 4357
3 2306 7907 1960
3 40 7099 2178
3 5942 7868 3795
3 6532 8505 2861
3 6491 7816 4501
3 3763 5037 2860
3 4845 6222 3933
3 6607 6638 2578
3 6106 6683 3837
3 6377 8903 1332
3 8434 8650 4414
3 5561 7571 4349
3 6346 8744 1838
3 2757 8952 4534
3 578 7294 577
3 6875 7516 1490
3 4259 8776 5520
3 3010 7968 3009
3 8466 8833 2057
3 5745 6852 3341
3 3766 7450 5250
3 1164 9052 5669
3 830 7982 2122
3 3432 6868 4937
3 6455 7722 6456
3 5180 7254 4846
3 3783 5706 4853
3 5908 7042 4564
3 6385 7739 1423
3 6130 9000 6131
3 3727 5211 4704
3 3924 6899 6393
3 1846 6943 1847
3 1660 9023 6416
3 2761 8595 2943
3 4136 4875 4006
3 3963 6221 4640
3 4164 7732 5299
3 3916 6480 5294
3 3232 7131 6197
3 3960 6277 1664
3 6014 7140 1209
3 623 8569 1879
3 4764 8483 6163
3 5905 7509 4028
3 3947 5362 4319
3 6489 7675 4551
3 3863 7355 2240
3 24 6867 6481
3 4559 7249 4568
3 4102 6375 1494
3 261 6851 6486
3 204 7699 6397
3 3672 6695 5551
3 5611 6910 3555
3 3147 8149 6628
3 2032 6479 4893
3 3859 5274 3998
3 4102 7750 3548
3 5788 5790 5786
3 4160 6111 3304
3 5410 9075 4287
3 6768 7533 6765
3 6717 6985 3713
3 8736 8737 8711
3 3558 8560 7118
3 5993 8356 2939
3 5538 6362 3022
3 7131 7898 4488
3 148 7618 5656
3 686 6615 694
3 5689 7404 3643
3 3191 8699 6399
3 182 8420 3848
3 8721 8734 8731
3 4786 7812 103
3 5950 8523 5386
3 4359 7348 3572
3 4116 4487 2880
3 3455 5353 5226
3 3233 6135 6134
3 4099 5682 4990
3 1976 9064 5408
3 1332 8100 5965
3 5121 8898 3802
3 7741 7742 6553
3 5550 8101 3845
3 3062 4601 1606
3 5171 7634 2602
3 4503 5306 1203
3 49 7470 5910
3 272 7005 7002
3 5446 8231 7315
3 3666 5947 4889
3 4302 6793 3182
3 5601 6576 3447
3 5362 8741 310
3 3933 6162 5295
3 2881 6893 1597
3 4144 8574 8573
3 3992 7291 4882
3 2802 6323 5225
3 3619 6440 6363
3 2719 8926 6325
3 3720 7742 7741
3 9125 9126 2323
3 6439 8961 3175
3 4805 7582 3311
3 5962 7753 394
3 3568 9110 8904
3 2955 8898 5121
3 5842 7158 3884
3 1637 7485 5312
3 6318 6788 3269
3 2809 8192 4464
3 5094 8412 2377
3 6403 8174 3181
3 7246 8444 5046
3 5729 9074 170
3 2662 7035 2661
3 2249 8358 6423
3 6074 6600 126
3 4319 9104 4220
3 5588 6557 3564
3 3848 7221 6292
3 4334 5257 2910
3 4946 8670 6778
3 595 8059 5723
3 5741 7377 2639
3 6796 7965 3715
3 5303 6842 1429
3 1181 8448 6392
3 6141 7094 1722
3 1338 7015 2784
3 2699 7016 5589
3 2569 6811 1683
3 4125 7630 3704
3 138 7280 5674
3 6610 7114 3826
3 2644 8512 1958
3 2404 7943 2403
3 3941 7653 5846
3 3056 7502 3055
3 4053 7446 5493
3 4475 6176 3709
3 6459 6896 3617
3 1443 8173 3091
3 2716 8416 6083
3 2499 6301 5631
3 244 7900 5579
3 2985 6185 4159
3 5447 7322 2678
3 3080 8896 3079
3 2240 7355 97
3 5006 8399 3776
3 5085 7304 1162
3 5488 8017 7101
3 4412 6115 1820
3 5940 7478 3156
3 1330 6794 5844
3 2191 6590 5439
3 3768 8943 7062
3 274 6935 4717
3 4241 8823 3318
3 2448 7009 5203
3 5626 7214 1170
3 8256 8308 8265
3 3699 7411 4995
3 5554 7242 3193
3 1314 9124 558
3 5589 7016 4474
3 5689 7931 3313
3 5636 6513 1426
3 741 8841 5598
3 5708 8097 3166
3 3255 8890 6949
3 3534 8296 8129
3 5499 8011 3788
3 7454 7455 4185
3 5154 6998 3870
3 4373 7424 7197
3 6626 6945 4021
3 3857 8747 3890
3 5420 8528 4198
3 6697 8008 3159
3 1886 7280 2610
3 5018 6208 2965
3 6614 7257 3661
3 115 7109 2261
3 481 8528 5420
3 1164 6744 4607
3 1847 6983 1846
3 6975 7834 5320
3 2478 6436 712
3 7589 8527 4385
3 2253 6600 6074
3 6814 8889 3397
3 2735 7846 4466
3 6902 7691 2452
3 4608 8883 3159
3 6479 7467 1454
3 4596 8540 2312
3 3637 8491 5996
3 3770 6539 6305
3 56 7561 1483
3 5708 6522 3349
3 5392 8971 3547
3 2261 7109 5347
3 5184 8073 746
3 3757 7472 6509
3 5249 5813 1520
3 6505 6530 1138
3 1979 8941 2661
3 2745 6646 5328
3 3228 8930 5266
3 4039 7692 5024
3 3220 7908 5471
3 2571 8475 1730
3 6705 8841 2846
3 5541 8117 3751
3 5890 6461 3882
3 3788 7538 5499
3 2570 7463 1732
3 5167 7619 3766
3 5922 7217 4202
3 1837 8763 6944
3 875 6605 4732
3 2281 8137 7213
3 7116 8762 3670
3 2794 8549 5430
3 1946 5994 5516
3 2989 5325 30
3 3912 8936 5990
3 2813 6970 5018
3 4620 8497 3621
3 3309 8620 5352
3 3362 7745 5394
3 7881 8352 3605
3 627 8650 2776
3 7758 7929 5493
3 31 8613 6658
3 3259 7437 5550
3 3701 8679 5436
3 7483 8992 3979
3 2800 7366 7364
3 4995 7411 2496
3 4216 8740 6725
3 2870 8230 4978
3 6268 7418 2646
3 6598 7330 3198
3 5235 7658 3937
3 5388 7113 3293
3 8393 8950 4491
3 370 8636 5690
3 8291 8316 8250
3 2109 7866 2214
3 258 7343 705
3 4713 9093 2181
3 5356 8949 6733
3 7488 8503 3163
3 5113 6690 2816
3 600 7026 1308
3 1290 8019 5046
3 3670 7281 5472
3 6317 9074 3860
3 2961 8536 6410
3 3467 9115 5728
3 2935 7111 1096
3 4963 6671 3289
3 4936 6449 3054
3 6608 8513 2413
3 2761 7733 2762
3 263 8461 6419
3 5981 6519 3434
3 3787 6485 6372
3 513 5866 530
3 5801 8899 4227
3 3429 7788 5324
3 2748 7668 6746
3 2207 9098 5621
3 972 830 829
3 2036 7168 2684
3 1743 8609 6324
3 3355 5851 3249
3 2702 6099 5622
3 3399 7818 4772
3 2356 7390 1356
3 3161 9039 5839
3 663 8776 2796
3 368 6879 26
3 2671 6559 5397
3 5385 6706 985
3 414 8142 2710
3 5000 8468 6256
3 7833 8803 1534
3 2769 7346 4834
3 509 6609 2211
3 4640 8923 1071
3 5728 9115 3619
3 6552 7742 3720
3 662 7252 6065
3 7040 8053 1159
3 3247 8105 6597
3 7412 8638 5761
3 6218 7671 2411
3 2839 7048 2486
3 4540 7705 3397
3 4687 8991 3911
3 5529 8646 5263
3 6442 7345 4087
3 5550 7437 3751
3 3216 6450 6310
3 8721 8731 8723
3 264 7744 702
3 2021 8758 2817
3 3539 7751 6520
3 4852 6709 3521
3 5978 7030 3967
3 6212 6261 3485
3 5545 6588 3267
3 4364 9041 2747
3 4250 7619 2241
3 5854 8423 1388
3 3751 8117 5550
3 5122 7802 2053
3 4548 7891 519
3 7753 8661 4101
3 8261 8326 8266
3 7514 8029 4476
3 5103 7471 6910
3 5676 6840 3581
3 7004 8600 2510
3 4344 6801 6152
3 41 7173 2180
3 3931 8090 1169
3 2788 5900 5899
3 2527 7689 1564
3 2818 7062 2023
3 7605 7606 267
3 5481 6080 3174
3 6125 9004 7223
3 2574 6464 5675
3 3540 8668 5863
3 5207 5629 3590
3 6098 6956 3167
3 3827 8368 5105
3 2983 7919 387
3 3264 8079 6249
3 2639 7377 5212
3 1953 7377 5741
3 2396 8673 1382
3 3637 6670 4416
3 1733 7345 5136
3 6406 6881 2787
3 5943 7188 1153
3 1423 7170 2830
3 5781 6992 5776
3 6476 7287 1817
3 2303 7806 142
3 4527 7773 7647
3 4970 8586 4329
3 6480 6977 20
3 4582 6053 5052
3 3251 7656 5151
3 8367 9107 4339
3 387 7919 1174
3 5634 7435 3596
3 4664 5809 3039
3 5294 6480 4594
3 271 7096 6724
3 6656 9114 3326
3 1781 8742 2220
3 2757 7204 2589
3 1235 6418 3285
3 1974 7085 688
3 5736 7822 4376
3 2305 7000 6009
3 2612 7142 5964
3 1293 7211 604
3 239 8383 6293
3 67 8619 6749
3 8702 8703 3740
3 1858 6583 5798
3 5212 7377 2641
3 4332 8996 3171
3 6997 7170 1423
3 5312 7485 2127
3 3352 8013 3823
3 4888 8954 1737
3 4067 7158 5842
3 2059 8402 2971
3 3775 8795 5811
3 8250 8314 8310
3 5897 6641 80
3 4772 8366 3399
3 358 7011 5280
3 1917 8872 7877
3 3723 6578 4387
3 2154 5170 913
3 6885 7359 4278
3 6196 7667 3747
3 5823 6357 1079
3 1952 6732 6731
3 5221 6649 4002
3 1941 7489 6761
3 3415 7115 5978
3 2966 6970 682
3 4760 4761 28
3 4597 7467 4150
3 6409 8669 4424
3 3601 8828 6799
3 4141 6905 5222
3 1789 7397 2226
3 3861 8477 5932
3 2643 6987 1957
3 5366 5609 5368
3 5110 7651 1161
3 4800 8925 5953
3 2766 7261 1864
3 2654 6541 6264
3 3461 9063 6334
3 5200 7490 2384
3 6505 7161 1659
3 3479 7477 5425
3 6212 7814 4502
3 1450 8387 2968
3 3935 7805 7132
3 1960 7907 1964
3 3615 6620 5672
3 5166 8650 627
3 8305 8306 8277
3 1822 6869 6411
3 5343 7612 4315
3 2245 8130 105
3 526 6971 2922
3 2055 7179 769
3 3936 8457 8165
3 7102 8441 3265
3 4534 8527 6548
3 4715 6275 3729
3 3541 6821 5737
3 3601 5680 5679
3 2619 8157 3012
3 6137 6870 4024
3 2372 8188 6508
3 6250 8871 3144
3 4171 7997 7264
3 5587 8069 2178
3 5016 7973 3176
3 6204 7221 3848
3 1383 7970 5484
3 5875 8426 197
3 3945 6907 4016
3 5385 6846 6706
3 2552 7093 4525
3 4796 8696 3649
3 1661 7785 1157
3 6297 7345 1733
3 57 6414 5686
3 3631 7402 4446
3 5045 8198 4228
3 4561 7555 4256
3 6271 7275 3724
3 6071 8977 1309
3 2357 6939 2358
3 7590 7591 4513
3 1771 6845 6468
3 5264 7014 3836
3 5613 8659 3671
3 5209 6661 3419
3 5817 8939 3802
3 4824 7730 3719
3 3494 4980 3285
3 3525 8586 6356
3 1877 8960 4325
3 5836 7295 1994
3 7151 8972 3748
3 5298 8386 5985
3 6266 9092 3783
3 2581 8819 6692
3 1971 7977 1973
3 4053 7215 1736
3 3248 8824 5482
3 5690 8348 3771
3 5814 6925 2930
3 4472 8427 5716
3 4342 9060 1322
3 3622 8025 7565
3 4541 7126 3452
3 2165 7192 1172
3 4251 8645 1758
3 7064 8578 3695
3 7218 8159 3780
3 8326 8343 8251
3 4742 8397 5335
3 5763 7194 3574
3 3588 8892 7356
3 6711 9101 2977
3 1832 8587 598
3 5156 7063 4375
3 7359 8035 4278
3 5145 8604 3507
3 6297 7708 6749
3 3471 5643 5642
3 6799 8828 3499
3 5614 8679 3701
3 5499 8811 3297
3 2214 7866 1243
3 3452 6036 4541
3 4799 7348 2910
3 6865 7442 3911
3 4933 7092 3753
3 7510 7511 34
3 7043 8858 1903
3 4408 8511 7764
3 6854 8661 4570
3 1471 8534 7757
3 654 7864 1351
3 6189 6290 214
3 2314 7181 148
3 3378 6408 5076
3 2166 8468 7828
3 6213 6742 1678
3 4841 8018 6445
3 2771 8006 5666
3 4891 8013 3352
3 7044 7825 3187
3 5581 7419 4170
3 153 7272 159
3 1658 5294 2992
3 5775 5781 4307
3 3065 8133 1604
3 6459 7263 4649
3 3758 8174 6403
3 3316 7465 6807
3 1892 7586 4859
3 5467 5893 2528
3 5879 6594 3204
3 6228 8498 6260
3 6467 8575 1296
3 4230 8786 8785
3 5444 6389 2275
3 4581 6053 4301
3 3617 7263 6459
3 2434 7642 5627
3 3310 7306 5453
3 4783 8103 3366
3 3191 7849 5254
3 5390 8837 2562
3 4912 9070 7170
3 2567 6810 6050
3 1396 7247 2458
3 6478 7038 3144
3 5996 6660 3637
3 2784 8697 1338
3 3271 8661 6854
3 6387 8914 5215
3 4551 8898 6489
3 3557 8951 5396
3 6500 7862 3742
3 3714 7041 3082
3 4951 8529 5394
3 4847 7500 3565
3 6407 8494 4103
3 2781 7235 4314
3 6448 7685 4539
3 2580 8819 2581
3 6387 8094 1171
3 3690 8390 8152
3 1832 7723 5604
3 4029 5950 5386
3 4032 7749 7056
3 4315 6655 5343
3 2924 9041 2925
3 8578 8579 3695
3 636 8599 2779
3 5198 8811 3009
3 4422 8633 4447
3 3572 6193 4359
3 3296 6808 3921
3 5078 7931 3098
3 8398 8399 5202
3 1175 6461 5890
3 8230 8414 4978
3 4085 7697 4939
3 4276 8989 3733
3 1731 8361 7914
3 3318 8591 4241
3 8299 8319 8294
3 5347 8063 2261
3 3642 6937 6398
3 3856 8951 8539
3 2412 8830 201
3 5603 6613 3734
3 1511 8794 3076
3 2366 8949 4962
3 7577 7578 7575
3 3977 8902 6767
3 163 7752 1381
3 4481 8246 8240
3 1693 8606 5497
3 110 6601 6600
3 3590 7330 6598
3 3313 8077 4177
3 4181 8133 3065
3 3942 5456 5247
3 4644 7037 692
3 125 7286 2274
3 347 6931 1621
3 2928 7557 1297
3 5014 6949 4853
3 2274 8357 125
3 6240 7310 3985
3 5344 5938 276
3 4788 6634 1751
3 3714 4440 4439
3 3833 7448 5286
3 3930 8931 7417
3 3870 6998 5155
3 6140 8930 3228
3 7952 8419 7950
3 1201 8875 7776
3 6841 7666 2440
3 2528 8532 320
3 5314 7953 3828
3 8780 8981 1196
3 5117 7186 7121
3 5857 7618 148
3 926 6864 927
3 5798 6583 2933
3 796 5631 2852
3 2860 5037 4700
3 1815 7863 5960
3 6658 8613 3287
3 3258 7715 6218
3 3619 9115 8895
3 3948 6536 5744
3 5853 7876 3380
3 4877 8971 5392
3 1157 8916 7565
3 3224 8386 5298
3 6100 8236 5778
3 3777 8949 2366
3 4178 8118 2971
3 7113 7517 3293
3 1174 7919 5865
3 6997 9056 2039
3 5923 8921 1865
3 5830 8787 4283
3 5926 7346 2769
3 719 6597 5460
3 6383 7583 3190
3 5509 8391 2366
3 4382 7250 1615
3 3814 7242 5554
3 6274 6673 3470
3 6209 8202 3259
3 1292 6726 2588
3 3435 8182 6907
3 3828 8850 5705
3 3514 6938 6662
3 4724 6244 3811
3 2269 7428 1868
3 1119 8102 3061
3 7251 7640 690
3 5412 8473 4148
3 3589 7714 7649
3 7088 7536 3144
3 4416 6670 4963
3 1445 7571 2489
3 1107 6566 36
3 2382 7797 2027
3 1171 8094 2184
3 2333 5750 4174
3 3644 8632 7080
3 1217 6261 4502
3 4120 8202 6209
3 4460 8683 2563
3 5541 7710 3818
3 2972 4846 4138
3 3065 6999 4181
3 6459 8924 1205
3 5197 7469 3330
3 5721 7529 5720
3 6905 7740 4142
3 3575 6270 5067
3 4375 8558 5156
3 4989 7967 4064
3 1989 8355 5664
3 2563 8022 7461
3 25 6980 5195
3 309 6711 2521
3 1465 7676 230
3 3320 8403 4835
3 4051 6461 1175
3 4144 6634 1736
3 4803 6459 1205
3 44 7684 6207
3 1297 8440 2928
3 3340 7800 6581
3 3945 8937 6612
3 4380 7368 6105
3 6579 6580 1908
3 3806 7856 5927
3 3580 6946 6310
3 6283 6672 3646
3 5598 8841 4236
3 2338 8936 2339
3 6315 6590 2988
3 1914 7923 6488
3 7329 7413 2010
3 1236 8416 1174
3 5800 8086 4411
3 6530 6531 13
3 4776 6950 3586
3 1621 7945 5031
3 5681 7380 6676
3 2487 6957 4913
3 5231 8567 1204
3 2168 7421 6296
3 2246 7444 1281
3 4193 6830 4891
3 5400 6613 3165
3 2808 8939 5817
3 2359 7325 170
3 3654 7459 5091
3 1276 7371 2599
3 2353 7629 651
3 5185 6343 3534
3 4946 8881 8670
3 3922 8433 2017
3 5907 7554 3549
3 3905 7055 6398
3 4247 7997 7018
3 8252 8268 8260
3 8726 8732 6344
3 6624 7259 1387
3 2575 8791 1696
3 1616 7888 6054
3 6134 6135 5337
3 1938 8950 2350
3 2290 7595 1850
3 1274 9122 5687
3 6548 9112 5125
3 7798 7803 720
3 5772 6846 3068
3 4611 6622 1820
3 6361 7249 4559
3 1239 8521 7033
3 3090 8792 3089
3 2356 7843 2357
3 831 4856 832
3 3911 8991 6399
3 6544 8085 3341
3 1927 6582 4920
3 3989 5323 701
3 3763 7608 5037
3 1982 7550 678
3 3353 8029 7514
3 5297 7125 680
3 5466 7609 4294
3 1871 6878 1838
3 1786 4167 4166
3 7969 8926 64
3 7784 8042 1482
3 3627 6707 4641
3 5752 8411 462
3 5637 7061 3698
3 3520 6679 5158
3 689 8462 2819
3 6008 8453 2350
3 1241 8532 8032
3 1019 7068 1020
3 6450 8088 4026
3 300 7598 1452
3 3821 7660 5199
3 4550 7409 5098
3 2273 7336 2926
3 3758 6403 4311
3 2184 7522 1171
3 4668 8469 3493
3 5076 6408 2383
3 3141 6738 6697
3 4620 6064 3556
3 1642 5566 3107
3 2040 7966 2686
3 3188 7767 5942
3 6068 8934 3833
3 714 6875 5181
3 7000 7947 3834
3 2289 6969 6968
3 5013 7102 3972
3 6103 6589 6128
3 28 8166 4760
3 7572 7573 560
3 2646 7418 1961
3 7299 7659 4133
3 1169 6352 3930
3 5228 8059 6000
3 4681 8202 7981
3 389 7128 390
3 5803 7586 3663
3 3998 8345 3859
3 1046 6908 5638
3 2053 8501 1365
3 1707 7163 5413
3 4028 8178 5905
3 6347 7795 3329
3 2562 8445 5390
3 2912 7903 1176
3 2953 5895 4820
3 4682 8681 7036
3 2767 6739 6545
3 6000 8059 595
3 4965 7848 70
3 2972 5348 4846
3 4568 6435 4559
3 3555 8410 5611
3 5497 8606 3652
3 3224 8117 5541
3 308 7416 2863
3 2644 8168 1959
3 1958 8121 2644
3 5024 8942 4039
3 1929 9059 8046
3 3809 8751 6401
3 5236 5492 2669
3 3429 8522 7432
3 131 8137 2281
3 5698 6663 5701
3 5058 7743 4027
3 4232 5495 3950
3 3380 7876 5561
3 1118 7538 2355
3 3563 7311 5834
3 6256 8070 2213
3 7267 8121 1961
3 5175 7780 4799
3 5786 6455 5788
3 6032 8624 5808
3 3848 8420 6204
3 6724 7096 3732
3 5392 7427 3379
3 2340 7194 2339
3 3381 7569 5519
3 3782 7354 2947
3 3540 5544 4927
3 4967 8687 7915
3 1736 7215 4144
3 984 1572 943
3 5723 8059 3616
3 243 5205 4773
3 4084 6490 5526
3 7988 7989 2258
3 3176 7973 5804
3 1157 7565 4911
3 6408 7412 3473
3 3958 7819 6183
3 4616 8651 1474
3 7540 7626 4485
3 4439 7901 3714
3 6802 7651 5578
3 5875 7961 3587
3 2952 6362 5538
3 6207 7684 3567
3 217 7316 5406
3 5078 8077 3313
3 7101 8618 3189
3 3643 7404 5020
3 4193 9089 6137
3 170 7325 7139
3 641 7604 640
3 6953 7371 1276
3 1080 8076 8022
3 4942 8866 6354
3 3618 6818 6817
3 3284 8146 6002
3 3580 7996 6946
3 6761 7489 3929
3 5647 7441 3761
3 3016 8102 1119
3 4809 7279 1736
3 6305 6539 3840
3 4743 8003 6382
3 8208 8211 8210
3 5521 6390 3699
3 5189 7865 6784
3 5672 5673 4038
3 1046 5638 4382
3 7056 7749 4011
3 6197 7131 3169
3 4962 8949 5356
3 2762 8595 2761
3 6909 7493 2743
3 6980 7788 5195
3 5985 8386 4056
3 3938 8093 7200
3 3441 5160 3692
3 3114 5961 1141
3 687 7678 2012
3 1869 7499 1306
3 1635 6234 6233
3 2974 6258 6257
3 5514 8583 4205
3 4572 6866 6294
3 5909 7111 2935
3 6075 6804 3737
3 4278 7811 6885
3 7114 8942 2427
3 7197 7424 3153
3 6228 6260 3324
3 6540 6541 2654
3 3242 9088 4719
3 5809 6089 3039
3 5912 8544 4808
3 3856 8539 5639
3 4302 8808 3367
3 3431 8838 7674
3 5290 7669 3628
3 6488 7923 3921
3 4728 7693 4580
3 4309 8362 4712
3 371 7632 372
3 8857 8858 3798
3 1899 7747 2280
3 5336 7829 7244
3 5799 7856 4493
3 1095 7633 1815
3 6885 7811 3845
3 3846 6079 4943
3 2832 8985 5513
3 6356 8669 3525
3 3787 7588 6485
3 1333 8127 5292
3 7166 9070 4912
3 3097 8429 3096
3 3300 7503 6215
3 3164 6960 6563
3 3988 5485 3117
3 3600 8766 8765
3 3222 7431 5081
3 4096 8448 5517
3 1409 8590 2431
3 223 9050 5261
3 9016 9021 9012
3 2548 8347 3993
3 3981 8907 7868
3 3176 8616 4612
3 4608 8071 3607
3 2606 7505 1339
3 5604 7723 1835
3 5840 6183 3261
3 2266 6622 4611
3 6822 7058 2730
3 4284 6339 3825
3 4099 6677 3278
3 299 8477 1472
3 5151 7656 278
3 3919 8218 7135
3 1835 7723 7213
3 3350 7374 6770
3 6310 6946 3832
3 6548 8527 3625
3 2562 8837 2561
3 6667 7692 2451
3 8264 8334 8331
3 3459 7149 7030
3 5658 8414 3477
3 3842 7559 6562
3 3507 8604 5284
3 4551 7675 6428
3 257 8009 2482
3 5123 6296 3401
3 6100 6103 6102
3 8546 8976 3680
3 3045 7053 7052
3 8210 8211 3151
3 5887 7963 1379
3 5264 8359 1869
3 3699 8802 5521
3 633 7924 2778
3 2651 5949 5432
3 3719 5671 5670
3 7095 8373 4530
3 5508 6776 3520
3 4089 4295 4059
3 6460 8519 2632
3 6778 9103 4946
3 3887 8436 5735
3 6804 8538 3297
3 5521 8802 2508
3 3946 8673 6195
3 6566 9023 1660
3 3864 6452 6282
3 5093 7917 3474
3 4219 6537 6304
3 3325 8450 6232
3 3988 6077 5485
3 1910 8051 5025
3 310 4955 3498
3 2295 7782 1885
3 2485 7739 6385
3 4882 8044 3992
3 4385 6031 4386
3 6083 8416 1236
3 5324 8033 31
3 5144 8131 4636
3 6852 7017 3341
3 4976 8778 3485
3 7966 8047 4140
3 4385 6330 6031
3 6353 6650 3965
3 3044 7089 6844
3 4030 8994 8993
3 2039 7170 6997
3 7981 8202 4120
3 134 8224 2288
3 6524 7238 366
3 4379 7932 3906
3 6608 8830 1999
3 6794 8623 4210
3 4047 7583 6383
3 3617 8445 7263
3 3563 7123 6863
3 1204 8567 4245
3 4830 8921 1894
3 9014 9022 9015
3 4106 7151 5849
3 1163 7763 7392
3 1768 7012 1767
3 5967 7416 308
3 5265 9008 7815
3 4538 8024 7396
3 1972 6508 2657
3 117 7830 2260
3 6345 8319 8293
3 2937 7625 6829
3 3729 6927 4715
3 3499 5679 4434
3 4198 6663 5698
3 3156 8467 5940
3 7240 8134 3675
3 201 8830 6608
3 4931 8829 2475
3 7156 7157 7066
3 4135 7287 6476
3 2195 5489 5461
3 3832 7492 5613
3 1665 8566 1140
3 5443 8357 3867
3 6195 8673 2396
3 3104 7130 7068
3 6065 7252 4461
3 4729 9034 8494
3 4374 7928 7061
3 4327 8686 5718
3 3149 8307 8256
3 4194 7221 6204
3 713 8496 6929
3 3367 7278 4302
3 8176 8407 6148
3 6829 7625 3304
3 1338 8697 5503
3 2687 8111 2042
3 3961 8777 5473
3 3856 7610 5396
3 4331 8194 7850
3 7977 9064 1976
3 6522 7347 3349
3 5589 8699 5254
3 4901 9086 4337
3 4509 7697 6913
3 1987 6624 1387
3 3402 8817 6913
3 5511 7041 4441
3 3249 5632 4556
3 518 7241 517
3 5009 5631 796
3 2790 7629 2352
3 5973 6395 3268
3 5903 7688 4749
3 1781 8200 5053
3 4031 7003 7002
3 44 8585 2182
3 3816 7877 5684
3 6264 8049 2653
3 6970 8886 5018
3 3365 8667 6259
3 8027 8654 3811
3 3488 7024 165
3 6302 8401 1950
3 1148 7906 1151
3 6325 8926 1744
3 5964 7142 4830
3 3841 8707 4274
3 4861 6980 25
3 4347 5750 2333
3 1662 8025 5877
3 5102 8138 3486
3 3032 6194 2002
3 2326 6947 5237
3 6651 7218 3558
3 5927 7856 3234
3 5338 9076 5341
3 2962 6842 4865
3 6243 7205 2685
3 5299 7732 5756
3 4960 7427 5074
3 5958 8972 3202
3 225 8354 5986
3 5810 6743 4504
3 3354 8565 5118
3 752 7946 539
3 6735 6737 1947
3 7039 7994 2179
3 5674 8043 2297
3 8539 8951 5623
3 4821 8043 4042
3 4008 7959 5898
3 4948 8147 7745
3 2061 7971 274
3 3711 5051 4696
3 5639 8539 2781
3 5425 6194 3032
3 4865 6842 5303
3 8167 8805 4587
3 100 7355 3863
3 1663 6789 5085
3 1268 7988 2258
3 3978 6768 6765
3 3283 7076 6011
3 5020 7404 6341
3 1144 8738 7801
3 7127 8443 3452
3 4945 7008 609
3 4414 8650 5166
3 2673 8162 683
3 3705 7587 4829
3 136 7886 5661
3 5240 8665 6618
3 6133 8591 3318
3 3183 8072 4945
3 6246 8746 3769
3 6733 8949 3777
3 4853 8890 3783
3 3737 6579 6075
3 6862 8929 4149
3 195 8845 6162
3 7946 7956 4646
3 5707 7600 4094
3 4556 7126 3249
3 2973 7984 5966
3 3558 7118 6651
3 2441 6279 5491
3 4930 8676 4348
3 3164 7704 5913
3 6304 7095 3332
3 5138 8576 3654
3 4252 7292 4214
3 6645 7624 3932
3 5707 8880 3527
3 6693 6882 2655
3 3466 8065 4383
3 4585 8614 8145
3 3492 7142 6849
3 3612 5682 3278
3 6776 7422 3520
3 6850 7716 1682
3 2268 7350 6637
3 3333 8873 5259
3 4088 8425 6442
3 360 8445 2562
3 4420 7439 3851
3 6314 6331 2272
3 1317 7874 2329
3 2257 7733 585
3 3645 6652 6651
3 8993 8994 1636
3 1869 8595 7499
3 1837 7065 7025
3 6416 9023 1160
3 1770 6526 3430
3 4144 8571 6634
3 1108 5768 5767
3 4395 8909 8036
3 1595 7873 1612
3 2649 8892 5050
3 2379 6624 1987
3 3089 8792 1444
3 5247 7783 3942
3 7715 8175 4299
3 5418 6802 4536
3 6692 8819 1680
3 3971 5771 3331
3 4896 7188 5943
3 3704 7630 6494
3 1941 6952 4447
3 5702 8165 4078
3 4928 8503 7488
3 5808 8158 1831
3 6689 7852 4018
3 176 8115 2370
3 5659 6007 4248
3 2971 4759 4623
3 5383 8974 104
3 7403 7878 4446
3 3852 7297 5531
3 6434 7310 254
3 6333 6334 3294
3 3275 7145 6872
3 6430 6738 3571
3 1793 7333 1312
3 1349 6429 6008
3 7910 7968 3934
3 87 7210 4987
3 5684 8872 2348
3 4427 7277 6072
3 4700 7183 4701
3 4027 7743 5646
3 5629 6923 3590
3 5196 8656 5770
3 3796 7518 5520
3 5218 7965 6967
3 3081 7041 5511
3 7592 7593 3335
3 5554 7563 3814
3 1165 7935 7016
3 4446 7879 6118
3 6250 7038 4600
3 1312 7333 6093
3 3396 8360 7976
3 7018 7997 1360
3 5514 8124 3170
3 3646 7944 6283
3 3685 7037 4644
3 8867 8868 7228
3 5254 8699 3191
3 2063 8466 6034
3 4407 8141 5059
3 1795 7867 2233
3 5156 8558 8518
3 6913 7697 3402
3 6222 7438 3933
3 5573 7268 3159
3 4101 8487 7185
3 6102 6128 6127
3 6907 8182 4016
3 1867 6405 5995
3 7051 8652 2658
3 5963 6276 4812
3 5574 7002 4648
3 3542 8511 4689
3 1985 7961 5875
3 2003 8384 3030
3 3331 5771 1334
3 3412 6678 4282
3 5715 7258 3893
3 4257 8437 3152
3 6198 8956 2594
3 2770 8220 1366
3 3144 7536 6478
3 5556 8905 633
3 2436 7887 2008
3 6400 8659 3186
3 6514 8593 4192
3 6142 7585 7243
3 1397 6358 6072
3 1506 8061 3632
3 2673 5593 5442
3 4823 7703 3836
3 6944 7065 1837
3 3967 7149 6556
3 6440 8632 3644
3 4294 7181 5466
3 3493 8469 5983
3 3152 7092 4933
3 2561 8837 5653
3 1432 9116 2463
3 5957 8009 3932
3 2394 8375 7321
3 1850 7595 7362
3 1867 8356 5993
3 4899 8591 6133
3 1030 1634 1031
3 8867 8869 5794
3 6563 6960 3815
3 4042 8043 5674
3 5483 7622 7097
3 2694 7129 4767
3 8276 8555 3150
3 6343 6573 3534
3 3921 7515 3296
3 1870 6974 6420
3 1327 8849 2289
3 710 6862 4149
3 5739 8140 1726
3 3398 5851 5555
3 2817 7953 5314
3 189 7418 6268
3 4039 8942 7114
3 4560 8030 5837
3 5936 8992 4662
3 8008 8922 3604
3 4112 9049 5234
3 3382 7870 5732
3 4344 9044 5395
3 3506 9113 5797
3 4174 8799 5991
3 6036 8219 6730
3 5507 7209 3208
3 6675 7638 2628
3 704 7939 707
3 2632 8026 1933
3 7937 7954 4625
3 1207 8362 4309
3 5615 8385 3495
3 3921 7923 7515
3 2425 7159 6543
3 601 7922 4408
3 1554 7962 7046
3 3906 7932 5296
3 8256 8265 6843
3 3796 8849 7091
3 5083 9038 206
3 5352 8438 3309
3 4718 9117 8037
3 7145 8451 3762
3 5558 6090 3954
3 4237 7021 3344
3 8348 8608 3771
3 6946 7188 3832
3 3721 7445 6308
3 1865 7941 4186
3 5719 7784 3474
3 6130 6131 5777
3 4730 8462 689
3 3331 7257 6614
3 5374 8864 187
3 4132 8373 7095
3 3201 6866 5916
3 3681 6693 5972
3 6282 6984 3710
3 5702 8216 3814
3 3336 7986 4708
3 8715 8726 6573
3 6472 7643 2702
3 4426 8215 3478
3 4994 8978 1180
3 5730 7916 3963
3 4455 8124 7581
3 153 9087 6848
3 5650 6217 4215
3 2474 5495 4232
3 4368 9091 5605
3 97 7355 4747
3 2401 7672 191
3 6072 6358 3769
3 5849 7151 335
3 5544 7464 1351
3 1696 8791 5921
3 4109 7618 5857
3 6610 7699 1424
3 1754 8039 480
3 1947 9086 4901
3 3882 7665 5890
3 2729 6641 5552
3 2066 8001 261
3 2069 7548 2493
3 2028 7940 2679
3 2593 8137 7234
3 2449 7113 5388
3 2326 9032 1918
3 3143 7810 6292
3 6253 6755 2495
3 3563 7650 7311
3 3406 8787 5830
3 3736 7279 5764
3 652 7513 6501
3 2701 7334 6165
3 5319 7834 6975
3 3388 7047 4878
3 6009 8941 4739
3 5818 6484 3810
3 8037 9117 4118
3 6950 7967 4989
3 3587 8426 5875
3 3471 7167 6355
3 1722 7543 6141
3 4349 6551 5561
3 2206 7162 6172
3 3189 8686 5488
3 7253 7866 2109
3 5855 8070 1193
3 3909 6955 5238
3 7671 7715 4299
3 6674 6997 1423
3 288 7755 7754
3 5464 5761 2389
3 6187 7334 2701
3 3717 6570 5822
3 4272 5759 4419
3 5703 5992 3582
3 5619 8843 2622
3 5415 6186 3648
3 5396 8951 3856
3 6715 8946 2635
3 8017 9075 3417
3 7116 7663 3180
3 3790 6347 4293
3 752 7956 7946
3 3903 5738 5604
3 3068 6846 5385
3 6914 6915 3375
3 116 8063 5945
3 3822 7985 6003
3 3787 7038 6478
3 4166 5242 4168
3 2139 7105 1013
3 6612 8937 3674
3 3841 7862 5759
3 2507 8545 6483
3 2178 8069 40
3 1510 6846 824
3 4722 8403 3320
3 7565 8025 4911
3 6284 7924 633
3 633 8905 5665
3 2816 8403 4721
3 6011 7076 1193
3 5863 8668 169
3 2176 6950 4776
3 5590 8075 1408
3 6300 7976 4095
3 579 6746 5159
3 7133 8662 4562
3 1859 8100 1332
3 6699 7072 4145
3 1820 6115 5960
3 1137 7559 5934
3 6741 7926 4459
3 3474 8471 2975
3 1434 8910 7775
3 1335 9066 6329
3 5858 8013 3824
3 5868 7636 3666
3 8494 9034 4103
3 5096 7237 4190
3 3528 7615 5956
3 3900 7832 6665
3 6049 8986 3448
3 3737 7910 6580
3 4818 7998 5654
3 4874 7872 3756
3 6415 7601 2513
3 6907 8559 3203
3 1364 7662 7661
3 4474 8699 5589
3 7045 7046 3388
3 1757 8000 1758
3 2499 6815 6301
3 4737 8091 7018
3 7205 7679 2037
3 1337 6346 4128
3 1926 7398 6191
3 6423 8358 4583
3 4243 6861 5997
3 2139 7289 7106
3 6310 6450 3580
3 3419 8345 3998
3 5520 7821 3796
3 3270 7751 6389
3 3578 9073 5129
3 8373 8961 4530
3 3156 7478 5642
3 4440 7415 265
3 3844 6997 6674
3 2442 6639 5827
3 3937 6839 2418
3 5555 7686 6843
3 6831 8564 4506
3 5362 9104 4319
3 8283 8321 8278
3 529 7163 3462
3 5405 7839 7029
3 2819 8407 689
3 1950 8401 1949
3 26 8608 1152
3 6662 6938 2551
3 4140 8900 5150
3 5820 7827 3792
3 3514 6662 5861
3 2622 8843 6572
3 4544 6686 6685
3 1830 8228 2759
3 4310 8154 5482
3 2360 8046 171
3 987 7011 938
3 4973 7579 3162
3 1669 6380 3008
3 5011 7032 4338
3 1954 8005 6192
3 6090 8016 3954
3 1693 8198 2574
3 5819 7895 1753
3 2068 9123 2975
3 2786 8180 7670
3 4966 7843 2356
3 2565 8553 6380
3 6763 7925 6767
3 7090 7972 3469
3 1720 7094 6141
3 2467 7816 5822
3 2414 4336 3799
3 5612 7827 1896
3 3751 8908 6332
3 1939 8170 2630
3 2786 7670 6743
3 3971 6365 4482
3 1760 8970 6625
3 3925 8688 5856
3 2910 8963 4799
3 8520 9046 2719
3 6678 7067 3267
3 4176 8654 8027
3 6861 7909 3220
3 5143 8647 6076
3 5902 8818 2385
3 3161 7682 5660
3 5848 5861 3624
3 3162 7641 4974
3 6192 8005 4409
3 5761 8638 2390
3 1453 7739 2485
3 5782 6995 6994
3 6910 7471 3555
3 7877 8872 5684
3 2939 6200 5993
3 6789 7304 5085
3 1270 9124 7154
3 4810 7912 6694
3 2076 8380 1516
3 3313 7931 5078
3 3204 7054 5879
3 5471 6206 3703
3 1670 8553 2565
3 5493 5494 4053
3 4032 7169 5799
3 8038 9058 6193
3 5471 7908 4914
3 5561 6551 3380
3 8036 8909 4396
3 5517 8658 4096
3 3488 6727 4129
3 4096 8924 6392
3 5246 8050 3988
3 2739 8476 6975
3 4412 6447 5477
3 5499 7538 1118
3 3682 7963 5887
3 4550 9084 2927
3 2059 8460 5749
3 4135 8842 7287
3 6249 9036 3386
3 1767 8436 8163
3 5766 8750 3484
3 2300 5473 4797
3 2225 4789 4451
3 4644 7440 3685
3 2042 7584 6180
3 3286 8902 6581
3 533 6717 3713
3 7424 7425 3153
3 5829 6742 1674
3 6363 6440 3644
3 3285 7334 3494
3 4160 8826 6111
3 5329 8860 2378
3 6583 8064 1808
3 5735 6614 3661
3 3211 7217 6471
3 2478 7090 6828
3 7661 9040 1364
3 6384 9108 1466
3 3862 8529 3360
3 5611 8410 2392
3 4101 8987 7753
3 5880 8475 3449
3 6767 8902 3978
3 846 7659 7299
3 3212 7748 6018
3 2937 7806 2303
3 713 8460 717
3 3734 8530 6060
3 4286 9075 5410
3 2403 7943 7793
3 4339 9107 7015
3 6663 8800 3215
3 7603 7781 2795
3 3009 7968 5198
3 6150 6695 3672
3 2576 8472 4784
3 4068 7137 4933
3 4920 6700 1927
3 4309 8431 1207
3 6180 7624 2042
3 6760 8988 1488
3 3520 7422 6679
3 6901 7469 4464
3 4911 8025 1662
3 4473 8988 6760
3 2482 8009 5957
3 6356 7322 4326
3 6180 7584 3878
3 4028 8750 5766
3 6341 7404 3313
3 3198 7714 6598
3 6874 9035 2471
3 3669 8017 5488
3 7156 7172 3372
3 4258 9050 6636
3 5386 7978 4029
3 3775 8698 5053
3 6637 7350 3639
3 6658 7657 31
3 2667 8501 7802
3 4355 7086 3450
3 6018 7748 3815
3 5822 7816 3717
3 1767 7012 6614
3 4139 6909 5620
3 73 8388 497
3 2846 6321 5725
3 6493 8633 4422
3 4000 7708 1733
3 4231 8785 6722
3 4442 7443 6326
3 5938 5939 4819
3 4532 8407 8176
3 14 7237 5096
3 7150 7594 4346
3 1381 8480 163
3 2666 9111 8825
3 3175 8373 6859
3 377 7392 4205
3 5576 8224 134
3 5624 7778 3160
3 2780 6954 5748
3 3581 7890 5676
3 5907 6025 1319
3 1936 8400 168
3 6976 7880 4782
3 6082 7532 3405
3 6969 8589 4246
3 4204 8932 6057
3 6783 8592 5165
3 3048 7108 7107
3 7035 7554 2661
3 4845 8739 6222
3 8494 9065 4729
3 2537 8625 1605
3 6209 8526 3894
3 3428 8901 6355
3 7446 7714 3198
3 3974 8557 8556
3 3760 9027 7390
3 1202 6896 4803
3 6162 8845 3803
3 5749 6248 2059
3 1823 7944 5015
3 8262 8333 8330
3 2358 6939 5441
3 4738 8618 7101
3 4207 8955 6883
3 3168 8451 7145
3 7497 8562 1197
3 3836 8359 5264
3 2040 8047 7966
3 4276 8470 2771
3 3674 8937 7103
3 6392 8448 4096
3 4306 8920 6313
3 7139 7325 4709
3 5557 7463 1730
3 3762 7593 7592
3 320 8532 1241
3 1154 7855 6164
3 5275 8103 4783
3 6025 8374 1319
3 7120 7607 4627
3 6264 6541 3962
3 6027 6365 3971
3 7521 9088 3793
3 5161 7084 3779
3 4777 7124 3938
3 4678 8687 2417
3 2305 7947 7000
3 605 8217 5683
3 2464 7156 7066
3 3680 8976 6812
3 2647 7819 7762
3 3457 7847 5105
3 8278 8321 8285
3 4295 4296 3561
3 3849 7778 5624
3 4767 5540 2694
3 3658 7788 6980
3 4270 9058 8038
3 1786 6507 4167
3 2814 8797 7079
3 1648 8515 1688
3 5750 8799 4174
3 253 7124 4777
3 1833 8836 2592
3 4820 8046 2360
3 2811 7413 6247
3 6122 7021 4237
3 8331 8342 8335
3 3166 7617 5708
3 6438 7302 1350
3 4530 7927 7095
3 8215 8984 5003
3 221 8415 1421
3 8238 8309 8292
3 6003 7985 1493
3 3625 7589 6042
3 8145 8614 5710
3 7147 7857 223
3 5189 6784 4482
3 8337 8342 8331
3 614 7980 6024
3 1224 8615 1223
3 2661 8941 6009
3 1793 8544 5912
3 4306 7650 6863
3 7015 9107 4012
3 7364 7365 179
3 3545 6675 5821
3 6670 6671 4963
3 7030 7149 3967
3 5795 6455 5786
3 1820 5960 4611
3 707 7939 708
3 2826 8601 5901
3 1153 7188 6946
3 3167 8092 6376
3 7633 7863 1815
3 6705 8488 755
3 35 8348 5690
3 5267 7338 4073
3 6172 7162 81
3 7850 8194 4288
3 2421 7077 6826
3 6431 8363 4707
3 6034 8466 4370
3 4779 7995 2552
3 5394 8529 3362
3 3841 6239 3742
3 4094 8880 5707
3 4670 8657 1977
3 1350 7302 7222
3 6810 6811 2569
3 2933 6583 5592
3 6170 6970 2966
3 6080 6635 3754
3 3840 8639 6305
3 8277 8306 8298
3 2740 7978 5386
3 6617 8817 3402
3 4747 7355 100
3 5115 8404 2451
3 3798 8858 7043
3 2794 8633 172
3 238 8897 7190
3 5737 7851 3541
3 8275 8322 8273
3 5972 6989 3682
3 6848 8493 2322
3 8418 8784 3642
3 1153 7996 1150
3 5884 5891 459
3 5662 8023 7796
3 8089 8792 5316
3 3827 6661 5209
3 3648 6109 5415
3 5322 8548 2465
3 189 7786 6004
3 3273 8104 6825
3 2503 8521 4279
3 3469 7711 4934
3 4729 9065 7660
3 3574 7194 6759
3 501 6754 5131
3 1149 8804 4009
3 4551 6428 3802
3 5198 7968 7910
3 3919 6914 6028
3 6356 8586 4970
3 6455 6456 5788
3 6492 7119 1114
3 3761 7441 6872
3 5719 8042 7784
3 4934 7711 2034
3 6334 9063 5428
3 6417 8866 3444
3 6588 7245 4070
3 5130 8453 6008
3 5660 8481 3568
3 3875 8215 4426
3 3473 7412 5761
3 2317 8814 6606
3 3950 5495 263
3 4056 8204 5985
3 2801 7841 4003
3 6111 8684 3304
3 6478 7588 3787
3 6147 8173 250
3 7780 8038 3572
3 7282 7531 3994
3 4589 8401 6302
3 3157 8065 5727
3 629 7294 6988
3 4447 8633 2794
3 5672 6820 3615
3 2318 7562 4588
3 2828 8602 5593
3 2758 8870 6739
3 5462 8094 1206
3 3399 8366 5636
3 6578 8515 4387
3 8670 8671 6779
3 3600 8768 8767
3 171 9059 2359
3 3663 7586 2775
3 6446 7610 3856
3 2435 8354 4456
3 3354 8369 5965
3 6308 7445 218
3 3450 7246 5004
3 1364 8989 4276
3 1838 6878 6346
3 3618 7312 6818
3 6137 9089 3352
3 3159 8008 5573
3 5098 5099 3651
3 3774 7164 3436
3 235 6990 4892
3 1865 8921 7941
3 477 6716 476
3 3932 7624 6180
3 4240 7513 7449
3 6989 8653 3682
3 5211 7621 6142
3 7950 8419 3390
3 5924 8576 5138
3 5490 7715 3258
3 1203 8362 4503
3 2840 5180 4846
3 3159 8642 6697
3 6364 9073 3578
3 5766 8178 4028
3 8511 8575 4689
3 5297 8423 2804
3 3533 7413 7329
3 597 8870 2758
3 3893 6691 5126
3 8720 8724 3744
3 1398 8745 1333
3 5921 8791 4202
3 7570 8525 1647
3 6899 7112 3839
3 1442 7840 6132
3 2636 8437 4257
3 7701 7702 3915
3 4068 4933 3753
3 4653 7772 3647
3 2299 9077 1996
3 3197 8494 6407
3 7544 8056 4233
3 43 7673 6352
3 6739 8870 4196
3 1419 9083 6295
3 6859 8373 4132
3 6301 6815 1499
3 3823 9068 3352
3 1433 8447 1493
3 6221 8923 4640
3 2792 8048 6495
3 5729 7209 3860
3 6148 8407 2819
3 607 9009 9008
3 4890 7643 6472
3 3896 7309 6058
3 8151 8360 3396
3 4534 8952 6330
3 3985 7310 6434
3 2481 8855 256
3 6675 7526 3544
3 8331 8333 8264
3 7313 8174 5112
3 1974 8746 6246
3 5007 8638 3378
3 4337 9086 7092
3 5743 8128 4313
3 1884 7426 6401
3 6463 6533 3910
3 4767 6895 5540
3 4505 8930 6140
3 6265 7397 4097
3 5112 8852 3837
3 1901 8759 145
3 4939 7697 4509
3 6352 7673 3907
3 5188 5640 2676
3 168 8181 8180
3 3689 6290 6189
3 8032 8532 1194
3 177 9064 1971
3 3348 8056 7544
3 7177 8741 3947
3 3888 8783 8104
3 5227 7738 2285
3 5642 7478 3471
3 8339 8342 8332
3 2285 7724 5586
3 5077 7943 2404
3 5024 7692 6667
3 7396 8024 1844
3 6569 8367 1372
3 1927 6700 6460
3 7222 7265 2351
3 3521 7119 6492
3 5634 7378 2396
3 2067 8626 6593
3 8332 8342 8340
3 4990 6986 4099
3 4000 7709 7708
3 4062 8454 5426
3 1735 6053 4582
3 2362 8537 8003
3 7387 7725 7389
3 7060 8371 124
3 7171 7713 1679
3 6046 7552 4121
3 6625 8970 4046
3 6982 7689 2527
3 5582 7713 3005
3 5130 6008 3017
3 6486 6851 3886
3 3402 8789 6617
3 4740 7666 6841
3 3802 8898 4551
3 5993 6405 1867
3 6023 6916 4397
3 5000 6256 1242
3 3186 8659 7492
3 3318 9058 6418
3 3933 7438 6162
3 6652 8524 3279
3 1392 7440 4644
3 2419 5235 3937
3 3345 8442 8183
3 418 6824 1568
3 8163 8436 4886
3 6748 8925 4800
3 5143 6076 1637
3 2210 6368 6367
3 210 8197 6285
3 1296 8511 4408
3 3725 5291 3501
3 3390 8982 6574
3 6557 8031 3564
3 6684 6685 3262
3 3817 8774 5567
3 6060 8530 2964
3 5482 8824 4310
3 3627 7800 5152
3 3710 8422 6282
3 6060 9121 3734
3 1907 8814 2317
3 4125 7663 5504
3 2418 6839 5498
3 6664 8881 4946
3 2359 9059 7325
3 2308 7236 5075
3 5652 8444 7086
3 3287 9099 4944
3 6609 8543 2211
3 8303 8408 8277
3 3800 7857 6906
3 6152 6801 1661
3 3775 8200 5866
3 8270 8273 8272
3 3649 8696 4998
3 6672 8779 3646
3 7997 8537 1360
3 3942 7718 5456
3 3674 7103 5259
3 7269 8071 4608
3 1700 9048 2582
3 1808 8064 1305
3 4385 8527 6330
3 7086 8827 5652
3 2729 8796 5431
3 3633 6804 6075
3 3452 8906 6037
3 4357 7017 6852
3 759 7372 1542
3 6834 7818 3399
3 3601 8160 5680
3 31 7657 30
3 1160 7839 6416
3 6825 8104 5029
3 279 8370 5726
3 4663 8179 3776
3 113 8541 572
3 2339 7194 5763
3 8225 8627 3905
3 7581 8124 4074
3 6171 8853 4027
3 3579 8372 8371
3 3969 7371 6953
3 3370 9043 7410
3 5285 9088 3242
3 1755 7288 7080
3 5149 8953 4521
3 8083 8108 3199
3 6435 8030 4560
3 6593 8626 3415
3 9011 9019 9014
3 3243 8374 6025
3 3991 7205 6243
3 2278 8877 5954
3 6199 7177 1615
3 3956 8765 5345
3 6421 8565 3354
3 4087 7345 6297
3 3183 8684 6111
3 3548 7075 5404
3 41 8676 7173
3 3233 6136 6135
3 3163 8439 7488
3 3330 7469 6901
3 4317 8041 6032
3 1842 8164 7529
3 6013 7462 3614
3 1332 8903 1859
3 6323 8629 3278
3 7553 8945 5268
3 6872 7441 3275
3 1429 8103 5275
3 4553 4798 3663
3 2631 8920 6863
3 6691 7258 1440
3 4125 8840 7630
3 5912 8510 1793
3 3434 7844 6443
3 3418 8947 6933
3 4529 7320 6913
3 1383 9031 6732
3 4278 8526 7811
3 8812 8813 2556
3 4649 8924 6459
3 4521 6701 2931
3 6434 8680 4218
3 4725 8144 7976
3 1561 5175 4757
3 3854 6613 5400
3 4408 7922 1296
3 3911 7442 6744
3 3685 8171 5238
3 2560 8398 5202
3 3812 5116 1707
3 1454 7467 4597
3 6877 6878 1871
3 5724 8513 3672
3 656 9062 1353
3 4043 7430 7211
3 3197 9065 8494
3 2288 8224 5177
3 6933 7546 4639
3 5025 9051 4588
3 6074 8839 1290
3 4389 7187 3917
3 7165 8547 4436
3 5261 9050 3684
3 2953 8549 4991
3 615 9029 616
3 5785 7382 5681
3 5017 8827 8611
3 6063 8434 4414
3 4304 7657 6658
3 6822 7402 3631
3 3748 8972 5958
3 7092 9086 3753
3 4760 8916 4761
3 5361 5379 2289
3 6373 7093 2552
3 3179 8582 6538
3 4396 8909 2723
3 6437 8597 7494
3 4859 7586 5803
3 2233 7867 7531
3 3185 8777 6915
3 2873 6864 5523
3 5536 6686 1849
3 7080 8632 1755
3 5049 8507 6656
3 3670 8762 7281
3 4166 4910 4734
3 3932 8009 6645
3 6213 9061 3413
3 3878 8146 6180
3 3292 6551 4349
3 6332 8908 2572
3 6159 8933 3314
3 3398 6027 6026
3 2779 8478 6627
3 6078 6718 2463
3 6153 8067 35
3 8724 8736 8711
3 5033 6261 1217
3 1678 6742 5829
3 8022 8076 4592
3 103 7962 3838
3 4595 6835 3456
3 3259 8526 6209
3 3199 8108 7648
3 1951 8201 5741
3 3714 7901 4441
3 652 8214 1922
3 1164 9119 3727
3 3444 8866 4942
3 5932 8477 299
3 6249 8079 4360
3 4265 7631 6538
3 6428 7196 3802
3 1474 7030 5978
3 7480 8581 4425
3 3227 8576 5924
3 2620 8815 6702
3 3754 6635 6175
3 3343 4672 4013
3 5683 8217 1288
3 3815 6871 6563
3 5150 8900 3230
3 6270 7293 611
3 4304 6658 2177
3 4436 8525 7570
3 4733 8904 3421
3 2285 8374 7724
3 5805 6238 2239
3 4073 7338 6267
3 3717 7816 6491
3 6807 7465 3110
3 3876 7082 5535
3 8165 8457 5850
3 1938 8400 7683
3 6398 9116 3905
3 4001 8111 6274
3 1098 1309 603
3 3885 5026 4303
3 5980 8678 1904
3 6664 9103 3862
3 2682 8674 6577
3 3943 6465 5897
3 2050 9030 7631
3 3758 8852 8174
3 6770 7374 3858
3 3290 9053 8495
3 4975 7558 3511
3 5879 7054 3412
3 2451 7692 6611
3 4205 8583 3591
3 5542 7109 115
3 7568 8755 2976
3 4175 8496 6458
3 5877 6867 6
3 6651 7118 3645
3 3797 8107 6710
3 6828 7090 3469
3 4920 7436 6700
3 6792 7883 3181
3 3292 7580 7579
3 3096 8429 5869
3 105 8130 7812
3 4210 8623 5818
3 6215 6682 3300
3 3171 8996 6185
3 7734 8148 3723
3 3932 8456 5957
3 6295 9083 4172
3 2493 7548 7096
3 15 8938 5999
3 6725 8740 346
3 4719 9088 7521
3 6292 7778 3848
3 6501 7513 4240
3 3600 8765 7760
3 6872 7592 3761
3 125 8357 5443
3 3950 8161 4232
3 1188 6824 418
3 6666 6879 368
3 3976 8414 5658
3 7752 8844 1381
3 4692 7336 123
3 8324 8878 8729
3 5244 9102 4752
3 7517 8345 3419
3 4597 8382 5366
3 4228 8620 5045
3 7025 7065 4206
3 4132 7095 6304
3 5306 8874 2718
3 2938 8086 5800
3 7480 8467 3156
3 2951 8046 4820
3 2587 6917 3442
3 6636 9050 223
3 6708 7789 2731
3 6477 8819 2580
3 5567 8774 4158
3 6305 8639 3212
3 5748 8138 2364
3 110 8827 5017
3 6964 6965 3400
3 3448 8986 5915
3 1730 8475 5880
3 4943 7502 3846
3 3826 7699 6610
3 6274 8111 2687
3 3783 8890 5969
3 4219 7040 5129
3 4188 8884 6987
3 2808 8189 6173
3 5787 7853 7722
3 1744 7969 7141
3 129 8756 6920
3 3924 7112 6899
3 4468 8221 3487
3 1737 8954 4863
3 3613 9093 4713
3 8421 9081 3860
3 4146 7934 7933
3 4521 8953 6701
3 4518 7824 6149
3 3552 8944 8375
3 7579 7580 3162
3 6747 6782 262
3 3360 9110 3862
3 4475 8172 6176
3 7281 8762 4479
3 4605 8406 3312
3 1632 7050 6278
3 6126 9000 8997
3 7976 8144 4095
3 3711 8692 4697
3 7226 7227 5793
3 6674 7739 1453
3 7724 8374 3243
3 7808 9005 6127
3 6694 7912 127
3 2313 8509 1903
3 2289 6968 6546
3 7343 8959 1473
3 3180 8762 7116
3 7845 8917 4466
3 1150 7996 7620
3 1278 6672 6283
3 6193 8823 4359
3 2833 7926 6741
3 1566 8194 6161
3 1481 8014 5937
3 6062 6109 3765
3 3192 6786 6785
3 6244 8027 3811
3 6933 8947 4645
3 2901 8132 6720
3 4204 8069 5587
3 8994 8995 1636
3 3883 8725 3535
3 7620 7996 3580
3 7703 8359 3836
3 36 6566 5685
3 4078 8958 5702
3 1697 8425 5925
3 8296 8320 6345
3 5864 8182 4399
3 5941 7987 3587
3 1437 8915 3959
3 6473 9105 2681
3 4373 8128 5743
3 6469 8979 6845
3 6388 7654 3914
3 6127 9005 8997
3 6051 7841 4887
3 7851 8151 3541
3 3955 8689 7070
3 5534 8798 2245
3 8275 8325 8322
3 6645 8009 257
3 3977 7458 6581
3 3879 7992 6272
3 4876 8594 3904
3 3661 7405 5735
3 4127 6877 6066
3 203 6816 4787
3 6746 7668 2220
3 4210 9057 6794
3 3673 7134 4352
3 6478 7536 3858
3 6382 8003 4171
3 8478 8580 609
3 3352 9068 6870
3 1334 7257 3331
3 7976 8360 4725
3 7461 8022 4592
3 6499 6895 4067
3 4176 8028 5552
3 4357 8039 7017
3 4020 8866 6417
3 7016 7935 4474
3 558 9124 1270
3 5412 7795 7767
3 7015 8848 4339
3 6610 6611 4039
3 5296 6967 3906
3 3410 6098 6097
3 6057 8932 3112
3 4363 7924 6284
3 7120 8844 3491
3 4637 7754 7447
3 3991 7679 7205
3 4493 7999 5799
3 5432 8653 2651
3 6752 8491 5635
3 5351 8514 4280
3 4503 8362 7776
3 2645 8887 6268
3 7979 8931 3907
3 5156 8518 6728
3 3427 7950 6574
3 4736 9044 4344
3 1903 8509 7043
3 6096 7342 3749
3 4857 9114 6656
3 5956 7615 2613
3 5229 7962 103
3 124 7911 6198
3 4786 7701 3915
3 5882 6470 2920
3 7529 8164 5720
3 3438 6940 6537
3 6300 7761 5147
3 6754 8822 3401
3 3747 7667 7346
3 5173 7787 1217
3 1566 6591 5364
3 3823 8013 5858
3 3470 8913 6274
3 6440 8895 1756
3 7222 7302 3807
3 5621 8742 1781
3 6597 8105 5038
3 5646 7743 2944
3 1756 8895 4691
3 7052 7053 4227
3 6274 8913 4001
3 2835 8417 7055
3 7072 7650 4306
3 6031 9029 4386
3 7530 8940 208
3 4808 7328 7155
3 7488 8838 4928
3 6945 9028 3201
3 3962 8049 6264
3 3659 8975 6503
3 6787 7677 4052
3 120 6788 6318
3 3100 5807 4465
3 6245 7400 1486
3 6520 7960 3539
3 4441 7041 3714
3 5893 6161 4331
3 4177 8077 7695
3 5361 7821 2365
3 1248 6800 2994
3 123 7486 4692
3 5726 8370 3389
3 3626 7601 6415
3 3790 8907 3981
3 4660 7323 7129
3 4277 7536 7088
3 6913 8817 4529
3 3604 7881 5573
3 178 6736 6427
3 2846 8488 6705
3 4572 7176 6866
3 7962 8769 3838
3 2484 7532 6082
3 6416 7839 3641
3 4172 8986 6049
3 3938 5831 4777
3 1664 7736 5758
3 7021 7823 3344
3 5447 7799 7322
3 6311 8495 3818
3 6456 7720 6457
3 1757 8177 6363
3 3355 7126 4541
3 2744 8781 6071
3 4422 8066 6493
3 3625 9112 6548
3 3781 8788 7798
3 3401 8822 5123
3 4958 8896 6391
3 5654 7998 1765
3 4046 7861 6625
3 5478 8810 2234
3 3672 8513 6608
3 4085 6338 6169
3 8895 9115 4691
3 5983 7344 3791
3 6010 7849 3503
3 3749 7863 7633
3 6496 8398 2560
3 3810 6554 5818
3 4625 8627 8225
3 1659 8628 6505
3 7476 8982 3390
3 5756 7434 5299
3 3613 6592 5740
3 1554 8769 7962
3 5199 9065 3197
3 5321 8751 3809
3 6577 8674 3728
3 3220 7909 7908
3 7178 7807 213
3 3706 7880 6976
3 5708 7617 6522
3 3423 7892 6563
3 4381 5888 4969
3 6714 8365 4293
3 4573 8565 6421
3 8562 8563 1577
3 1330 8623 6794
3 3928 7736 6682
3 2243 8459 4187
3 5778 8236 8235
3 2551 8347 7391
3 3605 8352 8351
3 5984 7698 1314
3 4267 9056 6251
3 4917 8744 6346
3 1660 6890 6566
3 6259 8667 2945
3 5394 8935 4951
3 3690 8152 6753
3 4143 7678 6690
3 3092 6835 4595
3 3352 9089 4891
3 8267 8344 8327
3 4472 8148 7734
3 187 8864 6195
3 7417 8931 3177
3 7181 8508 148
3 1340 7302 6438
3 5643 8901 3427
3 3732 8755 7568
3 2402 8377 6058
3 4034 8577 4035
3 3884 7689 6982
3 3427 7951 7950
3 4931 9105 8829
3 256 8855 7083
3 3688 8965 7738
3 6420 6974 2936
3 1720 8037 6281
3 1176 8547 7165
3 3860 9074 5729
3 3486 8138 6954
3 7155 7328 3951
3 8684 8700 3820
3 3236 8846 8040
3 3279 7218 6651
3 4192 9121 6060
3 2409 8925 6748
3 4795 7580 6838
3 6242 8950 1938
3 6072 7277 4153
3 2348 8992 5936
3 6859 7979 3907
3 6861 8645 3221
3 3278 8629 3612
3 6538 9030 4423
3 4795 6828 3469
3 3619 8895 6440
3 7126 7127 3452
3 2 7994 7039
3 6307 6436 2478
3 1971 9064 7977
3 4148 7549 5412
3 5908 7357 1412
3 5064 7257 1334
3 6297 6749 4087
3 5325 8522 3429
3 2036 7972 7090
3 6058 8377 3896
3 3625 8527 7589
3 3656 8818 5902
3 3671 8659 6400
3 3589 7649 7648
3 7387 7389 7386
3 1320 7567 4624
3 3584 8961 6439
3 3488 7706 7024
3 5790 7386 5785
3 5421 8500 8499
3 1733 7769 4000
3 4162 7434 5301
3 2389 7799 5447
3 7055 8417 3642
3 5238 8171 3909
3 4606 8966 6433
3 5858 5859 3823
3 2256 9072 4857
3 5851 6026 3249
3 3212 8639 7748
3 1364 9040 8989
3 7173 8676 3319
3 3871 6979 6978
3 6849 7142 2612
3 7022 8577 4034
3 7054 7067 3412
3 7748 8639 4260
3 6926 7882 2752
3 4927 8668 3540
3 7008 8072 3223
3 7325 9059 1929
3 2905 7680 6621
3 6097 6561 3410
3 1299 8568 7687
3 3985 8116 6240
3 5573 7881 7268
3 3545 7526 6675
3 7695 8077 4224
3 6841 8820 3456
3 1494 7750 4102
3 6813 7271 4154
3 4921 9025 1486
3 7024 7706 3544
3 4089 6831 4506
3 6756 8105 3247
3 6956 8092 3167
3 8156 8554 5624
3 5299 7434 4162
3 3883 8724 8711
3 8765 8766 2985
3 3909 7991 6955
3 7676 8893 3998
3 5178 5546 3550
3 3365 6922 6143
3 6965 7421 3400
3 2377 6737 6735
3 7908 7909 3385
3 2358 7139 6665
3 7071 7363 4616
3 6944 8763 4043
3 4164 8826 7153
3 7206 7945 1621
3 3227 7594 7150
3 3331 7012 6027
3 8782 9026 1846
3 3564 8031 5835
3 3858 7588 6478
3 1866 9092 6266
3 3860 9081 6317
3 3479 7938 7904
3 5292 8127 3656
3 7342 7863 3749
3 6794 9057 3566
3 6393 8439 3163
3 4918 9111 1377
3 5173 6941 1739
3 4231 8806 8785
3 3393 7700 5838
3 7019 9094 2536
3 3544 7526 7024
3 5701 6528 5698
3 8702 8707 3741
3 2063 8833 8466
3 7630 8840 2504
3 2952 7481 6348
3 7904 7938 3033
3 6141 7543 1616
3 5742 8540 1877
3 1437 9035 8915
3 5911 7706 4129
3 3734 9121 6182
3 5689 8429 3097
3 2426 7695 7178
3 5799 8964 4032
3 4914 7908 3385
3 6326 8739 4845
3 1365 8501 5501
3 7254 8644 3229
3 6111 8072 3183
3 4038 6820 5672
3 4706 7410 1729
3 1665 8002 6215
3 6872 7145 3762
3 4132 7979 6859
3 4466 7846 7845
3 3627 4641 1751
3 3579 8371 7060
3 3496 8089 5316
3 4463 7212 7167
3 4079 5600 5599
3 1290 8839 5480
3 6961 8979 6469
3 3818 6948 6311
3 516 8517 8516
3 7390 9027 1356
3 8417 8418 3642
3 7129 7323 4767
3 7095 7927 3332
3 4825 8352 7881
3 1911 8666 6981
3 3819 9038 5083
3 6289 7695 2426
3 4742 7897 3232
3 5154 8876 6998
3 6634 8571 1751
3 3226 5387 5133
3 7652 8520 2719
3 1675 7637 5650
3 4118 9117 6860
3 5948 8425 4088
3 1575 8803 6394
3 3356 8443 7127
3 6094 6181 549
3 6208 8886 2962
3 5202 8399 45
3 6633 7826 3282
3 3207 8634 5459
3 2063 8835 8833
3 5846 7653 23
3 5788 6457 5791
3 1442 8820 7840
3 3221 7909 6861
3 6709 7119 3521
3 6376 8092 3513
3 3162 8617 7641
3 7811 8526 3259
3 6143 6922 4109
3 5931 7677 1408
3 4636 8131 5919
3 6937 8784 2031
3 4016 8182 5864
3 72 8036 6254
3 7020 7460 3454
3 3144 8871 7088
3 3791 7921 5983
3 3314 8933 5590
3 6127 6130 6102
3 7501 7502 4943
3 7234 8137 131
3 5605 9091 3061
3 8529 9103 3362
3 4204 9052 8069
3 6958 8627 4625
3 3780 8159 6277
3 4486 7626 7540
3 6720 9078 1649
3 5530 8779 6154
3 3378 7412 6408
3 3564 5835 5834
3 4891 9089 4193
3 6883 8955 3881
3 7661 7662 2292
3 5926 7991 3747
3 3238 7650 7072
3 3833 8934 7448
3 5764 7279 4809
3 7080 7288 3952
3 6659 6728 1874
3 6232 8450 5313
3 1861 8863 8203
3 2994 6800 1258
3 1385 8423 5854
3 4587 8470 8167
3 6829 8684 3820
3 7005 7006 4648
3 3970 5899 5454
3 3259 8202 7437
3 6331 7779 1873
3 7565 8916 4760
3 7154 9124 1314
3 4314 7366 2781
3 4025 7882 6926
3 5975 8975 3659
3 4998 8231 3649
3 1540 7416 5967
3 3747 7346 5926
3 3653 8980 4849
3 2917 8574 5494
3 5397 6559 4179
3 8371 8372 3914
3 1894 8921 5923
3 3642 8784 6937
3 5834 7311 3564
3 3525 8669 6409
3 4436 7570 7165
3 3723 8525 7734
3 7215 8574 4144
3 6379 8075 4123
3 5578 8775 4536
3 5494 7215 4053
3 3715 7965 5218
3 1173 8981 8780
3 6393 8945 3924
3 3654 8576 7150
3 4350 7727 4641
3 6022 8743 161
3 7230 8514 3295
3 7483 7975 185
3 6170 8886 6970
3 2571 7710 6332
3 4770 4771 4335
3 4187 5229 2243
3 4415 8493 6848
3 8785 8806 4230
3 2779 8599 8478
3 4009 8804 1146
3 4386 8621 4385
3 7088 8871 4233
3 4110 7984 6512
3 3626 7602 7601
3 4024 8021 6137
3 7394 8821 3342
3 6759 7194 2340
3 7237 7238 4190
3 5866 8200 530
3 3223 8072 6111
3 3572 8038 6193
3 4233 8056 7088
3 5319 8476 7990
3 4712 8362 1203
3 1338 8848 7015
3 5510 7751 3270
3 2201 8970 6146
3 7333 8510 2315
3 7018 8091 4247
3 6289 6290 4177
3 8495 9053 5204
3 6439 8469 4668
3 4616 7860 7071
3 4043 8764 7430
3 3524 7102 5013
3 7308 8556 7307
3 3481 8796 2922
3 3512 7558 6586
3 6410 8536 4191
3 2397 9055 9054
3 6355 7167 4064
3 2612 8903 6377
3 2453 8584 7456
3 1117 7276 6092
3 699 7240 7239
3 4170 8229 2626
3 6195 7515 3946
3 3544 7638 6675
3 4110 6512 5680
3 4184 8592 6783
3 2802 8629 6323
3 9003 9004 6125
3 2954 8489 5705
3 6485 7588 3264
3 7099 8395 3640
3 3406 7555 7140
3 3527 8880 6951
3 6303 6786 5995
3 3724 8099 8098
3 5590 8933 8075
3 4358 8871 6250
3 6826 7077 3819
3 2300 7490 5200
3 472 7669 4320
3 4696 8694 8693
3 1916 9045 6648
3 6563 6871 3423
3 4711 8797 5526
3 3912 8031 6557
3 3163 8945 6393
3 2494 7006 7005
3 3427 8901 3428
3 6869 9041 2924
3 4569 8648 5753
3 1756 8632 6440
3 2947 9120 5157
3 40 8395 7099
3 5997 5998 3157
3 5665 8905 1853
3 3762 7592 6872
3 4734 5242 4166
3 3941 7906 7653
3 6649 7954 4002
3 7730 8701 3719
3 8722 8723 8720
3 6819 9095 4515
3 1834 8139 7759
3 4379 7832 6596
3 4078 8165 5850
3 3897 7766 7036
3 6028 8218 3919
3 6111 8826 3223
3 3986 8788 8492
3 8104 8783 5029
3 7797 7842 2027
3 3230 8900 6681
3 3959 8915 7902
3 4881 9040 7661
3 6661 7517 3419
3 8243 8301 8234
3 1844 7980 7396
3 1680 8819 6477
3 6537 6940 3177
3 5677 8438 1701
3 1701 6174 5677
3 7107 7672 2401
3 4345 7866 7253
3 2850 8543 6609
3 3279 8159 7218
3 7707 7727 4350
3 5818 8623 6484
3 3304 8684 6829
3 6267 7338 2734
3 6696 9053 3290
3 5491 6639 2442
3 1373 8119 6446
3 3915 7812 4786
3 7448 8889 2775
3 5050 8622 2649
3 4503 8874 5306
3 4532 8652 6462
3 6704 8640 2841
3 7150 8576 3227
3 3747 8927 6196
3 7405 7879 3158
3 5619 6580 3934
3 3591 8583 3218
3 7030 8651 3459
3 4357 8821 70
3 6381 8397 4742
3 3732 7884 6724
3 4050 7786 7369
3 3397 7705 4437
3 6511 9097 4924
3 5504 8840 4125
3 4643 6908 1046
3 5015 8186 1823
3 6145 8667 3365
3 4399 8182 3435
3 6702 8815 1907
3 5480 8839 7401
3 7166 7966 4140
3 3169 8221 6197
3 6515 7523 1498
3 3386 9036 3865
3 3893 7258 6691
3 3686 8916 7785
3 6915 8777 3961
3 4159 6185 5233
3 4353 8678 8570
3 4794 9094 7019
3 5022 8121 7267
3 7432 8522 4169
3 8763 8764 4043
3 3185 6915 6914
3 3894 8035 7452
3 6648 9045 4119
3 7430 8764 1295
3 1366 8007 8006
3 5661 7886 1883
3 4023 7067 7054
3 8613 9099 3287
3 4863 7957 6793
3 5844 7980 614
3 5342 5713 3422
3 8061 8062 3632
3 5152 6707 3627
3 8240 8246 8243
3 4002 7954 7937
3 6947 8349 3359
3 4044 8918 7920
3 7437 8202 4681
3 7326 8918 4044
3 3647 8779 6672
3 6489 8898 2955
3 4355 7468 5804
3 3556 6064 5044
3 4734 8210 5242
3 4187 4879 4878
3 4666 8593 6514
3 594 1300 593
3 3404 8894 5153
3 232 8820 6841
3 3541 8151 8150
3 5779 5781 5775
3 5453 7306 3898
3 7216 8115 3935
3 7918 7984 4110
3 3903 6919 5738
3 6544 7017 1754
3 3558 8775 8560
3 5565 6273 2573
3 4120 8190 7981
3 3276 8226 7277
3 7440 8171 3685
3 8785 8786 456
3 4218 8680 5906
3 3398 6026 5851
3 2463 9116 6398
3 5397 7616 3451
3 5569 7071 1427
3 8162 9007 2966
3 6476 8588 4135
3 8235 8236 5696
3 7882 7894 2752
3 7790 7791 4297
3 2927 9084 5276
3 4641 7727 1751
3 2311 7779 6331
3 5915 9083 1419
3 6949 8912 3255
3 5259 8873 3674
3 6780 8671 8670
3 4124 6831 4089
3 7225 7226 5793
3 8829 9105 4292
3 5612 8203 1862
3 2253 8444 5652
3 2954 8176 6148
3 6399 8991 3191
3 5746 5747 3559
3 6617 8789 4321
3 6978 6979 3997
3 8060 8384 3404
3 5911 7638 3544
3 4667 9106 5955
3 7091 8849 1327
3 4255 9035 6874
3 7362 7595 4182
3 3549 7554 7035
3 4119 9045 6235
3 4789 7491 78
3 4614 8854 3423
3 5641 8683 3635
3 2203 7814 5429
3 7785 8916 1157
3 3896 8015 7644
3 5181 7254 5180
3 7852 8761 4018
3 6419 8461 4034
3 6911 8585 3927
3 3387 7292 4252
3 5990 8936 2338
3 2289 8849 5361
3 7001 9113 3506
3 7653 7906 1148
3 6360 8135 4426
3 7088 8056 4277
3 3491 8844 7752
3 2484 6082 6081
3 7970 9054 4484
3 7499 8595 2762
3 4326 8669 6356
3 638 7781 7603
3 3907 7344 6859
3 3983 7528 7527
3 4179 7616 5397
3 5044 6647 1371
3 8381 8424 4235
3 7648 8108 3825
3 8573 8574 2917
3 258 8959 7343
3 4236 8841 6705
3 5901 8853 1887
3 6611 7692 4039
3 8701 8972 4106
3 6694 9042 3539
3 7902 8915 4255
3 4280 8514 7230
3 4095 8144 6824
3 3223 8826 4164
3 6824 8144 1568
3 5099 8217 3651
3 5679 8828 3601
3 7869 7870 3382
3 7167 7212 4064
3 2075 6799 4999
3 4093 7672 7107
3 7754 7755 2970
3 7484 9079 4222
3 5535 6412 3716
3 6860 9117 1172
3 3720 7740 6905
3 3776 8398 6496
3 7639 8010 4254
3 7885 8190 4120
3 701 9036 6249
3 4035 7744 6419
3 3936 8458 8457
3 972 7982 830
3 2234 8810 5769
3 4292 9105 6473
3 7454 8484 3237
3 549 8378 7320
3 6845 8979 6468
3 8367 8847 1372
3 5903 6823 2521
3 5125 8588 6476
3 5528 7838 222
3 5054 8486 5568
3 7376 8505 1513
3 4748 8655 482
3 8557 8790 3746
3 4123 8933 6159
3 4609 7239 3872
3 3719 8701 5671
3 7190 8897 2454
3 2893 6361 4559
3 3412 7067 6678
3 2361 8519 6460
3 4491 8950 6242
3 105 7812 3915
3 7535 8090 4402
3 4984 7745 3362
3 1305 8064 7634
3 3304 7625 6558
3 4385 8621 7589
3 7153 7731 4164
3 3456 6734 4595
3 2026 7196 6428
3 4591 7497 7104
3 3338 7560 4612
3 3771 8608 6879
3 296 8390 6494
3 7046 7962 5229
3 6293 8383 3966
3 2254 5812 5487
3 2088 8563 4591
3 1372 7765 6569
3 4266 7531 7282
3 6191 7398 3912
3 1444 8792 8089
3 113 8542 8541
3 9020 9022 9014
3 3583 6965 6964
3 3342 8594 6504
3 6538 8582 4265
3 4451 6237 5269
3 3649 8231 5446
3 6697 8642 3141
3 3946 7515 5451
3 6116 8809 3472
3 6185 8996 5233
3 1377 9111 7295
3 7843 8493 4415
3 3905 9116 8225
3 3149 7686 6586
3 7326 8142 347
3 6092 6093 1117
3 1171 8914 6387
3 8986 9083 5915
3 3362 9103 6778
3 2483 5574 4648
3 5587 8932 4204
3 2573 7716 6850
3 5430 8549 2953
3 501 8822 6754
3 2184 8094 5462
3 6870 7894 4024
3 6493 8066 5090
3 4335 6936 4770
3 7734 8525 4436
3 4381 4969 3440
3 4490 8910 7420
3 7178 7695 4224
3 6292 7810 7778
3 8147 8935 5394
3 6975 8476 5319
3 4544 6685 6684
3 7392 7763 4074
3 2971 8402 4759
3 5271 8772 4138
3 5605 8102 6429
3 8233 8235 5696
3 5996 8491 3850
3 4056 9053 6696
3 2245 8798 5383
3 4054 8581 7480
3 7268 7269 4608
3 1957 8512 6555
3 6076 8647 998
3 6967 7965 3906
3 4966 8493 7843
3 2223 8058 6568
3 7062 8943 2023
3 8307 8308 8256
3 196 7545 7146
3 6293 8584 4328
3 3158 7879 7878
3 6557 8936 3912
3 3061 8102 5605
3 6954 8138 5748
3 3881 8409 6883
3 7794 8136 4195
3 3378 8638 7412
3 4773 7602 243
3 6198 7911 4365
3 3318 8823 6193
3 6038 7013 2594
3 5066 6808 4105
3 8046 9059 171
3 8446 8447 1433
3 3886 8596 6486
3 4114 8580 8478
3 7322 7799 4326
3 6453 6455 5795
3 5686 6414 1237
3 6701 8953 2932
3 2936 7703 4823
3 3952 8190 7885
3 2412 7636 5868
3 8728 8879 8730
3 2370 8115 7216
3 7806 8199 142
3 6299 6842 2962
3 7271 7705 3179
3 7107 7108 4093
3 5716 8963 2909
3 4787 8196 6335
3 7801 8738 4751
3 2307 8367 6569
3 7057 8745 1398
3 5116 6291 3482
3 6946 7996 1153
3 7024 7526 2345
3 8324 8879 8878
3 3511 8364 4975
3 2925 9041 4364
3 6879 8608 26
3 7812 8130 103
3 6158 7527 3984
3 2636 6179 5239
3 6614 7012 3331
3 6988 7294 3863
3 1320 7327 6210
3 1174 8416 4745
3 6480 8948 4594
3 5695 8928 4866
3 561 8004 6953
3 4843 6445 4840
3 4396 6916 6254
3 7070 8689 3478
3 5681 7382 7380
3 8691 8888 188
3 7917 8471 3474
3 1404 7838 5528
3 4172 9083 8986
3 5480 8019 1290
3 4557 8053 7040
3 7219 9028 4022
3 3152 9090 7092
3 4214 7292 2784
3 3073 6605 4856
3 8492 8788 3781
3 5046 8444 2253
3 7239 7240 3872
3 8860 8862 2378
3 1404 5528 5402
3 7170 9070 2830
3 4018 8761 7500
3 6146 8970 1760
3 1444 8089 6797
3 7311 7650 3238
3 7402 7403 4446
3 7840 8820 232
3 3901 7804 7031
3 8473 8696 4148
3 4177 7695 6289
3 482 7895 5819
3 2228 8578 7064
3 1288 8217 5099
3 8167 8470 3733
3 3937 7658 7551
3 6429 8102 3016
3 6330 8527 4534
3 5421 6173 3036
3 4832 6190 1486
3 8044 8045 3992
3 607 9008 5265
3 6728 8518 1874
3 8150 8151 3396
3 3210 8389 7177
3 4366 6679 2872
3 6109 7900 3765
3 2856 9097 6511
3 4832 9025 3345
3 310 8741 6199
3 5785 7388 7383
3 6987 8884 1958
3 1465 8893 7676
3 4185 8485 8484
3 5185 8364 3511
3 8330 8344 8262
3 5494 8574 7215
3 8098 8099 251
3 3362 6778 4984
3 7568 7884 3732
3 6411 6869 2924
3 5955 9106 4264
3 3814 8216 7242
3 7767 7795 3981
3 3461 6334 6333
3 151 8392 7339
3 4185 8484 7454
3 30 7657 7303
3 6981 8666 4443
3 7410 9043 3987
3 6396 8990 5609
3 8748 8749 1926
3 8464 8465 2457
3 3423 8854 5651
3 4227 8899 7052
3 7531 7867 3994
3 3807 7265 7222
3 127 8839 6074
3 6030 8489 4860
3 4111 7984 7918
3 6577 9049 2034
3 7185 8987 4101
3 5779 6124 5793
3 7645 7875 2568
3 4022 9028 6945
3 3275 8422 7613
3 6844 7089 3908
3 4301 6053 3367
3 3961 8745 7057
3 5668 5888 4381
3 7401 8839 127
3 4383 7825 7044
3 6240 8116 712
3 4318 7842 7797
3 1423 7739 6674
3 7006 8959 258
3 3292 7579 6551
3 8989 9040 5252
3 6024 7980 1844
3 6941 6942 1739
3 8498 9096 6230
3 1846 9026 6943
3 1823 8186 1093
3 6204 8420 4603
3 5599 6924 4079
3 7043 8509 3608
3 7339 8392 1340
3 1314 7698 7154
3 8244 8289 8234
3 5074 7427 2676
3 2239 5806 5805
3 7805 8376 2405
3 3648 7900 6109
3 2190 8987 7185
3 3284 8456 8146
3 8772 8773 4138
3 6386 8747 3857
3 3907 7673 7344
3 7613 8422 3710
3 4461 8805 8167
3 1663 9044 4736
3 5976 8787 3406
3 8262 8344 8267
3 5687 9122 1272
3 4611 7342 2266
3 5550 8117 8101
3 7468 9047 3246
3 6460 6700 2361
3 4627 8844 7120
3 6870 9068 2753
3 7580 8617 3162
3 4721 6616 6615
3 3867 8357 7654
3 8748 9091 4368
3 6929 8496 4175
3 7731 7732 4164
3 2801 8218 6028
3 3633 8538 6804
3 4407 8630 8141
3 4019 7021 6122
3 2261 8158 5808
3 4642 8105 6756
3 3189 8618 8222
3 6484 8623 1330
3 6330 8952 2767
3 45 8431 4308
3 7817 8658 1646
3 3981 7795 6347
3 5033 8598 6261
3 7153 8826 4160
3 5835 8031 2629
3 4411 8424 8381
3 8101 8117 3224
3 7672 8635 191
3 3916 6977 6480
3 7263 8445 360
3 1486 9025 4832
3 6032 7773 4586
3 8504 8744 4435
3 4665 8645 4251
3 7655 8643 4325
3 4158 8774 2668
3 4656 9108 6384
3 6495 8048 2352
3 7654 8357 2274
3 9099 9100 4944
3 6254 8036 4396
3 4731 6507 3363
3 7298 7401 2276
3 3326 9114 7174
3 6731 6732 2638
3 8216 8958 4574
3 6319 7408 5010
3 7344 7673 3791
3 6190 6245 1486
3 4096 8658 7817
3 8973 8974 4081
3 8808 8967 3219
3 3924 8945 7553
3 862 861 897
3 3807 9027 7265
3 7601 7602 4773
3 6193 9058 3318
3 1496 7845 304
3 3865 8551 5601
3 4497 8376 7805
3 7277 8226 4153
3 5082 8940 7530
3 115 8624 4586
3 986 1580 961
3 8833 8835 8834
3 4524 7746 2753
3 3599 7761 6300
3 5342 6136 5713
3 4998 8696 8473
3 3651 9084 5098
3 8012 8695 3891
3 4697 8646 3711
3 3762 8452 7593
3 3945 8559 6907
3 925 8812 1569
3 4367 8643 7655
3 6132 7840 2441
3 6392 8924 4649
3 4744 6629 6628
3 2423 8675 8428
3 4010 7791 7790
3 2519 8964 7999
3 2182 8585 6911
3 7096 7548 3732
3 6940 7417 3177
3 5018 8886 6208
3 7937 8225 1432
3 7320 8378 560
3 7104 7497 5686
3 4645 7547 6933
3 3410 6956 6098
3 7124 8093 3938
3 8104 8752 3888
3 4749 7688 6441
3 7492 8659 5613
3 8003 8537 4171
3 6848 9087 4415
3 4625 8225 7937
3 3030 8384 8060
3 6587 8288 8273
3 6522 7617 4298
3 1838 8744 8504
3 3199 8630 8083
3 2962 8886 6170
3 4225 9028 7219
3 8027 8028 4176
3 1554 7046 7045
3 49 8035 7359
3 6255 8150 5147
3 8267 8343 8326
3 2915 7707 4350
3 5662 7796 1870
3 4354 8570 8385
3 6426 7889 4434
3 8385 8570 3495
3 2724 6461 4051
3 7252 8805 4461
3 4854 8912 6949
3 3850 7354 5996
3 3293 7517 6661
3 7705 8582 3179
3 4262 8136 7794
3 6456 7896 7720
3 8437 9090 3152
3 4508 8471 7917
3 4029 8205 5950
3 7017 8039 1754
3 7932 8214 652
3 166 8421 5507
3 3534 8364 5185
3 4168 5242 5240
3 5942 7767 3981
3 5059 8141 8140
3 1561 7780 5175
3 7292 8697 2784
3 5555 6365 3398
3 4368 8749 8748
3 7447 7754 2970
3 3979 7975 7483
3 4425 8467 7480
3 2819 8462 5904
3 4469 7883 6792
3 6992 6996 6995
3 7546 8985 4639
3 2494 8959 7006
3 8069 9052 40
3 3173 7973 5016
3 1870 8096 5662
3 168 8453 8181
3 3159 8883 8642
3 8560 8775 3923
3 4024 7894 7882
3 4748 8800 8655
3 8478 8599 4114
3 4171 8537 7997
3 8451 8452 3762
3 2747 7789 6708
3 3139 8665 8664
3 3972 7102 3265
3 7398 8031 3912
3 4825 7881 3604
3 1561 8038 7780
3 1927 8010 7639
3 8706 8708 7074
3 3960 7983 5418
3 3841 5759 4272
3 5304 6329 4188
3 4860 8489 2954
3 3744 8722 8720
3 4861 8605 6374
3 4406 8108 8083
3 8484 8485 4512
3 4612 7560 5016
3 2629 8031 7398
3 7775 8910 4490
3 8287 8321 8283
3 3273 8752 8104
3 3776 8399 8398
3 1733 7708 6297
3 6971 7772 2922
3 4245 7180 4826
3 7548 8755 3732
3 5364 8360 8151
3 5524 5525 4060
3 5239 8437 2636
3 6812 8976 3679
3 7296 8832 4076
3 7303 7657 4304
3 4243 8645 6861
3 2582 9048 8962
3 3889 8008 6697
3 6757 8533 4460
3 3620 8433 8432
3 4670 7640 7251
3 5507 8421 7209
3 4101 8661 8487
3 4378 9113 7001
3 6228 9096 8498
3 4867 8612 161
3 5702 8958 8216
3 7265 9027 3760
3 3548 8917 7075
3 347 8918 7326
3 8081 8232 5086
3 8428 8675 4258
3 7641 8617 4934
3 4291 7511 7510
3 4870 8859 2717
3 7735 8612 4450
3 7687 8568 4404
3 7738 8965 1362
3 6686 7690 1849
3 8690 8691 2398
3 4355 9047 7468
3 6933 7547 7546
3 7449 7513 6226
3 1979 9127 8941
3 6508 8188 2657
3 8384 8894 3404
3 6813 6814 4437
3 4041 8838 7488
3 4149 8929 6781
3 7941 8921 4830
3 913 5170 912
3 1474 8651 7030
3 7453 7974 4311
3 7776 8875 4503
3 7999 8964 5799
3 5240 6618 4168
3 7177 8389 1615
3 6100 7184 4480
3 8285 8321 8287
3 5155 8531 3870
3 8083 8630 4407
3 7306 8631 3898
3 4878 7047 4187
3 7046 7047 3388
3 7775 8677 4501
3 7042 8603 4564
3 4560 8223 6435
3 3772 7727 7707
3 3339 8677 8482
3 6418 9058 4270
3 7878 7879 4446
3 8006 8007 4514
3 2838 8093 6688
3 4194 8809 6116
3 5597 8598 5033
3 1438 8851 5117
3 6606 8814 2619
3 1814 8685 4752
3 7083 8855 244
3 8293 8299 8298
3 9000 9001 6131
3 7386 7388 5785
3 3202 8972 8701
3 4129 7706 3488
3 6744 7442 4607
3 3273 8753 8752
3 7105 7106 3829
3 3870 8531 3277
3 4017 8761 7852
3 8482 8677 4490
3 5350 8631 7306
3 8075 8933 4123
3 5513 7546 2474
3 8966 8968 3752
3 7981 8190 1686
3 4407 8123 8083
3 3867 7654 6388
3 7071 7860 1427
3 4887 7841 2801
3 6906 7857 4203
3 3183 8919 8700
3 1237 7104 5686
3 8960 9033 4325
3 7798 8788 2032
3 7773 9071 4586
3 6312 7520 4116
3 4071 8976 8546
3 7940 8206 2679
3 3936 8165 3153
3 7352 8004 3968
3 7356 8892 1965
3 3923 8775 5578
3 5671 8701 4106
3 5740 9093 3613
3 3177 8931 7979
3 753 7917 5093
3 6299 8463 2456
3 1793 8510 7333
3 6894 9007 4333
3 706 8627 6958
3 8700 8919 4604
3 6589 7808 6128
3 8083 8123 4406
3 4253 8975 5975
3 8705 8706 3740
3 5652 8827 110
3 4671 8691 8690
3 5513 8985 7546
3 6627 8478 609
3 6369 6375 4102
3 8298 8306 8281
3 6177 8622 2380
3 7828 8468 5000
3 4224 7807 7178
3 4438 8452 8451
3 6785 6786 6303
3 3055 7502 7501
3 5473 8777 4797
3 4752 9102 1814
3 6345 8320 8297
3 6743 7670 4504
3 8148 8885 2908
3 3750 7730 4824
3 2474 6747 5495
3 7776 8362 1207
3 3202 8701 7730
3 1814 8953 5149
3 8941 9127 4739
3 5850 9067 4078
3 4696 8693 8692
3 1167 8958 4078
3 4606 8968 8966
3 5577 8345 7517
3 7092 9090 4337
3 7660 9065 5199
3 8281 8306 8285
3 5934 7559 3842
3 5651 7892 3423
3 3108 7093 6373
3 3792 8831 7820
3 2796 8776 7248
3 7649 7714 3736
3 1858 8064 6583
3 3875 8984 8215
3 3742 7862 3841
3 4863 8954 7957
3 7722 7896 6456
3 4586 8624 6032
3 7490 8191 1378
3 8825 9111 4918
3 64 9046 5290
3 8535 8966 3752
3 4540 8582 7705
3 4339 8848 8847
3 4559 8223 2893
3 8276 8287 8279
3 2032 7803 7798
3 1570 8062 8061
3 6863 8920 4306
3 2943 8359 7703
3 7648 7649 3199
3 6572 8843 1906
3 6468 8979 3453
3 1217 7787 5033
3 4311 8854 7453
3 3736 7714 7446
3 8225 9116 1432
3 7283 7284 1234
3 90 8817 6617
3 7757 8534 4793
3 4035 8577 2830
3 4502 6261 6212
3 7762 7819 3958
3 7209 8421 3860
3 5149 8685 1814
3 4469 7892 7883
3 7915 8687 4678
3 500 7852 6689
3 8281 8287 8276
3 8487 8661 3271
3 8915 9035 4255
3 7147 8350 4542
3 2292 8119 7661
3 6329 9066 5213
3 4124 6832 6831
3 8335 8342 8339
3 3539 9042 7751
3 8663 8664 5240
3 2652 8653 6989
3 8340 8342 8337
3 2861 8505 7376
3 7141 7969 4005
3 6135 6136 5342
3 3969 8004 7352
3 8847 8848 2375
3 1993 8825 6205
3 4671 8888 8691
3 6296 7421 6965
3 6457 7948 5791
3 2605 8756 5372
3 6543 7159 4465
3 6526 6527 3430
3 8655 8800 6663
3 8556 8557 3973
3 5417 9026 8782
3 7321 8375 6006
3 2335 7321 6006
3 5364 8151 7851
3 6324 8609 4838
3 7527 7528 3984
3 1281 8974 8973
3 4789 6237 4451
3 1615 7250 6199
3 8129 8364 3534
3 6580 7910 3934
3 7389 8957 7388
3 726 7884 7568
3 4490 8677 7775
3 3119 6530 6505
3 5147 7761 74
3 7670 8180 4651
3 4402 8090 37
3 6720 8132 4309
3 1907 8815 8814
3 8174 8852 5112
3 2548 8995 8994
3 7419 7792 4170
3 8270 8307 3149
3 3183 8700 8684
3 7295 9111 2666
3 37 8090 5101
3 7957 8954 2913
3 5380 9060 4342
3 5778 8309 7508
3 4187 8459 4879
3 6722 8785 456
3 7364 7366 4314
3 6354 8866 4020
3 8731 8734 8710
3 7820 8831 3228
3 4591 8563 8562
3 4564 8603 2670
3 4591 8562 7497
3 4059 4295 3561
3 3977 7925 6762
3 8279 8287 8283
3 6620 9063 2917
3 7079 8797 4711
3 1097 7647 1829
3 6445 8018 3291
3 7033 8521 2503
3 7644 8015 4571
3 8955 8956 4365
3 5986 8354 2435
3 7991 8927 3747
3 2075 7290 6799
3 4437 7271 6813
3 7420 8910 2469
3 2947 7354 3850
3 8289 8290 8237
3 7307 8556 3973
3 4450 8612 8349
3 6389 9042 126
3 5086 8232 2207
3 7052 8899 2368
3 7751 9042 6389
3 8878 8879 8728
3 8180 8181 4651
3 7183 8807 4701
3 8442 9024 5872
3 3544 7706 5911
3 2942 8621 4386
3 4051 8531 5155
3 4472 8885 8148
3 8349 8612 4867
3 7453 8854 4614
3 986 9106 4667
3 7186 8851 3880
3 7745 8147 5394
3 4480 8236 6100
3 4007 8085 6544
3 7546 7547 2474
3 8203 8346 1862
3 4795 8617 7580
3 1296 8575 8511
3 4910 8212 8207
3 1872 7647 1097
3 4320 9046 8520
3 8296 8324 8320
3 8285 8287 8281
3 7174 9114 4513
3 6735 6736 2377
3 4450 8349 6947
3 5220 8152 2503
3 7558 8474 3355
3 4314 7365 7364
3 4309 9078 6720
3 7560 8611 5016
3 4565 8695 8012
3 4394 7119 6709
3 5681 6676 3697
3 5009 7408 7407
3 7106 7289 4638
3 8290 8292 8237
3 7165 7570 1711
3 7002 7005 4648
3 7515 7923 5451
3 4339 8847 8367
3 7409 7756 5098
3 4375 8882 8558
3 4695 8657 7251
3 4207 8956 8955
3 2331 9126 9125
3 4077 8982 7476
3 4128 6878 6877
3 3499 8828 5679
3 8222 8618 4459
3 2747 9041 6869
3 5775 7184 5779
3 7242 8216 4574
3 6346 6878 4128
3 7759 8139 4596
3 7990 8476 5318
3 5960 7863 4611
3 5753 8648 4033
3 1032 8993 1636
3 1092 6626 1764
3 5117 8851 7186
3 4321 8789 7332
3 6164 7855 1677
3 6596 7832 3900
3 7251 8657 4670
3 1237 8928 7104
3 8203 8863 4186
3 6767 7925 3977
3 6586 7686 3512
3 3727 9119 7621
3 8234 8301 8244
3 8432 8433 3922
3 1309 8977 603
3 8370 8506 3389
3 2311 6331 6314
3 8730 8879 6344
3 4598 8506 8370
3 4297 7651 5110
3 5241 8664 8663
3 6942 8520 1739
3 8140 8141 1726
3 3453 8979 6961
3 259 7516 6875
3 8752 8753 4500
3 2921 7403 7402
3 7868 8907 1551
3 8297 8319 6345
3 8962 9048 4610
3 3060 9091 8748
3 3345 9025 9024
3 7883 7892 5651
3 3345 9024 8442
3 8132 8431 4309
3 6798 6936 4336
3 7232 8554 7233
3 7248 8776 4259
3 7593 8452 2926
3 7391 8347 2548
3 2255 7065 6944
3 8302 8303 8299
3 1583 7183 3070
3 4503 8875 8874
3 6196 8927 2822
3 2921 7402 6822
3 8293 8298 3150
3 1169 8090 7535
3 8292 8309 5778
3 4308 8431 8132
3 1739 8520 7652
3 8375 8944 6006
3 4611 7863 7342
3 1289 8611 7560
3 4198 8655 6663
3 8664 8665 5240
3 5220 8092 6956
3 4186 8346 8203
3 6435 8223 4559
3 3850 8491 6752
3 6943 9026 4903
3 7634 8064 1858
3 7223 7225 6124
3 7386 7389 7388
3 7146 7545 4836
3 8181 8453 5130
3 8293 8319 8299
3 5262 8206 7940
3 4302 8967 8808
3 2850 6395 5973
3 4437 7705 7271
3 8723 8731 8720
3 1202 7585 6142
3 4556 7127 7126
3 9024 9025 5358
3 6142 7621 1202
3 1246 513 1245
3 2580 6638 6607
3 6296 6965 3401
3 7693 7694 4581
3 4379 8214 7932
3 1836 9033 8960
3 3727 7621 5211
3 8814 8815 2619
3 7578 7737 7574
3 8642 8883 4609
3 5345 8765 2985
3 2934 9102 5244
3 6154 8779 3647
3 4945 8072 7008
3 3512 8474 7558
3 5366 8382 260
3 7189 7354 3782
3 2921 8028 8027
3 3889 8922 8008
3 5239 9090 8437
3 4320 8520 6942
3 7500 8761 3283
3 7154 7698 5487
3 7227 8869 8867
3 5244 8447 8446
3 5229 7047 7046
3 4274 8707 8702
3 999 6076 998
3 4975 8364 8129
3 8997 9000 6130
3 502 1778 503
3 0 7425 1133
3 1133 7952 0
3 0 8458 7425
3 1 3428 2175
3 2175 9067 1
3 3 5709 1135
3 1135 7273 3
3 5 1147 2991
3 364 5968 6
3 1137 6812 9
3 11 10 1139
3 1128 6502 10
3 12 3377 362
3 15 7237 14
3 15 5999 16
3 1140 4750 16
3 16 5614 1140
3 18 4199 17
3 17 7790 18
3 1127 1141 17
3 4010 7790 17
3 18 5110 1142
3 1145 20 1135
3 1145 8948 20
3 23 1147 1136
3 24 6481 1150
3 25 4848 367
3 367 4861 25
3 27 5943 1153
3 29 4672 28
3 28 4761 29
3 31 8033 32
3 32 9100 31
3 31 9099 8613
3 31 9100 9099
3 32 8033 6374
3 33 6152 1157
3 35 34 1152
3 35 8067 34
3 2177 3287 34
3 34 7511 2177
3 34 8067 3874
3 1152 8348 35
3 1664 1107 36
3 1161 36 1142
3 36 5685 1142
3 1161 7983 36
3 38 4402 37
3 37 6653 38
3 37 5101 1162
3 1162 5934 37
3 38 4400 376
3 376 6160 38
3 45 4308 381
3 381 5202 45
3 46 8155 2186
3 49 7359 1177
3 2988 50 397
3 2988 6590 50
3 51 6474 2192
3 2110 55 2195
3 56 1483 451
3 451 6367 56
3 2196 7561 56
3 1197 1529 57
3 58 1199 379
3 379 2700 58
3 1198 3464 58
3 58 5596 1198
3 1200 7243 59
3 3274 5649 59
3 59 7243 3274
3 2197 5427 60
3 60 6466 2197
3 61 1206 1691
3 61 1692 1206
3 1208 4784 62
3 62 5884 1208
3 2198 5445 62
3 62 5474 2198
3 62 5891 5884
3 458 4680 63
3 2198 63 1211
3 1724 63 1723
3 1723 63 2198
3 64 3301 1212
3 1212 5914 64
3 2720 461 65
3 2200 65 1753
3 65 5819 1753
3 2200 4211 65
3 1218 4088 67
3 67 4706 1218
3 67 6749 1219
3 1219 7349 67
3 4088 8619 67
3 493 5054 71
3 72 2208 1780
3 72 6254 2208
3 1234 6014 73
3 2209 6255 74
3 74 8859 2209
3 76 510 1556
3 76 3738 510
3 2213 77 2214
3 2213 5855 77
3 78 3964 1248
3 1248 8483 78
3 78 7491 3964
3 2728 5843 79
3 513 81 1245
3 82 4755 531
3 82 5159 2220
3 83 534 2850
3 83 8641 534
3 87 2226 89
3 87 1789 2226
3 87 4987 1789
3 2225 4451 87
3 1263 88 2737
3 88 5843 2737
3 1797 2228 89
3 89 2229 1799
3 90 6617 2230
3 558 3804 91
3 91 7496 558
3 91 2231 1798
3 91 8810 2231
3 559 92 111
3 92 2232 111
3 92 6444 2232
3 1288 2234 93
3 2234 5769 93
3 1804 2236 94
3 2239 6238 96
3 2241 4555 99
3 101 4747 100
3 100 3863 578
3 1283 4786 103
3 2243 5229 103
3 105 3915 1285
3 2246 4081 106
3 106 4193 2246
3 106 5534 2247
3 2247 5816 106
3 106 6830 4193
3 2248 7409 107
3 107 7487 2248
3 582 2251 108
3 108 2251 2249
3 2249 3623 108
3 3623 6984 108
3 2250 2249 109
3 2249 2251 109
3 109 2252 2250
3 2251 5878 109
3 109 8409 2252
3 110 5017 2252
3 111 6169 559
3 113 5347 2258
3 2258 7989 113
3 7989 8542 113
3 1247 114 519
3 2752 114 1247
3 2260 4548 114
3 114 4621 2260
3 2752 4673 114
3 115 4690 1299
3 1299 7687 115
3 115 7687 5688
3 2261 8063 116
3 117 4621 2263
3 2263 7890 117
3 2263 4673 118
3 118 7337 2263
3 1868 120 2269
3 120 6388 2269
3 2270 6788 120
3 120 7796 2270
3 121 1316 2270
3 121 2277 1316
3 2270 5663 121
3 2271 2277 121
3 121 7700 2271
3 1796 1313 123
3 1313 7487 123
3 123 7487 7486
3 607 124 1840
3 607 7060 124
3 128 6520 2277
3 129 4494 130
3 130 5372 129
3 5372 8756 129
3 2279 6149 130
3 130 7103 2279
3 132 2283 1321
3 132 4367 2283
3 2284 5731 132
3 132 6013 2284
3 132 7462 6013
3 2769 1367 134
3 134 5926 2769
3 1363 135 2770
3 135 5920 2291
3 626 4356 137
3 137 4553 626
3 137 2294 1863
3 137 6063 2294
3 2299 1996 139
3 139 2054 2298
3 633 140 1852
3 633 5665 140
3 2301 4411 140
3 140 5935 2301
3 2937 143 634
3 2303 6684 143
3 2309 1901 145
3 145 7600 2309
3 147 7779 2311
3 2313 5857 148
3 148 8508 2313
3 149 1905 2316
3 2316 7155 149
3 149 6121 2317
3 2317 6606 149
3 645 150 1909
3 2317 150 1907
3 2621 1907 150
3 150 4173 1909
3 2317 8145 150
3 3338 4173 150
3 150 8145 5710
3 157 2328 151
3 151 7339 2320
3 152 5870 2322
3 153 6848 2322
3 2322 7272 153
3 153 4862 2323
3 2323 7059 153
3 153 7059 4420
3 166 1346 154
3 2323 154 1346
3 2323 4108 154
3 154 5308 2324
3 2324 6534 154
3 2325 155 1920
3 2325 4347 155
3 156 3359 1342
3 1342 6202 156
3 1315 157 2276
3 1315 2328 157
3 2327 7298 157
3 158 1317 2329
3 2321 2328 158
3 2328 4518 158
3 2331 4862 159
3 159 7399 2331
3 2333 160 1336
3 160 5308 2332
3 2333 4174 160
3 161 2334 1342
3 1342 4867 161
3 161 6412 2334
3 162 3944 2335
3 647 5617 163
3 163 9120 647
3 163 8480 2337
3 163 5617 3491
3 3491 7752 163
3 166 5354 165
3 166 5507 1346
3 2786 1936 168
3 168 8180 2786
3 2365 5975 174
3 2373 177 1971
3 2373 4409 177
3 2798 5408 177
3 177 5886 2798
3 179 1980 2800
3 179 6737 2377
3 2800 7364 179
3 670 4083 180
3 2378 8862 180
3 2381 181 2025
3 2027 181 2382
3 2381 5030 181
3 181 3888 2382
3 181 8783 3888
3 182 673 2806
3 182 7232 673
3 2383 4603 182
3 182 7537 2383
3 3849 7232 182
3 4603 8420 182
3 185 5283 2392
3 2392 7483 185
3 2393 8195 186
3 2394 3944 186
3 186 4941 2394
3 2395 187 1380
3 2395 5374 187
3 188 9055 2397
3 2398 8691 188
3 195 2967 671
3 2407 2967 195
3 195 7438 2407
3 196 697 1986
3 196 7146 697
3 2664 196 1986
3 2408 196 2664
3 2408 4837 196
3 4837 7545 196
3 200 2960 1400
3 1400 7347 200
3 202 4336 2414
3 2415 5608 202
3 1402 1424 204
3 207 1412 208
3 208 8940 207
3 1412 222 208
3 208 7838 1404
3 209 211 2420
3 2424 211 209
3 2420 4499 209
3 2421 2424 209
3 209 3953 2421
3 4499 8016 209
3 2422 3997 210
3 210 5087 2422
3 2423 2426 210
3 210 5174 2423
3 2424 7034 211
3 3101 3102 211
3 212 4785 2425
3 2425 6543 212
3 2425 5087 213
3 2426 7178 213
3 2423 1111 214
3 2423 214 2426
3 214 6289 2426
3 1406 216 215
3 216 5389 215
3 215 1111 1406
3 215 5389 1111
3 1406 4242 216
3 1111 5389 219
3 219 6189 1111
3 3689 6189 219
3 2433 222 2671
3 2433 5528 222
3 223 698 1414
3 223 3800 698
3 1414 3256 223
3 2006 223 2433
3 2006 7147 223
3 223 5261 2433
3 223 3256 3174
3 698 4770 224
3 2434 699 224
3 1413 2434 224
3 224 5607 1413
3 224 6798 5607
3 225 3650 1415
3 1415 4456 225
3 226 1112 2672
3 226 4547 1112
3 2964 700 227
3 700 4968 227
3 227 1112 1418
3 227 1420 1112
3 2439 1420 227
3 228 5986 2435
3 2435 8175 228
3 2436 4547 228
3 228 7887 2436
3 230 229 1465
3 230 5277 229
3 229 6047 2437
3 6046 6047 229
3 2438 4783 230
3 230 5278 5277
3 2439 3989 231
3 704 3880 236
3 236 7939 704
3 7712 7939 236
3 2513 239 238
3 239 4328 238
3 2514 238 2461
3 2513 238 2514
3 4328 8897 238
3 2462 8383 239
3 241 4669 2465
3 1435 2467 242
3 2467 5822 242
3 2469 5205 243
3 2476 4699 247
3 248 4904 2477
3 2477 7144 248
3 252 251 2446
3 252 3869 251
3 251 8099 1446
3 2446 251 2447
3 252 7506 1447
3 2480 5424 256
3 256 7083 2480
3 260 4150 1455
3 1455 7818 260
3 260 5691 2486
3 2486 7048 260
3 260 7048 3830
3 260 8382 4150
3 714 6851 261
3 261 7893 714
3 261 2487 2066
3 261 4815 2487
3 262 6782 1458
3 2479 1445 265
3 2489 265 1445
3 267 6095 266
3 1463 4516 266
3 266 4516 2489
3 2489 7876 266
3 266 7876 5853
3 269 4441 1463
3 1463 6095 269
3 270 4457 1465
3 2492 8368 270
3 271 5533 2493
3 2493 7096 271
3 1472 3861 272
3 272 7003 1472
3 2494 7005 272
3 272 7757 2494
3 3861 6542 272
3 273 274 1491
3 2061 274 273
3 275 6935 274
3 276 4819 275
3 278 4622 1476
3 278 7656 4622
3 279 1485 724
3 724 4813 279
3 279 5726 1485
3 1482 3585 280
3 280 4082 1482
3 282 3795 283
3 283 6912 282
3 282 752 1257
3 1475 752 282
3 1257 4839 282
3 282 7315 3795
3 283 4431 1483
3 1483 7561 283
3 4522 6912 283
3 1485 3389 284
3 284 8184 1485
3 4239 8184 284
3 288 7407 769
3 1233 783 293
3 293 5128 1233
3 2849 294 1239
3 294 3252 1239
3 2501 294 1285
3 1287 294 2849
3 2501 3252 294
3 295 3738 789
3 789 5381 295
3 295 3513 2503
3 2503 4279 295
3 295 5928 3738
3 2503 8390 296
3 2504 5255 296
3 1500 1499 297
3 2506 1500 297
3 297 3411 2506
3 2507 3409 297
3 297 4473 2507
3 3409 5332 297
3 297 8988 4473
3 2508 1480 298
3 1480 5944 298
3 298 7370 2508
3 2509 5028 298
3 298 5533 2509
3 2510 299 1472
3 299 7157 2509
3 2509 9108 299
3 2510 8548 299
3 299 9108 4656
3 2466 300 2511
3 2510 3895 300
3 300 5221 2511
3 3895 7598 300
3 1435 301 2468
3 2511 301 1435
3 2468 301 2512
3 2511 5127 301
3 301 6078 2512
3 302 2512 2462
3 303 2515 1389
3 1389 3547 303
3 2461 2460 303
3 2460 2515 303
3 303 2514 2461
3 303 4877 2514
3 304 7846 794
3 2851 1496 304
3 7845 7846 304
3 305 5010 796
3 310 3498 1518
3 1518 5362 310
3 1519 5079 310
3 310 6199 1519
3 312 5824 1534
3 1534 8803 312
3 1567 504 321
3 1566 7851 321
3 321 8194 1566
3 948 326 949
3 2536 335 1603
3 335 2537 1605
3 1605 6553 335
3 2555 2537 335
3 335 6553 5849
3 1005 3891 337
3 337 6176 1005
3 3709 6176 337
3 1603 3748 338
3 338 7019 1603
3 4794 7019 338
3 339 2540 2136
3 2136 8767 339
3 339 3750 2540
3 3106 1609 342
3 1609 4486 342
3 3105 3106 342
3 347 5031 346
3 346 8918 347
3 346 1616 1721
3 346 8740 1616
3 414 6931 347
3 347 8142 414
3 354 2547 357
3 357 2554 354
3 1641 2547 354
3 2548 3993 354
3 354 8995 2548
3 5929 8995 354
3 2147 355 1037
3 355 6214 1037
3 2549 8114 355
3 2550 3972 356
3 356 6662 2551
3 356 3972 3265
3 2547 2553 357
3 2553 6040 357
3 2536 2535 358
3 2535 2557 358
3 2536 358 2556
3 358 5280 2556
3 2560 5202 359
3 362 6525 363
3 363 6773 362
3 362 4285 365
3 365 5867 362
3 3377 6525 362
3 362 6773 4285
3 366 4979 363
3 363 6525 366
3 1143 6773 363
3 368 6404 367
3 367 8605 4861
3 370 1156 369
3 369 6498 370
3 369 3686 1661
3 1661 6497 369
3 369 5553 3686
3 6497 6498 369
3 370 6498 6298
3 371 4369 375
3 375 7521 371
3 371 7521 3793
3 3793 7632 371
3 1156 7859 373
3 1158 1663 374
3 1662 5765 374
3 4071 4563 374
3 374 5765 4071
3 4369 7729 375
3 1666 376 377
3 376 4213 377
3 376 4400 1665
3 1665 5071 376
3 377 4205 1666
3 378 7266 455
3 2700 5563 378
3 378 5596 2700
3 380 379 1199
3 380 6856 379
3 379 5565 2700
3 1207 1166 380
3 380 1199 1201
3 380 7777 1207
3 3518 6856 380
3 383 5823 382
3 382 2901 2900
3 2900 9109 382
3 382 9109 3843
3 391 1196 384
3 387 5489 386
3 1712 5088 386
3 2912 4900 386
3 386 7903 2912
3 2110 5461 387
3 1208 394 2190
3 394 8987 2190
3 2704 8054 397
3 418 5104 417
3 912 2082 430
3 2082 1192 430
3 1193 5946 431
3 431 6011 1193
3 431 2168 2714
3 3565 6011 431
3 431 5946 3910
3 432 3195 511
3 511 6632 432
3 432 3400 2168
3 432 4688 3195
3 432 6048 3400
3 432 6632 6631
3 2194 3583 433
3 433 6629 2194
3 3583 6964 433
3 433 6630 6629
3 441 8822 501
3 441 5042 2714
3 2714 5123 441
3 1713 442 2715
3 443 1712 2195
3 444 6083 499
3 503 4546 448
3 449 4988 450
3 450 6287 861
3 1530 4870 450
3 455 452 1198
3 455 1668 452
3 452 5649 456
3 456 8786 452
3 2718 3464 452
3 452 5305 2718
3 4230 5305 452
3 453 6722 456
3 453 4238 1202
3 454 3805 1203
3 1203 4231 454
3 455 4512 1668
3 458 5919 1209
3 2911 5919 458
3 1213 5152 460
3 1738 3562 460
3 460 4658 1738
3 2915 4350 460
3 3340 4658 460
3 460 5152 3340
3 2720 462 461
3 462 3187 463
3 463 5699 462
3 2720 1226 462
3 1226 5752 462
3 462 8411 3187
3 3215 4748 462
3 462 5699 3215
3 1760 463 464
3 463 3559 464
3 463 3974 1759
3 1760 6306 463
3 3187 8790 463
3 463 5746 3559
3 463 8790 3974
3 463 6529 5699
3 463 6306 5700
3 464 6146 1760
3 464 4665 2201
3 2201 6146 464
3 465 5896 2918
3 2918 6777 465
3 465 5032 2919
3 2919 9095 465
3 465 9095 6819
3 467 4515 1763
3 1763 5882 467
3 467 7813 4515
3 468 4022 1092
3 468 5882 2920
3 1215 4225 469
3 2997 474 470
3 470 475 1216
3 473 6941 1217
3 1260 6941 473
3 474 1741 1220
3 2997 1741 474
3 476 5871 475
3 1262 5871 476
3 476 6716 1262
3 478 6413 477
3 520 5269 478
3 478 5269 1221
3 479 4189 1223
3 1223 4780 479
3 480 7848 1753
3 1753 7895 480
3 481 5989 2205
3 2205 7959 481
3 5420 5989 481
3 483 3949 484
3 484 4952 483
3 483 4950 1089
3 1089 7622 483
3 1708 483 1228
3 483 3403 1228
3 483 8154 3403
3 483 5483 5482
3 483 7622 5483
3 485 3422 484
3 486 3140 485
3 485 3700 486
3 485 8126 497
3 1776 5338 485
3 3140 7899 485
3 485 5338 3422
3 485 7829 5339
3 485 7899 7829
3 486 7301 1229
3 486 5917 3140
3 487 1230 1244
3 487 3494 2721
3 2727 6527 487
3 488 7665 2721
3 491 1774 492
3 492 4092 491
3 1089 3172 491
3 491 8336 1089
3 1232 7381 491
3 1707 3696 491
3 491 3812 1707
3 3305 3812 491
3 491 4092 3305
3 491 7381 5784
3 5784 7384 491
3 7384 7949 491
3 7949 8245 491
3 8245 8336 491
3 492 493 1772
3 1771 3263 492
3 492 6469 1771
3 3205 6469 492
3 3263 3735 492
3 4091 4092 492
3 493 8760 1772
3 495 496 1781
3 1781 5053 495
3 495 5155 1782
3 2724 4051 495
3 495 8698 2724
3 4051 5155 495
3 496 5086 2207
3 499 5668 500
3 1552 499 1236
3 500 5668 4017
3 501 7627 502
3 1238 6276 502
3 503 4004 504
3 504 4546 503
3 503 5963 4004
3 504 2209 1530
3 1530 7519 504
3 1567 2209 504
3 508 5267 509
3 1239 3252 510
3 510 6518 1239
3 2106 510 2104
3 510 5191 2104
3 3252 5191 510
3 3738 5928 510
3 512 511 2167
3 2726 3554 511
3 511 6463 2726
3 3209 6632 511
3 2212 3767 512
3 512 6499 2212
3 3767 4744 512
3 514 8517 515
3 514 5543 2748
3 2748 8517 514
3 515 8517 516
3 516 4555 2749
3 1286 519 518
3 4113 5269 520
3 522 4097 521
3 1789 4987 521
3 521 7397 1789
3 4097 7397 521
3 522 546 1788
3 1786 524 525
3 524 4136 525
3 2728 524 1783
3 524 4876 1785
3 1786 4168 524
3 2728 4876 524
3 4168 6618 524
3 525 4007 2217
3 2217 6138 525
3 528 5413 529
3 529 3462 2219
3 2220 7668 530
3 530 8200 2220
3 1780 1250 531
3 531 4880 1779
3 531 3307 1780
3 531 3308 2732
3 2732 4880 531
3 531 4755 3307
3 531 3902 3308
3 533 3713 532
3 1249 532 784
3 532 6985 784
3 2733 5128 532
3 534 6375 1251
3 1494 6375 534
3 534 6395 2850
3 534 5353 3455
3 3455 6395 534
3 539 7946 540
3 541 5876 2736
3 543 5825 544
3 544 6568 543
3 6568 8058 543
3 545 3347 551
3 551 7836 545
3 1259 8212 545
3 1783 5241 545
3 545 6973 1783
3 545 5319 2737
3 2737 6973 545
3 545 8212 3347
3 5241 8211 545
3 545 7834 5319
3 7836 7837 545
3 8208 8209 545
3 545 8211 8208
3 548 6094 549
3 548 5318 2739
3 2739 6094 548
3 550 8378 549
3 550 7572 560
3 560 8378 550
3 550 3968 561
3 552 1784 551
3 551 3363 552
3 551 4122 2739
3 2739 5320 551
3 3347 4731 551
3 5320 7836 551
3 553 4727 2740
3 2740 5386 553
3 5386 8523 553
3 2600 4727 554
3 554 5457 2600
3 556 2586 1266
3 1267 4065 556
3 556 5950 1267
3 556 4065 2586
3 1274 557 2928
3 557 7557 2928
3 2929 7989 557
3 1271 562 558
3 558 7496 1800
3 559 4509 560
3 560 7574 559
3 565 5606 559
3 559 7576 565
3 559 4939 4509
3 559 6338 4939
3 7574 7737 559
3 559 7737 7576
3 561 6953 1272
3 605 5683 562
3 562 5883 605
3 1271 4575 562
3 564 3801 563
3 563 4045 564
3 563 1801 2763
3 563 3801 1801
3 2763 5883 563
3 565 3538 564
3 564 4510 565
3 2741 583 565
3 565 7573 2741
3 4510 5606 565
3 7576 7577 565
3 2235 7591 566
3 566 7591 7590
3 1804 567 572
3 569 5251 570
3 569 5620 2743
3 1098 6646 574
3 575 6073 2745
3 1821 576 1282
3 1822 4617 576
3 576 6869 1822
3 2747 6869 576
3 577 7294 629
3 577 4364 2747
3 582 3335 581
3 581 4569 582
3 2926 4692 581
3 581 7593 2926
3 581 4550 2927
3 2927 8406 581
3 581 4605 4569
3 582 8034 2251
3 582 5647 3335
3 582 6873 5036
3 5036 8034 582
3 1292 3538 583
3 583 4403 1292
3 2741 4403 583
3 585 3813 584
3 584 4206 585
3 584 3813 600
3 600 7433 584
3 584 7351 1295
3 1295 8764 584
3 584 7433 3639
3 584 7025 4206
3 2777 7393 588
3 590 1094 1812
3 590 6818 1094
3 1298 6818 590
3 2753 1807 590
3 590 4524 2753
3 1828 6073 591
3 591 6337 1828
3 2754 6337 591
3 2756 3692 594
3 594 5502 2756
3 3692 5455 594
3 595 5723 2756
3 2768 596 1818
3 596 5470 1818
3 2768 4377 596
3 597 6112 2265
3 2265 6932 597
3 603 8977 598
3 2760 1318 598
3 598 3892 2759
3 2759 5095 598
3 598 3852 2760
3 598 8977 3250
3 598 8587 3892
3 599 2760 1279
3 599 4519 2760
3 600 6837 1099
3 1099 7026 600
3 602 4679 1830
3 1830 8656 602
3 602 8656 5196
3 604 7430 2268
3 2268 9009 604
3 2763 4057 604
3 604 9012 2763
3 7211 7430 604
3 9011 9013 604
3 604 9013 9012
3 606 5276 605
3 605 9016 606
3 605 9017 9016
3 605 9018 9017
3 607 3939 606
3 606 9010 607
3 2927 5276 606
3 606 9019 9010
3 606 9016 9015
3 606 9020 9019
3 5265 7060 607
3 607 9010 9009
3 609 5301 608
3 608 6627 609
3 635 1320 608
3 2779 6627 608
3 611 4201 610
3 1846 3443 610
3 610 4201 1846
3 3443 5657 610
3 611 7293 1323
3 691 3875 612
3 612 5176 1324
3 1324 7556 612
3 2824 6151 612
3 612 7556 2824
3 2765 5008 614
3 614 6024 2765
3 616 6545 615
3 1867 5995 615
3 615 6545 1867
3 2766 3784 615
3 615 4036 2766
3 2942 4386 615
3 3192 4036 615
3 4386 9029 615
3 616 6031 2767
3 618 5003 617
3 617 5584 618
3 619 3659 2769
3 2769 4834 619
3 2797 4246 619
3 619 4834 2797
3 619 5974 3659
3 4246 8589 619
3 2289 5379 620
3 620 6969 2289
3 621 622 1364
3 621 4276 2771
3 2771 5666 621
3 2796 7248 621
3 2292 7662 622
3 2294 6171 625
3 626 6814 1331
3 626 3663 2775
3 2775 8889 626
3 2776 4356 626
3 626 8889 6814
3 2295 6178 627
3 627 7992 2295
3 1792 3995 630
3 635 4161 634
3 634 5721 635
3 1842 5721 634
3 634 7625 2937
3 4161 4341 634
3 6558 7625 634
3 635 4659 3445
3 635 5300 4161
3 635 5721 4659
3 637 6065 638
3 637 7603 2795
3 2800 7341 639
3 640 4068 2782
3 2782 5840 640
3 2647 1963 641
3 1963 2783 641
3 641 3261 2647
3 2783 6122 641
3 643 5615 1902
3 643 4214 2784
3 2784 6155 643
3 2313 3327 644
3 644 6144 2313
3 3327 4354 644
3 644 6145 6144
3 2946 2622 645
3 645 3246 2785
3 645 4633 3246
3 645 4993 4633
3 1341 2319 646
3 646 2785 1341
3 2318 9051 646
3 646 3668 2785
3 647 1344 2948
3 2947 3850 647
3 2948 4432 647
3 3850 6752 647
3 649 4254 648
3 648 4769 649
3 1933 3957 648
3 648 4254 1933
3 648 6406 2787
3 2787 7262 648
3 650 3970 1931
3 1931 4340 650
3 2788 5899 650
3 650 7201 2788
3 651 7629 2790
3 1922 2790 652
3 2790 6226 652
3 2950 2791 652
3 2791 5296 652
3 652 4841 2950
3 652 4842 4841
3 6226 7513 652
3 2949 2351 653
3 653 2791 2950
3 2950 2949 653
3 654 3291 655
3 655 4391 654
3 656 7864 654
3 1923 4840 654
3 654 5097 1923
3 1925 4391 655
3 655 6225 2352
3 2352 6918 655
3 3291 4240 655
3 657 3693 656
3 656 6560 657
3 656 3693 659
3 659 4869 656
3 4869 9062 656
3 2792 4535 657
3 1354 5527 658
3 658 6698 1354
3 658 5570 2792
3 659 6033 660
3 1120 660 3026
3 1355 660 1924
3 1355 3026 660
3 661 2953 1357
3 1359 7489 661
3 661 7489 1941
3 2794 5430 661
3 661 5430 2953
3 2364 7252 662
3 665 1995 690
3 690 4996 665
3 665 6196 2822
3 669 1975 666
3 666 5146 669
3 2798 4477 666
3 666 5193 2798
3 667 5043 1370
3 667 4477 2799
3 2799 6039 667
3 668 2374 2799
3 2799 5886 668
3 670 4003 689
3 689 4083 670
3 2820 3920 670
3 670 8861 2820
3 2801 4147 671
3 671 4887 2801
3 2967 4887 671
3 672 3530 1375
3 1375 3803 672
3 1398 6604 672
3 672 7934 1398
3 672 6604 3530
3 673 4157 2806
3 7232 7233 673
3 2802 4552 674
3 674 8629 2802
3 674 3917 3612
3 3612 8629 674
3 677 8192 2809
3 678 4152 1387
3 1387 7260 678
3 2955 5121 678
3 678 7260 2955
3 678 7550 4152
3 1388 680 1984
3 682 4143 683
3 684 6713 683
3 695 7766 684
3 2814 4495 684
3 684 7766 2814
3 685 4682 686
3 694 7340 685
3 2959 2015 685
3 687 2012 2402
3 2402 6058 687
3 2818 4860 688
3 688 7085 2818
3 688 4860 2954
3 2821 4695 690
3 690 5755 2821
3 690 7640 4996
3 691 8984 3875
3 2826 1880 693
3 693 5058 2826
3 694 1992 2827
3 699 8071 698
3 3800 4471 698
3 4471 4771 698
3 698 8071 7270
3 2434 6340 699
3 3607 8071 699
3 6340 8134 699
3 699 8134 7240
3 700 701 2009
3 700 9036 701
3 2964 5549 700
3 3797 4968 700
3 700 5549 3866
3 3866 8552 700
3 701 4360 1416
3 701 5323 2009
3 1459 6086 702
3 702 4035 2830
3 2830 9070 702
3 702 3425 2831
3 2831 8161 702
3 702 7744 4035
3 703 7507 2445
3 703 7926 2833
3 704 3597 2969
3 2969 7186 704
3 704 6513 3597
3 704 7186 3880
3 705 6929 706
3 705 5749 713
3 713 6929 705
3 2834 5749 705
3 705 7343 2834
3 706 5416 2835
3 2835 1426 707
3 707 4790 2031
3 2031 8784 707
3 707 8417 2835
3 707 8418 8417
3 707 8784 8418
3 2453 7456 708
3 708 7712 2453
3 709 6862 710
3 710 7955 709
3 719 709 2047
3 719 5460 709
3 709 3781 720
3 720 8929 709
3 709 5460 2836
3 709 8929 6862
3 712 5282 711
3 711 6240 712
3 711 4902 2838
3 2838 6688 711
3 1454 5368 716
3 716 6257 1454
3 2065 5802 716
3 716 5802 2839
3 2974 6257 716
3 5368 8990 716
3 2484 6081 717
3 2486 4549 717
3 717 6081 2839
3 719 2030 718
3 1456 3516 718
3 718 4954 1456
3 718 3516 2968
3 2968 6756 718
3 718 6756 3247
3 720 2487 1458
3 720 4893 2487
3 720 7803 4893
3 1457 5344 721
3 2840 5348 721
3 721 5348 2972
3 2972 5939 721
3 721 5344 2973
3 2973 5966 721
3 1469 1467 723
3 1467 5569 723
3 1468 5872 724
3 1481 2070 724
3 724 5872 1481
3 725 5463 726
3 2070 7318 725
3 739 4478 858
3 2844 4478 739
3 739 5585 2844
3 1477 3629 740
3 1478 3251 740
3 740 3629 1478
3 2845 5291 740
3 3251 5151 740
3 742 8488 2846
3 753 5093 743
3 743 4921 1486
3 1486 7400 743
3 1475 7956 752
3 756 4643 1046
3 1046 5979 756
3 758 1542 757
3 1542 2864 757
3 760 7372 759
3 760 1588 2870
3 2870 7854 760
3 766 3835 834
3 767 768 3074
3 767 1536 1589
3 3074 1536 767
3 1589 3835 767
3 769 6643 770
3 770 8980 769
3 2970 7755 769
3 769 7179 6643
3 770 6643 6642
3 2848 3229 778
3 778 4623 2848
3 778 4178 2971
3 2971 4623 778
3 3229 8644 778
3 779 2848 2058
3 779 8773 2848
3 780 6535 1491
3 2972 4138 780
3 780 4717 2972
3 4138 8773 780
3 786 1283 785
3 785 3831 786
3 1554 3510 785
3 785 8770 1554
3 3510 4615 785
3 785 5256 3831
3 786 4289 2501
3 2501 7701 786
3 3831 6492 786
3 1810 788 787
3 2849 3610 787
3 787 5655 2849
3 787 4521 2931
3 2931 5655 787
3 3610 7494 787
3 787 8055 4521
3 897 5072 790
3 791 3573 792
3 791 3790 1549
3 805 5523 926
3 822 3763 2860
3 824 5772 823
3 2117 7608 823
3 943 1510 824
3 825 8807 826
3 2860 4701 825
3 826 3432 827
3 1583 6868 826
3 826 8807 1583
3 827 3439 828
3 827 3432 1587
3 830 1581 831
3 830 2122 1581
3 980 4856 831
3 834 3835 1589
3 834 4741 2861
3 2870 1588 840
3 840 4330 2870
3 845 2978 846
3 1516 5190 845
3 845 7606 2076
3 2520 7659 846
3 2867 1255 857
3 1255 4590 857
3 860 5419 947
3 1529 4894 860
3 1555 4852 901
3 901 6717 1555
3 2873 2154 913
3 927 6864 914
3 918 6021 919
3 920 6229 921
3 920 6233 6229
3 921 6229 1574
3 6230 6232 921
3 923 5313 2127
3 2127 6041 923
3 924 4652 925
3 925 1569 987
3 925 4652 2881
3 2881 8813 925
3 925 8813 8812
3 938 4264 986
3 947 7375 948
3 950 6219 951
3 953 6703 1578
3 953 4683 2980
3 2980 6703 953
3 961 1580 2880
3 1585 2123 972
3 2123 7982 972
3 2122 980 1581
3 2122 3241 980
3 3241 3446 980
3 985 1572 984
3 2880 5060 985
3 4264 9106 986
3 997 6055 996
3 998 6234 997
3 998 8647 6234
3 999 7485 1637
3 999 6221 2883
3 2883 7485 999
3 1004 5055 1003
3 1011 3829 1007
3 1606 4601 1007
3 1007 3829 3302
3 1008 1607 2135
3 1008 4137 1607
3 2985 3660 1008
3 1008 5345 2985
3 1008 5515 5345
3 1009 4212 1010
3 1010 5346 1009
3 1009 3853 2133
3 1009 5346 2134
3 2135 3853 1009
3 3956 5346 1010
3 1122 5021 1013
3 1020 7130 1024
3 1021 5013 1610
3 1610 8106 1021
3 1021 6361 2893
3 2894 3524 1021
3 1021 6262 2894
3 3524 5013 1021
3 1024 6045 1023
3 1031 4030 1032
3 1032 4640 1071
3 4030 8993 1032
3 1612 3789 1033
3 1033 6482 1612
3 1036 5409 1037
3 1036 5837 1074
3 1046 4382 1615
3 1615 6475 1046
3 1074 4568 1075
3 1074 5837 2146
3 2147 5409 1074
3 1610 2550 1075
3 1075 3328 1610
3 2550 3683 1075
3 1075 7249 3328
3 1676 4614 1087
3 1087 4614 1678
3 1678 5829 1087
3 2906 3759 1087
3 1088 5111 1689
3 1088 7348 1710
3 2910 7348 1088
3 2911 4197 1088
3 1088 4985 2911
3 1769 4273 1089
3 1089 2923 1773
3 1089 8671 2923
3 4273 6037 1089
3 4418 4458 1089
3 1089 8703 4418
3 4947 6779 1089
3 4948 4949 1089
3 1089 8147 4948
3 4950 8935 1089
3 6037 8906 1089
3 6779 8671 1089
3 1089 8906 7622
3 1089 8935 8147
3 1089 8336 8332
3 8332 8338 1089
3 8338 8721 1089
3 1089 8704 8703
3 1089 8709 8704
3 1089 8721 8709
3 1090 3634 1747
3 1747 7709 1090
3 1090 5052 1748
3 1090 2913 1750
3 1090 3219 2913
3 2914 4582 1090
3 1090 7770 2914
3 1090 4580 3219
3 1090 4728 4580
3 4582 5052 1090
3 7709 7771 1090
3 1091 3286 1751
3 1751 8572 1091
3 1091 3461 1752
3 2916 6766 1091
3 1091 7203 2916
3 2917 3461 1091
3 1091 8573 2917
3 1091 3598 3155
3 3155 7203 1091
3 1091 3978 3286
3 1091 4352 3598
3 1091 6769 3978
3 1091 6766 6764
3 6764 6769 1091
3 2921 1092 1764
3 2921 6244 1092
3 4022 6626 1092
3 1093 5251 1791
3 1791 5704 1093
3 1093 6411 2924
3 1095 4126 1094
3 1094 5217 1095
3 2932 5217 1094
3 6818 7312 1094
3 1095 5592 1808
3 1808 7633 1095
3 1815 4126 1095
3 2933 5592 1095
3 1096 5800 1826
3 1097 8041 1098
3 1098 8041 4317
3 1868 3655 1099
3 1099 4758 1868
3 1870 6420 1100
3 1100 8096 1870
3 2936 4823 1100
3 1100 6420 2936
3 4435 8096 1100
3 1861 5376 1101
3 1101 6432 1861
3 1101 3913 2941
3 2941 6200 1101
3 2951 5895 1102
3 1102 5900 2951
3 2953 4991 1102
3 1103 4865 2011
3 2011 6687 1103
3 1103 3779 2961
3 2961 5248 1103
3 2962 4865 1103
3 1103 6208 2962
3 2061 3415 1104
3 1104 3855 2061
3 2067 2062 1104
3 1104 8626 2067
3 1692 5768 1108
3 1348 1109 2394
3 1348 7419 1109
3 1109 4635 2326
3 2326 5237 1109
3 1109 3552 2394
3 1109 6201 3552
3 2415 1110 2434
3 2415 8693 1110
3 1110 6523 2416
3 1110 4115 2434
3 1110 7685 4115
3 8693 8694 1110
3 1406 1111 2423
3 1112 8196 2672
3 2457 1998 1113
3 1113 7423 2457
3 1556 5141 1114
3 2106 5183 1114
3 2989 1155 1115
3 1155 4304 1115
3 1669 3008 1115
3 2992 1116 1658
3 1116 8628 1658
3 1117 6093 2315
3 1403 1121 3027
3 1121 5498 3103
3 3062 5021 1122
3 3114 1141 1127
3 1127 4199 1660
3 3118 6502 1128
3 1129 6531 3119
3 1657 1133 2564
3 3390 8419 1133
3 1133 8419 7952
3 1135 5709 1145
3 2992 1145 2991
3 2992 4594 1145
3 2991 1147 2990
3 1155 7303 4304
3 4049 7859 1156
3 2699 6166 1165
3 1165 7016 2699
3 1168 5692 2181
3 2183 5692 1170
3 1199 2718 1201
3 2718 8874 1201
3 8874 8875 1201
3 4238 7585 1202
3 3351 4231 1203
3 2197 4107 1204
3 1204 4826 2197
3 1692 5462 1206
3 1208 7475 4784
3 1211 5445 2198
3 2199 5445 1211
3 1211 8490 2199
3 3301 6516 1212
3 1214 1740 2200
3 2917 1740 1214
3 2200 7696 1214
3 1214 7696 5673
3 2996 2997 1216
3 1217 6941 5173
3 1729 2578 1218
3 1218 5948 4088
3 1741 4209 1220
3 2918 1761 1225
3 1225 6465 2205
3 2205 6625 1225
3 6625 7861 1225
3 1226 2720 1227
3 3467 5752 1226
3 2720 5629 1227
3 1228 3847 1708
3 3403 8020 1228
3 2208 6023 1233
3 1236 4969 1552
3 4812 6276 1238
3 1239 6518 4279
3 4279 8521 1239
3 2726 5946 1240
3 1241 8032 2212
3 2215 5811 1245
3 2994 2995 1248
3 2995 6163 1248
3 6163 8483 1248
3 1249 6654 2732
3 1249 4615 3510
3 3510 6654 1249
3 2733 3902 1250
3 1250 6900 2733
3 3532 6900 1250
3 2736 4590 1255
3 1255 4726 2736
3 1258 3964 2225
3 2225 5773 1258
3 2227 2226 1261
3 2226 6265 1261
3 2995 2996 1262
3 2996 5871 1262
3 1265 5773 2228
3 5950 8205 1267
3 1268 2258 1297
3 1269 5450 2231
3 2231 5522 1269
3 1271 2232 1310
3 1310 4575 1271
3 1271 5812 2232
3 2233 4266 1273
3 1273 5522 2233
3 2928 2235 1274
3 2235 9122 1274
3 2238 6327 1276
3 2600 1276 2599
3 2743 1857 1278
3 1278 3868 2743
3 1279 3317 2744
3 2744 5693 1279
3 1284 2242 2749
3 2749 6085 1284
3 3915 7702 1285
3 2246 4953 1286
3 1286 7444 2246
3 1287 3975 2247
3 2849 7198 1287
3 2248 3774 1288
3 1288 5099 2248
3 1289 8614 2250
3 1291 2229 2230
3 2254 5487 1291
3 1292 2588 2587
3 2255 6944 1293
3 1294 6467 2256
3 2256 8507 1294
3 2268 7430 1295
3 2258 5542 1297
3 1812 1811 1302
3 2264 1302 1811
3 1302 3346 1812
3 2264 7746 1302
3 1305 5172 2266
3 2266 6096 1305
3 1830 2759 1306
3 1306 5770 1830
3 2759 4305 1306
3 1311 1873 1874
3 1873 1311 2272
3 1874 8518 1311
3 1311 8882 2272
3 2248 7487 1313
3 2276 6110 1315
3 2277 8832 1316
3 2279 5864 1317
3 1899 2280 1318
3 2280 4577 1318
3 2595 1844 1323
3 1324 1990 2665
3 1325 5644 2768
3 2768 6840 1325
3 1328 2290 1850
3 2597 1328 1850
3 1328 4462 2290
3 1332 5832 2774
3 2774 6377 1332
3 2300 5200 1333
3 1333 5473 2300
3 1335 7189 2306
3 2306 9066 1335
3 2307 6569 1336
3 1336 7765 2333
3 1341 1343 2319
3 1341 5047 1343
3 2334 3553 1342
3 3553 6202 1342
3 1343 2327 2319
3 1343 5480 2327
3 3058 1345 3057
3 2351 1921 1350
3 1350 7222 2351
3 1924 4535 1355
3 3026 1355 3025
3 1355 5570 3025
3 2362 1944 1360
3 1360 8537 2362
3 2637 1947 1361
3 2363 7628 1361
3 2366 8007 1366
3 2770 1366 2771
3 3045 1368 3044
3 1371 6647 2374
3 2374 7426 1371
3 2386 1375 2385
3 1375 8213 3803
3 1376 3038 1966
3 2379 5918 1376
3 3037 3038 1376
3 2803 1377 1983
3 2803 5223 1377
3 2395 1380 2392
3 1380 5611 2392
3 1381 4627 2395
3 1383 6732 2397
3 2397 7970 1383
3 3048 1384 3047
3 1389 2815 2018
3 1389 2515 2815
3 3043 1391 3042
3 2823 7440 1392
3 2291 2290 1393
3 2824 5664 1393
3 1888 1394 1887
3 1394 1889 2826
3 2826 5901 1394
3 2407 1397 2020
3 1397 4153 2020
3 2407 7443 1397
3 6603 6604 1398
3 2829 7904 1399
3 3033 3034 1399
3 2960 2961 1400
3 4234 7347 1400
3 2412 5868 1401
3 2418 5498 1403
3 2420 1407 1405
3 1407 3102 1405
3 1405 7658 2420
3 3102 3103 1405
3 7551 7658 1405
3 2423 6175 1406
3 1410 2045 2046
3 1413 2415 2434
3 1413 5608 2415
3 5607 5608 1413
3 1414 3364 3256
3 3650 6523 1415
3 2436 2008 1418
3 2437 5281 1419
3 5281 5915 1419
3 2451 6611 1424
3 2968 2029 1425
3 2029 6902 1425
3 2452 4642 1425
3 1425 6902 2452
3 1427 4884 2834
3 2834 5391 1427
3 1431 2460 1428
3 1428 5415 1431
3 2455 1428 2460
3 2455 5194 1428
3 2515 1431 1497
3 1431 2515 2460
3 2464 1816 1433
3 1816 8446 1433
3 1433 7172 2464
3 2468 1434 2467
3 2468 2469 1434
3 2468 2467 1435
3 1450 2480 1437
3 2471 9035 1437
3 2474 4232 1439
3 1439 5513 2474
3 2831 2832 1439
3 2475 1440 2033
3 2832 1440 2475
3 2831 1440 2832
3 2477 4061 1441
3 1441 4523 2477
3 3091 3092 1443
3 2479 6884 1445
3 1450 7353 2480
3 2968 3516 1450
3 1452 5574 2483
3 2483 6649 1452
3 1455 4430 2969
3 2487 4913 1458
3 4441 7901 1463
3 1464 5035 2492
3 4457 8893 1465
3 4393 8442 1468
3 1468 8442 5872
3 1480 2496 1470
3 2069 2493 1470
3 2493 5944 1470
3 1471 5933 2842
3 2842 8534 1471
3 7003 7004 1472
3 1475 5648 2844
3 3980 7956 1475
3 3629 7889 1478
3 1480 4995 2496
3 1482 2062 2067
3 4082 7784 1482
3 2497 6390 1484
3 1484 6483 2497
3 1484 5521 2507
3 8184 8185 1485
3 3074 1487 3073
3 1487 4732 3073
3 1488 6815 2499
3 1493 2502 1495
3 1495 6003 1493
3 1495 2502 2504
3 2504 8840 1495
3 1495 8840 5504
3 2505 4131 1496
3 2873 1506 2154
3 3069 1509 3068
3 3079 1514 3078
3 3079 4959 1514
3 2521 4220 1517
3 1517 5903 2521
3 2864 4801 1520
3 1520 5638 2864
3 3075 1536 3074
3 3790 8365 1549
3 1554 8770 8769
3 1555 6709 4852
3 2689 1564 2111
3 2556 5280 1569
3 1577 2531 2083
3 1577 8563 2531
3 1580 4116 2880
3 1580 6312 4116
3 3071 1583 3070
3 3071 3154 1583
3 4937 6868 1583
3 3073 2121 1591
3 3073 1591 3072
3 1591 3446 3072
3 1595 2881 1597
3 1612 2555 1595
3 1595 2555 2881
3 2112 2689 1596
3 2883 5469 1597
3 1597 6893 2883
3 2558 1600 1643
3 1643 1600 3066
3 2131 1600 2534
3 2131 3066 1600
3 2534 1600 2558
3 1607 2538 1601
3 1601 3853 1607
3 2538 6040 1601
3 3064 1602 3063
3 3065 1604 3064
3 2540 4142 1605
3 1605 4332 2540
3 4142 7741 1605
3 1605 8625 4332
3 1606 5021 3062
3 3106 2144 1609
3 1609 7626 4486
3 3328 8106 1610
3 5013 7191 1610
3 2554 2555 1612
3 1612 7873 3789
3 2894 5714 1627
3 1627 5848 2894
3 1629 5714 2546
3 2692 2693 1629
3 2693 8891 1629
3 2553 2547 1632
3 2547 3373 1632
3 1632 2552 2553
3 3373 7050 1632
3 2145 1641 2551
3 2145 6451 1641
3 1642 6373 2552
3 2552 7995 1642
3 3108 1642 3107
3 3108 6373 1642
3 1643 4487 2558
3 3067 1643 3066
3 1646 2900 1649
3 1646 5438 2900
3 2560 6107 1648
3 1648 6496 2560
3 2901 1649 2900
3 2901 6720 1649
3 1656 3115 3116
3 3240 6497 1661
3 3686 7785 1661
3 3662 5071 1665
3 1668 7455 1667
3 4185 7455 1668
3 4512 8485 1668
3 1672 3899 1671
3 1671 6217 1672
3 3006 3007 1671
3 4215 6217 1671
3 2566 4303 1673
3 1673 7637 2566
3 2197 6466 1681
3 1681 4492 2568
3 2570 1732 1685
3 2572 1686 1734
3 2572 7981 1686
3 2908 4994 1688
3 1688 6578 2908
3 1692 8610 5768
3 1698 8425 1697
3 1697 5925 2579
3 1700 5136 1699
3 2582 1733 1700
3 1701 5733 1702
3 1702 6174 1701
3 1703 7300 1704
3 1721 7543 1722
3 1723 5475 1724
3 1746 1745 1725
3 2913 4888 1725
3 1727 1745 1743
3 1743 6324 1727
3 1727 2577 1745
3 1727 3983 2577
3 2999 3000 1727
3 2577 4104 1728
3 1729 6607 2578
3 2579 5557 1730
3 1732 5557 2581
3 2582 5739 1733
3 2582 4716 1734
3 1734 5059 2582
3 1738 6766 2916
3 6763 6766 1738
3 1738 7925 6763
3 1739 3562 2916
3 2916 5173 1739
3 1740 7929 2200
3 2917 5494 1740
3 2998 1741 2997
3 2583 8609 1743
3 1744 2583 1746
3 1744 7141 2583
3 1746 2583 1745
3 3634 5378 1747
3 8571 8572 1751
3 3974 7308 1759
3 1762 1763 2919
3 1763 6470 5882
3 1764 7403 2921
3 1766 5881 2922
3 1770 3483 2923
3 2923 5917 1770
3 2923 3483 1771
3 3142 3263 1771
3 1771 4263 3142
3 3483 4263 1771
3 6469 6845 1771
3 1774 3172 1773
3 1773 3453 1774
3 4876 7274 1785
3 4166 4168 1786
3 2584 6729 1787
3 1788 8187 2585
3 4780 8187 1788
3 2586 5881 1790
3 2926 4438 1793
3 1795 5760 1796
3 1796 7867 1795
3 2233 2234 1795
3 2234 5760 1795
3 3994 7867 1796
3 1797 4040 1798
3 1798 8579 1797
3 1797 8578 2228
3 1797 8579 8578
3 1800 4908 1799
3 1799 6924 1800
3 2229 5600 1799
3 4079 6924 1799
3 2587 4380 1801
3 1801 6917 2587
3 2588 5712 1802
3 2928 8440 1803
3 1804 8542 2929
3 1806 3824 1805
3 1805 5815 1806
3 1806 5858 3824
3 2753 1809 1807
3 1807 1809 2930
3 2930 6817 1807
3 3749 7633 1808
3 2753 5859 1809
3 1809 5814 2930
3 1812 5477 1811
3 1813 5477 1812
3 2934 5244 1816
3 5244 8446 1816
3 2589 7204 1817
3 1817 8045 2589
3 1818 5470 2589
3 2589 5992 1818
3 2935 6336 1825
3 4679 8228 1830
3 1835 7213 2593
3 2593 8836 1835
3 2593 7234 1836
3 1840 6198 2594
3 1866 6266 1843
3 1843 6266 2595
3 2595 6930 1843
3 2595 3255 1844
3 1846 6983 3443
3 1850 7362 2597
3 1855 3476 2599
3 2599 3969 1855
3 2601 5805 1856
3 2601 3948 1857
3 1857 7493 2601
3 1864 1895 2766
3 1864 6303 2940
3 2940 9037 1864
3 1864 9037 3667
3 1864 6785 6303
3 1868 7428 3655
3 1873 6108 1874
3 2605 5372 1875
3 1878 5466 2607
3 2607 5731 1878
3 2295 1885 2296
3 1887 5166 1888
3 1892 6849 2612
3 1895 3667 2614
3 2614 4766 1895
3 2766 1895 2765
3 2615 3913 1896
3 1896 5820 2615
3 3913 5376 1896
3 1897 4766 1898
3 1898 5008 1897
3 1899 4519 2616
3 2616 7747 1899
3 2302 1900 2301
3 1900 4983 2617
3 2617 7207 1900
3 1900 7207 4235
3 1902 5615 3495
3 3495 5980 1902
3 1904 4353 1903
3 1903 8857 1904
3 1903 3327 2313
3 1903 4353 3327
3 1903 8858 8857
3 1904 8678 4353
3 2618 6921 1905
3 2621 6702 1907
3 2946 1910 1908
3 2946 1908 2622
3 1908 5619 2622
3 2946 8051 1910
3 2948 4964 1912
3 1912 5066 2948
3 3051 1913 3050
3 2624 5451 1914
3 5451 7923 1914
3 1918 2627 1919
3 2628 1918 1919
3 1918 9032 2627
3 1919 5821 2628
3 2628 7638 1920
3 2949 1921 2351
3 2949 5757 1921
3 1922 6596 2790
3 2950 1923 2949
3 1923 5097 2949
3 1923 4843 4840
3 1926 8749 2629
3 1927 2632 1933
3 1927 6460 2632
3 2952 6348 1930
3 3022 1930 3021
3 3970 5454 1931
3 1933 8026 3957
3 2787 1934 2786
3 2631 1935 2632
3 1935 4982 2632
3 2631 2630 1937
3 2630 4015 1937
3 1939 6242 1938
3 1938 7683 1939
3 2629 1939 2630
3 1944 6179 2636
3 2636 4257 1945
3 1945 4019 2783
3 2637 4932 1946
3 1946 6427 2637
3 2637 6735 1947
3 2639 5212 1950
3 1950 7335 2639
3 1951 5741 2639
3 1952 4589 2640
3 1956 5304 2643
3 2643 6660 1956
3 2647 7762 1962
3 2783 1963 2648
3 1963 8143 2648
3 1966 3038 2650
3 2654 6020 1968
3 1968 6540 2654
3 1968 3040 3041
3 2656 1971 1973
3 2658 5193 1975
3 1975 7051 2658
3 1980 4768 2662
3 1981 2381 2025
3 2955 2381 1981
3 1981 6489 2955
3 1981 7986 6489
3 2956 2803 1983
3 1986 6386 2664
3 1988 4058 1987
3 1987 5134 1988
3 3036 3037 1988
3 1988 5421 3036
3 1988 5134 3245
3 3245 8500 1988
3 1988 8500 5421
3 2017 2675 1991
3 1991 4822 2017
3 1991 3298 2959
3 2959 4822 1991
3 1995 8501 2667
3 5501 8501 1995
3 2667 7802 1996
3 1998 2963 2014
3 2457 8465 1998
3 1998 8465 2963
3 2001 4874 2002
3 2002 6194 2001
3 3031 3032 2002
3 2003 6564 2004
3 2004 8894 2003
3 3030 3031 2003
3 6564 6565 2004
3 2669 5492 2005
3 3028 3029 2005
3 2006 2433 2671
3 2671 4290 2006
3 4290 8350 2006
3 2008 6060 2964
3 5323 6710 2009
3 3350 6687 2011
3 2962 2013 2963
3 2962 6170 2013
3 2966 9007 2013
3 2673 5442 2014
3 2963 6894 2014
3 2814 2016 2815
3 2017 4923 2675
3 2017 8433 4923
3 2018 4533 2676
3 2407 2020 2967
3 2020 4543 2967
3 2021 2677 2022
3 2022 4970 2021
3 2023 4445 2677
3 2023 8943 4445
3 2389 2024 2388
3 2024 5447 2678
3 2025 2028 2679
3 2679 4708 2025
3 2679 8206 2026
3 2028 5435 2680
3 2968 3959 2029
3 3959 7902 2029
3 2969 4430 2032
3 2032 7121 2969
3 3986 7121 2032
3 2032 8788 3986
3 2681 4931 2033
3 2033 5715 2681
3 2683 4811 2035
3 2035 5856 2683
3 2682 2038 2681
3 2685 6473 2038
3 2044 6288 2043
3 2047 5448 2048
3 2050 2051 2049
3 2050 2052 2051
3 2053 4593 2054
3 2054 5122 2053
3 2058 4759 2057
3 2057 8834 2058
3 2064 6512 2973
3 2973 7524 2064
3 7524 7525 2064
3 2976 8755 2069
3 6556 7318 2070
3 2980 3408 2082
3 2082 8062 2980
3 3408 6017 2082
3 3632 8062 2082
3 2501 4289 2104
3 2104 5191 3636
3 2111 5245 2689
3 2112 4271 2113
3 2112 5572 2689
3 2113 4271 2114
3 2114 6591 2113
3 3069 4700 2117
3 2122 4802 3241
3 2127 6084 6041
3 2534 2691 2131
3 3066 2131 3065
3 2131 6999 3065
3 2691 2535 2132
3 2132 7193 2691
3 2136 3369 2985
3 2985 8766 2136
3 2136 5034 3369
3 2692 4485 2144
3 2144 5566 2692
3 3107 2144 3106
3 2693 3373 2145
3 2145 6938 2693
3 3373 4831 2145
3 2166 7828 2694
3 2169 6315 2988
3 2199 8490 4453
3 2205 6465 3943
3 2231 8810 5478
3 2232 6444 4919
3 2233 5478 2234
3 2246 8973 4081
3 2250 4584 2249
3 2249 6423 3623
3 4584 8358 2249
3 2260 7830 2259
3 2266 7342 6096
3 2268 5310 2269
3 2269 7815 2268
3 2268 6637 5310
3 9008 9009 2268
3 3579 7815 2269
3 2269 8372 3579
3 2269 5310 5309
3 2270 8023 5663
3 4075 8832 2277
3 4016 5864 2279
3 2284 5227 2285
3 2291 5722 2290
3 2296 5518 2295
3 2301 5988 2302
3 2315 5912 2316
3 2315 8510 5912
3 6121 6892 2317
3 2319 2327 2320
3 4862 9125 2323
3 2324 5040 2325
3 2325 6727 2324
3 5040 5991 2325
3 6167 6727 2325
3 2329 4399 2330
3 2330 5870 2329
3 2332 4108 2331
3 2331 5075 2332
3 4108 9126 2331
3 2335 3553 2334
3 2334 7082 2335
3 3982 6918 2352
3 2371 7646 2372
3 2373 5645 2372
3 2372 6019 2373
3 2379 6177 2380
3 2380 6624 2379
3 2382 5076 2383
3 2383 7797 2382
3 4318 7797 2383
3 2385 8818 2384
3 2388 5465 2389
3 3552 8375 2394
3 2397 9054 7970
3 2407 7438 6222
3 6326 7443 2407
3 2416 6523 3650
3 2422 4785 2421
3 2421 6156 2422
3 3505 6156 2421
3 2421 6826 3505
3 2422 6978 3997
3 3754 6175 2423
3 4115 7642 2434
3 3522 3989 2439
3 2455 2460 2461
3 2458 7247 2459
3 2464 5322 2465
3 2465 5365 2464
3 2832 2475 2833
3 5561 7876 2489
3 2501 3636 3252
3 2501 7702 7701
3 8152 8390 2503
3 2506 3694 2505
3 3694 4070 2505
3 4130 4131 2505
3 3411 4281 2506
3 2508 4069 2507
3 2507 5521 2508
3 2507 6097 3409
3 4473 8545 2507
3 4479 5028 2509
3 2509 7157 5472
3 2509 5533 5532
3 2514 6415 2513
3 2535 2534 2557
3 2691 2534 2535
3 2557 2534 2558
3 2536 4942 2535
3 3444 4942 2536
3 2538 2537 2554
3 2538 3660 2537
3 3660 4159 2537
3 4159 5233 2537
3 2538 4137 3660
3 2540 4332 3171
3 3171 5034 2540
3 3750 4824 2540
3 2540 5222 4142
3 4824 6803 2540
3 2547 4831 3373
3 2549 7391 2548
3 2550 5414 3972
3 2556 8813 2555
3 2555 8813 2881
3 2558 3414 2557
3 2570 6948 2571
3 2571 7463 2570
3 2571 6332 2572
3 2578 5120 2579
3 2579 5925 2578
3 2582 8962 4716
3 2585 5230 2584
3 2588 4895 2587
3 3582 5992 2589
3 3476 4122 2599
3 2615 5311 2614
3 2614 5841 2615
3 2615 5820 3707
3 2618 6606 2619
3 2622 6572 2621
3 2627 9032 4635
3 2630 5835 2629
3 2631 7123 2630
3 2630 8170 4015
3 2630 7123 6595
3 2632 6313 2631
3 2654 6264 2653
3 2670 6559 2671
3 2675 5074 2676
3 2676 5640 2675
3 5073 5074 2675
3 3336 4708 2679
3 2681 8454 2682
3 2689 5572 3755
3 2692 4779 2693
3 2693 6938 5847
3 3430 6527 2727
3 2728 6504 4876
3 2732 7045 4880
3 3308 3902 2733
3 5319 7990 2737
3 6972 6973 2737
3 2739 4122 3476
3 3868 6934 2743
3 2752 7894 2753
3 3823 5859 2753
3 2759 6919 4305
3 3852 5531 2760
3 2763 6105 4057
3 2763 9018 5883
3 2765 5014 2766
3 4854 5014 2765
3 4036 7261 2766
3 2768 7512 4377
3 4019 6122 2783
3 3246 5004 2785
3 3668 6316 2785
3 2786 6743 2787
3 6225 6226 2790
3 2802 5225 2803
3 2806 6431 2805
3 2805 7537 2806
3 2812 7413 2811
3 2815 4084 2814
3 2814 7079 4495
3 2817 5314 2818
3 3768 7062 2818
3 2818 7085 3768
3 2821 4807 2820
3 2824 7556 6366
3 2839 5802 3830
3 3830 7048 2839
3 2844 5648 3712
3 2848 8773 8772
3 4978 7854 2870
3 2883 7199 5469
3 2883 6893 6084
3 6221 7916 2883
3 2894 5848 3624
3 3624 8441 2894
3 2909 8169 2908
3 2908 8885 2909
3 2908 8978 4994
3 2913 3219 3182
3 3182 7957 2913
3 2916 7787 5173
3 2916 7203 5597
3 2923 5140 3698
3 3698 7928 2923
3 2923 8671 5140
3 2926 8452 4438
3 2941 5841 2940
3 2940 6405 2941
3 6316 8051 2946
3 4841 4843 2950
3 2960 8536 2961
3 2963 6299 2962
3 2963 8465 8464
3 5548 5549 2964
3 2968 8387 3959
3 3597 5828 2969
3 2977 9101 2978
3 3369 6185 2985
3 2990 8522 2989
3 4169 8522 2990
3 2999 5914 2998
3 3001 7528 3000
3 3006 5582 3005
3 3013 6184 3012
3 3014 6921 3013
3 3025 5527 3024
3 3030 4100 3029
3 3033 7938 3032
3 3039 6089 3038
3 3042 5433 3041
3 3044 6844 3043
3 3046 7053 3045
3 3049 7108 3048
3 3063 4601 3062
3 4565 4601 3063
3 3068 5385 3067
3 5385 7597 3067
3 3070 4700 3069
3 3070 7183 4700
3 4732 6605 3073
3 3105 7130 3104
3 3115 4055 3114
3 3117 5485 3116
3 5597 7203 3138
3 3140 5917 4374
3 7898 7899 3140
3 3145 3305 3146
3 3146 5524 3145
3 3145 6291 3305
3 3305 4092 3146
3 4092 6832 3146
3 6632 8149 3147
3 3369 5034 3171
3 5849 6553 3178
3 3225 3480 3187
3 3187 6206 3225
3 3480 8790 3187
3 4384 7044 3187
3 3187 8411 4384
3 3209 8149 6632
3 3215 8800 4748
3 3219 4580 4579
3 3246 4631 3730
3 3246 4633 4631
3 3978 8902 3286
3 3335 5647 3761
3 3347 8212 4167
3 7622 8443 3356
3 5140 8671 3361
3 3361 8671 6780
3 4880 7045 3388
3 3403 8154 4310
3 5338 5342 3422
3 3466 5752 3467
3 3746 8790 3480
3 3698 5839 3487
3 3487 8221 3698
3 5847 6938 3514
3 3521 6492 3831
3 3698 5140 3657
3 3657 7682 3698
3 3678 6037 4273
3 4273 6500 3678
3 3698 8221 5637
3 3698 7682 5839
3 4417 4418 3741
3 4418 8703 3741
3 3743 8719 8713
3 8713 8737 3743
3 8716 8719 3743
3 3743 8733 8716
3 8721 8733 3743
3 3743 8735 8721
3 3795 7315 4746
3 3830 5802 5367
3 7425 8458 3936
3 3978 6769 6768
3 4090 4092 4091
3 4090 8564 4092
3 4506 8564 4090
3 7740 7741 4142
3 4163 4341 4161
3 5300 5756 4161
3 4842 8018 4841
3 5337 5342 5338
3 5780 7224 5794
3 5794 7226 5780
3 5784 7385 7384
3 6454 7853 5787
3 7720 7721 5789
3 7721 7949 5789
3 5792 7725 7387
3 5792 7949 7725
3 6101 8868 5794
3 5794 8998 6101
3 7224 9003 5794
3 5794 9003 8998
3 5796 6994 6454
3 6129 8238 6101
3 6101 7949 7721
3 7721 8868 6101
3 6101 8245 7949
3 8238 8245 6101
3 8998 8999 6101
3 8998 9003 6126
3 6126 9002 9001
3 6126 9003 9002
3 7508 8238 6129
3 6349 8134 6340
3 6454 6994 6993
3 6993 7721 6454
3 7721 7853 6454
3 6643 7179 6644
3 7229 8868 6993
3 6993 8868 7721
3 7270 8071 7269
3 7385 8957 7384
3 7725 7949 7384
3 7508 8309 8238
3 7622 8906 8443
3 8239 8245 8238
3 8241 8245 8242
3 8241 8311 8245
3 8247 8311 8241
3 8311 8317 8245
3 8317 8336 8245
3 8247 8249 8248
3 8248 8311 8247
3 8251 8313 8263
3 8251 8317 8313
3 8251 8336 8317
3 8327 8336 8251
3 8253 8308 8255
3 8255 8341 8253
3 8255 8323 8271
3 8271 8338 8255
3 8338 8341 8255
3 8258 8263 8259
3 8259 8268 8258
3 8263 8313 8259
3 8274 8280 8271
3 8271 8325 8274
3 8280 8284 8271
3 8284 8338 8271
3 8274 8325 8275
3 8278 8286 8284
3 8282 8304 8286
3 8282 8305 8304
3 8286 8300 8284
3 8300 8721 8284
3 8284 8721 8338
3 8286 8304 8300
3 8295 8300 8294
3 8295 8729 8300
3 8300 8733 8721
3 8729 8733 8300
3 8315 8317 8311
3 8312 8317 8315
3 8327 8330 8328
3 8328 8336 8327
3 8329 8341 8338
3 8704 8705 8703
3 8704 8717 8708
3 8709 8717 8704
3 8713 8719 8712
3 8716 8733 8714
3 8721 8735 8734
3 8728 8730 8727
3 8727 8733 8728
3 8728 8733 8729
3 0 3428 1
3 0 7951 3428
3 0 7952 7951
3 5850 8457 1
3 2991 4 5
3 4 4956 5
3 1136 1147 5
3 6 24 364
3 10 14 1139
3 11 6959 12
3 1139 5096 11
3 12 6959 3377
3 14 4528 15
3 14 5096 1139
3 1144 15 16
3 1144 19 15
3 16 8738 1144
3 4750 8738 16
3 17 4199 1127
3 17 6623 4010
3 18 6890 4199
3 21 4026 20
3 24 4009 364
3 24 1150 1149
3 1153 1150 27
3 29 5553 369
3 4761 5553 29
3 374 33 1662
3 374 4736 33
3 1157 4911 33
3 33 4911 1662
3 3287 5862 34
3 372 35 371
3 4322 4402 38
3 38 6160 4322
3 38 6653 4400
3 2183 5697 44
3 1650 46 2186
3 1694 49 1177
3 56 6368 2196
3 57 5686 1197
3 58 2718 1199
3 2700 5596 58
3 58 3464 2718
3 452 1668 59
3 59 5649 452
3 59 1668 1200
3 378 60 2699
3 60 5427 3602
3 1166 61 380
3 61 3518 380
3 1166 8610 61
3 1691 3518 61
3 458 63 1724
3 64 5290 3301
3 461 5819 65
3 65 4211 2720
3 66 6777 2201
3 4080 5618 71
3 73 7283 1234
3 73 3999 3949
3 3949 7283 73
3 1221 4789 78
3 79 2584 1787
3 79 1787 2728
3 1267 2218 80
3 2218 5897 80
3 1245 81 2215
3 1779 82 531
3 1779 4879 82
3 2220 3718 82
3 3718 5694 82
3 89 2228 87
3 2228 2225 87
3 87 4451 4113
3 90 2230 88
3 88 8394 2216
3 2230 2227 88
3 2227 8394 88
3 89 4040 1797
3 1799 4040 89
3 2226 2229 89
3 559 5606 92
3 93 3804 562
3 93 5769 3804
3 98 7619 5167
3 518 519 99
3 519 4250 99
3 99 4250 2241
3 4555 4806 99
3 516 102 515
3 2749 102 516
3 2749 2242 102
3 103 3838 1283
3 1285 2247 105
3 106 5816 1805
3 4081 5383 106
3 106 8798 5534
3 107 4550 581
3 107 7409 4550
3 7486 7487 107
3 108 6984 6282
3 6883 8409 109
3 2252 6601 110
3 2232 5812 111
3 111 5812 2254
3 2254 7332 111
3 2256 585 112
3 114 4548 519
3 114 6521 4621
3 116 573 575
3 116 575 2745
3 116 5328 2261
3 1868 4758 120
3 120 6318 3867
3 3867 6388 120
3 5838 7700 121
3 124 3914 2274
3 128 2277 2271
3 130 6149 1875
3 4494 5259 130
3 2291 1989 135
3 1989 6733 135
3 135 8220 2770
3 2298 8479 139
3 139 5142 2299
3 139 8479 4221
3 143 4778 634
3 2937 2303 143
3 144 1373 639
3 146 6259 2309
3 2311 5109 147
3 2618 1905 149
3 149 7155 3951
3 2621 150 645
3 151 2320 157
3 152 2321 158
3 158 2329 152
3 2322 4966 152
3 2329 5870 152
3 2326 1918 155
3 2628 1920 155
3 155 4450 2326
3 1109 5237 156
3 156 5237 3359
3 2320 2327 157
3 158 2279 1317
3 4518 6149 158
3 160 2307 1336
3 2332 2307 160
3 2324 5308 160
3 4174 5040 160
3 162 2336 186
3 186 3944 162
3 2335 4247 162
3 162 4737 2336
3 4247 8091 162
3 2337 5157 163
3 168 8400 2350
3 2362 4743 173
3 173 6179 2362
3 619 620 174
3 174 5974 619
3 2377 4398 179
3 4398 4768 179
3 180 8861 670
3 180 4083 2378
3 180 8862 8861
3 181 5435 2025
3 2680 181 2027
3 2806 7537 182
3 183 5019 2388
3 2388 6236 183
3 3391 5019 183
3 183 6236 3785
3 4442 4845 183
3 184 4424 2390
3 2336 2337 185
3 2393 2336 185
3 186 2336 2393
3 2640 188 2397
3 4483 9055 188
3 194 7953 2817
3 672 195 671
3 672 8845 195
3 200 1997 2960
3 200 6218 2411
3 4298 6218 200
3 202 4697 2415
3 203 5139 2416
3 204 4967 1402
3 206 9038 205
3 6979 7530 208
3 209 6090 3953
3 2426 213 210
3 213 5087 210
3 2420 211 1407
3 211 3102 1407
3 211 7034 3101
3 2421 212 2424
3 2421 4785 212
3 212 6543 5807
3 213 5258 2425
3 221 1421 1411
3 1412 5056 222
3 3174 6636 223
3 224 699 698
3 225 226 2007
3 225 5986 226
3 225 5751 3650
3 2007 226 2672
3 227 4968 2439
3 4200 7887 228
3 270 1465 229
3 2492 270 229
3 2437 2492 229
3 230 5274 2438
3 4783 5278 230
3 231 4967 2439
3 2443 2043 233
3 2029 5062 237
3 2461 237 2455
3 237 5062 2455
3 2461 7190 237
3 238 7190 2461
3 2462 239 302
3 302 239 2513
3 239 6293 4328
3 2466 241 300
3 300 241 2510
3 2510 241 2465
3 2466 4573 241
3 2466 2511 242
3 242 5118 2466
3 245 1113 2458
3 245 4172 1113
3 246 247 2833
3 2475 246 2833
3 2475 8829 246
3 246 8829 7007
3 2833 247 703
3 247 2035 2476
3 247 6263 2035
3 252 1447 248
3 248 1447 2476
3 2476 5403 248
3 248 7144 3869
3 249 6734 1442
3 1442 6806 249
3 3869 8098 251
3 2445 252 2446
3 253 4061 1448
3 1448 4905 253
3 255 6240 711
3 711 6688 255
3 1458 4913 262
3 264 3950 263
3 263 6419 264
3 702 8161 264
3 264 8161 3950
3 2489 4440 265
3 266 7605 267
3 266 6095 1463
3 266 5853 4578
3 4578 7605 266
3 270 8368 5209
3 1471 7757 272
3 275 6253 276
3 740 278 2845
3 740 5151 278
3 1476 4467 278
3 279 2976 2496
3 2496 4598 279
3 743 5093 280
3 3585 4921 280
3 280 5093 4082
3 283 7561 4249
3 2056 4239 284
3 284 7447 2056
3 2497 4637 284
3 284 8506 2497
3 3389 8506 284
3 4637 7447 284
3 756 5979 286
3 769 7755 288
3 288 7754 2499
3 1285 294 2247
3 2247 294 1287
3 295 6518 2105
3 295 5357 3513
3 4279 6518 295
3 295 5381 5357
3 296 7033 2503
3 296 7630 2504
3 3610 7033 296
3 1499 1488 297
3 297 5331 3411
3 1452 5221 300
3 302 5205 2512
3 2513 4773 302
3 312 8803 6001
3 321 7905 4288
3 4288 8194 321
3 321 7851 5737
3 323 4866 322
3 948 2531 326
3 2531 5508 326
3 417 329 2711
3 1596 5399 329
3 329 5951 1596
3 2556 335 2536
3 2556 2555 335
3 342 6045 1024
3 354 3993 1641
3 2554 6482 354
3 2550 2549 355
3 355 3683 2550
3 356 2549 2550
3 356 7391 2549
3 357 2538 2554
3 357 6040 2538
3 358 2557 1571
3 359 381 382
3 359 5202 381
3 1079 359 382
3 2560 359 1079
3 363 4979 364
3 364 6775 363
3 363 6775 1143
3 366 6525 6524
3 370 4049 1156
3 372 5285 1154
3 373 4013 1156
3 3343 4013 373
3 374 4563 1158
3 1663 4736 374
3 1666 6160 376
3 376 5071 4213
3 455 5596 378
3 2699 7266 378
3 1201 7777 380
3 382 381 2901
3 381 4308 2901
3 382 3843 383
3 384 385 391
3 1176 385 384
3 384 1173 392
3 392 1176 384
3 385 2715 391
3 387 386 2983
3 386 5489 1712
3 386 4900 2983
3 387 4745 2110
3 5461 5489 387
3 488 6187 388
3 459 393 394
3 394 5884 459
3 1181 6392 395
3 395 6392 2902
3 397 4714 2988
3 397 8054 4714
3 2192 7094 399
3 413 5084 400
3 909 1188 418
3 1568 5104 418
3 1192 6016 430
3 2168 431 432
3 2714 3565 431
3 3910 6533 431
3 441 6689 5042
3 443 442 1713
3 1713 6809 443
3 450 7519 1530
3 452 3464 1198
3 452 8786 4230
3 456 4238 453
3 453 4803 457
3 1202 4803 453
3 457 3805 454
3 4231 6722 454
3 1205 3805 457
3 457 4803 1205
3 1209 4561 458
3 458 4561 1709
3 1724 2911 458
3 2199 8413 459
3 460 4350 1213
3 460 2719 2915
3 460 7652 2719
3 3562 7652 460
3 462 4748 482
3 1759 7307 463
3 5700 6529 463
3 463 7307 5746
3 464 4710 4665
3 1092 4724 467
3 469 468 2920
3 469 4283 1215
3 2920 4283 469
3 4225 7219 469
3 1216 2997 470
3 474 3628 471
3 473 4189 479
3 1217 4189 473
3 473 6942 1260
3 4320 6942 473
3 1216 475 2996
3 480 7895 5384
3 1708 3949 483
3 483 4952 4950
3 484 3999 485
3 497 3700 485
3 485 5339 1776
3 3999 8126 485
3 1770 486 1229
3 1770 5917 486
3 487 6527 1230
3 1244 3494 487
3 487 2721 2727
3 783 4397 490
3 491 6676 1232
3 491 3172 1774
3 3696 6676 491
3 492 3735 493
3 1772 4091 492
3 1774 3205 492
3 3735 8486 493
3 495 8876 496
3 1782 8876 495
3 5053 8698 495
3 496 5621 1781
3 496 5154 5086
3 498 497 1775
3 498 3700 497
3 4017 7852 500
3 510 5928 2105
3 2106 5141 510
3 512 3209 511
3 511 3554 2167
3 3195 6463 511
3 2167 6499 512
3 512 6628 3209
3 4744 6628 512
3 514 513 530
3 530 5543 514
3 580 517 516
3 517 4806 516
3 517 2746 518
3 580 2746 517
3 2746 1286 518
3 519 4025 1247
3 523 522 2585
3 2585 522 1788
3 524 3139 1783
3 1785 4136 524
3 524 6618 3139
3 525 6138 1786
3 5413 7163 529
3 1250 3902 531
3 2732 532 1249
3 2732 2733 532
3 3713 6985 532
3 534 8641 1494
3 4466 5616 537
3 539 6567 752
3 540 7946 4646
3 544 5825 4796
3 545 7835 7834
3 545 7837 7835
3 549 4529 548
3 549 3968 550
3 1264 550 561
3 1784 4122 551
3 551 4731 3363
3 2599 1784 552
3 2600 2599 552
3 2600 552 2740
3 552 5288 2740
3 1856 554 553
3 554 4727 553
3 553 8523 556
3 1266 1856 553
3 557 555 2929
3 555 2236 2929
3 557 7989 7988
3 562 3804 558
3 558 1800 1314
3 1264 561 566
3 561 2235 566
3 1272 2235 561
3 3968 8004 561
3 562 4575 563
3 563 5883 562
3 563 4575 1310
3 564 3538 3442
3 583 3538 565
3 565 7575 7573
3 565 7577 7575
3 566 2741 1264
3 2743 1791 569
3 1791 5251 569
3 573 5945 572
3 574 1309 1098
3 2744 1309 574
3 576 4617 1282
3 1821 4351 576
3 576 4351 2747
3 577 6708 628
3 629 4364 577
3 2747 6708 577
3 3863 7294 578
3 580 2244 2746
3 3335 7593 581
3 581 8406 4605
3 4569 5753 582
3 584 8763 1837
3 3639 7351 584
3 584 8764 8763
3 588 5502 632
3 2751 5502 588
3 2259 595 589
3 589 595 2756
3 589 5293 2259
3 1807 1298 590
3 1812 3346 590
3 3346 4524 590
3 1300 5160 593
3 593 2778 2755
3 632 5502 594
3 594 5455 1300
3 598 3358 603
3 1318 7100 598
3 3250 3852 598
3 598 5095 3358
3 1308 7433 600
3 600 3813 2761
3 601 1872 602
3 601 7764 1872
3 603 3358 602
3 3358 4679 602
3 605 5276 3651
3 606 9015 1794
3 1794 9020 606
3 606 3939 2927
3 608 5301 635
3 1320 4624 608
3 608 4624 2779
3 4162 5301 609
3 610 4371 611
3 610 1322 1845
3 610 5657 1322
3 1845 7314 610
3 610 7314 4371
3 1323 8024 611
3 611 4371 3576
3 615 3784 2942
3 615 6786 3192
3 5995 6786 615
3 619 8589 620
3 621 7248 622
3 1364 4276 621
3 621 5666 2796
3 622 7662 1364
3 622 4259 2292
3 622 7248 4259
3 2773 2944 624
3 625 4619 2294
3 1331 4154 626
3 626 4154 2776
3 626 4553 3663
3 629 630 2925
3 1792 629 1280
3 2925 4364 629
3 634 8164 1842
3 634 4341 4165
3 4165 6558 634
3 635 3445 1320
3 635 5301 5300
3 637 2780 662
3 639 7366 2800
3 640 3261 641
3 640 7137 4068
3 640 7604 7137
3 2783 2648 642
3 642 5192 2783
3 2945 644 643
3 1902 7256 643
3 643 7256 4214
3 2945 6145 644
3 1909 4630 645
3 645 2622 2621
3 645 2785 2946
3 4630 4993 645
3 646 2319 2318
3 646 5025 3668
3 647 6752 1344
3 647 9120 2947
3 4432 5617 647
3 3957 6406 648
3 650 5899 3970
3 2789 2354 651
3 2790 4709 651
3 2351 6751 653
3 653 5218 2791
3 654 4391 656
3 654 4840 3291
3 655 7449 6225
3 1353 7864 656
3 4391 6560 656
3 657 4535 1924
3 1924 6033 657
3 1925 6918 657
3 657 3982 2792
3 659 660 1120
3 3693 6033 659
3 1357 1359 661
3 1941 4447 661
3 661 4447 2794
3 664 4670 2797
3 2822 1365 665
3 665 5501 1995
3 667 1370 666
3 666 4477 667
3 666 1370 1369
3 1369 5146 666
3 667 6039 1374
3 668 3809 2374
3 668 6847 3809
3 2801 4003 670
3 670 8218 2801
3 3920 8218 670
3 671 4147 2019
3 2019 7934 672
3 3803 8845 672
3 673 674 2807
3 2807 4157 673
3 673 7233 5506
3 675 5279 674
3 674 4552 2807
3 674 5279 3917
3 675 7993 5279
3 677 5905 1386
3 1982 678 2808
3 678 5121 2808
3 1388 5297 680
3 2012 7678 682
3 683 5113 684
3 684 5113 695
3 685 4981 2959
3 4721 6615 686
3 687 4835 2816
3 687 7309 4835
3 2819 1974 688
3 4695 7251 690
3 2944 7743 693
3 693 7743 5058
3 697 6805 696
3 697 3890 1986
3 698 3606 1414
3 698 7270 3606
3 698 4771 4770
3 2009 8107 700
3 700 8107 3797
3 700 8552 3865
3 3865 9036 700
3 1416 3990 701
3 702 9070 1459
3 702 6086 3425
3 2445 4269 703
3 707 1426 704
3 708 4790 707
3 708 7939 7712
3 709 7955 2047
3 2836 8492 709
3 709 8492 3781
3 1449 4902 711
3 711 5282 1449
3 715 6851 714
3 3886 6851 715
3 716 8990 2065
3 2839 3405 716
3 716 3405 2974
3 2839 2486 717
3 718 3247 719
3 2030 4954 718
3 719 5410 2030
3 2047 2048 719
3 4286 5410 719
3 3781 7798 720
3 721 5939 1457
3 721 5966 2840
3 1466 5532 722
3 726 1469 723
3 724 2070 725
3 725 4813 724
3 1485 1468 724
3 726 7568 725
3 2976 4813 725
3 725 7568 2976
3 726 8757 1469
3 5463 8757 726
3 740 5291 1477
3 745 5184 746
3 770 5184 745
3 757 4643 756
3 2864 4643 757
3 3976 7372 760
3 760 7854 3976
3 762 841 761
3 841 1588 761
3 767 3835 766
3 767 4732 768
3 768 1487 3074
3 769 7407 2055
3 769 3653 2970
3 769 8980 3653
3 2060 1490 778
3 1490 4178 778
3 778 8644 2060
3 780 8773 779
3 779 8835 780
3 2058 8834 779
3 1491 4717 780
3 784 901 785
3 785 4615 784
3 784 4615 1249
3 901 5256 785
3 1283 3838 785
3 3838 8770 785
3 1114 4289 786
3 787 7494 1810
3 1810 8597 788
3 2504 2502 788
3 2502 5149 788
3 2850 4023 789
3 5023 5381 789
3 792 3573 3254
3 795 1499 1500
3 795 2506 2505
3 795 2505 2851
3 796 5010 5009
3 801 4726 2867
3 806 9097 2856
3 6219 9097 806
3 1509 2117 823
3 823 7608 3763
3 4701 8807 825
3 826 6868 3432
3 1587 4686 827
3 827 4686 3439
3 828 1585 972
3 1581 980 831
3 832 6605 875
3 1589 4741 834
3 839 2863 976
3 977 1513 839
3 840 1588 841
3 976 2863 840
3 845 2076 1516
3 845 4267 2978
3 909 7010 1188
3 1635 6233 920
3 1574 6230 921
3 923 6041 924
3 924 6041 4652
3 1571 4264 938
3 1572 1510 943
3 953 1578 950
3 1591 2121 980
3 980 3446 1591
3 2121 4856 980
3 1569 5280 987
3 995 996 1072
3 996 6055 1072
3 1623 6055 997
3 999 8923 6221
3 1005 1004 1006
3 1005 8172 1004
3 1006 3891 1005
3 6176 8172 1005
3 1006 8012 3891
3 1007 3302 1606
3 1009 2134 1008
3 1008 2135 1009
3 2134 5515 1008
3 3660 4137 1008
3 2133 3316 1009
3 3316 4212 1009
3 1013 5021 2139
3 1634 4030 1031
3 1636 1033 1032
3 1033 3963 1032
3 3963 4640 1032
3 1636 5929 1033
3 1035 5837 1036
3 1066 5837 1035
3 1074 5409 1036
3 4560 5837 1066
3 1075 5930 1074
3 2146 4568 1074
3 1074 5930 2147
3 3683 5930 1075
3 1087 7974 1676
3 2906 1087 2905
3 1087 5829 2905
3 3759 7974 1087
3 1689 4985 1088
3 1710 5111 1088
3 1088 4197 2910
3 1089 4458 1769
3 1773 3172 1089
3 1089 4949 4947
3 1748 4728 1090
3 1750 3634 1090
3 1090 7771 7770
3 1752 4352 1091
3 8572 8573 1091
3 1094 4126 1813
3 1094 7312 2932
3 1095 5217 2933
3 1826 4925 1096
3 1100 4823 1871
3 1100 8504 4435
3 1101 5376 3913
3 1940 5900 1102
3 1102 5895 2953
3 1103 6687 3779
3 2062 2975 1104
3 2975 3855 1104
3 3415 8626 1104
3 1108 5462 1692
3 2416 4539 1110
3 4539 7685 1110
3 2436 1418 1112
3 1112 4547 2436
3 1113 4014 2458
3 1113 7599 4014
3 4172 6049 1113
3 6049 7423 1113
3 1114 4394 1556
3 1114 5141 2106
3 1114 7119 4394
3 1115 2565 1669
3 1117 2315 3015
3 1118 8811 5499
3 1403 5498 1121
3 1660 3641 1127
3 1127 5873 3118
3 3641 5873 1127
3 5867 6531 1129
3 1657 7476 1133
3 1133 7476 3390
3 6680 7273 1135
3 1143 6774 6773
3 1143 6775 6774
3 1158 4072 1663
3 1158 4563 4072
3 1207 5767 1166
3 5767 5768 1166
3 5768 8610 1166
3 1168 9093 5740
3 1170 4868 2183
3 2190 1180 1706
3 2190 7794 1180
3 2082 6017 1192
3 1192 6017 6016
3 1200 1668 1667
3 1667 7457 1200
3 5211 6142 1200
3 1215 6294 4225
3 1217 6370 4189
3 1218 4706 1729
3 1219 6749 1747
3 4209 5628 1220
3 5269 6237 1221
3 1225 7861 2918
3 1227 4284 1226
3 1226 4691 3467
3 1230 4980 1244
3 6676 7380 1232
3 7380 7381 1232
3 1233 3532 2208
3 1233 5080 3532
3 1245 8795 1246
3 5811 8795 1245
3 4025 6926 1247
3 3964 6800 1248
3 2208 1250 1780
3 2208 3532 1250
3 2867 4726 1255
3 1265 2993 1258
3 2993 2994 1258
3 1258 6800 3964
3 1260 6942 6941
3 2228 5450 1265
3 1266 2586 1856
3 1270 5812 1271
3 1272 9122 2235
3 1272 6953 6327
3 2600 2238 1276
3 2760 5531 1279
3 1279 5531 3317
3 1280 3995 1792
3 2240 3995 1280
3 1280 6988 2240
3 2746 2244 1281
3 1282 6154 1821
3 1285 7702 2501
3 1287 7198 3975
3 1288 3436 2234
3 1288 3774 3436
3 2250 2252 1289
3 2230 2254 1291
3 1291 5487 3416
3 3416 5599 1291
3 2587 3442 1292
3 3442 3538 1292
3 1293 5135 2255
3 1293 6944 4043
3 1807 6817 1298
3 6817 6818 1298
3 1300 5455 5160
3 1302 4524 3346
3 2757 4534 1304
3 4534 6548 1304
3 1307 4925 1826
3 2617 2267 1307
3 2744 6071 1309
3 1312 2273 1793
3 1796 7164 1313
3 1313 3774 2248
3 1313 7164 3774
3 1315 5458 2328
3 1321 2283 2286
3 1322 9060 1845
3 1323 7293 2595
3 2665 6366 1324
3 2263 7337 1325
3 1331 6813 4154
3 1331 6814 6813
3 4558 5832 1332
3 3359 4867 1342
3 1344 4416 2948
3 1344 7719 4416
3 1345 2338 3057
3 1346 5507 5210
3 1347 1915 2346
3 2346 4476 1347
3 2394 2349 1348
3 2349 7792 1348
3 1348 7792 7419
3 2949 5097 1351
3 1354 6698 2354
3 1357 3929 1359
3 1947 4901 1361
3 1361 4901 2363
3 1361 7628 2637
3 2364 5102 1363
3 2822 5373 1365
3 1374 6039 2374
3 2374 6647 1374
3 3530 5902 1375
3 2379 1376 1966
3 1376 4058 3037
3 1376 5918 4058
3 2392 1381 2395
3 5283 8480 1381
3 2018 3547 1389
3 2402 1390 1994
3 2813 1390 2402
3 2812 1390 2813
3 1880 4323 1392
3 1392 1881 2823
3 2290 4462 1393
3 1393 4462 2824
3 2458 4014 1396
3 4496 7247 1396
3 1398 7934 4146
3 1401 5387 2412
3 4889 5153 1401
3 2451 1424 1402
3 1403 3027 2418
3 2046 2044 1410
3 2431 8590 1410
3 1414 4825 3364
3 3606 4825 1414
3 1415 8694 4696
3 1418 2008 2964
3 1419 1464 2437
3 2439 4678 1420
3 2444 5106 1422
3 1425 4642 2968
3 2456 3366 1429
3 3366 8103 1429
3 5219 7172 1433
3 1434 4501 2467
3 2052 7631 1436
3 1436 7631 2470
3 2471 1437 2480
3 2832 5513 1439
3 6884 7571 1445
3 1448 4061 2477
3 2477 4904 1448
3 3086 1449 3085
3 1449 5282 3085
3 3086 4902 1449
3 3516 7353 1450
3 1452 7598 5574
3 4597 5368 1454
3 4150 4430 1455
3 4772 7818 1455
3 1457 5938 5344
3 1457 5939 5938
3 1460 2488 3084
3 3084 6436 1460
3 4439 4516 1463
3 2437 1464 2492
3 1466 9108 2509
3 1485 4393 1468
3 2069 1470 2496
3 2844 3980 1475
3 1477 3725 3629
3 1477 5291 3725
3 2508 4995 1480
3 1482 8042 2062
3 1482 5937 3585
3 4431 6515 1483
3 1485 5726 3389
3 2499 6760 1488
3 2060 5181 1490
3 1493 4752 2502
3 1493 8447 4752
3 2851 2505 1496
3 2815 2515 1497
3 1506 3632 2154
3 3069 2117 1509
3 1514 2518 3078
3 1514 6117 2518
3 4959 6117 1514
3 1517 4220 1518
3 1518 6441 1517
3 3498 6441 1518
3 4220 9104 1518
3 1518 9104 5362
3 1519 4382 1520
3 1519 5813 5079
3 2209 4870 1530
3 1536 4741 1589
3 3075 4741 1536
3 2870 4330 1540
3 1540 5500 2870
3 1549 6714 3573
3 4969 5888 1552
3 1552 5888 5668
3 1566 6161 2113
3 2113 6591 1566
3 2557 4264 1571
3 6229 6231 1574
3 1574 6231 6230
3 3154 4937 1583
3 3071 2123 1585
3 1585 5486 3071
3 3432 4685 1587
3 4685 7542 1587
3 1587 7542 4686
3 1596 4271 2112
3 1596 5951 4271
3 3064 6119 1602
3 1603 7151 3748
3 1604 4020 2539
3 1605 7741 6553
3 3302 4638 1606
3 4638 5021 1606
3 1607 3853 2135
3 1607 4137 2538
3 2144 4485 1609
3 1612 6482 2554
3 2548 1634 2549
3 2548 4030 1634
3 1641 3993 2551
3 1642 7995 5566
3 1643 7958 4487
3 1650 6757 4460
3 2564 4313 1656
3 1656 4313 3115
3 2564 6077 1657
3 1660 6416 3641
3 1661 5063 3240
3 4072 6789 1663
3 4205 4322 1666
3 4322 6160 1666
3 1667 7455 6886
3 3007 4215 1671
3 1673 4303 1672
3 1672 5026 3899
3 2905 7637 1675
3 1676 7453 4614
3 1677 6106 2906
3 1681 4107 2197
3 2568 4107 1681
3 1681 6466 4492
3 1685 4388 2570
3 1691 6273 3518
3 1697 5162 1698
3 1699 4610 1700
3 1699 7871 4610
3 1733 5136 1700
3 4610 9048 1700
3 1704 6353 1703
3 1706 5114 2190
3 3847 7284 1708
3 4359 6351 1710
3 1710 7348 4359
3 2715 5169 1713
3 5169 6809 1713
3 1722 7094 2192
3 1724 5475 4334
3 4334 6888 1724
3 1725 4888 1746
3 1725 9085 2913
3 1727 6324 2999
3 1728 1749 2913
3 2913 2577 1728
3 1730 5162 2579
3 1730 5880 5162
3 5739 7769 1733
3 1736 4788 1735
3 1735 4788 3367
3 2916 3562 1738
3 6762 7925 1738
3 1745 2583 1743
3 1748 7693 4728
3 5052 7694 1748
3 2913 1749 1750
3 3286 3627 1751
3 3461 3673 1752
3 3673 4352 1752
3 1759 7308 7307
3 2918 4176 1761
3 2919 4517 1762
3 1764 4021 3315
3 3315 7403 1764
3 1764 6626 4021
3 2922 4653 1766
3 4653 5744 1766
3 1769 4419 4273
3 1769 6963 4419
3 4458 6963 1769
3 1772 8760 4091
3 2923 6468 1773
3 1773 6468 3453
3 1774 6961 3205
3 3453 6961 1774
3 1776 9076 5338
3 5339 9076 1776
3 1778 6276 5963
3 1779 5334 4879
3 4880 5334 1779
3 3307 5564 1780
3 2220 8200 1781
3 5155 6998 1782
3 6998 8876 1782
3 3139 5241 1783
3 2599 4122 1784
3 1790 2601 2586
3 1790 3948 2601
3 1790 6536 3948
3 1793 2273 2926
3 9015 9022 1794
3 2231 3695 1798
3 3695 8579 1798
3 1799 4908 4040
3 1800 6924 5984
3 1801 6105 2763
3 3801 6917 1801
3 4380 6105 1801
3 1802 4774 2588
3 2928 1803 2235
3 2929 2236 1804
3 3824 4891 1805
3 1805 5816 5815
3 1806 7936 1809
3 5815 7936 1806
3 1809 7936 5814
3 2768 5644 1819
3 1819 5644 4634
3 2754 5909 1825
3 1825 6337 2754
3 1828 6337 6336
3 2594 4207 1839
3 4033 6038 1839
3 4207 5878 1839
3 2937 6829 1841
3 1842 7529 5721
3 3255 4855 1844
3 4201 8782 1846
3 2598 4103 1854
3 4103 9034 1854
3 2739 3476 1855
3 3969 7352 1855
3 2586 2601 1856
3 1859 2612 1891
3 2603 4566 1859
3 4566 8100 1859
3 1896 5376 1861
3 2604 4851 1862
3 1862 4858 2604
3 1862 4851 3792
3 3792 5612 1862
3 1862 8346 4858
3 2294 2604 1863
3 2604 5803 1863
3 1863 5803 4798
3 1864 3667 1895
3 1864 7261 6785
3 6042 7589 1866
3 1875 5315 2605
3 5458 6110 1876
3 1877 8643 2606
3 2284 5586 1878
3 1878 5731 2284
3 2826 4323 1880
3 2298 1882 2297
3 2298 6425 1882
3 1884 1948 2609
3 2612 6377 1892
3 2775 1892 2774
3 1892 6377 2774
3 1895 4766 1897
3 1896 7827 5820
3 1897 5008 2765
3 2302 4983 1900
3 1904 8857 8856
3 1905 6921 3014
3 4173 4628 1909
3 4628 4630 1909
3 1912 7728 1914
3 4964 7728 1912
3 1912 6488 5066
3 2623 1913 3051
3 1914 5970 2624
3 3877 5970 1914
3 1914 7728 3877
3 2346 1915 2625
3 1915 5398 2625
3 1920 7638 5911
3 2950 4843 1923
3 3059 8748 1926
3 1931 6582 4340
3 4254 8010 1933
3 1937 4015 2634
3 2629 6242 1939
3 7683 8170 1939
3 1945 5192 2636
3 1949 8401 4589
3 1949 8751 5321
3 2639 1955 1951
3 2397 1952 2640
3 2397 6732 1952
3 2642 1955 2639
3 2647 8143 1963
3 2650 2379 1966
3 2405 2406 1967
3 2653 2652 1969
3 2656 2373 1971
3 2820 8861 1978
3 2662 3834 1980
3 1980 3834 2800
3 2025 4708 1981
3 4708 7986 1981
3 1982 8499 5168
3 5421 8499 1982
3 1983 4715 2956
3 4058 5918 1987
3 3037 4058 1988
3 1990 5178 2665
3 1990 6360 5178
3 2675 3298 1991
3 1992 6616 2827
3 2384 1993 2385
3 1993 6205 2385
3 2667 5755 1995
3 1996 9077 2667
3 1997 7726 2960
3 4511 7726 1997
3 2001 7477 2000
3 2668 3226 2000
3 2000 4158 2668
3 3226 5133 2000
3 5133 7872 2000
3 5153 8894 2004
3 2005 3029 2669
3 2007 6816 2416
3 4192 6060 2008
3 6710 8107 2009
3 2812 5018 2010
3 2011 4898 3350
3 2014 4333 2673
3 2014 6894 4333
3 2016 3897 2674
3 2674 4208 2016
3 2814 3897 2016
3 2016 4208 2815
3 2676 3547 2018
3 2815 4533 2018
3 4147 7933 2019
3 4153 6007 2020
3 2020 5659 4543
3 2021 2023 2677
3 2021 2818 2023
3 2817 2818 2021
3 2022 2677 2678
3 2678 6236 2024
3 2025 5435 2028
3 2027 7842 2680
3 2030 5411 4954
3 5410 5411 2030
3 2682 2685 2038
3 2045 4892 2046
3 2049 4423 2050
3 2776 5355 2049
3 2052 3922 2051
3 2052 8432 3922
3 6319 6644 2055
3 6644 7179 2055
3 2061 7115 3415
3 2062 5719 2975
3 2062 8042 5719
3 2065 6396 5802
3 2065 8990 6396
3 2496 2976 2069
3 2073 3980 2844
3 2082 5170 3632
3 2104 3636 2501
3 4289 5183 2104
3 2195 5461 2110
3 4700 5037 2117
3 5037 7608 2117
3 3073 4856 2121
3 2123 4802 2122
3 3072 2123 3071
3 2691 6999 2131
3 5346 5515 2134
3 2540 5034 2136
3 8766 8767 2136
3 5021 7289 2139
3 2146 6435 4568
3 5837 8030 2146
3 3632 5170 2154
3 2694 5540 2166
3 2166 3554 2726
3 2726 8468 2166
3 2166 5540 3554
3 3400 7421 2168
3 4262 7794 2190
3 2194 6629 3767
3 4826 7331 2197
3 2200 7929 4117
3 2213 8070 5855
3 2584 2216 2585
3 3943 5897 2218
3 2220 8742 3718
3 3964 7491 2225
3 2227 2229 2226
3 2229 2227 2230
3 2233 7531 4266
3 3523 5816 2247
3 5099 7756 2248
3 4694 6601 2252
3 4321 7332 2254
3 2259 7450 2260
3 5250 7450 2259
3 5676 7890 2263
3 2753 2264 2752
3 2616 2267 2617
3 5363 6788 2270
3 2280 7747 2281
3 7655 9033 2283
3 2285 5586 2284
3 2297 8043 2298
3 2298 8043 4821
3 2301 8424 4411
3 8508 8509 2313
3 2315 2316 3015
3 3015 2316 3014
3 2319 2320 2318
3 2320 7339 2318
3 2323 9126 4108
3 2325 5750 4347
3 2325 8799 5750
3 2329 7874 4399
3 4399 5595 2330
3 2336 8455 2337
3 2625 2347 2346
3 2394 4941 2349
3 3760 6751 2351
3 2955 2380 2381
3 2380 5050 2381
3 5050 7831 2381
3 3888 4500 2382
3 2384 8818 3656
3 2385 4229 2386
3 2386 6091 2387
3 2387 6091 5284
3 2394 7321 3944
3 2412 5387 3226
3 2413 6906 4203
3 4697 8692 2415
3 2416 6795 4539
3 3953 7077 2421
3 2446 5068 2445
3 2445 6619 4269
3 2447 7360 2446
3 2464 7172 7156
3 2468 2512 2469
3 2512 5205 2469
3 6068 7420 2469
3 2470 7631 4265
3 3084 2488 3083
3 4439 4440 2489
3 2489 4516 4439
3 2506 4282 3694
3 4281 4282 2506
3 4069 6561 2507
3 2508 7370 4647
3 3078 2518 3077
3 2554 2537 2555
3 4020 6417 2539
3 2548 8994 4030
3 5187 8114 2549
3 2552 4525 2553
3 3414 5955 2557
3 2558 7520 3414
3 2572 7474 2571
3 7474 8475 2571
3 2913 9085 2577
3 3983 7527 2577
3 2577 6158 4104
3 3481 5881 2586
3 2592 8836 2593
3 2595 5969 3255
3 3575 6930 2595
3 2595 7293 3575
3 2597 7362 3940
3 2599 7371 3969
3 2601 6909 4139
3 2601 7493 6909
3 2606 4367 2607
3 2617 4428 2616
3 3752 7747 2616
3 2627 4170 2626
3 2627 5581 4170
3 2637 7628 4932
3 2650 5809 2649
3 3038 6089 2650
3 2653 5077 2652
3 2654 2653 2655
3 2653 8049 5077
3 2656 8188 5645
3 2821 2820 2660
3 3029 4100 2669
3 2671 4564 2670
3 2671 5056 4564
3 4923 5073 2675
3 3785 6236 2678
3 2691 7193 4181
3 2693 7050 3373
3 4779 6278 2693
3 2714 4847 3565
3 3882 6461 2724
3 2732 3308 2733
3 3892 5738 2759
3 2759 8228 5095
3 4519 6223 2760
3 9012 9021 2763
3 2763 9021 9017
3 2765 4855 4854
3 2766 5706 3784
3 5703 6840 2768
3 2771 4587 2770
3 4587 6188 2770
3 2956 2802 2803
3 2803 5224 5223
3 2803 5225 5224
3 2813 5018 2812
3 2814 7766 3897
3 4084 5526 2814
3 2815 5977 4084
3 3425 5126 2831
3 2833 4639 2832
3 4639 8985 2832
3 7055 8627 2835
3 2906 6106 3837
3 4197 6888 2910
3 2916 5597 5033
3 2932 7312 3618
3 3779 7084 2961
3 3854 5548 2964
3 4819 5939 2972
3 2978 9082 2977
3 6251 9082 2978
3 4924 6703 2980
3 2989 8522 5325
3 3008 5061 3007
3 3021 4155 3020
3 3021 6348 4155
3 3023 5538 3022
3 3030 8060 4100
3 3032 7938 5425
3 3047 7484 3046
3 3059 6191 3058
3 3071 3433 3154
3 3072 3446 3241
3 3241 4802 3072
3 3091 3407 3090
3 4055 6422 3114
3 3114 6422 5961
3 3137 4480 4307
3 4307 5771 3137
3 3139 8664 5241
3 4488 7898 3140
3 3145 4060 3482
3 3482 6291 3145
3 3145 5524 4060
3 3148 8252 5189
3 3149 8256 6843
3 3151 8211 5241
3 5241 8663 3151
3 3433 4872 3154
3 5839 7682 3161
3 5637 8221 3169
3 3171 6185 3369
3 3178 6553 6552
3 3219 8967 3182
3 3184 6669 4628
3 5699 5701 3215
3 3225 4914 3480
3 3246 9047 5004
3 3250 7297 3852
3 3262 5720 4778
3 7829 7899 3266
3 3305 5116 3812
3 3305 6291 5116
3 3321 7098 4868
3 4167 6507 3347
3 3356 7127 7097
3 3421 9110 3360
3 3364 4825 3604
3 5472 7157 3372
3 3439 4686 3433
3 3435 5595 4399
3 3445 4659 3560
3 5330 5601 3447
3 3482 4060 3462
3 3467 5727 3466
3 3480 5610 3746
3 4914 5610 3480
3 3489 7605 4578
3 3500 3725 3501
3 3797 6710 3522
3 3522 6710 5323
3 6041 6084 3531
3 6084 6893 3531
3 3543 8442 4393
3 5210 5507 3570
3 3593 5771 4307
3 5781 5793 3594
3 4307 5776 3595
3 3606 8352 4825
3 6298 6498 3611
3 4923 8433 3620
3 3638 6788 5363
3 6374 8033 3658
3 3668 8051 6316
3 3722 3742 3677
3 3678 6500 3722
3 3678 8219 6037
3 4071 5765 3679
3 3744 8724 3739
3 3740 7073 4274
3 5610 8557 3746
3 3784 5706 3783
3 3786 7273 6680
3 4293 8365 3790
3 4746 7315 3794
3 5209 8368 3827
3 3865 8552 8551
3 5549 6576 3866
3 8551 8552 3866
3 3905 8627 7055
3 3917 5279 4389
3 6785 7261 4036
3 4090 4091 4089
3 4089 4506 4090
3 4091 8760 4089
3 6831 6832 4092
3 4129 6727 6167
3 4130 7023 4131
3 4161 7731 4163
3 7137 7604 4237
3 4419 5759 4273
3 4273 7862 6500
3 4285 6773 6772
3 4480 5775 4307
3 4349 7571 6884
3 5506 7233 4390
3 4433 6458 5691
3 7865 8249 4481
3 4586 9071 4690
3 4629 4630 4628
3 4631 4633 4632
3 5095 8228 4679
3 5720 8164 4778
3 4792 8757 5463
3 4949 4984 4947
3 4947 7367 6779
3 4948 4984 4949
3 4951 8935 4950
3 5320 7837 7836
3 7244 7829 5335
3 5339 7829 5336
3 5337 6135 5342
3 6784 8233 5696
3 5698 6528 5700
3 5699 6529 6528
3 6100 6102 5777
3 7223 7224 5780
3 5790 5791 5783
3 5792 7387 5783
3 7381 7382 5784
3 7383 7385 5784
3 6453 6454 5787
3 5789 7949 7948
3 7948 7949 5792
3 5794 8869 7226
3 6101 6589 6129
3 6101 8999 7808
3 6126 9006 8998
3 6344 8879 8324
3 6553 7742 6552
3 6766 7533 6764
3 6768 6769 6764
3 6994 6995 6993
3 6996 7229 6993
3 7228 8868 7229
3 7720 7896 7721
3 8248 8249 7865
3 8207 8209 8208
3 8235 8240 8234
3 8238 8290 8239
3 8244 8245 8239
3 8242 8243 8241
3 8241 8269 8247
3 8242 8245 8244
3 8248 8318 8311
3 8263 8266 8251
3 8251 8343 8327
3 8265 8308 8253
3 8270 8272 8255
3 8272 8323 8255
3 8261 8263 8258
3 8260 8268 8259
3 8259 8313 8291
3 8279 8280 8274
3 8279 8288 8276
3 8294 8297 8295
3 8300 8302 8294
3 8324 8729 8295
3 8304 8408 8300
3 8314 8315 8311
3 8311 8318 8314
3 8329 8337 8334
3 8334 8337 8331
3 8336 8339 8332
3 8332 8340 8338
3 8721 8723 8709
3 8735 8736 8710
3 8711 8737 8713
3 8715 8716 8714
3 8714 8726 8715
3 8718 8719 8716
3 8998 9005 8999
3 9017 9021 9016
3 10 11 1128
3 1128 11 3120
3 3120 11 12
3 12 362 1129
3 12 1129 3120
3 2355 169 3122
3 3121 169 2793
3 3122 169 3121
3 3122 1118 2355
3 2793 1120 3121
3 659 1120 2793
3 3127 9172 3126
3 9130 9136 2696
3 2562 9142 2698
3 2172 9169 9155
3 2706 9133 1183
3 3123 9143 9137
3 2174 2562 2698
3 51 2709 400
3 9135 9151 2171
3 2696 9136 2695
3 9128 9141 9129
3 9130 9144 3124
3 2171 9151 9132
3 2192 9147 9133
3 9133 9141 1183
3 9142 9153 2697
3 1183 9149 2193
3 9153 9167 2697
3 2170 9160 9157
3 1185 9159 3126
3 1185 9172 2193
3 9134 9170 9136
3 2193 9149 1185
3 3126 9172 1185
3 9130 9159 9136
3 2170 9157 2704
3 2902 9163 9150
3 3125 9159 9130
3 9150 9163 9132
3 2706 9145 9133
3 2696 9155 9130
3 2561 9142 2562
3 9133 9161 2192
3 9136 9170 2695
3 9129 9131 9128
3 9132 9171 2171
3 2191 9165 50
3 9133 9166 9141
3 9143 9153 9137
3 2174 360 2562
3 52 9156 9154
3 1126 9137 2561
3 9138 9160 2171
3 9131 9152 2704
3 9128 9164 9141
3 51 9161 2709
3 9131 9138 9128
3 2709 9145 405
3 9145 9161 9133
3 9136 9173 9134
3 3124 9144 2173
3 3126 9159 3125
3 9151 9165 2191
3 2192 9161 51
3 9138 9148 9128
3 2171 9148 9138
3 9130 9155 9144
3 2193 9154 1183
3 396 9151 2191
3 399 9168 9146
3 2695 9162 2696
3 2703 9150 396
3 2173 9143 3123
3 9141 9166 9129
3 9158 9160 2170
3 9137 9142 2561
3 9131 9157 9138
3 405 9145 2706
3 9135 9165 9151
3 9141 9149 1183
3 2696 9162 2698
3 9157 9160 9138
3 2698 9162 2174
3 9129 9152 9131
3 9141 9164 9149
3 360 9163 2902
3 2174 9171 9163
3 2171 9171 2695
3 9150 9151 396
3 9146 9147 399
3 1183 9154 2706
3 9162 9171 2174
3 2704 9157 9131
3 9139 9172 3127
3 9155 9169 9144
3 9134 9173 9149
3 9149 9173 1185
3 2706 9156 405
3 2174 9163 360
3 2709 9161 9145
3 2695 9170 2171
3 9143 9167 9153
3 9129 9147 9146
3 411 9156 52
3 9147 9166 9133
3 9146 9152 9129
3 1187 9139 3127
3 2193 9172 9139
3 9148 9164 9128
3 9159 9173 9136
3 9135 9160 9158
3 9149 9164 9134
3 9158 9165 9135
3 9154 9156 2706
3 397 9158 2170
3 1185 9173 9159
3 9137 9153 9142
3 2171 9160 9135
3 9132 9151 9150
3 50 9165 9158
3 9146 9168 9152
3 50 9158 397
3 9129 9166 9147
3 9163 9171 9132
3 9134 9164 9148
3 9148 9170 9134
3 2171 9170 9148
3 2695 9171 9162
3 398 9168 399
3 2704 1719 398
3 405 9156 411
3 1187 9140 411
3 3128 1130 2708
3 3127 3128 1187
3 3128 9140 1187
3 2697 2173 2172
3 2172 2696 2697
3 2172 9155 2696
3 2697 9167 2173
3 3124 2173 3123
3 2173 9167 9143
3 1187 411 52
3 52 9139 1187
3 2193 9139 52
3 52 9154 2193
3 395 2902 2703
3 2170 2704 397
3 1719 9168 398
3 399 9147 2192
3 411 9140 2708
3 2708 1130 412
3 3123 9137 1126
3 2704 9152 1719
3 9152 9168 1719
3 2173 9169 2172
3 9144 9169 2173
3 2697 2696 2698
3 2698 9142 2697
3 2902 9150 2703
3 2708 9140 3128
3 3125 9130 3124
3 9190 9196 9179
3 1715 9186 3130
3 9180 9199 9190
3 2986 9209 1049
3 1189 9270 9200
3 1651 9203 9188
3 1653 9213 419
3 1082 9195 349
3 1014 9229 9194
3 9188 9212 1651
3 2544 9210 348
3 2142 9264 9207
3 409 9212 9188
3 404 9230 403
3 9181 9206 9194
3 419 9213 54
3 361 9250 9203
3 9192 9219 9178
3 403 9225 404
3 9207 9264 3132
3 1182 9214 9204
3 408 407 2895
3 9202 9268 2713
3 1051 1082 349
3 9204 9272 1182
3 53 9218 54
3 54 9246 419
3 54 9213 9187
3 9184 9241 9223
3 361 9271 9201
3 9174 9222 9198
3 1017 9260 1131
3 9224 9242 9185
3 9198 9222 9185
3 1016 9221 2541
3 9223 9252 9176
3 9199 9224 9176
3 423 9251 1016
3 404 9253 1182
3 9206 9261 9194
3 1182 9272 404
3 1182 9259 9214
3 9178 9248 9192
3 9187 9228 54
3 9182 9238 9211
3 9194 9229 9181
3 3131 9263 1717
3 9191 9220 53
3 9186 9257 3130
3 9193 9245 9203
3 9215 9262 1184
3 2712 9261 9206
3 9179 9233 9190
3 9190 9234 9180
3 1718 1608 1189
3 9200 9270 1014
3 9206 9244 1191
3 9209 9227 1081
3 9193 9225 403
3 1014 9270 1608
3 1081 9230 404
3 408 409 2896
3 9205 9247 9238
3 409 9269 2896
3 9203 9250 9193
3 9193 9240 1068
3 9197 9241 9184
3 404 9225 361
3 9223 9241 9196
3 9185 9242 9198
3 9199 9242 9224
3 9176 9252 9199
3 9196 9252 9223
3 54 9228 9216
3 1068 9245 9193
3 403 9226 9193
3 2143 9237 9235
3 9221 9232 2541
3 9182 9239 9238
3 9178 9256 9201
3 410 9215 1184
3 1652 9208 1050
3 9219 9220 9178
3 9221 9251 2158
3 1608 9270 1189
3 1718 9255 9205
3 9193 9250 9225
3 423 9268 1015
3 9238 9239 9183
3 3129 9231 2895
3 2713 9249 9210
3 2896 9245 1068
3 9233 9234 9190
3 2158 9251 423
3 9191 9216 9204
3 9235 9236 2143
3 9216 9228 9204
3 1016 9251 9221
3 1131 9260 3135
3 9195 9246 9218
3 1651 9212 9211
3 1718 9217 1608
3 9210 9249 348
3 409 9257 9186
3 9201 9256 9214
3 9181 9244 9206
3 1652 9258 9208
3 2544 9218 53
3 2544 9236 9210
3 9201 9253 361
3 3135 9232 3134
3 53 9216 9191
3 9207 9244 9181
3 2895 9231 408
3 9201 9271 9178
3 9214 9259 9201
3 1653 419 420
3 2158 9243 9221
3 1082 9246 9195
3 9205 9255 9192
3 2160 9240 9226
3 2541 9232 341
3 9179 9241 9197
3 9190 9252 9196
3 9199 9252 9190
3 9262 9265 1184
3 9196 9241 9179
3 9198 9242 9180
3 9180 9242 9199
3 9221 9243 3134
3 9188 9269 409
3 9178 9271 9248
3 9219 9255 1189
3 2986 9227 9209
3 408 9231 409
3 9194 9261 1015
3 9210 9236 9202
3 1189 9255 1718
3 1191 9244 3132
3 2896 9269 9245
3 9204 9214 9191
3 9175 9234 9233
3 1130 1630 1186
3 9192 9247 9205
3 9220 9256 9178
3 1081 9272 9204
3 9204 9228 1081
3 9203 9245 9188
3 2160 9226 402
3 9265 9267 1184
3 2884 9260 1017
3 9218 9246 54
3 9192 9255 9219
3 3132 9244 9207
3 9231 9257 409
3 2713 9210 9202
3 3135 9260 9254
3 9232 9254 341
3 9208 9258 9213
3 9253 9259 1182
3 9192 9248 9247
3 341 9254 2884
3 9235 9237 1015
3 9227 9230 1081
3 9191 9256 9220
3 9189 9262 9215
3 9263 9264 2142
3 3134 9232 9221
3 9225 9250 361
3 9214 9256 9191
3 9189 9263 9262
3 403 9230 9227
3 9238 9247 1651
3 353 2160 402
3 9254 9260 2884
3 9211 9238 1651
3 3135 9254 9232
3 424 9268 423
3 9245 9269 9188
3 1015 9268 9235
3 9202 9236 9235
3 3129 9257 9231
3 9201 9259 9253
3 9213 9258 9187
3 9235 9268 9202
3 9226 9240 9193
3 9262 9263 2142
3 2142 9265 9262
3 412 1130 1186
3 401 353 402
3 54 9216 53
3 53 1189 1618
3 53 9220 1189
3 353 1068 2160
3 361 9253 404
3 361 9203 1651
3 1651 9248 361
3 402 9226 403
3 404 9272 1081
3 2895 407 412
3 409 1716 2707
3 409 9186 1716
3 2707 9212 409
3 1717 9189 410
3 1718 9183 410
3 410 9266 1718
3 410 9182 2707
3 2707 9184 410
3 410 9222 9174
3 410 9223 9176
3 9176 9224 410
3 410 9239 9182
3 9184 9223 410
3 9185 9222 410
3 410 9224 9185
3 9189 9215 410
3 410 9267 9266
3 419 9246 1082
3 2158 423 2712
3 423 9261 2712
3 2713 9268 424
3 1014 9194 1015
3 1015 9237 1014
3 1014 9177 2142
3 2142 9229 1014
3 2143 9200 1014
3 1014 9237 2143
3 1014 9217 9177
3 1049 1652 1050
3 1068 9240 2160
3 1081 9187 1652
3 1652 9209 1081
3 1081 9228 9187
3 3129 1630 1130
3 1186 1630 2895
3 1191 3133 2157
3 2712 9206 1191
3 1191 3132 3133
3 9247 9248 1651
3 9187 9258 1652
3 1715 9179 1716
3 3131 1717 1715
3 1715 3130 3131
3 9175 9233 1715
3 1715 9233 9179
3 9179 9197 1716
3 1718 9266 9217
3 9177 9266 2142
3 9181 9229 2142
3 2142 9266 9265
3 2157 2158 2712
3 2157 9243 2158
3 3130 9257 3129
3 3132 9264 3131
3 3131 9264 9263
3 3134 9243 3133
3 9217 9266 9177
3 9266 9267 9265
3 2544 53 1618
3 349 9195 348
3 348 9249 349
3 348 9195 2544
3 349 1083 1051
3 349 9249 1083
3 9248 9271 361
3 403 9227 402
3 402 9227 2986
3 1184 9267 410
3 410 9174 1717
3 9183 9239 410
3 412 1186 2895
3 1050 9208 420
3 420 9208 1653
3 1015 9261 423
3 1083 9249 425
3 425 9249 2713
3 1608 9217 1014
3 1049 9209 1652
3 1189 9200 1618
3 1189 9220 9219
3 2712 1191 2157
3 1618 9200 2143
3 2143 9236 1618
3 1618 9236 2544
3 2895 1630 3129
3 9208 9213 1653
3 1716 9186 1715
3 1717 9180 1715
3 1715 9234 9175
3 9180 9234 1715
3 1716 9197 2707
3 9174 9198 1717
3 1717 9198 9180
3 1717 9263 9189
3 1718 9205 9183
3 2142 9207 9181
3 3133 9243 2157
3 9195 9218 2544
3 9182 9211 2707
3 2707 9197 9184
3 9211 9212 2707
3 9205 9238 9183
3 1017 9273 1018
3 1123 9273 1131
3 1131 9273 1017
3 1019 9273 1123
3 1018 9273 1019
3 406 9275 407
3 407 9275 412
3 412 9275 2708
3 2708 9274 411
3 405 9274 406
3 9274 9275 406
3 2708 9275 9274
3 411 9274 405
3 1106 9279 2140
3 1013 9278 1122
3 336 9276 2140
3 2140 9276 1106
3 1106 9278 1013
3 2137 1011 1002
3 1122 9278 2141
3 9279 9281 2137
3 2137 9280 9279
3 2137 9281 1011
3 2140 9280 336
3 9279 9280 2140
3 1012 9281 9279
3 336 9280 1002
3 1124 9276 336
3 1002 9280 2137
3 1011 9281 1012
3 1106 9276 2138
3 1106 9277 2141
3 2141 9278 1106
3 2141 1132 1122
3 2138 1124 3136
3 1132 9277 3136
3 1012 1106 1013
3 1012 9279 1106
3 2138 3136 1106
3 3136 9277 1106
3 2138 9276 1124
3 2141 9277 1132
3 1019 9282 1018
3 2887 9283 9282
3 2892 9283 2887
3 1086 9282 2904
3 1018 9282 1086
3 2887 1034 2892
3 1065 9283 2892
3 2904 9283 1065
3 2887 9282 1019
3 9282 9283 2904
3 1086 1017 1018
3 1064 2904 1065
3 2987 9295 426
3 2904 9296 1086
3 2987 9292 2164
3 9285 9294 9286
3 2541 9289 1016
3 1086 9296 2884
3 9296 9301 2884
3 9285 9302 9294
3 9288 9301 9296
3 1016 424 423
3 1626 9300 9290
3 2713 9300 1626
3 2904 9297 9296
3 1640 9299 9294
3 9286 9299 2903
3 2891 9304 9297
3 9296 9297 9288
3 425 1626 1654
3 9293 9298 1026
3 2164 9292 2891
3 9291 9293 427
3 1027 9298 2903
3 1654 9292 2987
3 1026 9298 1027
3 2891 9287 2164
3 2164 9302 2987
3 9285 9293 9291
3 2884 9301 341
3 9291 9295 2987
3 427 9293 428
3 9285 9298 9293
3 9286 9298 9285
3 341 9305 2541
3 9294 9302 2164
3 9284 9300 9289
3 9301 9305 341
3 9294 9303 1640
3 2541 9305 9289
3 9289 9300 2713
3 2987 9302 9291
3 9290 9300 9284
3 9297 9304 9288
3 9289 9305 9284
3 9284 9304 9290
3 2903 9298 9286
3 1064 9297 2904
3 9290 9304 2891
3 9291 9302 9285
3 9287 9303 2164
3 9288 9304 9301
3 9301 9304 9284
3 1085 9299 1640
3 427 9295 9291
3 9294 9299 9286
3 9284 9305 9301
3 1654 426 425
3 2164 9303 9294
3 1073 1085 1640
3 2713 1626 425
3 426 9295 427
3 1654 2987 426
3 428 9293 1026
3 1064 9287 2891
3 2891 9297 1064
3 2903 9299 1085
3 1626 9290 2891
3 2891 9292 1626
3 1016 9289 424
3 424 9289 2713
3 1017 1086 2884
3 1073 9287 1064
3 1640 9303 1073
3 1073 9303 9287
3 1626 9292 1654
3 2705 9307 401
3 2709 9310 2907
3 1068 9306 2896
3 1068 9307 9306
3 2907 9311 1687
3 1687 9308 400
3 408 9309 407
3 1687 2709 2907
3 9306 9309 2896
3 407 9309 2907
3 2896 9309 408
3 400 9308 2705
3 2907 9310 407
3 9306 9311 9309
3 9307 9308 9306
3 9309 9311 2907
3 1687 9311 9308
3 2705 9308 9307
3 9308 9311 9306
3 400 2709 1687
3 405 406 2709
3 407 9310 406
3 406 9310 2709
3 401 9307 353
3 353 9307 1068
3 9312 9315 2545
3 1020 9317 1019
3 9313 9316 1024
3 2545 9315 9314
3 9312 9316 9315
3 2887 9317 9312
3 9315 9316 9313
3 9312 9317 9316
3 9316 9317 1020
3 9314 9315 9313
3 2545 9314 352
3 1024 9316 1020
3 1022 1021 2893
3 1023 9313 1024
3 1034 2887 1628
3 1023 2893 352
3 352 9313 1023
3 352 2893 2545
3 352 9314 9313
3 1019 9317 2887
3 1022 2893 1023
3 1066 1034 2545
3 2545 1034 1628
3 2545 2893 1066
3 1628 9312 2545
3 2887 9312 1628
3 1065 9318 1064
3 1036 9319 1035
3 1064 9318 1073
3 1035 9319 1034
3 1034 9319 2892
3 2892 9318 1065
3 2898 9319 1036
3 1073 9318 2898
3 2892 9319 9318
3 9318 9319 2898
3 413 9321 2710
3 2705 401 1069
3 2710 9320 414
3 1069 9321 2705
3 9320 9321 1069
3 2710 9321 9320
3 413 400 2705
3 1048 9320 1069
3 2705 9321 413
3 414 9320 1047
3 1047 9320 1048
3 9322 9323 1004
3 1003 1002 1011
3 1006 9323 340
3 340 9322 1007
3 1003 9322 1004
3 1004 9323 1006
3 1007 9322 1011
3 340 9323 9322
3 1011 9322 1003
3 1029 9330 1037
3 1085 9329 2903
3 2161 9329 1085
3 2162 9324 1633
3 1633 9326 2897
3 1036 1037 2897
3 2897 9326 1036
3 2897 9327 1633
3 1633 9328 2162
3 2898 9324 2161
3 1028 9330 1029
3 9324 9326 1633
3 9328 9331 2162
3 1073 2161 1085
3 2903 9325 1027
3 9327 9328 1633
3 9327 9330 1028
3 2162 9331 9329
3 9325 9328 2885
3 2903 9331 9325
3 9325 9331 9328
3 2898 9326 9324
3 1037 9330 2897
3 2897 9330 9327
3 9329 9331 2903
3 2885 9328 9327
3 1027 9325 2885
3 2885 9327 1028
3 1036 9326 2898
3 2161 1073 2898
3 2161 9324 2162
3 2162 9329 2161
3 1069 401 402
3 2986 1069 402
3 1048 1069 2986
3 2986 1049 1048
3 340 1007 1006
3 1048 9332 1047
3 1056 9332 1048
3 414 9332 415
3 1047 9332 414
3 415 9332 1055
3 1055 9332 1056
3 427 9333 426
3 9333 9335 2163
3 2163 9335 9334
3 1052 9334 1054
3 1054 9335 9333
3 9334 9335 1054
3 1054 9333 427
3 1051 9334 1052
3 2163 425 426
3 1083 425 2163
3 426 9333 2163
3 1051 1083 2163
3 2163 9334 1051
3 2150 9337 1027
3 1029 9339 1028
3 2151 9338 2882
3 2885 2151 2150
3 9339 9341 2155
3 1028 9340 9338
3 990 9337 991
3 9336 9339 1038
3 1038 9339 1029
3 2885 9338 2151
3 2151 9337 2150
3 2155 9340 9339
3 991 9337 2151
3 9336 9341 9339
3 9338 9340 2882
3 992 9341 993
3 2155 9341 992
3 9339 9340 1028
3 1027 9337 990
3 992 2882 2155
3 994 9336 1038
3 2150 1027 2885
3 1028 9338 2885
3 2151 2882 991
3 993 9341 994
3 994 9341 9336
3 2882 9340 2155
3 1026 9342 2152
3 989 9342 990
3 1027 9342 1026
3 2152 428 1026
3 429 9343 989
3 2152 9342 989
3 989 9343 2152
3 990 9342 1027
3 428 9343 429
3 2152 9343 428
3 1059 9345 421
3 1050 9344 1049
3 9344 9345 1059
3 1058 9344 1059
3 420 9345 1050
3 1050 9345 9344
3 421 9345 420
3 1049 9344 1058
3 1048 9346 1056
3 1057 9346 1049
3 1056 9346 1057
3 1049 9346 1048
3 1057 1049 1058
3 1611 9347 2711
3 1611 9357 9347
3 1055 9353 415
3 1025 9352 422
3 331 9354 2542
3 2542 9361 331
3 1611 9355 1631
3 1631 9350 9348
3 2711 9347 417
3 343 9361 2542
3 1190 9359 9357
3 332 9356 344
3 1056 9350 1631
3 415 9353 416
3 1631 9353 1055
3 2543 9356 2533
3 2533 9361 2543
3 422 9352 1190
3 417 9347 988
3 2711 9355 1611
3 988 9349 330
3 330 9354 331
3 2543 9361 343
3 9352 9359 1190
3 344 9356 2543
3 9350 9360 9348
3 2542 9354 1025
3 9352 9354 9349
3 1057 9360 9350
3 2533 9356 332
3 1631 9355 9353
3 421 9358 1059
3 1025 9354 9352
3 331 9361 2533
3 9347 9351 988
3 1058 9360 1057
3 988 9351 9349
3 9353 9355 416
3 9351 9359 9349
3 9347 9357 9351
3 9357 9359 9351
3 9349 9354 330
3 9349 9359 9352
3 416 9355 2711
3 422 9358 421
3 1190 9357 422
3 2159 422 1611
3 422 9357 1611
3 2159 9358 422
3 1057 9350 1056
3 1058 9358 2159
3 2159 9360 1058
3 332 344 428
3 429 332 428
3 1055 1056 1631
3 1059 9358 1058
3 1631 9348 1611
3 1611 9348 2159
3 9348 9360 2159
3 1070 9365 1031
3 2886 9365 9363
3 2886 9363 9362
3 1638 9364 9362
3 9363 9365 1070
3 9362 9363 996
3 1638 9362 995
3 9362 9364 2886
3 995 9362 996
3 994 1638 995
3 994 1038 1638
3 996 9363 997
3 1029 9364 1038
3 2886 9364 1029
3 1030 9365 2886
3 1038 9364 1638
3 997 9363 1070
3 1031 9365 1030
3 1084 9369 913
3 914 9368 1644
3 992 9370 2882
3 9368 9371 9367
3 9368 9370 1644
3 2148 9374 991
3 9369 9373 9366
3 1644 9370 992
3 2882 9368 9367
3 913 9369 9366
3 1084 9372 9369
3 1644 915 914
3 2882 9370 9368
3 990 9372 1084
3 9373 9374 2148
3 9372 9374 9369
3 9369 9374 9373
3 2149 9371 2873
3 2873 913 2149
3 913 9366 2149
3 2873 9368 914
3 1644 992 916
3 991 9372 990
3 991 9374 9372
3 2148 9371 2149
3 2149 9373 2148
3 9366 9373 2149
3 916 915 1644
3 991 9367 2148
3 2882 9367 991
3 9367 9371 2148
3 2873 9371 9368
3 2153 9375 989
3 9377 9378 1655
3 430 9376 912
3 912 9377 913
3 1655 9378 9375
3 9376 9377 912
3 1655 9375 1084
3 2153 989 990
3 9375 9378 9376
3 1084 9375 2153
3 9376 9378 9377
3 429 9375 430
3 1655 1084 913
3 913 9377 1655
3 2153 990 1084
3 989 9375 429
3 9375 9376 430
3 1025 9383 2542
3 9381 9384 1622
3 9382 9383 1622
3 420 9390 9381
3 9384 9385 1620
3 343 9386 2543
3 1053 9392 1052
3 9383 9387 1060
3 344 9389 427
3 1622 9384 1620
3 1620 9382 1622
3 2542 9382 9380
3 2543 9389 344
3 1620 9391 9382
3 9382 9391 9380
3 9391 9392 9380
3 1617 1082 1051
3 422 9387 1025
3 1054 9389 9386
3 9381 9390 9384
3 9386 9389 2543
3 1025 9387 9383
3 1619 9388 343
3 343 2542 1619
3 420 9381 421
3 1617 420 1082
3 1617 9390 420
3 421 9387 422
3 1060 9387 421
3 427 9389 1054
3 1617 1051 1052
3 1054 1053 1052
3 1052 9392 1620
3 1053 9379 1619
3 1619 9392 1053
3 9385 9390 1617
3 9379 9388 1619
3 9380 9392 1619
3 1620 9392 9391
3 343 9388 9386
3 428 344 427
3 419 1082 420
3 421 9381 1060
3 1052 9385 1617
3 1620 9385 1052
3 1054 9386 1053
3 1053 9386 9379
3 1060 9381 1622
3 1622 9383 1060
3 2542 9380 1619
3 2542 9383 9382
3 9386 9388 9379
3 9384 9390 9385
3 323 9393 910
3 331 9394 330
3 430 2872 429
3 2872 9398 429
3 332 9395 2533
3 429 9398 332
3 417 9397 418
3 322 9396 9394
3 988 9397 417
3 910 9395 911
3 323 9394 9393
3 332 9398 9395
3 909 9397 9396
3 909 9396 322
3 330 9396 988
3 9394 9396 330
3 911 9398 2872
3 418 9397 909
3 9395 9398 911
3 9396 9397 988
3 322 9394 323
3 2087 331 2533
3 910 9393 2087
3 2087 9393 331
3 9393 9394 331
3 2087 9395 910
3 2533 9395 2087
3 1071 9400 9399
3 1031 9399 1070
3 998 1071 999
3 9399 9400 1070
3 1070 9400 997
3 998 997 1071
3 997 9400 1071
3 1032 9399 1031
3 1071 9399 1032
3 917 1072 918
3 917 916 1613
3 916 992 993
3 1613 1072 917
3 1039 994 995
3 1072 9401 995
3 1039 9401 1613
3 916 993 1039
3 1613 916 1039
3 1039 993 994
3 995 9401 1039
3 1613 9401 1072
3 929 9405 930
3 9404 9405 9402
3 930 9405 9404
3 930 9404 931
3 1639 9407 9403
3 9402 9407 9404
3 9403 9407 9402
3 9402 9406 9403
3 9404 9407 1061
3 9403 9406 917
3 918 9403 917
3 1061 9407 1639
3 917 9406 1614
3 1614 916 917
3 928 916 1614
3 1639 919 1061
3 1614 929 928
3 1614 9406 929
3 9402 9405 929
3 929 9406 9402
3 931 9404 1061
3 1639 918 919
3 1639 9403 918
3 2874 9409 928
3 915 9408 914
3 927 9408 2874
3 915 9409 9408
3 9408 9409 2874
3 916 9409 915
3 914 9408 927
3 928 9409 916
3 2874 9413 927
3 952 9424 808
3 952 9419 2530
3 1576 9414 2530
3 2878 9418 9410
3 1579 9423 2899
3 9412 9417 9410
3 872 9421 9414
3 9416 9420 1579
3 9414 9421 2530
3 2530 9421 952
3 1076 9416 2899
3 927 9413 1076
3 9410 9415 9412
3 873 9414 1041
3 2899 9416 1579
3 2874 9415 9411
3 1579 9419 952
3 9411 9413 2874
3 1040 9417 2156
3 9413 9416 1076
3 2878 9420 9418
3 9411 9420 9416
3 2530 9419 2878
3 952 9423 1579
3 809 9424 872
3 9410 9418 9415
3 1040 9422 9417
3 9411 9416 9413
3 9417 9422 9410
3 954 9422 1040
3 9418 9420 9411
3 872 9424 9421
3 9421 9424 952
3 807 9423 808
3 9415 9418 9411
3 808 9424 809
3 808 9423 952
3 872 9414 873
3 928 929 2156
3 2156 9412 928
3 2156 929 1040
3 954 1041 1576
3 2878 9422 954
3 2878 9419 1579
3 1579 9420 2878
3 2899 9423 807
3 928 9415 2874
3 9412 9415 928
3 2878 954 1576
3 1041 9414 1576
3 2878 1576 2530
3 2156 9417 9412
3 9410 9422 2878
3 2856 9425 2899
3 805 9425 2856
3 1076 9425 926
3 1076 926 927
3 926 9425 805
3 806 2899 807
3 2856 2899 806
3 2899 9425 1076
3 1062 955 1040
3 1040 929 930
3 931 1040 930
3 1062 1040 931
3 1040 955 954
3 920 9426 1061
3 1061 919 920
3 933 932 1625
3 1625 920 921
3 1625 9426 920
3 1625 921 934
3 931 9426 932
3 1061 9426 931
3 932 9426 1625
3 934 933 1625
3 807 808 951
3 955 1062 956
3 956 1062 351
3 1063 931 932
3 1062 931 1063
3 351 1062 1063
3 955 1624 954
3 1041 954 1624
3 2890 955 956
3 955 2890 1624
3 1624 2890 1041
3 1077 9427 809
3 808 9427 951
3 809 9427 808
3 1077 809 871
3 951 9427 1077
3 947 948 869
3 869 948 870
3 950 9431 949
3 868 9432 1533
3 2081 9431 9430
3 948 9428 870
3 313 9432 868
3 9428 9430 2523
3 1533 9432 950
3 9429 9431 950
3 9429 9432 313
3 9430 9431 2523
3 2523 9431 9429
3 950 9432 9429
3 2523 9429 313
3 870 9428 2523
3 949 9428 948
3 2081 9428 949
3 950 951 1533
3 871 868 1533
3 1077 871 1533
3 949 9431 2081
3 951 1077 1533
3 2081 9430 9428
3 938 9434 987
3 9435 9438 2128
3 923 9437 2128
3 987 9434 9433
3 935 9435 2128
3 2128 9438 923
3 922 9438 9435
3 2129 9434 936
3 9436 9437 924
3 934 9435 935
3 925 9436 924
3 2128 9437 9436
3 936 9434 937
3 2128 9436 9433
3 923 9438 922
3 921 9435 934
3 924 9437 923
3 987 9436 925
3 936 935 2129
3 922 9435 921
3 2129 935 2128
3 937 9434 938
3 9433 9436 987
3 2128 9433 2129
3 9433 9434 2129
3 957 9441 9439
3 9439 9441 9440
3 9440 9441 1063
3 934 9442 933
3 932 9440 1063
3 933 9440 932
3 351 9441 957
3 933 9442 9440
3 9440 9442 9439
3 351 957 956
3 1063 9441 351
3 946 9442 934
3 946 945 957
3 957 9439 946
3 9439 9442 946
3 873 9445 1042
3 9448 9450 9443
3 2869 9460 9446
3 956 9450 1537
3 1041 9453 873
3 9445 9447 941
3 1535 9452 1537
3 874 9447 9445
3 1537 9450 9448
3 874 9452 1535
3 9450 9458 9443
3 9444 9449 942
3 2690 9457 2877
3 983 984 943
3 9446 9460 9443
3 1594 944 1573
3 9443 9456 9446
3 2116 9459 9454
3 1535 9447 874
3 9444 9461 9446
3 2869 9447 1535
3 942 9461 9444
3 9446 9456 9444
3 9448 9460 2869
3 1594 9455 2116
3 9443 9460 9448
3 957 9450 956
3 874 9453 9452
3 1537 9452 2890
3 9444 9454 9449
3 2115 9458 957
3 945 9457 2115
3 2690 9456 9451
3 9455 9459 2116
3 883 9461 942
3 957 9458 9450
3 9451 9456 9443
3 2690 9462 9456
3 9443 9458 9451
3 9456 9462 9444
3 9451 9458 2115
3 9454 9459 9449
3 9444 9462 9454
3 1573 325 2529
3 2879 325 1573
3 2876 325 2879
3 874 9445 873
3 873 9453 874
3 942 9449 2529
3 2876 983 943
3 944 2879 1573
3 1594 2877 944
3 945 2115 957
3 2877 9457 945
3 2876 2879 983
3 2890 9453 1041
3 2869 1535 1537
3 1537 9448 2869
3 2690 9451 2115
3 2115 9457 2690
3 2116 9462 2690
3 9454 9462 2116
3 941 9447 883
3 883 9447 2869
3 2869 9461 883
3 940 1042 941
3 1042 9445 941
3 956 1537 2890
3 1573 9455 1594
3 2529 9455 1573
3 2116 2877 1594
3 2690 2877 2116
3 9449 9459 2529
3 2529 9459 9455
3 9446 9461 2869
3 9452 9453 2890
3 871 9463 866
3 865 9463 2875
3 866 9463 865
3 871 9464 9463
3 2875 9464 810
3 809 9464 871
3 9463 9464 2875
3 810 9464 809
3 939 9466 9465
3 9465 9466 872
3 872 9466 809
3 810 9466 939
3 939 9465 324
3 809 9466 810
3 1042 940 324
3 324 9465 1042
3 1042 872 873
3 1042 9465 872
3 9470 9472 2120
3 945 9471 958
3 2984 9468 936
3 946 9471 945
3 9468 9472 9467
3 959 9474 9469
3 9467 9473 935
3 935 9473 934
3 9467 9472 9470
3 960 9469 2984
3 9472 9474 2120
3 2120 9474 959
3 9470 9471 9467
3 9469 9474 9468
3 2984 9469 9468
3 958 9471 9470
3 9471 9473 9467
3 9468 9474 9472
3 934 9473 946
3 2120 959 958
3 959 9469 960
3 936 9467 935
3 936 9468 9467
3 946 9473 9471
3 958 9470 2120
3 2875 9479 865
3 311 9478 864
3 2875 810 811
3 811 9476 2875
3 2875 9476 9475
3 9476 9477 9475
3 865 9479 311
3 2857 9477 9476
3 2857 9476 812
3 864 9477 816
3 864 9478 9477
3 9475 9479 2875
3 311 9479 9478
3 9477 9478 9475
3 9478 9479 9475
3 812 9476 811
3 816 9477 2857
3 812 9481 817
3 811 810 939
3 940 9480 324
3 811 9481 812
3 818 9480 940
3 324 9480 939
3 939 9480 811
3 9480 9481 811
3 817 9481 818
3 818 9481 9480
3 867 871 866
3 867 868 871
3 815 864 816
3 866 865 1078
3 1078 865 311
3 1078 311 864
3 815 814 1078
3 815 1078 864
3 870 738 869
3 870 2523 737
3 737 9484 736
3 867 9485 313
3 1078 9484 9483
3 736 9484 814
3 2523 9485 9482
3 9483 9484 9482
3 2523 9482 737
3 866 9483 867
3 9482 9484 737
3 1078 9483 866
3 9483 9485 867
3 9482 9485 9483
3 814 9484 1078
3 867 313 868
3 313 9485 2523
3 737 738 870
3 986 960 2984
3 961 960 986
3 938 986 2984
3 2984 936 937
3 938 2984 937
3 9489 9503 2118
3 958 9498 1598
3 9487 9495 9488
3 1000 9496 334
3 944 9499 2879
3 2118 9503 1001
3 1001 9505 9493
3 9487 9491 961
3 334 9499 333
3 9488 9491 9487
3 9495 9500 9486
3 9494 9498 958
3 9493 9502 2880
3 333 9499 944
3 959 9494 958
3 9502 9505 9492
3 2119 9497 9496
3 9490 9505 1001
3 2119 9504 9497
3 9493 9505 9502
3 9500 9501 9486
3 2119 9496 1000
3 333 9498 9494
3 1599 9493 2880
3 9492 9495 9487
3 9490 9501 9500
3 9500 9505 9490
3 9497 9506 9496
3 334 9506 9499
3 9503 9504 2119
3 9487 9502 9492
3 9499 9506 2879
3 9492 9500 9495
3 9492 9505 9500
3 9489 9504 9503
3 9496 9506 334
3 2879 9506 9497
3 2877 1598 333
3 1598 9498 333
3 1598 2877 945
3 1000 9494 959
3 959 9501 1000
3 9486 9501 959
3 960 961 2130
3 961 9491 2130
3 2880 9502 961
3 961 9502 9487
3 2879 9497 983
3 984 9489 2118
3 1599 2880 985
3 2118 1001 1599
3 1001 9493 1599
3 333 9494 334
3 944 2877 333
3 334 9494 1000
3 958 1598 945
3 960 9488 959
3 959 9488 9486
3 2130 9488 960
3 983 9489 984
3 983 9504 9489
3 9497 9504 983
3 984 1599 985
3 2118 1599 984
3 1001 2119 1000
3 1000 9490 1001
3 1000 9501 9490
3 1001 9503 2119
3 2130 9491 9488
3 9488 9495 9486
3 882 9507 883
3 940 9508 818
3 883 9507 941
3 818 9508 819
3 819 9507 2858
3 819 9508 9507
3 941 9508 940
3 9507 9508 941
3 2858 882 820
3 2858 9507 882
3 804 9562 2855
3 851 9544 9515
3 854 9555 9511
3 2093 9559 9528
3 9570 9572 9571
3 852 9577 9527
3 2093 9529 732
3 9557 9562 9543
3 1532 9538 804
3 1523 9544 851
3 9537 9580 9514
3 9515 9534 1521
3 9517 9541 2090
3 2090 9541 9518
3 9530 9592 1524
3 2516 9551 1521
3 9509 9541 9537
3 1645 9561 734
3 9514 9580 9531
3 291 9536 774
3 9518 9574 9528
3 2688 9568 9566
3 812 9556 2857
3 9539 9551 2516
3 9524 9551 9539
3 9550 9572 9523
3 9511 9560 9520
3 9571 9574 9509
3 2090 9518 852
3 9543 9562 9512
3 2889 9575 1043
3 804 9576 1532
3 9510 9554 9516
3 9523 9573 9510
3 9535 9564 9536
3 9570 9571 9509
3 9551 9569 851
3 9519 9560 9555
3 2090 9553 9513
3 9510 9550 9523
3 2516 9556 1507
3 9545 9559 2093
3 9537 9542 9509
3 9520 9560 9522
3 9514 9542 9537
3 9521 9575 2889
3 2889 9565 9521
3 9518 9545 852
3 2092 9572 9550
3 9569 9575 9521
3 9528 9574 9571
3 1523 9578 9544
3 9519 9555 1524
3 9532 9580 9537
3 1645 9582 803
3 9509 9574 9541
3 9515 9548 9533
3 803 9581 1645
3 774 9552 775
3 9543 9558 2865
3 9533 9534 9515
3 9531 9554 9514
3 9528 9559 9518
3 2855 9557 803
3 815 9547 814
3 9555 9560 9511
3 1532 9549 9538
3 9536 9564 2089
3 9516 9564 9510
3 852 9545 733
3 9546 9547 815
3 9527 9557 9543
3 2089 9540 855
3 855 9540 854
3 291 9587 9536
3 2080 731 1547
3 9522 9560 9519
3 9564 9583 9510
3 9557 9581 803
3 1507 9556 812
3 733 9561 852
3 9514 9573 9542
3 9537 9541 9517
3 816 9546 815
3 1524 9553 2865
3 9536 9552 774
3 2865 9586 9543
3 9542 9570 9509
3 9518 9559 9545
3 9523 9572 9570
3 9535 9583 9564
3 891 9565 2889
3 9541 9574 9518
3 9524 9539 1043
3 2855 9562 9557
3 2092 9589 892
3 9526 9534 9533
3 1524 9592 9553
3 9512 9579 9534
3 1532 9576 9546
3 9532 9537 9517
3 9543 9586 9527
3 9544 9548 9515
3 850 9585 9565
3 9526 9558 9512
3 812 9584 1507
3 2857 9556 9538
3 775 9591 776
3 9512 9558 9543
3 804 9579 9562
3 892 9589 9567
3 9561 9577 852
3 9538 9549 2857
3 9510 9583 9550
3 9538 9556 2516
3 772 9567 773
3 9516 9554 9531
3 9553 9592 9513
3 9542 9573 9523
3 9527 9581 9557
3 2089 9552 9536
3 855 9590 2089
3 9546 9576 9547
3 9523 9570 9542
3 9565 9585 9521
3 9512 9534 9526
3 9536 9587 9535
3 734 9582 1645
3 9525 9589 9550
3 1645 9577 9561
3 9554 9573 9514
3 9562 9579 9512
3 9550 9589 2092
3 9544 9578 9548
3 9583 9588 9525
3 9524 9569 9551
3 9566 9568 9531
3 9550 9583 9525
3 9535 9588 9583
3 9513 9592 9563
3 9567 9589 9525
3 2089 9590 9552
3 9534 9579 1521
3 290 9587 291
3 9531 9580 9566
3 9510 9573 9554
3 735 9582 734
3 9547 9576 2855
3 9524 9575 9569
3 9577 9581 9527
3 290 9588 9587
3 1645 9581 9577
3 9552 9591 775
3 9587 9588 9535
3 9590 9591 9552
3 9566 9580 9532
3 9563 9592 9530
3 773 9588 290
3 731 892 730
3 732 9529 731
3 731 9529 1547
3 733 9545 732
3 734 9561 733
3 803 9582 735
3 892 9567 772
3 776 9591 855
3 804 9538 2516
3 2855 9576 804
3 817 9584 812
3 1532 9546 816
3 2857 9549 816
3 850 1523 851
3 851 9585 850
3 890 1523 850
3 850 9565 891
3 851 9515 1521
3 1521 9551 851
3 9521 9585 851
3 2865 2090 852
3 852 9586 2865
3 853 1523 2077
3 853 9578 1523
3 2077 9520 853
3 853 9533 2078
3 853 9522 2865
3 2865 9558 853
3 9526 9533 853
3 853 9558 9526
3 890 854 2077
3 854 9530 1524
3 1524 9555 854
3 1544 9530 854
3 854 9540 1544
3 855 9591 9590
3 1547 892 2080
3 1547 2092 892
3 1505 9539 2516
3 2865 9519 1524
3 1544 9540 2688
3 1547 9529 2092
3 9511 9520 2077
3 2089 9516 2688
3 2688 9540 2089
3 2090 9513 2688
3 2688 9517 2090
3 2092 9529 2093
3 2093 9572 2092
3 9528 9571 2093
3 9571 9572 2093
3 9513 9563 2688
3 9516 9568 2688
3 2688 9532 9517
3 2865 9522 9519
3 730 892 772
3 2080 892 731
3 732 9545 2093
3 773 9567 9525
3 9525 9588 773
3 814 9547 803
3 803 9547 2855
3 1521 804 2516
3 1521 9579 804
3 816 9549 1532
3 2888 817 818
3 2888 9584 817
3 851 9569 9521
3 9527 9586 852
3 2078 9578 853
3 9520 9522 853
3 854 9511 2077
3 2077 1523 890
3 2888 1043 1505
3 1043 9539 1505
3 1043 9575 9524
3 1507 1505 2516
3 1507 9584 1505
3 1505 9584 2888
3 2688 9563 1544
3 1544 9563 9530
3 9533 9548 2078
3 9548 9578 2078
3 2089 9564 9516
3 2865 9553 2090
3 2688 9566 9532
3 9531 9568 9516
3 859 9593 858
3 869 9593 947
3 858 9593 869
3 859 860 947
3 947 9593 859
3 1593 820 2868
3 2125 9612 9601
3 1044 9608 345
3 1593 9617 9597
3 345 9608 2525
3 2868 9603 1593
3 2525 9608 315
3 2858 820 1593
3 973 9602 981
3 848 888 847
3 967 9603 881
3 9597 9610 1593
3 1593 9610 2858
3 345 9619 848
3 9603 9615 982
3 1044 9609 9608
3 2525 9619 345
3 9608 9609 9598
3 967 881 880
3 9606 9614 1582
3 2126 9610 9597
3 9604 9624 1043
3 9600 9605 1512
3 1545 9621 9607
3 818 9618 2888
3 9598 9623 315
3 835 9620 1586
3 1043 9624 2889
3 9600 9606 1582
3 315 9608 9598
3 9601 9612 9597
3 2858 9610 819
3 9598 9609 1545
3 967 9615 9603
3 819 9610 2126
3 1545 9607 9598
3 1512 835 1586
3 9597 9617 9601
3 888 9619 2525
3 1586 9620 9611
3 9607 9621 9596
3 2888 9613 1043
3 1543 9620 835
3 1545 9609 891
3 1582 9616 2125
3 9596 9620 1543
3 9611 9620 9596
3 982 9615 966
3 1043 9613 9604
3 9617 9622 9601
3 848 9619 888
3 9596 9621 9611
3 9614 9616 1582
3 9604 9614 9606
3 9599 9614 9613
3 9599 9618 2126
3 982 9622 9617
3 966 9622 982
3 9613 9614 9604
3 9611 9624 1586
3 1586 9624 9606
3 9611 9621 2889
3 2889 9624 9611
3 9613 9618 9599
3 9595 9605 9600
3 9607 9623 9598
3 9606 9624 9604
3 2888 9618 9613
3 9599 9616 9614
3 1512 9605 835
3 315 1584 889
3 888 759 847
3 1543 835 836
3 835 9594 973
3 835 9605 9594
3 881 9603 2868
3 891 9609 1044
3 966 9615 967
3 1582 2125 966
3 966 9594 1582
3 2125 9601 966
3 966 9602 9594
3 9601 9622 966
3 9594 9602 973
3 982 9617 1593
3 9594 9595 1582
3 2125 9599 2126
3 2126 9612 2125
3 2125 9616 9599
3 9597 9612 2126
3 315 9623 1584
3 758 757 847
3 759 758 847
3 2126 818 819
3 2126 9618 818
3 836 889 1543
3 889 9596 1543
3 1584 9596 889
3 891 9621 1545
3 2889 9621 891
3 981 9602 966
3 1593 9603 982
3 1586 9606 1512
3 1512 9606 9600
3 9595 9600 1582
3 1584 9607 9596
3 1584 9623 9607
3 9594 9605 9595
3 803 736 814
3 735 736 803
3 739 869 738
3 739 858 869
3 2529 9626 942
3 2517 9631 306
3 821 9628 2517
3 2517 9628 9627
3 824 9625 943
3 942 882 883
3 943 9625 2876
3 2529 9630 9626
3 306 9631 9629
3 820 9626 2859
3 9627 9628 325
3 824 9629 9625
3 325 9628 2529
3 2859 9630 821
3 306 9629 822
3 821 9630 9628
3 2876 9627 325
3 9629 9631 9625
3 9625 9627 2876
3 9626 9630 2859
3 9625 9631 9627
3 9628 9630 2529
3 9627 9631 2517
3 882 9626 820
3 822 9629 824
3 942 9626 882
3 802 9638 2086
3 9632 9639 1508
3 738 9635 857
3 1508 9640 2867
3 2084 9641 9635
3 738 2085 2084
3 813 9634 736
3 9637 9641 2084
3 736 9636 813
3 2085 9637 2084
3 801 9638 802
3 1508 9639 813
3 813 9640 1508
3 9632 9641 9637
3 735 9636 736
3 2086 735 802
3 2086 9636 735
3 736 9634 737
3 737 2085 738
3 2867 9633 801
3 813 9639 2085
3 2086 9633 813
3 813 9636 2086
3 9633 9640 813
3 857 9635 2867
3 2085 9639 9637
3 2086 9638 9633
3 9637 9639 9632
3 737 9634 2085
3 739 738 857
3 2084 9635 738
3 9633 9638 801
3 2085 9634 813
3 2867 9632 1508
3 2867 9641 9632
3 2867 9640 9633
3 9635 9641 2867
3 9643 9644 9642
3 968 327 962
3 880 9642 968
3 2868 820 2859
3 2868 9643 881
3 2532 9644 9643
3 2532 9645 821
3 2859 9645 2868
3 968 9644 327
3 881 9642 880
3 9643 9645 2532
3 881 9643 9642
3 821 9645 2859
3 2868 9645 9643
3 9642 9644 968
3 327 9644 2532
3 850 9646 849
3 1044 9646 891
3 1044 345 849
3 891 9646 850
3 849 9646 1044
3 849 345 848
3 731 9672 732
3 9675 9687 9650
3 9666 9680 9647
3 9671 9676 748
3 9648 9652 2071
3 2095 9663 9655
3 9660 9684 1522
3 9655 9669 2095
3 2079 9661 2071
3 9649 9652 9648
3 9654 9676 9671
3 9665 9681 1528
3 9655 9681 9665
3 2074 799 1503
3 800 9664 1105
3 9650 9670 2072
3 2979 9672 731
3 9657 9689 799
3 1503 9678 2074
3 732 9660 733
3 730 9683 731
3 9647 9680 9659
3 9667 9687 9675
3 732 9672 9660
3 1522 9678 1503
3 9654 9674 9673
3 2074 9668 799
3 802 9686 1528
3 801 9681 9663
3 1522 9684 9678
3 2095 9689 9657
3 2074 9674 9668
3 799 9689 1503
3 747 9659 746
3 749 798 281
3 9667 9675 9651
3 9658 9666 9648
3 9659 9662 746
3 771 9648 2071
3 9653 9673 9656
3 1528 801 802
3 9648 9666 9649
3 771 9658 9648
3 2854 9663 2095
3 9655 9682 9669
3 9658 9680 9666
3 731 9683 2979
3 9673 9676 9654
3 9669 9682 1522
3 2095 9664 2854
3 1503 9669 1522
3 748 9679 747
3 9668 9674 9654
3 9659 9680 9662
3 9669 9689 2095
3 798 9671 281
3 2071 9661 2500
3 289 9683 730
3 9673 9674 2072
3 9661 9677 2500
3 9651 9684 9672
3 1528 9681 801
3 9656 9673 2072
3 9665 9682 9655
3 9663 9681 9655
3 9678 9684 9651
3 745 9662 9658
3 9653 9676 9673
3 1528 9686 734
3 9651 9672 9667
3 9672 9684 9660
3 9654 9688 9668
3 9650 9685 9675
3 9653 9679 9676
3 2072 9685 9650
3 1503 9689 9669
3 9668 9688 798
3 2074 9678 9675
3 9671 9688 9654
3 734 9686 735
3 9662 9680 9658
3 9675 9678 9651
3 9677 9683 289
3 798 9688 9671
3 2979 9677 9661
3 9670 9687 2079
3 9675 9685 2074
3 9676 9679 748
3 9674 9685 2072
3 2074 9685 9674
3 2979 9683 9677
3 9650 9687 9670
3 9667 9672 2979
3 281 9671 748
3 2500 9677 289
3 733 9665 734
3 733 9660 1522
3 1522 9682 733
3 733 9682 9665
3 735 9686 802
3 746 9662 745
3 745 9658 771
3 797 9649 747
3 747 9656 797
3 747 9649 9647
3 9647 9659 747
3 9653 9656 747
3 747 9679 9653
3 771 2071 2500
3 2071 797 1501
3 2071 9652 797
3 799 9668 798
3 1105 9657 799
3 2854 9664 800
3 801 9663 2854
3 2095 9657 1105
3 1105 9664 2095
3 2079 2071 1501
3 2979 9661 2079
3 2079 9667 2979
3 2079 9687 9667
3 734 9665 1528
3 797 9670 1501
3 797 9656 2072
3 2072 9670 797
3 797 9652 9649
3 1501 9670 2079
3 9649 9666 9647
3 969 9692 825
3 825 9690 2860
3 825 9692 9690
3 2860 9691 306
3 2532 821 2517
3 327 9692 962
3 9690 9692 2532
3 306 9691 2517
3 2517 9691 2532
3 825 826 969
3 2532 9691 9690
3 9690 9691 2860
3 2860 306 822
3 2532 9692 327
3 962 9692 969
3 9701 9706 754
3 1546 9698 856
3 9697 9718 2522
3 755 9695 2522
3 1479 9706 856
3 1489 9703 777
3 773 316 772
3 777 9724 776
3 9699 9707 1527
3 9693 9722 9698
3 848 9703 1489
3 9693 9702 2091
3 9697 9722 9693
3 756 286 1045
3 774 9702 291
3 9698 9722 856
3 2091 9697 9693
3 775 9708 2091
3 855 9712 9696
3 1525 9707 9699
3 1527 9700 2498
3 9699 9708 1525
3 728 9701 727
3 776 9714 777
3 1527 9720 9700
3 9700 9723 286
3 316 9704 772
3 848 9719 9703
3 9710 9721 290
3 854 9712 855
3 772 9704 730
3 776 9708 775
3 2091 9708 9699
3 286 9723 1045
3 2091 9718 9697
3 9711 9712 890
3 316 9705 9704
3 9711 9713 9696
3 1525 9717 9707
3 9703 9724 777
3 1525 9708 776
3 1489 9713 849
3 773 9721 316
3 849 9713 9711
3 9696 9712 9711
3 9717 9719 9694
3 9705 9709 729
3 9699 9718 2091
3 9707 9717 9694
3 9703 9719 9717
3 776 9724 1525
3 9702 9715 291
3 777 9713 1489
3 777 9714 9713
3 9698 9716 9693
3 9707 9720 1527
3 9710 9716 316
3 9713 9714 9696
3 9717 9724 9703
3 9694 9723 9720
3 729 9709 728
3 9720 9723 9700
3 290 9715 9710
3 316 9721 9710
3 9694 9720 9707
3 9693 9716 9710
3 291 9715 290
3 9710 9715 9693
3 850 9711 890
3 9693 9715 9702
3 1525 9724 9717
3 9719 9723 9694
3 1045 9723 9719
3 2498 9700 286
3 290 9721 773
3 1546 9705 316
3 316 9716 1546
3 727 9701 754
3 1546 856 728
3 856 9701 728
3 728 9709 1546
3 730 9704 729
3 9704 9705 729
3 742 754 1479
3 742 9695 755
3 754 9706 1479
3 2091 9702 774
3 855 9714 776
3 849 848 1489
3 1045 9719 848
3 849 9711 850
3 890 9712 854
3 2522 9695 856
3 856 9697 2522
3 856 9722 9697
3 856 9706 9701
3 1546 9716 9698
3 1479 9695 742
3 1527 2498 755
3 1527 755 2522
3 774 775 2091
3 9696 9714 855
3 856 9695 1479
3 2522 9718 1527
3 1527 9718 9699
3 1546 9709 9705
3 822 824 823
3 966 9725 981
3 974 9727 9725
3 981 9727 973
3 9725 9726 974
3 967 9726 9725
3 9725 9727 981
3 879 9726 880
3 880 9726 967
3 974 9726 879
3 967 9725 966
3 973 9727 974
3 968 9728 975
3 963 9728 962
3 962 9728 968
3 975 9728 963
3 968 879 880
3 975 879 968
3 827 9729 969
3 969 9729 962
3 963 9729 827
3 962 9729 963
3 827 969 826
3 970 9731 1539
3 328 9734 9732
3 9731 9732 9730
3 1592 9732 9731
3 9730 9734 9733
3 973 9734 328
3 328 9732 1592
3 974 9734 973
3 1592 9731 970
3 9733 9734 974
3 9732 9734 9730
3 886 970 1539
3 1592 970 836
3 879 9733 974
3 328 836 835
3 328 835 973
3 1592 836 328
3 878 9733 879
3 886 9730 878
3 9730 9733 878
3 1539 9730 886
3 1539 9731 9730
3 878 9735 971
3 9735 9736 971
3 963 9737 975
3 9735 9738 9736
3 975 9737 9735
3 964 9737 963
3 971 9736 965
3 9736 9738 964
3 964 9738 9737
3 9737 9738 9735
3 879 9735 878
3 965 9736 964
3 975 9735 879
3 1045 9739 756
3 756 9739 757
3 847 9739 1045
3 757 9739 847
3 1045 848 847
3 540 9740 539
3 1504 9746 800
3 2094 9747 750
3 540 9744 9740
3 798 9745 9741
3 2101 9743 750
3 749 9745 798
3 541 9744 540
3 2094 9743 1504
3 750 9743 2094
3 1504 9743 9742
3 9745 9747 9741
3 9742 9746 1504
3 751 2101 750
3 9744 9746 9740
3 9740 9746 9742
3 539 9740 751
3 800 9744 541
3 750 9745 749
3 750 9747 9745
3 751 9742 2101
3 9740 9742 751
3 798 9741 799
3 799 9741 1105
3 2094 800 1105
3 1504 800 2094
3 800 9746 9744
3 1105 9741 2094
3 9741 9747 2094
3 9742 9743 2101
3 964 963 2124
3 965 828 829
3 2124 827 828
3 965 964 828
3 2124 963 827
3 828 964 2124
3 9748 9749 877
3 314 9749 9748
3 877 9749 878
3 886 9749 314
3 876 9748 877
3 878 9749 886
3 885 314 884
3 884 314 979
3 314 9748 979
3 979 9748 876
3 971 9751 878
3 878 9751 877
3 830 9751 971
3 876 9750 831
3 830 971 965
3 9750 9751 830
3 831 9750 830
3 877 9750 876
3 877 9751 9750
3 886 9752 970
3 9752 9753 837
3 885 9753 314
3 9752 9754 970
3 2862 9752 837
3 836 9754 2862
3 978 9753 885
3 2862 9754 9752
3 978 885 884
3 970 9754 836
3 314 9752 886
3 314 9753 9752
3 837 9753 978
3 729 9758 9756
3 2500 9755 771
3 744 9760 2847
3 9756 9761 9755
3 2866 9761 9758
3 9759 9762 1526
3 728 9758 729
3 2500 9756 9755
3 9755 9762 9757
3 9762 9763 1526
3 9757 9760 771
3 2866 9763 9761
3 2847 9759 743
3 9758 9761 9756
3 9757 9762 9759
3 9759 9760 9757
3 2847 9760 9759
3 9761 9763 9755
3 9755 9763 9762
3 728 285 2866
3 285 753 2866
3 2866 9758 728
3 1526 9763 2866
3 727 285 728
3 729 289 730
3 729 9756 289
3 289 9756 2500
3 1526 753 743
3 743 9759 1526
3 745 771 744
3 771 9760 744
3 2866 753 1526
3 9755 9757 771
3 829 830 965
3 828 972 829
3 979 9765 9764
3 9764 9766 979
3 832 9765 876
3 884 9767 978
3 1538 9767 884
3 833 9765 832
3 876 9765 979
3 884 9766 1538
3 9764 9769 9766
3 9766 9769 1538
3 764 9768 765
3 833 9770 9765
3 765 9768 1538
3 9767 9768 838
3 838 9768 764
3 1538 9769 765
3 1538 9768 9767
3 9765 9770 9764
3 287 9770 766
3 765 9769 287
3 766 9770 833
3 979 9766 884
3 287 9769 9764
3 9764 9770 287
3 837 9767 838
3 978 9767 837
3 831 832 876
3 2096 9779 9778
3 2851 9777 2852
3 9773 9795 794
3 2096 9787 9785
3 2098 9776 2853
3 794 9795 304
3 2851 2852 795
3 796 9777 9772
3 9785 9787 2100
3 2852 9777 796
3 751 9784 2982
3 9777 9793 9772
3 9774 9787 9773
3 9774 9791 9775
3 9778 9788 2096
3 2098 9779 2099
3 2982 9782 751
3 1502 9793 9777
3 2851 9783 9777
3 2982 9785 2100
3 747 9786 748
3 9778 9779 1502
3 305 9786 747
3 2223 9775 793
3 9780 9793 2853
3 9782 9792 85
3 539 9782 85
3 9773 9788 9778
3 9771 9781 9780
3 2100 9775 2223
3 2099 9779 2096
3 794 9791 9774
3 85 9792 2223
3 2853 9789 9780
3 750 9784 751
3 2097 9784 750
3 304 9783 2851
3 9777 9783 1502
3 2100 9787 9774
3 2096 9788 9787
3 2223 9792 2100
3 9771 9786 9781
3 2982 9792 9782
3 1502 9783 9778
3 9780 9789 9771
3 2100 9792 2982
3 9790 9794 9771
3 9780 9781 9772
3 9774 9775 2100
3 9783 9795 9778
3 9778 9795 9773
3 281 9790 749
3 9771 9794 9786
3 9784 9785 2982
3 9786 9794 748
3 1253 794 538
3 9789 9790 9771
3 9787 9788 9773
3 9772 9793 9780
3 9781 9786 305
3 304 9795 9783
3 748 9794 281
3 281 9794 9790
3 796 9781 305
3 538 793 1253
3 751 9782 539
3 750 749 2097
3 2853 9776 749
3 749 9789 2853
3 749 9790 9789
3 1502 2098 2853
3 2853 9793 1502
3 2096 2097 2099
3 2096 9785 2097
3 2097 9776 2099
3 2097 9785 9784
3 749 9776 2097
3 793 9775 1253
3 1253 9791 794
3 794 9774 9773
3 9772 9781 796
3 9775 9791 1253
3 1502 9779 2098
3 2099 9776 2098
3 833 832 875
3 875 767 766
3 766 833 875
3 9797 9810 9798
3 762 9804 842
3 887 9804 761
3 9799 9817 9803
3 844 9807 843
3 1515 315 889
3 9802 9810 9797
3 2524 9808 9805
3 761 760 887
3 842 9811 843
3 2862 9806 836
3 837 9807 2862
3 2862 9807 9800
3 9801 9811 9805
3 9805 9808 9801
3 9812 9813 9796
3 1590 9808 2524
3 843 9811 9801
3 9809 9810 9796
3 887 9805 9804
3 9813 9814 9796
3 9804 9811 842
3 9814 9817 9796
3 9799 9816 9815
3 9810 9812 9796
3 9803 9817 9814
3 9799 9815 9809
3 9805 9811 9804
3 9798 9810 9809
3 9809 9817 9799
3 9809 9815 9798
3 9796 9817 9809
3 9802 9812 9810
3 315 9797 2525
3 887 759 888
3 836 9806 889
3 843 9813 844
3 843 9801 1590
3 1590 9814 843
3 843 9814 9813
3 1515 9800 844
3 844 9802 1515
3 844 9812 9802
3 2524 9805 887
3 889 9806 1515
3 1515 9802 9797
3 2524 1541 1590
3 1541 9816 1590
3 1590 9816 9799
3 9801 9808 1590
3 9803 9814 1590
3 1515 9797 315
3 887 760 759
3 761 9804 762
3 843 9807 837
3 9800 9807 844
3 844 9813 9812
3 888 2524 887
3 888 1541 2524
3 888 2525 1541
3 1515 9806 9800
3 2525 9798 1541
3 9798 9815 1541
3 9815 9816 1541
3 9799 9803 1590
3 9797 9798 2525
3 9800 9806 2862
3 843 837 842
3 762 842 763
3 763 838 764
3 842 838 763
3 842 837 838
3 2222 537 2734
3 9818 9820 542
3 86 9824 2224
3 506 9820 507
3 84 9824 9819
3 9822 9826 2224
3 538 9823 793
3 9822 9824 84
3 84 9823 2735
3 86 9825 9819
3 2224 9826 542
3 9818 9826 2222
3 543 9825 86
3 9819 9825 793
3 2222 9826 9822
3 9818 9821 9820
3 542 9826 9818
3 2224 9824 9822
3 84 537 2222
3 84 9819 793
3 793 9823 84
3 2222 9822 84
3 542 9820 506
3 508 507 1254
3 507 9820 1558
3 2735 9823 538
3 793 9825 543
3 2222 2734 1254
3 1254 9821 2222
3 2735 537 84
3 9819 9824 86
3 507 1558 1254
3 2734 508 1254
3 1558 9821 1254
3 9820 9821 1558
3 2222 9821 9818
3 766 9827 287
3 765 839 764
3 977 9827 834
3 287 9827 765
3 834 9827 766
3 765 977 839
3 765 9827 977
3 2224 9835 86
3 9829 9830 1531
3 792 9829 791
3 863 9829 1531
3 792 9834 9829
3 894 9833 505
3 863 1531 1777
3 1531 9835 9832
3 86 9835 9830
3 9829 9834 9830
3 9832 9835 9828
3 1777 9831 895
3 542 9828 2224
3 506 9833 542
3 1531 9832 1777
3 505 9833 506
3 894 9831 9828
3 9830 9835 1531
3 9828 9835 2224
3 9830 9834 86
3 9828 9833 894
3 542 9833 9828
3 86 9834 543
3 543 9834 792
3 1777 9832 9831
3 863 1777 895
3 9831 9832 9828
3 791 9829 863
3 895 9831 894
3 840 9836 976
3 762 763 841
3 839 9836 764
3 976 9836 839
3 764 9836 763
3 763 9836 841
3 841 9836 840
3 791 9837 790
3 790 9837 897
3 863 9837 791
3 897 863 862
3 897 9837 863
3 490 292 1231
3 2526 9849 899
3 1252 9846 535
3 2871 9851 317
3 1231 9839 1557
3 535 9838 1252
3 900 9846 2871
3 900 2871 317
3 317 9851 2526
3 293 9852 9848
3 533 9840 2221
3 434 9843 535
3 1195 536 508
3 9844 9850 1553
3 1195 9843 434
3 9840 9847 9838
3 292 9839 1231
3 533 9847 9840
3 2221 9840 1553
3 292 9841 9839
3 9847 9848 9838
3 782 9849 9841
3 1195 9844 9843
3 9838 9848 1252
3 899 9842 898
3 1252 9845 2871
3 2871 9846 1252
3 781 9842 782
3 9841 9849 2526
3 9839 9851 2871
3 9842 9849 782
3 899 9849 9842
3 9845 9852 783
3 9841 9851 9839
3 293 9848 9847
3 293 9847 532
3 1252 9852 9845
3 9848 9852 1252
3 2526 9851 9841
3 783 9852 293
3 783 490 1557
3 1557 490 1231
3 508 509 1195
3 2221 9850 509
3 532 9847 533
3 535 9846 900
3 1553 9838 535
3 535 9843 1553
3 898 9842 781
3 1553 9850 2221
3 9843 9844 1553
3 782 9841 292
3 1195 434 536
3 509 9850 1195
3 1557 9845 783
3 1195 9850 9844
3 1553 9840 9838
3 1557 9839 2871
3 2871 9845 1557
3 507 9853 435
3 508 9853 507
3 434 9853 536
3 435 9853 434
3 536 9853 508
3 446 9872 9860
3 2107 9863 9859
3 9869 9871 435
3 9859 9863 1548
3 9860 9872 1560
3 9855 9865 1256
3 2107 9867 9854
3 9863 9864 1548
3 9856 9866 9855
3 1256 9861 9855
3 1548 9868 9856
3 439 9860 438
3 9855 9858 9856
3 9862 9867 1560
3 1548 9870 9859
3 9856 9858 1548
3 447 9862 446
3 1560 9872 9862
3 9855 9866 9857
3 507 9871 506
3 9857 9865 9855
3 1256 9869 9861
3 9855 9861 9858
3 506 9871 1256
3 9861 9869 436
3 2725 9862 447
3 1560 9867 2107
3 9854 9867 2725
3 1256 9865 506
3 9858 9870 1548
3 436 9869 435
3 2725 9867 9862
3 9856 9868 9866
3 1256 9871 9869
3 9862 9872 446
3 9859 9870 437
3 435 9871 507
3 437 9870 436
3 436 9870 9858
3 438 9859 437
3 438 9860 1560
3 446 9860 439
3 506 9865 505
3 893 505 2108
3 505 9854 2725
3 505 9865 9857
3 1548 9864 893
3 893 9868 1548
3 2107 9854 893
3 893 9864 2107
3 2107 9864 9863
3 9858 9861 436
3 438 1560 2107
3 2107 9859 438
3 893 9854 505
3 505 9857 2108
3 2108 9868 893
3 9857 9866 2108
3 9866 9868 2108
3 895 862 863
3 896 862 895
3 1550 9874 9873
3 896 895 894
3 9873 9874 448
3 448 9874 447
3 2725 9874 1550
3 447 9874 2725
3 896 9873 448
3 1550 9873 896
3 894 505 1550
3 1550 505 2725
3 896 894 1550
3 896 861 862
3 449 9876 448
3 2102 9876 449
3 448 9876 896
3 2102 449 450
3 2103 450 861
3 896 9876 9875
3 2103 9875 2102
3 2102 450 2103
3 2103 861 896
3 896 9875 2103
3 9875 9876 2102
3 435 9877 902
3 535 9877 434
3 434 9877 435
3 900 9877 535
3 902 9877 900
3 436 435 902
3 908 903 904
3 899 9878 908
3 908 9878 903
3 317 436 902
3 317 902 900
3 898 9878 899
3 903 9878 898
3 2526 436 317
3 437 436 2526
3 437 899 908
3 2526 899 437
3 441 9879 440
3 502 9880 501
3 9879 9880 446
3 501 9880 9879
3 501 9879 441
3 447 9880 502
3 446 9880 447
3 440 9879 439
3 439 9879 446
3 448 447 503
3 503 447 502
3 904 438 908
3 438 437 908
3 904 9881 438
3 898 9882 903
3 438 9881 439
3 1563 9882 445
3 1563 445 439
3 439 9881 1563
3 444 9882 898
3 903 1563 904
3 903 9882 1563
3 1563 9881 904
3 445 9882 444
3 500 9886 499
3 445 9884 9883
3 499 9886 9884
3 444 9884 445
3 9884 9886 9883
3 441 9885 500
3 9883 9886 9885
3 9885 9886 500
3 440 9885 441
3 499 9884 444
3 440 439 445
3 445 9883 440
3 9883 9885 440
3 1492 9896 781
3 389 9893 2701
3 9890 9905 9903
3 907 9898 1714
3 2716 9896 1492
3 2701 9905 388
3 905 9897 389
3 9893 9903 2701
3 1714 9898 9892
3 9892 9904 9888
3 9899 9908 489
3 292 9909 9894
3 489 9908 2723
3 9888 9900 9892
3 318 9901 9897
3 9890 9900 9899
3 9903 9905 2701
3 9892 9900 1714
3 782 9902 9891
3 906 9901 318
3 9894 9902 782
3 9888 9902 9894
3 9899 9900 9888
3 490 9909 292
3 898 9906 444
3 388 9905 2722
3 9890 9903 9900
3 9893 9901 1714
3 9900 9903 1714
3 9887 9910 319
3 389 9897 9893
3 9888 9904 9902
3 1714 9903 9893
3 9894 9908 9888
3 2722 9907 489
3 9902 9904 9891
3 9905 9907 2722
3 9894 9909 9908
3 489 9907 9899
3 9890 9907 9905
3 9899 9907 9890
3 319 9910 9898
3 2716 9906 9896
3 9897 9901 9893
3 9904 9910 9887
3 9888 9908 9899
3 9891 9904 9887
3 9898 9910 9892
3 9889 9891 9887
3 9908 9909 2723
3 9892 9910 9904
3 2195 55 319
3 2716 1492 55
3 319 907 2195
3 319 9898 907
3 1562 9887 319
3 319 9895 1562
3 444 9906 2716
3 2723 9909 490
3 781 9896 898
3 1492 781 1562
3 1559 9889 781
3 781 9889 1562
3 9896 9906 898
3 1714 9901 906
3 55 9895 319
3 1492 9895 55
3 292 9894 782
3 318 9897 905
3 389 390 905
3 906 442 443
3 907 906 443
3 907 443 2195
3 781 782 1559
3 782 9891 1559
3 1714 906 907
3 1562 9895 1492
3 1559 9891 9889
3 1562 9889 9887
3 442 9911 2715
3 318 9911 442
3 2715 9912 391
3 2715 9911 905
3 905 9912 2715
3 390 9912 905
3 905 9911 318
3 391 9912 390
3 318 442 906
3 461 462 482
3 547 546 521
3 546 522 521
3 602 1097 603
3 603 1097 1098
3 9913 9915 631
3 588 9922 2777
3 570 9921 569
3 568 9914 1824
3 2742 9914 568
3 119 9919 587
3 2237 9918 568
3 1277 9917 9916
3 9913 9920 9915
3 9915 9920 2925
3 2237 9917 9913
3 569 9921 567
3 2925 9920 1277
3 567 9921 2742
3 631 9915 630
3 9917 9920 9913
3 9918 9919 119
3 571 9914 570
3 1277 9920 9917
3 2237 9919 9918
3 9919 9922 588
3 2237 9922 9919
3 9916 9917 2237
3 9914 9921 570
3 2742 9921 9914
3 568 9918 119
3 568 9916 2237
3 571 2924 1277
3 1277 9916 571
3 587 9919 588
3 630 9915 2925
3 631 2777 1275
3 2237 9913 1275
3 1275 9922 2237
3 1824 9916 568
3 1093 2924 571
3 1824 9914 571
3 571 9916 1824
3 1275 9913 631
3 2777 9922 1275
3 2924 2925 1277
3 578 9923 100
3 102 9924 513
3 101 2219 81
3 100 2219 101
3 2219 9923 529
3 101 81 2242
3 577 628 578
3 513 9924 81
3 100 9923 2219
3 81 9924 2242
3 529 9923 628
3 2242 9924 102
3 628 9923 578
3 102 513 514
3 628 528 529
3 467 468 1092
3 2738 9925 477
3 477 9925 478
3 9925 9926 520
3 547 9926 2738
3 2738 9926 9925
3 478 9925 520
3 2738 477 476
3 520 9926 521
3 521 9926 547
3 475 9932 9928
3 479 9930 473
3 68 9933 472
3 473 9930 472
3 9928 9929 9927
3 472 9930 68
3 9927 9933 2202
3 1222 9936 476
3 1742 9934 9932
3 546 9931 479
3 68 9931 547
3 2202 9935 2738
3 9927 9937 9928
3 9928 9937 475
3 547 9935 68
3 475 9937 1222
3 2738 9936 2202
3 9928 9934 9929
3 471 9932 470
3 9932 9934 9928
3 1742 9932 471
3 479 9931 68
3 68 9935 2202
3 470 9932 475
3 472 9933 471
3 471 9933 1742
3 476 475 1222
3 476 9936 2738
3 547 9931 546
3 2738 9935 547
3 1222 9927 2202
3 2202 9936 1222
3 68 9930 479
3 2202 9933 68
3 1222 9937 9927
3 1742 9933 9929
3 9929 9934 1742
3 9929 9933 9927
3 591 573 1827
3 1827 9941 591
3 2750 9941 572
3 591 9941 2754
3 1303 9944 587
3 9939 9942 9940
3 9939 9940 9938
3 592 9944 1303
3 1303 9943 2755
3 587 9944 586
3 1303 9946 9943
3 2754 9945 592
3 586 9945 2750
3 9940 9943 9938
3 2750 9945 9941
3 9941 9945 2754
3 592 9945 9944
3 575 573 591
3 587 9946 1303
3 9943 9946 9938
3 9944 9945 586
3 1301 594 593
3 573 572 1827
3 588 9938 587
3 632 9939 588
3 588 9939 9938
3 2755 9940 593
3 594 9939 632
3 572 9941 1827
3 9938 9946 587
3 1303 2755 592
3 593 9940 1301
3 1301 9942 594
3 594 9942 9939
3 9940 9942 1301
3 2755 9943 9940
3 567 9948 572
3 586 119 587
3 586 9949 119
3 572 9948 2750
3 568 9949 2742
3 2750 9947 586
3 2742 9949 9947
3 2742 9948 567
3 9947 9948 2742
3 9947 9949 586
3 2750 9948 9947
3 119 9949 568
3 555 9952 2236
3 569 9951 96
3 96 9951 9950
3 2239 9950 2236
3 9950 9951 94
3 2239 9952 95
3 95 9952 555
3 2236 9952 2239
3 94 9951 567
3 2236 9950 94
3 567 9951 569
3 96 9950 2239
3 470 474 471
3 1326 9955 2287
3 133 9956 2287
3 2287 9953 1326
3 691 9956 133
3 617 9959 2825
3 2944 9957 624
3 1326 9953 2772
3 692 9958 2944
3 133 617 691
3 2772 9953 613
3 2764 9956 612
3 133 9959 617
3 2287 9956 9953
3 2825 9958 692
3 2287 9960 133
3 9957 9958 9954
3 613 9953 2764
3 9953 9956 2764
3 2944 9958 9957
3 9955 9957 9954
3 9954 9960 9955
3 624 9957 623
3 623 9957 9955
3 9958 9959 9954
3 9955 9960 2287
3 2825 9959 9958
3 133 9960 9959
3 9959 9960 9954
3 1326 2772 623
3 612 9956 691
3 623 9955 1326
3 692 2944 693
3 685 686 694
3 2958 676 677
3 2809 2958 677
3 2809 680 2958
3 673 675 674

CELL_TYPES 22622
3
3
3
3
3
3
3
3
3
3
3
3
3
3
3
3
3
3
3
3
3
3
3
3
3
3
3
3
3
3
3
3
3
3
3
3
3
3
3
3
3
3
3
3
3
3
3
3
3
3
3
3
3
3
3
3
3
3
3
3
3
3
3
3
3
3
3
3
3
3
3
3
3
3
3
3
3
3
3
3
3
3
3
3
3
3
3
3
3
3
3
3
3
3
3
3
3
3
3
3
3
3
3
3
3
3
3
3
3
3
3
3
3
3
3
3
3
3
3
3
3
3
3
3
3
3
3
3
3
3
3
3
3
3
3
3
3
3
3
3
3
3
3
3
3
3
3
3
3
3
3
3
3
3
3
3
3
3
3
3
3
3
3
3
3
3
3
3
3
3
3
3
3
3
3
3
3
3
3
3
3
3
3
3
3
3
3
3
3
3
3
3
3
3
3
3
3
3
3
3
3
3
3
3
3
3
3
3
3
3
3
3
3
3
3
3
3
3
3
3
3
3
3
3
3
3
3
3
3
3
3
3
3
3
3
3
3
3
3
3
3
3
3
3
3
3
3
3
3
3
3
3
3
3
3
3
3
3
3
3
3
3
3
3
3
3
3
3
3
3
3
3
3
3
3
3
3
3
3
3
3
3
3
3
3
3
3
3
3
3
3
3
3
3
3
3
3
3
3
3
3
3
3
3
3
3
3
3
3
3
3
3
3
3
3
3
3
3
3
3
3
3
3
3
3
3
3
3
3
3
3
3
3
3
3
3
3
3
3
3
3
3
3
3
3
3
3
3
3
3
3
3
3
3
3
3
3
3
3
3
3
3
3
3
3
3
3
3
3
3
3
3
3
3
3
3
3
3
3
3
3
3
3
3
3
3
3
3
3
3
3
3
3
3
3
3
3
3
3
3
3
3
3
3
3
3
3
3
3
3
3
3
3
3
3
3
3
3
3
3
3
3
3
3
3
3
3
3
3
3
3
3
3
3
3
3
3
3
3
3
3
3
3
3
3
3
3
3
3
3
3
3
3
3
3
3
3
3
3
3
3
3
3
3
3
3
3
3
3
3
3
3
3
3
3
3
3
3
3
3
3
3
3
3
3
3
3
3
3
3
3
3
3
3
3
3
3
3
3
3
3
3
3
3
3
3
3
3
3
3
3
3
3
3
3
3
3
3
3
3
3
3
3
3
3
3
3
3
3
3
3
3
3
3
3
3
3
3
3
3
3
3
3
3
3
3
3
3
3
3
3
3
3
3
3
3
3
3
3
3
3
3
3
3
3
3
3
3
3
3
3
3
3
3
3
3
3
3
3
3
3
3
3
3
3
3
3
3
3
3
3
3
3
3
3
3
3
3
3
3
3
3
3
3
3
3
3
3
3
3
3
3
3
3
3
3
3
3
3
3
3
3
3
3
3
3
3
3
3
3
3
3
3
3
3
3
3
3
3
3
3
3
3
3
3
3
3
3
3
3
3
3
3
3
3
3
3
3
3
3
3
3
3
3
3
3
3
3
3
3
3
3
3
3
3
3
3
3
3
3
3
3
3
3
3
3
3
3
3
3
3
3
3
3
3
3
3
3
3
3
3
3
3
3
3
3
3
3
3
3
3
3
3
3
3
3
3
3
3
3
3
3
3
3
3
3
3
3
3
3
3
3
3
3
3
3
3
3
3
3
3
3
3
3
3
3
3
3
3
3
3
3
3
3
3
3
3
3
3
3
3
3
3
3
3
3
3
3
3
3
3
3
3
3
3
3
3
3
3
3
3
3
3
3
3
3
3
3
3
3
3
3
3
3
3
3
3
3
3
3
3
3
3
3
3
3
3
3
3
3
3
3
3
3
3
3
3
3
3
3
3
3
3
3
3
3
3
3
3
3
3
3
3
3
3
3
3
3
3
3
3
3
3
3
3
3
3
3
3
3
3
3
3
3
3
3
3
3
3
3
3
3
3
3
3
3
3
3
3
3
3
3
3
3
3
3
3
3
3
3
3
3
3
3
3
3
3
3
3
3
3
3
3
3
3
3
3
3
3
3
3
3
3
3
3
3
3
3
3
3
3
3
3
3
3
3
3
3
3
3
3
3
3
3
3
3
3
3
3
3
3
3
3
3
3
3
3
3
3
3
3
3
3
3
3
3
3
3
3
3
3
3
3
3
3
3
3
3
3
3
3
3
3
3
3
3
3
3
3
3
3
3
3
3
3
3
3
3
3
3
3
3
3
3
3
3
3
3
3
3
3
3
3
3
3
3
3
3
3
3
3
3
3
3
3
3
3
3
3
3
3
3
3
3
3
3
3
3
3
3
3
3
3
3
3
3
3
3
3
3
3
3
3
3
3
3
3
3
3
3
3
3
3
3
3
3
3
3
3
3
3
3
3
3
3
3
3
3
3
3
3
3
3
3
3
3
3
3
3
3
3
3
3
3
3
3
3
3
3
3
3
3
3
3
3
3
3
3
3
3
3
3
3
3
3
3
3
3
3
3
3
3
3
3
3
3
3
3
3
3
3
3
3
3
3
3
3
3
3
3
3
3
3
3
3
3
3
3
3
3
3
3
3
3
3
3
3
3
3
3
3
3
3
3
3
3
3
3
3
3
3
3
3
3
3
3
3
3
3
3
3
3
3
3
3
3
3
3
3
3
3
3
3
3
3
3
3
3
3
3
3
3
3
3
3
3
3
3
3
3
3
3
3
3
3
3
3
3
3
3
3
3
3
3
3
3
3
3
3
3
3
3
3
3
3
3
3
3
3
3
3
3
3
3
3
3
3
3
3
3
3
3
3
3
3
3
3
3
3
3
3
3
3
3
3
3
3
3
3
3
3
3
3
3
3
3
3
3
3
3
3
3
3
3
3
3
3
3
3
3
3
3
3
3
3
3
3
3
3
3
3
3
3
3
3
3
3
3
3
3
3
3
3
3
3
3
3
3
3
3
3
3
3
3
3
3
3
3
3
3
3
3
3
3
3
3
3
3
3
3
3
3
3
3
3
3
3
3
3
3
3
3
3
3
3
3
3
3
3
3
3
3
3
3
3
3
3
3
3
3
3
3
3
3
3
3
3
3
3
3
3
3
3
3
3
3
3
3
3
3
3
3
3
3
3
3
3
3
3
3
3
3
3
3
3
3
3
3
3
3
3
3
3
3
3
3
3
3
3
3
3
3
3
3
3
3
3
3
3
3
3
3
3
3
3
3
3
3
3
3
3
3
3
3
3
3
3
3
3
3
3
3
3
3
3
3
3
3
3
3
3
3
3
3
3
3
3
3
3
3
3
3
3
3
3
3
3
3
3
3
3
3
3
3
3
3
3
3
3
3
3
3
3
3
3
3
3
3
3
3
3
3
3
3
3
3
3
3
3
3
3
3
3
3
3
3
3
3
3
3
3
3
3
3
3
3
3
3
3
3
3
3
3
3
3
3
3
3
3
3
3
3
3
3
3
3
3
3
3
3
3
3
3
3
3
3
3
3
3
3
3
3
3
3
3
3
3
3
3
3
3
3
3
3
3
3
3
3
3
3
3
3
3
3
3
3
3
3
3
3
3
3
3
3
3
3
3
3
3
3
3
3
3
3
3
3
3
3
3
3
3
3
3
3
3
3
3
3
3
3
3
3
3
3
3
3
3
3
3
3
3
3
3
3
3
3
3
3
3
3
3
3
3
3
3
3
3
3
3
3
3
3
3
3
3
3
3
3
3
3
3
3
3
3
3
3
3
3
3
3
3
3
3
3
3
3
3
3
3
3
3
3
3
3
3
3
3
3
3
3
3
3
3
3
3
3
3
3
3
3
3
3
3
3
3
3
3
3
3
3
3
3
3
3
3
3
3
3
3
3
3
3
3
3
3
3
3
3
3
3
3
3
3
3
3
3
3
3
3
3
3
3
3
3
3
3
3
3
3
3
3
3
3
3
3
3
3
3
3
3
3
3
3
3
3
3
3
3
3
3
3
3
3
3
3
3
3
3
3
3
3
3
3
3
3
3
3
3
3
3
3
3
3
3
3
3
3
3
3
3
3
3
3
3
3
3
3
3
3
3
3
3
3
3
3
3
3
3
3
3
3
3
3
3
3
3
3
3
3
3
3
3
3
3
3
3
3
3
3
3
3
3
3
3
3
3
3
3
3
3
3
3
3
3
3
3
3
3
3
3
3
3
3
3
3
3
3
3
3
3
3
3
3
3
3
3
3
3
3
3
3
3
3
3
3
3
3
3
3
3
3
3
3
3
3
3
3
3
3
3
3
3
3
3
3
3
3
3
3
3
3
3
3
3
3
3
3
3
3
3
3
3
3
3
3
3
3
3
3
3
3
3
3
3
3
3
3
3
3
3
3
3
3
3
3
3
3
3
3
3
3
3
3
3
3
3
3
3
3
3
3
3
3
3
3
3
3
3
3
3
3
3
3
3
3
3
3
3
3
3
3
3
3
3
3
3
3
3
3
3
3
3
3
3
3
3
3
3
3
3
3
3
3
3
3
3
3
3
3
3
3
3
3
3
3
3
3
3
3
3
3
3
3
3
3
3
3
3
3
3
3
3
3
3
3
3
3
3
3
3
3
3
3
3
3
3
3
3
3
3
3
3
3
3
3
3
3
3
3
3
3
3
3
3
3
3
3
3
3
3
3
3
3
3
3
3
3
3
3
3
3
3
3
3
3
3
3
3
3
3
3
3
3
3
3
3
3
3
3
3
3
3
3
3
3
3
3
3
3
3
3
3
3
3
3
3
3
3
3
3
3
3
3
3
3
3
3
3
3
3
3
3
3
3
3
3
3
3
3
3
3
3
3
3
3
3
3
3
3
3
3
3
3
3
3
3
3
3
3
3
3
3
3
3
3
3
3
3
3
3
3
3
3
3
3
3
3
3
3
3
3
3
3
3
3
3
3
3
3
3
3
3
3
3
3
3
3
3
3
3
3
3
3
3
3
3
3
3
3
3
3
3
3
3
3
3
3
3
3
3
3
3
3
3
3
3
3
3
3
3
3
3
3
3
3
3
3
3
3
3
3
3
3
3
3
3
3
3
3
3
3
3
3
3
3
3
3
3
3
3
3
3
3
3
3
3
3
3
3
3
3
3
3
3
3
3
3
3
3
3
3
3
3
3
3
3
3
3
3
3
3
3
3
3
3
3
3
3
3
3
3
3
3
3
3
3
3
3
3
3
3
3
3
3
3
3
3
3
3
3
3
3
3
3
3
3
3
3
3
3
3
3
3
3
3
3
3
3
3
3
3
3
3
3
3
3
3
3
3
3
3
3
3
3
3
3
3
3
3
3
3
3
3
3
3
3
3
3
3
3
3
3
3
3
3
3
3
3
3
3
3
3
3
3
3
3
3
3
3
3
3
3
3
3
3
3
3
3
3
3
3
3
3
3
3
3
3
3
3
3
3
3
3
3
3
3
3
3
3
3
3
3
3
3
3
3
3
3
3
3
3
3
3
3
3
3
3
3
3
3
3
3
3
3
3
3
3
3
3
3
3
3
3
3
3
3
3
3
3
3
3
3
3
3
3
3
3
3
3
3
3
3
3
3
3
3
3
3
3
3
3
3
3
3
3
3
3
3
3
3
3
3
3
3
3
3
3
3
3
3
3
3
3
3
3
3
3
3
3
3
3
3
3
3
3
3
3
3
3
3
3
3
3
3
3
3
3
3
3
3
3
3
3
3
3
3
3
3
3
3
3
3
3
3
3
3
3
3
3
3
3
3
3
3
3
3
3
3
3
3
3
3
3
3
3
3
3
3
3
3
3
3
3
3
3
3
3
3
3
3
3
3
3
3
3
3
3
3
3
3
3
3
3
3
3
3
3
3
3
3
3
3
3
3
3
3
3
3
3
3
3
3
3
3
3
3
3
3
3
3
3
3
3
3
3
3
3
3
3
3
3
3
3
3
3
3
3
3
3
3
3
3
3
3
3
3
3
3
3
3
3
3
3
3
3
3
3
3
3
3
3
3
3
3
3
3
3
3
3
3
3
3
3
3
3
3
3
3
3
3
3
3
3
3
3
3
3
3
3
3
3
3
3
3
3
3
3
3
3
3
3
3
3
3
3
3
3
3
3
3
3
3
3
3
3
3
3
3
3
3
3
3
3
3
3
3
3
3
3
3
3
3
3
3
3
3
3
3
3
3
3
3
3
3
3
3
3
3
3
3
3
3
3
3
3
3
3
3
3
3
3
3
3
3
3
3
3
3
3
3
3
3
3
3
3
3
3
3
3
3
3
3
3
3
3
3
3
3
3
3
3
3
3
3
3
3
3
3
3
3
3
3
3
3
3
3
3
3
3
3
3
3
3
3
3
3
3
3
3
3
3
3
3
3
3
3
3
3
3
3
3
3
3
3
3
3
3
3
3
3
3
3
3
3
3
3
3
3
3
3
3
3
3
3
3
3
3
3
3
3
3
3
3
3
3
3
3
3
3
3
3
3
3
3
3
3
3
3
3
3
3
3
3
3
3
3
3
3
5
5
5
5
5
5
5
5
5
5
5
5
5
5
5
5
5
5
5
5
5
5
5
5
5
5
5
5
5
5
5
5
5
5
5
5
5
5
5
5
5
5
5
5
5
5
5
5
5
5
5
5
5
5
5
5
5
5
5
5
5
5
5
5
5
5
5
5
5
5
5
5
5
5
5
5
5
5
5
5
5
5
5
5
5
5
5
5
5
5
5
5
5
5
5
5
5
5
5
5
5
5
5
5
5
5
5
5
5
5
5
5
5
5
5
5
5
5
5
5
5
5
5
5
5
5
5
5
5
5
5
5
5
5
5
5
5
5
5
5
5
5
5
5
5
5
5
5
5
5
5
5
5
5
5
5
5
5
5
5
5
5
5
5
5
5
5
5
5
5
5
5
5
5
5
5
5
5
5
5
5
5
5
5
5
5
5
5
5
5
5
5
5
5
5
5
5
5
5
5
5
5
5
5
5
5
5
5
5
5
5
5
5
5
5
5
5
5
5
5
5
5
5
5
5
5
5
5
5
5
5
5
5
5
5
5
5
5
5
5
5
5
5
5
5
5
5
5
5
5
5
5
5
5
5
5
5
5
5
5
5
5
5
5
5
5
5
5
5
5
5
5
5
5
5
5
5
5
5
5
5
5
5
5
5
5
5
5
5
5
5
5
5
5
5
5
5
5
5
5
5
5
5
5
5
5
5
5
5
5
5
5
5
5
5
5
5
5
5
5
5
5
5
5
5
5
5
5
5
5
5
5
5
5
5
5
5
5
5
5
5
5
5
5
5
5
5
5
5
5
5
5
5
5
5
5
5
5
5
5
5
5
5
5
5
5
5
5
5
5
5
5
5
5
5
5
5
5
5
5
5
5
5
5
5
5
5
5
5
5
5
5
5
5
5
5
5
5
5
5
5
5
5
5
5
5
5
5
5
5
5
5
5
5
5
5
5
5
5
5
5
5
5
5
5
5
5
5
5
5
5
5
5
5
5
5
5
5
5
5
5
5
5
5
5
5
5
5
5
5
5
5
5
5
5
5
5
5
5
5
5
5
5
5
5
5
5
5
5
5
5
5
5
5
5
5
5
5
5
5
5
5
5
5
5
5
5
5
5
5
5
5
5
5
5
5
5
5
5
5
5
5
5
5
5
5
5
5
5
5
5
5
5
5
5
5
5
5
5
5
5
5
5
5
5
5
5
5
5
5
5
5
5
5
5
5
5
5
5
5
5
5
5
5
5
5
5
5
5
5
5
5
5
5
5
5
5
5
5
5
5
5
5
5
5
5
5
5
5
5
5
5
5
5
5
5
5
5
5
5
5
5
5
5
5
5
5
5
5
5
5
5
5
5
5
5
5
5
5
5
5
5
5
5
5
5
5
5
5
5
5
5
5
5
5
5
5
5
5
5
5
5
5
5
5
5
5
5
5
5
5
5
5
5
5
5
5
5
5
5
5
5
5
5
5
5
5
5
5
5
5
5
5
5
5
5
5
5
5
5
5
5
5
5
5
5
5
5
5
5
5
5
5
5
5
5
5
5
5
5
5
5
5
5
5
5
5
5
5
5
5
5
5
5
5
5
5
5
5
5
5
5
5
5
5
5
5
5
5
5
5
5
5
5
5
5
5
5
5
5
5
5
5
5
5
5
5
5
5
5
5
5
5
5
5
5
5
5
5
5
5
5
5
5
5
5
5
5
5
5
5
5
5
5
5
5
5
5
5
5
5
5
5
5
5
5
5
5
5
5
5
5
5
5
5
5
5
5
5
5
5
5
5
5
5
5
5
5
5
5
5
5
5
5
5
5
5
5
5
5
5
5
5
5
5
5
5
5
5
5
5
5
5
5
5
5
5
5
5
5
5
5
5
5
5
5
5
5
5
5
5
5
5
5
5
5
5
5
5
5
5
5
5
5
5
5
5
5
5
5
5
5
5
5
5
5
5
5
5
5
5
5
5
5
5
5
5
5
5
5
5
5
5
5
5
5
5
5
5
5
5
5
5
5
5
5
5
5
5
5
5
5
5
5
5
5
5
5
5
5
5
5
5
5
5
5
5
5
5
5
5
5
5
5
5
5
5
5
5
5
5
5
5
5
5
5
5
5
5
5
5
5
5
5
5
5
5
5
5
5
5
5
5
5
5
5
5
5
5
5
5
5
5
5
5
5
5
5
5
5
5
5
5
5
5
5
5
5
5
5
5
5
5
5
5
5
5
5
5
5
5
5
5
5
5
5
5
5
5
5
5
5
5
5
5
5
5
5
5
5
5
5
5
5
5
5
5
5
5
5
5
5
5
5
5
5
5
5
5
5
5
5
5
5
5
5
5
5
5
5
5
5
5
5
5
5
5
5
5
5
5
5
5
5
5
5
5
5
5
5
5
5
5
5
5
5
5
5
5
5
5
5
5
5
5
5
5
5
5
5
5
5
5
5
5
5
5
5
5
5
5
5
5
5
5
5
5
5
5
5
5
5
5
5
5
5
5
5
5
5
5
5
5
5
5
5
5
5
5
5
5
5
5
5
5
5
5
5
5
5
5
5
5
5
5
5
5
5
5
5
5
5
5
5
5
5
5
5
5
5
5
5
5
5
5
5
5
5
5
5
5
5
5
5
5
5
5
5
5
5
5
5
5
5
5
5
5
5
5
5
5
5
5
5
5
5
5
5
5
5
5
5
5
5
5
5
5
5
5
5
5
5
5
5
5
5
5
5
5
5
5
5
5
5
5
5
5
5
5
5
5
5
5
5
5
5
5
5
5
5
5
5
5
5
5
5
5
5
5
5
5
5
5
5
5
5
5
5
5
5
5
5
5
5
5
5
5
5
5
5
5
5
5
5
5
5
5
5
5
5
5
5
5
5
5
5
5
5
5
5
5
5
5
5
5
5
5
5
5
5
5
5
5
5
5
5
5
5
5
5
5
5
5
5
5
5
5
5
5
5
5
5
5
5
5
5
5
5
5
5
5
5
5
5
5
5
5
5
5
5
5
5
5
5
5
5
5
5
5
5
5
5
5
5
5
5
5
5
5
5
5
5
5
5
5
5
5
5
5
5
5
5
5
5
5
5
5
5
5
5
5
5
5
5
5
5
5
5
5
5
5
5
5
5
5
5
5
5
5
5
5
5
5
5
5
5
5
5
5
5
5
5
5
5
5
5
5
5
5
5
5
5
5
5
5
5
5
5
5
5
5
5
5
5
5
5
5
5
5
5
5
5
5
5
5
5
5
5
5
5
5
5
5
5
5
5
5
5
5
5
5
5
5
5
5
5
5
5
5
5
5
5
5
5
5
5
5
5
5
5
5
5
5
5
5
5
5
5
5
5
5
5
5
5
5
5
5
5
5
5
5
5
5
5
5
5
5
5
5
5
5
5
5
5
5
5
5
5
5
5
5
5
5
5
5
5
5
5
5
5
5
5
5
5
5
5
5
5
5
5
5
5
5
5
5
5
5
5
5
5
5
5
5
5
5
5
5
5
5
5
5
5
5
5
5
5
5
5
5
5
5
5
5
5
5
5
5
5
5
5
5
5
5
5
5
5
5
5
5
5
5
5
5
5
5
5
5
5
5
5
5
5
5
5
5
5
5
5
5
5
5
5
5
5
5
5
5
5
5
5
5
5
5
5
5
5
5
5
5
5
5
5
5
5
5
5
5
5
5
5
5
5
5
5
5
5
5
5
5
5
5
5
5
5
5
5
5
5
5
5
5
5
5
5
5
5
5
5
5
5
5
5
5
5
5
5
5
5
5
5
5
5
5
5
5
5
5
5
5
5
5
5
5
5
5
5
5
5
5
5
5
5
5
5
5
5
5
5
5
5
5
5
5
5
5
5
5
5
5
5
5
5
5
5
5
5
5
5
5
5
5
5
5
5
5
5
5
5
5
5
5
5
5
5
5
5
5
5
5
5
5
5
5
5
5
5
5
5
5
5
5
5
5
5
5
5
5
5
5
5
5
5
5
5
5
5
5
5
5
5
5
5
5
5
5
5
5
5
5
5
5
5
5
5
5
5
5
5
5
5
5
5
5
5
5
5
5
5
5
5
5
5
5
5
5
5
5
5
5
5
5
5
5
5
5
5
5
5
5
5
5
5
5
5
5
5
5
5
5
5
5
5
5
5
5
5
5
5
5
5
5
5
5
5
5
5
5
5
5
5
5
5
5
5
5
5
5
5
5
5
5
5
5
5
5
5
5
5
5
5
5
5
5
5
5
5
5
5
5
5
5
5
5
5
5
5
5
5
5
5
5
5
5
5
5
5
5
5
5
5
5
5
5
5
5
5
5
5
5
5
5
5
5
5
5
5
5
5
5
5
5
5
5
5
5
5
5
5
5
5
5
5
5
5
5
5
5
5
5
5
5
5
5
5
5
5
5
5
5
5
5
5
5
5
5
5
5
5
5
5
5
5
5
5
5
5
5
5
5
5
5
5
5
5
5
5
5
5
5
5
5
5
5
5
5
5
5
5
5
5
5
5
5
5
5
5
5
5
5
5
5
5
5
5
5
5
5
5
5
5
5
5
5
5
5
5
5
5
5
5
5
5
5
5
5
5
5
5
5
5
5
5
5
5
5
5
5
5
5
5
5
5
5
5
5
5
5
5
5
5
5
5
5
5
5
5
5
5
5
5
5
5
5
5
5
5
5
5
5
5
5
5
5
5
5
5
5
5
5
5
5
5
5
5
5
5
5
5
5
5
5
5
5
5
5
5
5
5
5
5
5
5
5
5
5
5
5
5
5
5
5
5
5
5
5
5
5
5
5
5
5
5
5
5
5
5
5
5
5
5
5
5
5
5
5
5
5
5
5
5
5
5
5
5
5
5
5
5
5
5
5
5
5
5
5
5
5
5
5
5
5
5
5
5
5
5
5
5
5
5
5
5
5
5
5
5
5
5
5
5
5
5
5
5
5
5
5
5
5
5
5
5
5
5
5
5
5
5
5
5
5
5
5
5
5
5
5
5
5
5
5
5
5
5
5
5
5
5
5
5
5
5
5
5
5
5
5
5
5
5
5
5
5
5
5
5
5
5
5
5
5
5
5
5
5
5
5
5
5
5
5
5
5
5
5
5
5
5
5
5
5
5
5
5
5
5
5
5
5
5
5
5
5
5
5
5
5
5
5
5
5
5
5
5
5
5
5
5
5
5
5
5
5
5
5
5
5
5
5
5
5
5
5
5
5
5
5
5
5
5
5
5
5
5
5
5
5
5
5
5
5
5
5
5
5
5
5
5
5
5
5
5
5
5
5
5
5
5
5
5
5
5
5
5
5
5
5
5
5
5
5
5
5
5
5
5
5
5
5
5
5
5
5
5
5
5
5
5
5
5
5
5
5
5
5
5
5
5
5
5
5
5
5
5
5
5
5
5
5
5
5
5
5
5
5
5
5
5
5
5
5
5
5
5
5
5
5
5
5
5
5
5
5
5
5
5
5
5
5
5
5
5
5
5
5
5
5
5
5
5
5
5
5
5
5
5
5
5
5
5
5
5
5
5
5
5
5
5
5
5
5
5
5
5
5
5
5
5
5
5
5
5
5
5
5
5
5
5
5
5
5
5
5
5
5
5
5
5
5
5
5
5
5
5
5
5
5
5
5
5
5
5
5
5
5
5
5
5
5
5
5
5
5
5
5
5
5
5
5
5
5
5
5
5
5
5
5
5
5
5
5
5
5
5
5
5
5
5
5
5
5
5
5
5
5
5
5
5
5
5
5
5
5
5
5
5
5
5
5
5
5
5
5
5
5
5
5
5
5
5
5
5
5
5
5
5
5
5
5
5
5
5
5
5
5
5
5
5
5
5
5
5
5
5
5
5
5
5
5
5
5
5
5
5
5
5
5
5
5
5
5
5
5
5
5
5
5
5
5
5
5
5
5
5
5
5
5
5
5
5
5
5
5
5
5
5
5
5
5
5
5
5
5
5
5
5
5
5
5
5
5
5
5
5
5
5
5
5
5
5
5
5
5
5
5
5
5
5
5
5
5
5
5
5
5
5
5
5
5
5
5
5
5
5
5
5
5
5
5
5
5
5
5
5
5
5
5
5
5
5
5
5
5
5
5
5
5
5
5
5
5
5
5
5
5
5
5
5
5
5
5
5
5
5
5
5
5
5
5
5
5
5
5
5
5
5
5
5
5
5
5
5
5
5
5
5
5
5
5
5
5
5
5
5
5
5
5
5
5
5
5
5
5
5
5
5
5
5
5
5
5
5
5
5
5
5
5
5
5
5
5
5
5
5
5
5
5
5
5
5
5
5
5
5
5
5
5
5
5
5
5
5
5
5
5
5
5
5
5
5
5
5
5
5
5
5
5
5
5
5
5
5
5
5
5
5
5
5
5
5
5
5
5
5
5
5
5
5
5
5
5
5
5
5
5
5
5
5
5
5
5
5
5
5
5
5
5
5
5
5
5
5
5
5
5
5
5
5
5
5
5
5
5
5
5
5
5
5
5
5
5
5
5
5
5
5
5
5
5
5
5
5
5
5
5
5
5
5
5
5
5
5
5
5
5
5
5
5
5
5
5
5
5
5
5
5
5
5
5
5
5
5
5
5
5
5
5
5
5
5
5
5
5
5
5
5
5
5
5
5
5
5
5
5
5
5
5
5
5
5
5
5
5
5
5
5
5
5
5
5
5
5
5
5
5
5
5
5
5
5
5
5
5
5
5
5
5
5
5
5
5
5
5
5
5
5
5
5
5
5
5
5
5
5
5
5
5
5
5
5
5
5
5
5
5
5
5
5
5
5
5
5
5
5
5
5
5
5
5
5
5
5
5
5
5
5
5
5
5
5
5
5
5
5
5
5
5
5
5
5
5
5
5
5
5
5
5
5
5
5
5
5
5
5
5
5
5
5
5
5
5
5
5
5
5
5
5
5
5
5
5
5
5
5
5
5
5
5
5
5
5
5
5
5
5
5
5
5
5
5
5
5
5
5
5
5
5
5
5
5
5
5
5
5
5
5
5
5
5
5
5
5
5
5
5
5
5
5
5
5
5
5
5
5
5
5
5
5
5
5
5
5
5
5
5
5
5
5
5
5
5
5
5
5
5
5
5
5
5
5
5
5
5
5
5
5
5
5
5
5
5
5
5
5
5
5
5
5
5
5
5
5
5
5
5
5
5
5
5
5
5
5
5
5
5
5
5
5
5
5
5
5
5
5
5
5
5
5
5
5
5
5
5
5
5
5
5
5
5
5
5
5
5
5
5
5
5
5
5
5
5
5
5
5
5
5
5
5
5
5
5
5
5
5
5
5
5
5
5
5
5
5
5
5
5
5
5
5
5
5
5
5
5
5
5
5
5
5
5
5
5
5
5
5
5
5
5
5
5
5
5
5
5
5
5
5
5
5
5
5
5
5
5
5
5
5
5
5
5
5
5
5
5
5
5
5
5
5
5
5
5
5
5
5
5
5
5
5
5
5
5
5
5
5
5
5
5
5
5
5
5
5
5
5
5
5
5
5
5
5
5
5
5
5
5
5
5
5
5
5
5
5
5
5
5
5
5
5
5
5
5
5
5
5
5
5
5
5
5
5
5
5
5
5
5
5
5
5
5
5
5
5
5
5
5
5
5
5
5
5
5
5
5
5
5
5
5
5
5
5
5
5
5
5
5
5
5
5
5
5
5
5
5
5
5
5
5
5
5
5
5
5
5
5
5
5
5
5
5
5
5
5
5
5
5
5
5
5
5
5
5
5
5
5
5
5
5
5
5
5
5
5
5
5
5
5
5
5
5
5
5
5
5
5
5
5
5
5
5
5
5
5
5
5
5
5
5
5
5
5
5
5
5
5
5
5
5
5
5
5
5
5
5
5
5
5
5
5
5
5
5
5
5
5
5
5
5
5
5
5
5
5
5
5
5
5
5
5
5
5
5
5
5
5
5
5
5
5
5
5
5
5
5
5
5
5
5
5
5
5
5
5
5
5
5
5
5
5
5
5
5
5
5
5
5
5
5
5
5
5
5
5
5
5
5
5
5
5
5
5
5
5
5
5
5
5
5
5
5
5
5
5
5
5
5
5
5
5
5
5
5
5
5
5
5
5
5
5
5
5
5
5
5
5
5
5
5
5
5
5
5
5
5
5
5
5
5
5
5
5
5
5
5
5
5
5
5
5
5
5
5
5
5
5
5
5
5
5
5
5
5
5
5
5
5
5
5
5
5
5
5
5
5
5
5
5
5
5
5
5
5
5
5
5
5
5
5
5
5
5
5
5
5
5
5
5
5
5
5
5
5
5
5
5
5
5
5
5
5
5
5
5
5
5
5
5
5
5
5
5
5
5
5
5
5
5
5
5
5
5
5
5
5
5
5
5
5
5
5
5
5
5
5
5
5
5
5
5
5
5
5
5
5
5
5
5
5
5
5
5
5
5
5
5
5
5
5
5
5
5
5
5
5
5
5
5
5
5
5
5
5
5
5
5
5
5
5
5
5
5
5
5
5
5
5
5
5
5
5
5
5
5
5
5
5
5
5
5
5
5
5
5
5
5
5
5
5
5
5
5
5
5
5
5
5
5
5
5
5
5
5
5
5
5
5
5
5
5
5
5
5
5
5
5
5
5
5
5
5
5
5
5
5
5
5
5
5
5
5
5
5
5
5
5
5
5
5
5
5
5
5
5
5
5
5
5
5
5
5
5
5
5
5
5
5
5
5
5
5
5
5
5
5
5
5
5
5
5
5
5
5
5
5
5
5
5
5
5
5
5
5
5
5
5
5
5
5
5
5
5
5
5
5
5
5
5
5
5
5
5
5
5
5
5
5
5
5
5
5
5
5
5
5
5
5
5
5
5
5
5
5
5
5
5
5
5
5
5
5
5
5
5
5
5
5
5
5
5
5
5
5
5
5
5
5
5
5
5
5
5
5
5
5
5
5
5
5
5
5
5
5
5
5
5
5
5
5
5
5
5
5
5
5
5
5
5
5
5
5
5
5
5
5
5
5
5
5
5
5
5
5
5
5
5
5
5
5
5
5
5
5
5
5
5
5
5
5
5
5
5
5
5
5
5
5
5
5
5
5
5
5
5
5
5
5
5
5
5
5
5
5
5
5
5
5
5
5
5
5
5
5
5
5
5
5
5
5
5
5
5
5
5
5
5
5
5
5
5
5
5
5
5
5
5
5
5
5
5
5
5
5
5
5
5
5
5
5
5
5
5
5
5
5
5
5
5
5
5
5
5
5
5
5
5
5
5
5
5
5
5
5
5
5
5
5
5
5
5
5
5
5
5
5
5
5
5
5
5
5
5
5
5
5
5
5
5
5
5
5
5
5
5
5
5
5
5
5
5
5
5
5
5
5
5
5
5
5
5
5
5
5
5
5
5
5
5
5
5
5
5
5
5
5
5
5
5
5
5
5
5
5
5
5
5
5
5
5
5
5
5
5
5
5
5
5
5
5
5
5
5
5
5
5
5
5
5
5
5
5
5
5
5
5
5
5
5
5
5
5
5
5
5
5
5
5
5
5
5
5
5
5
5
5
5
5
5
5
5
5
5
5
5
5
5
5
5
5
5
5
5
5
5
5
5
5
5
5
5
5
5
5
5
5
5
5
5
5
5
5
5
5
5
5
5
5
5
5
5
5
5
5
5
5
5
5
5
5
5
5
5
5
5
5
5
5
5
5
5
5
5
5
5
5
5
5
5
5
5
5
5
5
5
5
5
5
5
5
5
5
5
5
5
5
5
5
5
5
5
5
5
5
5
5
5
5
5
5
5
5
5
5
5
5
5
5
5
5
5
5
5
5
5
5
5
5
5
5
5
5
5
5
5
5
5
5
5
5
5
5
5
5
5
5
5
5
5
5
5
5
5
5
5
5
5
5
5
5
5
5
5
5
5
5
5
5
5
5
5
5
5
5
5
5
5
5
5
5
5
5
5
5
5
5
5
5
5
5
5
5
5
5
5
5
5
5
5
5
5
5
5
5
5
5
5
5
5
5
5
5
5
5
5
5
5
5
5
5
5
5
5
5
5
5
5
5
5
5
5
5
5
5
5
5
5
5
5
5
5
5
5
5
5
5
5
5
5
5
5
5
5
5
5
5
5
5
5
5
5
5
5
5
5
5
5
5
5
5
5
5
5
5
5
5
5
5
5
5
5
5
5
5
5
5
5
5
5
5
5
5
5
5
5
5
5
5
5
5
5
5
5
5
5
5
5
5
5
5
5
5
5
5
5
5
5
5
5
5
5
5
5
5
5
5
5
5
5
5
5
5
5
5
5
5
5
5
5
5
5
5
5
5
5
5
5
5
5
5
5
5
5
5
5
5
5
5
5
5
5
5
5
5
5
5
5
5
5
5
5
5
5
5
5
5
5
5
5
5
5
5
5
5
5
5
5
5
5
5
5
5
5
5
5
5
5
5
5
5
5
5
5
5
5
5
5
5
5
5
5
5
5
5
5
5
5
5
5
5
5
5
5
5
5
5
5
5
5
5
5
5
5
5
5
5
5
5
5
5
5
5
5
5
5
5
5
5
5
5
5
5
5
5
5
5
5
5
5
5
5
5
5
5
5
5
5
5
5
5
5
5
5
5
5
5
5
5
5
5
5
5
5
5
5
5
5
5
5
5
5
5
5
5
5
5
5
5
5
5
5
5
5
5
5
5
5
5
5
5
5
5
5
5
5
5
5
5
5
5
5
5
5
5
5
5
5
5
5
5
5
5
5
5
5
5
5
5
5
5
5
5
5
5
5
5
5
5
5
5
5
5
5
5
5
5
5
5
5
5
5
5
5
5
5
5
5
5
5
5
5
5
5
5
5
5
5
5
5
5
5
5
5
5
5
5
5
5
5
5
5
5
5
5
5
5
5
5
5
5
5
5
5
5
5
5
5
5
5
5
5
5
5
5
5
5
5
5
5
5
5
5
5
5
5
5
5
5
5
5
5
5
5
5
5
5
5
5
5
5
5
5
5
5
5
5
5
5
5
5
5
5
5
5
5
5
5
5
5
5
5
5
5
5
5
5
5
5
5
5
5
5
5
5
5
5
5
5
5
5
5
5
5
5
5
5
5
5
5
5
5
5
5
5
5
5
5
5
5
5
5
5
5
5
5
5
5
5
5
5
5
5
5
5
5
5
5
5
5
5
5
5
5
5
5
5
5
5
5
5
5
5
5
5
5
5
5
5
5
5
5
5
5
5
5
5
5
5
5
5
5
5
5
5
5
5
5
5
5
5
5
5
5
5
5
5
5
5
5
5
5
5
5
5
5
5
5
5
5
5
5
5
5
5
5
5
5
5
5
5
5
5
5
5
5
5
5
5
5
5
5
5
5
5
5
5
5
5
5
5
5
5
5
5
5
5
5
5
5
5
5
5
5
5
5
5
5
5
5
5
5
5
5
5
5
5
5
5
5
5
5
5
5
5
5
5
5
5
5
5
5
5
5
5
5
5
5
5
5
5
5
5
5
5
5
5
5
5
5
5
5
5
5
5
5
5
5
5
5
5
5
5
5
5
5
5
5
5
5
5
5
5
5
5
5
5
5
5
5
5
5
5
5
5
5
5
5
5
5
5
5
5
5
5
5
5
5
5
5
5
5
5
5
5
5
5
5
5
5
5
5
5
5
5
5
5
5
5
5
5
5
5
5
5
5
5
5
5
5
5
5
5
5
5
5
5
5
5
5
5
5
5
5
5
5
5
5
5
5
5
5
5
5
5
5
5
5
5
5
5
5
5
5
5
5
5
5
5
5
5
5
5
5
5
5
5
5
5
5
5
5
5
5
5
5
5
5
5
5
5
5
5
5
5
5
5
5
5
5
5
5
5
5
5
5
5
5
5
5
5
5
5
5
5
5
5
5
5
5
5
5
5
5
5
5
5
5
5
5
5
5
5
5
5
5
5
5
5
5
5
5
5
5
5
5
5
5
5
5
5
5
5
5
5
5
5
5
5
5
5
5
5
5
5
5
5
5
5
5
5
5
5
5
5
5
5
5
5
5
5
5
5
5
5
5
5
5
5
5
5
5
5
5
5
5
5
5
5
5
5
5
5
5
5
5
5
5
5
5
5
5
5
5
5
5
5
5
5
5
5
5
5
5
5
5
5
5
5
5
5
5
5
5
5
5
5
5
5
5
5
5
5
5
5
5
5
5
5
5
5
5
5
5
5
5
5
5
5
5
5
5
5
5
5
5
5
5
5
5
5
5
5
5
5
5
5
5
5
5
5
5
5
5
5
5
5
5
5
5
5
5
5
5
5
5
5
5
5
5
5
5
5
5
5
5
5
5
5
5
5
5
5
5
5
5
5
5
5
5
5
5
5
5
5
5
5
5
5
5
5
5
5
5
5
5
5
5
5
5
5
5
5
5
5
5
5
5
5
5
5
5
5
5
5
5
5
5
5
5
5
5
5
5
5
5
5
5
5
5
5
5
5
5
5
5
5
5
5
5
5
5
5
5
5
5
5
5
5
5
5
5
5
5
5
5
5
5
5
5
5
5
5
5
5
5
5
5
5
5
5
5
5
5
5
5
5
5
5
5
5
5
5
5
5
5
5
5
5
5
5
5
5
5
5
5
5
5
5
5
5
5
5
5
5
5
5
5
5
5
5
5
5
5
5
5
5
5
5
5
5
5
5
5
5
5
5
5
5
5
5
5
5
5
5
5
5
5
5
5
5
5
5
5
5
5
5
5
5
5
5
5
5
5
5
5
5
5
5
5
5
5
5
5
5
5
5
5
5
5
5
5
5
5
5
5
5
5
5
5
5
5
5
5
5
5
5
5
5
5
5
5
5
5
5
5
5
5
5
5
5
5
5
5
5
5
5
5
5
5
5
5
5
5
5
5
5
5
5
5
5
5
5
5
5
5
5
5
5
5
5
5
5
5
5
5
5
5
5
5
5
5
5
5
5
5
5
5
5
5
5
5
5
5
5
5
5
5
5
5
5
5
5
5
5
5
5
5
5
5
5
5
5
5
5
5
5
5
5
5
5
5
5
5
5
5
5
5
5
5
5
5
5
5
5
5
5
5
5
5
5
5
5
5
5
5
5
5
5
5
5
5
5
5
5
5
5
5
5
5
5
5
5
5
5
5
5
5
5
5
5
5
5
5
5
5
5
5
5
5
5
5
5
5
5
5
5
5
5
5
5
5
5
5
5
5
5
5
5
5
5
5
5
5
5
5
5
5
5
5
5
5
5
5
5
5
5
5
5
5
5
5
5
5
5
5
5
5
5
5
5
5
5
5
5
5
5
5
5
5
5
5
5
5
5
5
5
5
5
5
5
5
5
5
5
5
5
5
5
5
5
5
5
5
5
5
5
5
5
5
5
5
5
5
5
5
5
5
5
5
5
5
5
5
5
5
5
5
5
5
5
5
5
5
5
5
5
5
5
5
5
5
5
5
5
5
5
5
5
5
5
5
5
5
5
5
5
5
5
5
5
5
5
5
5
5
5
5
5
5
5
5
5
5
5
5
5
5
5
5
5
5
5
5
5
5
5
5
5
5
5
5
5
5
5
5
5
5
5
5
5
5
5
5
5
5
5
5
5
5
5
5
5
5
5
5
5
5
5
5
5
5
5
5
5
5
5
5
5
5
5
5
5
5
5
5
5
5
5
5
5
5
5
5
5
5
5
5
5
5
5
5
5
5
5
5
5
5
5
5
5
5
5
5
5
5
5
5
5
5
5
5
5
5
5
5
5
5
5
5
5
5
5
5
5
5
5
5
5
5
5
5
5
5
5
5
5
5
5
5
5
5
5
5
5
5
5
5
5
5
5
5
5
5
5
5
5
5
5
5
5
5
5
5
5
5
5
5
5
5
5
5
5
5
5
5
5
5
5
5
5
5
5
5
5
5
5
5
5
5
5
5
5
5
5
5
5
5
5
5
5
5
5
5
5
5
5
5
5
5
5
5
5
5
5
5
5
5
5
5
5
5
5
5
5
5
5
5
5
5
5
5
5
5
5
5
5
5
5
5
5
5
5
5
5
5
5
5
5
5
5
5
5
5
5
5
5
5
5
5
5
5
5
5
5
5
5
5
5
5
5
5
5
5
5
5
5
5
5
5
5
5
5
5
5
5
5
5
5
5
5
5
5
5
5
5
5
5
5
5
5
5
5
5
5
5
5
5
5
5
5
5
5
5
5
5
5
5
5
5
5
5
5
5
5
5
5
5
5
5
5
5
5
5
5
5
5
5
5
5
5
5
5
5
5
5
5
5
5
5
5
5
5
5
5
5
5
5
5
5
5
5
5
5
5
5
5
5
5
5
5
5
5
5
5
5
5
5
5
5
5
5
5
5
5
5
5
5
5
5
5
5
5
5
5
5
5
5
5
5
5
5
5
5
5
5
5
5
5
5
5
5
5
5
5
5
5
5
5
5
5
5
5
5
5
5
5
5
5
5
5
5
5
5
5
5
5
5
5
5
5
5
5
5
5
5
5
5
5
5
5
5
5
5
5
5
5
5
5
5
5
5
5
5
5
5
5
5
5
5
5
5
5
5
5
5
5
5
5
5
5
5
5
5
5
5
5
5
5
5
5
5
5
5
5
5
5
5
5
5
5
5
5
5
5
5
5
5
5
5
5
5
5
5
5
5
5
5
5
5
5
5
5
5
5
5
5
5
5
5
5
5
5
5
5
5
5
5
5
5
5
5
5
5
5
5
5
5
5
5
5
5
5
5
5
5
5
5
5
5
5
5
5
5
5
5
5
5
5
5
5
5
5
5
5
5
5
5
5
5
5
5
5
5
5
5
5
5
5
5
5
5
5
5
5
5
5
5
5
5
5
5
5
5
5
5
5
5
5
5
5
5
5
5
5
5
5
5
5
5
5
5
5
5
5
5
5
5
5
5
5
5
5
5
5
5
5
5
5
5
5
5
5
5
5
5
5
5
5
5
5
5
5
5
5
5
5
5
5
5
5
5
5
5
5
5
5
5
5
5
5
5
5
5
5
5
5
5
5
5
5
5
5
5
5
5
5
5
5
5
5
5
5
5
5
5
5
5
5
5
5
5
5
5
5
5
5
5
5
5
5
5
5
5
5
5
5
5
5
5
5
5
5
5
5
5
5
5
5
5
5
5
5
5
5
5
5
5
5
5
5
5
5
5
5
5
5
5
5
5
5
5
5
5
5
5
5
5
5
5
5
5
5
5
5
5
5
5
5
5
5
5
5
5
5
5
5
5
5
5
5
5
5
5
5
5
5
5
5
5
5
5
5
5
5
5
5
5
5
5
5
5
5
5
5
5
5
5
5
5
5
5
5
5
5
5
5
5
5
5
5
5
5
5
5
5
5
5
5
5
5
5
5
5
5
5
5
5
5
5
5
5
5
5
5
5
5
5
5
5
5
5
5
5
5
5
5
5
5
5
5
5
5
5
5
5
5
5
5
5
5
5
5
5
5
5
5
5
5
5
5
5
5
5
5
5
5
5
5
5
5
5
5
5
5
5
5
5
5
5
5
5
5
5
5
5
5
5
5
5
5
5
5
5
5
5
5
5
5
5
5
5
5
5
5
5
5
5
5
5
5
5
5
5
5
5
5
5
5
5
5
5
5
5
5
5
5
5
5
5
5
5
5
5
5
5
5
5
5
5
5
5
5
5
5
5
5
5
5
5
5
5
5
5
5
5
5
5
5
5
5
5
5
5
5
5
5
5
5
5
5
5
5
5
5
5
5
5
5
5
5
5
5
5
5
5
5
5
5
5
5
5
5
5
5
5
5
5
5
5
5
5
5
5
5
5
5
5
5
5
5
5
5
5
5
5
5
5
5
5
5
5
5
5
5
5
5
5
5
5
5
5
5
5
5
5
5
5
5
5
5
5
5
5
5
5
5
5
5
5
5
5
5
5
5
5
5
5
5
5
5
5
5
5
5
5
5
5
5
5
5
5
5
5
5
5
5
5
5
5
5
5
5
5
5
5
5
5
5
5
5
5
5
5
5
5
5
5
5
5
5
5
5
5
5
5
5
5
5
5
5
5
5
5
5
5
5
5
5
5
5
5
5
5
5
5
5
5
5
5
5
5
5
5
5
5
5
5
5
5
5
5
5
5
5
5
5
5
5
5
5
5
5
5
5
5
5
5
5
5
5
5
5
5
5
5
5
5
5
5
5
5
5
5
5
5
5
5
5
5
5
5
5
5
5
5
5
5
5
5
5
5
5
5
5
5
5
5
5
5
5
5
5
5
5
5
5
5
5
5
5
5
5
5
5
5
5
5
5
5
5
5
5
5
5
5
5
5
5
5
5
5
5
5
5
5
5
5
5
5
5
5
5
5
5
5
5
5
5
5
5
5
5
5
5
5
5
5
5
5
5
5
5
5
5
5
5
5
5
5
5
5
5
5
5
5
5
5
5
5
5
5
5
5
5
5
5
5
5
5
5
5
5
5
5
5
5
5
5
5
5
5
5
5
5
5
5
5
5
5
5
5
5
5
5
5
5
5
5
5
5
5
5
5
5
5
5
5
5
5
5
5
5
5
5
5
5
5
5
5
5
5
5
5
5
5
5
5
5
5
5
5
5
5
5
5
5
5
5
5
5
5
5
5
5
5
5
5
5
5
5
5
5
5
5
5
5
5
5
5
5
5
5
5
5
5
5
5
5
5
5
5
5
5
5
5
5
5
5
5
5
5
5
5
5
5
5
5
5
5
5
5
5
5
5
5
5
5
5
5
5
5
5
5
5
5
5
5
5
5
5
5
5
5
5
5
5
5
5
5
5
5
5
5
5
5
5
5
5
5
5
5
5
5
5
5
5
5
5
5
5
5
5
5
5
5
5
5
5
5
5
5
5
5
5
5
5
5
5
5
5
5
5
5
5
5
5
5
5
5
5
5
5
5
5
5
5
5
5
5
5
5
5
5
5
5
5
5
5
5
5
5
5
5
5
5
5
5
5
5
5
5
5
5
5
5
5
5
5
5
5
5
5
5
5
5
5
5
5
5
5
5
5
5
5
5
5
5
5
5
5
5
5
5
5
5
5
5
5
5
5
5
5
5
5
5
5
5
5
5
5
5
5
5
5
5
5
5
5
5
5
5
5
5
5
5
5
5
5
5
5
5
5
5
5
5
5
5
5
5
5
5
5
5
5
5
5
5
5
5
5
5
5
5
5
5
5
5
5
5
5
5
5
5
5
5
5
5
5
5
5
5
5
5
5
5
5
5
5
5
5
5
5
5
5
5
5
5
5
5
5
5
5
5
5
5
5
5
5
5
5
5
5
5
5
5
5
5
5
5
5
5
5
5
5
5
5
5
5
5
5
5
5
5
5
5
5
5
5
5
5
5
5
5
5
5
5
5
5
5
5
5
5
5
5
5
5
5
5
5
5
5
5
5
5
5
5
5
5
5
5
5
5
5
5
5
5
5
5
5
5
5
5
5
5
5
5
5
5
5
5
5
5
5
5
5
5
5
5
5
5
5
5
5
5
5
5
5
5
5
5
5
5
5
5
5
5
5
5
5
5
5
5
5
5
5
5
5
5
5
5
5
5
5
5
5
5
5
5
5
5
5
5
5
5
5
5
5
5
5
5
5
5
5
5
5
5
5
5
5
5
5
5
5
5
5
5
5
5
5
5
5
5
5
5
5
5
5
5
5
5
5
5
5
5
5
5
5
5
5
5
5
5
5
5
5
5
5
5
5
5
5
5
5
5
5
5
5
5
5
5
5
5
5
5
5
5
5
5
5
5
5
5
5
5
5
5
5
5
5
5
5
5
5
5
5
5
5
5
5
5
5
5
5
5
5
5
5
5
5
5
5
5
5
5
5
5
5
5
5
5
5
5
5
5
5
5
5
5
5
5
5
5
5
5
5
5
5
5
5
5
5
5
5
5
5
5
5
5
5
5
5
5
5
5
5
5
5
5
5
5
5
5
5
5
5
5
5
5
5
5
5
5
5
5
5
5
5
5
5
5
5
5
5
5
5
5
5
5
5
5
5
5
5
5
5
5
5
5
5
5
5
5
5
5
5
5
5
5
5
5
5
5
5
5
5
5
5
5
5
5
5
5
5
5
5
5
5
5
5
5
5
5
5
5
5
5
5
5
5
5
5
5
5
5
5
5
5
5
5
5
5
5
5
5
5
5
5
5
5
5
5
5
5
5
5
5
5
5
5
5
5
5
5
5
5
5
5
5
5
5
5
5
5
5
5
5
5
5
5
5
5
5
5
5
5
5
5
5
5
5
5
5
5
5
5
5
5
5
5
5
5
5
5
5
5
5
5
5
5
5
5
5
5
5
5
5
5
5
5
5
5
5
5
5
5
5
5
5
5
5
5
5
5
5
5
5
5
5
5
5
5
5
5
5
5
5
5
5
5
5
5
5
5
5
5
5
5
5
5
5
5
5
5
5
5
5
5
5
5
5
5
5
5
5
5
5
5
5
5
5
5
5
5
5
5
5
5
5
5
5
5
5
5
5
5
5
5
5
5
5
5
5
5
5
5
5
5
5
5
5
5
5
5
5
5
5
5
5
5
5
5
5
5
5
5
5
5
5
5
5
5
5
5
5
5
5
5
5
5
5
5
5
5
5
5
5
5
5
5
5
5
5
5
5
5
5
5
5
5
5
5
5
5
5
5
5
5
5
5
5
5
5
5
5
5
5
5
5
5
5
5
5
5
5
5
5
5
5
5
5
5
5
5
5
5
5
5
5
5
5
5
5
5
5
5
5
5
5
5
5
5
5
5
5
5
5
5
5
5
5
5
5
5
5
5
5
5
5
5
5
5
5
5
5
5
5
5
5
5
5
5
5
5
5
5
5
5
5
5
5
5
5
5
5
5
5
5
5
5
5
5
5
5
5
5
5
5
5
5
5
5
5
5
5
5
5
5
5
5
5
5
5
5
5
5
5
5
5
5
5
5
5
5
5
5
5
5
5
5
5
5
5
5
5
5
5
5
5
5
5
5
5
5
5
5
5
5
5
5
5
5
5
5
5
5
5
5
5
5
5
5
5
5
5
5
5
5
5
5
5
5
5
5
5
5
5
5
5
5
5
5
5
5
5
5
5
5
5
5
5
5
5
5
5
5
5
5
5
5
5
5
5
5
5
5
5
5
5
5
5
5
5
5
5
5
5
5
5
5
5
5
5
5
5
5
5
5
5
5
5
5
5
5
5
5
5
5
5
5
5
5
5
5
5
5
5
5
5
5
5
5
5
5
5
5
5
5
5
5
5
5
5
5
5
5
5
5
5
5
5
5
5
5
5
5
5
5
5
5
5
5
5
5
5
5
5
5
5
5
5
5
5
5
5
5
5
5
5
5
5
5
5
5
5
5
5
5
5
5
5
5
5
5
5
5
5
5
5
5
5
5
5
5
5
5
5
5
5
5
5
5
5
5
5
5
5
5
5
5
5
5
5
5
5
5
5
5
5
5
5
5
5
5
5
5
5
5
5
5
5
5
5
5
5
5
5
5
5
5
5
5
5
5
5
5
5
5
5
5
5
5
5
5
5
5
5
5
5
5
5
5
5
5
5
5
5
5
5
5
5
5
5
5
5
5
5
5
5
5
5
5
5
5
5
5
5
5
5
5
5
5
5
5
5
5
5
5
5
5
5
5
5
5
5
5
5
5
5
5
5
5
5
5
5
5
5
5
5
5
5
5
5
5
5
5
5
5
5
5
5
5
5
5
5
5
5
5
5
5
5
5
5
5
5
5
5
5
5
5
5
5
5
5
5
5
5
5
5
5
5
5
5
5
5
5
5
5
5
5
5
5
5
5
5
5
5
5
5
5
5
5
5
5
5
5
5
5
5
5
5
5
5
5
5
5
5
5
5
5
5
5
5
5
5
5
5
5
5
5
5
5
5
5
5
5
5
5
5
5
5
5
5
5
5
5
5
5
5
5
5
5
5
5
5
5
5
5
5
5
5
5
5
5
5
5
5
5
5
5
5
5
5
5
5
5
5
5
5
5
5
5
5
5
5
5
5
5
5
5
5
5
5
5
5
5
5
5
5
5
5
5
5
5
5
5
5
5
5
5
5
5
5
5
5
5
5
5
5
5
5
5
5
5
5
5
5
5
5
5
5
5
5
5
5
5
5
5
5
5
5
5
5
5
5
5
5
5
5
5
5
5
5
5
5
5
5
5
5
5
5
5
5
5
5
5
5
5
5
5
5
5
5
5
5
5
5
5
5
5
5
5
5
5
5
5
5
5
5
5
5
5
5
5
5
5
5
5
5
5
5
5
5
5
5
5
5
5
5
5
5
5
5
5
5
5
5
5
5
5
5
5
5
5
5
5
5
5
5
5
5
5
5
5
5
5
5
5
5
5
5
5
5
5
5
5
5
5
5
5
5
5
5
5
5
5
5
5
5
5
5
5
5
5
5
5
5
5
5
5
5
5
5
5
5
5
5
5
5
5
5
5
5
5
5
5
5
5
5
5
5
5
5
5
5
5
5
5
5
5
5
5
5
5
5
5
5
5
5
5
5
5
5
5
5
5
5
5
5
5
5
5
5
5
5
5
5
5
5
5
5
5
5
5
5
5
5
5
5
5
5
5
5
5
5
5
5
5
5
5
5
5
5
5
5
5
5
5
5
5
5
5
5
5
5
5
5
5
5
5
5
5
5
5
5
5
5
5
5
5
5
5
5
5
5
5
5
5
5
5
5
5
5
5
5
5
5
5
5
5
5
5
5
5
5
5
5
5
5
5
5
5
5
5
5
5
5
5
5
5
5
5
5
5
5
5
5
5
5
5
5
5
5
5
5
5
5
5
5
5
5
5
5
5
5
5
5
5
5
5
5
5
5
5
5
5
5
5
5
5
5
5
5
5
5
5
5
5
5
5
5
5
5
5
5
5
5
5
5
5
5
5
5
5
5
5
5
5
5
5
5
5
5
5
5
5
5
5
5
5
5
5
5
5
5
5
5
5
5
5
5
5
5
5
5
5
5
5
5
5
5
5
5
5
5
5
5
5
5
5
5
5
5
5
5
5
5
5
5
5
5
5
5
5
5
5
5
5
5
5
5
5
5
5
5
5
5
5
5
5
5
5
5
5
5
5
5
5
5
5
5
5
5
5
5
5
5
5
5
5
5
5
5
5
5
5
5
5
5
5
5
5
5
5
5
5
5
5
5
5
5
5
5
5
5
5
5
5
5
5
5
5
5
5
5
5
5
5
5
5
5
5
5
5
5
5
5
5
5
5
5
5
5
5
5
5
5
5
5
5
5
5
5
5
5
5
5
5
5
5
5
5
5
5
5
5
5
5
5
5
5
5
5
5
5
5
5
5
5
5
5
5
5
5
5
5
5
5
5
5
5
5
5
5
5
5
5
5
5
5
5
5
5
5
5
5
5
5
5
5
5
5
5
5
5
5
5
5
5
5
5
5
5
5
5
5
5
5
5
5
5
5
5
5
5
5
5
5
5
5
5
5
5
5
5
5
5
5
5
5
5
5
5
5
5
5
5
5
5
5
5
5
5
5
5
5
5
5
5
5
5
5
5
5
5
5
5
5
5
5
5
5
5
5
5
5
5
5
5
5
5
5
5
5
5
5
5
5
5
5
5
5
5
5
5
5
5
5
5
5
5
5
5
5
5
5
5
5
5
5
5
5
5
5
5
5
5
5
5
5
5
5
5
5
5
5
5
5
5
5
5
5
5
5
5
5
5
5
5
5
5
5
5
5
5
5
5
5
5
5
5
5
5
5
5
5
5
5
5
5
5
5
5
5
5
5
5
5
5
5
5
5
5
5
5
5
5
5
5
5
5
5
5
5
5
5
5
5
5
5
5
5
5
5
5
5
5
5
5
5
5
5
5
5
5
5
5
5
5
5
5
5
5
5
5
5
5
5
5
5
5
5
5
5
5
5
5
5
5
5
5
5
5
5
5
5
5
5
5
5
5
5
5
5
5
5
5
5
5
5
5
5
5
5
5
5
5
5
5
5
5
5
5
5
5
5
5
5
5
5
5
5
5
5
5
5
5
5
5
5
5
5
5
5
5
5
5
5
5
5
5
5
5
5
5
5
5
5
5
5
5
5
5
5
5
5
5
5
5
5
5
5
5
5
5
5
5
5
5
5
5
5
5
5
5
5
5
5
5
5
5
5
5
5
5
5
5
5
5
5
5
5
5
5
5
5
5
5
5
5
5
5
5
5
5
5
5
5
5
5
5
5
5
5
5
5
5
5
5
5
5
5
5
5
5
5
5
5
5
5
5
5
5
5
5
5
5
5
5
5
5
5
5
5
5
5
5
5
5
5
5
5
5
5
5
5
5
5
5
5
5
5
5
5
5
5
5
5
5
5
5
5
5
5
5
5
5
5
5
5
5
5
5
5
5
5
5
5
5
5
5
5
5
5
5
5
5
5
5
5
5
5
5
5
5
5
5
5
5
5
5
5
5
5
5
5
5
5
5
5
5
5
5
5
5
5
5
5
5
5
5
5
5
5
5
5
5
5
5
5
5
5
5
5
5
5
5
5
5
5
5
5
5
5
5
5
5
5
5
5
5
5
5
5
5
5
5
5
5
5
5
5
5
5
5
5
5
5
5
5
5
5
5
5
5
5
5
5
5
5
5
5
5
5
5
5
5
5
5
5
5
5
5
5
5
5
5
5
5
5
5
5
5
5
5
5
5
5
5
5
5
5
5
5
5
5
5
5
5
5
5
5
5
5
5
5
5
5
5
5
5
5
5
5
5
5
5
5
5
5
5
5
5
5
5
5
5
5
5
5
5
5
5
5
5
5
5
5
5
5
5
5
5
5
5
5
5
5
5
5
5
5
5
5
5
5
5
5
5
5
5
5
5
5
5
5
5
5
5
5
5
5
5
5
5
5
5
5
5
5
5
5
5
5
5
5
5
5
5
5
5
5
5
5
5
5
5
5
5
5
5
5
5
5
5
5
5
5
5
5
5
5
5
5
5
5
5
5
5
5
5
5
5
5
5
5
5
5
5
5
5
5
5
5
5
5
5
5
5
5
5
5
5
5
5
5
5
5
5
5
5
5
5
5
5
5
5
5
5
5
5
5
5
5
5
5
5
5
5
5
5
5
5
5
5
5
5
5
5
5
5
5
5
5
5
5
5
5
5
5
5
5
5
5
5
5
5
5
5
5
5
5
5
5
5
5
5
5
5
5
5
5
5
5
5
5
5
5
5
5
5
5
5
5
5
5
5
5
5
5
5
5
5
5
5
5
5
5
5
5
5
5
5
5
5
5
5
5
5
5
5
5
5
5
5
5
5
5
5
5
5
5
5
5
5
5
5
5
5
5
5
5
5
5
5
5
5
5
5
5
5
5
5
5
5
5
5
5
5
5
5
5
5
5
5
5
5
5
5
5
5
5
5
5
5
5
5
5
5
5
5
5
5
5
5
5
5
5
5
5
5
5
5
5
5
5
5
5
5
5
5
5
5
5
5
5
5
5
5
5
5
5
5
5
5
5
5
5
5
5
5
5
5
5
5
5
5
5
5
5
5
5
5
5
5
5
5
5
5
5
5
5
5
5
5
5
5
5
5
5
5
5
5
5
5
5
5
5
5
5
5
5
5
5
5
5
5
5
5
5
5
5
5
5
5
5
5
5
5
5
5
5
5
5
5
5
5
5
5
5
5
5
5
5
5
5
5
5
5
5
5
5
5
5
5
5
5
5
5
5
5
5
5
5
5
5
5
5
5
5
5
5
5
5
5
5
5
5
5
5
5
5
5
5
5
5
5
5
5
5
5
5
5
5
5
5
5
5
5
5
5
5
5
5
5
5
5
5
5
5
5
5
5
5
5
5
5
5
5
5
5
5
5
5
5
5
5
5
5
5
5
5
5
5
5
5
5
5
5
5
5
5
5
5
5
5
5
5
5
5
5
5
5
5
5
5
5
5
5
5
5
5
5
5
5
5
5
5
5
5
5
5
5
5
5
5
5
5
5
5
5
5
5
5
5
5
5
5
5
5
5
5
5
5
5
5
5
5
5
5
5
5
5
5
5
5
5
5
5
5
5
5
5
5
5
5
5
5
5
5
5
5
5
5
5
5
5
5
5
5
5
5
5
5
5
5
5
5
5
5
5
5
5
5
5
5
5
5
5
5
5
5
5
5
5
5
5
5
5
5
5
5
5
5
5
5
5
5
5
5
5
5
5
5
5
5
5
5
5
5
5
5
5
5
5
5
5
5
5
5
5
5
5
5
5
5
5
5
5
5
5
5
5
5
5
5
5
5
5
5
5
5
5
5
5
5
5
5
5
5
5
5
5
5
5
5
5
5
5
5
5
5
5
5
5
5
5
5
5
5
5
5
5
5
5
5
5
5
5
5
5
5
5
5
5
5
5
5
5
5
5
5
5
5
5
5
5
5
5
5
5
5
5
5
5
5
5
5
5
5
5
5
5
5
5
5
5
5
5
5
5
5
5
5
5
5
5
5
5
5
5
5
5
5
5
5
5
5
5
5
5
5
5
5
5
5
5
5
5
5
5
5
5
5
5
5
5
5
5
5
5
5
5
5
5
5
5
5
5
5
5
5
5
5
5
5
5
5
5
5
5
5
5
5
5
5
5
5
5
5
5
5
5
5
5
5
5
5
5
5
5
5
5
5
5
5
5
5
5
5
5
5
5
5
5
5
5
5
5
5
5
5
5
5
5
5
5
5
5
5
5
5
5
5
5
5
5
5
5
5
5
5
5
5
5
5
5
5
5
5
5
5
5
5
5
5
5
5
5
5
5
5
5
5
5
5
5
5
5
5
5
5
5
5
5
5
5
5
5
5
5
5
5
5
5
5
5
5
5
5
5
5
5
5
5
5
5
5
5
5
5
5
5
5
5
5
5
5
5
5
5
5
5
5
5
5
5
5
5
5
5
5
5
5
5
5
5
5
5
5
5
5
5
5
5
5
5
5
5
5
5
5
5
5
5
5
5
5
5
5
5
5
5
5
5
5
5
5
5
5
5
5
5
5
5
5
5
5
5
5
5
5
5
5
5
5
5
5
5
5
5
5
5
5
5
5
5
5
5
5
5
5
5
5
5
5
5
5
5
5
5
5
5
5
5
5
5
5
5
5
5
5
5
5
5
5
5
5
5
5
5
5
5
5
5
5
5
5
5
5
5
5
5
5
5
5
5
5
5
5
5
5
5
5
5
5
5
5
5
5
5
5
5
5
5
5
5
5
5
5
5
5
5
5
5
5
5
5
5
5
5
5
5
5
5
5
5
5
5
5
5
5
5
5
5
5
5
5
5
5
5
5
5
5
5
5
5
5
5
5
5
5
5
5
5
5
5
5
5
5
5
5
5
5
5
5
5
5
5
5
5
5
5
5
5
5
5
5
5
5
5
5
5
5
5
5
5
5
5
5
5
5
5
5
5
5
5
5
5
5
5
5
5
5
5
5
5
5
5
5
5
5
5
5
5
5
5
5
5
5
5
5
5
5
5
5
5
5
5
5
5
5
5
5
5
5
5
5
5
5
5
5
5
5
5
5
5
5
5
5
5
5
5
5
5
5
5
5
5
5
5
5
5
5
5
5
5
5
5
5
5
5
5
5
5
5
5
5
5
5
5
5
5
5
5
5
5
5
5
5
5
5
5
5
5
5
5
5
5
5
5
5
5
5
5
5
5
5
5
5
5
5
5
5
5
5
5
5
5
5
5
5
5
5
5
5
5
5
5
5
5
5
5
5
5
5
5
5
5
5
5
5
5
5
5
5
5
5
5
5
5
5
5
5
5
5
5
5
5
5
5
5
5
5
5
5
5
5
5
5
5
5
5
5
5
5
5
5
5
5
5
5
5
5
5
5
5
5
5
5
5
5
5
5
5
5
5
5
5
5
5
5
5
5
5
5
5
5
5
5
5
5
5
5
5
5
5
5
5
5
5
5
5
5
5
5
5
5
5
5
5
5
5
5
5
5
5
5
5
5
5
5
5
5
5
5
5
5
5
5
5
5
5
5
5
5
5
5
5
5
5
5
5
5
5
5
5
5
5
5
5
5
5
5
5
5
5
5
5
5
5
5
5
5
5
5
5
5
5
5
5
5
5
5
5
5
5
5
5
5
5
5
5
5
5
5
5
5
5
5
5
5
5
5
5
5
5
5
5
5
5
5
5
5
5
5
5
5
5
5
5
5
5
5
5
5
5
5
5
5
5
5
5
5
5
5
5
5
5
5
5
5
5
5
5
5
5
5
5
5
5
5
5
5
5
5
5
5
5
5
5
5
5
5
5
5
5
5
5
5
5
5
5
5
5
5
5
5
5
5
5
5
5
5
5
5
5
5
5
5
5
5
5
5
5
5
5
5
5
5
5
5
5
5
5
5
5
5
5
5
5
5
5
5
5
5
5
5
5
5
5
5
5
5
5
5
5
5
5
5
5
5
5
5
5
5
5
5
5
5
5
5
5
5
5
5
5
5
5
5
5
5
5
5
5
5
5
5
5
5
5
5
5
5
5
5
5
5
5
5
5
5
5
5
5
5
5
5
5
5
5
5
5
5
5
5
5
5
5
5
5
5
5
5
5
5
5
5
5
5
5
5
5
5
5
5
5
5
5
5
5
5
5
5
5
5
5
5
5
5
5
5
5
5
5
5
5
5
5
5
5
5
5
5
5
5
5
5
5
5
5
5
5
5
5
5
5
5
5
5
5
5
5
5
5
5
5
5
5
5
5
5
5
5
5
5
5
5
5
5
5
5
5
5
5
5
5
5
5
5
5
5
5
5
5
5
5
5
5
5
5
5
5
5
5
5
5
5
5
5
5
5
5
5
5
5
5
5
5
5
5
5
5
5
5
5
5
5
5
5
5
5
5
5
5
5
5
5
5
5
5
5
5
5
5
5
5
5
5
5
5
5
5
5
5
5
5
5
5
5
5
5
5
5
5
5
5
5
5
5
5
5
5
5
5
5
5
5
5
5
5
5
5
5
5
5
5
5
5
5
5
5
5
5
5
5
5
5
5
5
5
5
5
5
5
5
5
5
5
5
5
5
5
5
5
5
5
5
5
5
5
5
5
5
5
5
5
5
5
5
5
5
5
5
5
5
5
5
5
5
5
5
5
5
5
5
5
5
5
5
5
5
5
5
5
5
5
5
5
5
5
5
5
5
5
5
5
5
5
5
5
5
5
5
5
5
5
5
5
5
5
5
5
5
5
5
5
5
5
5
5
5
5
5
5
5
5
5
5
5
5
5
5
5
5
5
5
5
5
5
5
5
5
5
5
5
5
5
5
5
5
5
5
5
5
5
5
5
5
5
5
5
5
5
5
5
5
5
5
5
5
5
5
5
5
5
5
5
5
5
5
5
5
5
5
5
5
5
5
5
5
5
5
5
5
5
5
5
5
5
5
5
5
5
5
5
5
5
5
5
5
5
5
5
5
5
5
5
5
5
5
5
5
5
5
5
5
5
5
5
5
5
5
5
5
5
5
5
5
5
5
5
5
5
5
5
5
5
5
5
5
5
5
5
5
5
5
5
5
5
5
5
5
5
5
5
5
5
5
5
5
5
5
5
5
5
5
5
5
5
5
5
5
5
5
5
5
5
5
5
5
5
5
5
5
5
5
5
5
5
5
5
5
5
5
5
5
5
5
5
5
5
5
5
5
5
5
5
5
5
5
5
5
5
5
5
5
5
5
5
5
5
5
5
5
5
5
5
5
5
5
5
5
5
5
5
5
5
5
5
5
5
5
5
5
5
5
5
5
5
5
5
5
5
5
5
5
5
5
5
5
5
5
5
5
5
5
5
5
5
5
5
5
5
5
5
5
5
5
5
5
5
5
5
5
5
5
5
5
5
5
5
5
5
5
5
5
5
5
5
5
5
5
5
5
5
5
5
5
5
5
5
5
5
5
5
5
5
5
5
5
5
5
5
5
5
5
5
5
5
5
5
5
5
5
5
5
5
5
5
5
5
5
5
5
5
5
5
5
5
5
5
5
5
5
5
5
5
5
5
5
5
5
5
5
5
5
5
5
5
5
5
5
5
5
5
5
5
5
5
5
5
5
5
5
5
5
5
5
5
5
5
5
5
5
5
5
5
5
5
5
5
5
5
5
5
5
5
5
5
5
5
5
5
5
5
5
5
5
5
5
5
5
5
5
5
5
5
5
5
5
5
5
5
5
5
5
5
5
5
5
5
5
5
5
5
5
5
5
5
5
5
5
5
5
5
5
5
5
5
5
5
5
5
5
5
5
5
5
5
5
5
5
5
5
5
5
5
5
5
5
5
5
5
5
5
5
5
5
5
5
5
5
5
5
5
5
5
5
5
5
5
5
5
5
5
5
5
5
5
5
5
5
5
5
5
5
5
5
5
5
5
5
5
5
5
5
5
5
5
5
5
5
5
5
5
5
5
5
5
5
5
5
5
5
5
5
5
5
5
5
5
5
5
5
5
5
5
5
5
5
5
5
5
5
5
5
5
5
5
5
5
5
5
5
5
5
5
5
5
5
5
5
5
5
5
5
5
5
5
5
5
5
5
5
5
5
5
5
5
5
5
5
5
5
5
5
5
5
5
5
5
5
5
5
5
5
5
5
5
5
5
5
5
5
5
5
5
5
5
5
5
5
5
5
5
5
5
5
5
5
5
5
5
5
5
5
5
5
5
5
5
5
5
5
5
5
5
5
5
5
5
5
5
5
5
5
5
5
5
5
5
5
5
5
5
5
5
5
5
5
5
5
5
5
5
5
5
5
5
5
5
5
5
5
5
5
5
5
5
5
5
5
5
5
5
5
5
5
5
5
5
5
5
5
5
5
5
5
5
5
5
5
5
5
5
5
5
5
5
5
5
5
5
5
5
5
5
5
5
5
5
5
5
5
5
5
5
5
5
5
5
5
5
5
5
5
5
5
5
5
5
5
5
5
5
5
5
5
5
5
5
5
5
5
5
5
5
5
5
5
5
5
5
5
5
5
5
5
5
5
5
5
5
5
5
5
5
5
5
5
5
5
5
5
5
5
5
5
5
5
5
5
5
5
5
5
5
5
5
5
5
5
5
5
5
5
5
5
5
5
5
5
5
5
5
5
5
5
5
5
5
5
5
5
5
5
5
5
5
5
5
5
5
5
5
5
5
5
5
5
5
5
5
5
5
5
5
5
5
5
5
5
5
5
5
5
5
5
5
5
5
5
5
5
5
5
5
5
5
5
5
5
5
5
5
5
5
5
5
5
5
5
5
5
5
5
5
5
5
5
5
5
5
5
5
5
5
5
5
5
5
5
5
5
5
5
5
5
5
5
5
5
5
5
5
5
5
5
5
5
5
5
5
5
5
5
5
5
5
5
5
5
5
5
5
5
5
5
5
5
5
5
5
5
5
5
5
5
5
5
5
5
5
5
5
5
5
5
5
5
5
5
5
5
5
5
5
5
5
5
5
5
5
5
5
5
5
5
5
5
5
5
5
5
5
5
5
5
5
5
5
5
5
5
5
5
5
5
5
5
5
5
5
5
5
5
5
5
5
5
5
5
5
5
5
5
5
5
5
5
5
5
5
5
5
5
5
5
5
5
5
5
5
5
5
5
5
5
5
5
5
5
5
5
5
5
5
5
5
5
5
5
5
5
5
5
5
5
5
5
5
5
5
5
5
5
5
5
5
5
5
5
5
5
5
5
5
5
5
5
5
5
5
5
5
5
5
5
5
5
5
5
5
5
5
5
5
5
5
5
5
5
5
5
5
5
5
5
5
5
5
5
5
5
5
5
5
5
5
5
5
5
5
5
5
5
5
5
5
5
5
5
5
5
5
5
5
5
5
5
5
5
5
5
5
5
5
5
5
5
5
5
5
5
5
5
5
5
5
5
5
5
5
5
5
5
5
5
5
5
5
5
5
5
5
5
5
5
5
5
5
5
5
5
5
5
5
5
5
5
5
5
5
5
5
5
5
5
5
5
5
5
5
5
5
5
5
5
5
5
5
5
5
5
5
5
5
5
5
5
5
5
5
5
5
5
5
5
5
5
5
5
5
5
5
5
5
5
5
5
5
5
5
5
5
5
5
5
5
5
5
5
5
5
5
5
5
5
5
5
5
5
5
5
5
5
5
5
5
5
5
5
5
5
5
5
5
5
5
5
5
5
5
5
5
5
5
5
5
5
5
5
5
5
5
5
5
5
5
5
5
5
5
5
5
5
5
5
5
5
5
5
5
5
5
5
5
5
5
5
5
5
5
5
5
5
5
5
5
5
5
5
5
5
5
5
5
5
5
5
5
5
5
5
5
5
5
5
5
5
5
5
5
5
5
5
5
5
5
5
5
5
5
5
5
5
5
5
5
5
5
5
5
5
5
5
5
5
5
5
5
5
5
5
5
5
5
5
5
5
5
5
5
5
5
5
5
5
5
5
5
5
5
5
5
5
5
5
5
5
5
5
5
5
5
5
5
5
5
5
5
5
5
5
5
5
5
5
5
5
5
5
5
5
5
5
5
5
5
5
5
5
5
5
5
5
5
5
5
5
5
5
5
5
5
5
5
5
5
5
5
5
5
5
5
5
5
5
5
5
5
5
5
5
5
5
5
5
5
5
5
5
5
5
5
5
5
5
5
5
5
5
5
5
5
5
5
5
5
5
5
5
5
5
5
5
5
5
5
5
5
5
5
5
5
5
5
5
5
5
5
5
5
5
5
5
5
5
5
5
5
5
5
5
5
5
5
5
5
5
5
5
5
5
5
5
5
5
5
5
5
5
5
5
5
5
5
5
5
5
5
5
5
5
5
5
5
5
5
5
5
5
5
5
5
5
5
5
5
5
5
5
5
5
5
5
5
5
5
5
5
5
5
5
5
5
5
5
5
5
5
5
5
5
5
5
5
5
5
5
5
5
5
5
5
5
5
5
5
5
5
5
5
5
5
5
5
5
5
5
5
5
5
5
5
5
5
5
5
5
5
5
5
5
5
5
5
5
5
5
5
5
5
5
5
5
5
5
5
5
5
5
5
5
5
5
5
5
5
5
5
5
5
5
5
5
5
5
5
5
5
5
5
5
5
5
5
5
5
5
5
5
5
5
5
5
5
5
5
5
5
5
5
5
5
5
5
5
5
5
5
5
5
5
5
5
5
5
5
5
5
5
5
5
5
5
5
5
5
5
5
5
5
5
5
5
5
5
5
5
5
5
5
5
5
5
5
5
5
5
5
5
5
5
5
5
5
5
5
5
5
5
5
5
5
5
5
5
5
5
5
5
5
5
5
5
5
5
5
5
5
5
5
5
5
5
5
5
5
5
5
5
5
5
5
5
5
5
5
5
5
5
5
5
5
5
5
5
5
5
5
5
5
5
5
5
5
5
5
5
5
5
5
5
5
5
5
5
5
5
5
5
5
5
5
5
5
5
5
5
5
5
5
5
5
5
5
5
5
5
5
5
5
5
5
5
5
5
5
5
5
5
5
5
5
5
5
5
5
5
5
5
5
5
5
5
5
5
5
5
5
5
5
5
5
5
5
5
5
5
5
5
5
5
5
5
5
5
5
5
5
5
5
5
5
5
5
5
5
5
5
5
5
5
5
5
5
5
5
5
5
5
5
5
5
5
5
5
5
5
5
5
5
5
5
5
5
5
5
5
5
5
5
5
5
5
5
5
5
5
5
5
5
5
5
5
5
5
5
5
5
5
5
5
5
5
5
5
5
5
5
5
5
5
5
5
5
5
5
5
5
5
5
5
5
5
5
5
5
5
5
5
5
5
5
5
5
5
5
5
5
5
5
5
5
5
5
5
5
5
5
5
5
5
5
5
5
5
5
5
5
5
5
5
5
5
5
5
5
5
5
5
5
5
5
5
5
5
5
5
5
5
5
5
5
5
5
5
5
5
5
5
5
5
5
5
5
5
5
5
5
5
5
5
5
5
5
5
5
5
5
5
5
5
5
5
5
5
5
5
5
5
5
5
5
5
5
5
5
5
5
5
5
5
5
5
5
5
5
5
5
5
5
5
5
5
5
5
5
5
5
5
5
5
5
5
5
5
5
5
5
5
5
5
5
5
5
5
5
5
5
5
5
5
5
5
5
5
5
5
5
5
5
5
5
5
5
5
5
5
5
5
5
5
5
5
5
5
5
5
5
5
5
5
5
5
5
5
5
5
5
5
5
5
5
5
5
5
5
5
5
5
5
5
5
5
5
5
5
5
5
5
5
5
5
5
5
5
5
5
5
5
5
5
5
5
5
5
5
5
5
5
5
5
5
5
5
5
5
5
5
5
5
5
5
5
5
5
5
5
5
5
5
5
5
5
5
5
5
5
5
5
5
5
5
5
5
5
5
5
5
5
5
5
5
5
5
5
5
5
5
5
5
5
5
5
5
5
5
5
5
5
5
5
5
5
5
5
5
5
5
5
5
5
5
5
5
5
5
5
5
5
5
5
5
5
5
5
5
5
5
5
5
5
5
5
5
5
5
5
5
5
5
5
5
5
5
5
5
5
5
5
5
5
5
5
5
5
5
5
5
5
5
5
5
5
5
5
5
5
5
5
5
5
5
5
5
5
5
5
5
5
5
5
5
5
5
5
5
5
5
5
5
5
5
5
5
5
5
5
5
5
5
5
5
5
5
5
5
5
5
5
5
5
5
5
5
5
5
5
5
5
5
5
5
5
5
5
5
5
5
5
5
5
5
5
5
5
5
5
5
5
5
5
5
5
5
5
5
5
5
5
5
5
5
5
5
5
5
5
5
5
5
5
5
5
5
5
5
5
5
5
5
5
5
5
5
5
5
5
5
5
5
5
5
5
5
5
5
5
5
5
5
5
5
5
5
5
5
5
5
5
5
5
5
5
5
5
5
5
5
5
5
5
5
5
5
5
5
5
5
5
5
5
5
5
5
5
5
5
5
5
5
5
5
5
5
5
5
5
5
5
5
5
5
5
5
5
5
5
5
5
5
5
5
5
5
5
5
5
5
5
5
5
5
5
5
5
5
5
5
5
5
5
5
5
5
5
5
5
5
5
5
5
5
5
5
5
5
5
5
5
5
5
5
5
5
5
5
5
5
5
5
5
5
5
5
5
5
5
5
5
5
5
5
5
5
5
5
5
5
5
5
5
5
5
5
5
5
5
5
5
5
5
5
5
5
5
5
5
5
5
5
5
5
5
5
5
5
5
5
5
5
5
5
5
5
5
5
5
5
5
5
5
5
5
5
5
5
5
5
5
5
5
5
5
5
5
5
5
5
5
5
5
5
5
5
5
5
5
5
5
5
5
5
5
5
5
5
5
5
5
5
5
5
5
5
5
5
5
5
5
5
5
5
5
5
5
5
5
5
5
5
5
5
5
5
5
5
5
5
5
5
5
5
5
5
5
5
5
5
5
5
5
5
5
5
5
5
5
5
5
5
5
5
5
5
5
5
5
5
5
5
5
5
5
5
5
5
5
5
5
5
5
5
5
5
5
5
5
5
5
5
5
5
5
5
5
5
5
5
5
5
5
5
5
5
5
5
5
5
5
5
5
5
5
5
5
5
5
5
5
5
5
5
5
5
5
5
5
5
5
5
5
5
5
5
5
5
5
5
5
5
5
5
5
5
5
5
5
5
5
5
5
5
5
5
5
5
5
5
5
5
5
5
5
5
5
5
5
5
5
5
5
5
5
5
5
5
5
5
5
5
5
5
5
5
5
5
5
5
5
5
5
5
5
5
5
5
5
5
5
5
5
5
5
5
5
5
5
5
5
5
5
5
5
5
5
5
5
5
5
5
5
5
5
5
5
5
5
5
5
5
5
5
5
5
5
5
5
5
5
5
5
5
5
5
5
5
5
5
5
5
5
5
5
5
5
5
5
5
5
5
5
5
5
5
5
5
5
5
5
5
5
5
5
5
5
5
5
5
5
5
5
5
5
5
5
5
5
5
5
5
5
5
5
5
5
5
5
5
5
5
5
5
5
5
5
5
5
5
5
5
5
5
5
5
5
5
5
5
5
5
5
5
5
5
5
5
5
5
5
5
5
5
5
5
5
5
5
5
5
5
5
5
5
5
5
5
5
5
5
5
5
5
5
5
5
5
5
5
5
5
5
5
5
5
5
5
5
5
5
5
5
5
5
5
5
5
5
5
5
5
5
5
5
5
5
5
5
5
5
5
5
5
5
5
5
5
5
5
5
5
5
5
5
5
5
5
5
5
5
5
5
5
5
5
5
5
5
5
5
5
5
5
5
5
5
5
5
5
5
5
5
5
5
5
5
5
5
5
5
5
5
5
5
5
5
5
5
5
5
5
5
5
5
5
5
5
5
5
5
5
5
5
5
5
5
5
5
5
5
5
5
5
5
5
5
5
5
5
5
5
5
5
5
5
5
5
5
5
5
5
5
5
5
5
5
5
5
5
5
5
5
5
5
5
5
5
5
5
5
5
5
5
5
5
5
5
5
5
5
5
5
5
5
5
5
5
5
5
5
5
5
5
5
5
5
5
5
5
5
5
5
5
5
5
5
5
5
5
5
5
5
5
5
5
5
5
5
5
5
5
5
5
5
5
5
5
5
5
5
5
5
5
5
5
5
5
5
5
5
5
5
5
5
5
5
5
5
5
5
5
5
5
5
5
5
5
5
5
5
5
5
5
5
5
5
5
5
5
5
5
5
5
5
5
5
5
5
5
5
5
5
5
5
5
5
5
5
5
5
5
5
5
5
5
5
5
5
5
5
5
5
5
5
5
5
5
5
5
5
5
5
5
5
5
5
5
5
5
5
5
5
5
5
5
5
5
5
5
5
5
5
5
5
5
5
5
5
5
5
5
5
5
5
5
5
5
5
5
5
5
5
5
5
5
5
5
5
5
5
5
5
5
5
5
5
5
5
5
5
5
5
5
5
5
5
5
5
5
5
5
5
5
5
5
5
5
5
5
5
5
5
5
5
5
5
5
5
5
5
5
5
5
5
5
5
5
5
5
5
5
5
5
5
5
5
5
5
5
5
5
5
5
5
5
5
5
5
5
5
5
5
5
5
5
5
5
5
5
5
5
5
5
5
5
5
5
5
5
5
5
5
5
5
5
5
5
5
5
5
5
5
5
5
5
5
5
5
5
5
5
5
5
5
5
5
5
5
5
5
5
5
5
5
5
5
5
5
5
5
5
5
5
5
5
5
5
5
5
5
5
5
5
5
5
5
5
5
5
5
5
5
5
5
5
5
5
5
5
5
5
5
5
5
5
5
5
5
5
5
5
5
5
5
5
5
5
5
5
5
5
5
5
5
5
5
5
5
5
5
5
5
5
5
5
5
5
5
5
5
5
5
5
5
5
5
5
5
5
5
5
5
5
5
5
5
5
5
5
5
5
5
5
5
5
5
5
5
5
5
5
5
5
5
5
5
5
5
5
5
5
5
5
5
5
5
5
5
5
5
5
5
5
5
5
5
5
5
5
5
5
5
5
5
5
5
5
5
5
5
5
5
5
5
5
5
5
5
5
5
5
5
5
5
5
5
5
5
5
5
5
5
5
5
5
5
5
5
5
5
5
5
5
5
5
5
5
5
5
5
5
5
5
5
5
5
5
5
5
5
5
5
5
5
5
5
5
5
5
5
5
5
5
5
5
5
5
5
5
5
5
5
5
5
5
5
5
5
5
5
5
5
5
5
5
5
5
5
5
5
5
5
5
5
5
5
5
5
5
5
5
5
5
5
5
5
5
5
5
5
5
5
5
5
5
5
5
5
5
5
5
5
5
5
5
5
5
5
5
5
5
5
5
5
5
5
5
5
5
5
5
5
5
5
5
5
5
5
5
5
5
5
5
5
5
5
5
5
5
5
5
5
5
5
5
5
5
5
5
5
5
5
5
5
5
5
5
5
5
5
5
5
5
5
5
5
5
5
5
5
5
5
5
5
5
5
5
5
5
5
5
5
5
5
5
5
5
5
5
5
5
5
5
5
5
5
5
5
5
5
5
5
5
5
5
5
5
5
5
5
5
5
5
5
5
5
5
5
5
5
5
5
5
5
5
5
5
5
5
5
5
5
5
5
5
5
5
5
5
5
5
5
5
5
5
5
5
5
5
5
5
5
5
5
5
5
5
5
5
5
5
5
5
5
5
5
5
5
5
5
5
5
5
5
5
5
5
5
5
5
5
5
5
5
5
5
5
5
5
5
5
5
5
5
5
5
5
5
5
5
5
5
5
5
5
5
5
5
5
5
5
5
5
5
5
5
5
5
5
5
5
5
5
5
5
5
5
5
5
5
5
5
5
5
5
5
5
5
5
5
5
5
5
5
5
5
5
5
5
5
5
5
5
5
5
5
5
5
5
5
5
5
5
5
5
5
5
5
5
5
5
5
5
5
5
5
5
5
5
5
5
5
5
5
5
5
5
5
5
5
5
5
5
5
5
5
5
5
5
5
5
5
5
5
5
5
5
5
5
5
5
5
5
5
5
5
5
5
5
5
5
5
5
5
5
5
5
5
5
5
5
5
5
5
5
5
5
5
5
5
5
5
5
5
5
5
5
5
5
5
5
5
5
5
5
5
5
5
5
5
5
5
5
5
5
5
5
5
5
5
5
5
5
5
5
5
5
5
5
5
5
5
5
5
5
5
5
5
5
5
5
5
5
5
5
5
5
5
5
5
5
5
5
5
5
5
5
5
5
5
5
5
5
5
5
5
5
5
5
5
5
5
5
5
5
5
5
5
5
5
5
5
5
5
5
5
5
5
5
5
5
5
5
5
5
5
5
5
5
5
5
5
5
5
5
5
5
5
5
5
5
5
5
5
5
5
5
5
5
5
5
5
5
5
5
5
5
5
5
5
5
5
5
5
5
5
5
5
5
5
5
5
5
5
5
5
5
5
5
5
5
5
5
5
5
5
5
5
5
5
5
5
5
5
5
5
5
5
5
5
5
5
5
5
5
5
5
5
5
5
5
5
5
5
5
5
5
5
5
5
5
5
5
5
5
5
5
5
5
5
5
5
5
5
5
5
5
5
5
5
5
5
5
5
5
5
5
5
5
5
5
5
5
5
5
5
5
5
5
5
5
5
5
5
5
5
5
5
5
5
5
5
5
5
5
5
5
5
5
5
5
5
5
5
5
5
5
5
5
5
5
5
5
5
5
5
5
5
5
5
5
5
5
5
5
5
5
5
5
5
5
5
5
5
5
5
5
5
5
5
5
5
5
5
5
5
5
5
5
5
5
5
5
5
5
5
5
5
5
5
5
5
5
5
5
5
5
5
5
5
5
5
5
5
5
5
5
5
5
5
5
5
5
5
5
5
5
5
5
5
5
5
5
5
5
5
5
5
5
5
5
5
5
5
5
5
5
5
5
5
5
5
5
5
5
5
5
5
5
5
5
5
5
5
5
5
5
5
5
5
5
5
5
5
5
5
5
5
5
5
5
5
5
5
5
5
5
5
5
5
5
5
5
5
5
5
5
5
5
5
5
5
5
5
5
5
5
5
5
5
5
5
5
5
5
5
5
5
5
5
5
5
5
5
5
5
5
5
5
5
5
5
5
5
5
5
5
5
5
5
5
5
5
5
5
5
5
5
5
5
5
5
5
5
5
5
5
5
5
5
5
5
5
5
5
5
5
5
5
5
5
5
5
5
5
5
5
5
5
5
5
5
5
5
5
5
5
5
5
5
5
5
5
5
5
5
5
5
5
5
5
5
5
5
5
5
5
5
5
5
5
5
5
5
5
5
5
5
5
5
5
5
5
5
5
5
5
5
5
5
5
5
5
5
5
5
5
5
5
5
5
5
5
5
5
5
5
5
5
5
5
5
5
5
5
5
5
5
5
5
5
5
5
5
5
5
5
5
5
5
5
5
5
5
5
5
5
5
5
5
5
5
5
5
5
5
5
5
5
5
5
5
5
5
5
5
5
5
5
5
5
5
5
5
5
5
5
5
5
5
5
5
5
5
5
5
5
5
5
5
5
5
5
5
5
5
5
5
5
5
5
5
5
5
5
5
5
5
5
5
5
5
5
5
5
5
5
5
5
5
5
5
5
5
5
5
5
5
5
5
5
5
5
5
5
5
5
5
5
5
5
5
5
5
5
5
5
5
5
5
5
5
5
5
5
5
5
5
5
5
5
5
5
5
5
5
5
5
5
5
5
5
5
5
5
5
5
5
5
5
5
5
5
5
5
5
5
5
5
5
5
5
5
5
5
5
5
5
5
5
5
5
5
5
5
5
5
5
5
5
5
5
5
5
5
5
5
5
5
5
5
5
5
5
5
5
5
5
5
5
5
5
5
5
5
5
5
5
5
5
5
5
5
5
5
5
5
5
5
5
5
5
5
5
5
5
5
5
5
5
5
5
5
5
5
5
5
5
5
5
5
5
5
5
5
5
5
5
5
5
5
5
5
5
5
5
5
5
5
5
5
5
5
5
5
5
5
5
5
5
5
5
5
5
5
5
5
5
5
5
5
5
5
5
5
5
5
5
5
5
5
5
5
5
5
5
5
5
5
5
5
5
5
5
5
5
5
5
5
5
5
5
5
5
5
5
5
5
5
5
5
5
5
5
5
5
5
5
5
5
5
5
5
5
5
5
5
5
5
5
5
5
5
5
5
5
5
5
5
5
5
5
5
5
5
5
5
5
5
5
5
5
5
5
5
5
5
5
5
5
5
5
5
5
5
5
5
5
5
5
5
5
5
5
5
5
5
5
5
5
5
5
5
5
5
5
5
5
5
5
5
5
5
5
5
5
5
5
5
5
5
5
5
5
5
5
5
5
5
5
5
5
5
5
5
5
5
5
5
5
5
5
5
5
5
5
5
5
5
5
5
5
5
5
5
5
5
5
5
5
5
5
5
5
5
5
5
5
5
5
5
5
5
5
5
5
5
5
5
5
5
5
5
5
5
5
5
5
5
5
5
5
5
5
5
5
5
5
5
5
5
5
5
5
5
5
5
5
5
5
5
5
5
5
5
5
5
5
5
5
5
5
5
5
5
5
5
5
5
5
5
5
5
5
5
5
5
5
5
5
5
5
5
5
5
5
5
5
5
5
5
5
5
5
5
5
5
5
5
5
5
5
5
5
5
5
5
5
5
5
5
5
5
5
5
5
5
5
5
5
5
5
5
5
5
5
5
5
5
5
5
5
5
5
5
5
5
5
5
5
5
5
5
5
5
5
5
5
5
5
5
5
5
5
5
5
5
5
5
5
5
5
5
5
5
5
5
5
5
5
5
5
5
5
5
5
5
5
5
5
5
5
5
5
5
5
5
5
5
5
5
5
5
5
5
5
5
5
5
5
5
5
5
5
5
5
5
5
5
5
5
5
5
5
5
5
5
5
5
5
5
5
5
5
5
5
5
5
5
5
5
5
5
5
5
5
5
5
5
5
5
5
5
5
5
5
5
5
5
5
5
5
5
5
5
5
5
5
5
5
5
5
5
5
5
5
5
5
5
5
5
5
5
5
5
5
5
5
5
5
5
5
5
5
5
5
5
5
5
5
5
5
5
5
5
5
5
5
5
5
5
5
5
5
5
5
5
5
5
5
5
5
5
5
5
5
5
5
5
5
5
5
5
5
5
5
5
5
5
5
5
5
5
5
5
5
5
5
5
5
5
5
5
5
5
5
5
5
5
5
5
5
5
5
5
5
5
5
5
5
5
5
5
5
5
5
5
5
5
5
5
5
5
5
5
5
5
5
5
5
5
5
5
5
5
5
5
5
5
5
5
5
5
5
5
5
5
5
5
5
5
5
5
5
5
5
5
5
5
5
5
5
5
5
5
5
5
5
5
5
5
5
5
5
5
5
5
5
5
5
5
5
5
5
5
5
5
5
5
5
5
5
5
5
5
5
5
5
5
5
5
5
5
5
5
5
5
5
5
5
5
5
5
5
5
5
5
5
5
5
5
5
5
5
5
5
5
5
5
5
5
5
5
5
5
5
5
5
5
5
5
5
5
5
5
5
5
5
5
5
5
5
5
5
5
5
5
5
5
5
5
5
5
5
5
5
5
5
5
5
5
5
5
5
5
5
5
5
5
5
5
5
5
5
5
5
5
5
5
5
5
5
5
5
5
5
5
5
5
5
5
5
5
5
5
5
5
5
5
5
5
5
5
5
5
5
5
5
5
5
5
5
5
5
5
5
5
5
5
5
5
5
5
5
5
5
5
5
5
5
5
5
5
5
5
5
5
5
5
5
5
5
5
5
5
5
5
5
5
5
5
5
5
5
5
5
5
5
5
5
5
5
5
5
5
5
5
5
5
5
5
5
5
5
5
5
5
5
5
5
5
5
5
5
5
5
5
5
5
5
5
5
5
5
5
5
5
5
5
5
5
5
5
5
5
5
5
5
5
5
5
5
5
5
5
5
5
5
5
5
5
5
5
5
5
5
5
5
5
5
5
5
5
5
5
5
5
5
5
5
5
5
5
5
5
5
5
5
5
5
5
5
5
5
5
5
5
5
5
5
5
5
5
5
5
5
5
5
5
5
5
5
5
5
5
5
5
5
5
5
5
5
5
5
5
5
5
5
5
5
5
5
5
5
5
5
5
5
5
5
5
5
5
5
5
5
5
5
5
5
5
5
5
5
5
5
5
5
5
5
5
5
5
5
5
5
5
5
5
5
5
5
5
5
5
5
5
5
5
5
5
5
5
5
5
5
5
5
5
5
5
5
5
5
5
5
5
5
5
5
5
5
5
5
5
5
5
5
5
5
5
5
5
5
5
5
5
5
5
5
5
5
5
5
5
5
5
5
5
5
5
5
5
5
5
5
5
5
5
5
5
5
5
5
5
5
5
5
5
5
5
5
5
5
5
5
5
5
5
5
5
5
5
5
5
5
5
5
5
5
5
5
5
5
5
5
5
5
5
5
5
5
5
5
5
5
5
5
5
5
5
5
5
5
5
5
5
5
5
5
5
5
5
5
5
5
5
5
5
5
5
5
5
5
5
5
5
5
5
5
5
5
5
5
5
5
5
5
5
5
5
5
5
5
5
5
5
5
5
5
5
5
5
5
5
5
5
5
5
5
5
5
5
5
5
5
5
5
5
5
5
5
5
5
5
5
5
5
5
5
5
5
5
5
5
5
5
5
5
5
5
5
5
5
5
5
5
5
5
5
5
5
5
5
5
5
5
5
5
5
5
5
5
5
5
5
5
5
5
5
5
5
5
5
5
5
5
5
5
5
5
5
5
5
5
5
5
5
5
5
5
5
5
5
5
5
5
5
5
5
5
5
5
5
5
5
5
5
5
5
5
5
5
5
5
5
5
5
5
5
5
5
5
5
5
5
5
5
5
5
5
5
5
5
5
5
5
5
5
5
5
5
5
5
5
5
5
5
5
5
5
5
5
5
5
5
5
5
5
5
5
5
5
5
5
5
5
5
5
5
5
5
5
5
5
5
5
5
5
5
5
5
5
5
5
5
5
5
5
5
5
5
5
5
5
5
5
5
5
5
5
5
5
5
5
5
5
5
5
5
5
5
5
5
5
5
5
5
5
5
5
5
5
5
5
5
5
5
5
5
5
5
5
5
5
5
5
5
5
5
5
5
5
5
5
5
5
5
5
5
5
5
5
5
5
5
5
5
5
5
5
5
5
5
5
5
5
5
5
5
5
5
5
5
5
5
5
5
5
5
5
5
5
5
5
5
5
5
5
5
5
5
5
5
5
5
5
5
5
5
5
5
5
5
5
5
5
5
5
5
5
5
5
5
5
5
5
5
5
5
5
5
5
5
5
5
5
5
5
5
5
5
5
5
5
5
5
5
5
5
5
5
5
5
5
5
5
5
5
5
5
5
5
5
5
5
5
5
5
5
5
5
5
5
5
5
5
5
5
5
5
5
5
5
5
5
5
5
5
5
5
5
5
5
5
5
5
5
5
5
5
5
5
5
5
5
5
5
5
5
5
5
5
5
5
5
5
5
5
5
5
5
5
5
5
5
5
5
5
5
5
5
5
5
5
5
5
5
5
5
5
5
5
5
5
5
5
5
5
5
5
5
5
5
5
5
5
5
5
5
5
5
5
5
5
5
5
5
5
5
5
5
5
5
5
5
5
5
5
5
5
5
5
5
5
5
5
5
5
5
5
5
5
5
5
5
5
5
5
5
5
5
5
5
5
5
5
5
5
5
5
5
5
5
5
5
5
5
5
5
5
5
5
5
5
5
5
5
5
5
5
5
5
5
5
5
5
5
5
5
5
5
5
5
5
5
5
5
5
5
5
5
5
5
5
5
5
5
5
5
5
5
5
5
5
5
5
5
5
5
5
5
5
5
5
5
5
5
5
5
5
5
5
5
5
5
5
5
5
5
5
5
5
5
5
5
5
5
5
5
5
5
5
5
5
5
5
5
5
5
5
5
5
5
5
5
5
5
5
5
5
5
5
5
5
5
5
5
5
5
5
5
5
5
5
5
5
5
5
5
5
5
5
5
5
5
5
5
5
5
5
5
5
5
5
5
5
5
5
5
5
5
5
5
5
5
5
5
5
5
5
5
5
5
5
5
5
5
5
5
5
5
5
5
5
5
5
5
5
5
5
5
5
5
5
5
5
5
5
5
5
5
5
5
5
5
5
5
5
5
5
5
5
5
5
5
5
5
5
5
5
5
5
5
5
5
5
5
5
5
5
5
5
5
5
5
5
5
5
5
5
5
5
5
5
5
5
5
5
5
5
5
5
5
5
5
5
5
5
5
5
5
5
5
5
5
5
5
5
5
5
5
5
5
5
5
5
5
5
5
5
5
5
5
5
5
5
5
5
5
5
5
5
5
5
5
5
5
5
5
5
5
5
5
5
5
5
5
5
5
5
5
5
5
5
5
5
5
5
5
5
5
5
5
5
5
5
5
5
5
5
5
5
5
5
5
5
5
5
5
5
5
5
5
5
5
5
5
5
5
5
5
5
5
5
5
5
5
5
5
5
5
5
5
5
5
5
5
5
5
5
5
5
5
5
5
5
5
5
5
5
5
5
5
5
5
5
5
5
5
5
5
5
5
5
5
5
5
5
5
5
5
5
5
5
5
5
5
5
5
5
5
5
5
5
5
5
5
5
5
5
5
5
5
5
5
5
5
5
5
5
5
5
5
5
5
5
5
5
5
5
5
5
5
5
5
5
5
5
5
5
5
5
5
5
5
5
5
5
5
5
5
5
5
5
5
5
5
5
5
5
5
5
5
5
5
5
5
5
5
5
5
5
5
5
5
5
5
5
5
5
5
5
5
5
5
5
5
5
5
5
5
5
5
5
5
5
5
5
5
5
5
5
5
5
5
5
5
5
5
5
5
5
5
5
5
5
5
5
5
5
5
5
5
5
5
5
5
5
5
5
5
5
5
5
5
5
5
5
5
5
5
5
5
5
5
5
5
5
5
5
5
5
5
5
5
5
5
5
5
5
5
5
5
5
5
5
5
5
5
5
5
5
5
5
5
5
5
5
5
5
5
5
5
5
5
5
5
5
5
5
5
5
5
5
5
5
5
5
5
5
5
5
5
5
5
5
5
5
5
5
5
5
5
5
5
5
5
5
5
5
5
5
5
5
5
5
5
5
5
5
5
5
5
5
5
5
5
5
5
5
5
5
5
5
5
5
5
5
5
5
5
5
5
5
5
5
5
5
5
5
5
5
5
5
5
5
5
5
5
5
5
5
5
5
5
5
5
5
5
5
5
5
5
5
5
5
5
5
5
5
5
5
5
5
5
5
5
5
5
5
5
5
5
5
5
5
5
5
5
5
5
5
5
5
5
5
5
5
5
5
5
5
5
5
5
5
5
5
5
5
5
5
5
5
5
5
5
5
5
5
5
5
5
5
5
5
5
5
5
5
5
5
5
5
5
5
5
5
5
5
5
5
5
5
5
5
5
5
5
5
5
5
5
5
5
5
5
5
5
5
5
5
5
5
5
5
5
5
5
5
5
5
5
5
5
5
5
5
5
5
5
5
5
5
5
5
5
5
5
5
5
5
5
5
5
5
5
5
5
5
5
5
5
5
5
5
5
5
5
5
5
5
5
5
5
5
5
5
5
5
5
5
5
5
5
5
5
5
5
5
5
5
5
5
5
5
5
5
5
5
5
5
5
5
5
5
5
5
5
5
5
5
5
5
5
5
5
5
5
5
5
5
5
5
5
5
5
5
5
5
5
5
5
5
5
5
5
5
5
5
5
5
5
5
5
5
5
5
5
5
5
5
5
5
5
5
5
5
5
5
5
5
5
5
5
5
5
5
5
5
5
5
5
5
5
5
5
5
5
5
5
5
5
5
5
5
5
5
5
5
5
5
5
5
5
5
5
5
5
5
5
5
5
5
5
5
5
5
5
5
5
5
5
5
5
5
5
5
5
5
5
5
5
5
5
5
5
5
5
5
5
5
5
5
5
5
5
5
5
5
5
5
5
5
5
5
5
5
5
5
5
5
5
5
5
5
5
5
5
5
5
5
5
5
5
5
5
5
5
5
5
5
5
5
5
5
5
5
5
5
5
5
5
5
5
5
5
5
5
5
5
5
5
5
5
5
5
5
5
5
5
5
5
5
5
5
5
5
5
5
5
5
5
5
5
5
5
5
5
5
5
5
5
5
5
5
5
5
5
5
5
5
5
5
5
5
5
5
5
5
5
5
5
5
5
5
5
5
5
5
5
5
5
5
5
5
5
5
5
5
5
5
5
5
5
5
5
5
5
5
5
5
5
5
5
5
5
5
5
5
5
5
5
5
5
5
5
5
5
5
5
5
5
5

CELL_DATA 22622
SCALARS CellEntityIds int 1
LOOKUP_TABLE default
2
2
2
2
2
2
2
2
2
2
2
2
2
2
2
2
2
2
2
2
2
2
2
2
2
2
2
2
2
2
2
2
2
2
2
2
2
2
2
2
2
2
2
2
2
2
2
2
2
2
2
2
2
2
2
2
2
2
2
2
2
2
2
2
2
2
2
2
2
2
2
2
2
2
2
2
2
2
2
2
2
2
2
2
2
2
2
2
2
2
2
2
2
2
2
2
2
2
2
2
2
2
2
2
2
2
2
2
2
2
2
2
2
2
2
2
2
2
2
2
2
2
2
2
2
2
2
2
2
2
2
2
2
2
2
2
2
2
2
2
2
2
2
2
2
2
2
2
2
2
2
2
2
2
2
2
2
2
2
2
2
2
2
2
2
2
2
2
2
2
2
2
2
2
2
2
2
2
2
2
2
2
2
2
2
2
2
2
2
2
2
2
2
2
2
2
2
2
2
2
2
2
2
2
2
2
2
2
2
2
2
2
2
2
2
2
2
2
2
2
2
2
2
2
2
2
2
2
2
2
2
2
2
2
2
2
2
2
2
2
2
2
2
2
2
2
2
2
2
2
2
2
2
2
2
2
2
2
2
2
2
2
2
2
2
2
2
2
2
2
2
2
2
2
2
2
2
2
2
2
2
2
2
2
2
2
2
2
2
2
2
2
2
2
2
2
2
2
2
2
2
2
2
2
2
2
2
2
2
2
2
2
2
2
2
2
2
2
2
2
2
2
2
2
2
2
2
2
2
2
2
2
2
2
2
2
2
2
2
2
2
2
2
2
2
2
2
2
2
2
2
2
2
2
2
2
2
2
2
2
2
2
2
2
2
2
2
2
2
2
2
2
2
2
2
2
2
2
2
2
2
2
2
2
2
2
2
2
2
2
2
2
2
2
2
2
2
2
2
2
2
2
2
2
2
2
2
2
2
2
2
2
2
2
2
2
2
2
2
2
2
2
2
2
2
2
2
2
2
2
2
2
2
2
2
2
2
2
2
2
2
2
2
2
2
2
2
2
2
2
2
2
2
2
2
2
2
2
2
2
2
2
2
2
2
2
2
2
2
2
2
2
2
2
2
2
2
2
2
2
2
2
2
2
2
2
2
2
2
2
2
2
2
2
2
2
2
2
2
2
2
2
2
2
2
2
2
2
2
2
2
2
2
2
2
2
2
2
2
2
2
2
2
2
2
2
2
2
2
2
2
2
2
2
2
2
2
2
2
2
2
2
2
2
2
2
2
2
2
2
2
2
2
2
2
2
2
2
2
2
2
2
2
2
2
2
2
2
2
2
2
2
2
2
2
2
2
2
2
2
2
2
2
2
2
2
2
2
2
2
2
2
2
2
2
2
2
2
2
2
2
2
2
2
2
2
2
2
2
2
2
2
2
2
2
2
2
2
2
2
2
2
2
2
2
2
2
2
2
2
2
2
2
2
2
2
2
2
2
2
2
2
2
2
2
2
2
2
2
2
2
2
2
2
2
2
2
2
2
2
2
2
2
2
2
2
2
2
2
2
2
2
2
2
2
2
2
2
2
2
2
2
2
2
2
2
2
2
2
2
2
2
2
2
2
2
2
2
2
2
2
2
2
2
2
2
2
2
2
2
2
2
2
2
2
2
2
2
2
2
2
2
2
2
2
2
2
2
2
2
2
2
2
2
2
2
2
2
2
2
2
2
2
2
2
2
2
2
2
2
2
2
2
2
2
2
2
2
2
2
2
2
2
2
2
2
2
2
2
2
2
2
2
2
2
2
2
2
2
2
2
2
2
2
2
2
2
2
2
2
2
2
2
2
2
2
2
2
2
2
2
2
2
2
2
2
2
2
2
2
2
2
2
2
2
2
2
2
2
2
2
2
2
2
2
2
2
2
2
2
2
2
2
2
2
2
2
2
2
2
2
2
2
2
2
2
2
2
2
2
2
2
2
2
2
2
2
2
2
2
2
2
2
2
2
2
2
2
2
2
2
2
2
2
2
2
2
2
2
2
2
2
2
2
2
2
2
2
2
2
2
2
2
2
2
2
2
2
2
2
2
2
2
2
2
2
2
2
2
2
2
2
2
2
2
2
2
2
2
2
2
2
2
2
2
2
2
2
2
2
2
2
2
2
2
2
2
2
2
2
2
2
2
2
2
2
2
2
2
2
2
2
2
2
2
2
2
2
2
2
2
2
2
2
2
2
2
2
2
2
2
2
2
2
2
2
2
2
2
2
2
2
2
2
2
2
2
2
2
2
2
2
2
2
2
2
2
2
2
2
2
2
2
2
2
2
2
2
2
2
2
2
2
2
2
2
2
2
2
2
2
2
2
2
2
2
2
2
2
2
2
2
2
2
2
2
2
2
2
2
2
2
2
2
2
2
2
2
2
2
2
2
2
2
2
2
2
2
2
2
2
2
2
2
2
2
2
2
2
2
2
2
2
2
2
2
2
2
2
2
2
2
2
2
2
2
2
2
2
2
2
2
2
2
2
2
2
2
2
2
2
2
2
2
2
2
2
2
2
2
2
2
2
2
2
2
2
2
2
2
2
2
2
2
2
2
2
2
2
2
2
2
2
2
2
2
2
2
2
2
2
2
2
2
2
2
2
2
2
2
2
2
2
2
2
2
2
2
2
2
2
2
2
2
2
2
2
2
2
2
2
2
2
2
2
2
2
2
2
2
2
2
2
2
2
2
2
2
2
2
2
2
2
2
2
2
2
2
2
2
2
2
2
2
2
2
2
2
2
2
2
2
2
2
2
2
2
2
2
2
2
2
2
2
2
2
2
2
2
2
2
2
2
2
2
2
2
2
2
2
2
2
2
2
2
2
2
2
2
2
2
2
2
2
2
2
2
2
2
2
2
2
2
2
2
2
2
2
2
2
2
2
2
2
2
2
2
2
2
2
2
2
2
2
2
2
2
2
2
2
2
2
2
2
2
2
2
2
2
2
2
2
2
2
2
2
2
2
2
2
2
2
2
2
2
2
2
2
2
2
2
2
2
2
2
2
2
2
2
2
2
2
2
2
2
2
2
2
2
2
2
2
2
2
2
2
2
2
2
2
2
2
2
2
2
2
2
2
2
2
2
2
2
2
2
2
2
2
2
2
2
2
2
2
2
2
2
2
2
2
2
2
2
2
2
2
2
2
2
2
2
2
2
2
2
2
2
2
2
2
2
2
2
2
2
2
2
2
2
2
2
2
2
2
2
2
2
2
2
2
2
2
2
2
2
2
2
2
2
2
2
2
2
2
2
2
2
2
2
2
2
2
2
2
2
2
2
2
2
2
2
2
2
2
2
2
2
2
2
2
2
2
2
2
2
2
2
2
2
2
2
2
2
2
2
2
2
2
2
2
2
2
2
2
2
2
2
2
2
2
2
2
2
2
2
2
2
2
2
2
2
2
2
2
2
2
2
2
2
2
2
2
2
2
2
2
2
2
2
2
2
2
2
2
2
2
2
2
2
2
2
2
2
2
2
2
2
2
2
2
2
2
2
2
2
2
2
2
2
2
2
2
2
2
2
2
2
2
2
2
2
2
2
2
2
2
2
2
2
2
2
2
2
2
2
2
2
2
2
2
2
2
2
2
2
2
2
2
2
2
2
2
2
2
2
2
2
2
2
2
2
2
2
2
2
2
2
2
2
2
2
2
2
2
2
2
2
2
2
2
2
2
2
2
2
2
2
2
2
2
2
2
2
2
2
2
2
2
2
2
2
2
2
2
2
2
2
2
2
2
2
2
2
2
2
2
2
2
2
2
2
2
2
2
2
2
2
2
2
2
2
2
2
2
2
2
2
2
2
2
2
2
2
2
2
2
2
2
2
2
2
2
2
2
2
2
2
2
2
2
2
2
2
2
2
2
2
2
2
2
2
2
2
2
2
2
2
2
2
2
2
2
2
2
2
2
2
2
2
2
2
2
2
2
2
2
2
2
2
2
2
2
2
2
2
2
2
2
2
2
2
2
2
2
2
2
2
2
2
2
2
2
2
2
2
2
2
2
2
2
2
2
2
2
2
2
2
2
2
2
2
2
2
2
2
2
2
2
2
2
2
2
2
2
2
2
2
2
2
2
2
2
2
2
2
2
2
2
2
2
2
2
2
2
2
2
2
2
2
2
2
2
2
2
2
2
2
2
2
2
2
2
2
2
2
2
2
2
2
2
2
2
2
2
2
2
2
2
2
2
2
2
2
2
2
2
2
2
2
2
2
2
2
2
2
2
2
2
2
2
2
2
2
2
2
2
2
2
2
2
2
2
2
2
2
2
2
2
2
2
2
2
2
2
2
2
2
2
2
2
2
2
2
2
2
2
2
2
2
2
2
2
2
2
2
2
2
2
2
2
2
2
2
2
2
2
2
2
2
2
2
2
2
2
2
2
2
2
2
2
2
2
2
2
2
2
2
2
2
2
2
2
2
2
2
2
2
2
2
2
2
2
2
2
2
2
2
2
2
2
2
2
2
2
2
2
2
2
2
2
2
2
2
2
2
2
2
2
2
2
2
2
2
2
2
2
2
2
2
2
2
2
2
2
2
2
2
2
2
2
2
2
2
2
2
2
2
2
2
2
2
2
2
2
2
2
2
2
2
2
2
2
2
2
2
2
2
2
2
2
2
2
2
2
2
2
2
2
2
2
2
2
2
2
2
2
2
2
2
2
2
2
2
2
2
2
2
2
2
2
2
2
2
2
2
2
2
2
2
2
2
2
2
2
2
2
2
2
2
2
2
2
2
2
2
2
2
2
2
2
2
2
2
2
2
2
2
2
2
2
2
2
2
2
2
2
2
2
2
2
2
2
2
2
2
2
2
2
2
2
2
2
2
2
2
2
2
2
2
2
2
2
2
2
2
2
2
2
2
2
2
2
2
2
2
2
2
2
2
2
2
2
2
2
2
2
2
2
2
2
2
2
2
2
2
2
2
2
2
2
2
2
2
2
2
2
2
2
2
2
2
2
2
2
2
2
2
2
2
2
2
2
2
2
2
2
2
2
2
2
2
2
2
2
2
2
2
2
2
2
2
2
2
2
2
2
2
2
2
2
2
2
2
2
2
2
2
2
2
2
2
2
2
2
2
2
2
2
2
2
2
2
2
2
2
2
2
2
2
2
2
2
2
2
2
2
2
2
2
2
2
2
2
2
2
2
2
2
2
2
2
2
2
2
2
2
2
2
2
2
2
2
2
2
2
2
2
2
2
2
2
2
2
2
2
2
2
2
2
2
2
2
2
2
2
2
2
2
2
2
2
2
2
2
2
2
2
2
2
2
2
2
2
2
2
2
2
2
2
2
2
2
2
2
2
2
2
2
2
2
2
2
2
2
2
2
2
2
2
2
2
2
2
2
2
2
2
2
2
2
2
2
2
2
2
2
2
2
2
2
2
2
2
2
2
2
2
2
2
2
2
2
2
2
2
2
2
2
2
2
2
2
2
2
2
2
2
2
2
2
2
2
2
2
2
2
2
2
2
2
2
2
2
2
2
2
2
2
2
2
2
2
2
2
2
2
2
2
2
2
2
2
2
2
2
2
2
2
2
2
2
2
2
2
2
2
2
2
2
2
2
2
2
2
2
2
2
2
2
2
2
2
2
2
2
2
2
2
2
2
2
2
2
2
2
2
2
2
2
2
2
2
2
2
2
2
2
2
2
2
2
2
2
2
2
2
2
2
2
2
2
2
2
2
2
2
2
2
2
2
2
2
2
2
2
2
2
2
2
2
2
2
2
2
2
2
2
2
2
2
2
2
2
2
2
2
2
2
2
2
2
2
2
2
2
2
2
2
2
2
2
2
2
2
2
2
2
2
2
2
2
2
2
2
2
2
2
2
2
2
2
2
2
2
2
2
2
2
2
2
2
2
2
2
2
2
2
2
2
2
2
2
2
2
2
2
2
2
2
2
2
2
2
2
2
2
2
2
2
2
2
2
2
2
2
2
2
2
2
2
2
2
2
2
2
2
2
2
2
2
2
2
2
2
2
2
2
2
2
2
2
2
2
2
2
2
2
2
2
2
2
2
2
2
2
2
2
2
2
2
2
2
2
2
2
2
2
2
2
2
2
2
2
2
2
2
2
2
2
2
2
2
2
2
2
2
2
2
2
2
2
2
2
2
2
2
2
2
2
2
2
2
2
2
2
2
2
2
2
2
2
2
2
2
2
2
2
2
2
2
2
2
2
2
2
2
2
2
2
2
2
2
2
2
2
2
2
2
2
2
2
2
2
2
2
2
2
2
2
2
2
2
2
2
2
2
2
2
2
2
2
2
2
2
2
2
2
2
2
2
2
2
2
2
2
2
2
2
2
2
2
2
2
2
2
2
2
2
2
2
2
2
2
2
2
2
2
2
2
2
2
2
2
2
2
2
2
2
2
2
2
2
2
2
2
2
2
2
2
2
2
2
2
2
2
2
2
2
2
2
2
2
2
2
2
2
2
2
2
2
2
2
2
2
2
2
2
2
2
2
2
2
2
2
2
2
2
2
1
1
1
1
1
1
1
1
1
1
1
1
1
1
1
1
1
1
1
1
1
1
1
1
1
1
1
1
1
1
1
1
1
1
1
1
1
1
1
1
1
1
1
1
1
1
1
1
1
1
1
1
1
1
1
1
1
1
1
1
1
1
1
1
1
1
1
1
1
1
1
1
1
1
1
1
1
1
1
1
1
1
1
1
1
1
1
1
1
1
1
1
1
1
1
1
1
1
1
1
1
1
1
1
1
1
1
1
1
1
1
1
1
1
1
1
1
1
1
1
1
1
1
1
1
1
1
1
1
1
1
1
1
1
1
1
1
1
1
1
1
1
1
1
1
1
1
1
1
1
1
1
1
1
1
1
1
1
1
1
1
1
1
1
1
1
1
1
1
1
1
1
1
1
1
1
1
1
1
1
1
1
1
1
1
1
1
1
1
1
1
1
1
1
1
1
1
1
1
1
1
1
1
1
1
1
1
1
1
1
1
1
1
1
1
1
1
1
1
1
1
1
1
1
1
1
1
1
1
1
1
1
1
1
1
1
1
1
1
1
1
1
1
1
1
1
1
1
1
1
1
1
1
1
1
1
1
1
1
1
1
1
1
1
1
1
1
1
1
1
1
1
1
1
1
1
1
1
1
1
1
1
1
1
1
1
1
1
1
1
1
1
1
1
1
1
1
1
1
1
1
1
1
1
1
1
1
1
1
1
1
1
1
1
1
1
1
1
1
1
1
1
1
1
1
1
1
1
1
1
1
1
1
1
1
1
1
1
1
1
1
1
1
1
1
1
1
1
1
1
1
1
1
1
1
1
1
1
1
1
1
1
1
1
1
1
1
1
1
1
1
1
1
1
1
1
1
1
1
1
1
1
1
1
1
1
1
1
1
1
1
1
1
1
1
1
1
1
1
1
1
1
1
1
1
1
1
1
1
1
1
1
1
1
1
1
1
1
1
1
1
1
1
1
1
1
1
1
1
1
1
1
1
1
1
1
1
1
1
1
1
1
1
1
1
1
1
1
1
1
1
1
1
1
1
1
1
1
1
1
1
1
1
1
1
1
1
1
1
1
1
1
1
1
1
1
1
1
1
1
1
1
1
1
1
1
1
1
1
1
1
1
1
1
1
1
1
1
1
1
1
1
1
1
1
1
1
1
1
1
1
1
1
1
1
1
1
1
1
1
1
1
1
1
1
1
1
1
1
1
1
1
1
1
1
1
1
1
1
1
1
1
1
1
1
1
1
1
1
1
1
1
1
1
1
1
1
1
1
1
1
1
1
1
1
1
1
1
1
1
1
1
1
1
1
1
1
1
1
1
1
1
1
1
1
1
1
1
1
1
1
1
1
1
1
1
1
1
1
1
1
1
1
1
1
1
1
1
1
1
1
1
1
1
1
1
1
1
1
1
1
1
1
1
1
1
1
1
1
1
1
1
1
1
1
1
1
1
1
1
1
1
1
1
1
1
1
1
1
1
1
1
1
1
1
1
1
1
1
1
1
1
1
1
1
1
1
1
1
1
1
1
1
1
1
1
1
1
1
1
1
1
1
1
1
1
1
1
1
1
1
1
1
1
1
1
1
1
1
1
1
1
1
1
1
1
1
1
1
1
1
1
1
1
1
1
1
1
1
1
1
1
1
1
1
1
1
1
1
1
1
1
1
1
1
1
1
1
1
1
1
1
1
1
1
1
1
1
1
1
1
1
1
1
1
1
1
1
1
1
1
1
1
1
1
1
1
1
1
1
1
1
1
1
1
1
1
1
1
1
1
1
1
1
1
1
1
1
1
1
1
1
1
1
1
1
1
1
1
1
1
1
1
1
1
1
1
1
1
1
1
1
1
1
1
1
1
1
1
1
1
1
1
1
1
1
1
1
1
1
1
1
1
1
1
1
1
1
1
1
1
1
1
1
1
1
1
1
1
1
1
1
1
1
1
1
1
1
1
1
1
1
1
1
1
1
1
1
1
1
1
1
1
1
1
1
1
1
1
1
1
1
1
1
1
1
1
1
1
1
1
1
1
1
1
1
1
1
1
1
1
1
1
1
1
1
1
1
1
1
1
1
1
1
1
1
1
1
1
1
1
1
1
1
1
1
1
1
1
1
1
1
1
1
1
1
1
1
1
1
1
1
1
1
1
1
1
1
1
1
1
1
1
1
1
1
1
1
1
1
1
1
1
1
1
1
1
1
1
1
1
1
1
1
1
1
1
1
1
1
1
1
1
1
1
1
1
1
1
1
1
1
1
1
1
1
1
1
1
1
1
1
1
1
1
1
1
1
1
1
1
1
1
1
1
1
1
1
1
1
1
1
1
1
1
1
1
1
1
1
1
1
1
1
1
1
1
1
1
1
1
1
1
1
1
1
1
1
1
1
1
1
1
1
1
1
1
1
1
1
1
1
1
1
1
1
1
1
1
1
1
1
1
1
1
1
1
1
1
1
1
1
1
1
1
1
1
1
1
1
1
1
1
1
1
1
1
1
1
1
1
1
1
1
1
1
1
1
1
1
1
1
1
1
1
1
1
1
1
1
1
1
1
1
1
1
1
1
1
1
1
1
1
1
1
1
1
1
1
1
1
1
1
1
1
1
1
1
1
1
1
1
1
1
1
1
1
1
1
1
1
1
1
1
1
1
1
1
1
1
1
1
1
1
1
1
1
1
1
1
1
1
1
1
1
1
1
1
1
1
1
1
1
1
1
1
1
1
1
1
1
1
1
1
1
1
1
1
1
1
1
1
1
1
1
1
1
1
1
1
1
1
1
1
1
1
1
1
1
1
1
1
1
1
1
1
1
1
1
1
1
1
1
1
1
1
1
1
1
1
1
1
1
1
1
1
1
1
1
1
1
1
1
1
1
1
1
1
1
1
1
1
1
1
1
1
1
1
1
1
1
1
1
1
1
1
1
1
1
1
1
1
1
1
1
1
1
1
1
1
1
1
1
1
1
1
1
1
1
1
1
1
1
1
1
1
1
1
1
1
1
1
1
1
1
1
1
1
1
1
1
1
1
1
1
1
1
1
1
1
1
1
1
1
1
1
1
1
1
1
1
1
1
1
1
1
1
1
1
1
1
1
1
1
1
1
1
1
1
1
1
1
1
1
1
1
1
1
1
1
1
1
1
1
1
1
1
1
1
1
1
1
1
1
1
1
1
1
1
1
1
1
1
1
1
1
1
1
1
1
1
1
1
1
1
1
1
1
1
1
1
1
1
1
1
1
1
1
1
1
1
1
1
1
1
1
1
1
1
1
1
1
1
1
1
1
1
1
1
1
1
1
1
1
1
1
1
1
1
1
1
1
1
1
1
1
1
1
1
1
1
1
1
1
1
1
1
1
1
1
1
1
1
1
1
1
1
1
1
1
1
1
1
1
1
1
1
1
1
1
1
1
1
1
1
1
1
1
1
1
1
1
1
1
1
1
1
1
1
1
1
1
1
1
1
1
1
1
1
1
1
1
1
1
1
1
1
1
1
1
1
1
1
1
1
1
1
1
1
1
1
1
1
1
1
1
1
1
1
1
1
1
1
1
1
1
1
1
1
1
1
1
1
1
1
1
1
1
1
1
1
1
1
1
1
1
1
1
1
1
1
1
1
1
1
1
1
1
1
1
1
1
1
1
1
1
1
1
1
1
1
1
1
1
1
1
1
1
1
1
1
1
1
1
1
1
1
1
1
1
1
1
1
1
1
1
1
1
1
1
1
1
1
1
1
1
1
1
1
1
1
1
1
1
1
1
1
1
1
1
1
1
1
1
1
1
1
1
1
1
1
1
1
1
1
1
1
1
1
1
1
1
1
1
1
1
1
1
1
1
1
1
1
1
1
1
1
1
1
1
1
1
1
1
1
1
1
1
1
1
1
1
1
1
1
1
1
1
1
1
1
1
1
1
1
1
1
1
1
1
1
1
1
1
1
1
1
1
1
1
1
1
1
1
1
1
1
1
1
1
1
1
1
1
1
1
1
1
1
1
1
1
1
1
1
1
1
1
1
1
1
1
1
1
1
1
1
1
1
1
1
1
1
1
1
1
1
1
1
1
1
1
1
1
1
1
1
1
1
1
1
1
1
1
1
1
1
1
1
1
1
1
1
1
1
1
1
1
1
1
1
1
1
1
1
1
1
1
1
1
1
1
1
1
1
1
1
1
1
1
1
1
1
1
1
1
1
1
1
1
1
1
1
1
1
1
1
1
1
1
1
1
1
1
1
1
1
1
1
1
1
1
1
1
1
1
1
1
1
1
1
1
1
1
1
1
1
1
1
1
1
1
1
1
1
1
1
1
1
1
1
1
1
1
1
1
1
1
1
1
1
1
1
1
1
1
1
1
1
1
1
1
1
1
1
1
1
1
1
1
1
1
1
1
1
1
1
1
1
1
1
1
1
1
1
1
1
1
1
1
1
1
1
1
1
1
1
1
1
1
1
1
1
1
1
1
1
1
1
1
1
1
1
1
1
1
1
1
1
1
1
1
1
1
1
1
1
1
1
1
1
1
1
1
1
1
1
1
1
1
1
1
1
1
1
1
1
1
1
1
1
1
1
1
1
1
1
1
1
1
1
1
1
1
1
1
1
1
1
1
1
1
1
1
1
1
1
1
1
1
1
1
1
1
1
1
1
1
1
1
1
1
1
1
1
1
1
1
1
1
1
1
1
1
1
1
1
1
1
1
1
1
1
1
1
1
1
1
1
1
1
1
1
1
1
1
1
1
1
1
1
1
1
1
1
1
1
1
1
1
1
1
1
1
1
1
1
1
1
1
1
1
1
1
1
1
1
1
1
1
1
1
1
1
1
1
1
1
1
1
1
1
1
1
1
1
1
1
1
1
1
1
1
1
1
1
1
1
1
1
1
1
1
1
1
1
1
1
1
1
1
1
1
1
1
1
1
1
1
1
1
1
1
1
1
1
1
1
1
1
1
1
1
1
1
1
1
1
1
1
1
1
1
1
1
1
1
1
1
1
1
1
1
1
1
1
1
1
1
1
1
1
1
1
1
1
1
1
1
1
1
1
1
1
1
1
1
1
1
1
1
1
1
1
1
1
1
1
1
1
1
1
1
1
1
1
1
1
1
1
1
1
1
1
1
1
1
1
1
1
1
1
1
1
1
1
1
1
1
1
1
1
1
1
1
1
1
1
1
1
1
1
1
1
1
1
1
1
1
1
1
1
1
1
1
1
1
1
1
1
1
1
1
1
1
1
1
1
1
1
1
1
1
1
1
1
1
1
1
1
1
1
1
1
1
1
1
1
1
1
1
1
1
1
1
1
1
1
1
1
1
1
1
1
1
1
1
1
1
1
1
1
1
1
1
1
1
1
1
1
1
1
1
1
1
1
1
1
1
1
1
1
1
1
1
1
1
1
1
1
1
1
1
1
1
1
1
1
1
1
1
1
1
1
1
1
1
1
1
1
1
1
1
1
1
1
1
1
1
1
1
1
1
1
1
1
1
1
1
1
1
1
1
1
1
1
1
1
1
1
1
1
1
1
1
1
1
1
1
1
1
1
1
1
1
1
1
1
1
1
1
1
1
1
1
1
1
1
1
1
1
1
1
1
1
1
1
1
1
1
1
1
1
1
1
1
1
1
1
1
1
1
1
1
1
1
1
1
1
1
1
1
1
1
1
1
1
1
1
1
1
1
1
1
1
1
1
1
1
1
1
1
1
1
1
1
1
1
1
1
1
1
1
1
1
1
1
1
1
1
1
1
1
1
1
1
1
1
1
1
1
1
1
1
1
1
1
1
1
1
1
1
1
1
1
1
1
1
1
1
1
1
1
1
1
1
1
1
1
1
1
1
1
1
1
1
1
1
1
1
1
1
1
1
1
1
1
1
1
1
1
1
1
1
1
1
1
1
1
1
1
1
1
1
1
1
1
1
1
1
1
1
1
1
1
1
1
1
1
1
1
1
1
1
1
1
1
1
1
1
1
1
1
1
1
1
1
1
1
1
1
1
1
1
1
1
1
1
1
1
1
1
1
1
1
1
1
1
1
1
1
1
1
1
1
1
1
1
1
1
1
1
1
1
1
1
1
1
1
1
1
1
1
1
1
1
1
1
1
1
1
1
1
1
1
1
1
1
1
1
1
1
1
1
1
1
1
1
1
1
1
1
1
1
1
1
1
1
1
1
1
1
1
1
1
1
1
1
1
1
1
1
1
1
1
1
1
1
1
1
1
1
1
1
1
1
1
1
1
1
1
1
1
1
1
1
1
1
1
1
1
1
1
1
1
1
1
1
1
1
1
1
1
1
1
1
1
1
1
1
1
1
1
1
1
1
1
1
1
1
1
1
1
1
1
1
1
1
1
1
1
1
1
1
1
1
1
1
1
1
1
1
1
1
1
1
1
1
1
1
1
1
1
1
1
1
1
1
1
1
1
1
1
1
1
1
1
1
1
1
1
1
1
1
1
1
1
1
1
1
1
1
1
1
1
1
1
1
1
1
1
1
1
1
1
1
1
1
1
1
1
1
1
1
1
1
1
1
1
1
1
1
1
1
1
1
1
1
1
1
1
1
1
1
1
1
1
1
1
1
1
1
1
1
1
1
1
1
1
1
1
1
1
1
1
1
1
1
1
1
1
1
1
1
1
1
1
1
1
1
1
1
1
1
1
1
1
1
1
1
1
1
1
1
1
1
1
1
1
1
1
1
1
1
1
1
1
1
1
1
1
1
1
1
1
1
1
1
1
1
1
1
1
1
1
1
1
1
1
1
1
1
1
1
1
1
1
1
1
1
1
1
1
1
1
1
1
1
1
1
1
1
1
1
1
1
1
1
1
1
1
1
1
1
1
1
1
1
1
1
1
1
1
1
1
1
1
1
1
1
1
1
1
1
1
1
1
1
1
1
1
1
1
1
1
1
1
1
1
1
1
1
1
1
1
1
1
1
1
1
1
1
1
1
1
1
1
1
1
1
1
1
1
1
1
1
1
1
1
1
1
1
1
1
1
1
1
1
1
1
1
1
1
1
1
1
1
1
1
1
1
1
1
1
1
1
1
1
1
1
1
1
1
1
1
1
1
1
1
1
1
1
1
1
1
1
1
1
1
1
1
1
1
1
1
1
1
1
1
1
1
1
1
1
1
1
1
1
1
1
1
1
1
1
1
1
1
1
1
1
1
1
1
1
1
1
1
1
1
1
1
1
1
1
1
1
1
1
1
1
1
1
1
1
1
1
1
1
1
1
1
1
1
1
1
1
1
1
1
1
1
1
1
1
1
1
1
1
1
1
1
1
1
1
1
1
1
1
1
1
1
1
1
1
1
1
1
1
1
1
1
1
1
1
1
1
1
1
1
1
1
1
1
1
1
1
1
1
1
1
1
1
1
1
1
1
1
1
1
1
1
1
1
1
1
1
1
1
1
1
1
1
1
1
1
1
1
1
1
1
1
1
1
1
1
1
1
1
1
1
1
1
1
1
1
1
1
1
1
1
1
1
1
1
1
1
1
1
1
1
1
1
1
1
1
1
1
1
1
1
1
1
1
1
1
1
1
1
1
1
1
1
1
1
1
1
1
1
1
1
1
1
1
1
1
1
1
1
1
1
1
1
1
1
1
1
1
1
1
1
1
1
1
1
1
1
1
1
1
1
1
1
1
1
1
1
1
1
1
1
1
1
1
1
1
1
1
1
1
1
1
1
1
1
1
1
1
1
1
1
1
1
1
1
1
1
1
1
1
1
1
1
1
1
1
1
1
1
1
1
1
1
1
1
1
1
1
1
1
1
1
1
1
1
1
1
1
1
1
1
1
1
1
1
1
1
1
1
1
1
1
1
1
1
1
1
1
1
1
1
1
1
1
1
1
1
1
1
1
1
1
1
1
1
1
1
1
1
1
1
1
1
1
1
1
1
1
1
1
1
1
1
1
1
1
1
1
1
1
1
1
1
1
1
1
1
1
1
1
1
1
1
1
1
1
1
1
1
1
1
1
1
1
1
1
1
1
1
1
1
1
1
1
1
1
1
1
1
1
1
1
1
1
1
1
1
1
1
1
1
1
1
1
1
1
1
1
1
1
1
1
1
1
1
1
1
1
1
1
1
1
1
1
1
1
1
1
1
1
1
1
1
1
1
1
1
1
1
1
1
1
1
1
1
1
1
1
1
1
1
1
1
1
1
1
1
1
1
1
1
1
1
1
1
1
1
1
1
1
1
1
1
1
1
1
1
1
1
1
1
1
1
1
1
1
1
1
1
1
1
1
1
1
1
1
1
1
1
1
1
1
1
1
1
1
1
1
1
1
1
1
1
1
1
1
1
1
1
1
1
1
1
1
1
1
1
1
1
1
1
1
1
1
1
1
1
1
1
1
1
1
1
1
1
1
1
1
1
1
1
1
1
1
1
1
1
1
1
1
1
1
1
1
1
1
1
1
1
1
1
1
1
1
1
1
1
1
1
1
1
1
1
1
1
1
1
1
1
1
1
1
1
1
1
1
1
1
1
1
1
1
1
1
1
1
1
1
1
1
1
1
1
1
1
1
1
1
1
1
1
1
1
1
1
1
1
1
1
1
1
1
1
1
1
1
1
1
1
1
1
1
1
1
1
1
1
1
1
1
1
1
1
1
1
1
1
1
1
1
1
1
1
1
1
1
1
1
1
1
1
1
1
1
1
1
1
1
1
1
1
1
1
1
1
1
1
1
1
1
1
1
1
1
1
1
1
1
1
1
1
1
1
1
1
1
1
1
1
1
1
1
1
1
1
1
1
1
1
1
1
1
1
1
1
1
1
1
1
1
1
1
1
1
1
1
1
1
1
1
1
1
1
1
1
1
1
1
1
1
1
1
1
1
1
1
1
1
1
1
1
1
1
1
1
1
1
1
1
1
1
1
1
1
1
1
1
1
1
1
1
1
1
1
1
1
1
1
1
1
1
1
1
1
1
1
1
1
1
1
1
1
1
1
1
1
1
1
1
1
1
1
1
1
1
1
1
1
1
1
1
1
1
1
1
1
1
1
1
1
1
1
1
1
1
1
1
1
1
1
1
1
1
1
1
1
1
1
1
1
1
1
1
1
1
1
1
1
1
1
1
1
1
1
1
1
1
1
1
1
1
1
1
1
1
1
1
1
1
1
1
1
1
1
1
1
1
1
1
1
1
1
1
1
1
1
1
1
1
1
1
1
1
1
1
1
1
1
1
1
1
1
1
1
1
1
1
1
1
1
1
1
1
1
1
1
1
1
1
1
1
1
1
1
1
1
1
1
1
1
1
1
1
1
1
1
1
1
1
1
1
1
1
1
1
1
1
1
1
1
1
1
1
1
1
1
1
1
1
1
1
1
1
1
1
1
1
1
1
1
1
1
1
1
1
1
1
1
1
1
1
1
1
1
1
1
1
1
1
1
1
1
1
1
1
1
1
1
1
1
1
1
1
1
1
1
1
1
1
1
1
1
1
1
1
1
1
1
1
1
1
1
1
1
1
1
1
1
1
1
1
1
1
1
1
1
1
1
1
1
1
1
1
1
1
1
1
1
1
1
1
1
1
1
1
1
1
1
1
1
1
1
1
1
1
1
1
1
1
1
1
1
1
1
1
1
1
1
1
1
1
1
1
1
1
1
1
1
1
1
1
1
1
1
1
1
1
1
1
1
1
1
1
1
1
1
1
1
1
1
1
1
1
1
1
1
1
1
1
1
1
1
1
1
1
1
1
1
1
1
1
1
1
1
1
1
1
1
1
1
1
1
1
1
1
1
1
1
1
1
1
1
1
1
1
1
1
1
1
1
1
1
1
1
1
1
1
1
1
1
1
1
1
1
1
1
1
1
1
1
1
1
1
1
1
1
1
1
1
1
1
1
1
1
1
1
1
1
1
1
1
1
1
1
1
1
1
1
1
1
1
1
1
1
1
1
1
1
1
1
1
1
1
1
1
1
1
1
1
1
1
1
1
1
1
1
1
1
1
1
1
1
1
1
1
1
1
1
1
1
1
1
1
1
1
1
1
1
1
1
1
1
1
1
1
1
1
1
1
1
1
1
1
1
1
1
1
1
1
1
1
1
1
1
1
1
1
1
1
1
1
1
1
1
1
1
1
1
1
1
1
1
1
1
1
1
1
1
1
1
1
1
1
1
1
1
1
1
1
1
1
1
1
1
1
1
1
1
1
1
1
1
1
1
1
1
1
1
1
1
1
1
1
1
1
1
1
1
1
1
1
1
1
1
1
1
1
1
1
1
1
1
1
1
1
1
1
1
1
1
1
1
1
1
1
1
1
1
1
1
1
1
1
1
1
1
1
1
1
1
1
1
1
1
1
1
1
1
1
1
1
1
1
1
1
1
1
1
1
1
1
1
1
1
1
1
1
1
1
1
1
1
1
1
1
1
1
1
1
1
1
1
1
1
1
1
1
1
1
1
1
1
1
1
1
1
1
1
1
1
1
1
1
1
1
1
1
1
1
1
1
1
1
1
1
1
1
1
1
1
1
1
1
1
1
1
1
1
1
1
1
1
1
1
1
1
1
1
1
1
1
1
1
1
1
1
1
1
1
1
1
1
1
1
1
1
1
1
1
1
1
1
1
1
1
1
1
1
1
1
1
1
1
1
1
1
1
1
1
1
1
1
1
1
1
1
1
1
1
1
1
1
1
1
1
1
1
1
1
1
1
1
1
1
1
1
1
1
1
1
1
1
1
1
1
1
1
1
1
1
1
1
1
1
1
1
1
1
1
1
1
1
1
1
1
1
1
1
1
1
1
1
1
1
1
1
1
1
1
1
1
1
1
1
1
1
1
1
1
1
1
1
1
1
1
1
1
1
1
1
1
1
1
1
1
1
1
1
1
1
1
1
1
1
1
1
1
1
1
1
1
1
1
1
1
1
1
1
1
1
1
1
1
1
1
1
1
1
1
1
1
1
1
1
1
1
1
1
1
1
1
1
1
1
1
1
1
1
1
1
1
1
1
1
1
1
1
1
1
1
1
1
1
1
1
1
1
1
1
1
1
1
1
1
1
1
1
1
1
1
1
1
1
1
1
1
1
1
1
1
1
1
1
1
1
1
1
1
1
1
1
1
1
1
1
1
1
1
1
1
1
1
1
1
1
1
1
1
1
1
1
1
1
1
1
1
1
1
1
1
1
1
1
1
1
1
1
1
1
1
1
1
1
1
1
1
1
1
1
1
1
1
1
1
1
1
1
1
1
1
1
1
1
1
1
1
1
1
1
1
1
1
1
1
1
1
1
1
1
1
1
1
1
1
1
1
1
1
1
1
1
1
1
1
1
1
1
1
1
1
1
1
1
1
1
1
1
1
1
1
1
1
1
1
1
1
1
1
1
1
1
1
1
1
1
1
1
1
1
1
1
1
1
1
1
1
1
1
1
1
1
1
1
1
1
1
1
1
1
1
1
1
1
1
1
1
1
1
1
1
1
1
1
1
1
1
1
1
1
1
1
1
1
1
1
1
1
1
1
1
1
1
1
1
1
1
1
1
1
1
1
1
1
1
1
1
1
1
1
1
1
1
1
1
1
1
1
1
1
1
1
1
1
1
1
1
1
1
1
1
1
1
1
1
1
1
1
1
1
1
1
1
1
1
1
1
1
1
1
1
1
1
1
1
1
1
1
1
1
1
1
1
1
1
1
1
1
1
1
1
1
1
1
1
1
1
1
1
1
1
1
1
1
1
1
1
1
1
1
1
1
1
1
1
1
1
1
1
1
1
1
1
1
1
1
1
1
1
1
1
1
1
1
1
1
1
1
1
1
1
1
1
1
1
1
1
1
1
1
1
1
1
1
1
1
1
1
1
1
1
1
1
1
1
1
1
1
1
1
1
1
1
1
1
1
1
1
1
1
1
1
1
1
1
1
1
1
1
1
1
1
1
1
1
1
1
1
1
1
1
1
1
1
1
1
1
1
1
1
1
1
1
1
1
1
1
1
1
1
1
1
1
1
1
1
1
1
1
1
1
1
1
1
1
1
1
1
1
1
1
1
1
1
1
1
1
1
1
1
1
1
1
1
1
1
1
1
1
1
1
1
1
1
1
1
1
1
1
1
1
1
1
1
1
1
1
1
1
1
1
1
1
1
1
1
1
1
1
1
1
1
1
1
1
1
1
1
1
1
1
1
1
1
1
1
1
1
1
1
1
1
1
1
1
1
1
1
1
1
1
1
1
1
1
1
1
1
1
1
1
1
1
1
1
1
1
1
1
1
1
1
1
1
1
1
1
1
1
1
1
1
1
1
1
1
1
1
1
1
1
1
1
1
1
1
1
1
1
1
1
1
1
1
1
1
1
1
1
1
1
1
1
1
1
1
1
1
1
1
1
1
1
1
1
1
1
1
1
1
1
1
1
1
1
1
1
1
1
1
1
1
1
1
1
1
1
1
1
1
1
1
1
1
1
1
1
1
1
1
1
1
1
1
1
1
1
1
1
1
1
1
1
1
1
1
1
1
1
1
1
1
1
1
1
1
1
1
1
1
1
1
1
1
1
1
1
1
1
1
1
1
1
1
1
1
1
1
1
1
1
1
1
1
1
1
1
1
1
1
1
1
1
1
1
1
1
1
1
1
1
1
1
1
1
1
1
1
1
1
1
1
1
1
1
1
1
1
1
1
1
1
1
1
1
1
1
1
1
1
1
1
1
1
1
1
1
1
1
1
1
1
1
1
1
1
1
1
1
1
1
1
1
1
1
1
1
1
1
1
1
1
1
1
1
1
1
1
1
1
1
1
1
1
1
1
1
1
1
1
1
1
1
1
1
1
1
1
1
1
1
1
1
1
1
1
1
1
1
1
1
1
1
1
1
1
1
1
1
1
1
1
1
1
1
1
1
1
1
1
1
1
1
1
1
1
1
1
1
1
1
1
1
1
1
1
1
1
1
1
1
1
1
1
1
1
1
1
1
1
1
1
1
1
1
1
1
1
1
1
1
1
1
1
1
1
1
1
1
1
1
1
1
1
1
1
1
1
1
1
1
1
1
1
1
1
1
1
1
1
1
1
1
1
1
1
1
1
1
1
1
1
1
1
1
1
1
1
1
1
1
1
1
1
1
1
1
1
1
1
1
1
1
1
1
1
1
1
1
1
1
1
1
1
1
1
1
1
1
1
1
1
1
1
1
1
1
1
1
1
1
1
1
1
1
1
1
1
1
1
1
1
1
1
1
1
1
1
1
1
1
1
1
1
1
1
1
1
1
1
1
1
1
1
1
1
1
1
1
1
1
1
1
1
1
1
1
1
1
1
1
1
1
1
1
1
1
1
1
1
1
1
1
1
1
1
1
1
1
1
1
1
1
1
1
1
1
1
1
1
1
1
1
1
1
1
1
1
1
1
1
1
1
1
1
1
1
1
1
1
1
1
1
1
1
1
1
1
1
1
1
1
1
1
1
1
1
1
1
1
1
1
1
1
1
1
1
1
1
1
1
1
1
1
1
1
1
1
1
1
1
1
1
1
1
1
1
1
1
1
1
1
1
1
1
1
1
1
1
1
1
1
1
1
1
1
1
1
1
1
1
1
1
1
1
1
1
1
1
1
1
1
1
1
1
1
1
1
1
1
1
1
1
1
1
1
1
1
1
1
1
1
1
1
1
1
1
1
1
1
1
1
1
1
1
1
1
1
1
1
1
1
1
1
1
1
1
1
1
1
1
1
1
1
1
1
1
1
1
1
1
1
1
1
1
1
1
1
1
1
1
1
1
1
1
1
1
1
1
1
1
1
1
1
1
1
1
1
1
1
1
1
1
1
1
1
1
1
1
1
1
1
1
1
1
1
1
1
1
1
1
1
1
1
1
1
1
1
1
1
1
1
1
1
1
1
1
1
1
1
1
1
1
1
1
1
1
1
1
1
1
1
1
1
1
1
1
1
1
1
1
1
1
1
1
1
1
1
1
1
1
1
1
1
1
1
1
1
1
1
1
1
1
1
1
1
1
1
1
1
1
1
1
1
1
1
1
1
1
1
1
1
1
1
1
1
1
1
1
1
1
1
1
1
1
1
1
1
1
1
1
1
1
1
1
1
1
1
1
1
1
1
1
1
1
1
1
1
1
1
1
1
1
1
1
1
1
1
1
1
1
1
1
1
1
1
1
1
1
1
1
1
1
1
1
1
1
1
1
1
1
1
1
1
1
1
1
1
1
1
1
1
1
1
1
1
1
1
1
1
1
1
1
1
1
1
1
1
1
1
1
1
1
1
1
1
1
1
1
1
1
1
1
1
1
1
1
1
1
1
1
1
1
1
1
1
1
1
1
1
1
1
1
1
1
1
1
1
1
1
1
1
1
1
1
1
1
1
1
1
1
1
1
1
1
1
1
1
1
1
1
1
1
1
1
1
1
1
1
1
1
1
1
1
1
1
1
1
1
1
1
1
1
1
1
1
1
1
1
1
1
1
1
1
1
1
1
1
1
1
1
1
1
1
1
1
1
1
1
1
1
1
1
1
1
1
1
1
1
1
1
1
1
1
1
1
1
1
1
1
1
1
1
1
1
1
1
1
1
1
1
1
1
1
1
1
1
1
1
1
1
1
1
1
1
1
1
1
1
1
1
1
1
1
1
1
1
1
1
1
1
1
1
1
1
1
1
1
1
1
1
1
1
1
1
1
1
1
1
1
1
1
1
1
1
1
1
1
1
1
1
1
1
1
1
1
1
1
1
1
1
1
1
1
1
1
1
1
1
1
1
1
1
1
1
1
1
1
1
1
1
1
1
1
1
1
1
1
1
1
1
1
1
1
1
1
1
1
1
1
1
1
1
1
1
1
1
1
1
1
1
1
1
1
1
1
1
1
1
1
1
1
1
1
1
1
1
1
1
1
1
1
1
1
1
1
1
1
1
1
1
1
1
1
1
1
1
1
1
1
1
1
1
1
1
1
1
1
1
1
1
1
1
1
1
1
1
1
1
1
1
1
1
1
1
1
1
1
1
1
1
1
1
1
1
1
1
1
1
1
1
1
1
1
1
1
1
1
1
1
1
1
1
1
1
1
1
1
1
1
1
1
1
1
1
1
1
1
1
1
1
1
1
1
1
1
1
1
1
1
1
1
1
1
1
1
1
1
1
1
1
1
1
1
1
1
1
1
1
1
1
1
1
1
1
1
1
1
1
1
1
1
1
1
1
1
1
1
1
1
1
1
1
1
1
1
1
1
1
1
1
1
1
1
1
1
1
1
1
1
1
1
1
1
1
1
1
1
1
1
1
1
1
1
1
1
1
1
1
1
1
1
1
1
1
1
1
1
1
1
1
1
1
1
1
1
1
1
1
1
1
1
1
1
1
1
1
1
1
1
1
1
1
1
1
1
1
1
1
1
1
1
1
1
1
1
1
1
1
1
1
1
1
1
1
1
1
1
1
1
1
1
1
1
1
1
1
1
1
1
1
1
1
1
1
1
1
1
1
1
1
1
1
1
1
1
1
1
1
1
1
1
1
1
1
1
1
1
1
1
1
1
1
1
1
1
1
1
1
1
1
1
1
1
1
1
1
1
1
1
1
1
1
1
1
1
1
1
1
1
1
1
1
1
1
1
1
1
1
1
1
1
1
1
1
1
1
1
1
1
1
1
1
1
1
1
1
1
1
1
1
1
1
1
1
1
1
1
1
1
1
1
1
1
1
1
1
1
1
1
1
1
1
1
1
1
1
1
1
1
1
1
1
1
1
1
1
1
1
1
1
1
1
1
1
1
1
1
1
1
1
1
1
1
1
1
1
1
1
1
1
1
1
1
1
1
1
1
1
1
1
1
1
1
1
1
1
1
1
1
1
1
1
1
1
1
1
1
1
1
1
1
1
1
1
1
1
1
1
1
1
1
1
1
1
1
1
1
1
1
1
1
1
1
1
1
1
1
1
1
1
1
1
1
1
1
1
1
1
1
1
1
1
1
1
1
1
1
1
1
1
1
1
1
1
1
1
1
1
1
1
1
1
1
1
1
1
1
1
1
1
1
1
1
1
1
1
1
1
1
1
1
1
1
1
1
1
1
1
1
1
1
1
1
1
1
1
1
1
1
1
1
1
1
1
1
1
1
1
1
1
1
1
1
1
1
1
1
1
1
1
1
1
1
1
1
1
1
1
1
1
1
1
1
1
1
1
1
1
1
1
1
1
1
1
1
1
1
1
1
1
1
1
1
1
1
1
1
1
1
1
1
1
1
1
1
1
1
1
1
1
1
1
1
1
1
1
1
1
1
1
1
1
1
1
1
1
1
1
1
1
1
1
1
1
1
1
1
1
1
1
1
1
1
1
1
1
1
1
1
1
1
1
1
1
1
1
1
1
1
1
1
1
1
1
1
1
1
1
1
1
1
1
1
1
1
1
1
1
1
1
1
1
1
1
1
1
1
1
1
1
1
1
1
1
1
1
1
1
1
1
1
1
1
1
1
1
1
1
1
1
1
1
1
1
1
1
1
1
1
1
1
1
1
1
1
1
1
1
1
1
1
1
1
1
1
1
1
1
1
1
1
1
1
1
1
1
1
1
1
1
1
1
1
1
1
1
1
1
1
1
1
1
1
1
1
1
1
1
1
1
1
1
1
1
1
1
1
1
1
1
1
1
1
1
1
1
1
1
1
1
1
1
1
1
1
1
1
1
1
1
1
1
1
1
1
1
1
1
1
1
1
1
1
1
1
1
1
1
1
1
1
1
1
1
1
1
1
1
1
1
1
1
1
1
1
1
1
1
1
1
1
1
1
1
1
1
1
1
1
1
1
1
1
1
1
1
1
1
1
1
1
1
1
1
1
1
1
1
1
1
1
1
1
1
1
1
1
1
1
1
1
1
1
1
1
1
1
1
1
1
1
1
1
1
1
1
1
1
1
1
1
1
1
1
1
1
1
1
1
1
1
1
1
1
1
1
1
1
1
1
1
1
1
1
1
1
1
1
1
1
1
1
1
1
1
1
1
1
1
1
1
1
1
1
1
1
1
1
1
1
1
1
1
1
1
1
1
1
1
1
1
1
1
1
1
1
1
1
1
1
1
1
1
1
1
1
1
1
1
1
1
1
1
1
1
1
1
1
1
1
1
1
1
1
1
1
1
1
1
1
1
1
1
1
1
1
1
1
1
1
1
1
1
1
1
1
1
1
1
1
1
1
1
1
1
1
1
1
1
1
1
1
1
1
1
1
1
1
1
1
1
1
1
1
1
1
1
1
1
1
1
1
1
1
1
1
1
1
1
1
1
1
1
1
1
1
1
1
1
1
1
1
1
1
1
1
1
1
1
1
1
1
1
1
1
1
1
1
1
1
1
1
1
1
1
1
1
1
1
1
1
1
1
1
1
1
1
1
1
1
1
1
1
1
1
1
1
1
1
1
1
1
1
1
1
1
1
1
1
1
1
1
1
1
1
1
1
1
1
1
1
1
1
1
1
1
1
1
1
1
1
1
1
1
1
1
1
1
1
1
1
1
1
1
1
1
1
1
1
1
1
1
1
1
1
1
1
1
1
1
1
1
1
1
1
1
1
1
1
1
1
1
1
1
1
1
1
1
1
1
1
1
1
1
1
1
1
1
1
1
1
1
1
1
1
1
1
1
1
1
1
1
1
1
1
1
1
1
1
1
1
1
1
1
1
1
1
1
1
1
1
1
1
1
1
1
1
1
1
1
1
1
1
1
1
1
1
1
1
1
1
1
1
1
1
1
1
1
1
1
1
1
1
1
1
1
1
1
1
1
1
1
1
1
1
1
1
1
1
1
1
1
1
1
1
1
1
1
1
1
1
1
1
1
1
1
1
1
1
1
1
1
1
1
1
1
1
1
1
1
1
1
1
1
1
1
1
1
1
1
1
1
1
1
1
1
1
1
1
1
1
1
1
1
1
1
1
1
1
1
1
1
1
1
1
1
1
1
1
1
1
1
1
1
1
1
1
1
1
1
1
1
1
1
1
1
1
1
1
1
1
1
1
1
1
1
1
1
1
1
1
1
1
1
1
1
1
1
1
1
1
1
1
1
1
1
1
1
1
1
1
1
1
1
1
1
1
1
1
1
1
1
1
1
1
1
1
1
1
1
1
1
1
1
1
1
1
1
1
1
1
1
1
1
1
1
1
1
1
1
1
1
1
1
1
1
1
1
1
1
1
1
1
1
1
1
1
1
1
1
1
1
1
1
1
1
1
1
1
1
1
1
1
1
1
1
1
1
1
1
1
1
1
1
1
1
1
1
1
1
1
1
1
1
1
1
1
1
1
1
1
1
1
1
1
1
1
1
1
1
1
1
1
1
1
1
1
1
1
1
1
1
1
1
1
1
1
1
1
1
1
1
1
1
1
1
1
1
1
1
1
1
1
1
1
1
1
1
1
1
1
1
1
1
1
1
1
1
1
1
1
1
1
1
1
1
1
1
1
1
1
1
1
1
1
1
1
1
1
1
1
1
1
1
1
1
1
1
1
1
1
1
1
1
1
1
1
1
1
1
1
1
1
1
1
1
1
1
1
1
1
1
1
1
1
1
1
1
1
1
1
1
1
1
1
1
1
1
1
1
1
1
1
1
1
1
1
1
1
1
1
1
1
1
1
1
1
1
1
1
1
1
1
1
1
1
1
1
1
1
1
1
1
1
1
1
1
1
1
1
1
1
1
1
1
1
1
1
1
1
1
1
1
1
1
1
1
1
1
1
1
1
1
1
1
1
1
1
1
1
1
1
1
1
1
1
1
1
1
1
1
1
1
1
1
1
1
1
1
1
1
1
1
1
1
1
1
1
1
1
1
1
1
1
1
1
1
1
1
1
1
1
1
1
1
1
1
1
1
1
1
1
1
1
1
1
1
1
1
1
1
1
1
1
1
1
1
1
1
1
1
1
1
1
1
1
1
1
1
1
1
1
1
1
1
1
1
1
1
1
1
1
1
1
1
1
1
1
1
1
1
1
1
1
1
1
1
1
1
1
1
1
1
1
1
1
1
1
1
1
1
1
1
1
1
1
1
1
1
1
1
1
1
1
1
1
1
1
1
1
1
1
1
1
1
1
1
1
1
1
1
1
1
1
1
1
1
1
1
1
1
1
1
1
1
1
1
1
1
1
1
1
1
1
1
1
1
1
1
1
1
1
1
1
1
1
1
1
1
1
1
1
1
1
1
1
1
1
1
1
1
1
1
1
1
1
1
1
1
1
1
1
1
1
1
1
1
1
1
1
1
1
1
1
1
1
1
1
1
1
1
1
1
1
1
1
1
1
1
1
1
1
1
1
1
1
1
1
1
1
1
1
1
1
1
1
1
1
1
1
1
1
1
1
1
1
1
1
1
1
1
1
1
1
1
1
1
1
1
1
1
1
1
1
1
1
1
1
1
1
1
1
1
1
1
1
1
1
1
1
1
1
1
1
1
1
1
1
1
1
1
1
1
1
1
1
1
1
1
1
1
1
1
1
1
1
1
1
1
1
1
1
1
1
1
1
1
1
1
1
1
1
1
1
1
1
1
1
1
1
1
1
1
1
1
1
1
1
1
1
1
1
1
1
1
1
1
1
1
1
1
1
1
1
1
1
1
1
1
1
1
1
1
1
1
1
1
1
1
1
1
1
1
1
1
1
1
1
1
1
1
1
1
1
1
1
1
1
1
1
1
1
1
1
1
1
1
1
1
1
1
1
1
1
1
1
1
1
1
1
1
1
1
1
1
1
1
1
1
1
1
1
1
1
1
1
1
1
1
1
1
1
1
1
1
1
1
1
1
1
1
1
1
1
1
1
1
1
1
1
1
1
1
1
1
1
1
1
1
1
1
1
1
1
1
1
1
1
1
1
1
1
1
1
1
1
1
1
1
1
1
1
1
1
1
1
1
1
1
1
1
1
1
1
1
1
1
1
1
1
1
1
1
1
1
1
1
1
1
1
1
1
1
1
1
1
1
1
1
1
1
1
1
1
1
1
1
1
1
1
1
1
1
1
1
1
1
1
1
1
1
1
1
1
1
1
1
1
1
1
1
1
1
1
1
1
1
1
1
1
1
1
1
1
1
1
1
1
1
1
1
1
1
1
1
1
1
1
1
1
1
1
1
1
1
1
1
1
1
1
1
1
1
1
1
1
1
1
1
1
1
1
1
1
1
1
1
1
1
1
1
1
1
1
1
1
1
1
1
1
1
1
1
1
1
1
1
1
1
1
1
1
1
1
1
1
1
1
1
1
1
1
1
1
1
1
1
1
1
1
1
1
1
1
1
1
1
1
1
1
1
1
1
1
1
1
1
1
1
1
1
1
1
1
1
1
1
1
1
1
1
1
1
1
1
1
1
1
1
1
1
1
1
1
1
1
1
1
1
1
1
1
1
1
1
1
1
1
1
1
1
1
1
1
1
1
1
1
1
1
1
1
1
1
1
1
1
1
1
1
1
1
1
1
1
1
1
1
1
1
1
1
1
1
1
1
1
1
1
1
1
1
1
1
1
1
1
1
1
1
1
1
1
1
1
1
1
1
1
1
1
1
1
1
1
1
1
1
1
1
1
1
1
1
1
1
1
1
1
1
1
1
1
1
1
1
1
1
1
1
1
1
1
1
1
1
1
1
1
1
1
1
1
1
1
1
1
1
1
1
1
1
1
1
1
1
1
1
1
1
1
1
1
1
1
1
1
1
1
1
1
1
1
1
1
1
1
1
1
1
1
1
1
1
1
1
1
1
1
1
1
1
1
1
1
1
1
1
1
1
1
1
1
1
1
1
1
1
1
1
1
1
1
1
1
1
1
1
1
1
1
1
1
1
1
1
1
1
1
1
1
1
1
1
1
1
1
1
1
1
1
1
1
1
1
1
1
1
1
1
1
1
1
1
1
1
1
1
1
1
1
1
1
1
1
1
1
1
1
1
1
1
1
1
1
1
1
1
1
1
1
1
1
1
1
1
1
1
1
1
1
1
1
1
1
1
1
1
1
1
1
1
1
1
1
1
1
1
1
1
1
1
1
1
1
1
1
1
1
1
1
1
1
1
1
1
1
1
1
1
1
1
1
1
1
1
1
1
1
1
1
1
1
1
1
1
1
1
1
1
1
1
1
1
1
1
1
1
1
1
1
1
1
1
1
1
1
1
1
1
1
1
1
1
1
1
1
1
1
1
1
1
1
1
1
1
1
1
1
1
1
1
1
1
1
1
1
1
1
1
1
1
1
1
1
1
1
1
1
1
1
1
1
1
1
1
1
1
1
1
1
1
1
1
1
1
1
1
1
1
1
1
1
1
1
1
1
1
1
1
1
1
1
1
1
1
1
1
1
1
1
1
1
1
1
1
1
1
1
1
1
1
1
1
1
1
1
1
1
1
1
1
1
1
1
1
1
1
1
1
1
1
1
1
1
1
1
1
1
1
1
1
1
1
1
1
1
1
1
1
1
1
1
1
1
1
1
1
1
1
1
1
1
1
1
1
1
1
1
1
1
1
1
1
1
1
1
1
1
1
1
1
1
1
1
1
1
1
1
1
1
1
1
1
1
1
1
1
1
1
1
1
1
1
1
1
1
1
1
1
1
1
1
1
1
1
1
1
1
1
1
1
1
1
1
1
1
1
1
1
1
1
1
1
1
1
1
1
1
1
1
1
1
1
1
1
1
1
1
1
1
1
1
1
1
1
1
1
1
1
1
1
1
1
1
1
1
1
1
1
1
1
1
1
1
1
1
1
1
1
1
1
1
1
1
1
1
1
1
1
1
1
1
1
1
1
1
1
1
1
1
1
1
1
1
1
1
1
1
1
1
1
1
1
1
1
1
1
1
1
1
1
1
1
1
1
1
1
1
1
1
1
1
1
1
1
1
1
1
1
1
1
1
1
1
1
1
1
1
1
1
1
1
1
1
1
1
1
1
1
1
1
1
1
1
1
1
1
1
1
1
1
1
1
1
1
1
1
1
1
1
1
1
1
1
1
1
1
1
1
1
1
1
1
1
1
1
1
1
1
1
1
1
1
1
1
1
1
1
1
1
1
1
1
1
1
1
1
1
1
1
1
1
1
1
1
1
1
1
1
1
1
1
1
1
1
1
1
1
1
1
1
1
1
1
1
1
1
1
1
1
1
1
1
1
1
1
1
1
1
1
1
1
1
1
1
1
1
1
1
1
1
1
1
1
1
1
1
1
1
1
1
1
1
1
1
1
1
1
1
1
1
1
1
1
1
1
1
1
1
1
1
1
1
1
1
1
1
1
1
1
1
1
1
1
1
1
1
1
1
1
1
1
1
1
1
1
1
1
1
1
1
1
1
1
1
1
1
1
1
1
1
1
1
1
1
1
1
1
1
1
1
1
1
1
1
1
1
1
1
1
1
1
1
1
1
1
1
1
1
1
1
1
1
1
1
1
1
1
1
1
1
1
1
1
1
1
1
1
1
1
1
1
1
1
1
1
1
1
1
1
1
1
1
1
1
1
1
1
1
1
1
1
1
1
1
1
1
1
1
1
1
1
1
1
1
1
1
1
1
1
1
1
1
1
1
1
1
1
1
1
1
1
1
1
1
1
1
1
1
1
1
1
1
1
1
1
1
1
1
1
1
1
1
1
1
1
1
1
1
1
1
1
1
1
1
1
1
1
1
1
1
1
1
1
1
1
1
1
1
1
1
1
1
1
1
1
1
1
1
1
1
1
1
1
1
1
1
1
1
1
1
1
1
1
1
1
1
1
1
1
1
1
1
1
1
1
1
1
1
1
1
1
1
1
1
1
1
1
1
1
1
1
1
1
1
1
1
1
1
1
1
1
1
1
1
1
1
1
1
1
1
1
1
1
1
1
1
1
1
1
1
1
1
1
1
1
1
1
1
1
1
1
1
1
1
1
1
1
1
1
1
1
1
1
1
1
1
1
1
1
1
1
1
1
1
1
1
1
1
1
1
1
1
1
1
1
1
1
1
1
1
1
1
1
1
1
1
1
1
1
1
1
1
1
1
1
1
1
1
1
1
1
1
1
1
1
1
1
1
1
1
1
1
1
1
1
1
1
1
1
1
1
1
1
1
1
1
1
1
1
1
1
1
1
1
1
1
1
1
1
1
1
1
1
1
1
1
1
1
1
1
1
1
1
1
1
1
1
1
1
1
1
1
1
1
1
1
1
1
1
1
1
1
1
1
1
1
1
1
1
1
1
1
1
1
1
1
1
1
1
1
1
1
1
1
1
1
1
1
1
1
1
1
1
1
1
1
1
1
1
1
1
1
1
1
1
1
1
1
1
1
1
1
1
1
1
1
1
1
1
1
1
1
1
1
1
1
1
1
1
1
1
1
1
1
1
1
1
1
1
1
1
1
1
1
1
1
1
1
1
1
1
1
1
1
1
1
1
1
1
1
1
1
1
1
1
1
1
1
1
1
1
1
1
1
1
1
1
1
1
1
1
1
1
1
1
1
1
1
1
1
1
1
1
1
1
1
1
1
1
1
1
1
1
1
1
1
1
1
1
1
1
1
1
1
1
1
1
1
1
1
1
1
1
1
1
1
1
1
1
1
1
1
1
1
1
1
1
1
1
1
1
1
1
1
1
1
1
1
1
1
1
1
1
1
1
1
1
1
1
1
1
1
1
1
1
1
1
1
1
1
1
1
1
1
1
1
1
1
1
1
1
1
1
1
1
1
1
1
1
1
1
1
1
1
1
1
1
1
1
1
1
1
1
1
1
1
1
1
1
1
1
1
1
1
1
1
1
1
1
1
1
1
1
1
1
1
1
1
1
1
1
1
1
1
1
1
1
1
1
1
1
1
1
1
1
1
1
1
1
1
1
1
1
1
1
1
1
1
1
1
1
1
1
1
1
1
1
1
1
1
1
1
1
1
1
1
1
1
1
1
1
1
1
1
1
1
1
1
1
1
1
1
1
1
1
1
1
1
1
1
1
1
1
1
1
1
1
1
1
1
1
1
1
1
1
1
1
1
1
1
1
1
1
1
1
1
1
1
1
1
1
1
1
1
1
1
1
1
1
1
1
1
1
1
1
1
1
1
1
1
1
1
1
1
1
1
1
1
1
1
1
1
1
1
1
1
1
1
1
1
1
1
1
1
1
1
1
1
1
1
1
1
1
1
1
1
1
1
1
1
1
1
1
1
1
1
1
1
1
1
1
1
1
1
1
1
1
1
1
1
1
1
1
1
1
1
1
1
1
1
1
1
1
1
1
1
1
1
1
1
1
1
1
1
1
1
1
1
1
1
1
1
1
1
1
1
1
1
1
1
1
1
1
1
1
1
1
1
1
1
1
1
1
1
1
1
1
1
1
1
1
1
1
1
1
1
1
1
1
1
1
1
1
1
1
1
1
1
1
1
1
1
1
1
1
1
1
1
1
1
1
1
1
1
1
1
1
1
1
1
1
1
1
1
1
1
1
1
1
1
1
1
1
1
1
1
1
1
1
1
1
1
1
1
1
1
1
1
1
1
1
1
1
1
1
1
1
1
1
1
1
1
1
1
1
1
1
1
1
1
1
1
1
1
1
1
1
1
1
1
1
1
1
1
1
1
1
1
1
1
1
1
1
1
1
1
1
1
1
1
1
1
1
1
1
1
1
1
1
1
1
1
1
1
1
1
1
1
1
1
1
1
1
1
1
1
1
1
1
1
1
1
1
1
1
1
1
1
1
1
1
1
1
1
1
1
1
1
1
1
1
1
1
1
1
1
1
1
1
1
1
1
1
1
1
1
1
1
1
1
1
1
1
1
1
1
1
1
1
1
1
1
1
1
1
1
1
1
1
1
1
1
1
1
1
1
1
1
1
1
1
1
1
1
1
1
1
1
1
1
1
1
1
1
1
1
1
1
1
1
1
1
1
1
1
1
1
1
1
1
1
1
1
1
1
1
1
1
1
1
1
1
1
1
1
1
1
1
1
1
1
1
1
1
1
1
1
1
1
1
1
1
1
1
1
1
1
1
1
1
1
1
1
1
1
1
1
1
1
1
1
1
1
1
1
1
1
1
1
1
1
1
1
1
1
1
1
1
1
1
1
1
1
1
1
1
1
1
1
1
1
1
1
1
1
1
1
1
1
1
1
1
1
1
1
1
1
1
1
1
1
1
1
1
1
1
1
1
1
1
1
1
1
1
1
1
1
1
1
1
1
1
1
1
1
1
1
1
1
1
1
1
1
1
1
1
1
1
1
1
1
1
1
1
1
1
1
1
1
1
1
1
1
1
1
1
1
1
1
1
1
1
1
1
1
1
1
1
1
1
1
1
1
1
1
1
1
1
1
1
1
1
1
1
1
1
1
1
1
1
1
1
1
1
1
1
1
1
1
1
1
1
1
1
1
1
1
1
1
1
1
1
1
1
1
1
1
1
1
1
1
1
1
1
1
1
1
1
1
1
1
1
1
1
1
1
1
1
1
1
1
1
1
1
1
1
1
1
1
1
1
1
1
1
1
1
1
1
1
1
1
1
1
1
1
1
1
1
1
1
1
1
1
1
1
1
1
1
1
1
1
1
1
1
1
1
1
1
1
1
1
1
1
1
1
1
1
1
1
1
1
1
1
1
1
1
1
1
1
1
1
1
1
1
1
1
1
1
1
1
1
1
1
1
1
1
1
1
1
1
1
1
1
1
1
1
1
1
1
1
1
1
1
1
1
1
1
1
1
1
1
1
1
1
1
1
1
1
1
1
1
1
1
1
1
1
1
1
1
1
1
1
1
1
1
1
1
1
1
1
1
1
1
1
1
1
1
1
1
1
1
1
1
1
1
1
1
1
1
1
1
1
1
1
1
1
1
1
1
1
1
1
1
1
1
1
1
1
1
1
1
1
1
1
1
1
1
1
1
1
1
1
1
1
1
1
1
1
1
1
1
1
1
1
1
1
1
1
1
1
1
1
1
1
1
1
1
1
1
1
1
1
1
1
1
1
1
1
1
1
1
1
1
1
1
1
1
1
1
1
1
1
1
1
1
1
1
1
1
1
1
1
1
1
1
1
1
1
1
1
1
1
1
1
1
1
1
1
1
1
1
1
1
1
1
1
1
1
1
1
1
1
1
1
1
1
1
1
1
1
1
1
1
1
1
1
1
1
1
1
1
1
1
1
1
1
1
1
1
1
1
1
1
1
1
1
1
1
1
1
1
1
1
1
1
1
1
1
1
1
1
1
1
1
1
1
1
1
1
1
1
1
1
1
1
1
1
1
1
1
1
1
1
1
1
1
1
1
1
1
1
1
1
1
1
1
1
1
1
1
1
1
1
1
1
1
1
1
1
1
1
1
1
1
1
1
1
1
1
1
1
1
1
1
1
1
1
1
1
1
1
1
1
1
1
1
1
1
1
1
1
1
1
1
1
1
1
1
1
1
1
1
1
1
1
1
1
1
1
1
1
1
1
1
1
1
1
1
1
1
1
1
1
1
1
1
1
1
1
1
1
1
1
1
1
1
1
1
1
1
1
1
1
1
1
1
1
1
1
1
1
1
1
1
1
1
1
1
1
1
1
1
1
1
1
1
1
1
1
1
1
1
1
1
1
1
1
1
1
1
1
1
1
1
1
1
1
1
1
1
1
1
1
1
1
1
1
1
1
1
1
1
1
1
1
1
1
1
1
1
1
1
1
1
1
1
1
1
1
1
1
1
1
1
1
1
1
1
1
1
1
1
1
1
1
1
1
1
1
1
1
1
1
1
1
1
1
1
1
1
1
1
1
1
1
1
1
1
1
1
1
1
1
1
1
1
1
1
1
1
1
1
1
1
1
1
1
1
1
1
1
1
1
1
1
1
1
1
1
1
1
1
1
1
1
1
1
1
1
1
1
1
1
1
1
1
1
1
1
1
1
1
1
1
1
1
1
1
1
1
1
1
1
1
1
1
1
1
1
1
1
1
1
1
1
1
1
1
1
1
1
1
1
1
1
1
1
1
1
1
1
1
1
1
1
1
1
1
1
1
1
1
1
1
1
1
1
1
1
1
1
1
1
1
1
1
1
1
1
1
1
1
1
1
1
1
1
1
1
1
1
1
1
1
1
1
1
1
1
1
1
1
1
1
1
1
1
1
1
1
1
1
1
1
1
1
1
1
1
1
1
1
1
1
1
1
1
1
1
1
1
1
1
1
1
1
1
1
1
1
1
1
1
1
1
1
1
1
1
1
1
1
1
1
1
1
1
1
1
1
1
1
1
1
1
1
1
1
1
1
1
1
1
1
1
1
1
1
1
1
1
1
1
1
1
1
1
1
1
1
1
1
1
1
1
1
1
1
1
1
1
1
1
1
1
1
1
1
1
1
1
1
1
1
1
1
1
1
1
1
1
1
1
1
1
1
1
1
1
1
1
1
1
1
1
1
1
1
1
1
1
1
1
1
1
1
1
1
1
1
1
1
1
1
1
1
1
1
1
1
1
1
1
1
1
1
1
1
1
1
1
1
1
1
1
1
1
1
1
1
1
1
1
1
1
1
1
1
1
1
1
1
1
1
1
1
1
1
1
1
1
1
1
1
1
1
1
1
1
1
1
1
1
1
1
1
1
1
1
1
1
1
1
1
1
1
1
1
1
1
1
1
1
1
1
1
1
1
1
1
1
1
1
1
1
1
1
1
1
1
1
1
1
1
1
1
1
1
1
1
1
1
1
1
1
1
1
1
1
1
1
1
1
1
1
1
1
1
1
1
1
1
1
1
1
1
1
1
1
1
1
1
1
1
1
1
1
1
1
1
1
1
1
1
1
1
1
1
1
1
1
1
1
1
1
1
1
1
1
1
1
1
1
1
1
1
1
1
1
1
1
1
1
1
1
1
1
1
1
1
1
1
1
1
1
1
1
1
1
1
1
1
1
1
1
1
1
1
1
1
1
1
1
1
1
1
1
1
1
1
1
1
1
1
1
1
1
1
1
1
1
1
1
1
1
1
1
1
1
1
1
1
1
1
1
1
1
1
1
1
1
1
1
1
1
1
1
1
1
1
1
1
1
1
1
1
1
1
1
1
1
1
1
1
1
1
1
1
1
1
1
1
1
1
1
1
1
1
1
1
1
1
1
1
1
1
1
1
1
1
1
1
1
1
1
1
1
1
1
1
1
1
1
1
1
1
1
1
1
1
1
1
1
1
1
1
1
1
1
1
1
1
1
1
1
1
1
1
1
1
1
1
1
1
1
1
1
1
1
1
1
1
1
1
1
1
1
1
1
1
1
1
1
1
1
1
1
1
1
1
1
1
1
1
1
1
1
1
1
1
1
1
1
1
1
1
1
1
1
1
1
1
1
1
1
1
1
1
1
1
1
1
1
1
1
1
1
1
1
1
1
1
1
1
1
1
1
1
1
1
1
1
1
1
1
1
1
1
1
1
1
1
1
1
1
1
1
1
1
1
1
1
1
1
1
1
1
1
1
1
1
1
1
1
1
1
1
1
1
1
1
1
1
1
1
1
1
1
1
1
1
1
1
1
1
1
1
1
1
1
1
1
1
1
1
1
1
1
1
1
1
1
1
1
1
1
1
1
1
1
1
1
1
1
1
1
1
1
1
1
1
1
1
1
1
1
1
1
1
1
1
1
1
1
1
1
1
1
1
1
1
1
1
1
1
1
1
1
1
1
1
1
1
1
1
1
1
1
1
1
1
1
1
1
1
1
1
1
1
1
1
1
1
1
1
1
1
1
1
1
1
1
1
1
1
1
1
1
1
1
1
1
1
1
1
1
1
1
1
1
1
1
1
1
1
1
1
1
1
1
1
1
1
1
1
1
1
1
1
1
1
1
1
1
1
1
1
1
1
1
1
1
1
1
1
1
1
1
1
1
1
1
1
1
1
1
1
1
1
1
1
1
1
1
1
1
1
1
1
1
1
1
1
1
1
1
1
1
1
1
1
1
1
1
1
1
1
1
1
1
1
1
1
1
1
1
1
1
1
1
1
1
1
1
1
1
1
1
1
1
1
1
1
1
1
1
1
1
1
1
1
1
1
1
1
1
1
1
1
1
1
1
1
1
1
1
1
1
1
1
1
1
1
1
1
1
1
1
1
1
1
1
1
1
1
1
1
1
1
1
1
1
1
1
1
1
1
1
1
1
1
1
1
1
1
1
1
1
1
1
1
1
1
1
1
1
1
1
1
1
1
1
1
1
1
1
1
1
1
1
1
1
1
1
1
1
1
1
1
1
1
1
1
1
1
1
1
1
1
1
1
1
1
1
1
1
1
1
1
1
1
1
1
1
1
1
1
1
1
1
1
1
1
1
1
1
1
1
1
1
1
1
1
1
1
1
1
1
1
1
1
1
1
1
1
1
1
1
1
1
1
1
1
1
1
1
1
1
1
1
1
1
1
1
1
1
1
1
1
1
1
1
1
1
1
1
1
1
1
1
1
1
1
1
1
1
1
1
1
1
1
1
1
1
1
1
1
1
1
1
1
1
1
1
1
1
1
1
1
1
1
1
1
1
1
1
1
1
1
1
1
1
1
1
1
1
1
1
1
1
1
1
1
1
1
1
1
1
1
1
1
1
1
1
1
1
1
1
1
1
1
1
1
1
1
1
1
1
1
1
1
1
1
1
1
1
1
1
1
1
1
1
1
1
1
1
1
1
1
1
1
1
1
1
1
1
1
1
1
1
1
1
1
1
1
1
1
1
1
1
1
1
1
1
1
1
1
1
1
1
1
1
1
1
1
1
1
1
1
1
1
1
1
1
1
1
1
1
1
1
1
1
1
1
1
1
1
1
1
1
1
1
1
1
1
1
1
1
1
1
1
1
1
1
1
1
1
1
1
1
1
1
1
1
1
1
1
1
1
1
1
1
1
1
1
1
1
1
1
1
1
1
1
1
1
1
1
1
1
1
1
1
1
1
1
1
1
1
1
1
1
1
1
1
1
1
1
1
1
1
1
1
1
1
1
1
1
1
1
1
1
1
1
1
1
1
1
1
1
1
1
1
1
1
1
1
1
1
1
1
1
1
1
1
1
1
1
1
1
1
1
1
1
1
1
1
1
1
1
1
1
1
1
1
1
1
1
1
1
1
1
1
1
1
1
1
1
1
1
1
1
1
1
1
1
1
1
1
1
1
1
1
1
1
1
1
1
1
1
1
1
1
1
1
1
1
1
1
1
1
1
1
1
1
1
1
1
1
1
1
1
1
1
1
1
1
1
1
1
1
1
1
1
1
1
1
1
1
1
1
1
1
1
1
1
1
1
1
1
1
1
1
1
1
1
1
1
1
1
1
1
1
1
1
1
1
1
1
1
1
1
1
1
1
1
1
1
1
1
1
1
1
1
1
1
1
1
1
1
1
1
1
1
1
1
1
1
1
1
1
1
1
1
1
1
1
1
1
1
1
1
1
1
1
1
1
1
1
1
1
1
1
1
1
1
1
1
1
1
1
1
1
1
1
1
1
1
1
1
1
1
1
1
1
1
1
1
1
1
1
1
1
1
1
1
1
1
1
1
1
1
1
1
1
1
1
1
1
1
1
1
1
1
1
1
1
1
1
1
1
1
1
1
1
1
1
1
1
1
1
1
1
1
1
1
1
1
1
1
1
1
1
1
1
1
1
1
1
1
1
1
1
1
1
1
1
1
1
1
1
1
1
1
1
1
1
1
1
1
1
1
1
1
1
1
1
1
1
1
1
1
1
1
1
1
1
1
1
1
1
1
1
1
1
1
1
1
1
1
1
1
1
1
1
1
1
1
1
1
1
1
1
1
1
1
1
1
1
1
1
1
1
1
1
1
1
1
1
1
1
1
1
1
1
1
1
1
1
1
1
1
1
1
1
1
1
1
1
1
1
1
1
1
1
1
1
1
1
1
1
1
1
1
1
1
1
1
1
1
1
1
1
1
1
1
1
1
1
1
1
1
1
1
1
1
1
1
1
1
1
1
1
1
1
1
1
1
1
1
1
1
1
1
1
1
1
1
1
1
1
1
1
1
1
1
1
1
1
1
1
1
1
1
1
1
1
1
1
1
1
1
1
1
1
1
1
1
1
1
1
1
1
1
1
1
1
1
1
1
1
1
1
1
1
1
1
1
1
1
1
1
1
1
1
1
1
1
1
1
1
1
1
1
1
1
1
1
1
1
1
1
1
1
1
1
1
1
1
1
1
1
1
1
1
1
1
1
1
1
1
1
1
1
1
1
1
1
1
1
1
1
1
1
1
1
1
1
1
1
1
1
1
1
1
1
1
1
1
1
1
1
1
1
1
1
1
1
1
1
1
1
1
1
1
1
1
1
1
1
1
1
1
1
1
1
1
1
1
1
1
1
1
1
1
1
1
1
1
1
1
1
1
1
1
1
1
1
1
1
1
1
1
1
1
1
1
1
1
1
1
1
1
1
1
1
1
1
1
1
1
1
1
1
1
1
1
1
1
1
1
1
1
1
1
1
1
1
1
1
1
1
1
1
1
1
1
1
1
1
1
1
1
1
1
1
1
1
1
1
1
1
1
1
1
1
1
1
1
1
1
1
1
1
1
1
1
1
1
1
1
1
1
1
1
1
1
1
1
1
1
1
1
1
1
1
1
1
1
1
1
1
1
1
1
1
1
1
1
1
1
1
1
1
1
1
1
1
1
1
1
1
1
1
1
1
1
1
1
1
1
1
1
1
1
1
1
1
1
1
1
1
1
1
1
1
1
1
1
1
1
1
1
1
1
1
1
1
1
1
1
1
1
1
1
1
1
1
1
1
1
1
1
1
1
1
1
1
1
1
1
1
1
1
1
1
1
1
1
1
1
1
1
1
1
1
1
1
1
1
1
1
1
1
1
1
1
1
1
1
1
1
1
1
1
1
1
1
1
1
1
1
1
1
1
1
1
1
1
1
1
1
1
1
1
1
1
1
1
1
1
1
1
1
1
1
1
1
1
1
1
1
1
1
1
1
1
1
1
1
1
1
1
1
1
1
1
1
1
1
1
1
1
1
1
1
1
1
1
1
1
1
1
1
1
1
1
1
1
1
1
1
1
1
1
1
1
1
1
1
1
1
1
1
1
1
1
1
1
1
1
1
1
1
1
1
1
1
1
1
1
1
1
1
1
1
1
1
1
1
1
1
1
1
1
1
1
1
1
1
1
1
1
1
1
1
1
1
1
1
1
1
1
1
1
1
1
1
1
1
1
1
1
1
1
1
1
1
1
1
1
1
1
1
1
1
1
1
1
1
1
1
1
1
1
1
1
1
1
1
1
1
1
1
1
1
1
1
1
1
1
1
1
1
1
1
1
1
1
1
1
1
1
1
1
1
1
1
1
1
1
1
1
1
1
1
1
1
1
1
1
1
1
1
1
1
1
1
1
1
1
1
1
1
1
1
1
1
1
1
1
1
1
1
1
1
1
1
1
1
1
1
1
1
1
1
1
1
1
1
1
1
1
1
1
1
1
1
1
1
1
1
1
1
1
1
1
1
1
1
1
1
1
1
1
1
1
1
1
1
1
1
1
1
1
1
1
1
1
1
1
1
1
1
1
1
1
1
1
1
1
1
1
1
1
1
1
1
1
1
1
1
1
1
1
1
1
1
1
1
1
1
1
1
1
1
1
1
1
1
1
1
1
1
1
1
1
1
1
1
1
1
1
1
1
1
1
1
1
1
1
1
1
1
1
1
1
1
1
1
1
1
1
1
1
1
1
1
1
1
1
1
1
1
1
1
1
1
1
1
1
1
1
1
1
1
1
1
1
1
1
1
1
1
1
1
1
1
1
1
1
1
1
1
1
1
1
1
1
1
1
1
1
1
1
1
1
1
1
1
1
1
1
1
1
1
1
1
1
1
1
1
1
1
1
1
1
1
1
1
1
1
1
1
1
1
1
1
1
1
1
1
1
1
1
1
1
1
1
1
1
1
1
1
1
1
1
1
1
1
1
1
1
1
1
1
1
1
1
1
1
1
1
1
1
1
1
1
1
1
1
1
1
1
1
1
1
1
1
1
1
1
1
1
1
1
1
1
1
1
1
1
1
1
1
1
1
1
1
1
1
1
1
1
1
1
1
1
1
1
1
1
1
1
1
1
1
1
1
1
1
1
1
1
1
1
1
1
1
1
1
1
1
1
1
1
1
1
1
1
1
1
1
1
1
1
1
1
1
1
1
1
1
1
1
1
1
1
1
1
1
1
1
1
1
1
1
1
1
1
1
1
1
1
1
1
1
1
1
1
1
1
1
1
1
1
1
1
1
1
1
1
1
1
1
1
1
1
1
1
1
1
1
1
1
1
1
1
1
1
1
1
1
1
1
1
1
1
1
1
1
1
1
1
1
1
1
1
1
1
1
1
1
1
1
1
1
1
1
1
1
1
1
1
1
1
1
1
1
1
1
1
1
1
1
1
1
1
1
1
1
1
1
1
1
1
1
1
1
1
1
1
1
1
1
1
1
1
1
1
1
1
1
1
1
1
1
1
1
1
1
1
1
1
1
1
1
1
1
1
1
1
1
1
1
1
1
1
1
1
1
1
1
1
1
1
1
1
1
1
1
1
1
1
1
1
1
1
1
1
1
1
1
1
1
1
1
1
1
1
1
1
1
1
1
1
1
1
1
1
1
1
1
1
1
1
1
1
1
1
1
1
1
1
1
1
1
1
1
1
1
1
1
1
1
1
1
1
1
1
1
1
1
1
1
1
1
1
1
1
1
1
1
1
1
1
1
1
1
1
1
1
1
1
1
1
1
1
1
1
1
1
1
1
1
1
1
1
1
1
1
1
1
1
1
1
1
1
1
1
1
1
1
1
1
1
1
1
1
1
1
1
1
1
1
1
1
1
1
1
1
1
1
1
1
1
1
1
1
1
1
1
1
1
1
1
1
1
1
1
1
1
1
1
1
1
1
1
1
1
1
1
1
1
1
1
1
1
1
1
1
1
1
1
1
1
1
1
1
1
1
1
1
1
1
1
1
1
1
1
1
1
1
1
1
1
1
1
1
1
1
1
1
1
1
1
1
1
1
1
1
1
1
1
1
1
1
1
1
1
1
1
1
1
1
1
1
1
1
1
1
1
1
1
1
1
1
1
1
1
1
1
1
1
1
1
1
1
1
1
1
1
1
1
1
1
1
1
1
1
1
1
1
1
1
1
1
1
1
1
1
1
1
1
1
1
1
1
1
1
1
1
1
1
1
1
1
1
1
1
1
1
1
1
1
1
1
1
1
1
1
1
1
1
1
1
1
1
1
1
1
1
1
1
1
1
1
1
1
1
1
1
1
1
1
1
1
1
1
1
1
1
1
1
1
1
1
1
1
1
1
1
1
1
1
1
1
1
1
1
1
1
1
1
1
1
1
1
1
1
1
1
1
1
1
1
1
1
1
1
1
1
1
1
1
1
1
1
1
1
1
1
1
1
1
1
1
1
1
1
1
1
1
1
1
1
1
1
1
1
1
1
1
1
1
1
1
1
1
1
1
1
1
1
1
1
1
1
1
1
1
1
1
1
1
1
1
1
1
1
1
1
1
1
1
1
1
1
1
1
1
1
1
1
1
1
1
1
1
1
1
1
1
1
1
1
1
1
1
1
1
1
1
1
1
1
1
1
1
1
1
1
1
1
1
1
1
1
1
1
1
1
1
1
1
1
1
1
1
1
1
1
1
1
1
1
1
1
1
1
1
1
1
1
1
1
1
1
1
1
1
1
1
1
1
1
1
1
1
1
1
1
1
1
1
1
1
1
1
1
1
1
1
1
1
1
1
1
1
1
1
1
1
1
1
1
1
1
1
1
1
1
1
1
1
1
1
1
1
1
1
1
1
1
1
1
1
1
1
1
1
1
1
1
1
1
1
1
1
1
1
1
1
1
1
1
1
1
1
1
1
1
1
1
1
1
1
1
1
1
1
1
1
1
1
1
1
1
1
1
1
1
1
1
1
1
1
1
1
1
1
1
1
1
1
1
1
1
1
1
1
1
1
1
1
1
1
1
1
1
1
1
1
1
1
1
1
1
1
1
1
1
1
1
1
1
1
1
1
1
1
1
1
1
1
1
1
1
1
1
1
1
1
1
1
1
1
1
1
1
1
1
1
1
1
1
1
1
1
1
1
1
1
1
1
1
1
1
1
1
1
1
1
1
1
1
1
1
1
1
1
1
1
1
1
1
1
1
1
1
1
1
1
1
1
1
1
1
1
1
1
1
1
1
1
1
1
1
1
1
1
1
1
1
1
1
1
1
1
1
1
1
1
1
1
1
1
1
1
1
1
1
1
1
1
1
1
1
1
1
1
1
1
1
1
1
1
1
1
1
1
1
1
1
1
1
1
1
1
1
1
1
1
1
1
1
1
1
1
1
1
1
1
1
1
1
1
1
1
1
1
1
1
1
1
1
1
1
1
1
1
1
1
1
1
1
1
1
1
1
1
1
1
1
1
1
1
1
1
1
1
1
1
1
1
1
1
1
1
1
1
1
1
1
1
1
1
1
1
1
1
1
1
1
1
1
1
1
1
1
1
1
1
1
1
1
1
1
1
1
1
1
1
1
1
1
1
1
1
1
1
1
1
1
1
1
1
1
1
1
1
1
1
1
1
1
1
1
1
1
1
1
1
1
1
1
1
1
1
1
1
1
1
1
1
1
1
1
1
1
1
1
1
1
1
1
1
1
1
1
1
1
1
1
1
1
1
1
1
1
1
1
1
1
1
1
1
1
1
1
1
1
1
1
1
1
1
1
1
1
1
1
1
1
1
1
1
1
1
1
1
1
1
1
1
1
1
1
1
1
1
1
1
1
1
1
1
1
1
1
1
1
1
1
1
1
1
1
1
1
1
1
1
1
1
1
1
1
1
1
1
1
1
1
1
1
1
1
1
1
1
1
1
1
1
1
1
1
1
1
1
1
1
1
1
1
1
1
1
1
1
1
1
1
1
1
1
1
1
1
1
1
1
1
1
1
1
1
1
1
1
1
1
1
1
1
1
1
1
1
1
1
1
1
1
1
1
1
1
1
1
1
1
1
1
1
1
1
1
1
1
1
1
1
1
1
1
1
1
1
1
1
1
1
1
1
1
1
1
1
1
1
1
1
1
1
1
1
1
1
1
1
1
1
1
1
1
1
1
1
1
1
1
1
1
1
1
1
1
1
1
1
1
1
1
1
1
1
1
1
1
1
1
1
1
1
1
1
1
1
1
1
1
1
1
1
1
1
1
1
1
1
1
1
1
1
1
1
1
1
1
1
1
1
1
1
1
1
1
1
1
1
1
1
1
1
1
1
1
1
1
1
1
1
1
1
1
1
1
1
1
1
1
1
1
1
1
1
1
1
1
1
1
1
1
1
1
1
1
1
1
1
1
1
1
1
1
1
1
1
1
1
1
1
1
1
1
1
1
1
1
1
1
1
1
1
1
1
1
1
1
1
1
1
1
1
1
1
1
1
1
1
1
1
1
1
1
1
1
1
1
1
1
1
1
1
1
1
1
1
1
1
1
1
1
1
1
1
1
1
1
1
1
1
1
1
1
1
1
1
1
1
1
1
1
1
1
1
1
1
1
1
1
1
1
1
1
1
1
1
1
1
1
1
1
1
1
1
1
1
1
1
1
1
1
1
1
1
1
1
1
1
1
1
1
1
1
1
1
1
1
1
1
1
1
1
1
1
1
1
1
1
1
1
1
1
1
1
1
1
1
1
1
1
1
1
1
1
1
1
1
1
1
1
1
1
1
1
1
1
1
1
1
1
1
1
1
1
1
1
1
1
1
1
1
1
1
1
1
1
1
1
1
1
1
1
1
1
1
1
1
1
1
1
1
1
1
1
1
1
1
1
1
1
1
1
1
1
1
1
1
1
1
1
1
1
1
1
1
1
1
1
1
1
1
1
1
1
1
1
1
1
1
1
1
1
1
1
1
1
1
1
1
1
1
1
1
1
1
1
1
1
1
1
1
1
1
1
1
1
1
1
1
1
1
1
1
1
1
1
1
1
1
1
1
1
1
1
1
1
1
1
1
1
1
1
1
1
1
1
1
1
1
1
1
1
1
1
1
1
1
1
1
1
1
1
1
1
1
1
1
1
1
1
1
1
1
1
1
1
1
1
1
1
1
1
1
1
1
1
1
1
1
1
1
1
1
1
1
1
1
1
1
1
1
1
1
1
1
1
1
1
1
1
1
1
1
1
1
1
1
1
1
1
1
1
1
1
1
1
1
1
1
1
1
1
1
1
1
1
1
1
1
1
1
1
1
1
1
1
1
1
1
1
1
1
1
1
1
1
1
1
1
1
1
1
1
1
1
1
1
1
1
1
1
1
1
1
1
1
1
1
1
1
1
1
1
1
1
1
1
1
1
1
1
1
1
1
1
1
1
1
1
1
1
1
1
1
1
1
1
1
1
1
1
1
1
1
1
1
1
1
1
1
1
1
1
1
1
1
1
1
1
1
1
1
1
1
1
1
1
1
1
1
1
1
1
1
1
1
1
1
1
1
1
1
1
1
1
1
1
1
1
1
1
1
1
1
1
1
1
1
1
1
1
1
1
1
1
1
1
1
1
1
1
1
1
1
1
1
1
1
1
1
1
1
1
1
1
1
1
1
1
1
1
1
1
1
1
1
1
1
1
1
1
1
1
1
1
1
1
1
1
1
1
1
1
1
1
1
1
1
1
1
1
1
1
1
1
1
1
1
1
1
1
1
1
1
1
1
1
1
1
1
1
1
1
1
1
1
1
1
1
1
1
1
1
1
1
1
1
1
1
1
1
1
1
1
1
1
1
1
1
1
1
1
1
1
1
1
1
1
1
1
1
1
1
1
1
1
1
1
1
1
1
1
1
1
1
1
1
1
1
1
1
1
1
1
1
1
1
1
1
1
1
1
1
1
1
1
1
1
1
1
1
1
1
1
1
1
1
1
1
1
1
1
1
1
1
1
1
1
1
1
1
1
1
1
1
1
1
1
1
1
1
1
1
1
1
1
1
1
1
1
1
1
1
1
1
1
1
1
1
1
1
1
1
1
1
1
1
1
1
1
1
1
1
1
1
1
1
1
1
1
1
1
1
1
1
1
1
1
1
1
1
1
1
1
1
1
1
1
1
1
1
1
1
1
1
1
1
1
1
1
1
1
1
1
1
1
1
1
1
1
1
1
1
1
1
1
1
1
1
1
1
1
1
1
1
1
1
1
1
1
1
1
1
1
1
1
1
1
1
1
1
1
1
1
1
1
1
1
1
1
1
1
1
1
1
1
1
1
1
1
1
1
1
1
1
1
1
1
1
1
1
1
1
1
1
1
1
1
1
1
1
1
1
1
1
1
1
1
1
1
1
1
1
1
1
1
1
1
1
1
1
1
1
1
1
1
1
1
1
1
1
1
1
1
1
1
1
1
1
1
1
1
1
1
1
1
1
1
1
1
1
1
1
1
1
1
1
1
1
1
1
1
1
1
1
1
1
1
1
1
1
1
1
1
1
1
1
1
1
1
1
1
1
1
1
1
1
1
1
1
1
1
1
1
1
1
1
1
1
1
1
1
1
1
1
1
1
1
1
1
1
1
1
1
1
1
1
1
1
1
1
1
1
1
1
1
1
1
1
1
1
1
1
1
1
1
1
1
1
1
1
1
1
1
1
1
1
1
1
1
1
1
1
1
1
1
1
1
1
1
1
1
1
1
1
1
1
1
1
1
1
1
1
1
1
1
1
1
1
1
1
1
1
1
1
1
1
1
1
1
1
1
1
1
1
1
1
1
1
1
1
1
1
1
1
1
1
1
1
1
1
1
1
1
1
1
1
1
1
1
1
1
1
1
1
1
1
1
1
1
1
1
1
1
1
1
1
1
1
1
1
1
1
1
1
1
1
1
1
1
1
1
1
1
1
1
1
1
1
1
1
1
1
1
1
1
1
1
1
1
1
1
1
1
1
1
1
1
1
1
1
1
1
1
1
1
1
1
1
1
1
1
1
1
1
1
1
1
1
1
1
1
1
1
1
1
1
1
1
1
1
1
1
1
1
1
1
1
1
1
1
1
1
1
1
1
1
1
1
1
1
1
1
1
1
1
1
1
1
1
1
1
1
1
1
1
1
1
1
1
1
1
1
1
1
1
1
1
1
1
1
1
1
1
1
1
1
1
1
1
1
1
1
1
1
1
1
1
1
1
1
1
1
1
1
1
1
1
1
1
1
1
1
1
1
1
1
1
1
1
1
1
1
1
1
1
1
1
1
1
1
1
1
1
1
1
1
1
1
1
1
1
1
1
1
1
1
1
1
1
1
1
1
1
1
1
1
1
1
1
1
1
1
1
1
1
1
1
1
1
1
1
1
1
1
1
1
1
1
1
1
1
1
1
1
1
1
1
1
1
1
1
1
1
1
1
1
1
1
1
1
1
1
1
1
1
1
1
1
1
1
1
1
1
1
1
1
1
1
1
1
1
1
1
1
1
1
1
1
1
1
1
1
1
1
1
1
1
1
1
1
1
1
1
1
1
1
1
1
1
1
1
1
1
1
1
1
1
1
1
1
1
1
1
1
1
1
1
1
1
1
1
1
1
1
1
1
1
1
1
1
1
1
1
1
1
1
1
1
1
1
1
1
1
1
1
1
1
1
1
1
1
1
1
1
1
1
1
1
1
1
1
1
1
1
1
1
1
1
1
1
1
1
1
1
1
1
1
1
1
1
1
1
1
1
1
1
1
1
1
1
1
1
1
1
1
1
1
1
1
1
1
1
1
1
1
1
1
1
1
1
1
1
1
1
1
1
1
1
1
1
1
1
1
1
1
1
1
1
1
1
1
1
1
1
1
1
1
1
1
1
1
1
1
1
1
1
1
1
1
1
1
1
1
1
1
1
1
1
1
1
1
1
1
1
1
1
1
1
1
1
1
1
1
1
1
1
1
1
1
1
1
1
1
1
1
1
1
1
1
1
1
1
1
1
1
1
1
1
1
1
1
1
1
1
1
1
1
1
1
1
1
1
1
1
1
1
1
1
1
1
1
1
1
1
1
1
1
1
1
1
1
1
1
1
1
1
1
1
1
1
1
1
1
1
1
1
1
1
1
1
1
1
1
1
1
1
1
1
1
1
1
1
1
1
1
1
1
1
1
1
1
1
1
1
1
1
1
1
1
1
1
1
1
1
1
1
1
1
1
1
1
1
1
1
1
1
1
1
1
1
1
1
1
1
1
1
1
1
1
1
1
1
1
1
1
1
1
1
1
1
1
1
1
1
1
1
1
1
1
1
1
1
1
1
1
1
1
1
1
1
1
1
1
1
1
1
1
1
1
1
1
1
1
1
1
1
1
1
1
1
1
1
1
1
1
1
1
1
1
1
1
1
1
1
1
1
1
1
1
1
1
1
1
1
1
1
1
1
1
1
1
1
1
1
1
1
1
1
1
1
1
1
1
1
1
1
1
1
1
1
1
1
1
1
1
1
1
1
1
1
1
1
1
1
1
1
1
1
1
1
1
1
1
1
1
1
1
1
1
1
1
1
1
1
1
1
1
1
1
1
1
1
1
1
1
1
1
1
1
1
1
1
1
1
1
1
1
1
1
1
1
1
1
1
1
1
1
1
1
1
1
1
1
1
1
1
1
1
1
1
1
1
1
1
1
1
1
1
1
1
1
1
1
1
1
1
1
1
1
1
1
1
1
1
1
1
1
1
1
1
1
1
1
1
1
1
1
1
1
1
1
1
1
1
1
1
1
1
1
1
1
1
1
1
1
1
1
1
1
1
1
1
1
1
1
1
1
1
1
1
1
1
1
1
1
1
1
1
1
1
1
1
1
1
1
1
1
1
1
1
1
1
1
1
1
1
1
1
1
1
1
1
1
1
1
1
1
1
1
1
1
1
1
1
1
1
1
1
1
1
1
1
1
1
1
1
1
1
1
1
1
1
1
1
1
1
1
1
1
1
1
1
1
1
1
1
1
1
1
1
1
1
1
1
1
1
1
1
1
1
1
1
1
1
1
1
1
1
1
1
1
1
1
1
1
1
1
1
1
1
1
1
1
1
1
1
1
1
1
1
1
1
1
1
1
1
1
1
1
1
1
1
1
1
1
1
1
1
1
1
1
1
1
1
1
1
1
1
1
1
1
1
1
1
1
1
1
1
1
1
1
1
1
1
1
1
1
1
1
1
1
1
1
1
1
1
1
1
1
1
1
1
1
1
1
1
1
1
1
1
1
1
1
1
1
1
1
1
1
1
1
1
1
1
1
1
1
1
1
1
1
1
1
1
1
1
1
1
1
1
1
1
1
1
1
1
1
1
1
1
1
1
1
1
1
1
1
1
1
1
1
1
1
1
1
1
1
1
1
1
1
1
1
1
1
1
1
1
1
1
1
1
1
1
1
1
1
1
1
1
1
1
1
1
1
1
1
1
1
1
1
1
1
1
1
1
1
1
1
1
1
1
1
1
1
1
1
1
1
1
1
1
1
1
1
1
1
1
1
1
1
1
1
1
1
1
1
1
1
1
1
1
1
1
1
1
1
1
1
1
1
1
1
1
1
1
1
1
1
1
1
1
1
1
1
1
1
1
1
1
1
1
1
1
1
1
1
1
1
1
1
1
1
1
1
1
1
1
1
1
1
1
1
1
1
1
1
1
1
1
1
1
1
1
1
1
1
1
1
1
1
1
1
1
1
1
1
1
1
1
1
1
1
1
1
1
1
1
1
1
1
1
1
1
1
1
1
1
1
1
1
1
1
1
1
1
1
1
1
1
1
1
1
1
1
1
1
1
1
1
1
1
1
1
1
1
1
1
1
1
1
1
1
1
1
1
1
1
1
1
1
1
1
1
1
1
1
1
1
1
1
1
1
1
1
1
1
1
1
1
1
1
1
1
1
1
1
1
1
1
1
1
1
1
1
1
1
1
1
1
1
1
1
1
1
1
1
1
1
1
1
1
1
1
1
1
1
1
1
1
1
1
1
1
1
1
1
1
1
1
1
1
1
1
1
1
1
1
1
1
1
1
1
1
1
1
1
1
1
1
1
1
1
1
1
1
1
1
1
1
1
1
1
1
1
1
1
1
1
1
1
1
1
1
1
1
1
1
1
1
1
1
1
1
1
1
1
1
1
1
1
1
1
1
1
1
1
1
1
1
1
1
1
1
1
1
1
1
1
1
1
1
1
1
1
1
1
1
1
1
1
1
1
1
1
1
1
1
1
1
1
1
1
1
1
1
1
1
1
1
1
1
1
1
1
1
1
1
1
1
1
1
1
1
1
1
1
1
1
1
1
1
1
1
1
1
1
1
1
1
1
1
1
1
1
1
1
1
1
1
1
1
1
1
1
1
1
1
1
1
1
1
1
1
1
1
1
1
1
1
1
1
1
1
1
1
1
1
1
1
1
1
1
1
1
1
1
1
1
1
1
1
1
1
1
1
1
1
1
1
1
1
1
1
1
1
1
1
1
1
1
1
1
1
1
1
1
1
1
1
1
1
1
1
1
1
1
1
1
1
1
1
1
1
1
1
1
1
1
1
1
1
1
1
1
1
1
1
1
1
1
1
1
1
1
1
1
1
1
1
1
1
1
1
1
1
1
1
1
1
1
1
1
1
1
1
1
1
1
1
1
1
1
1
1
1
1
1
1
1
1
1
1
1
1
1
1
1
1
1
1
1
1
1
1
1
1
1
1
1
1
1
1
1
1
1
1
1
1
1
1
1
1
1
1
1
1
1
1
1
1
1
1
1
1
1
1
1
1
1
1
1
1
1
1
1
1
1
1
1
1
1
1
1
1
1
1
1
1
1
1
1
1
1
1
1
1
1
1
1
1
1
1
1
1
1
1
1
1
1
1
1
1
1
1
1
1
1
1
1
1
1
1
1
1
1
1
1
1
1
1
1
1
1
1
1
1
1
1
1
1
1
1
1
1
1
1
1
1
1
1
1
1
1
1
1
1
1
1
1
1
1
1
1
1
1
1
1
1
1
1
1
1
1
1
1
1
1
1
1
1
1
1
1
1
1
1
1
1
1
1
1
1
1
1
1
1
1
1
1
1
1
1
1
1
1
1
1
1
1
1
1
1
1
1
1
1
1
1
1
1
1
1
1
1
1
1
1
1
1
1
1
1
1
1
1
1
1
1
1
1
1
1
1
1
1
1
1
1
1
1
1
1
1
1
1
1
1
1
1
1
1
1
1
1
1
1
1
1
1
1
1
1
1
1
1
1
1
1
1
1
1
1
1
1
1
1
1
1
1
1
1
1
1
1
1
1
1
1
1
1
1
1
1
1
1
1
1
1
1
1
1
1
1
1
1
1
1
1
1
1
1
1
1
1
1
1
1
1
1
1
1
1
1
1
1
1
1
1
1
1
1
1
1
1
1
1
1
1
1
1
1
1
1
1
1
1
1
1
1
1
1
1
1
1
1
1
1
1
1
1
1
1
1
1
1
1
1
1
1
1
1
1
1
1
1
1
1
1
1
1
1
1
1
1
1
1
1
1
1
1
1
1
1
1
1
1
1
1
1
1
1
1
1
1
1
1
1
1
1
1
1
1
1
1
1
1
1
1
1
1
1
1
1
1
1
1
1
1
1
1
1
1
1
1
1
1
1
1
1
1
1
1
1
1
1
1
1
1
1
1
1
1
1
1
1
1
1
1
1
1
1
1
1
1
1
1
1
1
1
1
1
1
1
1
1
1
1
1
1
1
1
1
1
1
1
1
1
1
1
1
1
1
1
1
1
1
1
1
1
1
1
1
1
1
1
1
1
1
1
1
1
1
1
1
1
1
1
1
1
1
1
1
1
1
1
1
1
1
1
1
1
1
1
1
1
1
1
1
1
1
1
1
1
1
1
1
1
1
1
1
1
1
1
1
1
1
1
1
1
1
1
1
1
1
1
1
1
1
1
1
1
1
1
1
1
1
1
1
1
1
1
1
1
1
1
1
1
1
1
1
1
1
1
1
1
1
1
1
1
1
1
1
1
1
1
1
1
1
1
1
1
1
1
1
1
1
1
1
1
1
1
1
1
1
1
1
1
1
1
1
1
1
1
1
1
1
1
1
1
1
1
1
1
1
1
1
1
1
1
1
1
1
1
1
1
1
1
1
1
1
1
1
1
1
1
1
1
1
1
1
1
1
1
1
1
1
1
1
1
1
1
1
1
1
1
1
1
1
1
1
1
1
1
1
1
1
1
1
1
1
1
1
1
1
1
1
1
1
1
1
1
1
1
1
1
1
1
1
1
1
1
1
1
1
1
1
1
1
1
1
1
1
1
1
1
1
1
1
1
1
1
1
1
1
1
1
1
1
1
1
1
1
1
1
1
1
1
1
1
1
1
1
1
1
1
1
1
1
1
1
1
1
1
1
1
1
1
1
1
1
1
1
1
1
1
1
1
1
1
1
1
1
1
1
1
1
1
1
1
1
1
1
1
1
1
1
1
1
1
1
1
1
1
1
1
1
1
1
1
1
1
1
1
1
1
1
1
1
1
1
1
1
1
1
1
1
1
1
1
1
1
1
1
1
1
1
1
1
1
1
1
1
1
1
1
1
1
1
1
1
1
1
1
1
1
1
1
1
1
1
1
1
1
1
1
1
1
1
1
1
1
1
1
1
1
1
1
1
1
1
1
1
1
1
1
1
1
1
1
1
1
1
1
1
1
1
1
1
1
1
1
1
1
1
1
1
1
1
1
1
1
1
1
1
1
1
1
1
1
1
1
1
1
1
1
1
1
1
1
1
1
1
1
1
1
1
1
1
1
1
1
1
1
1
1
1
1
1
1
1
1
1
1
1
1
1
1
1
