$MeshFormat
2.2 0 8
$EndMeshFormat
$PhysicalNames
3
1 2 "nonpersistent_set_01"
1 3 "nonpersistent_set_02"
2 1 "rock"
$EndPhysicalNames
$Nodes
2961
1 -4.205175006952982 4.17111216621496 0
2 -2.764559504125445 4.166750185626467 0
3 -4.204697560660801 2.246923164519963 0
4 -0.9282120983940951 3.551552581165713 0
5 -0.04541279621360965 4.169695307278761 0
6 0.7954897805908328 4.758501630457201 0
7 -4.216124969343233 0.3055636741061867 0
8 -3.296316469307055 0.9496205195408846 0
9 -2.392563737632691 1.582434994936891 0
10 -0.4847864066281206 2.918275063331892 0
11 1.238915472356807 4.12522411262338 0
12 -0.9211709853388543 1.534118546870097 0
13 0.9047875965408152 2.812668510360953 0
14 1.745690173345257 3.401474833539393 0
15 2.565613009464339 3.975590984140259 0
16 -4.097705463425736 -1.688181304593432 0
17 -3.240412422471219 -1.087898254862354 0
18 -2.320603922435041 -0.443841409427656 0
19 0.4909261402438939 1.524813134363352 0
20 2.214628019228821 2.73176218365484 0
21 3.966264381490639 3.958271168712798 0
22 -3.638908360075645 -2.343411473241922 0
23 0.006563963894802058 0.2091757283370533 0
24 1.832522545774472 1.487725691827909 0
25 -2.280383179489362 -2.458962104641034 0
26 -1.360574679453185 -1.814905259206337 0
27 1.45095538322575 0.1537492845846714 0
28 3.174657262210678 1.360698333876158 0
29 4.926293624472496 2.587207318934118 0
30 -3.651537006930876 -4.382297861392555 0
31 0.9603725130538947 -1.153004049958094 0
32 1.903531792753079 -0.4925968125802859 0
33 -0.4759638961731201 -3.078260386090343 0
34 0.4277888355012441 -2.445445910694335 0
35 2.335566166505815 -1.109605842299334 0
36 4.059268045490743 0.0973432069921531 0
37 -1.806220101578449 -4.960761556594371 0
38 1.839252222391997 -2.408174355015396 0
39 2.782411502091181 -1.747767117637587 0
40 0.4387561792950339 -4.384616038597184 0
41 4.973988120958897 -1.209012445514688 0
42 1.801328368628466 -4.407063657111473 0
43 3.709105699633036 -3.071223588716472 0
44 4.591905001813522 -2.453080862603424 0
45 -5 -4.39296299831447 0
46 -5 -5 0
47 -5 -4.363258303404507 0
48 -5 -3.296458099711172 0
49 -5 -2.456493125675378 0
50 -5 -2.319974740788169 0
51 -5 -1.32190827626412 0
52 -5 -0.3995711606905974 0
53 -5 -0.2433115313740489 0
54 -5 0.7004559984701624 0
55 -5 1.425053236673563 0
56 -5 1.690046401338086 0
57 -5 2.601477899195853 0
58 -5 3.382732758019384 0
59 -5 3.614569714525957 0
60 -5 4.574948115447573 0
61 -5 5 0
62 -4.785568516499584 5 0
63 -3.348007305361634 5 0
64 -3.021400499320087 5 0
65 -1.942425899762259 5 0
66 -0.6267984010679176 5 0
67 -0.272896365662099 5 0
68 0.6263908017716104 5 0
69 1.84831409434936 5 0
70 3.236838001052951 5 0
71 4.028620703553081 5 0
72 5 5 0
73 5 4.682100641308928 0
74 5 2.638817078692592 0
75 5 1.675573567960714 0
76 5 2.481943705640326 0
77 5 -1.246161258718857 0
78 5 -2.167329668567574 0
79 5 -3.072108449380774 0
80 5 -5 0
81 3.654068076735459 -5 0
82 2.246685524768187 -5 0
83 2.216506865597509 -5 0
84 0.9545275124072565 -5 0
85 -0.4401031985634657 -5 0
86 -0.5011292902824798 -5 0
87 -1.778745047718213 -5 0
88 -3.220492495255558 -5 0
89 -1.862258406315861 -5 0
90 -4.53370708494344 -5 0
91 -4.712838859880362 4.776020510440238 0
92 -4.771296879900817 3.774709363231486 0
93 -4.455074708078585 3.996130511690459 0
94 -3.707685161743344 4.51945830601353 0
95 -3.32704341055201 4.785986529555046 0
96 -4.69957794639363 2.811835685775475 0
97 -4.377989030598405 3.037014668819979 0
98 -3.313315742993748 3.782506930531275 0
99 -2.968981555130905 4.023612324536155 0
100 -2.048716479154364 4.66798886788606 0
101 -4.726575421284865 1.881500352486237 0
102 -4.42008455073122 2.096107570440356 0
103 -3.465558791730998 2.764473702307656 0
104 -3.118868445778331 3.007228895968246 0
105 -2.193273044836537 3.655337773039929 0
106 -1.8799771631991 3.874709911052519 0
107 -0.8923998706573477 4.56621897585499 0
108 -0.4879205798924089 4.849438424298318 0
109 -4.833514515213809 0.8170303899199508 0
110 -4.490949630021579 1.056896904857495 0
111 -3.451207947904056 1.784931868467028 0
112 -3.077879312911055 2.046339392918669 0
113 -2.117129226352634 2.719063845862506 0
114 -1.789151964529184 2.948715996952665 0
115 -0.6511269440424362 3.745569694968745 0
116 -0.2336414483067758 4.037896186176073 0
117 0.8656053045737325 4.807597048895551 0
118 -4.752890726446287 -0.07028375527021385 0
119 -4.352198864484603 0.2102837069746415 0
120 -3.198615330326899 1.018031593546465 0
121 -2.867035287826909 1.250206438824854 0
122 -1.920950716729687 1.912661987291028 0
123 -1.588122900048263 2.145710533457241 0
124 -0.1051483279765332 3.184100507795184 0
125 0.873280028269769 3.869203418436981 0
126 2.25689928051097 4.838024048868351 0
127 -4.785914177800406 -1.172003769736141 0
128 -4.428088471357271 -0.9214515127194431 0
129 -3.468439883961829 -0.2494983377928546 0
130 -3.146548855509367 -0.02410781318836458 0
131 -2.171390910525654 0.6587051308343204 0
132 -1.757041203650686 0.948835919043157 0
133 -0.5032505609475795 1.826749578400669 0
134 0.520831548877779 2.543819591446089 0
135 0.8407695661438376 2.767842602895651 0
136 1.891231438104775 3.503383924244582 0
137 2.201158263451284 3.720397023645612 0
138 3.313574725611958 4.499319416079093 0
139 3.624708519822206 4.717177644176896 0
140 -4.544427874417003 -2.000979704256734 0
141 -2.968439848941367 -0.897461008690457 0
142 -2.667408357836626 -0.6866764893804083 0
143 -1.618814415155294 0.04755689380610101 0
144 -1.25613152840537 0.3015101850880565 0
145 -0.2407725294872752 1.01247221011957 0
146 0.07812748834808592 1.235768406543101 0
147 0.8304032401507956 1.762517558767735 0
148 1.133434485553527 1.974702321111804 0
149 1.903915734112418 2.514199099401969 0
150 3.152016608398874 3.388128740023475 0
151 3.479885614588408 3.617705089702713 0
152 4.480993481540683 4.318688364703738 0
153 4.78632635072902 4.532484741372611 0
154 -4.702994294439857 -3.088492465786666 0
155 -4.306594150654449 -2.810930096960711 0
156 -3.305798754209106 -2.110165616164106 0
157 -2.981042147052388 -1.882768591749564 0
158 -1.941925716589942 -1.155171434062193 0
159 -1.515257059116434 -0.856414823781426 0
160 -0.4867272907748053 -0.1362305267155313 0
161 -0.1578821151313451 0.0940293441739154 0
162 1.036412554280254 0.9302834745395906 0
163 1.328001034502048 1.134455926446003 0
164 2.237820986916383 1.77151871554012 0
165 2.56619984926908 2.001452070348207 0
166 3.412679018096772 2.594163165298847 0
167 3.702180916818683 2.796874577109953 0
168 4.830774604270221 3.587124384639413 0
169 -4.593749527447581 -4.078798660122046 0
170 -4.234493548990111 -3.827244915859219 0
171 -3.216939713878694 -3.114746049980006 0
172 -2.802171014639004 -2.824321880158939 0
173 -1.890072032959559 -2.185663297593591 0
174 -1.46811973123286 -1.890209115159619 0
175 -0.5208594949640188 -1.226930357077866 0
176 -0.217832320026902 -1.014748444904504 0
177 0.8052145261661977 -0.2984033312584261 0
178 1.135496965572458 -0.06713707744787129 0
179 2.146591295696679 0.6408387943462048 0
180 2.544523632236711 0.919474016088939 0
181 3.616690014737096 1.670212999330743 0
182 3.944527522275247 1.899767293416839 0
183 -4.290287894471074 -4.829556047886344 0
184 -3.964884422552282 -4.601706083889194 0
185 -2.962926970107079 -3.900127922721666 0
186 -2.638028886737381 -3.672631835596317 0
187 -1.60697175706201 -2.950677861072756 0
188 -1.242252077733324 -2.695298392273382 0
189 -0.2552414001518247 -2.004186075537343 0
190 0.06170169455091967 -1.782260131442967 0
191 1.322510718118701 -0.8994321488979831 0
192 1.738872477616683 -0.6078925062752385 0
193 2.658452966171726 0.03600468380157079 0
194 3.016500929984238 0.2867125671037285 0
195 4.148275449191258 1.079189617006155 0
196 4.485103633331057 1.31503925062233 0
197 -3.016672252524505 -4.857283529599984 0
198 -2.667838445927539 -4.6130274686384 0
199 -1.698028522744173 -3.933959249794828 0
200 -1.381578755560912 -3.712378737348401 0
201 -0.3303271571479511 -2.976284443584639 0
202 0.00724023357139375 -2.739917211949171 0
203 0.9845408457067788 -2.055603956235011 0
204 1.384418426424864 -1.775606659855145 0
205 2.368662303888214 -1.086431677418554 0
206 2.752397198700657 -0.8177376113967714 0
207 3.601649809969717 -0.2230845311418959 0
208 3.970697118632228 0.03532517633960019 0
209 4.849012472428629 0.6503282079931679 0
210 -1.667510340856522 -4.863635936513613 0
211 -1.282835959450698 -4.594284034897098 0
212 -0.281568691279182 -3.893189145960759 0
213 0.03401940389198094 -3.672211982752668 0
214 0.973682421617156 -3.014252854364615 0
215 1.356563359140764 -2.746156735673785 0
216 2.209674386937405 -2.148801963080743 0
217 2.514520954813941 -1.935346098256235 0
218 3.464027972874977 -1.270494126626875 0
219 3.739530900151162 -1.077584900149249 0
220 4.846348260079149 -0.3025830413063027 0
221 -0.1249416684536453 -4.779321520863397 0
222 0.2100347603317334 -4.544768500305308 0
223 1.33348188496082 -3.758122354859998 0
224 1.619474034028599 -3.557868496213944 0
225 2.551473230801775 -2.905275633027971 0
226 2.892222916701845 -2.666680134318152 0
227 3.798143549581659 -2.032347678155995 0
228 4.193228831875389 -1.755705985258214 0
229 1.185965070736444 -4.837945677033053 0
230 1.566099229474074 -4.571772873553959 0
231 2.750802400248181 -3.742234782836984 0
232 3.108616197776718 -3.491690864532059 0
233 4.060247878473558 -2.825351188108956 0
234 4.389249045598052 -2.594982090808593 0
235 2.445801716642894 -4.860577341469719 0
236 2.729600258550965 -4.661859463092763 0
237 3.668175180251298 -4.004662227743602 0
238 4.040349378773757 -3.744063048411019 0
239 -4.938681471925203 -4.480534931960853 0
240 -4.97279209383115 -2.495350042638047 0
241 -4.254227659664212 -3.521566407009335 0
242 -4.644448040025355 -2.96427394860642 0
243 -3.337285565211834 -4.831095431499441 0
244 -3.862733700742856 -4.080677724094451 0
245 -4.930943645602739 -0.4981938555759223 0
246 -4.021981186859204 -1.796326779233914 0
247 -4.597338623377199 -0.9746312031064852 0
248 -3.174984851405634 -3.005962907429807 0
249 -3.666079189289138 -2.304607507659142 0
250 -2.36333331668757 -4.165121428906588 0
251 -2.852602408640764 -3.466372750473109 0
252 -2.022474729673878 -4.651917940531127 0
253 -4.945790688735404 1.347634316844167 0
254 -3.957617227872257 -0.063623641602995 0
255 -4.537346932332342 0.7643161802708729 0
256 -3.044637606755447 -1.367493667697139 0
257 -3.617886770188488 -0.5488090175736554 0
258 -2.153952635058804 -2.639523634660857 0
259 -2.714493411990206 -1.838988441388598 0
260 -1.270674310926817 -3.90097581266847 0
261 -1.767654139167622 -3.191215061575326 0
262 -0.9333299153675738 -4.382753538772027 0
263 -4.921677473746585 3.270876598267562 0
264 -3.902822835505157 1.815801377503106 0
265 -4.592626706051226 2.800943400266472 0
266 -2.98561801304749 0.5058971385359337 0
267 -3.476312889870081 1.206682048788684 0
268 -2.001761103783964 -0.8991961453482289 0
269 -2.616272530461236 -0.02158287621883037 0
270 -1.130008689381773 -2.144187618349346 0
271 -1.653217170758086 -1.396968468561194 0
272 -0.4238536945697414 -3.152681466641138 0
273 -0.8129835019267247 -2.596946507900318 0
274 -0.06990392734447287 -3.65817412119074 0
275 -4.61311906405768 4.753716658231327 0
276 -3.835192013825234 3.642721692051086 0
277 -4.291947374088076 4.29503594937924 0
278 -2.890206694190834 2.293142791414656 0
279 -3.484774835986398 3.142274097992354 0
280 -2.031600343970705 1.066925843771656 0
281 -2.490284424611683 1.721994599263408 0
282 -1.185492404693857 -0.1414415231952539 0
283 -1.691054505526587 0.5805759833933666 0
284 -0.3286943220182746 -1.365075997148853 0
285 -0.8382609701645987 -0.6373394042964191 0
286 0.5801024501575813 -2.66297229586547 0
287 0.03389791078707982 -1.882911371689993 0
288 1.409667270901461 -3.847713641074223 0
289 0.913340692134246 -3.138885826914691 0
290 1.719651297248065 -4.29041671042302 0
291 -3.265911766964306 4.882755420475436 0
292 -2.351561217266295 3.576927505460665 0
293 -2.941113735058611 4.418895758615555 0
294 -1.437867212249039 2.27203723342305 0
295 -1.961158667941652 3.019374882815635 0
296 -0.6202088022576293 1.10430000499789 0
297 -1.099245640728598 1.788435511016249 0
298 0.2144781215958867 -0.08775646155721673 0
299 -0.2617008425913724 0.5922975769993425 0
300 1.120534950900899 -1.381739716324252 0
301 0.578724206138983 -0.6079537811610598 0
302 2.108791482373459 -2.793116311896665 0
303 1.486792128156078 -1.904809173976229 0
304 3.020888506965616 -4.095725859523367 0
305 2.494134455186165 -3.343443110431211 0
306 3.446771006998074 -4.703949103051071 0
307 -1.755188901111211 4.732597853588129 0
308 -0.86874912905859 3.466630660034244 0
309 -1.366469521982432 4.177449047103331 0
310 -0.2045005046933207 2.517985311165792 0
311 -0.6071230623427032 3.09298991434217 0
312 0.6641263366316617 1.277457619124819 0
313 0.1171235484007848 2.058658560819125 0
314 1.599778125776442 -0.05879161854699377 0
315 1.026395345201309 0.7600838566316342 0
316 2.413343124105296 -1.2206828492655 0
317 3.189849583561694 -2.329649001560532 0
318 4.072919084062113 -3.590802948514961 0
319 3.560106553199311 -2.858430754730871 0
320 4.951001528459877 -4.84483464123687 0
321 4.41547924607284 -4.080029561079836 0
322 -0.4929646147959272 4.808865544900907 0
323 0.3355772632062535 3.625585113329723 0
324 -0.1411202989369535 4.30637978652337 0
325 1.146775701659134 2.467073680380925 0
326 0.6427612022787335 3.186880983040169 0
327 2.014484955632304 1.227856438887454 0
328 1.529847225734461 1.919990846833083 0
329 2.905345997641223 -0.04442498254178734 0
330 2.334261336999857 0.7711684372341772 0
331 3.727047154618831 -1.217935852017048 0
332 3.255913174219711 -0.5450867970015655 0
333 4.11251815872629 -1.768445498189997 0
334 1.206918123483244 4.170921062638191 0
335 2.535814393725675 2.273060503124432 0
336 2.080717281468285 2.923006536868916 0
337 3.451464337612713 0.9653768608886285 0
338 2.896112872522662 1.758500948798298 0
339 4.467599882248389 -0.4858150917626258 0
340 3.880514677953751 0.3526294725385483 0
341 4.880452822864962 -1.075430195981805 0
342 1.993413288208866 4.792776875509659 0
343 2.858668054508927 3.55706500569411 0
344 2.326059156226703 4.317709342148983 0
345 3.761611322008183 2.267528378013836 0
346 3.214816234873119 3.048432691802159 0
347 4.696496189725202 0.9323744176504094 0
348 4.125118681205429 1.748386067540198 0
349 3.383729214941996 4.790217605676431 0
350 4.306908049640307 3.471781593035527 0
351 3.806463011164946 4.186491177218096 0
352 4.614718716359689 3.03218240290628 0
353 -4.856419429940181 4.675484312943905 0
354 -3.174221954936049 4.892993264777523 0
355 -4.849788973196815 2.706656792485664 0
356 -4.165054373077473 3.186113121162238 0
357 -3.952119715556542 3.335211573504497 0
358 -3.73918505803561 3.484310025846757 0
359 -3.526250400514678 3.633408478189017 0
360 -4.863287710642433 1.785773376912161 0
361 -2.933749365589972 3.136850671382582 0
362 -2.748630285401614 3.266472446796918 0
363 -2.563511205213255 3.396094222211255 0
364 -2.378392125024896 3.525715997625592 0
365 -1.68246170469075 4.013011724013013 0
366 -1.4849462461824 4.151313536973507 0
367 -1.287430787674049 4.289615349934001 0
368 -1.089915329165698 4.427917162894496 0
369 -4.283001293598073 1.202503897579402 0
370 -4.075052957174568 1.348110890301309 0
371 -3.867104620751064 1.493717883023215 0
372 -3.65915628432756 1.639324875745122 0
373 -2.88572929559937 2.180884283507436 0
374 -2.693579278287686 2.315429174096204 0
375 -2.501429260976002 2.449974064684972 0
376 -2.309279243664317 2.584518955273739 0
377 -4.876445363223143 -0.1567976433221313 0
378 0.09053734327272697 3.321121089923543 0
379 0.2862230145219867 3.458141672051902 0
380 0.4819086857712472 3.595162254180261 0
381 0.6775943570205081 3.732182836308621 0
382 -4.236158753878183 -0.7870608777341255 0
383 -4.044229036399094 -0.6526702427488078 0
384 -3.852299318920006 -0.5182796077634901 0
385 -3.660369601440917 -0.3838889727781724 0
386 -2.951517266512624 0.1124547756161726 0
387 -2.756485677515882 0.2490173644207095 0
388 -2.561454088519139 0.3855799532252463 0
389 -2.366422499522397 0.5221425420297832 0
390 -0.2984341389825073 1.970163581009753 0
391 -0.09361771701743482 2.113577583618838 0
392 0.1111987049476365 2.256991586227921 0
393 0.3160151269127076 2.400405588837005 0
394 3.826664611687644 4.858588822088448 0
395 -4.772213937208502 -2.160477222522451 0
396 -1.053059728621751 0.4437025900943593 0
397 -0.8499879288381313 0.5858949951006625 0
398 -0.646916129054513 0.7280874001069648 0
399 -0.4438443292708948 0.8702798051132671 0
400 1.32605479769325 2.109576515684346 0
401 1.518675109832973 2.244450710256887 0
402 1.711295421972695 2.379324904829428 0
403 -4.851497147219929 -3.192475282748919 0
404 -2.773218860959899 -1.73724916021209 0
405 -2.56539557486741 -1.591729728674616 0
406 -2.357572288774921 -1.446210297137142 0
407 -2.149749002682432 -1.300690865599667 0
408 -1.309551105448108 -0.7123779643682473 0
409 -1.103845151779783 -0.5683411049550687 0
410 -0.8981391981114569 -0.4243042455418894 0
411 -0.6924332444431303 -0.2802673861287098 0
412 2.777819641476003 2.149629844085867 0
413 2.989439433682927 2.297807617823528 0
414 3.20105922588985 2.445985391561188 0
415 3.927899654308991 2.954924538615845 0
416 4.153618391799299 3.112974500121737 0
417 4.379337129289606 3.271024461627629 0
418 4.605055866779914 3.429074423133522 0
419 -4.796874763723791 -4.221028481763276 0
420 -4.030982781967828 -3.684745142683377 0
421 -3.827472014945545 -3.542245369507534 0
422 -3.623961247923261 -3.399745596331691 0
423 -3.420450480900977 -3.257245823155849 0
424 -0.01322295078828215 -0.8714794221752884 0
425 0.1913864184503377 -0.7282103994460729 0
426 0.3959957876889575 -0.5849413767168574 0
427 0.6006051569275773 -0.4416723539876419 0
428 -4.411997489707257 -4.914778023943172 0
429 -2.431817460802306 -3.528241040691605 0
430 -2.225606034867231 -3.383850245786892 0
431 -2.019394608932157 -3.23945945088218 0
432 -1.813183182997084 -3.095068655977468 0
433 -1.044849942217025 -2.557075928926174 0
434 -0.8474478067007252 -2.418853465578967 0
435 -0.6500456711844249 -2.280631002231759 0
436 -0.4526435356681243 -2.14240853888455 0
437 3.242855833825643 0.4452079770842142 0
438 3.469210737667047 0.6037033870646999 0
439 3.695565641508451 0.7621987970451848 0
440 3.921920545349855 0.9206942070256696 0
441 4.656735755554038 1.435217356401791 0
442 4.828367877777019 1.555395462181253 0
443 -2.473876461290866 -4.477213824869685 0
444 -2.279914476654193 -4.341400181100972 0
445 -2.08595249201752 -4.205586537332257 0
446 -1.891990507380846 -4.069772893563542 0
447 2.964710351517922 -0.6690743413330527 0
448 3.177023504335187 -0.5204110712693337 0
449 3.389336657152452 -0.3717478012056148 0
450 -1.082582505816395 -4.45406505710983 0
451 -0.8823290521820916 -4.313846079322562 0
452 -0.6820755985477884 -4.173627101535295 0
453 -0.4818221449134853 -4.033408123748027 0
454 0.2219520074370163 -3.540620157075057 0
455 0.4098846109820519 -3.409028331397446 0
456 0.5978172145270868 -3.277436505719836 0
457 0.7857498180721212 -3.145844680042226 0
458 3.960894372136759 -0.9225845283806596 0
459 4.182257844122357 -0.7675841566120702 0
460 4.403621316107953 -0.6125837848434816 0
461 4.62498478809355 -0.4575834130748929 0
462 -0.2825224335085557 -4.889660760431699 0
463 1.805873873383235 -3.427349923576749 0
464 1.99227371273787 -3.296831350939554 0
465 2.178673552092505 -3.166312778302359 0
466 2.36507339144714 -3.035794205665165 0
467 3.118703074921799 -2.508097020277612 0
468 3.345183233141753 -2.349513906237072 0
469 3.571663391361706 -2.190930792196534 0
470 2.917315242891032 -4.530420016022931 0
471 3.105030227231098 -4.398980568953099 0
472 3.292745211571165 -4.267541121883267 0
473 3.480460195911232 -4.136101674813434 0
474 4.232279503019006 -3.60967212860497 0
475 4.424209627264255 -3.47528120879892 0
476 4.616139751509504 -3.340890288992871 0
477 4.808069875754751 -3.206499369186822 0
478 -4.384301119784594 -3.335802254208363 0
479 -4.514374579904974 -3.150038101407392 0
480 -2.485650589675869 -3.990434259298218 0
481 -2.607967862664167 -3.815747089689848 0
482 -2.730285135652466 -3.641059920081478 0
483 -1.394919267987018 -3.723535624895184 0
484 -1.519164225047219 -3.546095437121898 0
485 -1.64340918210742 -3.368655249348612 0
486 -0.6451961653108444 -4.794251179590676 0
487 -0.7892630403392087 -4.588502359181352 0
488 -4.699343790278632 4.876858329115663 0
489 -3.038848729639725 2.505425618059081 0
490 -3.187490765088616 2.717708444703506 0
491 -3.336132800537507 2.92999127134793 0
492 -1.311882929902039 0.03906285345190116 0
493 -1.438273455110222 0.2195672300990563 0
494 -1.564663980318404 0.4000716067462114 0
495 -0.4560859840548559 -1.183141848935744 0
496 -0.5834776460914372 -1.001207700722635 0
497 -0.7108693081280182 -0.8192735525095268 0
498 1.285585626209658 -3.67050668753434 0
499 1.161503981517854 -3.493299733994457 0
500 1.03742233682605 -3.316092780454574 0
501 -1.568690076172193 2.458871645771197 0
502 -1.699512940095346 2.645706058119344 0
503 -1.8303358040185 2.83254047046749 0
504 2.889199994020753 -3.907655172250328 0
505 2.757511481075891 -3.71958448497729 0
506 2.625822968131028 -3.531513797704251 0
507 3.550419541866767 -4.851974551525535 0
508 -1.848807400436735 4.866298926794065 0
509 4.817120957863118 -4.653633371197612 0
510 4.683240387266358 -4.462432101158353 0
511 4.549359816669599 -4.271230831119095 0
512 2.762574832480881 0.159473372402204 0
513 2.619803667320539 0.3633717273461959 0
514 2.477032502160198 0.5672700822901866 0
515 3.570002494485791 -0.9936528336785544 0
516 3.412957834352751 -0.7693698153400599 0
517 3.624912550224417 2.462754456460917 0
518 3.488213778440651 2.657980534907996 0
519 3.351515006656885 2.853206613355078 0
520 4.553651812595259 1.136377330122857 0
521 4.410807435465316 1.340380242595304 0
522 4.267963058335372 1.544383155067751 0
523 -4.330124857515783 4.083621338952709 0
524 -4.039345058549769 4.287227546147816 0
525 -3.873515110146557 4.403342926080674 0
526 -2.585598747882675 4.292059856191366 0
527 -2.406637991639903 4.417369526756265 0
528 -2.227677235397133 4.542679197321163 0
529 -4.019912868428349 2.376310798966887 0
530 -3.835128176195899 2.50569843341381 0
531 -3.650343483963448 2.635086067860733 0
532 -1.573916997995412 3.099425143005927 0
533 -1.358682031461639 3.25013428905919 0
534 -1.143447064927867 3.400843435112451 0
535 -0.7896695212182655 3.64856113806723 0
536 0.1648128479875011 4.316896888073371 0
537 0.3750384921886116 4.464098468867981 0
538 0.5852641363897223 4.611300049662591 0
539 -4.032163269335998 0.4343750431931264 0
540 -3.848201569328762 0.5631864122800658 0
541 -3.664239869321526 0.6919977813670055 0
542 -3.480278169314291 0.8208091504539449 0
543 -2.708878104428836 1.3609492908622 0
544 -2.550720921030763 1.471692142899546 0
545 -2.23535939733169 1.692510659054937 0
546 -2.078155057030688 1.802586323172983 0
547 -1.367455601364235 2.300223439432171 0
548 -1.146788302680207 2.454736345407101 0
549 -0.9261210039961785 2.609249251382031 0
550 -0.7054537053121498 2.763762157356962 0
551 1.44251223398764 4.267784099872374 0
552 1.646108995618472 4.410344087121368 0
553 1.849705757249305 4.552904074370362 0
554 2.053302518880138 4.695464061619357 0
555 -1.548073649072728 1.095156575999892 0
556 -1.33910609449477 1.241477232956627 0
557 -1.130138539916812 1.387797889913362 0
558 1.115013240741926 2.959870091155563 0
559 1.325238884943036 3.107071671950173 0
560 1.535464529144147 3.254273252744783 0
561 2.383385636457812 3.847994003892936 0
562 2.752603438501244 4.106523092124967 0
563 2.939593867538149 4.237455200109676 0
564 3.126584296575054 4.368387308094384 0
565 -3.883382203187107 -1.538110542160663 0
566 -3.669058942948479 -1.388039779727894 0
567 -3.454735682709849 -1.237969017295124 0
568 -3.104426135706293 -0.9926796317764054 0
569 -2.494006140135833 -0.5652589494040319 0
570 -2.145156545615104 -0.3209918336192168 0
571 -1.969709168795168 -0.1981422578107775 0
572 -1.794261791975231 -0.0752926820023383 0
573 0.2845268142959904 1.380290770453227 0
574 0.6606646901973452 1.643665346565544 0
575 2.402105737062832 2.863035494928567 0
576 2.589583454896843 2.994308806202294 0
577 2.777061172730853 3.125582117476021 0
578 2.964538890564864 3.256855428749748 0
579 3.642011870222486 3.731227116039408 0
580 3.804138125856563 3.844749142376104 0
581 4.137840748173987 4.078410234043112 0
582 4.309417114857335 4.198549299373425 0
583 -4.084032220461514 -2.655090555721115 0
584 -3.861470290268581 -2.499251014481519 0
585 -3.472353557142375 -2.226788544703014 0
586 0.2125336819718924 0.3533972775775606 0
587 0.4185034000489832 0.4976188268180683 0
588 0.6244731181260741 0.641840376058576 0
589 0.8304428362031651 0.7860619252990838 0
590 1.496174871592856 1.252212514906639 0
591 1.664348708683664 1.369969103367274 0
592 2.035171766345427 1.629622203684014 0
593 -2.62824173625579 -2.702535288319638 0
594 -2.454312457872576 -2.580748696480335 0
595 -2.085227606224461 -2.322312701117313 0
596 -1.150645883330893 -1.667911533674219 0
597 -0.9407170872086013 -1.520917808142101 0
598 -0.73078829108631 -1.373924082609983 0
599 1.293226174399104 0.04330610356840023 0
600 1.624864361343482 0.2755216620250546 0
601 1.798773339461214 0.3972940394654378 0
602 1.972682317578947 0.5190664169058214 0
603 2.754568175561368 1.066548788684679 0
604 2.964612718886023 1.213623561280419 0
605 3.395673638473887 1.515455666603451 0
606 4.140880742714697 2.037255298520295 0
607 4.337233963154148 2.174743303623751 0
608 4.533587183593597 2.312231308727207 0
609 4.729940404033046 2.449719313830662 0
610 -3.808210714741579 -4.492001972640875 0
611 -3.42200032798961 -4.221574548502258 0
612 -3.192463649048344 -4.060851235611962 0
613 0.2863693991766632 -1.624946111071749 0
614 0.5110371038024066 -1.467632090700531 0
615 0.7357048084281507 -1.310318070329313 0
616 1.141441615586298 -1.026218099428038 0
617 2.092262086107741 -0.3604464384848216 0
618 2.280992379462403 -0.2282960643893573 0
619 2.469722672817064 -0.0961456902938933 0
620 -1.155175040713964 -3.553849149533887 0
621 -0.9287713258670163 -3.395319561719372 0
622 -0.7023676110200683 -3.236789973904857 0
623 0.217514534536319 -2.592681561321753 0
624 0.6133728389030892 -2.315498592541227 0
625 0.798956842304934 -2.185551274388119 0
626 1.574647974441054 -1.642406496343984 0
627 1.764877522457244 -1.509206332832821 0
628 1.955107070473435 -1.376006169321659 0
629 2.145336618489625 -1.242806005810497 0
630 4.256704152225214 0.2355894572424065 0
631 4.454140258959685 0.3738357074926597 0
632 4.651576365694156 0.5120819577429137 0
633 1.517459646891175 -2.633495942120988 0
634 1.678355934641586 -2.520835148568192 0
635 2.024463304664701 -2.27848815904807 0
636 2.648466228452561 -1.841556607946911 0
637 3.009616992352446 -1.588676120634017 0
638 3.236822482613711 -1.429585123630446 0
639 0.6624376057114802 -4.227992617662887 0
640 0.8861190321279268 -4.071369196728591 0
641 1.109800458544373 -3.914745775794295 0
642 4.388418654146265 -1.619032600322333 0
643 4.583608476417142 -1.482359215386451 0
644 4.778798298688019 -1.345685830450569 0
645 1.68371379905127 -4.489418265332716 0
646 1.991223174952409 -4.274097882256576 0
647 2.181117981276352 -4.141132107401678 0
648 2.371012787600295 -4.00816633254678 0
649 2.560907593924238 -3.875200557691882 0
650 3.308779365062157 -3.351535105926864 0
651 3.508942532347596 -3.211379347321668 0
652 3.884676789053297 -2.948287388412714 0
653 4.795952500906761 -2.310205265585499 0
654 -3.494411286071355 -4.606696646445998 0
655 -3.757135353836866 -4.231487792743503 0
656 -4.222613753413603 -1.509793779221695 0
657 -4.347522043401468 -1.331406253849958 0
658 -4.472430333389334 -1.153018728478222 0
659 -3.329626020962305 -2.785112429367178 0
660 -3.484267190518974 -2.56426195130455 0
661 -1.914347415626164 -4.806339748562749 0
662 -4.086871098607745 0.1209700162515953 0
663 -4.376735950837788 0.53493992718853 0
664 -3.142525014613333 -1.227695961279746 0
665 -3.366237205043642 -0.908201842432788 0
666 -3.492061987616065 -0.7285054300032218 0
667 -2.425086590322977 -2.252304216890222 0
668 -2.569790001156591 -2.04564632913941 0
669 -4.053760198082979 2.031362271011535 0
670 -4.334007275790943 2.431596576435466 0
671 -4.463316990921085 2.616269988350969 0
672 -3.140967241177273 0.7277588290384092 0
673 -3.386314679588568 1.078151284164785 0
674 -2.161182513109503 -0.671518777387942 0
675 -2.468438226448138 -0.2327121428232435 0
676 -1.245291684417479 -1.979546438777841 0
677 -1.506895925105635 -1.605936863883766 0
678 -0.5883037647576546 -2.917822426693669 0
679 -0.7006436333421895 -2.757384467296994 0
680 0.3115911526351569 -4.203005559245573 0
681 0.1844261259752802 -4.021395079893962 0
682 0.05726109931540369 -3.839784600542351 0
683 -3.95851967820115 3.81885185010571 0
684 -4.081847342577065 3.994982008160335 0
685 -2.151921475191367 1.238762227493401 0
686 -2.272242606412029 1.410598611215147 0
687 0.2964918605965225 -2.257934397692888 0
688 0.1651948856918011 -2.07042288469144 0
689 2.078114033274495 -4.802354552370491 0
690 1.93972120095148 -4.604709104740981 0
691 -2.489227312886012 3.773535065515933 0
692 -2.626893408505729 3.970142625571201 0
693 -2.852836619592028 4.292822972121011 0
694 -0.7706898937982413 1.319209275933993 0
695 -1.010208313033726 1.661277028943173 0
696 0.1105210427453444 0.06070963338991822 0
697 -0.127568439348285 0.4007366526681976 0
698 0.8331564107489238 -0.9713206270257491 0
699 0.7059403084439533 -0.7896372040934043 0
700 1.974021852382728 -2.60064533345603 0
701 1.721765524313358 -2.240385961335673 0
702 1.604278826234718 -2.072597567655951 0
703 -1.074297906256874 3.760184736478252 0
704 -1.220383714119653 3.968816891790791 0
705 -0.3446434556607209 2.718130187248843 0
706 0.5775262384377777 1.401135376744085 0
707 0.366325276296191 1.70276160984861 0
708 0.2417244123484882 1.880710085333867 0
709 1.309435370550936 0.3558608086003263 0
710 1.167915357876123 0.5579723326159803 0
711 2.191554708588237 -0.9039361657263185 0
712 2.047543250670658 -0.6982664891533029 0
713 3.05403688973819 -2.135688373586218 0
714 2.918224195914686 -1.941727745611903 0
715 3.951647955919088 -3.417609828582131 0
716 3.830376827776062 -3.244416708649302 0
717 0.2085805767329658 3.806955177979402 0
718 0.08158389025967805 3.988325242629081 0
719 1.025781649099975 2.639871095370939 0
720 0.7737743994097743 2.999774746700561 0
721 1.923503750703388 1.357791065357681 0
722 1.681184885754466 1.703858269330496 0
723 4.432109387451111 -2.224869074465614 0
724 4.2723137730887 -1.996657286327806 0
725 0.7109402911812217 4.8792508152286 0
726 1.618996498098145 3.58241215331039 0
727 1.492302822851032 3.763349473081387 0
728 1.365609147603919 3.944286792852384 0
729 2.375221206477248 2.502411343389636 0
730 3.313060799911695 1.163037597382394 0
731 3.03538506736667 1.559599641337229 0
732 4.33148926999584 -0.2914289921776995 0
733 4.195378657743292 -0.09704289259277321 0
734 3.969891361722247 0.2249863397653507 0
735 2.712140531986634 3.766327994917184 0
736 2.445836082845521 4.146650163144621 0
737 4.193360160257084 3.633944784927951 0
738 4.079812270873862 3.796107976820375 0
739 4.770506170416093 2.809694860920199 0
740 -5 -4.59530866554298 0
741 -5 -4.79765433277149 0
742 -5 -3.563158150634505 0
743 -5 -3.82985820155784 0
744 -5 -4.096558252481174 0
745 -5 -2.736481450353976 0
746 -5 -3.016469775032574 0
747 -5 -1.571424892395132 0
748 -5 -1.820941508526145 0
749 -5 -2.070458124657157 0
750 -5 -0.6301554395839783 0
751 -5 -0.8607397184773582 0
752 -5 -1.091323997370738 0
753 -5 0.4645141160091093 0
754 -5 0.2285722335480553 0
755 -5 -0.007369648912997739 0
756 -5 1.183520823939096 0
757 -5 0.9419884112046288 0
758 -5 2.373620024731411 0
759 -5 2.145762150266969 0
760 -5 1.917904275802527 0
761 -5 3.122314471744874 0
762 -5 2.861896185470363 0
763 -5 4.33485351521717 0
764 -5 4.094758914986766 0
765 -5 3.854664314756362 0
766 -5 4.787474057723786 0
767 -3.587600840551293 5 0
768 -3.82719437574095 5 0
769 -4.066787910930607 5 0
770 -4.306381446120266 5 0
771 -4.545974981309923 5 0
772 -3.184703902340861 5 0
773 -2.212169549651716 5 0
774 -2.481913199541173 5 0
775 -2.75165684943063 5 0
776 -0.8899239008067861 5 0
777 -1.153049400545655 5 0
778 -1.416174900284523 5 0
779 -1.679300400023393 5 0
780 -0.4498473833650083 5 0
781 0.4015690099131826 5 0
782 0.1767472180547545 5 0
783 -0.04807457380367275 5 0
784 1.60392943583381 5 0
785 1.35954477731826 5 0
786 1.11516011880271 5 0
787 0.8707754602871605 5 0
788 2.959133219712233 5 0
789 2.681428438371514 5 0
790 2.403723657030797 5 0
791 2.12601887569008 5 0
792 3.764693136053038 5 0
793 3.500765568552994 5 0
794 4.75715517588827 5 0
795 4.51431035177654 5 0
796 4.271465527664811 5 0
797 5 4.841050320654464 0
798 5 2.894227524019634 0
799 5 3.149637969346676 0
800 5 3.405048414673718 0
801 5 3.660458860000762 0
802 5 3.915869305327805 0
803 5 4.171279750654845 0
804 5 4.426690195981887 0
805 5 1.944363613853918 0
806 5 2.213153659747122 0
807 5 -0.9805490017479865 0
808 5 -0.7149367447771171 0
809 5 -0.4493244878062468 0
810 5 -0.1837122308353765 0
811 5 0.08190002613549296 0
812 5 0.3475122831063624 0
813 5 0.6131245400772318 0
814 5 0.8787367970481013 0
815 5 1.144349054018972 0
816 5 1.409961310989842 0
817 5 -1.937037566105395 0
818 5 -1.706745463643216 0
819 5 -1.476453361181036 0
820 5 -2.845913754177474 0
821 5 -2.619719058974175 0
822 5 -2.393524363770875 0
823 5 -4.724586921340109 0
824 5 -4.44917384268022 0
825 5 -4.17376076402033 0
826 5 -3.898347685360441 0
827 5 -3.622934606700551 0
828 5 -3.347521528040662 0
829 3.923254461388368 -5 0
830 4.192440846041276 -5 0
831 4.461627230694184 -5 0
832 4.730813615347094 -5 0
833 2.4812492834294 -5 0
834 2.715813042090612 -5 0
835 2.950376800751823 -5 0
836 3.184940559413036 -5 0
837 3.419504318074248 -5 0
838 1.206923383045307 -5 0
839 1.459319253683359 -5 0
840 1.711715124321408 -5 0
841 1.964110994959459 -5 0
842 -0.1611770563693211 -5 0
843 0.1177490858248236 -5 0
844 0.3966752280189674 -5 0
845 0.6756013702131112 -5 0
846 -1.523221896231066 -5 0
847 -1.267698744743919 -5 0
848 -1.012175593256772 -5 0
849 -0.7566524417696261 -5 0
850 -2.948845677467619 -5 0
851 -2.67719885967968 -5 0
852 -2.405552041891741 -5 0
853 -2.133905224103803 -5 0
854 -4.271064167005863 -5 0
855 -4.008421249068286 -5 0
856 -3.74577833113071 -5 0
857 -3.483135413193134 -5 0
858 -4.76685354247172 -5 0
859 1.034004329279043 4.491325526555946 0
860 -4.55816338191616 -4.562360052855143 0
861 -3.673086098151585 -1.968163267980792 0
862 -3.979716055302067 -2.164482335862731 0
863 -0.1672494737941781 4.653643723855867 0
864 -0.05595059790108672 -3.271738419877203 0
865 -0.4466958497827425 4.40177765213134 0
866 0.8408495860026943 4.160267355254279 0
867 4.103658079630186 -1.41979282201681 0
868 3.761071944198058 -1.604321112372803 0
869 -0.4391486523647008 -3.547411741510168 0
870 -4.494626851192455 -0.4287459293902103 0
871 -3.308649063347307 4.406560816766419 0
872 -4.633028630682567 4.382788990561876 0
873 -4.566086471929866 -2.618453131107169 0
874 3.913579603056647 -4.514499429314342 0
875 -1.52585551488841 1.698458550993581 0
876 -2.085503732639622 3.325576548723757 0
877 2.373125151273424 -1.590870380333728 0
878 1.796402140209943 -3.906797080956519 0
879 -4.549718824488348 1.514979188985862 0
880 -1.560627828451374 4.469589598503006 0
881 -0.5207076249021598 3.429903573979548 0
882 1.730075982830746 0.88451209050275 0
883 0.9413330912849278 4.646704159455886 0
884 1.145824753098718 -4.43494299001801 0
885 -3.105565772833403 4.628987639317066 0
886 1.242042187900074 4.718970294166127 0
887 -0.2666587222195922 4.789320263041889 0
888 0.796264909153452 4.432228334218332 0
889 -2.518293822961901 0.9505830724033791 0
890 -1.493472598508326 -2.276006186525478 0
891 -3.061209579514494 -0.4281444747896512 0
892 -0.7611734242834061 4.157060251901538 0
893 -4.297983532373889 4.645279598755538 0
894 -2.994400216417169 -2.407325692756257 0
895 1.039436108959921 1.409303853877403 0
896 -1.324471015212808 1.994371893112096 0
897 1.32055074223964 -0.4499001193250155 0
898 1.407987460421897 -4.178767967695419 0
899 4.156008841093087 4.592908785899189 0
900 -3.179945226292503 1.34422803270918 0
901 -2.699166022080715 -1.157192010226061 0
902 2.656800463784604 -1.443996729280734 0
903 3.693421899344247 0.1242571054325591 0
904 4.519046099231849 -0.9825885750281769 0
905 -4.312966794200019 3.588643913769928 0
906 4.507850697585494 3.859133249469266 0
907 -2.91658638458642 -3.168102582928026 0
908 1.425076307498808 -3.187453493359365 0
909 -1.714369170765372 -4.442762777917348 0
910 -4.258831164210799 -4.332583459568426 0
911 -1.928446652528367 2.290012021744856 0
912 2.412201425703998 1.343460659591065 0
913 1.025187167761042 -2.599530033789853 0
914 -4.726337794608513 -0.6952528698009734 0
915 -3.604614666457714 0.1996140566329168 0
916 -0.8008183326793826 2.146282734341783 0
917 3.32929016894542 4.005308832802721 0
918 0.7342869468958895 0.1555310294625124 0
919 2.220900367916925 3.294292171753376 0
920 -0.1164589895128863 -0.396467710609595 0
921 -2.331357510323858 3.053781841823038 0
922 -2.351007657230287 2.091208173732604 0
923 1.961962935839719 4.115152641766097 0
924 -1.870742061456367 1.53491521819353 0
925 -2.801915104157525 1.819106066008296 0
926 -4.721593887750813 3.055625616726403 0
927 -4.599257144865182 3.390583602060055 0
928 2.585892460806217 -2.361686113827064 0
929 2.38278861979651 -4.474728061765759 0
930 -3.374392980352802 -1.684088985703123 0
931 -4.432676113072122 -0.1236871626904538 0
932 1.023001831015776 4.018447386892325 0
933 1.740502186117793 -1.011472252623635 0
934 -3.610986264332737 4.077070222287786 0
935 2.641917981638808 -1.080893090435936 0
936 1.338605291994311 -2.297389552163112 0
937 -1.12972825498905 -4.171868786477138 0
938 1.051713447587242 4.292630290238713 0
939 -1.846108325451138 -1.783474326099461 0
940 -1.865345655101771 4.318954287392397 0
941 -2.129796793220352 0.1923532124968623 0
942 -3.469825713697638 2.217639955876467 0
943 0.9576774336771017 3.400003286568062 0
944 0.4013093458270647 0.992593829258102 0
945 -1.768553048881097 3.477016567060086 0
946 0.5492220373676497 -3.808016498570768 0
947 0.7819919195234835 2.187400646880513 0
948 0.3200772716905032 2.926174929945648 0
949 2.112450835262564 0.1247596899093512 0
950 -0.3896099230034054 -2.591564843817783 0
951 3.810644879078917 3.35199628128706 0
952 -0.1510079111585804 3.623804530573067 0
953 -2.533701374209237 -3.113227908737857 0
954 2.104343299189794 -1.756718866580171 0
955 -0.3922576879516115 -4.47322343352304 0
956 -3.790982416792021 1.061190426003936 0
957 -3.055518413827963 -4.486140393053922 0
958 -1.68918626005764 -0.4927949999254568 0
959 -1.087714746572253 -1.085083177920612 0
960 -0.5184721584724218 0.3130279837158809 0
961 4.030983855151185 -4.126747204073986 0
962 1.734102615292365 -2.955063684477038 0
963 0.8926728520509829 -4.606754243437932 0
964 2.682099823049682 4.54018674418341 0
965 -3.999496744392872 -3.138297788972935 0
966 2.132935603990811 -3.678432458575286 0
967 1.466623560952542 2.706088856385215 0
968 4.182604692732614 2.596189406959475 0
969 -2.702950408749904 2.820086663670616 0
970 4.586376182170297 -0.02338398492050398 0
971 -4.670704569870553 0.238465301122866 0
972 -4.002855415626001 -1.106440384907314 0
973 -0.8202295427019155 -1.897561252999085 0
974 0.4990263687669496 4.062020938729079 0
975 3.719078518982583 -3.648738121780281 0
976 2.861423063825398 -3.168671221704066 0
977 -0.3089737556659989 1.444803217148573 0
978 -0.9058825370794863 -3.862231275018932 0
979 0.2674817440897417 -3.054184948027625 0
980 4.009242533239382 -2.402392276807055 0
981 -1.726296162672722 -2.520986281524796 0
982 3.268417319892931 1.978068335277936 0
983 2.936139853582461 2.734579433682275 0
984 -0.943818425510957 3.105146367897502 0
985 4.422352600396704 -2.992374595782886 0
986 -0.2308331011854137 -1.672190232089051 0
987 -3.540164821673752 -3.831431797710859 0
988 4.562145681015975 1.846895661053257 0
989 2.047735325549829 2.126555870328837 0
990 4.157910817257584 0.6179516397159319 0
991 -4.186263891802118 -0.314724248184915 0
992 -2.217962220131982 4.081331832777565 0
993 -1.325427974751445 0.7520177156052003 0
994 2.612927413474013 -3.700103846801274 0
995 -4.331226589085634 -2.341726122710305 0
996 4.300575942603394 -4.587903902520739 0
997 0.05511555189698063 -1.419203905185504 0
998 -2.87729268047624 3.658461813668799 0
999 2.678722463682738 -4.248616882337558 0
1000 1.313752561770058 0.8226747709812086 0
1001 -2.848278518346468 4.698946287367603 0
1002 1.238552416326614 4.420825664003496 0
1003 -0.7456478823349066 4.767855274880629 0
1004 1.034034819879548 4.778914998024261 0
1005 -2.892510953348268 0.9358579738052704 0
1006 3.915865464527011 -0.288192736814299 0
1007 1.038144469039667 -0.6637166017210903 0
1008 -4.784767000135872 -4.637944307690314 0
1009 -2.355557003186758 3.27902413119952 0
1010 3.386368090883617 -1.840550713868398 0
1011 -0.8834473083262753 0.07814266686896021 0
1012 1.083392821769206 4.633277463062299 0
1013 -2.169703711809094 -3.815165144188888 0
1014 -2.952169077941124 1.571128557763785 0
1015 0.3791702090764751 -1.08428131088691 0
1016 4.661882923788621 -0.7458494985454678 0
1017 -3.225561796004746 -3.587499739926591 0
1018 -0.3990414896782842 4.640697130094347 0
1019 -1.121580522306402 2.183906669740013 0
1020 3.327656102409236 -3.776302303098207 0
1021 -1.002360174253832 -2.996005325368365 0
1022 2.585083065724277 -0.4637437678342247 0
1023 -4.616220713157739 -3.705420301607668 0
1024 -3.951985516191594 2.869231772769415 0
1025 0.5257052245021447 -0.1060998954304282 0
1026 -0.1281661797874089 -4.233684552916444 0
1027 -2.747199508989809 -4.24029273104972 0
1028 2.932432937922627 -0.3365418163714065 0
1029 -1.916392722522298 -2.817045894681996 0
1030 0.6791227584939734 -1.81691609510639 0
1031 -4.733326820000463 -0.3619955147450189 0
1032 0.09531570155113395 0.7272528511089771 0
1033 3.298151074433238 0.002020834898334964 0
1034 2.868581919012671 0.6801955539975405 0
1035 3.057740309954311 -1.095702653263825 0
1036 -3.191746834818602 3.413842363058476 0
1037 -4.597578181973955 -1.634045872377966 0
1038 -2.239859812018008 -1.82697249306605 0
1039 -1.471976508387728 -4.182471709065585 0
1040 2.03508650325466 0.9234247967336834 0
1041 2.306982542505697 1.117517209255063 0
1042 0.9139294834430046 1.171476388928189 0
1043 -2.985967075699796 4.796643659938141 0
1044 1.356302893946477 1.573225192563058 0
1045 2.465040465526338 -0.815711811272727 0
1046 -2.376472852561157 -0.9832530779258581 0
1047 -0.3675108546463025 -0.6727561926764938 0
1048 -0.6144513386431747 4.650814684845802 0
1049 -4.709407355905364 1.166421538455659 0
1050 -4.801176890362528 1.52070953987702 0
1051 -2.217184668325206 -2.967578959761228 0
1052 -4.308035394361219 -1.90337312223751 0
1053 -0.991603715124054 0.9932564655740359 0
1054 3.163882168597976 3.693668206450417 0
1055 0.8193150449507017 -3.592300816425952 0
1056 -0.09106376658478323 -2.319129529600422 0
1057 3.187142203458348 -2.995573630790195 0
1058 -1.30438491659289 4.684679427009656 0
1059 3.72911353385439 1.273584728687611 0
1060 4.63069514863103 -1.900184391910237 0
1061 1.043493843694956 -1.725887663425862 0
1062 -1.238280703173494 2.861296211612429 0
1063 -4.123490351996407 0.8080408310286875 0
1064 -1.320019519139666 -3.196103667686259 0
1065 0.7508169887106342 2.515791730756408 0
1066 -4.785202536068752 -2.354138425385609 0
1067 0.7328812253772197 -2.855480107304303 0
1068 -4.287437918179526 1.720344413097341 0
1069 4.624189402066435 -3.797634915000828 0
1070 1.981544131148667 3.220688143353977 0
1071 4.478870677255959 4.636834870524531 0
1072 0.7073674951567577 1.018249538046361 0
1073 0.01972578474590777 -3.449026548519803 0
1074 -4.670719534862462 2.313150326643898 0
1075 -0.5648037186790057 2.414835298080518 0
1076 -4.715574804426466 4.120783341260072 0
1077 1.14550920050376 3.735836860633483 0
1078 1.304682231759861 -4.626303057895099 0
1079 3.487544685418341 3.238556578413327 0
1080 1.47304310570182 -1.292120431291719 0
1081 -2.748480371069829 -0.3863628695036254 0
1082 1.581437583279096 0.6149704413894664 0
1083 -0.03125204458700127 1.643954302566658 0
1084 1.737633984105647 2.975217301149338 0
1085 0.50909081492034 2.780672224833547 0
1086 2.277864157925055 4.58007940014859 0
1087 -4.292730506363507 -4.562765059835241 0
1088 4.142049633339953 -3.155235099751382 0
1089 3.66133069244826 -2.492212948254264 0
1090 4.128493690572855 -1.581312140417269 0
1091 -3.967194749423343 4.698263203500056 0
1092 -1.835511021378592 -3.635385126955929 0
1093 -2.640736021236477 2.055733982545147 0
1094 1.233099100980517 -3.004192006168736 0
1095 -3.154270562587639 -3.395375470629828 0
1096 -2.772437391947422 -1.478846395968805 0
1097 2.896950620988545 -3.514888133462286 0
1098 0.1732297845521078 -0.3948849609256729 0
1099 1.408042952306816 -4.407053463660818 0
1100 1.858442007279763 3.808907196993492 0
1101 3.005350894369109 -3.663156160208273 0
1102 -0.5194274460837091 3.979323928985293 0
1103 -3.686780260202836 -0.9881748139705565 0
1104 0.1459296065516576 4.683960963263934 0
1105 1.514409825932276 4.68160984058546 0
1106 3.597304639977947 -4.436664918043744 0
1107 -3.387058059751064 0.4824092343867956 0
1108 3.143914068536165 -0.2184837691999163 0
1109 -3.674171677292986 -2.95635016004636 0
1110 1.603128987386301 -3.991987994823619 0
1111 -0.755138147350594 1.772808210875579 0
1112 -3.485864087024841 4.593490680671031 0
1113 -0.2849491100479767 -3.351411535704611 0
1114 0.7574520294782184 4.563060210261158 0
1115 0.5644158977743816 1.941343608062741 0
1116 -4.593003425883285 -4.785795402932284 0
1117 -3.184210530848436 -0.7553380076414592 0
1118 1.240134784585433 -1.995089097468297 0
1119 3.813690628558058 4.55568666880054 0
1120 -4.448778120698342 -0.6744665876021803 0
1121 4.290112184835909 -3.89548535130504 0
1122 3.162135054130197 -0.7159819058205004 0
1123 4.681701420897976 -2.776536604763157 0
1124 2.280936211828585 -2.483672658183377 0
1125 -4.728104428113295 -4.427098306426874 0
1126 -4.461496166222255 4.568510090763533 0
1127 -3.439004780650498 1.535028043116435 0
1128 2.471400076723479 3.551415016387875 0
1129 -1.444900886191701 3.689367116342573 0
1130 3.720610703212212 -0.6043929210750001 0
1131 -1.68672671447072 4.271241610405099 0
1132 -2.696998257350074 0.6864832592238264 0
1133 3.356740504548619 -2.649098908398227 0
1134 -4.797539689316569 -2.566056532251824 0
1135 -4.671857609989105 2.6009242332208 0
1136 4.71886200722514 4.127640536776966 0
1137 1.057410953554092 0.2122332230741285 0
1138 -0.561004712953756 -1.650132986598771 0
1139 1.067516321244937 4.156341385613663 0
1140 -4.772458814617973 3.455571284621398 0
1141 -0.04133898041180691 2.856772459152755 0
1142 0.4586928653828285 3.85932744833014 0
1143 1.791102308471831 1.160175227742535 0
1144 3.11542980170858 -4.701744180583757 0
1145 0.8489979860679543 -0.5827698436218373 0
1146 -4.733731286290638 -2.770181603950841 0
1147 -4.713892431363637 4.595904358211095 0
1148 3.929022700910421 -1.677160139049605 0
1149 -4.660353968868083 -3.391895305453027 0
1150 0.7256194284967528 3.455351584470682 0
1151 4.3616908638023 -1.292589302990631 0
1152 -1.462949005556218 -3.975105040695317 0
1153 -1.649258498522236 -3.73029390172483 0
1154 0.2222156964424268 -1.879426313053624 0
1155 -3.283658894838447 4.619894736951873 0
1156 -1.461568101648623 -0.2547794689478547 0
1157 -0.3958510810577391 4.81739233340376 0
1158 -4.516006164546114 4.239202794502274 0
1159 -3.217698761531837 -2.394584124746955 0
1160 -1.290679405353939 -1.283432047118659 0
1161 -2.470981514911401 1.188146133024169 0
1162 0.8794358818217298 0.4951909806225852 0
1163 0.4040340449513694 0.1336601843470732 0
1164 -2.205442492113622 3.475717934514211 0
1165 1.563383101355155 4.063314836497359 0
1166 -1.817550369969858 0.24626316783151 0
1167 2.575769326032922 1.69570769536786 0
1168 -3.062785052490114 -2.762834067091652 0
1169 -1.972666305593952 3.558646921853568 0
1170 -0.7102882019735274 3.278445283168943 0
1171 3.992547043090857 -1.159441739131139 0
1172 1.735106057618127 -1.857151519237603 0
1173 4.499109033002819 1.477684556510041 0
1174 3.031590103841559 4.690121460898705 0
1175 0.813376634224994 1.467623426944809 0
1176 -2.914773497329349 -1.144020829354834 0
1177 -3.788916896488359 -2.126491339181674 0
1178 4.344526894688511 0.8571894381056251 0
1179 3.14773326889007 0.8805928951902383 0
1180 -1.537677566472321 1.412307055555965 0
1181 3.306328415279979 -2.112155454139586 0
1182 -3.305872972104809 4.087715122010074 0
1183 1.399210783674548 -3.407340053295888 0
1184 2.286289008763083 -1.827770715101342 0
1185 -2.638314968509797 -3.48057858228309 0
1186 1.871875714388247 -0.07869119686318614 0
1187 -2.702228529604047 4.420499790105501 0
1188 -2.504422208383889 4.720553241944589 0
1189 1.616913377205154 -0.3632078469432491 0
1190 -2.670384868710094 -2.452026707106461 0
1191 0.5446156507013392 -4.715800542049259 0
1192 -4.249413773799521 3.896273525236044 0
1193 -0.0808963382402024 -4.449881319182026 0
1194 1.139225482202192 1.711708602335175 0
1195 -1.840338976301587 3.280472154228195 0
1196 -1.274104266548724 1.588659299900645 0
1197 -1.685736094469794 -2.110684433499146 0
1198 -0.2038303646550702 -3.177518643278905 0
1199 -3.366071405142206 -0.4579544503873972 0
1200 2.042228094516328 4.42397184740982 0
1201 1.401688710733552 3.462754042617515 0
1202 -3.007203240264986 -1.611279410831641 0
1203 2.749351773580284 -2.050201421015296 0
1204 1.129117810748729 4.08014729958277 0
1205 -1.450099634602971 4.311255006502471 0
1206 1.350553963836182 -0.2064183827506225 0
1207 -1.337485695913727 -4.313749872442395 0
1208 -4.629135066676207 2.943771770141717 0
1209 -0.393346446977039 3.774471267898383 0
1210 -2.683032378089297 -0.9087224036488109 0
1211 0.3796971677050538 3.16048816898982 0
1212 4.183290749182659 -3.347660581429505 0
1213 -2.497898195066099 3.620962449468464 0
1214 1.454614079314665 -0.6940218604812808 0
1215 2.859747972769984 -2.365285262218266 0
1216 3.484370367645849 4.321632196462609 0
1217 -4.030292890508534 -4.322207126456981 0
1218 -0.864668457326714 3.884468736081975 0
1219 -3.193336799113474 4.759091563219338 0
1220 2.42122269614156 0.1739620379031555 0
1221 1.077545348794897 -0.3430338822418196 0
1222 3.885453528133141 3.538203488541324 0
1223 4.111617880478686 4.334258283060989 0
1224 -4.518112855043189 3.71845838527279 0
1225 -4.482554058665499 -4.280751964011744 0
1226 -3.322404656859872 -1.431525146782763 0
1227 -0.05467185580513771 -0.1902445836077699 0
1228 -3.111863743526581 4.200015469878932 0
1229 3.581560233469643 3.952144409690034 0
1230 -4.203825136917811 2.689151897165453 0
1231 -1.662594294760674 1.910967526531574 0
1232 0.05331621169872076 -2.986009964241349 0
1233 2.170173389619289 1.433942997265977 0
1234 3.04783560713846 3.975998746079646 0
1235 -2.293214320507739 -4.748848526070709 0
1236 -0.9105095616669805 -4.05986912471427 0
1237 4.4962301536714 2.658329659663803 0
1238 1.090639327597928 -2.80598066519723 0
1239 -2.910538666415312 -0.6598014454541086 0
1240 0.5186862320783788 -3.050463660601135 0
1241 -3.176444931473234 1.804825079577125 0
1242 -1.793884977847771 4.519891955333254 0
1243 3.83618473636502 -1.41027341623903 0
1244 -3.712653121497427 -0.1508126795670826 0
1245 3.957240134428675 1.478824432518572 0
1246 0.1022110965974346 3.59979354662853 0
1247 1.472032940940581 -3.671999800534063 0
1248 1.604804140653566 -3.818048512641823 0
1249 -2.102842123928872 2.1067140813444 0
1250 3.65232331705305 2.004188350716757 0
1251 -3.413899560809119 -3.00411699215431 0
1252 -3.437673212207009 2.49226131182866 0
1253 0.9348870601969228 4.382371196120748 0
1254 0.8938958001164363 4.509127974250235 0
1255 -1.533744797408064 4.707869866412218 0
1256 -3.556844504227293 1.022205733746783 0
1257 0.02546259015302902 4.52377360905554 0
1258 -0.3731446962937006 4.241663587376281 0
1259 0.4922603109350475 3.372134259600546 0
1260 4.101561612173483 -0.5346303312052997 0
1261 -0.181203767783494 -3.501396690608805 0
1262 -0.2975546908190558 -3.687907460366987 0
1263 1.7474022117655 4.829651321791514 0
1264 0.5137099827063439 -2.046882357069758 0
1265 -3.178251261731677 -4.62624031075899 0
1266 0.4435169458615704 1.215143160299911 0
1267 -1.035445515308226 -4.751351957700917 0
1268 4.762177088594697 2.019089419481955 0
1269 3.60160854326419 0.3525831432114798 0
1270 1.74311039259855 -4.699408202677905 0
1271 -2.290823317255545 0.8892977071210335 0
1272 -2.021607561814812 -3.001023444849544 0
1273 2.234672614014305 0.3823383022595013 0
1274 4.253296748199447 -4.308847900033763 0
1275 4.797710094547558 4.751815765773278 0
1276 -2.964940279509799 -2.964866795588867 0
1277 -2.224417694478134 2.368224501315283 0
1278 0.126737775315125 -1.186040213965694 0
1279 -0.3702611561735487 3.216369581117637 0
1280 -3.623618300780749 -2.137881018101376 0
1281 4.056549886636135 3.371057334278142 0
1282 -3.058247245665266 1.20152933231275 0
1283 0.1920540162532063 -3.299269048594053 0
1284 -3.726459149481077 2.189457897308302 0
1285 -0.6512953758904705 -3.760983776083313 0
1286 2.626998517152941 -1.647447593690114 0
1287 3.916572729665919 -1.910446638270051 0
1288 -0.1316866172214623 -1.779442756357193 0
1289 -1.066930946888415 4.133451798588455 0
1290 2.735562084112074 1.41751053641464 0
1291 -4.592495301704798 0.09016918372424666 0
1292 2.281994974744609 -4.681887475287247 0
1293 -1.633952336241028 2.838956750703438 0
1294 0.987489078093986 -2.310324290961848 0
1295 -4.882671098813072 4.859626734254118 0
1296 4.056329872678196 2.325469330999647 0
1297 -4.090523978591565 -4.110822010969783 0
1298 -1.791381028944588 1.200268935494887 0
1299 -2.707849363726627 1.642078954377438 0
1300 -4.517101538157868 1.743868489464012 0
1301 3.669952927089665 -4.621784534628874 0
1302 -2.825782561917058 -2.137196967299656 0
1303 -0.8811626142489513 -2.155409878374281 0
1304 1.197075824524639 4.529568508543014 0
1305 -2.189693125601281 -0.06104678120009732 0
1306 -4.691214538462803 0.495498690614724 0
1307 -3.526826011490426 4.775061832611719 0
1308 2.319435406368848 -0.5653009467571597 0
1309 2.586939191389233 3.254742327688918 0
1310 -4.589995258263736 -0.2013586967610393 0
1311 1.173041688932271 4.304171740920435 0
1312 1.119791452092748 4.378598654872795 0
1313 3.801211543884571 -4.231392754196932 0
1314 3.663201078534893 -1.449854701607759 0
1315 -0.7436048796527897 4.389618943851964 0
1316 -0.5081100256824601 -3.378559047019214 0
1317 -2.948370880480632 -0.2098503323393562 0
1318 -1.234052369840137 -2.36386351140376 0
1319 4.12384794643929 1.317801605334703 0
1320 0.4150002200459538 2.190651791788262 0
1321 0.4452444014644219 -0.8212004725479698 0
1322 -1.486292713444178 -2.556610299485122 0
1323 0.1478770060598144 2.589602012607517 0
1324 4.627604251288321 -0.2257543076900674 0
1325 4.570990092401643 -4.668328667974013 0
1326 1.385607800140566 -1.506802919746977 0
1327 -3.745029448969902 1.293289824359371 0
1328 -1.917898619548338 -0.4588425890968342 0
1329 -4.07700229198108 3.60464687163 0
1330 -3.063314111921344 2.230019907561374 0
1331 -1.932190961508118 -4.412242593694667 0
1332 -4.757724881397646 -0.5289535523915089 0
1333 -1.535065929211049 -3.159673298417591 0
1334 3.891224759512698 -3.940010998149612 0
1335 -3.161075749023063 0.2530106416639379 0
1336 -4.758648328182105 3.266131941950126 0
1337 -4.534586429767657 -2.356107309400199 0
1338 -2.082721223673875 -1.60787729425854 0
1339 2.467821066053927 -1.413879899774996 0
1340 -1.93155146288049 0.5665350598471341 0
1341 -3.772025835239279 -4.718090179869113 0
1342 -3.819041278242928 -2.288845270569274 0
1343 -3.75879362448953 -0.7771240085821689 0
1344 1.061537883034418 2.211606557808384 0
1345 1.465246513044927 -4.812200298286223 0
1346 3.391505597228168 2.221443978543233 0
1347 -0.5739430391123295 1.511799845602635 0
1348 -1.793645079022924 1.751246240248989 0
1349 -3.122063395640375 4.379214552154344 0
1350 -1.304459504759144 4.478818088417902 0
1351 -3.849016242582772 0.2420915999190502 0
1352 -4.392401378264418 4.83863996881362 0
1353 4.820908557397664 -0.8776530358941456 0
1354 2.688758958264525 -0.2492010265551572 0
1355 0.4098848967229635 -0.3008449533782962 0
1356 -1.410985197631464 2.119500984867824 0
1357 3.897147383804523 2.571744902719786 0
1358 -1.802225851553646 2.162397105297259 0
1359 4.295099674845216 3.898969832608324 0
1360 -2.389783771792634 0.1451653375676967 0
1361 1.898325331531302 -2.054069813848726 0
1362 -0.07764351463675506 1.8758204852993 0
1363 -2.815446152740319 2.488197858205217 0
1364 2.169847317111312 4.050446179955754 0
1365 -3.703856777212489 2.968085167983293 0
1366 2.62703972841827 2.663237590980552 0
1367 0.8224848238734748 -3.389886051409846 0
1368 4.088921488754404 0.3716760011232121 0
1369 2.503707970532108 -2.63635017355659 0
1370 2.226232081078485 -3.427842024814816 0
1371 -1.429779104489676 -4.801994257994989 0
1372 -4.160243163127775 4.465920844408533 0
1373 2.101110092053636 -1.542313885435588 0
1374 3.189749864011329 2.672417134115386 0
1375 1.696574725723152 -3.192925007214716 0
1376 -0.3275206154229445 2.266849867278067 0
1377 -1.504712770610442 3.889312999228737 0
1378 3.752409362953515 -0.1314306684425708 0
1379 0.522349166705942 4.819371510873919 0
1380 -4.251623630199462 -1.125081309530711 0
1381 -3.637824397153728 -1.637015349382955 0
1382 0.3235991218659435 -3.762860166574882 0
1383 -2.719364331649332 -3.998880829486517 0
1384 -2.914266690706884 -3.681496802138737 0
1385 -3.58005200898955 4.312057334127616 0
1386 1.21806190023062 -2.556737653132922 0
1387 -3.716975647004819 3.856740242398728 0
1388 1.839919731411584 0.1526245361400151 0
1389 -3.859640742601308 4.111879126661828 0
1390 1.17277088202857 -4.125449434896378 0
1391 1.312372653575764 -3.968849634433502 0
1392 1.536182304777721 1.016109119604783 0
1393 -4.257653903674488 -0.5157515611541797 0
1394 1.757759444332509 2.107985149204576 0
1395 -2.87892683610315 -4.620688914636733 0
1396 -4.36594100125219 3.337491776011479 0
1397 -0.2437139668941589 4.529196842470293 0
1398 -1.790744675943574 -0.7112205462997415 0
1399 -4.268533701145642 -3.097359121561528 0
1400 1.517790919452922 -2.947017004436567 0
1401 -4.490205108367449 -2.755845525834097 0
1402 3.670019295709266 3.083873934849753 0
1403 4.750437031750939 0.293714843141906 0
1404 1.200121924635643 3.886215755291593 0
1405 1.542939472811942 -4.292877918141698 0
1406 -4.152898469076661 -4.688569468427972 0
1407 4.16983355629735 -1.015156881335161 0
1408 4.767422073169233 3.831646057326291 0
1409 -4.085941077886084 -2.377317790162326 0
1410 2.809591293179019 -1.238560537198146 0
1411 -1.357116950827452 2.520287550647507 0
1412 -0.67508384641043 -4.396717632633053 0
1413 -0.4271197674843568 -4.702300570306251 0
1414 4.81527316111861 -0.5797209789928578 0
1415 -4.763498543735057 2.130863332300716 0
1416 2.492654997782527 -4.655551139610468 0
1417 -0.528193067544675 -1.439858488650473 0
1418 2.512790453550336 4.76380556639471 0
1419 -0.723108853354826 -1.161489897663134 0
1420 1.062037782714018 -3.694991644447235 0
1421 -2.467523831322923 -1.818953906017357 0
1422 1.135864963287632 1.099616228963314 0
1423 0.8495064662201707 -0.06685717154759062 0
1424 -4.194820185335145 -0.1034534773315545 0
1425 1.504963640365383 -2.36252682119652 0
1426 4.792493179047982 1.789388154835859 0
1427 4.358260166970354 1.130241906264924 0
1428 2.456414762701273 -2.191010920488521 0
1429 -0.9160858860507461 1.930126087962858 0
1430 -1.290771257918316 1.79479047135089 0
1431 4.76511894657742 -4.026179265055895 0
1432 -1.652272597691795 -1.098886627665592 0
1433 -1.043552194415267 -4.296700844320724 0
1434 -3.804774243149227 -3.822333724462423 0
1435 1.119829290411112 -4.592171739370909 0
1436 -0.5905146448855729 -2.563742777125977 0
1437 -4.449847361965363 -4.707556719127237 0
1438 4.082888523682564 -4.734203182596028 0
1439 -0.05221105789317466 -2.082928842954302 0
1440 -2.098432143301343 1.534575438052088 0
1441 -1.837926543502799 -3.423163688174395 0
1442 -0.4285329738239866 -0.4056634714124153 0
1443 1.910502137121167 1.876943744380515 0
1444 3.942641302477395 0.6858715752852793 0
1445 3.758171689530351 -0.8449437586114263 0
1446 4.414316529235683 3.667824960109031 0
1447 -0.6506111222943598 3.500902842656402 0
1448 -3.085620857275772 -2.199775589397298 0
1449 -0.6871030005793168 -3.492511248965075 0
1450 -1.756078840643261 -4.690774459612346 0
1451 -3.896942008952337 -1.968705482824008 0
1452 -4.105123424688956 -1.985529181040849 0
1453 -0.9329851070667716 -0.1744175220293025 0
1454 2.108096987432817 3.517116275628521 0
1455 -3.872429933972741 -0.282633597238188 0
1456 -3.220302720969425 -0.2854104085769144 0
1457 -4.777728037686255 1.346073244682868 0
1458 -2.599049505789159 3.042168551640918 0
1459 0.8909177543261523 4.725980616871095 0
1460 -4.606872584693016 -1.351125637640019 0
1461 3.836653960106805 -2.692864830124241 0
1462 1.336287817866634 4.593539002663436 0
1463 -2.354134545599377 -3.788551217024311 0
1464 1.920351558714048 0.7527085553685716 0
1465 3.283770151065695 -1.033716745834623 0
1466 -2.40958920400058 -2.809936659107851 0
1467 -4.835794281774576 2.935220025220983 0
1468 -4.831289089188019 -2.928621654316619 0
1469 -4.55099382354484 3.179567004278556 0
1470 4.37189426543942 -3.231998505607276 0
1471 -2.343342744661742 1.875674046644184 0
1472 1.376587253572565 2.491465531015038 0
1473 -4.786542979399587 -0.8852764954914777 0
1474 -0.5489632554755595 2.100136648057272 0
1475 -3.446804904478233 -1.919740857831163 0
1476 3.295833527316909 -4.464276611240775 0
1477 -1.931022458611877 2.671107085739652 0
1478 0.8630938892691928 -4.359136793546481 0
1479 0.6800723486883155 4.245329970543955 0
1480 -4.373156099296165 2.81700984892513 0
1481 -4.317340397566692 1.463836623051846 0
1482 4.054377713357934 4.760255246589593 0
1483 2.053312749284421 -3.855482627479657 0
1484 2.625024213858995 4.323859034185843 0
1485 -1.104898408400803 1.986655855020703 0
1486 -3.233644584878053 1.204670354500989 0
1487 4.397328181121796 -3.716083065884392 0
1488 2.508007692195017 -1.114616237178467 0
1489 2.582913603492778 -1.252104890522296 0
1490 -3.40473710956166 0.002073949562125331 0
1491 -2.123438094002141 3.084782442260161 0
1492 -2.707427758667696 1.123834570147952 0
1493 -1.278120860607779 -0.3804148713396934 0
1494 2.583460575660161 -4.450373929604403 0
1495 -1.656919687887159 3.723562954487138 0
1496 1.919600088997943 -3.67794890567469 0
1497 2.135186344332654 -4.493056481870732 0
1498 2.322286376063239 2.027854739692996 0
1499 -3.061569069213111 -3.112186487364959 0
1500 4.293946650841467 2.862307929313647 0
1501 -1.48633930109083 2.001123185890603 0
1502 4.801418527467348 -0.09618680233906403 0
1503 -3.804506559999472 -1.773681281079901 0
1504 -4.35991482307229 -2.58511651879943 0
1505 -0.2604979465647574 1.709978951729524 0
1506 3.490097341408227 -3.576220980192683 0
1507 1.094621435100362 -3.140972961777959 0
1508 -0.5953645006388043 -0.5550752820625385 0
1509 1.005802632811371 4.578948227862909 0
1510 1.978348071041202 -1.047443881224602 0
1511 4.664386379105395 -1.148404599019362 0
1512 -4.299977959381302 -1.696889405230942 0
1513 -1.028031278057898 -0.8221574450355535 0
1514 -4.442233694801617 4.393825059849476 0
1515 2.433264808855388 -4.23924509274025 0
1516 1.296891196051565 1.369367228213529 0
1517 -1.386991189903291 -2.090015620814969 0
1518 -2.094057753724517 -2.060298426537981 0
1519 -2.421118425070309 -1.19576530641909 0
1520 3.254540984709682 -4.048664048706901 0
1521 3.485676231715122 -0.5885884528695781 0
1522 1.732166513616471 2.72840299240184 0
1523 1.996317641140891 -3.019480016428043 0
1524 3.014441983229033 2.007741249443503 0
1525 -1.97530109236422 0.8196015959728952 0
1526 -2.948420290104179 2.813936488733843 0
1527 -3.664218742548485 -4.029372278748548 0
1528 -0.3012412200662918 3.437156432604719 0
1529 -2.457517844667606 2.794976826073135 0
1530 4.417984998872482 -1.832131658634321 0
1531 4.637515134602914 3.658673612316364 0
1532 -4.703879229929552 1.665701471052498 0
1533 -1.114640719813534 -3.772716701561711 0
1534 0.01880225181934408 0.9912953072869188 0
1535 0.9658014848893821 3.152858378288994 0
1536 -3.887817655998008 0.8170033966446508 0
1537 4.77141039589444 1.21223462961221 0
1538 -3.719180341715876 3.235269370932584 0
1539 -4.354903739996963 -4.084077066880893 0
1540 2.45663186378946 -1.750894359066112 0
1541 -2.87069318453109 -2.573940780036371 0
1542 -2.150452398582061 4.311561557786642 0
1543 -1.346029446966948 -3.503616804763829 0
1544 -3.335561029168876 2.003272480572804 0
1545 4.739988305100617 -1.690715383345883 0
1546 3.171309935293782 -2.721094780193299 0
1547 2.136246877836337 2.375499223289211 0
1548 -2.786962198155986 -3.80746251282365 0
1549 3.669010680718993 -3.422436589926119 0
1550 -1.356862658884944 0.518374865314283 0
1551 2.267653679447237 -1.420611558192779 0
1552 1.845452692188507 -4.116098224715635 0
1553 -2.728375086113503 -3.273448019147201 0
1554 -2.751443819382097 -3.039296248130641 0
1555 -3.299679304839253 -4.454117427069766 0
1556 -4.664117545061135 3.579792506130847 0
1557 -4.798179689780098 4.481676947512753 0
1558 3.462878528472857 0.1767991461862231 0
1559 -3.584275511268332 2.000785445942673 0
1560 1.245974186041164 -3.287070834195392 0
1561 -0.7818286087716269 0.3366450889894603 0
1562 -0.2860251609057038 3.040858136066272 0
1563 -2.138808125042246 3.869263062622721 0
1564 2.387833155470311 -3.637915293700495 0
1565 -0.4370879099822993 4.72976050092973 0
1566 -3.615240663496416 0.4517264575102791 0
1567 -1.70765547923587 -4.221798438649127 0
1568 1.843747626831672 -0.8220100814988339 0
1569 4.020713300321259 -2.11032392610077 0
1570 -4.033628611972139 -3.382880100683247 0
1571 0.7930212219794606 -1.589981919584681 0
1572 1.722690420070404 -1.272794861445418 0
1573 -1.344938912665233 -2.893010262354043 0
1574 0.7024394650809089 2.68127090720995 0
1575 0.7272861081518341 4.041021889412192 0
1576 4.079033466207544 -3.90151685289369 0
1577 -1.378866060346 -1.077243273605608 0
1578 -4.294472595095097 -2.110877030508919 0
1579 0.9157607492842929 1.984167436738163 0
1580 2.720750545599615 -3.917640947372062 0
1581 2.989639196812936 3.017064696328643 0
1582 0.8087890285096784 -2.432040331482045 0
1583 -3.239006816982786 -1.889639977375902 0
1584 -1.102516283064106 0.1317325947916028 0
1585 -3.463466351714448 3.383263055370856 0
1586 -4.544196006686669 1.312688140008637 0
1587 -1.056702178456934 0.7491197211385737 0
1588 -3.754397818644311 4.718112982756939 0
1589 2.804821617301586 -2.940419059373121 0
1590 -4.108115626130471 -4.494235583423821 0
1591 3.907890524385495 -3.618237289003265 0
1592 -1.659206435819035 -1.894116275708662 0
1593 2.477998943221811 -0.975669360797601 0
1594 1.254975935823533 -0.6717398151267352 0
1595 -0.08981526897032954 -4.000401130539647 0
1596 -0.9089437523773014 -2.779583448961349 0
1597 3.675417459519915 4.411217837554656 0
1598 1.706375794494911 -2.732073908664786 0
1599 -1.031774878781773 -2.330423738551938 0
1600 -4.475854050987391 -2.936775502015323 0
1601 2.592897121348017 -3.135363048962639 0
1602 -2.821194419372795 -4.801045341142785 0
1603 -2.547779919167616 1.904012441197366 0
1604 4.28685140221261 4.418289751057389 0
1605 2.267218791788277 3.05599335135865 0
1606 -1.098091235136692 4.752294089647905 0
1607 0.9724780973518132 4.893622157420188 0
1608 -0.4475613045880187 -1.935146595964772 0
1609 -1.449491685499785 2.40311647354382 0
1610 4.487346494221338 4.072620644203388 0
1611 -1.037103158035435 -1.95732804535686 0
1612 1.385370115533213 -2.079042525868199 0
1613 2.90600683903799 4.483993913341432 0
1614 -2.939104435306811 4.590557803646666 0
1615 2.278107113055061 -4.847826348460735 0
1616 -0.3333146357745964 -4.256058702592927 0
1617 -0.6280815556586223 4.856678584925955 0
1618 -4.838400944259003 0.1106012923175283 0
1619 -0.4211137375074522 -2.822802598547176 0
1620 -3.907468144213512 -2.864656309195122 0
1621 1.232408565970741 2.663029295610885 0
1622 -3.154727281450257 1.559344633660429 0
1623 2.914779823131577 -4.290119102328671 0
1624 2.828157391090611 2.477451849765504 0
1625 -0.5021362829489128 0.5245122280657432 0
1626 -0.006892835991682731 3.812237523314258 0
1627 -0.2301855630581295 -0.07212276825131289 0
1628 -0.3853871485043073 0.0860899216846408 0
1629 -2.217230372885176 -4.54517769304029 0
1630 -0.02747624103921432 -1.642942074941067 0
1631 -4.864203013100168 -0.3012068139324253 0
1632 -1.273114043352658 2.181617715522941 0
1633 1.767128993904872 3.187449966021472 0
1634 -4.856929198756461 -4.363121820990826 0
1635 4.661753615648576 -3.015597084930268 0
1636 -4.610322491135565 3.934702129639311 0
1637 -0.136133849657754 -0.6427085926047436 0
1638 -2.407656160961789 0.7354414799419368 0
1639 -1.575877355707116 0.7789000271363373 0
1640 1.544386521520223 -0.8942168778645444 0
1641 0.5896965384354267 -3.5921377466191 0
1642 -2.944101149272588 3.409459589497633 0
1643 4.812953581932398 -2.062150764911082 0
1644 0.6669107111208008 0.4022515655986713 0
1645 -2.537306375560953 2.211235094675715 0
1646 3.443420948872029 3.826594745219021 0
1647 -0.6339505599650384 0.09664592422550251 0
1648 -2.305089822497422 3.761822960469038 0
1649 -0.1078391641699931 -3.823373467993779 0
1650 -0.2366942552332904 -2.779086894601118 0
1651 4.301970665142396 4.777358231263683 0
1652 -4.599421097449975 -0.5805413099484001 0
1653 4.166312386853775 -2.61335117150812 0
1654 -0.9876699804841739 2.869523403869572 0
1655 2.322823705473539 -2.833135505481946 0
1656 -2.991628164008744 -4.204657787999158 0
1657 0.09691263813915416 -4.340392242816465 0
1658 -3.962549165673552 -0.8917625736176613 0
1659 2.93171196423117 -4.771042257212403 0
1660 -1.72897405700198 2.312150568495679 0
1661 -2.009756102593828 4.099934066079175 0
1662 0.4236013601804576 -2.852316615760011 0
1663 -4.004701650688317 -3.905164703613851 0
1664 0.5495268034324783 2.304623903385334 0
1665 1.884775282925661 4.32420372470251 0
1666 1.319010474114795 1.819935467862341 0
1667 4.424542045933637 0.6002904194225394 0
1668 0.3563044825009925 0.7364726268020718 0
1669 0.6479540023143527 -4.523354711711582 0
1670 -0.5663460246897587 4.260635149619905 0
1671 3.665076448993762 3.535076978987615 0
1672 3.69213840131997 -1.821022174329574 0
1673 -4.051701192956402 1.061970925553812 0
1674 -0.5279861601829792 3.639711667088463 0
1675 -0.1201016799717177 -1.238380593115609 0
1676 -0.1175348518407735 4.833939507145773 0
1677 3.542540846389601 -1.633708375746474 0
1678 0.3839068416151738 -3.978224545949994 0
1679 -4.873287636961445 -0.7434125032929456 0
1680 -0.3138810132487937 -2.357246357507033 0
1681 -0.9450359833863653 4.28783466445108 0
1682 -4.717471905583292 -1.824438291374367 0
1683 -4.687032510897409 0.9734839262151681 0
1684 1.986230014205445 3.680164697525714 0
1685 3.104369365080633 -3.212965760838322 0
1686 -2.447951801179862 4.1101449328427 0
1687 4.751415594215231 -3.568411822248899 0
1688 -4.133280153924179 -1.322729858767706 0
1689 2.354532150190702 -2.005602060706174 0
1690 -2.058601958961454 -3.568296940432689 0
1691 0.919407905553154 -2.846975676032295 0
1692 -3.411077866983934 4.88876075652844 0
1693 -3.362278145341384 1.328583500908558 0
1694 -0.400684758836712 -1.008782118273852 0
1695 -0.1905946345864103 0.7854148076016801 0
1696 -1.714125375916435 -2.323100707450006 0
1697 0.3262427843641266 2.670325522626999 0
1698 4.289979674963448 -2.803326466178759 0
1699 -4.798834583801625 2.480057482914564 0
1700 -2.269524178054 4.765002095827745 0
1701 4.342456050547687 1.909308267545699 0
1702 -3.043213035420384 3.808569852295902 0
1703 0.8018548276383994 -3.837661074439802 0
1704 4.818160138317791 -1.183636242377351 0
1705 -2.154689526908658 0.4327280147636506 0
1706 3.239784460613465 1.714219638143598 0
1707 -4.354946640718725 -0.2902759275038243 0
1708 2.515289332098813 1.107773376497446 0
1709 0.8804996751988121 1.006471686772682 0
1710 -3.662455176453472 2.396334762863868 0
1711 -2.066162750260221 2.479242342236191 0
1712 0.1110348438245519 3.083603283631766 0
1713 -2.828236338595611 -4.441188697751316 0
1714 -2.19815325778338 -4.020656946625919 0
1715 -4.59118951319774 -0.7931441958799431 0
1716 2.429646060279623 4.525326575638659 0
1717 4.471743193414216 -0.7903852772319484 0
1718 3.733216152485048 -4.83239585433311 0
1719 4.630549082275406 0.7427406553737581 0
1720 2.297952967318017 -1.25653763327415 0
1721 -0.09206661076068744 2.314815184410119 0
1722 -1.271625649799098 1.000328108753796 0
1723 -1.989089418586163 0.01624280594937962 0
1724 -4.483225596881429 -3.876948038265695 0
1725 1.919898673142219 1.084617311585496 0
1726 -1.829902087711924 -2.94717405183815 0
1727 2.783875606484441 -1.569082005828612 0
1728 -3.449101267257432 -3.628731076373113 0
1729 -1.099568398001143 -3.974281872548764 0
1730 -4.728085828389747 -3.876679959621695 0
1731 -0.3924867650226722 1.193983059292708 0
1732 -4.288931693345246 0.04837879792973199 0
1733 -1.403359920419375 4.005389447340707 0
1734 4.678908456934748 4.32744053734091 0
1735 1.763952362928254 -0.2856580161440802 0
1736 3.129937481848469 -1.802766935529259 0
1737 2.807035753083955 4.773168214898911 0
1738 -4.478318013598446 0.3400810347057251 0
1739 1.629502401287031 -4.162913186723518 0
1740 -2.82562524523762 2.022288076364359 0
1741 2.168445663538932 -1.073371085768408 0
1742 2.043421540791464 3.891696122170759 0
1743 4.630356609477866 1.628251146427804 0
1744 -0.9704271398498991 -4.598671713260697 0
1745 -2.31838382514412 3.409165933065574 0
1746 -0.4592141710299405 -4.877242502065726 0
1747 3.162525955372947 4.136339365784225 0
1748 1.133531341787993 4.222064642241723 0
1749 -1.897966016882865 -1.387460029293455 0
1750 -3.674642862644986 -2.539715070140131 0
1751 -2.132969355697723 2.921689599977047 0
1752 -1.775286251527162 -0.2890997609210825 0
1753 4.092004352459436 -1.938955113887066 0
1754 2.039730992728877 0.2903582104249312 0
1755 -2.026946440834027 4.83775499703633 0
1756 -3.406988595119052 -2.389706652523865 0
1757 -4.860291758125276 -2.469050506761111 0
1758 -4.896703697045968 -2.592893047466132 0
1759 -4.852894943956846 -2.697526705325704 0
1760 -2.185753017440554 -1.065866825762858 0
1761 0.3021329364588876 -1.346406027615981 0
1762 -1.71054799432205 -2.765462006732949 0
1763 0.9394548298163944 3.657799674684627 0
1764 3.299151808820121 -4.825572004589314 0
1765 2.129522114013061 4.262123571069103 0
1766 -4.858423533690561 1.059028294964587 0
1767 -1.925118393745675 -3.831401625430886 0
1768 2.98481008750467 3.769326903231319 0
1769 -0.8060400681330672 -4.423637778294052 0
1770 -3.129518021779065 -2.579262093818645 0
1771 -3.001952045347963 1.404714156059273 0
1772 4.373019907528315 0.04217570943031463 0
1773 3.850080682222904 0.1296450425045751 0
1774 0.823180994917961 -2.981749740391217 0
1775 -0.7048512365007724 1.955220651927633 0
1776 -3.271804933814423 3.192948650524926 0
1777 -0.7851247126784517 -2.936088346994866 0
1778 2.764118096598189 3.347811908287373 0
1779 0.6133292033050316 0.8883258255136428 0
1780 0.7833784657282911 -2.648298741623021 0
1781 -2.527984361061612 -4.286604474775263 0
1782 1.309173351317733 4.25715402864573 0
1783 -3.058983779990279 1.045252140957587 0
1784 -0.7903182638022865 0.9273217941526841 0
1785 2.112265607262653 1.084869470122602 0
1786 -3.962463975028141 -4.809973914658472 0
1787 -1.585974754309121 2.299521831220269 0
1788 2.308492961895412 0.0158328376079835 0
1789 3.421381790093359 3.048461079451214 0
1790 -3.282410949354136 2.298324391684368 0
1791 -4.554460687417009 4.846004879985795 0
1792 1.992316507790352 2.718602818135442 0
1793 1.550190715868262 -4.443234202360205 0
1794 0.5569905168124089 2.98526530508649 0
1795 4.271744779126502 -1.474849886959636 0
1796 -1.943873677382928 -2.639214398940652 0
1797 -1.981407963364531 1.355637762141106 0
1798 -4.858269923203517 1.220535643777275 0
1799 0.9657261256889712 4.723656414548098 0
1800 4.784240422944149 -2.559637639955683 0
1801 -4.746728707284467 -4.803763827190219 0
1802 -3.75610677708998 -3.17722218828823 0
1803 -0.8849951827811592 3.300278142498629 0
1804 3.269611843261125 3.568763596093073 0
1805 0.1125139165469502 -4.761968771455015 0
1806 1.329466171496425 -1.135916390596259 0
1807 -2.476587614555614 -3.714451662130667 0
1808 1.53102270173206 2.914955135033007 0
1809 2.341611250953325 1.589951373977333 0
1810 -0.7889067962105388 2.387987194730095 0
1811 -1.212112860874049 4.152611332478871 0
1812 1.769636090654062 0.5827746014795088 0
1813 1.404060690795773 4.106035446362379 0
1814 4.577859387390829 -0.6208143515263935 0
1815 -4.140650977002135 3.420223566408927 0
1816 -0.2862950552473439 -1.199820335803189 0
1817 1.014825014760037 -4.75697832380745 0
1818 -2.268141431841399 1.074202818761256 0
1819 -1.674450722076732 -3.127450247503141 0
1820 1.288116390439589 -4.292939860811783 0
1821 -4.156110437806494 4.813602393820975 0
1822 -0.1458051410040815 1.214559914044715 0
1823 -4.903780551410148 1.546847696463677 0
1824 4.711295188609286 2.607720466980894 0
1825 3.686156710348732 1.008090756675861 0
1826 1.524364499277438 0.8131803950742518 0
1827 -0.8478732645137161 -1.007754137161595 0
1828 0.9539373621712628 1.596766171520094 0
1829 -3.326915225096985 -3.812568392124954 0
1830 -2.536049587303015 -4.793954294387249 0
1831 0.2713023853544021 4.117312994308912 0
1832 4.501820008840913 -0.3186249911574133 0
1833 2.609824932806737 -4.839214013245734 0
1834 3.888003951384564 2.110873708432232 0
1835 -1.08728368023045 -1.315732869345398 0
1836 3.079743718490926 -3.848819896883643 0
1837 -1.309078370056527 -4.086237609976179 0
1838 4.27593786241944 -2.397476910656758 0
1839 -1.45672942845355 -4.476886020298457 0
1840 4.360272543175465 2.426106825123415 0
1841 1.16978034811507 -2.152717915755851 0
1842 -4.829601739734957 -3.372595305611797 0
1843 -2.329222551864706 -3.149493283282402 0
1844 4.776139955575505 3.236950527847336 0
1845 -1.462972727122997 -3.340031786317676 0
1846 -0.2310885774452746 -4.621739342662298 0
1847 -1.789656048283711 -4.83378784326251 0
1848 0.8410953765672866 1.305498158619629 0
1849 -2.615459562616762 -1.36419095256812 0
1850 -0.06445054791927844 3.416765776661349 0
1851 -0.5160520800813138 4.714257681575754 0
1852 3.563123548919143 -3.79995031133223 0
1853 1.888728432120218 -2.785143981577587 0
1854 -4.830340500330785 3.984671047197798 0
1855 -0.2831706084011464 0.2612640313021118 0
1856 -0.09790024322896122 -2.538984626272068 0
1857 -4.091428150817927 1.611923275488973 0
1858 2.739107792000762 -3.373712687458298 0
1859 3.969452531146796 -1.530758363316072 0
1860 -3.525395507905481 3.855588465515624 0
1861 -0.8929250126511861 -3.636003393553526 0
1862 0.6043901683268675 -1.007441402376722 0
1863 -3.936694328626194 3.091752085198762 0
1864 3.80624090454163 -2.298740012745537 0
1865 1.223416573887575 0.9676788256460633 0
1866 -4.540663869754603 1.942151912647942 0
1867 -4.173523044244373 2.931450759145749 0
1868 2.152439908854774 -1.955147514294297 0
1869 -2.003394248990933 3.726020309576072 0
1870 -1.49154836548272 -0.4675745800430336 0
1871 0.4326596651586854 -1.853160880560406 0
1872 -4.77416757239267 4.290145640251073 0
1873 0.7650437206279255 1.157994364169201 0
1874 -4.779953833441 -1.524276075518214 0
1875 -4.863224211321767 3.148641012449238 0
1876 -2.871909512766257 -1.316686122237699 0
1877 -1.173825904079048 3.058384254570987 0
1878 -4.166564685743283 -1.814059958467329 0
1879 0.1211924873598313 -2.393265985107197 0
1880 -1.516352880692017 3.480046875870292 0
1881 0.2915218441078248 4.828839317307107 0
1882 -1.07971654445193 -0.3377838534122415 0
1883 -0.6986423425938556 3.938866162380565 0
1884 -3.563959417139205 1.366246043371699 0
1885 3.849753185917127 1.686241684470992 0
1886 -2.819691547253048 3.857699434589922 0
1887 -0.8566632654547153 -4.808148026920856 0
1888 2.015383072037669 -3.501680932716219 0
1889 3.44791813995209 2.397428892096387 0
1890 -1.093485810879706 -3.193167870074348 0
1891 4.219799817708854 -4.075144545782668 0
1892 -2.975070565622452 1.743613726575405 0
1893 3.938148952463507 -0.1285799193163912 0
1894 3.534688911213788 -0.0368114824173434 0
1895 1.387691627338463 -2.495034010825588 0
1896 1.56164721532949 -3.32493473658799 0
1897 0.9398441803954742 2.981292931626518 0
1898 1.009237087407083 -0.875572731128926 0
1899 2.182353737565411 1.247657828915849 0
1900 -4.492709815467634 3.534661200379319 0
1901 2.256122258300688 -4.326001668093816 0
1902 3.078261832628919 0.6382695266145149 0
1903 1.117255367594548 2.789849001949657 0
1904 4.629209749054137 1.267848134119865 0
1905 -4.511811114263224 -3.498221200767676 0
1906 -2.774017585907495 0.4848003802345542 0
1907 -0.1158728033998254 -1.900601998359618 0
1908 -4.719459689506967 -0.2138155968271775 0
1909 1.208794748807101 4.027003591811914 0
1910 -2.58529516109719 -2.914214441982085 0
1911 1.281065016836886 2.308550626745747 0
1912 1.19607329364877 3.294736844803571 0
1913 1.460864425860443 -4.000430815136694 0
1914 4.139956686069307 -1.680241814979927 0
1915 3.172972711984582 2.190209314529878 0
1916 -0.5502757716987235 3.249681353407564 0
1917 -1.994523102524477 2.832755176972466 0
1918 -2.151147648022632 1.964390854537868 0
1919 -0.2240052800132993 3.831023775027997 0
1920 2.82005020353072 -4.096214365183401 0
1921 1.933804360941776 -1.625781417108167 0
1922 0.6535108437169297 4.767106001555578 0
1923 4.850205173974745 0.4833523664123163 0
1924 -1.665840022470103 1.580559309832838 0
1925 -2.339292786860619 -2.035863066083961 0
1926 0.5896469032543442 1.120947952766294 0
1927 2.284293709626584 -3.824810050024167 0
1928 4.541761414737804 2.087878483616239 0
1929 1.036483604128964 4.412414691616245 0
1930 1.228755754338369 -1.83313781702197 0
1931 3.923746421506522 3.174965317830508 0
1932 -0.1607036475756782 -2.988512351179763 0
1933 -0.6885437610097995 -3.066688807737501 0
1934 -2.635000440358032 2.609698321479263 0
1935 4.451832044603326 -0.1376972775142334 0
1936 2.324575047450669 -0.9520301907632954 0
1937 1.90993342937092 2.300622685206892 0
1938 3.527836903562223 2.831196740262589 0
1939 -2.717475464522531 3.515437261106345 0
1940 -3.74207426446564 -1.170424377016579 0
1941 4.744865333719709 -4.813630300567206 0
1942 -2.837508493359168 -0.7877000827082022 0
1943 1.103078992007976 4.555493695198571 0
1944 -4.860219517657502 -0.6141752675146274 0
1945 0.06080636037055941 0.5087109192829922 0
1946 -4.485198195353506 4.711815647392055 0
1947 4.367626667453187 -4.810946191875014 0
1948 3.978980570546607 -4.351894601479735 0
1949 -1.808532250530475 3.128918995080141 0
1950 0.3988212950446209 -3.212648242685288 0
1951 2.837880458228444 0.4441476667804157 0
1952 0.0520080918247234 -0.5606482530206475 0
1953 1.14405997529252 -0.5211819842471168 0
1954 -0.7476976503684658 1.570958805317107 0
1955 -4.496813385881488 2.922032820729219 0
1956 -2.476615208952362 -3.319091443454308 0
1957 -2.797029517827863 2.984904115686108 0
1958 2.585080581532327 0.1933344541128152 0
1959 0.1818486581025197 -0.9574544868659586 0
1960 1.373009063966919 4.797651884108774 0
1961 -1.966323640253601 1.666450544224775 0
1962 1.361921746799243 0.6256741399796862 0
1963 -2.082871752917422 -2.808661164960589 0
1964 -0.6507737612398511 -2.046538621092612 0
1965 2.747869445928294 2.893458094501771 0
1966 -1.775488802802871 -1.584914315110703 0
1967 -0.5714817933407624 -4.55199255602005 0
1968 -1.432298025977862 2.732969873683575 0
1969 -3.754502015278166 4.280258593721895 0
1970 -1.981049068186831 4.49645617153293 0
1971 -0.9870799232691383 -1.750859121590061 0
1972 -0.9296389323602354 -4.203182387273998 0
1973 -3.254798799599164 -3.286897521396373 0
1974 1.496738954628695 0.4234538637503142 0
1975 0.1663030546719174 -3.738872680558625 0
1976 3.369647240346045 -2.823921217183655 0
1977 -1.62201677535048 4.839273337026171 0
1978 -1.647853372061811 4.589044778726102 0
1979 -3.491457765909463 -1.496205183402867 0
1980 -1.869320722650264 -1.984201463789681 0
1981 3.939566863975758 1.19805637639331 0
1982 4.1179057067589 0.8368741086020224 0
1983 -0.4583199901998935 4.812750271479366 0
1984 4.799543830102675 -4.276555360806778 0
1985 -4.293652995242782 0.9553471807563086 0
1986 -3.985868459974793 2.63145005543712 0
1987 -2.342614546131427 -1.65834874383074 0
1988 -0.5024448203678159 -0.8136577151866544 0
1989 -1.474315858529387 -2.750692542288968 0
1990 3.937548834220859 -0.6924340589003483 0
1991 -2.915110123809844 0.7122109096992497 0
1992 4.472911861466302 -4.467232993028636 0
1993 2.86042198881866 -1.430965576895288 0
1994 3.035491933845491 -1.329748163222455 0
1995 4.048324482849329 -1.67302676773491 0
1996 -2.47828509619753 -0.8144162272305744 0
1997 -1.131000489397428 3.595404758525201 0
1998 4.454614086639317 -3.898372365041133 0
1999 0.8831102602116487 -1.858052766327944 0
2000 -3.517273686944633 -0.4430084037735852 0
2001 -2.361971947788259 3.930814329852499 0
2002 1.522099853837561 -1.084325493786593 0
2003 -4.130775543101628 -4.851477755764555 0
2004 0.9004388908307722 0.2865639895649653 0
2005 2.64576250212976 0.7175056371992325 0
2006 2.218069284317432 0.9431253898899811 0
2007 1.49544809429831 1.470192550442277 0
2008 4.179456994540046 -1.254494863558176 0
2009 1.595735777102332 2.551558465158071 0
2010 2.712595800967814 -2.507081088929385 0
2011 3.310859656449266 0.7588053966596641 0
2012 3.491449220852162 1.307112260171697 0
2013 1.432146684668584 -4.529919259584967 0
2014 4.584542459813427 4.488188419150948 0
2015 -1.555307088614548 -4.640559769798909 0
2016 0.6330541426597875 -4.01066552894759 0
2017 4.40452485226419 1.692484809024125 0
2018 0.2469786810481424 1.124285482974833 0
2019 -4.841006906447803 0.3186768547384925 0
2020 4.403149384810151 3.055634568017177 0
2021 0.9235159502736421 2.421552972106974 0
2022 -4.885914233307746 1.442075981549971 0
2023 -4.480834076383298 -1.812171496470864 0
2024 -4.433650969180794 -4.466814167067143 0
2025 3.762312227894683 0.4910431808123224 0
2026 -1.904367312222167 -2.414723706511275 0
2027 -1.235984679805381 -4.795676385588119 0
2028 2.995205540098443 -0.4942980881017818 0
2029 2.789762936798852 -0.528670907219052 0
2030 -4.252790729156314 1.952164402847456 0
2031 -0.7912194724127465 2.982757589727176 0
2032 2.686557593715753 -2.748274275556849 0
2033 0.2279937627372638 -2.80882287164892 0
2034 -0.9112761271172692 3.759801065110126 0
2035 3.620112210211575 4.873196814388355 0
2036 3.657681059497996 2.631171008127211 0
2037 0.8580185359749686 2.639832969783479 0
2038 -2.64349966592473 -2.256983232342355 0
2039 -3.771258031979091 0.0543977478389945 0
2040 1.300886691359658 2.861666487319567 0
2041 -4.526122808776787 -2.207903612688749 0
2042 1.024641789752349 4.680524858647542 0
2043 2.938434763295813 0.9157336689301032 0
2044 -2.001486982204085 3.193688156492492 0
2045 -3.580657905208796 -4.784205261226331 0
2046 -3.101989587661576 4.813890937256907 0
2047 -4.847896679860161 1.983739815344279 0
2048 2.586020187937796 -4.066509992243361 0
2049 -2.635309617307776 1.778563303930265 0
2050 0.1926115232120367 1.57364831009659 0
2051 4.189873487184554 -2.968291953625255 0
2052 -4.688683285896195 -3.247294434173636 0
2053 -2.707219308251057 -0.199709096394924 0
2054 -0.9743297331662171 1.22817082782571 0
2055 -1.565286264824151 4.247342354723258 0
2056 2.433819661339756 -0.3333852254386429 0
2057 4.029915902178131 2.753913337111066 0
2058 -4.759722822286852 -3.549403814115309 0
2059 0.06486964025070951 4.851387348486133 0
2060 1.86623645794483 -4.824415835684075 0
2061 -4.418863376899862 -1.514284619154532 0
2062 -0.3198268426371514 -3.227880229461433 0
2063 -4.562272603123682 4.109417959865288 0
2064 -4.119375870329073 -2.929500765268229 0
2065 -4.88278069342645 -4.584166999920786 0
2066 0.8313629770865959 -3.253629168908235 0
2067 -0.005515817975878979 -3.573199166417024 0
2068 2.107657380106791 -0.1038842457320654 0
2069 -1.783697739895775 -0.9338784611386753 0
2070 -3.916786931935887 1.22531431710062 0
2071 -4.330780786122722 4.473714308631265 0
2072 4.2693064660306 -0.4966989499502895 0
2073 4.583678564061098 4.801249001259988 0
2074 2.810853573750911 -1.003974950673895 0
2075 -3.329582287523869 0.6800874841951787 0
2076 -1.902961307643054 4.672117940088386 0
2077 4.528143333983461 0.1663907428281927 0
2078 -2.809134154817814 -1.951742081020551 0
2079 -2.106621633711047 -4.418275533408472 0
2080 0.3272672007493121 -4.77742883432736 0
2081 3.313843395407562 4.238081521850152 0
2082 -4.588252260134689 4.639027093941159 0
2083 -3.379021392851239 4.664983644196349 0
2084 0.4135106629904318 -3.620065402778749 0
2085 -4.170288348849883 0.6017066669753879 0
2086 1.31905544293948 -4.765774619920935 0
2087 -1.294355345551548 -2.201756756129476 0
2088 -3.151042763619188 -1.519560798756878 0
2089 -0.4593154609528026 -2.947053435139149 0
2090 -1.849429095302558 3.672034917521804 0
2091 -1.644396030977038 3.286002337383972 0
2092 -1.660173584059088 0.2367326355874966 0
2093 3.956866023522882 -3.115187596633394 0
2094 4.201470475586092 -3.765902338163231 0
2095 -2.80177524104583 1.494823449396992 0
2096 4.093696262048152 0.2323987512807806 0
2097 -4.419995726591343 -3.685880172701919 0
2098 3.741819699299659 -0.3577716999748353 0
2099 1.922832914758238 3.036590209111166 0
2100 3.474463334724759 1.83520595191344 0
2101 0.9805527939764199 -3.497314205346413 0
2102 2.768490657132092 1.901506331800769 0
2103 -4.830044263457419 -0.4331016446282452 0
2104 3.247842731458403 0.2228073155530146 0
2105 -3.182827306892355 -4.793326064836516 0
2106 -2.09775425415076 -4.819695915249783 0
2107 -0.7263170436196423 -3.978023880219968 0
2108 2.90769054205751 -3.761857303393113 0
2109 2.862665289340203 -3.649423001096712 0
2110 2.767671995422335 -3.566339993083433 0
2111 0.8870952523415163 -0.7766034015182014 0
2112 -3.996231184766093 4.529239491189943 0
2113 -4.169632762862973 3.772784849992291 0
2114 -2.54076135758524 -1.01955440576264 0
2115 1.565059640465927 -0.52210920011628 0
2116 0.1168253860034649 -0.2254875571544994 0
2117 0.03936691805423209 -4.134291736301232 0
2118 3.01220910289322 -2.878068232774648 0
2119 3.868385755344979 -4.688220185511141 0
2120 3.006316042216026 -2.336912207595424 0
2121 0.8815464840808424 4.039717380711875 0
2122 0.3479544270416453 -0.09416559631572466 0
2123 3.024348384845058 2.549852401179018 0
2124 2.10973574721731 1.921356377158655 0
2125 2.214888079543497 4.681326781542519 0
2126 -1.328770904218263 -1.636924198778992 0
2127 4.875338677068648 2.384589186400748 0
2128 -2.280429890009837 -3.632839725621812 0
2129 2.417747980180663 1.821451880211774 0
2130 3.285812944092614 -2.529585180459254 0
2131 3.461202731649241 -2.481891600808581 0
2132 2.194335954505507 -2.969567763554836 0
2133 1.034063343940702 1.237995702272945 0
2134 3.295634354010865 3.229543751618595 0
2135 -2.711477141169992 0.864415259351474 0
2136 0.7165422448700483 2.857600777009199 0
2137 2.309574885524546 2.258011961430457 0
2138 -0.5343195284248561 2.638508880800991 0
2139 4.277752835152462 0.4472080934342654 0
2140 0.6723558275365513 -0.02111605164588991 0
2141 1.05209052412236 3.861691162428191 0
2142 -2.518662646145368 3.214354098322835 0
2143 -4.686086883403909 -2.474984071997845 0
2144 1.792220806097105 3.638997502872268 0
2145 -3.419283263339189 4.247957823173869 0
2146 0.6131328462147171 4.430290540147909 0
2147 -3.699245325362972 -2.731377523697729 0
2148 -0.1711615420083518 -1.480481275428786 0
2149 -0.9649105583793726 0.2697739458229475 0
2150 -2.040743693477545 -1.870972023299244 0
2151 4.842251233750594 -2.954473281527996 0
2152 -0.7668762050627073 3.403312583373128 0
2153 -2.992013664902207 4.289312699946905 0
2154 3.883721748654901 4.374957995751953 0
2155 0.4338975482000827 4.272658300111867 0
2156 -0.5994394943027889 4.759694354225809 0
2157 -2.916841005099684 1.111336091209683 0
2158 3.168108881291982 -3.665729849972056 0
2159 -4.051809935310962 -1.479704149829776 0
2160 0.7083322200033012 -2.023521701570361 0
2161 4.73227944486039 -1.016720021603459 0
2162 4.089349691510056 -0.2981104429986607 0
2163 -1.587238818478209 -0.6554550275107982 0
2164 -3.676032523130628 0.8826412976432639 0
2165 1.652734705549244 3.857642211620036 0
2166 0.2153802572079511 0.9043335081913675 0
2167 -1.359998326276479 1.435562760153794 0
2168 4.832272968470257 3.024538657008025 0
2169 -3.116100523952567 3.608032601543703 0
2170 -3.097869511344429 -0.8721107993886483 0
2171 -3.381811457590476 0.2799303480515438 0
2172 -4.042110383356818 -0.427986424369083 0
2173 2.986520207142458 -0.8822908161786432 0
2174 -2.72421299444853 2.164194392477178 0
2175 3.739887149836725 -3.837712809468251 0
2176 -1.805991053505806 4.143783744843208 0
2177 4.108272801349868 -4.517297811062029 0
2178 4.836727407132809 -1.859366713983162 0
2179 -4.510533074243449 0.1907727481922536 0
2180 0.9947651324518056 1.83057065414872 0
2181 -1.455149058965316 4.570345171890398 0
2182 -1.152281144479999 1.663743629878407 0
2183 -0.9135151410981613 4.063354972655369 0
2184 3.242583320760331 -0.3370825912541442 0
2185 3.101274790364707 -0.396601899806438 0
2186 2.319066978875183 -2.30054052986108 0
2187 -1.156139065701226 -1.834110079721064 0
2188 3.435707051651604 -3.022583480254771 0
2189 0.1964356594876757 4.508817330205289 0
2190 0.5603139499687105 -0.2860687856377984 0
2191 4.488451013246363 -2.806925315377772 0
2192 2.005766812827824 3.385166551124284 0
2193 4.22109269074689 0.06951637026802528 0
2194 2.857857460886 3.94544244698116 0
2195 -2.847902209052317 -0.985724105106855 0
2196 -1.518870160475742 4.014756926888991 0
2197 -4.824657235876622 3.585809510151431 0
2198 -1.545142347524798 -1.777850880370713 0
2199 3.895168959898092 -3.781918862511757 0
2200 -2.681149407803359 4.817441629829273 0
2201 1.327301932689904 -4.883184119048043 0
2202 -0.3838627957306971 -1.525059994657419 0
2203 1.64786375531116 -0.7586204631433021 0
2204 0.9827924610722469 -0.481821128618058 0
2205 -1.787688139403334 0.7479506120055068 0
2206 -3.347383708362855 -3.442570498506723 0
2207 1.214139526346638 -1.635985029760305 0
2208 1.011779888328353 -0.1576151663934501 0
2209 3.990221950753455 -1.788654328803043 0
2210 -4.846610532479829 2.288690663371511 0
2211 1.173404330328485 4.844401031807306 0
2212 -0.02952753601597248 1.409037283877419 0
2213 3.368387307010948 -0.1975315567200966 0
2214 -0.009704497735911111 4.70934103036145 0
2215 1.175199307439851 1.531959509865417 0
2216 -3.091292297670127 -3.234533528377964 0
2217 3.058336334011154 3.550681428411323 0
2218 1.090144964360437 -2.942872820447743 0
2219 -4.463034348523159 2.286690333400122 0
2220 4.552139116633508 -1.704884649919845 0
2221 -2.895600724752255 -0.4878196687350432 0
2222 3.551186485973289 -1.981976024922017 0
2223 0.8699331276378098 4.629440749482452 0
2224 3.673319954710556 1.488571961963844 0
2225 -2.831183191287713 -1.608201333474046 0
2226 -2.925727126872655 -1.733446524671099 0
2227 3.772994720770195 0.2537352127662597 0
2228 -3.108035707618256 0.8881260095181092 0
2229 -0.2387153270717628 -0.8207166915629774 0
2230 -3.429938455609302 0.9676966719765991 0
2231 0.5361787266664351 1.78127944635973 0
2232 -0.4320563100482356 -3.784744928783359 0
2233 -2.325056944594107 4.251849826824602 0
2234 -3.192257971942783 -4.285468278447413 0
2235 -0.240110666538007 -4.381147228977253 0
2236 -1.478618469722636 1.839823914532287 0
2237 2.236684373068017 -1.675222946946509 0
2238 3.479667628824972 -4.541592478236909 0
2239 3.460002935173498 -4.349680087340361 0
2240 -3.443340229299928 -4.018605184251936 0
2241 -3.791658785294199 2.733650456207267 0
2242 -3.913743485910395 -1.334241515401655 0
2243 -0.2629373841450004 -4.08334833115156 0
2244 2.649080556433142 3.52710331723569 0
2245 -0.5425653075491723 1.316516783892106 0
2246 4.531312485566316 -1.297256318457909 0
2247 -2.954340754678418 1.907207230485335 0
2248 -1.685805325508087 4.413656540086523 0
2249 1.876316352540851 -3.154118835849935 0
2250 -3.70462171494931 -2.210058372626623 0
2251 4.62666603968996 -2.185846709138873 0
2252 2.878636624690345 -2.176937559819421 0
2253 -2.337193660404495 0.3311187801697063 0
2254 0.7617429169100021 -4.781468406542132 0
2255 -3.667082704262253 -3.670211624106877 0
2256 1.966864772216252 -4.44473178149494 0
2257 -2.64792195764354 -4.421191711339007 0
2258 -3.308640250428559 1.632091054288875 0
2259 -4.837529304160499 1.648861065827859 0
2260 4.543569496443081 -3.164869530964293 0
2261 1.680437188872374 4.649834776697588 0
2262 -0.8708820062055118 1.664082814201672 0
2263 1.873494492713499 4.708282734298422 0
2264 -2.943589256155734 -3.329893057968593 0
2265 0.1435649377236157 2.781278788092189 0
2266 3.16071999930816 2.847603789562139 0
2267 -0.9382965612117382 1.771648406860637 0
2268 4.239718104818648 -1.618792458144495 0
2269 1.324999521159058 3.672785112734815 0
2270 2.111043039592746 4.561611920673784 0
2271 -3.113069179190801 -1.720130714848034 0
2272 2.609752505363517 -0.6700996989409701 0
2273 -4.418657407877917 1.605898752988988 0
2274 -3.326933700733839 3.575355060210138 0
2275 0.2266323502248315 -0.5398476618161049 0
2276 -3.507050678115869 -1.046786286890255 0
2277 2.11062180567117 -2.454538544911721 0
2278 -1.158536302638415 2.673542779180689 0
2279 -0.7758150844638005 -1.637707103142076 0
2280 3.564066332599084 -1.17034015794544 0
2281 3.09008703865242 0.06209012453030682 0
2282 -3.073308278735145 3.268052201391516 0
2283 2.36074736825415 -3.231787251387379 0
2284 4.565375798831623 -3.582584624321753 0
2285 -4.199485593063152 -3.288732162394046 0
2286 -2.392763190856327 -0.05787124148234151 0
2287 1.850229719671133 1.687373180628947 0
2288 -1.176961455318848 0.5949552055128636 0
2289 3.476218682569027 4.575150205643681 0
2290 3.132374016085851 1.087704371465494 0
2291 4.342633843158218 -0.9301641463241674 0
2292 -0.5260760728006777 3.835985795003689 0
2293 -4.152852792130109 2.480947001375488 0
2294 0.8078767217828715 3.282942881578149 0
2295 1.58195740489371 -1.450407388208396 0
2296 2.413739289462018 0.349215502837692 0
2297 2.765967737123844 1.608128929071287 0
2298 3.442937453182669 -3.954997891974394 0
2299 2.112811406627965 2.567409011046688 0
2300 2.963920594133567 -1.765201933122958 0
2301 -1.623329576233734 -0.1461924146743417 0
2302 -1.956906041985929 3.382340913966529 0
2303 1.635186949078211 -4.840071589562474 0
2304 -4.30030291585184 0.7328701572439574 0
2305 4.859524749418686 -2.745987593221448 0
2306 -3.61869326972573 4.651530950513305 0
2307 -2.428029334416621 1.374366835035418 0
2308 -0.9803198000336633 3.392232390575528 0
2309 -1.466071880981234 -0.03879923824054991 0
2310 -1.517695178287307 -1.252120963237696 0
2311 0.5447082359795947 -1.223820414556652 0
2312 -2.564748433366056 -0.3925432404174886 0
2313 -1.107700549845587 -2.834000117281382 0
2314 -3.199449789091038 4.537644694398434 0
2315 -1.820468155778331 2.476181620351152 0
2316 -1.401825999821414 2.973527753772591 0
2317 -2.995573565530112 0.3161049474842322 0
2318 -0.2276775813483243 -2.186476643276579 0
2319 -3.197383767663335 0.4635998033365759 0
2320 1.665266125319092 1.189729916233667 0
2321 -4.636762019483022 -0.4469502568597339 0
2322 -4.601744844348209 -0.3306038351159988 0
2323 -4.296441057969151 -4.697111823819198 0
2324 -2.234922792002592 -2.774202365263641 0
2325 -0.3227720426574597 -3.093282819255428 0
2326 -1.532186844193999 -2.011518349023519 0
2327 1.711430613005397 4.20988958820212 0
2328 -1.263884049908139 -0.9106553369422893 0
2329 -2.273872871779793 3.516484409561326 0
2330 3.847898834699938 -4.075703296041033 0
2331 1.672766797219066 1.536913686348886 0
2332 4.220837778263227 3.321622456345762 0
2333 1.079351676759156 0.3669826166142577 0
2334 -2.577296893949995 0.1813286099442758 0
2335 -4.375722811705163 4.201009839026902 0
2336 3.614006407438758 -4.251903719824042 0
2337 -3.064666416419487 -1.119118590145448 0
2338 -2.612662939946245 -1.747519946531336 0
2339 -1.875676577855852 -4.584543523719059 0
2340 -4.846445132711951 -3.056514794471194 0
2341 1.15717146616194 0.8378308741286962 0
2342 1.241584293039281 -3.139466905757734 0
2343 -1.217742311781716 -3.363681473349228 0
2344 2.526895318853571 3.723155669528721 0
2345 2.117610634474912 4.859340732927096 0
2346 0.7285838290013187 1.91370548285163 0
2347 -3.154118034822104 3.967945592661513 0
2348 -3.937510509886758 3.505641930804504 0
2349 -1.978293904509778 0.32964838216718 0
2350 -1.505205063275892 0.6093126210769825 0
2351 4.323743888306655 4.582263277524596 0
2352 0.07640932978360845 -3.155129078714395 0
2353 1.865656021759306 4.832677732899898 0
2354 -2.606246078194201 4.131101240881285 0
2355 1.494545678792478 1.701690035335818 0
2356 2.946267693186358 -3.347269974428156 0
2357 -0.9029143204943595 -1.244150328807137 0
2358 1.16470061662851 -0.8206332356068085 0
2359 -0.2660112271345303 -1.841386786244213 0
2360 0.1049625199628023 1.763024213110933 0
2361 1.385259930186086 -3.567071865801719 0
2362 -3.495279809881433 0.6254060215826408 0
2363 -1.515937740447603 -3.81374958499413 0
2364 -1.411120081229414 -3.853341515813276 0
2365 -1.540600914865293 -3.670852677742041 0
2366 -4.054697840913416 -0.2197473174702937 0
2367 -2.83336754904431 -2.325621407497271 0
2368 -1.756917159086102 0.4026230119002686 0
2369 -0.3411924417114219 3.617674154130932 0
2370 3.234368570781664 4.672329677695579 0
2371 3.426404765207612 3.441788327571299 0
2372 0.9499461866557604 4.235191887865995 0
2373 0.962413582665595 4.113899605305098 0
2374 2.43087003970463 3.12533672335449 0
2375 0.5811155479588446 2.109317526752628 0
2376 -3.203776947123121 -0.5337694552386468 0
2377 -0.0155493246842971 -4.642898563327726 0
2378 -4.633132946496012 -4.894388471851632 0
2379 1.19598749860661 -2.706640138803364 0
2380 0.3117748525612108 3.95329365031139 0
2381 -2.671413101451609 3.732706441653443 0
2382 0.4820557732803658 0.2986044806215764 0
2383 -0.7321750286368013 -0.08738943173712461 0
2384 1.345094241807592 -1.917537054837968 0
2385 0.457468291983248 -0.4088161577383735 0
2386 -2.506402761106135 -2.407617157237618 0
2387 -3.478899837240916 4.43603943035702 0
2388 -4.610564456286961 -0.06486535239472133 0
2389 -1.670978397570593 -3.56240768017795 0
2390 -3.335647150076205 -0.6639683150875009 0
2391 4.475953869546657 -2.02793782409537 0
2392 1.18936216417308 -0.2196364332402535 0
2393 -1.215287813835746 -3.030055188266259 0
2394 -2.530364060359045 0.6042955747294045 0
2395 1.887497935052834 0.9235101935285689 0
2396 -3.028253045413512 -3.522756292881192 0
2397 3.284918486925214 -1.632016418900318 0
2398 3.311181812581342 3.71922394094648 0
2399 1.285848390896641 -4.476538394194362 0
2400 -3.089252533194326 -2.898073341387061 0
2401 -1.799245765137746 0.1035130587223942 0
2402 -4.884661680931936 -4.719610883250255 0
2403 -3.274577743833804 4.702032709938304 0
2404 -0.01396393061279815 -4.885322573079603 0
2405 -2.072887206295233 3.458645135441077 0
2406 -0.2959919605079334 4.658492385001391 0
2407 -3.623419324574837 1.176985725932828 0
2408 -0.3580137848802964 4.732236242971732 0
2409 0.2477029997385728 0.04390024306955789 0
2410 -3.515974530679452 2.925513518214384 0
2411 2.101275023856235 3.096965152464759 0
2412 4.504986743044806 2.870649325957983 0
2413 -0.08233817122338703 2.671513936436499 0
2414 -4.916930820058707 -2.385026956294217 0
2415 -2.57610585815392 -4.128648017005819 0
2416 -3.566247182229564 -3.106715914377776 0
2417 2.615762304822729 2.461086433607327 0
2418 2.293972204698425 0.5409511499363676 0
2419 4.061250324996723 -0.06784106441489993 0
2420 3.201669261009841 3.884220651067862 0
2421 -3.049211575132841 4.537446479104285 0
2422 -2.549357419886058 4.515021326985002 0
2423 -1.0448917468159 -0.03495972808829109 0
2424 0.2324401133883576 0.5669553156511227 0
2425 -0.5150687208417138 -2.399904343796135 0
2426 -4.11764796634838 1.826319147989682 0
2427 2.509257818132774 -1.557931630430456 0
2428 2.298274636740159 3.570192307717829 0
2429 -4.892716444957974 3.025744311246616 0
2430 -0.7600565657051079 3.139556855310079 0
2431 4.56856243060537 3.222101509790848 0
2432 3.854444246623294 -1.2670368729934 0
2433 -0.03699642296750623 0.003956415700484304 0
2434 -4.037959460942963 4.153086471906575 0
2435 -0.377268409756249 3.928096962951583 0
2436 -4.649945058587988 -4.666900207637919 0
2437 3.24546767021273 -1.213745148277213 0
2438 0.9951894189751556 0.05603687599709847 0
2439 1.430199446842886 -0.05669218935612533 0
2440 -0.9828325180153143 2.091716137829304 0
2441 -2.828133204318432 2.647468990029604 0
2442 1.41169716202904 4.421876785829837 0
2443 1.378065417572914 -2.894599650301878 0
2444 -0.5226726178231124 -4.314171258342064 0
2445 -0.1079180767478655 -3.407243036649594 0
2446 4.012846237948128 -3.256021963009143 0
2447 -2.239438732618701 -2.211003024852743 0
2448 3.844648209224826 0.007097776208966469 0
2449 4.001911816744352 4.526263007835494 0
2450 -2.204346400103995 3.364375700376232 0
2451 -1.175236922117027 -4.366133719049436 0
2452 0.4190339513428716 1.966757734378904 0
2453 -4.817598458667974 -4.501511283059662 0
2454 4.80299260665641 3.414549437573497 0
2455 -1.741400009007912 1.389952153686997 0
2456 -3.84895087751841 -4.348750715678898 0
2457 0.2091813999510289 -3.873448189141941 0
2458 4.058027074853038 3.539618744798592 0
2459 1.575965845199095 3.423261179831468 0
2460 -4.115552613499519 4.630461106335008 0
2461 -4.710716310799487 0.06030770421580148 0
2462 1.715831042269609 -3.69380503308729 0
2463 3.930322249268592 3.728646012617911 0
2464 -4.045767107593495 0.2639386021590471 0
2465 -0.08094965403864482 3.990011169750876 0
2466 -4.863970299364702 -0.02469765282027277 0
2467 -4.812415197201791 0.6483630750569639 0
2468 -2.223491003955522 -0.8611241252221097 0
2469 1.717665930193819 -0.4542928764118268 0
2470 1.013469346672495 -4.455039538387894 0
2471 4.837617174466235 3.992229858695819 0
2472 4.817139341688097 1.388784384102722 0
2473 -3.999231204741633 0.6661764607892673 0
2474 1.090028345656675 -1.931119004928833 0
2475 -0.6983899189839939 -2.468391075274716 0
2476 3.988559962527299 4.182758125295532 0
2477 -0.37936582824438 2.447945305374544 0
2478 -3.497260638537534 -2.071706211316591 0
2479 3.557040173390948 2.23131477299223 0
2480 -1.210551250358099 -1.47545481080482 0
2481 -3.527909492862653 -2.85798916182465 0
2482 -3.142811658470212 -2.040689563701345 0
2483 -0.9834806851797893 2.324925855966709 0
2484 0.06480315648096081 -2.221160076695455 0
2485 4.740467461337964 2.244443561967322 0
2486 1.655371990525061 -4.381554309098281 0
2487 -3.661368549638377 -4.596658384314975 0
2488 -1.008512048801181 3.928346366784161 0
2489 4.663819689333488 3.976654069294346 0
2490 -4.524633178969951 -4.866754982303662 0
2491 1.113160274156683 4.474561445685637 0
2492 3.299866303348427 -4.638446948685512 0
2493 2.012939938176815 -4.043734982561302 0
2494 -2.857690470120068 4.862606315427003 0
2495 -2.154889119897091 -3.139412904799333 0
2496 2.130871995796535 0.8062531947145235 0
2497 -1.150188181701181 1.166065685266163 0
2498 -4.631070035799421 -1.131174818162044 0
2499 4.828144788571818 -3.782701658873323 0
2500 3.760084863074525 4.015927764125975 0
2501 -2.289651810252115 -0.2140646074899235 0
2502 1.224062723775893 0.2010710663412551 0
2503 -3.854889772984662 3.947079502060535 0
2504 0.4318118962054598 3.720862033860666 0
2505 1.893133440347799 2.87636397153334 0
2506 -3.82608286991761 2.009698463553815 0
2507 0.6274179881756741 3.900241542030765 0
2508 -4.821648694838681 -1.348794963843076 0
2509 -4.6402099550343 4.228467745288117 0
2510 0.8142958140488108 4.901181876349153 0
2511 1.798562483970124 3.991100432874977 0
2512 2.917930111888753 1.401031884275618 0
2513 2.225990263883828 -2.655710233906368 0
2514 1.552366048657585 -2.793784514202074 0
2515 -1.548513061388161 -4.334037333736632 0
2516 3.077959332116544 -4.863806838671138 0
2517 2.414430775971511 -1.11822474696069 0
2518 2.446574593163214 -1.059787128641595 0
2519 0.3762282111425233 4.65198078161953 0
2520 0.0463047873808652 2.433205355169414 0
2521 -0.1828434767631655 -3.616312786621959 0
2522 -0.293052665499523 -3.556726536235856 0
2523 0.5909420753754049 3.524240885467801 0
2524 1.473524750983213 -0.3481444036897693 0
2525 -3.310272625627856 -2.545211169941158 0
2526 1.672655656188196 0.1038376416558906 0
2527 0.4241157905846732 -4.584509009262053 0
2528 0.6730496052474765 -3.032765875225556 0
2529 2.770191853500308 -4.432267895649368 0
2530 0.2577149376326078 3.29382433162329 0
2531 -2.932654804172577 4.185153139832308 0
2532 0.1180715818469929 4.148057608072532 0
2533 2.747266739010626 -1.910046474981889 0
2534 1.728559452280474 1.903171650308458 0
2535 -0.2591771701340175 -0.507919785303042 0
2536 -1.56577715849652 4.35924212132828 0
2537 1.903589297214662 -1.20725891122288 0
2538 1.795038757678986 1.30089090236593 0
2539 3.967448052801076 0.1271197461530407 0
2540 -4.56547233058333 2.46129495997258 0
2541 3.815600901556444 -3.47028770758822 0
2542 -2.267344808923076 2.806449143356425 0
2543 2.943627199689691 0.115962770373613 0
2544 0.5404420297222378 -1.670527419404752 0
2545 -2.855279743688741 -4.085989817814266 0
2546 2.365091440083226 -1.338568322274946 0
2547 4.213719809607117 -2.201202047973278 0
2548 -1.610032128111266 -4.080982926788915 0
2549 3.077404218490792 1.825140289077422 0
2550 -0.8786204252828538 -3.150636175052809 0
2551 -0.3461581241487736 0.4315622006423443 0
2552 -2.771831247760383 0.01291355788461316 0
2553 -3.223624309693899 2.475959901709304 0
2554 1.525010403169383 4.536649481829045 0
2555 1.718636082078871 -4.052592898369373 0
2556 -1.626044271939659 -3.238322623443924 0
2557 -4.231626311705858 4.027631383920171 0
2558 -0.2684379000893813 4.374301395108376 0
2559 -0.6794845691223996 0.4969344324014626 0
2560 1.383199510502715 0.9593652306360225 0
2561 1.596062849372232 -1.798835439450834 0
2562 -2.726305850301048 4.293033201011086 0
2563 -3.85980480494473 4.573683381908228 0
2564 -1.318030016540515 3.539097838125333 0
2565 0.9534653344216502 4.804947043103474 0
2566 -2.401100743506102 -2.993377638425696 0
2567 -0.4219872905222213 -1.741935925341338 0
2568 -4.63096872582648 -2.842206217721787 0
2569 0.6602766692002703 -3.433188328644547 0
2570 -0.1268026266606802 4.445815109139422 0
2571 -0.01745291758857414 4.356587855326818 0
2572 -1.137850171262354 4.581985548764989 0
2573 -0.4185147872291341 0.6882121467475177 0
2574 -4.150560533256646 -2.207624786099217 0
2575 3.846599664726068 -2.502264911811888 0
2576 1.568208610919224 -3.091404332554144 0
2577 1.654346519523995 0.4764243907643491 0
2578 -3.051790910965524 -0.6100093394696219 0
2579 -1.921021860363994 -3.070681400886836 0
2580 3.410357681438874 0.3661059556783782 0
2581 -4.13746855744141 -0.932188589716177 0
2582 -1.876135524222775 -4.249739521558361 0
2583 3.87885947570599 4.704230890326857 0
2584 -2.946402284440169 -1.483677954827701 0
2585 -2.097572308375027 -0.4987971907199946 0
2586 -1.971128806646654 -0.6434380537294467 0
2587 -4.69690440907531 4.688030586753545 0
2588 1.705173142951078 0.7296292167629096 0
2589 -1.417479241555329 4.819813585629641 0
2590 -1.091604784890217 1.555766426950878 0
2591 -0.6495022453177558 3.390035598332771 0
2592 0.9247322962640298 -1.370044840154522 0
2593 1.812761207036957 -2.61048463454296 0
2594 -1.446956054142203 4.438382743505231 0
2595 -1.372236495294592 4.379517797089901 0
2596 0.1863443511456025 0.1735642825269489 0
2597 0.4859491843833265 -4.160900858080646 0
2598 -4.709041028936376 -2.641688221827341 0
2599 -4.617906898720432 -2.722927286330664 0
2600 0.7002812238683254 -0.5412650705295375 0
2601 -3.937209287849084 -1.686978894691349 0
2602 -0.4415407489223321 1.65276631034562 0
2603 -3.6789720204821 3.696089797676863 0
2604 -1.460095464512239 1.570909722745868 0
2605 0.4457207852744681 -2.227942618026318 0
2606 -1.306516023360263 3.798093754347798 0
2607 -2.487838805185112 2.03687940356911 0
2608 3.180624711329083 -0.8994123872875301 0
2609 1.871360673627906 3.323664809648808 0
2610 -0.6758730257611216 2.262310468802417 0
2611 2.616954451890211 -0.9086649955700503 0
2612 -0.242681675832283 4.202686146880514 0
2613 -3.469811238561481 -4.419364233440059 0
2614 4.825390695240991 -1.522660191879012 0
2615 0.970496206764432 4.459052259986562 0
2616 0.9689418558003148 4.522344778850957 0
2617 0.9359813015301719 4.577313177980488 0
2618 0.2643236826002696 -4.368195585241132 0
2619 4.744301938105162 0.07851451560351852 0
2620 3.727470734635189 -2.84589978391831 0
2621 0.6734411888317512 1.506131585477515 0
2622 -4.728802127891194 2.914391647777885 0
2623 -3.296963943102653 -3.030338959798557 0
2624 -4.838129513176381 -3.716189809382198 0
2625 -0.08474837092087489 0.602882561532238 0
2626 4.652054419755868 4.641485139998434 0
2627 2.343274001088337 4.688571934215268 0
2628 2.799481248533668 4.343175818190929 0
2629 -3.588496870890005 -0.01997951685258587 0
2630 3.785400444494909 3.675580547712472 0
2631 1.178943673858863 -1.206798953757472 0
2632 1.297519140419715 -1.304675682343336 0
2633 2.702197711776966 -2.248595675019664 0
2634 4.288736948118027 3.749371664504454 0
2635 3.297156032831019 -3.533222541350324 0
2636 -3.847619752295029 -3.34512664489318 0
2637 -4.219534981546175 0.1656268616131247 0
2638 -1.120285181597715 4.258286061669381 0
2639 -0.4478214567914796 -3.269464450546251 0
2640 -2.339957576255443 -0.6571126375887603 0
2641 1.761752146926429 -1.700179004961254 0
2642 -0.723041273546323 4.569269059609434 0
2643 -3.917927360239647 -4.218789073988724 0
2644 1.160900498256439 3.537319303673679 0
2645 -0.8248777737341199 1.115992250345944 0
2646 -0.7268640560247601 2.568105273413187 0
2647 -4.165646216318921 4.291131747763525 0
2648 2.014242578392031 -0.8731121904931701 0
2649 4.829065495352848 1.043298563552055 0
2650 -4.817442043630149 2.826888633525312 0
2651 -3.947702328291096 2.19860291770929 0
2652 0.6820580285742006 -0.163769636611248 0
2653 -2.996939370851083 -0.7646346117303215 0
2654 4.591496849363511 -4.870904568172829 0
2655 2.10878619401145 -0.5104210673451085 0
2656 -3.119991033885757 -3.757142406599798 0
2657 -0.5983262674485235 4.480478981482165 0
2658 -0.6674026178023473 3.621379834835294 0
2659 1.143589374208677 4.156840333791413 0
2660 -3.209117020880564 -0.931015715758693 0
2661 1.045925948532467 -4.282191925566141 0
2662 -1.767277824555797 -1.254000241240487 0
2663 -3.465788199993519 -0.568449123365072 0
2664 -3.692510003332998 1.842306625989854 0
2665 0.5659555159528279 0.09315907524079434 0
2666 -3.272658790290855 1.093624580466363 0
2667 1.001977756449086 1.066671508317225 0
2668 -4.593101511458472 -4.430527544366369 0
2669 0.7358141897847815 -1.126843585430453 0
2670 -4.587369839297535 2.130118657525586 0
2671 -3.00399698756569 4.679788412912544 0
2672 -0.4516944458220229 3.085337650899028 0
2673 1.517106153266476 -3.897808765623551 0
2674 4.798466095941214 0.8358672611213637 0
2675 1.122625367865922 3.974701039201359 0
2676 2.568195786594275 -2.068900613256718 0
2677 3.986436117107808 -1.324527571060373 0
2678 4.835125044295897 -3.417251523033961 0
2679 -3.02223174840874 -4.697454092338154 0
2680 1.185038069506912 4.625280999481618 0
2681 -3.952090906290255 -4.451780296417954 0
2682 4.526724253404059 0.9655106391267375 0
2683 1.224083278043195 -2.850073669432122 0
2684 0.6339030170110717 -2.492794005264161 0
2685 -2.252288053365146 1.552821140484795 0
2686 -0.4565436850534989 4.775304783314482 0
2687 2.283720480429714 -0.7613952990266827 0
2688 -4.655433645310372 2.707326020019876 0
2689 -4.666983896836874 -4.29696550529483 0
2690 -2.560210949962605 1.630785706308873 0
2691 0.05196185263127828 -4.492473641192833 0
2692 3.126407729153599 -4.229748691817475 0
2693 4.335797117248469 4.047156690295854 0
2694 -0.5487988102379532 -2.715526785500495 0
2695 -2.070155887512942 -2.495984473223402 0
2696 -3.315178841414663 -4.661454258552803 0
2697 -2.387054964295577 2.321662263489126 0
2698 -2.591117546103991 -1.862777155769175 0
2699 -3.290635829392721 -0.1149979953782066 0
2700 -2.795031503753782 4.004551142580937 0
2701 -4.610738939545838 4.518563270405015 0
2702 -1.403982905679735 0.3598809718119019 0
2703 -3.16442994623027 1.112621600356831 0
2704 -3.918903265880766 4.857147397472671 0
2705 -0.1575628207084325 1.551943438830544 0
2706 3.466864992898163 4.132173643238931 0
2707 -3.562184751093588 -0.889758476375798 0
2708 -3.19375446790605 4.658320920158023 0
2709 4.270991843327524 1.278693982723425 0
2710 -1.464964105998099 0.9298236530777315 0
2711 -3.00301720493178 -1.241043012233706 0
2712 -4.747378858420017 -1.03922332623496 0
2713 1.411771568995061 -4.292909802577428 0
2714 -1.123706882258482 -4.62783535082564 0
2715 -3.361705091294853 4.534626060050168 0
2716 4.565883952821746 -2.631580917416834 0
2717 0.2638190474206832 -0.2556154747171139 0
2718 3.618212826557344 3.34709645806169 0
2719 -4.418970254246446 3.874617130775738 0
2720 1.185467105920911 4.112027280089533 0
2721 2.258736289020629 0.2149086213257714 0
2722 2.571819434124781 1.49026069736744 0
2723 4.856009187140701 4.308230983066876 0
2724 0.3927151188243613 -2.639442120821975 0
2725 3.490090773696047 -3.392143903809139 0
2726 -1.962085200939513 2.077124091086544 0
2727 -1.797302182885581 1.988106437586722 0
2728 1.546455417281523 4.826457970530555 0
2729 -1.198590442796477 1.895191401660175 0
2730 1.577531934380322 -4.715613305985185 0
2731 -0.2551544443248328 -0.2870307830264225 0
2732 3.610007872840241 -1.302239553031223 0
2733 3.16913182206608 4.830533748854143 0
2734 1.886219237589636 -0.6545880510447308 0
2735 4.148483458996677 3.929107444106359 0
2736 -3.79762658949265 0.4021719389880593 0
2737 2.347194488936401 4.011407719100706 0
2738 1.579297818765953 3.087793465379754 0
2739 3.164331730705499 -4.547749531351607 0
2740 3.463970113879778 2.034544582122254 0
2741 2.123716516927186 -4.649249022342484 0
2742 -3.587646332121153 -4.176667533127761 0
2743 -3.286375540059297 1.47218903862957 0
2744 -4.81508021883883 -1.979035665290652 0
2745 1.75500388826574 1.043108976532966 0
2746 2.117301865115983 -1.395434404690131 0
2747 3.589483790659245 -0.7601895563149238 0
2748 1.766653233870792 -2.037623150676535 0
2749 4.566265094616559 2.490821514865196 0
2750 -0.03248641627036908 -1.801952949648595 0
2751 -2.337503996310741 -3.938727717569551 0
2752 2.413503329062425 2.700356627271237 0
2753 3.966460102867563 0.5038343738950587 0
2754 -1.64386911091437 1.762545788614478 0
2755 -4.670132433188 -2.29432971615485 0
2756 2.793830298344028 -4.857296135301453 0
2757 -4.488033682284306 -0.2640735974064673 0
2758 0.840404018139429 4.291077748800662 0
2759 4.164160652360193 4.882114412144675 0
2760 1.915687181418039 -1.888773767716321 0
2761 -0.7785867823050607 3.532056606688668 0
2762 0.7139131549386943 1.391569233382171 0
2763 -4.859459254602381 -1.690278120666306 0
2764 -0.7560494783394975 -0.4742465795073892 0
2765 4.810115991041598 -0.7288378523815794 0
2766 -4.232600852791439 -2.466921500006562 0
2767 -3.27643058077714 -1.270450232819663 0
2768 -2.650982909670646 -0.5250707547314207 0
2769 0.3426342890801566 -2.066198685432276 0
2770 -0.7818496562807726 3.789354616821336 0
2771 4.429102372659722 -1.419393121486958 0
2772 -4.862072181789496 4.163377048050821 0
2773 -4.440507322877967 4.108294983195859 0
2774 -3.238322981236933 4.943363128880936 0
2775 -3.097435115129997 4.722787188800336 0
2776 -2.390406989433591 4.588845873108939 0
2777 3.878500721061286 2.380900706434661 0
2778 1.380682516397203 -3.041548787419632 0
2779 3.76177737637947 1.854112384801973 0
2780 1.88420130349656 -2.186486676554228 0
2781 1.518558067496734 -4.119523393139849 0
2782 -2.573207526691064 1.303797794393857 0
2783 1.539153671262022 -0.21981874290514 0
2784 3.215215054398464 1.537307579776118 0
2785 3.842889279909337 -1.763891815686633 0
2786 -0.220084345873807 2.860280094430339 0
2787 2.442910811484594 3.387180310689696 0
2788 -0.03822390490295927 -1.053515102173817 0
2789 -1.316026871681608 -2.54105975912855 0
2790 -0.6110989724342495 4.096702424175247 0
2791 3.762505948665699 -4.401356659581277 0
2792 -1.213429903519598 2.063792131820459 0
2793 -4.335027118998593 3.759628523878607 0
2794 -0.6274693164409199 -1.82283745531828 0
2795 2.005461930648461 1.459699742724333 0
2796 3.330156278842893 2.715563843303559 0
2797 -3.072686683330717 -2.995272382942674 0
2798 3.30050523992156 -3.163426001529051 0
2799 -3.621116224447444 -2.244549383266416 0
2800 4.46489724371434 3.512667508345564 0
2801 1.533866855842141 -2.216099097977718 0
2802 1.003342550505063 -1.533130574444299 0
2803 4.86574307025575 3.725199550320434 0
2804 -0.4176583819138179 4.106714912309269 0
2805 3.538823903009183 1.133662134378495 0
2806 -1.645082396734766 4.165338594191617 0
2807 -4.666218188178714 2.011748469720483 0
2808 -3.838331539769978 2.333280962052432 0
2809 1.628434562530502 -1.934333680500391 0
2810 4.388282457686977 -1.121117453333809 0
2811 3.629126821295507 4.169931171381716 0
2812 -2.314454337332478 1.262586767797074 0
2813 -2.980041621489762 -1.0278008330148 0
2814 3.273433554376315 0.982440984880625 0
2815 -3.708812442796932 1.448144656624851 0
2816 3.738177017796456 -1.329468079177692 0
2817 -4.678223084219097 1.455414120444292 0
2818 1.643658261318976 -2.373851207265198 0
2819 1.444127006044541 -4.670263902537727 0
2820 -4.873639511269969 3.375943453021188 0
2821 -1.601351411339561 1.256024640903657 0
2822 -3.342548663611152 2.64581243364866 0
2823 3.666558689808293 -3.258068858137183 0
2824 -0.08794321364482818 -3.534225391667988 0
2825 2.054748204207212 -2.100178619400973 0
2826 0.2581478752311881 2.135851371595317 0
2827 3.566195543414788 -0.421678447351306 0
2828 2.999653040078547 -3.052576631595205 0
2829 1.888805689125746 1.226266189187819 0
2830 2.686898967403317 1.235822000397806 0
2831 -0.8732185351163443 0.7741919646190483 0
2832 2.452503241278923 -2.470400066059514 0
2833 2.226440779631072 3.889084273644828 0
2834 -2.307884523977973 -2.650570896544154 0
2835 -0.6043140293402601 1.667016550108322 0
2836 -3.924759292078221 0.09693282897317777 0
2837 -4.886527920149318 -4.881163208353422 0
2838 3.466919790029773 -1.452983049923849 0
2839 0.4411890433157865 1.372363861310803 0
2840 -2.850521858959816 1.677239610469071 0
2841 2.250449528299006 -0.3990139222884601 0
2842 3.85489274332418 -1.128916778534299 0
2843 -0.178578287931234 -3.732799095086432 0
2844 -4.398464349122453 1.863166377408645 0
2845 0.9097518638074239 0.655879228833557 0
2846 -3.842829340732373 -0.9986907307269164 0
2847 2.645560296490337 -1.96121024309141 0
2848 -2.039455742847735 -3.981243443943216 0
2849 0.8007611780095513 1.606643664910128 0
2850 2.498067413125424 0.05750842719358842 0
2851 -0.05815181372990119 -3.115781691458323 0
2852 -2.362821910971687 1.707252629159172 0
2853 0.07003125431441042 -0.08776451064581668 0
2854 3.917792667490546 -0.4625886984947405 0
2855 -2.824166667322134 4.508127192987179 0
2856 2.12823680403107 0.4835437171207187 0
2857 4.2893682484829 -3.091745840506796 0
2858 -2.224912024364096 2.17737350450968 0
2859 -4.854478829858875 -2.783202853486785 0
2860 0.7126170133844988 2.348702539172437 0
2861 -2.979457706073551 -2.055251752609342 0
2862 -2.08782069616224 2.251234133596272 0
2863 -3.264280774426351 0.101030095036826 0
2864 -1.076195525006605 3.241857134066601 0
2865 -4.546482162201609 3.030683042803393 0
2866 1.796701373919748 -4.559607849696606 0
2867 -4.827342590602622 -4.034450062999921 0
2868 -1.385058790462732 -1.963650629523707 0
2869 2.405732113552594 -1.870256363276953 0
2870 2.289933464317107 4.163888662218818 0
2871 -3.58873255114599 -1.816155742825564 0
2872 1.162293975235095 -2.400456982665663 0
2873 -0.210275313033913 3.313598074544723 0
2874 3.123329056932132 3.188005061704523 0
2875 -4.493698412389081 -2.498916013866311 0
2876 -1.465210541806452 -1.42781040776955 0
2877 2.604322065015202 4.165593222706817 0
2878 -2.117455261931211 0.9141281754584779 0
2879 -2.471066720501831 2.626639780262733 0
2880 2.195031167702134 -3.971793425335798 0
2881 -1.608183710989976 -0.3300882449023539 0
2882 4.172869383889425 -3.488205339186098 0
2883 -4.894151112352913 3.482925344067871 0
2884 1.205431295561735 0.7208471948674411 0
2885 4.591527609980477 4.21159752075625 0
2886 2.930114101162657 -2.492614145052875 0
2887 -3.358684730252334 1.188159014318825 0
2888 0.5799821465120913 -2.885620557294623 0
2889 2.684567090475089 0.5432899588686039 0
2890 0.7662476819118462 0.9210683746423496 0
2891 -0.3638228177928138 -1.116476150276246 0
2892 -2.686519928436096 1.917946003084129 0
2893 -2.949516904825086 2.985730042942695 0
2894 -4.456202012347374 0.03990825646592541 0
2895 -1.678474714097625 -1.727992231228227 0
2896 3.51171907453269 0.7895452500762982 0
2897 -2.188304141244618 3.238124519313257 0
2898 -3.895132803855504 4.257743647159939 0
2899 -3.187408124524996 -1.363345161467238 0
2900 -0.9310031112475106 4.824111203341717 0
2901 3.160887424604572 -1.984408589518498 0
2902 1.500902626440521 -3.808892679968415 0
2903 -4.689152334038211 -4.54917527054248 0
2904 2.381753947055244 -4.755940046329875 0
2905 -4.787368339082366 4.837597977350786 0
2906 -2.684933791890992 4.61343157820319 0
2907 -3.625478473776117 2.805361782514666 0
2908 1.975646380178093 0.04522185015664648 0
2909 -0.1405142997464936 0.2413014391203195 0
2910 -0.4534177299060222 -1.335843510819653 0
2911 0.6900221120980443 -3.707529034013906 0
2912 4.635399737253108 -0.8904042746747471 0
2913 3.983811284679917 -2.607244875672052 0
2914 2.556020339073733 2.822879322776884 0
2915 -1.961298150612427 1.193327416368362 0
2916 -1.869603104416702 1.065349476422028 0
2917 3.436341520672657 -1.077785177793555 0
2918 -3.266956376841672 4.262607826212713 0
2919 1.123759003189429 4.713561607531524 0
2920 -1.405888994718065 1.698528391904654 0
2921 1.538885113302044 -2.492872426171314 0
2922 -2.568642355146197 0.7876248525337004 0
2923 2.221929730144604 4.442505180782602 0
2924 4.564859604117443 -4.015335456137709 0
2925 -1.26649440371391 4.850073129007294 0
2926 -3.297692105055629 -2.264204105507047 0
2927 1.201944894132456 -4.708612755237316 0
2928 2.383825225631702 0.9718116857931213 0
2929 1.848543847691817 -4.260949893227224 0
2930 2.059195552833771 1.345389614630259 0
2931 -1.771683870248953 -3.783560849446393 0
2932 2.394897345736625 -3.47175886889638 0
2933 -3.692057021342012 4.870424924186385 0
2934 3.567593202419067 -2.692045720488307 0
2935 -0.3629983264263933 4.527322451251425 0
2936 0.1399576222472483 3.458785958748932 0
2937 -1.605046712635415 -2.41917586874635 0
2938 -2.463546302082439 -3.846019825090478 0
2939 -1.94279525028478 0.1776041254334652 0
2940 2.241167457387053 2.893449391702743 0
2941 -4.541974425596365 -3.312842108555434 0
2942 -1.340627235566706 -0.1552744496542902 0
2943 -3.218876593904438 2.140894269024884 0
2944 2.750374198447265 0.8598915329800989 0
2945 4.431000381825867 4.488852936592241 0
2946 -2.785086587183973 -0.5889052184188014 0
2947 -4.342851001002813 3.968827301764092 0
2948 0.03418648341245443 -0.3535466130636369 0
2949 -1.416383312058545 -3.059975435202774 0
2950 0.04780971859364659 -3.998968136819298 0
2951 -0.09404154873209848 3.016382140784155 0
2952 1.172621004966659 1.248411453283575 0
2953 -0.4921114843949201 4.570055897279752 0
2954 0.333597438512028 1.545378456190445 0
2955 0.3205416686080312 -0.4305533189712735 0
2956 4.114639664437942 2.923304938454939 0
2957 1.200702685401745 4.236948666265528 0
2958 4.043676537977073 -2.995357934253024 0
2959 1.14476854351562 0.08487127353492907 0
2960 -2.164483600679908 -4.684328050749234 0
2961 -0.64714566167393 2.93944618118955 0
$EndNodes
$Elements
6376
1 1 2 2 5 60 353
2 1 2 2 5 353 91
3 1 2 2 6 59 92
4 1 2 2 8 95 354
5 1 2 2 8 354 64
6 1 2 2 9 57 355
7 1 2 2 9 355 96
8 1 2 2 10 97 356
9 1 2 2 10 356 357
10 1 2 2 10 357 358
11 1 2 2 10 358 359
12 1 2 2 10 359 98
13 1 2 2 12 56 360
14 1 2 2 12 360 101
15 1 2 2 14 104 361
16 1 2 2 14 361 362
17 1 2 2 14 362 363
18 1 2 2 14 363 364
19 1 2 2 14 364 105
20 1 2 2 15 106 365
21 1 2 2 15 365 366
22 1 2 2 15 366 367
23 1 2 2 15 367 368
24 1 2 2 15 368 107
25 1 2 2 16 108 67
26 1 2 2 17 54 109
27 1 2 2 18 110 369
28 1 2 2 18 369 370
29 1 2 2 18 370 371
30 1 2 2 18 371 372
31 1 2 2 18 372 111
32 1 2 2 19 112 373
33 1 2 2 19 373 374
34 1 2 2 19 374 375
35 1 2 2 19 375 376
36 1 2 2 19 376 113
37 1 2 2 22 53 377
38 1 2 2 22 377 118
39 1 2 2 26 124 378
40 1 2 2 26 378 379
41 1 2 2 26 379 380
42 1 2 2 26 380 381
43 1 2 2 26 381 125
44 1 2 2 28 51 127
45 1 2 2 29 128 382
46 1 2 2 29 382 383
47 1 2 2 29 383 384
48 1 2 2 29 384 385
49 1 2 2 29 385 129
50 1 2 2 30 130 386
51 1 2 2 30 386 387
52 1 2 2 30 387 388
53 1 2 2 30 388 389
54 1 2 2 30 389 131
55 1 2 2 32 133 390
56 1 2 2 32 390 391
57 1 2 2 32 391 392
58 1 2 2 32 392 393
59 1 2 2 32 393 134
60 1 2 2 35 139 394
61 1 2 2 35 394 71
62 1 2 2 36 50 395
63 1 2 2 36 395 140
64 1 2 2 39 144 396
65 1 2 2 39 396 397
66 1 2 2 39 397 398
67 1 2 2 39 398 399
68 1 2 2 39 399 145
69 1 2 2 41 148 400
70 1 2 2 41 400 401
71 1 2 2 41 401 402
72 1 2 2 41 402 149
73 1 2 2 44 153 73
74 1 2 2 45 48 403
75 1 2 2 45 403 154
76 1 2 2 47 157 404
77 1 2 2 47 404 405
78 1 2 2 47 405 406
79 1 2 2 47 406 407
80 1 2 2 47 407 158
81 1 2 2 48 159 408
82 1 2 2 48 408 409
83 1 2 2 48 409 410
84 1 2 2 48 410 411
85 1 2 2 48 411 160
86 1 2 2 51 165 412
87 1 2 2 51 412 413
88 1 2 2 51 413 414
89 1 2 2 51 414 166
90 1 2 2 52 167 415
91 1 2 2 52 415 416
92 1 2 2 52 416 417
93 1 2 2 52 417 418
94 1 2 2 52 418 168
95 1 2 2 53 47 419
96 1 2 2 53 419 169
97 1 2 2 54 170 420
98 1 2 2 54 420 421
99 1 2 2 54 421 422
100 1 2 2 54 422 423
101 1 2 2 54 423 171
102 1 2 2 57 176 424
103 1 2 2 57 424 425
104 1 2 2 57 425 426
105 1 2 2 57 426 427
106 1 2 2 57 427 177
107 1 2 2 61 90 428
108 1 2 2 61 428 183
109 1 2 2 63 186 429
110 1 2 2 63 429 430
111 1 2 2 63 430 431
112 1 2 2 63 431 432
113 1 2 2 63 432 187
114 1 2 2 64 188 433
115 1 2 2 64 433 434
116 1 2 2 64 434 435
117 1 2 2 64 435 436
118 1 2 2 64 436 189
119 1 2 2 67 194 437
120 1 2 2 67 437 438
121 1 2 2 67 438 439
122 1 2 2 67 439 440
123 1 2 2 67 440 195
124 1 2 2 68 196 441
125 1 2 2 68 441 442
126 1 2 2 68 442 75
127 1 2 2 69 88 197
128 1 2 2 70 198 443
129 1 2 2 70 443 444
130 1 2 2 70 444 445
131 1 2 2 70 445 446
132 1 2 2 70 446 199
133 1 2 2 74 206 447
134 1 2 2 74 447 448
135 1 2 2 74 448 449
136 1 2 2 74 449 207
137 1 2 2 77 211 450
138 1 2 2 77 450 451
139 1 2 2 77 451 452
140 1 2 2 77 452 453
141 1 2 2 77 453 212
142 1 2 2 78 213 454
143 1 2 2 78 454 455
144 1 2 2 78 455 456
145 1 2 2 78 456 457
146 1 2 2 78 457 214
147 1 2 2 81 219 458
148 1 2 2 81 458 459
149 1 2 2 81 459 460
150 1 2 2 81 460 461
151 1 2 2 81 461 220
152 1 2 2 82 85 462
153 1 2 2 82 462 221
154 1 2 2 84 224 463
155 1 2 2 84 463 464
156 1 2 2 84 464 465
157 1 2 2 84 465 466
158 1 2 2 84 466 225
159 1 2 2 85 226 467
160 1 2 2 85 467 468
161 1 2 2 85 468 469
162 1 2 2 85 469 227
163 1 2 2 87 84 229
164 1 2 2 91 82 235
165 1 2 2 92 236 470
166 1 2 2 92 470 471
167 1 2 2 92 471 472
168 1 2 2 92 472 473
169 1 2 2 92 473 237
170 1 2 2 93 238 474
171 1 2 2 93 474 475
172 1 2 2 93 475 476
173 1 2 2 93 476 477
174 1 2 2 93 477 79
175 1 2 3 94 239 45
176 1 2 3 95 240 49
177 1 2 3 96 241 478
178 1 2 3 96 478 479
179 1 2 3 96 479 242
180 1 2 3 98 245 52
181 1 2 3 101 250 480
182 1 2 3 101 480 481
183 1 2 3 101 481 482
184 1 2 3 101 482 251
185 1 2 3 103 253 55
186 1 2 3 107 260 483
187 1 2 3 107 483 484
188 1 2 3 107 484 485
189 1 2 3 107 485 261
190 1 2 3 108 86 486
191 1 2 3 108 486 487
192 1 2 3 108 487 262
193 1 2 3 109 263 58
194 1 2 3 116 275 488
195 1 2 3 116 488 62
196 1 2 3 118 278 489
197 1 2 3 118 489 490
198 1 2 3 118 490 491
199 1 2 3 118 491 279
200 1 2 3 120 282 492
201 1 2 3 120 492 493
202 1 2 3 120 493 494
203 1 2 3 120 494 283
204 1 2 3 121 284 495
205 1 2 3 121 495 496
206 1 2 3 121 496 497
207 1 2 3 121 497 285
208 1 2 3 123 288 498
209 1 2 3 123 498 499
210 1 2 3 123 499 500
211 1 2 3 123 500 289
212 1 2 3 125 291 63
213 1 2 3 127 294 501
214 1 2 3 127 501 502
215 1 2 3 127 502 503
216 1 2 3 127 503 295
217 1 2 3 132 304 504
218 1 2 3 132 504 505
219 1 2 3 132 505 506
220 1 2 3 132 506 305
221 1 2 3 133 81 507
222 1 2 3 133 507 306
223 1 2 3 134 307 508
224 1 2 3 134 508 65
225 1 2 3 142 320 509
226 1 2 3 142 509 510
227 1 2 3 142 510 511
228 1 2 3 142 511 321
229 1 2 3 143 322 66
230 1 2 3 147 329 512
231 1 2 3 147 512 513
232 1 2 3 147 513 514
233 1 2 3 147 514 330
234 1 2 3 148 331 515
235 1 2 3 148 515 516
236 1 2 3 148 516 332
237 1 2 3 156 342 69
238 1 2 3 158 345 517
239 1 2 3 158 517 518
240 1 2 3 158 518 519
241 1 2 3 158 519 346
242 1 2 3 159 347 520
243 1 2 3 159 520 521
244 1 2 3 159 521 522
245 1 2 3 159 522 348
246 1 2 3 160 349 70
247 1 2 2 161 93 523
248 1 2 2 161 523 1
249 1 2 2 162 1 524
250 1 2 2 162 524 525
251 1 2 2 162 525 94
252 1 2 2 163 99 2
253 1 2 2 164 2 526
254 1 2 2 164 526 527
255 1 2 2 164 527 528
256 1 2 2 164 528 100
257 1 2 2 165 102 3
258 1 2 2 166 3 529
259 1 2 2 166 529 530
260 1 2 2 166 530 531
261 1 2 2 166 531 103
262 1 2 2 167 114 532
263 1 2 2 167 532 533
264 1 2 2 167 533 534
265 1 2 2 167 534 4
266 1 2 2 168 4 535
267 1 2 2 168 535 115
268 1 2 2 169 116 5
269 1 2 2 170 5 536
270 1 2 2 170 536 537
271 1 2 2 170 537 538
272 1 2 2 170 538 6
273 1 2 2 171 6 117
274 1 2 2 172 119 7
275 1 2 2 173 7 539
276 1 2 2 173 539 540
277 1 2 2 173 540 541
278 1 2 2 173 541 542
279 1 2 2 173 542 8
280 1 2 2 174 8 120
281 1 2 2 175 121 543
282 1 2 2 175 543 544
283 1 2 2 175 544 9
284 1 2 2 176 9 545
285 1 2 2 176 545 546
286 1 2 2 176 546 122
287 1 2 2 177 123 547
288 1 2 2 177 547 548
289 1 2 2 177 548 549
290 1 2 2 177 549 550
291 1 2 2 177 550 10
292 1 2 2 180 11 551
293 1 2 2 180 551 552
294 1 2 2 180 552 553
295 1 2 2 180 553 554
296 1 2 2 180 554 126
297 1 2 2 181 132 555
298 1 2 2 181 555 556
299 1 2 2 181 556 557
300 1 2 2 181 557 12
301 1 2 2 183 135 13
302 1 2 2 184 13 558
303 1 2 2 184 558 559
304 1 2 2 184 559 560
305 1 2 2 184 560 14
306 1 2 2 185 14 136
307 1 2 2 186 137 561
308 1 2 2 186 561 15
309 1 2 2 187 15 562
310 1 2 2 187 562 563
311 1 2 2 187 563 564
312 1 2 2 187 564 138
313 1 2 2 189 16 565
314 1 2 2 189 565 566
315 1 2 2 189 566 567
316 1 2 2 189 567 17
317 1 2 2 190 17 568
318 1 2 2 190 568 141
319 1 2 2 191 142 569
320 1 2 2 191 569 18
321 1 2 2 192 18 570
322 1 2 2 192 570 571
323 1 2 2 192 571 572
324 1 2 2 192 572 143
325 1 2 2 193 146 573
326 1 2 2 193 573 19
327 1 2 2 194 19 574
328 1 2 2 194 574 147
329 1 2 2 196 20 575
330 1 2 2 196 575 576
331 1 2 2 196 576 577
332 1 2 2 196 577 578
333 1 2 2 196 578 150
334 1 2 2 197 151 579
335 1 2 2 197 579 580
336 1 2 2 197 580 21
337 1 2 2 198 21 581
338 1 2 2 198 581 582
339 1 2 2 198 582 152
340 1 2 2 199 155 583
341 1 2 2 199 583 584
342 1 2 2 199 584 22
343 1 2 2 200 22 585
344 1 2 2 200 585 156
345 1 2 2 201 161 23
346 1 2 2 202 23 586
347 1 2 2 202 586 587
348 1 2 2 202 587 588
349 1 2 2 202 588 589
350 1 2 2 202 589 162
351 1 2 2 203 163 590
352 1 2 2 203 590 591
353 1 2 2 203 591 24
354 1 2 2 204 24 592
355 1 2 2 204 592 164
356 1 2 2 205 172 593
357 1 2 2 205 593 594
358 1 2 2 205 594 25
359 1 2 2 206 25 595
360 1 2 2 206 595 173
361 1 2 2 207 174 26
362 1 2 2 208 26 596
363 1 2 2 208 596 597
364 1 2 2 208 597 598
365 1 2 2 208 598 175
366 1 2 2 209 178 599
367 1 2 2 209 599 27
368 1 2 2 210 27 600
369 1 2 2 210 600 601
370 1 2 2 210 601 602
371 1 2 2 210 602 179
372 1 2 2 211 180 603
373 1 2 2 211 603 604
374 1 2 2 211 604 28
375 1 2 2 212 28 605
376 1 2 2 212 605 181
377 1 2 2 213 182 606
378 1 2 2 213 606 607
379 1 2 2 213 607 608
380 1 2 2 213 608 609
381 1 2 2 213 609 29
382 1 2 2 214 29 74
383 1 2 2 215 184 610
384 1 2 2 215 610 30
385 1 2 2 216 30 611
386 1 2 2 216 611 612
387 1 2 2 216 612 185
388 1 2 2 217 190 613
389 1 2 2 217 613 614
390 1 2 2 217 614 615
391 1 2 2 217 615 31
392 1 2 2 218 31 616
393 1 2 2 218 616 191
394 1 2 2 219 192 32
395 1 2 2 220 32 617
396 1 2 2 220 617 618
397 1 2 2 220 618 619
398 1 2 2 220 619 193
399 1 2 2 221 200 620
400 1 2 2 221 620 621
401 1 2 2 221 621 622
402 1 2 2 221 622 33
403 1 2 2 222 33 201
404 1 2 2 223 202 623
405 1 2 2 223 623 34
406 1 2 2 224 34 624
407 1 2 2 224 624 625
408 1 2 2 224 625 203
409 1 2 2 225 204 626
410 1 2 2 225 626 627
411 1 2 2 225 627 628
412 1 2 2 225 628 629
413 1 2 2 225 629 35
414 1 2 2 226 35 205
415 1 2 2 227 208 36
416 1 2 2 228 36 630
417 1 2 2 228 630 631
418 1 2 2 228 631 632
419 1 2 2 228 632 209
420 1 2 2 229 89 37
421 1 2 2 230 37 210
422 1 2 2 231 215 633
423 1 2 2 231 633 634
424 1 2 2 231 634 38
425 1 2 2 232 38 635
426 1 2 2 232 635 216
427 1 2 2 233 217 636
428 1 2 2 233 636 39
429 1 2 2 234 39 637
430 1 2 2 234 637 638
431 1 2 2 234 638 218
432 1 2 2 235 222 40
433 1 2 2 236 40 639
434 1 2 2 236 639 640
435 1 2 2 236 640 641
436 1 2 2 236 641 223
437 1 2 2 237 228 642
438 1 2 2 237 642 643
439 1 2 2 237 643 644
440 1 2 2 237 644 41
441 1 2 2 239 230 645
442 1 2 2 239 645 42
443 1 2 2 240 42 646
444 1 2 2 240 646 647
445 1 2 2 240 647 648
446 1 2 2 240 648 649
447 1 2 2 240 649 231
448 1 2 2 241 232 650
449 1 2 2 241 650 651
450 1 2 2 241 651 43
451 1 2 2 242 43 652
452 1 2 2 242 652 233
453 1 2 2 243 234 44
454 1 2 2 244 44 653
455 1 2 2 244 653 78
456 1 2 3 245 243 654
457 1 2 3 245 654 30
458 1 2 3 246 30 655
459 1 2 3 246 655 244
460 1 2 3 247 246 16
461 1 2 3 248 16 656
462 1 2 3 248 656 657
463 1 2 3 248 657 658
464 1 2 3 248 658 247
465 1 2 3 249 248 659
466 1 2 3 249 659 660
467 1 2 3 249 660 22
468 1 2 3 250 22 249
469 1 2 3 251 87 37
470 1 2 3 252 37 661
471 1 2 3 252 661 252
472 1 2 3 253 254 662
473 1 2 3 253 662 7
474 1 2 3 254 7 663
475 1 2 3 254 663 255
476 1 2 3 255 256 664
477 1 2 3 255 664 17
478 1 2 3 256 17 665
479 1 2 3 256 665 666
480 1 2 3 256 666 257
481 1 2 3 257 258 25
482 1 2 3 258 25 667
483 1 2 3 258 667 668
484 1 2 3 258 668 259
485 1 2 3 259 264 669
486 1 2 3 259 669 3
487 1 2 3 260 3 670
488 1 2 3 260 670 671
489 1 2 3 260 671 265
490 1 2 3 261 266 672
491 1 2 3 261 672 8
492 1 2 3 262 8 673
493 1 2 3 262 673 267
494 1 2 3 263 268 674
495 1 2 3 263 674 18
496 1 2 3 264 18 675
497 1 2 3 264 675 269
498 1 2 3 265 270 676
499 1 2 3 265 676 26
500 1 2 3 266 26 677
501 1 2 3 266 677 271
502 1 2 3 267 272 33
503 1 2 3 268 33 678
504 1 2 3 268 678 679
505 1 2 3 268 679 273
506 1 2 3 270 40 680
507 1 2 3 270 680 681
508 1 2 3 270 681 682
509 1 2 3 270 682 274
510 1 2 3 271 276 683
511 1 2 3 271 683 684
512 1 2 3 271 684 1
513 1 2 3 272 1 277
514 1 2 3 273 280 685
515 1 2 3 273 685 686
516 1 2 3 273 686 9
517 1 2 3 274 9 281
518 1 2 3 275 286 34
519 1 2 3 276 34 687
520 1 2 3 276 687 688
521 1 2 3 276 688 287
522 1 2 3 277 83 689
523 1 2 3 277 689 690
524 1 2 3 277 690 42
525 1 2 3 278 42 290
526 1 2 3 279 292 691
527 1 2 3 279 691 692
528 1 2 3 279 692 2
529 1 2 3 280 2 693
530 1 2 3 280 693 293
531 1 2 3 281 296 694
532 1 2 3 281 694 12
533 1 2 3 282 12 695
534 1 2 3 282 695 297
535 1 2 3 283 298 696
536 1 2 3 283 696 23
537 1 2 3 284 23 697
538 1 2 3 284 697 299
539 1 2 3 285 300 31
540 1 2 3 286 31 698
541 1 2 3 286 698 699
542 1 2 3 286 699 301
543 1 2 3 287 302 700
544 1 2 3 287 700 38
545 1 2 3 288 38 701
546 1 2 3 288 701 702
547 1 2 3 288 702 303
548 1 2 3 289 308 4
549 1 2 3 290 4 703
550 1 2 3 290 703 704
551 1 2 3 290 704 309
552 1 2 3 291 310 705
553 1 2 3 291 705 10
554 1 2 3 292 10 311
555 1 2 3 293 312 706
556 1 2 3 293 706 19
557 1 2 3 294 19 707
558 1 2 3 294 707 708
559 1 2 3 294 708 313
560 1 2 3 295 314 27
561 1 2 3 296 27 709
562 1 2 3 296 709 710
563 1 2 3 296 710 315
564 1 2 3 297 316 35
565 1 2 3 298 35 711
566 1 2 3 298 711 712
567 1 2 3 298 712 32
568 1 2 3 300 317 713
569 1 2 3 300 713 714
570 1 2 3 300 714 39
571 1 2 3 302 318 715
572 1 2 3 302 715 716
573 1 2 3 302 716 43
574 1 2 3 303 43 319
575 1 2 3 304 323 717
576 1 2 3 304 717 718
577 1 2 3 304 718 5
578 1 2 3 305 5 324
579 1 2 3 306 325 719
580 1 2 3 306 719 13
581 1 2 3 307 13 720
582 1 2 3 307 720 326
583 1 2 3 308 327 721
584 1 2 3 308 721 24
585 1 2 3 309 24 722
586 1 2 3 309 722 328
587 1 2 3 311 44 723
588 1 2 3 311 723 724
589 1 2 3 311 724 333
590 1 2 3 313 6 725
591 1 2 3 313 725 68
592 1 2 3 315 14 726
593 1 2 3 315 726 727
594 1 2 3 315 727 728
595 1 2 3 315 728 11
596 1 2 3 316 11 334
597 1 2 3 317 335 729
598 1 2 3 317 729 20
599 1 2 3 318 20 336
600 1 2 3 319 337 730
601 1 2 3 319 730 28
602 1 2 3 320 28 731
603 1 2 3 320 731 338
604 1 2 3 321 339 732
605 1 2 3 321 732 733
606 1 2 3 321 733 36
607 1 2 3 322 36 734
608 1 2 3 322 734 340
609 1 2 3 323 77 41
610 1 2 3 324 41 341
611 1 2 3 325 343 735
612 1 2 3 325 735 15
613 1 2 3 326 15 736
614 1 2 3 326 736 344
615 1 2 3 327 350 737
616 1 2 3 327 737 738
617 1 2 3 327 738 21
618 1 2 3 328 21 351
619 1 2 3 329 76 29
620 1 2 3 330 29 739
621 1 2 3 330 739 352
622 2 2 1 1 16 2601 565
623 2 2 1 1 178 1206 599
624 2 2 1 1 213 1975 454
625 2 2 1 1 557 2054 12
626 2 2 1 1 117 2510 6
627 2 2 1 1 1410 1489 902
628 2 2 1 1 1164 2405 105
629 2 2 1 1 1253 2372 938
630 2 2 1 1 833 1833 235
631 2 2 1 1 496 1419 175
632 2 2 1 1 1317 1456 891
633 2 2 1 1 1417 2910 175
634 2 2 1 1 997 1630 613
635 2 2 1 1 1311 1312 938
636 2 2 1 1 1186 1735 617
637 2 2 1 1 623 1879 1856
638 2 2 1 1 512 193 329
639 2 2 1 1 626 1326 204
640 2 2 1 1 706 1266 312
641 2 2 1 1 272 2325 33
642 2 2 1 1 461 1814 1414
643 2 2 1 1 564 2370 1174
644 2 2 1 1 348 2017 1701
645 2 2 1 1 1163 2122 1025
646 2 2 1 1 728 2165 1165
647 2 2 1 1 400 1344 148
648 2 2 1 1 138 2370 564
649 2 2 1 1 112 1544 1241
650 2 2 1 1 183 1437 428
651 2 2 1 1 1624 2417 412
652 2 2 1 1 503 1917 1477
653 2 2 1 1 736 1484 344
654 2 2 1 1 1028 1108 329
655 2 2 1 1 426 1321 301
656 2 2 1 1 937 1837 1207
657 2 2 1 1 323 1246 379
658 2 2 1 1 265 2688 671
659 2 2 1 1 265 1208 96
660 2 2 1 1 720 2136 13
661 2 2 1 1 77 644 819
662 2 2 1 1 267 1256 673
663 2 2 1 1 12 2054 694
664 2 2 1 1 794 1275 797
665 2 2 1 1 594 1190 593
666 2 2 1 1 193 1354 329
667 2 2 1 1 912 1899 1041
668 2 2 1 1 315 162 589
669 2 2 1 1 399 1784 398
670 2 2 1 1 1902 1951 194
671 2 2 1 1 889 1818 1161
672 2 2 1 1 548 1411 547
673 2 2 1 1 1316 2639 622
674 2 2 1 1 990 1982 1444
675 2 2 1 1 400 1911 1344
676 2 2 1 1 443 1830 1235
677 2 2 1 1 1636 2719 93
678 2 2 1 1 262 1744 487
679 2 2 1 1 1348 2727 122
680 2 2 1 1 1210 2114 1996
681 2 2 1 1 919 2192 1070
682 2 2 1 1 13 2037 719
683 2 2 1 1 672 2228 8
684 2 2 1 1 257 1343 666
685 2 2 1 1 927 1469 1396
686 2 2 1 1 1356 1632 547
687 2 2 1 1 539 2085 7
688 2 2 1 1 1216 2289 138
689 2 2 1 1 1120 1393 870
690 2 2 1 1 166 2796 1374
691 2 2 1 1 935 1489 1410
692 2 2 1 1 362 1939 1642
693 2 2 1 1 462 1846 1413
694 2 2 1 1 1175 1848 895
695 2 2 1 1 931 1707 1424
696 2 2 1 1 450 2451 211
697 2 2 1 1 328 1394 401
698 2 2 1 1 1340 1525 131
699 2 2 1 1 1651 2073 795
700 2 2 1 1 105 2405 1169
701 2 2 1 1 285 1513 497
702 2 2 1 1 890 2326 1197
703 2 2 1 1 1735 2783 1189
704 2 2 1 1 545 1961 546
705 2 2 1 1 251 1384 482
706 2 2 1 1 598 1417 175
707 2 2 1 1 348 1245 522
708 2 2 1 1 297 2267 1429
709 2 2 1 1 230 1270 645
710 2 2 1 1 23 1945 697
711 2 2 1 1 411 1508 1442
712 2 2 1 1 451 1412 452
713 2 2 1 1 425 1321 426
714 2 2 1 1 1247 2902 1248
715 2 2 1 1 1585 1776 1036
716 2 2 1 1 908 1560 1183
717 2 2 1 1 1437 2490 428
718 2 2 1 1 314 1735 1186
719 2 2 1 1 474 2094 1487
720 2 2 1 1 1231 2727 1348
721 2 2 1 1 1380 2581 128
722 2 2 1 1 296 1784 399
723 2 2 1 1 1451 1503 246
724 2 2 1 1 686 1797 1440
725 2 2 1 1 242 1468 154
726 2 2 1 1 1201 1912 560
727 2 2 1 1 670 1230 671
728 2 2 1 1 374 1363 278
729 2 2 1 1 489 1330 278
730 2 2 1 1 890 2789 1318
731 2 2 1 1 1755 2076 508
732 2 2 1 1 275 1946 1791
733 2 2 1 1 129 1244 385
734 2 2 1 1 1482 2583 2449
735 2 2 1 1 130 1317 386
736 2 2 1 1 11 1813 551
737 2 2 1 1 166 1374 414
738 2 2 1 1 726 2269 1201
739 2 2 1 1 1250 1834 345
740 2 2 1 1 1339 1489 316
741 2 2 1 1 44 1838 234
742 2 2 1 1 1307 2083 95
743 2 2 1 1 1022 2029 1354
744 2 2 1 1 157 2078 404
745 2 2 1 1 607 1296 606
746 2 2 1 1 1340 2205 1525
747 2 2 1 1 808 1353 807
748 2 2 1 1 475 2882 474
749 2 2 1 1 1072 1926 1779
750 2 2 1 1 1444 1982 440
751 2 2 1 1 170 1539 1297
752 2 2 1 1 109 2467 255
753 2 2 1 1 1517 2326 890
754 2 2 1 1 332 1122 516
755 2 2 1 1 1073 1283 864
756 2 2 1 1 918 2438 2004
757 2 2 1 1 519 2796 518
758 2 2 1 1 516 2917 515
759 2 2 1 1 175 1419 598
760 2 2 1 1 1378 2098 1006
761 2 2 1 1 1565 1851 1018
762 2 2 1 1 1564 1927 649
763 2 2 1 1 190 1154 613
764 2 2 1 1 313 2360 708
765 2 2 1 1 824 510 509
766 2 2 1 1 1120 1715 128
767 2 2 1 1 1193 1657 1026
768 2 2 1 1 1483 1496 878
769 2 2 1 1 101 1532 1300
770 2 2 1 1 554 2263 553
771 2 2 1 1 864 1198 1113
772 2 2 1 1 887 1676 67
773 2 2 1 1 1494 1515 929
774 2 2 1 1 481 1383 480
775 2 2 1 1 175 2910 495
776 2 2 1 1 288 2902 1247
777 2 2 1 1 1429 1485 297
778 2 2 1 1 1493 1870 408
779 2 2 1 1 965 1802 1620
780 2 2 1 1 966 1496 1483
781 2 2 1 1 366 2806 365
782 2 2 1 1 558 1912 1535
783 2 2 1 1 220 1414 809
784 2 2 1 1 1271 1818 889
785 2 2 1 1 36 2193 630
786 2 2 1 1 1440 1961 545
787 2 2 1 1 382 1393 1120
788 2 2 1 1 1367 2066 456
789 2 2 1 1 114 1293 532
790 2 2 1 1 1322 2789 890
791 2 2 1 1 469 2131 1089
792 2 2 1 1 767 1692 63
793 2 2 1 1 91 2905 353
794 2 2 1 1 1167 2297 2102
795 2 2 1 1 1148 1859 868
796 2 2 1 1 584 1750 22
797 2 2 1 1 1206 2392 897
798 2 2 1 1 910 2024 1087
799 2 2 1 1 1210 1996 142
800 2 2 1 1 1167 2102 165
801 2 2 1 1 520 1904 196
802 2 2 1 1 890 2937 1322
803 2 2 1 1 578 2217 343
804 2 2 1 1 988 1426 1268
805 2 2 1 1 658 1380 128
806 2 2 1 1 956 1673 1536
807 2 2 1 1 326 1259 1211
808 2 2 1 1 13 1903 558
809 2 2 1 1 733 2193 36
810 2 2 1 1 1198 2062 1113
811 2 2 1 1 1075 1474 1376
812 2 2 1 1 945 1880 1495
813 2 2 1 1 1522 1808 967
814 2 2 1 1 1156 2881 1870
815 2 2 1 1 580 1229 579
816 2 2 1 1 321 1274 511
817 2 2 1 1 891 2221 1317
818 2 2 1 1 941 1360 1305
819 2 2 1 1 1620 1802 1109
820 2 2 1 1 1889 2479 517
821 2 2 1 1 853 2106 1235
822 2 2 1 1 1235 1629 443
823 2 2 1 1 727 2269 726
824 2 2 1 1 36 2419 733
825 2 2 1 1 1084 1808 1522
826 2 2 1 1 22 1750 660
827 2 2 1 1 399 1731 296
828 2 2 1 1 278 1363 489
829 2 2 1 1 914 1715 1652
830 2 2 1 1 431 1690 1441
831 2 2 1 1 959 1577 1160
832 2 2 1 1 64 2046 1043
833 2 2 1 1 1163 2409 2122
834 2 2 1 1 1354 2029 1028
835 2 2 1 1 969 1529 1458
836 2 2 1 1 1495 1880 1129
837 2 2 1 1 1458 1529 921
838 2 2 1 1 499 1420 498
839 2 2 1 1 301 1321 699
840 2 2 1 1 1331 2079 252
841 2 2 1 1 105 2329 1164
842 2 2 1 1 130 1456 1317
843 2 2 1 1 1411 1609 547
844 2 2 1 1 1087 1590 910
845 2 2 1 1 951 1281 1222
846 2 2 1 1 897 2392 1221
847 2 2 1 1 1244 1455 385
848 2 2 1 1 910 1539 1225
849 2 2 1 1 121 2095 1771
850 2 2 1 1 153 804 73
851 2 2 1 1 586 1945 23
852 2 2 1 1 145 1731 399
853 2 2 1 1 522 2017 348
854 2 2 1 1 1384 1548 482
855 2 2 1 1 752 2712 1473
856 2 2 1 1 1482 2449 899
857 2 2 1 1 516 1521 332
858 2 2 1 1 1014 1892 1622
859 2 2 1 1 221 1846 462
860 2 2 1 1 1372 2071 277
861 2 2 1 1 205 2518 1936
862 2 2 1 1 847 1371 846
863 2 2 1 1 374 1934 1363
864 2 2 1 1 1620 2147 584
865 2 2 1 1 625 1294 203
866 2 2 1 1 609 2127 29
867 2 2 1 1 391 1376 390
868 2 2 1 1 1050 2817 1532
869 2 2 1 1 144 2288 1550
870 2 2 1 1 1401 1504 873
871 2 2 1 1 1241 1544 111
872 2 2 1 1 893 1821 1352
873 2 2 1 1 531 1252 103
874 2 2 1 1 242 2568 1468
875 2 2 1 1 994 1564 649
876 2 2 1 1 423 2623 1251
877 2 2 1 1 583 1620 584
878 2 2 1 1 37 1847 661
879 2 2 1 1 61 1295 62
880 2 2 1 1 510 1325 509
881 2 2 1 1 685 1797 686
882 2 2 1 1 894 1448 1159
883 2 2 1 1 94 2387 1112
884 2 2 1 1 1264 2605 624
885 2 2 1 1 482 1185 251
886 2 2 1 1 1432 1577 159
887 2 2 1 1 122 2726 1918
888 2 2 1 1 1150 1259 326
889 2 2 1 1 1362 2360 313
890 2 2 1 1 252 2079 1629
891 2 2 1 1 843 2404 842
892 2 2 1 1 1197 1696 890
893 2 2 1 1 704 1811 309
894 2 2 1 1 624 2160 1264
895 2 2 1 1 1233 1899 912
896 2 2 1 1 865 1670 1258
897 2 2 1 1 1569 1864 980
898 2 2 1 1 623 1856 202
899 2 2 1 1 409 1493 408
900 2 2 1 1 1473 1715 914
901 2 2 1 1 845 1191 844
902 2 2 1 1 207 2098 1378
903 2 2 1 1 481 1548 1383
904 2 2 1 1 1174 1613 564
905 2 2 1 1 1286 1540 636
906 2 2 1 1 1108 2281 329
907 2 2 1 1 406 1338 407
908 2 2 1 1 869 1449 1285
909 2 2 1 1 926 1469 1336
910 2 2 1 1 380 2523 381
911 2 2 1 1 95 1692 1307
912 2 2 1 1 1156 1870 1493
913 2 2 1 1 548 1632 1019
914 2 2 1 1 139 2583 394
915 2 2 1 1 717 1246 323
916 2 2 1 1 865 2657 1670
917 2 2 1 1 846 1371 210
918 2 2 1 1 1217 1297 910
919 2 2 1 1 399 2573 1695
920 2 2 1 1 978 1861 1533
921 2 2 1 1 512 1951 513
922 2 2 1 1 999 1515 1494
923 2 2 1 1 619 1354 193
924 2 2 1 1 1546 2130 467
925 2 2 1 1 971 1738 1306
926 2 2 1 1 807 1353 341
927 2 2 1 1 981 1762 1322
928 2 2 1 1 683 1329 276
929 2 2 1 1 92 1556 1224
930 2 2 1 1 512 2543 194
931 2 2 1 1 123 2727 1231
932 2 2 1 1 1818 2878 280
933 2 2 1 1 907 1554 1276
934 2 2 1 1 1484 1716 344
935 2 2 1 1 1726 1762 1029
936 2 2 1 1 202 1932 1232
937 2 2 1 1 39 1286 636
938 2 2 1 1 1224 1636 92
939 2 2 1 1 197 2105 88
940 2 2 1 1 663 1738 7
941 2 2 1 1 1437 2436 1116
942 2 2 1 1 353 2587 91
943 2 2 1 1 1762 1796 1029
944 2 2 1 1 1533 1729 978
945 2 2 1 1 873 2599 1401
946 2 2 1 1 445 250 444
947 2 2 1 1 431 1441 261
948 2 2 1 1 375 1934 374
949 2 2 1 1 244 1527 1434
950 2 2 1 1 1049 1586 1457
951 2 2 1 1 194 1951 512
952 2 2 1 1 1190 1541 593
953 2 2 1 1 968 1357 1296
954 2 2 1 1 2102 2297 338
955 2 2 1 1 990 1667 1178
956 2 2 1 1 934 1860 1182
957 2 2 1 1 1834 2779 182
958 2 2 1 1 1183 1896 908
959 2 2 1 1 1468 2568 1146
960 2 2 1 1 727 2165 728
961 2 2 1 1 35 1741 629
962 2 2 1 1 868 1859 1243
963 2 2 1 1 1404 2269 728
964 2 2 1 1 870 1652 1120
965 2 2 1 1 2108 2109 505
966 2 2 1 1 128 2581 382
967 2 2 1 1 567 2276 1940
968 2 2 1 1 437 1902 194
969 2 2 1 1 1552 1739 290
970 2 2 1 1 469 1181 468
971 2 2 1 1 150 2217 578
972 2 2 1 1 1070 2411 919
973 2 2 1 1 140 1578 1052
974 2 2 1 1 762 57 355
975 2 2 1 1 582 1223 581
976 2 2 1 1 1011 1647 1561
977 2 2 1 1 1096 2225 405
978 2 2 1 1 303 2384 1612
979 2 2 1 1 198 1830 443
980 2 2 1 1 400 328 401
981 2 2 1 1 1388 2526 1186
982 2 2 1 1 501 1968 502
983 2 2 1 1 901 2195 1176
984 2 2 1 1 894 2367 1448
985 2 2 1 1 1078 2399 1435
986 2 2 1 1 314 2783 1735
987 2 2 1 1 443 1629 444
988 2 2 1 1 1418 2627 1716
989 2 2 1 1 545 1918 1471
990 2 2 1 1 734 1368 340
991 2 2 1 1 1127 2258 111
992 2 2 1 1 468 1181 317
993 2 2 1 1 708 2826 313
994 2 2 1 1 1336 1469 927
995 2 2 1 1 406 1987 1338
996 2 2 1 1 563 2194 1234
997 2 2 1 1 631 1403 632
998 2 2 1 1 12 2590 557
999 2 2 1 1 246 1452 1451
1000 2 2 1 1 1182 2145 934
1001 2 2 1 1 1848 2133 895
1002 2 2 1 1 1306 1738 663
1003 2 2 1 1 1317 2552 386
1004 2 2 1 1 1376 1474 390
1005 2 2 1 1 1534 1822 145
1006 2 2 1 1 665 2660 1117
1007 2 2 1 1 1107 2319 2075
1008 2 2 1 1 1161 1492 889
1009 2 2 1 1 906 2693 1359
1010 2 2 1 1 1329 2113 905
1011 2 2 1 1 420 1570 241
1012 2 2 1 1 546 1918 545
1013 2 2 1 1 724 1530 228
1014 2 2 1 1 1371 2015 210
1015 2 2 1 1 625 2160 624
1016 2 2 1 1 881 2369 1674
1017 2 2 1 1 287 1154 190
1018 2 2 1 1 172 1541 1168
1019 2 2 1 1 1216 2811 1597
1020 2 2 1 1 122 1918 546
1021 2 2 1 1 184 1341 610
1022 2 2 1 1 892 2183 1883
1023 2 2 1 1 401 2009 1472
1024 2 2 1 1 559 1912 558
1025 2 2 1 1 1160 1835 959
1026 2 2 1 1 287 1439 688
1027 2 2 1 1 1250 2779 1834
1028 2 2 1 1 1278 1761 1015
1029 2 2 1 1 898 1391 1390
1030 2 2 1 1 384 1343 257
1031 2 2 1 1 413 1624 412
1032 2 2 1 1 1212 2882 475
1033 2 2 1 1 952 1850 1246
1034 2 2 1 1 617 1735 32
1035 2 2 1 1 381 2504 380
1036 2 2 1 1 454 1283 1073
1037 2 2 1 1 1145 2600 699
1038 2 2 1 1 470 1659 1144
1039 2 2 1 1 909 2582 1331
1040 2 2 1 1 427 2600 177
1041 2 2 1 1 235 1833 1416
1042 2 2 1 1 1303 1599 434
1043 2 2 1 1 1557 2701 1147
1044 2 2 1 1 261 1441 485
1045 2 2 1 1 1513 1827 497
1046 2 2 1 1 508 2076 307
1047 2 2 1 1 319 2188 43
1048 2 2 1 1 1568 2203 933
1049 2 2 1 1 165 2129 1167
1050 2 2 1 1 561 2428 2344
1051 2 2 1 1 1851 2686 322
1052 2 2 1 1 1940 2276 1103
1053 2 2 1 1 1709 2890 589
1054 2 2 1 1 1462 1960 886
1055 2 2 1 1 1396 1469 97
1056 2 2 1 1 7 2085 663
1057 2 2 1 1 507 1301 306
1058 2 2 1 1 933 2203 1640
1059 2 2 1 1 1359 2634 906
1060 2 2 1 1 430 1690 431
1061 2 2 1 1 277 2071 1514
1062 2 2 1 1 210 2015 1450
1063 2 2 1 1 1214 2115 897
1064 2 2 1 1 1499 2216 907
1065 2 2 1 1 1073 2067 454
1066 2 2 1 1 1246 1626 952
1067 2 2 1 1 283 2205 1340
1068 2 2 1 1 43 2188 651
1069 2 2 1 1 173 1980 1518
1070 2 2 1 1 1186 2526 314
1071 2 2 1 1 1541 2367 894
1072 2 2 1 1 796 1651 795
1073 2 2 1 1 543 2095 121
1074 2 2 1 1 687 1879 34
1075 2 2 1 1 853 1235 852
1076 2 2 1 1 723 1838 44
1077 2 2 1 1 1584 2149 144
1078 2 2 1 1 558 1897 13
1079 2 2 1 1 1228 2347 99
1080 2 2 1 1 617 2068 1186
1081 2 2 1 1 228 1530 642
1082 2 2 1 1 187 1762 1726
1083 2 2 1 1 1344 2021 947
1084 2 2 1 1 8 2230 542
1085 2 2 1 1 173 1696 1197
1086 2 2 1 1 906 2634 1446
1087 2 2 1 1 420 241 170
1088 2 2 1 1 399 1695 145
1089 2 2 1 1 226 1546 467
1090 2 2 1 1 1210 2195 901
1091 2 2 1 1 1075 2610 1474
1092 2 2 1 1 809 810 220
1093 2 2 1 1 560 1912 559
1094 2 2 1 1 901 1876 1849
1095 2 2 1 1 1423 2438 918
1096 2 2 1 1 402 2009 401
1097 2 2 1 1 1328 1398 958
1098 2 2 1 1 424 1952 1637
1099 2 2 1 1 276 1387 683
1100 2 2 1 1 303 1612 702
1101 2 2 1 1 1241 2247 112
1102 2 2 1 1 879 1586 1481
1103 2 2 1 1 394 1482 71
1104 2 2 1 1 245 2103 52
1105 2 2 1 1 1437 2024 860
1106 2 2 1 1 121 1492 543
1107 2 2 1 1 332 1521 449
1108 2 2 1 1 1112 2306 94
1109 2 2 1 1 252 2339 1331
1110 2 2 1 1 411 1442 160
1111 2 2 1 1 948 1697 1085
1112 2 2 1 1 607 1840 1296
1113 2 2 1 1 435 1303 434
1114 2 2 1 1 250 1781 444
1115 2 2 1 1 474 1487 475
1116 2 2 1 1 1587 1722 993
1117 2 2 1 1 1009 1745 363
1118 2 2 1 1 372 1127 111
1119 2 2 1 1 323 2504 717
1120 2 2 1 1 1567 2582 909
1121 2 2 1 1 275 1791 488
1122 2 2 1 1 771 1791 1352
1123 2 2 1 1 600 1974 27
1124 2 2 1 1 1358 2727 123
1125 2 2 1 1 1352 1821 770
1126 2 2 1 1 671 1480 265
1127 2 2 1 1 146 1822 1534
1128 2 2 1 1 1561 1647 960
1129 2 2 1 1 685 1818 280
1130 2 2 1 1 860 2436 1437
1131 2 2 1 1 937 1972 1236
1132 2 2 1 1 1237 1500 968
1133 2 2 1 1 488 1791 771
1134 2 2 1 1 238 2199 1576
1135 2 2 1 1 62 2905 488
1136 2 2 1 1 979 1950 1240
1137 2 2 1 1 329 1354 1028
1138 2 2 1 1 1279 1528 881
1139 2 2 1 1 123 1787 1660
1140 2 2 1 1 264 371 372
1141 2 2 1 1 497 1508 285
1142 2 2 1 1 341 1704 41
1143 2 2 1 1 379 2530 1259
1144 2 2 1 1 355 2688 96
1145 2 2 1 1 1536 1673 1063
1146 2 2 1 1 137 2428 561
1147 2 2 1 1 1188 1700 774
1148 2 2 1 1 1597 2289 1216
1149 2 2 1 1 462 1746 85
1150 2 2 1 1 1182 2347 1228
1151 2 2 1 1 335 1498 165
1152 2 2 1 1 694 1954 12
1153 2 2 1 1 1586 2817 1457
1154 2 2 1 1 478 1399 479
1155 2 2 1 1 1326 2207 204
1156 2 2 1 1 211 2451 1207
1157 2 2 1 1 491 490 104
1158 2 2 1 1 412 2417 335
1159 2 2 1 1 122 1961 1348
1160 2 2 1 1 1274 1992 511
1161 2 2 1 1 699 2600 301
1162 2 2 1 1 2 2531 99
1163 2 2 1 1 1317 2221 1081
1164 2 2 1 1 893 1946 1126
1165 2 2 1 1 1362 1505 1083
1166 2 2 1 1 1158 1514 872
1167 2 2 1 1 138 2081 1216
1168 2 2 1 1 790 1418 789
1169 2 2 1 1 425 1952 424
1170 2 2 1 1 897 1594 1214
1171 2 2 1 1 577 1309 576
1172 2 2 1 1 670 2293 1230
1173 2 2 1 1 1144 2739 470
1174 2 2 1 1 657 1380 658
1175 2 2 1 1 625 1582 1294
1176 2 2 1 1 1416 2904 235
1177 2 2 1 1 396 2288 144
1178 2 2 1 1 637 1727 39
1179 2 2 1 1 1511 2810 2246
1180 2 2 1 1 1168 1276 172
1181 2 2 1 1 56 360 760
1182 2 2 1 1 1267 1887 1744
1183 2 2 1 1 1486 2703 1282
1184 2 2 1 1 968 1840 1237
1185 2 2 1 1 383 1393 382
1186 2 2 1 1 1796 1963 1029
1187 2 2 1 1 1541 1770 1168
1188 2 2 1 1 942 1710 1284
1189 2 2 1 1 1240 1662 979
1190 2 2 1 1 752 1473 751
1191 2 2 1 1 1117 2660 2170
1192 2 2 1 1 126 790 791
1193 2 2 1 1 1303 1611 270
1194 2 2 1 1 571 1305 570
1195 2 2 1 1 915 2736 1351
1196 2 2 1 1 554 2345 342
1197 2 2 1 1 386 2863 130
1198 2 2 1 1 1297 1663 170
1199 2 2 1 1 574 2346 2231
1200 2 2 1 1 1465 2917 516
1201 2 2 1 1 1207 1837 1039
1202 2 2 1 1 1610 2693 906
1203 2 2 1 1 1150 2523 1259
1204 2 2 1 1 1413 1746 462
1205 2 2 1 1 333 2209 1753
1206 2 2 1 1 1308 2272 1022
1207 2 2 1 1 1551 2237 877
1208 2 2 1 1 353 1557 1147
1209 2 2 1 1 635 2277 2186
1210 2 2 1 1 1396 1900 927
1211 2 2 1 1 99 2531 1228
1212 2 2 1 1 1053 1722 1587
1213 2 2 1 1 1597 2811 351
1214 2 2 1 1 464 1370 465
1215 2 2 1 1 196 1173 521
1216 2 2 1 1 2050 2212 573
1217 2 2 1 1 147 2346 574
1218 2 2 1 1 255 1306 663
1219 2 2 1 1 489 2441 1526
1220 2 2 1 1 215 1895 1386
1221 2 2 1 1 316 2546 1339
1222 2 2 1 1 961 2330 1313
1223 2 2 1 1 1313 1948 961
1224 2 2 1 1 391 1362 313
1225 2 2 1 1 1757 2414 240
1226 2 2 1 1 345 2479 1250
1227 2 2 1 1 894 1770 1541
1228 2 2 1 1 1231 1501 123
1229 2 2 1 1 1357 2057 167
1230 2 2 1 1 746 1468 745
1231 2 2 1 1 1794 2136 720
1232 2 2 1 1 797 1275 73
1233 2 2 1 1 497 1988 1508
1234 2 2 1 1 1779 1926 944
1235 2 2 1 1 1271 2878 1818
1236 2 2 1 1 2113 2793 905
1237 2 2 1 1 1336 2820 263
1238 2 2 1 1 503 1477 502
1239 2 2 1 1 1022 2056 1308
1240 2 2 1 1 306 1764 507
1241 2 2 1 1 657 1688 1380
1242 2 2 1 1 348 1885 1245
1243 2 2 1 1 1324 1832 461
1244 2 2 1 1 1190 2367 1541
1245 2 2 1 1 178 2392 1206
1246 2 2 1 1 1071 2073 1651
1247 2 2 1 1 520 2649 1537
1248 2 2 1 1 227 1864 1569
1249 2 2 1 1 493 492 144
1250 2 2 1 1 921 2897 1009
1251 2 2 1 1 492 1584 144
1252 2 2 1 1 383 1343 384
1253 2 2 1 1 462 842 221
1254 2 2 1 1 1041 1708 912
1255 2 2 1 1 1207 2451 937
1256 2 2 1 1 315 2845 710
1257 2 2 1 1 264 1857 371
1258 2 2 1 1 1522 2009 149
1259 2 2 1 1 2004 2438 1137
1260 2 2 1 1 224 2361 1247
1261 2 2 1 1 1335 2863 386
1262 2 2 1 1 588 2845 589
1263 2 2 1 1 1650 1932 202
1264 2 2 1 1 2452 2826 708
1265 2 2 1 1 1300 1532 879
1266 2 2 1 1 73 1275 153
1267 2 2 1 1 1178 1982 990
1268 2 2 1 1 1417 2279 1138
1269 2 2 1 1 1299 2095 544
1270 2 2 1 1 1201 2459 726
1271 2 2 1 1 1117 2390 665
1272 2 2 1 1 1140 1336 927
1273 2 2 1 1 300 2207 1326
1274 2 2 1 1 1214 1594 191
1275 2 2 1 1 1268 1426 805
1276 2 2 1 1 429 1185 186
1277 2 2 1 1 343 1778 578
1278 2 2 1 1 1113 2445 864
1279 2 2 1 1 911 2726 1358
1280 2 2 1 1 1492 2782 543
1281 2 2 1 1 316 1489 1488
1282 2 2 1 1 562 2194 563
1283 2 2 1 1 1393 1707 870
1284 2 2 1 1 2012 2224 605
1285 2 2 1 1 1782 2957 334
1286 2 2 1 1 1165 1813 728
1287 2 2 1 1 247 1715 1473
1288 2 2 1 1 123 1660 1358
1289 2 2 1 1 861 1451 1177
1290 2 2 1 1 257 385 384
1291 2 2 1 1 1420 1703 641
1292 2 2 1 1 433 1596 273
1293 2 2 1 1 1306 2019 971
1294 2 2 1 1 1252 2822 103
1295 2 2 1 1 800 801 168
1296 2 2 1 1 219 1445 515
1297 2 2 1 1 1349 2314 871
1298 2 2 1 1 1424 1707 991
1299 2 2 1 1 289 2066 500
1300 2 2 1 1 465 1523 464
1301 2 2 1 1 589 2890 1779
1302 2 2 1 1 1344 1911 325
1303 2 2 1 1 834 1833 833
1304 2 2 1 1 1045 2272 1308
1305 2 2 1 1 502 2315 501
1306 2 2 1 1 793 2035 792
1307 2 2 1 1 1294 1841 203
1308 2 2 1 1 255 1683 109
1309 2 2 1 1 1267 2027 848
1310 2 2 1 1 395 2755 2041
1311 2 2 1 1 829 2119 1718
1312 2 2 1 1 1211 1712 948
1313 2 2 1 1 784 2728 1263
1314 2 2 1 1 1602 2679 197
1315 2 2 1 1 1193 2691 1657
1316 2 2 1 1 964 1737 1418
1317 2 2 1 1 220 1502 1324
1318 2 2 1 1 899 1651 1482
1319 2 2 1 1 15 2194 562
1320 2 2 1 1 1487 2094 1121
1321 2 2 1 1 1980 2150 1518
1322 2 2 1 1 263 1875 1336
1323 2 2 1 1 1690 1767 1092
1324 2 2 1 1 1418 1716 964
1325 2 2 1 1 631 2077 1403
1326 2 2 1 1 149 2009 402
1327 2 2 1 1 240 1758 1757
1328 2 2 1 1 1403 1923 632
1329 2 2 1 1 82 1615 83
1330 2 2 1 1 372 1884 1127
1331 2 2 1 1 1542 1970 528
1332 2 2 1 1 1247 2361 498
1333 2 2 1 1 735 2194 15
1334 2 2 1 1 1199 1456 129
1335 2 2 1 1 570 1328 571
1336 2 2 1 1 1745 2329 364
1337 2 2 1 1 1254 2617 2223
1338 2 2 1 1 1229 1646 579
1339 2 2 1 1 350 2458 1281
1340 2 2 1 1 335 2137 1498
1341 2 2 1 1 1223 1604 899
1342 2 2 1 1 2633 2676 1428
1343 2 2 1 1 886 2680 1462
1344 2 2 1 1 1622 1892 1241
1345 2 2 1 1 1276 1554 172
1346 2 2 1 1 947 1579 1344
1347 2 2 1 1 475 1470 1212
1348 2 2 1 1 1225 1539 169
1349 2 2 1 1 1613 1737 964
1350 2 2 1 1 1406 1590 1087
1351 2 2 1 1 1491 2897 921
1352 2 2 1 1 1176 1876 901
1353 2 2 1 1 1523 2249 464
1354 2 2 1 1 1344 1579 148
1355 2 2 1 1 1272 1726 1029
1356 2 2 1 1 929 1497 1292
1357 2 2 1 1 2144 2165 726
1358 2 2 1 1 824 1984 510
1359 2 2 1 1 1087 2024 1437
1360 2 2 1 1 1528 2369 881
1361 2 2 1 1 527 1542 528
1362 2 2 1 1 613 1761 997
1363 2 2 1 1 177 2600 1145
1364 2 2 1 1 1349 2153 293
1365 2 2 1 1 121 1771 1282
1366 2 2 1 1 1346 2479 1889
1367 2 2 1 1 1169 1869 105
1368 2 2 1 1 1224 2719 1636
1369 2 2 1 1 1566 2736 915
1370 2 2 1 1 1394 1443 989
1371 2 2 1 1 1418 1737 789
1372 2 2 1 1 2363 2364 483
1373 2 2 1 1 1055 1703 1420
1374 2 2 1 1 658 1460 657
1375 2 2 1 1 34 1879 623
1376 2 2 1 1 171 1499 248
1377 2 2 1 1 1231 2236 1501
1378 2 2 1 1 1284 1559 942
1379 2 2 1 1 270 1599 1303
1380 2 2 1 1 1652 1715 1120
1381 2 2 1 1 1282 1771 900
1382 2 2 1 1 483 2365 2363
1383 2 2 1 1 1274 1891 961
1384 2 2 1 1 489 1526 490
1385 2 2 1 1 490 1526 104
1386 2 2 1 1 423 1973 171
1387 2 2 1 1 635 2186 216
1388 2 2 1 1 383 1658 1343
1389 2 2 1 1 1205 2055 366
1390 2 2 1 1 863 2570 1257
1391 2 2 1 1 679 1436 273
1392 2 2 1 1 913 2872 1294
1393 2 2 1 1 94 1969 1385
1394 2 2 1 1 2449 2583 1119
1395 2 2 1 1 1448 2367 1302
1396 2 2 1 1 773 1755 65
1397 2 2 1 1 574 2231 19
1398 2 2 1 1 1754 2721 1273
1399 2 2 1 1 728 1813 11
1400 2 2 1 1 168 1531 418
1401 2 2 1 1 1248 2462 1247
1402 2 2 1 1 445 1714 250
1403 2 2 1 1 1717 1814 460
1404 2 2 1 1 385 1455 384
1405 2 2 1 1 451 1972 1433
1406 2 2 1 1 1182 1860 98
1407 2 2 1 1 458 1445 219
1408 2 2 1 1 501 2315 1660
1409 2 2 1 1 255 2467 1306
1410 2 2 1 1 904 2810 1511
1411 2 2 1 1 1318 1599 270
1412 2 2 1 1 668 2078 1302
1413 2 2 1 1 814 2674 209
1414 2 2 1 1 225 1601 1589
1415 2 2 1 1 2075 2319 672
1416 2 2 1 1 1036 2274 1585
1417 2 2 1 1 1563 1648 105
1418 2 2 1 1 1178 1427 195
1419 2 2 1 1 600 1388 601
1420 2 2 1 1 544 2690 1299
1421 2 2 1 1 103 2822 491
1422 2 2 1 1 636 1540 217
1423 2 2 1 1 1341 1786 856
1424 2 2 1 1 1630 2750 190
1425 2 2 1 1 911 2862 2726
1426 2 2 1 1 1300 1866 101
1427 2 2 1 1 22 1756 585
1428 2 2 1 1 1674 2658 1447
1429 2 2 1 1 1177 1451 862
1430 2 2 1 1 1435 2399 884
1431 2 2 1 1 917 2706 2081
1432 2 2 1 1 1432 2310 1577
1433 2 2 1 1 229 1817 84
1434 2 2 1 1 1492 2157 1005
1435 2 2 1 1 1883 2183 1218
1436 2 2 1 1 917 2081 1747
1437 2 2 1 1 949 2721 1754
1438 2 2 1 1 144 2149 396
1439 2 2 1 1 811 1502 810
1440 2 2 1 1 927 1556 1140
1441 2 2 1 1 1552 2493 878
1442 2 2 1 1 26 2198 174
1443 2 2 1 1 521 2709 1427
1444 2 2 1 1 997 1761 1278
1445 2 2 1 1 2021 2860 947
1446 2 2 1 1 390 1362 391
1447 2 2 1 1 1514 2335 277
1448 2 2 1 1 507 1764 837
1449 2 2 1 1 363 1939 362
1450 2 2 1 1 33 2325 201
1451 2 2 1 1 90 2378 858
1452 2 2 1 1 588 1644 1162
1453 2 2 1 1 887 2406 863
1454 2 2 1 1 1454 1684 136
1455 2 2 1 1 1221 1953 897
1456 2 2 1 1 938 1929 1253
1457 2 2 1 1 214 2218 1691
1458 2 2 1 1 1859 1995 1090
1459 2 2 1 1 514 2005 330
1460 2 2 1 1 1346 1889 414
1461 2 2 1 1 1391 1913 288
1462 2 2 1 1 2134 2371 150
1463 2 2 1 1 307 1977 508
1464 2 2 1 1 143 2309 493
1465 2 2 1 1 889 1638 1271
1466 2 2 1 1 1762 1989 1322
1467 2 2 1 1 1481 1586 369
1468 2 2 1 1 1656 1713 1027
1469 2 2 1 1 58 2883 59
1470 2 2 1 1 1356 1501 896
1471 2 2 1 1 730 2012 28
1472 2 2 1 1 1574 2037 135
1473 2 2 1 1 349 2035 793
1474 2 2 1 1 816 2472 815
1475 2 2 1 1 1281 2458 1222
1476 2 2 1 1 35 1720 316
1477 2 2 1 1 582 1604 1223
1478 2 2 1 1 693 2855 293
1479 2 2 1 1 1271 1638 131
1480 2 2 1 1 27 1974 709
1481 2 2 1 1 1191 2080 844
1482 2 2 1 1 367 2638 368
1483 2 2 1 1 738 2463 2458
1484 2 2 1 1 362 1957 1458
1485 2 2 1 1 459 2291 1717
1486 2 2 1 1 598 2279 1417
1487 2 2 1 1 1386 2872 913
1488 2 2 1 1 168 2803 1531
1489 2 2 1 1 806 1268 805
1490 2 2 1 1 2382 2665 918
1491 2 2 1 1 447 1122 448
1492 2 2 1 1 100 1755 1700
1493 2 2 1 1 126 1418 790
1494 2 2 1 1 8 2075 672
1495 2 2 1 1 19 2231 707
1496 2 2 1 1 135 2136 1574
1497 2 2 1 1 1026 2235 1193
1498 2 2 1 1 1281 2332 350
1499 2 2 1 1 1297 2643 244
1500 2 2 1 1 658 128 247
1501 2 2 1 1 936 2801 1612
1502 2 2 1 1 592 2124 1443
1503 2 2 1 1 1313 2791 1948
1504 2 2 1 1 546 1961 122
1505 2 2 1 1 1338 1987 1038
1506 2 2 1 1 715 1591 318
1507 2 2 1 1 1425 2801 936
1508 2 2 1 1 881 1916 1279
1509 2 2 1 1 784 1263 69
1510 2 2 1 1 2056 2841 1308
1511 2 2 1 1 81 507 837
1512 2 2 1 1 444 1781 443
1513 2 2 1 1 1377 2196 365
1514 2 2 1 1 957 2679 1395
1515 2 2 1 1 662 2637 1732
1516 2 2 1 1 1168 1770 659
1517 2 2 1 1 105 1648 292
1518 2 2 1 1 241 2097 170
1519 2 2 1 1 154 2052 479
1520 2 2 1 1 1002 2491 1312
1521 2 2 1 1 1390 1820 898
1522 2 2 1 1 409 1513 285
1523 2 2 1 1 1234 1747 563
1524 2 2 1 1 906 1531 1408
1525 2 2 1 1 291 2774 63
1526 2 2 1 1 1139 1748 938
1527 2 2 1 1 910 1590 1217
1528 2 2 1 1 1265 2679 957
1529 2 2 1 1 1006 1893 1378
1530 2 2 1 1 839 2201 838
1531 2 2 1 1 356 1396 97
1532 2 2 1 1 1202 2271 2226
1533 2 2 1 1 544 2095 543
1534 2 2 1 1 877 2237 1540
1535 2 2 1 1 590 1516 163
1536 2 2 1 1 191 2002 1640
1537 2 2 1 1 273 434 433
1538 2 2 1 1 1042 2133 1848
1539 2 2 1 1 191 1640 1214
1540 2 2 1 1 330 2005 180
1541 2 2 1 1 42 2866 690
1542 2 2 1 1 320 1941 832
1543 2 2 1 1 1116 2490 1437
1544 2 2 1 1 1602 1830 198
1545 2 2 1 1 1131 2248 940
1546 2 2 1 1 594 2386 1190
1547 2 2 1 1 1219 2046 354
1548 2 2 1 1 633 1895 215
1549 2 2 1 1 342 2263 554
1550 2 2 1 1 1285 2232 869
1551 2 2 1 1 367 2595 1205
1552 2 2 1 1 1537 1904 520
1553 2 2 1 1 1729 1837 937
1554 2 2 1 1 533 2316 1877
1555 2 2 1 1 1695 2573 299
1556 2 2 1 1 1043 2494 64
1557 2 2 1 1 905 1815 1329
1558 2 2 1 1 210 1847 37
1559 2 2 1 1 495 1694 496
1560 2 2 1 1 771 1352 770
1561 2 2 1 1 463 2249 1375
1562 2 2 1 1 1033 2281 1108
1563 2 2 1 1 662 1732 1424
1564 2 2 1 1 1039 1837 1152
1565 2 2 1 1 897 2524 1206
1566 2 2 1 1 318 2882 715
1567 2 2 1 1 815 2472 1537
1568 2 2 1 1 1162 2845 588
1569 2 2 1 1 1159 1770 894
1570 2 2 1 1 1165 2327 551
1571 2 2 1 1 1510 1568 933
1572 2 2 1 1 1013 1767 1690
1573 2 2 1 1 179 1464 602
1574 2 2 1 1 150 2371 1804
1575 2 2 1 1 1849 1876 1096
1576 2 2 1 1 547 1609 294
1577 2 2 1 1 184 1590 1406
1578 2 2 1 1 400 1666 328
1579 2 2 1 1 163 1392 590
1580 2 2 1 1 1194 2215 1044
1581 2 2 1 1 1553 2264 251
1582 2 2 1 1 1225 2024 910
1583 2 2 1 1 148 1666 400
1584 2 2 1 1 677 2198 26
1585 2 2 1 1 177 2190 427
1586 2 2 1 1 713 2120 317
1587 2 2 1 1 1002 1462 1304
1588 2 2 1 1 1395 1602 198
1589 2 2 1 1 957 1713 1656
1590 2 2 1 1 390 1505 1362
1591 2 2 1 1 1446 1531 906
1592 2 2 1 1 347 2649 520
1593 2 2 1 1 1231 2754 2236
1594 2 2 1 1 317 1181 713
1595 2 2 1 1 365 1495 1377
1596 2 2 1 1 104 1776 491
1597 2 2 1 1 383 2172 1393
1598 2 2 1 1 1077 2269 1404
1599 2 2 1 1 1278 1675 997
1600 2 2 1 1 438 2025 439
1601 2 2 1 1 812 1403 811
1602 2 2 1 1 616 1898 31
1603 2 2 1 1 1212 1470 1088
1604 2 2 1 1 339 1832 732
1605 2 2 1 1 1542 1661 940
1606 2 2 1 1 2244 2787 1309
1607 2 2 1 1 907 2264 1553
1608 2 2 1 1 1174 1737 1613
1609 2 2 1 1 31 1898 698
1610 2 2 1 1 560 1633 14
1611 2 2 1 1 211 2015 1371
1612 2 2 1 1 1986 2293 529
1613 2 2 1 1 1325 1941 509
1614 2 2 1 1 1740 2174 373
1615 2 2 1 1 1498 2137 989
1616 2 2 1 1 1716 2627 1086
1617 2 2 1 1 129 2000 1199
1618 2 2 1 1 1352 1946 893
1619 2 2 1 1 26 2187 596
1620 2 2 1 1 2406 2935 1397
1621 2 2 1 1 1294 1582 913
1622 2 2 1 1 551 1813 1165
1623 2 2 1 1 1085 1794 948
1624 2 2 1 1 391 1721 1376
1625 2 2 1 1 243 857 88
1626 2 2 1 1 393 1697 1323
1627 2 2 1 1 1133 2130 1546
1628 2 2 1 1 1025 2665 1163
1629 2 2 1 1 872 2701 1557
1630 2 2 1 1 1269 1558 903
1631 2 2 1 1 1292 1416 929
1632 2 2 1 1 1285 1861 978
1633 2 2 1 1 1442 1508 1047
1634 2 2 1 1 1375 1896 463
1635 2 2 1 1 1463 2128 1807
1636 2 2 1 1 1532 2817 879
1637 2 2 1 1 437 2011 1902
1638 2 2 1 1 992 1661 1542
1639 2 2 1 1 573 2839 19
1640 2 2 1 1 1194 1666 148
1641 2 2 1 1 233 1461 652
1642 2 2 1 1 530 1986 529
1643 2 2 1 1 1960 2728 785
1644 2 2 1 1 425 1959 1321
1645 2 2 1 1 397 1587 396
1646 2 2 1 1 756 1798 253
1647 2 2 1 1 466 2283 1601
1648 2 2 1 1 665 2276 17
1649 2 2 1 1 255 1985 110
1650 2 2 1 1 1187 2855 693
1651 2 2 1 1 892 1670 1315
1652 2 2 1 1 863 2406 1397
1653 2 2 1 1 1044 1666 1194
1654 2 2 1 1 1118 1841 1612
1655 2 2 1 1 1085 1697 134
1656 2 2 1 1 4 2308 308
1657 2 2 1 1 1456 2376 891
1658 2 2 1 1 126 2627 1418
1659 2 2 1 1 845 2254 1191
1660 2 2 1 1 1589 1601 976
1661 2 2 1 1 1918 2726 1249
1662 2 2 1 1 518 2796 166
1663 2 2 1 1 1258 2558 865
1664 2 2 1 1 442 816 75
1665 2 2 1 1 1497 1901 646
1666 2 2 1 1 567 1940 566
1667 2 2 1 1 1230 1480 671
1668 2 2 1 1 1208 2865 926
1669 2 2 1 1 605 2224 181
1670 2 2 1 1 459 2072 1260
1671 2 2 1 1 112 2247 1740
1672 2 2 1 1 136 2144 14
1673 2 2 1 1 1297 1539 910
1674 2 2 1 1 421 1570 420
1675 2 2 1 1 1506 1852 975
1676 2 2 1 1 60 1557 353
1677 2 2 1 1 1119 2583 139
1678 2 2 1 1 1488 2517 316
1679 2 2 1 1 966 1564 1370
1680 2 2 1 1 934 2503 1387
1681 2 2 1 1 605 2100 1706
1682 2 2 1 1 1233 1809 592
1683 2 2 1 1 408 1513 409
1684 2 2 1 1 1644 2382 918
1685 2 2 1 1 895 1828 1175
1686 2 2 1 1 401 1394 402
1687 2 2 1 1 1670 2657 1315
1688 2 2 1 1 1563 2001 1648
1689 2 2 1 1 577 1581 578
1690 2 2 1 1 1237 1824 739
1691 2 2 1 1 1136 2471 803
1692 2 2 1 1 270 2087 1318
1693 2 2 1 1 1259 2523 380
1694 2 2 1 1 1124 2513 1369
1695 2 2 1 1 1398 2069 159
1696 2 2 1 1 1454 2192 919
1697 2 2 1 1 899 2449 1223
1698 2 2 1 1 1414 1814 1016
1699 2 2 1 1 942 1559 1544
1700 2 2 1 1 1316 1449 869
1701 2 2 1 1 878 2493 1483
1702 2 2 1 1 1141 2265 1712
1703 2 2 1 1 1462 2680 1304
1704 2 2 1 1 973 1611 1303
1705 2 2 1 1 381 2523 1150
1706 2 2 1 1 1457 2022 253
1707 2 2 1 1 1268 1928 988
1708 2 2 1 1 300 2802 2207
1709 2 2 1 1 11 2720 1909
1710 2 2 1 1 1113 1316 869
1711 2 2 1 1 717 2504 1142
1712 2 2 1 1 1504 2875 873
1713 2 2 1 1 871 2918 1349
1714 2 2 1 1 1449 1861 1285
1715 2 2 1 1 900 1486 1282
1716 2 2 1 1 463 2462 1496
1717 2 2 1 1 2043 2290 604
1718 2 2 1 1 983 1965 1366
1719 2 2 1 1 1089 1864 469
1720 2 2 1 1 737 2458 350
1721 2 2 1 1 139 2035 349
1722 2 2 1 1 1276 1499 907
1723 2 2 1 1 372 2815 1884
1724 2 2 1 1 1222 1671 951
1725 2 2 1 1 1228 2531 2153
1726 2 2 1 1 939 1966 1338
1727 2 2 1 1 1438 2119 829
1728 2 2 1 1 656 1512 16
1729 2 2 1 1 903 2227 1269
1730 2 2 1 1 855 2003 854
1731 2 2 1 1 164 2124 592
1732 2 2 1 1 1587 2288 396
1733 2 2 1 1 1540 2237 1184
1734 2 2 1 1 803 2723 1136
1735 2 2 1 1 391 313 392
1736 2 2 1 1 19 2954 573
1737 2 2 1 1 1385 2387 94
1738 2 2 1 1 555 1298 132
1739 2 2 1 1 1997 2606 2564
1740 2 2 1 1 1424 1732 931
1741 2 2 1 1 989 2137 1547
1742 2 2 1 1 1211 1794 326
1743 2 2 1 1 525 1969 94
1744 2 2 1 1 479 1600 242
1745 2 2 1 1 738 2458 737
1746 2 2 1 1 1245 1319 522
1747 2 2 1 1 1269 2025 438
1748 2 2 1 1 203 2160 625
1749 2 2 1 1 463 1896 224
1750 2 2 1 1 1701 1928 607
1751 2 2 1 1 917 1646 1229
1752 2 2 1 1 1472 1621 325
1753 2 2 1 1 766 1295 61
1754 2 2 1 1 361 1957 362
1755 2 2 1 1 1397 2570 863
1756 2 2 1 1 589 1779 588
1757 2 2 1 1 991 1707 1393
1758 2 2 1 1 1521 2747 1130
1759 2 2 1 1 742 1842 48
1760 2 2 1 1 438 2011 437
1761 2 2 1 1 1365 1863 1024
1762 2 2 1 1 452 2444 453
1763 2 2 1 1 1049 1683 110
1764 2 2 1 1 2726 2862 1249
1765 2 2 1 1 1339 1551 877
1766 2 2 1 1 2216 2264 907
1767 2 2 1 1 961 1948 1274
1768 2 2 1 1 139 1597 1119
1769 2 2 1 1 28 2012 605
1770 2 2 1 1 30 2487 654
1771 2 2 1 1 279 1776 1585
1772 2 2 1 1 29 1824 609
1773 2 2 1 1 1155 2715 2314
1774 2 2 1 1 1254 2223 1114
1775 2 2 1 1 289 1507 214
1776 2 2 1 1 1257 2214 863
1777 2 2 1 1 1606 2572 107
1778 2 2 1 1 1421 2698 668
1779 2 2 1 1 1694 2229 1988
1780 2 2 1 1 110 1586 1049
1781 2 2 1 1 1592 2326 174
1782 2 2 1 1 509 1941 320
1783 2 2 1 1 1389 2503 934
1784 2 2 1 1 356 1867 1863
1785 2 2 1 1 102 2030 3
1786 2 2 1 1 376 2697 1277
1787 2 2 1 1 606 1701 607
1788 2 2 1 1 3 2030 669
1789 2 2 1 1 466 1601 225
1790 2 2 1 1 1243 1314 868
1791 2 2 1 1 805 1426 75
1792 2 2 1 1 757 1766 756
1793 2 2 1 1 17 2276 567
1794 2 2 1 1 310 2520 2413
1795 2 2 1 1 1672 1677 1010
1796 2 2 1 1 1556 1900 1224
1797 2 2 1 1 434 1599 433
1798 2 2 1 1 253 1798 1457
1799 2 2 1 1 898 1913 1391
1800 2 2 1 1 647 1515 648
1801 2 2 1 1 681 2117 680
1802 2 2 1 1 1438 1947 996
1803 2 2 1 1 1185 1553 251
1804 2 2 1 1 1403 2619 811
1805 2 2 1 1 39 2533 714
1806 2 2 1 1 1184 2237 954
1807 2 2 1 1 593 1466 594
1808 2 2 1 1 573 2212 146
1809 2 2 1 1 382 2581 383
1810 2 2 1 1 751 1679 750
1811 2 2 1 1 491 1776 279
1812 2 2 1 1 788 1737 1174
1813 2 2 1 1 497 1827 496
1814 2 2 1 1 1336 1875 926
1815 2 2 1 1 8 2228 120
1816 2 2 1 1 1471 1603 281
1817 2 2 1 1 182 348 606
1818 2 2 1 1 1338 2150 939
1819 2 2 1 1 258 1963 1796
1820 2 2 1 1 1770 2525 659
1821 2 2 1 1 1416 1494 929
1822 2 2 1 1 1642 1939 998
1823 2 2 1 1 1315 1681 892
1824 2 2 1 1 739 2412 1237
1825 2 2 1 1 1468 2340 154
1826 2 2 1 1 159 2163 1398
1827 2 2 1 1 1999 2160 203
1828 2 2 1 1 10 2138 705
1829 2 2 1 1 360 1532 101
1830 2 2 1 1 1349 2918 1228
1831 2 2 1 1 1296 1840 968
1832 2 2 1 1 453 2444 1616
1833 2 2 1 1 52 2103 1631
1834 2 2 1 1 148 2180 1194
1835 2 2 1 1 236 1494 1416
1836 2 2 1 1 1357 2777 1296
1837 2 2 1 1 1996 2114 1046
1838 2 2 1 1 1399 1600 479
1839 2 2 1 1 1373 2237 1551
1840 2 2 1 1 1217 2643 1297
1841 2 2 1 1 254 1455 1244
1842 2 2 1 1 1797 2455 924
1843 2 2 1 1 948 1794 1211
1844 2 2 1 1 1171 1407 458
1845 2 2 1 1 830 1947 1438
1846 2 2 1 1 4 1997 534
1847 2 2 1 1 872 2509 1158
1848 2 2 1 1 902 1489 1339
1849 2 2 1 1 96 2650 355
1850 2 2 1 1 1039 2515 1207
1851 2 2 1 1 1505 2705 1083
1852 2 2 1 1 901 1849 1519
1853 2 2 1 1 996 1992 1274
1854 2 2 1 1 774 2200 1188
1855 2 2 1 1 1193 2235 1846
1856 2 2 1 1 387 2552 2334
1857 2 2 1 1 1411 1968 501
1858 2 2 1 1 1369 1655 225
1859 2 2 1 1 224 2462 463
1860 2 2 1 1 1538 1863 1365
1861 2 2 1 1 1396 1815 905
1862 2 2 1 1 1206 2439 599
1863 2 2 1 1 350 1446 737
1864 2 2 1 1 279 1538 1365
1865 2 2 1 1 734 2539 36
1866 2 2 1 1 1806 2002 191
1867 2 2 1 1 1459 2565 117
1868 2 2 1 1 565 2159 16
1869 2 2 1 1 1020 1852 1506
1870 2 2 1 1 75 1426 442
1871 2 2 1 1 1095 2206 1017
1872 2 2 1 1 693 2562 1187
1873 2 2 1 1 1553 1554 907
1874 2 2 1 1 1263 2353 69
1875 2 2 1 1 896 1632 1356
1876 2 2 1 1 167 2057 415
1877 2 2 1 1 1005 2135 1492
1878 2 2 1 1 1332 2103 245
1879 2 2 1 1 1669 2254 963
1880 2 2 1 1 1211 2530 1712
1881 2 2 1 1 411 1453 410
1882 2 2 1 1 440 1981 1825
1883 2 2 1 1 1488 1489 935
1884 2 2 1 1 452 2107 1236
1885 2 2 1 1 1179 2043 1902
1886 2 2 1 1 598 2357 597
1887 2 2 1 1 1402 1931 951
1888 2 2 1 1 500 1507 289
1889 2 2 1 1 396 1561 397
1890 2 2 1 1 321 1891 1274
1891 2 2 1 1 245 1944 1332
1892 2 2 1 1 1312 1929 938
1893 2 2 1 1 531 1710 1252
1894 2 2 1 1 680 2117 1657
1895 2 2 1 1 1034 1951 1902
1896 2 2 1 1 2558 2935 865
1897 2 2 1 1 878 1248 1110
1898 2 2 1 1 1024 1867 1230
1899 2 2 1 1 76 2127 806
1900 2 2 1 1 351 2154 1597
1901 2 2 1 1 415 1402 167
1902 2 2 1 1 156 1583 1475
1903 2 2 1 1 1296 1834 606
1904 2 2 1 1 1366 1624 983
1905 2 2 1 1 348 1701 606
1906 2 2 1 1 285 410 409
1907 2 2 1 1 59 2197 92
1908 2 2 1 1 2115 2524 897
1909 2 2 1 1 1279 1562 124
1910 2 2 1 1 1191 2254 1669
1911 2 2 1 1 1038 2150 1338
1912 2 2 1 1 1324 1502 970
1913 2 2 1 1 1301 2238 306
1914 2 2 1 1 383 2581 1658
1915 2 2 1 1 464 1888 1370
1916 2 2 1 1 1148 1995 1859
1917 2 2 1 1 2413 2520 1323
1918 2 2 1 1 13 1897 720
1919 2 2 1 1 726 2165 727
1920 2 2 1 1 1174 2733 788
1921 2 2 1 1 560 2459 1201
1922 2 2 1 1 1348 2754 1231
1923 2 2 1 1 1600 2568 242
1924 2 2 1 1 829 1718 81
1925 2 2 1 1 1236 1729 937
1926 2 2 1 1 98 2347 1182
1927 2 2 1 1 362 1642 361
1928 2 2 1 1 357 1538 358
1929 2 2 1 1 131 2878 1271
1930 2 2 1 1 1338 1749 407
1931 2 2 1 1 590 2007 1516
1932 2 2 1 1 655 1527 244
1933 2 2 1 1 2327 2511 923
1934 2 2 1 1 1441 1690 1092
1935 2 2 1 1 6 2510 725
1936 2 2 1 1 155 1600 1399
1937 2 2 1 1 863 1676 887
1938 2 2 1 1 2314 2715 871
1939 2 2 1 1 1242 1978 307
1940 2 2 1 1 2344 2428 1128
1941 2 2 1 1 244 1663 1297
1942 2 2 1 1 1431 2499 1069
1943 2 2 1 1 503 1293 114
1944 2 2 1 1 688 1154 287
1945 2 2 1 1 903 1894 1378
1946 2 2 1 1 390 1474 133
1947 2 2 1 1 881 1674 1447
1948 2 2 1 1 1060 2251 1643
1949 2 2 1 1 433 2313 1596
1950 2 2 1 1 1683 1766 109
1951 2 2 1 1 1846 2235 955
1952 2 2 1 1 646 2929 42
1953 2 2 1 1 453 2232 1285
1954 2 2 1 1 439 1444 440
1955 2 2 1 1 813 1923 812
1956 2 2 1 1 900 1771 1622
1957 2 2 1 1 1928 2485 608
1958 2 2 1 1 905 1900 1396
1959 2 2 1 1 1145 2204 177
1960 2 2 1 1 1200 2270 553
1961 2 2 1 1 874 2791 1301
1962 2 2 1 1 766 60 353
1963 2 2 1 1 2331 2355 2007
1964 2 2 1 1 1158 2335 1514
1965 2 2 1 1 1177 1280 861
1966 2 2 1 1 1744 1887 487
1967 2 2 1 1 179 2496 1464
1968 2 2 1 1 1863 1867 1024
1969 2 2 1 1 753 2019 1306
1970 2 2 1 1 1538 1585 358
1971 2 2 1 1 641 1703 640
1972 2 2 1 1 1761 2311 1015
1973 2 2 1 1 1839 2015 211
1974 2 2 1 1 957 1555 1265
1975 2 2 1 1 975 1549 1506
1976 2 2 1 1 1612 1841 936
1977 2 2 1 1 68 1379 725
1978 2 2 1 1 458 2842 1171
1979 2 2 1 1 527 2233 1542
1980 2 2 1 1 1280 2478 861
1981 2 2 1 1 943 1763 1150
1982 2 2 1 1 449 2213 2184
1983 2 2 1 1 493 2309 492
1984 2 2 1 1 699 2111 1145
1985 2 2 1 1 981 1796 1762
1986 2 2 1 1 940 2248 1242
1987 2 2 1 1 109 1766 757
1988 2 2 1 1 1259 2530 1211
1989 2 2 1 1 1434 1663 244
1990 2 2 1 1 1674 2292 115
1991 2 2 1 1 2374 2787 919
1992 2 2 1 1 603 2043 604
1993 2 2 1 1 464 2249 463
1994 2 2 1 1 826 1431 825
1995 2 2 1 1 1430 2182 297
1996 2 2 1 1 1712 2265 948
1997 2 2 1 1 1455 2366 2172
1998 2 2 1 1 912 1809 1233
1999 2 2 1 1 1892 2247 1241
2000 2 2 1 1 1112 2083 1307
2001 2 2 1 1 79 477 828
2002 2 2 1 1 1544 1559 111
2003 2 2 1 1 1347 2245 977
2004 2 2 1 1 947 2375 2346
2005 2 2 1 1 1680 1856 1056
2006 2 2 1 1 1126 2701 1514
2007 2 2 1 1 550 2138 10
2008 2 2 1 1 1519 1849 406
2009 2 2 1 1 1308 2687 1045
2010 2 2 1 1 142 1942 1210
2011 2 2 1 1 1949 2091 1195
2012 2 2 1 1 492 2423 1584
2013 2 2 1 1 614 1571 615
2014 2 2 1 1 10 2786 1562
2015 2 2 1 1 582 1610 152
2016 2 2 1 1 441 1173 196
2017 2 2 1 1 571 1723 1305
2018 2 2 1 1 1450 2339 661
2019 2 2 1 1 1232 2033 202
2020 2 2 1 1 1989 2789 1322
2021 2 2 1 1 184 1786 1341
2022 2 2 1 1 1369 2513 1655
2023 2 2 1 1 422 2416 1802
2024 2 2 1 1 1383 1548 185
2025 2 2 1 1 33 2089 678
2026 2 2 1 1 1512 2061 1037
2027 2 2 1 1 420 1434 421
2028 2 2 1 1 624 1582 625
2029 2 2 1 1 896 2236 1430
2030 2 2 1 1 177 2204 1221
2031 2 2 1 1 526 2562 2
2032 2 2 1 1 6 1459 117
2033 2 2 1 1 454 1975 1382
2034 2 2 1 1 806 2485 1268
2035 2 2 1 1 1397 2935 2558
2036 2 2 1 1 282 2423 492
2037 2 2 1 1 433 1599 1318
2038 2 2 1 1 307 2076 1242
2039 2 2 1 1 586 2596 1163
2040 2 2 1 1 689 1615 1292
2041 2 2 1 1 941 2253 1360
2042 2 2 1 1 565 1381 566
2043 2 2 1 1 407 1760 1519
2044 2 2 1 1 1199 2376 1456
2045 2 2 1 1 181 2100 605
2046 2 2 1 1 1286 2427 1540
2047 2 2 1 1 1307 1692 767
2048 2 2 1 1 1377 1495 1129
2049 2 2 1 1 1306 2467 753
2050 2 2 1 1 1490 2171 915
2051 2 2 1 1 1576 2199 1334
2052 2 2 1 1 1667 1719 1178
2053 2 2 1 1 1094 2218 1507
2054 2 2 1 1 1856 1879 1056
2055 2 2 1 1 508 1977 779
2056 2 2 1 1 1000 1962 1826
2057 2 2 1 1 2564 2606 1129
2058 2 2 1 1 524 2112 1372
2059 2 2 1 1 237 2336 1313
2060 2 2 1 1 1161 2782 1492
2061 2 2 1 1 632 1923 209
2062 2 2 1 1 928 2633 1428
2063 2 2 1 1 1142 2504 381
2064 2 2 1 1 1230 1986 1024
2065 2 2 1 1 392 1721 391
2066 2 2 1 1 1580 2048 1920
2067 2 2 1 1 290 1739 1405
2068 2 2 1 1 1622 1771 1014
2069 2 2 1 1 980 2547 1569
2070 2 2 1 1 868 1677 1672
2071 2 2 1 1 810 1502 220
2072 2 2 1 1 1323 2520 393
2073 2 2 1 1 661 2339 252
2074 2 2 1 1 722 2331 24
2075 2 2 1 1 124 2873 1279
2076 2 2 1 1 1 2557 684
2077 2 2 1 1 556 2167 1180
2078 2 2 1 1 1840 2749 1237
2079 2 2 1 1 765 59 92
2080 2 2 1 1 1535 2294 720
2081 2 2 1 1 208 2419 36
2082 2 2 1 1 851 1602 850
2083 2 2 1 1 1224 1900 905
2084 2 2 1 1 2075 2362 1107
2085 2 2 1 1 649 1927 648
2086 2 2 1 1 1085 2136 1794
2087 2 2 1 1 1167 2129 1809
2088 2 2 1 1 1393 2172 991
2089 2 2 1 1 540 1566 541
2090 2 2 1 1 1572 2002 1080
2091 2 2 1 1 588 1779 1668
2092 2 2 1 1 930 2088 1226
2093 2 2 1 1 1007 2204 1145
2094 2 2 1 1 64 2494 775
2095 2 2 1 1 848 1887 1267
2096 2 2 1 1 458 1990 1445
2097 2 2 1 1 374 1645 375
2098 2 2 1 1 52 1631 53
2099 2 2 1 1 54 109 757
2100 2 2 1 1 830 1438 829
2101 2 2 1 1 662 1424 254
2102 2 2 1 1 131 1705 1340
2103 2 2 1 1 1347 1954 694
2104 2 2 1 1 1295 2905 62
2105 2 2 1 1 854 2003 183
2106 2 2 1 1 593 1541 172
2107 2 2 1 1 481 1807 186
2108 2 2 1 1 1479 1575 866
2109 2 2 1 1 1902 2043 1034
2110 2 2 1 1 1883 2790 892
2111 2 2 1 1 1128 2787 2244
2112 2 2 1 1 358 1585 359
2113 2 2 1 1 1406 2323 183
2114 2 2 1 1 715 2882 1212
2115 2 2 1 1 950 1856 1680
2116 2 2 1 1 1244 2039 254
2117 2 2 1 1 1728 1829 1017
2118 2 2 1 1 1077 2141 1763
2119 2 2 1 1 99 2700 2
2120 2 2 1 1 1150 2294 943
2121 2 2 1 1 2162 2419 1893
2122 2 2 1 1 565 2601 1503
2123 2 2 1 1 703 1997 4
2124 2 2 1 1 100 1700 528
2125 2 2 1 1 1402 2718 1079
2126 2 2 1 1 933 2002 1572
2127 2 2 1 1 2641 2760 1921
2128 2 2 1 1 188 2789 1989
2129 2 2 1 1 307 1978 1255
2130 2 2 1 1 1471 2607 1603
2131 2 2 1 1 5 2532 536
2132 2 2 1 1 1183 1560 499
2133 2 2 1 1 1256 2230 673
2134 2 2 1 1 1433 1972 937
2135 2 2 1 1 1651 2759 1482
2136 2 2 1 1 267 2407 1256
2137 2 2 1 1 411 2764 1508
2138 2 2 1 1 278 1330 373
2139 2 2 1 1 423 2416 422
2140 2 2 1 1 121 2157 1492
2141 2 2 1 1 1332 1944 914
2142 2 2 1 1 467 2886 226
2143 2 2 1 1 1209 2369 1919
2144 2 2 1 1 407 1519 406
2145 2 2 1 1 1828 2180 147
2146 2 2 1 1 2025 2227 340
2147 2 2 1 1 1639 2710 132
2148 2 2 1 1 577 1778 1309
2149 2 2 1 1 431 2579 1272
2150 2 2 1 1 1700 1755 773
2151 2 2 1 1 1009 2142 921
2152 2 2 1 1 499 2361 1183
2153 2 2 1 1 979 2033 1232
2154 2 2 1 1 1320 1664 393
2155 2 2 1 1 826 2499 1431
2156 2 2 1 1 326 1794 720
2157 2 2 1 1 353 2905 1295
2158 2 2 1 1 1252 1710 942
2159 2 2 1 1 1150 1763 381
2160 2 2 1 1 1253 2758 2372
2161 2 2 1 1 1043 2671 1001
2162 2 2 1 1 720 2294 326
2163 2 2 1 1 938 1748 1311
2164 2 2 1 1 1298 2916 132
2165 2 2 1 1 1030 1999 1571
2166 2 2 1 1 450 1744 262
2167 2 2 1 1 1277 1711 376
2168 2 2 1 1 517 2036 518
2169 2 2 1 1 1376 1721 310
2170 2 2 1 1 536 2571 5
2171 2 2 1 1 732 2072 339
2172 2 2 1 1 1460 2061 657
2173 2 2 1 1 2184 2213 1108
2174 2 2 1 1 913 1691 1238
2175 2 2 1 1 1567 2548 446
2176 2 2 1 1 1719 2682 1178
2177 2 2 1 1 532 2091 1949
2178 2 2 1 1 951 2718 1402
2179 2 2 1 1 412 1524 413
2180 2 2 1 1 1501 2236 896
2181 2 2 1 1 14 2144 726
2182 2 2 1 1 1146 2859 1468
2183 2 2 1 1 394 2035 139
2184 2 2 1 1 961 1576 1334
2185 2 2 1 1 1689 2676 217
2186 2 2 1 1 1358 1660 911
2187 2 2 1 1 588 1668 587
2188 2 2 1 1 956 2407 1327
2189 2 2 1 1 455 1283 454
2190 2 2 1 1 273 1596 679
2191 2 2 1 1 1331 2339 909
2192 2 2 1 1 1929 2491 859
2193 2 2 1 1 140 2041 1578
2194 2 2 1 1 1508 1988 1047
2195 2 2 1 1 517 2479 345
2196 2 2 1 1 1386 2379 215
2197 2 2 1 1 1576 2094 238
2198 2 2 1 1 173 1518 595
2199 2 2 1 1 1563 1661 992
2200 2 2 1 1 622 1449 1316
2201 2 2 1 1 719 1903 13
2202 2 2 1 1 914 1679 1473
2203 2 2 1 1 1428 2186 928
2204 2 2 1 1 107 1681 1315
2205 2 2 1 1 861 2478 1475
2206 2 2 1 1 228 2268 1914
2207 2 2 1 1 239 1634 45
2208 2 2 1 1 1656 2545 185
2209 2 2 1 1 230 2730 1270
2210 2 2 1 1 2226 2271 157
2211 2 2 1 1 211 2714 450
2212 2 2 1 1 476 1470 475
2213 2 2 1 1 787 1607 786
2214 2 2 1 1 500 2066 1367
2215 2 2 1 1 1285 2107 453
2216 2 2 1 1 1826 1962 1082
2217 2 2 1 1 1343 2707 666
2218 2 2 1 1 1126 2071 893
2219 2 2 1 1 945 2302 1195
2220 2 2 1 1 1048 2156 1003
2221 2 2 1 1 1948 2791 874
2222 2 2 1 1 800 2454 1844
2223 2 2 1 1 869 2522 1113
2224 2 2 1 1 325 2021 1344
2225 2 2 1 1 592 1809 164
2226 2 2 1 1 969 1934 1529
2227 2 2 1 1 1571 1999 1061
2228 2 2 1 1 255 2304 1985
2229 2 2 1 1 518 1938 519
2230 2 2 1 1 862 1409 1342
2231 2 2 1 1 517 2777 1357
2232 2 2 1 1 2231 2452 707
2233 2 2 1 1 1309 2374 576
2234 2 2 1 1 107 2572 368
2235 2 2 1 1 1002 1312 1311
2236 2 2 1 1 565 1503 1381
2237 2 2 1 1 915 2171 1566
2238 2 2 1 1 703 2606 1997
2239 2 2 1 1 246 1878 1452
2240 2 2 1 1 1121 1891 321
2241 2 2 1 1 763 1557 60
2242 2 2 1 1 129 2629 1244
2243 2 2 1 1 1180 2821 556
2244 2 2 1 1 1266 1926 312
2245 2 2 1 1 1369 2832 1124
2246 2 2 1 1 98 2169 1702
2247 2 2 1 1 277 2647 1372
2248 2 2 1 1 856 1786 855
2249 2 2 1 1 318 1591 238
2250 2 2 1 1 1054 2420 1768
2251 2 2 1 1 639 1478 640
2252 2 2 1 1 1816 2891 495
2253 2 2 1 1 98 2274 2169
2254 2 2 1 1 1020 1836 1520
2255 2 2 1 1 1803 2152 308
2256 2 2 1 1 728 2269 727
2257 2 2 1 1 1768 2420 1234
2258 2 2 1 1 67 1676 783
2259 2 2 1 1 127 2712 752
2260 2 2 1 1 1388 1754 601
2261 2 2 1 1 260 2364 1152
2262 2 2 1 1 1010 2901 1181
2263 2 2 1 1 39 1727 1286
2264 2 2 1 1 1601 2283 305
2265 2 2 1 1 2053 2312 675
2266 2 2 1 1 1111 2835 133
2267 2 2 1 1 1531 2803 1408
2268 2 2 1 1 1348 1961 924
2269 2 2 1 1 1588 2933 2704
2270 2 2 1 1 1544 2943 942
2271 2 2 1 1 1313 2330 237
2272 2 2 1 1 1906 2317 387
2273 2 2 1 1 1370 1888 966
2274 2 2 1 1 506 1564 994
2275 2 2 1 1 706 2839 1266
2276 2 2 1 1 611 2742 30
2277 2 2 1 1 1540 2427 877
2278 2 2 1 1 914 1652 1332
2279 2 2 1 1 1060 2391 2251
2280 2 2 1 1 1328 1752 571
2281 2 2 1 1 1627 2433 161
2282 2 2 1 1 1514 2701 872
2283 2 2 1 1 408 2328 1513
2284 2 2 1 1 106 2176 1661
2285 2 2 1 1 2 2700 692
2286 2 2 1 1 516 2608 1465
2287 2 2 1 1 1015 1959 1278
2288 2 2 1 1 1163 2382 586
2289 2 2 1 1 1003 2900 107
2290 2 2 1 1 962 2514 1400
2291 2 2 1 1 912 2830 2722
2292 2 2 1 1 2122 2409 298
2293 2 2 1 1 133 1775 1111
2294 2 2 1 1 1305 1723 941
2295 2 2 1 1 1309 2787 2374
2296 2 2 1 1 1318 2789 433
2297 2 2 1 1 597 2357 1835
2298 2 2 1 1 785 2728 784
2299 2 2 1 1 2334 2552 269
2300 2 2 1 1 1569 1753 1287
2301 2 2 1 1 1183 2361 224
2302 2 2 1 1 1411 2278 1968
2303 2 2 1 1 1836 2108 504
2304 2 2 1 1 1374 2266 983
2305 2 2 1 1 682 1975 213
2306 2 2 1 1 23 2596 586
2307 2 2 1 1 491 2822 490
2308 2 2 1 1 930 2271 2088
2309 2 2 1 1 1375 2249 962
2310 2 2 1 1 1870 2881 958
2311 2 2 1 1 919 2428 1454
2312 2 2 1 1 1298 2455 1797
2313 2 2 1 1 471 1476 472
2314 2 2 1 1 369 1673 370
2315 2 2 1 1 473 1520 472
2316 2 2 1 1 1778 2244 1309
2317 2 2 1 1 1340 2368 283
2318 2 2 1 1 1301 2119 874
2319 2 2 1 1 719 2037 2021
2320 2 2 1 1 1464 2496 1040
2321 2 2 1 1 414 1915 1346
2322 2 2 1 1 902 2427 1286
2323 2 2 1 1 1831 2155 536
2324 2 2 1 1 156 2926 1448
2325 2 2 1 1 809 1414 808
2326 2 2 1 1 705 2786 10
2327 2 2 1 1 1699 2540 1135
2328 2 2 1 1 78 1643 653
2329 2 2 1 1 123 1501 1356
2330 2 2 1 1 132 2710 555
2331 2 2 1 1 710 2845 1162
2332 2 2 1 1 708 2360 707
2333 2 2 1 1 1747 2420 917
2334 2 2 1 1 861 1503 1451
2335 2 2 1 1 2109 2110 505
2336 2 2 1 1 1005 2228 1991
2337 2 2 1 1 496 1827 1419
2338 2 2 1 1 1169 2302 945
2339 2 2 1 1 1533 1861 620
2340 2 2 1 1 1114 2146 888
2341 2 2 1 1 456 2528 1240
2342 2 2 1 1 716 2093 43
2343 2 2 1 1 942 2943 1790
2344 2 2 1 1 30 2613 611
2345 2 2 1 1 691 2001 692
2346 2 2 1 1 531 2241 530
2347 2 2 1 1 518 2036 1938
2348 2 2 1 1 532 2316 533
2349 2 2 1 1 779 1977 778
2350 2 2 1 1 947 2346 1579
2351 2 2 1 1 1283 1950 979
2352 2 2 1 1 111 2258 1241
2353 2 2 1 1 650 1685 232
2354 2 2 1 1 303 2561 204
2355 2 2 1 1 1934 2879 1529
2356 2 2 1 1 1577 2328 159
2357 2 2 1 1 374 2174 1645
2358 2 2 1 1 971 2019 1618
2359 2 2 1 1 1416 1833 236
2360 2 2 1 1 371 2070 1327
2361 2 2 1 1 1445 1990 1130
2362 2 2 1 1 1255 1977 307
2363 2 2 1 1 654 2613 30
2364 2 2 1 1 1268 2485 1928
2365 2 2 1 1 525 2112 524
2366 2 2 1 1 1229 2706 917
2367 2 2 1 1 628 1921 1373
2368 2 2 1 1 1378 2448 903
2369 2 2 1 1 259 2338 404
2370 2 2 1 1 1789 1938 1402
2371 2 2 1 1 24 2795 592
2372 2 2 1 1 1921 2760 954
2373 2 2 1 1 1181 2222 1010
2374 2 2 1 1 159 2069 1432
2375 2 2 1 1 954 2237 1373
2376 2 2 1 1 905 2793 1224
2377 2 2 1 1 4 2761 535
2378 2 2 1 1 43 2093 652
2379 2 2 1 1 781 1379 68
2380 2 2 1 1 883 1799 1459
2381 2 2 1 1 942 1790 1252
2382 2 2 1 1 1154 2769 1871
2383 2 2 1 1 848 2027 847
2384 2 2 1 1 201 1650 1619
2385 2 2 1 1 38 2277 635
2386 2 2 1 1 1581 2874 578
2387 2 2 1 1 5 2612 116
2388 2 2 1 1 1382 1678 946
2389 2 2 1 1 923 1765 1665
2390 2 2 1 1 1151 2008 1795
2391 2 2 1 1 365 2176 106
2392 2 2 1 1 198 1713 1395
2393 2 2 1 1 428 854 183
2394 2 2 1 1 1113 2522 1261
2395 2 2 1 1 1681 2183 892
2396 2 2 1 1 1517 2087 676
2397 2 2 1 1 1023 1730 1724
2398 2 2 1 1 692 2001 1686
2399 2 2 1 1 555 1722 556
2400 2 2 1 1 752 51 127
2401 2 2 1 1 1140 2820 1336
2402 2 2 1 1 1763 2644 1077
2403 2 2 1 1 1395 2679 1602
2404 2 2 1 1 262 1769 451
2405 2 2 1 1 1795 2008 867
2406 2 2 1 1 931 2388 1310
2407 2 2 1 1 233 1698 1653
2408 2 2 1 1 1435 2927 1078
2409 2 2 1 1 857 2045 856
2410 2 2 1 1 379 2936 378
2411 2 2 1 1 1318 2087 890
2412 2 2 1 1 1339 2427 902
2413 2 2 1 1 567 2767 17
2414 2 2 1 1 106 1661 1563
2415 2 2 1 1 1791 1946 1352
2416 2 2 1 1 182 1885 348
2417 2 2 1 1 1097 2109 1101
2418 2 2 1 1 1247 2462 224
2419 2 2 1 1 170 1724 1539
2420 2 2 1 1 114 1949 295
2421 2 2 1 1 1380 1688 972
2422 2 2 1 1 713 2252 2120
2423 2 2 1 1 922 2607 1471
2424 2 2 1 1 1079 1789 1402
2425 2 2 1 1 1851 2156 1048
2426 2 2 1 1 446 2548 199
2427 2 2 1 1 1322 2937 981
2428 2 2 1 1 1329 2348 276
2429 2 2 1 1 396 2149 1561
2430 2 2 1 1 668 1925 1421
2431 2 2 1 1 817 1643 78
2432 2 2 1 1 19 2621 574
2433 2 2 1 1 944 1926 1266
2434 2 2 1 1 1037 2023 1512
2435 2 2 1 1 2790 2804 1670
2436 2 2 1 1 1490 2629 129
2437 2 2 1 1 370 1481 369
2438 2 2 1 1 506 2932 1564
2439 2 2 1 1 847 2027 1371
2440 2 2 1 1 100 2076 1755
2441 2 2 1 1 1017 2396 1095
2442 2 2 1 1 1507 2218 214
2443 2 2 1 1 1817 2254 84
2444 2 2 1 1 1436 2475 273
2445 2 2 1 1 2207 2802 1061
2446 2 2 1 1 110 1683 255
2447 2 2 1 1 1646 2420 2398
2448 2 2 1 1 133 1505 390
2449 2 2 1 1 700 2277 38
2450 2 2 1 1 1364 1765 923
2451 2 2 1 1 1320 2826 2452
2452 2 2 1 1 1270 2866 645
2453 2 2 1 1 1228 2153 1349
2454 2 2 1 1 1512 1878 16
2455 2 2 1 1 979 2352 1283
2456 2 2 1 1 1178 2682 1427
2457 2 2 1 1 932 1204 1139
2458 2 2 1 1 1059 1981 1245
2459 2 2 1 1 850 1602 197
2460 2 2 1 1 1693 1884 267
2461 2 2 1 1 530 2241 1986
2462 2 2 1 1 161 1628 1627
2463 2 2 1 1 1871 2769 1264
2464 2 2 1 1 480 2938 481
2465 2 2 1 1 393 2520 392
2466 2 2 1 1 510 1992 1325
2467 2 2 1 1 1274 2177 996
2468 2 2 1 1 1610 2885 152
2469 2 2 1 1 967 1621 1472
2470 2 2 1 1 394 2583 1482
2471 2 2 1 1 1171 2008 1407
2472 2 2 1 1 913 2379 1386
2473 2 2 1 1 1083 2212 2050
2474 2 2 1 1 579 1646 151
2475 2 2 1 1 583 1504 155
2476 2 2 1 1 149 1792 1522
2477 2 2 1 1 717 1626 1246
2478 2 2 1 1 373 1330 112
2479 2 2 1 1 541 1536 540
2480 2 2 1 1 1483 1927 966
2481 2 2 1 1 1405 2486 290
2482 2 2 1 1 934 2145 1385
2483 2 2 1 1 1301 2791 1106
2484 2 2 1 1 1192 2113 684
2485 2 2 1 1 825 1984 824
2486 2 2 1 1 1825 1981 1059
2487 2 2 1 1 502 1293 503
2488 2 2 1 1 130 2699 1456
2489 2 2 1 1 2179 2894 119
2490 2 2 1 1 1434 1527 987
2491 2 2 1 1 57 1699 355
2492 2 2 1 1 954 1868 1184
2493 2 2 1 1 1370 2283 465
2494 2 2 1 1 1724 1730 169
2495 2 2 1 1 458 1407 459
2496 2 2 1 1 134 2860 1065
2497 2 2 1 1 78 653 822
2498 2 2 1 1 1645 2174 1093
2499 2 2 1 1 40 2527 1669
2500 2 2 1 1 856 2045 1341
2501 2 2 1 1 290 2929 1552
2502 2 2 1 1 659 2400 1168
2503 2 2 1 1 489 2553 1330
2504 2 2 1 1 1612 2384 1118
2505 2 2 1 1 544 2307 9
2506 2 2 1 1 1549 2541 716
2507 2 2 1 1 802 2803 801
2508 2 2 1 1 1264 2160 1030
2509 2 2 1 1 1302 2038 668
2510 2 2 1 1 159 2328 408
2511 2 2 1 1 567 1979 1226
2512 2 2 1 1 747 2508 51
2513 2 2 1 1 707 2360 2050
2514 2 2 1 1 1402 1938 167
2515 2 2 1 1 1081 2312 2053
2516 2 2 1 1 812 1923 1403
2517 2 2 1 1 137 1684 1454
2518 2 2 1 1 646 1901 647
2519 2 2 1 1 1413 1846 955
2520 2 2 1 1 921 2142 1458
2521 2 2 1 1 260 1837 1729
2522 2 2 1 1 1132 1991 1906
2523 2 2 1 1 395 2041 140
2524 2 2 1 1 1519 1760 1046
2525 2 2 1 1 924 1961 1440
2526 2 2 1 1 1357 2036 517
2527 2 2 1 1 2246 2810 1151
2528 2 2 1 1 1166 2368 2349
2529 2 2 1 1 39 2300 637
2530 2 2 1 1 1432 2069 158
2531 2 2 1 1 95 2403 1219
2532 2 2 1 1 2437 2917 1465
2533 2 2 1 1 647 1901 1515
2534 2 2 1 1 923 1742 1364
2535 2 2 1 1 526 2233 527
2536 2 2 1 1 1238 2379 913
2537 2 2 1 1 119 2894 1732
2538 2 2 1 1 1145 2111 1007
2539 2 2 1 1 155 1504 1401
2540 2 2 1 1 40 1669 639
2541 2 2 1 1 584 1409 583
2542 2 2 1 1 209 1719 632
2543 2 2 1 1 2127 2485 806
2544 2 2 1 1 800 1844 799
2545 2 2 1 1 1382 2457 1678
2546 2 2 1 1 924 1924 1348
2547 2 2 1 1 372 2664 264
2548 2 2 1 1 7 2637 662
2549 2 2 1 1 902 1993 1410
2550 2 2 1 1 340 2227 734
2551 2 2 1 1 1492 2135 889
2552 2 2 1 1 1337 2875 995
2553 2 2 1 1 415 1931 1402
2554 2 2 1 1 640 1390 641
2555 2 2 1 1 1606 2900 777
2556 2 2 1 1 1221 2208 177
2557 2 2 1 1 1395 1713 957
2558 2 2 1 1 270 1611 676
2559 2 2 1 1 287 1907 1439
2560 2 2 1 1 261 1819 432
2561 2 2 1 1 612 1656 185
2562 2 2 1 1 701 2780 2748
2563 2 2 1 1 326 2294 1150
2564 2 2 1 1 195 1982 1178
2565 2 2 1 1 513 1958 512
2566 2 2 1 1 2162 2854 1260
2567 2 2 1 1 1605 2374 919
2568 2 2 1 1 1330 2553 1790
2569 2 2 1 1 417 2800 350
2570 2 2 1 1 580 2500 1229
2571 2 2 1 1 408 2163 159
2572 2 2 1 1 151 2371 1671
2573 2 2 1 1 1197 1980 173
2574 2 2 1 1 528 1970 100
2575 2 2 1 1 392 2826 393
2576 2 2 1 1 2223 2617 883
2577 2 2 1 1 185 2545 1383
2578 2 2 1 1 422 2206 423
2579 2 2 1 1 106 1495 365
2580 2 2 1 1 1110 2555 878
2581 2 2 1 1 9 2307 686
2582 2 2 1 1 1351 2736 539
2583 2 2 1 1 1631 1908 377
2584 2 2 1 1 1321 1959 1015
2585 2 2 1 1 2236 2754 875
2586 2 2 1 1 1208 2622 96
2587 2 2 1 1 707 2452 708
2588 2 2 1 1 1261 2445 1113
2589 2 2 1 1 1973 2206 1095
2590 2 2 1 1 1227 2433 1627
2591 2 2 1 1 1665 2327 923
2592 2 2 1 1 1030 1871 1264
2593 2 2 1 1 682 1649 1595
2594 2 2 1 1 284 2148 1675
2595 2 2 1 1 136 2192 1454
2596 2 2 1 1 1480 1955 265
2597 2 2 1 1 1650 1856 950
2598 2 2 1 1 1303 1964 973
2599 2 2 1 1 901 2114 1210
2600 2 2 1 1 1228 2918 1182
2601 2 2 1 1 2045 2487 1341
2602 2 2 1 1 2512 2830 604
2603 2 2 1 1 1525 2916 280
2604 2 2 1 1 375 2697 376
2605 2 2 1 1 1111 1775 1429
2606 2 2 1 1 1481 1857 1068
2607 2 2 1 1 709 1974 1962
2608 2 2 1 1 418 2454 168
2609 2 2 1 1 2320 2538 591
2610 2 2 1 1 393 2826 1320
2611 2 2 1 1 1394 1937 402
2612 2 2 1 1 2349 2368 1340
2613 2 2 1 1 1194 2180 1828
2614 2 2 1 1 329 2543 512
2615 2 2 1 1 1919 2369 952
2616 2 2 1 1 1427 2682 520
2617 2 2 1 1 1006 2854 2162
2618 2 2 1 1 1152 2548 1039
2619 2 2 1 1 484 2389 2365
2620 2 2 1 1 614 2544 1571
2621 2 2 1 1 987 1829 1728
2622 2 2 1 1 1566 2171 1107
2623 2 2 1 1 134 1697 393
2624 2 2 1 1 1196 2167 557
2625 2 2 1 1 499 1560 500
2626 2 2 1 1 131 1638 389
2627 2 2 1 1 1450 1847 210
2628 2 2 1 1 1308 2655 712
2629 2 2 1 1 1292 2904 1416
2630 2 2 1 1 1686 2233 526
2631 2 2 1 1 1147 2587 353
2632 2 2 1 1 1422 2667 162
2633 2 2 1 1 1099 1793 1405
2634 2 2 1 1 1461 2934 2620
2635 2 2 1 1 243 2696 654
2636 2 2 1 1 1472 1911 401
2637 2 2 1 1 355 1699 1135
2638 2 2 1 1 676 2087 270
2639 2 2 1 1 633 1598 634
2640 2 2 1 1 1578 2574 1452
2641 2 2 1 1 1477 1917 113
2642 2 2 1 1 1431 2924 511
2643 2 2 1 1 2172 2366 991
2644 2 2 1 1 1850 2936 1246
2645 2 2 1 1 828 2678 827
2646 2 2 1 1 1243 2816 1314
2647 2 2 1 1 2007 2355 1044
2648 2 2 1 1 1593 2518 1488
2649 2 2 1 1 774 1700 773
2650 2 2 1 1 550 1654 549
2651 2 2 1 1 978 2107 1285
2652 2 2 1 1 1988 2229 1047
2653 2 2 1 1 1245 2224 1059
2654 2 2 1 1 1920 2048 999
2655 2 2 1 1 204 2561 626
2656 2 2 1 1 933 2537 1510
2657 2 2 1 1 628 1572 627
2658 2 2 1 1 167 2036 1357
2659 2 2 1 1 1101 2108 1836
2660 2 2 1 1 1534 2018 146
2661 2 2 1 1 1421 1925 1038
2662 2 2 1 1 1429 2267 1111
2663 2 2 1 1 1665 1765 1200
2664 2 2 1 1 1635 2191 985
2665 2 2 1 1 732 2162 2072
2666 2 2 1 1 1478 1669 963
2667 2 2 1 1 949 2068 1788
2668 2 2 1 1 341 2161 1704
2669 2 2 1 1 2760 2825 1868
2670 2 2 1 1 1052 1578 1452
2671 2 2 1 1 1721 2520 310
2672 2 2 1 1 1799 2042 1004
2673 2 2 1 1 1273 2856 1754
2674 2 2 1 1 917 2420 1646
2675 2 2 1 1 276 2603 1387
2676 2 2 1 1 188 1989 1573
2677 2 2 1 1 864 2445 1073
2678 2 2 1 1 596 2126 26
2679 2 2 1 1 1234 2420 1747
2680 2 2 1 1 684 2503 1389
2681 2 2 1 1 26 2868 676
2682 2 2 1 1 926 2865 1469
2683 2 2 1 1 152 1604 582
2684 2 2 1 1 1464 1812 602
2685 2 2 1 1 349 793 70
2686 2 2 1 1 732 1935 733
2687 2 2 1 1 1442 2731 160
2688 2 2 1 1 879 2273 1300
2689 2 2 1 1 958 1752 1328
2690 2 2 1 1 1123 2191 1635
2691 2 2 1 1 1607 2510 117
2692 2 2 1 1 1207 2515 1839
2693 2 2 1 1 539 2464 1351
2694 2 2 1 1 1108 2213 1033
2695 2 2 1 1 183 2003 1406
2696 2 2 1 1 962 2576 1375
2697 2 2 1 1 524 2647 1
2698 2 2 1 1 1754 2908 949
2699 2 2 1 1 934 1969 1389
2700 2 2 1 1 953 1554 1553
2701 2 2 1 1 1710 2808 1284
2702 2 2 1 1 940 1970 1542
2703 2 2 1 1 515 2747 516
2704 2 2 1 1 1448 2926 1159
2705 2 2 1 1 2120 2252 1215
2706 2 2 1 1 188 2313 433
2707 2 2 1 1 1246 2936 379
2708 2 2 1 1 1870 2163 408
2709 2 2 1 1 716 2541 715
2710 2 2 1 1 507 1718 1301
2711 2 2 1 1 1392 1826 882
2712 2 2 1 1 321 1998 1121
2713 2 2 1 1 1691 1774 214
2714 2 2 1 1 1413 1967 486
2715 2 2 1 1 1290 2830 2512
2716 2 2 1 1 325 1621 719
2717 2 2 1 1 1130 2827 1521
2718 2 2 1 1 455 1950 1283
2719 2 2 1 1 683 2113 1329
2720 2 2 1 1 26 2126 677
2721 2 2 1 1 1343 2846 1103
2722 2 2 1 1 984 1877 1654
2723 2 2 1 1 1807 2128 429
2724 2 2 1 1 977 2602 1347
2725 2 2 1 1 1223 2476 581
2726 2 2 1 1 658 2498 1460
2727 2 2 1 1 776 2900 1003
2728 2 2 1 1 712 2687 1308
2729 2 2 1 1 564 1613 563
2730 2 2 1 1 1491 1751 295
2731 2 2 1 1 225 1655 466
2732 2 2 1 1 311 1916 1170
2733 2 2 1 1 678 1933 33
2734 2 2 1 1 1170 2430 311
2735 2 2 1 1 1500 2057 968
2736 2 2 1 1 919 2411 1605
2737 2 2 1 1 936 2872 1895
2738 2 2 1 1 1381 2871 930
2739 2 2 1 1 1385 1969 934
2740 2 2 1 1 989 1937 1394
2741 2 2 1 1 1426 1743 442
2742 2 2 1 1 1325 1992 996
2743 2 2 1 1 555 2821 1298
2744 2 2 1 1 926 2429 1467
2745 2 2 1 1 1256 2407 956
2746 2 2 1 1 862 1342 1177
2747 2 2 1 1 962 2249 1523
2748 2 2 1 1 1799 2565 1459
2749 2 2 1 1 1235 1830 852
2750 2 2 1 1 1475 1583 930
2751 2 2 1 1 755 1618 754
2752 2 2 1 1 145 1695 1534
2753 2 2 1 1 1346 1915 982
2754 2 2 1 1 670 2219 3
2755 2 2 1 1 557 2590 1196
2756 2 2 1 1 1149 2058 1905
2757 2 2 1 1 1534 1695 1032
2758 2 2 1 1 1256 2164 542
2759 2 2 1 1 1251 2623 659
2760 2 2 1 1 1288 1630 986
2761 2 2 1 1 1725 2745 2395
2762 2 2 1 1 982 2740 1346
2763 2 2 1 1 1644 2004 1162
2764 2 2 1 1 53 1631 377
2765 2 2 1 1 583 2766 1504
2766 2 2 1 1 888 1254 1114
2767 2 2 1 1 1388 2908 1754
2768 2 2 1 1 921 1751 1491
2769 2 2 1 1 2333 2502 709
2770 2 2 1 1 1895 2872 1386
2771 2 2 1 1 1481 2273 879
2772 2 2 1 1 1451 1452 862
2773 2 2 1 1 1728 2206 422
2774 2 2 1 1 1321 1862 699
2775 2 2 1 1 1405 2781 898
2776 2 2 1 1 936 1895 1425
2777 2 2 1 1 938 2372 1139
2778 2 2 1 1 555 2710 1722
2779 2 2 1 1 93 2063 1636
2780 2 2 1 1 1029 1963 1272
2781 2 2 1 1 1478 2661 640
2782 2 2 1 1 992 2001 1563
2783 2 2 1 1 1100 2165 2144
2784 2 2 1 1 640 2661 1390
2785 2 2 1 1 282 1882 1453
2786 2 2 1 1 1458 2142 362
2787 2 2 1 1 1314 1677 868
2788 2 2 1 1 759 2047 1415
2789 2 2 1 1 500 1560 1507
2790 2 2 1 1 777 2900 776
2791 2 2 1 1 2365 2389 1153
2792 2 2 1 1 1361 2825 2760
2793 2 2 1 1 208 2448 1893
2794 2 2 1 1 199 2363 1153
2795 2 2 1 1 416 2020 417
2796 2 2 1 1 1800 2716 1123
2797 2 2 1 1 493 2092 143
2798 2 2 1 1 1684 1742 1100
2799 2 2 1 1 895 2215 1828
2800 2 2 1 1 1684 2144 136
2801 2 2 1 1 1783 2703 120
2802 2 2 1 1 386 2317 1335
2803 2 2 1 1 1342 2250 1177
2804 2 2 1 1 1453 1882 410
2805 2 2 1 1 293 2421 1349
2806 2 2 1 1 626 2295 1326
2807 2 2 1 1 1673 2070 370
2808 2 2 1 1 410 1882 409
2809 2 2 1 1 274 2843 1649
2810 2 2 1 1 101 2047 360
2811 2 2 1 1 1341 2487 610
2812 2 2 1 1 1809 2129 164
2813 2 2 1 1 189 1608 436
2814 2 2 1 1 736 2877 1484
2815 2 2 1 1 471 1623 470
2816 2 2 1 1 1598 2514 962
2817 2 2 1 1 1143 2538 2320
2818 2 2 1 1 1619 1650 950
2819 2 2 1 1 1010 2222 1672
2820 2 2 1 1 1552 2555 1739
2821 2 2 1 1 1523 1853 962
2822 2 2 1 1 909 2339 1450
2823 2 2 1 1 1654 1877 1062
2824 2 2 1 1 1471 1918 922
2825 2 2 1 1 1227 2731 920
2826 2 2 1 1 1152 2363 199
2827 2 2 1 1 1440 1797 924
2828 2 2 1 1 107 2642 1003
2829 2 2 1 1 1165 2511 2327
2830 2 2 1 1 17 2660 665
2831 2 2 1 1 1399 2064 155
2832 2 2 1 1 1074 2540 1699
2833 2 2 1 1 1305 2501 570
2834 2 2 1 1 536 2155 537
2835 2 2 1 1 709 1962 710
2836 2 2 1 1 1105 1960 1462
2837 2 2 1 1 185 2656 612
2838 2 2 1 1 325 1911 1472
2839 2 2 1 1 1286 1727 902
2840 2 2 1 1 236 1659 470
2841 2 2 1 1 1490 2863 2171
2842 2 2 1 1 162 1865 1422
2843 2 2 1 1 760 2047 759
2844 2 2 1 1 84 2254 845
2845 2 2 1 1 229 2927 1817
2846 2 2 1 1 1838 2547 980
2847 2 2 1 1 1351 2039 915
2848 2 2 1 1 282 2942 1493
2849 2 2 1 1 1572 2537 933
2850 2 2 1 1 895 2952 1516
2851 2 2 1 1 1742 2511 1100
2852 2 2 1 1 1042 1873 1709
2853 2 2 1 1 733 1935 1772
2854 2 2 1 1 224 1896 1183
2855 2 2 1 1 1004 2211 1607
2856 2 2 1 1 225 2032 1369
2857 2 2 1 1 328 2534 1394
2858 2 2 1 1 563 1747 564
2859 2 2 1 1 1908 2388 118
2860 2 2 1 1 1106 2238 1301
2861 2 2 1 1 511 1984 1431
2862 2 2 1 1 1360 2286 1305
2863 2 2 1 1 403 2340 746
2864 2 2 1 1 946 2084 1382
2865 2 2 1 1 1408 2489 906
2866 2 2 1 1 1635 2260 477
2867 2 2 1 1 8 2666 673
2868 2 2 1 1 434 2475 435
2869 2 2 1 1 286 2888 1067
2870 2 2 1 1 151 1671 579
2871 2 2 1 1 874 2119 1438
2872 2 2 1 1 1534 2166 2018
2873 2 2 1 1 3 2219 102
2874 2 2 1 1 1067 1780 286
2875 2 2 1 1 1771 2095 1014
2876 2 2 1 1 1367 2569 1055
2877 2 2 1 1 2634 2735 738
2878 2 2 1 1 361 2282 104
2879 2 2 1 1 1363 2441 489
2880 2 2 1 1 1104 2214 1257
2881 2 2 1 1 1373 2746 628
2882 2 2 1 1 1338 1966 1749
2883 2 2 1 1 1134 2143 1757
2884 2 2 1 1 612 2656 1829
2885 2 2 1 1 1525 2878 131
2886 2 2 1 1 335 165 412
2887 2 2 1 1 353 1295 766
2888 2 2 1 1 1452 2574 862
2889 2 2 1 1 1507 2342 1094
2890 2 2 1 1 1276 2797 1499
2891 2 2 1 1 1392 2320 590
2892 2 2 1 1 1315 2642 107
2893 2 2 1 1 710 2884 315
2894 2 2 1 1 308 2761 4
2895 2 2 1 1 561 2344 15
2896 2 2 1 1 734 2227 1773
2897 2 2 1 1 1474 1775 133
2898 2 2 1 1 725 1922 6
2899 2 2 1 1 2458 2463 1222
2900 2 2 1 1 1207 1839 211
2901 2 2 1 1 844 2080 843
2902 2 2 1 1 359 2603 358
2903 2 2 1 1 201 2089 33
2904 2 2 1 1 264 2426 1857
2905 2 2 1 1 983 2123 1374
2906 2 2 1 1 1708 2830 912
2907 2 2 1 1 226 2118 1546
2908 2 2 1 1 1524 1915 413
2909 2 2 1 1 1387 2603 1860
2910 2 2 1 1 360 2047 760
2911 2 2 1 1 1670 2804 1258
2912 2 2 1 1 758 1699 57
2913 2 2 1 1 1479 2758 888
2914 2 2 1 1 1152 1837 260
2915 2 2 1 1 426 2275 425
2916 2 2 1 1 351 2500 21
2917 2 2 1 1 734 2096 1368
2918 2 2 1 1 1406 1786 184
2919 2 2 1 1 930 2871 1475
2920 2 2 1 1 1493 2942 1156
2921 2 2 1 1 646 2256 1497
2922 2 2 1 1 2186 2277 1124
2923 2 2 1 1 932 2121 125
2924 2 2 1 1 2704 2933 768
2925 2 2 1 1 20 2299 729
2926 2 2 1 1 741 2402 740
2927 2 2 1 1 914 1944 1679
2928 2 2 1 1 2189 2519 1104
2929 2 2 1 1 1253 2615 1254
2930 2 2 1 1 370 1857 1481
2931 2 2 1 1 385 2000 129
2932 2 2 1 1 719 2021 325
2933 2 2 1 1 1319 2709 522
2934 2 2 1 1 502 1968 1293
2935 2 2 1 1 2147 2481 660
2936 2 2 1 1 1763 2141 125
2937 2 2 1 1 1874 2508 747
2938 2 2 1 1 1236 2107 978
2939 2 2 1 1 607 1928 608
2940 2 2 1 1 1675 1816 284
2941 2 2 1 1 707 2954 19
2942 2 2 1 1 358 2348 357
2943 2 2 1 1 2100 2779 1250
2944 2 2 1 1 1875 2429 926
2945 2 2 1 1 309 1811 367
2946 2 2 1 1 15 2344 735
2947 2 2 1 1 2133 2952 895
2948 2 2 1 1 1232 2352 979
2949 2 2 1 1 1389 2434 684
2950 2 2 1 1 653 1800 822
2951 2 2 1 1 1118 2474 1841
2952 2 2 1 1 1123 2305 1800
2953 2 2 1 1 105 1869 1563
2954 2 2 1 1 1460 2498 127
2955 2 2 1 1 477 2260 476
2956 2 2 1 1 949 2908 2068
2957 2 2 1 1 1333 2556 1845
2958 2 2 1 1 418 2800 417
2959 2 2 1 1 919 2787 2428
2960 2 2 1 1 1209 2292 1674
2961 2 2 1 1 988 1928 1701
2962 2 2 1 1 822 1800 821
2963 2 2 1 1 1503 2601 246
2964 2 2 1 1 1642 2282 361
2965 2 2 1 1 435 1964 1303
2966 2 2 1 1 1024 2241 1365
2967 2 2 1 1 859 1943 1509
2968 2 2 1 1 199 1767 446
2969 2 2 1 1 866 2758 1479
2970 2 2 1 1 553 1665 1200
2971 2 2 1 1 297 2729 1430
2972 2 2 1 1 486 1967 487
2973 2 2 1 1 977 2245 1731
2974 2 2 1 1 1270 2303 2060
2975 2 2 1 1 128 1715 247
2976 2 2 1 1 1081 2053 1317
2977 2 2 1 1 2010 2832 1369
2978 2 2 1 1 2443 2514 215
2979 2 2 1 1 1354 2056 1022
2980 2 2 1 1 486 1746 1413
2981 2 2 1 1 1566 2362 541
2982 2 2 1 1 898 2781 1913
2983 2 2 1 1 1809 2722 1167
2984 2 2 1 1 931 2894 2388
2985 2 2 1 1 1168 2400 1276
2986 2 2 1 1 407 1749 158
2987 2 2 1 1 21 2476 351
2988 2 2 1 1 24 2287 722
2989 2 2 1 1 417 2332 416
2990 2 2 1 1 1918 2858 922
2991 2 2 1 1 409 1882 1493
2992 2 2 1 1 233 2913 1461
2993 2 2 1 1 1520 1836 304
2994 2 2 1 1 140 2744 395
2995 2 2 1 1 1705 2253 941
2996 2 2 1 1 237 2330 1334
2997 2 2 1 1 1373 1921 954
2998 2 2 1 1 281 2852 1471
2999 2 2 1 1 566 1979 567
3000 2 2 1 1 940 2176 1131
3001 2 2 1 1 1157 2686 1565
3002 2 2 1 1 680 1678 681
3003 2 2 1 1 922 2858 2697
3004 2 2 1 1 40 2618 222
3005 2 2 1 1 632 1667 631
3006 2 2 1 1 388 2394 1906
3007 2 2 1 1 1378 1894 207
3008 2 2 1 1 690 2256 42
3009 2 2 1 1 269 2053 675
3010 2 2 1 1 1535 1912 943
3011 2 2 1 1 1595 2950 682
3012 2 2 1 1 1496 1888 463
3013 2 2 1 1 745 1759 1758
3014 2 2 1 1 506 2110 1858
3015 2 2 1 1 995 2875 1504
3016 2 2 1 1 718 1626 717
3017 2 2 1 1 2297 2512 731
3018 2 2 1 1 851 1830 1602
3019 2 2 1 1 137 1742 1684
3020 2 2 1 1 880 2181 1978
3021 2 2 1 1 1398 2163 958
3022 2 2 1 1 1163 2596 2409
3023 2 2 1 1 656 1688 657
3024 2 2 1 1 937 2451 1433
3025 2 2 1 1 882 2745 1392
3026 2 2 1 1 1289 1811 704
3027 2 2 1 1 1399 2285 965
3028 2 2 1 1 2186 2832 928
3029 2 2 1 1 1506 2635 1020
3030 2 2 1 1 1475 2478 156
3031 2 2 1 1 1400 2576 962
3032 2 2 1 1 1334 2330 961
3033 2 2 1 1 495 2891 1694
3034 2 2 1 1 916 1775 1474
3035 2 2 1 1 1820 2661 884
3036 2 2 1 1 260 1729 1533
3037 2 2 1 1 405 2338 1421
3038 2 2 1 1 1069 2924 1431
3039 2 2 1 1 158 1760 407
3040 2 2 1 1 843 2080 1805
3041 2 2 1 1 268 1760 158
3042 2 2 1 1 818 2614 1545
3043 2 2 1 1 587 1644 588
3044 2 2 1 1 1484 2628 964
3045 2 2 1 1 1299 2049 925
3046 2 2 1 1 1031 2322 1908
3047 2 2 1 1 416 2332 1281
3048 2 2 1 1 1641 2569 455
3049 2 2 1 1 1089 2934 1461
3050 2 2 1 1 1658 2846 1343
3051 2 2 1 1 2072 2162 1260
3052 2 2 1 1 1965 2914 1366
3053 2 2 1 1 750 1944 245
3054 2 2 1 1 770 1821 769
3055 2 2 1 1 104 2282 1776
3056 2 2 1 1 1137 2502 2333
3057 2 2 1 1 996 2177 1438
3058 2 2 1 1 1691 2218 1238
3059 2 2 1 1 1793 2013 230
3060 2 2 1 1 192 2203 1568
3061 2 2 1 1 405 1849 1096
3062 2 2 1 1 18 2312 569
3063 2 2 1 1 149 1937 1547
3064 2 2 1 1 10 2961 550
3065 2 2 1 1 469 2222 1181
3066 2 2 1 1 753 2467 54
3067 2 2 1 1 2086 2819 1078
3068 2 2 1 1 433 2789 188
3069 2 2 1 1 1493 1882 282
3070 2 2 1 1 1251 2416 423
3071 2 2 1 1 639 1669 1478
3072 2 2 1 1 1040 2395 1464
3073 2 2 1 1 811 2619 1502
3074 2 2 1 1 922 2697 1645
3075 2 2 1 1 1368 2753 340
3076 2 2 1 1 869 2232 1262
3077 2 2 1 1 675 2312 18
3078 2 2 1 1 1898 2111 698
3079 2 2 1 1 393 1664 134
3080 2 2 1 1 1339 2546 1551
3081 2 2 1 1 1627 2731 1227
3082 2 2 1 1 1430 2729 896
3083 2 2 1 1 183 2323 1437
3084 2 2 1 1 164 2129 1498
3085 2 2 1 1 1779 2890 1072
3086 2 2 1 1 1678 2457 681
3087 2 2 1 1 28 2290 730
3088 2 2 1 1 1668 1779 944
3089 2 2 1 1 841 2060 840
3090 2 2 1 1 1079 2371 2134
3091 2 2 1 1 1968 2278 1062
3092 2 2 1 1 17 2337 568
3093 2 2 1 1 1020 2158 1836
3094 2 2 1 1 2074 2611 935
3095 2 2 1 1 1143 2745 1725
3096 2 2 1 1 1524 2102 338
3097 2 2 1 1 310 2477 1376
3098 2 2 1 1 1387 1860 934
3099 2 2 1 1 378 1850 124
3100 2 2 1 1 1858 2110 1097
3101 2 2 1 1 2060 2303 840
3102 2 2 1 1 593 1910 1466
3103 2 2 1 1 1682 2023 1037
3104 2 2 1 1 1653 1698 234
3105 2 2 1 1 1896 2576 908
3106 2 2 1 1 388 2334 2253
3107 2 2 1 1 193 2850 619
3108 2 2 1 1 1516 2007 1044
3109 2 2 1 1 782 2059 1881
3110 2 2 1 1 1438 2177 874
3111 2 2 1 1 692 2354 2
3112 2 2 1 1 469 1864 227
3113 2 2 1 1 960 1647 1628
3114 2 2 1 1 1103 2707 1343
3115 2 2 1 1 1851 2953 1018
3116 2 2 1 1 1086 2923 1716
3117 2 2 1 1 445 2079 1331
3118 2 2 1 1 170 1663 420
3119 2 2 1 1 951 1931 1281
3120 2 2 1 1 368 1681 107
3121 2 2 1 1 1519 2114 901
3122 2 2 1 1 27 2439 314
3123 2 2 1 1 698 2111 699
3124 2 2 1 1 1365 2410 279
3125 2 2 1 1 389 1705 131
3126 2 2 1 1 1669 2527 1191
3127 2 2 1 1 1113 2639 1316
3128 2 2 1 1 1087 2323 1406
3129 2 2 1 1 366 1733 309
3130 2 2 1 1 1381 1979 566
3131 2 2 1 1 2346 2375 1115
3132 2 2 1 1 665 2390 666
3133 2 2 1 1 302 1853 1523
3134 2 2 1 1 542 2075 8
3135 2 2 1 1 1097 1101 232
3136 2 2 1 1 664 2337 17
3137 2 2 1 1 277 2335 1
3138 2 2 1 1 661 1847 1450
3139 2 2 1 1 969 1957 1526
3140 2 2 1 1 1877 2316 1062
3141 2 2 1 1 181 2779 2100
3142 2 2 1 1 988 1743 1426
3143 2 2 1 1 1709 1873 1072
3144 2 2 1 1 160 2731 1627
3145 2 2 1 1 928 2832 2010
3146 2 2 1 1 1808 2738 559
3147 2 2 1 1 960 2559 1561
3148 2 2 1 1 1467 2622 926
3149 2 2 1 1 1222 2630 1671
3150 2 2 1 1 604 2290 28
3151 2 2 1 1 1 2335 523
3152 2 2 1 1 337 2896 1825
3153 2 2 1 1 1326 2295 1080
3154 2 2 1 1 1037 2763 1682
3155 2 2 1 1 1960 2211 886
3156 2 2 1 1 63 1692 291
3157 2 2 1 1 338 2297 731
3158 2 2 1 1 1037 2061 1460
3159 2 2 1 1 849 1887 848
3160 2 2 1 1 265 1955 1208
3161 2 2 1 1 545 2685 1440
3162 2 2 1 1 349 2370 2289
3163 2 2 1 1 1049 1766 1683
3164 2 2 1 1 983 2266 1581
3165 2 2 1 1 1906 1991 266
3166 2 2 1 1 1716 2923 344
3167 2 2 1 1 709 2502 27
3168 2 2 1 1 14 2459 560
3169 2 2 1 1 684 2557 1192
3170 2 2 1 1 455 2569 456
3171 2 2 1 1 1874 2763 1037
3172 2 2 1 1 1510 2537 629
3173 2 2 1 1 943 2294 1535
3174 2 2 1 1 877 2427 1339
3175 2 2 1 1 1675 2148 997
3176 2 2 1 1 1508 2764 285
3177 2 2 1 1 1485 2729 297
3178 2 2 1 1 1904 2472 441
3179 2 2 1 1 158 2662 1432
3180 2 2 1 1 591 2538 24
3181 2 2 1 1 345 2777 517
3182 2 2 1 1 355 2650 762
3183 2 2 1 1 1628 1647 160
3184 2 2 1 1 314 2526 27
3185 2 2 1 1 1080 2295 1572
3186 2 2 1 1 420 1663 1434
3187 2 2 1 1 619 2056 1354
3188 2 2 1 1 964 1716 1484
3189 2 2 1 1 1102 2804 2790
3190 2 2 1 1 842 2404 221
3191 2 2 1 1 1587 2831 1053
3192 2 2 1 1 368 2572 1350
3193 2 2 1 1 827 2678 1687
3194 2 2 1 1 304 1836 504
3195 2 2 1 1 1971 2187 1611
3196 2 2 1 1 1496 2462 878
3197 2 2 1 1 280 2878 1525
3198 2 2 1 1 1047 2535 1442
3199 2 2 1 1 2468 2640 1996
3200 2 2 1 1 1142 2380 717
3201 2 2 1 1 1655 2132 466
3202 2 2 1 1 968 2057 1357
3203 2 2 1 1 1547 1937 989
3204 2 2 1 1 935 1593 1488
3205 2 2 1 1 439 2025 1444
3206 2 2 1 1 1520 2692 472
3207 2 2 1 1 1283 2352 864
3208 2 2 1 1 559 2738 560
3209 2 2 1 1 1353 2161 341
3210 2 2 1 1 1783 2228 1005
3211 2 2 1 1 1453 2383 1011
3212 2 2 1 1 227 1569 1287
3213 2 2 1 1 163 2560 1392
3214 2 2 1 1 552 1665 553
3215 2 2 1 1 304 2692 1520
3216 2 2 1 1 971 2461 1291
3217 2 2 1 1 3 2293 670
3218 2 2 1 1 681 2457 682
3219 2 2 1 1 529 2293 3
3220 2 2 1 1 2729 2792 896
3221 2 2 1 1 1042 2667 2133
3222 2 2 1 1 701 2748 702
3223 2 2 1 1 195 1981 440
3224 2 2 1 1 1387 2503 683
3225 2 2 1 1 1065 1574 134
3226 2 2 1 1 1046 2468 1996
3227 2 2 1 1 893 2071 1372
3228 2 2 1 1 23 2433 696
3229 2 2 1 1 1377 2606 1733
3230 2 2 1 1 700 2513 2277
3231 2 2 1 1 2289 2370 138
3232 2 2 1 1 837 1764 836
3233 2 2 1 1 575 2374 1605
3234 2 2 1 1 2042 2919 1004
3235 2 2 1 1 882 2588 1464
3236 2 2 1 1 1422 1865 163
3237 2 2 1 1 1121 2094 1576
3238 2 2 1 1 378 2530 379
3239 2 2 1 1 401 1911 400
3240 2 2 1 1 898 2713 1405
3241 2 2 1 1 1526 2893 104
3242 2 2 1 1 761 1875 263
3243 2 2 1 1 627 1921 628
3244 2 2 1 1 530 1710 531
3245 2 2 1 1 630 2077 631
3246 2 2 1 1 1230 1867 1480
3247 2 2 1 1 998 1886 1702
3248 2 2 1 1 1215 2633 2010
3249 2 2 1 1 602 1812 601
3250 2 2 1 1 157 2271 1583
3251 2 2 1 1 1726 2579 432
3252 2 2 1 1 974 2380 1142
3253 2 2 1 1 1135 2688 355
3254 2 2 1 1 1484 2877 562
3255 2 2 1 1 1685 2356 232
3256 2 2 1 1 1095 2264 2216
3257 2 2 1 1 473 2336 237
3258 2 2 1 1 480 2415 250
3259 2 2 1 1 370 2070 371
3260 2 2 1 1 1359 2735 2634
3261 2 2 1 1 1011 2423 1453
3262 2 2 1 1 1908 2322 1310
3263 2 2 1 1 964 2628 1613
3264 2 2 1 1 1327 2070 956
3265 2 2 1 1 1455 2172 384
3266 2 2 1 1 1300 2273 1068
3267 2 2 1 1 27 2502 599
3268 2 2 1 1 1052 2023 140
3269 2 2 1 1 1289 2183 1681
3270 2 2 1 1 1570 2285 241
3271 2 2 1 1 430 2495 1843
3272 2 2 1 1 562 2628 1484
3273 2 2 1 1 1376 2477 1075
3274 2 2 1 1 1458 1957 969
3275 2 2 1 1 927 1900 1556
3276 2 2 1 1 1515 1901 929
3277 2 2 1 1 966 1888 1496
3278 2 2 1 1 679 2694 1436
3279 2 2 1 1 1355 2190 1025
3280 2 2 1 1 1557 1872 872
3281 2 2 1 1 930 1979 1381
3282 2 2 1 1 744 2867 743
3283 2 2 1 1 1405 2713 1099
3284 2 2 1 1 174 2198 1592
3285 2 2 1 1 369 1586 110
3286 2 2 1 1 913 1780 1691
3287 2 2 1 1 124 1712 378
3288 2 2 1 1 79 2151 477
3289 2 2 1 1 1701 2017 988
3290 2 2 1 1 996 1947 1325
3291 2 2 1 1 1777 2550 1933
3292 2 2 1 1 572 1723 571
3293 2 2 1 1 169 2689 1225
3294 2 2 1 1 970 1935 1324
3295 2 2 1 1 1453 2423 282
3296 2 2 1 1 884 2470 1435
3297 2 2 1 1 785 2211 1960
3298 2 2 1 1 1288 2750 1630
3299 2 2 1 1 1431 1984 825
3300 2 2 1 1 1370 2932 2283
3301 2 2 1 1 550 2031 1654
3302 2 2 1 1 1664 2860 134
3303 2 2 1 1 918 2004 1644
3304 2 2 1 1 1059 2224 2012
3305 2 2 1 1 25 2447 667
3306 2 2 1 1 1410 2074 935
3307 2 2 1 1 1711 2862 911
3308 2 2 1 1 925 2840 1299
3309 2 2 1 1 970 2619 2077
3310 2 2 1 1 218 2917 2437
3311 2 2 1 1 1331 2582 445
3312 2 2 1 1 1803 2430 1170
3313 2 2 1 1 1826 2560 1000
3314 2 2 1 1 1573 2313 188
3315 2 2 1 1 600 2526 1388
3316 2 2 1 1 570 2585 1328
3317 2 2 1 1 1576 1891 1121
3318 2 2 1 1 1420 2101 1055
3319 2 2 1 1 2231 2346 1115
3320 2 2 1 1 1360 2334 269
3321 2 2 1 1 161 2433 23
3322 2 2 1 1 943 2644 1763
3323 2 2 1 1 1539 1724 169
3324 2 2 1 1 1906 2394 1132
3325 2 2 1 1 447 2029 206
3326 2 2 1 1 1186 2908 1388
3327 2 2 1 1 542 2230 1256
3328 2 2 1 1 476 2260 1470
3329 2 2 1 1 2062 2325 272
3330 2 2 1 1 653 2251 44
3331 2 2 1 1 158 2069 268
3332 2 2 1 1 621 1449 622
3333 2 2 1 1 1828 2215 1194
3334 2 2 1 1 595 2447 25
3335 2 2 1 1 1031 2103 1332
3336 2 2 1 1 578 1778 577
3337 2 2 1 1 2371 2718 1671
3338 2 2 1 1 950 2425 1436
3339 2 2 1 1 24 2538 721
3340 2 2 1 1 621 2343 620
3341 2 2 1 1 403 2052 154
3342 2 2 1 1 1498 2129 165
3343 2 2 1 1 271 1966 677
3344 2 2 1 1 1815 2348 1329
3345 2 2 1 1 477 2151 1635
3346 2 2 1 1 1772 2077 630
3347 2 2 1 1 1099 2013 1793
3348 2 2 1 1 1328 2586 1398
3349 2 2 1 1 684 2113 683
3350 2 2 1 1 1415 2210 759
3351 2 2 1 1 1203 2252 714
3352 2 2 1 1 456 2569 1367
3353 2 2 1 1 1550 2702 144
3354 2 2 1 1 682 2950 681
3355 2 2 1 1 2748 2780 1361
3356 2 2 1 1 1324 1935 1832
3357 2 2 1 1 1582 1780 913
3358 2 2 1 1 406 1849 405
3359 2 2 1 1 1597 2154 1119
3360 2 2 1 1 1554 1910 172
3361 2 2 1 1 1712 2530 378
3362 2 2 1 1 234 1838 1653
3363 2 2 1 1 1003 2642 1048
3364 2 2 1 1 926 2622 1208
3365 2 2 1 1 2722 2830 1290
3366 2 2 1 1 431 2495 430
3367 2 2 1 1 1142 2507 974
3368 2 2 1 1 1409 2766 583
3369 2 2 1 1 1625 2559 960
3370 2 2 1 1 1635 2151 1123
3371 2 2 1 1 442 1743 441
3372 2 2 1 1 1196 2590 2182
3373 2 2 1 1 1312 2491 1929
3374 2 2 1 1 1375 2576 1896
3375 2 2 1 1 2138 2477 705
3376 2 2 1 1 817 2178 1643
3377 2 2 1 1 1392 2560 1826
3378 2 2 1 1 526 2422 1187
3379 2 2 1 1 1637 1952 920
3380 2 2 1 1 1475 2871 861
3381 2 2 1 1 533 2091 532
3382 2 2 1 1 236 2529 1494
3383 2 2 1 1 955 1967 1413
3384 2 2 1 1 134 1574 1085
3385 2 2 1 1 1335 2319 2171
3386 2 2 1 1 1277 2862 1711
3387 2 2 1 1 1179 2290 2043
3388 2 2 1 1 1545 2178 818
3389 2 2 1 1 1304 2491 1002
3390 2 2 1 1 1240 1950 456
3391 2 2 1 1 266 2317 1906
3392 2 2 1 1 376 1711 113
3393 2 2 1 1 363 2142 1009
3394 2 2 1 1 1509 2616 859
3395 2 2 1 1 1443 2124 989
3396 2 2 1 1 1310 2388 1908
3397 2 2 1 1 358 2603 276
3398 2 2 1 1 965 2285 1570
3399 2 2 1 1 1409 2574 995
3400 2 2 1 1 107 2900 1606
3401 2 2 1 1 2039 2836 254
3402 2 2 1 1 953 1910 1554
3403 2 2 1 1 1031 1908 1631
3404 2 2 1 1 1423 2652 177
3405 2 2 1 1 571 1752 572
3406 2 2 1 1 674 2585 18
3407 2 2 1 1 2077 2619 1403
3408 2 2 1 1 705 2477 310
3409 2 2 1 1 654 2045 243
3410 2 2 1 1 1428 1689 216
3411 2 2 1 1 246 2601 16
3412 2 2 1 1 1553 1956 953
3413 2 2 1 1 1172 2760 2641
3414 2 2 1 1 1310 2757 931
3415 2 2 1 1 1890 2343 621
3416 2 2 1 1 269 2286 1360
3417 2 2 1 1 487 1887 486
3418 2 2 1 1 637 1994 1993
3419 2 2 1 1 974 1575 1479
3420 2 2 1 1 1460 1874 1037
3421 2 2 1 1 1261 2824 2445
3422 2 2 1 1 1025 2122 1355
3423 2 2 1 1 1577 2310 1160
3424 2 2 1 1 1466 2834 594
3425 2 2 1 1 352 2412 739
3426 2 2 1 1 959 1827 1513
3427 2 2 1 1 1307 2306 1112
3428 2 2 1 1 250 2751 480
3429 2 2 1 1 920 2948 1227
3430 2 2 1 1 1249 2858 1918
3431 2 2 1 1 42 2256 646
3432 2 2 1 1 1788 2850 1220
3433 2 2 1 1 2253 2334 1360
3434 2 2 1 1 1860 2603 359
3435 2 2 1 1 478 2285 1399
3436 2 2 1 1 305 1858 1601
3437 2 2 1 1 911 2315 1711
3438 2 2 1 1 422 2255 1728
3439 2 2 1 1 44 1800 653
3440 2 2 1 1 921 2542 1751
3441 2 2 1 1 1834 2777 345
3442 2 2 1 1 1618 2019 754
3443 2 2 1 1 250 2415 1781
3444 2 2 1 1 421 2255 422
3445 2 2 1 1 963 2470 1478
3446 2 2 1 1 173 2026 1696
3447 2 2 1 1 201 1932 1650
3448 2 2 1 1 1382 2084 454
3449 2 2 1 1 1012 2919 2042
3450 2 2 1 1 32 2734 712
3451 2 2 1 1 1446 2800 1531
3452 2 2 1 1 249 2799 2250
3453 2 2 1 1 1822 2212 977
3454 2 2 1 1 819 2614 818
3455 2 2 1 1 412 2102 1524
3456 2 2 1 1 1390 1391 641
3457 2 2 1 1 1881 2059 1104
3458 2 2 1 1 1342 1409 584
3459 2 2 1 1 1608 1964 436
3460 2 2 1 1 601 1754 602
3461 2 2 1 1 694 2245 1347
3462 2 2 1 1 1428 2676 1689
3463 2 2 1 1 1185 1956 1553
3464 2 2 1 1 906 2489 1610
3465 2 2 1 1 499 2101 1420
3466 2 2 1 1 476 2284 1687
3467 2 2 1 1 368 2638 1681
3468 2 2 1 1 929 1901 1497
3469 2 2 1 1 1016 1814 1717
3470 2 2 1 1 576 2374 575
3471 2 2 1 1 221 2377 1846
3472 2 2 1 1 982 1915 1524
3473 2 2 1 1 1444 2753 990
3474 2 2 1 1 667 2386 25
3475 2 2 1 1 1736 2901 1010
3476 2 2 1 1 918 2140 1423
3477 2 2 1 1 1500 2020 416
3478 2 2 1 1 1443 2534 2287
3479 2 2 1 1 861 2871 1503
3480 2 2 1 1 381 1763 125
3481 2 2 1 1 1446 2634 737
3482 2 2 1 1 177 2208 1423
3483 2 2 1 1 356 1863 357
3484 2 2 1 1 2649 2674 814
3485 2 2 1 1 535 2034 4
3486 2 2 1 1 697 2909 23
3487 2 2 1 1 1626 2465 1919
3488 2 2 1 1 1153 2389 1092
3489 2 2 1 1 145 1822 1731
3490 2 2 1 1 1905 2058 1023
3491 2 2 1 1 1429 1775 916
3492 2 2 1 1 590 2320 591
3493 2 2 1 1 125 2141 932
3494 2 2 1 1 577 1965 1581
3495 2 2 1 1 1068 2273 1481
3496 2 2 1 1 1681 2638 1289
3497 2 2 1 1 18 2640 674
3498 2 2 1 1 999 2048 1515
3499 2 2 1 1 1529 2542 921
3500 2 2 1 1 120 2703 2666
3501 2 2 1 1 1296 2777 1834
3502 2 2 1 1 763 1872 1557
3503 2 2 1 1 1516 2215 895
3504 2 2 1 1 2171 2319 1107
3505 2 2 1 1 995 2041 1337
3506 2 2 1 1 583 2064 1620
3507 2 2 1 1 377 2466 755
3508 2 2 1 1 1136 2723 1734
3509 2 2 1 1 1398 2586 268
3510 2 2 1 1 322 1983 108
3511 2 2 1 1 1702 1886 99
3512 2 2 1 1 461 1832 339
3513 2 2 1 1 989 2124 1498
3514 2 2 1 1 312 1926 1873
3515 2 2 1 1 291 1692 95
3516 2 2 1 1 980 2913 1653
3517 2 2 1 1 430 1956 429
3518 2 2 1 1 1627 1628 160
3519 2 2 1 1 972 2581 1380
3520 2 2 1 1 1017 2656 2396
3521 2 2 1 1 1978 2248 880
3522 2 2 1 1 302 2513 700
3523 2 2 1 1 1434 2255 421
3524 2 2 1 1 475 2284 476
3525 2 2 1 1 1162 2333 710
3526 2 2 1 1 417 2431 418
3527 2 2 1 1 176 1816 1675
3528 2 2 1 1 65 1755 508
3529 2 2 1 1 1714 2751 250
3530 2 2 1 1 279 1585 1538
3531 2 2 1 1 1647 2383 160
3532 2 2 1 1 896 2792 1632
3533 2 2 1 1 1560 2342 1507
3534 2 2 1 1 551 2327 552
3535 2 2 1 1 1545 2614 643
3536 2 2 1 1 16 1878 246
3537 2 2 1 1 172 1910 593
3538 2 2 1 1 1218 2488 2034
3539 2 2 1 1 643 2220 1545
3540 2 2 1 1 1880 2091 533
3541 2 2 1 1 676 2868 1517
3542 2 2 1 1 228 1914 333
3543 2 2 1 1 1116 2436 1801
3544 2 2 1 1 742 2058 1842
3545 2 2 1 1 1053 2831 1784
3546 2 2 1 1 1509 2042 883
3547 2 2 1 1 1712 2951 1141
3548 2 2 1 1 878 2462 1248
3549 2 2 1 1 1621 2040 1903
3550 2 2 1 1 548 2483 549
3551 2 2 1 1 573 2018 1266
3552 2 2 1 1 1104 2519 1881
3553 2 2 1 1 1197 2326 1592
3554 2 2 1 1 1832 1935 732
3555 2 2 1 1 794 2073 1275
3556 2 2 1 1 782 1881 781
3557 2 2 1 1 1282 2157 121
3558 2 2 1 1 1623 1920 999
3559 2 2 1 1 1932 2325 1198
3560 2 2 1 1 1505 2602 977
3561 2 2 1 1 27 2526 600
3562 2 2 1 1 413 1915 414
3563 2 2 1 1 1018 2935 2406
3564 2 2 1 1 923 2511 1742
3565 2 2 1 1 51 2508 127
3566 2 2 1 1 1421 1987 405
3567 2 2 1 1 453 2243 212
3568 2 2 1 1 1516 2952 163
3569 2 2 1 1 478 1905 241
3570 2 2 1 1 208 2539 1773
3571 2 2 1 1 614 1761 613
3572 2 2 1 1 1582 2684 1780
3573 2 2 1 1 862 2574 1409
3574 2 2 1 1 1588 2704 1091
3575 2 2 1 1 1739 2781 1405
3576 2 2 1 1 1327 2815 371
3577 2 2 1 1 1558 1894 903
3578 2 2 1 1 322 2156 1851
3579 2 2 1 1 1281 1931 416
3580 2 2 1 1 1572 2295 627
3581 2 2 1 1 1187 2562 526
3582 2 2 1 1 168 2454 800
3583 2 2 1 1 18 2501 675
3584 2 2 1 1 125 2507 381
3585 2 2 1 1 1725 1785 327
3586 2 2 1 1 710 2333 709
3587 2 2 1 1 1196 2182 1430
3588 2 2 1 1 1407 2291 459
3589 2 2 1 1 1682 2744 140
3590 2 2 1 1 117 2565 1607
3591 2 2 1 1 1436 2694 950
3592 2 2 1 1 1076 1854 1636
3593 2 2 1 1 731 2549 338
3594 2 2 1 1 129 2699 1490
3595 2 2 1 1 945 2090 1169
3596 2 2 1 1 542 2164 541
3597 2 2 1 1 1257 2571 536
3598 2 2 1 1 1461 2620 652
3599 2 2 1 1 132 2916 1525
3600 2 2 1 1 16 2159 656
3601 2 2 1 1 295 2044 1491
3602 2 2 1 1 1630 2148 986
3603 2 2 1 1 1003 2156 1617
3604 2 2 1 1 1528 1850 952
3605 2 2 1 1 161 1855 1628
3606 2 2 1 1 1154 1871 613
3607 2 2 1 1 25 2386 594
3608 2 2 1 1 470 2739 471
3609 2 2 1 1 1334 2175 237
3610 2 2 1 1 616 1806 191
3611 2 2 1 1 1090 1795 867
3612 2 2 1 1 98 1860 359
3613 2 2 1 1 336 1792 20
3614 2 2 1 1 654 2487 2045
3615 2 2 1 1 789 1737 788
3616 2 2 1 1 1570 2636 965
3617 2 2 1 1 1068 2844 1300
3618 2 2 1 1 302 2132 1655
3619 2 2 1 1 620 1861 621
3620 2 2 1 1 1510 2648 1568
3621 2 2 1 1 2445 2824 1073
3622 2 2 1 1 1843 1956 430
3623 2 2 1 1 1464 2395 882
3624 2 2 1 1 356 1815 1396
3625 2 2 1 1 1571 2544 1030
3626 2 2 1 1 603 1708 180
3627 2 2 1 1 279 2410 491
3628 2 2 1 1 645 1793 230
3629 2 2 1 1 1366 2752 729
3630 2 2 1 1 1471 2852 545
3631 2 2 1 1 470 2529 236
3632 2 2 1 1 360 2259 1532
3633 2 2 1 1 346 2874 1581
3634 2 2 1 1 1641 2084 946
3635 2 2 1 1 1038 1925 1518
3636 2 2 1 1 1498 2124 164
3637 2 2 1 1 883 2617 1509
3638 2 2 1 1 1226 2767 567
3639 2 2 1 1 1088 2446 1212
3640 2 2 1 1 592 2287 24
3641 2 2 1 1 795 2073 794
3642 2 2 1 1 684 2434 1
3643 2 2 1 1 717 2380 718
3644 2 2 1 1 604 2830 603
3645 2 2 1 1 1226 1979 930
3646 2 2 1 1 729 2417 1366
3647 2 2 1 1 1440 2685 686
3648 2 2 1 1 637 1993 1727
3649 2 2 1 1 155 2064 583
3650 2 2 1 1 268 2069 1398
3651 2 2 1 1 362 2142 363
3652 2 2 1 1 975 2199 1591
3653 2 2 1 1 729 2752 20
3654 2 2 1 1 2212 2705 977
3655 2 2 1 1 1028 2185 1108
3656 2 2 1 1 683 2503 684
3657 2 2 1 1 597 2279 598
3658 2 2 1 1 1706 2549 731
3659 2 2 1 1 630 2139 1368
3660 2 2 1 1 1884 2407 267
3661 2 2 1 1 127 2508 1460
3662 2 2 1 1 1459 2223 883
3663 2 2 1 1 413 2123 1624
3664 2 2 1 1 43 2620 319
3665 2 2 1 1 1390 2661 1820
3666 2 2 1 1 160 2383 411
3667 2 2 1 1 2029 2272 206
3668 2 2 1 1 2133 2667 1422
3669 2 2 1 1 97 1867 356
3670 2 2 1 1 1269 2227 2025
3671 2 2 1 1 808 2765 1353
3672 2 2 1 1 619 1788 618
3673 2 2 1 1 718 2532 5
3674 2 2 1 1 459 1990 458
3675 2 2 1 1 2151 2305 1123
3676 2 2 1 1 704 2488 1289
3677 2 2 1 1 655 2456 30
3678 2 2 1 1 30 2456 610
3679 2 2 1 1 436 2425 1680
3680 2 2 1 1 1550 2350 494
3681 2 2 1 1 1311 1782 1002
3682 2 2 1 1 1372 2647 524
3683 2 2 1 1 638 1994 637
3684 2 2 1 1 1628 1855 960
3685 2 2 1 1 187 1819 1333
3686 2 2 1 1 1633 2099 1070
3687 2 2 1 1 310 2413 705
3688 2 2 1 1 737 2634 738
3689 2 2 1 1 1677 2838 2397
3690 2 2 1 1 300 2631 31
3691 2 2 1 1 1291 2179 971
3692 2 2 1 1 1575 2507 125
3693 2 2 1 1 839 2303 1345
3694 2 2 1 1 240 2414 49
3695 2 2 1 1 1977 2589 778
3696 2 2 1 1 965 2064 1399
3697 2 2 1 1 1027 2415 1383
3698 2 2 1 1 202 1856 1650
3699 2 2 1 1 2575 2913 980
3700 2 2 1 1 435 2425 436
3701 2 2 1 1 519 1789 346
3702 2 2 1 1 1065 2860 2021
3703 2 2 1 1 1400 2514 2443
3704 2 2 1 1 472 2239 473
3705 2 2 1 1 1639 2205 283
3706 2 2 1 1 714 2533 1203
3707 2 2 1 1 1258 2804 2612
3708 2 2 1 1 506 1858 305
3709 2 2 1 1 1213 1939 363
3710 2 2 1 1 908 2342 1560
3711 2 2 1 1 1494 2529 999
3712 2 2 1 1 1408 2803 802
3713 2 2 1 1 2010 2633 928
3714 2 2 1 1 177 2652 2190
3715 2 2 1 1 915 2629 1490
3716 2 2 1 1 1841 2474 203
3717 2 2 1 1 619 2850 1788
3718 2 2 1 1 1177 2250 1280
3719 2 2 1 1 580 2463 21
3720 2 2 1 1 956 2164 1256
3721 2 2 1 1 21 2463 738
3722 2 2 1 1 1245 1981 1319
3723 2 2 1 1 2396 2656 1384
3724 2 2 1 1 1121 1998 1487
3725 2 2 1 1 1578 2041 995
3726 2 2 1 1 879 2817 1586
3727 2 2 1 1 729 2299 1547
3728 2 2 1 1 1083 2360 1362
3729 2 2 1 1 1345 2201 839
3730 2 2 1 1 1547 2299 149
3731 2 2 1 1 690 2060 689
3732 2 2 1 1 44 2251 723
3733 2 2 1 1 212 2232 453
3734 2 2 1 1 1107 2362 1566
3735 2 2 1 1 1511 2161 904
3736 2 2 1 1 2152 2761 308
3737 2 2 1 1 2266 2796 519
3738 2 2 1 1 1055 2569 1641
3739 2 2 1 1 1559 2664 111
3740 2 2 1 1 632 1719 1667
3741 2 2 1 1 967 2009 1522
3742 2 2 1 1 1680 2425 950
3743 2 2 1 1 1015 1862 1321
3744 2 2 1 1 966 1927 1564
3745 2 2 1 1 440 1825 439
3746 2 2 1 1 1532 2259 1050
3747 2 2 1 1 595 2026 173
3748 2 2 1 1 201 2325 1932
3749 2 2 1 1 141 2195 1942
3750 2 2 1 1 1653 1838 980
3751 2 2 1 1 1966 2895 677
3752 2 2 1 1 1711 2315 1477
3753 2 2 1 1 1394 2534 1443
3754 2 2 1 1 463 1888 464
3755 2 2 1 1 549 2483 1810
3756 2 2 1 1 956 2070 1673
3757 2 2 1 1 606 1834 182
3758 2 2 1 1 1633 2609 14
3759 2 2 1 1 1679 1944 750
3760 2 2 1 1 586 2382 587
3761 2 2 1 1 608 1840 607
3762 2 2 1 1 174 2868 26
3763 2 2 1 1 308 2308 1803
3764 2 2 1 1 985 2857 1470
3765 2 2 1 1 1825 2896 439
3766 2 2 1 1 1367 2101 500
3767 2 2 1 1 1001 2671 1614
3768 2 2 1 1 1195 2091 945
3769 2 2 1 1 1596 1777 679
3770 2 2 1 1 1662 2724 2033
3771 2 2 1 1 1513 2328 959
3772 2 2 1 1 639 2597 40
3773 2 2 1 1 2283 2932 305
3774 2 2 1 1 954 2760 1868
3775 2 2 1 1 740 2065 239
3776 2 2 1 1 671 2688 1135
3777 2 2 1 1 990 2139 1667
3778 2 2 1 1 1515 2048 648
3779 2 2 1 1 1766 1798 756
3780 2 2 1 1 1483 2880 1927
3781 2 2 1 1 1601 1858 976
3782 2 2 1 1 387 2317 386
3783 2 2 1 1 1092 2389 1441
3784 2 2 1 1 1619 2694 678
3785 2 2 1 1 1536 2164 956
3786 2 2 1 1 2311 2669 1862
3787 2 2 1 1 237 2298 473
3788 2 2 1 1 1090 1995 1914
3789 2 2 1 1 1237 2412 1500
3790 2 2 1 1 317 2120 467
3791 2 2 1 1 1618 2461 971
3792 2 2 1 1 1134 2598 2143
3793 2 2 1 1 581 2476 21
3794 2 2 1 1 1035 2437 1465
3795 2 2 1 1 1616 2243 453
3796 2 2 1 1 304 1920 1623
3797 2 2 1 1 347 2682 1719
3798 2 2 1 1 511 2924 321
3799 2 2 1 1 1472 2009 967
3800 2 2 1 1 1537 2472 1904
3801 2 2 1 1 386 2552 387
3802 2 2 1 1 2239 2336 473
3803 2 2 1 1 1255 2181 1058
3804 2 2 1 1 376 2542 1529
3805 2 2 1 1 241 2285 478
3806 2 2 1 1 1311 2957 1782
3807 2 2 1 1 1575 2121 866
3808 2 2 1 1 31 2669 615
3809 2 2 1 1 1962 1974 1082
3810 2 2 1 1 678 2694 679
3811 2 2 1 1 699 1862 698
3812 2 2 1 1 1038 1987 1421
3813 2 2 1 1 1148 2785 2209
3814 2 2 1 1 1230 2293 1986
3815 2 2 1 1 414 2123 413
3816 2 2 1 1 2115 2203 192
3817 2 2 1 1 1320 2452 2375
3818 2 2 1 1 81 1718 507
3819 2 2 1 1 1497 2741 1292
3820 2 2 1 1 962 1853 1598
3821 2 2 1 1 991 2366 1424
3822 2 2 1 1 1731 1822 977
3823 2 2 1 1 1470 2260 985
3824 2 2 1 1 1448 2482 156
3825 2 2 1 1 666 2663 257
3826 2 2 1 1 1443 2287 592
3827 2 2 1 1 222 2527 40
3828 2 2 1 1 1333 1845 1064
3829 2 2 1 1 1401 2568 1600
3830 2 2 1 1 2287 2534 722
3831 2 2 1 1 146 2018 573
3832 2 2 1 1 17 2767 664
3833 2 2 1 1 679 1777 678
3834 2 2 1 1 1100 2144 1684
3835 2 2 1 1 1495 2090 945
3836 2 2 1 1 888 2146 1479
3837 2 2 1 1 56 2259 360
3838 2 2 1 1 1463 2751 1013
3839 2 2 1 1 471 2692 1623
3840 2 2 1 1 113 1711 1477
3841 2 2 1 1 990 2753 1368
3842 2 2 1 1 959 2328 1577
3843 2 2 1 1 112 2943 1544
3844 2 2 1 1 995 2574 1578
3845 2 2 1 1 38 2593 700
3846 2 2 1 1 1456 2699 129
3847 2 2 1 1 261 2556 1819
3848 2 2 1 1 1846 2377 1193
3849 2 2 1 1 36 2096 734
3850 2 2 1 1 116 2465 5
3851 2 2 1 1 570 2501 18
3852 2 2 1 1 1623 2692 304
3853 2 2 1 1 629 2537 628
3854 2 2 1 1 1698 2051 985
3855 2 2 1 1 1006 2162 1893
3856 2 2 1 1 618 2068 617
3857 2 2 1 1 2238 2492 306
3858 2 2 1 1 916 2483 2440
3859 2 2 1 1 924 2455 1924
3860 2 2 1 1 763 2772 1872
3861 2 2 1 1 520 2682 347
3862 2 2 1 1 1111 2267 2262
3863 2 2 1 1 1248 2673 1110
3864 2 2 1 1 1032 2166 1534
3865 2 2 1 1 868 2785 1148
3866 2 2 1 1 2021 2037 1065
3867 2 2 1 1 576 1965 577
3868 2 2 1 1 676 2187 26
3869 2 2 1 1 1524 2549 982
3870 2 2 1 1 858 2837 46
3871 2 2 1 1 1949 2044 295
3872 2 2 1 1 1293 2316 532
3873 2 2 1 1 1991 2135 1005
3874 2 2 1 1 1948 2177 1274
3875 2 2 1 1 1801 2436 1008
3876 2 2 1 1 1626 1919 952
3877 2 2 1 1 1132 2135 1991
3878 2 2 1 1 1184 1868 1689
3879 2 2 1 1 1092 2931 1153
3880 2 2 1 1 1242 1970 940
3881 2 2 1 1 667 1925 668
3882 2 2 1 1 538 2146 1114
3883 2 2 1 1 1263 2728 2261
3884 2 2 1 1 1302 2861 1448
3885 2 2 1 1 1465 2608 1035
3886 2 2 1 1 207 2213 449
3887 2 2 1 1 1909 2720 1204
3888 2 2 1 1 2480 2876 2126
3889 2 2 1 1 1567 2515 1039
3890 2 2 1 1 720 1897 1535
3891 2 2 1 1 786 2211 785
3892 2 2 1 1 1266 2018 944
3893 2 2 1 1 206 2611 2074
3894 2 2 1 1 599 2439 27
3895 2 2 1 1 557 2167 556
3896 2 2 1 1 381 2507 1142
3897 2 2 1 1 563 2628 562
3898 2 2 1 1 343 1768 735
3899 2 2 1 1 1845 2556 485
3900 2 2 1 1 9 2690 544
3901 2 2 1 1 592 2795 1233
3902 2 2 1 1 1991 2228 672
3903 2 2 1 1 1046 2114 1519
3904 2 2 1 1 484 1845 485
3905 2 2 1 1 424 1959 425
3906 2 2 1 1 5 2571 324
3907 2 2 1 1 465 2132 1523
3908 2 2 1 1 1212 2446 715
3909 2 2 1 1 1768 2217 1054
3910 2 2 1 1 1660 1787 501
3911 2 2 1 1 179 2418 330
3912 2 2 1 1 349 2289 139
3913 2 2 1 1 897 1953 1594
3914 2 2 1 1 2190 2385 427
3915 2 2 1 1 995 2766 1409
3916 2 2 1 1 504 1920 304
3917 2 2 1 1 534 2564 533
3918 2 2 1 1 669 2651 3
3919 2 2 1 1 975 2541 1549
3920 2 2 1 1 999 2529 1623
3921 2 2 1 1 818 2178 817
3922 2 2 1 1 715 2446 716
3923 2 2 1 1 976 2828 1589
3924 2 2 1 1 1001 2494 1043
3925 2 2 1 1 581 2735 2693
3926 2 2 1 1 2375 2452 1115
3927 2 2 1 1 334 2957 1748
3928 2 2 1 1 444 2079 445
3929 2 2 1 1 1374 2796 2266
3930 2 2 1 1 1504 2766 995
3931 2 2 1 1 718 2380 1831
3932 2 2 1 1 2052 2941 479
3933 2 2 1 1 140 2023 1682
3934 2 2 1 1 1270 2060 690
3935 2 2 1 1 430 2128 1690
3936 2 2 1 1 1253 1254 888
3937 2 2 1 1 1820 2399 1099
3938 2 2 1 1 371 1857 370
3939 2 2 1 1 973 2794 2279
3940 2 2 1 1 743 2867 1730
3941 2 2 1 1 1724 2097 1023
3942 2 2 1 1 28 2512 604
3943 2 2 1 1 527 2422 526
3944 2 2 1 1 903 2448 1773
3945 2 2 1 1 1750 2147 660
3946 2 2 1 1 961 1891 1576
3947 2 2 1 1 724 1753 1569
3948 2 2 1 1 1287 2785 1672
3949 2 2 1 1 714 2252 713
3950 2 2 1 1 1187 2906 2855
3951 2 2 1 1 2086 2201 1345
3952 2 2 1 1 1526 2441 969
3953 2 2 1 1 1671 2630 579
3954 2 2 1 1 1074 2210 1415
3955 2 2 1 1 2855 2906 1001
3956 2 2 1 1 42 2486 645
3957 2 2 1 1 597 2480 596
3958 2 2 1 1 1619 2089 201
3959 2 2 1 1 533 2864 534
3960 2 2 1 1 290 2486 42
3961 2 2 1 1 1080 2632 1326
3962 2 2 1 1 539 2736 540
3963 2 2 1 1 1758 1759 1134
3964 2 2 1 1 1016 2765 1414
3965 2 2 1 1 556 2821 555
3966 2 2 1 1 1019 2483 548
3967 2 2 1 1 1040 2006 1785
3968 2 2 1 1 1871 2544 613
3969 2 2 1 1 410 2764 411
3970 2 2 1 1 153 2723 804
3971 2 2 1 1 48 1842 403
3972 2 2 1 1 1372 2460 893
3973 2 2 1 1 1383 2415 480
3974 2 2 1 1 1262 2522 869
3975 2 2 1 1 1332 2321 1031
3976 2 2 1 1 1636 2063 1076
3977 2 2 1 1 852 1830 851
3978 2 2 1 1 1477 2315 502
3979 2 2 1 1 1450 2015 909
3980 2 2 1 1 1561 2149 1011
3981 2 2 1 1 1817 2927 1435
3982 2 2 1 1 216 2186 1428
3983 2 2 1 1 1603 2049 281
3984 2 2 1 1 2440 2483 1019
3985 2 2 1 1 1257 2189 1104
3986 2 2 1 1 215 2514 633
3987 2 2 1 1 1542 2233 992
3988 2 2 1 1 1562 2672 10
3989 2 2 1 1 178 2438 2208
3990 2 2 1 1 731 2512 28
3991 2 2 1 1 718 2465 1626
3992 2 2 1 1 1573 1989 187
3993 2 2 1 1 566 2242 565
3994 2 2 1 1 147 2180 1579
3995 2 2 1 1 1546 1976 1133
3996 2 2 1 1 1051 2324 1466
3997 2 2 1 1 1855 2551 960
3998 2 2 1 1 611 2234 612
3999 2 2 1 1 912 2722 1809
4000 2 2 1 1 643 2614 644
4001 2 2 1 1 950 2694 1619
4002 2 2 1 1 1294 2872 1841
4003 2 2 1 1 1563 1869 106
4004 2 2 1 1 652 2620 43
4005 2 2 1 1 1015 2311 1862
4006 2 2 1 1 1589 2032 225
4007 2 2 1 1 2033 2724 623
4008 2 2 1 1 740 2402 2065
4009 2 2 1 1 154 2340 403
4010 2 2 1 1 1706 2100 982
4011 2 2 1 1 644 2614 819
4012 2 2 1 1 1703 2016 640
4013 2 2 1 1 662 2464 7
4014 2 2 1 1 1011 2383 1647
4015 2 2 1 1 540 2736 1566
4016 2 2 1 1 338 2549 1524
4017 2 2 1 1 1214 2203 2115
4018 2 2 1 1 721 2795 24
4019 2 2 1 1 900 1693 1486
4020 2 2 1 1 111 2664 372
4021 2 2 1 1 1540 2869 217
4022 2 2 1 1 614 2311 1761
4023 2 2 1 1 890 2087 1517
4024 2 2 1 1 642 2220 643
4025 2 2 1 1 1757 2143 1066
4026 2 2 1 1 2461 2466 118
4027 2 2 1 1 715 2541 1591
4028 2 2 1 1 978 1729 1236
4029 2 2 1 1 453 2107 452
4030 2 2 1 1 1175 2849 2621
4031 2 2 1 1 25 2695 595
4032 2 2 1 1 1020 2635 2158
4033 2 2 1 1 1850 2873 124
4034 2 2 1 1 1594 2358 191
4035 2 2 1 1 424 2788 1959
4036 2 2 1 1 2161 2912 904
4037 2 2 1 1 1581 1965 983
4038 2 2 1 1 1368 2096 630
4039 2 2 1 1 541 2164 1536
4040 2 2 1 1 1756 2525 1159
4041 2 2 1 1 660 2481 659
4042 2 2 1 1 1520 2298 1020
4043 2 2 1 1 1192 2793 2113
4044 2 2 1 1 471 2739 1476
4045 2 2 1 1 871 2387 2145
4046 2 2 1 1 1333 2949 187
4047 2 2 1 1 7 2464 539
4048 2 2 1 1 1893 2419 208
4049 2 2 1 1 953 2566 1910
4050 2 2 1 1 2 2354 526
4051 2 2 1 1 2506 2651 669
4052 2 2 1 1 1555 2696 1265
4053 2 2 1 1 1415 2670 1074
4054 2 2 1 1 714 2300 39
4055 2 2 1 1 668 2038 667
4056 2 2 1 1 276 2348 358
4057 2 2 1 1 867 1859 1090
4058 2 2 1 1 1292 2741 689
4059 2 2 1 1 281 2690 9
4060 2 2 1 1 2388 2894 1291
4061 2 2 1 1 287 2750 1907
4062 2 2 1 1 1579 2346 147
4063 2 2 1 1 115 2658 1674
4064 2 2 1 1 1424 2366 254
4065 2 2 1 1 1645 2697 375
4066 2 2 1 1 377 1908 118
4067 2 2 1 1 993 2350 1550
4068 2 2 1 1 716 2446 2093
4069 2 2 1 1 1620 2064 965
4070 2 2 1 1 1127 1884 1693
4071 2 2 1 1 899 2351 1651
4072 2 2 1 1 1079 2134 1789
4073 2 2 1 1 1122 2608 516
4074 2 2 1 1 700 1853 302
4075 2 2 1 1 209 1923 813
4076 2 2 1 1 1474 2610 916
4077 2 2 1 1 1464 2588 1812
4078 2 2 1 1 1568 2734 192
4079 2 2 1 1 312 1873 1848
4080 2 2 1 1 2693 2735 1359
4081 2 2 1 1 330 2418 514
4082 2 2 1 1 18 2585 570
4083 2 2 1 1 613 2544 614
4084 2 2 1 1 187 2949 1573
4085 2 2 1 1 1523 2132 302
4086 2 2 1 1 672 2319 266
4087 2 2 1 1 486 1887 849
4088 2 2 1 1 716 2823 1549
4089 2 2 1 1 120 2228 1783
4090 2 2 1 1 1371 2027 211
4091 2 2 1 1 1429 2440 1485
4092 2 2 1 1 960 2551 1625
4093 2 2 1 1 429 2128 430
4094 2 2 1 1 1164 2450 2405
4095 2 2 1 1 473 2298 1520
4096 2 2 1 1 973 2279 1971
4097 2 2 1 1 712 2655 32
4098 2 2 1 1 572 2401 1723
4099 2 2 1 1 640 2016 639
4100 2 2 1 1 494 2702 1550
4101 2 2 1 1 1841 2872 936
4102 2 2 1 1 629 1741 1510
4103 2 2 1 1 305 2932 506
4104 2 2 1 1 494 2350 283
4105 2 2 1 1 1657 2117 1026
4106 2 2 1 1 1734 2723 153
4107 2 2 1 1 540 2473 539
4108 2 2 1 1 1511 2246 644
4109 2 2 1 1 1522 2505 1084
4110 2 2 1 1 1514 2071 1126
4111 2 2 1 1 644 2246 643
4112 2 2 1 1 1518 2447 595
4113 2 2 1 1 1610 2489 1136
4114 2 2 1 1 1782 2442 1002
4115 2 2 1 1 1148 2209 1995
4116 2 2 1 1 1585 2274 359
4117 2 2 1 1 1792 2505 1522
4118 2 2 1 1 1055 2101 1367
4119 2 2 1 1 1058 2572 1606
4120 2 2 1 1 1823 2259 56
4121 2 2 1 1 327 2829 1725
4122 2 2 1 1 2397 2838 638
4123 2 2 1 1 1589 2118 226
4124 2 2 1 1 1518 2150 1038
4125 2 2 1 1 1476 2239 472
4126 2 2 1 1 688 2484 687
4127 2 2 1 1 1852 2298 237
4128 2 2 1 1 981 2937 1696
4129 2 2 1 1 840 2303 839
4130 2 2 1 1 1220 2721 1788
4131 2 2 1 1 1573 2393 2313
4132 2 2 1 1 21 2500 580
4133 2 2 1 1 1614 2421 293
4134 2 2 1 1 831 1947 830
4135 2 2 1 1 1049 1798 1766
4136 2 2 1 1 1410 1994 1035
4137 2 2 1 1 965 2636 1802
4138 2 2 1 1 1789 2134 346
4139 2 2 1 1 357 1815 356
4140 2 2 1 1 686 2685 9
4141 2 2 1 1 133 2602 1505
4142 2 2 1 1 671 2540 670
4143 2 2 1 1 1547 2137 729
4144 2 2 1 1 635 2780 38
4145 2 2 1 1 1621 1903 719
4146 2 2 1 1 1473 1679 751
4147 2 2 1 1 512 1958 193
4148 2 2 1 1 1859 2677 1243
4149 2 2 1 1 1062 2278 1654
4150 2 2 1 1 1437 2323 1087
4151 2 2 1 1 357 1863 1538
4152 2 2 1 1 1924 2604 875
4153 2 2 1 1 1279 2672 1562
4154 2 2 1 1 94 2306 1588
4155 2 2 1 1 621 1861 1449
4156 2 2 1 1 330 2496 179
4157 2 2 1 1 1284 2651 2506
4158 2 2 1 1 1629 2079 444
4159 2 2 1 1 1914 1995 333
4160 2 2 1 1 1565 2686 1851
4161 2 2 1 1 286 2684 34
4162 2 2 1 1 455 2084 1641
4163 2 2 1 1 2175 2199 975
4164 2 2 1 1 2098 2827 1130
4165 2 2 1 1 1752 2301 572
4166 2 2 1 1 1611 2187 676
4167 2 2 1 1 315 2884 2341
4168 2 2 1 1 1658 2581 972
4169 2 2 1 1 1237 2749 1824
4170 2 2 1 1 2372 2758 866
4171 2 2 1 1 171 2216 1499
4172 2 2 1 1 1588 2306 1307
4173 2 2 1 1 772 2774 354
4174 2 2 1 1 254 2366 1455
4175 2 2 1 1 435 2475 2425
4176 2 2 1 1 1060 2178 1545
4177 2 2 1 1 1877 2864 533
4178 2 2 1 1 1594 1953 1007
4179 2 2 1 1 516 2747 1521
4180 2 2 1 1 1039 2548 1567
4181 2 2 1 1 977 2705 1505
4182 2 2 1 1 34 2605 687
4183 2 2 1 1 1260 1990 459
4184 2 2 1 1 1942 2946 1239
4185 2 2 1 1 1500 2956 2057
4186 2 2 1 1 993 2288 1587
4187 2 2 1 1 1251 2481 2416
4188 2 2 1 1 1680 2318 436
4189 2 2 1 1 2053 2552 1317
4190 2 2 1 1 2020 2431 417
4191 2 2 1 1 92 1854 765
4192 2 2 1 1 645 2866 42
4193 2 2 1 1 243 2045 857
4194 2 2 1 1 1696 2026 981
4195 2 2 1 1 402 1937 149
4196 2 2 1 1 584 2147 1750
4197 2 2 1 1 624 2605 34
4198 2 2 1 1 1201 2644 1912
4199 2 2 1 1 88 2105 243
4200 2 2 1 1 19 2839 706
4201 2 2 1 1 729 2137 335
4202 2 2 1 1 142 2946 1942
4203 2 2 1 1 436 2318 189
4204 2 2 1 1 788 2733 70
4205 2 2 1 1 530 2808 1710
4206 2 2 1 1 456 1950 455
4207 2 2 1 1 388 1906 387
4208 2 2 1 1 2105 2696 243
4209 2 2 1 1 5 2465 718
4210 2 2 1 1 631 2139 630
4211 2 2 1 1 369 1985 1673
4212 2 2 1 1 1325 2654 1941
4213 2 2 1 1 1487 1998 1069
4214 2 2 1 1 714 2901 1736
4215 2 2 1 1 1115 2452 2231
4216 2 2 1 1 1138 2202 1417
4217 2 2 1 1 106 2090 1495
4218 2 2 1 1 1654 2278 549
4219 2 2 1 1 42 2929 290
4220 2 2 1 1 864 2851 1198
4221 2 2 1 1 1439 2318 1056
4222 2 2 1 1 45 1634 47
4223 2 2 1 1 1033 1894 1558
4224 2 2 1 1 1 2434 524
4225 2 2 1 1 1654 2031 984
4226 2 2 1 1 955 2444 1967
4227 2 2 1 1 268 2586 674
4228 2 2 1 1 388 2253 389
4229 2 2 1 1 1912 2644 943
4230 2 2 1 1 967 2040 1621
4231 2 2 1 1 2801 2818 701
4232 2 2 1 1 449 2827 207
4233 2 2 1 1 1529 2879 376
4234 2 2 1 1 1661 2176 940
4235 2 2 1 1 1170 2152 1803
4236 2 2 1 1 1054 2217 1804
4237 2 2 1 1 1639 2350 993
4238 2 2 1 1 1171 2677 2008
4239 2 2 1 1 998 2169 1642
4240 2 2 1 1 202 2033 623
4241 2 2 1 1 1545 2220 1060
4242 2 2 1 1 1556 2197 1140
4243 2 2 1 1 558 2040 559
4244 2 2 1 1 1785 1899 327
4245 2 2 1 1 1835 2480 597
4246 2 2 1 1 110 1985 369
4247 2 2 1 1 1485 2792 2729
4248 2 2 1 1 1754 2856 602
4249 2 2 1 1 1454 2428 137
4250 2 2 1 1 974 2155 1831
4251 2 2 1 1 1044 2215 1516
4252 2 2 1 1 1144 2516 1764
4253 2 2 1 1 1180 2604 1924
4254 2 2 1 1 713 2901 714
4255 2 2 1 1 284 2910 2202
4256 2 2 1 1 3 2651 529
4257 2 2 1 1 436 1964 435
4258 2 2 1 1 634 2593 38
4259 2 2 1 1 1804 2217 150
4260 2 2 1 1 1282 2703 1783
4261 2 2 1 1 85 1746 86
4262 2 2 1 1 1487 2284 475
4263 2 2 1 1 1159 2926 1756
4264 2 2 1 1 339 2072 460
4265 2 2 1 1 1473 2712 247
4266 2 2 1 1 692 2381 691
4267 2 2 1 1 1189 2524 2115
4268 2 2 1 1 31 2592 300
4269 2 2 1 1 533 2564 1880
4270 2 2 1 1 759 2210 758
4271 2 2 1 1 909 2515 1567
4272 2 2 1 1 1773 2448 208
4273 2 2 1 1 1499 2797 248
4274 2 2 1 1 1616 2235 1026
4275 2 2 1 1 2421 2671 885
4276 2 2 1 1 2083 2715 1155
4277 2 2 1 1 411 2383 1453
4278 2 2 1 1 1857 2426 1068
4279 2 2 1 1 1506 2725 2635
4280 2 2 1 1 765 1854 764
4281 2 2 1 1 14 2609 136
4282 2 2 1 1 419 2689 169
4283 2 2 1 1 142 1996 569
4284 2 2 1 1 213 2067 274
4285 2 2 1 1 1265 2696 2105
4286 2 2 1 1 1959 2788 1278
4287 2 2 1 1 2413 2786 705
4288 2 2 1 1 1097 2356 1858
4289 2 2 1 1 233 2051 1698
4290 2 2 1 1 2081 2706 1216
4291 2 2 1 1 953 1956 1843
4292 2 2 1 1 1466 2566 1051
4293 2 2 1 1 2326 2868 174
4294 2 2 1 1 946 2016 1703
4295 2 2 1 1 1952 2948 920
4296 2 2 1 1 711 2687 712
4297 2 2 1 1 235 2904 1615
4298 2 2 1 1 347 2674 2649
4299 2 2 1 1 735 2244 343
4300 2 2 1 1 1643 2178 1060
4301 2 2 1 1 651 2823 43
4302 2 2 1 1 416 2956 1500
4303 2 2 1 1 1698 2191 234
4304 2 2 1 1 440 1982 195
4305 2 2 1 1 2261 2263 1263
4306 2 2 1 1 1240 2888 1662
4307 2 2 1 1 496 1988 497
4308 2 2 1 1 1738 2179 119
4309 2 2 1 1 1130 2747 1445
4310 2 2 1 1 1027 2545 1656
4311 2 2 1 1 191 2358 616
4312 2 2 1 1 176 2229 1694
4313 2 2 1 1 511 1992 510
4314 2 2 1 1 1326 2632 300
4315 2 2 1 1 1592 1980 1197
4316 2 2 1 1 257 2000 385
4317 2 2 1 1 656 2061 1512
4318 2 2 1 1 1640 2002 933
4319 2 2 1 1 537 2146 538
4320 2 2 1 1 673 2230 8
4321 2 2 1 1 1902 2011 1179
4322 2 2 1 1 258 2695 25
4323 2 2 1 1 350 2800 1446
4324 2 2 1 1 479 2941 478
4325 2 2 1 1 1624 2123 983
4326 2 2 1 1 189 2359 1608
4327 2 2 1 1 1173 2017 522
4328 2 2 1 1 1452 1878 1052
4329 2 2 1 1 637 2397 638
4330 2 2 1 1 552 2442 551
4331 2 2 1 1 180 2928 330
4332 2 2 1 1 1797 2915 1298
4333 2 2 1 1 398 2559 1625
4334 2 2 1 1 1060 2220 1530
4335 2 2 1 1 803 2471 802
4336 2 2 1 1 218 2437 638
4337 2 2 1 1 955 2235 1616
4338 2 2 1 1 1785 2006 1041
4339 2 2 1 1 591 2007 590
4340 2 2 1 1 723 2391 724
4341 2 2 1 1 247 2498 658
4342 2 2 1 1 1713 2257 1027
4343 2 2 1 1 199 2931 1767
4344 2 2 1 1 762 2650 1467
4345 2 2 1 1 985 2260 1635
4346 2 2 1 1 1041 2928 1708
4347 2 2 1 1 169 2867 419
4348 2 2 1 1 44 2716 1800
4349 2 2 1 1 163 2952 1422
4350 2 2 1 1 1050 2022 1457
4351 2 2 1 1 670 2540 2219
4352 2 2 1 1 494 2092 493
4353 2 2 1 1 344 2923 1765
4354 2 2 1 1 1700 2776 528
4355 2 2 1 1 1056 2484 1439
4356 2 2 1 1 656 2159 1688
4357 2 2 1 1 283 2350 1639
4358 2 2 1 1 1751 1917 295
4359 2 2 1 1 40 2597 680
4360 2 2 1 1 755 2466 1618
4361 2 2 1 1 596 2187 1971
4362 2 2 1 1 1272 1963 1051
4363 2 2 1 1 15 2737 561
4364 2 2 1 1 70 2733 349
4365 2 2 1 1 1702 2347 98
4366 2 2 1 1 113 2542 376
4367 2 2 1 1 2140 2652 1423
4368 2 2 1 1 2398 2420 1054
4369 2 2 1 1 1190 2386 2038
4370 2 2 1 1 1287 1672 227
4371 2 2 1 1 702 2809 303
4372 2 2 1 1 791 2345 126
4373 2 2 1 1 2038 2386 667
4374 2 2 1 1 2145 2387 1385
4375 2 2 1 1 1151 2810 2008
4376 2 2 1 1 405 1987 406
4377 2 2 1 1 963 2254 1817
4378 2 2 1 1 2517 2518 205
4379 2 2 1 1 1686 2001 992
4380 2 2 1 1 206 2173 447
4381 2 2 1 1 1873 1926 1072
4382 2 2 1 1 1673 1985 1063
4383 2 2 1 1 446 2848 445
4384 2 2 1 1 1642 2169 1036
4385 2 2 1 1 457 2066 289
4386 2 2 1 1 1093 2174 1740
4387 2 2 1 1 1625 2573 398
4388 2 2 1 1 605 2784 28
4389 2 2 1 1 1040 1785 1725
4390 2 2 1 1 1591 2199 238
4391 2 2 1 1 1320 2375 1664
4392 2 2 1 1 2092 2368 1166
4393 2 2 1 1 510 1984 511
4394 2 2 1 1 739 2168 352
4395 2 2 1 1 1067 1774 1691
4396 2 2 1 1 678 2089 1619
4397 2 2 1 1 38 2780 701
4398 2 2 1 1 1608 2794 1964
4399 2 2 1 1 198 2257 1713
4400 2 2 1 1 1668 2166 1032
4401 2 2 1 1 1383 2545 1027
4402 2 2 1 1 1788 2721 949
4403 2 2 1 1 227 2222 469
4404 2 2 1 1 545 2852 9
4405 2 2 1 1 441 1743 1173
4406 2 2 1 1 156 2482 1583
4407 2 2 1 1 1564 2932 1370
4408 2 2 1 1 1441 2389 485
4409 2 2 1 1 952 2369 1528
4410 2 2 1 1 775 2200 774
4411 2 2 1 1 132 2205 1639
4412 2 2 1 1 655 2742 1527
4413 2 2 1 1 1470 2857 1088
4414 2 2 1 1 1691 1780 1067
4415 2 2 1 1 982 2549 1706
4416 2 2 1 1 944 2166 1668
4417 2 2 1 1 1910 2566 1466
4418 2 2 1 1 448 2185 2028
4419 2 2 1 1 792 2035 394
4420 2 2 1 1 615 2592 31
4421 2 2 1 1 754 2019 753
4422 2 2 1 1 2666 2703 1486
4423 2 2 1 1 454 2084 455
4424 2 2 1 1 1203 2676 2633
4425 2 2 1 1 1369 2032 2010
4426 2 2 1 1 1667 2139 631
4427 2 2 1 1 490 2553 489
4428 2 2 1 1 1734 2014 152
4429 2 2 1 1 438 2580 1269
4430 2 2 1 1 1604 2351 899
4431 2 2 1 1 258 2324 1963
4432 2 2 1 1 1503 2871 1381
4433 2 2 1 1 2635 2725 650
4434 2 2 1 1 1772 1935 970
4435 2 2 1 1 306 2492 1764
4436 2 2 1 1 1805 2080 222
4437 2 2 1 1 1640 2203 1214
4438 2 2 1 1 1109 2147 1620
4439 2 2 1 1 536 2189 1257
4440 2 2 1 1 264 2506 669
4441 2 2 1 1 1551 1720 629
4442 2 2 1 1 1584 2423 1011
4443 2 2 1 1 1125 2689 1634
4444 2 2 1 1 1379 1922 725
4445 2 2 1 1 184 2681 1590
4446 2 2 1 1 1579 2180 148
4447 2 2 1 1 343 2217 1768
4448 2 2 1 1 1704 2161 1511
4449 2 2 1 1 1057 1976 1546
4450 2 2 1 1 698 2669 31
4451 2 2 1 1 1535 1897 558
4452 2 2 1 1 1052 1878 1512
4453 2 2 1 1 519 1938 1789
4454 2 2 1 1 581 2693 582
4455 2 2 1 1 608 2749 1840
4456 2 2 1 1 1978 2181 1255
4457 2 2 1 1 1636 1854 92
4458 2 2 1 1 1998 2924 1069
4459 2 2 1 1 1486 2887 2666
4460 2 2 1 1 1810 2483 916
4461 2 2 1 1 1733 2606 704
4462 2 2 1 1 1749 1966 271
4463 2 2 1 1 1581 2266 346
4464 2 2 1 1 724 2547 723
4465 2 2 1 1 1432 2662 2310
4466 2 2 1 1 256 2584 1876
4467 2 2 1 1 1736 2397 637
4468 2 2 1 1 31 2631 616
4469 2 2 1 1 1084 2099 1633
4470 2 2 1 1 397 2559 398
4471 2 2 1 1 657 2061 656
4472 2 2 1 1 1842 2052 403
4473 2 2 1 1 1467 2429 762
4474 2 2 1 1 197 2679 2105
4475 2 2 1 1 24 2331 591
4476 2 2 1 1 1588 2563 94
4477 2 2 1 1 1808 2040 967
4478 2 2 1 1 266 1991 672
4479 2 2 1 1 1476 2492 2238
4480 2 2 1 1 618 2056 619
4481 2 2 1 1 2425 2475 1436
4482 2 2 1 1 1571 2592 615
4483 2 2 1 1 221 2404 1805
4484 2 2 1 1 1595 1649 212
4485 2 2 1 1 1637 2229 424
4486 2 2 1 1 931 2757 1707
4487 2 2 1 1 2159 2242 1688
4488 2 2 1 1 1741 2648 1510
4489 2 2 1 1 1345 2819 2086
4490 2 2 1 1 1141 2413 2265
4491 2 2 1 1 1070 2609 1633
4492 2 2 1 1 596 1971 597
4493 2 2 1 1 1943 2680 1012
4494 2 2 1 1 2310 2662 271
4495 2 2 1 1 500 2101 499
4496 2 2 1 1 1021 2550 1777
4497 2 2 1 1 1995 2209 333
4498 2 2 1 1 648 2048 649
4499 2 2 1 1 1687 2678 476
4500 2 2 1 1 1026 2243 1616
4501 2 2 1 1 764 2772 763
4502 2 2 1 1 748 2744 1682
4503 2 2 1 1 1536 2473 540
4504 2 2 1 1 335 2417 729
4505 2 2 1 1 736 2737 15
4506 2 2 1 1 2169 2274 1036
4507 2 2 1 1 1021 1777 1596
4508 2 2 1 1 687 2484 1879
4509 2 2 1 1 799 2168 798
4510 2 2 1 1 1858 2356 976
4511 2 2 1 1 1064 2949 1333
4512 2 2 1 1 1290 2512 2297
4513 2 2 1 1 1905 2097 241
4514 2 2 1 1 548 2278 1411
4515 2 2 1 1 564 2081 138
4516 2 2 1 1 1002 2442 1462
4517 2 2 1 1 1550 2288 993
4518 2 2 1 1 992 2233 1686
4519 2 2 1 1 2034 2488 703
4520 2 2 1 1 2612 2804 116
4521 2 2 1 1 2265 2413 1323
4522 2 2 1 1 1940 2242 566
4523 2 2 1 1 1958 2296 1220
4524 2 2 1 1 1026 2117 1595
4525 2 2 1 1 34 2724 286
4526 2 2 1 1 1546 2118 1057
4527 2 2 1 1 389 2394 388
4528 2 2 1 1 232 2356 1097
4529 2 2 1 1 689 2060 841
4530 2 2 1 1 562 2877 15
4531 2 2 1 1 876 2897 2044
4532 2 2 1 1 1013 2751 1714
4533 2 2 1 1 398 2573 399
4534 2 2 1 1 987 2255 1434
4535 2 2 1 1 1947 2654 1325
4536 2 2 1 1 1653 2913 233
4537 2 2 1 1 1007 2358 1594
4538 2 2 1 1 1555 2234 611
4539 2 2 1 1 21 2735 581
4540 2 2 1 1 445 2848 1714
4541 2 2 1 1 1047 2229 1637
4542 2 2 1 1 1061 2802 1571
4543 2 2 1 1 1629 2960 252
4544 2 2 1 1 601 2577 600
4545 2 2 1 1 252 2106 661
4546 2 2 1 1 416 1931 415
4547 2 2 1 1 970 2077 1772
4548 2 2 1 1 1241 2258 1622
4549 2 2 1 1 1427 2709 195
4550 2 2 1 1 209 2674 1719
4551 2 2 1 1 1662 2033 979
4552 2 2 1 1 299 2551 697
4553 2 2 1 1 1035 2074 1410
4554 2 2 1 1 1583 2482 157
4555 2 2 1 1 2074 2173 206
4556 2 2 1 1 1561 2559 397
4557 2 2 1 1 1027 2257 1781
4558 2 2 1 1 1030 2160 1999
4559 2 2 1 1 749 2744 748
4560 2 2 1 1 2221 2578 1239
4561 2 2 1 1 2041 2755 1337
4562 2 2 1 1 537 2519 2189
4563 2 2 1 1 2049 2690 281
4564 2 2 1 1 1930 2384 204
4565 2 2 1 1 1688 2242 972
4566 2 2 1 1 1623 2529 470
4567 2 2 1 1 1284 2506 1559
4568 2 2 1 1 397 2831 1587
4569 2 2 1 1 1651 2351 1071
4570 2 2 1 1 1425 2818 2801
4571 2 2 1 1 212 2843 1262
4572 2 2 1 1 424 2229 176
4573 2 2 1 1 2143 2755 1066
4574 2 2 1 1 781 1881 1379
4575 2 2 1 1 2464 2836 1351
4576 2 2 1 1 628 2537 1572
4577 2 2 1 1 630 2193 1772
4578 2 2 1 1 30 2742 655
4579 2 2 1 1 55 2022 1823
4580 2 2 1 1 783 2059 782
4581 2 2 1 1 1976 2934 1133
4582 2 2 1 1 1531 2800 418
4583 2 2 1 1 94 2563 525
4584 2 2 1 1 569 2640 18
4585 2 2 1 1 704 2606 703
4586 2 2 1 1 1772 2193 733
4587 2 2 1 1 1023 2097 1905
4588 2 2 1 1 340 2753 2025
4589 2 2 1 1 1614 2855 1001
4590 2 2 1 1 974 2507 1575
4591 2 2 1 1 633 2514 1598
4592 2 2 1 1 651 2798 650
4593 2 2 1 1 139 2289 1597
4594 2 2 1 1 2055 2806 366
4595 2 2 1 1 1016 2912 1353
4596 2 2 1 1 2202 2910 1417
4597 2 2 1 1 559 2040 1808
4598 2 2 1 1 1657 2618 680
4599 2 2 1 1 1525 2205 132
4600 2 2 1 1 1730 2867 169
4601 2 2 1 1 2106 2960 1235
4602 2 2 1 1 1101 2158 232
4603 2 2 1 1 939 2150 1980
4604 2 2 1 1 1643 2251 653
4605 2 2 1 1 165 2102 412
4606 2 2 1 1 726 2459 14
4607 2 2 1 1 1605 2411 336
4608 2 2 1 1 194 2104 437
4609 2 2 1 1 346 2266 519
4610 2 2 1 1 1836 2158 1101
4611 2 2 1 1 697 2625 299
4612 2 2 1 1 2018 2166 944
4613 2 2 1 1 1753 2209 1287
4614 2 2 1 1 2044 2302 876
4615 2 2 1 1 649 2048 1580
4616 2 2 1 1 1058 2181 1350
4617 2 2 1 1 1138 2794 2567
4618 2 2 1 1 1702 2169 998
4619 2 2 1 1 1699 2210 1074
4620 2 2 1 1 421 2636 1570
4621 2 2 1 1 2666 2887 673
4622 2 2 1 1 675 2286 269
4623 2 2 1 1 501 1609 1411
4624 2 2 1 1 1678 2016 946
4625 2 2 1 1 1160 2876 2480
4626 2 2 1 1 674 2468 268
4627 2 2 1 1 1543 1845 484
4628 2 2 1 1 1158 2509 2063
4629 2 2 1 1 1687 2284 1069
4630 2 2 1 1 2008 2677 867
4631 2 2 1 1 702 2801 701
4632 2 2 1 1 1625 2551 299
4633 2 2 1 1 1689 1868 216
4634 2 2 1 1 1184 2869 1540
4635 2 2 1 1 1954 2262 12
4636 2 2 1 1 963 1817 1435
4637 2 2 1 1 1606 2925 1058
4638 2 2 1 1 493 2702 494
4639 2 2 1 1 638 2838 218
4640 2 2 1 1 442 2472 816
4641 2 2 1 1 1512 2023 1052
4642 2 2 1 1 973 1971 1611
4643 2 2 1 1 1613 2628 563
4644 2 2 1 1 2621 2762 1175
4645 2 2 1 1 1461 2575 1089
4646 2 2 1 1 239 2453 1634
4647 2 2 1 1 2697 2858 1277
4648 2 2 1 1 1759 2598 1134
4649 2 2 1 1 689 2741 690
4650 2 2 1 1 1308 2841 2655
4651 2 2 1 1 2567 2794 1608
4652 2 2 1 1 1953 2204 1007
4653 2 2 1 1 1166 2401 2092
4654 2 2 1 1 217 2869 1689
4655 2 2 1 1 1827 2357 1419
4656 2 2 1 1 1289 2488 2183
4657 2 2 1 1 1011 2149 1584
4658 2 2 1 1 1848 1873 1042
4659 2 2 1 1 1595 2243 1026
4660 2 2 1 1 357 2348 1815
4661 2 2 1 1 1616 2444 955
4662 2 2 1 1 659 2525 660
4663 2 2 1 1 701 2818 38
4664 2 2 1 1 466 2132 465
4665 2 2 1 1 1764 2516 836
4666 2 2 1 1 1558 2104 1033
4667 2 2 1 1 582 2693 1610
4668 2 2 1 1 296 2245 694
4669 2 2 1 1 722 2355 2331
4670 2 2 1 1 1355 2385 2190
4671 2 2 1 1 587 2424 586
4672 2 2 1 1 1590 2681 1217
4673 2 2 1 1 1069 2499 1687
4674 2 2 1 1 1258 2612 2558
4675 2 2 1 1 1017 2206 1728
4676 2 2 1 1 1457 1798 1049
4677 2 2 1 1 1659 2756 835
4678 2 2 1 1 1242 2248 1978
4679 2 2 1 1 835 2756 834
4680 2 2 1 1 236 2756 1659
4681 2 2 1 1 2143 2875 1337
4682 2 2 1 1 1480 1867 97
4683 2 2 1 1 297 2182 695
4684 2 2 1 1 293 2153 693
4685 2 2 1 1 1831 2380 974
4686 2 2 1 1 1886 2381 692
4687 2 2 1 1 1942 2195 1210
4688 2 2 1 1 804 2723 803
4689 2 2 1 1 1530 2391 1060
4690 2 2 1 1 153 2014 1734
4691 2 2 1 1 514 2296 513
4692 2 2 1 1 141 2170 568
4693 2 2 1 1 280 2915 685
4694 2 2 1 1 1732 2637 119
4695 2 2 1 1 733 2419 2162
4696 2 2 1 1 1967 2444 1412
4697 2 2 1 1 445 2582 446
4698 2 2 1 1 735 2344 2244
4699 2 2 1 1 2208 2438 1423
4700 2 2 1 1 422 2636 421
4701 2 2 1 1 1188 2776 1700
4702 2 2 1 1 337 2805 730
4703 2 2 1 1 1067 2888 2528
4704 2 2 1 1 820 2151 79
4705 2 2 1 1 738 2735 21
4706 2 2 1 1 212 2243 1595
4707 2 2 1 1 299 2573 1625
4708 2 2 1 1 1267 2714 2027
4709 2 2 1 1 957 2234 1555
4710 2 2 1 1 398 2831 397
4711 2 2 1 1 690 2741 1497
4712 2 2 1 1 1743 2017 1173
4713 2 2 1 1 1853 2593 1598
4714 2 2 1 1 1272 2495 431
4715 2 2 1 1 1023 2624 1730
4716 2 2 1 1 324 2570 2558
4717 2 2 1 1 1583 2271 930
4718 2 2 1 1 1605 2940 575
4719 2 2 1 1 1805 2377 221
4720 2 2 1 1 1266 2839 573
4721 2 2 1 1 1032 2424 1668
4722 2 2 1 1 384 2172 383
4723 2 2 1 1 556 2497 557
4724 2 2 1 1 1748 2659 334
4725 2 2 1 1 1781 2415 1027
4726 2 2 1 1 137 2833 1742
4727 2 2 1 1 1793 2486 1405
4728 2 2 1 1 1646 2398 151
4729 2 2 1 1 612 2240 611
4730 2 2 1 1 1999 2474 1061
4731 2 2 1 1 1337 2755 2143
4732 2 2 1 1 1622 2743 900
4733 2 2 1 1 733 2162 732
4734 2 2 1 1 1768 2194 735
4735 2 2 1 1 815 2649 814
4736 2 2 1 1 1924 2455 1180
4737 2 2 1 1 226 2032 1589
4738 2 2 1 1 1105 2728 1960
4739 2 2 1 1 2261 2728 1105
4740 2 2 1 1 1656 2234 957
4741 2 2 1 1 891 2578 2221
4742 2 2 1 1 1844 2168 799
4743 2 2 1 1 1146 2598 1759
4744 2 2 1 1 1013 2128 1463
4745 2 2 1 1 2008 2810 1407
4746 2 2 1 1 1066 2755 395
4747 2 2 1 1 1780 2684 286
4748 2 2 1 1 1869 2090 106
4749 2 2 1 1 25 2834 258
4750 2 2 1 1 798 2168 739
4751 2 2 1 1 113 1917 1751
4752 2 2 1 1 1552 2929 646
4753 2 2 1 1 778 2925 777
4754 2 2 1 1 802 2471 1408
4755 2 2 1 1 1069 2284 1487
4756 2 2 1 1 1598 2593 634
4757 2 2 1 1 350 2332 417
4758 2 2 1 1 487 1967 1412
4759 2 2 1 1 1279 2873 1528
4760 2 2 1 1 1765 2923 1200
4761 2 2 1 1 443 2257 198
4762 2 2 1 1 446 2582 1567
4763 2 2 1 1 941 2349 1705
4764 2 2 1 1 2140 2665 1025
4765 2 2 1 1 644 1704 1511
4766 2 2 1 1 1112 2715 2083
4767 2 2 1 1 378 2936 1850
4768 2 2 1 1 909 2015 1839
4769 2 2 1 1 993 2710 1639
4770 2 2 1 1 552 2327 1665
4771 2 2 1 1 1747 2081 564
4772 2 2 1 1 616 2358 1898
4773 2 2 1 1 1353 2765 1016
4774 2 2 1 1 1098 2948 1952
4775 2 2 1 1 1672 2785 868
4776 2 2 1 1 1905 2941 1149
4777 2 2 1 1 437 2580 438
4778 2 2 1 1 38 2818 634
4779 2 2 1 1 1659 2516 1144
4780 2 2 1 1 1433 2451 450
4781 2 2 1 1 336 2940 1605
4782 2 2 1 1 539 2473 2085
4783 2 2 1 1 1993 1994 1410
4784 2 2 1 1 626 2641 627
4785 2 2 1 1 1695 2625 1032
4786 2 2 1 1 1664 2375 947
4787 2 2 1 1 1652 2321 1332
4788 2 2 1 1 1788 2068 618
4789 2 2 1 1 1649 2843 212
4790 2 2 1 1 1269 2580 1558
4791 2 2 1 1 115 2292 1883
4792 2 2 1 1 1637 2535 1047
4793 2 2 1 1 1093 2607 1645
4794 2 2 1 1 2184 2185 448
4795 2 2 1 1 623 2724 34
4796 2 2 1 1 34 2684 624
4797 2 2 1 1 976 2356 1685
4798 2 2 1 1 2277 2513 1124
4799 2 2 1 1 253 2022 55
4800 2 2 1 1 275 2082 1946
4801 2 2 1 1 1549 2725 1506
4802 2 2 1 1 743 2624 742
4803 2 2 1 1 476 2678 477
4804 2 2 1 1 985 2191 1698
4805 2 2 1 1 1725 2829 1143
4806 2 2 1 1 935 2611 1593
4807 2 2 1 1 513 2296 1958
4808 2 2 1 1 1406 2003 1786
4809 2 2 1 1 15 2877 736
4810 2 2 1 1 1056 2318 1680
4811 2 2 1 1 1722 2710 993
4812 2 2 1 1 1007 2111 1898
4813 2 2 1 1 272 2639 2062
4814 2 2 1 1 1129 2606 1377
4815 2 2 1 1 1705 2349 1340
4816 2 2 1 1 1479 2155 974
4817 2 2 1 1 1612 2801 702
4818 2 2 1 1 1400 2778 2576
4819 2 2 1 1 622 2550 621
4820 2 2 1 1 1412 2444 452
4821 2 2 1 1 1435 2470 963
4822 2 2 1 1 101 2807 2047
4823 2 2 1 1 12 2262 695
4824 2 2 1 1 693 2531 2
4825 2 2 1 1 1551 2546 1720
4826 2 2 1 1 1164 2329 1745
4827 2 2 1 1 1707 2757 870
4828 2 2 1 1 537 2155 2146
4829 2 2 1 1 711 2648 1741
4830 2 2 1 1 1694 1988 496
4831 2 2 1 1 870 2321 1652
4832 2 2 1 1 1800 2305 821
4833 2 2 1 1 2141 2675 932
4834 2 2 1 1 359 2274 98
4835 2 2 1 1 32 2655 617
4836 2 2 1 1 1008 2903 2453
4837 2 2 1 1 152 2945 1604
4838 2 2 1 1 948 2265 1697
4839 2 2 1 1 587 2382 1644
4840 2 2 1 1 1848 2762 312
4841 2 2 1 1 1697 2265 1323
4842 2 2 1 1 1138 2567 2202
4843 2 2 1 1 1036 2282 1642
4844 2 2 1 1 1419 2357 598
4845 2 2 1 1 1213 2381 1939
4846 2 2 1 1 1690 2128 1013
4847 2 2 1 1 170 2097 1724
4848 2 2 1 1 195 2709 1319
4849 2 2 1 1 1677 2397 1010
4850 2 2 1 1 578 2874 150
4851 2 2 1 1 589 2845 315
4852 2 2 1 1 1078 2819 2013
4853 2 2 1 1 1558 2580 2104
4854 2 2 1 1 553 2261 552
4855 2 2 1 1 1091 2563 1588
4856 2 2 1 1 643 2771 642
4857 2 2 1 1 549 2278 548
4858 2 2 1 1 1401 1600 155
4859 2 2 1 1 695 2590 12
4860 2 2 1 1 1899 2930 327
4861 2 2 1 1 1319 1981 195
4862 2 2 1 1 494 2368 2092
4863 2 2 1 1 1195 2044 1949
4864 2 2 1 1 1058 2589 1255
4865 2 2 1 1 2405 2450 876
4866 2 2 1 1 2557 2947 1192
4867 2 2 1 1 1580 1920 504
4868 2 2 1 1 1389 2898 2434
4869 2 2 1 1 893 2460 1821
4870 2 2 1 1 1795 2771 1151
4871 2 2 1 1 677 2895 2198
4872 2 2 1 1 690 2866 1270
4873 2 2 1 1 1044 2355 1666
4874 2 2 1 1 71 2759 796
4875 2 2 1 1 465 2283 466
4876 2 2 1 1 889 2922 1638
4877 2 2 1 1 1660 2315 911
4878 2 2 1 1 883 2042 1799
4879 2 2 1 1 722 2534 328
4880 2 2 1 1 149 2299 1792
4881 2 2 1 1 959 2357 1827
4882 2 2 1 1 1784 2831 398
4883 2 2 1 1 820 2305 2151
4884 2 2 1 1 2558 2612 324
4885 2 2 1 1 1731 2245 296
4886 2 2 1 1 1527 2742 2240
4887 2 2 1 1 1255 2589 1977
4888 2 2 1 1 594 2834 25
4889 2 2 1 1 156 2478 585
4890 2 2 1 1 695 2267 297
4891 2 2 1 1 2062 2639 1113
4892 2 2 1 1 1055 2911 1703
4893 2 2 1 1 1735 2469 32
4894 2 2 1 1 1502 2619 970
4895 2 2 1 1 1063 2473 1536
4896 2 2 1 1 867 2677 1859
4897 2 2 1 1 1903 2040 558
4898 2 2 1 1 627 2295 626
4899 2 2 1 1 647 2493 646
4900 2 2 1 1 1260 2854 1990
4901 2 2 1 1 371 2815 372
4902 2 2 1 1 920 2535 1637
4903 2 2 1 1 998 2381 1886
4904 2 2 1 1 1414 2765 808
4905 2 2 1 1 615 2311 614
4906 2 2 1 1 572 2301 143
4907 2 2 1 1 1736 2300 714
4908 2 2 1 1 1366 2417 1624
4909 2 2 1 1 1008 2453 2065
4910 2 2 1 1 328 2355 722
4911 2 2 1 1 663 2304 255
4912 2 2 1 1 1099 2399 2013
4913 2 2 1 1 147 2849 1828
4914 2 2 1 1 1942 2653 141
4915 2 2 1 1 1073 2824 2067
4916 2 2 1 1 9 2685 545
4917 2 2 1 1 1291 2894 2179
4918 2 2 1 1 1802 2636 422
4919 2 2 1 1 821 2305 820
4920 2 2 1 1 2558 2570 1397
4921 2 2 1 1 125 2121 1575
4922 2 2 1 1 185 1548 1384
4923 2 2 1 1 611 2613 1555
4924 2 2 1 1 1831 2532 718
4925 2 2 1 1 1497 2256 690
4926 2 2 1 1 1163 2665 2382
4927 2 2 1 1 1976 2188 319
4928 2 2 1 1 2063 2509 1076
4929 2 2 1 1 2080 2527 222
4930 2 2 1 1 103 2907 531
4931 2 2 1 1 2401 2939 1723
4932 2 2 1 1 628 2746 629
4933 2 2 1 1 2251 2391 723
4934 2 2 1 1 768 2933 767
4935 2 2 1 1 624 2684 1582
4936 2 2 1 1 392 2520 1721
4937 2 2 1 1 2225 2226 404
4938 2 2 1 1 1784 2645 1053
4939 2 2 1 1 124 2951 1712
4940 2 2 1 1 1682 2763 748
4941 2 2 1 1 1013 2848 1767
4942 2 2 1 1 988 2017 1743
4943 2 2 1 1 1234 2194 1768
4944 2 2 1 1 859 2491 1943
4945 2 2 1 1 1744 2714 1267
4946 2 2 1 1 1603 2607 1093
4947 2 2 1 1 892 2790 1670
4948 2 2 1 1 1091 2704 1821
4949 2 2 1 1 832 2654 831
4950 2 2 1 1 1672 2222 227
4951 2 2 1 1 1714 2848 1013
4952 2 2 1 1 43 2823 716
4953 2 2 1 1 618 2841 2056
4954 2 2 1 1 267 2887 1693
4955 2 2 1 1 669 2426 264
4956 2 2 1 1 387 2334 388
4957 2 2 1 1 703 2488 704
4958 2 2 1 1 293 2855 1614
4959 2 2 1 1 537 2189 536
4960 2 2 1 1 1307 2933 1588
4961 2 2 1 1 947 2860 1664
4962 2 2 1 1 2083 2403 95
4963 2 2 1 1 2395 2745 882
4964 2 2 1 1 152 2885 1734
4965 2 2 1 1 1806 2632 1080
4966 2 2 1 1 731 2784 1706
4967 2 2 1 1 450 2714 1744
4968 2 2 1 1 2314 2421 885
4969 2 2 1 1 526 2354 1686
4970 2 2 1 1 1368 2139 990
4971 2 2 1 1 1641 2911 1055
4972 2 2 1 1 971 2179 1738
4973 2 2 1 1 2130 2131 468
4974 2 2 1 1 758 2210 1699
4975 2 2 1 1 538 2519 537
4976 2 2 1 1 283 2368 494
4977 2 2 1 1 99 2347 1702
4978 2 2 1 1 1708 2928 180
4979 2 2 1 1 836 2516 835
4980 2 2 1 1 23 2909 161
4981 2 2 1 1 1080 2002 1806
4982 2 2 1 1 972 2242 1940
4983 2 2 1 1 1802 2416 1109
4984 2 2 1 1 1076 2772 1854
4985 2 2 1 1 1804 2371 151
4986 2 2 1 1 1090 2268 1795
4987 2 2 1 1 538 1922 1379
4988 2 2 1 1 2088 2584 256
4989 2 2 1 1 666 2707 665
4990 2 2 1 1 1883 2770 115
4991 2 2 1 1 541 2362 542
4992 2 2 1 1 2296 2418 1273
4993 2 2 1 1 2051 2857 985
4994 2 2 1 1 1645 2607 922
4995 2 2 1 1 1057 2828 1685
4996 2 2 1 1 827 2499 826
4997 2 2 1 1 1482 2759 71
4998 2 2 1 1 1022 2272 2029
4999 2 2 1 1 1327 2407 1884
5000 2 2 1 1 251 2396 1384
5001 2 2 1 1 485 2389 484
5002 2 2 1 1 873 2875 2143
5003 2 2 1 1 1591 2541 975
5004 2 2 1 1 835 2516 1659
5005 2 2 1 1 2621 2849 574
5006 2 2 1 1 554 2270 2125
5007 2 2 1 1 1655 2513 302
5008 2 2 1 1 478 2941 1905
5009 2 2 1 1 1019 2792 1485
5010 2 2 1 1 1801 2378 1116
5011 2 2 1 1 389 2253 1705
5012 2 2 1 1 916 2440 1429
5013 2 2 1 1 143 2401 572
5014 2 2 1 1 1543 2343 1845
5015 2 2 1 1 1012 2042 1509
5016 2 2 1 1 1685 2828 976
5017 2 2 1 1 1618 2466 2461
5018 2 2 1 1 1685 2798 1057
5019 2 2 1 1 1774 2528 457
5020 2 2 1 1 1740 2892 1093
5021 2 2 1 1 204 2384 303
5022 2 2 1 1 336 2505 1792
5023 2 2 1 1 342 2353 2263
5024 2 2 1 1 1589 2828 2118
5025 2 2 1 1 1881 2519 1379
5026 2 2 1 1 685 2915 1797
5027 2 2 1 1 319 2934 1976
5028 2 2 1 1 1045 2611 2272
5029 2 2 1 1 1829 2240 612
5030 2 2 1 1 1379 2519 538
5031 2 2 1 1 439 2896 438
5032 2 2 1 1 712 2734 1568
5033 2 2 1 1 1430 2920 1196
5034 2 2 1 1 2092 2401 143
5035 2 2 1 1 650 2725 651
5036 2 2 1 1 1273 2721 2296
5037 2 2 1 1 667 2447 1925
5038 2 2 1 1 1139 2373 932
5039 2 2 1 1 1968 2316 1293
5040 2 2 1 1 2116 2717 298
5041 2 2 1 1 1986 2241 1024
5042 2 2 1 1 1939 2381 998
5043 2 2 1 1 694 2645 296
5044 2 2 1 1 863 2214 1676
5045 2 2 1 1 1562 2951 124
5046 2 2 1 1 256 2711 664
5047 2 2 1 1 1668 2424 587
5048 2 2 1 1 742 2624 2058
5049 2 2 1 1 1930 2207 1061
5050 2 2 1 1 298 2409 696
5051 2 2 1 1 232 2635 650
5052 2 2 1 1 1973 2216 171
5053 2 2 1 1 1727 1993 902
5054 2 2 1 1 299 2625 1695
5055 2 2 1 1 1509 1943 1012
5056 2 2 1 1 1687 2499 827
5057 2 2 1 1 49 2414 50
5058 2 2 1 1 1662 2888 286
5059 2 2 1 1 712 2648 711
5060 2 2 1 1 777 2925 1606
5061 2 2 1 1 875 2754 1924
5062 2 2 1 1 769 2704 768
5063 2 2 1 1 366 2196 1733
5064 2 2 1 1 1820 2713 898
5065 2 2 1 1 216 2825 635
5066 2 2 1 1 1885 2224 1245
5067 2 2 1 1 549 2646 550
5068 2 2 1 1 491 2410 103
5069 2 2 1 1 646 2493 1552
5070 2 2 1 1 176 2891 1816
5071 2 2 1 1 981 2026 1796
5072 2 2 1 1 20 2940 336
5073 2 2 1 1 187 1989 1762
5074 2 2 1 1 925 2892 1740
5075 2 2 1 1 600 2577 1974
5076 2 2 1 1 878 2555 1552
5077 2 2 1 1 680 2597 1678
5078 2 2 1 1 1773 2539 734
5079 2 2 1 1 650 2798 1685
5080 2 2 1 1 492 2942 282
5081 2 2 1 1 647 2880 2493
5082 2 2 1 1 151 2398 1804
5083 2 2 1 1 1445 2747 515
5084 2 2 1 1 513 2889 514
5085 2 2 1 1 700 2593 1853
5086 2 2 1 1 1099 2713 1820
5087 2 2 1 1 1924 2754 1348
5088 2 2 1 1 376 2879 375
5089 2 2 1 1 608 2485 609
5090 2 2 1 1 1607 2565 1004
5091 2 2 1 1 1964 2794 973
5092 2 2 1 1 560 2738 1633
5093 2 2 1 1 1675 2788 176
5094 2 2 1 1 1106 2336 2239
5095 2 2 1 1 352 2168 1844
5096 2 2 1 1 428 2490 90
5097 2 2 1 1 1893 2448 1378
5098 2 2 1 1 1169 2090 1869
5099 2 2 1 1 1631 2103 1031
5100 2 2 1 1 1709 2667 1042
5101 2 2 1 1 552 2554 2442
5102 2 2 1 1 1764 2492 1144
5103 2 2 1 1 1041 1899 1785
5104 2 2 1 1 576 2914 1965
5105 2 2 1 1 234 2716 44
5106 2 2 1 1 1983 2686 1157
5107 2 2 1 1 1916 2672 1279
5108 2 2 1 1 884 2399 1820
5109 2 2 1 1 1136 2885 1610
5110 2 2 1 1 415 2956 416
5111 2 2 1 1 1638 2394 389
5112 2 2 1 1 1776 2282 1036
5113 2 2 1 1 612 2234 1656
5114 2 2 1 1 1053 2497 1722
5115 2 2 1 1 1952 2275 1098
5116 2 2 1 1 222 2377 1805
5117 2 2 1 1 2050 2360 1083
5118 2 2 1 1 1852 2175 975
5119 2 2 1 1 1945 2625 697
5120 2 2 1 1 535 2658 115
5121 2 2 1 1 1693 2887 1486
5122 2 2 1 1 54 2467 109
5123 2 2 1 1 2493 2880 1483
5124 2 2 1 1 298 2717 2122
5125 2 2 1 1 958 2163 1870
5126 2 2 1 1 908 2778 2342
5127 2 2 1 1 136 2609 2192
5128 2 2 1 1 441 2472 442
5129 2 2 1 1 315 2341 162
5130 2 2 1 1 2244 2344 1128
5131 2 2 1 1 268 2468 1760
5132 2 2 1 1 477 2678 828
5133 2 2 1 1 311 2672 1916
5134 2 2 1 1 1728 2255 987
5135 2 2 1 1 629 2746 1551
5136 2 2 1 1 203 2474 1999
5137 2 2 1 1 686 2812 685
5138 2 2 1 1 859 2615 1929
5139 2 2 1 1 1703 2911 946
5140 2 2 1 1 1555 2613 654
5141 2 2 1 1 146 2212 1822
5142 2 2 1 1 831 2654 1947
5143 2 2 1 1 1792 2299 20
5144 2 2 1 1 574 2849 147
5145 2 2 1 1 204 2207 1930
5146 2 2 1 1 2576 2778 908
5147 2 2 1 1 32 2469 192
5148 2 2 1 1 697 2551 1855
5149 2 2 1 1 610 2487 30
5150 2 2 1 1 1865 2560 163
5151 2 2 1 1 1765 2870 344
5152 2 2 1 1 1919 2465 116
5153 2 2 1 1 1919 2435 1209
5154 2 2 1 1 2013 2399 1078
5155 2 2 1 1 514 2418 2296
5156 2 2 1 1 2620 2934 319
5157 2 2 1 1 472 2692 471
5158 2 2 1 1 1717 2912 1016
5159 2 2 1 1 1299 2690 2049
5160 2 2 1 1 1075 2646 1810
5161 2 2 1 1 2561 2641 626
5162 2 2 1 1 2393 2949 1064
5163 2 2 1 1 1916 2591 1170
5164 2 2 1 1 1412 1769 487
5165 2 2 1 1 1760 2468 1046
5166 2 2 1 1 1696 2937 890
5167 2 2 1 1 648 2880 647
5168 2 2 1 1 380 2504 323
5169 2 2 1 1 1933 2550 622
5170 2 2 1 1 199 2548 1152
5171 2 2 1 1 1051 2495 1272
5172 2 2 1 1 1149 2052 1842
5173 2 2 1 1 945 2091 1880
5174 2 2 1 1 273 2475 434
5175 2 2 1 1 1777 1933 678
5176 2 2 1 1 688 2769 1154
5177 2 2 1 1 1278 2788 1675
5178 2 2 1 1 1752 2881 2301
5179 2 2 1 1 1565 2408 1157
5180 2 2 1 1 2044 2897 1491
5181 2 2 1 1 677 2876 271
5182 2 2 1 1 1189 2469 1735
5183 2 2 1 1 237 2175 1852
5184 2 2 1 1 1374 2123 414
5185 2 2 1 1 10 2672 311
5186 2 2 1 1 1227 2948 2116
5187 2 2 1 1 1866 2844 102
5188 2 2 1 1 946 2911 1641
5189 2 2 1 1 748 2763 747
5190 2 2 1 1 2104 2580 437
5191 2 2 1 1 2034 2770 1218
5192 2 2 1 1 1718 2119 1301
5193 2 2 1 1 654 2696 1555
5194 2 2 1 1 1676 2059 783
5195 2 2 1 1 1075 2477 2138
5196 2 2 1 1 1722 2497 556
5197 2 2 1 1 1898 2358 1007
5198 2 2 1 1 352 2431 2020
5199 2 2 1 1 610 2681 184
5200 2 2 1 1 1033 2213 1894
5201 2 2 1 1 46 2837 741
5202 2 2 1 1 490 2822 2553
5203 2 2 1 1 1734 2885 1136
5204 2 2 1 1 1460 2508 1874
5205 2 2 1 1 1485 2440 1019
5206 2 2 1 1 1717 2291 904
5207 2 2 1 1 972 2846 1658
5208 2 2 1 1 561 2833 137
5209 2 2 1 1 1569 2547 724
5210 2 2 1 1 301 2600 427
5211 2 2 1 1 575 2940 20
5212 2 2 1 1 176 2788 424
5213 2 2 1 1 838 2201 229
5214 2 2 1 1 254 2836 662
5215 2 2 1 1 662 2836 2464
5216 2 2 1 1 180 2944 603
5217 2 2 1 1 746 2340 1468
5218 2 2 1 1 1890 2393 1064
5219 2 2 1 1 609 2749 608
5220 2 2 1 1 118 2466 377
5221 2 2 1 1 591 2331 2007
5222 2 2 1 1 1118 2384 1930
5223 2 2 1 1 1783 2157 1282
5224 2 2 1 1 2208 2392 178
5225 2 2 1 1 91 2587 275
5226 2 2 1 1 1573 2949 2393
5227 2 2 1 1 395 2744 749
5228 2 2 1 1 1004 2919 2211
5229 2 2 1 1 1674 2369 1209
5230 2 2 1 1 687 2769 688
5231 2 2 1 1 2143 2598 873
5232 2 2 1 1 579 2630 580
5233 2 2 1 1 162 2667 1709
5234 2 2 1 1 1528 2873 1850
5235 2 2 1 1 1844 2454 418
5236 2 2 1 1 1568 2648 712
5237 2 2 1 1 1866 2807 101
5238 2 2 1 1 244 2643 655
5239 2 2 1 1 248 2623 171
5240 2 2 1 1 2670 2807 1866
5241 2 2 1 1 1833 2756 236
5242 2 2 1 1 285 2764 410
5243 2 2 1 1 1093 2892 1603
5244 2 2 1 1 1824 2749 609
5245 2 2 1 1 1304 2680 1943
5246 2 2 1 1 2317 2319 1335
5247 2 2 1 1 2416 2481 1109
5248 2 2 1 1 1666 2355 328
5249 2 2 1 1 104 2893 361
5250 2 2 1 1 1366 2914 2752
5251 2 2 1 1 730 2814 337
5252 2 2 1 1 1050 2259 1823
5253 2 2 1 1 1818 2812 1161
5254 2 2 1 1 28 2784 731
5255 2 2 1 1 2146 2155 1479
5256 2 2 1 1 1447 2591 881
5257 2 2 1 1 1102 2790 1883
5258 2 2 1 1 1843 2566 953
5259 2 2 1 1 2272 2611 206
5260 2 2 1 1 1034 2944 2005
5261 2 2 1 1 602 2856 179
5262 2 2 1 1 1821 2704 769
5263 2 2 1 1 680 2618 40
5264 2 2 1 1 1689 2869 1184
5265 2 2 1 1 2296 2721 1220
5266 2 2 1 1 429 1956 1185
5267 2 2 1 1 1742 2833 1364
5268 2 2 1 1 528 2776 527
5269 2 2 1 1 636 2533 39
5270 2 2 1 1 1064 2343 1890
5271 2 2 1 1 2027 2714 211
5272 2 2 1 1 1262 2232 212
5273 2 2 1 1 1842 2058 1149
5274 2 2 1 1 2154 2476 1223
5275 2 2 1 1 1242 2076 1970
5276 2 2 1 1 634 2921 633
5277 2 2 1 1 2191 2716 234
5278 2 2 1 1 36 2539 208
5279 2 2 1 1 523 2557 1
5280 2 2 1 1 181 2224 1885
5281 2 2 1 1 1732 2894 931
5282 2 2 1 1 96 2688 265
5283 2 2 1 1 730 2805 2012
5284 2 2 1 1 617 2841 618
5285 2 2 1 1 673 2887 267
5286 2 2 1 1 543 2782 544
5287 2 2 1 1 529 2808 530
5288 2 2 1 1 569 2768 142
5289 2 2 1 1 987 2240 1829
5290 2 2 1 1 419 2867 744
5291 2 2 1 1 1985 2304 1063
5292 2 2 1 1 728 1909 1404
5293 2 2 1 1 1757 1758 1134
5294 2 2 1 1 144 2702 493
5295 2 2 1 1 2043 2944 1034
5296 2 2 1 1 344 2870 736
5297 2 2 1 1 2336 2791 1313
5298 2 2 1 1 1051 2566 1843
5299 2 2 1 1 2 2562 693
5300 2 2 1 1 1205 2594 2536
5301 2 2 1 1 652 2958 233
5302 2 2 1 1 1288 2359 1907
5303 2 2 1 1 1066 2414 1757
5304 2 2 1 1 1892 2840 925
5305 2 2 1 1 524 2898 525
5306 2 2 1 1 984 2430 1803
5307 2 2 1 1 1925 2447 1518
5308 2 2 1 1 1020 2298 1852
5309 2 2 1 1 586 2424 1945
5310 2 2 1 1 1607 2211 786
5311 2 2 1 1 1648 2001 691
5312 2 2 1 1 1010 2397 1736
5313 2 2 1 1 2006 2496 330
5314 2 2 1 1 189 2318 1439
5315 2 2 1 1 585 2926 156
5316 2 2 1 1 1095 2396 2264
5317 2 2 1 1 1065 2037 1574
5318 2 2 1 1 474 2882 318
5319 2 2 1 1 349 2733 2370
5320 2 2 1 1 2482 2861 157
5321 2 2 1 1 920 2731 2535
5322 2 2 1 1 1934 2441 1363
5323 2 2 1 1 1740 2247 925
5324 2 2 1 1 525 2563 2112
5325 2 2 1 1 1686 2354 692
5326 2 2 1 1 1936 2518 1593
5327 2 2 1 1 523 2773 93
5328 2 2 1 1 696 2596 23
5329 2 2 1 1 2279 2794 1138
5330 2 2 1 1 1821 2460 1091
5331 2 2 1 1 1876 2584 1096
5332 2 2 1 1 324 2612 5
5333 2 2 1 1 1825 2805 337
5334 2 2 1 1 997 2148 1630
5335 2 2 1 1 706 2621 19
5336 2 2 1 1 1767 2931 1092
5337 2 2 1 1 2010 2032 226
5338 2 2 1 1 343 2244 1778
5339 2 2 1 1 286 2724 1662
5340 2 2 1 1 1845 2343 1064
5341 2 2 1 1 1829 2656 1017
5342 2 2 1 1 313 2826 392
5343 2 2 1 1 119 2637 7
5344 2 2 1 1 1106 2791 2336
5345 2 2 1 1 1835 2357 959
5346 2 2 1 1 568 2813 141
5347 2 2 1 1 575 2914 576
5348 2 2 1 1 2221 2946 1081
5349 2 2 1 1 311 2430 2031
5350 2 2 1 1 796 2759 1651
5351 2 2 1 1 1954 2835 1111
5352 2 2 1 1 932 2675 1204
5353 2 2 1 1 1614 2671 2421
5354 2 2 1 1 1781 2257 443
5355 2 2 1 1 222 2691 2377
5356 2 2 1 1 2388 2461 118
5357 2 2 1 1 801 2803 168
5358 2 2 1 1 1810 2610 1075
5359 2 2 1 1 1008 2402 1801
5360 2 2 1 1 1 2647 277
5361 2 2 1 1 1032 2625 1945
5362 2 2 1 1 2148 2202 986
5363 2 2 1 1 1067 2528 1774
5364 2 2 1 1 969 2441 1934
5365 2 2 1 1 2535 2731 1442
5366 2 2 1 1 312 2762 706
5367 2 2 1 1 1706 2784 605
5368 2 2 1 1 1749 2662 158
5369 2 2 1 1 334 2720 11
5370 2 2 1 1 271 2662 1749
5371 2 2 1 1 645 2486 1793
5372 2 2 1 1 418 2431 1844
5373 2 2 1 1 1885 2779 181
5374 2 2 1 1 9 2852 281
5375 2 2 1 1 568 2660 17
5376 2 2 1 1 1725 2395 1040
5377 2 2 1 1 120 2666 8
5378 2 2 1 1 115 2770 535
5379 2 2 1 1 1117 2653 2578
5380 2 2 1 1 1272 2579 1726
5381 2 2 1 1 1275 2626 153
5382 2 2 1 1 603 2830 1708
5383 2 2 1 1 354 2774 291
5384 2 2 1 1 939 1980 1592
5385 2 2 1 1 2188 2798 651
5386 2 2 1 1 1527 2240 987
5387 2 2 1 1 92 2197 1556
5388 2 2 1 1 2533 2847 1203
5389 2 2 1 1 2209 2785 1287
5390 2 2 1 1 1876 2711 256
5391 2 2 1 1 1059 2805 1825
5392 2 2 1 1 2622 2650 96
5393 2 2 1 1 1314 2838 1677
5394 2 2 1 1 1886 2700 99
5395 2 2 1 1 192 2734 32
5396 2 2 1 1 1061 2474 1930
5397 2 2 1 1 1957 2893 1526
5398 2 2 1 1 20 2752 575
5399 2 2 1 1 102 2844 2030
5400 2 2 1 1 1131 2536 2248
5401 2 2 1 1 192 2469 2115
5402 2 2 1 1 1181 2901 713
5403 2 2 1 1 1053 2645 2054
5404 2 2 1 1 322 2686 1983
5405 2 2 1 1 1364 2870 1765
5406 2 2 1 1 2262 2267 695
5407 2 2 1 1 696 2853 298
5408 2 2 1 1 259 2698 2338
5409 2 2 1 1 1094 2683 2218
5410 2 2 1 1 190 2750 287
5411 2 2 1 1 2434 2898 524
5412 2 2 1 1 263 2820 58
5413 2 2 1 1 2099 2411 1070
5414 2 2 1 1 1235 2960 1629
5415 2 2 1 1 1945 2424 1032
5416 2 2 1 1 1790 2553 1252
5417 2 2 1 1 2292 2435 1102
5418 2 2 1 1 1221 2204 1953
5419 2 2 1 1 1994 2437 1035
5420 2 2 1 1 2065 2453 239
5421 2 2 1 1 1137 2333 2004
5422 2 2 1 1 2024 2668 860
5423 2 2 1 1 1730 2624 743
5424 2 2 1 1 692 2700 1886
5425 2 2 1 1 2126 2876 677
5426 2 2 1 1 1172 2641 2561
5427 2 2 1 1 1767 2848 446
5428 2 2 1 1 2428 2787 1128
5429 2 2 1 1 311 2961 10
5430 2 2 1 1 1088 2958 2093
5431 2 2 1 1 2655 2841 617
5432 2 2 1 1 1034 2889 1951
5433 2 2 1 1 536 2532 1831
5434 2 2 1 1 2359 2567 1608
5435 2 2 1 1 1353 2912 2161
5436 2 2 1 1 1844 2431 352
5437 2 2 1 1 1159 2525 1770
5438 2 2 1 1 1804 2398 1054
5439 2 2 1 1 2171 2863 1335
5440 2 2 1 1 721 2829 327
5441 2 2 1 1 557 2497 2054
5442 2 2 1 1 1574 2136 1085
5443 2 2 1 1 542 2362 2075
5444 2 2 1 1 904 2912 1717
5445 2 2 1 1 162 2341 1865
5446 2 2 1 1 1551 2746 1373
5447 2 2 1 1 1879 2484 1056
5448 2 2 1 1 1209 2435 2292
5449 2 2 1 1 1198 2851 1932
5450 2 2 1 1 2051 2958 1088
5451 2 2 1 1 916 2610 1810
5452 2 2 1 1 1280 2799 585
5453 2 2 1 1 2528 2888 1240
5454 2 2 1 1 1089 2575 1864
5455 2 2 1 1 1045 2687 1936
5456 2 2 1 1 1864 2575 980
5457 2 2 1 1 1883 2292 1102
5458 2 2 1 1 1239 2653 1942
5459 2 2 1 1 2068 2908 1186
5460 2 2 1 1 2631 2632 1806
5461 2 2 1 1 616 2631 1806
5462 2 2 1 1 621 2550 1890
5463 2 2 1 1 1457 2817 1050
5464 2 2 1 1 1812 2588 1082
5465 2 2 1 1 1160 2480 1835
5466 2 2 1 1 2170 2653 1117
5467 2 2 1 1 2170 2660 568
5468 2 2 1 1 1914 2268 1090
5469 2 2 1 1 1028 2029 2028
5470 2 2 1 1 2058 2624 1023
5471 2 2 1 1 284 2202 2148
5472 2 2 1 1 664 2899 256
5473 2 2 1 1 194 2281 2104
5474 2 2 1 1 637 2300 1736
5475 2 2 1 1 2112 2460 1372
5476 2 2 1 1 222 2618 1657
5477 2 2 1 1 599 2959 178
5478 2 2 1 1 1537 2649 815
5479 2 2 1 1 1958 2850 193
5480 2 2 1 1 1233 2930 1899
5481 2 2 1 1 2699 2863 1490
5482 2 2 1 1 425 2275 1952
5483 2 2 1 1 932 2373 2121
5484 2 2 1 1 2099 2505 336
5485 2 2 1 1 2264 2396 251
5486 2 2 1 1 553 2263 2261
5487 2 2 1 1 327 2930 721
5488 2 2 1 1 2176 2806 1131
5489 2 2 1 1 1133 2934 2131
5490 2 2 1 1 1021 2393 1890
5491 2 2 1 1 1812 2577 601
5492 2 2 1 1 2115 2469 1189
5493 2 2 1 1 488 2905 91
5494 2 2 1 1 2010 2886 1215
5495 2 2 1 1 1081 2946 2768
5496 2 2 1 1 1439 2484 688
5497 2 2 1 1 1826 2588 882
5498 2 2 1 1 2536 2594 880
5499 2 2 1 1 2095 2840 1014
5500 2 2 1 1 1299 2840 2095
5501 2 2 1 1 685 2812 1818
5502 2 2 1 1 2005 2889 1034
5503 2 2 1 1 925 2247 1892
5504 2 2 1 1 1100 2511 2165
5505 2 2 1 1 1596 2313 1021
5506 2 2 1 1 1103 2846 1940
5507 2 2 1 1 1079 2718 2371
5508 2 2 1 1 635 2825 2780
5509 2 2 1 1 337 2814 2011
5510 2 2 1 1 1076 2509 1872
5511 2 2 1 1 2105 2679 1265
5512 2 2 1 1 1723 2939 941
5513 2 2 1 1 161 2909 1855
5514 2 2 1 1 1894 2213 207
5515 2 2 1 1 1828 2849 1175
5516 2 2 1 1 93 2947 523
5517 2 2 1 1 296 2645 1784
5518 2 2 1 1 1082 2588 1826
5519 2 2 1 1 874 2177 1948
5520 2 2 1 1 1571 2802 2592
5521 2 2 1 1 1657 2691 222
5522 2 2 1 1 116 2435 1919
5523 2 2 1 1 2258 2743 1622
5524 2 2 1 1 1634 2689 419
5525 2 2 1 1 1872 2509 872
5526 2 2 1 1 1040 2496 2006
5527 2 2 1 1 1447 2761 2152
5528 2 2 1 1 1913 2673 288
5529 2 2 1 1 1676 2214 2059
5530 2 2 1 1 102 2670 1866
5531 2 2 1 1 130 2863 2699
5532 2 2 1 1 1823 2022 1050
5533 2 2 1 1 2028 2029 447
5534 2 2 1 1 1907 2750 1288
5535 2 2 1 1 1167 2722 2297
5536 2 2 1 1 2324 2834 1466
5537 2 2 1 1 217 2847 636
5538 2 2 1 1 1530 2220 642
5539 2 2 1 1 1195 2302 2044
5540 2 2 1 1 1082 2577 1812
5541 2 2 1 1 1005 2157 1783
5542 2 2 1 1 2047 2807 1415
5543 2 2 1 1 1811 2638 367
5544 2 2 1 1 2055 2536 1131
5545 2 2 1 1 1938 2036 167
5546 2 2 1 1 1839 2515 909
5547 2 2 1 1 1191 2527 2080
5548 2 2 1 1 1469 2865 97
5549 2 2 1 1 1461 2913 2575
5550 2 2 1 1 2308 2864 1803
5551 2 2 1 1 884 2661 2470
5552 2 2 1 1 1111 2262 1954
5553 2 2 1 1 1615 2904 1292
5554 2 2 1 1 1854 2772 764
5555 2 2 1 1 447 2173 1122
5556 2 2 1 1 1439 1907 189
5557 2 2 1 1 2004 2333 1162
5558 2 2 1 1 1072 2890 1709
5559 2 2 1 1 1678 2597 2016
5560 2 2 1 1 2297 2722 1290
5561 2 2 1 1 275 2587 2082
5562 2 2 1 1 423 2206 1973
5563 2 2 1 1 1124 2832 2186
5564 2 2 1 1 2376 2390 1117
5565 2 2 1 1 266 2319 2317
5566 2 2 1 1 1971 2279 597
5567 2 2 1 1 1862 2669 698
5568 2 2 1 1 182 2779 1885
5569 2 2 1 1 1084 2738 1808
5570 2 2 1 1 1790 2943 1330
5571 2 2 1 1 1810 2646 549
5572 2 2 1 1 2752 2914 575
5573 2 2 1 1 1756 2926 585
5574 2 2 1 1 2038 2367 1190
5575 2 2 1 1 331 2842 219
5576 2 2 1 1 1057 2188 1976
5577 2 2 1 1 2093 2446 1088
5578 2 2 1 1 550 2961 2031
5579 2 2 1 1 1880 2564 1129
5580 2 2 1 1 1745 2450 1164
5581 2 2 1 1 2219 2540 1074
5582 2 2 1 1 2240 2742 611
5583 2 2 1 1 1334 2199 2175
5584 2 2 1 1 1175 2762 1848
5585 2 2 1 1 723 2547 1838
5586 2 2 1 1 1135 2540 671
5587 2 2 1 1 1068 2426 2030
5588 2 2 1 1 150 2874 2134
5589 2 2 1 1 1048 2953 1851
5590 2 2 1 1 1500 2412 2020
5591 2 2 1 1 986 2359 1288
5592 2 2 1 1 2248 2536 880
5593 2 2 1 1 2202 2567 986
5594 2 2 1 1 1462 2554 1105
5595 2 2 1 1 1176 2711 1876
5596 2 2 1 1 1018 2408 1565
5597 2 2 1 1 1671 2718 951
5598 2 2 1 1 2131 2934 1089
5599 2 2 1 1 2658 2761 1447
5600 2 2 1 1 615 2669 2311
5601 2 2 1 1 1350 2572 1058
5602 2 2 1 1 2011 2814 1179
5603 2 2 1 1 2780 2825 1361
5604 2 2 1 1 1062 2316 1968
5605 2 2 1 1 194 2543 2281
5606 2 2 1 1 1063 2304 2085
5607 2 2 1 1 2138 2646 1075
5608 2 2 1 1 1890 2550 1021
5609 2 2 1 1 2167 2604 1180
5610 2 2 1 1 1819 2556 1333
5611 2 2 1 1 256 2899 2088
5612 2 2 1 1 2218 2683 1238
5613 2 2 1 1 1221 2392 2208
5614 2 2 1 1 2165 2511 1165
5615 2 2 1 1 1204 2659 1139
5616 2 2 1 1 958 2881 1752
5617 2 2 1 1 1940 2846 972
5618 2 2 1 1 2409 2596 696
5619 2 2 1 1 691 2381 1213
5620 2 2 1 1 1517 2868 2326
5621 2 2 1 1 1843 2495 1051
5622 2 2 1 1 1014 2840 1892
5623 2 2 1 1 767 2933 1307
5624 2 2 1 1 1349 2421 2314
5625 2 2 1 1 2751 2938 480
5626 2 2 1 1 2030 2844 1068
5627 2 2 1 1 745 2859 1759
5628 2 2 1 1 1930 2474 1118
5629 2 2 1 1 881 2591 1916
5630 2 2 1 1 93 2773 2063
5631 2 2 1 1 1001 2906 2200
5632 2 2 1 1 1030 2544 1871
5633 2 2 1 1 1202 2584 2088
5634 2 2 1 1 2088 2271 1202
5635 2 2 1 1 2104 2281 1033
5636 2 2 1 1 1009 2897 2450
5637 2 2 1 1 2153 2531 693
5638 2 2 1 1 330 2928 2006
5639 2 2 1 1 2402 2837 1801
5640 2 2 1 1 2820 2883 58
5641 2 2 1 1 1720 2546 316
5642 2 2 1 1 1198 2325 2062
5643 2 2 1 1 1970 2076 100
5644 2 2 1 1 2039 2629 915
5645 2 2 1 1 2031 2961 311
5646 2 2 1 1 2012 2805 1059
5647 2 2 1 1 1035 2608 2173
5648 2 2 1 1 1404 2675 2141
5649 2 2 1 1 2020 2412 352
5650 2 2 1 1 2732 2816 331
5651 2 2 1 1 1384 2656 185
5652 2 2 1 1 2238 2239 1476
5653 2 2 1 1 2182 2590 695
5654 2 2 1 1 1218 2770 1883
5655 2 2 1 1 2050 2954 707
5656 2 2 1 1 336 2411 2099
5657 2 2 1 1 426 2955 2275
5658 2 2 1 1 1633 2738 1084
5659 2 2 1 1 535 2761 2658
5660 2 2 1 1 1149 2941 2052
5661 2 2 1 1 2589 2925 778
5662 2 2 1 1 706 2762 2621
5663 2 2 1 1 1865 2341 1000
5664 2 2 1 1 514 2889 2005
5665 2 2 1 1 1077 2644 2269
5666 2 2 1 1 660 2525 1756
5667 2 2 1 1 2313 2393 1021
5668 2 2 1 1 2063 2773 1158
5669 2 2 1 1 1974 2577 1082
5670 2 2 1 1 787 2510 1607
5671 2 2 1 1 870 2322 2321
5672 2 2 1 1 1127 2743 2258
5673 2 2 1 1 535 2770 2034
5674 2 2 1 1 1074 2670 2219
5675 2 2 1 1 633 2921 1895
5676 2 2 1 1 642 2771 1795
5677 2 2 1 1 2301 2309 143
5678 2 2 1 1 565 2242 2159
5679 2 2 1 1 2054 2497 1053
5680 2 2 1 1 1805 2404 843
5681 2 2 1 1 1996 2640 569
5682 2 2 1 1 1300 2844 1866
5683 2 2 1 1 1786 2003 855
5684 2 2 1 1 1751 2542 113
5685 2 2 1 1 1351 2836 2039
5686 2 2 1 1 1035 2173 2074
5687 2 2 1 1 2302 2405 876
5688 2 2 1 1 880 2594 2181
5689 2 2 1 1 2173 2608 1122
5690 2 2 1 1 2786 2951 1562
5691 2 2 1 1 1045 1936 1593
5692 2 2 1 1 761 2429 1875
5693 2 2 1 1 2030 2426 669
5694 2 2 1 1 229 2201 2086
5695 2 2 1 1 2385 2955 426
5696 2 2 1 1 298 2853 2116
5697 2 2 1 1 97 1955 1480
5698 2 2 1 1 375 2879 1934
5699 2 2 1 1 1347 2835 1954
5700 2 2 1 1 1199 2390 2376
5701 2 2 1 1 870 2757 2322
5702 2 2 1 1 2211 2919 886
5703 2 2 1 1 153 2626 2014
5704 2 2 1 1 1463 2938 2751
5705 2 2 1 1 573 2954 2050
5706 2 2 1 1 682 2457 1975
5707 2 2 1 1 1223 2449 2154
5708 2 2 1 1 1071 2626 2073
5709 2 2 1 1 2200 2494 1001
5710 2 2 1 1 939 2895 1966
5711 2 2 1 1 1302 2367 2038
5712 2 2 1 1 2046 2775 1043
5713 2 2 1 1 2680 2919 1012
5714 2 2 1 1 1155 2403 2083
5715 2 2 1 1 1951 2889 513
5716 2 2 1 1 1404 2141 1077
5717 2 2 1 1 1549 2823 2725
5718 2 2 1 1 2120 2886 467
5719 2 2 1 1 1759 2859 1146
5720 2 2 1 1 523 2947 2557
5721 2 2 1 1 1009 2450 1745
5722 2 2 1 1 2342 2778 1094
5723 2 2 1 1 1298 2821 2455
5724 2 2 1 1 747 2763 1874
5725 2 2 1 1 1872 2772 1076
5726 2 2 1 1 2013 2819 230
5727 2 2 1 1 2031 2430 984
5728 2 2 1 1 1153 2931 199
5729 2 2 1 1 1739 2555 1110
5730 2 2 1 1 1796 2695 258
5731 2 2 1 1 665 2707 2276
5732 2 2 1 1 2708 2775 1219
5733 2 2 1 1 2085 2304 663
5734 2 2 1 1 1083 2705 2212
5735 2 2 1 1 257 2663 2000
5736 2 2 1 1 2073 2626 1275
5737 2 2 1 1 1109 2481 2147
5738 2 2 1 1 2059 2214 1104
5739 2 2 1 1 1392 2745 2320
5740 2 2 1 1 1161 2812 2307
5741 2 2 1 1 90 2490 2378
5742 2 2 1 1 1895 2921 1425
5743 2 2 1 1 1913 2781 1110
5744 2 2 1 1 2269 2644 1201
5745 2 2 1 1 1963 2324 1051
5746 2 2 1 1 984 2864 1877
5747 2 2 1 1 1990 2854 1130
5748 2 2 1 1 1156 2309 2301
5749 2 2 1 1 636 2847 2533
5750 2 2 1 1 157 2861 2078
5751 2 2 1 1 2252 2633 1215
5752 2 2 1 1 2025 2753 1444
5753 2 2 1 1 2118 2828 1057
5754 2 2 1 1 551 2442 1782
5755 2 2 1 1 585 2478 1280
5756 2 2 1 1 1110 2781 1739
5757 2 2 1 1 627 2641 1921
5758 2 2 1 1 2286 2501 1305
5759 2 2 1 1 1106 2239 2238
5760 2 2 1 1 2085 2473 1063
5761 2 2 1 1 1205 2536 2055
5762 2 2 1 1 2054 2645 694
5763 2 2 1 1 1123 2716 2191
5764 2 2 1 1 1855 2909 697
5765 2 2 1 1 1071 2945 2014
5766 2 2 1 1 659 2481 1251
5767 2 2 1 1 741 2837 2402
5768 2 2 1 1 1521 2827 449
5769 2 2 1 1 900 2743 1693
5770 2 2 1 1 1291 2461 2388
5771 2 2 1 1 674 2640 2468
5772 2 2 1 1 1057 2798 2188
5773 2 2 1 1 1000 2884 1962
5774 2 2 1 1 1244 2629 2039
5775 2 2 1 1 638 2437 1994
5776 2 2 1 1 525 2898 1969
5777 2 2 1 1 1018 2953 2935
5778 2 2 1 1 2453 2903 1125
5779 2 2 1 1 2028 2185 1028
5780 2 2 1 1 2200 2906 1188
5781 2 2 1 1 2748 2760 1172
5782 2 2 1 1 1078 2927 2086
5783 2 2 1 1 1196 2604 2167
5784 2 2 1 1 248 2797 2400
5785 2 2 1 1 1141 2951 2786
5786 2 2 1 1 1592 2895 939
5787 2 2 1 1 1927 2880 648
5788 2 2 1 1 2014 2626 1071
5789 2 2 1 1 361 2893 1957
5790 2 2 1 1 2014 2945 152
5791 2 2 1 1 179 2856 2418
5792 2 2 1 1 2154 2449 1119
5793 2 2 1 1 885 2708 2314
5794 2 2 1 1 2280 2732 331
5795 2 2 1 1 1936 2687 711
5796 2 2 1 1 351 2476 2154
5797 2 2 1 1 2668 2903 860
5798 2 2 1 1 1141 2786 2413
5799 2 2 1 1 2183 2488 1218
5800 2 2 1 1 1000 2560 1865
5801 2 2 1 1 481 2938 1807
5802 2 2 1 1 207 2827 2098
5803 2 2 1 1 2078 2861 1302
5804 2 2 1 1 2026 2695 1796
5805 2 2 1 1 122 2727 2726
5806 2 2 1 1 888 2758 1253
5807 2 2 1 1 1225 2668 2024
5808 2 2 1 1 1361 2760 2748
5809 2 2 1 1 1719 2674 347
5810 2 2 1 1 1098 2955 2717
5811 2 2 1 1 1868 2825 216
5812 2 2 1 1 2470 2661 1478
5813 2 2 1 1 724 2391 1530
5814 2 2 1 1 2553 2822 1252
5815 2 2 1 1 664 2711 2337
5816 2 2 1 1 1250 2740 2100
5817 2 2 1 1 2121 2373 866
5818 2 2 1 1 2016 2597 639
5819 2 2 1 1 2011 2896 337
5820 2 2 1 1 834 2756 1833
5821 2 2 1 1 2379 2683 215
5822 2 2 1 1 1166 2939 2401
5823 2 2 1 1 1043 2775 2671
5824 2 2 1 1 2314 2708 1155
5825 2 2 1 1 141 2653 2170
5826 2 2 1 1 2321 2322 1031
5827 2 2 1 1 2067 2824 274
5828 2 2 1 1 1773 2227 903
5829 2 2 1 1 1130 2854 2098
5830 2 2 1 1 2717 2955 1355
5831 2 2 1 1 1091 2460 2112
5832 2 2 1 1 2372 2373 1139
5833 2 2 1 1 1125 2903 2668
5834 2 2 1 1 2261 2554 552
5835 2 2 1 1 2725 2823 651
5836 2 2 1 1 1084 2505 2099
5837 2 2 1 1 215 2683 2443
5838 2 2 1 1 1098 2717 2116
5839 2 2 1 1 1932 2851 1232
5840 2 2 1 1 269 2552 2053
5841 2 2 1 1 2443 2778 1400
5842 2 2 1 1 252 2960 2106
5843 2 2 1 1 2378 2490 1116
5844 2 2 1 1 2394 2922 1132
5845 2 2 1 1 2158 2635 232
5846 2 2 1 1 2122 2717 1355
5847 2 2 1 1 1219 2775 2046
5848 2 2 1 1 141 2813 2195
5849 2 2 1 1 2005 2944 180
5850 2 2 1 1 2418 2856 1273
5851 2 2 1 1 1476 2739 2492
5852 2 2 1 1 226 2886 2010
5853 2 2 1 1 2578 2653 1239
5854 2 2 1 1 2049 2892 925
5855 2 2 1 1 2732 2838 1314
5856 2 2 1 1 1133 2131 2130
5857 2 2 1 1 1203 2633 2252
5858 2 2 1 1 986 2567 2359
5859 2 2 1 1 2195 2813 1176
5860 2 2 1 1 595 2695 2026
5861 2 2 1 1 2100 2740 982
5862 2 2 1 1 603 2944 2043
5863 2 2 1 1 2726 2727 1358
5864 2 2 1 1 859 2616 2615
5865 2 2 1 1 331 2816 2432
5866 2 2 1 1 2086 2927 229
5867 2 2 1 1 1204 2675 1909
5868 2 2 1 1 2471 2489 1408
5869 2 2 1 1 1346 2740 2479
5870 2 2 1 1 2281 2543 329
5871 2 2 1 1 1969 2898 1389
5872 2 2 1 1 2291 2810 904
5873 2 2 1 1 2309 2942 492
5874 2 2 1 1 858 2378 1801
5875 2 2 1 1 2410 2907 103
5876 2 2 1 1 1182 2918 2145
5877 2 2 1 1 2098 2854 1006
5878 2 2 1 1 2737 2833 561
5879 2 2 1 1 2270 2923 1086
5880 2 2 1 1 918 2665 2140
5881 2 2 1 1 233 2958 2051
5882 2 2 1 1 2125 2627 126
5883 2 2 1 1 2112 2563 1091
5884 2 2 1 1 1748 2957 1311
5885 2 2 1 1 1634 2453 1125
5886 2 2 1 1 2818 2921 634
5887 2 2 1 1 1096 2584 2225
5888 2 2 1 1 1364 2833 2737
5889 2 2 1 1 1088 2857 2051
5890 2 2 1 1 2303 2730 1345
5891 2 2 1 1 274 2824 2521
5892 2 2 1 1 2301 2881 1156
5893 2 2 1 1 1884 2815 1327
5894 2 2 1 1 1962 2884 710
5895 2 2 1 1 1270 2730 2303
5896 2 2 1 1 1693 2743 1127
5897 2 2 1 1 885 2775 2708
5898 2 2 1 1 1151 2771 2246
5899 2 2 1 1 230 2819 2730
5900 2 2 1 1 2116 2853 1227
5901 2 2 1 1 2406 2408 1018
5902 2 2 1 1 2065 2402 1008
5903 2 2 1 1 2225 2584 1202
5904 2 2 1 1 2443 2683 1094
5905 2 2 1 1 1086 2627 2125
5906 2 2 1 1 1946 2082 1126
5907 2 2 1 1 1801 2837 858
5908 2 2 1 1 2673 2902 288
5909 2 2 1 1 2352 2851 864
5910 2 2 1 1 2006 2928 1041
5911 2 2 1 1 1803 2864 984
5912 2 2 1 1 2341 2884 1000
5913 2 2 1 1 1025 2652 2140
5914 2 2 1 1 1157 2408 887
5915 2 2 1 1 1261 2522 2521
5916 2 2 1 1 550 2646 2138
5917 2 2 1 1 1136 2489 2471
5918 2 2 1 1 2351 2945 1071
5919 2 2 1 1 1638 2922 2394
5920 2 2 1 1 2145 2918 871
5921 2 2 1 1 2135 2922 889
5922 2 2 1 1 2492 2739 1144
5923 2 2 1 1 1407 2810 2291
5924 2 2 1 1 675 2501 2286
5925 2 2 1 1 1132 2922 2135
5926 2 2 1 1 2093 2958 652
5927 2 2 1 1 527 2776 2422
5928 2 2 1 1 1943 2491 1304
5929 2 2 1 1 2276 2707 1103
5930 2 2 1 1 2117 2950 1595
5931 2 2 1 1 2387 2715 1112
5932 2 2 1 1 1131 2806 2055
5933 2 2 1 1 2376 2578 891
5934 2 2 1 1 2125 2270 1086
5935 2 2 1 1 2585 2586 1328
5936 2 2 1 1 2521 2843 274
5937 2 2 1 1 2659 2720 334
5938 2 2 1 1 2192 2609 1070
5939 2 2 1 1 2320 2745 1143
5940 2 2 1 1 1907 2359 189
5941 2 2 1 1 2312 2768 569
5942 2 2 1 1 2642 2657 1048
5943 2 2 1 1 1081 2768 2312
5944 2 2 1 1 1425 2921 2818
5945 2 2 1 1 2390 2663 666
5946 2 2 1 1 1117 2578 2376
5947 2 2 1 1 2500 2811 1229
5948 2 2 1 1 2651 2808 529
5949 2 2 1 1 736 2870 2737
5950 2 2 1 1 2290 2814 730
5951 2 2 1 1 2605 2769 687
5952 2 2 1 1 1094 2778 2443
5953 2 2 1 1 2116 2948 1098
5954 2 2 1 1 1603 2892 2049
5955 2 2 1 1 2456 2681 610
5956 2 2 1 1 2134 2874 346
5957 2 2 1 1 1095 2216 1973
5958 2 2 1 1 2263 2353 1263
5959 2 2 1 1 609 2485 2127
5960 2 2 1 1 544 2782 2307
5961 2 2 1 1 1593 2611 1045
5962 2 2 1 1 531 2907 2241
5963 2 2 1 1 1239 2946 2221
5964 2 2 1 1 721 2930 2795
5965 2 2 1 1 1004 2565 1799
5966 2 2 1 1 2506 2664 1559
5967 2 2 1 1 2767 2899 664
5968 2 2 1 1 1205 2595 2594
5969 2 2 1 1 596 2480 2126
5970 2 2 1 1 2082 2701 1126
5971 2 2 1 1 1169 2405 2302
5972 2 2 1 1 1158 2773 2335
5973 2 2 1 1 1238 2683 2379
5974 2 2 1 1 1415 2807 2670
5975 2 2 1 1 1422 2952 2133
5976 2 2 1 1 438 2896 2011
5977 2 2 1 1 2432 2842 331
5978 2 2 1 1 1176 2813 2337
5979 2 2 1 1 1733 2196 1377
5980 2 2 1 1 303 2809 2561
5981 2 2 1 1 2246 2771 643
5982 2 2 1 1 655 2643 2456
5983 2 2 1 1 2322 2757 1310
5984 2 2 1 1 515 2917 2280
5985 2 2 1 1 1955 2865 1208
5986 2 2 1 1 1206 2783 2439
5987 2 2 1 1 2403 2708 1219
5988 2 2 1 1 271 2876 2310
5989 2 2 1 1 2197 2883 1140
5990 2 2 1 1 580 2630 2463
5991 2 2 1 1 2671 2775 885
5992 2 2 1 1 1220 2850 1958
5993 2 2 1 1 2198 2895 1592
5994 2 2 1 1 2190 2652 1025
5995 2 2 1 1 2377 2691 1193
5996 2 2 1 1 2057 2956 415
5997 2 2 1 1 887 2408 2406
5998 2 2 1 1 1975 2457 1382
5999 2 2 1 1 2524 2783 1206
6000 2 2 1 1 1199 2663 2390
6001 2 2 1 1 2181 2594 1350
6002 2 2 1 1 2275 2955 1098
6003 2 2 1 1 1110 2673 1913
6004 2 2 1 1 1215 2886 2120
6005 2 2 1 1 1243 2677 2432
6006 2 2 1 1 1232 2851 2352
6007 2 2 1 1 1632 2792 1019
6008 2 2 1 1 1264 2769 2605
6009 2 2 1 1 620 2343 1543
6010 2 2 1 1 321 2924 1998
6011 2 2 1 1 2219 2670 102
6012 2 2 1 1 2719 2793 1192
6013 2 2 1 1 1147 2701 2082
6014 2 2 1 1 1179 2814 2290
6015 2 2 1 1 2335 2773 523
6016 2 2 1 1 681 2950 2117
6017 2 2 1 1 365 2806 2176
6018 2 2 1 1 2422 2906 1187
6019 2 2 1 1 247 2712 2498
6020 2 2 1 1 2337 2813 568
6021 2 2 1 1 2668 2689 1125
6022 2 2 1 1 2568 2599 1146
6023 2 2 1 1 1146 2599 2598
6024 2 2 1 1 775 2494 2200
6025 2 2 1 1 324 2571 2570
6026 2 2 1 1 1217 2681 2456
6027 2 2 1 1 2088 2899 1226
6028 2 2 1 1 2435 2804 1102
6029 2 2 1 1 2538 2829 721
6030 2 2 1 1 2422 2776 1188
6031 2 2 1 1 2442 2554 1462
6032 2 2 1 1 2307 2812 686
6033 2 2 1 1 1795 2268 642
6034 2 2 1 1 2310 2876 1160
6035 2 2 1 1 2502 2959 599
6036 2 2 1 1 2236 2920 1430
6037 2 2 1 1 258 2834 2324
6038 2 2 1 1 2479 2740 1250
6039 2 2 1 1 2370 2733 1174
6040 2 2 1 1 2737 2870 1364
6041 2 2 1 1 1997 2564 534
6042 2 2 1 1 2337 2711 1176
6043 2 2 1 1 2307 2782 1161
6044 2 2 1 1 264 2664 2506
6045 2 2 1 1 1365 2907 2410
6046 2 2 1 1 1139 2659 1748
6047 2 2 1 1 2241 2907 1365
6048 2 2 1 1 2433 2853 696
6049 2 2 1 1 2280 2917 218
6050 2 2 1 1 2455 2821 1180
6051 2 2 1 1 116 2804 2435
6052 2 2 1 1 1604 2945 2351
6053 2 2 1 1 1224 2793 2719
6054 2 2 1 1 1105 2554 2261
6055 2 2 1 1 1284 2808 2651
6056 2 2 1 1 1170 2591 2152
6057 2 2 1 1 1694 2891 176
6058 2 2 1 1 2349 2939 1166
6059 2 2 1 1 1330 2943 112
6060 2 2 1 1 1467 2650 2622
6061 2 2 1 1 1189 2783 2524
6062 2 2 1 1 2436 2903 1008
6063 2 2 1 1 1196 2920 2604
6064 2 2 1 1 2935 2953 865
6065 2 2 1 1 2152 2591 1447
6066 2 2 1 1 1156 2942 2309
6067 2 2 1 1 1202 2226 2225
6068 2 2 1 1 1155 2708 2403
6069 2 2 1 1 1315 2657 2642
6070 2 2 1 1 2456 2643 1217
6071 2 2 1 1 2000 2663 1199
6072 2 2 1 1 941 2939 2349
6073 2 2 1 1 2463 2630 1222
6074 2 2 1 1 1137 2959 2502
6075 2 2 1 1 178 2959 2438
6076 2 2 1 1 860 2903 2436
6077 2 2 1 1 2432 2677 1171
6078 2 2 1 1 1314 2816 2732
6079 2 2 1 1 2602 2835 1347
6080 2 2 1 1 1225 2689 2668
6081 2 2 1 1 2338 2698 1421
6082 2 2 1 1 866 2373 2372
6083 2 2 1 1 2082 2587 1147
6084 2 2 1 1 2676 2847 217
6085 2 2 1 1 2604 2920 875
6086 2 2 1 1 871 2715 2387
6087 2 2 1 1 1448 2861 2482
6088 2 2 1 1 875 2920 2236
6089 2 2 1 1 1200 2923 2270
6090 2 2 1 1 1101 2109 2108
6091 2 2 1 1 218 2838 2732
6092 2 2 1 1 2719 2947 93
6093 2 2 1 1 133 2835 2602
6094 2 2 1 1 2438 2959 1137
6095 2 2 1 1 1229 2811 2706
6096 2 2 1 1 1058 2925 2589
6097 2 2 1 1 280 2916 2915
6098 2 2 1 1 674 2586 2585
6099 2 2 1 1 1509 2617 2616
6100 2 2 1 1 351 2811 2500
6101 2 2 1 1 2450 2897 876
6102 2 2 1 1 1249 2862 2858
6103 2 2 1 1 1355 2955 2385
6104 2 2 1 1 1188 2906 2422
6105 2 2 1 1 2432 2816 1243
6106 2 2 1 1 886 2919 2680
6107 2 2 1 1 1143 2829 2538
6108 2 2 1 1 1941 2654 832
6109 2 2 1 1 2858 2862 1277
6110 2 2 1 1 865 2953 2657
6111 2 2 1 1 1171 2842 2432
6112 2 2 1 1 1140 2883 2820
6113 2 2 1 1 1807 2938 1463
6114 2 2 1 1 2570 2571 1257
6115 2 2 1 1 1929 2615 1253
6116 2 2 1 1 300 2632 2631
6117 2 2 1 1 1227 2853 2433
6118 2 2 1 1 2561 2809 1172
6119 2 2 1 1 1097 2110 2109
6120 2 2 1 1 2521 2824 1261
6121 2 2 1 1 2915 2916 1298
6122 2 2 1 1 2400 2797 1276
6123 2 2 1 1 1172 2809 2748
6124 2 2 1 1 2592 2802 300
6125 2 2 1 1 2657 2953 1048
6126 2 2 1 1 2748 2809 702
6127 2 2 1 1 2768 2946 142
6128 2 2 1 1 2598 2599 873
6129 2 2 1 1 2498 2712 127
6130 2 2 1 1 1289 2638 1811
6131 2 2 1 1 2730 2819 1345
6132 2 2 1 1 59 2883 2197
6133 2 2 1 1 2439 2783 314
6134 2 2 1 1 1108 2185 2184
6135 2 2 1 1 1192 2947 2719
6136 2 2 1 1 2706 2811 1216
6137 2 2 1 1 2594 2595 1350
6138 2 2 1 1 1226 2899 2767
6139 2 2 1 1 97 2865 1955
6140 2 2 1 1 1152 2364 2363
6141 2 2 1 1 2363 2365 1153
6142 2 2 1 1 2521 2522 1262
6143 2 2 1 1 2795 2930 1233
6144 2 2 1 1 534 2864 2308
6145 2 2 1 1 2615 2616 1254
6146 2 2 1 1 2616 2617 1254
6147 2 2 1 1 1203 2847 2676
6148 2 2 1 1 1248 2902 2673
6149 2 2 1 1 1401 2599 2568
6150 2 2 1 1 1488 2518 2517
6151 2 2 1 1 1262 2843 2521
6152 2 2 1 1 2250 2799 1280
6153 2 2 1 1 218 2732 2280
6154 2 2 1 1 1204 2720 2659
6155 2 2 1 1 1909 2675 1404
6156 2 2 1 1 534 2308 4
6157 2 2 1 1 4 2034 703
6158 2 2 1 1 538 1114 6
6159 2 2 1 1 6 1922 538
6160 2 2 1 1 551 1782 11
6161 2 2 1 1 11 1909 728
6162 2 2 1 1 585 2799 22
6163 2 2 1 1 660 1756 22
6164 2 2 1 1 739 1824 29
6165 2 2 1 1 33 1933 622
6166 2 2 1 1 316 2517 35
6167 2 2 1 1 629 1720 35
6168 2 2 1 1 711 1741 35
6169 2 2 1 1 35 1936 711
6170 2 2 1 1 630 2096 36
6171 2 2 1 1 807 41 77
6172 2 2 1 1 41 1704 644
6173 2 2 1 1 239 45 740
6174 2 2 1 1 47 1634 419
6175 2 2 1 1 745 240 49
6176 2 2 1 1 750 245 52
6177 2 2 1 1 55 1823 56
6178 2 2 1 1 756 253 55
6179 2 2 1 1 263 58 761
6180 2 2 1 1 63 2774 772
6181 2 2 1 1 108 66 322
6182 2 2 1 1 66 1617 322
6183 2 2 1 1 108 67 780
6184 2 2 1 1 108 1157 67
6185 2 2 1 1 68 2510 787
6186 2 2 1 1 69 2353 342
6187 2 2 1 1 823 320 80
6188 2 2 1 1 235 1615 82
6189 2 2 1 1 462 85 842
6190 2 2 1 1 86 1746 486
6191 2 2 1 1 90 854 428
6192 2 2 1 1 488 91 275
6193 2 2 1 1 354 291 95
6194 2 2 1 1 364 105 292
6195 2 2 1 1 364 2329 105
6196 2 2 1 1 108 1983 1157
6197 2 2 1 1 114 295 503
6198 2 2 1 1 123 547 294
6199 2 2 1 1 123 1356 547
6200 2 2 1 1 554 2125 126
6201 2 2 1 1 126 2345 554
6202 2 2 1 1 404 2226 157
6203 2 2 1 1 186 1807 429
6204 2 2 1 1 482 481 186
6205 2 2 1 1 432 1819 187
6206 2 2 1 1 521 520 196
6207 2 2 1 1 200 484 483
6208 2 2 1 1 200 1533 620
6209 2 2 1 1 620 1543 200
6210 2 2 1 1 274 682 213
6211 2 2 1 1 214 457 289
6212 2 2 1 1 214 1774 457
6213 2 2 1 1 219 515 331
6214 2 2 1 1 288 498 223
6215 2 2 1 1 228 333 724
6216 2 2 1 1 642 2268 228
6217 2 2 1 1 504 505 231
6218 2 2 1 1 238 474 318
6219 2 2 1 1 238 2094 474
6220 2 2 1 1 745 1758 240
6221 2 2 1 1 668 2698 259
6222 2 2 1 1 483 2364 260
6223 2 2 1 1 485 2556 261
6224 2 2 1 1 450 262 451
6225 2 2 1 1 487 1769 262
6226 2 2 1 1 278 373 374
6227 2 2 1 1 495 2910 284
6228 2 2 1 1 691 1213 292
6229 2 2 1 1 292 1648 691
6230 2 2 1 1 294 1609 501
6231 2 2 1 1 501 1787 294
6232 2 2 1 1 295 1917 503
6233 2 2 1 1 301 427 426
6234 2 2 1 1 366 309 367
6235 2 2 1 1 309 1733 704
6236 2 2 1 1 467 468 317
6237 2 2 1 1 380 323 379
6238 2 2 1 1 515 2280 331
6239 2 2 1 1 332 449 448
6240 2 2 1 1 333 1753 724
6241 2 2 1 1 461 339 460
6242 2 2 1 1 365 2196 366
6243 2 2 1 1 373 2174 374
6244 2 2 1 1 404 2338 405
6245 2 2 1 1 427 2385 426
6246 2 2 1 1 432 2579 431
6247 2 2 1 1 448 2028 447
6248 2 2 1 1 449 2184 448
6249 2 2 1 1 451 1433 450
6250 2 2 1 1 460 1814 461
6251 2 2 1 1 467 2130 468
6252 2 2 1 1 484 2365 483
6253 2 2 1 1 504 2108 505
6254 2 2 1 1 506 994 505
6255 2 2 1 1 505 2110 506
6256 2 2 1 1 762 2429 761
6257 2 2 1 1 1114 2223 6
6258 2 2 1 1 6 2223 1459
6259 2 2 1 1 7 1738 119
6260 2 2 1 1 11 1782 334
6261 2 2 1 1 135 2037 13
6262 2 2 1 1 13 2136 135
6263 2 2 1 1 249 1342 22
6264 2 2 1 1 22 2799 249
6265 2 2 1 1 22 1342 584
6266 2 2 1 1 739 29 74
6267 2 2 1 1 29 2127 76
6268 2 2 1 1 272 33 622
6269 2 2 1 1 205 1936 35
6270 2 2 1 1 35 2517 205
6271 2 2 1 1 37 87 210
6272 2 2 1 1 89 37 661
6273 2 2 1 1 41 644 77
6274 2 2 1 1 807 341 41
6275 2 2 1 1 744 47 419
6276 2 2 1 1 746 48 403
6277 2 2 1 1 50 395 749
6278 2 2 1 1 50 2414 395
6279 2 2 1 1 53 377 755
6280 2 2 1 1 488 771 62
6281 2 2 1 1 64 772 354
6282 2 2 1 1 354 2046 64
6283 2 2 1 1 508 779 65
6284 2 2 1 1 780 66 108
6285 2 2 1 1 776 1617 66
6286 2 2 1 1 67 1157 887
6287 2 2 1 1 725 2510 68
6288 2 2 1 1 342 791 69
6289 2 2 1 1 71 792 394
6290 2 2 1 1 72 794 797
6291 2 2 1 1 74 798 739
6292 2 2 1 1 80 320 832
6293 2 2 1 1 833 235 82
6294 2 2 1 1 83 689 841
6295 2 2 1 1 83 1615 689
6296 2 2 1 1 838 229 84
6297 2 2 1 1 849 86 486
6298 2 2 1 1 87 846 210
6299 2 2 1 1 197 88 850
6300 2 2 1 1 661 2106 89
6301 2 2 1 1 89 2106 853
6302 2 2 1 1 95 1219 354
6303 2 2 1 1 112 1740 373
6304 2 2 1 1 532 1949 114
6305 2 2 1 1 294 1787 123
6306 2 2 1 1 382 1120 128
6307 2 2 1 1 479 242 154
6308 2 2 1 1 162 1709 589
6309 2 2 1 1 414 1889 166
6310 2 2 1 1 518 166 517
6311 2 2 1 1 166 1889 517
6312 2 2 1 1 171 2623 423
6313 2 2 1 1 495 496 175
6314 2 2 1 1 186 1185 482
6315 2 2 1 1 187 1726 432
6316 2 2 1 1 613 1630 190
6317 2 2 1 1 196 1904 441
6318 2 2 1 1 483 260 200
6319 2 2 1 1 260 1533 200
6320 2 2 1 1 200 1543 484
6321 2 2 1 1 813 814 209
6322 2 2 1 1 454 2067 213
6323 2 2 1 1 219 2842 458
6324 2 2 1 1 220 1324 461
6325 2 2 1 1 461 1414 220
6326 2 2 1 1 223 1391 288
6327 2 2 1 1 498 1420 223
6328 2 2 1 1 641 1391 223
6329 2 2 1 1 223 1420 641
6330 2 2 1 1 231 1580 504
6331 2 2 1 1 505 994 231
6332 2 2 1 1 231 994 649
6333 2 2 1 1 649 1580 231
6334 2 2 1 1 248 2400 659
6335 2 2 1 1 659 2623 248
6336 2 2 1 1 249 2250 1342
6337 2 2 1 1 404 2078 259
6338 2 2 1 1 259 2078 668
6339 2 2 1 1 431 261 432
6340 2 2 1 1 622 2639 272
6341 2 2 1 1 274 1649 682
6342 2 2 1 1 284 1816 495
6343 2 2 1 1 288 1247 498
6344 2 2 1 1 292 1213 364
6345 2 2 1 1 823 509 320
6346 2 2 1 1 1617 2156 322
6347 2 2 1 1 448 1122 332
6348 2 2 1 1 342 2345 791
6349 2 2 1 1 364 1213 363
6350 2 2 1 1 363 1745 364
6351 2 2 1 1 367 1205 366
6352 2 2 1 1 368 1350 367
6353 2 2 1 1 1350 2595 367
6354 2 2 1 1 379 1259 380
6355 2 2 1 1 395 2414 1066
6356 2 2 1 1 405 2225 404
6357 2 2 1 1 452 1972 451
6358 2 2 1 1 451 1769 1412
6359 2 2 1 1 1236 1972 452
6360 2 2 1 1 456 2066 457
6361 2 2 1 1 457 2528 456
6362 2 2 1 1 459 1717 460
6363 2 2 1 1 460 2072 459
6364 2 2 1 1 468 2131 469
6365 2 2 1 1 482 1548 481
6366 2 2 1 1 498 2361 499
6367 2 2 1 1 824 509 823
6368 2 2 1 1 521 1427 520
6369 2 2 1 1 521 1173 522
6370 2 2 1 1 522 2709 521
6371 2 2 1 1 547 1632 548
6372 2 2 1 1 553 2270 554
6373 2 2 1 1 1468 2859 745
6374 2 2 1 1 1003 1617 776
6375 2 2 1 2 37 89 87
6376 2 2 1 3 29 76 74
$EndElements
