$MeshFormat
2.2 0 8
$EndMeshFormat
$PhysicalNames
3
1 2 "discontinuous_set_01"
1 3 "discontinuous_set_02"
2 1 "rock"
$EndPhysicalNames
$Nodes
2445
1 -4.83486436441529 4.899242580914358 0
2 -4.336473491580477 1.139654676180354 0
3 -2.91884855924582 2.64342058986057 0
4 -1.629256369873815 4.011373941056332 0
5 -3.112205770851971 -0.02991033941177734 0
6 -1.869711020320797 1.408218079755083 0
7 -4.334450299991096 -3.245242381144471 0
8 -3.194795603532045 -2.048989842752261 0
9 -0.9418686934625817 0.3158225371347282 0
10 0.3287072025962818 1.649498119399119 0
11 2.811528626106158 4.255622096667321 0
12 -1.914061494980972 -3.561401113611631 0
13 1.405595304465591 0.3504566018765568 0
14 2.617194905738033 1.778196134803629 0
15 3.709340890128011 3.065172456026847 0
16 0.518746564669232 -3.498624537300748 0
17 2.308969246675583 -0.7392761704901922 0
18 3.319844250194646 0.8188295992813284 0
19 1.701916503428401 -4.628928101172852 0
20 2.368706786235343 -3.581884856508341 0
21 3.36653938016426 -2.015014577023722 0
22 3.039477298424723 -4.371616793095043 0
23 -5 -4.380978242364774 0
24 -5 -5 0
25 -4.568325172786436 -5 0
26 -5 -2.539575666921188 0
27 -5 0.08276526331872258 0
28 -5 0.4358094464401506 0
29 -5 4.680620125180951 0
30 -5 1.773533506787508 0
31 -2.643245436308898 5 0
32 -4.758757633362595 5 0
33 1.233468168323892 5 0
34 5 5 0
35 5 4.586075098088996 0
36 5 3.408526998834397 0
37 5 1.353829522645994 0
38 5 0.5499656746751571 0
39 5 -1.475181223535524 0
40 5 -2.419486471322931 0
41 5 -3.985445078318537 0
42 5 -4.475128622084959 0
43 5 -5 0
44 3.573203878317908 -5 0
45 2.090344116897595 -5 0
46 2.408392616892044 -5 0
47 -0.6958328968336779 -5 0
48 -5 5 0
49 -4.920444170012447 5 0
50 -4.991719726991524 2.208189974353617 0
51 -3.938355934208157 3.46040363877943 0
52 -3.496629801065487 3.985517093072029 0
53 -3.967055094497363 1.531520522180323 0
54 -3.448153735738813 2.081952556821803 0
55 -2.430713118698101 3.161217236922961 0
56 -1.967740871324485 3.652321667086874 0
57 -0.8637940974943398 4.823348989715199 0
58 -4.957954138613542 -2.166276051358633 0
59 -4.244489203646668 -1.340474414276261 0
60 -3.768953323351716 -0.7900643111403409 0
61 -2.727654078268736 0.4151899054836179 0
62 -2.134216010069848 1.102066168363161 0
63 -0.9947069166993991 2.420993600752333 0
64 -0.4270595369672093 3.078018371689571 0
65 0.5676703436136897 4.229370769795302 0
66 1.010179859272438 4.7415544308921 0
67 -4.856443093423115 -3.793158522854444 0
68 -3.804592131711606 -2.68907025219913 0
69 -3.306152564936006 -2.165877043902771 0
70 -2.029582616241858 -0.8259097307285749 0
71 -1.457142455508079 -0.2250408908220026 0
72 -0.359899388970548 0.9266937597322465 0
73 0.1633509496064527 1.475929899136697 0
74 1.341474590549043 2.712561837210832 0
75 1.859758610306468 3.256585019117857 0
76 3.150361266572203 4.611281936009023 0
77 -3.042852251793186 -4.891559349229172 0
78 -1.785463100533434 -3.409861767254243 0
79 -1.255769713722442 -2.785675206045536 0
80 -0.02317431861727048 -1.333194393203307 0
81 0.5472998233451737 -0.6609521077675551 0
82 1.506392045711964 0.469234696650217 0
83 2.041745948283713 1.100091565541348 0
84 2.969207470929633 2.193004999781214 0
85 3.448955825464861 2.758336723980615 0
86 4.380230807088305 3.855743908576365 0
87 4.891243686356266 4.457917505199809 0
88 -0.2928755381424449 -4.749613113398348 0
89 0.6138120419222998 -3.352095967399975 0
90 0.9886027904750435 -2.774414626240959 0
91 1.603955202810657 -1.825945091664262 0
92 1.957658490132752 -1.280766775012654 0
93 2.593171446741745 -0.301222913496687 0
94 2.956877465331334 0.2593730494980401 0
95 3.777391847968989 1.524067684658379 0
96 4.164101174029837 2.120119649601935 0
97 2.698555927947125 -3.063931424232987 0
98 3.126312853755406 -2.392235973542539 0
99 3.935172938253173 -1.122104255685215 0
100 4.453513052326971 -0.3081684067779206 0
101 3.724724086789358 -3.689303330267641 0
102 4.246002448589973 -3.170256396846757 0
103 4.68222647137003 -4.87329349130545 0
104 -4.239905836095648 -3.34548565551483 0
105 -2.936265056801649 -4.72770535336695 0
106 -3.760303955428959 -3.853996264505927 0
107 -4.255472731427886 -0.796442547992334 0
108 -3.000495308751723 -2.278437902107462 0
109 -3.848896659035753 -1.276565807177849 0
110 -1.855590743436798 -3.630448875407458 0
111 -2.71193239127293 -2.619200130452211 0
112 -1.43740374091521 -4.124283412738611 0
113 -3.797724416132227 0.624977975848882 0
114 -2.313762966660576 -0.7926771386359313 0
115 -3.207943064983913 0.06154922291135917 0
116 -0.8847450770433307 -2.157843680278551 0
117 -1.743368686031021 -1.33758507374117 0
118 0.7197085929448522 -3.69060718435914 0
119 -0.4364588713025263 -2.586099570987647 0
120 1.262222531996468 -4.208880526735827 0
121 -4.031304504827014 3.953171051913065 0
122 -2.746804004836399 2.440863863433413 0
123 -3.593089110834114 3.437237978751359 0
124 -1.489356261303878 0.9604072488227988 0
125 -2.354026692488019 1.978427334260779 0
126 -0.2665790771827549 -0.4792299684992586 0
127 1.155853056367724 -2.15393102210613 0
128 0.2331862397776378 -1.067628868614545 0
129 2.500099150433099 -3.736579710180298 0
130 1.546160857739452 -2.61346007152142 0
131 2.877748166997642 -4.181204934130776 0
132 -1.072289374778528 3.339509102673737 0
133 -2.317379269461304 4.841451099649213 0
134 0.4399609426090568 1.515293621266596 0
135 -0.6233756386119366 2.797988047650191 0
136 1.612551758835698 0.1008066836730213 0
137 0.8716122857108628 0.9945960531438933 0
138 2.821414848037095 -1.357435207148588 0
139 1.907556370929968 -0.2550550240623314 0
140 3.916932360772057 -2.678949234228514 0
141 3.125875484585135 -1.724703641669048 0
142 4.308165357470085 -3.150890473855269 0
143 1.372151273249347 3.478123994550641 0
144 0.3747843881498045 4.839884908086511 0
145 1.816648473915856 2.871227051122097 0
146 3.853843326099059 0.08973072875052368 0
147 2.9954200064096 1.261784204241784 0
148 4.333274268469118 -0.5648632103635212 0
149 3.061309990974101 3.924425756450596 0
150 2.289883532839363 4.947294775585201 0
151 4.070748535970368 2.585965811877819 0
152 3.402200181898733 3.47242412810771 0
153 4.470847209861005 2.055456994343728 0
154 4.972141532378911 3.814683861626853 0
155 4.121189603428181 4.776995744106872 0
156 -4.816159094860962 2.416892251757919 0
157 -4.640598462730401 2.625594529162221 0
158 -4.465037830599841 2.834296806566522 0
159 -4.289477198469281 3.042999083970824 0
160 -4.113916566338719 3.251701361375127 0
161 -3.325952928114169 4.188413674457623 0
162 -3.155276055162852 4.391310255843217 0
163 -2.984599182211534 4.594206837228811 0
164 -2.813922309260216 4.797103418614405 0
165 -4.779587904871823 -1.95982564208804 0
166 -4.601221671130105 -1.753375232817447 0
167 -4.422855437388387 -1.546924823546854 0
168 -0.2612712235370594 3.269910438040526 0
169 -0.09548291010690946 3.461802504391481 0
170 0.0703054033232397 3.653694570742436 0
171 0.2360937167533887 3.84558663709339 0
172 0.4018820301835389 4.037478703444346 0
173 1.121824013798165 4.87077721544605 0
174 -1.079684657278846 -2.578177947068074 0
175 -0.9035996008352497 -2.370680688090613 0
176 -0.7275145443916539 -2.163183429113152 0
177 -0.551429487948058 -1.955686170135691 0
178 -0.3753444315044622 -1.74818891115823 0
179 -0.1992593750608662 -1.540691652180768 0
180 1.111673272942166 -2.584720719325619 0
181 1.234743755409289 -2.39502681241028 0
182 1.357814237876412 -2.205332905494941 0
183 1.480884720343534 -2.015638998579601 0
184 4.303417645024864 2.334854207807346 0
185 4.442734116019891 2.549588766012755 0
186 4.582050587014917 2.764323324218164 0
187 4.721367058009944 2.979057882423574 0
188 4.860683529004972 3.193792440628985 0
189 4.590134789245228 -0.09363488641465084 0
190 4.726756526163486 0.1208986339486195 0
191 4.863378263081743 0.3354321543118886 0
192 4.434501836442479 -2.982563915465801 0
193 4.623001224294986 -2.794871434084845 0
194 4.811500612147492 -2.607178952703888 0
195 4.841113235685016 -4.674211056695205 0
196 -4.712216781857625 -4.793659414121591 0
197 -4.856108390928813 -4.587318828243182 0
198 -3.101072836527111 -4.552963535594746 0
199 -3.265880616252573 -4.378221717822541 0
200 -3.430688395978035 -4.203479900050336 0
201 -3.595496175703497 -4.028738082278132 0
202 -4.404378185142308 -0.6206009857301229 0
203 -4.553283638856731 -0.4447594234679115 0
204 -4.702189092571154 -0.2689178612057 0
205 -4.851094546285577 -0.09307629894348868 0
206 -0.8441470656499848 -4.824856682547722 0
207 -0.9924612344662918 -4.649713365095443 0
208 -1.140775403282598 -4.474570047643165 0
209 -1.289089572098904 -4.299426730190888 0
210 -1.056469798840869 -1.993791958971075 0
211 -1.228194520638406 -1.829740237663599 0
212 -1.399919242435945 -1.665688516356123 0
213 -1.571643964233484 -1.501636795048646 0
214 1.00207525360271 -1.972880663190866 0
215 0.8482974508376957 -1.791830304275602 0
216 0.6945196480726818 -1.610779945360338 0
217 0.5407418453076679 -1.429729586445075 0
218 0.3869640425426535 -1.248679227529811 0
219 4.827041339367522 -3.776806427202721 0
220 4.654082678735044 -3.568167776086904 0
221 4.481124018102564 -3.359529124971087 0
222 1.229670289663698 3.672661267912909 0
223 1.087189306078049 3.867198541275177 0
224 0.9447083224923998 4.061735814637444 0
225 0.802227338906751 4.256273087999711 0
226 0.6597463553211022 4.450810361361977 0
227 0.5172653717354534 4.645347634724244 0
228 4.866654853693824 -1.293117620901123 0
229 4.733309707387647 -1.111054018266723 0
230 4.599964561081471 -0.9289904156323221 0
231 4.466619414775295 -0.7469268129979216 0
232 4.867711802465251 1.529236390570428 0
233 4.735423604930502 1.704643258494861 0
234 4.603135407395754 1.880050126419295 0
235 4.801951146588765 4.007146238122857 0
236 4.631760760798619 4.199608614618861 0
237 4.461570375008473 4.392070991114865 0
238 4.291379989218328 4.584533367610868 0
239 -4.834118372895118 0.611770753875202 0
240 -4.668236745790238 0.7877320613102535 0
241 -4.502355118685357 0.963693368745304 0
242 -4.15176429303892 1.335587599180339 0
243 -3.271718676907815 2.269108567834726 0
244 -3.095283618076817 2.456264578847648 0
245 -2.756136745729914 2.8160194722147 0
246 -2.593424932214007 2.98861835456883 0
247 -1.79849862059915 3.831847804071603 0
248 -1.437890801778947 4.214367703221049 0
249 -1.246525233684079 4.417361465385764 0
250 -1.055159665589209 4.620355227550482 0
251 -3.60476643522678 -0.6000258182081998 0
252 -3.440579547101843 -0.4099873252760581 0
253 -3.276392658976907 -0.2199488323439176 0
254 -2.984021873324226 0.1184564088866874 0
255 -2.855837975796481 0.2668231571851525 0
256 -2.001963515195323 1.255142124059122 0
257 -1.694710199596517 1.610773183954533 0
258 -1.519709378872238 1.813328288153983 0
259 -1.344708558147958 2.015883392353433 0
260 -1.169707737423679 2.218438496552883 0
261 -4.682445495612442 -3.61051980895112 0
262 -4.508447897801769 -3.427881095047796 0
263 -4.157830910564599 -3.059851671496024 0
264 -3.981211521138103 -2.874460961847577 0
265 -3.028336605347733 -1.874264112463164 0
266 -2.861877607163421 -1.699538382174066 0
267 -2.695418608979108 -1.524812651884968 0
268 -2.528959610794796 -1.35008692159587 0
269 -2.362500612610483 -1.175361191306771 0
270 -2.196041614426171 -1.000635461017673 0
271 -1.285384534826247 -0.0447530815030924 0
272 -1.113626614144414 0.1355347278158183 0
273 -0.7963763673395733 0.4685403427841076 0
274 -0.6508840412165645 0.6212581484334876 0
275 -0.5053917150935558 0.7739759540828673 0
276 0.4975017672550758 1.826675405701071 0
277 0.6662963319138697 2.003852692003024 0
278 0.8350908965726632 2.181029978304976 0
279 1.003885461231456 2.358207264606928 0
280 1.17268002589025 2.53538455090888 0
281 2.050112613466406 3.456392434627751 0
282 2.240466616626345 3.656199850137644 0
283 2.430820619786282 3.856007265647537 0
284 2.62117462294622 4.055814681157429 0
285 2.980944946339181 4.433452016338173 0
286 -2.881596429391441 -4.701536744140951 0
287 -2.720340606989695 -4.51151413905273 0
288 -2.559084784587951 -4.321491533964511 0
289 -2.397828962186206 -4.13146892887629 0
290 -2.236573139784461 -3.941446323788071 0
291 -2.075317317382716 -3.751423718699851 0
292 0.7189589195692568 -0.4586703658387331 0
293 0.8906180157933403 -0.2563886239099106 0
294 1.062277112017424 -0.05410688198108815 0
295 1.233936208241508 0.1481748599477344 0
296 2.185608187647293 1.269617707856918 0
297 2.329470427010873 1.439143850172488 0
298 2.473332666374453 1.608669992488058 0
299 2.793201188333833 1.985600567292422 0
300 3.579148357796436 2.911754590003731 0
301 3.877063369368084 3.262815319164226 0
302 4.044785848608157 3.460458182301605 0
303 4.212508327848231 3.658101045438985 0
304 -0.1576051876738321 -4.541115017382081 0
305 -0.02233483720521917 -4.332616921365815 0
306 0.1129355132633938 -4.124118825349548 0
307 0.2482058637320068 -3.915620729333281 0
308 0.3834762142006195 -3.707122633317015 0
309 2.074762075647029 -1.1002699068385 0
310 2.191865661161307 -0.9197730386643459 0
311 2.451070346708665 -0.5202495419934393 0
312 3.077866393619105 0.4458585660924698 0
313 3.198855321906876 0.6323440826868996 0
314 3.472360116119428 1.053908961073679 0
315 3.624875982044208 1.288988322866029 0
316 1.835274559989789 -4.41951945223995 0
317 1.968632616551178 -4.210110803307047 0
318 2.101990673112566 -4.000702154374146 0
319 2.235348729673953 -3.791293505441244 0
320 2.47865650013927 -3.409233712416556 0
321 2.588606214043198 -3.236582568324772 0
322 3.246426116959833 -2.203625275283131 0
323 3.508697769686488 -1.791786996689096 0
324 3.650856159208717 -1.568559416354469 0
325 3.793014548730945 -1.345331836019842 0
326 2.566163787275214 -4.842904198273761 0
327 2.723934957658384 -4.685808396547522 0
328 2.881706128041554 -4.528712594821283 0
329 3.210788995515882 -4.201038427388193 0
330 3.382100692607041 -4.030460061681342 0
331 3.5534123896982 -3.859881695974491 0
332 -4.500837724993322 -3.06882570258865 0
333 -4.667225149995549 -2.892409024032829 0
334 -4.833612574997774 -2.715992345477008 0
335 -3.097645456141884 -2.163713872429862 0
336 -3.358320867407972 -1.855883833858658 0
337 -3.521846131283898 -1.662777824965056 0
338 -3.685371395159825 -1.469671816071453 0
339 -2.073635674239363 -3.372960916979747 0
340 -2.233209853497755 -3.184520720347863 0
341 -2.392784032756146 -2.996080523715979 0
342 -2.552358212014538 -2.807640327084095 0
343 -3.977307441281644 0.7965368759593731 0
344 -4.156890466431062 0.9680957760698643 0
345 -4.502355118685358 1.298124383832143 0
346 -4.66823674579024 1.456594091483932 0
347 -4.83411837289512 1.61506379913572 0
348 -2.513373667708425 -0.6019854388298926 0
349 -2.712984368756274 -0.4112937390238541 0
350 -2.912595069804122 -0.2206020392178156 0
351 0.3277054774748802 -3.316119544038128 0
352 0.1366643902805286 -3.133614550775508 0
353 -0.05437669691382363 -2.951109557512887 0
354 -0.2454177841081759 -2.768604564250266 0
355 1.896130310162998 -4.814464050586427 0
356 1.555351846284424 -4.488912243027177 0
357 1.408787189140446 -4.348896384881503 0
358 -4.19201647674467 4.142385357713324 0
359 -4.352728448662325 4.331599663513582 0
360 -4.513440420579981 4.520813969313841 0
361 -4.674152392497636 4.7100282751141 0
362 -3.087408697142893 2.841874937083266 0
363 -3.255968835039966 3.040329284305964 0
364 -3.42452897293704 3.238783631528661 0
365 -1.616141180976185 1.109677525800227 0
366 -1.742926100648491 1.258947802777655 0
367 -2.031149577709871 1.598287831256982 0
368 -2.192588135098944 1.78835758275888 0
369 -0.4354014812527113 -0.2804668420907623 0
370 -0.6042238853226678 -0.08170371568226587 0
371 -0.7730462893926249 0.1170594107262311 0
372 2.204197600536165 -3.388199899510957 0
373 2.039688414836986 -3.194514942513572 0
374 1.875179229137808 -3.000829985516188 0
375 1.71067004343863 -2.807145028518804 0
376 3.395295018353513 -4.790538931031681 0
377 3.217386158389117 -4.581077862063362 0
378 -1.211531123552349 3.507475312269385 0
379 -1.350772872326171 3.675441521865034 0
380 -1.490014621099993 3.843407731460683 0
381 -1.801287094770687 4.218893230704553 0
382 -1.973317819667559 4.426412520352772 0
383 -2.145348544564432 4.633931810000993 0
384 0.1700267290615786 1.840913107440964 0
385 0.01134625552687568 2.032328095482809 0
386 -0.1473342180078279 2.223743083524655 0
387 -0.3060146915425316 2.415158071566502 0
388 -0.4646951650772345 2.606573059608347 0
389 1.509073531650644 0.225631642774789 0
390 1.227600964880681 0.5651697522990023 0
391 1.049606625295772 0.7798829027214484 0
392 2.650599647583258 -1.151382194929123 0
393 2.479784447129421 -0.9453291827096573 0
394 2.175164954760378 -0.5778691216809053 0
395 2.041360662845173 -0.4164620728716185 0
396 3.779334115620108 -2.512965569927315 0
397 3.641735870468159 -2.346981905626118 0
398 3.50413762531621 -2.18099824132492 0
399 3.246207432374697 -1.869859109346385 0
400 2.457085619373597 1.996802318067323 0
401 2.296976333009162 2.215408501331016 0
402 2.136867046644727 2.43401468459471 0
403 1.976757760280291 2.652620867858404 0
404 3.720343557122956 0.2720054463832247 0
405 3.586843788146853 0.4542801640159254 0
406 3.45334401917075 0.6365548816486267 0
407 3.157632128302123 1.040306901761556 0
408 2.936419308540129 4.090023926558959 0
409 2.681117352789459 4.428540266396791 0
410 2.550706079472761 4.60145843612626 0
411 2.420294806156062 4.774376605855731 0
412 3.950279320689583 2.745701359927495 0
413 3.829810105408797 2.905436907977171 0
414 3.555770536013372 3.268798292067279 0
415 -5 -4.587318828243182 0
416 -5 -4.793659414121592 0
417 -4.784162586393218 -5 0
418 -5 -2.802633177698842 0
419 -5 -3.065690688476497 0
420 -5 -3.328748199254152 0
421 -5 -3.591805710031805 0
422 -5 -3.854863220809461 0
423 -5 -4.117920731587118 0
424 -5 -0.179468829705268 0
425 -5 -0.4417029227292595 0
426 -5 -0.7039370157532501 0
427 -5 -0.9661711087772407 0
428 -5 -1.228405201801232 0
429 -5 -1.490639294825224 0
430 -5 -1.752873387849216 0
431 -5 -2.015107480873207 0
432 -5 -2.277341573897198 0
433 -5 0.2592873548794365 0
434 -5 4.41633952350882 0
435 -5 4.152058921836689 0
436 -5 3.887778320164557 0
437 -5 3.623497718492426 0
438 -5 3.359217116820295 0
439 -5 3.094936515148164 0
440 -5 2.830655913476033 0
441 -5 2.566375311803902 0
442 -5 2.30209471013177 0
443 -5 2.03781410845964 0
444 -2.90768446094061 5 0
445 -3.172123485572321 5 0
446 -3.436562510204034 5 0
447 -3.701001534835745 5 0
448 -3.965440559467458 5 0
449 -4.229879584099171 5 0
450 -4.494318608730882 5 0
451 0.9565600537072632 5 0
452 0.6796519390906353 5 0
453 0.4027438244740065 5 0
454 0.1258357098573777 5 0
455 -0.1510724047592502 5 0
456 -0.4279805193758781 5 0
457 -0.704888633992506 5 0
458 -0.9817967486091348 5 0
459 -1.258704863225762 5 0
460 -1.535612977842389 5 0
461 -1.812521092459016 5 0
462 -2.089429207075643 5 0
463 -2.366337321692271 5 0
464 4.730962012023136 5 0
465 4.461924024046272 5 0
466 4.192886036069408 5 0
467 3.923848048092544 5 0
468 3.65481006011568 5 0
469 3.385772072138816 5 0
470 3.116734084161952 5 0
471 2.847696096185088 5 0
472 2.578658108208223 5 0
473 2.309620120231357 5 0
474 2.040582132254491 5 0
475 1.771544144277624 5 0
476 1.502506156300758 5 0
477 5 4.793037549044499 0
478 5 3.644036618685316 0
479 5 3.879546238536236 0
480 5 4.115055858387155 0
481 5 4.350565478238076 0
482 5 1.610666707169544 0
483 5 1.867503891693095 0
484 5 2.124341076216645 0
485 5 2.381178260740196 0
486 5 2.638015445263745 0
487 5 2.894852629787295 0
488 5 3.151689814310846 0
489 5 0.8179202906654357 0
490 5 1.085874906655714 0
491 5 -1.222037861259189 0
492 5 -0.9688944989828538 0
493 5 -0.715751136706519 0
494 5 -0.4626077744301851 0
495 5 -0.2094644121538503 0
496 5 0.04367895012248546 0
497 5 0.2968223123988212 0
498 5 -2.183410159376079 0
499 5 -1.947333847429228 0
500 5 -1.711257535482376 0
501 5 -3.724451977152603 0
502 5 -3.463458875986669 0
503 5 -3.202465774820735 0
504 5 -2.9414726736548 0
505 5 -2.680479572488865 0
506 5 -4.230286850201748 0
507 5 -4.73756431104248 0
508 3.81100323193159 -5 0
509 4.048802585545273 -5 0
510 4.286601939158954 -5 0
511 4.524401292772636 -5 0
512 4.762200646386317 -5 0
513 2.249368366894819 -5 0
514 -0.4172151954605505 -5 0
515 -0.1385974940874233 -5 0
516 0.1400202072857049 -5 0
517 0.418637908658833 -5 0
518 0.6972556100319611 -5 0
519 0.9758733114050884 -5 0
520 1.254491012778217 -5 0
521 1.533108714151345 -5 0
522 1.811726415524469 -5 0
523 -4.291718581646953 -5 0
524 -4.015111990507471 -5 0
525 -3.738505399367988 -5 0
526 -3.461898808228504 -5 0
527 -3.185292217089021 -5 0
528 -2.908685625949537 -5 0
529 -2.632079034810053 -5 0
530 -2.355472443670569 -5 0
531 -2.078865852531087 -5 0
532 -1.802259261391605 -5 0
533 -1.525652670252123 -5 0
534 -1.249046079112641 -5 0
535 -0.9724394879731593 -5 0
536 2.641354869177217 -5 0
537 2.87431712146239 -5 0
538 3.107279373747563 -5 0
539 3.340241626032736 -5 0
540 -5 1.505988694718036 0
541 -5 1.238443882648564 0
542 -5 0.970899070579093 0
543 -5 0.7033542585096217 0
544 -5 4.840310062590476 0
545 -4.8903794373105 -4.729977054536133 0
546 -4.88130515784267 -4.879011291086959 0
547 -3.082401282006847 1.277189225239418 0
548 2.383783148786052 -2.058956171995303 0
549 -0.6711645341694683 -3.625788835993935 0
550 4.289927340570431 -4.227406645592986 0
551 2.13594461794268 0.4673094598264186 0
552 0.1578119685336579 0.2774353467257825 0
553 -1.956643375285987 0.3830137684530671 0
554 1.484035884239203 1.707627892680705 0
555 4.241740254422809 0.7350592175222468 0
556 1.404581418489614 -0.7937029626321929 0
557 -0.9085341860651849 -0.9608437513463214 0
558 -2.045174332423784 -2.153897384754507 0
559 -1.687326833261642 2.840278119509021 0
560 -3.109752865924255 -3.372300298720158 0
561 4.265834085829886 -1.949399420738094 0
562 -0.6554198552225263 1.641067370329425 0
563 3.361876815160322 -0.5519331307453949 0
564 0.658690648413353 3.131207441389257 0
565 2.716043189536652 2.994627058160521 0
566 -0.4040851068370847 4.217143171785241 0
567 3.380050751951038 -3.10027342570702 0
568 -4.328711560574732 -4.190016331210664 0
569 0.3795588247069349 -2.362390342764341 0
570 3.710172649103469 4.189231069954103 0
571 -4.31833436359868 0.2434713066018937 0
572 1.428616248295311 -3.523937495744065 0
573 -2.668783378450945 3.849428000283791 0
574 -4.583917203695533 -2.378126608454586 0
575 1.725070641505759 4.210689625827833 0
576 -3.748157917941578 0.05363132528446723 0
577 -3.275203901877713 0.5815401039401571 0
578 -1.36780813220989 -3.691471023681885 0
579 -3.054060034582215 -1.01616307782558 0
580 -0.9648591516409066 1.133296851933328 0
581 -4.416777382405824 2.029525084856178 0
582 -4.013689166234593 -2.093047365246722 0
583 3.04225371471819 -3.581670589739828 0
584 3.79616355314706 -3.111595551092893 0
585 0.2597314662798492 0.9127469214876061 0
586 -3.323860156607898 -2.692652095442183 0
587 4.373338858429583 1.279617498589491 0
588 0.6747474076398017 -4.340484014444883 0
589 2.31759221642443 -2.631471447878081 0
590 -2.613975109340848 0.9404030953657705 0
591 0.3621303804869195 2.589674738966974 0
592 2.606451170805482 0.8206462603926836 0
593 1.269885867615672 -1.368838963319035 0
594 -0.7209404237459988 3.772470581238068 0
595 1.007843723141317 1.577832591020476 0
596 -3.938097274069306 2.424646052018808 0
597 3.567562958380116 2.171458642169707 0
598 -3.758271369939362 -3.248998418939525 0
599 -0.633958824109218 -4.186847029450425 0
600 4.421526783357113 -1.494945136868237 0
601 3.962206868692498 -3.403692589380279 0
602 1.526802807629573 0.98373738871522 0
603 -2.527075513528367 -2.091892766555211 0
604 -2.002246653284404 -0.2060403670986241 0
605 0.03482893661699046 4.428584609916051 0
606 -1.876675889817526 -2.723359752278039 0
607 -2.905388435366366 1.831692120155084 0
608 -1.465129334317447 -0.8460604828562779 0
609 1.4074008718005 4.511208586214065 0
610 -1.915288321687082 -4.43904360179733 0
611 1.453602104612205 -0.364282834290328 0
612 -1.860979884520802 2.287198266483137 0
613 -3.00804726497618 -3.901107452703514 0
614 -2.521794467589711 1.426225852451297 0
615 -3.497326171240922 1.058045384535472 0
616 -1.499747573767004 0.4791279904029577 0
617 -2.463796009872034 0.03478814788557748 0
618 1.066370275004847 -3.255306078910866 0
619 4.501910445886477 -4.57937187174702 0
620 -0.777703110640921 -3.077780266042868 0
621 1.629701234028805 2.336678286566443 0
622 -3.888876946648467 -4.476292180834629 0
623 1.880887446577603 -2.213901449311436 0
624 3.849466425321421 -0.4163418586708988 0
625 3.72174678466682 -4.355807685934029 0
626 2.885467319424497 3.390959659124644 0
627 -2.334958560121782 0.6147811203937174 0
628 -1.519132832689664 -2.276423103792365 0
629 3.341819758907662 -0.0566509737587324 0
630 2.211358347082757 -4.575677420777142 0
631 4.255521254395574 -3.77897575383755 0
632 0.2390192397500321 -1.83779098036618 0
633 2.367990806460005 -1.561839433883401 0
634 -2.622387557246691 -3.578570869417783 0
635 -2.121369947022969 -1.665790359911013 0
636 -4.205449901116411 -3.776398611300825 0
637 0.5362042059289469 -2.864207096707828 0
638 -3.423661027153855 1.555904869104431 0
639 2.830831022190391 -2.069965267768243 0
640 0.7031671245535985 0.349510401870477 0
641 -2.20908238325409 2.692167996858548 0
642 0.2133126234592848 -0.2433598122749802 0
643 3.338046069164744 -1.091694481607479 0
644 -0.9518613988214505 -0.4527355197131836 0
645 -4.149301658898088 -0.2152344234966605 0
646 -1.640000399177304 3.29951390646068 0
647 4.071416256950096 -2.901439359108468 0
648 -1.893104622149373 0.8083981001428748 0
649 2.0146896123945 1.773064455236364 0
650 -0.1229656647581335 -3.576692620270893 0
651 -1.129562340647085 0.7422947018467722 0
652 -3.802467479977607 4.497963959984697 0
653 -0.8531305940152951 -1.505934721400532 0
654 1.848497899408113 0.7028689703937486 0
655 -4.4679242165194 3.720976552496966 0
656 2.294071018565034 0.006908492575175171 0
657 -2.875158243078178 3.388983111745701 0
658 -1.227606304447506 2.922284790508174 0
659 0.8591389577632144 -1.048028930186315 0
660 2.738109181420839 -2.651180099674364 0
661 4.665209635650006 3.676979086719808 0
662 -0.2710625140666292 0.4127245305520294 0
663 3.29778814289687 1.717057720357414 0
664 3.14391605237278 3.070399694348704 0
665 -0.3947897082811701 -0.9691918290659836 0
666 -1.786472186572425 -3.977911586088375 0
667 -0.290875739199014 1.369871113864351 0
668 1.83766411387539 0.3672799103339657 0
669 -1.009241582854706 -3.899592437978877 0
670 0.1642746652720951 3.034242003728876 0
671 0.676804393548728 3.651685606946698 0
672 4.443867446676128 3.310017656323482 0
673 -1.318661214581654 1.424629207369348 0
674 4.339351890856863 -2.440428798035962 0
675 2.135356985012445 4.423846635629991 0
676 3.018491278663036 2.637408497078702 0
677 4.292189176381163 0.278904045206759 0
678 -1.388435283189957 -3.197911708200946 0
679 -0.08875766027033748 -2.209549607216094 0
680 1.605735588616622 -3.989446739686277 0
681 -2.526083643353808 4.389138175486755 0
682 2.527498453524912 0.3141161052950179 0
683 -3.488373216313708 0.2760755900895042 0
684 -3.790740147601988 2.865311322600754 0
685 4.630264037474298 -4.095628025590739 0
686 2.030043496989902 -1.821384515352485 0
687 3.406371920845302 -2.682939401636036 0
688 1.088024285482459 -4.562126408089162 0
689 4.015606972604226 -3.21108078909497 0
690 -4.671735186690404 0.2019998571515454 0
691 1.105951903874384 3.088126721878455 0
692 2.876793950096693 -0.6646205192780976 0
693 -0.6606831415145209 2.100506810966862 0
694 1.812603355493784 -0.7669387188162546 0
695 4.096615662943349 -4.595095517817713 0
696 3.038923360705173 -2.861448152939762 0
697 -3.681289687632359 -2.307513787985374 0
698 -0.8458669944014297 4.219484287056337 0
699 3.848622236759118 -2.016942969146879 0
700 -3.006576554915497 -2.951985285630438 0
701 -3.020731235071799 0.8813156204581731 0
702 4.220000481895198 1.662717909007225 0
703 0.8114255713177485 -2.30353435686062 0
704 3.824132414940621 0.7843484305890773 0
705 -2.207931205951986 4.002891599846001 0
706 1.11361431219227 1.924243199012586 0
707 1.813962773504579 1.432708589831275 0
708 2.57128684277335 2.557745041754897 0
709 4.627026470451679 0.6367177413027941 0
710 -4.154459861564312 -2.443432408827976 0
711 1.337942149424537 1.314199534840646 0
712 -2.030696521492094 3.113171792108739 0
713 -2.321383258806893 -2.451706085156923 0
714 -1.069905450062637 -3.435812852418469 0
715 -4.007151506791283 1.978652754644803 0
716 1.121044802550912 -3.813580570356776 0
717 -0.3082149802122094 3.827013877754815 0
718 3.456534686326258 3.846738084468792 0
719 0.7953985701529701 2.693411805869519 0
720 -1.211889592640748 -1.27935550399943 0
721 1.86010872112024 -3.651794950337655 0
722 -3.161852404471941 -1.38374260639682 0
723 1.937161463353894 0.08183571490285178 0
724 2.239563271295614 3.017413406835799 0
725 2.454667297737276 -4.239656188444578 0
726 1.583718710948988 -1.121149202398825 0
727 4.155935844509974 -3.340613555021926 0
728 3.677059421261884 -3.381531941423136 0
729 -1.756937835505987 -1.867501363167129 0
730 -3.070709248821356 3.790335578456676 0
731 1.700699009561659 3.763786417922671 0
732 1.465562329060129 -3.132348453849942 0
733 3.963257227318099 -3.979912825397346 0
734 -4.722760296489179 2.109729392951138 0
735 -0.2809213449197767 -3.973827459783111 0
736 0.1174403509731587 -0.6763369939740381 0
737 -3.399790614319669 -3.070035546110666 0
738 4.211713136104828 3.034581365064188 0
739 -1.736854484670304 -0.5690262361212777 0
740 -0.6995581917236136 3.366916212359808 0
741 -1.690828298120114 0.1115888812936836 0
742 -0.1493569880012892 0.02526431375626357 0
743 3.586589922505442 4.578481506242775 0
744 -4.599627715906181 -1.060304777848021 0
745 -3.406442679797746 -3.632578421534256 0
746 3.288509438112521 4.229992384614072 0
747 0.3034128552146112 -4.579620531432877 0
748 -2.382159965702999 3.575887746720942 0
749 2.250142998809093 0.8045417070399081 0
750 2.961625025169674 -0.1257756212800888 0
751 -3.992046473567475 -3.521139423686455 0
752 -3.481515510153549 -1.087115933898674 0
753 -0.5247115204194757 4.612723168899844 0
754 4.616047652890778 -2.185993697541741 0
755 0.5183119149424005 1.140980144084587 0
756 2.136112961792735 4.680074831459472 0
757 1.77230642648069 4.583797819049817 0
758 -0.3011825197540726 1.790818971885777 0
759 -4.302469604308129 0.6126920980858622 0
760 4.126011619167308 4.172365444636595 0
761 -0.5896993235814543 1.21152140592479 0
762 2.511515194043221 3.368534239096729 0
763 2.365586952629271 -2.973221541680008 0
764 -1.048969265359077 1.738538712471868 0
765 3.881731769188012 3.837230551006933 0
766 3.675787392150542 -0.8232896764102994 0
767 -1.496842776157091 2.468599180648644 0
768 -0.3709619873141002 -3.221190613860995 0
769 2.984704737298943 -3.248612157948484 0
770 -1.140132189590444 3.972629652498813 0
771 3.677559524430445 2.503435532325281 0
772 -0.02216890936141405 2.694354015659334 0
773 1.366176201502119 4.125496984429184 0
774 4.054593921936782 -1.659470509092527 0
775 -4.333783445361097 -4.595938922233753 0
776 1.089359273431188 4.420427980718869 0
777 4.640438741743706 -1.80931611765706 0
778 -1.686904413297749 -3.043329483843778 0
779 -4.539455162856775 -3.920946909142589 0
780 -1.550423684803537 -4.601408699318193 0
781 -0.07628739311220938 0.7061349133252661 0
782 -0.05737682307342057 1.107326920327546 0
783 -4.02163096274888 -1.692570275114085 0
784 2.774266939889991 -1.706351316410384 0
785 0.5415931511243002 -0.01848829199243432 0
786 -3.078486552525188 -0.5887883491473307 0
787 2.593088375587712 -2.323900266237148 0
788 -3.462989728750222 2.626165069222502 0
789 0.5634783614181849 -2.035270796956003 0
790 2.604612645795981 1.205974456096779 0
791 -0.06026319418502264 4.100313153189568 0
792 1.675091080320461 -1.48476917398397 0
793 1.138179241802244 -0.5340568678161348 0
794 0.3650194584570888 3.382246771679549 0
795 -4.578779185835494 3.317798432895482 0
796 4.019856329528483 1.157859602743652 0
797 -2.672982885126753 -1.015326895476669 0
798 4.691213544620793 4.682129534903568 0
799 4.668846695612259 1.280420842166512 0
800 -3.79622628485941 -0.2996139993346201 0
801 3.346644326180288 -3.433000237482466 0
802 1.247099606862897 -1.715034669684413 0
803 3.66313549346306 -2.851220108449271 0
804 -2.278609692844702 -4.607129343410572 0
805 -0.6002435173997577 -4.573713326496176 0
806 0.347011633212728 2.206472745549151 0
807 4.116100096640142 -0.129567236179824 0
808 0.9462174500158775 -4.122076582830076 0
809 0.7279576209811428 1.401389978316283 0
810 3.333471765996497 2.409720854078055 0
811 -0.620230602047852 -0.6521358015836759 0
812 1.486740859538156 3.086598588418984 0
813 2.823565462381329 -3.850416902369119 0
814 -3.515409176741445 -0.01627733147023538 0
815 -4.387562425033081 -2.054485008840774 0
816 -4.376872500654665 1.65952377915778 0
817 4.304931751960823 -1.14768446190239 0
818 4.278160440981821 -2.719370124762406 0
819 -0.8927766459208346 3.051088563198482 0
820 0.7915123249501833 -3.085242342078601 0
821 3.929425151657107 4.473979742700175 0
822 -3.980801985472191 0.3489666782097343 0
823 -4.458344810502346 -0.07864392551641727 0
824 -3.154838039895302 0.329924768377988 0
825 -2.706886279445858 -3.201841853388463 0
826 -2.381124820965831 2.353435014864012 0
827 -1.653482783131476 -3.837382430382262 0
828 -4.120952748975926 4.634490063291403 0
829 0.5964241701825692 0.7356717394645309 0
830 2.091398816304376 4.028698407114526 0
831 -3.988152205154187 -4.088338488175848 0
832 -1.607688457169623 4.60120071563467 0
833 -3.545075117642181 -4.631991405567096 0
834 -4.617545532635051 4.072327942716501 0
835 -4.34728705448961 2.370517875784659 0
836 0.2182664422110027 -2.69751650487708 0
837 -4.045626327875516 -0.5329598604983765 0
838 0.9605464598133 3.434401524244397 0
839 3.298804198368029 -1.442799504272579 0
840 -3.673004667116554 -1.962557486615008 0
841 -2.70109832579317 -2.35726546174004 0
842 -2.839554872536177 -2.055864697240721 0
843 3.846124323271817 1.894229797895572 0
844 4.148358107934701 -0.835536973937669 0
845 -2.465565669908814 -1.751037797698702 0
846 4.117636476359593 -3.082699790741372 0
847 -0.8336331372406369 0.8627642976804626 0
848 4.55429540802601 -3.839849983081037 0
849 -0.368644832141744 -2.244384639936172 0
850 -2.980114056582442 0.5685241519891512 0
851 -3.845563690833453 1.147534717763545 0
852 -4.661203221391415 -4.259828535403024 0
853 3.968274749483356 0.4782050818209482 0
854 -2.314939144993707 0.3156765556293182 0
855 1.377569009305856 4.749605085518207 0
856 1.980491693815126 -2.603089740281336 0
857 -2.890975738715636 4.15312603663315 0
858 -2.964655900391561 -2.598420946538978 0
859 1.314372466552324 -2.838242972877064 0
860 2.718434203772901 3.760320928011266 0
861 2.738171602979911 -3.556609588355696 0
862 -3.447613048841662 4.62836947360828 0
863 -1.174471834235581 1.047094469417046 0
864 4.724956916194294 -4.418562628039647 0
865 -4.355031479522893 -2.748658211895423 0
866 -2.527854435179102 4.623370133668466 0
867 4.024667697290244 -2.301922637451118 0
868 -0.5070078211545723 -1.32618586529799 0
869 -2.326373576896942 0.8934267456153011 0
870 2.759312896684555 0.5410682001784781 0
871 1.718251221332899 -0.5180228933700736 0
872 -1.306061723460621 -0.5375450822330028 0
873 -1.343846684028404 3.125496490568158 0
874 2.924377123546605 1.63139050626425 0
875 3.656243251885481 -0.1678426606649027 0
876 -3.223645305927806 -2.413114054788036 0
877 3.322910906145936 0.253497577083409 0
878 -1.864170988523238 1.922391441597485 0
879 3.835865957839971 -3.294963223268971 0
880 -2.077798211099465 -1.338940912692543 0
881 2.925242275924197 0.8268691239539074 0
882 -2.729094205035735 2.158667578375622 0
883 1.683840338500279 -0.172955579539327 0
884 1.390107470388058 -0.05134354125003216 0
885 -2.576141565996378 1.75186154664568 0
886 2.216562213309687 -2.342052135743009 0
887 -2.820950777645062 1.515996821145371 0
888 -3.695393861354314 1.820011002281057 0
889 -2.940440496438523 -4.259120112542095 0
890 -1.189246313299382 0.4703747022655401 0
891 -1.754954160850069 -0.9905667783091033 0
892 -2.713565254869957 0.009344595835777351 0
893 2.71764152500154 0.06153070954838438 0
894 -2.625987867674886 -3.883854064653994 0
895 3.982832882898838 -3.689062687235366 0
896 0.9184108660763465 -1.370820727684123 0
897 4.555284103083862 0.9716575483182612 0
898 4.674571933470417 -1.503361617471316 0
899 0.5917398520523149 -4.010365195781178 0
900 -4.75759729133383 -2.301747098547826 0
901 4.666184861487784 2.326612952074006 0
902 1.242277327783905 -0.9830646851552107 0
903 2.422015833661778 0.5894022609380717 0
904 -2.746655522413991 1.201400154161476 0
905 -3.151257009286092 1.583274106085939 0
906 -1.208797734634658 -2.277291490099869 0
907 -0.1060426092586799 -0.8890963813039239 0
908 1.732983438757965 -3.31576729590647 0
909 -2.621648280823145 0.6325185188498049 0
910 -0.9099154287950884 1.456749784380397 0
911 -2.403722181043555 -0.3065650158970878 0
912 1.290536664328624 2.226440709766977 0
913 -0.7591748056894344 -2.67170431753934 0
914 3.944870233404359 2.263758753528963 0
915 -3.954538264954238 -3.315716688712599 0
916 0.7107902092058581 -2.651363680311122 0
917 1.651899183232634 2.592168174902364 0
918 1.996528256393975 2.175654627615565 0
919 4.275004173799778 -2.959652638165839 0
920 -0.217093754048354 4.656676832871431 0
921 3.169234765636338 3.6438954856933 0
922 -3.780773432694537 3.762429360328118 0
923 -1.562088710880683 -2.62056832274544 0
924 0.704979583129868 -4.69879314733038 0
925 -3.329097579167871 -0.7767364922053572 0
926 -0.9649866730143403 -4.231723389118337 0
927 0.229211730665759 -1.539093390178714 0
928 2.41360721117605 -1.247644671912196 0
929 -1.033846736127946 -3.096935258989998 0
930 3.120601814389074 -3.871286919821078 0
931 -2.063511075424324 0.02760844338848254 0
932 -1.825006460297724 -2.401356563205105 0
933 -3.995388829326979 -0.994215457035626 0
934 4.554775156547221 0.400860568600456 0
935 -4.09802884389428 2.753271688021591 0
936 -1.603086326455514 0.6950071967941586 0
937 -1.818361397455069 0.9987367509172934 0
938 -2.231749034772332 -2.695444652561012 0
939 -3.245252058481885 -4.731174428999509 0
940 -4.693416006632386 1.800893239742 0
941 -1.01983519282204 3.757126629728083 0
942 4.678951514905799 -0.5104087975653171 0
943 0.3041555589899599 0.5610058090772724 0
944 4.457320375420872 -4.789339903218942 0
945 -1.623847868634765 3.528282139746793 0
946 -2.900416227898638 -1.294053935774128 0
947 -3.660213590359992 2.348606838200273 0
948 3.808141445787407 -4.68789294485686 0
949 -2.642718060312868 -4.765398718389992 0
950 2.915221381400594 -1.086240592278536 0
951 -2.417794784503309 1.159259817836957 0
952 0.6365099177090181 2.428267675251936 0
953 -1.656049150626935 -3.565674881292415 0
954 0.9000560919117369 -3.484090242482864 0
955 -4.556343120449812 0.4531020061855867 0
956 -1.44001152720191 -1.211004477119236 0
957 -2.117630252654359 -0.5234222541149889 0
958 1.316042993972391 -4.684443420210156 0
959 1.630434680679963 -2.33440830337811 0
960 -4.057406122432404 0.03565467903967005 0
961 -2.217317989633488 1.398515865161249 0
962 -4.686853670948968 -0.771874793766374 0
963 0.4536517272903498 2.888299611280157 0
964 -0.3285141564943486 -4.254989901613497 0
965 -2.49308476215991 2.632233667695763 0
966 -3.528141749969762 0.7579413044258271 0
967 3.846366153586985 -2.901386610129179 0
968 2.085119100912603 -1.528783989275864 0
969 1.586042030922406 0.7291753925890466 0
970 0.9810177442090515 1.212834574031814 0
971 -0.8072829404213493 -1.956128216511592 0
972 1.632277990715747 1.934583681651229 0
973 -2.220429616748106 -1.997509707215318 0
974 -0.3684737135666571 3.548476878341532 0
975 2.404976588121249 4.283119398782196 0
976 -0.4863579155132084 0.3005927769932329 0
977 2.838382954751598 4.675527949593587 0
978 4.734562789161126 3.430876734111828 0
979 -0.945286618080616 -0.2095952701193896 0
980 0.56084344065675 -0.9698438819512712 0
981 -3.181096347566804 1.833884456320646 0
982 2.314760605879822 -0.2488690234886984 0
983 -0.626755446132509 -2.456011776312306 0
984 -3.325773610491953 1.294958160690802 0
985 0.1232517647235745 2.398566806184439 0
986 -3.280751033739758 -3.878039553350234 0
987 -3.764819068425092 4.13721809541767 0
988 -3.236604711152717 3.434308258426133 0
989 4.161087450095816 -3.619920229457939 0
990 -1.890157620672098 2.596871164044154 0
991 -2.853285760968643 3.080300185297992 0
992 -0.9327951764893921 2.701543865757501 0
993 -2.89874076810307 -3.625815103367218 0
994 0.8876298303756098 -0.7174945897273288 0
995 3.964439957305359 -3.059187029212551 0
996 -3.642225379152356 -3.049507232968879 0
997 -2.083676970228276 3.369660125882371 0
998 3.079345252416053 -0.4356666448642545 0
999 4.699897926496345 -3.167607997703186 0
1000 3.689726910639395 3.548020058919526 0
1001 0.129530229312679 4.691078712751147 0
1002 -3.003765029974554 2.133334900942721 0
1003 0.7304791695452753 1.674278549722629 0
1004 0.1942176417603717 1.196248278663525 0
1005 -3.388295518822664 -3.365132557623664 0
1006 -0.1308659332428625 2.985121117773252 0
1007 0.3397591713070727 4.412796476547674 0
1008 0.3883252441395457 -4.31035375658671 0
1009 4.259627439165792 2.748280261184086 0
1010 -0.09307362482651248 -1.917975459821235 0
1011 -1.15491001238509 -0.8349661744425838 0
1012 -1.71354465198647 -0.1653031828231886 0
1013 4.364132914687719 -4.040019851321746 0
1014 -4.284394965697006 -3.622935392238041 0
1015 -4.178874327320071 3.670185650557712 0
1016 1.820218033399827 -2.032382633428715 0
1017 1.285573765550014 1.057188258266556 0
1018 3.663581432239604 -4.104857952293205 0
1019 3.306976496116309 1.402945567707661 0
1020 -3.475230740538 -2.342908780149741 0
1021 1.053426117949132 2.810835810807788 0
1022 2.381823639656793 1.073218348905493 0
1023 -2.079800694147934 0.5937953540950986 0
1024 1.764837633759761 1.148888663354971 0
1025 4.276457303501522 -3.287932769446019 0
1026 -0.7269932499420511 -3.909736508780486 0
1027 2.526492308596633 -1.776916444987149 0
1028 -1.483052574377537 -1.981833311609726 0
1029 3.286996747549106 2.044720741421017 0
1030 -4.728216948564399 -1.33029969565676 0
1031 0.6525324106456751 3.910311427980024 0
1032 -2.006825643812084 -2.999605951938124 0
1033 2.584190323949382 -2.827263576369513 0
1034 4.446240684223797 1.587028254548003 0
1035 2.612699985990059 -3.963250471295159 0
1036 2.313334239235355 -4.826147683599991 0
1037 -2.305365102174852 -3.561166398674148 0
1038 -4.583054495003665 -2.634385813131639 0
1039 3.385314024920691 -2.410505427937357 0
1040 1.236413309265181 1.622724841549463 0
1041 -2.052740728620612 -4.252295083182728 0
1042 4.590674124602257 -2.434932461912519 0
1043 2.304278490624587 2.696525682451831 0
1044 2.516020678422201 -4.488065438214418 0
1045 2.027138788829055 0.2749559460874619 0
1046 2.880808088187311 -2.305373217114562 0
1047 -0.6370751959302511 4.08779586899686 0
1048 -1.324137895945487 0.7624127396425392 0
1049 1.158719904950952 -3.540413811831056 0
1050 3.602741414789666 -3.056160832908624 0
1051 -2.109612980107241 0.8752463389338565 0
1052 2.068750152051557 1.500182520456139 0
1053 -1.731059872572309 0.4947848375223058 0
1054 2.135812513169723 -2.822114658414927 0
1055 -1.851477867977454 -1.589428891032866 0
1056 3.209356134453141 -0.7926775883549184 0
1057 2.117070253412801 -2.070798556144677 0
1058 -3.574081334415223 1.327882233725875 0
1059 -2.806304781529413 -0.6706525429485545 0
1060 -0.005761389769787507 -2.536482404980972 0
1061 -1.671529576636542 -4.277518850096568 0
1062 3.157672409783313 3.344589221423847 0
1063 -2.603985496923222 3.39493361403499 0
1064 -0.6986838825444728 2.373907409760001 0
1065 1.349169536700831 -3.954968067377118 0
1066 3.044476065433091 -2.632832163079565 0
1067 1.819705101138693 -1.031110378551121 0
1068 3.442901778064021 -4.384883491349974 0
1069 3.615685535758533 -1.098479075247686 0
1070 4.469289072117952 -4.300070354697495 0
1071 -1.134561595645978 -1.551117198116156 0
1072 4.131771581628106 -3.198045542325102 0
1073 2.612137989665787 2.26268253235572 0
1074 2.878980993234257 3.188444639556876 0
1075 -0.9422080331410704 2.020537128061153 0
1076 -1.372423121227033 1.152772211790017 0
1077 3.943769359849408 -4.290126050757936 0
1078 1.619609854633825 -4.248870784207726 0
1079 -2.15074122639524 2.182827830257018 0
1080 -2.509049661570843 0.2692307353044323 0
1081 -1.278798481517424 -3.905432420518366 0
1082 -2.215306167797746 2.974667051220035 0
1083 3.034639485409295 -1.931826496706889 0
1084 -4.812859640557729 0.3361805931704412 0
1085 -3.828034190831231 3.238428808197981 0
1086 1.702963901793537 0.5370846888237877 0
1087 4.170128484263415 -1.389653267316121 0
1088 3.199528695156153 2.815040125655333 0
1089 2.316107624005283 0.2154412209385794 0
1090 2.10936721104382 -4.785812317846422 0
1091 -0.3775569443093507 2.040715453704512 0
1092 -3.475884132260743 3.643969905840885 0
1093 -3.28896596079648 0.8886167165953246 0
1094 1.433258285714447 1.942535479829033 0
1095 -1.398069886932112 0.2070488202431724 0
1096 3.347517504901976 -3.675487867976535 0
1097 -0.7615379266507757 -3.350360230093731 0
1098 1.451319705530013 3.855440867539339 0
1099 -3.525321162414621 -2.176538153840739 0
1100 0.7835829117074155 4.639860944345394 0
1101 3.563578903377093 1.887690752544111 0
1102 -0.03114362563084815 -3.875948122454116 0
1103 -2.9675626767273 -4.592133555959929 0
1104 4.114660095313287 1.422116744707704 0
1105 0.9173367223639864 1.753802260818074 0
1106 -4.077595200795062 -4.665466655022346 0
1107 2.692686184951698 1.448803380114023 0
1108 -0.09246784874313657 1.574347065011039 0
1109 -2.251415634412007 4.308771205875675 0
1110 4.07080723606732 -0.5803824579700843 0
1111 -0.3894929396229066 -3.704081856232701 0
1112 3.075957933513353 -1.446440456279707 0
1113 -4.69479311253161 3.044650756357107 0
1114 0.195681609686112 -2.139965510262437 0
1115 0.1417415888484523 -3.542123483511689 0
1116 -4.688548516485326 -4.045053330463158 0
1117 0.9353346111691191 0.3478640248017572 0
1118 -1.108465688546619 -3.659682552568074 0
1119 -0.8054743722109687 4.473056007140131 0
1120 -3.937951561096938 -2.327987914734232 0
1121 4.319510882035397 0.02466290895272513 0
1122 2.952748616528738 2.886708684840598 0
1123 -4.593958751541242 2.299594589743894 0
1124 3.824231040189431 4.729128548335773 0
1125 4.638115151169783 -4.672614323692898 0
1126 -0.4924969157614672 -2.988809996648982 0
1127 -1.660096072542874 2.060213596198646 0
1128 3.387829875577433 3.093034050760694 0
1129 0.4419289146085955 0.2394995007984459 0
1130 -2.821807792043465 0.7677159130520244 0
1131 -4.727063516828313 -3.243639195828787 0
1132 -2.779389385052808 -4.867777088891527 0
1133 4.857812187717681 -4.853067826924983 0
1134 4.567424745939526 -1.297272955337926 0
1135 1.226726713994356 4.562036755382426 0
1136 -0.1133029355510688 -0.2759346107669144 0
1137 -1.281247732379117 -4.709900380830182 0
1138 -4.769516114690313 -2.503467068051906 0
1139 2.262618863964987 1.812960732143883 0
1140 1.638025236767234 3.50702502223429 0
1141 -1.260415540126 2.575086437438237 0
1142 1.659790456809896 0.3532390290013101 0
1143 1.567187291199296 1.454960224480132 0
1144 -3.657828326263194 -3.642665924782172 0
1145 0.259768962077524 0.02777921953717541 0
1146 -2.661892100478036 -1.900299909458614 0
1147 4.454616409749789 3.050037559340282 0
1148 -2.007473379465185 -4.716490193025055 0
1149 1.815590817726073 -1.692067603861896 0
1150 -4.160208893610231 -4.398786713912716 0
1151 -0.7662648106598011 -1.223527874570952 0
1152 1.925127809774275 4.7828561542636 0
1153 -4.61169170118652 -2.130620093843194 0
1154 -1.790758224913446 -2.22913010668412 0
1155 4.275385497904058 1.040540355912429 0
1156 1.011403789162426 -4.326027995516636 0
1157 0.07847783901075196 -4.712666566649441 0
1158 -1.538532497783996 1.324812399820734 0
1159 -1.965372212165977 2.882123783865229 0
1160 1.654843866242069 4.784338317867676 0
1161 4.244231554350497 -4.446611022618142 0
1162 -3.688667907958116 -4.280986863258024 0
1163 -0.2098292360076045 4.408777591820449 0
1164 4.397471624386425 -3.595614438283758 0
1165 -0.1139334052012236 -3.252285378145418 0
1166 0.8075373676407466 0.06023312226990086 0
1167 -4.745195384967654 4.310608986387132 0
1168 -4.293504020132773 -1.07728472147251 0
1169 -3.58488723890723 -2.640866054156261 0
1170 -0.863312780449773 3.947388528994579 0
1171 -0.7107536744051578 -0.3363945432622257 0
1172 -2.02402933666036 -2.540406198043326 0
1173 1.106685480927893 -2.993138706190789 0
1174 2.808611553885578 -2.861833209470685 0
1175 2.208990819431067 -4.326660135876283 0
1176 -2.044502107559418 -1.897589798482723 0
1177 2.076241538499439 0.6683805736546896 0
1178 0.1751488652353809 4.236016538513883 0
1179 -3.734361049728724 0.2771858562810954 0
1180 0.4869499346473014 -1.788474202841811 0
1181 -4.033622328162529 4.370695445789508 0
1182 1.027446602297602 -1.605322151471007 0
1183 -4.310838854820843 -1.814110988816534 0
1184 3.561116577724039 0.0754579828729889 0
1185 -2.47001021969001 -3.303264854654234 0
1186 -0.8720066023030075 3.475372402725614 0
1187 3.147349616701161 0.09885040456316715 0
1188 1.415320978557173 -1.562454257606929 0
1189 0.4772589349662604 -0.2878351697988162 0
1190 -1.183114748005036 -0.2958740464274587 0
1191 3.552555062953728 -0.4145087403597951 0
1192 0.4860467361254828 -3.120051113875248 0
1193 -3.441153591466861 -1.354217112666118 0
1194 -0.7933271769235543 -4.479837949361658 0
1195 2.082747706607962 -0.09804693210060823 0
1196 -0.6413775619037765 0.9633844060844381 0
1197 2.786638508194887 -3.343478030146599 0
1198 4.866080840417812 3.705975199360302 0
1199 1.833648236413331 -3.877577674969804 0
1200 -3.8332210471516 4.750010023405441 0
1201 1.486574678262988 -0.5556522940036734 0
1202 -1.465103681431945 -2.962746379027592 0
1203 1.195502633384022 -0.2790146087794133 0
1204 -2.283264174767305 -1.446765169043621 0
1205 -3.751429978292619 0.9301732973278017 0
1206 -0.02465716026652374 0.4608845167023695 0
1207 1.758972396037774 1.695518782594319 0
1208 -1.438537924674391 2.906060730296659 0
1209 -3.098142110331837 -4.738998700038625 0
1210 -0.2969243445584738 0.6273933981747271 0
1211 -4.327420035664197 4.761085052019099 0
1212 -0.8841962430209301 -0.7080462355597742 0
1213 4.50427027308065 -3.155619047924027 0
1214 -0.9802603788928924 -2.847257596323492 0
1215 4.21221609078023 -4.791430036818145 0
1216 -1.55125396938562 -3.357528361835434 0
1217 4.383385921337084 -1.741694762105309 0
1218 -4.813176180467452 2.238204545852777 0
1219 3.283273303042543 -2.887559386338291 0
1220 2.346508510734047 4.570462613733145 0
1221 -4.322867249510743 -0.3919781583640327 0
1222 -3.140104929879199 -3.720982162938969 0
1223 -0.5220033774928134 1.434251353415298 0
1224 2.307634062487038 -1.846120690471019 0
1225 0.3298101836836076 -0.8311038409352316 0
1226 4.387032915429168 0.5316109148594481 0
1227 -1.86547188074909 3.415131285063073 0
1228 -4.040152342700996 0.5684243895422666 0
1229 -1.357884968586715 4.71877867993206 0
1230 -0.4040718800884755 0.08080528172787545 0
1231 -3.499660114334656 2.893986371634802 0
1232 4.694219243341002 4.452421886770347 0
1233 -3.592051689191998 -0.2276513198719617 0
1234 4.116571959366685 -2.531814304825452 0
1235 -3.738855363915613 2.605051999320322 0
1236 -4.727049368347399 3.554501442749276 0
1237 3.696127133615069 2.714897907204571 0
1238 -0.9106337880213252 0.6602142274293811 0
1239 1.60845268507462 -3.72970025879678 0
1240 4.106951568012105 3.90314207679784 0
1241 2.824836638752715 2.454829745964527 0
1242 4.836529139514107 4.26378593022285 0
1243 4.663787233991279 3.249718651347349 0
1244 2.534231486196904 -2.5763182584373 0
1245 -1.759663746518191 3.07558657945088 0
1246 2.337669364008773 -3.186614636486263 0
1247 -2.505501051368012 4.098770278816536 0
1248 -3.756440253850349 2.093245930409954 0
1249 -4.644859157019388 0.01413356662149301 0
1250 -4.60575515881351 -4.516553375182387 0
1251 -2.863650081403345 3.663465844664462 0
1252 1.32914404909485 0.8032301687936909 0
1253 -4.221551202900011 2.14117570381246 0
1254 -3.277716753823213 0.2238095550624785 0
1255 0.3658789303181361 3.617214183929835 0
1256 -4.332519279818918 3.449218499207484 0
1257 -2.392215666089152 1.57588234067064 0
1258 -1.815788113960045 -3.814879639767589 0
1259 -3.792516195115572 -4.72785146052389 0
1260 -3.481350604235683 -2.864716420700395 0
1261 -0.373046279437799 1.157132092439303 0
1262 1.763155336628525 0.1948790674277863 0
1263 0.1108517397504878 3.296852545103551 0
1264 -1.901143041720685 4.723719189316999 0
1265 3.787791334388767 1.0549086969736 0
1266 4.097735178679653 0.1063469994909415 0
1267 1.86025200420932 2.384119418318731 0
1268 -1.319051829899633 -1.050450552719632 0
1269 -0.6616666277515519 -0.9166934898650611 0
1270 2.588431570523166 -1.404415307035168 0
1271 -2.283899987806761 -4.350645081991064 0
1272 -3.593927911422534 0.4820982564530465 0
1273 -0.6512669776759833 -1.701612457589409 0
1274 -1.310558585701276 -3.446164174554505 0
1275 -1.432993195679831 3.436163067983527 0
1276 -3.153751582106771 1.075501227268036 0
1277 0.838126630816075 0.5992662963074846 0
1278 1.969763688941408 -4.603034696921767 0
1279 -3.182314289868784 -1.667329745148737 0
1280 -1.896649796620014 -3.20126607303842 0
1281 -2.699765563682397 -4.107751268010597 0
1282 -1.666336139029644 0.8643582676549217 0
1283 0.8787150389144293 2.998937286491791 0
1284 -0.3014599673286005 -0.704441799439212 0
1285 1.390864491969088 2.416124388463032 0
1286 1.616730433294427 -0.9043856728451853 0
1287 2.516967210953482 -0.07872341560674152 0
1288 3.04237206206507 -2.155923149413868 0
1289 0.9539032120555673 3.657453220028703 0
1290 2.707443308041527 -4.356921002441643 0
1291 4.379197850356347 4.120426339768731 0
1292 4.724936611229328 2.094539928720617 0
1293 -4.393418141467073 3.968914495960147 0
1294 2.055115848581065 -0.7535377022911707 0
1295 -4.351241907970303 -2.274839638124824 0
1296 1.632476967128616 4.41615072724688 0
1297 4.486697806937114 4.751495821002401 0
1298 0.9356628843463622 4.555264738953486 0
1299 -0.5091420118857033 -3.419513917395188 0
1300 2.76181086399862 0.98460534149782 0
1301 -3.743314582958804 -1.725946903301169 0
1302 1.317597916813994 -3.318033893352539 0
1303 -3.971632595756074 -3.758609364539765 0
1304 3.81040074668924 -1.772413362926673 0
1305 -2.136919849549898 2.442400323071545 0
1306 1.15537402429438 -0.7805972857526756 0
1307 4.764908727144441 2.525537563232293 0
1308 3.289946295900501 -0.3053223343714661 0
1309 -1.981470426156561 4.024062339264856 0
1310 -3.568863816601466 4.407803652807818 0
1311 0.6385469690232528 -1.204013471296751 0
1312 1.257559859969886 -1.951410349292374 0
1313 -2.777288904754426 0.9707769258459966 0
1314 1.885602145140623 0.9366147051321678 0
1315 1.998377079864567 3.767040905636317 0
1316 0.4463379235494551 -2.620290935834111 0
1317 -0.365393038717296 2.838435214840822 0
1318 3.535796605648417 -3.560985980769047 0
1319 -1.155619924322098 1.266235565816592 0
1320 -1.943670145637842 -1.156967561235971 0
1321 -2.319459016942 -2.175501871936074 0
1322 2.631144471145778 -0.7215951854138739 0
1323 -0.5567753948988811 1.872967509261432 0
1324 2.606284727047419 -2.0935550732599 0
1325 -3.170309879556333 -3.144872982446112 0
1326 4.361440040614542 -2.187246245381115 0
1327 -3.71977661249574 -1.044406898023885 0
1328 3.547054178435078 1.592056572508067 0
1329 3.521160231029669 4.325666810594303 0
1330 -4.829269582202283 1.949982713756142 0
1331 -1.096871091654168 3.130304237961643 0
1332 -1.281907476792038 1.719149999860462 0
1333 1.020414483012379 -2.337896497357087 0
1334 -2.199716680118815 3.756757013133776 0
1335 -2.878586942786696 -2.430259916458085 0
1336 -4.739524472348866 3.829053242606231 0
1337 0.3198903914959051 -0.5068881889048434 0
1338 2.805240083673847 -0.4577113224676447 0
1339 -2.739455239362805 4.55025691062779 0
1340 -0.6762209323429581 3.131355724524879 0
1341 -4.806504581481871 0.08521056647565124 0
1342 3.033428918914746 1.84256938419574 0
1343 2.774042749461052 2.712350589937715 0
1344 0.7244402478615334 3.373828730500665 0
1345 2.493160781071982 3.606066287717044 0
1346 -0.2686993154207891 -1.177479584613967 0
1347 0.2052765727312049 2.786698233631572 0
1348 2.260972514031236 3.281940124382977 0
1349 -4.324477507898804 -3.990609066631342 0
1350 3.220460066536833 -3.252290648553064 0
1351 2.355271364629237 -3.978124059001035 0
1352 4.714369323806195 -3.941837845042234 0
1353 -3.71054646321231 1.554529175374197 0
1354 4.797887060526954 -2.305832831163305 0
1355 1.69422728836127 -4.833314922428482 0
1356 -0.04762630307617807 1.336935140482605 0
1357 -0.8906924956729169 -3.724218926645941 0
1358 3.583427761708815 -4.589631581377285 0
1359 -1.343642410056417 -2.488134291496318 0
1360 0.7771323660161735 -2.054255734124698 0
1361 1.556115109028271 2.867225284462908 0
1362 0.4083175809561666 3.134557012613512 0
1363 4.747721070668398 -1.985629520386805 0
1364 3.369685836198962 4.712735802549314 0
1365 3.411860553244425 -0.8594057224364883 0
1366 3.612560960181164 -2.640269384481181 0
1367 -4.27269517179942 1.885218573563553 0
1368 -0.3079614492208994 -1.98909316937799 0
1369 4.089718599075017 -2.75202910478517 0
1370 3.883055480514702 -0.1427713458482755 0
1371 4.771776713815965 -0.3214214854915347 0
1372 3.537340029567768 -3.24191193512865 0
1373 -0.6329878448217592 -4.787668703618593 0
1374 -1.834658882911301 -0.789878130894385 0
1375 -3.089582516503484 4.031237482068335 0
1376 1.144550315529813 4.161319578637494 0
1377 -3.104306222805252 3.251893780945728 0
1378 4.718111719118377 -0.7245854889685094 0
1379 -3.245286254069864 -1.166981214415523 0
1380 -2.858816753855046 -3.414351796365265 0
1381 -2.569348091442734 -0.1568065548344957 0
1382 -0.05544374485978439 3.878223411611466 0
1383 0.7691622184231828 -2.874924787141412 0
1384 -2.24629109362237 -0.1000369407395753 0
1385 -4.021137160870162 -0.7459497283981769 0
1386 -3.23902597953172 -2.908400759663574 0
1387 1.968254514999773 0.5038140695996142 0
1388 4.665219321840416 1.48716858986669 0
1389 -1.13628079216822 -4.116153749262798 0
1390 1.866768568553419 4.397067258305242 0
1391 3.601649374626158 0.8389078354688949 0
1392 -4.064958425825647 2.999959923412717 0
1393 2.464010599890265 2.914946808507529 0
1394 4.194175682514184 -3.976197757901705 0
1395 3.275085000307637 3.999669412763357 0
1396 1.74148571295887 0.01088843032680074 0
1397 4.422973339948332 3.568578819916443 0
1398 -3.214377001969234 4.672859973623187 0
1399 -2.763447094153426 -2.973417837923273 0
1400 4.062657518181857 0.9097175460518465 0
1401 4.21555455362309 -0.3468191116733796 0
1402 0.02305853720663131 -1.711663151345833 0
1403 -4.769493952740956 -0.5006611962297292 0
1404 -2.470886709019942 0.4664397246785824 0
1405 3.325410615989632 -1.672178027724995 0
1406 3.909161182547934 4.05409228812221 0
1407 -1.024699099026221 0.9358252081359651 0
1408 -4.403107848261017 -3.78030421517282 0
1409 3.637477587845778 -1.987928165652588 0
1410 1.452779132022147 -4.149155771810022 0
1411 -3.165624322330141 -4.138580328785595 0
1412 3.478852515431914 -2.899514457215466 0
1413 1.308991961343455 2.956708157287016 0
1414 -0.08526577609340887 0.2529935043294576 0
1415 -4.871385157230088 2.108784147074663 0
1416 -2.112136810247326 -3.552018158328523 0
1417 -0.9551510712063134 -1.75638746504206 0
1418 4.222205222689116 3.273832746448811 0
1419 0.2810983371275815 -2.933855386438807 0
1420 1.526466011987825 1.213097776005098 0
1421 4.384529555925162 1.828779378135545 0
1422 1.144540042064066 3.321089083910031 0
1423 3.488644951545202 4.092887188864751 0
1424 2.136061946009927 4.850036478831334 0
1425 1.918004902130339 -0.575144865562659 0
1426 2.268127232111562 4.774518134396027 0
1427 2.086191117138013 -3.600069941459534 0
1428 -0.8793389376750702 3.250790923548419 0
1429 -2.459665843313433 -0.976431125128751 0
1430 -0.6052420414567488 4.341405912003214 0
1431 0.395350934061379 1.289685712582423 0
1432 -3.91326710418744 -0.105196950743468 0
1433 1.786833127960147 -2.532201389419146 0
1434 4.741598147340918 0.8385390804943078 0
1435 -2.393842676188543 -3.778150542771859 0
1436 3.53383157055895 -1.379786485084169 0
1437 -4.79461640193928 -2.127117952696211 0
1438 2.911796947786788 -3.046362185959232 0
1439 4.045602029716703 -1.878002596736587 0
1440 4.461233203452867 -2.613208007024598 0
1441 -0.7918783748543624 1.836043877150393 0
1442 -3.44359244703532 1.821609952378902 0
1443 4.781667298119319 3.820637541802245 0
1444 4.605607798089049 3.932941631576696 0
1445 3.225576947541315 -2.573924653520569 0
1446 1.13576455168625 -4.031183687314681 0
1447 0.8456108416185817 -3.910138111618351 0
1448 3.819794148367685 -3.512035373534152 0
1449 -2.42649645653834 3.818580338005476 0
1450 -4.368701462819258 -2.527268907195621 0
1451 -1.112331015064085 4.196680976872891 0
1452 -0.1440535744563498 0.9116205841889308 0
1453 -1.734260987321008 -4.733922779559143 0
1454 0.8961190184068908 -2.519299584236294 0
1455 1.262919217218476 -4.49966292544814 0
1456 -4.358284823107096 2.628014500387826 0
1457 0.8537768208698838 4.843890475779708 0
1458 -2.488000661857434 4.835860947557503 0
1459 2.754759332945216 0.2965921798662914 0
1460 -0.8215023520531999 1.277933384824901 0
1461 -0.2600924562023149 -2.440836691628694 0
1462 4.494336552324937 -1.970981315840396 0
1463 2.13978920225116 1.996596471457609 0
1464 -3.830378391309892 -0.5314355478379016 0
1465 4.778782987728424 0.4957979064294177 0
1466 -1.90441253781441 0.170090027438276 0
1467 0.3066785451738064 4.6505752677646 0
1468 2.050148822976479 0.8697546787770657 0
1469 -4.17674200091533 -3.489513048081339 0
1470 1.739854456036935 -1.290024418706435 0
1471 1.97393074906456 4.572815319714364 0
1472 4.825217421613907 -4.117717247782949 0
1473 3.840546344241854 -2.249789491569019 0
1474 3.785850868194045 0.5650249948758965 0
1475 -0.4723054118456186 0.5066326166956 0
1476 1.975012757327493 1.296273888304124 0
1477 3.344550062660032 4.477271193915048 0
1478 -0.4990255079590772 -3.988106868271096 0
1479 3.923594370393412 -0.7709059806450523 0
1480 0.4912406793650755 -4.768468199108138 0
1481 -2.879937419161011 -4.84283175637244 0
1482 0.1541106918987118 -2.354726511422667 0
1483 3.499095329868191 2.563921370339536 0
1484 -2.887554335041532 3.920280595819389 0
1485 4.107826637412449 4.395389085047886 0
1486 -0.04164762473362529 1.810081903448297 0
1487 3.680713568118557 3.964954793956048 0
1488 1.875152229975304 -1.490381639939394 0
1489 3.68983407532127 -3.217232696764455 0
1490 1.088458678763025 2.158199696067177 0
1491 -1.25246728540681 -2.053635270851004 0
1492 2.1837770791732 -1.313214107503985 0
1493 -1.522395319891558 -0.6212701093733063 0
1494 -2.615237403556457 3.636562972517178 0
1495 -0.624454511960266 4.807607168057682 0
1496 -4.472298514152893 -0.8375569105939014 0
1497 3.049149505047875 4.249146566319459 0
1498 -2.961477526182787 -1.500246278825015 0
1499 -1.661662483413827 -2.806977661152329 0
1500 1.362843502212398 -1.171388582249586 0
1501 -0.2575022571411767 4.037997066816291 0
1502 0.8542016387977304 -4.46848669946834 0
1503 1.149374806843938 -4.807841471342104 0
1504 0.4635067309269273 0.9183225649751235 0
1505 -1.492635141649592 2.696771595102488 0
1506 4.204013059409828 -3.252005443829244 0
1507 -2.350485814208106 4.520967602973628 0
1508 3.136534861220219 -3.066090992907642 0
1509 3.95198265924238 1.639953354821425 0
1510 -0.467494154600787 2.256499128340375 0
1511 3.123369712279973 -1.236112795621453 0
1512 1.360165505034828 -3.737259348635586 0
1513 -4.15662646195085 -2.679103441278532 0
1514 -4.25891370024182 -0.003376287908159295 0
1515 1.968064234782631 3.048683924860946 0
1516 1.927667904804881 -3.408315843596493 0
1517 4.86717234006119 3.537348859181275 0
1518 -1.007820000318667 -1.338541462973837 0
1519 2.486217628516722 3.150507282771443 0
1520 -2.864136533759897 -2.776878748834544 0
1521 1.283344405692622 4.343323921185057 0
1522 1.83949333296336 3.998617058504156 0
1523 3.882726828452416 2.520976489446098 0
1524 4.833275701678973 -2.816781070521032 0
1525 3.08536529936623 2.414709482721799 0
1526 -4.514871004380725 0.3050484973748702 0
1527 3.276920908066618 2.619829504524606 0
1528 -0.395804587796164 -4.528881069402738 0
1529 -1.799590099105443 -3.536832226750136 0
1530 0.9602551290748808 2.572350415863673 0
1531 4.782977306894811 -3.384850697503819 0
1532 2.504872253687149 0.121069362182139 0
1533 3.99535580339757 -4.814883699898544 0
1534 1.300886175446444 -2.595776528463071 0
1535 4.120745048251681 1.887406294642331 0
1536 3.963162574392164 3.059030099661217 0
1537 -1.495481335589283 -4.384885824864119 0
1538 4.084884092756806 -2.12482617908827 0
1539 -4.592935288188253 1.640559579317989 0
1540 -1.107320548158064 -4.831994035156422 0
1541 3.330890651722068 0.4377797752251587 0
1542 -4.041255025762868 -1.438287947239288 0
1543 0.5518945857137245 2.202585308410606 0
1544 4.348157281413201 -0.9351877601384299 0
1545 0.5829027471066075 -2.247615717818115 0
1546 -1.481537608482809 -3.881564585782622 0
1547 -0.50608319350775 3.735464857200752 0
1548 -2.537202795780046 -2.47227551343221 0
1549 -3.545254731305825 -0.8732441664970019 0
1550 2.686787020905638 -1.908988628683701 0
1551 -0.8596210579468477 2.231638790748058 0
1552 -3.339417892976557 0.4202307246530762 0
1553 -1.624881254016662 0.3212240556702422 0
1554 0.5522368739735041 -4.529453247833913 0
1555 2.699606426314892 3.269284023807792 0
1556 -1.986879359622096 -3.945129368275129 0
1557 -1.429621258089004 2.238907770463332 0
1558 -3.14617201942608 0.6952083079040791 0
1559 1.431331152533182 -2.392703065255684 0
1560 2.756226011961156 -0.9173881541996014 0
1561 -1.387383770933332 -1.422152804380223 0
1562 -2.216940015857281 3.193417979748641 0
1563 -0.1099956901973597 -4.112300246113217 0
1564 1.507785765948604 -1.333104099710797 0
1565 -3.228012158808822 2.651860746150324 0
1566 -3.800516180113113 -2.134311396775265 0
1567 -1.955995967843224 -0.4366440138850758 0
1568 1.510469317834826 -2.923814270592908 0
1569 -0.2398105338559342 2.631519928490426 0
1570 3.726260244994974 4.403784037613614 0
1571 0.9006091102394378 3.223418924787426 0
1572 4.201208181733799 -2.866500469419335 0
1573 -4.478097022642178 -4.786032584793841 0
1574 1.576935305269973 4.044600522092865 0
1575 0.08685112535101074 -0.4480083751405277 0
1576 0.8111164811693603 -3.285882945851504 0
1577 2.412557573536441 -2.250567173588295 0
1578 -0.3385344408588729 1.575056031509319 0
1579 -2.939917435690918 -3.179531785956502 0
1580 1.073704110715948 -1.189022468092707 0
1581 -3.490170225979806 -4.422719060080212 0
1582 3.773356074624403 2.098540269491357 0
1583 0.3394285257204497 2.01565645350537 0
1584 4.852820264999476 -3.583547150786544 0
1585 1.145379984475494 1.413837655890158 0
1586 -4.140572086464315 -2.25041042184383 0
1587 -4.786403762130533 -1.600443890932022 0
1588 -4.328559496032801 0.8393761550820158 0
1589 3.347423451716383 3.670291414643482 0
1590 -4.204301744509405 0.4136783161881674 0
1591 -1.61819257340745 -1.745575389034213 0
1592 -3.814478198885785 -4.072933462282545 0
1593 3.689613906407379 3.737421685833476 0
1594 0.745964077882642 1.214408627797446 0
1595 -4.658581645341318 4.881208041099553 0
1596 -2.671313510376431 3.202810500514095 0
1597 4.793316620788285 -1.631961327726689 0
1598 2.647147608954747 4.810272598315116 0
1599 -2.520447964439462 -4.570739354931274 0
1600 0.9490280467954069 -3.687765984129637 0
1601 -4.457738665127681 -1.271057686560081 0
1602 -1.079962138450562 1.50862053927725 0
1603 0.05320990655215133 -0.06946437850181261 0
1604 1.506193228944476 3.647913412385717 0
1605 -3.60836681399146 0.1443651021295473 0
1606 2.381494204492712 2.435222781700705 0
1607 4.533578701846475 0.1681447200170356 0
1608 -3.902076518364253 1.713510199952912 0
1609 3.024987530761672 4.810085609302713 0
1610 3.737306424790428 -2.980781172815405 0
1611 -4.903019223496067 -2.408458620409193 0
1612 1.422930076647965 0.6074579260250568 0
1613 0.1638392882106436 -4.374914230344547 0
1614 -2.516840139186908 -2.279245097778384 0
1615 1.528254498539137 -4.723182460383126 0
1616 1.671703503754433 -2.069272289610564 0
1617 3.183125410103574 -2.035689895432959 0
1618 -2.432548283187797 2.847382356894323 0
1619 -2.96645907802668 -2.154867975718071 0
1620 1.671847168086162 -3.103092159192884 0
1621 3.978124350287152 0.2847775981631248 0
1622 -3.970585565156298 -2.551201961557609 0
1623 0.5111120375738073 0.5167098618109723 0
1624 0.1372837493764097 0.6924870577876221 0
1625 -4.467845894864063 -0.2612808734133124 0
1626 -2.950876369836721 0.4149408367750809 0
1627 1.284213345149891 1.819554049329205 0
1628 4.035362264963811 0.672462357496815 0
1629 -0.4810434572904444 3.328430961378558 0
1630 -1.725925940591218 -3.694720856494936 0
1631 3.913120357813198 4.273202328430489 0
1632 3.760290497907917 -3.896335917932305 0
1633 2.596821738257685 -1.598326500782872 0
1634 2.989608203342327 3.738298035060973 0
1635 1.52706043540702 -3.334613819197425 0
1636 2.410421162018857 1.276200424480797 0
1637 -3.892767425783449 -1.911774431514679 0
1638 -3.321733452434054 -0.04778487231786953 0
1639 -3.520148312567188 -3.844065180906456 0
1640 0.5676846417227441 2.697459836649959 0
1641 0.6711533744870222 2.912696862967985 0
1642 -0.9897007021842623 0.5031001566676488 0
1643 -2.340105089655253 3.362044069265372 0
1644 -0.6430655383270064 3.582377170141737 0
1645 1.658924867551276 -3.513418049854316 0
1646 2.959150480089279 -1.599610190659881 0
1647 -1.712042925726469 2.452401118101042 0
1648 -2.45175104258493 -2.644869336841927 0
1649 2.13849931185006 0.1324131948023707 0
1650 2.328490899594803 4.056883379719416 0
1651 1.790981138068464 -4.099741628105773 0
1652 -3.571452427387959 4.798540469223301 0
1653 -1.341861143478597 4.007913642624291 0
1654 -4.811822220883573 -1.097288155289236 0
1655 3.937780757345221 -4.459548777114676 0
1656 1.106145458798124 1.734386782713617 0
1657 -3.132416227466689 -0.3756323384556188 0
1658 2.954853465695233 -3.959601465519312 0
1659 -0.1514619890844641 3.673842248568346 0
1660 -3.634357358514716 -1.246408197647877 0
1661 -2.469895965564601 0.8014010728924974 0
1662 4.182392009854889 -3.132859104926799 0
1663 -2.487573178709698 -1.553353126499141 0
1664 0.5329855550116166 4.861909095703941 0
1665 1.14160693233708 0.3514840204943453 0
1666 4.500118855667299 -1.111642651246703 0
1667 -4.851109293219979 -2.906988443015337 0
1668 2.96819368741709 0.6283308761253693 0
1669 -4.423502120482015 -4.373429678916658 0
1670 -4.698596785242354 -3.858659274235716 0
1671 -2.685953789579549 0.1998080161419007 0
1672 4.825849220435682 2.804176344495689 0
1673 -1.703620229892914 -3.239256547899784 0
1674 -3.307490178198018 -0.5630008441887615 0
1675 2.155980211981021 -3.035120779239433 0
1676 4.103825618599213 2.862584834506262 0
1677 -3.343428046837922 -4.567710944761568 0
1678 -2.846563648036441 -2.24994175526656 0
1679 2.260301137939518 0.6163945364745393 0
1680 -3.956995158922207 2.200473148002905 0
1681 -1.556348548805896 3.086356607330096 0
1682 -0.3921923317538536 4.447345335476036 0
1683 -1.212271860525303 3.776584042132788 0
1684 2.909382753221758 0.06410550222132008 0
1685 -2.072374118998814 1.966994814546704 0
1686 -3.192811474193809 -2.274062575065746 0
1687 -1.550710019702049 -0.4050189230525537 0
1688 -0.09134077133261781 2.475985684604171 0
1689 -4.0734469860422 -1.220540814397645 0
1690 -3.018541287990783 4.812834045893281 0
1691 2.775594072610389 -0.165241507671464 0
1692 3.634214267219846 -4.813612691453165 0
1693 -4.803986509489939 3.239276180432732 0
1694 -3.946526063424533 -4.255335617769296 0
1695 0.7087172804669806 -3.476280564145613 0
1696 -4.145358784988086 1.648714105882287 0
1697 -0.2619610979318979 -3.028565874643355 0
1698 -4.817877295032076 4.541882722490909 0
1699 -0.5849885422555086 -3.210895874678961 0
1700 1.985447070223216 -0.9281662928876179 0
1701 -3.123148919660779 0.1595714150044616 0
1702 -2.583141956959926 1.103875884356994 0
1703 3.920751481420552 -3.156430057263393 0
1704 -1.067630301310833 -2.210293927609727 0
1705 -3.986054287110914 -0.3467325711358877 0
1706 -2.883949158634613 -0.02658804519287733 0
1707 1.460809265586306 0.07590034139373994 0
1708 1.616565129417542 -0.7083317634761588 0
1709 2.579802815376905 0.4929486091659248 0
1710 3.73722679613381 -0.6125041506986318 0
1711 2.559937253222021 -3.568284748150881 0
1712 4.815321693971487 1.889792059583512 0
1713 -2.473637207956691 2.1582671533153 0
1714 -4.770045568989834 2.824315063126611 0
1715 4.259824930795631 -3.447318177353603 0
1716 -0.7182145320477042 2.599677787358889 0
1717 -0.7704139220997205 1.092970232609473 0
1718 -1.617727392372386 4.366111939919231 0
1719 -4.477843037072226 0.1137721690542043 0
1720 -1.687444358772447 1.430139668120118 0
1721 3.112495555745032 -3.417135095184884 0
1722 0.2836816291740882 -4.809343798802665 0
1723 -3.549474663356952 -3.224259545363812 0
1724 -0.3599820063260669 4.80038546174956 0
1725 -1.120250805917449 4.829844247586045 0
1726 2.517987360834232 -3.070274945925445 0
1727 -0.5346937539380794 -1.121116218456762 0
1728 2.110574852194693 2.834034489760239 0
1729 -4.339896409770702 1.436985312496299 0
1730 -2.204867216040878 0.4584984392583737 0
1731 2.403869009363183 0.9051675094809603 0
1732 2.157609604528719 -2.515519307045012 0
1733 -1.500856477737245 -0.02143997155936352 0
1734 -1.068937931237202 -1.126154743905541 0
1735 0.5760181796225192 1.347996584911245 0
1736 -3.844577044570061 1.32739662796551 0
1737 -0.09434244841114453 -0.6131850351139884 0
1738 -4.514251842368183 -3.248149735573655 0
1739 3.339346781807822 3.280629739297152 0
1740 4.759748747658996 1.074025455643319 0
1741 4.041778738609491 -3.319715248013994 0
1742 -2.825307487088067 0.580044603403833 0
1743 4.82942749309659 -0.0484824320225084 0
1744 4.106366252230152 2.392305504159027 0
1745 0.1236247415698708 -0.90790769483385 0
1746 -3.324502407191535 3.872832855880326 0
1747 1.296842964365669 -3.076814062629018 0
1748 -3.760741761330806 -2.491265010349887 0
1749 -1.50093357945965 1.559741809472982 0
1750 0.4709082341221584 3.820307901441435 0
1751 -3.979211748572952 3.719720416582655 0
1752 4.31081549193986 4.822604986544029 0
1753 -0.7726333678522694 -4.663158005423918 0
1754 -2.272070697948418 0.1197481645400527 0
1755 0.02276605293237155 -1.107649069161563 0
1756 1.860340204121388 3.577991323626343 0
1757 -0.5731387960275687 -2.275205063665928 0
1758 3.506646788076824 0.2686678789484428 0
1759 2.686568629672026 -3.723705521014594 0
1760 -1.348359889243448 -4.501227572753078 0
1761 3.218889918379037 3.816961779202912 0
1762 1.916647221580681 -2.784081186448841 0
1763 -2.935554604038976 4.367985046629013 0
1764 0.6273858291638947 -2.453901121659214 0
1765 -3.441596301909434 2.407866181873333 0
1766 1.425866930905037 -1.800416200808985 0
1767 -3.064335657540312 -0.8215529349276066 0
1768 0.1815733399593549 -1.316916683464426 0
1769 4.549485545233553 -1.629595993899422 0
1770 4.319256835154097 -4.609155277752297 0
1771 -1.972414525996914 -0.6420578054400432 0
1772 -1.146403212617157 1.937070227272487 0
1773 2.865389265915136 3.913776665447845 0
1774 3.151044986295778 -0.1577050367928475 0
1775 -3.418772564375236 -2.01603203011268 0
1776 4.818822579562868 -1.451302543513326 0
1777 -4.511532217578369 0.6663776023793946 0
1778 -1.271128919250008 -3.037063887892954 0
1779 -4.815403625239807 -3.440536045372451 0
1780 2.478269811253925 -4.642140353885642 0
1781 0.1374672047619417 2.192068519603287 0
1782 1.709768683320849 0.8481144785022027 0
1783 0.3307532586784421 -3.524787085526618 0
1784 1.750329403149952 -0.3302981014359484 0
1785 -3.403257079714631 0.106956211067464 0
1786 -4.09833557817373 -1.898572117436367 0
1787 -2.690466048847821 -1.222405233291734 0
1788 1.70006407914784 3.075394485069554 0
1789 0.7454004026766891 -4.142794991385594 0
1790 -0.5455848209395954 -4.373555941617639 0
1791 -1.293287425472333 0.5865874345502617 0
1792 1.442030278545867 -0.9947382210562001 0
1793 -3.232710329860473 -3.528411378497387 0
1794 1.317989338173823 -0.4337992556975933 0
1795 -4.846466881819656 -3.974284352560155 0
1796 -3.350440832162904 -1.542771067208322 0
1797 3.11630508889301 1.545119790516849 0
1798 -2.431434650980804 -4.789605446309339 0
1799 3.109193030865033 0.8170738923067172 0
1800 0.4074921547873563 -4.061068966313281 0
1801 0.7357434104548305 -0.8772853855567648 0
1802 2.890655344548837 -2.506128163077166 0
1803 -3.073009930724803 -2.427190786746328 0
1804 -1.264942474581213 3.313973413659887 0
1805 -0.06148401834580314 3.192200836975819 0
1806 -4.508283515511872 -4.123554742975619 0
1807 -1.874908643325944 -0.01241123956027409 0
1808 -0.1745574269498945 1.974889304465684 0
1809 3.874181886868262 3.614612148363654 0
1810 2.371940244930649 -2.43997143148814 0
1811 -0.4495735509050549 -1.527973262201549 0
1812 1.272131589759833 3.950421830696899 0
1813 0.4106282485668575 -2.154580073117139 0
1814 0.1055938815575103 1.670154018887224 0
1815 0.4341545656537539 2.392560833278362 0
1816 4.48509859465437 2.235587191071025 0
1817 -4.279701593943544 4.526984769794918 0
1818 -3.966912995072285 4.149937903132678 0
1819 0.9272925494351422 -0.5062079412372831 0
1820 -1.899222982875408 0.6069379495791928 0
1821 4.246794695495965 2.524592502388156 0
1822 0.007598510569385445 -2.744381718688189 0
1823 3.564217786229666 4.804069171425573 0
1824 -2.222306827149198 0.75223315337569 0
1825 1.577122775240308 4.594781588379874 0
1826 4.87692164615081 -1.105739417323831 0
1827 -3.907114162292484 -3.087247290388227 0
1828 -2.995491807998649 -2.030282108584271 0
1829 -0.3198055530889886 -0.1056685771737123 0
1830 -0.8601465866906091 1.626612285778103 0
1831 2.861543145248395 -3.664636688127124 0
1832 -3.635730380167504 -0.4030712375140659 0
1833 1.546813146136863 3.27911486850707 0
1834 0.04952905826388913 0.9348566331758166 0
1835 2.033337186952286 -4.410579930594483 0
1836 -2.157392691000926 -2.32354442920673 0
1837 -0.8678564813594036 -4.072499564298734 0
1838 0.6822501382670533 -0.1991101247109286 0
1839 -1.684303925670025 -4.483081836279829 0
1840 4.247169273028025 -1.612653652283226 0
1841 1.078584967149073 -1.793506969716243 0
1842 -0.4962384568377272 -0.5146951863961455 0
1843 4.826921094596154 1.301759284591443 0
1844 4.100709718244987 -4.358876536831893 0
1845 -4.864555518319538 -0.2967654217626891 0
1846 3.901307368261421 1.349940941451228 0
1847 -1.929527405876525 -3.740656543152332 0
1848 -1.924877320776814 -3.400553037060996 0
1849 -2.717932829746625 1.899732242024229 0
1850 -4.207534596310099 -1.561789710420561 0
1851 4.721538429197332 -1.345155803391539 0
1852 2.265636320038042 -1.101120099569531 0
1853 3.182917243548716 -2.739187061660152 0
1854 4.470898367708273 0.769069739632132 0
1855 -4.54928663475762 2.132390854889011 0
1856 -3.58864882876928 3.098514334334354 0
1857 -4.48352675264147 3.109119383511566 0
1858 0.9586403345488459 -2.161624071518278 0
1859 2.403700932394062 -2.793623694667856 0
1860 -1.11359333885124 -0.60782096188899 0
1861 2.506263893536537 1.404426079895505 0
1862 2.820499495960529 1.780978013007899 0
1863 3.961171421967462 -2.827882291953806 0
1864 -0.718559563738038 1.450093683780696 0
1865 3.497875693257688 -4.193840600711526 0
1866 2.612333102187146 4.269382271417081 0
1867 -1.623872884840057 -4.05872550723655 0
1868 -0.8933457232659318 -3.514176498968973 0
1869 -1.642970107555686 4.808739716976746 0
1870 4.163441105961954 0.4894833850921243 0
1871 0.1173299085091609 4.007171829008176 0
1872 2.247471725366195 1.623022860308425 0
1873 0.8639830375340372 3.874990995133521 0
1874 -2.600617981194276 -0.811409747617607 0
1875 3.361355093248842 2.918128484261914 0
1876 -4.494681894451648 1.834178173812123 0
1877 0.9116182059485072 -4.756207954371664 0
1878 -1.013071456189954 4.385387592801121 0
1879 1.483359540494413 4.28354803158652 0
1880 -2.857555502923931 -1.894217256981224 0
1881 0.6710068495835881 -1.858305814298622 0
1882 -4.047935781461501 1.150943405044117 0
1883 -0.7083840486951717 0.7763194067421274 0
1884 3.470661050269145 -0.1918140986142942 0
1885 1.580413003380318 -1.650500819535713 0
1886 -4.467774992644017 -3.605506557687854 0
1887 -2.047840164838752 4.21117387176322 0
1888 2.18094048686134 4.193886858735371 0
1889 3.536111946163646 2.370264055837807 0
1890 -1.330593051490129 0.915514606065185 0
1891 -2.188678137636946 -2.952353082444508 0
1892 2.198662407717894 1.006030550900533 0
1893 2.034620612487477 -3.794080318518196 0
1894 4.076688282848632 4.587573491298789 0
1895 3.909055169824208 -1.506664960908825 0
1896 4.529316472723471 1.165432524078293 0
1897 2.695051072604807 3.501622535395285 0
1898 -3.190636146143288 2.073125047186423 0
1899 1.327531531034378 3.201626902425366 0
1900 -2.926221093654565 2.331415293350284 0
1901 3.736528094075144 2.317660186326958 0
1902 0.5609502043822941 1.671547985368174 0
1903 2.199596329451646 -1.672186065069661 0
1904 -2.877265409082904 -1.096049967129721 0
1905 0.9040422466438764 1.396607062065812 0
1906 -4.820453077990314 4.050365482742222 0
1907 -0.05674925444183376 4.285665418611097 0
1908 -3.798637077794075 3.931275923804276 0
1909 -4.334992078357352 -2.963238275701196 0
1910 0.1868710231855788 3.486214831258058 0
1911 0.6635450883903383 0.9670843672049223 0
1912 -0.2782626547419118 -3.413746400702975 0
1913 2.920967877364226 -3.468690358250435 0
1914 -4.20874656736099 -0.5975376084604302 0
1915 0.05134508701988807 0.1107007339383623 0
1916 2.336011885578743 0.4301372765345564 0
1917 -2.230371203898469 -4.822644996548993 0
1918 4.106239577954746 -1.04850927578515 0
1919 -4.538180511408474 -1.942483393281198 0
1920 -2.805788502259533 -3.800734909204653 0
1921 -2.043211517088227 1.424447854325378 0
1922 1.870558318470194 -0.08666667809452282 0
1923 2.562914013389004 0.9978069788318489 0
1924 0.7434491435747108 -1.404130535975118 0
1925 2.684763602206971 -4.164551543850835 0
1926 3.95664989252654 -2.47097255891972 0
1927 3.547861323928566 -0.6523282841301219 0
1928 -2.386087116609471 4.686597016453132 0
1929 3.210386593577454 -3.562687553236329 0
1930 -0.9448361124930611 -3.268348617785545 0
1931 -4.161075870150926 0.7570250589478764 0
1932 0.5335050102120106 3.459645373868999 0
1933 0.1608448214623288 2.596729531904372 0
1934 0.9257818981997906 -2.959401122763316 0
1935 0.4261446903705304 -1.600242623223237 0
1936 1.560257754652232 -0.04214277883666116 0
1937 -1.22490570001022 0.2863625457383177 0
1938 -0.7053602106686306 -2.868940567989049 0
1939 -3.68224660704959 -4.483354984315175 0
1940 3.154406661105077 0.2807240444838702 0
1941 4.309047347496044 1.449064447845882 0
1942 3.737226382459071 1.707599632485511 0
1943 4.794207636756729 -0.9315738093313479 0
1944 -2.891351159710701 -4.408319275274588 0
1945 4.067346978585059 -4.153796009031624 0
1946 2.858213053414782 -1.884926324032795 0
1947 -4.255694178382761 -4.800243103203901 0
1948 -3.096019962917299 -2.749531193604897 0
1949 -0.1929615663831029 1.21484864470079 0
1950 1.019322667592292 -0.9332140250268478 0
1951 -4.531429083344026 4.26802891974234 0
1952 4.198011683159062 1.234684322519949 0
1953 -1.487203765593651 -3.528801986235272 0
1954 2.635232940863216 -3.420435259457797 0
1955 0.07384247732890079 -3.364167115348327 0
1956 -2.887471409101277 1.321518263951678 0
1957 0.1487365270942608 -3.74205188201686 0
1958 -4.117417355066737 0.2165917447233711 0
1959 4.235935370553288 -3.05188224919742 0
1960 -0.04099001880055313 4.803585507768806 0
1961 2.720124416515272 -2.449720333089553 0
1962 4.883691420273448 1.720368461502288 0
1963 3.831152281209254 -0.9558812516313169 0
1964 0.8935475831392325 1.976408102817555 0
1965 4.430598623165773 -2.799552989177405 0
1966 -0.4509069077539072 3.963581706371848 0
1967 -1.178191494310902 -3.251214686551014 0
1968 -3.73545013538478 -0.1263321138437356 0
1969 -3.91214934591633 0.1530848905861484 0
1970 -2.638717926771915 1.560159250363591 0
1971 -4.109124879962403 -3.641493199718384 0
1972 -2.63122252411831 -1.691104151114764 0
1973 -2.270872984533035 -1.81364587471407 0
1974 -4.801605825503872 -4.395969763587336 0
1975 0.6678281712488725 -3.173474217358832 0
1976 -3.275099483707151 -0.9778255236233594 0
1977 0.5615410122591417 -4.173013384902329 0
1978 -1.481644553502081 -4.797199688922749 0
1979 -2.305052953982432 2.530059250622466 0
1980 1.204701221046255 -1.539560333183555 0
1981 -3.837357881960254 -3.643326952276861 0
1982 3.214792234239294 2.263938288203855 0
1983 -2.971717519760526 1.652718311486554 0
1984 2.735069011149981 -2.220107822949801 0
1985 -2.284512494997143 -0.5472752461696841 0
1986 4.852820935617649 4.625480008738128 0
1987 -1.555839118682705 -3.14813312117229 0
1988 -2.692772254856497 2.629901900154471 0
1989 -4.082760954480625 4.813852391794939 0
1990 -4.882637411076544 -2.256188259381812 0
1991 -4.213707524105595 3.868319983083007 0
1992 0.03792934579786699 2.88252102772747 0
1993 -3.134739272558205 0.4988803956675066 0
1994 4.022118544232293 -0.3221987369156909 0
1995 -2.108586036473155 -4.497932754226619 0
1996 -3.600202103798246 -4.837854997927988 0
1997 -3.299901707760518 1.698668345972479 0
1998 -3.826345065346601 0.4433932371503735 0
1999 -4.117344872614519 -3.952442814950405 0
2000 0.3729834179068423 -0.1304760136322638 0
2001 -1.880639399060122 1.721892723307636 0
2002 -0.480987582971503 -0.7684167358145884 0
2003 -0.2151917131809757 -3.787025286362236 0
2004 4.638016664956064 -4.26826661279302 0
2005 0.387869567490738 4.243540378467141 0
2006 3.79660334760043 -2.768465778153013 0
2007 -4.526568012630302 3.510623731837302 0
2008 3.152554913812684 -0.6222574752407494 0
2009 2.817811534049043 1.222498937110617 0
2010 0.6235566394818102 0.1576886832365973 0
2011 -2.683177375812295 -2.160363570685996 0
2012 4.330604670411631 -0.1728406145033617 0
2013 -4.140763708704318 -4.189619696143886 0
2014 -2.424006754798962 -1.945397268955932 0
2015 2.331267724936145 3.472996351263355 0
2016 -2.583303419432484 2.362659480715418 0
2017 0.7902440436845752 0.8028932748271826 0
2018 -3.304507907113723 2.830448975887188 0
2019 1.908749920842866 1.595218929723052 0
2020 -2.119407341251287 0.2457725664512617 0
2021 -2.769745870607307 1.701679729636063 0
2022 4.762177932500806 -4.558756133974592 0
2023 -0.5743949854064173 -3.792303782941444 0
2024 -3.176649649031282 1.402590858145987 0
2025 -2.113325015705516 4.799775524741801 0
2026 4.51451893172435 -0.571981302975566 0
2027 -2.577097167611996 -3.056449079353209 0
2028 1.973171471866783 4.208800974019519 0
2029 -2.91414249034558 -0.4621367406865121 0
2030 1.668113427612865 1.312413813417869 0
2031 -1.270258845699034 2.384405097171086 0
2032 4.382349910476431 -1.30564969685878 0
2033 -0.7618423092046385 -0.5317378288046967 0
2034 0.9738750865329072 4.271941461991691 0
2035 4.88676895044479 3.023271222049068 0
2036 4.158163399195726 -2.981532083127235 0
2037 1.017128854077805 0.1472116821759671 0
2038 2.218045559793522 3.868137744039214 0
2039 -3.583828229995655 4.186066513877099 0
2040 -1.868284331160346 3.227996680194426 0
2041 -4.136235542073269 2.515692188171593 0
2042 -2.281171725246321 -3.37056685523281 0
2043 -1.017687226709406 2.89194353997067 0
2044 -0.7021743078879888 0.2969955778694379 0
2045 0.8462279949481979 2.446653427979407 0
2046 -1.918113687409459 -1.409310377712241 0
2047 -2.404332174249844 1.795491869902488 0
2048 -4.749247137007433 -3.03551061078842 0
2049 -4.097293485101836 -3.37202475800602 0
2050 -4.124276826725545 -3.231874411797265 0
2051 -2.244097803244916 1.222436383969471 0
2052 3.551430649540552 -2.494236710162312 0
2053 4.844492265928931 3.354156212725184 0
2054 2.519128326660933 4.430592597291095 0
2055 4.887896929354863 0.1690486078538803 0
2056 0.3745905226508754 0.7497393014773375 0
2057 3.540320574203822 3.065296565403444 0
2058 -2.729905754450664 4.058523368025856 0
2059 4.632489164692049 -2.615899041638038 0
2060 0.8463941376585048 -4.279974056729105 0
2061 1.506900298120863 -0.2032324238346921 0
2062 -3.058036500037465 -1.182823032082588 0
2063 -0.7887875631752245 2.872051184896053 0
2064 -1.664218846907017 2.61818088443382 0
2065 0.7254528798546018 1.827341220311192 0
2066 -4.839200990432447 1.784868314855343 0
2067 3.198327792060541 -1.570574077333522 0
2068 -2.287221486528607 1.047818887741344 0
2069 1.867100512077666 -0.4189965914605262 0
2070 -4.831723512986251 4.707943425925079 0
2071 -1.984780721145339 1.024452754015392 0
2072 3.237778679701047 -4.398624981056122 0
2073 2.767418478810154 0.7365683899714228 0
2074 -3.19431566739689 -1.882792513289143 0
2075 4.269235997724195 3.458778427002953 0
2076 -2.944716655909185 1.121283569487463 0
2077 -1.850090739875219 -4.175531141437729 0
2078 -3.044349790054903 3.53876170351114 0
2079 4.820934099218252 4.823415693195721 0
2080 0.3791514788136976 -1.991216312708714 0
2081 0.550130858311255 -3.813292727216681 0
2082 -1.837740747967568 -2.907157886335698 0
2083 -2.176305296223362 -1.19498569419984 0
2084 4.556771198905977 -4.424240528160206 0
2085 -3.015074607805181 1.458881264342491 0
2086 -3.323046390588687 1.096562597043333 0
2087 -4.197957709560058 -2.072824916226964 0
2088 -3.385833560934405 -2.483623718103302 0
2089 1.291260575179131 -0.6371585147968694 0
2090 -2.74461465271892 -4.30724855072628 0
2091 -3.109626160768038 -0.2069284522498147 0
2092 2.906394631499547 0.4266171060928943 0
2093 4.836852388781343 2.276538788605438 0
2094 -0.6260512174743689 0.4473904732328849 0
2095 0.05537824006461334 -4.517823125379199 0
2096 -1.109323171573291 -4.301030168061355 0
2097 2.11522432493414 -0.281865888726612 0
2098 2.219516179025636 -0.4090631297522547 0
2099 2.790726136654247 -4.02380506343304 0
2100 4.473081607593134 -4.149222621717477 0
2101 4.201725205196122 -2.29744775503815 0
2102 0.7022052585322081 4.091860699827987 0
2103 -0.4867303935374349 1.023577448043605 0
2104 4.288916769872485 -0.7372145118313508 0
2105 -2.449733813299038 0.9910309173014774 0
2106 -4.403707024557542 0.460604586465887 0
2107 -2.024386155140485 3.836353452155386 0
2108 -4.617698632823156 1.976116576667765 0
2109 -3.623232086082968 2.746226168732993 0
2110 -0.1976858097225445 4.20997928044453 0
2111 -0.4666291682600868 -4.706721815188239 0
2112 1.634409207880339 0.2242297326117061 0
2113 -2.690664273007191 1.380580863507665 0
2114 1.132162255369196 3.512745818129337 0
2115 -3.86691502361424 -1.528346592101757 0
2116 -1.744910721989968 -2.582578269359864 0
2117 0.673452519683001 4.798201630110657 0
2118 -3.954831251847194 0.9954380197678411 0
2119 -2.181824269899136 3.569623489427352 0
2120 4.520784263472625 -3.991405984400333 0
2121 1.566220502524936 0.5872037440262508 0
2122 -2.642495616393691 4.761318282093632 0
2123 4.64246125661595 -2.98352891168062 0
2124 0.3169505062621307 0.3980583568416507 0
2125 -4.585040390947942 -0.622620093941019 0
2126 0.1683754319677838 0.4747525551601928 0
2127 3.975829725992348 2.057086478626735 0
2128 4.006016181489646 -3.534971242564976 0
2129 2.43405438807376 1.77661836843878 0
2130 3.12489520564954 4.087000774704897 0
2131 -2.183299941914688 -0.3524512223414884 0
2132 1.161250722415905 -2.751655873590237 0
2133 0.3633583684237936 1.083371974865604 0
2134 -1.66956638789731 -1.169797147860896 0
2135 -1.544729929137513 -1.00560318970092 0
2136 -4.862423618118074 0.2103391478630652 0
2137 -1.781565067561896 0.2961403140755149 0
2138 -2.720201659893827 -4.658748885304608 0
2139 -3.40398819976039 3.493873374904822 0
2140 -0.7747188335348518 4.667418112272667 0
2141 4.841379887288586 -0.5599495302456166 0
2142 -4.551257637345862 2.468122749367303 0
2143 1.261125261735607 4.863265402340606 0
2144 -0.5847291050687244 0.1236235714728259 0
2145 -0.9863717990523709 1.328567225246494 0
2146 4.65440632518297 -3.762034194531967 0
2147 4.401232003351802 -3.843653244296153 0
2148 1.532328752444644 0.3409090940874845 0
2149 -3.062170856927155 3.034122768237648 0
2150 0.5367149638875583 3.28500947920771 0
2151 1.378162068417385 1.500998752845318 0
2152 3.309066958151964 1.18429847226502 0
2153 -0.4803470040747692 1.683971548222232 0
2154 2.961184973258103 1.025523066812067 0
2155 -3.342416570137877 4.457751406068025 0
2156 4.838391188455897 -4.289236798331555 0
2157 3.637151060864073 0.659484616861058 0
2158 -0.2386097858597695 1.049332207929732 0
2159 -1.871298889162177 1.179046830955072 0
2160 -3.055322017997725 -4.388223087663249 0
2161 -4.327183943856172 -0.1881806603800732 0
2162 2.011040048094565 -2.417602966178387 0
2163 -1.63092322680465 -2.433031776213868 0
2164 -3.753472122525674 3.558570769070534 0
2165 4.56620960060413 1.710030115846151 0
2166 2.950429088677696 -1.769483593895799 0
2167 4.199317046369696 -1.768244188191149 0
2168 -2.670775808313457 -3.375567597494363 0
2169 -4.845360625316239 2.652766613865337 0
2170 -0.2799578335359748 0.2227233210009084 0
2171 4.825820416584124 -3.006960919686702 0
2172 2.226822350828471 -4.137262324270788 0
2173 -2.541603686853873 1.973160426050704 0
2174 -1.040180581813218 3.587738822745744 0
2175 1.888552636635175 1.959089444318116 0
2176 3.387787130465732 2.252020516342089 0
2177 -1.92933400048131 2.094327250123387 0
2178 -0.02571872509589052 4.617247266453323 0
2179 2.722995044460096 1.633048711661375 0
2180 -3.672272002700518 1.143841147477958 0
2181 2.343418389337999 -4.440061407748311 0
2182 3.287272727765692 -3.86626959880666 0
2183 -2.741462445120183 3.519870930212818 0
2184 1.752587414309854 2.144709984463024 0
2185 -1.316718160114108 -0.6987439517218772 0
2186 2.804816075881363 -3.18051959700665 0
2187 -1.7796867803604 4.484658456359167 0
2188 4.104159557393396 -3.450145333217141 0
2189 3.51709982739763 3.654979074394597 0
2190 -3.543051762628493 -1.844639615770514 0
2191 -3.027960765972334 1.975884932338123 0
2192 4.03334915121203 -3.12038360534159 0
2193 4.517617478481039 4.568744420348843 0
2194 -2.920588210942739 2.904249411800747 0
2195 4.315480191408717 2.057153644806485 0
2196 -3.944446141746902 4.592034512246721 0
2197 -3.597653198673393 -3.430733535602965 0
2198 0.8550349086727844 -1.550088323288093 0
2199 -1.45354337071835 4.463564100818554 0
2200 -2.455840568800568 -3.955999095776813 0
2201 4.085554793982764 -3.815778015334637 0
2202 3.463520062762363 -1.571022086025062 0
2203 -4.136407382585812 3.476104598076363 0
2204 0.08354879877384495 -1.98218582133872 0
2205 -0.9436103232302173 0.03041644533675338 0
2206 -2.721246005214983 4.269633302703182 0
2207 -0.260541905609311 0.796501471962352 0
2208 -4.342424407926638 -3.449212026220406 0
2209 -4.558276056923321 -3.75518735303802 0
2210 -0.09773165390353768 -4.805515485948037 0
2211 2.058760061918183 3.236058650134128 0
2212 4.511418716796492 1.366658621703602 0
2213 3.687657899733796 -2.155618201725254 0
2214 -1.566276703441928 -1.324114335641746 0
2215 -3.168884055608841 -4.850935639918299 0
2216 -1.616193907952992 3.745383097962768 0
2217 0.2385024985192634 -2.514281339975835 0
2218 4.836295286640078 -1.817099669736431 0
2219 0.3704767272042466 -2.778967480964457 0
2220 0.3339160561583465 1.833185771511631 0
2221 4.287805139051732 4.312816727101806 0
2222 -4.843024724620685 -3.631740018738631 0
2223 3.138894310495094 -4.018310234557893 0
2224 2.184675700197414 -4.901696300337631 0
2225 -1.79187035549729 -0.356406544596144 0
2226 1.894405064386008 0.2346317681699649 0
2227 4.650608103047933 4.839847066488135 0
2228 -4.488228185574556 -2.861503405469947 0
2229 4.050204273438071 -3.016304581101099 0
2230 -3.926793686011938 -3.939504231102194 0
2231 2.243211631288252 -2.193252730797991 0
2232 3.832510223239164 0.400316093344725 0
2233 -1.980646618527357 -2.334430493472278 0
2234 -1.758561988616449 0.6938972703386909 0
2235 -1.793686190908564 3.601131947101695 0
2236 -0.7975211199256296 -2.494798934293063 0
2237 1.048002264307035 1.0698287133209 0
2238 0.9440368641041482 -3.11797197431728 0
2239 1.405401864002681 -4.555006249575359 0
2240 4.829481521104205 0.6677881387134226 0
2241 3.711672438714406 -0.003391413145067211 0
2242 3.017645174768507 3.254200263872463 0
2243 -0.5778345581566467 2.974890495138892 0
2244 1.491317157983173 -3.858844193600116 0
2245 1.601111527868514 -0.3743693754430962 0
2246 0.3103355790996084 1.43461973273994 0
2247 -3.345414367383584 -2.305545931706139 0
2248 1.852446887529222 -3.182718956054608 0
2249 -3.633302043819656 4.603250980094934 0
2250 -4.819660721547745 -0.9199151702868245 0
2251 -4.656602495518022 0.3543717212948636 0
2252 -4.725768518762194 0.502896297514081 0
2253 -0.8598901865768404 3.687079022595637 0
2254 -3.381033777058249 4.814288061665476 0
2255 -4.832970740866711 -4.195672492660927 0
2256 -4.624866700248505 -0.137557078491485 0
2257 -4.405432768330887 4.154592512822452 0
2258 -0.5057378219459847 -2.125510494445786 0
2259 1.480909476540169 2.151174963088703 0
2260 -2.542915000138657 -1.147922273359959 0
2261 3.85333204676115 -4.130139406891074 0
2262 1.349525128853221 -0.2365624014864448 0
2263 1.233048928440356 -0.08770174506660987 0
2264 -1.805707004095674 4.008180065347593 0
2265 -3.940391434310891 2.632794650026614 0
2266 0.6425426426688754 1.523992855094281 0
2267 -3.335029401998844 0.7023005543277041 0
2268 -2.863580090304742 2.005429114199812 0
2269 -0.171026596624225 0.5427834384109301 0
2270 3.375424117897985 -1.26600722221767 0
2271 1.384200329262658 -4.853161692036156 0
2272 -1.900880553832505 -1.768285672867415 0
2273 -4.346489049492643 3.234724566728433 0
2274 2.748017115359443 -1.533227704407378 0
2275 3.987683520483388 -0.01906521344665858 0
2276 -3.436063546506143 -0.1717085915454597 0
2277 -1.631916583407248 2.30146398637896 0
2278 -2.827370470854451 0.1149816730673566 0
2279 1.03004565118778 0.550027201865054 0
2280 4.476878427241109 -2.312150300717834 0
2281 -0.7886211457019682 -0.1160582399960069 0
2282 4.56686792327763 3.440400953144346 0
2283 1.184457118516829 2.352125941347163 0
2284 -0.6454487508821414 -1.457046836212086 0
2285 3.510892285127354 -3.394896260769634 0
2286 -2.037249582334961 -2.812794189941274 0
2287 3.960628445886515 -2.953172973690398 0
2288 3.870942669356149 -3.027092232367303 0
2289 4.69145432707347 0.3042267966614835 0
2290 -3.404691949894081 -4.021378389049541 0
2291 -3.733563506239577 -2.867644702043411 0
2292 -0.7838639604172138 -4.290101956483944 0
2293 1.794614159596475 -1.877456364567522 0
2294 -4.183934050371397 -2.871542321695665 0
2295 1.989589720584277 -1.653165064461012 0
2296 2.677965289139591 -4.523256314752034 0
2297 2.873528537470946 -4.362727225952399 0
2298 0.8198897388729645 1.53345041098076 0
2299 3.050997595415359 3.493559253895957 0
2300 0.8241578980826422 4.421781105002633 0
2301 -2.15976495166044 -0.7074664668959572 0
2302 1.160210410797606 4.735778389795628 0
2303 3.722825888603626 3.365016188194515 0
2304 -4.818872251509881 -1.780815180981036 0
2305 -0.5277817175060469 -2.776831803483056 0
2306 4.83234110788072 -2.140464523953072 0
2307 1.037898110103687 -0.3939170104356854 0
2308 -2.210459575040952 -4.122130337454507 0
2309 -1.44762626045453 3.25230069720047 0
2310 2.093754318536582 -2.2475215676351 0
2311 1.089522194556785 -1.416332930812982 0
2312 -2.199747655798408 1.561049838346163 0
2313 2.940150576022141 -0.2931417242496424 0
2314 0.2150419815310286 4.839098698774512 0
2315 -1.102486113924878 0.5925142445519208 0
2316 -2.845927791509312 -0.9051925276542896 0
2317 -0.9746320912338169 0.8002746087731452 0
2318 3.206320444394921 4.829716477450544 0
2319 0.8250187165755405 3.528962055193454 0
2320 1.962394630275116 -1.988093201310452 0
2321 2.562767274613015 0.6596848624359674 0
2322 -2.667749187176132 0.8052342159109955 0
2323 -2.063048253422503 -3.155076226242199 0
2324 -4.26955360781838 2.848047276310028 0
2325 3.395915905054358 0.1054816434518557 0
2326 -0.5121644900773877 2.431254267094813 0
2327 -2.325729190988364 -1.646118465573309 0
2328 -1.121675223124849 2.708956790393065 0
2329 3.953333878446347 -3.276516154810978 0
2330 -3.799615919226318 -3.467096824000096 0
2331 -1.105160617465785 -2.402375952040738 0
2332 -0.1862487677199268 -1.758230265765915 0
2333 1.514433659037505 -2.20347111246378 0
2334 -1.479882919875986 0.8076764341999347 0
2335 3.982722143805297 -1.282452719143031 0
2336 3.541491685526669 -2.767717962134533 0
2337 -2.750119495292558 -0.1568556943483511 0
2338 2.893128848069576 -2.713040052585577 0
2339 -0.4530180803613325 -2.400507548506149 0
2340 -4.554603090742597 3.897818058444961 0
2341 -0.1625416596847824 2.807579256419558 0
2342 -1.715914035673652 1.822085980756774 0
2343 -4.118966791189283 2.314751838021097 0
2344 0.3078787352521182 -3.125910148781923 0
2345 -1.872616454657207 -1.996476332892773 0
2346 4.328353732389785 3.160546462847083 0
2347 0.9855851869119376 4.864055530529464 0
2348 -1.308174026804468 2.761832068747725 0
2349 0.4129190594343458 -1.072845331620271 0
2350 -2.909919419898008 -4.064607657916307 0
2351 -1.192367319011991 0.8806501183638322 0
2352 -3.061556424029091 4.227599939341333 0
2353 3.386256087213627 -3.282408368351136 0
2354 -1.448216133111783 -2.755564433285356 0
2355 -0.2895428762317107 -1.381104951499516 0
2356 -1.76383431121516 -3.611452568042589 0
2357 -0.7257059014625221 -2.351975978295012 0
2358 3.162703043746363 4.400228819439156 0
2359 4.6281914805096 -4.537153366333553 0
2360 -3.299292049003741 -4.870335391854605 0
2361 -3.435133105610456 -4.769566890355214 0
2362 -2.053538796857214 -1.499688945873928 0
2363 4.323894651224729 -2.865528027398157 0
2364 -4.14251921815125 -0.4168885243910776 0
2365 -3.604983162255341 3.792432651332695 0
2366 3.158589165088554 -3.719367215631772 0
2367 -4.50138533107836 1.491685992762587 0
2368 -2.363464091952979 -2.819277584529504 0
2369 -1.673448415925215 -2.016156601196721 0
2370 4.433661740529775 2.859499575346157 0
2371 -1.094204567657306 -0.0768542449794738 0
2372 0.5012500562068468 -0.4813047751571428 0
2373 1.08442782836839 4.603012459148501 0
2374 -0.8984013275018714 1.006214147589807 0
2375 3.892939151112046 -0.5894176056233948 0
2376 2.879115029069082 1.448183818062067 0
2377 -1.32105137989621 0.4059002986400499 0
2378 2.182428032954458 0.3086228352001077 0
2379 1.836218393287491 0.5046716165512439 0
2380 2.866257630937514 3.587700080102371 0
2381 4.030321788532651 3.705263419480845 0
2382 1.190048569705844 -4.355190040828999 0
2383 1.10693440523479 -4.18554600430273 0
2384 -4.414645593184591 2.196504830628174 0
2385 3.236301130489783 3.489369039688856 0
2386 -0.4439061799277702 1.293193991410936 0
2387 2.562702133115819 2.754611962386614 0
2388 2.626192891289705 0.1983270892229582 0
2389 -3.259339748206941 3.629013612836664 0
2390 -3.051979552406419 -3.54191000574852 0
2391 -1.347044727365539 -0.3645861655950677 0
2392 3.400865457072238 -4.565734135708941 0
2393 0.3626713916918496 -1.422779810831393 0
2394 -3.786752319705772 4.291614261834911 0
2395 2.636403720335669 -0.5356938007834767 0
2396 -0.971203014753951 -4.406062089399817 0
2397 -3.177864652297222 -2.568849325519666 0
2398 2.99039340872044 -3.780686246000659 0
2399 3.766626589836738 4.546343458723084 0
2400 3.909985456066979 -3.837369338382875 0
2401 1.169259369461518 1.215842492268271 0
2402 3.010162352308029 -0.8457565641534812 0
2403 -1.554609660472535 -3.690771747448871 0
2404 1.279015649675127 2.044590359243643 0
2405 -1.631632670018056 -0.7851246254639301 0
2406 -2.386936040930295 1.340084183177032 0
2407 -2.55783117423407 1.268571125915237 0
2408 -3.428529556395356 0.5884244182143967 0
2409 0.1940922389246635 4.512462093530278 0
2410 2.829795622256264 4.506416344748966 0
2411 -1.362142011380924 -2.205367085586933 0
2412 -3.585895074494699 1.954204860472929 0
2413 -2.027286142806252 0.7309594571510536 0
2414 0.6462943144043917 -3.023728141762798 0
2415 -2.96998435104811 0.7203568641799953 0
2416 2.505083767865 -1.944991895463904 0
2417 -2.785498781362854 -4.756922896304879 0
2418 -3.013744635702702 0.2579433172458741 0
2419 3.159587527405153 -0.9882732027661322 0
2420 4.529424827377486 -3.710905359824815 0
2421 4.051533994665862 3.222172031789259 0
2422 -1.915398172501773 -0.9529545606361991 0
2423 -3.57759659786856 -2.453235470148913 0
2424 0.05380093457417115 -1.501773040406457 0
2425 -2.420789343995173 -0.1321550908963953 0
2426 -1.397703973559913 -1.835273797248159 0
2427 2.411199014562396 0.7316138654019322 0
2428 4.397712596496211 -4.429646915493485 0
2429 -0.635663700277536 3.901340308560421 0
2430 0.8369736456465047 -1.225716005301627 0
2431 4.748255975865287 -2.46408505548412 0
2432 2.965086452588203 3.054402135852495 0
2433 -1.440028428303265 0.6661623591179705 0
2434 -4.530815227700188 4.796769349469309 0
2435 0.5052926669746622 4.385170506251593 0
2436 2.952333703039146 -4.778355097223113 0
2437 3.175880382183124 -4.79140930166476 0
2438 2.751620887722471 -4.861413538408879 0
2439 3.04274641353667 -4.598483919670405 0
2440 -4.806002601669888 1.158123091177932 0
2441 -4.845034736665058 1.373451344492419 0
2442 -4.851712757797507 0.8044949715657227 0
2443 -4.731110909482334 0.9693085732778377 0
2444 -4.575300283895917 1.133545147614802 0
2445 -4.679385897341292 1.283967611720246 0
$EndNodes
$Elements
5097
1 1 2 2 8 50 156
2 1 2 2 8 156 157
3 1 2 2 8 157 158
4 1 2 2 8 158 159
5 1 2 2 8 159 160
6 1 2 2 8 160 51
7 1 2 2 9 52 161
8 1 2 2 9 161 162
9 1 2 2 9 162 163
10 1 2 2 9 163 164
11 1 2 2 9 164 31
12 1 2 2 15 58 165
13 1 2 2 15 165 166
14 1 2 2 15 166 167
15 1 2 2 15 167 59
16 1 2 2 18 64 168
17 1 2 2 18 168 169
18 1 2 2 18 169 170
19 1 2 2 18 170 171
20 1 2 2 18 171 172
21 1 2 2 18 172 65
22 1 2 2 19 66 173
23 1 2 2 19 173 33
24 1 2 2 29 79 174
25 1 2 2 29 174 175
26 1 2 2 29 175 176
27 1 2 2 29 176 177
28 1 2 2 29 177 178
29 1 2 2 29 178 179
30 1 2 2 29 179 80
31 1 2 2 33 87 35
32 1 2 2 36 90 180
33 1 2 2 36 180 181
34 1 2 2 36 181 182
35 1 2 2 36 182 183
36 1 2 2 36 183 91
37 1 2 2 39 96 184
38 1 2 2 39 184 185
39 1 2 2 39 185 186
40 1 2 2 39 186 187
41 1 2 2 39 187 188
42 1 2 2 39 188 36
43 1 2 2 44 100 189
44 1 2 2 44 189 190
45 1 2 2 44 190 191
46 1 2 2 44 191 38
47 1 2 2 47 102 192
48 1 2 2 47 192 193
49 1 2 2 47 193 194
50 1 2 2 47 194 40
51 1 2 2 49 103 195
52 1 2 2 49 195 42
53 1 2 3 51 25 196
54 1 2 3 51 196 197
55 1 2 3 51 197 23
56 1 2 3 54 105 198
57 1 2 3 54 198 199
58 1 2 3 54 199 200
59 1 2 3 54 200 201
60 1 2 3 54 201 106
61 1 2 3 57 107 202
62 1 2 3 57 202 203
63 1 2 3 57 203 204
64 1 2 3 57 204 205
65 1 2 3 57 205 27
66 1 2 3 60 47 206
67 1 2 3 60 206 207
68 1 2 3 60 207 208
69 1 2 3 60 208 209
70 1 2 3 60 209 112
71 1 2 3 64 116 210
72 1 2 3 64 210 211
73 1 2 3 64 211 212
74 1 2 3 64 212 213
75 1 2 3 64 213 117
76 1 2 3 73 127 214
77 1 2 3 73 214 215
78 1 2 3 73 215 216
79 1 2 3 73 216 217
80 1 2 3 73 217 218
81 1 2 3 73 218 128
82 1 2 3 82 41 219
83 1 2 3 82 219 220
84 1 2 3 82 220 221
85 1 2 3 82 221 142
86 1 2 3 85 143 222
87 1 2 3 85 222 223
88 1 2 3 85 223 224
89 1 2 3 85 224 225
90 1 2 3 85 225 226
91 1 2 3 85 226 227
92 1 2 3 85 227 144
93 1 2 3 88 39 228
94 1 2 3 88 228 229
95 1 2 3 88 229 230
96 1 2 3 88 230 231
97 1 2 3 88 231 148
98 1 2 3 92 37 232
99 1 2 3 92 232 233
100 1 2 3 92 233 234
101 1 2 3 92 234 153
102 1 2 3 94 154 235
103 1 2 3 94 235 236
104 1 2 3 94 236 237
105 1 2 3 94 237 238
106 1 2 3 94 238 155
107 1 2 2 95 29 1
108 1 2 2 96 1 32
109 1 2 2 97 28 239
110 1 2 2 97 239 240
111 1 2 2 97 240 241
112 1 2 2 97 241 2
113 1 2 2 98 2 242
114 1 2 2 98 242 53
115 1 2 2 99 54 243
116 1 2 2 99 243 244
117 1 2 2 99 244 3
118 1 2 2 100 3 245
119 1 2 2 100 245 246
120 1 2 2 100 246 55
121 1 2 2 101 56 247
122 1 2 2 101 247 4
123 1 2 2 102 4 248
124 1 2 2 102 248 249
125 1 2 2 102 249 250
126 1 2 2 102 250 57
127 1 2 2 103 60 251
128 1 2 2 103 251 252
129 1 2 2 103 252 253
130 1 2 2 103 253 5
131 1 2 2 104 5 254
132 1 2 2 104 254 255
133 1 2 2 104 255 61
134 1 2 2 105 62 256
135 1 2 2 105 256 6
136 1 2 2 106 6 257
137 1 2 2 106 257 258
138 1 2 2 106 258 259
139 1 2 2 106 259 260
140 1 2 2 106 260 63
141 1 2 2 107 67 261
142 1 2 2 107 261 262
143 1 2 2 107 262 7
144 1 2 2 108 7 263
145 1 2 2 108 263 264
146 1 2 2 108 264 68
147 1 2 2 109 69 8
148 1 2 2 110 8 265
149 1 2 2 110 265 266
150 1 2 2 110 266 267
151 1 2 2 110 267 268
152 1 2 2 110 268 269
153 1 2 2 110 269 270
154 1 2 2 110 270 70
155 1 2 2 111 71 271
156 1 2 2 111 271 272
157 1 2 2 111 272 9
158 1 2 2 112 9 273
159 1 2 2 112 273 274
160 1 2 2 112 274 275
161 1 2 2 112 275 72
162 1 2 2 113 73 10
163 1 2 2 114 10 276
164 1 2 2 114 276 277
165 1 2 2 114 277 278
166 1 2 2 114 278 279
167 1 2 2 114 279 280
168 1 2 2 114 280 74
169 1 2 2 115 75 281
170 1 2 2 115 281 282
171 1 2 2 115 282 283
172 1 2 2 115 283 284
173 1 2 2 115 284 11
174 1 2 2 116 11 285
175 1 2 2 116 285 76
176 1 2 2 117 77 286
177 1 2 2 117 286 287
178 1 2 2 117 287 288
179 1 2 2 117 288 289
180 1 2 2 117 289 290
181 1 2 2 117 290 291
182 1 2 2 117 291 12
183 1 2 2 118 12 78
184 1 2 2 119 81 292
185 1 2 2 119 292 293
186 1 2 2 119 293 294
187 1 2 2 119 294 295
188 1 2 2 119 295 13
189 1 2 2 120 13 82
190 1 2 2 121 83 296
191 1 2 2 121 296 297
192 1 2 2 121 297 298
193 1 2 2 121 298 14
194 1 2 2 122 14 299
195 1 2 2 122 299 84
196 1 2 2 123 85 300
197 1 2 2 123 300 15
198 1 2 2 124 15 301
199 1 2 2 124 301 302
200 1 2 2 124 302 303
201 1 2 2 124 303 86
202 1 2 2 125 88 304
203 1 2 2 125 304 305
204 1 2 2 125 305 306
205 1 2 2 125 306 307
206 1 2 2 125 307 308
207 1 2 2 125 308 16
208 1 2 2 126 16 89
209 1 2 2 127 92 309
210 1 2 2 127 309 310
211 1 2 2 127 310 17
212 1 2 2 128 17 311
213 1 2 2 128 311 93
214 1 2 2 129 94 312
215 1 2 2 129 312 313
216 1 2 2 129 313 18
217 1 2 2 130 18 314
218 1 2 2 130 314 315
219 1 2 2 130 315 95
220 1 2 2 132 19 316
221 1 2 2 132 316 317
222 1 2 2 132 317 318
223 1 2 2 132 318 319
224 1 2 2 132 319 20
225 1 2 2 133 20 320
226 1 2 2 133 320 321
227 1 2 2 133 321 97
228 1 2 2 134 98 322
229 1 2 2 134 322 21
230 1 2 2 135 21 323
231 1 2 2 135 323 324
232 1 2 2 135 324 325
233 1 2 2 135 325 99
234 1 2 2 136 46 326
235 1 2 2 136 326 327
236 1 2 2 136 327 328
237 1 2 2 136 328 22
238 1 2 2 137 22 329
239 1 2 2 137 329 330
240 1 2 2 137 330 331
241 1 2 2 137 331 101
242 1 2 3 138 104 7
243 1 2 3 139 7 332
244 1 2 3 139 332 333
245 1 2 3 139 333 334
246 1 2 3 139 334 26
247 1 2 3 140 108 335
248 1 2 3 140 335 8
249 1 2 3 141 8 336
250 1 2 3 141 336 337
251 1 2 3 141 337 338
252 1 2 3 141 338 109
253 1 2 3 142 110 12
254 1 2 3 143 12 339
255 1 2 3 143 339 340
256 1 2 3 143 340 341
257 1 2 3 143 341 342
258 1 2 3 143 342 111
259 1 2 3 144 113 343
260 1 2 3 144 343 344
261 1 2 3 144 344 2
262 1 2 3 145 2 345
263 1 2 3 145 345 346
264 1 2 3 145 346 347
265 1 2 3 145 347 30
266 1 2 3 146 114 348
267 1 2 3 146 348 349
268 1 2 3 146 349 350
269 1 2 3 146 350 5
270 1 2 3 147 5 115
271 1 2 3 148 118 16
272 1 2 3 149 16 351
273 1 2 3 149 351 352
274 1 2 3 149 352 353
275 1 2 3 149 353 354
276 1 2 3 149 354 119
277 1 2 3 150 45 355
278 1 2 3 150 355 19
279 1 2 3 151 19 356
280 1 2 3 151 356 357
281 1 2 3 151 357 120
282 1 2 3 152 121 358
283 1 2 3 152 358 359
284 1 2 3 152 359 360
285 1 2 3 152 360 361
286 1 2 3 152 361 1
287 1 2 3 153 1 49
288 1 2 3 154 122 3
289 1 2 3 155 3 362
290 1 2 3 155 362 363
291 1 2 3 155 363 364
292 1 2 3 155 364 123
293 1 2 3 156 124 365
294 1 2 3 156 365 366
295 1 2 3 156 366 6
296 1 2 3 157 6 367
297 1 2 3 157 367 368
298 1 2 3 157 368 125
299 1 2 3 158 126 369
300 1 2 3 158 369 370
301 1 2 3 158 370 371
302 1 2 3 158 371 9
303 1 2 3 160 129 20
304 1 2 3 161 20 372
305 1 2 3 161 372 373
306 1 2 3 161 373 374
307 1 2 3 161 374 375
308 1 2 3 161 375 130
309 1 2 3 162 44 376
310 1 2 3 162 376 377
311 1 2 3 162 377 22
312 1 2 3 163 22 131
313 1 2 3 164 132 378
314 1 2 3 164 378 379
315 1 2 3 164 379 380
316 1 2 3 164 380 4
317 1 2 3 165 4 381
318 1 2 3 165 381 382
319 1 2 3 165 382 383
320 1 2 3 165 383 133
321 1 2 3 166 134 10
322 1 2 3 167 10 384
323 1 2 3 167 384 385
324 1 2 3 167 385 386
325 1 2 3 167 386 387
326 1 2 3 167 387 388
327 1 2 3 167 388 135
328 1 2 3 168 136 389
329 1 2 3 168 389 13
330 1 2 3 169 13 390
331 1 2 3 169 390 391
332 1 2 3 169 391 137
333 1 2 3 170 138 392
334 1 2 3 170 392 393
335 1 2 3 170 393 17
336 1 2 3 171 17 394
337 1 2 3 171 394 395
338 1 2 3 171 395 139
339 1 2 3 172 140 396
340 1 2 3 172 396 397
341 1 2 3 172 397 398
342 1 2 3 172 398 21
343 1 2 3 173 21 399
344 1 2 3 173 399 141
345 1 2 3 175 14 400
346 1 2 3 175 400 401
347 1 2 3 175 401 402
348 1 2 3 175 402 403
349 1 2 3 175 403 145
350 1 2 3 176 146 404
351 1 2 3 176 404 405
352 1 2 3 176 405 406
353 1 2 3 176 406 18
354 1 2 3 177 18 407
355 1 2 3 177 407 147
356 1 2 3 178 149 408
357 1 2 3 178 408 11
358 1 2 3 179 11 409
359 1 2 3 179 409 410
360 1 2 3 179 410 411
361 1 2 3 179 411 150
362 1 2 3 180 151 412
363 1 2 3 180 412 413
364 1 2 3 180 413 15
365 1 2 3 181 15 414
366 1 2 3 181 414 152
367 2 2 1 1 415 545 197
368 2 2 1 1 416 545 415
369 2 2 1 1 417 25 196
370 2 2 1 1 196 546 417
371 2 2 1 1 417 546 24
372 2 2 1 1 24 546 416
373 2 2 1 1 545 546 196
374 2 2 1 1 416 546 545
375 2 2 1 1 197 545 196
376 2 2 1 1 197 23 415
377 2 2 1 2 665 1346 907
378 2 2 1 2 1543 1583 277
379 2 2 1 2 511 944 510
380 2 2 1 2 129 1351 1035
381 2 2 1 2 73 1356 1004
382 2 2 1 2 138 950 392
383 2 2 1 2 1136 1829 369
384 2 2 1 2 126 1136 369
385 2 2 1 2 576 1968 814
386 2 2 1 2 1101 1582 597
387 2 2 1 2 634 1920 894
388 2 2 1 2 283 860 284
389 2 2 1 2 221 1213 142
390 2 2 1 2 928 1492 633
391 2 2 1 2 9 1642 890
392 2 2 1 2 965 1618 245
393 2 2 1 2 753 1682 920
394 2 2 1 2 964 1478 599
395 2 2 1 2 1080 1754 854
396 2 2 1 2 1004 1356 782
397 2 2 1 2 854 1730 1404
398 2 2 1 2 1109 1247 705
399 2 2 1 2 560 1325 1005
400 2 2 1 2 131 22 329
401 2 2 1 2 653 1417 1273
402 2 2 1 2 402 918 401
403 2 2 1 2 936 1053 616
404 2 2 1 2 574 1295 1153
405 2 2 1 2 61 1404 909
406 2 2 1 2 103 944 511
407 2 2 1 2 1029 1101 597
408 2 2 1 2 894 1435 634
409 2 2 1 2 679 1368 849
410 2 2 1 2 165 2304 431
411 2 2 1 2 905 1983 981
412 2 2 1 2 1320 2046 117
413 2 2 1 2 348 911 349
414 2 2 1 2 638 2024 905
415 2 2 1 2 843 1582 1101
416 2 2 1 2 1816 2195 153
417 2 2 1 2 195 507 42
418 2 2 1 2 41 501 219
419 2 2 1 2 644 1171 979
420 2 2 1 2 1074 1555 565
421 2 2 1 2 1240 1291 760
422 2 2 1 2 975 1220 675
423 2 2 1 2 1459 1684 94
424 2 2 1 2 1123 1218 734
425 2 2 1 2 859 1568 130
426 2 2 1 2 981 1983 607
427 2 2 1 2 1017 1420 711
428 2 2 1 2 624 1370 875
429 2 2 1 2 972 1094 554
430 2 2 1 2 1024 1782 1314
431 2 2 1 2 565 1555 1519
432 2 2 1 2 617 1754 1080
433 2 2 1 2 901 1307 185
434 2 2 1 2 1565 1765 244
435 2 2 1 2 37 1843 490
436 2 2 1 2 4 1718 381
437 2 2 1 2 735 1478 964
438 2 2 1 2 984 1058 615
439 2 2 1 2 1005 1325 737
440 2 2 1 2 1037 1435 291
441 2 2 1 2 638 1442 888
442 2 2 1 2 364 1377 988
443 2 2 1 2 875 1191 624
444 2 2 1 2 408 11 284
445 2 2 1 2 917 1285 621
446 2 2 1 2 188 1243 187
447 2 2 1 2 102 1662 1072
448 2 2 1 2 145 917 403
449 2 2 1 2 681 1247 1109
450 2 2 1 2 1292 1816 153
451 2 2 1 2 663 1101 1029
452 2 2 1 2 814 1605 576
453 2 2 1 2 602 1782 1024
454 2 2 1 2 286 1103 105
455 2 2 1 2 954 1049 618
456 2 2 1 2 86 1397 661
457 2 2 1 2 888 1353 638
458 2 2 1 2 906 1704 1491
459 2 2 1 2 107 1168 933
460 2 2 1 2 322 1039 398
461 2 2 1 2 30 1330 443
462 2 2 1 2 1084 2252 28
463 2 2 1 2 925 1976 1767
464 2 2 1 2 122 1900 882
465 2 2 1 2 169 974 168
466 2 2 1 2 890 1937 9
467 2 2 1 2 1170 1451 770
468 2 2 1 2 1030 1587 167
469 2 2 1 2 917 1361 74
470 2 2 1 2 1045 1387 668
471 2 2 1 2 1419 1822 353
472 2 2 1 2 984 2024 638
473 2 2 1 2 81 994 292
474 2 2 1 2 1052 1872 649
475 2 2 1 2 1232 1242 87
476 2 2 1 2 1491 1704 210
477 2 2 1 2 1258 1630 110
478 2 2 1 2 46 1036 513
479 2 2 1 2 117 2134 1320
480 2 2 1 2 879 1448 601
481 2 2 1 2 333 1038 334
482 2 2 1 2 638 1058 984
483 2 2 1 2 677 1870 1621
484 2 2 1 2 86 1291 1240
485 2 2 1 2 617 1671 892
486 2 2 1 2 633 1224 1027
487 2 2 1 2 982 1287 656
488 2 2 1 2 507 1133 43
489 2 2 1 2 295 1707 389
490 2 2 1 2 711 2401 1017
491 2 2 1 2 1011 1734 557
492 2 2 1 2 1479 1918 844
493 2 2 1 2 1099 2247 69
494 2 2 1 2 925 1767 786
495 2 2 1 2 623 1616 959
496 2 2 1 2 368 2001 1685
497 2 2 1 2 633 1492 968
498 2 2 1 2 305 964 304
499 2 2 1 2 966 1093 615
500 2 2 1 2 1166 1838 293
501 2 2 1 2 84 1342 1029
502 2 2 1 2 863 1407 580
503 2 2 1 2 873 1208 658
504 2 2 1 2 911 1381 349
505 2 2 1 2 1004 1834 585
506 2 2 1 2 660 1244 1033
507 2 2 1 2 205 2256 1249
508 2 2 1 2 589 1732 1054
509 2 2 1 2 248 1718 4
510 2 2 1 2 7 1909 332
511 2 2 1 2 655 1256 1015
512 2 2 1 2 1002 1900 243
513 2 2 1 2 736 1737 907
514 2 2 1 2 380 2216 379
515 2 2 1 2 893 1684 1459
516 2 2 1 2 299 1073 400
517 2 2 1 2 658 1331 873
518 2 2 1 2 607 2191 981
519 2 2 1 2 1038 1138 334
520 2 2 1 2 947 1248 54
521 2 2 1 2 176 971 116
522 2 2 1 2 76 977 285
523 2 2 1 2 1092 2164 123
524 2 2 1 2 490 1843 1740
525 2 2 1 2 119 983 913
526 2 2 1 2 138 1511 950
527 2 2 1 2 1767 1976 579
528 2 2 1 2 252 1674 1657
529 2 2 1 2 103 1125 944
530 2 2 1 2 627 1661 909
531 2 2 1 2 661 1444 86
532 2 2 1 2 1080 1671 617
533 2 2 1 2 294 1166 293
534 2 2 1 2 676 1343 1241
535 2 2 1 2 959 1433 623
536 2 2 1 2 814 1785 1605
537 2 2 1 2 1291 1444 236
538 2 2 1 2 620 1214 929
539 2 2 1 2 90 1454 916
540 2 2 1 2 984 1276 547
541 2 2 1 2 82 1142 1086
542 2 2 1 2 945 1227 646
543 2 2 1 2 309 1067 92
544 2 2 1 2 326 1036 46
545 2 2 1 2 888 1248 715
546 2 2 1 2 956 1561 720
547 2 2 1 2 899 1789 1447
548 2 2 1 2 61 1742 1626
549 2 2 1 2 986 1411 613
550 2 2 1 2 252 1657 253
551 2 2 1 2 223 1376 224
552 2 2 1 2 1616 2293 91
553 2 2 1 2 1118 1274 578
554 2 2 1 2 329 2223 131
555 2 2 1 2 1451 1653 770
556 2 2 1 2 1092 2365 2164
557 2 2 1 2 74 1285 917
558 2 2 1 2 42 2022 195
559 2 2 1 2 223 1812 1376
560 2 2 1 2 854 1404 1080
561 2 2 1 2 916 1316 637
562 2 2 1 2 1171 2281 979
563 2 2 1 2 1048 1791 651
564 2 2 1 2 330 1018 331
565 2 2 1 2 319 1351 129
566 2 2 1 2 130 1534 859
567 2 2 1 2 944 1215 510
568 2 2 1 2 5 2091 350
569 2 2 1 2 393 928 392
570 2 2 1 2 1268 1734 1011
571 2 2 1 2 308 2081 16
572 2 2 1 2 248 1653 1451
573 2 2 1 2 29 2070 1
574 2 2 1 2 150 1426 411
575 2 2 1 2 1339 2122 164
576 2 2 1 2 1076 1158 365
577 2 2 1 2 243 1900 244
578 2 2 1 2 365 2159 937
579 2 2 1 2 1809 2303 302
580 2 2 1 2 1465 2289 191
581 2 2 1 2 438 1693 1236
582 2 2 1 2 859 1747 1568
583 2 2 1 2 263 1909 7
584 2 2 1 2 1696 1729 242
585 2 2 1 2 81 1337 1225
586 2 2 1 2 782 1834 1004
587 2 2 1 2 707 1207 1143
588 2 2 1 2 656 1195 982
589 2 2 1 2 694 1425 871
590 2 2 1 2 1152 1160 757
591 2 2 1 2 429 1030 428
592 2 2 1 2 902 1792 556
593 2 2 1 2 938 1172 713
594 2 2 1 2 849 1461 679
595 2 2 1 2 901 2093 1307
596 2 2 1 2 806 1815 985
597 2 2 1 2 882 2016 122
598 2 2 1 2 1447 2081 899
599 2 2 1 2 348 1985 911
600 2 2 1 2 580 1319 863
601 2 2 1 2 1159 1245 712
602 2 2 1 2 594 2429 1170
603 2 2 1 2 1013 1394 550
604 2 2 1 2 17 1322 311
605 2 2 1 2 602 1420 1017
606 2 2 1 2 909 1742 61
607 2 2 1 2 559 1245 1159
608 2 2 1 2 1102 1957 650
609 2 2 1 2 788 1235 947
610 2 2 1 2 1263 1362 794
611 2 2 1 2 1056 1365 563
612 2 2 1 2 1453 1839 610
613 2 2 1 2 985 1815 591
614 2 2 1 2 670 1362 1263
615 2 2 1 2 1148 1453 610
616 2 2 1 2 596 1680 947
617 2 2 1 2 246 991 245
618 2 2 1 2 942 1371 100
619 2 2 1 2 633 1903 1224
620 2 2 1 2 245 1618 246
621 2 2 1 2 353 1697 1165
622 2 2 1 2 1136 1737 1575
623 2 2 1 2 1523 1744 151
624 2 2 1 2 556 1306 902
625 2 2 1 2 1225 1337 736
626 2 2 1 2 745 1639 986
627 2 2 1 2 689 1741 1072
628 2 2 1 2 1143 1207 554
629 2 2 1 2 615 1205 966
630 2 2 1 2 1605 1785 683
631 2 2 1 2 184 2195 1816
632 2 2 1 2 439 1714 1113
633 2 2 1 2 85 1483 1237
634 2 2 1 2 1009 1676 151
635 2 2 1 2 1016 2293 1616
636 2 2 1 2 905 1997 638
637 2 2 1 2 1119 1430 753
638 2 2 1 2 467 1124 155
639 2 2 1 2 440 1714 439
640 2 2 1 2 316 1078 356
641 2 2 1 2 548 1224 1057
642 2 2 1 2 393 1322 17
643 2 2 1 2 379 2216 945
644 2 2 1 2 69 335 8
645 2 2 1 2 898 1134 600
646 2 2 1 2 365 1158 366
647 2 2 1 2 240 2252 1777
648 2 2 1 2 1920 2350 1281
649 2 2 1 2 1115 1955 650
650 2 2 1 2 283 1345 860
651 2 2 1 2 632 1935 927
652 2 2 1 2 937 2071 648
653 2 2 1 2 1170 2429 1047
654 2 2 1 2 1404 1730 627
655 2 2 1 2 1307 2093 485
656 2 2 1 2 1153 1295 815
657 2 2 1 2 969 1086 654
658 2 2 1 2 341 1185 340
659 2 2 1 2 1214 1778 929
660 2 2 1 2 244 1765 243
661 2 2 1 2 1178 2409 605
662 2 2 1 2 1172 2116 932
663 2 2 1 2 698 1451 1170
664 2 2 1 2 379 1683 380
665 2 2 1 2 380 1683 1653
666 2 2 1 2 123 2164 1085
667 2 2 1 2 1791 2315 651
668 2 2 1 2 671 1873 1031
669 2 2 1 2 996 1827 598
670 2 2 1 2 284 1773 408
671 2 2 1 2 615 2086 984
672 2 2 1 2 989 2201 631
673 2 2 1 2 606 2116 1172
674 2 2 1 2 1016 1616 623
675 2 2 1 2 89 1192 351
676 2 2 1 2 677 1621 1266
677 2 2 1 2 1583 1781 385
678 2 2 1 2 1479 1963 1918
679 2 2 1 2 650 1957 1115
680 2 2 1 2 1054 1732 856
681 2 2 1 2 1087 1895 774
682 2 2 1 2 274 1883 1238
683 2 2 1 2 817 1918 1087
684 2 2 1 2 1060 1461 354
685 2 2 1 2 1988 2016 965
686 2 2 1 2 966 1205 113
687 2 2 1 2 1244 1859 1033
688 2 2 1 2 54 1765 947
689 2 2 1 2 211 1071 212
690 2 2 1 2 291 1435 290
691 2 2 1 2 167 1587 166
692 2 2 1 2 1067 1470 92
693 2 2 1 2 907 1745 736
694 2 2 1 2 993 1920 634
695 2 2 1 2 1018 1865 625
696 2 2 1 2 1568 1747 732
697 2 2 1 2 400 14 299
698 2 2 1 2 185 1816 901
699 2 2 1 2 145 1361 917
700 2 2 1 2 925 1674 251
701 2 2 1 2 715 1608 888
702 2 2 1 2 919 1959 192
703 2 2 1 2 1433 1762 856
704 2 2 1 2 288 1599 1271
705 2 2 1 2 366 2159 365
706 2 2 1 2 342 1520 1399
707 2 2 1 2 524 1259 1106
708 2 2 1 2 75 1833 1788
709 2 2 1 2 559 1159 990
710 2 2 1 2 1021 1283 719
711 2 2 1 2 111 1520 342
712 2 2 1 2 882 1900 1002
713 2 2 1 2 871 1708 694
714 2 2 1 2 668 2226 1045
715 2 2 1 2 126 1737 1136
716 2 2 1 2 1079 1713 125
717 2 2 1 2 1057 1224 686
718 2 2 1 2 1102 1563 306
719 2 2 1 2 481 1242 480
720 2 2 1 2 894 1920 1281
721 2 2 1 2 933 1385 107
722 2 2 1 2 386 1510 1091
723 2 2 1 2 33 2143 476
724 2 2 1 2 307 1102 306
725 2 2 1 2 266 1498 1279
726 2 2 1 2 695 1655 948
727 2 2 1 2 621 1267 917
728 2 2 1 2 1459 2388 893
729 2 2 1 2 208 1137 207
730 2 2 1 2 650 1955 1165
731 2 2 1 2 1378 2026 231
732 2 2 1 2 1800 2081 307
733 2 2 1 2 1124 1894 155
734 2 2 1 2 331 1318 1096
735 2 2 1 2 74 1021 280
736 2 2 1 2 1105 2298 595
737 2 2 1 2 634 1380 993
738 2 2 1 2 64 1006 168
739 2 2 1 2 1151 1269 557
740 2 2 1 2 616 2433 936
741 2 2 1 2 356 19 316
742 2 2 1 2 547 2024 984
743 2 2 1 2 341 2027 1185
744 2 2 1 2 973 1321 558
745 2 2 1 2 714 1274 1118
746 2 2 1 2 945 1275 379
747 2 2 1 2 393 1852 928
748 2 2 1 2 435 1906 1167
749 2 2 1 2 151 1676 412
750 2 2 1 2 1123 2142 156
751 2 2 1 2 704 1400 1265
752 2 2 1 2 826 1713 1079
753 2 2 1 2 664 1739 1062
754 2 2 1 2 139 1922 883
755 2 2 1 2 398 1039 397
756 2 2 1 2 267 1787 946
757 2 2 1 2 375 1762 1433
758 2 2 1 2 633 1270 928
759 2 2 1 2 937 1282 365
760 2 2 1 2 289 2200 1281
761 2 2 1 2 674 1234 818
762 2 2 1 2 353 1165 352
763 2 2 1 2 396 1926 1473
764 2 2 1 2 1007 2409 1178
765 2 2 1 2 1349 2013 1999
766 2 2 1 2 641 1618 965
767 2 2 1 2 625 1865 1068
768 2 2 1 2 84 1241 1073
769 2 2 1 2 916 1383 90
770 2 2 1 2 142 1213 192
771 2 2 1 2 1082 1159 712
772 2 2 1 2 302 2303 301
773 2 2 1 2 1128 1739 664
774 2 2 1 2 559 1681 1245
775 2 2 1 2 431 2304 430
776 2 2 1 2 81 1801 994
777 2 2 1 2 399 21 323
778 2 2 1 2 1155 1854 897
779 2 2 1 2 402 1267 918
780 2 2 1 2 622 1150 1106
781 2 2 1 2 698 1170 1047
782 2 2 1 2 316 1651 1078
783 2 2 1 2 1430 1682 753
784 2 2 1 2 1037 1185 634
785 2 2 1 2 557 1212 1011
786 2 2 1 2 152 2303 1000
787 2 2 1 2 1273 1417 971
788 2 2 1 2 116 971 210
789 2 2 1 2 1087 2335 1895
790 2 2 1 2 117 1055 213
791 2 2 1 2 578 1546 1081
792 2 2 1 2 554 1207 972
793 2 2 1 2 266 1279 265
794 2 2 1 2 1181 1817 359
795 2 2 1 2 55 1618 1082
796 2 2 1 2 990 1159 641
797 2 2 1 2 412 1676 413
798 2 2 1 2 1398 2155 162
799 2 2 1 2 933 1327 60
800 2 2 1 2 170 1255 171
801 2 2 1 2 818 1440 674
802 2 2 1 2 1008 1554 588
803 2 2 1 2 1289 1873 671
804 2 2 1 2 631 1164 989
805 2 2 1 2 640 1166 1117
806 2 2 1 2 965 2016 826
807 2 2 1 2 79 1778 1214
808 2 2 1 2 1310 2394 2039
809 2 2 1 2 1035 1759 129
810 2 2 1 2 917 1267 403
811 2 2 1 2 102 1506 1025
812 2 2 1 2 384 1583 385
813 2 2 1 2 918 1463 401
814 2 2 1 2 1199 1651 318
815 2 2 1 2 84 1073 299
816 2 2 1 2 409 2410 410
817 2 2 1 2 549 1299 1097
818 2 2 1 2 1208 1681 559
819 2 2 1 2 1041 1995 610
820 2 2 1 2 944 1125 619
821 2 2 1 2 204 1845 1403
822 2 2 1 2 400 1073 401
823 2 2 1 2 920 1960 1724
824 2 2 1 2 979 1190 644
825 2 2 1 2 1265 1400 796
826 2 2 1 2 109 1327 933
827 2 2 1 2 210 1704 116
828 2 2 1 2 1140 1833 75
829 2 2 1 2 551 1387 1045
830 2 2 1 2 1085 2164 51
831 2 2 1 2 518 1877 924
832 2 2 1 2 588 1554 1502
833 2 2 1 2 43 1133 512
834 2 2 1 2 920 1724 753
835 2 2 1 2 233 1388 232
836 2 2 1 2 1766 1885 1188
837 2 2 1 2 1662 1959 846
838 2 2 1 2 169 1659 974
839 2 2 1 2 330 1865 1018
840 2 2 1 2 1000 2189 152
841 2 2 1 2 1106 1150 775
842 2 2 1 2 505 40 194
843 2 2 1 2 413 1676 1536
844 2 2 1 2 827 1258 666
845 2 2 1 2 2184 2259 972
846 2 2 1 2 16 2081 118
847 2 2 1 2 163 1398 162
848 2 2 1 2 941 1170 770
849 2 2 1 2 183 1616 91
850 2 2 1 2 641 1159 1082
851 2 2 1 2 1135 1521 609
852 2 2 1 2 1332 1772 259
853 2 2 1 2 883 1784 139
854 2 2 1 2 1118 1868 714
855 2 2 1 2 1081 1118 578
856 2 2 1 2 1918 2335 1087
857 2 2 1 2 942 2141 1371
858 2 2 1 2 1199 1239 680
859 2 2 1 2 460 1869 1229
860 2 2 1 2 947 1235 596
861 2 2 1 2 383 1109 382
862 2 2 1 2 907 1284 665
863 2 2 1 2 1050 1489 584
864 2 2 1 2 860 1773 284
865 2 2 1 2 62 2068 1051
866 2 2 1 2 598 1827 915
867 2 2 1 2 188 2053 1243
868 2 2 1 2 350 1706 5
869 2 2 1 2 74 1413 1021
870 2 2 1 2 1346 1755 907
871 2 2 1 2 683 1272 1179
872 2 2 1 2 585 2133 1004
873 2 2 1 2 1099 1775 840
874 2 2 1 2 1318 1448 728
875 2 2 1 2 578 2403 1546
876 2 2 1 2 239 2252 240
877 2 2 1 2 627 1824 1661
878 2 2 1 2 13 1612 390
879 2 2 1 2 613 1222 986
880 2 2 1 2 1009 2370 738
881 2 2 1 2 438 1236 437
882 2 2 1 2 945 2235 1227
883 2 2 1 2 836 1822 1419
884 2 2 1 2 648 2071 1051
885 2 2 1 2 675 1220 756
886 2 2 1 2 555 1854 1155
887 2 2 1 2 664 1122 1088
888 2 2 1 2 471 1598 977
889 2 2 1 2 187 1243 1147
890 2 2 1 2 1012 1733 741
891 2 2 1 2 277 1583 276
892 2 2 1 2 93 1287 982
893 2 2 1 2 414 2303 152
894 2 2 1 2 842 2011 1146
895 2 2 1 2 901 1816 1292
896 2 2 1 2 1130 2322 1313
897 2 2 1 2 1371 2141 494
898 2 2 1 2 814 1968 1233
899 2 2 1 2 1300 2154 2009
900 2 2 1 2 993 1222 613
901 2 2 1 2 1357 1868 1118
902 2 2 1 2 32 1595 450
903 2 2 1 2 358 1181 359
904 2 2 1 2 251 1549 925
905 2 2 1 2 60 1464 1385
906 2 2 1 2 571 1719 1514
907 2 2 1 2 650 1912 1111
908 2 2 1 2 716 1512 1049
909 2 2 1 2 1080 1404 61
910 2 2 1 2 289 1281 288
911 2 2 1 2 6 2001 367
912 2 2 1 2 972 2259 1094
913 2 2 1 2 608 1268 1011
914 2 2 1 2 940 2066 347
915 2 2 1 2 418 334 26
916 2 2 1 2 67 1670 261
917 2 2 1 2 1073 1606 401
918 2 2 1 2 584 1610 1050
919 2 2 1 2 318 1651 317
920 2 2 1 2 841 1335 111
921 2 2 1 2 508 1533 948
922 2 2 1 2 352 1419 353
923 2 2 1 2 864 2022 42
924 2 2 1 2 880 2046 1320
925 2 2 1 2 1365 1927 563
926 2 2 1 2 652 2394 1310
927 2 2 1 2 946 1498 267
928 2 2 1 2 802 1766 1188
929 2 2 1 2 245 1988 965
930 2 2 1 2 170 1910 1255
931 2 2 1 2 609 1825 855
932 2 2 1 2 865 1513 1450
933 2 2 1 2 1204 2083 269
934 2 2 1 2 935 2265 684
935 2 2 1 2 1021 1413 691
936 2 2 1 2 558 1176 973
937 2 2 1 2 196 1573 1250
938 2 2 1 2 45 2224 1090
939 2 2 1 2 60 1385 933
940 2 2 1 2 649 1872 1139
941 2 2 1 2 223 1289 222
942 2 2 1 2 462 2025 1264
943 2 2 1 2 909 1404 627
944 2 2 1 2 39 1776 1597
945 2 2 1 2 1180 1935 632
946 2 2 1 2 1271 1995 1041
947 2 2 1 2 1740 1843 799
948 2 2 1 2 1111 1478 735
949 2 2 1 2 532 1148 531
950 2 2 1 2 205 1341 27
951 2 2 1 2 965 1979 641
952 2 2 1 2 76 1609 977
953 2 2 1 2 1051 2068 869
954 2 2 1 2 1129 1145 785
955 2 2 1 2 866 2122 1339
956 2 2 1 2 396 1473 397
957 2 2 1 2 1072 1506 102
958 2 2 1 2 776 1521 1135
959 2 2 1 2 1000 2303 1809
960 2 2 1 2 1100 1298 66
961 2 2 1 2 367 2001 368
962 2 2 1 2 5 1638 253
963 2 2 1 2 990 1305 612
964 2 2 1 2 634 1435 1037
965 2 2 1 2 712 2040 997
966 2 2 1 2 160 1085 51
967 2 2 1 2 1265 1846 315
968 2 2 1 2 99 1069 325
969 2 2 1 2 986 1222 745
970 2 2 1 2 462 1264 461
971 2 2 1 2 378 2174 1683
972 2 2 1 2 97 1174 1033
973 2 2 1 2 1236 1336 437
974 2 2 1 2 621 2259 2184
975 2 2 1 2 855 1135 609
976 2 2 1 2 805 1790 1194
977 2 2 1 2 987 1908 52
978 2 2 1 2 618 1576 954
979 2 2 1 2 2039 2394 987
980 2 2 1 2 111 1335 858
981 2 2 1 2 1111 1912 1299
982 2 2 1 2 374 1675 1054
983 2 2 1 2 1086 1142 668
984 2 2 1 2 806 1583 1543
985 2 2 1 2 387 1510 386
986 2 2 1 2 934 1226 677
987 2 2 1 2 398 1409 21
988 2 2 1 2 1011 2185 608
989 2 2 1 2 361 1595 1
990 2 2 1 2 1685 2001 878
991 2 2 1 2 836 2217 1060
992 2 2 1 2 383 1507 1109
993 2 2 1 2 920 1682 1163
994 2 2 1 2 1709 1916 682
995 2 2 1 2 713 1648 938
996 2 2 1 2 1450 1513 710
997 2 2 1 2 423 1795 422
998 2 2 1 2 394 1425 1294
999 2 2 1 2 645 1432 960
1000 2 2 1 2 254 1701 5
1001 2 2 1 2 258 1332 259
1002 2 2 1 2 655 2007 1256
1003 2 2 1 2 977 2410 285
1004 2 2 1 2 648 1282 937
1005 2 2 1 2 1003 2298 1105
1006 2 2 1 2 1313 2322 590
1007 2 2 1 2 61 1626 255
1008 2 2 1 2 720 1268 956
1009 2 2 1 2 895 2201 989
1010 2 2 1 2 246 1618 55
1011 2 2 1 2 602 1252 969
1012 2 2 1 2 684 1392 935
1013 2 2 1 2 182 1312 127
1014 2 2 1 2 1010 1368 679
1015 2 2 1 2 1085 1856 123
1016 2 2 1 2 300 1237 413
1017 2 2 1 2 796 1846 1265
1018 2 2 1 2 402 1043 403
1019 2 2 1 2 315 1328 1019
1020 2 2 1 2 1191 1308 563
1021 2 2 1 2 525 1259 524
1022 2 2 1 2 1790 2292 1194
1023 2 2 1 2 1146 2011 603
1024 2 2 1 2 741 1807 1012
1025 2 2 1 2 1385 1464 837
1026 2 2 1 2 963 1347 591
1027 2 2 1 2 174 1214 913
1028 2 2 1 2 1034 1421 702
1029 2 2 1 2 738 2370 1147
1030 2 2 1 2 1012 1687 71
1031 2 2 1 2 703 1764 1454
1032 2 2 1 2 970 1905 1594
1033 2 2 1 2 1091 1323 758
1034 2 2 1 2 721 1239 1199
1035 2 2 1 2 1030 1654 428
1036 2 2 1 2 191 2289 190
1037 2 2 1 2 1509 1846 1104
1038 2 2 1 2 821 1894 1124
1039 2 2 1 2 204 2256 205
1040 2 2 1 2 637 1383 916
1041 2 2 1 2 1002 2268 882
1042 2 2 1 2 947 1765 788
1043 2 2 1 2 420 1131 419
1044 2 2 1 2 1246 1675 373
1045 2 2 1 2 1215 1533 509
1046 2 2 1 2 98 1039 322
1047 2 2 1 2 1594 1735 755
1048 2 2 1 2 356 1078 357
1049 2 2 1 2 809 1735 1594
1050 2 2 1 2 956 2214 1561
1051 2 2 1 2 1248 2412 54
1052 2 2 1 2 394 1294 17
1053 2 2 1 2 786 1674 925
1054 2 2 1 2 1142 1262 668
1055 2 2 1 2 122 2016 1988
1056 2 2 1 2 969 2121 1086
1057 2 2 1 2 552 1145 1129
1058 2 2 1 2 681 1507 866
1059 2 2 1 2 926 1837 1389
1060 2 2 1 2 317 1651 316
1061 2 2 1 2 1777 2252 955
1062 2 2 1 2 124 1890 1076
1063 2 2 1 2 557 1734 1151
1064 2 2 1 2 98 1288 1046
1065 2 2 1 2 924 1480 518
1066 2 2 1 2 393 17 310
1067 2 2 1 2 96 2195 184
1068 2 2 1 2 334 1138 26
1069 2 2 1 2 510 1215 509
1070 2 2 1 2 994 1306 793
1071 2 2 1 2 895 1448 101
1072 2 2 1 2 958 1455 688
1073 2 2 1 2 1071 1417 653
1074 2 2 1 2 826 1979 965
1075 2 2 1 2 437 1336 436
1076 2 2 1 2 568 2013 1349
1077 2 2 1 2 391 1252 1017
1078 2 2 1 2 1062 2242 664
1079 2 2 1 2 719 1640 952
1080 2 2 1 2 574 1153 900
1081 2 2 1 2 1071 1561 212
1082 2 2 1 2 215 1360 214
1083 2 2 1 2 297 1052 296
1084 2 2 1 2 670 1347 963
1085 2 2 1 2 1079 1305 826
1086 2 2 1 2 1099 1566 697
1087 2 2 1 2 997 1227 56
1088 2 2 1 2 141 1083 399
1089 2 2 1 2 952 2045 719
1090 2 2 1 2 895 2128 1448
1091 2 2 1 2 961 2051 256
1092 2 2 1 2 588 1977 1008
1093 2 2 1 2 623 2320 1016
1094 2 2 1 2 337 1193 338
1095 2 2 1 2 1422 1571 691
1096 2 2 1 2 952 1543 278
1097 2 2 1 2 1167 1906 834
1098 2 2 1 2 991 2194 245
1099 2 2 1 2 220 2146 219
1100 2 2 1 2 354 1461 119
1101 2 2 1 2 952 1640 591
1102 2 2 1 2 948 1533 695
1103 2 2 1 2 1060 2217 1482
1104 2 2 1 2 1075 1441 693
1105 2 2 1 2 737 1260 996
1106 2 2 1 2 1842 2002 1284
1107 2 2 1 2 234 1292 153
1108 2 2 1 2 274 1238 273
1109 2 2 1 2 288 1271 289
1110 2 2 1 2 435 1167 434
1111 2 2 1 2 17 1294 310
1112 2 2 1 2 1502 1554 924
1113 2 2 1 2 574 1138 1038
1114 2 2 1 2 253 2091 5
1115 2 2 1 2 980 1311 659
1116 2 2 1 2 305 1563 964
1117 2 2 1 2 591 1815 952
1118 2 2 1 2 230 1378 231
1119 2 2 1 2 747 1554 1008
1120 2 2 1 2 948 1655 625
1121 2 2 1 2 1289 2114 222
1122 2 2 1 2 257 2001 6
1123 2 2 1 2 1639 2290 986
1124 2 2 1 2 63 1716 992
1125 2 2 1 2 53 1696 242
1126 2 2 1 2 948 1692 508
1127 2 2 1 2 1352 1472 41
1128 2 2 1 2 974 1659 717
1129 2 2 1 2 1154 2163 628
1130 2 2 1 2 1516 1645 721
1131 2 2 1 2 372 20 320
1132 2 2 1 2 363 1377 364
1133 2 2 1 2 160 1392 1085
1134 2 2 1 2 532 1453 1148
1135 2 2 1 2 1121 1266 807
1136 2 2 1 2 1389 1837 669
1137 2 2 1 2 731 1574 1098
1138 2 2 1 2 649 2019 1052
1139 2 2 1 2 71 1733 1012
1140 2 2 1 2 839 1511 1112
1141 2 2 1 2 708 1606 1073
1142 2 2 1 2 1238 1883 847
1143 2 2 1 2 1454 1764 916
1144 2 2 1 2 460 1229 459
1145 2 2 1 2 641 1305 990
1146 2 2 1 2 1044 1290 725
1147 2 2 1 2 599 1790 964
1148 2 2 1 2 932 2163 1154
1149 2 2 1 2 669 1118 1081
1150 2 2 1 2 2071 2159 256
1151 2 2 1 2 1686 1803 108
1152 2 2 1 2 323 1409 1304
1153 2 2 1 2 93 982 311
1154 2 2 1 2 395 1425 394
1155 2 2 1 2 1177 1468 654
1156 2 2 1 2 903 1916 1709
1157 2 2 1 2 1447 1789 808
1158 2 2 1 2 410 2410 977
1159 2 2 1 2 683 1785 1254
1160 2 2 1 2 1122 1343 676
1161 2 2 1 2 480 1242 235
1162 2 2 1 2 1724 1960 455
1163 2 2 1 2 92 1488 968
1164 2 2 1 2 394 17 311
1165 2 2 1 2 1364 1477 743
1166 2 2 1 2 947 1680 1248
1167 2 2 1 2 564 1362 963
1168 2 2 1 2 113 1272 966
1169 2 2 1 2 1394 1945 550
1170 2 2 1 2 241 1588 2
1171 2 2 1 2 83 1476 1024
1172 2 2 1 2 1130 1313 701
1173 2 2 1 2 177 971 176
1174 2 2 1 2 1072 1741 727
1175 2 2 1 2 1525 1527 676
1176 2 2 1 2 879 1703 584
1177 2 2 1 2 1191 1884 1308
1178 2 2 1 2 372 1246 373
1179 2 2 1 2 390 1665 13
1180 2 2 1 2 407 18 314
1181 2 2 1 2 964 1563 735
1182 2 2 1 2 183 1312 182
1183 2 2 1 2 590 1702 1313
1184 2 2 1 2 242 1882 1736
1185 2 2 1 2 1088 1875 664
1186 2 2 1 2 163 1339 164
1187 2 2 1 2 408 1497 11
1188 2 2 1 2 1621 1870 853
1189 2 2 1 2 908 1645 1516
1190 2 2 1 2 81 1225 980
1191 2 2 1 2 963 1362 670
1192 2 2 1 2 1057 2320 623
1193 2 2 1 2 100 2026 942
1194 2 2 1 2 1172 2286 606
1195 2 2 1 2 306 1613 1008
1196 2 2 1 2 962 1403 426
1197 2 2 1 2 398 21 322
1198 2 2 1 2 1023 1730 553
1199 2 2 1 2 100 1401 148
1200 2 2 1 2 378 1683 379
1201 2 2 1 2 1151 1734 1518
1202 2 2 1 2 349 1059 348
1203 2 2 1 2 770 1683 941
1204 2 2 1 2 475 1160 1152
1205 2 2 1 2 1207 2175 972
1206 2 2 1 2 236 1444 235
1207 2 2 1 2 1033 1174 660
1208 2 2 1 2 307 2081 308
1209 2 2 1 2 129 20 319
1210 2 2 1 2 1260 1386 586
1211 2 2 1 2 978 1517 661
1212 2 2 1 2 1029 1342 663
1213 2 2 1 2 215 1881 1360
1214 2 2 1 2 123 1856 364
1215 2 2 1 2 1131 2048 419
1216 2 2 1 2 914 1744 1523
1217 2 2 1 2 968 1492 92
1218 2 2 1 2 1082 1618 641
1219 2 2 1 2 1055 1591 213
1220 2 2 1 2 477 1986 35
1221 2 2 1 2 646 1275 945
1222 2 2 1 2 112 1389 1081
1223 2 2 1 2 363 1856 1231
1224 2 2 1 2 991 1596 657
1225 2 2 1 2 913 2236 174
1226 2 2 1 2 1184 1884 875
1227 2 2 1 2 264 1622 1513
1228 2 2 1 2 1075 1551 260
1229 2 2 1 2 1015 1991 655
1230 2 2 1 2 268 1204 269
1231 2 2 1 2 433 1084 28
1232 2 2 1 2 19 1355 355
1233 2 2 1 2 347 1539 940
1234 2 2 1 2 1033 1726 97
1235 2 2 1 2 1331 1428 132
1236 2 2 1 2 262 2208 7
1237 2 2 1 2 1422 1899 143
1238 2 2 1 2 2 1588 344
1239 2 2 1 2 563 1308 998
1240 2 2 1 2 57 457 458
1241 2 2 1 2 21 1409 323
1242 2 2 1 2 649 2175 1207
1243 2 2 1 2 1024 1314 83
1244 2 2 1 2 1473 1538 699
1245 2 2 1 2 666 1867 827
1246 2 2 1 2 664 1875 1128
1247 2 2 1 2 813 1759 1035
1248 2 2 1 2 1629 1644 740
1249 2 2 1 2 1320 2134 891
1250 2 2 1 2 364 1856 363
1251 2 2 1 2 838 1571 1422
1252 2 2 1 2 126 1842 1284
1253 2 2 1 2 19 1278 316
1254 2 2 1 2 1403 1845 425
1255 2 2 1 2 900 1138 574
1256 2 2 1 2 2164 2365 922
1257 2 2 1 2 1076 1890 863
1258 2 2 1 2 386 1781 985
1259 2 2 1 2 453 2314 144
1260 2 2 1 2 629 1884 1184
1261 2 2 1 2 278 2045 952
1262 2 2 1 2 976 2170 662
1263 2 2 1 2 1241 1343 708
1264 2 2 1 2 236 1242 1232
1265 2 2 1 2 28 2252 239
1266 2 2 1 2 735 1563 1102
1267 2 2 1 2 722 1498 946
1268 2 2 1 2 151 1821 1009
1269 2 2 1 2 1296 1390 757
1270 2 2 1 2 69 1686 335
1271 2 2 1 2 756 1471 675
1272 2 2 1 2 1591 2369 1028
1273 2 2 1 2 867 1538 1473
1274 2 2 1 2 85 1237 300
1275 2 2 1 2 872 1860 1190
1276 2 2 1 2 981 1997 905
1277 2 2 1 2 527 2360 526
1278 2 2 1 2 8 1828 265
1279 2 2 1 2 1142 2112 1262
1280 2 2 1 2 196 1250 197
1281 2 2 1 2 1031 2102 172
1282 2 2 1 2 221 1531 999
1283 2 2 1 2 1321 2014 603
1284 2 2 1 2 337 1796 1193
1285 2 2 1 2 413 1237 412
1286 2 2 1 2 1064 1716 63
1287 2 2 1 2 866 1339 681
1288 2 2 1 2 613 2350 1920
1289 2 2 1 2 566 1430 1047
1290 2 2 1 2 12 1416 291
1291 2 2 1 2 66 1457 1100
1292 2 2 1 2 691 1283 1021
1293 2 2 1 2 133 1928 383
1294 2 2 1 2 483 1962 482
1295 2 2 1 2 1187 1684 750
1296 2 2 1 2 928 1270 392
1297 2 2 1 2 62 2071 256
1298 2 2 1 2 863 1319 1076
1299 2 2 1 2 1190 1860 644
1300 2 2 1 2 156 1218 1123
1301 2 2 1 2 717 1547 974
1302 2 2 1 2 453 1664 452
1303 2 2 1 2 662 1475 976
1304 2 2 1 2 612 1305 1079
1305 2 2 1 2 1024 1476 707
1306 2 2 1 2 20 1427 319
1307 2 2 1 2 86 1444 1291
1308 2 2 1 2 634 2168 1380
1309 2 2 1 2 929 1930 620
1310 2 2 1 2 1026 1357 669
1311 2 2 1 2 115 1701 1254
1312 2 2 1 2 1073 1241 708
1313 2 2 1 2 206 535 47
1314 2 2 1 2 1017 1252 602
1315 2 2 1 2 1514 1958 571
1316 2 2 1 2 1236 1693 795
1317 2 2 1 2 946 2062 722
1318 2 2 1 2 744 1654 1030
1319 2 2 1 2 1117 1277 640
1320 2 2 1 2 975 2054 1220
1321 2 2 1 2 938 2286 1172
1322 2 2 1 2 880 2083 1204
1323 2 2 1 2 339 1416 12
1324 2 2 1 2 272 1095 271
1325 2 2 1 2 608 2135 1268
1326 2 2 1 2 1111 2023 1478
1327 2 2 1 2 101 1318 331
1328 2 2 1 2 372 1427 20
1329 2 2 1 2 64 1317 1006
1330 2 2 1 2 1005 2197 745
1331 2 2 1 2 54 1442 981
1332 2 2 1 2 591 1640 963
1333 2 2 1 2 1019 1797 147
1334 2 2 1 2 1411 2350 613
1335 2 2 1 2 591 1933 985
1336 2 2 1 2 874 1797 1342
1337 2 2 1 2 1168 1496 744
1338 2 2 1 2 110 1847 1258
1339 2 2 1 2 519 1877 518
1340 2 2 1 2 1541 1758 405
1341 2 2 1 2 275 1475 1210
1342 2 2 1 2 1020 2247 1099
1343 2 2 1 2 1019 1328 663
1344 2 2 1 2 778 2082 1280
1345 2 2 1 2 1216 1274 678
1346 2 2 1 2 514 2111 1373
1347 2 2 1 2 68 1622 264
1348 2 2 1 2 726 1470 1067
1349 2 2 1 2 111 1648 1548
1350 2 2 1 2 31 1458 463
1351 2 2 1 2 413 15 300
1352 2 2 1 2 1237 1523 412
1353 2 2 1 2 974 1644 1629
1354 2 2 1 2 963 1641 564
1355 2 2 1 2 296 1892 1022
1356 2 2 1 2 939 1209 198
1357 2 2 1 2 968 1903 633
1358 2 2 1 2 256 1921 961
1359 2 2 1 2 229 1851 228
1360 2 2 1 2 1366 2006 396
1361 2 2 1 2 977 1609 471
1362 2 2 1 2 654 1468 1314
1363 2 2 1 2 763 1859 1054
1364 2 2 1 2 1049 1600 716
1365 2 2 1 2 927 1402 632
1366 2 2 1 2 124 1076 365
1367 2 2 1 2 816 1729 1696
1368 2 2 1 2 143 1899 1833
1369 2 2 1 2 677 1607 934
1370 2 2 1 2 52 2039 987
1371 2 2 1 2 840 1566 1099
1372 2 2 1 2 950 1560 392
1373 2 2 1 2 299 1342 84
1374 2 2 1 2 1034 2165 1421
1375 2 2 1 2 630 1278 1090
1376 2 2 1 2 1151 1727 1269
1377 2 2 1 2 600 1769 898
1378 2 2 1 2 1292 1712 484
1379 2 2 1 2 1061 1537 112
1380 2 2 1 2 998 1338 692
1381 2 2 1 2 657 1596 1063
1382 2 2 1 2 1661 1824 869
1383 2 2 1 2 964 1528 304
1384 2 2 1 2 111 1548 841
1385 2 2 1 2 750 1774 1187
1386 2 2 1 2 1088 1122 676
1387 2 2 1 2 1125 2359 619
1388 2 2 1 2 1229 1869 832
1389 2 2 1 2 335 1686 108
1390 2 2 1 2 2009 2154 147
1391 2 2 1 2 400 1463 1139
1392 2 2 1 2 998 2008 563
1393 2 2 1 2 855 1825 1160
1394 2 2 1 2 970 1594 137
1395 2 2 1 2 1031 1750 671
1396 2 2 1 2 625 1358 948
1397 2 2 1 2 631 2147 1164
1398 2 2 1 2 557 1269 1212
1399 2 2 1 2 512 1133 103
1400 2 2 1 2 1165 1697 768
1401 2 2 1 2 1285 2259 621
1402 2 2 1 2 1054 1859 589
1403 2 2 1 2 737 1386 1260
1404 2 2 1 2 990 2064 559
1405 2 2 1 2 222 1604 1098
1406 2 2 1 2 38 1465 191
1407 2 2 1 2 1522 1574 731
1408 2 2 1 2 1051 2413 648
1409 2 2 1 2 87 1986 1232
1410 2 2 1 2 1137 1540 207
1411 2 2 1 2 1299 1699 1097
1412 2 2 1 2 1004 2246 73
1413 2 2 1 2 1313 1702 904
1414 2 2 1 2 1237 1483 771
1415 2 2 1 2 118 2081 1447
1416 2 2 1 2 1223 1864 761
1417 2 2 1 2 1216 1953 1274
1418 2 2 1 2 942 2026 1378
1419 2 2 1 2 899 2081 1800
1420 2 2 1 2 827 1867 1546
1421 2 2 1 2 769 1508 1438
1422 2 2 1 2 1268 2135 956
1423 2 2 1 2 744 1601 1168
1424 2 2 1 2 1049 1512 572
1425 2 2 1 2 96 1744 914
1426 2 2 1 2 744 1496 962
1427 2 2 1 2 1071 1518 720
1428 2 2 1 2 1446 1447 808
1429 2 2 1 2 529 1132 528
1430 2 2 1 2 761 1864 1460
1431 2 2 1 2 155 466 467
1432 2 2 1 2 1020 1099 697
1433 2 2 1 2 625 2261 1018
1434 2 2 1 2 1068 1865 329
1435 2 2 1 2 933 1689 109
1436 2 2 1 2 1089 1649 656
1437 2 2 1 2 892 1381 617
1438 2 2 1 2 931 1384 604
1439 2 2 1 2 1281 2200 894
1440 2 2 1 2 1049 1302 618
1441 2 2 1 2 659 1801 980
1442 2 2 1 2 1195 2097 982
1443 2 2 1 2 960 1514 645
1444 2 2 1 2 185 2370 1009
1445 2 2 1 2 701 1276 1093
1446 2 2 1 2 1096 1318 801
1447 2 2 1 2 342 1648 111
1448 2 2 1 2 604 2225 1012
1449 2 2 1 2 679 2204 1010
1450 2 2 1 2 274 1475 275
1451 2 2 1 2 492 1826 491
1452 2 2 1 2 1067 1286 726
1453 2 2 1 2 1019 2152 315
1454 2 2 1 2 670 1805 1006
1455 2 2 1 2 1046 1288 639
1456 2 2 1 2 477 2079 1986
1457 2 2 1 2 248 1451 249
1458 2 2 1 2 858 1520 111
1459 2 2 1 2 1012 2225 1687
1460 2 2 1 2 992 2328 63
1461 2 2 1 2 907 1737 1284
1462 2 2 1 2 1085 1392 684
1463 2 2 1 2 613 1920 993
1464 2 2 1 2 1057 2231 548
1465 2 2 1 2 533 1453 532
1466 2 2 1 2 533 1978 1453
1467 2 2 1 2 589 1859 1244
1468 2 2 1 2 1147 1243 672
1469 2 2 1 2 1089 2378 1649
1470 2 2 1 2 11 1497 285
1471 2 2 1 2 1065 1446 120
1472 2 2 1 2 549 1357 1026
1473 2 2 1 2 1008 1800 306
1474 2 2 1 2 1076 1319 673
1475 2 2 1 2 1594 1905 809
1476 2 2 1 2 1106 1947 524
1477 2 2 1 2 243 1765 54
1478 2 2 1 2 628 2163 1359
1479 2 2 1 2 190 2055 191
1480 2 2 1 2 486 1307 485
1481 2 2 1 2 913 2305 119
1482 2 2 1 2 962 2250 744
1483 2 2 1 2 1247 1449 705
1484 2 2 1 2 686 2320 1057
1485 2 2 1 2 785 1838 1166
1486 2 2 1 2 1028 2369 628
1487 2 2 1 2 766 1365 1069
1488 2 2 1 2 702 1509 1104
1489 2 2 1 2 1956 2076 904
1490 2 2 1 2 980 1801 81
1491 2 2 1 2 999 1531 503
1492 2 2 1 2 2 1729 345
1493 2 2 1 2 101 1448 1318
1494 2 2 1 2 694 1286 1067
1495 2 2 1 2 87 1242 481
1496 2 2 1 2 1047 1966 566
1497 2 2 1 2 1112 1511 138
1498 2 2 1 2 1046 1802 98
1499 2 2 1 2 468 1124 467
1500 2 2 1 2 39 1597 500
1501 2 2 1 2 1271 1599 804
1502 2 2 1 2 883 1922 1396
1503 2 2 1 2 406 1391 18
1504 2 2 1 2 1023 1824 627
1505 2 2 1 2 729 2369 1591
1506 2 2 1 2 985 1781 806
1507 2 2 1 2 166 1183 167
1508 2 2 1 2 156 2142 157
1509 2 2 1 2 673 1158 1076
1510 2 2 1 2 107 1496 1168
1511 2 2 1 2 282 1315 281
1512 2 2 1 2 147 2152 1019
1513 2 2 1 2 1433 2162 623
1514 2 2 1 2 828 1817 1181
1515 2 2 1 2 764 1441 1075
1516 2 2 1 2 1304 1409 699
1517 2 2 1 2 13 1665 295
1518 2 2 1 2 476 2143 855
1519 2 2 1 2 997 1562 712
1520 2 2 1 2 663 1797 1019
1521 2 2 1 2 1626 1742 850
1522 2 2 1 2 819 1428 1331
1523 2 2 1 2 1319 2145 1602
1524 2 2 1 2 259 1127 258
1525 2 2 1 2 618 2238 1576
1526 2 2 1 2 185 1307 186
1527 2 2 1 2 127 1312 214
1528 2 2 1 2 1247 2206 2058
1529 2 2 1 2 959 1559 130
1530 2 2 1 2 293 2307 1203
1531 2 2 1 2 1038 1450 574
1532 2 2 1 2 457 1495 456
1533 2 2 1 2 1212 1269 811
1534 2 2 1 2 275 2103 1196
1535 2 2 1 2 1390 2028 675
1536 2 2 1 2 1279 1796 336
1537 2 2 1 2 72 2103 275
1538 2 2 1 2 1017 2237 391
1539 2 2 1 2 166 1919 1183
1540 2 2 1 2 1022 1636 296
1541 2 2 1 2 616 1553 1095
1542 2 2 1 2 720 1561 1071
1543 2 2 1 2 1669 1806 852
1544 2 2 1 2 985 1688 386
1545 2 2 1 2 1492 1852 309
1546 2 2 1 2 688 1503 958
1547 2 2 1 2 675 2028 1888
1548 2 2 1 2 3 1565 244
1549 2 2 1 2 1378 1943 493
1550 2 2 1 2 1280 2082 1032
1551 2 2 1 2 561 1538 1326
1552 2 2 1 2 1106 1259 622
1553 2 2 1 2 693 1441 1323
1554 2 2 1 2 756 1424 1152
1555 2 2 1 2 1055 2272 1591
1556 2 2 1 2 716 1447 1446
1557 2 2 1 2 2242 2299 626
1558 2 2 1 2 707 2030 1024
1559 2 2 1 2 1514 1719 823
1560 2 2 1 2 1074 2242 626
1561 2 2 1 2 598 1723 996
1562 2 2 1 2 497 2055 496
1563 2 2 1 2 98 1802 1066
1564 2 2 1 2 514 1373 47
1565 2 2 1 2 1141 2348 1505
1566 2 2 1 2 489 1740 1434
1567 2 2 1 2 553 1820 1023
1568 2 2 1 2 211 1417 1071
1569 2 2 1 2 1591 2272 729
1570 2 2 1 2 675 1888 975
1571 2 2 1 2 241 1777 1588
1572 2 2 1 2 996 1723 737
1573 2 2 1 2 550 2428 1070
1574 2 2 1 2 362 1565 3
1575 2 2 1 2 1466 1807 741
1576 2 2 1 2 1147 2370 187
1577 2 2 1 2 997 2040 1227
1578 2 2 1 2 572 1302 1049
1579 2 2 1 2 605 1907 1178
1580 2 2 1 2 1169 1260 586
1581 2 2 1 2 172 2102 65
1582 2 2 1 2 320 1246 372
1583 2 2 1 2 1124 2399 821
1584 2 2 1 2 401 1463 400
1585 2 2 1 2 936 2234 1053
1586 2 2 1 2 1047 1430 698
1587 2 2 1 2 999 1213 221
1588 2 2 1 2 7 2050 263
1589 2 2 1 2 1131 1779 262
1590 2 2 1 2 728 1448 879
1591 2 2 1 2 1069 1365 643
1592 2 2 1 2 1054 1762 374
1593 2 2 1 2 1086 2121 82
1594 2 2 1 2 550 2100 1013
1595 2 2 1 2 763 1726 1033
1596 2 2 1 2 1021 1530 280
1597 2 2 1 2 488 2035 487
1598 2 2 1 2 1342 1797 663
1599 2 2 1 2 100 1371 189
1600 2 2 1 2 174 2236 175
1601 2 2 1 2 95 1846 1509
1602 2 2 1 2 1546 2403 827
1603 2 2 1 2 601 2329 879
1604 2 2 1 2 130 1433 959
1605 2 2 1 2 654 1387 1177
1606 2 2 1 2 1026 1837 599
1607 2 2 1 2 793 1819 994
1608 2 2 1 2 771 1901 1523
1609 2 2 1 2 323 1304 324
1610 2 2 1 2 204 1403 203
1611 2 2 1 2 1523 1901 914
1612 2 2 1 2 653 1518 1071
1613 2 2 1 2 1077 2261 625
1614 2 2 1 2 709 1226 934
1615 2 2 1 2 657 2078 1377
1616 2 2 1 2 681 2206 1247
1617 2 2 1 2 493 1943 492
1618 2 2 1 2 1006 1992 670
1619 2 2 1 2 1234 2101 867
1620 2 2 1 2 113 1205 343
1621 2 2 1 2 1039 2052 397
1622 2 2 1 2 1908 2365 52
1623 2 2 1 2 1043 1393 724
1624 2 2 1 2 61 1671 1080
1625 2 2 1 2 154 1443 1198
1626 2 2 1 2 1277 1623 640
1627 2 2 1 2 1108 1578 667
1628 2 2 1 2 360 1698 1167
1629 2 2 1 2 120 1410 1065
1630 2 2 1 2 138 1646 1112
1631 2 2 1 2 413 1536 15
1632 2 2 1 2 829 1623 1277
1633 2 2 1 2 719 1530 1021
1634 2 2 1 2 484 1712 483
1635 2 2 1 2 9 1937 272
1636 2 2 1 2 1197 1913 769
1637 2 2 1 2 1228 1590 822
1638 2 2 1 2 1060 1482 679
1639 2 2 1 2 692 2008 998
1640 2 2 1 2 683 1552 1272
1641 2 2 1 2 1774 2313 998
1642 2 2 1 2 1580 1950 659
1643 2 2 1 2 268 1787 267
1644 2 2 1 2 454 2314 453
1645 2 2 1 2 819 2063 1340
1646 2 2 1 2 810 1527 1525
1647 2 2 1 2 1377 2078 988
1648 2 2 1 2 187 2035 188
1649 2 2 1 2 426 2250 962
1650 2 2 1 2 244 1900 3
1651 2 2 1 2 1250 1573 775
1652 2 2 1 2 310 1852 393
1653 2 2 1 2 311 2098 394
1654 2 2 1 2 620 1938 1214
1655 2 2 1 2 1093 1558 701
1656 2 2 1 2 1141 1505 767
1657 2 2 1 2 88 2111 514
1658 2 2 1 2 724 1519 1348
1659 2 2 1 2 15 2303 414
1660 2 2 1 2 1346 1727 868
1661 2 2 1 2 657 1377 991
1662 2 2 1 2 1043 1606 708
1663 2 2 1 2 1068 1358 625
1664 2 2 1 2 226 1100 227
1665 2 2 1 2 960 1958 1514
1666 2 2 1 2 495 1371 494
1667 2 2 1 2 855 1160 476
1668 2 2 1 2 1111 1299 549
1669 2 2 1 2 182 127 181
1670 2 2 1 2 1010 2332 1368
1671 2 2 1 2 973 2014 1321
1672 2 2 1 2 745 1793 1005
1673 2 2 1 2 293 1203 294
1674 2 2 1 2 1039 1445 687
1675 2 2 1 2 1036 2224 513
1676 2 2 1 2 619 1770 944
1677 2 2 1 2 40 2431 194
1678 2 2 1 2 788 1765 1565
1679 2 2 1 2 628 2369 1154
1680 2 2 1 2 336 1796 337
1681 2 2 1 2 693 1510 1064
1682 2 2 1 2 974 1629 168
1683 2 2 1 2 638 1353 1058
1684 2 2 1 2 171 1382 170
1685 2 2 1 2 1368 2332 178
1686 2 2 1 2 1006 1805 168
1687 2 2 1 2 597 2176 1029
1688 2 2 1 2 839 2270 1511
1689 2 2 1 2 490 1740 489
1690 2 2 1 2 636 1971 1014
1691 2 2 1 2 665 1727 1346
1692 2 2 1 2 677 1266 1121
1693 2 2 1 2 301 2303 15
1694 2 2 1 2 934 1465 709
1695 2 2 1 2 604 1807 931
1696 2 2 1 2 1206 1624 781
1697 2 2 1 2 227 1664 144
1698 2 2 1 2 1053 1820 553
1699 2 2 1 2 1005 1793 560
1700 2 2 1 2 1098 1812 222
1701 2 2 1 2 1399 1579 825
1702 2 2 1 2 679 1461 1060
1703 2 2 1 2 18 1391 314
1704 2 2 1 2 1272 1998 1179
1705 2 2 1 2 379 1275 378
1706 2 2 1 2 1122 2432 565
1707 2 2 1 2 953 1216 78
1708 2 2 1 2 181 1333 180
1709 2 2 1 2 118 1695 16
1710 2 2 1 2 1775 2190 840
1711 2 2 1 2 246 1596 991
1712 2 2 1 2 1568 1620 375
1713 2 2 1 2 687 2052 1039
1714 2 2 1 2 71 1190 271
1715 2 2 1 2 988 2139 364
1716 2 2 1 2 3 1900 122
1717 2 2 1 2 1730 2020 553
1718 2 2 1 2 1411 2290 200
1719 2 2 1 2 975 1650 284
1720 2 2 1 2 565 2432 1074
1721 2 2 1 2 240 1777 241
1722 2 2 1 2 1257 2406 961
1723 2 2 1 2 260 1551 63
1724 2 2 1 2 941 2253 1170
1725 2 2 1 2 127 1333 181
1726 2 2 1 2 1095 1553 741
1727 2 2 1 2 98 1445 1039
1728 2 2 1 2 403 1267 402
1729 2 2 1 2 565 1343 1122
1730 2 2 1 2 322 1288 98
1731 2 2 1 2 1110 2104 148
1732 2 2 1 2 1042 1354 754
1733 2 2 1 2 55 1643 1063
1734 2 2 1 2 727 1506 1072
1735 2 2 1 2 242 1736 53
1736 2 2 1 2 201 1162 200
1737 2 2 1 2 612 2177 1127
1738 2 2 1 2 217 1311 218
1739 2 2 1 2 336 1775 8
1740 2 2 1 2 669 1837 1026
1741 2 2 1 2 1788 1833 812
1742 2 2 1 2 1367 1696 715
1743 2 2 1 2 132 1428 1186
1744 2 2 1 2 1628 1870 555
1745 2 2 1 2 2147 2420 1164
1746 2 2 1 2 682 1916 1089
1747 2 2 1 2 1116 1806 779
1748 2 2 1 2 114 2301 1985
1749 2 2 1 2 693 1323 1091
1750 2 2 1 2 1338 2313 1691
1751 2 2 1 2 655 1991 1293
1752 2 2 1 2 983 2236 913
1753 2 2 1 2 1170 2253 594
1754 2 2 1 2 503 2171 999
1755 2 2 1 2 104 2208 1469
1756 2 2 1 2 637 1419 1192
1757 2 2 1 2 1321 1836 558
1758 2 2 1 2 243 1898 1002
1759 2 2 1 2 981 1898 54
1760 2 2 1 2 56 2119 997
1761 2 2 1 2 425 1845 424
1762 2 2 1 2 343 1228 113
1763 2 2 1 2 853 1628 1474
1764 2 2 1 2 1319 1602 673
1765 2 2 1 2 697 1566 1120
1766 2 2 1 2 1338 1691 93
1767 2 2 1 2 654 1782 969
1768 2 2 1 2 50 1415 1218
1769 2 2 1 2 382 1264 383
1770 2 2 1 2 251 1674 252
1771 2 2 1 2 1183 1919 815
1772 2 2 1 2 769 1913 1721
1773 2 2 1 2 877 1758 1541
1774 2 2 1 2 1013 2147 1394
1775 2 2 1 2 75 1756 1140
1776 2 2 1 2 1007 2435 227
1777 2 2 1 2 636 1999 1303
1778 2 2 1 2 663 1328 1101
1779 2 2 1 2 1024 1420 602
1780 2 2 1 2 1051 2071 62
1781 2 2 1 2 42 2156 864
1782 2 2 1 2 125 1685 1079
1783 2 2 1 2 76 1477 1364
1784 2 2 1 2 1188 1564 593
1785 2 2 1 2 1308 1774 998
1786 2 2 1 2 630 1835 1278
1787 2 2 1 2 235 1242 236
1788 2 2 1 2 1028 2426 1591
1789 2 2 1 2 209 1389 112
1790 2 2 1 2 994 1819 292
1791 2 2 1 2 1108 1356 73
1792 2 2 1 2 623 2310 1057
1793 2 2 1 2 130 1568 375
1794 2 2 1 2 612 1647 990
1795 2 2 1 2 996 2291 1827
1796 2 2 1 2 136 1396 1262
1797 2 2 1 2 654 2379 1387
1798 2 2 1 2 272 1937 1095
1799 2 2 1 2 758 1578 1108
1800 2 2 1 2 599 1478 1026
1801 2 2 1 2 1063 1596 55
1802 2 2 1 2 300 2057 1875
1803 2 2 1 2 148 2026 100
1804 2 2 1 2 1394 2147 631
1805 2 2 1 2 1359 2411 628
1806 2 2 1 2 242 1729 2
1807 2 2 1 2 912 2259 1285
1808 2 2 1 2 982 2098 311
1809 2 2 1 2 1161 2428 550
1810 2 2 1 2 1827 2291 264
1811 2 2 1 2 1736 1882 851
1812 2 2 1 2 1166 2037 1117
1813 2 2 1 2 1538 2101 1326
1814 2 2 1 2 187 2370 186
1815 2 2 1 2 131 2223 1658
1816 2 2 1 2 233 2165 1388
1817 2 2 1 2 1014 1408 636
1818 2 2 1 2 738 1676 1009
1819 2 2 1 2 742 1829 1136
1820 2 2 1 2 1127 2177 878
1821 2 2 1 2 842 1828 1619
1822 2 2 1 2 754 2280 1042
1823 2 2 1 2 1438 1508 696
1824 2 2 1 2 1052 1476 296
1825 2 2 1 2 1474 1628 704
1826 2 2 1 2 361 1698 360
1827 2 2 1 2 1070 2100 550
1828 2 2 1 2 555 1870 1226
1829 2 2 1 2 668 2379 1086
1830 2 2 1 2 865 1450 1038
1831 2 2 1 2 700 1579 1399
1832 2 2 1 2 745 2197 1144
1833 2 2 1 2 99 1963 1069
1834 2 2 1 2 1316 2219 637
1835 2 2 1 2 164 31 444
1836 2 2 1 2 915 2049 751
1837 2 2 1 2 157 1456 158
1838 2 2 1 2 15 1536 301
1839 2 2 1 2 1018 1632 331
1840 2 2 1 2 227 1467 1007
1841 2 2 1 2 303 1397 86
1842 2 2 1 2 1500 1580 593
1843 2 2 1 2 667 1356 1108
1844 2 2 1 2 148 1401 1110
1845 2 2 1 2 884 1707 295
1846 2 2 1 2 639 1288 1083
1847 2 2 1 2 1153 1437 900
1848 2 2 1 2 614 2406 1257
1849 2 2 1 2 270 2301 114
1850 2 2 1 2 1040 1656 595
1851 2 2 1 2 584 1489 879
1852 2 2 1 2 679 1482 1114
1853 2 2 1 2 388 1317 135
1854 2 2 1 2 803 1412 1050
1855 2 2 1 2 370 1171 369
1856 2 2 1 2 572 1512 1239
1857 2 2 1 2 1283 1641 719
1858 2 2 1 2 1067 1700 694
1859 2 2 1 2 63 2328 1141
1860 2 2 1 2 2063 2243 1340
1861 2 2 1 2 630 1090 1036
1862 2 2 1 2 1359 2163 923
1863 2 2 1 2 558 2233 1154
1864 2 2 1 2 576 1969 1432
1865 2 2 1 2 661 2282 978
1866 2 2 1 2 95 1328 315
1867 2 2 1 2 708 2387 1043
1868 2 2 1 2 1090 1278 355
1869 2 2 1 2 595 1585 1040
1870 2 2 1 2 643 2270 1069
1871 2 2 1 2 1315 1756 281
1872 2 2 1 2 1590 1958 822
1873 2 2 1 2 1109 1507 681
1874 2 2 1 2 186 2370 185
1875 2 2 1 2 236 1232 237
1876 2 2 1 2 250 1229 249
1877 2 2 1 2 375 1620 374
1878 2 2 1 2 575 1879 1574
1879 2 2 1 2 402 1606 1043
1880 2 2 1 2 1063 1643 748
1881 2 2 1 2 70 2301 270
1882 2 2 1 2 1030 1601 744
1883 2 2 1 2 796 1400 1155
1884 2 2 1 2 1050 1412 567
1885 2 2 1 2 1113 1714 158
1886 2 2 1 2 8 1775 69
1887 2 2 1 2 443 1415 50
1888 2 2 1 2 1173 1747 859
1889 2 2 1 2 143 1604 222
1890 2 2 1 2 1780 2181 630
1891 2 2 1 2 1250 1669 852
1892 2 2 1 2 1918 1963 99
1893 2 2 1 2 1184 2241 404
1894 2 2 1 2 898 1769 1597
1895 2 2 1 2 846 2192 1072
1896 2 2 1 2 290 2308 1556
1897 2 2 1 2 1114 2204 679
1898 2 2 1 2 676 1527 1088
1899 2 2 1 2 934 2289 1465
1900 2 2 1 2 176 2258 177
1901 2 2 1 2 791 1501 1382
1902 2 2 1 2 429 1587 1030
1903 2 2 1 2 1481 2417 286
1904 2 2 1 2 180 1454 90
1905 2 2 1 2 737 1723 1005
1906 2 2 1 2 705 1887 1109
1907 2 2 1 2 1062 2299 2242
1908 2 2 1 2 977 1598 410
1909 2 2 1 2 684 2265 1235
1910 2 2 1 2 1029 1982 84
1911 2 2 1 2 1311 2349 218
1912 2 2 1 2 842 1880 1828
1913 2 2 1 2 1382 1501 717
1914 2 2 1 2 262 1779 261
1915 2 2 1 2 1121 2012 189
1916 2 2 1 2 365 1282 124
1917 2 2 1 2 1185 2027 825
1918 2 2 1 2 167 1601 1030
1919 2 2 1 2 1152 1471 756
1920 2 2 1 2 1027 1550 784
1921 2 2 1 2 1683 2174 941
1922 2 2 1 2 206 1540 535
1923 2 2 1 2 1035 1351 725
1924 2 2 1 2 514 515 88
1925 2 2 1 2 1556 2308 1041
1926 2 2 1 2 640 1623 1129
1927 2 2 1 2 639 1984 1046
1928 2 2 1 2 627 1730 1023
1929 2 2 1 2 114 1429 270
1930 2 2 1 2 349 2029 1059
1931 2 2 1 2 902 1580 1500
1932 2 2 1 2 1069 1436 325
1933 2 2 1 2 1012 1807 604
1934 2 2 1 2 1008 1613 747
1935 2 2 1 2 1050 1610 803
1936 2 2 1 2 984 2086 1276
1937 2 2 1 2 1026 2023 549
1938 2 2 1 2 743 1477 1329
1939 2 2 1 2 351 1783 16
1940 2 2 1 2 1082 1562 55
1941 2 2 1 2 902 1950 1580
1942 2 2 1 2 270 1429 269
1943 2 2 1 2 674 1440 1042
1944 2 2 1 2 524 1947 523
1945 2 2 1 2 593 1564 1500
1946 2 2 1 2 291 1416 1037
1947 2 2 1 2 661 1517 1198
1948 2 2 1 2 815 2087 1183
1949 2 2 1 2 1473 1926 867
1950 2 2 1 2 92 1492 309
1951 2 2 1 2 1519 1555 762
1952 2 2 1 2 1100 2300 1298
1953 2 2 1 2 914 2127 96
1954 2 2 1 2 1797 2376 147
1955 2 2 1 2 321 1246 320
1956 2 2 1 2 1228 1998 113
1957 2 2 1 2 509 1533 508
1958 2 2 1 2 715 1696 1608
1959 2 2 1 2 375 1433 130
1960 2 2 1 2 1731 1892 749
1961 2 2 1 2 563 2008 1056
1962 2 2 1 2 707 1476 1052
1963 2 2 1 2 1081 1389 669
1964 2 2 1 2 406 18 313
1965 2 2 1 2 171 1871 1382
1966 2 2 1 2 1043 1728 403
1967 2 2 1 2 195 1133 507
1968 2 2 1 2 138 2274 1646
1969 2 2 1 2 712 1562 1082
1970 2 2 1 2 752 1976 1549
1971 2 2 1 2 1066 1445 98
1972 2 2 1 2 1243 2053 978
1973 2 2 1 2 1333 1454 180
1974 2 2 1 2 1044 2181 1780
1975 2 2 1 2 906 2411 1359
1976 2 2 1 2 112 1867 1061
1977 2 2 1 2 1567 2225 604
1978 2 2 1 2 1059 2029 786
1979 2 2 1 2 157 2142 1456
1980 2 2 1 2 1154 2233 932
1981 2 2 1 2 904 2076 1313
1982 2 2 1 2 207 1540 206
1983 2 2 1 2 396 2006 140
1984 2 2 1 2 282 1345 283
1985 2 2 1 2 284 1866 975
1986 2 2 1 2 764 1772 1332
1987 2 2 1 2 323 1405 399
1988 2 2 1 2 237 1291 236
1989 2 2 1 2 1088 1527 85
1990 2 2 1 2 1986 2079 798
1991 2 2 1 2 986 2290 1411
1992 2 2 1 2 684 1856 1085
1993 2 2 1 2 250 2140 57
1994 2 2 1 2 1169 2291 1260
1995 2 2 1 2 85 1875 1088
1996 2 2 1 2 1027 1633 633
1997 2 2 1 2 1126 1699 768
1998 2 2 1 2 1110 1994 624
1999 2 2 1 2 722 1379 1193
2000 2 2 1 2 1421 2195 1535
2001 2 2 1 2 1279 1498 722
2002 2 2 1 2 64 1629 1340
2003 2 2 1 2 448 1200 447
2004 2 2 1 2 137 2237 970
2005 2 2 1 2 1130 1742 909
2006 2 2 1 2 1421 1535 702
2007 2 2 1 2 610 2077 1041
2008 2 2 1 2 1495 1724 456
2009 2 2 1 2 380 1653 4
2010 2 2 1 2 404 2241 146
2011 2 2 1 2 226 2300 1100
2012 2 2 1 2 573 1449 1247
2013 2 2 1 2 312 1940 1541
2014 2 2 1 2 844 1918 1544
2015 2 2 1 2 280 1285 74
2016 2 2 1 2 1176 1973 973
2017 2 2 1 2 1196 1717 847
2018 2 2 1 2 620 1699 1126
2019 2 2 1 2 78 1848 12
2020 2 2 1 2 260 1772 1075
2021 2 2 1 2 117 2046 1055
2022 2 2 1 2 548 2416 1224
2023 2 2 1 2 199 1411 200
2024 2 2 1 2 1424 1426 150
2025 2 2 1 2 1448 2128 601
2026 2 2 1 2 1058 2180 615
2027 2 2 1 2 605 2178 1163
2028 2 2 1 2 1193 1379 752
2029 2 2 1 2 1249 1341 205
2030 2 2 1 2 1266 2275 807
2031 2 2 1 2 346 1539 347
2032 2 2 1 2 751 2330 915
2033 2 2 1 2 1432 1969 960
2034 2 2 1 2 1065 1410 680
2035 2 2 1 2 1121 1607 677
2036 2 2 1 2 1206 1414 552
2037 2 2 1 2 581 1367 1253
2038 2 2 1 2 1323 2153 758
2039 2 2 1 2 101 2400 895
2040 2 2 1 2 852 1806 1116
2041 2 2 1 2 844 2104 1110
2042 2 2 1 2 862 2155 1398
2043 2 2 1 2 1716 2326 388
2044 2 2 1 2 801 1929 1096
2045 2 2 1 2 1186 1428 740
2046 2 2 1 2 787 1810 1244
2047 2 2 1 2 777 1462 1363
2048 2 2 1 2 698 1430 1119
2049 2 2 1 2 669 1357 1118
2050 2 2 1 2 1056 2419 1365
2051 2 2 1 2 373 1675 374
2052 2 2 1 2 592 2073 1300
2053 2 2 1 2 753 2140 1119
2054 2 2 1 2 309 1700 1067
2055 2 2 1 2 228 1826 229
2056 2 2 1 2 1233 2276 814
2057 2 2 1 2 671 1750 1255
2058 2 2 1 2 1624 1834 781
2059 2 2 1 2 522 1355 521
2060 2 2 1 2 1066 2338 696
2061 2 2 1 2 1 2070 361
2062 2 2 1 2 969 1782 602
2063 2 2 1 2 450 1211 449
2064 2 2 1 2 1363 1462 754
2065 2 2 1 2 1095 2377 616
2066 2 2 1 2 1175 1835 630
2067 2 2 1 2 202 1221 203
2068 2 2 1 2 966 2267 1093
2069 2 2 1 2 1305 1979 826
2070 2 2 1 2 748 1494 1063
2071 2 2 1 2 86 1240 303
2072 2 2 1 2 305 1613 306
2073 2 2 1 2 954 1600 1049
2074 2 2 1 2 1064 1551 693
2075 2 2 1 2 7 2208 104
2076 2 2 1 2 1091 1808 386
2077 2 2 1 2 79 1214 174
2078 2 2 1 2 724 1728 1043
2079 2 2 1 2 628 2411 1028
2080 2 2 1 2 1338 2395 692
2081 2 2 1 2 452 1457 451
2082 2 2 1 2 1078 1410 357
2083 2 2 1 2 1257 1970 614
2084 2 2 1 2 642 1337 1189
2085 2 2 1 2 224 2102 1873
2086 2 2 1 2 89 1695 1576
2087 2 2 1 2 261 2222 67
2088 2 2 1 2 635 1973 1176
2089 2 2 1 2 1177 1387 551
2090 2 2 1 2 1298 2300 776
2091 2 2 1 2 1365 2419 643
2092 2 2 1 2 4 1653 248
2093 2 2 1 2 508 1692 44
2094 2 2 1 2 456 1724 455
2095 2 2 1 2 1178 1871 172
2096 2 2 1 2 699 1439 1304
2097 2 2 1 2 184 1816 185
2098 2 2 1 2 1360 1545 703
2099 2 2 1 2 1145 2000 785
2100 2 2 1 2 1040 2151 554
2101 2 2 1 2 172 1750 1031
2102 2 2 1 2 786 1767 1059
2103 2 2 1 2 635 2272 1055
2104 2 2 1 2 1212 1860 1011
2105 2 2 1 2 1549 1976 925
2106 2 2 1 2 1137 1978 534
2107 2 2 1 2 112 1537 209
2108 2 2 1 2 645 1705 1432
2109 2 2 1 2 700 1386 1325
2110 2 2 1 2 692 2395 1322
2111 2 2 1 2 656 1532 1089
2112 2 2 1 2 741 1733 1095
2113 2 2 1 2 1107 2179 298
2114 2 2 1 2 1149 2293 686
2115 2 2 1 2 1171 2033 1842
2116 2 2 1 2 329 2072 1068
2117 2 2 1 2 575 1390 1296
2118 2 2 1 2 1348 1519 762
2119 2 2 1 2 114 1985 348
2120 2 2 1 2 1230 2170 976
2121 2 2 1 2 1300 2073 881
2122 2 2 1 2 1443 1444 661
2123 2 2 1 2 568 1669 1150
2124 2 2 1 2 909 2322 1130
2125 2 2 1 2 893 1532 1287
2126 2 2 1 2 1120 1748 697
2127 2 2 1 2 734 1855 1123
2128 2 2 1 2 822 1998 1228
2129 2 2 1 2 329 1865 330
2130 2 2 1 2 693 1551 1075
2131 2 2 1 2 1022 1892 1731
2132 2 2 1 2 747 2095 1157
2133 2 2 1 2 1783 1957 308
2134 2 2 1 2 1115 1783 351
2135 2 2 1 2 651 2351 1048
2136 2 2 1 2 664 2432 1122
2137 2 2 1 2 1296 1879 575
2138 2 2 1 2 8 2074 336
2139 2 2 1 2 1036 1780 630
2140 2 2 1 2 256 2051 62
2141 2 2 1 2 757 1471 1152
2142 2 2 1 2 1419 2344 1192
2143 2 2 1 2 281 1756 75
2144 2 2 1 2 1081 1546 112
2145 2 2 1 2 478 1517 36
2146 2 2 1 2 1325 1386 737
2147 2 2 1 2 1003 2065 1902
2148 2 2 1 2 315 2152 314
2149 2 2 1 2 68 2291 1169
2150 2 2 1 2 1069 1963 766
2151 2 2 1 2 553 2137 1053
2152 2 2 1 2 784 1633 1027
2153 2 2 1 2 885 1970 1257
2154 2 2 1 2 83 1892 296
2155 2 2 1 2 1340 1629 740
2156 2 2 1 2 1217 1462 777
2157 2 2 1 2 561 1462 1217
2158 2 2 1 2 716 1446 1065
2159 2 2 1 2 1107 1861 790
2160 2 2 1 2 132 1804 1331
2161 2 2 1 2 1717 2374 847
2162 2 2 1 2 1114 1482 569
2163 2 2 1 2 406 1541 405
2164 2 2 1 2 1214 1938 913
2165 2 2 1 2 695 1533 1215
2166 2 2 1 2 1157 2210 516
2167 2 2 1 2 1434 1854 709
2168 2 2 1 2 1350 1721 801
2169 2 2 1 2 2293 2320 686
2170 2 2 1 2 888 1608 1353
2171 2 2 1 2 790 1636 1022
2172 2 2 1 2 1324 1577 787
2173 2 2 1 2 687 1853 1219
2174 2 2 1 2 158 1857 1113
2175 2 2 1 2 1224 2416 1027
2176 2 2 1 2 1168 1601 59
2177 2 2 1 2 1061 2077 610
2178 2 2 1 2 1037 2042 1185
2179 2 2 1 2 333 2228 1038
2180 2 2 1 2 655 1336 1236
2181 2 2 1 2 1155 1896 587
2182 2 2 1 2 174 1359 79
2183 2 2 1 2 705 1449 1334
2184 2 2 1 2 1141 2031 63
2185 2 2 1 2 1100 2117 227
2186 2 2 1 2 688 2382 1156
2187 2 2 1 2 674 2101 1234
2188 2 2 1 2 898 1851 1134
2189 2 2 1 2 1120 1566 582
2190 2 2 1 2 1072 2192 689
2191 2 2 1 2 1989 2196 1200
2192 2 2 1 2 1022 1923 790
2193 2 2 1 2 298 1861 1107
2194 2 2 1 2 1053 1553 616
2195 2 2 1 2 548 1577 1324
2196 2 2 1 2 518 1480 517
2197 2 2 1 2 1127 2342 258
2198 2 2 1 2 648 2234 1282
2199 2 2 1 2 1015 2203 1751
2200 2 2 1 2 1320 2422 270
2201 2 2 1 2 1757 2258 176
2202 2 2 1 2 1060 1822 836
2203 2 2 1 2 711 1420 1143
2204 2 2 1 2 806 1781 1583
2205 2 2 1 2 547 2076 1956
2206 2 2 1 2 354 1822 1060
2207 2 2 1 2 189 1607 1121
2208 2 2 1 2 910 1830 1602
2209 2 2 1 2 574 1450 1295
2210 2 2 1 2 1009 1821 185
2211 2 2 1 2 468 1823 1124
2212 2 2 1 2 626 1555 1074
2213 2 2 1 2 696 1853 1066
2214 2 2 1 2 216 1935 1180
2215 2 2 1 2 740 1644 1186
2216 2 2 1 2 177 1368 178
2217 2 2 1 2 1751 2203 51
2218 2 2 1 2 1220 1426 756
2219 2 2 1 2 897 1854 1434
2220 2 2 1 2 798 2193 1232
2221 2 2 1 2 897 1896 1155
2222 2 2 1 2 1317 2243 135
2223 2 2 1 2 620 1930 1097
2224 2 2 1 2 10 1902 276
2225 2 2 1 2 327 2296 1780
2226 2 2 1 2 600 2032 1087
2227 2 2 1 2 344 1882 2
2228 2 2 1 2 232 1962 233
2229 2 2 1 2 1455 2382 688
2230 2 2 1 2 554 1627 1040
2231 2 2 1 2 725 2181 1044
2232 2 2 1 2 252 2276 1233
2233 2 2 1 2 1087 1840 600
2234 2 2 1 2 695 1770 1161
2235 2 2 1 2 867 1926 1234
2236 2 2 1 2 750 2313 1774
2237 2 2 1 2 1361 1413 74
2238 2 2 1 2 1251 1494 573
2239 2 2 1 2 702 1941 1034
2240 2 2 1 2 1875 2057 1128
2241 2 2 1 2 312 1541 313
2242 2 2 1 2 878 2342 1127
2243 2 2 1 2 222 1812 223
2244 2 2 1 2 220 1531 221
2245 2 2 1 2 611 2262 1794
2246 2 2 1 2 567 1412 1219
2247 2 2 1 2 219 1584 220
2248 2 2 1 2 1035 2099 813
2249 2 2 1 2 1593 1809 765
2250 2 2 1 2 680 1410 1078
2251 2 2 1 2 270 2422 70
2252 2 2 1 2 1091 1510 693
2253 2 2 1 2 1089 1532 682
2254 2 2 1 2 1055 2362 635
2255 2 2 1 2 123 2139 1092
2256 2 2 1 2 476 1160 475
2257 2 2 1 2 1155 1400 555
2258 2 2 1 2 7 1738 262
2259 2 2 1 2 1045 2378 551
2260 2 2 1 2 287 2138 1599
2261 2 2 1 2 1350 1508 769
2262 2 2 1 2 1149 1488 792
2263 2 2 1 2 1072 1662 846
2264 2 2 1 2 298 2129 1872
2265 2 2 1 2 1206 2126 1624
2266 2 2 1 2 1084 2136 690
2267 2 2 1 2 1147 2346 738
2268 2 2 1 2 202 1496 107
2269 2 2 1 2 869 1824 1051
2270 2 2 1 2 1902 2065 276
2271 2 2 1 2 1045 2226 723
2272 2 2 1 2 253 2276 252
2273 2 2 1 2 419 1667 418
2274 2 2 1 2 1326 1462 561
2275 2 2 1 2 1178 1907 791
2276 2 2 1 2 1164 1715 989
2277 2 2 1 2 313 1799 1668
2278 2 2 1 2 2 1882 242
2279 2 2 1 2 69 1775 1099
2280 2 2 1 2 133 2025 462
2281 2 2 1 2 1094 1627 554
2282 2 2 1 2 1129 2124 552
2283 2 2 1 2 385 1781 386
2284 2 2 1 2 567 1372 1050
2285 2 2 1 2 754 1462 1326
2286 2 2 1 2 338 1301 337
2287 2 2 1 2 828 2196 1989
2288 2 2 1 2 1054 1675 763
2289 2 2 1 2 1163 2178 920
2290 2 2 1 2 407 2152 147
2291 2 2 1 2 267 1498 266
2292 2 2 1 2 1653 1683 770
2293 2 2 1 2 198 1677 939
2294 2 2 1 2 1634 2299 921
2295 2 2 1 2 719 2045 1530
2296 2 2 1 2 114 1874 1429
2297 2 2 1 2 332 2048 1131
2298 2 2 1 2 1634 2380 2299
2299 2 2 1 2 1201 1708 871
2300 2 2 1 2 63 1551 1064
2301 2 2 1 2 523 1573 25
2302 2 2 1 2 1210 2207 275
2303 2 2 1 2 1263 1805 670
2304 2 2 1 2 1198 1443 661
2305 2 2 1 2 1075 1772 764
2306 2 2 1 2 202 2125 1496
2307 2 2 1 2 1503 2271 958
2308 2 2 1 2 1223 2153 562
2309 2 2 1 2 1033 1859 763
2310 2 2 1 2 1098 1574 773
2311 2 2 1 2 1108 1486 758
2312 2 2 1 2 81 2372 1337
2313 2 2 1 2 441 2169 440
2314 2 2 1 2 6 1720 257
2315 2 2 1 2 1485 1631 760
2316 2 2 1 2 1115 1957 1783
2317 2 2 1 2 1063 2183 657
2318 2 2 1 2 348 1874 114
2319 2 2 1 2 475 1152 474
2320 2 2 1 2 821 1631 1485
2321 2 2 1 2 1290 1925 725
2322 2 2 1 2 636 1408 1349
2323 2 2 1 2 568 1806 1669
2324 2 2 1 2 411 1220 410
2325 2 2 1 2 1219 1412 687
2326 2 2 1 2 1114 2080 632
2327 2 2 1 2 1083 1617 399
2328 2 2 1 2 1359 2354 79
2329 2 2 1 2 1000 1809 1593
2330 2 2 1 2 144 1467 227
2331 2 2 1 2 944 1770 1215
2332 2 2 1 2 272 2205 9
2333 2 2 1 2 1087 2032 817
2334 2 2 1 2 99 2335 1918
2335 2 2 1 2 16 1783 308
2336 2 2 1 2 1502 1877 688
2337 2 2 1 2 1282 2234 936
2338 2 2 1 2 690 1341 1249
2339 2 2 1 2 662 1414 1206
2340 2 2 1 2 1240 1406 765
2341 2 2 1 2 789 1545 1360
2342 2 2 1 2 792 1885 1149
2343 2 2 1 2 84 1525 1241
2344 2 2 1 2 1202 1499 778
2345 2 2 1 2 189 2012 100
2346 2 2 1 2 937 2159 2071
2347 2 2 1 2 67 2222 421
2348 2 2 1 2 134 1902 10
2349 2 2 1 2 9 2205 371
2350 2 2 1 2 685 2004 1472
2351 2 2 1 2 1110 1479 844
2352 2 2 1 2 356 1615 19
2353 2 2 1 2 208 1760 1137
2354 2 2 1 2 71 2391 1190
2355 2 2 1 2 210 1417 211
2356 2 2 1 2 1873 2102 1031
2357 2 2 1 2 760 1406 1240
2358 2 2 1 2 1309 1887 705
2359 2 2 1 2 228 1776 39
2360 2 2 1 2 106 1639 1144
2361 2 2 1 2 1095 1733 271
2362 2 2 1 2 1959 2036 846
2363 2 2 1 2 776 2300 2034
2364 2 2 1 2 472 1598 471
2365 2 2 1 2 1330 2108 734
2366 2 2 1 2 1149 1885 91
2367 2 2 1 2 622 1694 1150
2368 2 2 1 2 287 1944 1103
2369 2 2 1 2 1304 1439 774
2370 2 2 1 2 1795 2255 1116
2371 2 2 1 2 773 1812 1098
2372 2 2 1 2 924 1877 1502
2373 2 2 1 2 1042 2280 674
2374 2 2 1 2 1215 1770 695
2375 2 2 1 2 1329 1423 570
2376 2 2 1 2 1139 1463 649
2377 2 2 1 2 763 1675 1246
2378 2 2 1 2 97 1438 1174
2379 2 2 1 2 1740 1896 897
2380 2 2 1 2 755 1735 1431
2381 2 2 1 2 1119 2140 250
2382 2 2 1 2 1014 1971 1469
2383 2 2 1 2 1909 2228 332
2384 2 2 1 2 758 1808 1091
2385 2 2 1 2 433 2136 1084
2386 2 2 1 2 1144 1639 745
2387 2 2 1 2 1150 1669 775
2388 2 2 1 2 370 1829 1230
2389 2 2 1 2 1297 2193 798
2390 2 2 1 2 1688 1933 772
2391 2 2 1 2 1065 1512 716
2392 2 2 1 2 1512 2244 1239
2393 2 2 1 2 560 1579 1325
2394 2 2 1 2 1312 1841 214
2395 2 2 1 2 1134 1851 229
2396 2 2 1 2 6 2159 366
2397 2 2 1 2 1059 1874 348
2398 2 2 1 2 1842 2033 811
2399 2 2 1 2 1827 2050 915
2400 2 2 1 2 838 2114 1289
2401 2 2 1 2 1155 1952 796
2402 2 2 1 2 1263 1910 169
2403 2 2 1 2 1211 2434 360
2404 2 2 1 2 80 1755 1346
2405 2 2 1 2 1376 1812 773
2406 2 2 1 2 971 1417 210
2407 2 2 1 2 1096 2182 331
2408 2 2 1 2 297 1872 1052
2409 2 2 1 2 771 1523 1237
2410 2 2 1 2 732 1635 1620
2411 2 2 1 2 1146 1972 266
2412 2 2 1 2 565 2387 1343
2413 2 2 1 2 73 1814 1108
2414 2 2 1 2 1577 1810 787
2415 2 2 1 2 980 2349 1311
2416 2 2 1 2 1064 2326 1716
2417 2 2 1 2 928 1852 1492
2418 2 2 1 2 1119 1878 698
2419 2 2 1 2 900 1611 1138
2420 2 2 1 2 566 1966 1501
2421 2 2 1 2 1140 1604 143
2422 2 2 1 2 1265 1391 704
2423 2 2 1 2 1093 2086 615
2424 2 2 1 2 498 1354 40
2425 2 2 1 2 1183 2087 1786
2426 2 2 1 2 1180 1881 216
2427 2 2 1 2 1388 2165 1034
2428 2 2 1 2 1402 2204 632
2429 2 2 1 2 1253 1367 715
2430 2 2 1 2 1113 1693 439
2431 2 2 1 2 136 1936 1396
2432 2 2 1 2 692 2402 2008
2433 2 2 1 2 1602 1830 764
2434 2 2 1 2 725 1925 1035
2435 2 2 1 2 624 2375 1110
2436 2 2 1 2 1941 2212 1034
2437 2 2 1 2 1599 2138 949
2438 2 2 1 2 104 2050 7
2439 2 2 1 2 313 1541 406
2440 2 2 1 2 89 1975 1192
2441 2 2 1 2 158 1714 157
2442 2 2 1 2 615 2180 1205
2443 2 2 1 2 178 1273 177
2444 2 2 1 2 1544 1918 817
2445 2 2 1 2 426 1403 425
2446 2 2 1 2 1999 2230 1303
2447 2 2 1 2 1721 1929 801
2448 2 2 1 2 872 1687 1493
2449 2 2 1 2 172 1871 171
2450 2 2 1 2 1097 1868 549
2451 2 2 1 2 1331 1804 873
2452 2 2 1 2 1162 1581 200
2453 2 2 1 2 1801 1950 994
2454 2 2 1 2 1634 1761 149
2455 2 2 1 2 256 2159 6
2456 2 2 1 2 60 1549 251
2457 2 2 1 2 680 2244 1065
2458 2 2 1 2 954 1695 118
2459 2 2 1 2 1161 1844 695
2460 2 2 1 2 1241 1525 676
2461 2 2 1 2 73 2246 10
2462 2 2 1 2 1079 2177 612
2463 2 2 1 2 788 2109 1235
2464 2 2 1 2 774 1840 1087
2465 2 2 1 2 618 1747 1173
2466 2 2 1 2 621 2184 1267
2467 2 2 1 2 1120 1586 710
2468 2 2 1 2 1552 2408 1272
2469 2 2 1 2 1173 2132 90
2470 2 2 1 2 314 1265 315
2471 2 2 1 2 746 1423 1329
2472 2 2 1 2 1210 1475 662
2473 2 2 1 2 390 1252 391
2474 2 2 1 2 1167 1951 360
2475 2 2 1 2 57 1725 250
2476 2 2 1 2 595 1656 1105
2477 2 2 1 2 624 1994 1370
2478 2 2 1 2 1393 2387 565
2479 2 2 1 2 169 1805 1263
2480 2 2 1 2 706 1964 1105
2481 2 2 1 2 1171 1842 369
2482 2 2 1 2 1620 1635 908
2483 2 2 1 2 1168 1689 933
2484 2 2 1 2 1102 2003 735
2485 2 2 1 2 1023 2413 1824
2486 2 2 1 2 1431 2246 1004
2487 2 2 1 2 812 1413 1361
2488 2 2 1 2 569 1813 1114
2489 2 2 1 2 855 2302 1135
2490 2 2 1 2 1046 1984 1961
2491 2 2 1 2 1197 2186 321
2492 2 2 1 2 458 1725 57
2493 2 2 1 2 1380 1579 560
2494 2 2 1 2 1300 2009 790
2495 2 2 1 2 304 2210 1157
2496 2 2 1 2 1388 1843 232
2497 2 2 1 2 549 2023 1111
2498 2 2 1 2 768 1699 1299
2499 2 2 1 2 1052 2019 707
2500 2 2 1 2 399 1405 141
2501 2 2 1 2 723 1649 1045
2502 2 2 1 2 1136 1603 742
2503 2 2 1 2 100 2012 1401
2504 2 2 1 2 82 2148 1142
2505 2 2 1 2 1445 1853 687
2506 2 2 1 2 332 1738 7
2507 2 2 1 2 893 1691 1684
2508 2 2 1 2 226 65 225
2509 2 2 1 2 10 2246 134
2510 2 2 1 2 573 1484 1251
2511 2 2 1 2 571 2106 1526
2512 2 2 1 2 1174 1438 696
2513 2 2 1 2 803 1610 967
2514 2 2 1 2 1211 1989 449
2515 2 2 1 2 828 1989 1211
2516 2 2 1 2 1393 1519 724
2517 2 2 1 2 368 1685 125
2518 2 2 1 2 1231 1856 684
2519 2 2 1 2 1578 2153 1223
2520 2 2 1 2 530 1798 529
2521 2 2 1 2 238 2221 237
2522 2 2 1 2 779 1670 1116
2523 2 2 1 2 282 2015 1345
2524 2 2 1 2 159 1392 160
2525 2 2 1 2 1041 2077 1556
2526 2 2 1 2 535 1540 534
2527 2 2 1 2 1151 1518 653
2528 2 2 1 2 690 2136 1341
2529 2 2 1 2 1126 1697 354
2530 2 2 1 2 1287 1532 656
2531 2 2 1 2 985 1933 1688
2532 2 2 1 2 603 2014 1146
2533 2 2 1 2 1401 1994 1110
2534 2 2 1 2 516 2210 515
2535 2 2 1 2 1944 2160 1103
2536 2 2 1 2 177 1273 971
2537 2 2 1 2 275 2207 72
2538 2 2 1 2 718 1423 1395
2539 2 2 1 2 1104 1941 702
2540 2 2 1 2 1657 1674 786
2541 2 2 1 2 1219 1508 567
2542 2 2 1 2 135 1716 388
2543 2 2 1 2 1485 2221 238
2544 2 2 1 2 2073 2321 870
2545 2 2 1 2 1355 1615 521
2546 2 2 1 2 278 1543 277
2547 2 2 1 2 1597 1769 777
2548 2 2 1 2 94 1684 1187
2549 2 2 1 2 1010 2204 1402
2550 2 2 1 2 795 1693 1113
2551 2 2 1 2 534 1978 533
2552 2 2 1 2 632 2204 1114
2553 2 2 1 2 318 1351 319
2554 2 2 1 2 251 1464 60
2555 2 2 1 2 1234 1369 818
2556 2 2 1 2 1294 1425 694
2557 2 2 1 2 128 2349 1225
2558 2 2 1 2 1175 2172 317
2559 2 2 1 2 255 1671 61
2560 2 2 1 2 78 1529 953
2561 2 2 1 2 11 2410 409
2562 2 2 1 2 1372 1489 1050
2563 2 2 1 2 1353 1608 53
2564 2 2 1 2 1746 2365 1092
2565 2 2 1 2 30 2066 1330
2566 2 2 1 2 1459 1709 682
2567 2 2 1 2 2004 2156 1472
2568 2 2 1 2 1069 2270 1436
2569 2 2 1 2 217 1935 216
2570 2 2 1 2 118 1600 954
2571 2 2 1 2 734 1415 1330
2572 2 2 1 2 1262 1396 723
2573 2 2 1 2 529 1798 949
2574 2 2 1 2 1366 2052 687
2575 2 2 1 2 327 1780 326
2576 2 2 1 2 1124 1823 743
2577 2 2 1 2 642 1603 1136
2578 2 2 1 2 1961 1984 787
2579 2 2 1 2 1556 2077 666
2580 2 2 1 2 1136 1575 642
2581 2 2 1 2 184 1744 96
2582 2 2 1 2 141 2067 1646
2583 2 2 1 2 502 1584 501
2584 2 2 1 2 1108 1814 1486
2585 2 2 1 2 1280 1848 78
2586 2 2 1 2 263 2050 1827
2587 2 2 1 2 383 2025 133
2588 2 2 1 2 169 1910 170
2589 2 2 1 2 915 2330 598
2590 2 2 1 2 1267 2184 918
2591 2 2 1 2 404 2232 405
2592 2 2 1 2 659 2430 1580
2593 2 2 1 2 47 1373 206
2594 2 2 1 2 1152 1424 474
2595 2 2 1 2 735 2003 1111
2596 2 2 1 2 1287 1691 893
2597 2 2 1 2 659 1950 1801
2598 2 2 1 2 306 1800 307
2599 2 2 1 2 1131 1738 332
2600 2 2 1 2 307 1957 1102
2601 2 2 1 2 650 2003 1102
2602 2 2 1 2 403 1728 145
2603 2 2 1 2 694 1700 1294
2604 2 2 1 2 1249 1719 690
2605 2 2 1 2 625 1655 1077
2606 2 2 1 2 1623 2056 943
2607 2 2 1 2 1335 1678 108
2608 2 2 1 2 1395 1423 746
2609 2 2 1 2 775 1947 1106
2610 2 2 1 2 1251 1484 730
2611 2 2 1 2 354 2305 1126
2612 2 2 1 2 1098 1604 731
2613 2 2 1 2 143 1833 1140
2614 2 2 1 2 1837 2292 599
2615 2 2 1 2 1293 1991 358
2616 2 2 1 2 1623 2124 1129
2617 2 2 1 2 1144 1981 106
2618 2 2 1 2 304 1528 88
2619 2 2 1 2 1613 2095 747
2620 2 2 1 2 610 1839 1061
2621 2 2 1 2 749 1468 1177
2622 2 2 1 2 259 1557 1127
2623 2 2 1 2 296 1636 297
2624 2 2 1 2 824 1993 1552
2625 2 2 1 2 1322 1560 692
2626 2 2 1 2 2205 2281 371
2627 2 2 1 2 63 2031 260
2628 2 2 1 2 227 2117 1664
2629 2 2 1 2 392 1270 138
2630 2 2 1 2 1295 2087 815
2631 2 2 1 2 1470 1488 92
2632 2 2 1 2 2135 2405 891
2633 2 2 1 2 1127 2277 612
2634 2 2 1 2 691 1571 1283
2635 2 2 1 2 144 2314 1467
2636 2 2 1 2 582 1586 1120
2637 2 2 1 2 1458 1928 133
2638 2 2 1 2 870 2321 1709
2639 2 2 1 2 448 1989 1200
2640 2 2 1 2 265 2074 8
2641 2 2 1 2 284 1650 283
2642 2 2 1 2 116 1704 175
2643 2 2 1 2 266 1880 1146
2644 2 2 1 2 145 1728 1515
2645 2 2 1 2 503 1531 502
2646 2 2 1 2 741 2137 1466
2647 2 2 1 2 859 2132 1173
2648 2 2 1 2 554 2151 1143
2649 2 2 1 2 1323 1441 562
2650 2 2 1 2 2143 2302 855
2651 2 2 1 2 285 2410 11
2652 2 2 1 2 891 2405 1374
2653 2 2 1 2 1464 1705 837
2654 2 2 1 2 1224 1903 686
2655 2 2 1 2 295 2263 884
2656 2 2 1 2 141 2166 1083
2657 2 2 1 2 411 1426 1220
2658 2 2 1 2 360 2434 361
2659 2 2 1 2 1113 1857 795
2660 2 2 1 2 1187 1774 629
2661 2 2 1 2 781 1834 1452
2662 2 2 1 2 1195 1649 723
2663 2 2 1 2 829 2056 1623
2664 2 2 1 2 108 1803 1335
2665 2 2 1 2 923 2354 1359
2666 2 2 1 2 803 2006 1366
2667 2 2 1 2 229 1666 1134
2668 2 2 1 2 369 1829 370
2669 2 2 1 2 779 1806 1349
2670 2 2 1 2 1254 1785 115
2671 2 2 1 2 1111 2003 650
2672 2 2 1 2 1381 2337 349
2673 2 2 1 2 332 2228 333
2674 2 2 1 2 1187 2325 877
2675 2 2 1 2 811 2002 1842
2676 2 2 1 2 463 1458 133
2677 2 2 1 2 110 1529 12
2678 2 2 1 2 4 2216 380
2679 2 2 1 2 414 2057 15
2680 2 2 1 2 1025 1506 727
2681 2 2 1 2 743 2399 1124
2682 2 2 1 2 314 2152 407
2683 2 2 1 2 1137 1760 780
2684 2 2 1 2 1255 1910 794
2685 2 2 1 2 1340 1428 819
2686 2 2 1 2 768 1697 1126
2687 2 2 1 2 807 2012 1121
2688 2 2 1 2 1479 2375 1710
2689 2 2 1 2 1201 2245 611
2690 2 2 1 2 67 1795 1670
2691 2 2 1 2 168 1805 169
2692 2 2 1 2 407 1799 18
2693 2 2 1 2 153 1421 234
2694 2 2 1 2 1086 2379 654
2695 2 2 1 2 856 1762 1054
2696 2 2 1 2 800 1705 1464
2697 2 2 1 2 705 2107 1309
2698 2 2 1 2 1078 1651 680
2699 2 2 1 2 740 1428 1340
2700 2 2 1 2 464 2079 34
2701 2 2 1 2 1346 2355 80
2702 2 2 1 2 1162 1694 622
2703 2 2 1 2 52 2365 1746
2704 2 2 1 2 1038 2228 865
2705 2 2 1 2 300 1875 85
2706 2 2 1 2 159 2324 1392
2707 2 2 1 2 1590 2106 571
2708 2 2 1 2 326 1780 1036
2709 2 2 1 2 1333 1858 703
2710 2 2 1 2 731 1604 1140
2711 2 2 1 2 644 1860 1212
2712 2 2 1 2 875 1884 1191
2713 2 2 1 2 647 1572 1369
2714 2 2 1 2 893 2388 1532
2715 2 2 1 2 792 1564 1188
2716 2 2 1 2 872 2391 1687
2717 2 2 1 2 703 1858 1360
2718 2 2 1 2 1101 1942 843
2719 2 2 1 2 1541 1940 877
2720 2 2 1 2 1644 2253 1186
2721 2 2 1 2 1097 1699 620
2722 2 2 1 2 219 2146 1352
2723 2 2 1 2 1176 2272 635
2724 2 2 1 2 1999 2013 831
2725 2 2 1 2 451 2347 173
2726 2 2 1 2 202 1914 1221
2727 2 2 1 2 1334 2107 705
2728 2 2 1 2 710 1622 1120
2729 2 2 1 2 796 1952 1104
2730 2 2 1 2 393 1560 1322
2731 2 2 1 2 610 1995 1148
2732 2 2 1 2 570 1487 1406
2733 2 2 1 2 1225 2349 980
2734 2 2 1 2 247 2216 4
2735 2 2 1 2 587 2212 1941
2736 2 2 1 2 78 1673 1280
2737 2 2 1 2 193 1524 194
2738 2 2 1 2 566 1682 1430
2739 2 2 1 2 1585 2151 1040
2740 2 2 1 2 55 1596 246
2741 2 2 1 2 830 1522 1315
2742 2 2 1 2 989 2128 895
2743 2 2 1 2 238 1752 155
2744 2 2 1 2 1160 1825 757
2745 2 2 1 2 1157 2095 304
2746 2 2 1 2 325 1436 324
2747 2 2 1 2 1360 1881 789
2748 2 2 1 2 1390 1471 757
2749 2 2 1 2 696 2338 1174
2750 2 2 1 2 552 1915 1145
2751 2 2 1 2 653 2284 1151
2752 2 2 1 2 382 2187 1264
2753 2 2 1 2 201 1592 1162
2754 2 2 1 2 560 2390 1380
2755 2 2 1 2 1314 1468 83
2756 2 2 1 2 119 2339 983
2757 2 2 1 2 262 1738 1131
2758 2 2 1 2 696 1508 1219
2759 2 2 1 2 752 1549 1327
2760 2 2 1 2 1103 2160 198
2761 2 2 1 2 1684 1691 750
2762 2 2 1 2 1586 2087 1295
2763 2 2 1 2 780 1839 1453
2764 2 2 1 2 80 2355 179
2765 2 2 1 2 824 1552 1254
2766 2 2 1 2 411 1598 472
2767 2 2 1 2 889 2350 1411
2768 2 2 1 2 1597 1776 898
2769 2 2 1 2 405 2232 1474
2770 2 2 1 2 1105 1656 706
2771 2 2 1 2 1380 2390 993
2772 2 2 1 2 140 1369 1234
2773 2 2 1 2 232 1843 37
2774 2 2 1 2 358 1991 121
2775 2 2 1 2 146 1621 404
2776 2 2 1 2 1392 2324 935
2777 2 2 1 2 357 1410 120
2778 2 2 1 2 1238 1642 273
2779 2 2 1 2 245 2194 3
2780 2 2 1 2 559 1505 1208
2781 2 2 1 2 1327 1549 60
2782 2 2 1 2 1109 1887 382
2783 2 2 1 2 1283 1571 564
2784 2 2 1 2 1259 1939 622
2785 2 2 1 2 1712 1962 483
2786 2 2 1 2 321 2186 97
2787 2 2 1 2 64 2243 1317
2788 2 2 1 2 871 2245 1201
2789 2 2 1 2 1207 2019 649
2790 2 2 1 2 10 2220 384
2791 2 2 1 2 51 2164 1751
2792 2 2 1 2 870 1709 1459
2793 2 2 1 2 259 1772 260
2794 2 2 1 2 2061 2245 883
2795 2 2 1 2 1395 1761 718
2796 2 2 1 2 715 1680 1253
2797 2 2 1 2 1138 1611 26
2798 2 2 1 2 921 1761 1634
2799 2 2 1 2 1794 2262 1203
2800 2 2 1 2 1182 2198 215
2801 2 2 1 2 1190 2371 271
2802 2 2 1 2 709 1854 1226
2803 2 2 1 2 792 1488 1470
2804 2 2 1 2 866 1928 1458
2805 2 2 1 2 321 1726 1246
2806 2 2 1 2 629 2325 1187
2807 2 2 1 2 221 1164 220
2808 2 2 1 2 1553 2137 741
2809 2 2 1 2 1282 2334 124
2810 2 2 1 2 1334 1449 748
2811 2 2 1 2 58 1990 1437
2812 2 2 1 2 1479 1710 766
2813 2 2 1 2 1941 1952 587
2814 2 2 1 2 3 2194 362
2815 2 2 1 2 11 1866 284
2816 2 2 1 2 57 1495 457
2817 2 2 1 2 1179 1605 683
2818 2 2 1 2 567 1508 1350
2819 2 2 1 2 1872 2129 1139
2820 2 2 1 2 1145 1603 642
2821 2 2 1 2 1252 1612 969
2822 2 2 1 2 799 1896 1740
2823 2 2 1 2 313 1668 312
2824 2 2 1 2 1536 1676 738
2825 2 2 1 2 193 1965 192
2826 2 2 1 2 840 2190 1301
2827 2 2 1 2 1150 2013 568
2828 2 2 1 2 1186 2174 132
2829 2 2 1 2 164 1690 163
2830 2 2 1 2 1349 1806 568
2831 2 2 1 2 556 1708 1201
2832 2 2 1 2 1126 1938 620
2833 2 2 1 2 1143 2151 711
2834 2 2 1 2 21 1617 322
2835 2 2 1 2 207 1753 1194
2836 2 2 1 2 1232 1986 798
2837 2 2 1 2 392 1560 393
2838 2 2 1 2 215 1841 1182
2839 2 2 1 2 2008 2402 1056
2840 2 2 1 2 1227 2040 646
2841 2 2 1 2 551 1679 1177
2842 2 2 1 2 194 2059 193
2843 2 2 1 2 1148 1995 804
2844 2 2 1 2 351 1955 1115
2845 2 2 1 2 1295 1450 710
2846 2 2 1 2 190 1607 189
2847 2 2 1 2 292 1838 1189
2848 2 2 1 2 673 1749 1158
2849 2 2 1 2 1199 1893 721
2850 2 2 1 2 113 1998 1272
2851 2 2 1 2 1348 2211 724
2852 2 2 1 2 373 1516 372
2853 2 2 1 2 788 2018 1231
2854 2 2 1 2 205 1845 204
2855 2 2 1 2 1179 1969 576
2856 2 2 1 2 314 1391 1265
2857 2 2 1 2 553 2020 1466
2858 2 2 1 2 1431 2133 755
2859 2 2 1 2 440 2169 1714
2860 2 2 1 2 1363 2306 499
2861 2 2 1 2 1156 1502 688
2862 2 2 1 2 161 1746 1375
2863 2 2 1 2 52 1746 161
2864 2 2 1 2 159 1857 158
2865 2 2 1 2 1254 1701 824
2866 2 2 1 2 783 1637 1301
2867 2 2 1 2 1354 2431 40
2868 2 2 1 2 762 1897 1345
2869 2 2 1 2 445 1690 444
2870 2 2 1 2 833 1939 1259
2871 2 2 1 2 1146 2014 845
2872 2 2 1 2 520 2271 1503
2873 2 2 1 2 783 1850 1183
2874 2 2 1 2 1175 2181 725
2875 2 2 1 2 499 2306 498
2876 2 2 1 2 979 2371 1190
2877 2 2 1 2 492 1943 1826
2878 2 2 1 2 1153 1919 165
2879 2 2 1 2 1112 2067 839
2880 2 2 1 2 1151 2284 868
2881 2 2 1 2 725 2172 1175
2882 2 2 1 2 397 2052 396
2883 2 2 1 2 106 1592 201
2884 2 2 1 2 534 1540 1137
2885 2 2 1 2 1229 2199 249
2886 2 2 1 2 1093 2267 1558
2887 2 2 1 2 1090 2224 1036
2888 2 2 1 2 298 2179 14
2889 2 2 1 2 165 1437 1153
2890 2 2 1 2 876 1803 1686
2891 2 2 1 2 2123 2171 1524
2892 2 2 1 2 1163 1682 566
2893 2 2 1 2 386 1808 385
2894 2 2 1 2 1194 2396 207
2895 2 2 1 2 711 2151 1585
2896 2 2 1 2 237 2221 1291
2897 2 2 1 2 216 1881 215
2898 2 2 1 2 515 2210 88
2899 2 2 1 2 1868 1930 714
2900 2 2 1 2 1302 1747 618
2901 2 2 1 2 91 1885 1766
2902 2 2 1 2 1649 2378 1045
2903 2 2 1 2 1329 1477 746
2904 2 2 1 2 1274 1953 578
2905 2 2 1 2 564 1571 1344
2906 2 2 1 2 1154 2345 558
2907 2 2 1 2 1544 2104 844
2908 2 2 1 2 576 1605 1179
2909 2 2 1 2 1001 2314 1960
2910 2 2 1 2 191 2055 497
2911 2 2 1 2 221 1715 1164
2912 2 2 1 2 572 1635 1302
2913 2 2 1 2 164 2122 31
2914 2 2 1 2 1574 1879 773
2915 2 2 1 2 1004 2133 1431
2916 2 2 1 2 1903 2295 686
2917 2 2 1 2 997 2119 1643
2918 2 2 1 2 1985 2301 957
2919 2 2 1 2 646 2040 1245
2920 2 2 1 2 355 1355 522
2921 2 2 1 2 396 2052 1366
2922 2 2 1 2 558 2345 1176
2923 2 2 1 2 211 1491 210
2924 2 2 1 2 764 1830 1441
2925 2 2 1 2 1361 1788 812
2926 2 2 1 2 1104 1846 796
2927 2 2 1 2 203 1625 204
2928 2 2 1 2 658 2043 1331
2929 2 2 1 2 680 1651 1199
2930 2 2 1 2 641 1979 1305
2931 2 2 1 2 1367 1876 816
2932 2 2 1 2 1780 2296 1044
2933 2 2 1 2 505 1524 504
2934 2 2 1 2 1427 1516 721
2935 2 2 1 2 1315 1522 731
2936 2 2 1 2 1385 1914 107
2937 2 2 1 2 1262 2112 136
2938 2 2 1 2 139 2097 1195
2939 2 2 1 2 1330 1415 443
2940 2 2 1 2 404 1758 1184
2941 2 2 1 2 718 1487 1423
2942 2 2 1 2 854 2020 1730
2943 2 2 1 2 188 2035 488
2944 2 2 1 2 1406 1487 765
2945 2 2 1 2 686 2295 1149
2946 2 2 1 2 317 2172 318
2947 2 2 1 2 837 1914 1385
2948 2 2 1 2 371 2281 370
2949 2 2 1 2 785 2010 1129
2950 2 2 1 2 1158 1720 366
2951 2 2 1 2 742 2170 1230
2952 2 2 1 2 1266 1621 146
2953 2 2 1 2 384 1814 10
2954 2 2 1 2 1222 1793 745
2955 2 2 1 2 673 1602 1332
2956 2 2 1 2 630 2181 1175
2957 2 2 1 2 1297 1752 238
2958 2 2 1 2 1140 1756 731
2959 2 2 1 2 447 1652 446
2960 2 2 1 2 175 2331 174
2961 2 2 1 2 459 1725 458
2962 2 2 1 2 1286 1708 556
2963 2 2 1 2 1470 1564 792
2964 2 2 1 2 1183 1786 783
2965 2 2 1 2 1129 2010 640
2966 2 2 1 2 1104 1952 1941
2967 2 2 1 2 1349 1408 779
2968 2 2 1 2 1226 1854 555
2969 2 2 1 2 701 2415 1130
2970 2 2 1 2 260 1557 259
2971 2 2 1 2 276 2220 10
2972 2 2 1 2 1018 2261 1632
2973 2 2 1 2 723 1922 1195
2974 2 2 1 2 59 1689 1168
2975 2 2 1 2 1173 2238 618
2976 2 2 1 2 1332 1749 673
2977 2 2 1 2 372 1516 1427
2978 2 2 1 2 1534 2132 859
2979 2 2 1 2 385 1486 384
2980 2 2 1 2 1105 2065 1003
2981 2 2 1 2 315 1846 95
2982 2 2 1 2 1216 1673 78
2983 2 2 1 2 1172 1836 713
2984 2 2 1 2 978 2282 1243
2985 2 2 1 2 609 1879 1296
2986 2 2 1 2 199 1677 198
2987 2 2 1 2 856 2162 1433
2988 2 2 1 2 1348 2015 281
2989 2 2 1 2 400 2129 14
2990 2 2 1 2 701 2076 1276
2991 2 2 1 2 790 2009 1107
2992 2 2 1 2 802 1841 1312
2993 2 2 1 2 1143 2030 707
2994 2 2 1 2 1204 2362 880
2995 2 2 1 2 759 1590 1228
2996 2 2 1 2 1434 1740 897
2997 2 2 1 2 1169 1748 68
2998 2 2 1 2 685 1472 1352
2999 2 2 1 2 1157 1722 747
3000 2 2 1 2 168 1629 64
3001 2 2 1 2 994 1950 1306
3002 2 2 1 2 563 1927 1191
3003 2 2 1 2 767 2031 1141
3004 2 2 1 2 358 1818 1181
3005 2 2 1 2 1264 2025 383
3006 2 2 1 2 1255 1750 171
3007 2 2 1 2 1188 1980 802
3008 2 2 1 2 1736 2180 1058
3009 2 2 1 2 5 1706 254
3010 2 2 1 2 360 1951 359
3011 2 2 1 2 1117 2279 1277
3012 2 2 1 2 1275 1804 378
3013 2 2 1 2 430 1587 429
3014 2 2 1 2 420 1779 1131
3015 2 2 1 2 356 2239 1615
3016 2 2 1 2 667 1578 1223
3017 2 2 1 2 635 2362 1204
3018 2 2 1 2 1193 1660 338
3019 2 2 1 2 27 2136 433
3020 2 2 1 2 296 1476 83
3021 2 2 1 2 91 2293 1149
3022 2 2 1 2 227 2435 226
3023 2 2 1 2 1163 1907 605
3024 2 2 1 2 179 1811 178
3025 2 2 1 2 868 1727 1151
3026 2 2 1 2 399 1617 21
3027 2 2 1 2 1589 2189 718
3028 2 2 1 2 165 1919 166
3029 2 2 1 2 471 1609 470
3030 2 2 1 2 109 2115 338
3031 2 2 1 2 2041 2265 935
3032 2 2 1 2 1632 2261 733
3033 2 2 1 2 744 2250 1654
3034 2 2 1 2 1867 2077 1061
3035 2 2 1 2 1668 1799 881
3036 2 2 1 2 85 1527 1483
3037 2 2 1 2 1329 1570 743
3038 2 2 1 2 1670 2209 261
3039 2 2 1 2 1496 2125 962
3040 2 2 1 2 1432 1705 800
3041 2 2 1 2 1665 2037 295
3042 2 2 1 2 298 1872 297
3043 2 2 1 2 581 1876 1367
3044 2 2 1 2 1500 1792 902
3045 2 2 1 2 1397 2282 661
3046 2 2 1 2 367 1921 6
3047 2 2 1 2 1453 1978 780
3048 2 2 1 2 281 2015 282
3049 2 2 1 2 695 1844 1655
3050 2 2 1 2 381 2264 4
3051 2 2 1 2 726 1564 1470
3052 2 2 1 2 1025 1715 221
3053 2 2 1 2 1321 1614 713
3054 2 2 1 2 633 1633 1270
3055 2 2 1 2 1097 1930 1868
3056 2 2 1 2 1245 1681 646
3057 2 2 1 2 1294 1700 310
3058 2 2 1 2 593 1980 1188
3059 2 2 1 2 528 1481 77
3060 2 2 1 2 1456 2041 935
3061 2 2 1 2 360 1817 1211
3062 2 2 1 2 1364 1823 469
3063 2 2 1 2 1187 1940 94
3064 2 2 1 2 469 1823 468
3065 2 2 1 2 88 2210 304
3066 2 2 1 2 912 2283 1490
3067 2 2 1 2 721 1645 1239
3068 2 2 1 2 277 2065 1964
3069 2 2 1 2 386 1688 387
3070 2 2 1 2 851 2180 1736
3071 2 2 1 2 264 2291 68
3072 2 2 1 2 652 2249 1200
3073 2 2 1 2 730 1484 1375
3074 2 2 1 2 1165 1912 650
3075 2 2 1 2 644 2033 1171
3076 2 2 1 2 566 2110 1163
3077 2 2 1 2 280 2283 1285
3078 2 2 1 2 1341 2136 27
3079 2 2 1 2 321 1954 1197
3080 2 2 1 2 753 1724 1495
3081 2 2 1 2 703 1454 1333
3082 2 2 1 2 778 1987 1202
3083 2 2 1 2 44 1692 376
3084 2 2 1 2 1386 1948 586
3085 2 2 1 2 565 1519 1393
3086 2 2 1 2 1301 2190 337
3087 2 2 1 2 752 1660 1193
3088 2 2 1 2 718 2189 1593
3089 2 2 1 2 1293 2257 834
3090 2 2 1 2 840 1637 1566
3091 2 2 1 2 710 1586 1295
3092 2 2 1 2 1352 2146 848
3093 2 2 1 2 1375 1484 857
3094 2 2 1 2 93 1691 1287
3095 2 2 1 2 1286 1792 726
3096 2 2 1 2 278 1490 279
3097 2 2 1 2 1285 2283 912
3098 2 2 1 2 795 2273 1256
3099 2 2 1 2 273 1642 9
3100 2 2 1 2 334 1667 333
3101 2 2 1 2 1500 1564 726
3102 2 2 1 2 1643 2119 748
3103 2 2 1 2 412 1523 151
3104 2 2 1 2 1313 2076 701
3105 2 2 1 2 145 1788 1361
3106 2 2 1 2 873 1681 1208
3107 2 2 1 2 780 1978 1137
3108 2 2 1 2 1200 1652 447
3109 2 2 1 2 1188 1885 792
3110 2 2 1 2 1158 1749 1720
3111 2 2 1 2 504 2171 503
3112 2 2 1 2 1198 1517 478
3113 2 2 1 2 1246 1726 763
3114 2 2 1 2 371 2044 9
3115 2 2 1 2 587 1952 1155
3116 2 2 1 2 1221 1625 203
3117 2 2 1 2 1191 1710 624
3118 2 2 1 2 230 1666 229
3119 2 2 1 2 1288 1617 1083
3120 2 2 1 2 1376 1521 776
3121 2 2 1 2 793 1794 1203
3122 2 2 1 2 130 1559 1534
3123 2 2 1 2 1332 1602 764
3124 2 2 1 2 1567 2131 957
3125 2 2 1 2 699 1538 1439
3126 2 2 1 2 1193 1796 722
3127 2 2 1 2 639 1550 1324
3128 2 2 1 2 1205 2180 851
3129 2 2 1 2 936 2334 1282
3130 2 2 1 2 1128 2057 414
3131 2 2 1 2 1139 2129 400
3132 2 2 1 2 90 1934 1173
3133 2 2 1 2 995 2288 1703
3134 2 2 1 2 1466 2020 931
3135 2 2 1 2 761 2386 1223
3136 2 2 1 2 1930 1967 714
3137 2 2 1 2 192 2123 193
3138 2 2 1 2 822 1969 1179
3139 2 2 1 2 761 1717 1196
3140 2 2 1 2 1166 2010 785
3141 2 2 1 2 290 1556 291
3142 2 2 1 2 268 1663 1204
3143 2 2 1 2 1117 2037 1665
3144 2 2 1 2 804 1917 1148
3145 2 2 1 2 1167 1698 434
3146 2 2 1 2 157 2169 156
3147 2 2 1 2 724 2211 1515
3148 2 2 1 2 333 2048 332
3149 2 2 1 2 1566 1637 582
3150 2 2 1 2 370 2281 1171
3151 2 2 1 2 773 1521 1376
3152 2 2 1 2 250 1878 1119
3153 2 2 1 2 277 1964 278
3154 2 2 1 2 340 2323 1891
3155 2 2 1 2 206 1753 207
3156 2 2 1 2 59 1601 167
3157 2 2 1 2 640 2010 1166
3158 2 2 1 2 1146 1880 842
3159 2 2 1 2 599 2292 1790
3160 2 2 1 2 34 2079 477
3161 2 2 1 2 391 2237 137
3162 2 2 1 2 825 1579 1380
3163 2 2 1 2 1276 2086 1093
3164 2 2 1 2 732 1620 1568
3165 2 2 1 2 768 1912 1165
3166 2 2 1 2 339 1848 1280
3167 2 2 1 2 1316 1764 569
3168 2 2 1 2 1337 1575 736
3169 2 2 1 2 672 2346 1147
3170 2 2 1 2 10 1814 73
3171 2 2 1 2 1396 1936 883
3172 2 2 1 2 1423 1487 570
3173 2 2 1 2 1225 1745 128
3174 2 2 1 2 736 1745 1225
3175 2 2 1 2 1602 2145 910
3176 2 2 1 2 1183 1850 167
3177 2 2 1 2 388 1569 1317
3178 2 2 1 2 180 1534 181
3179 2 2 1 2 1016 2320 2293
3180 2 2 1 2 932 2233 1172
3181 2 2 1 2 666 2077 1867
3182 2 2 1 2 466 1752 465
3183 2 2 1 2 1182 1841 802
3184 2 2 1 2 790 1861 1636
3185 2 2 1 2 1374 2405 739
3186 2 2 1 2 1178 2005 1007
3187 2 2 1 2 446 2254 445
3188 2 2 1 2 193 2123 1524
3189 2 2 1 2 570 1570 1329
3190 2 2 1 2 611 1794 1201
3191 2 2 1 2 791 1871 1178
3192 2 2 1 2 575 1574 1522
3193 2 2 1 2 823 1719 1249
3194 2 2 1 2 1768 2424 927
3195 2 2 1 2 1196 1883 275
3196 2 2 1 2 1239 1645 572
3197 2 2 1 2 1174 2338 660
3198 2 2 1 2 911 2131 1384
3199 2 2 1 2 1177 1679 749
3200 2 2 1 2 1234 1926 140
3201 2 2 1 2 651 2315 1238
3202 2 2 1 2 718 1761 1589
3203 2 2 1 2 1190 2391 872
3204 2 2 1 2 516 1722 1157
3205 2 2 1 2 834 1951 1167
3206 2 2 1 2 847 1883 1196
3207 2 2 1 2 1202 1987 678
3208 2 2 1 2 292 1819 293
3209 2 2 1 2 181 1559 182
3210 2 2 1 2 317 1835 1175
3211 2 2 1 2 789 1881 1180
3212 2 2 1 2 645 2161 1221
3213 2 2 1 2 225 2102 224
3214 2 2 1 2 722 2062 1379
3215 2 2 1 2 280 1530 279
3216 2 2 1 2 697 2423 1020
3217 2 2 1 2 1555 1897 762
3218 2 2 1 2 1960 2314 454
3219 2 2 1 2 445 2254 1398
3220 2 2 1 2 730 2078 1251
3221 2 2 1 2 656 1649 1195
3222 2 2 1 2 757 1825 1296
3223 2 2 1 2 1615 2271 521
3224 2 2 1 2 1202 1778 79
3225 2 2 1 2 211 2426 1491
3226 2 2 1 2 235 1444 1443
3227 2 2 1 2 217 1924 1311
3228 2 2 1 2 1229 1725 459
3229 2 2 1 2 1211 1817 828
3230 2 2 1 2 340 1891 341
3231 2 2 1 2 879 1489 728
3232 2 2 1 2 1389 2096 926
3233 2 2 1 2 1194 1753 805
3234 2 2 1 2 1560 2402 692
3235 2 2 1 2 1828 1880 265
3236 2 2 1 2 231 1544 230
3237 2 2 1 2 1195 1922 139
3238 2 2 1 2 967 2006 803
3239 2 2 1 2 331 2182 330
3240 2 2 1 2 802 1980 1182
3241 2 2 1 2 303 2381 302
3242 2 2 1 2 427 2250 426
3243 2 2 1 2 1495 2140 753
3244 2 2 1 2 1181 2196 828
3245 2 2 1 2 731 1756 1315
3246 2 2 1 2 1399 1520 700
3247 2 2 1 2 604 2131 1567
3248 2 2 1 2 1490 1964 706
3249 2 2 1 2 1394 2201 733
3250 2 2 1 2 395 2097 139
3251 2 2 1 2 161 2155 1310
3252 2 2 1 2 564 1641 1283
3253 2 2 1 2 1189 2000 642
3254 2 2 1 2 678 1778 1202
3255 2 2 1 2 585 1834 1624
3256 2 2 1 2 714 1967 1274
3257 2 2 1 2 506 2156 42
3258 2 2 1 2 642 2000 1145
3259 2 2 1 2 414 1739 1128
3260 2 2 1 2 1344 1571 838
3261 2 2 1 2 250 1725 1229
3262 2 2 1 2 54 1898 243
3263 2 2 1 2 14 1862 299
3264 2 2 1 2 1431 1735 134
3265 2 2 1 2 652 2196 1181
3266 2 2 1 2 1220 2054 410
3267 2 2 1 2 642 1575 1337
3268 2 2 1 2 166 2304 165
3269 2 2 1 2 1345 1897 860
3270 2 2 1 2 832 2199 1229
3271 2 2 1 2 310 1700 309
3272 2 2 1 2 234 1712 1292
3273 2 2 1 2 279 2045 278
3274 2 2 1 2 41 1472 506
3275 2 2 1 2 1181 2394 652
3276 2 2 1 2 875 2241 1184
3277 2 2 1 2 247 2235 2216
3278 2 2 1 2 1325 1579 700
3279 2 2 1 2 675 1471 1390
3280 2 2 1 2 376 1692 1358
3281 2 2 1 2 1301 1637 840
3282 2 2 1 2 1206 2269 662
3283 2 2 1 2 1384 2131 604
3284 2 2 1 2 1185 2168 634
3285 2 2 1 2 1552 1993 577
3286 2 2 1 2 1255 1932 671
3287 2 2 1 2 1083 1946 639
3288 2 2 1 2 1132 1481 528
3289 2 2 1 2 1469 2208 1014
3290 2 2 1 2 293 1838 292
3291 2 2 1 2 603 1614 1321
3292 2 2 1 2 927 2393 1768
3293 2 2 1 2 825 2168 1185
3294 2 2 1 2 450 2434 1211
3295 2 2 1 2 1180 2080 789
3296 2 2 1 2 1218 1415 734
3297 2 2 1 2 215 2198 216
3298 2 2 1 2 1184 2325 629
3299 2 2 1 2 1630 2403 953
3300 2 2 1 2 1409 2213 699
3301 2 2 1 2 1189 1838 785
3302 2 2 1 2 877 1940 1187
3303 2 2 1 2 586 2088 1169
3304 2 2 1 2 171 1750 172
3305 2 2 1 2 1576 1695 954
3306 2 2 1 2 1205 2118 343
3307 2 2 1 2 377 2072 22
3308 2 2 1 2 874 2376 1797
3309 2 2 1 2 1148 1917 531
3310 2 2 1 2 660 1961 1244
3311 2 2 1 2 827 2403 1630
3312 2 2 1 2 785 2000 1189
3313 2 2 1 2 1244 1961 787
3314 2 2 1 2 1369 1863 647
3315 2 2 1 2 794 1932 1255
3316 2 2 1 2 1414 1915 552
3317 2 2 1 2 212 1561 213
3318 2 2 1 2 108 1619 335
3319 2 2 1 2 1741 2329 601
3320 2 2 1 2 354 1697 353
3321 2 2 1 2 1449 1494 748
3322 2 2 1 2 318 1893 1199
3323 2 2 1 2 1745 1755 128
3324 2 2 1 2 421 1779 420
3325 2 2 1 2 486 1672 1307
3326 2 2 1 2 54 2412 1442
3327 2 2 1 2 1542 2115 109
3328 2 2 1 2 1200 2196 652
3329 2 2 1 2 2182 2223 330
3330 2 2 1 2 1165 1955 352
3331 2 2 1 2 1359 2331 906
3332 2 2 1 2 306 1563 305
3333 2 2 1 2 739 1771 1374
3334 2 2 1 2 209 1760 208
3335 2 2 1 2 852 1974 1250
3336 2 2 1 2 775 1669 1250
3337 2 2 1 2 207 2396 208
3338 2 2 1 2 1307 1672 186
3339 2 2 1 2 851 2118 1205
3340 2 2 1 2 1254 1552 683
3341 2 2 1 2 1208 2348 658
3342 2 2 1 2 194 1524 505
3343 2 2 1 2 1248 1680 715
3344 2 2 1 2 704 1628 1400
3345 2 2 1 2 1327 1660 752
3346 2 2 1 2 1253 2384 581
3347 2 2 1 2 23 2255 423
3348 2 2 1 2 121 1991 1751
3349 2 2 1 2 56 2235 247
3350 2 2 1 2 119 2305 354
3351 2 2 1 2 387 1569 388
3352 2 2 1 2 706 1656 1627
3353 2 2 1 2 276 2065 277
3354 2 2 1 2 1303 1971 636
3355 2 2 1 2 344 1931 343
3356 2 2 1 2 550 1844 1161
3357 2 2 1 2 423 2255 1795
3358 2 2 1 2 1094 2404 1627
3359 2 2 1 2 330 2223 329
3360 2 2 1 2 1043 2387 1393
3361 2 2 1 2 1185 2042 340
3362 2 2 1 2 922 2365 1908
3363 2 2 1 2 595 1905 1585
3364 2 2 1 2 1627 2404 706
3365 2 2 1 2 1382 1871 791
3366 2 2 1 2 629 1774 1308
3367 2 2 1 2 170 1659 169
3368 2 2 1 2 25 1573 196
3369 2 2 1 2 263 1827 264
3370 2 2 1 2 1345 2015 762
3371 2 2 1 2 1824 2413 1051
3372 2 2 1 2 294 2037 1166
3373 2 2 1 2 1895 2335 325
3374 2 2 1 2 769 2186 1197
3375 2 2 1 2 827 1630 1258
3376 2 2 1 2 739 2405 1493
3377 2 2 1 2 853 1870 1628
3378 2 2 1 2 195 2022 1125
3379 2 2 1 2 200 1581 199
3380 2 2 1 2 214 1841 215
3381 2 2 1 2 1439 1538 561
3382 2 2 1 2 707 2019 1207
3383 2 2 1 2 699 2213 1473
3384 2 2 1 2 721 1893 1427
3385 2 2 1 2 1244 1810 589
3386 2 2 1 2 20 1711 320
3387 2 2 1 2 122 1988 3
3388 2 2 1 2 694 1708 1286
3389 2 2 1 2 1212 2033 644
3390 2 2 1 2 1331 2043 819
3391 2 2 1 2 1217 1769 600
3392 2 2 1 2 162 2155 161
3393 2 2 1 2 1250 1974 197
3394 2 2 1 2 1948 2397 586
3395 2 2 1 2 2178 2409 1001
3396 2 2 1 2 353 1822 354
3397 2 2 1 2 129 1711 20
3398 2 2 1 2 777 1769 1217
3399 2 2 1 2 1156 2383 808
3400 2 2 1 2 896 2198 1182
3401 2 2 1 2 949 1798 1599
3402 2 2 1 2 848 2120 1352
3403 2 2 1 2 781 2269 1206
3404 2 2 1 2 1182 2311 896
3405 2 2 1 2 916 1764 1316
3406 2 2 1 2 1239 2244 680
3407 2 2 1 2 109 1660 1327
3408 2 2 1 2 760 1631 1406
3409 2 2 1 2 1588 1777 759
3410 2 2 1 2 619 2428 1770
3411 2 2 1 2 1219 1853 696
3412 2 2 1 2 1204 2327 635
3413 2 2 1 2 573 1494 1449
3414 2 2 1 2 1515 1788 145
3415 2 2 1 2 720 1734 1268
3416 2 2 1 2 600 1840 1217
3417 2 2 1 2 1490 2404 912
3418 2 2 1 2 381 2187 382
3419 2 2 1 2 1302 1635 732
3420 2 2 1 2 1401 2012 807
3421 2 2 1 2 213 1591 212
3422 2 2 1 2 132 2174 378
3423 2 2 1 2 391 2017 1277
3424 2 2 1 2 1491 2426 1028
3425 2 2 1 2 722 1796 1279
3426 2 2 1 2 1280 1673 778
3427 2 2 1 2 266 1972 267
3428 2 2 1 2 247 2264 1309
3429 2 2 1 2 287 1599 288
3430 2 2 1 2 1874 2316 797
3431 2 2 1 2 381 1887 1309
3432 2 2 1 2 1914 2364 1221
3433 2 2 1 2 622 1939 1162
3434 2 2 1 2 781 2207 1210
3435 2 2 1 2 718 1593 1487
3436 2 2 1 2 410 1598 411
3437 2 2 1 2 1575 1737 736
3438 2 2 1 2 140 1926 396
3439 2 2 1 2 1382 1659 170
3440 2 2 1 2 1230 1829 742
3441 2 2 1 2 322 1617 1288
3442 2 2 1 2 1196 2103 761
3443 2 2 1 2 883 2245 1784
3444 2 2 1 2 1351 2172 725
3445 2 2 1 2 1751 2164 922
3446 2 2 1 2 1197 1954 861
3447 2 2 1 2 719 1641 1640
3448 2 2 1 2 223 1873 1289
3449 2 2 1 2 713 1614 1548
3450 2 2 1 2 2197 2330 1144
3451 2 2 1 2 523 1947 1573
3452 2 2 1 2 1269 2002 811
3453 2 2 1 2 1273 2284 653
3454 2 2 1 2 1363 2218 777
3455 2 2 1 2 976 2144 1230
3456 2 2 1 2 632 2080 1180
3457 2 2 1 2 146 2275 1266
3458 2 2 1 2 1226 1870 677
3459 2 2 1 2 1251 2183 1494
3460 2 2 1 2 147 2154 407
3461 2 2 1 2 1627 1656 1040
3462 2 2 1 2 1511 2270 643
3463 2 2 1 2 1665 2279 1117
3464 2 2 1 2 1201 2089 556
3465 2 2 1 2 979 2281 2205
3466 2 2 1 2 589 1810 1732
3467 2 2 1 2 1373 1753 206
3468 2 2 1 2 520 1503 519
3469 2 2 1 2 1221 2364 645
3470 2 2 1 2 702 1535 1509
3471 2 2 1 2 161 2352 162
3472 2 2 1 2 172 2005 1178
3473 2 2 1 2 1310 2249 652
3474 2 2 1 2 1421 2165 234
3475 2 2 1 2 783 1786 1637
3476 2 2 1 2 953 1953 1216
3477 2 2 1 2 149 1761 1395
3478 2 2 1 2 811 2033 1212
3479 2 2 1 2 1391 2157 704
3480 2 2 1 2 439 1693 438
3481 2 2 1 2 1640 1641 963
3482 2 2 1 2 1534 1559 181
3483 2 2 1 2 517 1722 516
3484 2 2 1 2 106 1981 1303
3485 2 2 1 2 1582 2127 914
3486 2 2 1 2 1375 2352 161
3487 2 2 1 2 487 1672 486
3488 2 2 1 2 1592 1694 1162
3489 2 2 1 2 401 1606 402
3490 2 2 1 2 137 2017 391
3491 2 2 1 2 888 2412 1248
3492 2 2 1 2 1238 2317 651
3493 2 2 1 2 338 1660 109
3494 2 2 1 2 120 2382 357
3495 2 2 1 2 75 1788 1515
3496 2 2 1 2 1672 2035 187
3497 2 2 1 2 861 1913 1197
3498 2 2 1 2 723 2226 1262
3499 2 2 1 2 1296 1825 609
3500 2 2 1 2 1309 2107 247
3501 2 2 1 2 550 1945 1844
3502 2 2 1 2 810 1889 1483
3503 2 2 1 2 690 2251 1084
3504 2 2 1 2 233 1962 1712
3505 2 2 1 2 835 2384 1253
3506 2 2 1 2 1308 1884 629
3507 2 2 1 2 1328 1942 1101
3508 2 2 1 2 342 2027 341
3509 2 2 1 2 1253 2343 835
3510 2 2 1 2 1310 2039 161
3511 2 2 1 2 487 2035 1672
3512 2 2 1 2 1189 2372 292
3513 2 2 1 2 1 1595 32
3514 2 2 1 2 1223 2386 667
3515 2 2 1 2 1521 1879 609
3516 2 2 1 2 222 2114 143
3517 2 2 1 2 1135 2373 776
3518 2 2 1 2 1233 1968 800
3519 2 2 1 2 924 1554 1480
3520 2 2 1 2 390 2279 1665
3521 2 2 1 2 1414 2170 742
3522 2 2 1 2 1429 1874 797
3523 2 2 1 2 1261 2103 72
3524 2 2 1 2 1480 1554 747
3525 2 2 1 2 798 2227 1297
3526 2 2 1 2 364 2139 123
3527 2 2 1 2 665 2002 1269
3528 2 2 1 2 1269 1727 665
3529 2 2 1 2 186 1672 187
3530 2 2 1 2 698 1878 1451
3531 2 2 1 2 1236 2007 655
3532 2 2 1 2 761 2103 1261
3533 2 2 1 2 501 1584 219
3534 2 2 1 2 1217 2167 561
3535 2 2 1 2 258 1749 1332
3536 2 2 1 2 1703 2288 584
3537 2 2 1 2 571 1958 1590
3538 2 2 1 2 890 2315 1791
3539 2 2 1 2 1228 1931 759
3540 2 2 1 2 257 1749 258
3541 2 2 1 2 907 1755 1745
3542 2 2 1 2 455 1960 454
3543 2 2 1 2 1646 2067 1112
3544 2 2 1 2 382 1887 381
3545 2 2 1 2 1406 1631 570
3546 2 2 1 2 1284 1737 126
3547 2 2 1 2 331 1632 101
3548 2 2 1 2 862 2249 1310
3549 2 2 1 2 1280 2323 339
3550 2 2 1 2 201 1639 106
3551 2 2 1 2 1384 1754 617
3552 2 2 1 2 1402 2424 179
3553 2 2 1 2 1279 2074 265
3554 2 2 1 2 1974 2255 23
3555 2 2 1 2 1264 2187 832
3556 2 2 1 2 678 1987 1216
3557 2 2 1 2 993 2390 1222
3558 2 2 1 2 357 2239 356
3559 2 2 1 2 357 2382 1455
3560 2 2 1 2 1231 2018 363
3561 2 2 1 2 940 2108 1330
3562 2 2 1 2 1028 2411 1491
3563 2 2 1 2 1694 2013 1150
3564 2 2 1 2 1440 1965 193
3565 2 2 1 2 733 2261 1945
3566 2 2 1 2 1349 1999 636
3567 2 2 1 2 144 1664 453
3568 2 2 1 2 1314 1782 654
3569 2 2 1 2 839 2202 1436
3570 2 2 1 2 16 1695 89
3571 2 2 1 2 1528 2111 88
3572 2 2 1 2 1565 2018 788
3573 2 2 1 2 383 1928 1507
3574 2 2 1 2 1399 2027 342
3575 2 2 1 2 1558 2267 577
3576 2 2 1 2 189 1743 190
3577 2 2 1 2 1490 2283 279
3578 2 2 1 2 308 1957 307
3579 2 2 1 2 605 2409 2178
3580 2 2 1 2 531 1917 530
3581 2 2 1 2 1271 2308 289
3582 2 2 1 2 155 1894 238
3583 2 2 1 2 1256 2007 795
3584 2 2 1 2 1371 1743 189
3585 2 2 1 2 1751 1991 1015
3586 2 2 1 2 717 1659 1382
3587 2 2 1 2 1264 1869 461
3588 2 2 1 2 1290 2296 328
3589 2 2 1 2 1123 2384 835
3590 2 2 1 2 525 1996 1259
3591 2 2 1 2 689 2192 1703
3592 2 2 1 2 1291 2221 760
3593 2 2 1 2 886 2162 1732
3594 2 2 1 2 765 2381 1240
3595 2 2 1 2 1368 2258 849
3596 2 2 1 2 1041 2308 1271
3597 2 2 1 2 1547 1644 974
3598 2 2 1 2 1259 1996 833
3599 2 2 1 2 1455 2239 357
3600 2 2 1 2 249 1878 250
3601 2 2 1 2 1334 2119 56
3602 2 2 1 2 716 1600 1447
3603 2 2 1 2 2236 2357 175
3604 2 2 1 2 1400 1628 555
3605 2 2 1 2 428 1654 427
3606 2 2 1 2 808 2060 1156
3607 2 2 1 2 848 2420 2147
3608 2 2 1 2 1227 2235 56
3609 2 2 1 2 1231 2109 788
3610 2 2 1 2 267 1663 268
3611 2 2 1 2 102 1959 1662
3612 2 2 1 2 832 1869 1264
3613 2 2 1 2 886 2310 2162
3614 2 2 1 2 2201 2400 733
3615 2 2 1 2 1247 2058 573
3616 2 2 1 2 794 1910 1263
3617 2 2 1 2 728 1489 1372
3618 2 2 1 2 163 1690 1398
3619 2 2 1 2 19 1615 1355
3620 2 2 1 2 496 1743 495
3621 2 2 1 2 845 1972 1146
3622 2 2 1 2 495 1743 1371
3623 2 2 1 2 657 2183 1251
3624 2 2 1 2 496 2055 1743
3625 2 2 1 2 214 1858 127
3626 2 2 1 2 131 2297 22
3627 2 2 1 2 1353 1736 1058
3628 2 2 1 2 146 2241 1370
3629 2 2 1 2 570 1631 1570
3630 2 2 1 2 562 1864 1223
3631 2 2 1 2 1398 1690 445
3632 2 2 1 2 121 1908 1818
3633 2 2 1 2 143 2114 1422
3634 2 2 1 2 746 2130 1395
3635 2 2 1 2 889 2090 1281
3636 2 2 1 2 1235 2109 684
3637 2 2 1 2 182 2333 183
3638 2 2 1 2 1245 2040 712
3639 2 2 1 2 2044 2144 976
3640 2 2 1 2 444 1690 164
3641 2 2 1 2 1570 1631 821
3642 2 2 1 2 389 1707 136
3643 2 2 1 2 302 2381 1809
3644 2 2 1 2 674 2280 1326
3645 2 2 1 2 684 2109 1231
3646 2 2 1 2 1743 2055 190
3647 2 2 1 2 434 1698 29
3648 2 2 1 2 1134 2032 600
3649 2 2 1 2 800 1832 1233
3650 2 2 1 2 795 2007 1236
3651 2 2 1 2 339 2042 1416
3652 2 2 1 2 709 2240 1434
3653 2 2 1 2 1034 2212 1388
3654 2 2 1 2 2004 2100 1070
3655 2 2 1 2 343 1931 1228
3656 2 2 1 2 1379 1976 752
3657 2 2 1 2 1732 1810 886
3658 2 2 1 2 1342 1862 874
3659 2 2 1 2 847 2317 1238
3660 2 2 1 2 1210 2269 781
3661 2 2 1 2 1092 2389 1746
3662 2 2 1 2 1257 2047 885
3663 2 2 1 2 704 2157 1474
3664 2 2 1 2 1256 2203 1015
3665 2 2 1 2 1510 2326 1064
3666 2 2 1 2 3 1988 245
3667 2 2 1 2 1537 1760 209
3668 2 2 1 2 1545 1764 703
3669 2 2 1 2 224 2034 225
3670 2 2 1 2 769 1721 1350
3671 2 2 1 2 72 2158 1261
3672 2 2 1 2 1509 1535 843
3673 2 2 1 2 419 2048 1667
3674 2 2 1 2 1888 2028 830
3675 2 2 1 2 328 2297 1290
3676 2 2 1 2 1813 2080 1114
3677 2 2 1 2 1251 2078 657
3678 2 2 1 2 270 2083 1320
3679 2 2 1 2 1826 1943 229
3680 2 2 1 2 816 1696 1367
3681 2 2 1 2 1235 2265 596
3682 2 2 1 2 598 2330 2197
3683 2 2 1 2 1548 1648 713
3684 2 2 1 2 161 2039 52
3685 2 2 1 2 183 1766 1312
3686 2 2 1 2 1358 1692 948
3687 2 2 1 2 1297 2227 465
3688 2 2 1 2 1315 2038 830
3689 2 2 1 2 662 2269 1210
3690 2 2 1 2 1397 2075 672
3691 2 2 1 2 1320 2083 880
3692 2 2 1 2 1179 1998 822
3693 2 2 1 2 968 2295 1903
3694 2 2 1 2 349 2337 350
3695 2 2 1 2 1436 2202 324
3696 2 2 1 2 1024 2030 1420
3697 2 2 1 2 162 1763 163
3698 2 2 1 2 751 1971 1303
3699 2 2 1 2 220 1584 1531
3700 2 2 1 2 1891 2323 1032
3701 2 2 1 2 95 1942 1328
3702 2 2 1 2 592 2427 2321
3703 2 2 1 2 1416 2042 1037
3704 2 2 1 2 1191 1927 1710
3705 2 2 1 2 818 1965 1440
3706 2 2 1 2 1407 2374 580
3707 2 2 1 2 1465 2240 709
3708 2 2 1 2 1611 1990 432
3709 2 2 1 2 926 2292 1837
3710 2 2 1 2 1014 2208 1886
3711 2 2 1 2 1742 2415 850
3712 2 2 1 2 1149 2295 1488
3713 2 2 1 2 1787 1904 946
3714 2 2 1 2 97 1726 321
3715 2 2 1 2 465 1752 1297
3716 2 2 1 2 569 1764 1545
3717 2 2 1 2 1358 2392 376
3718 2 2 1 2 754 2306 1363
3719 2 2 1 2 1458 2122 866
3720 2 2 1 2 961 2312 1257
3721 2 2 1 2 1352 2120 685
3722 2 2 1 2 1731 2427 592
3723 2 2 1 2 160 2203 1256
3724 2 2 1 2 320 1954 321
3725 2 2 1 2 1375 1746 730
3726 2 2 1 2 910 1864 1830
3727 2 2 1 2 180 2132 1534
3728 2 2 1 2 1164 2420 220
3729 2 2 1 2 1300 1923 592
3730 2 2 1 2 1670 1795 1116
3731 2 2 1 2 1567 1771 739
3732 2 2 1 2 732 1747 1302
3733 2 2 1 2 1499 2116 606
3734 2 2 1 2 1599 1798 804
3735 2 2 1 2 336 2074 1279
3736 2 2 1 2 1130 2415 1742
3737 2 2 1 2 1607 2289 934
3738 2 2 1 2 178 1811 1273
3739 2 2 1 2 249 2199 248
3740 2 2 1 2 1526 1719 571
3741 2 2 1 2 931 1754 1384
3742 2 2 1 2 834 2257 1951
3743 2 2 1 2 552 2126 1206
3744 2 2 1 2 1298 2373 66
3745 2 2 1 2 797 1904 1787
3746 2 2 1 2 1463 2175 649
3747 2 2 1 2 766 1927 1365
3748 2 2 1 2 358 2257 1293
3749 2 2 1 2 1257 2312 368
3750 2 2 1 2 1863 2006 967
3751 2 2 1 2 1558 1993 850
3752 2 2 1 2 135 2063 1716
3753 2 2 1 2 1312 1766 802
3754 2 2 1 2 271 1733 71
3755 2 2 1 2 1387 2379 668
3756 2 2 1 2 1447 1600 118
3757 2 2 1 2 4 2264 247
3758 2 2 1 2 1505 2064 767
3759 2 2 1 2 1561 2214 213
3760 2 2 1 2 556 1792 1286
3761 2 2 1 2 1277 2017 829
3762 2 2 1 2 997 1643 1562
3763 2 2 1 2 1412 2336 687
3764 2 2 1 2 465 2227 464
3765 2 2 1 2 1818 1908 987
3766 2 2 1 2 1272 2408 966
3767 2 2 1 2 224 1873 223
3768 2 2 1 2 1370 2241 875
3769 2 2 1 2 1464 1832 800
3770 2 2 1 2 155 1752 466
3771 2 2 1 2 1486 1814 384
3772 2 2 1 2 1336 1906 436
3773 2 2 1 2 1945 2261 1077
3774 2 2 1 2 489 2240 38
3775 2 2 1 2 849 2339 1461
3776 2 2 1 2 1281 2350 889
3777 2 2 1 2 152 1739 414
3778 2 2 1 2 1230 2144 370
3779 2 2 1 2 338 2115 1301
3780 2 2 1 2 1844 1945 1077
3781 2 2 1 2 374 1762 375
3782 2 2 1 2 127 1858 1333
3783 2 2 1 2 790 1923 1300
3784 2 2 1 2 672 2075 1418
3785 2 2 1 2 1515 1728 724
3786 2 2 1 2 193 2059 1440
3787 2 2 1 2 179 2355 1811
3788 2 2 1 2 950 2402 1560
3789 2 2 1 2 726 1792 1500
3790 2 2 1 2 1281 2090 288
3791 2 2 1 2 1256 2273 160
3792 2 2 1 2 1569 1688 772
3793 2 2 1 2 179 2424 80
3794 2 2 1 2 405 1758 404
3795 2 2 1 2 319 1893 318
3796 2 2 1 2 282 2038 1315
3797 2 2 1 2 1258 1847 1556
3798 2 2 1 2 1354 2306 754
3799 2 2 1 2 929 1967 1930
3800 2 2 1 2 1964 2065 1105
3801 2 2 1 2 1374 1771 70
3802 2 2 1 2 1507 1928 866
3803 2 2 1 2 408 1773 149
3804 2 2 1 2 94 1940 312
3805 2 2 1 2 805 1753 1373
3806 2 2 1 2 324 2202 323
3807 2 2 1 2 1716 2063 992
3808 2 2 1 2 1240 2381 303
3809 2 2 1 2 1720 1749 257
3810 2 2 1 2 128 1768 218
3811 2 2 1 2 1516 2248 908
3812 2 2 1 2 231 2104 1544
3813 2 2 1 2 470 2318 469
3814 2 2 1 2 774 1895 1304
3815 2 2 1 2 294 2263 295
3816 2 2 1 2 843 1942 1509
3817 2 2 1 2 743 1823 1364
3818 2 2 1 2 867 2101 1538
3819 2 2 1 2 129 1759 1711
3820 2 2 1 2 1048 2351 1890
3821 2 2 1 2 2299 2380 626
3822 2 2 1 2 233 1712 234
3823 2 2 1 2 713 1836 1321
3824 2 2 1 2 1487 1593 765
3825 2 2 1 2 1548 1614 841
3826 2 2 1 2 1460 1717 761
3827 2 2 1 2 815 1919 1153
3828 2 2 1 2 1678 2011 842
3829 2 2 1 2 406 2157 1391
3830 2 2 1 2 1061 1839 1537
3831 2 2 1 2 1376 2034 224
3832 2 2 1 2 134 2246 1431
3833 2 2 1 2 1513 1622 710
3834 2 2 1 2 556 2089 1306
3835 2 2 1 2 418 1667 334
3836 2 2 1 2 1622 1748 1120
3837 2 2 1 2 238 2193 1297
3838 2 2 1 2 978 2053 1517
3839 2 2 1 2 1276 2076 547
3840 2 2 1 2 1625 2256 204
3841 2 2 1 2 1591 2426 212
3842 2 2 1 2 1299 1912 768
3843 2 2 1 2 892 2278 1706
3844 2 2 1 2 1504 1911 755
3845 2 2 1 2 1261 2386 761
3846 2 2 1 2 1306 1950 902
3847 2 2 1 2 316 1835 317
3848 2 2 1 2 247 2107 56
3849 2 2 1 2 1370 1994 807
3850 2 2 1 2 405 2157 406
3851 2 2 1 2 190 2289 1607
3852 2 2 1 2 422 1795 67
3853 2 2 1 2 1403 2125 203
3854 2 2 1 2 562 2153 1323
3855 2 2 1 2 923 2116 1499
3856 2 2 1 2 93 2395 1338
3857 2 2 1 2 498 2306 1354
3858 2 2 1 2 368 2047 1257
3859 2 2 1 2 830 2028 1522
3860 2 2 1 2 350 2029 349
3861 2 2 1 2 91 1766 183
3862 2 2 1 2 865 2228 1909
3863 2 2 1 2 1630 2356 110
3864 2 2 1 2 772 1933 1347
3865 2 2 1 2 1274 1967 678
3866 2 2 1 2 1364 2318 76
3867 2 2 1 2 301 2421 302
3868 2 2 1 2 1624 2056 585
3869 2 2 1 2 551 1916 1679
3870 2 2 1 2 335 1828 8
3871 2 2 1 2 700 1948 1386
3872 2 2 1 2 829 1911 1504
3873 2 2 1 2 1284 2002 665
3874 2 2 1 2 834 1906 1336
3875 2 2 1 2 163 1763 1339
3876 2 2 1 2 1042 2431 1354
3877 2 2 1 2 368 2312 367
3878 2 2 1 2 1262 2226 668
3879 2 2 1 2 1309 2264 381
3880 2 2 1 2 1531 1584 502
3881 2 2 1 2 717 1966 1547
3882 2 2 1 2 728 2285 1318
3883 2 2 1 2 1770 2428 1161
3884 2 2 1 2 65 2005 172
3885 2 2 1 2 667 2386 1261
3886 2 2 1 2 594 1644 1547
3887 2 2 1 2 378 1804 132
3888 2 2 1 2 1418 2421 738
3889 2 2 1 2 1383 1934 90
3890 2 2 1 2 685 2100 2004
3891 2 2 1 2 18 1799 313
3892 2 2 1 2 35 1986 87
3893 2 2 1 2 1203 2307 793
3894 2 2 1 2 918 2175 1463
3895 2 2 1 2 230 1943 1378
3896 2 2 1 2 1497 2130 746
3897 2 2 1 2 1303 1981 751
3898 2 2 1 2 1503 1877 519
3899 2 2 1 2 324 1895 325
3900 2 2 1 2 1044 2296 1290
3901 2 2 1 2 742 1915 1414
3902 2 2 1 2 1324 1984 639
3903 2 2 1 2 201 2290 1639
3904 2 2 1 2 1739 2385 1062
3905 2 2 1 2 82 2121 1612
3906 2 2 1 2 373 2248 1516
3907 2 2 1 2 749 1892 1468
3908 2 2 1 2 804 1995 1271
3909 2 2 1 2 549 1868 1357
3910 2 2 1 2 1477 2358 746
3911 2 2 1 2 1216 1987 1673
3912 2 2 1 2 1260 2291 996
3913 2 2 1 2 359 1817 360
3914 2 2 1 2 841 1678 1335
3915 2 2 1 2 1203 2263 294
3916 2 2 1 2 469 2318 1364
3917 2 2 1 2 1652 2254 446
3918 2 2 1 2 106 2230 1592
3919 2 2 1 2 1666 2032 1134
3920 2 2 1 2 199 2160 1411
3921 2 2 1 2 461 1869 460
3922 2 2 1 2 730 2389 2078
3923 2 2 1 2 302 2075 303
3924 2 2 1 2 121 1818 358
3925 2 2 1 2 943 2056 1624
3926 2 2 1 2 1261 1949 667
3927 2 2 1 2 1258 1556 666
3928 2 2 1 2 1096 2366 2182
3929 2 2 1 2 1347 1933 591
3930 2 2 1 2 670 1992 1347
3931 2 2 1 2 1483 1527 810
3932 2 2 1 2 746 2358 1497
3933 2 2 1 2 185 1821 184
3934 2 2 1 2 579 2316 1767
3935 2 2 1 2 352 1955 351
3936 2 2 1 2 580 1717 1460
3937 2 2 1 2 1289 2319 838
3938 2 2 1 2 1588 1931 344
3939 2 2 1 2 943 2124 1623
3940 2 2 1 2 1344 2150 564
3941 2 2 1 2 1680 2343 1253
3942 2 2 1 2 70 2422 1374
3943 2 2 1 2 1374 2422 891
3944 2 2 1 2 1383 2414 820
3945 2 2 1 2 409 1866 11
3946 2 2 1 2 1395 2130 149
3947 2 2 1 2 174 2331 1359
3948 2 2 1 2 179 2332 1402
3949 2 2 1 2 1020 2423 2088
3950 2 2 1 2 339 2323 340
3951 2 2 1 2 369 1842 126
3952 2 2 1 2 777 2218 1597
3953 2 2 1 2 149 2130 408
3954 2 2 1 2 366 1720 6
3955 2 2 1 2 1855 2384 1123
3956 2 2 1 2 671 1932 1344
3957 2 2 1 2 787 1984 1324
3958 2 2 1 2 637 2414 1383
3959 2 2 1 2 311 2395 93
3960 2 2 1 2 1833 1899 812
3961 2 2 1 2 1233 1832 252
3962 2 2 1 2 1580 2430 896
3963 2 2 1 2 1413 1899 691
3964 2 2 1 2 1326 2280 754
3965 2 2 1 2 952 1815 1543
3966 2 2 1 2 1192 2414 637
3967 2 2 1 2 1469 2049 104
3968 2 2 1 2 762 2015 1348
3969 2 2 1 2 1751 1908 121
3970 2 2 1 2 53 1736 1353
3971 2 2 1 2 1451 1878 249
3972 2 2 1 2 209 2096 1389
3973 2 2 1 2 299 1862 1342
3974 2 2 1 2 1632 2400 101
3975 2 2 1 2 671 2319 1289
3976 2 2 1 2 108 1678 1619
3977 2 2 1 2 776 2034 1376
3978 2 2 1 2 167 1850 59
3979 2 2 1 2 955 2106 1777
3980 2 2 1 2 1543 1815 806
3981 2 2 1 2 398 2213 1409
3982 2 2 1 2 1460 2145 580
3983 2 2 1 2 309 1852 310
3984 2 2 1 2 767 2064 1647
3985 2 2 1 2 125 2047 368
3986 2 2 1 2 733 1945 1394
3987 2 2 1 2 290 2200 289
3988 2 2 1 2 397 2213 398
3989 2 2 1 2 1059 2316 1874
3990 2 2 1 2 1301 2115 783
3991 2 2 1 2 949 1132 529
3992 2 2 1 2 1116 2255 852
3993 2 2 1 2 1562 1643 55
3994 2 2 1 2 269 2260 268
3995 2 2 1 2 1322 2395 311
3996 2 2 1 2 328 2296 327
3997 2 2 1 2 1830 1864 562
3998 2 2 1 2 2047 2173 885
3999 2 2 1 2 706 2404 1490
4000 2 2 1 2 1411 2160 889
4001 2 2 1 2 1621 2232 404
4002 2 2 1 2 876 2247 2088
4003 2 2 1 2 690 1719 1526
4004 2 2 1 2 1585 1905 970
4005 2 2 1 2 572 1645 1635
4006 2 2 1 2 998 2313 1338
4007 2 2 1 2 1311 2430 659
4008 2 2 1 2 748 2119 1334
4009 2 2 1 2 834 2340 1293
4010 2 2 1 2 297 1861 298
4011 2 2 1 2 288 2090 287
4012 2 2 1 2 667 1949 1356
4013 2 2 1 2 817 2032 1666
4014 2 2 1 2 275 1883 274
4015 2 2 1 2 1731 1923 1022
4016 2 2 1 2 109 1689 1542
4017 2 2 1 2 577 1993 1558
4018 2 2 1 2 1317 2341 1006
4019 2 2 1 2 1277 2279 391
4020 2 2 1 2 1759 1831 861
4021 2 2 1 2 1493 1687 739
4022 2 2 1 2 727 1715 1025
4023 2 2 1 2 1718 2187 381
4024 2 2 1 2 1706 2337 892
4025 2 2 1 2 1310 2155 862
4026 2 2 1 2 1509 1942 95
4027 2 2 1 2 1318 2285 801
4028 2 2 1 2 1270 2274 138
4029 2 2 1 2 251 1832 1464
4030 2 2 1 2 1619 1678 842
4031 2 2 1 2 1347 1992 772
4032 2 2 1 2 1293 2340 655
4033 2 2 1 2 237 2193 238
4034 2 2 1 2 1721 1913 583
4035 2 2 1 2 115 1785 1638
4036 2 2 1 2 646 2309 1275
4037 2 2 1 2 131 1925 1290
4038 2 2 1 2 1474 2157 405
4039 2 2 1 2 436 1906 435
4040 2 2 1 2 1537 1839 780
4041 2 2 1 2 1831 2398 583
4042 2 2 1 2 1162 1939 1581
4043 2 2 1 2 1292 2093 901
4044 2 2 1 2 1306 2089 793
4045 2 2 1 2 340 2042 339
4046 2 2 1 2 1066 1853 1445
4047 2 2 1 2 225 2300 226
4048 2 2 1 2 286 2417 2138
4049 2 2 1 2 252 1832 251
4050 2 2 1 2 107 1914 202
4051 2 2 1 2 1304 1895 324
4052 2 2 1 2 1486 1808 758
4053 2 2 1 2 6 1921 256
4054 2 2 1 2 491 1826 228
4055 2 2 1 2 2216 2235 945
4056 2 2 1 2 2112 2148 389
4057 2 2 1 2 385 1808 1486
4058 2 2 1 2 56 2107 1334
4059 2 2 1 2 594 2253 1644
4060 2 2 1 2 363 2018 362
4061 2 2 1 2 318 2172 1351
4062 2 2 1 2 347 2066 30
4063 2 2 1 2 580 2145 1319
4064 2 2 1 2 1904 2316 579
4065 2 2 1 2 1635 1645 908
4066 2 2 1 2 1478 2023 1026
4067 2 2 1 2 1326 2101 674
4068 2 2 1 2 1360 1858 214
4069 2 2 1 2 1366 2336 803
4070 2 2 1 2 216 1924 217
4071 2 2 1 2 1711 1759 861
4072 2 2 1 2 1857 2273 795
4073 2 2 1 2 1535 2195 96
4074 2 2 1 2 1544 1666 230
4075 2 2 1 2 2088 2423 1169
4076 2 2 1 2 1713 2016 882
4077 2 2 1 2 1356 1949 782
4078 2 2 1 2 820 1934 1383
4079 2 2 1 2 747 1722 1480
4080 2 2 1 2 390 1612 1252
4081 2 2 1 2 755 1911 1594
4082 2 2 1 2 1518 1734 720
4083 2 2 1 2 780 1760 1537
4084 2 2 1 2 79 2354 1202
4085 2 2 1 2 1350 2353 567
4086 2 2 1 2 951 2105 2068
4087 2 2 1 2 573 2058 1484
4088 2 2 1 2 1243 2282 672
4089 2 2 1 2 1480 1722 517
4090 2 2 1 2 389 2148 13
4091 2 2 1 2 265 1880 266
4092 2 2 1 2 1595 2434 450
4093 2 2 1 2 22 2072 329
4094 2 2 1 2 891 2422 1320
4095 2 2 1 2 1467 2314 1001
4096 2 2 1 2 408 2130 1497
4097 2 2 1 2 1336 2340 834
4098 2 2 1 2 583 2398 2366
4099 2 2 1 2 295 2037 294
4100 2 2 1 2 302 2421 1418
4101 2 2 1 2 1441 1830 562
4102 2 2 1 2 1505 2348 1208
4103 2 2 1 2 579 1976 1379
4104 2 2 1 2 526 1996 525
4105 2 2 1 2 261 1886 262
4106 2 2 1 2 197 1974 23
4107 2 2 1 2 1819 2307 293
4108 2 2 1 2 1362 2150 794
4109 2 2 1 2 376 2392 377
4110 2 2 1 2 1703 2192 995
4111 2 2 1 2 1275 2309 1804
4112 2 2 1 2 1691 2313 750
4113 2 2 1 2 655 2340 1336
4114 2 2 1 2 343 2118 344
4115 2 2 1 2 521 2271 520
4116 2 2 1 2 1442 2412 888
4117 2 2 1 2 51 2203 160
4118 2 2 1 2 449 1989 448
4119 2 2 1 2 569 2217 1316
4120 2 2 1 2 1614 2011 841
4121 2 2 1 2 391 2279 390
4122 2 2 1 2 304 2095 305
4123 2 2 1 2 838 2319 1344
4124 2 2 1 2 500 2218 499
4125 2 2 1 2 351 2344 352
4126 2 2 1 2 881 2154 1300
4127 2 2 1 2 1488 2295 968
4128 2 2 1 2 424 1845 205
4129 2 2 1 2 292 2372 81
4130 2 2 1 2 485 2093 484
4131 2 2 1 2 285 2358 76
4132 2 2 1 2 1202 2354 1499
4133 2 2 1 2 260 2031 1557
4134 2 2 1 2 836 2219 1316
4135 2 2 1 2 370 2144 371
4136 2 2 1 2 1473 2213 397
4137 2 2 1 2 1576 2238 820
4138 2 2 1 2 407 2154 1799
4139 2 2 1 2 229 1943 230
4140 2 2 1 2 75 2211 281
4141 2 2 1 2 1468 1892 83
4142 2 2 1 2 1946 2166 784
4143 2 2 1 2 801 2353 1350
4144 2 2 1 2 1418 2075 302
4145 2 2 1 2 1369 1572 818
4146 2 2 1 2 751 2049 1469
4147 2 2 1 2 139 2069 395
4148 2 2 1 2 1777 2106 759
4149 2 2 1 2 149 1773 1634
4150 2 2 1 2 1438 2186 769
4151 2 2 1 2 1290 2297 131
4152 2 2 1 2 283 2038 282
4153 2 2 1 2 773 1879 1521
4154 2 2 1 2 1344 2319 671
4155 2 2 1 2 1377 2149 991
4156 2 2 1 2 868 2355 1346
4157 2 2 1 2 269 2083 270
4158 2 2 1 2 964 1790 1528
4159 2 2 1 2 603 2011 1614
4160 2 2 1 2 1379 2062 579
4161 2 2 1 2 1427 1893 319
4162 2 2 1 2 962 2125 1403
4163 2 2 1 2 926 2396 2292
4164 2 2 1 2 1484 2058 857
4165 2 2 1 2 152 2385 1739
4166 2 2 1 2 660 2338 1802
4167 2 2 1 2 1435 2200 290
4168 2 2 1 2 1169 2423 1748
4169 2 2 1 2 1278 1835 316
4170 2 2 1 2 388 2326 387
4171 2 2 1 2 387 1688 1569
4172 2 2 1 2 1456 2142 835
4173 2 2 1 2 156 2169 441
4174 2 2 1 2 812 1899 1413
4175 2 2 1 2 160 2273 159
4176 2 2 1 2 930 2223 2182
4177 2 2 1 2 904 2407 2113
4178 2 2 1 2 672 2282 1397
4179 2 2 1 2 2179 2376 874
4180 2 2 1 2 499 2218 1363
4181 2 2 1 2 1679 1916 903
4182 2 2 1 2 1107 2376 2179
4183 2 2 1 2 1802 2338 1066
4184 2 2 1 2 1316 2217 836
4185 2 2 1 2 1799 2154 881
4186 2 2 1 2 1735 2266 134
4187 2 2 1 2 691 1899 1422
4188 2 2 1 2 831 1694 1592
4189 2 2 1 2 1142 2148 2112
4190 2 2 1 2 1014 1886 1408
4191 2 2 1 2 813 1831 1759
4192 2 2 1 2 1324 2416 548
4193 2 2 1 2 231 2026 148
4194 2 2 1 2 817 1666 1544
4195 2 2 1 2 1460 1864 910
4196 2 2 1 2 1528 1790 805
4197 2 2 1 2 1442 1997 981
4198 2 2 1 2 1437 1990 900
4199 2 2 1 2 921 2385 1589
4200 2 2 1 2 1200 2249 1652
4201 2 2 1 2 617 2425 1384
4202 2 2 1 2 678 1967 1778
4203 2 2 1 2 564 2150 1362
4204 2 2 1 2 1924 2430 1311
4205 2 2 1 2 583 1929 1721
4206 2 2 1 2 484 2093 1292
4207 2 2 1 2 1603 1915 742
4208 2 2 1 2 135 2243 2063
4209 2 2 1 2 312 2092 94
4210 2 2 1 2 2292 2396 1194
4211 2 2 1 2 957 1771 1567
4212 2 2 1 2 1768 2393 218
4213 2 2 1 2 922 1908 1751
4214 2 2 1 2 362 2149 363
4215 2 2 1 2 611 2245 2061
4216 2 2 1 2 1238 2315 1642
4217 2 2 1 2 1570 2399 743
4218 2 2 1 2 1432 1968 576
4219 2 2 1 2 430 2304 1587
4220 2 2 1 2 1746 2389 730
4221 2 2 1 2 1407 2351 651
4222 2 2 1 2 2182 2366 930
4223 2 2 1 2 15 2057 300
4224 2 2 1 2 395 2069 1425
4225 2 2 1 2 1589 1761 921
4226 2 2 1 2 258 2342 257
4227 2 2 1 2 208 2096 209
4228 2 2 1 2 825 2027 1399
4229 2 2 1 2 337 2190 336
4230 2 2 1 2 1581 1677 199
4231 2 2 1 2 799 1843 1388
4232 2 2 1 2 1452 2207 781
4233 2 2 1 2 863 2351 1407
4234 2 2 1 2 494 2141 493
4235 2 2 1 2 976 2094 2044
4236 2 2 1 2 647 2036 1572
4237 2 2 1 2 281 2211 1348
4238 2 2 1 2 1794 2089 1201
4239 2 2 1 2 2174 2253 941
4240 2 2 1 2 612 2277 1647
4241 2 2 1 2 410 2054 409
4242 2 2 1 2 65 2102 225
4243 2 2 1 2 931 1807 1466
4244 2 2 1 2 226 2435 65
4245 2 2 1 2 341 2368 342
4246 2 2 1 2 738 2421 1536
4247 2 2 1 2 325 2335 99
4248 2 2 1 2 345 2367 346
4249 2 2 1 2 643 2419 1511
4250 2 2 1 2 482 1962 232
4251 2 2 1 2 264 2294 263
4252 2 2 1 2 910 2145 1460
4253 2 2 1 2 1517 2053 36
4254 2 2 1 2 84 1982 1525
4255 2 2 1 2 738 2346 1418
4256 2 2 1 2 136 2112 389
4257 2 2 1 2 1046 1961 1802
4258 2 2 1 2 148 2104 231
4259 2 2 1 2 1192 2344 351
4260 2 2 1 2 134 2266 1902
4261 2 2 1 2 1550 1946 784
4262 2 2 1 2 1370 2275 146
4263 2 2 1 2 857 2352 1375
4264 2 2 1 2 1485 1894 821
4265 2 2 1 2 810 2176 1889
4266 2 2 1 2 90 2132 180
4267 2 2 1 2 374 2248 373
4268 2 2 1 2 1511 2419 950
4269 2 2 1 2 807 2275 1370
4270 2 2 1 2 1542 1689 59
4271 2 2 1 2 198 2160 199
4272 2 2 1 2 561 2167 1439
4273 2 2 1 2 1466 2137 553
4274 2 2 1 2 1452 1834 782
4275 2 2 1 2 608 2185 1493
4276 2 2 1 2 1504 2133 585
4277 2 2 1 2 1420 2030 1143
4278 2 2 1 2 1425 2069 871
4279 2 2 1 2 1186 2253 2174
4280 2 2 1 2 9 2044 273
4281 2 2 1 2 1522 2028 575
4282 2 2 1 2 596 2265 2041
4283 2 2 1 2 178 2332 179
4284 2 2 1 2 203 2125 202
4285 2 2 1 2 1032 2323 1280
4286 2 2 1 2 80 2424 1768
4287 2 2 1 2 1532 2388 682
4288 2 2 1 2 394 2098 395
4289 2 2 1 2 584 2288 1610
4290 2 2 1 2 800 1968 1432
4291 2 2 1 2 1436 2270 839
4292 2 2 1 2 807 1994 1401
4293 2 2 1 2 1065 2244 1512
4294 2 2 1 2 839 2067 1405
4295 2 2 1 2 2058 2206 857
4296 2 2 1 2 631 2201 1394
4297 2 2 1 2 273 2094 274
4298 2 2 1 2 782 2158 1452
4299 2 2 1 2 592 2321 2073
4300 2 2 1 2 158 2324 159
4301 2 2 1 2 1380 2168 825
4302 2 2 1 2 213 2214 117
4303 2 2 1 2 1860 2185 1011
4304 2 2 1 2 776 2373 1298
4305 2 2 1 2 2088 2247 1020
4306 2 2 1 2 1677 2361 939
4307 2 2 1 2 872 2185 1860
4308 2 2 1 2 77 2215 527
4309 2 2 1 2 14 2129 298
4310 2 2 1 2 13 2148 82
4311 2 2 1 2 960 1969 1958
4312 2 2 1 2 1526 2251 690
4313 2 2 1 2 363 2149 1377
4314 2 2 1 2 1493 2185 872
4315 2 2 1 2 234 2165 233
4316 2 2 1 2 1337 2372 1189
4317 2 2 1 2 1446 2383 120
4318 2 2 1 2 1520 1948 700
4319 2 2 1 2 279 2283 280
4320 2 2 1 2 1668 2073 870
4321 2 2 1 2 1213 2123 192
4322 2 2 1 2 228 1851 1776
4323 2 2 1 2 200 2290 201
4324 2 2 1 2 1744 1821 151
4325 2 2 1 2 289 2308 290
4326 2 2 1 2 1754 2020 854
4327 2 2 1 2 1542 1850 783
4328 2 2 1 2 1249 2256 823
4329 2 2 1 2 835 2142 1123
4330 2 2 1 2 1483 1889 771
4331 2 2 1 2 359 2257 358
4332 2 2 1 2 638 1997 1442
4333 2 2 1 2 255 2418 254
4334 2 2 1 2 303 2075 1397
4335 2 2 1 2 885 2173 1849
4336 2 2 1 2 637 2219 1419
4337 2 2 1 2 1335 1803 858
4338 2 2 1 2 1378 2141 942
4339 2 2 1 2 1145 1915 1603
4340 2 2 1 2 662 2170 1414
4341 2 2 1 2 1221 2161 1625
4342 2 2 1 2 371 2144 2044
4343 2 2 1 2 760 2221 1485
4344 2 2 1 2 1418 2346 672
4345 2 2 1 2 1778 1967 929
4346 2 2 1 2 271 2371 272
4347 2 2 1 2 173 2143 33
4348 2 2 1 2 1608 1696 53
4349 2 2 1 2 323 2202 1405
4350 2 2 1 2 1439 2167 774
4351 2 2 1 2 1396 1922 723
4352 2 2 1 2 1741 2188 727
4353 2 2 1 2 833 1677 1581
4354 2 2 1 2 212 2426 211
4355 2 2 1 2 1402 2332 1010
4356 2 2 1 2 626 1897 1555
4357 2 2 1 2 1340 2243 64
4358 2 2 1 2 879 2329 1703
4359 2 2 1 2 1398 2254 862
4360 2 2 1 2 1958 1969 822
4361 2 2 1 2 1655 1844 1077
4362 2 2 1 2 452 2117 1457
4363 2 2 1 2 816 1876 1539
4364 2 2 1 2 784 2166 1646
4365 2 2 1 2 432 1990 58
4366 2 2 1 2 1539 1876 940
4367 2 2 1 2 1557 2031 767
4368 2 2 1 2 1405 2202 839
4369 2 2 1 2 1702 2407 904
4370 2 2 1 2 1499 2082 778
4371 2 2 1 2 218 2349 128
4372 2 2 1 2 1384 2425 911
4373 2 2 1 2 797 2260 1429
4374 2 2 1 2 835 2041 1456
4375 2 2 1 2 791 2110 1501
4376 2 2 1 2 688 1877 1503
4377 2 2 1 2 1405 2067 141
4378 2 2 1 2 789 1813 1545
4379 2 2 1 2 248 2199 1718
4380 2 2 1 2 1559 2333 182
4381 2 2 1 2 1646 2274 784
4382 2 2 1 2 1619 1828 335
4383 2 2 1 2 218 2393 217
4384 2 2 1 2 845 2014 1973
4385 2 2 1 2 865 2294 1513
4386 2 2 1 2 1626 1993 824
4387 2 2 1 2 22 2297 328
4388 2 2 1 2 72 2207 1452
4389 2 2 1 2 177 2258 1368
4390 2 2 1 2 1422 2114 838
4391 2 2 1 2 1876 2108 940
4392 2 2 1 2 1707 1936 136
4393 2 2 1 2 1582 1901 597
4394 2 2 1 2 1381 2425 617
4395 2 2 1 2 858 1948 1520
4396 2 2 1 2 1222 2390 1793
4397 2 2 1 2 140 2006 1863
4398 2 2 1 2 1499 2354 923
4399 2 2 1 2 254 2278 255
4400 2 2 1 2 1624 2126 943
4401 2 2 1 2 1502 2060 588
4402 2 2 1 2 983 2357 2236
4403 2 2 1 2 1938 2305 913
4404 2 2 1 2 935 2324 1456
4405 2 2 1 2 601 2188 1741
4406 2 2 1 2 1637 1786 582
4407 2 2 1 2 1452 2158 72
4408 2 2 1 2 651 2317 1407
4409 2 2 1 2 1343 2387 708
4410 2 2 1 2 124 2334 1890
4411 2 2 1 2 1504 2056 829
4412 2 2 1 2 805 2111 1528
4413 2 2 1 2 2072 2392 1068
4414 2 2 1 2 1897 2380 860
4415 2 2 1 2 727 2188 1715
4416 2 2 1 2 1886 2208 262
4417 2 2 1 2 1419 2219 836
4418 2 2 1 2 97 2186 1438
4419 2 2 1 2 2068 2105 869
4420 2 2 1 2 1973 2014 973
4421 2 2 1 2 153 2195 1421
4422 2 2 1 2 493 2141 1378
4423 2 2 1 2 278 1964 1490
4424 2 2 1 2 1545 1813 569
4425 2 2 1 2 513 2224 45
4426 2 2 1 2 1209 2215 77
4427 2 2 1 2 238 1894 1485
4428 2 2 1 2 94 2092 1459
4429 2 2 1 2 886 1810 1577
4430 2 2 1 2 927 2424 1402
4431 2 2 1 2 1440 2059 1042
4432 2 2 1 2 1461 2339 119
4433 2 2 1 2 829 2017 1911
4434 2 2 1 2 831 2230 1999
4435 2 2 1 2 1589 2385 152
4436 2 2 1 2 1755 1768 128
4437 2 2 1 2 409 2054 1866
4438 2 2 1 2 274 2094 1475
4439 2 2 1 2 76 2318 1609
4440 2 2 1 2 1456 2324 158
4441 2 2 1 2 1467 2409 1007
4442 2 2 1 2 892 2337 1381
4443 2 2 1 2 1585 2401 711
4444 2 2 1 2 567 2353 1372
4445 2 2 1 2 1702 2105 951
4446 2 2 1 2 59 1850 1542
4447 2 2 1 2 808 2383 1446
4448 2 2 1 2 1339 2206 681
4449 2 2 1 2 66 2302 173
4450 2 2 1 2 66 2347 1457
4451 2 2 1 2 687 2336 1366
4452 2 2 1 2 1576 1975 89
4453 2 2 1 2 1482 2217 569
4454 2 2 1 2 1373 2111 805
4455 2 2 1 2 1303 2230 106
4456 2 2 1 2 57 2140 1495
4457 2 2 1 2 1501 1966 717
4458 2 2 1 2 1636 1861 297
4459 2 2 1 2 1459 2092 870
4460 2 2 1 2 894 2200 1435
4461 2 2 1 2 1546 1867 112
4462 2 2 1 2 1966 2429 1547
4463 2 2 1 2 1525 1982 810
4464 2 2 1 2 608 2405 2135
4465 2 2 1 2 758 2153 1578
4466 2 2 1 2 864 2156 2004
4467 2 2 1 2 1703 2329 689
4468 2 2 1 2 1429 2260 269
4469 2 2 1 2 1407 2317 847
4470 2 2 1 2 1539 2367 816
4471 2 2 1 2 530 1917 1798
4472 2 2 1 2 76 2358 1477
4473 2 2 1 2 1921 2312 961
4474 2 2 1 2 803 2336 1412
4475 2 2 1 2 783 2115 1542
4476 2 2 1 2 1657 2029 350
4477 2 2 1 2 755 2133 1504
4478 2 2 1 2 2044 2094 273
4479 2 2 1 2 1663 1972 845
4480 2 2 1 2 173 2347 66
4481 2 2 1 2 1758 2325 1184
4482 2 2 1 2 881 2073 1668
4483 2 2 1 2 931 2020 1754
4484 2 2 1 2 575 2028 1390
4485 2 2 1 2 183 2333 1616
4486 2 2 1 2 362 2018 1565
4487 2 2 1 2 577 2408 1552
4488 2 2 1 2 140 1863 1369
4489 2 2 1 2 837 2364 1914
4490 2 2 1 2 914 1901 1582
4491 2 2 1 2 841 2011 1678
4492 2 2 1 2 68 1748 1622
4493 2 2 1 2 1110 2375 1479
4494 2 2 1 2 352 2344 1419
4495 2 2 1 2 1001 2409 1467
4496 2 2 1 2 850 1993 1626
4497 2 2 1 2 766 1963 1479
4498 2 2 1 2 823 2161 1514
4499 2 2 1 2 2036 2229 846
4500 2 2 1 2 1650 1888 830
4501 2 2 1 2 767 2277 1557
4502 2 2 1 2 421 2222 1779
4503 2 2 1 2 1610 2288 967
4504 2 2 1 2 1711 1954 320
4505 2 2 1 2 734 2108 1855
4506 2 2 1 2 585 2056 1504
4507 2 2 1 2 559 2064 1505
4508 2 2 1 2 387 2326 1510
4509 2 2 1 2 835 2343 2041
4510 2 2 1 2 1633 2274 1270
4511 2 2 1 2 1615 2239 958
4512 2 2 1 2 877 2325 1758
4513 2 2 1 2 1804 2309 873
4514 2 2 1 2 975 1888 1650
4515 2 2 1 2 551 2378 1916
4516 2 2 1 2 1866 2054 975
4517 2 2 1 2 847 2374 1407
4518 2 2 1 2 957 2301 1771
4519 2 2 1 2 1723 2197 1005
4520 2 2 1 2 759 1931 1588
4521 2 2 1 2 1748 2423 697
4522 2 2 1 2 1156 2060 1502
4523 2 2 1 2 1890 2334 1048
4524 2 2 1 2 1501 2110 566
4525 2 2 1 2 1068 2392 1358
4526 2 2 1 2 639 1946 1550
4527 2 2 1 2 1757 2339 849
4528 2 2 1 2 2078 2389 988
4529 2 2 1 2 1668 2092 312
4530 2 2 1 2 1330 2066 940
4531 2 2 1 2 606 2082 1499
4532 2 2 1 2 900 1990 1611
4533 2 2 1 2 858 2397 1948
4534 2 2 1 2 267 1972 1663
4535 2 2 1 2 682 2388 1459
4536 2 2 1 2 1811 2284 1273
4537 2 2 1 2 581 2108 1876
4538 2 2 1 2 1372 2285 728
4539 2 2 1 2 1685 2177 1079
4540 2 2 1 2 1530 2045 279
4541 2 2 1 2 1687 2225 739
4542 2 2 1 2 1176 2345 2272
4543 2 2 1 2 598 2197 1723
4544 2 2 1 2 1592 2230 831
4545 2 2 1 2 809 2298 2266
4546 2 2 1 2 1573 1947 775
4547 2 2 1 2 1657 2091 253
4548 2 2 1 2 336 2190 1775
4549 2 2 1 2 870 2092 1668
4550 2 2 1 2 1771 2301 70
4551 2 2 1 2 1647 2064 990
4552 2 2 1 2 2272 2345 729
4553 2 2 1 2 1474 2232 853
4554 2 2 1 2 1831 1913 861
4555 2 2 1 2 31 2122 1458
4556 2 2 1 2 896 2430 1924
4557 2 2 1 2 1581 1939 833
4558 2 2 1 2 831 2013 1694
4559 2 2 1 2 983 2339 1757
4560 2 2 1 2 1434 2240 489
4561 2 2 1 2 2043 2063 819
4562 2 2 1 2 1029 2176 1982
4563 2 2 1 2 833 2361 1677
4564 2 2 1 2 970 2401 1585
4565 2 2 1 2 869 2105 1661
4566 2 2 1 2 958 2239 1455
4567 2 2 1 2 1706 2278 254
4568 2 2 1 2 959 2333 1559
4569 2 2 1 2 548 2231 1577
4570 2 2 1 2 305 2095 1613
4571 2 2 1 2 830 2038 1650
4572 2 2 1 2 1494 2183 1063
4573 2 2 1 2 824 2418 1626
4574 2 2 1 2 1514 2161 645
4575 2 2 1 2 1661 2105 590
4576 2 2 1 2 1232 2193 237
4577 2 2 1 2 1949 2158 782
4578 2 2 1 2 1704 2331 175
4579 2 2 1 2 350 2091 1657
4580 2 2 1 2 96 2127 1535
4581 2 2 1 2 1408 2209 779
4582 2 2 1 2 268 2260 1787
4583 2 2 1 2 588 2060 1789
4584 2 2 1 2 999 2123 1213
4585 2 2 1 2 173 2302 2143
4586 2 2 1 2 2088 2397 876
4587 2 2 1 2 176 2357 1757
4588 2 2 1 2 1550 2416 1324
4589 2 2 1 2 955 2251 1526
4590 2 2 1 2 862 2254 1652
4591 2 2 1 2 861 1954 1711
4592 2 2 1 2 1983 2085 887
4593 2 2 1 2 1612 2121 969
4594 2 2 1 2 1658 2398 813
4595 2 2 1 2 1572 2036 919
4596 2 2 1 2 1634 1773 860
4597 2 2 1 2 648 2413 1820
4598 2 2 1 2 1535 2127 843
4599 2 2 1 2 1587 2304 166
4600 2 2 1 2 1661 2322 909
4601 2 2 1 2 2049 2050 104
4602 2 2 1 2 1053 2137 1553
4603 2 2 1 2 816 2367 1729
4604 2 2 1 2 583 1913 1831
4605 2 2 1 2 1687 2391 71
4606 2 2 1 2 1625 2161 823
4607 2 2 1 2 2046 2362 1055
4608 2 2 1 2 911 2425 1381
4609 2 2 1 2 1577 2231 886
4610 2 2 1 2 255 2278 1671
4611 2 2 1 2 1916 2378 1089
4612 2 2 1 2 1647 2277 767
4613 2 2 1 2 1650 2038 283
4614 2 2 1 2 2034 2300 225
4615 2 2 1 2 38 2240 1465
4616 2 2 1 2 1388 2212 799
4617 2 2 1 2 1580 2311 593
4618 2 2 1 2 590 2322 1661
4619 2 2 1 2 597 1901 1889
4620 2 2 1 2 1493 2405 608
4621 2 2 1 2 1526 2106 955
4622 2 2 1 2 1646 2166 141
4623 2 2 1 2 930 2398 1658
4624 2 2 1 2 1475 2094 976
4625 2 2 1 2 786 2029 1657
4626 2 2 1 2 1491 2411 906
4627 2 2 1 2 1820 2413 1023
4628 2 2 1 2 1934 2238 1173
4629 2 2 1 2 1597 2218 500
4630 2 2 1 2 125 2173 2047
4631 2 2 1 2 592 1923 1731
4632 2 2 1 2 1008 1977 1800
4633 2 2 1 2 1638 1785 814
4634 2 2 1 2 1515 2211 75
4635 2 2 1 2 887 2113 1970
4636 2 2 1 2 896 2311 1580
4637 2 2 1 2 1849 2021 885
4638 2 2 1 2 1679 2427 749
4639 2 2 1 2 1547 2429 594
4640 2 2 1 2 1701 2418 824
4641 2 2 1 2 1798 1917 804
4642 2 2 1 2 919 2036 1959
4643 2 2 1 2 582 2087 1586
4644 2 2 1 2 2051 2068 62
4645 2 2 1 2 1786 2087 582
4646 2 2 1 2 848 2147 2120
4647 2 2 1 2 1457 2117 1100
4648 2 2 1 2 739 2225 1567
4649 2 2 1 2 813 2099 1658
4650 2 2 1 2 1469 1971 751
4651 2 2 1 2 346 2367 1539
4652 2 2 1 2 843 2127 1582
4653 2 2 1 2 1710 1927 766
4654 2 2 1 2 607 2021 1849
4655 2 2 1 2 645 2364 1705
4656 2 2 1 2 992 2063 2043
4657 2 2 1 2 1027 2416 1550
4658 2 2 1 2 876 2397 1803
4659 2 2 1 2 1909 2294 865
4660 2 2 1 2 80 1768 1755
4661 2 2 1 2 759 2106 1590
4662 2 2 1 2 1729 2367 345
4663 2 2 1 2 1513 2294 264
4664 2 2 1 2 689 2329 1741
4665 2 2 1 2 772 2341 1569
4666 2 2 1 2 826 2016 1713
4667 2 2 1 2 1557 2277 1127
4668 2 2 1 2 2285 2353 801
4669 2 2 1 2 1569 2341 1317
4670 2 2 1 2 1800 1977 899
4671 2 2 1 2 1932 2150 1344
4672 2 2 1 2 1558 2415 701
4673 2 2 1 2 1907 2110 791
4674 2 2 1 2 903 2427 1679
4675 2 2 1 2 1802 1961 660
4676 2 2 1 2 1889 1901 771
4677 2 2 1 2 1789 1977 588
4678 2 2 1 2 377 2392 2072
4679 2 2 1 2 2128 2188 601
4680 2 2 1 2 1776 1851 898
4681 2 2 1 2 2082 2286 1032
4682 2 2 1 2 1937 2377 1095
4683 2 2 1 2 1811 2355 868
4684 2 2 1 2 850 2415 1558
4685 2 2 1 2 1144 2330 1981
4686 2 2 1 2 1714 2169 157
4687 2 2 1 2 184 1821 1744
4688 2 2 1 2 1593 2189 1000
4689 2 2 1 2 756 1426 1424
4690 2 2 1 2 1809 2381 765
4691 2 2 1 2 590 2105 1702
4692 2 2 1 2 887 2021 1983
4693 2 2 1 2 1529 2356 953
4694 2 2 1 2 889 2160 1944
4695 2 2 1 2 823 2256 1625
4696 2 2 1 2 905 2085 1983
4697 2 2 1 2 342 2368 1648
4698 2 2 1 2 2120 2147 1013
4699 2 2 1 2 1472 2156 506
4700 2 2 1 2 1594 1911 137
4701 2 2 1 2 2084 2359 864
4702 2 2 1 2 1925 2099 1035
4703 2 2 1 2 774 2167 1840
4704 2 2 1 2 1715 2188 989
4705 2 2 1 2 1713 2173 125
4706 2 2 1 2 1789 2060 808
4707 2 2 1 2 871 2069 1784
4708 2 2 1 2 344 2118 1882
4709 2 2 1 2 852 2255 1974
4710 2 2 1 2 1673 1987 778
4711 2 2 1 2 1787 2260 797
4712 2 2 1 2 988 2389 2139
4713 2 2 1 2 1793 2390 560
4714 2 2 1 2 606 2286 2082
4715 2 2 1 2 194 2431 2059
4716 2 2 1 2 287 2090 1944
4717 2 2 1 2 733 2400 1632
4718 2 2 1 2 1698 2070 29
4719 2 2 1 2 361 2070 1698
4720 2 2 1 2 1497 2358 285
4721 2 2 1 2 882 2173 1713
4722 2 2 1 2 1944 2090 889
4723 2 2 1 2 895 2400 2201
4724 2 2 1 2 919 2363 1572
4725 2 2 1 2 1556 1847 291
4726 2 2 1 2 1970 2021 887
4727 2 2 1 2 1929 2366 1096
4728 2 2 1 2 1956 2113 887
4729 2 2 1 2 2345 2369 729
4730 2 2 1 2 1626 2418 255
4731 2 2 1 2 2139 2389 1092
4732 2 2 1 2 908 2248 1620
4733 2 2 1 2 635 2327 1973
4734 2 2 1 2 1763 2206 1339
4735 2 2 1 2 526 2361 1996
4736 2 2 1 2 1960 2178 1001
4737 2 2 1 2 2084 2428 619
4738 2 2 1 2 1658 2099 131
4739 2 2 1 2 857 2206 1763
4740 2 2 1 2 1983 2021 607
4741 2 2 1 2 821 2399 1570
4742 2 2 1 2 951 2068 2051
4743 2 2 1 2 1658 2223 930
4744 2 2 1 2 1784 2069 139
4745 2 2 1 2 1457 2347 451
4746 2 2 1 2 1583 2220 276
4747 2 2 1 2 1863 2287 647
4748 2 2 1 2 1572 2363 818
4749 2 2 1 2 1862 2179 874
4750 2 2 1 2 864 2359 2022
4751 2 2 1 2 784 2274 1633
4752 2 2 1 2 1791 2433 616
4753 2 2 1 2 581 2384 1855
4754 2 2 1 2 1638 2276 253
4755 2 2 1 2 1992 2341 772
4756 2 2 1 2 2259 2404 1094
4757 2 2 1 2 1154 2369 2345
4758 2 2 1 2 1032 2286 1891
4759 2 2 1 2 899 1977 1789
4760 2 2 1 2 1616 2333 959
4761 2 2 1 2 794 2150 1932
4762 2 2 1 2 1372 2353 2285
4763 2 2 1 2 1818 2394 1181
4764 2 2 1 2 809 2266 1735
4765 2 2 1 2 579 2062 1904
4766 2 2 1 2 152 2189 1589
4767 2 2 1 2 1652 2249 862
4768 2 2 1 2 887 2085 1956
4769 2 2 1 2 1904 2062 946
4770 2 2 1 2 192 2363 919
4771 2 2 1 2 789 2080 1813
4772 2 2 1 2 1905 2298 809
4773 2 2 1 2 1891 2286 938
4774 2 2 1 2 1654 2250 427
4775 2 2 1 2 69 2247 1686
4776 2 2 1 2 845 2327 1663
4777 2 2 1 2 1006 2341 1992
4778 2 2 1 2 885 2021 1970
4779 2 2 1 2 384 2220 1583
4780 2 2 1 2 853 2232 1621
4781 2 2 1 2 953 2356 1630
4782 2 2 1 2 2360 2361 526
4783 2 2 1 2 1970 2113 614
4784 2 2 1 2 658 2348 2328
4785 2 2 1 2 878 2177 1685
4786 2 2 1 2 1620 2248 374
4787 2 2 1 2 2215 2360 527
4788 2 2 1 2 1686 2247 876
4789 2 2 1 2 920 2178 1960
4790 2 2 1 2 820 1975 1576
4791 2 2 1 2 2005 2435 1007
4792 2 2 1 2 65 2435 2005
4793 2 2 1 2 832 2187 1718
4794 2 2 1 2 110 2356 1529
4795 2 2 1 2 14 2179 1862
4796 2 2 1 2 1671 2278 892
4797 2 2 1 2 1053 2234 1820
4798 2 2 1 2 120 2383 2382
4799 2 2 1 2 1718 2199 832
4800 2 2 1 2 2113 2407 614
4801 2 2 1 2 912 2404 2259
4802 2 2 1 2 1163 2110 1907
4803 2 2 1 2 957 2131 1985
4804 2 2 1 2 1642 2315 890
4805 2 2 1 2 1936 2061 883
4806 2 2 1 2 1763 2352 857
4807 2 2 1 2 1261 2158 1949
4808 2 2 1 2 873 2309 1681
4809 2 2 1 2 2162 2310 623
4810 2 2 1 2 814 2276 1638
4811 2 2 1 2 367 2312 1921
4812 2 2 1 2 1732 2162 856
4813 2 2 1 2 1791 2377 890
4814 2 2 1 2 1882 2118 851
4815 2 2 1 2 1980 2311 1182
4816 2 2 1 2 1648 2368 938
4817 2 2 1 2 1681 2309 646
4818 2 2 1 2 2134 2135 891
4819 2 2 1 2 999 2171 2123
4820 2 2 1 2 1779 2222 261
4821 2 2 1 2 956 2135 2134
4822 2 2 1 2 1663 2327 1204
4823 2 2 1 2 1840 2167 1217
4824 2 2 1 2 580 2374 1717
4825 2 2 1 2 1985 2131 911
4826 2 2 1 2 882 2268 1849
4827 2 2 1 2 1609 2318 470
4828 2 2 1 2 1951 2257 359
4829 2 2 1 2 939 2215 1209
4830 2 2 1 2 1710 2375 624
4831 2 2 1 2 793 2089 1794
4832 2 2 1 2 647 2229 2036
4833 2 2 1 2 1709 2321 903
4834 2 2 1 2 904 2113 1956
4835 2 2 1 2 981 2191 1898
4836 2 2 1 2 2328 2348 1141
4837 2 2 1 2 1956 2085 547
4838 2 2 1 2 2229 2287 995
4839 2 2 1 2 799 2212 1896
4840 2 2 1 2 131 2099 1925
4841 2 2 1 2 1911 2017 137
4842 2 2 1 2 596 2343 1680
4843 2 2 1 2 658 2328 2043
4844 2 2 1 2 1667 2048 333
4845 2 2 1 2 1896 2212 587
4846 2 2 1 2 749 2427 1731
4847 2 2 1 2 2059 2431 1042
4848 2 2 1 2 1536 2421 301
4849 2 2 1 2 1767 2316 1059
4850 2 2 1 2 884 1936 1707
4851 2 2 1 2 1820 2234 648
4852 2 2 1 2 818 2363 1965
4853 2 2 1 2 1132 2417 1481
4854 2 2 1 2 2266 2298 1003
4855 2 2 1 2 2100 2120 1013
4856 2 2 1 2 1705 2364 837
4857 2 2 1 2 1924 2198 896
4858 2 2 1 2 1898 2191 1002
4859 2 2 1 2 1891 2368 341
4860 2 2 1 2 616 2377 1791
4861 2 2 1 2 958 2271 1615
4862 2 2 1 2 1849 2173 882
4863 2 2 1 2 547 2085 2024
4864 2 2 1 2 1070 2084 2004
4865 2 2 1 2 1836 2233 558
4866 2 2 1 2 938 2368 1891
4867 2 2 1 2 395 2098 2097
4868 2 2 1 2 1070 2428 2084
4869 2 2 1 2 868 2284 1811
4870 2 2 1 2 987 2394 1818
4871 2 2 1 2 2237 2401 970
4872 2 2 1 2 1524 2171 504
4873 2 2 1 2 779 2209 1670
4874 2 2 1 2 1083 2166 1946
4875 2 2 1 2 2242 2432 664
4876 2 2 1 2 1803 2397 858
4877 2 2 1 2 849 2258 1757
4878 2 2 1 2 2043 2328 992
4879 2 2 1 2 1886 2209 1408
4880 2 2 1 2 1849 2268 607
4881 2 2 1 2 216 2198 1924
4882 2 2 1 2 951 2407 1702
4883 2 2 1 2 1048 2433 1791
4884 2 2 1 2 647 2287 2229
4885 2 2 1 2 66 2373 2302
4886 2 2 1 2 1172 2233 1836
4887 2 2 1 2 1784 2245 871
4888 2 2 1 2 586 2397 2088
4889 2 2 1 2 162 2352 1763
4890 2 2 1 2 595 2298 1905
4891 2 2 1 2 793 2307 1819
4892 2 2 1 2 989 2188 2128
4893 2 2 1 2 2231 2310 886
4894 2 2 1 2 2004 2084 864
4895 2 2 1 2 685 2120 2100
4896 2 2 1 2 1982 2176 810
4897 2 2 1 2 626 2380 1897
4898 2 2 1 2 1057 2310 2231
4899 2 2 1 2 350 2337 1706
4900 2 2 1 2 923 2163 2116
4901 2 2 1 2 1017 2401 2237
4902 2 2 1 2 890 2377 1937
4903 2 2 1 2 2124 2126 552
4904 2 2 1 2 2024 2085 905
4905 2 2 1 2 257 2342 2001
4906 2 2 1 2 159 2273 1857
4907 2 2 1 2 117 2214 2134
4908 2 2 1 2 860 2380 1634
4909 2 2 1 2 949 2417 1132
4910 2 2 1 2 820 2238 1934
4911 2 2 1 2 2051 2406 951
4912 2 2 1 2 217 2393 1935
4913 2 2 1 2 2262 2263 1203
4914 2 2 1 2 2079 2227 798
4915 2 2 1 2 261 2209 1886
4916 2 2 1 2 2116 2163 932
4917 2 2 1 2 2149 2194 991
4918 2 2 1 2 607 2268 2191
4919 2 2 1 2 2134 2214 956
4920 2 2 1 2 797 2316 1904
4921 2 2 1 2 967 2287 1863
4922 2 2 1 2 1981 2330 751
4923 2 2 1 2 1074 2432 2242
4924 2 2 1 2 953 2403 1953
4925 2 2 1 2 906 2331 1704
4926 2 2 1 2 2175 2184 972
4927 2 2 1 2 2382 2383 1156
4928 2 2 1 2 943 2126 2124
4929 2 2 1 2 1126 2305 1938
4930 2 2 1 2 884 2061 1936
4931 2 2 1 2 147 2376 2009
4932 2 2 1 2 813 2398 1831
4933 2 2 1 2 846 2229 2192
4934 2 2 1 2 1855 2108 581
4935 2 2 1 2 2096 2396 926
4936 2 2 1 2 1973 2327 845
4937 2 2 1 2 961 2406 2051
4938 2 2 1 2 619 2359 2084
4939 2 2 1 2 1890 2351 863
4940 2 2 1 2 583 2366 1929
4941 2 2 1 2 263 2294 1909
4942 2 2 1 2 1902 2266 1003
4943 2 2 1 2 593 2311 1980
4944 2 2 1 2 1889 2176 597
4945 2 2 1 2 2334 2433 1048
4946 2 2 1 2 2191 2268 1002
4947 2 2 1 2 966 2408 2267
4948 2 2 1 2 1965 2363 192
4949 2 2 1 2 362 2194 2149
4950 2 2 1 2 254 2418 1701
4951 2 2 1 2 2001 2342 878
4952 2 2 1 2 1047 2429 1966
4953 2 2 1 2 1996 2361 833
4954 2 2 1 2 1935 2393 927
4955 2 2 1 2 2366 2398 930
4956 2 2 1 2 936 2433 2334
4957 2 2 1 2 2097 2098 982
4958 2 2 1 2 918 2184 2175
4959 2 2 1 2 2251 2252 1084
4960 2 2 1 2 2146 2420 848
4961 2 2 1 2 1757 2357 983
4962 2 2 1 2 2009 2376 1107
4963 2 2 1 2 2022 2359 1125
4964 2 2 1 2 2321 2427 903
4965 2 2 1 2 2041 2343 596
4966 2 2 1 2 880 2362 2046
4967 2 2 1 2 1953 2403 578
4968 2 2 1 2 1975 2414 1192
4969 2 2 1 2 208 2396 2096
4970 2 2 1 2 939 2361 2360
4971 2 2 1 2 884 2263 2262
4972 2 2 1 2 272 2371 2205
4973 2 2 1 2 820 2414 1975
4974 2 2 1 2 2287 2288 995
4975 2 2 1 2 2061 2262 611
4976 2 2 1 2 2402 2419 1056
4977 2 2 1 2 2205 2371 979
4978 2 2 1 2 2267 2408 577
4979 2 2 1 2 950 2419 2402
4980 2 2 1 2 915 2050 2049
4981 2 2 1 2 2302 2373 1135
4982 2 2 1 2 939 2360 2215
4983 2 2 1 2 884 2262 2061
4984 2 2 1 2 361 2434 1595
4985 2 2 1 2 1664 2117 452
4986 2 2 1 2 2299 2385 921
4987 2 2 1 2 464 2227 2079
4988 2 2 1 2 2406 2407 951
4989 2 2 1 2 1062 2385 2299
4990 2 2 1 2 955 2252 2251
4991 2 2 1 2 2192 2229 995
4992 2 2 1 2 220 2420 2146
4993 2 2 1 2 614 2407 2406
4994 2 2 1 2 967 2288 2287
4995 2 2 1 2 2138 2417 949
4996 2 2 1 2 12 1529 78
4997 2 2 1 2 291 1847 12
4998 2 2 1 2 12 1848 339
4999 2 2 1 2 26 1611 432
5000 2 2 1 2 33 451 173
5001 2 2 1 2 481 35 87
5002 2 2 1 2 36 2053 188
5003 2 2 1 2 156 442 50
5004 2 2 1 2 50 1218 156
5005 2 2 1 2 442 443 50
5006 2 2 1 2 58 1437 165
5007 2 2 1 2 432 58 431
5008 2 2 1 2 77 286 105
5009 2 2 1 2 77 1481 286
5010 2 2 1 2 528 77 527
5011 2 2 1 2 102 142 192
5012 2 2 1 2 192 1959 102
5013 2 2 1 2 103 1133 195
5014 2 2 1 2 105 1103 198
5015 2 2 1 2 176 116 175
5016 2 2 1 2 142 1025 221
5017 2 2 1 2 150 473 474
5018 2 2 1 2 154 479 235
5019 2 2 1 2 235 1443 154
5020 2 2 1 2 154 478 479
5021 2 2 1 2 175 2357 176
5022 2 2 1 2 286 2138 287
5023 2 2 1 2 115 1638 5
5024 2 2 1 2 5 1701 115
5025 2 2 1 2 12 1847 110
5026 2 2 1 2 82 1612 13
5027 2 2 1 2 389 13 295
5028 2 2 1 2 351 16 89
5029 2 2 1 2 355 1278 19
5030 2 2 1 2 27 424 205
5031 2 2 1 2 488 36 188
5032 2 2 1 2 232 37 482
5033 2 2 1 2 497 38 191
5034 2 2 1 2 228 39 491
5035 2 2 1 2 219 1352 41
5036 2 2 1 2 522 45 355
5037 2 2 1 2 45 1090 355
5038 2 2 1 2 431 58 165
5039 2 2 1 2 422 67 421
5040 2 2 1 2 105 1209 77
5041 2 2 1 2 102 1025 142
5042 2 2 1 2 195 1125 103
5043 2 2 1 2 511 512 103
5044 2 2 1 2 198 1209 105
5045 2 2 1 2 133 462 463
5046 2 2 1 2 411 473 150
5047 2 2 1 2 474 1424 150
5048 2 2 1 2 154 1198 478
5049 2 2 1 2 441 442 156
5050 2 2 1 2 235 479 480
5051 2 2 1 2 287 1103 286
5052 2 2 1 2 411 472 473
5053 2 2 1 3 327 2436 328
5054 2 2 1 3 327 2438 2436
5055 2 2 1 3 326 46 536
5056 2 2 1 3 539 44 376
5057 2 2 1 3 2436 2438 537
5058 2 2 1 3 538 2436 537
5059 2 2 1 3 377 2437 376
5060 2 2 1 3 376 2437 539
5061 2 2 1 3 539 2437 538
5062 2 2 1 3 538 2437 2436
5063 2 2 1 3 537 2438 536
5064 2 2 1 3 2436 2439 328
5065 2 2 1 3 2437 2439 2436
5066 2 2 1 3 22 2439 377
5067 2 2 1 3 326 2438 327
5068 2 2 1 3 377 2439 2437
5069 2 2 1 3 536 2438 326
5070 2 2 1 3 328 2439 22
5071 2 2 1 4 543 28 239
5072 2 2 1 4 347 30 540
5073 2 2 1 4 542 2440 541
5074 2 2 1 4 542 2443 2440
5075 2 2 1 4 543 2442 542
5076 2 2 1 4 540 2441 347
5077 2 2 1 4 2440 2441 541
5078 2 2 1 4 347 2441 346
5079 2 2 1 4 241 2444 2443
5080 2 2 1 4 541 2441 540
5081 2 2 1 4 2443 2444 2440
5082 2 2 1 4 241 2443 240
5083 2 2 1 4 240 2442 239
5084 2 2 1 4 2440 2445 2441
5085 2 2 1 4 2442 2443 542
5086 2 2 1 4 2 2444 241
5087 2 2 1 4 345 2444 2
5088 2 2 1 4 239 2442 543
5089 2 2 1 4 346 2445 345
5090 2 2 1 4 2441 2445 346
5091 2 2 1 4 240 2443 2442
5092 2 2 1 4 345 2445 2444
5093 2 2 1 4 2444 2445 2440
5094 2 2 1 5 544 29 1
5095 2 2 1 5 49 544 1
5096 2 2 1 5 49 48 544
5097 2 2 1 6 1 32 49
$EndElements
