# vtk DataFile Version 2.0
, Created by Gmsh 4.10.1 
ASCII
DATASET UNSTRUCTURED_GRID
POINTS 2445 double
-4.83486436441529 4.899242580914358 0
-4.336473491580477 1.139654676180354 0
-2.91884855924582 2.64342058986057 0
-1.629256369873815 4.011373941056332 0
-3.112205770851971 -0.02991033941177734 0
-1.869711020320797 1.408218079755083 0
-4.334450299991096 -3.245242381144471 0
-3.194795603532045 -2.048989842752261 0
-0.9418686934625817 0.3158225371347282 0
0.3287072025962818 1.649498119399119 0
2.811528626106158 4.255622096667321 0
-1.914061494980972 -3.561401113611631 0
1.405595304465591 0.3504566018765568 0
2.617194905738033 1.778196134803629 0
3.709340890128011 3.065172456026847 0
0.518746564669232 -3.498624537300748 0
2.308969246675583 -0.7392761704901922 0
3.319844250194646 0.8188295992813284 0
1.701916503428401 -4.628928101172852 0
2.368706786235343 -3.581884856508341 0
3.36653938016426 -2.015014577023722 0
3.039477298424723 -4.371616793095043 0
-5 -4.380978242364774 0
-5 -5 0
-4.568325172786436 -5 0
-5 -2.539575666921188 0
-5 0.08276526331872258 0
-5 0.4358094464401506 0
-5 4.680620125180951 0
-5 1.773533506787508 0
-2.643245436308898 5 0
-4.758757633362595 5 0
1.233468168323892 5 0
5 5 0
5 4.586075098088996 0
5 3.408526998834397 0
5 1.353829522645994 0
5 0.5499656746751571 0
5 -1.475181223535524 0
5 -2.419486471322931 0
5 -3.985445078318537 0
5 -4.475128622084959 0
5 -5 0
3.573203878317908 -5 0
2.090344116897595 -5 0
2.408392616892044 -5 0
-0.6958328968336779 -5 0
-5 5 0
-4.920444170012447 5 0
-4.991719726991524 2.208189974353617 0
-3.938355934208157 3.46040363877943 0
-3.496629801065487 3.985517093072029 0
-3.967055094497363 1.531520522180323 0
-3.448153735738813 2.081952556821803 0
-2.430713118698101 3.161217236922961 0
-1.967740871324485 3.652321667086874 0
-0.8637940974943398 4.823348989715199 0
-4.957954138613542 -2.166276051358633 0
-4.244489203646668 -1.340474414276261 0
-3.768953323351716 -0.7900643111403409 0
-2.727654078268736 0.4151899054836179 0
-2.134216010069848 1.102066168363161 0
-0.9947069166993991 2.420993600752333 0
-0.4270595369672093 3.078018371689571 0
0.5676703436136897 4.229370769795302 0
1.010179859272438 4.7415544308921 0
-4.856443093423115 -3.793158522854444 0
-3.804592131711606 -2.68907025219913 0
-3.306152564936006 -2.165877043902771 0
-2.029582616241858 -0.8259097307285749 0
-1.457142455508079 -0.2250408908220026 0
-0.359899388970548 0.9266937597322465 0
0.1633509496064527 1.475929899136697 0
1.341474590549043 2.712561837210832 0
1.859758610306468 3.256585019117857 0
3.150361266572203 4.611281936009023 0
-3.042852251793186 -4.891559349229172 0
-1.785463100533434 -3.409861767254243 0
-1.255769713722442 -2.785675206045536 0
-0.02317431861727048 -1.333194393203307 0
0.5472998233451737 -0.6609521077675551 0
1.506392045711964 0.469234696650217 0
2.041745948283713 1.100091565541348 0
2.969207470929633 2.193004999781214 0
3.448955825464861 2.758336723980615 0
4.380230807088305 3.855743908576365 0
4.891243686356266 4.457917505199809 0
-0.2928755381424449 -4.749613113398348 0
0.6138120419222998 -3.352095967399975 0
0.9886027904750435 -2.774414626240959 0
1.603955202810657 -1.825945091664262 0
1.957658490132752 -1.280766775012654 0
2.593171446741745 -0.301222913496687 0
2.956877465331334 0.2593730494980401 0
3.777391847968989 1.524067684658379 0
4.164101174029837 2.120119649601935 0
2.698555927947125 -3.063931424232987 0
3.126312853755406 -2.392235973542539 0
3.935172938253173 -1.122104255685215 0
4.453513052326971 -0.3081684067779206 0
3.724724086789358 -3.689303330267641 0
4.246002448589973 -3.170256396846757 0
4.68222647137003 -4.87329349130545 0
-4.239905836095648 -3.34548565551483 0
-2.936265056801649 -4.72770535336695 0
-3.760303955428959 -3.853996264505927 0
-4.255472731427886 -0.796442547992334 0
-3.000495308751723 -2.278437902107462 0
-3.848896659035753 -1.276565807177849 0
-1.855590743436798 -3.630448875407458 0
-2.71193239127293 -2.619200130452211 0
-1.43740374091521 -4.124283412738611 0
-3.797724416132227 0.624977975848882 0
-2.313762966660576 -0.7926771386359313 0
-3.207943064983913 0.06154922291135917 0
-0.8847450770433307 -2.157843680278551 0
-1.743368686031021 -1.33758507374117 0
0.7197085929448522 -3.69060718435914 0
-0.4364588713025263 -2.586099570987647 0
1.262222531996468 -4.208880526735827 0
-4.031304504827014 3.953171051913065 0
-2.746804004836399 2.440863863433413 0
-3.593089110834114 3.437237978751359 0
-1.489356261303878 0.9604072488227988 0
-2.354026692488019 1.978427334260779 0
-0.2665790771827549 -0.4792299684992586 0
1.155853056367724 -2.15393102210613 0
0.2331862397776378 -1.067628868614545 0
2.500099150433099 -3.736579710180298 0
1.546160857739452 -2.61346007152142 0
2.877748166997642 -4.181204934130776 0
-1.072289374778528 3.339509102673737 0
-2.317379269461304 4.841451099649213 0
0.4399609426090568 1.515293621266596 0
-0.6233756386119366 2.797988047650191 0
1.612551758835698 0.1008066836730213 0
0.8716122857108628 0.9945960531438933 0
2.821414848037095 -1.357435207148588 0
1.907556370929968 -0.2550550240623314 0
3.916932360772057 -2.678949234228514 0
3.125875484585135 -1.724703641669048 0
4.308165357470085 -3.150890473855269 0
1.372151273249347 3.478123994550641 0
0.3747843881498045 4.839884908086511 0
1.816648473915856 2.871227051122097 0
3.853843326099059 0.08973072875052368 0
2.9954200064096 1.261784204241784 0
4.333274268469118 -0.5648632103635212 0
3.061309990974101 3.924425756450596 0
2.289883532839363 4.947294775585201 0
4.070748535970368 2.585965811877819 0
3.402200181898733 3.47242412810771 0
4.470847209861005 2.055456994343728 0
4.972141532378911 3.814683861626853 0
4.121189603428181 4.776995744106872 0
-4.816159094860962 2.416892251757919 0
-4.640598462730401 2.625594529162221 0
-4.465037830599841 2.834296806566522 0
-4.289477198469281 3.042999083970824 0
-4.113916566338719 3.251701361375127 0
-3.325952928114169 4.188413674457623 0
-3.155276055162852 4.391310255843217 0
-2.984599182211534 4.594206837228811 0
-2.813922309260216 4.797103418614405 0
-4.779587904871823 -1.95982564208804 0
-4.601221671130105 -1.753375232817447 0
-4.422855437388387 -1.546924823546854 0
-0.2612712235370594 3.269910438040526 0
-0.09548291010690946 3.461802504391481 0
0.0703054033232397 3.653694570742436 0
0.2360937167533887 3.84558663709339 0
0.4018820301835389 4.037478703444346 0
1.121824013798165 4.87077721544605 0
-1.079684657278846 -2.578177947068074 0
-0.9035996008352497 -2.370680688090613 0
-0.7275145443916539 -2.163183429113152 0
-0.551429487948058 -1.955686170135691 0
-0.3753444315044622 -1.74818891115823 0
-0.1992593750608662 -1.540691652180768 0
1.111673272942166 -2.584720719325619 0
1.234743755409289 -2.39502681241028 0
1.357814237876412 -2.205332905494941 0
1.480884720343534 -2.015638998579601 0
4.303417645024864 2.334854207807346 0
4.442734116019891 2.549588766012755 0
4.582050587014917 2.764323324218164 0
4.721367058009944 2.979057882423574 0
4.860683529004972 3.193792440628985 0
4.590134789245228 -0.09363488641465084 0
4.726756526163486 0.1208986339486195 0
4.863378263081743 0.3354321543118886 0
4.434501836442479 -2.982563915465801 0
4.623001224294986 -2.794871434084845 0
4.811500612147492 -2.607178952703888 0
4.841113235685016 -4.674211056695205 0
-4.712216781857625 -4.793659414121591 0
-4.856108390928813 -4.587318828243182 0
-3.101072836527111 -4.552963535594746 0
-3.265880616252573 -4.378221717822541 0
-3.430688395978035 -4.203479900050336 0
-3.595496175703497 -4.028738082278132 0
-4.404378185142308 -0.6206009857301229 0
-4.553283638856731 -0.4447594234679115 0
-4.702189092571154 -0.2689178612057 0
-4.851094546285577 -0.09307629894348868 0
-0.8441470656499848 -4.824856682547722 0
-0.9924612344662918 -4.649713365095443 0
-1.140775403282598 -4.474570047643165 0
-1.289089572098904 -4.299426730190888 0
-1.056469798840869 -1.993791958971075 0
-1.228194520638406 -1.829740237663599 0
-1.399919242435945 -1.665688516356123 0
-1.571643964233484 -1.501636795048646 0
1.00207525360271 -1.972880663190866 0
0.8482974508376957 -1.791830304275602 0
0.6945196480726818 -1.610779945360338 0
0.5407418453076679 -1.429729586445075 0
0.3869640425426535 -1.248679227529811 0
4.827041339367522 -3.776806427202721 0
4.654082678735044 -3.568167776086904 0
4.481124018102564 -3.359529124971087 0
1.229670289663698 3.672661267912909 0
1.087189306078049 3.867198541275177 0
0.9447083224923998 4.061735814637444 0
0.802227338906751 4.256273087999711 0
0.6597463553211022 4.450810361361977 0
0.5172653717354534 4.645347634724244 0
4.866654853693824 -1.293117620901123 0
4.733309707387647 -1.111054018266723 0
4.599964561081471 -0.9289904156323221 0
4.466619414775295 -0.7469268129979216 0
4.867711802465251 1.529236390570428 0
4.735423604930502 1.704643258494861 0
4.603135407395754 1.880050126419295 0
4.801951146588765 4.007146238122857 0
4.631760760798619 4.199608614618861 0
4.461570375008473 4.392070991114865 0
4.291379989218328 4.584533367610868 0
-4.834118372895118 0.611770753875202 0
-4.668236745790238 0.7877320613102535 0
-4.502355118685357 0.963693368745304 0
-4.15176429303892 1.335587599180339 0
-3.271718676907815 2.269108567834726 0
-3.095283618076817 2.456264578847648 0
-2.756136745729914 2.8160194722147 0
-2.593424932214007 2.98861835456883 0
-1.79849862059915 3.831847804071603 0
-1.437890801778947 4.214367703221049 0
-1.246525233684079 4.417361465385764 0
-1.055159665589209 4.620355227550482 0
-3.60476643522678 -0.6000258182081998 0
-3.440579547101843 -0.4099873252760581 0
-3.276392658976907 -0.2199488323439176 0
-2.984021873324226 0.1184564088866874 0
-2.855837975796481 0.2668231571851525 0
-2.001963515195323 1.255142124059122 0
-1.694710199596517 1.610773183954533 0
-1.519709378872238 1.813328288153983 0
-1.344708558147958 2.015883392353433 0
-1.169707737423679 2.218438496552883 0
-4.682445495612442 -3.61051980895112 0
-4.508447897801769 -3.427881095047796 0
-4.157830910564599 -3.059851671496024 0
-3.981211521138103 -2.874460961847577 0
-3.028336605347733 -1.874264112463164 0
-2.861877607163421 -1.699538382174066 0
-2.695418608979108 -1.524812651884968 0
-2.528959610794796 -1.35008692159587 0
-2.362500612610483 -1.175361191306771 0
-2.196041614426171 -1.000635461017673 0
-1.285384534826247 -0.0447530815030924 0
-1.113626614144414 0.1355347278158183 0
-0.7963763673395733 0.4685403427841076 0
-0.6508840412165645 0.6212581484334876 0
-0.5053917150935558 0.7739759540828673 0
0.4975017672550758 1.826675405701071 0
0.6662963319138697 2.003852692003024 0
0.8350908965726632 2.181029978304976 0
1.003885461231456 2.358207264606928 0
1.17268002589025 2.53538455090888 0
2.050112613466406 3.456392434627751 0
2.240466616626345 3.656199850137644 0
2.430820619786282 3.856007265647537 0
2.62117462294622 4.055814681157429 0
2.980944946339181 4.433452016338173 0
-2.881596429391441 -4.701536744140951 0
-2.720340606989695 -4.51151413905273 0
-2.559084784587951 -4.321491533964511 0
-2.397828962186206 -4.13146892887629 0
-2.236573139784461 -3.941446323788071 0
-2.075317317382716 -3.751423718699851 0
0.7189589195692568 -0.4586703658387331 0
0.8906180157933403 -0.2563886239099106 0
1.062277112017424 -0.05410688198108815 0
1.233936208241508 0.1481748599477344 0
2.185608187647293 1.269617707856918 0
2.329470427010873 1.439143850172488 0
2.473332666374453 1.608669992488058 0
2.793201188333833 1.985600567292422 0
3.579148357796436 2.911754590003731 0
3.877063369368084 3.262815319164226 0
4.044785848608157 3.460458182301605 0
4.212508327848231 3.658101045438985 0
-0.1576051876738321 -4.541115017382081 0
-0.02233483720521917 -4.332616921365815 0
0.1129355132633938 -4.124118825349548 0
0.2482058637320068 -3.915620729333281 0
0.3834762142006195 -3.707122633317015 0
2.074762075647029 -1.1002699068385 0
2.191865661161307 -0.9197730386643459 0
2.451070346708665 -0.5202495419934393 0
3.077866393619105 0.4458585660924698 0
3.198855321906876 0.6323440826868996 0
3.472360116119428 1.053908961073679 0
3.624875982044208 1.288988322866029 0
1.835274559989789 -4.41951945223995 0
1.968632616551178 -4.210110803307047 0
2.101990673112566 -4.000702154374146 0
2.235348729673953 -3.791293505441244 0
2.47865650013927 -3.409233712416556 0
2.588606214043198 -3.236582568324772 0
3.246426116959833 -2.203625275283131 0
3.508697769686488 -1.791786996689096 0
3.650856159208717 -1.568559416354469 0
3.793014548730945 -1.345331836019842 0
2.566163787275214 -4.842904198273761 0
2.723934957658384 -4.685808396547522 0
2.881706128041554 -4.528712594821283 0
3.210788995515882 -4.201038427388193 0
3.382100692607041 -4.030460061681342 0
3.5534123896982 -3.859881695974491 0
-4.500837724993322 -3.06882570258865 0
-4.667225149995549 -2.892409024032829 0
-4.833612574997774 -2.715992345477008 0
-3.097645456141884 -2.163713872429862 0
-3.358320867407972 -1.855883833858658 0
-3.521846131283898 -1.662777824965056 0
-3.685371395159825 -1.469671816071453 0
-2.073635674239363 -3.372960916979747 0
-2.233209853497755 -3.184520720347863 0
-2.392784032756146 -2.996080523715979 0
-2.552358212014538 -2.807640327084095 0
-3.977307441281644 0.7965368759593731 0
-4.156890466431062 0.9680957760698643 0
-4.502355118685358 1.298124383832143 0
-4.66823674579024 1.456594091483932 0
-4.83411837289512 1.61506379913572 0
-2.513373667708425 -0.6019854388298926 0
-2.712984368756274 -0.4112937390238541 0
-2.912595069804122 -0.2206020392178156 0
0.3277054774748802 -3.316119544038128 0
0.1366643902805286 -3.133614550775508 0
-0.05437669691382363 -2.951109557512887 0
-0.2454177841081759 -2.768604564250266 0
1.896130310162998 -4.814464050586427 0
1.555351846284424 -4.488912243027177 0
1.408787189140446 -4.348896384881503 0
-4.19201647674467 4.142385357713324 0
-4.352728448662325 4.331599663513582 0
-4.513440420579981 4.520813969313841 0
-4.674152392497636 4.7100282751141 0
-3.087408697142893 2.841874937083266 0
-3.255968835039966 3.040329284305964 0
-3.42452897293704 3.238783631528661 0
-1.616141180976185 1.109677525800227 0
-1.742926100648491 1.258947802777655 0
-2.031149577709871 1.598287831256982 0
-2.192588135098944 1.78835758275888 0
-0.4354014812527113 -0.2804668420907623 0
-0.6042238853226678 -0.08170371568226587 0
-0.7730462893926249 0.1170594107262311 0
2.204197600536165 -3.388199899510957 0
2.039688414836986 -3.194514942513572 0
1.875179229137808 -3.000829985516188 0
1.71067004343863 -2.807145028518804 0
3.395295018353513 -4.790538931031681 0
3.217386158389117 -4.581077862063362 0
-1.211531123552349 3.507475312269385 0
-1.350772872326171 3.675441521865034 0
-1.490014621099993 3.843407731460683 0
-1.801287094770687 4.218893230704553 0
-1.973317819667559 4.426412520352772 0
-2.145348544564432 4.633931810000993 0
0.1700267290615786 1.840913107440964 0
0.01134625552687568 2.032328095482809 0
-0.1473342180078279 2.223743083524655 0
-0.3060146915425316 2.415158071566502 0
-0.4646951650772345 2.606573059608347 0
1.509073531650644 0.225631642774789 0
1.227600964880681 0.5651697522990023 0
1.049606625295772 0.7798829027214484 0
2.650599647583258 -1.151382194929123 0
2.479784447129421 -0.9453291827096573 0
2.175164954760378 -0.5778691216809053 0
2.041360662845173 -0.4164620728716185 0
3.779334115620108 -2.512965569927315 0
3.641735870468159 -2.346981905626118 0
3.50413762531621 -2.18099824132492 0
3.246207432374697 -1.869859109346385 0
2.457085619373597 1.996802318067323 0
2.296976333009162 2.215408501331016 0
2.136867046644727 2.43401468459471 0
1.976757760280291 2.652620867858404 0
3.720343557122956 0.2720054463832247 0
3.586843788146853 0.4542801640159254 0
3.45334401917075 0.6365548816486267 0
3.157632128302123 1.040306901761556 0
2.936419308540129 4.090023926558959 0
2.681117352789459 4.428540266396791 0
2.550706079472761 4.60145843612626 0
2.420294806156062 4.774376605855731 0
3.950279320689583 2.745701359927495 0
3.829810105408797 2.905436907977171 0
3.555770536013372 3.268798292067279 0
-5 -4.587318828243182 0
-5 -4.793659414121592 0
-4.784162586393218 -5 0
-5 -2.802633177698842 0
-5 -3.065690688476497 0
-5 -3.328748199254152 0
-5 -3.591805710031805 0
-5 -3.854863220809461 0
-5 -4.117920731587118 0
-5 -0.179468829705268 0
-5 -0.4417029227292595 0
-5 -0.7039370157532501 0
-5 -0.9661711087772407 0
-5 -1.228405201801232 0
-5 -1.490639294825224 0
-5 -1.752873387849216 0
-5 -2.015107480873207 0
-5 -2.277341573897198 0
-5 0.2592873548794365 0
-5 4.41633952350882 0
-5 4.152058921836689 0
-5 3.887778320164557 0
-5 3.623497718492426 0
-5 3.359217116820295 0
-5 3.094936515148164 0
-5 2.830655913476033 0
-5 2.566375311803902 0
-5 2.30209471013177 0
-5 2.03781410845964 0
-2.90768446094061 5 0
-3.172123485572321 5 0
-3.436562510204034 5 0
-3.701001534835745 5 0
-3.965440559467458 5 0
-4.229879584099171 5 0
-4.494318608730882 5 0
0.9565600537072632 5 0
0.6796519390906353 5 0
0.4027438244740065 5 0
0.1258357098573777 5 0
-0.1510724047592502 5 0
-0.4279805193758781 5 0
-0.704888633992506 5 0
-0.9817967486091348 5 0
-1.258704863225762 5 0
-1.535612977842389 5 0
-1.812521092459016 5 0
-2.089429207075643 5 0
-2.366337321692271 5 0
4.730962012023136 5 0
4.461924024046272 5 0
4.192886036069408 5 0
3.923848048092544 5 0
3.65481006011568 5 0
3.385772072138816 5 0
3.116734084161952 5 0
2.847696096185088 5 0
2.578658108208223 5 0
2.309620120231357 5 0
2.040582132254491 5 0
1.771544144277624 5 0
1.502506156300758 5 0
5 4.793037549044499 0
5 3.644036618685316 0
5 3.879546238536236 0
5 4.115055858387155 0
5 4.350565478238076 0
5 1.610666707169544 0
5 1.867503891693095 0
5 2.124341076216645 0
5 2.381178260740196 0
5 2.638015445263745 0
5 2.894852629787295 0
5 3.151689814310846 0
5 0.8179202906654357 0
5 1.085874906655714 0
5 -1.222037861259189 0
5 -0.9688944989828538 0
5 -0.715751136706519 0
5 -0.4626077744301851 0
5 -0.2094644121538503 0
5 0.04367895012248546 0
5 0.2968223123988212 0
5 -2.183410159376079 0
5 -1.947333847429228 0
5 -1.711257535482376 0
5 -3.724451977152603 0
5 -3.463458875986669 0
5 -3.202465774820735 0
5 -2.9414726736548 0
5 -2.680479572488865 0
5 -4.230286850201748 0
5 -4.73756431104248 0
3.81100323193159 -5 0
4.048802585545273 -5 0
4.286601939158954 -5 0
4.524401292772636 -5 0
4.762200646386317 -5 0
2.249368366894819 -5 0
-0.4172151954605505 -5 0
-0.1385974940874233 -5 0
0.1400202072857049 -5 0
0.418637908658833 -5 0
0.6972556100319611 -5 0
0.9758733114050884 -5 0
1.254491012778217 -5 0
1.533108714151345 -5 0
1.811726415524469 -5 0
-4.291718581646953 -5 0
-4.015111990507471 -5 0
-3.738505399367988 -5 0
-3.461898808228504 -5 0
-3.185292217089021 -5 0
-2.908685625949537 -5 0
-2.632079034810053 -5 0
-2.355472443670569 -5 0
-2.078865852531087 -5 0
-1.802259261391605 -5 0
-1.525652670252123 -5 0
-1.249046079112641 -5 0
-0.9724394879731593 -5 0
2.641354869177217 -5 0
2.87431712146239 -5 0
3.107279373747563 -5 0
3.340241626032736 -5 0
-5 1.505988694718036 0
-5 1.238443882648564 0
-5 0.970899070579093 0
-5 0.7033542585096217 0
-5 4.840310062590476 0
-4.8903794373105 -4.729977054536133 0
-4.88130515784267 -4.879011291086959 0
-3.082401282006847 1.277189225239418 0
2.383783148786052 -2.058956171995303 0
-0.6711645341694683 -3.625788835993935 0
4.289927340570431 -4.227406645592986 0
2.13594461794268 0.4673094598264186 0
0.1578119685336579 0.2774353467257825 0
-1.956643375285987 0.3830137684530671 0
1.484035884239203 1.707627892680705 0
4.241740254422809 0.7350592175222468 0
1.404581418489614 -0.7937029626321929 0
-0.9085341860651849 -0.9608437513463214 0
-2.045174332423784 -2.153897384754507 0
-1.687326833261642 2.840278119509021 0
-3.109752865924255 -3.372300298720158 0
4.265834085829886 -1.949399420738094 0
-0.6554198552225263 1.641067370329425 0
3.361876815160322 -0.5519331307453949 0
0.658690648413353 3.131207441389257 0
2.716043189536652 2.994627058160521 0
-0.4040851068370847 4.217143171785241 0
3.380050751951038 -3.10027342570702 0
-4.328711560574732 -4.190016331210664 0
0.3795588247069349 -2.362390342764341 0
3.710172649103469 4.189231069954103 0
-4.31833436359868 0.2434713066018937 0
1.428616248295311 -3.523937495744065 0
-2.668783378450945 3.849428000283791 0
-4.583917203695533 -2.378126608454586 0
1.725070641505759 4.210689625827833 0
-3.748157917941578 0.05363132528446723 0
-3.275203901877713 0.5815401039401571 0
-1.36780813220989 -3.691471023681885 0
-3.054060034582215 -1.01616307782558 0
-0.9648591516409066 1.133296851933328 0
-4.416777382405824 2.029525084856178 0
-4.013689166234593 -2.093047365246722 0
3.04225371471819 -3.581670589739828 0
3.79616355314706 -3.111595551092893 0
0.2597314662798492 0.9127469214876061 0
-3.323860156607898 -2.692652095442183 0
4.373338858429583 1.279617498589491 0
0.6747474076398017 -4.340484014444883 0
2.31759221642443 -2.631471447878081 0
-2.613975109340848 0.9404030953657705 0
0.3621303804869195 2.589674738966974 0
2.606451170805482 0.8206462603926836 0
1.269885867615672 -1.368838963319035 0
-0.7209404237459988 3.772470581238068 0
1.007843723141317 1.577832591020476 0
-3.938097274069306 2.424646052018808 0
3.567562958380116 2.171458642169707 0
-3.758271369939362 -3.248998418939525 0
-0.633958824109218 -4.186847029450425 0
4.421526783357113 -1.494945136868237 0
3.962206868692498 -3.403692589380279 0
1.526802807629573 0.98373738871522 0
-2.527075513528367 -2.091892766555211 0
-2.002246653284404 -0.2060403670986241 0
0.03482893661699046 4.428584609916051 0
-1.876675889817526 -2.723359752278039 0
-2.905388435366366 1.831692120155084 0
-1.465129334317447 -0.8460604828562779 0
1.4074008718005 4.511208586214065 0
-1.915288321687082 -4.43904360179733 0
1.453602104612205 -0.364282834290328 0
-1.860979884520802 2.287198266483137 0
-3.00804726497618 -3.901107452703514 0
-2.521794467589711 1.426225852451297 0
-3.497326171240922 1.058045384535472 0
-1.499747573767004 0.4791279904029577 0
-2.463796009872034 0.03478814788557748 0
1.066370275004847 -3.255306078910866 0
4.501910445886477 -4.57937187174702 0
-0.777703110640921 -3.077780266042868 0
1.629701234028805 2.336678286566443 0
-3.888876946648467 -4.476292180834629 0
1.880887446577603 -2.213901449311436 0
3.849466425321421 -0.4163418586708988 0
3.72174678466682 -4.355807685934029 0
2.885467319424497 3.390959659124644 0
-2.334958560121782 0.6147811203937174 0
-1.519132832689664 -2.276423103792365 0
3.341819758907662 -0.0566509737587324 0
2.211358347082757 -4.575677420777142 0
4.255521254395574 -3.77897575383755 0
0.2390192397500321 -1.83779098036618 0
2.367990806460005 -1.561839433883401 0
-2.622387557246691 -3.578570869417783 0
-2.121369947022969 -1.665790359911013 0
-4.205449901116411 -3.776398611300825 0
0.5362042059289469 -2.864207096707828 0
-3.423661027153855 1.555904869104431 0
2.830831022190391 -2.069965267768243 0
0.7031671245535985 0.349510401870477 0
-2.20908238325409 2.692167996858548 0
0.2133126234592848 -0.2433598122749802 0
3.338046069164744 -1.091694481607479 0
-0.9518613988214505 -0.4527355197131836 0
-4.149301658898088 -0.2152344234966605 0
-1.640000399177304 3.29951390646068 0
4.071416256950096 -2.901439359108468 0
-1.893104622149373 0.8083981001428748 0
2.0146896123945 1.773064455236364 0
-0.1229656647581335 -3.576692620270893 0
-1.129562340647085 0.7422947018467722 0
-3.802467479977607 4.497963959984697 0
-0.8531305940152951 -1.505934721400532 0
1.848497899408113 0.7028689703937486 0
-4.4679242165194 3.720976552496966 0
2.294071018565034 0.006908492575175171 0
-2.875158243078178 3.388983111745701 0
-1.227606304447506 2.922284790508174 0
0.8591389577632144 -1.048028930186315 0
2.738109181420839 -2.651180099674364 0
4.665209635650006 3.676979086719808 0
-0.2710625140666292 0.4127245305520294 0
3.29778814289687 1.717057720357414 0
3.14391605237278 3.070399694348704 0
-0.3947897082811701 -0.9691918290659836 0
-1.786472186572425 -3.977911586088375 0
-0.290875739199014 1.369871113864351 0
1.83766411387539 0.3672799103339657 0
-1.009241582854706 -3.899592437978877 0
0.1642746652720951 3.034242003728876 0
0.676804393548728 3.651685606946698 0
4.443867446676128 3.310017656323482 0
-1.318661214581654 1.424629207369348 0
4.339351890856863 -2.440428798035962 0
2.135356985012445 4.423846635629991 0
3.018491278663036 2.637408497078702 0
4.292189176381163 0.278904045206759 0
-1.388435283189957 -3.197911708200946 0
-0.08875766027033748 -2.209549607216094 0
1.605735588616622 -3.989446739686277 0
-2.526083643353808 4.389138175486755 0
2.527498453524912 0.3141161052950179 0
-3.488373216313708 0.2760755900895042 0
-3.790740147601988 2.865311322600754 0
4.630264037474298 -4.095628025590739 0
2.030043496989902 -1.821384515352485 0
3.406371920845302 -2.682939401636036 0
1.088024285482459 -4.562126408089162 0
4.015606972604226 -3.21108078909497 0
-4.671735186690404 0.2019998571515454 0
1.105951903874384 3.088126721878455 0
2.876793950096693 -0.6646205192780976 0
-0.6606831415145209 2.100506810966862 0
1.812603355493784 -0.7669387188162546 0
4.096615662943349 -4.595095517817713 0
3.038923360705173 -2.861448152939762 0
-3.681289687632359 -2.307513787985374 0
-0.8458669944014297 4.219484287056337 0
3.848622236759118 -2.016942969146879 0
-3.006576554915497 -2.951985285630438 0
-3.020731235071799 0.8813156204581731 0
4.220000481895198 1.662717909007225 0
0.8114255713177485 -2.30353435686062 0
3.824132414940621 0.7843484305890773 0
-2.207931205951986 4.002891599846001 0
1.11361431219227 1.924243199012586 0
1.813962773504579 1.432708589831275 0
2.57128684277335 2.557745041754897 0
4.627026470451679 0.6367177413027941 0
-4.154459861564312 -2.443432408827976 0
1.337942149424537 1.314199534840646 0
-2.030696521492094 3.113171792108739 0
-2.321383258806893 -2.451706085156923 0
-1.069905450062637 -3.435812852418469 0
-4.007151506791283 1.978652754644803 0
1.121044802550912 -3.813580570356776 0
-0.3082149802122094 3.827013877754815 0
3.456534686326258 3.846738084468792 0
0.7953985701529701 2.693411805869519 0
-1.211889592640748 -1.27935550399943 0
1.86010872112024 -3.651794950337655 0
-3.161852404471941 -1.38374260639682 0
1.937161463353894 0.08183571490285178 0
2.239563271295614 3.017413406835799 0
2.454667297737276 -4.239656188444578 0
1.583718710948988 -1.121149202398825 0
4.155935844509974 -3.340613555021926 0
3.677059421261884 -3.381531941423136 0
-1.756937835505987 -1.867501363167129 0
-3.070709248821356 3.790335578456676 0
1.700699009561659 3.763786417922671 0
1.465562329060129 -3.132348453849942 0
3.963257227318099 -3.979912825397346 0
-4.722760296489179 2.109729392951138 0
-0.2809213449197767 -3.973827459783111 0
0.1174403509731587 -0.6763369939740381 0
-3.399790614319669 -3.070035546110666 0
4.211713136104828 3.034581365064188 0
-1.736854484670304 -0.5690262361212777 0
-0.6995581917236136 3.366916212359808 0
-1.690828298120114 0.1115888812936836 0
-0.1493569880012892 0.02526431375626357 0
3.586589922505442 4.578481506242775 0
-4.599627715906181 -1.060304777848021 0
-3.406442679797746 -3.632578421534256 0
3.288509438112521 4.229992384614072 0
0.3034128552146112 -4.579620531432877 0
-2.382159965702999 3.575887746720942 0
2.250142998809093 0.8045417070399081 0
2.961625025169674 -0.1257756212800888 0
-3.992046473567475 -3.521139423686455 0
-3.481515510153549 -1.087115933898674 0
-0.5247115204194757 4.612723168899844 0
4.616047652890778 -2.185993697541741 0
0.5183119149424005 1.140980144084587 0
2.136112961792735 4.680074831459472 0
1.77230642648069 4.583797819049817 0
-0.3011825197540726 1.790818971885777 0
-4.302469604308129 0.6126920980858622 0
4.126011619167308 4.172365444636595 0
-0.5896993235814543 1.21152140592479 0
2.511515194043221 3.368534239096729 0
2.365586952629271 -2.973221541680008 0
-1.048969265359077 1.738538712471868 0
3.881731769188012 3.837230551006933 0
3.675787392150542 -0.8232896764102994 0
-1.496842776157091 2.468599180648644 0
-0.3709619873141002 -3.221190613860995 0
2.984704737298943 -3.248612157948484 0
-1.140132189590444 3.972629652498813 0
3.677559524430445 2.503435532325281 0
-0.02216890936141405 2.694354015659334 0
1.366176201502119 4.125496984429184 0
4.054593921936782 -1.659470509092527 0
-4.333783445361097 -4.595938922233753 0
1.089359273431188 4.420427980718869 0
4.640438741743706 -1.80931611765706 0
-1.686904413297749 -3.043329483843778 0
-4.539455162856775 -3.920946909142589 0
-1.550423684803537 -4.601408699318193 0
-0.07628739311220938 0.7061349133252661 0
-0.05737682307342057 1.107326920327546 0
-4.02163096274888 -1.692570275114085 0
2.774266939889991 -1.706351316410384 0
0.5415931511243002 -0.01848829199243432 0
-3.078486552525188 -0.5887883491473307 0
2.593088375587712 -2.323900266237148 0
-3.462989728750222 2.626165069222502 0
0.5634783614181849 -2.035270796956003 0
2.604612645795981 1.205974456096779 0
-0.06026319418502264 4.100313153189568 0
1.675091080320461 -1.48476917398397 0
1.138179241802244 -0.5340568678161348 0
0.3650194584570888 3.382246771679549 0
-4.578779185835494 3.317798432895482 0
4.019856329528483 1.157859602743652 0
-2.672982885126753 -1.015326895476669 0
4.691213544620793 4.682129534903568 0
4.668846695612259 1.280420842166512 0
-3.79622628485941 -0.2996139993346201 0
3.346644326180288 -3.433000237482466 0
1.247099606862897 -1.715034669684413 0
3.66313549346306 -2.851220108449271 0
-2.278609692844702 -4.607129343410572 0
-0.6002435173997577 -4.573713326496176 0
0.347011633212728 2.206472745549151 0
4.116100096640142 -0.129567236179824 0
0.9462174500158775 -4.122076582830076 0
0.7279576209811428 1.401389978316283 0
3.333471765996497 2.409720854078055 0
-0.620230602047852 -0.6521358015836759 0
1.486740859538156 3.086598588418984 0
2.823565462381329 -3.850416902369119 0
-3.515409176741445 -0.01627733147023538 0
-4.387562425033081 -2.054485008840774 0
-4.376872500654665 1.65952377915778 0
4.304931751960823 -1.14768446190239 0
4.278160440981821 -2.719370124762406 0
-0.8927766459208346 3.051088563198482 0
0.7915123249501833 -3.085242342078601 0
3.929425151657107 4.473979742700175 0
-3.980801985472191 0.3489666782097343 0
-4.458344810502346 -0.07864392551641727 0
-3.154838039895302 0.329924768377988 0
-2.706886279445858 -3.201841853388463 0
-2.381124820965831 2.353435014864012 0
-1.653482783131476 -3.837382430382262 0
-4.120952748975926 4.634490063291403 0
0.5964241701825692 0.7356717394645309 0
2.091398816304376 4.028698407114526 0
-3.988152205154187 -4.088338488175848 0
-1.607688457169623 4.60120071563467 0
-3.545075117642181 -4.631991405567096 0
-4.617545532635051 4.072327942716501 0
-4.34728705448961 2.370517875784659 0
0.2182664422110027 -2.69751650487708 0
-4.045626327875516 -0.5329598604983765 0
0.9605464598133 3.434401524244397 0
3.298804198368029 -1.442799504272579 0
-3.673004667116554 -1.962557486615008 0
-2.70109832579317 -2.35726546174004 0
-2.839554872536177 -2.055864697240721 0
3.846124323271817 1.894229797895572 0
4.148358107934701 -0.835536973937669 0
-2.465565669908814 -1.751037797698702 0
4.117636476359593 -3.082699790741372 0
-0.8336331372406369 0.8627642976804626 0
4.55429540802601 -3.839849983081037 0
-0.368644832141744 -2.244384639936172 0
-2.980114056582442 0.5685241519891512 0
-3.845563690833453 1.147534717763545 0
-4.661203221391415 -4.259828535403024 0
3.968274749483356 0.4782050818209482 0
-2.314939144993707 0.3156765556293182 0
1.377569009305856 4.749605085518207 0
1.980491693815126 -2.603089740281336 0
-2.890975738715636 4.15312603663315 0
-2.964655900391561 -2.598420946538978 0
1.314372466552324 -2.838242972877064 0
2.718434203772901 3.760320928011266 0
2.738171602979911 -3.556609588355696 0
-3.447613048841662 4.62836947360828 0
-1.174471834235581 1.047094469417046 0
4.724956916194294 -4.418562628039647 0
-4.355031479522893 -2.748658211895423 0
-2.527854435179102 4.623370133668466 0
4.024667697290244 -2.301922637451118 0
-0.5070078211545723 -1.32618586529799 0
-2.326373576896942 0.8934267456153011 0
2.759312896684555 0.5410682001784781 0
1.718251221332899 -0.5180228933700736 0
-1.306061723460621 -0.5375450822330028 0
-1.343846684028404 3.125496490568158 0
2.924377123546605 1.63139050626425 0
3.656243251885481 -0.1678426606649027 0
-3.223645305927806 -2.413114054788036 0
3.322910906145936 0.253497577083409 0
-1.864170988523238 1.922391441597485 0
3.835865957839971 -3.294963223268971 0
-2.077798211099465 -1.338940912692543 0
2.925242275924197 0.8268691239539074 0
-2.729094205035735 2.158667578375622 0
1.683840338500279 -0.172955579539327 0
1.390107470388058 -0.05134354125003216 0
-2.576141565996378 1.75186154664568 0
2.216562213309687 -2.342052135743009 0
-2.820950777645062 1.515996821145371 0
-3.695393861354314 1.820011002281057 0
-2.940440496438523 -4.259120112542095 0
-1.189246313299382 0.4703747022655401 0
-1.754954160850069 -0.9905667783091033 0
-2.713565254869957 0.009344595835777351 0
2.71764152500154 0.06153070954838438 0
-2.625987867674886 -3.883854064653994 0
3.982832882898838 -3.689062687235366 0
0.9184108660763465 -1.370820727684123 0
4.555284103083862 0.9716575483182612 0
4.674571933470417 -1.503361617471316 0
0.5917398520523149 -4.010365195781178 0
-4.75759729133383 -2.301747098547826 0
4.666184861487784 2.326612952074006 0
1.242277327783905 -0.9830646851552107 0
2.422015833661778 0.5894022609380717 0
-2.746655522413991 1.201400154161476 0
-3.151257009286092 1.583274106085939 0
-1.208797734634658 -2.277291490099869 0
-0.1060426092586799 -0.8890963813039239 0
1.732983438757965 -3.31576729590647 0
-2.621648280823145 0.6325185188498049 0
-0.9099154287950884 1.456749784380397 0
-2.403722181043555 -0.3065650158970878 0
1.290536664328624 2.226440709766977 0
-0.7591748056894344 -2.67170431753934 0
3.944870233404359 2.263758753528963 0
-3.954538264954238 -3.315716688712599 0
0.7107902092058581 -2.651363680311122 0
1.651899183232634 2.592168174902364 0
1.996528256393975 2.175654627615565 0
4.275004173799778 -2.959652638165839 0
-0.217093754048354 4.656676832871431 0
3.169234765636338 3.6438954856933 0
-3.780773432694537 3.762429360328118 0
-1.562088710880683 -2.62056832274544 0
0.704979583129868 -4.69879314733038 0
-3.329097579167871 -0.7767364922053572 0
-0.9649866730143403 -4.231723389118337 0
0.229211730665759 -1.539093390178714 0
2.41360721117605 -1.247644671912196 0
-1.033846736127946 -3.096935258989998 0
3.120601814389074 -3.871286919821078 0
-2.063511075424324 0.02760844338848254 0
-1.825006460297724 -2.401356563205105 0
-3.995388829326979 -0.994215457035626 0
4.554775156547221 0.400860568600456 0
-4.09802884389428 2.753271688021591 0
-1.603086326455514 0.6950071967941586 0
-1.818361397455069 0.9987367509172934 0
-2.231749034772332 -2.695444652561012 0
-3.245252058481885 -4.731174428999509 0
-4.693416006632386 1.800893239742 0
-1.01983519282204 3.757126629728083 0
4.678951514905799 -0.5104087975653171 0
0.3041555589899599 0.5610058090772724 0
4.457320375420872 -4.789339903218942 0
-1.623847868634765 3.528282139746793 0
-2.900416227898638 -1.294053935774128 0
-3.660213590359992 2.348606838200273 0
3.808141445787407 -4.68789294485686 0
-2.642718060312868 -4.765398718389992 0
2.915221381400594 -1.086240592278536 0
-2.417794784503309 1.159259817836957 0
0.6365099177090181 2.428267675251936 0
-1.656049150626935 -3.565674881292415 0
0.9000560919117369 -3.484090242482864 0
-4.556343120449812 0.4531020061855867 0
-1.44001152720191 -1.211004477119236 0
-2.117630252654359 -0.5234222541149889 0
1.316042993972391 -4.684443420210156 0
1.630434680679963 -2.33440830337811 0
-4.057406122432404 0.03565467903967005 0
-2.217317989633488 1.398515865161249 0
-4.686853670948968 -0.771874793766374 0
0.4536517272903498 2.888299611280157 0
-0.3285141564943486 -4.254989901613497 0
-2.49308476215991 2.632233667695763 0
-3.528141749969762 0.7579413044258271 0
3.846366153586985 -2.901386610129179 0
2.085119100912603 -1.528783989275864 0
1.586042030922406 0.7291753925890466 0
0.9810177442090515 1.212834574031814 0
-0.8072829404213493 -1.956128216511592 0
1.632277990715747 1.934583681651229 0
-2.220429616748106 -1.997509707215318 0
-0.3684737135666571 3.548476878341532 0
2.404976588121249 4.283119398782196 0
-0.4863579155132084 0.3005927769932329 0
2.838382954751598 4.675527949593587 0
4.734562789161126 3.430876734111828 0
-0.945286618080616 -0.2095952701193896 0
0.56084344065675 -0.9698438819512712 0
-3.181096347566804 1.833884456320646 0
2.314760605879822 -0.2488690234886984 0
-0.626755446132509 -2.456011776312306 0
-3.325773610491953 1.294958160690802 0
0.1232517647235745 2.398566806184439 0
-3.280751033739758 -3.878039553350234 0
-3.764819068425092 4.13721809541767 0
-3.236604711152717 3.434308258426133 0
4.161087450095816 -3.619920229457939 0
-1.890157620672098 2.596871164044154 0
-2.853285760968643 3.080300185297992 0
-0.9327951764893921 2.701543865757501 0
-2.89874076810307 -3.625815103367218 0
0.8876298303756098 -0.7174945897273288 0
3.964439957305359 -3.059187029212551 0
-3.642225379152356 -3.049507232968879 0
-2.083676970228276 3.369660125882371 0
3.079345252416053 -0.4356666448642545 0
4.699897926496345 -3.167607997703186 0
3.689726910639395 3.548020058919526 0
0.129530229312679 4.691078712751147 0
-3.003765029974554 2.133334900942721 0
0.7304791695452753 1.674278549722629 0
0.1942176417603717 1.196248278663525 0
-3.388295518822664 -3.365132557623664 0
-0.1308659332428625 2.985121117773252 0
0.3397591713070727 4.412796476547674 0
0.3883252441395457 -4.31035375658671 0
4.259627439165792 2.748280261184086 0
-0.09307362482651248 -1.917975459821235 0
-1.15491001238509 -0.8349661744425838 0
-1.71354465198647 -0.1653031828231886 0
4.364132914687719 -4.040019851321746 0
-4.284394965697006 -3.622935392238041 0
-4.178874327320071 3.670185650557712 0
1.820218033399827 -2.032382633428715 0
1.285573765550014 1.057188258266556 0
3.663581432239604 -4.104857952293205 0
3.306976496116309 1.402945567707661 0
-3.475230740538 -2.342908780149741 0
1.053426117949132 2.810835810807788 0
2.381823639656793 1.073218348905493 0
-2.079800694147934 0.5937953540950986 0
1.764837633759761 1.148888663354971 0
4.276457303501522 -3.287932769446019 0
-0.7269932499420511 -3.909736508780486 0
2.526492308596633 -1.776916444987149 0
-1.483052574377537 -1.981833311609726 0
3.286996747549106 2.044720741421017 0
-4.728216948564399 -1.33029969565676 0
0.6525324106456751 3.910311427980024 0
-2.006825643812084 -2.999605951938124 0
2.584190323949382 -2.827263576369513 0
4.446240684223797 1.587028254548003 0
2.612699985990059 -3.963250471295159 0
2.313334239235355 -4.826147683599991 0
-2.305365102174852 -3.561166398674148 0
-4.583054495003665 -2.634385813131639 0
3.385314024920691 -2.410505427937357 0
1.236413309265181 1.622724841549463 0
-2.052740728620612 -4.252295083182728 0
4.590674124602257 -2.434932461912519 0
2.304278490624587 2.696525682451831 0
2.516020678422201 -4.488065438214418 0
2.027138788829055 0.2749559460874619 0
2.880808088187311 -2.305373217114562 0
-0.6370751959302511 4.08779586899686 0
-1.324137895945487 0.7624127396425392 0
1.158719904950952 -3.540413811831056 0
3.602741414789666 -3.056160832908624 0
-2.109612980107241 0.8752463389338565 0
2.068750152051557 1.500182520456139 0
-1.731059872572309 0.4947848375223058 0
2.135812513169723 -2.822114658414927 0
-1.851477867977454 -1.589428891032866 0
3.209356134453141 -0.7926775883549184 0
2.117070253412801 -2.070798556144677 0
-3.574081334415223 1.327882233725875 0
-2.806304781529413 -0.6706525429485545 0
-0.005761389769787507 -2.536482404980972 0
-1.671529576636542 -4.277518850096568 0
3.157672409783313 3.344589221423847 0
-2.603985496923222 3.39493361403499 0
-0.6986838825444728 2.373907409760001 0
1.349169536700831 -3.954968067377118 0
3.044476065433091 -2.632832163079565 0
1.819705101138693 -1.031110378551121 0
3.442901778064021 -4.384883491349974 0
3.615685535758533 -1.098479075247686 0
4.469289072117952 -4.300070354697495 0
-1.134561595645978 -1.551117198116156 0
4.131771581628106 -3.198045542325102 0
2.612137989665787 2.26268253235572 0
2.878980993234257 3.188444639556876 0
-0.9422080331410704 2.020537128061153 0
-1.372423121227033 1.152772211790017 0
3.943769359849408 -4.290126050757936 0
1.619609854633825 -4.248870784207726 0
-2.15074122639524 2.182827830257018 0
-2.509049661570843 0.2692307353044323 0
-1.278798481517424 -3.905432420518366 0
-2.215306167797746 2.974667051220035 0
3.034639485409295 -1.931826496706889 0
-4.812859640557729 0.3361805931704412 0
-3.828034190831231 3.238428808197981 0
1.702963901793537 0.5370846888237877 0
4.170128484263415 -1.389653267316121 0
3.199528695156153 2.815040125655333 0
2.316107624005283 0.2154412209385794 0
2.10936721104382 -4.785812317846422 0
-0.3775569443093507 2.040715453704512 0
-3.475884132260743 3.643969905840885 0
-3.28896596079648 0.8886167165953246 0
1.433258285714447 1.942535479829033 0
-1.398069886932112 0.2070488202431724 0
3.347517504901976 -3.675487867976535 0
-0.7615379266507757 -3.350360230093731 0
1.451319705530013 3.855440867539339 0
-3.525321162414621 -2.176538153840739 0
0.7835829117074155 4.639860944345394 0
3.563578903377093 1.887690752544111 0
-0.03114362563084815 -3.875948122454116 0
-2.9675626767273 -4.592133555959929 0
4.114660095313287 1.422116744707704 0
0.9173367223639864 1.753802260818074 0
-4.077595200795062 -4.665466655022346 0
2.692686184951698 1.448803380114023 0
-0.09246784874313657 1.574347065011039 0
-2.251415634412007 4.308771205875675 0
4.07080723606732 -0.5803824579700843 0
-0.3894929396229066 -3.704081856232701 0
3.075957933513353 -1.446440456279707 0
-4.69479311253161 3.044650756357107 0
0.195681609686112 -2.139965510262437 0
0.1417415888484523 -3.542123483511689 0
-4.688548516485326 -4.045053330463158 0
0.9353346111691191 0.3478640248017572 0
-1.108465688546619 -3.659682552568074 0
-0.8054743722109687 4.473056007140131 0
-3.937951561096938 -2.327987914734232 0
4.319510882035397 0.02466290895272513 0
2.952748616528738 2.886708684840598 0
-4.593958751541242 2.299594589743894 0
3.824231040189431 4.729128548335773 0
4.638115151169783 -4.672614323692898 0
-0.4924969157614672 -2.988809996648982 0
-1.660096072542874 2.060213596198646 0
3.387829875577433 3.093034050760694 0
0.4419289146085955 0.2394995007984459 0
-2.821807792043465 0.7677159130520244 0
-4.727063516828313 -3.243639195828787 0
-2.779389385052808 -4.867777088891527 0
4.857812187717681 -4.853067826924983 0
4.567424745939526 -1.297272955337926 0
1.226726713994356 4.562036755382426 0
-0.1133029355510688 -0.2759346107669144 0
-1.281247732379117 -4.709900380830182 0
-4.769516114690313 -2.503467068051906 0
2.262618863964987 1.812960732143883 0
1.638025236767234 3.50702502223429 0
-1.260415540126 2.575086437438237 0
1.659790456809896 0.3532390290013101 0
1.567187291199296 1.454960224480132 0
-3.657828326263194 -3.642665924782172 0
0.259768962077524 0.02777921953717541 0
-2.661892100478036 -1.900299909458614 0
4.454616409749789 3.050037559340282 0
-2.007473379465185 -4.716490193025055 0
1.815590817726073 -1.692067603861896 0
-4.160208893610231 -4.398786713912716 0
-0.7662648106598011 -1.223527874570952 0
1.925127809774275 4.7828561542636 0
-4.61169170118652 -2.130620093843194 0
-1.790758224913446 -2.22913010668412 0
4.275385497904058 1.040540355912429 0
1.011403789162426 -4.326027995516636 0
0.07847783901075196 -4.712666566649441 0
-1.538532497783996 1.324812399820734 0
-1.965372212165977 2.882123783865229 0
1.654843866242069 4.784338317867676 0
4.244231554350497 -4.446611022618142 0
-3.688667907958116 -4.280986863258024 0
-0.2098292360076045 4.408777591820449 0
4.397471624386425 -3.595614438283758 0
-0.1139334052012236 -3.252285378145418 0
0.8075373676407466 0.06023312226990086 0
-4.745195384967654 4.310608986387132 0
-4.293504020132773 -1.07728472147251 0
-3.58488723890723 -2.640866054156261 0
-0.863312780449773 3.947388528994579 0
-0.7107536744051578 -0.3363945432622257 0
-2.02402933666036 -2.540406198043326 0
1.106685480927893 -2.993138706190789 0
2.808611553885578 -2.861833209470685 0
2.208990819431067 -4.326660135876283 0
-2.044502107559418 -1.897589798482723 0
2.076241538499439 0.6683805736546896 0
0.1751488652353809 4.236016538513883 0
-3.734361049728724 0.2771858562810954 0
0.4869499346473014 -1.788474202841811 0
-4.033622328162529 4.370695445789508 0
1.027446602297602 -1.605322151471007 0
-4.310838854820843 -1.814110988816534 0
3.561116577724039 0.0754579828729889 0
-2.47001021969001 -3.303264854654234 0
-0.8720066023030075 3.475372402725614 0
3.147349616701161 0.09885040456316715 0
1.415320978557173 -1.562454257606929 0
0.4772589349662604 -0.2878351697988162 0
-1.183114748005036 -0.2958740464274587 0
3.552555062953728 -0.4145087403597951 0
0.4860467361254828 -3.120051113875248 0
-3.441153591466861 -1.354217112666118 0
-0.7933271769235543 -4.479837949361658 0
2.082747706607962 -0.09804693210060823 0
-0.6413775619037765 0.9633844060844381 0
2.786638508194887 -3.343478030146599 0
4.866080840417812 3.705975199360302 0
1.833648236413331 -3.877577674969804 0
-3.8332210471516 4.750010023405441 0
1.486574678262988 -0.5556522940036734 0
-1.465103681431945 -2.962746379027592 0
1.195502633384022 -0.2790146087794133 0
-2.283264174767305 -1.446765169043621 0
-3.751429978292619 0.9301732973278017 0
-0.02465716026652374 0.4608845167023695 0
1.758972396037774 1.695518782594319 0
-1.438537924674391 2.906060730296659 0
-3.098142110331837 -4.738998700038625 0
-0.2969243445584738 0.6273933981747271 0
-4.327420035664197 4.761085052019099 0
-0.8841962430209301 -0.7080462355597742 0
4.50427027308065 -3.155619047924027 0
-0.9802603788928924 -2.847257596323492 0
4.21221609078023 -4.791430036818145 0
-1.55125396938562 -3.357528361835434 0
4.383385921337084 -1.741694762105309 0
-4.813176180467452 2.238204545852777 0
3.283273303042543 -2.887559386338291 0
2.346508510734047 4.570462613733145 0
-4.322867249510743 -0.3919781583640327 0
-3.140104929879199 -3.720982162938969 0
-0.5220033774928134 1.434251353415298 0
2.307634062487038 -1.846120690471019 0
0.3298101836836076 -0.8311038409352316 0
4.387032915429168 0.5316109148594481 0
-1.86547188074909 3.415131285063073 0
-4.040152342700996 0.5684243895422666 0
-1.357884968586715 4.71877867993206 0
-0.4040718800884755 0.08080528172787545 0
-3.499660114334656 2.893986371634802 0
4.694219243341002 4.452421886770347 0
-3.592051689191998 -0.2276513198719617 0
4.116571959366685 -2.531814304825452 0
-3.738855363915613 2.605051999320322 0
-4.727049368347399 3.554501442749276 0
3.696127133615069 2.714897907204571 0
-0.9106337880213252 0.6602142274293811 0
1.60845268507462 -3.72970025879678 0
4.106951568012105 3.90314207679784 0
2.824836638752715 2.454829745964527 0
4.836529139514107 4.26378593022285 0
4.663787233991279 3.249718651347349 0
2.534231486196904 -2.5763182584373 0
-1.759663746518191 3.07558657945088 0
2.337669364008773 -3.186614636486263 0
-2.505501051368012 4.098770278816536 0
-3.756440253850349 2.093245930409954 0
-4.644859157019388 0.01413356662149301 0
-4.60575515881351 -4.516553375182387 0
-2.863650081403345 3.663465844664462 0
1.32914404909485 0.8032301687936909 0
-4.221551202900011 2.14117570381246 0
-3.277716753823213 0.2238095550624785 0
0.3658789303181361 3.617214183929835 0
-4.332519279818918 3.449218499207484 0
-2.392215666089152 1.57588234067064 0
-1.815788113960045 -3.814879639767589 0
-3.792516195115572 -4.72785146052389 0
-3.481350604235683 -2.864716420700395 0
-0.373046279437799 1.157132092439303 0
1.763155336628525 0.1948790674277863 0
0.1108517397504878 3.296852545103551 0
-1.901143041720685 4.723719189316999 0
3.787791334388767 1.0549086969736 0
4.097735178679653 0.1063469994909415 0
1.86025200420932 2.384119418318731 0
-1.319051829899633 -1.050450552719632 0
-0.6616666277515519 -0.9166934898650611 0
2.588431570523166 -1.404415307035168 0
-2.283899987806761 -4.350645081991064 0
-3.593927911422534 0.4820982564530465 0
-0.6512669776759833 -1.701612457589409 0
-1.310558585701276 -3.446164174554505 0
-1.432993195679831 3.436163067983527 0
-3.153751582106771 1.075501227268036 0
0.838126630816075 0.5992662963074846 0
1.969763688941408 -4.603034696921767 0
-3.182314289868784 -1.667329745148737 0
-1.896649796620014 -3.20126607303842 0
-2.699765563682397 -4.107751268010597 0
-1.666336139029644 0.8643582676549217 0
0.8787150389144293 2.998937286491791 0
-0.3014599673286005 -0.704441799439212 0
1.390864491969088 2.416124388463032 0
1.616730433294427 -0.9043856728451853 0
2.516967210953482 -0.07872341560674152 0
3.04237206206507 -2.155923149413868 0
0.9539032120555673 3.657453220028703 0
2.707443308041527 -4.356921002441643 0
4.379197850356347 4.120426339768731 0
4.724936611229328 2.094539928720617 0
-4.393418141467073 3.968914495960147 0
2.055115848581065 -0.7535377022911707 0
-4.351241907970303 -2.274839638124824 0
1.632476967128616 4.41615072724688 0
4.486697806937114 4.751495821002401 0
0.9356628843463622 4.555264738953486 0
-0.5091420118857033 -3.419513917395188 0
2.76181086399862 0.98460534149782 0
-3.743314582958804 -1.725946903301169 0
1.317597916813994 -3.318033893352539 0
-3.971632595756074 -3.758609364539765 0
3.81040074668924 -1.772413362926673 0
-2.136919849549898 2.442400323071545 0
1.15537402429438 -0.7805972857526756 0
4.764908727144441 2.525537563232293 0
3.289946295900501 -0.3053223343714661 0
-1.981470426156561 4.024062339264856 0
-3.568863816601466 4.407803652807818 0
0.6385469690232528 -1.204013471296751 0
1.257559859969886 -1.951410349292374 0
-2.777288904754426 0.9707769258459966 0
1.885602145140623 0.9366147051321678 0
1.998377079864567 3.767040905636317 0
0.4463379235494551 -2.620290935834111 0
-0.365393038717296 2.838435214840822 0
3.535796605648417 -3.560985980769047 0
-1.155619924322098 1.266235565816592 0
-1.943670145637842 -1.156967561235971 0
-2.319459016942 -2.175501871936074 0
2.631144471145778 -0.7215951854138739 0
-0.5567753948988811 1.872967509261432 0
2.606284727047419 -2.0935550732599 0
-3.170309879556333 -3.144872982446112 0
4.361440040614542 -2.187246245381115 0
-3.71977661249574 -1.044406898023885 0
3.547054178435078 1.592056572508067 0
3.521160231029669 4.325666810594303 0
-4.829269582202283 1.949982713756142 0
-1.096871091654168 3.130304237961643 0
-1.281907476792038 1.719149999860462 0
1.020414483012379 -2.337896497357087 0
-2.199716680118815 3.756757013133776 0
-2.878586942786696 -2.430259916458085 0
-4.739524472348866 3.829053242606231 0
0.3198903914959051 -0.5068881889048434 0
2.805240083673847 -0.4577113224676447 0
-2.739455239362805 4.55025691062779 0
-0.6762209323429581 3.131355724524879 0
-4.806504581481871 0.08521056647565124 0
3.033428918914746 1.84256938419574 0
2.774042749461052 2.712350589937715 0
0.7244402478615334 3.373828730500665 0
2.493160781071982 3.606066287717044 0
-0.2686993154207891 -1.177479584613967 0
0.2052765727312049 2.786698233631572 0
2.260972514031236 3.281940124382977 0
-4.324477507898804 -3.990609066631342 0
3.220460066536833 -3.252290648553064 0
2.355271364629237 -3.978124059001035 0
4.714369323806195 -3.941837845042234 0
-3.71054646321231 1.554529175374197 0
4.797887060526954 -2.305832831163305 0
1.69422728836127 -4.833314922428482 0
-0.04762630307617807 1.336935140482605 0
-0.8906924956729169 -3.724218926645941 0
3.583427761708815 -4.589631581377285 0
-1.343642410056417 -2.488134291496318 0
0.7771323660161735 -2.054255734124698 0
1.556115109028271 2.867225284462908 0
0.4083175809561666 3.134557012613512 0
4.747721070668398 -1.985629520386805 0
3.369685836198962 4.712735802549314 0
3.411860553244425 -0.8594057224364883 0
3.612560960181164 -2.640269384481181 0
-4.27269517179942 1.885218573563553 0
-0.3079614492208994 -1.98909316937799 0
4.089718599075017 -2.75202910478517 0
3.883055480514702 -0.1427713458482755 0
4.771776713815965 -0.3214214854915347 0
3.537340029567768 -3.24191193512865 0
-0.6329878448217592 -4.787668703618593 0
-1.834658882911301 -0.789878130894385 0
-3.089582516503484 4.031237482068335 0
1.144550315529813 4.161319578637494 0
-3.104306222805252 3.251893780945728 0
4.718111719118377 -0.7245854889685094 0
-3.245286254069864 -1.166981214415523 0
-2.858816753855046 -3.414351796365265 0
-2.569348091442734 -0.1568065548344957 0
-0.05544374485978439 3.878223411611466 0
0.7691622184231828 -2.874924787141412 0
-2.24629109362237 -0.1000369407395753 0
-4.021137160870162 -0.7459497283981769 0
-3.23902597953172 -2.908400759663574 0
1.968254514999773 0.5038140695996142 0
4.665219321840416 1.48716858986669 0
-1.13628079216822 -4.116153749262798 0
1.866768568553419 4.397067258305242 0
3.601649374626158 0.8389078354688949 0
-4.064958425825647 2.999959923412717 0
2.464010599890265 2.914946808507529 0
4.194175682514184 -3.976197757901705 0
3.275085000307637 3.999669412763357 0
1.74148571295887 0.01088843032680074 0
4.422973339948332 3.568578819916443 0
-3.214377001969234 4.672859973623187 0
-2.763447094153426 -2.973417837923273 0
4.062657518181857 0.9097175460518465 0
4.21555455362309 -0.3468191116733796 0
0.02305853720663131 -1.711663151345833 0
-4.769493952740956 -0.5006611962297292 0
-2.470886709019942 0.4664397246785824 0
3.325410615989632 -1.672178027724995 0
3.909161182547934 4.05409228812221 0
-1.024699099026221 0.9358252081359651 0
-4.403107848261017 -3.78030421517282 0
3.637477587845778 -1.987928165652588 0
1.452779132022147 -4.149155771810022 0
-3.165624322330141 -4.138580328785595 0
3.478852515431914 -2.899514457215466 0
1.308991961343455 2.956708157287016 0
-0.08526577609340887 0.2529935043294576 0
-4.871385157230088 2.108784147074663 0
-2.112136810247326 -3.552018158328523 0
-0.9551510712063134 -1.75638746504206 0
4.222205222689116 3.273832746448811 0
0.2810983371275815 -2.933855386438807 0
1.526466011987825 1.213097776005098 0
4.384529555925162 1.828779378135545 0
1.144540042064066 3.321089083910031 0
3.488644951545202 4.092887188864751 0
2.136061946009927 4.850036478831334 0
1.918004902130339 -0.575144865562659 0
2.268127232111562 4.774518134396027 0
2.086191117138013 -3.600069941459534 0
-0.8793389376750702 3.250790923548419 0
-2.459665843313433 -0.976431125128751 0
-0.6052420414567488 4.341405912003214 0
0.395350934061379 1.289685712582423 0
-3.91326710418744 -0.105196950743468 0
1.786833127960147 -2.532201389419146 0
4.741598147340918 0.8385390804943078 0
-2.393842676188543 -3.778150542771859 0
3.53383157055895 -1.379786485084169 0
-4.79461640193928 -2.127117952696211 0
2.911796947786788 -3.046362185959232 0
4.045602029716703 -1.878002596736587 0
4.461233203452867 -2.613208007024598 0
-0.7918783748543624 1.836043877150393 0
-3.44359244703532 1.821609952378902 0
4.781667298119319 3.820637541802245 0
4.605607798089049 3.932941631576696 0
3.225576947541315 -2.573924653520569 0
1.13576455168625 -4.031183687314681 0
0.8456108416185817 -3.910138111618351 0
3.819794148367685 -3.512035373534152 0
-2.42649645653834 3.818580338005476 0
-4.368701462819258 -2.527268907195621 0
-1.112331015064085 4.196680976872891 0
-0.1440535744563498 0.9116205841889308 0
-1.734260987321008 -4.733922779559143 0
0.8961190184068908 -2.519299584236294 0
1.262919217218476 -4.49966292544814 0
-4.358284823107096 2.628014500387826 0
0.8537768208698838 4.843890475779708 0
-2.488000661857434 4.835860947557503 0
2.754759332945216 0.2965921798662914 0
-0.8215023520531999 1.277933384824901 0
-0.2600924562023149 -2.440836691628694 0
4.494336552324937 -1.970981315840396 0
2.13978920225116 1.996596471457609 0
-3.830378391309892 -0.5314355478379016 0
4.778782987728424 0.4957979064294177 0
-1.90441253781441 0.170090027438276 0
0.3066785451738064 4.6505752677646 0
2.050148822976479 0.8697546787770657 0
-4.17674200091533 -3.489513048081339 0
1.739854456036935 -1.290024418706435 0
1.97393074906456 4.572815319714364 0
4.825217421613907 -4.117717247782949 0
3.840546344241854 -2.249789491569019 0
3.785850868194045 0.5650249948758965 0
-0.4723054118456186 0.5066326166956 0
1.975012757327493 1.296273888304124 0
3.344550062660032 4.477271193915048 0
-0.4990255079590772 -3.988106868271096 0
3.923594370393412 -0.7709059806450523 0
0.4912406793650755 -4.768468199108138 0
-2.879937419161011 -4.84283175637244 0
0.1541106918987118 -2.354726511422667 0
3.499095329868191 2.563921370339536 0
-2.887554335041532 3.920280595819389 0
4.107826637412449 4.395389085047886 0
-0.04164762473362529 1.810081903448297 0
3.680713568118557 3.964954793956048 0
1.875152229975304 -1.490381639939394 0
3.68983407532127 -3.217232696764455 0
1.088458678763025 2.158199696067177 0
-1.25246728540681 -2.053635270851004 0
2.1837770791732 -1.313214107503985 0
-1.522395319891558 -0.6212701093733063 0
-2.615237403556457 3.636562972517178 0
-0.624454511960266 4.807607168057682 0
-4.472298514152893 -0.8375569105939014 0
3.049149505047875 4.249146566319459 0
-2.961477526182787 -1.500246278825015 0
-1.661662483413827 -2.806977661152329 0
1.362843502212398 -1.171388582249586 0
-0.2575022571411767 4.037997066816291 0
0.8542016387977304 -4.46848669946834 0
1.149374806843938 -4.807841471342104 0
0.4635067309269273 0.9183225649751235 0
-1.492635141649592 2.696771595102488 0
4.204013059409828 -3.252005443829244 0
-2.350485814208106 4.520967602973628 0
3.136534861220219 -3.066090992907642 0
3.95198265924238 1.639953354821425 0
-0.467494154600787 2.256499128340375 0
3.123369712279973 -1.236112795621453 0
1.360165505034828 -3.737259348635586 0
-4.15662646195085 -2.679103441278532 0
-4.25891370024182 -0.003376287908159295 0
1.968064234782631 3.048683924860946 0
1.927667904804881 -3.408315843596493 0
4.86717234006119 3.537348859181275 0
-1.007820000318667 -1.338541462973837 0
2.486217628516722 3.150507282771443 0
-2.864136533759897 -2.776878748834544 0
1.283344405692622 4.343323921185057 0
1.83949333296336 3.998617058504156 0
3.882726828452416 2.520976489446098 0
4.833275701678973 -2.816781070521032 0
3.08536529936623 2.414709482721799 0
-4.514871004380725 0.3050484973748702 0
3.276920908066618 2.619829504524606 0
-0.395804587796164 -4.528881069402738 0
-1.799590099105443 -3.536832226750136 0
0.9602551290748808 2.572350415863673 0
4.782977306894811 -3.384850697503819 0
2.504872253687149 0.121069362182139 0
3.99535580339757 -4.814883699898544 0
1.300886175446444 -2.595776528463071 0
4.120745048251681 1.887406294642331 0
3.963162574392164 3.059030099661217 0
-1.495481335589283 -4.384885824864119 0
4.084884092756806 -2.12482617908827 0
-4.592935288188253 1.640559579317989 0
-1.107320548158064 -4.831994035156422 0
3.330890651722068 0.4377797752251587 0
-4.041255025762868 -1.438287947239288 0
0.5518945857137245 2.202585308410606 0
4.348157281413201 -0.9351877601384299 0
0.5829027471066075 -2.247615717818115 0
-1.481537608482809 -3.881564585782622 0
-0.50608319350775 3.735464857200752 0
-2.537202795780046 -2.47227551343221 0
-3.545254731305825 -0.8732441664970019 0
2.686787020905638 -1.908988628683701 0
-0.8596210579468477 2.231638790748058 0
-3.339417892976557 0.4202307246530762 0
-1.624881254016662 0.3212240556702422 0
0.5522368739735041 -4.529453247833913 0
2.699606426314892 3.269284023807792 0
-1.986879359622096 -3.945129368275129 0
-1.429621258089004 2.238907770463332 0
-3.14617201942608 0.6952083079040791 0
1.431331152533182 -2.392703065255684 0
2.756226011961156 -0.9173881541996014 0
-1.387383770933332 -1.422152804380223 0
-2.216940015857281 3.193417979748641 0
-0.1099956901973597 -4.112300246113217 0
1.507785765948604 -1.333104099710797 0
-3.228012158808822 2.651860746150324 0
-3.800516180113113 -2.134311396775265 0
-1.955995967843224 -0.4366440138850758 0
1.510469317834826 -2.923814270592908 0
-0.2398105338559342 2.631519928490426 0
3.726260244994974 4.403784037613614 0
0.9006091102394378 3.223418924787426 0
4.201208181733799 -2.866500469419335 0
-4.478097022642178 -4.786032584793841 0
1.576935305269973 4.044600522092865 0
0.08685112535101074 -0.4480083751405277 0
0.8111164811693603 -3.285882945851504 0
2.412557573536441 -2.250567173588295 0
-0.3385344408588729 1.575056031509319 0
-2.939917435690918 -3.179531785956502 0
1.073704110715948 -1.189022468092707 0
-3.490170225979806 -4.422719060080212 0
3.773356074624403 2.098540269491357 0
0.3394285257204497 2.01565645350537 0
4.852820264999476 -3.583547150786544 0
1.145379984475494 1.413837655890158 0
-4.140572086464315 -2.25041042184383 0
-4.786403762130533 -1.600443890932022 0
-4.328559496032801 0.8393761550820158 0
3.347423451716383 3.670291414643482 0
-4.204301744509405 0.4136783161881674 0
-1.61819257340745 -1.745575389034213 0
-3.814478198885785 -4.072933462282545 0
3.689613906407379 3.737421685833476 0
0.745964077882642 1.214408627797446 0
-4.658581645341318 4.881208041099553 0
-2.671313510376431 3.202810500514095 0
4.793316620788285 -1.631961327726689 0
2.647147608954747 4.810272598315116 0
-2.520447964439462 -4.570739354931274 0
0.9490280467954069 -3.687765984129637 0
-4.457738665127681 -1.271057686560081 0
-1.079962138450562 1.50862053927725 0
0.05320990655215133 -0.06946437850181261 0
1.506193228944476 3.647913412385717 0
-3.60836681399146 0.1443651021295473 0
2.381494204492712 2.435222781700705 0
4.533578701846475 0.1681447200170356 0
-3.902076518364253 1.713510199952912 0
3.024987530761672 4.810085609302713 0
3.737306424790428 -2.980781172815405 0
-4.903019223496067 -2.408458620409193 0
1.422930076647965 0.6074579260250568 0
0.1638392882106436 -4.374914230344547 0
-2.516840139186908 -2.279245097778384 0
1.528254498539137 -4.723182460383126 0
1.671703503754433 -2.069272289610564 0
3.183125410103574 -2.035689895432959 0
-2.432548283187797 2.847382356894323 0
-2.96645907802668 -2.154867975718071 0
1.671847168086162 -3.103092159192884 0
3.978124350287152 0.2847775981631248 0
-3.970585565156298 -2.551201961557609 0
0.5111120375738073 0.5167098618109723 0
0.1372837493764097 0.6924870577876221 0
-4.467845894864063 -0.2612808734133124 0
-2.950876369836721 0.4149408367750809 0
1.284213345149891 1.819554049329205 0
4.035362264963811 0.672462357496815 0
-0.4810434572904444 3.328430961378558 0
-1.725925940591218 -3.694720856494936 0
3.913120357813198 4.273202328430489 0
3.760290497907917 -3.896335917932305 0
2.596821738257685 -1.598326500782872 0
2.989608203342327 3.738298035060973 0
1.52706043540702 -3.334613819197425 0
2.410421162018857 1.276200424480797 0
-3.892767425783449 -1.911774431514679 0
-3.321733452434054 -0.04778487231786953 0
-3.520148312567188 -3.844065180906456 0
0.5676846417227441 2.697459836649959 0
0.6711533744870222 2.912696862967985 0
-0.9897007021842623 0.5031001566676488 0
-2.340105089655253 3.362044069265372 0
-0.6430655383270064 3.582377170141737 0
1.658924867551276 -3.513418049854316 0
2.959150480089279 -1.599610190659881 0
-1.712042925726469 2.452401118101042 0
-2.45175104258493 -2.644869336841927 0
2.13849931185006 0.1324131948023707 0
2.328490899594803 4.056883379719416 0
1.790981138068464 -4.099741628105773 0
-3.571452427387959 4.798540469223301 0
-1.341861143478597 4.007913642624291 0
-4.811822220883573 -1.097288155289236 0
3.937780757345221 -4.459548777114676 0
1.106145458798124 1.734386782713617 0
-3.132416227466689 -0.3756323384556188 0
2.954853465695233 -3.959601465519312 0
-0.1514619890844641 3.673842248568346 0
-3.634357358514716 -1.246408197647877 0
-2.469895965564601 0.8014010728924974 0
4.182392009854889 -3.132859104926799 0
-2.487573178709698 -1.553353126499141 0
0.5329855550116166 4.861909095703941 0
1.14160693233708 0.3514840204943453 0
4.500118855667299 -1.111642651246703 0
-4.851109293219979 -2.906988443015337 0
2.96819368741709 0.6283308761253693 0
-4.423502120482015 -4.373429678916658 0
-4.698596785242354 -3.858659274235716 0
-2.685953789579549 0.1998080161419007 0
4.825849220435682 2.804176344495689 0
-1.703620229892914 -3.239256547899784 0
-3.307490178198018 -0.5630008441887615 0
2.155980211981021 -3.035120779239433 0
4.103825618599213 2.862584834506262 0
-3.343428046837922 -4.567710944761568 0
-2.846563648036441 -2.24994175526656 0
2.260301137939518 0.6163945364745393 0
-3.956995158922207 2.200473148002905 0
-1.556348548805896 3.086356607330096 0
-0.3921923317538536 4.447345335476036 0
-1.212271860525303 3.776584042132788 0
2.909382753221758 0.06410550222132008 0
-2.072374118998814 1.966994814546704 0
-3.192811474193809 -2.274062575065746 0
-1.550710019702049 -0.4050189230525537 0
-0.09134077133261781 2.475985684604171 0
-4.0734469860422 -1.220540814397645 0
-3.018541287990783 4.812834045893281 0
2.775594072610389 -0.165241507671464 0
3.634214267219846 -4.813612691453165 0
-4.803986509489939 3.239276180432732 0
-3.946526063424533 -4.255335617769296 0
0.7087172804669806 -3.476280564145613 0
-4.145358784988086 1.648714105882287 0
-0.2619610979318979 -3.028565874643355 0
-4.817877295032076 4.541882722490909 0
-0.5849885422555086 -3.210895874678961 0
1.985447070223216 -0.9281662928876179 0
-3.123148919660779 0.1595714150044616 0
-2.583141956959926 1.103875884356994 0
3.920751481420552 -3.156430057263393 0
-1.067630301310833 -2.210293927609727 0
-3.986054287110914 -0.3467325711358877 0
-2.883949158634613 -0.02658804519287733 0
1.460809265586306 0.07590034139373994 0
1.616565129417542 -0.7083317634761588 0
2.579802815376905 0.4929486091659248 0
3.73722679613381 -0.6125041506986318 0
2.559937253222021 -3.568284748150881 0
4.815321693971487 1.889792059583512 0
-2.473637207956691 2.1582671533153 0
-4.770045568989834 2.824315063126611 0
4.259824930795631 -3.447318177353603 0
-0.7182145320477042 2.599677787358889 0
-0.7704139220997205 1.092970232609473 0
-1.617727392372386 4.366111939919231 0
-4.477843037072226 0.1137721690542043 0
-1.687444358772447 1.430139668120118 0
3.112495555745032 -3.417135095184884 0
0.2836816291740882 -4.809343798802665 0
-3.549474663356952 -3.224259545363812 0
-0.3599820063260669 4.80038546174956 0
-1.120250805917449 4.829844247586045 0
2.517987360834232 -3.070274945925445 0
-0.5346937539380794 -1.121116218456762 0
2.110574852194693 2.834034489760239 0
-4.339896409770702 1.436985312496299 0
-2.204867216040878 0.4584984392583737 0
2.403869009363183 0.9051675094809603 0
2.157609604528719 -2.515519307045012 0
-1.500856477737245 -0.02143997155936352 0
-1.068937931237202 -1.126154743905541 0
0.5760181796225192 1.347996584911245 0
-3.844577044570061 1.32739662796551 0
-0.09434244841114453 -0.6131850351139884 0
-4.514251842368183 -3.248149735573655 0
3.339346781807822 3.280629739297152 0
4.759748747658996 1.074025455643319 0
4.041778738609491 -3.319715248013994 0
-2.825307487088067 0.580044603403833 0
4.82942749309659 -0.0484824320225084 0
4.106366252230152 2.392305504159027 0
0.1236247415698708 -0.90790769483385 0
-3.324502407191535 3.872832855880326 0
1.296842964365669 -3.076814062629018 0
-3.760741761330806 -2.491265010349887 0
-1.50093357945965 1.559741809472982 0
0.4709082341221584 3.820307901441435 0
-3.979211748572952 3.719720416582655 0
4.31081549193986 4.822604986544029 0
-0.7726333678522694 -4.663158005423918 0
-2.272070697948418 0.1197481645400527 0
0.02276605293237155 -1.107649069161563 0
1.860340204121388 3.577991323626343 0
-0.5731387960275687 -2.275205063665928 0
3.506646788076824 0.2686678789484428 0
2.686568629672026 -3.723705521014594 0
-1.348359889243448 -4.501227572753078 0
3.218889918379037 3.816961779202912 0
1.916647221580681 -2.784081186448841 0
-2.935554604038976 4.367985046629013 0
0.6273858291638947 -2.453901121659214 0
-3.441596301909434 2.407866181873333 0
1.425866930905037 -1.800416200808985 0
-3.064335657540312 -0.8215529349276066 0
0.1815733399593549 -1.316916683464426 0
4.549485545233553 -1.629595993899422 0
4.319256835154097 -4.609155277752297 0
-1.972414525996914 -0.6420578054400432 0
-1.146403212617157 1.937070227272487 0
2.865389265915136 3.913776665447845 0
3.151044986295778 -0.1577050367928475 0
-3.418772564375236 -2.01603203011268 0
4.818822579562868 -1.451302543513326 0
-4.511532217578369 0.6663776023793946 0
-1.271128919250008 -3.037063887892954 0
-4.815403625239807 -3.440536045372451 0
2.478269811253925 -4.642140353885642 0
0.1374672047619417 2.192068519603287 0
1.709768683320849 0.8481144785022027 0
0.3307532586784421 -3.524787085526618 0
1.750329403149952 -0.3302981014359484 0
-3.403257079714631 0.106956211067464 0
-4.09833557817373 -1.898572117436367 0
-2.690466048847821 -1.222405233291734 0
1.70006407914784 3.075394485069554 0
0.7454004026766891 -4.142794991385594 0
-0.5455848209395954 -4.373555941617639 0
-1.293287425472333 0.5865874345502617 0
1.442030278545867 -0.9947382210562001 0
-3.232710329860473 -3.528411378497387 0
1.317989338173823 -0.4337992556975933 0
-4.846466881819656 -3.974284352560155 0
-3.350440832162904 -1.542771067208322 0
3.11630508889301 1.545119790516849 0
-2.431434650980804 -4.789605446309339 0
3.109193030865033 0.8170738923067172 0
0.4074921547873563 -4.061068966313281 0
0.7357434104548305 -0.8772853855567648 0
2.890655344548837 -2.506128163077166 0
-3.073009930724803 -2.427190786746328 0
-1.264942474581213 3.313973413659887 0
-0.06148401834580314 3.192200836975819 0
-4.508283515511872 -4.123554742975619 0
-1.874908643325944 -0.01241123956027409 0
-0.1745574269498945 1.974889304465684 0
3.874181886868262 3.614612148363654 0
2.371940244930649 -2.43997143148814 0
-0.4495735509050549 -1.527973262201549 0
1.272131589759833 3.950421830696899 0
0.4106282485668575 -2.154580073117139 0
0.1055938815575103 1.670154018887224 0
0.4341545656537539 2.392560833278362 0
4.48509859465437 2.235587191071025 0
-4.279701593943544 4.526984769794918 0
-3.966912995072285 4.149937903132678 0
0.9272925494351422 -0.5062079412372831 0
-1.899222982875408 0.6069379495791928 0
4.246794695495965 2.524592502388156 0
0.007598510569385445 -2.744381718688189 0
3.564217786229666 4.804069171425573 0
-2.222306827149198 0.75223315337569 0
1.577122775240308 4.594781588379874 0
4.87692164615081 -1.105739417323831 0
-3.907114162292484 -3.087247290388227 0
-2.995491807998649 -2.030282108584271 0
-0.3198055530889886 -0.1056685771737123 0
-0.8601465866906091 1.626612285778103 0
2.861543145248395 -3.664636688127124 0
-3.635730380167504 -0.4030712375140659 0
1.546813146136863 3.27911486850707 0
0.04952905826388913 0.9348566331758166 0
2.033337186952286 -4.410579930594483 0
-2.157392691000926 -2.32354442920673 0
-0.8678564813594036 -4.072499564298734 0
0.6822501382670533 -0.1991101247109286 0
-1.684303925670025 -4.483081836279829 0
4.247169273028025 -1.612653652283226 0
1.078584967149073 -1.793506969716243 0
-0.4962384568377272 -0.5146951863961455 0
4.826921094596154 1.301759284591443 0
4.100709718244987 -4.358876536831893 0
-4.864555518319538 -0.2967654217626891 0
3.901307368261421 1.349940941451228 0
-1.929527405876525 -3.740656543152332 0
-1.924877320776814 -3.400553037060996 0
-2.717932829746625 1.899732242024229 0
-4.207534596310099 -1.561789710420561 0
4.721538429197332 -1.345155803391539 0
2.265636320038042 -1.101120099569531 0
3.182917243548716 -2.739187061660152 0
4.470898367708273 0.769069739632132 0
-4.54928663475762 2.132390854889011 0
-3.58864882876928 3.098514334334354 0
-4.48352675264147 3.109119383511566 0
0.9586403345488459 -2.161624071518278 0
2.403700932394062 -2.793623694667856 0
-1.11359333885124 -0.60782096188899 0
2.506263893536537 1.404426079895505 0
2.820499495960529 1.780978013007899 0
3.961171421967462 -2.827882291953806 0
-0.718559563738038 1.450093683780696 0
3.497875693257688 -4.193840600711526 0
2.612333102187146 4.269382271417081 0
-1.623872884840057 -4.05872550723655 0
-0.8933457232659318 -3.514176498968973 0
-1.642970107555686 4.808739716976746 0
4.163441105961954 0.4894833850921243 0
0.1173299085091609 4.007171829008176 0
2.247471725366195 1.623022860308425 0
0.8639830375340372 3.874990995133521 0
-2.600617981194276 -0.811409747617607 0
3.361355093248842 2.918128484261914 0
-4.494681894451648 1.834178173812123 0
0.9116182059485072 -4.756207954371664 0
-1.013071456189954 4.385387592801121 0
1.483359540494413 4.28354803158652 0
-2.857555502923931 -1.894217256981224 0
0.6710068495835881 -1.858305814298622 0
-4.047935781461501 1.150943405044117 0
-0.7083840486951717 0.7763194067421274 0
3.470661050269145 -0.1918140986142942 0
1.580413003380318 -1.650500819535713 0
-4.467774992644017 -3.605506557687854 0
-2.047840164838752 4.21117387176322 0
2.18094048686134 4.193886858735371 0
3.536111946163646 2.370264055837807 0
-1.330593051490129 0.915514606065185 0
-2.188678137636946 -2.952353082444508 0
2.198662407717894 1.006030550900533 0
2.034620612487477 -3.794080318518196 0
4.076688282848632 4.587573491298789 0
3.909055169824208 -1.506664960908825 0
4.529316472723471 1.165432524078293 0
2.695051072604807 3.501622535395285 0
-3.190636146143288 2.073125047186423 0
1.327531531034378 3.201626902425366 0
-2.926221093654565 2.331415293350284 0
3.736528094075144 2.317660186326958 0
0.5609502043822941 1.671547985368174 0
2.199596329451646 -1.672186065069661 0
-2.877265409082904 -1.096049967129721 0
0.9040422466438764 1.396607062065812 0
-4.820453077990314 4.050365482742222 0
-0.05674925444183376 4.285665418611097 0
-3.798637077794075 3.931275923804276 0
-4.334992078357352 -2.963238275701196 0
0.1868710231855788 3.486214831258058 0
0.6635450883903383 0.9670843672049223 0
-0.2782626547419118 -3.413746400702975 0
2.920967877364226 -3.468690358250435 0
-4.20874656736099 -0.5975376084604302 0
0.05134508701988807 0.1107007339383623 0
2.336011885578743 0.4301372765345564 0
-2.230371203898469 -4.822644996548993 0
4.106239577954746 -1.04850927578515 0
-4.538180511408474 -1.942483393281198 0
-2.805788502259533 -3.800734909204653 0
-2.043211517088227 1.424447854325378 0
1.870558318470194 -0.08666667809452282 0
2.562914013389004 0.9978069788318489 0
0.7434491435747108 -1.404130535975118 0
2.684763602206971 -4.164551543850835 0
3.95664989252654 -2.47097255891972 0
3.547861323928566 -0.6523282841301219 0
-2.386087116609471 4.686597016453132 0
3.210386593577454 -3.562687553236329 0
-0.9448361124930611 -3.268348617785545 0
-4.161075870150926 0.7570250589478764 0
0.5335050102120106 3.459645373868999 0
0.1608448214623288 2.596729531904372 0
0.9257818981997906 -2.959401122763316 0
0.4261446903705304 -1.600242623223237 0
1.560257754652232 -0.04214277883666116 0
-1.22490570001022 0.2863625457383177 0
-0.7053602106686306 -2.868940567989049 0
-3.68224660704959 -4.483354984315175 0
3.154406661105077 0.2807240444838702 0
4.309047347496044 1.449064447845882 0
3.737226382459071 1.707599632485511 0
4.794207636756729 -0.9315738093313479 0
-2.891351159710701 -4.408319275274588 0
4.067346978585059 -4.153796009031624 0
2.858213053414782 -1.884926324032795 0
-4.255694178382761 -4.800243103203901 0
-3.096019962917299 -2.749531193604897 0
-0.1929615663831029 1.21484864470079 0
1.019322667592292 -0.9332140250268478 0
-4.531429083344026 4.26802891974234 0
4.198011683159062 1.234684322519949 0
-1.487203765593651 -3.528801986235272 0
2.635232940863216 -3.420435259457797 0
0.07384247732890079 -3.364167115348327 0
-2.887471409101277 1.321518263951678 0
0.1487365270942608 -3.74205188201686 0
-4.117417355066737 0.2165917447233711 0
4.235935370553288 -3.05188224919742 0
-0.04099001880055313 4.803585507768806 0
2.720124416515272 -2.449720333089553 0
4.883691420273448 1.720368461502288 0
3.831152281209254 -0.9558812516313169 0
0.8935475831392325 1.976408102817555 0
4.430598623165773 -2.799552989177405 0
-0.4509069077539072 3.963581706371848 0
-1.178191494310902 -3.251214686551014 0
-3.73545013538478 -0.1263321138437356 0
-3.91214934591633 0.1530848905861484 0
-2.638717926771915 1.560159250363591 0
-4.109124879962403 -3.641493199718384 0
-2.63122252411831 -1.691104151114764 0
-2.270872984533035 -1.81364587471407 0
-4.801605825503872 -4.395969763587336 0
0.6678281712488725 -3.173474217358832 0
-3.275099483707151 -0.9778255236233594 0
0.5615410122591417 -4.173013384902329 0
-1.481644553502081 -4.797199688922749 0
-2.305052953982432 2.530059250622466 0
1.204701221046255 -1.539560333183555 0
-3.837357881960254 -3.643326952276861 0
3.214792234239294 2.263938288203855 0
-2.971717519760526 1.652718311486554 0
2.735069011149981 -2.220107822949801 0
-2.284512494997143 -0.5472752461696841 0
4.852820935617649 4.625480008738128 0
-1.555839118682705 -3.14813312117229 0
-2.692772254856497 2.629901900154471 0
-4.082760954480625 4.813852391794939 0
-4.882637411076544 -2.256188259381812 0
-4.213707524105595 3.868319983083007 0
0.03792934579786699 2.88252102772747 0
-3.134739272558205 0.4988803956675066 0
4.022118544232293 -0.3221987369156909 0
-2.108586036473155 -4.497932754226619 0
-3.600202103798246 -4.837854997927988 0
-3.299901707760518 1.698668345972479 0
-3.826345065346601 0.4433932371503735 0
-4.117344872614519 -3.952442814950405 0
0.3729834179068423 -0.1304760136322638 0
-1.880639399060122 1.721892723307636 0
-0.480987582971503 -0.7684167358145884 0
-0.2151917131809757 -3.787025286362236 0
4.638016664956064 -4.26826661279302 0
0.387869567490738 4.243540378467141 0
3.79660334760043 -2.768465778153013 0
-4.526568012630302 3.510623731837302 0
3.152554913812684 -0.6222574752407494 0
2.817811534049043 1.222498937110617 0
0.6235566394818102 0.1576886832365973 0
-2.683177375812295 -2.160363570685996 0
4.330604670411631 -0.1728406145033617 0
-4.140763708704318 -4.189619696143886 0
-2.424006754798962 -1.945397268955932 0
2.331267724936145 3.472996351263355 0
-2.583303419432484 2.362659480715418 0
0.7902440436845752 0.8028932748271826 0
-3.304507907113723 2.830448975887188 0
1.908749920842866 1.595218929723052 0
-2.119407341251287 0.2457725664512617 0
-2.769745870607307 1.701679729636063 0
4.762177932500806 -4.558756133974592 0
-0.5743949854064173 -3.792303782941444 0
-3.176649649031282 1.402590858145987 0
-2.113325015705516 4.799775524741801 0
4.51451893172435 -0.571981302975566 0
-2.577097167611996 -3.056449079353209 0
1.973171471866783 4.208800974019519 0
-2.91414249034558 -0.4621367406865121 0
1.668113427612865 1.312413813417869 0
-1.270258845699034 2.384405097171086 0
4.382349910476431 -1.30564969685878 0
-0.7618423092046385 -0.5317378288046967 0
0.9738750865329072 4.271941461991691 0
4.88676895044479 3.023271222049068 0
4.158163399195726 -2.981532083127235 0
1.017128854077805 0.1472116821759671 0
2.218045559793522 3.868137744039214 0
-3.583828229995655 4.186066513877099 0
-1.868284331160346 3.227996680194426 0
-4.136235542073269 2.515692188171593 0
-2.281171725246321 -3.37056685523281 0
-1.017687226709406 2.89194353997067 0
-0.7021743078879888 0.2969955778694379 0
0.8462279949481979 2.446653427979407 0
-1.918113687409459 -1.409310377712241 0
-2.404332174249844 1.795491869902488 0
-4.749247137007433 -3.03551061078842 0
-4.097293485101836 -3.37202475800602 0
-4.124276826725545 -3.231874411797265 0
-2.244097803244916 1.222436383969471 0
3.551430649540552 -2.494236710162312 0
4.844492265928931 3.354156212725184 0
2.519128326660933 4.430592597291095 0
4.887896929354863 0.1690486078538803 0
0.3745905226508754 0.7497393014773375 0
3.540320574203822 3.065296565403444 0
-2.729905754450664 4.058523368025856 0
4.632489164692049 -2.615899041638038 0
0.8463941376585048 -4.279974056729105 0
1.506900298120863 -0.2032324238346921 0
-3.058036500037465 -1.182823032082588 0
-0.7887875631752245 2.872051184896053 0
-1.664218846907017 2.61818088443382 0
0.7254528798546018 1.827341220311192 0
-4.839200990432447 1.784868314855343 0
3.198327792060541 -1.570574077333522 0
-2.287221486528607 1.047818887741344 0
1.867100512077666 -0.4189965914605262 0
-4.831723512986251 4.707943425925079 0
-1.984780721145339 1.024452754015392 0
3.237778679701047 -4.398624981056122 0
2.767418478810154 0.7365683899714228 0
-3.19431566739689 -1.882792513289143 0
4.269235997724195 3.458778427002953 0
-2.944716655909185 1.121283569487463 0
-1.850090739875219 -4.175531141437729 0
-3.044349790054903 3.53876170351114 0
4.820934099218252 4.823415693195721 0
0.3791514788136976 -1.991216312708714 0
0.550130858311255 -3.813292727216681 0
-1.837740747967568 -2.907157886335698 0
-2.176305296223362 -1.19498569419984 0
4.556771198905977 -4.424240528160206 0
-3.015074607805181 1.458881264342491 0
-3.323046390588687 1.096562597043333 0
-4.197957709560058 -2.072824916226964 0
-3.385833560934405 -2.483623718103302 0
1.291260575179131 -0.6371585147968694 0
-2.74461465271892 -4.30724855072628 0
-3.109626160768038 -0.2069284522498147 0
2.906394631499547 0.4266171060928943 0
4.836852388781343 2.276538788605438 0
-0.6260512174743689 0.4473904732328849 0
0.05537824006461334 -4.517823125379199 0
-1.109323171573291 -4.301030168061355 0
2.11522432493414 -0.281865888726612 0
2.219516179025636 -0.4090631297522547 0
2.790726136654247 -4.02380506343304 0
4.473081607593134 -4.149222621717477 0
4.201725205196122 -2.29744775503815 0
0.7022052585322081 4.091860699827987 0
-0.4867303935374349 1.023577448043605 0
4.288916769872485 -0.7372145118313508 0
-2.449733813299038 0.9910309173014774 0
-4.403707024557542 0.460604586465887 0
-2.024386155140485 3.836353452155386 0
-4.617698632823156 1.976116576667765 0
-3.623232086082968 2.746226168732993 0
-0.1976858097225445 4.20997928044453 0
-0.4666291682600868 -4.706721815188239 0
1.634409207880339 0.2242297326117061 0
-2.690664273007191 1.380580863507665 0
1.132162255369196 3.512745818129337 0
-3.86691502361424 -1.528346592101757 0
-1.744910721989968 -2.582578269359864 0
0.673452519683001 4.798201630110657 0
-3.954831251847194 0.9954380197678411 0
-2.181824269899136 3.569623489427352 0
4.520784263472625 -3.991405984400333 0
1.566220502524936 0.5872037440262508 0
-2.642495616393691 4.761318282093632 0
4.64246125661595 -2.98352891168062 0
0.3169505062621307 0.3980583568416507 0
-4.585040390947942 -0.622620093941019 0
0.1683754319677838 0.4747525551601928 0
3.975829725992348 2.057086478626735 0
4.006016181489646 -3.534971242564976 0
2.43405438807376 1.77661836843878 0
3.12489520564954 4.087000774704897 0
-2.183299941914688 -0.3524512223414884 0
1.161250722415905 -2.751655873590237 0
0.3633583684237936 1.083371974865604 0
-1.66956638789731 -1.169797147860896 0
-1.544729929137513 -1.00560318970092 0
-4.862423618118074 0.2103391478630652 0
-1.781565067561896 0.2961403140755149 0
-2.720201659893827 -4.658748885304608 0
-3.40398819976039 3.493873374904822 0
-0.7747188335348518 4.667418112272667 0
4.841379887288586 -0.5599495302456166 0
-4.551257637345862 2.468122749367303 0
1.261125261735607 4.863265402340606 0
-0.5847291050687244 0.1236235714728259 0
-0.9863717990523709 1.328567225246494 0
4.65440632518297 -3.762034194531967 0
4.401232003351802 -3.843653244296153 0
1.532328752444644 0.3409090940874845 0
-3.062170856927155 3.034122768237648 0
0.5367149638875583 3.28500947920771 0
1.378162068417385 1.500998752845318 0
3.309066958151964 1.18429847226502 0
-0.4803470040747692 1.683971548222232 0
2.961184973258103 1.025523066812067 0
-3.342416570137877 4.457751406068025 0
4.838391188455897 -4.289236798331555 0
3.637151060864073 0.659484616861058 0
-0.2386097858597695 1.049332207929732 0
-1.871298889162177 1.179046830955072 0
-3.055322017997725 -4.388223087663249 0
-4.327183943856172 -0.1881806603800732 0
2.011040048094565 -2.417602966178387 0
-1.63092322680465 -2.433031776213868 0
-3.753472122525674 3.558570769070534 0
4.56620960060413 1.710030115846151 0
2.950429088677696 -1.769483593895799 0
4.199317046369696 -1.768244188191149 0
-2.670775808313457 -3.375567597494363 0
-4.845360625316239 2.652766613865337 0
-0.2799578335359748 0.2227233210009084 0
4.825820416584124 -3.006960919686702 0
2.226822350828471 -4.137262324270788 0
-2.541603686853873 1.973160426050704 0
-1.040180581813218 3.587738822745744 0
1.888552636635175 1.959089444318116 0
3.387787130465732 2.252020516342089 0
-1.92933400048131 2.094327250123387 0
-0.02571872509589052 4.617247266453323 0
2.722995044460096 1.633048711661375 0
-3.672272002700518 1.143841147477958 0
2.343418389337999 -4.440061407748311 0
3.287272727765692 -3.86626959880666 0
-2.741462445120183 3.519870930212818 0
1.752587414309854 2.144709984463024 0
-1.316718160114108 -0.6987439517218772 0
2.804816075881363 -3.18051959700665 0
-1.7796867803604 4.484658456359167 0
4.104159557393396 -3.450145333217141 0
3.51709982739763 3.654979074394597 0
-3.543051762628493 -1.844639615770514 0
-3.027960765972334 1.975884932338123 0
4.03334915121203 -3.12038360534159 0
4.517617478481039 4.568744420348843 0
-2.920588210942739 2.904249411800747 0
4.315480191408717 2.057153644806485 0
-3.944446141746902 4.592034512246721 0
-3.597653198673393 -3.430733535602965 0
0.8550349086727844 -1.550088323288093 0
-1.45354337071835 4.463564100818554 0
-2.455840568800568 -3.955999095776813 0
4.085554793982764 -3.815778015334637 0
3.463520062762363 -1.571022086025062 0
-4.136407382585812 3.476104598076363 0
0.08354879877384495 -1.98218582133872 0
-0.9436103232302173 0.03041644533675338 0
-2.721246005214983 4.269633302703182 0
-0.260541905609311 0.796501471962352 0
-4.342424407926638 -3.449212026220406 0
-4.558276056923321 -3.75518735303802 0
-0.09773165390353768 -4.805515485948037 0
2.058760061918183 3.236058650134128 0
4.511418716796492 1.366658621703602 0
3.687657899733796 -2.155618201725254 0
-1.566276703441928 -1.324114335641746 0
-3.168884055608841 -4.850935639918299 0
-1.616193907952992 3.745383097962768 0
0.2385024985192634 -2.514281339975835 0
4.836295286640078 -1.817099669736431 0
0.3704767272042466 -2.778967480964457 0
0.3339160561583465 1.833185771511631 0
4.287805139051732 4.312816727101806 0
-4.843024724620685 -3.631740018738631 0
3.138894310495094 -4.018310234557893 0
2.184675700197414 -4.901696300337631 0
-1.79187035549729 -0.356406544596144 0
1.894405064386008 0.2346317681699649 0
4.650608103047933 4.839847066488135 0
-4.488228185574556 -2.861503405469947 0
4.050204273438071 -3.016304581101099 0
-3.926793686011938 -3.939504231102194 0
2.243211631288252 -2.193252730797991 0
3.832510223239164 0.400316093344725 0
-1.980646618527357 -2.334430493472278 0
-1.758561988616449 0.6938972703386909 0
-1.793686190908564 3.601131947101695 0
-0.7975211199256296 -2.494798934293063 0
1.048002264307035 1.0698287133209 0
0.9440368641041482 -3.11797197431728 0
1.405401864002681 -4.555006249575359 0
4.829481521104205 0.6677881387134226 0
3.711672438714406 -0.003391413145067211 0
3.017645174768507 3.254200263872463 0
-0.5778345581566467 2.974890495138892 0
1.491317157983173 -3.858844193600116 0
1.601111527868514 -0.3743693754430962 0
0.3103355790996084 1.43461973273994 0
-3.345414367383584 -2.305545931706139 0
1.852446887529222 -3.182718956054608 0
-3.633302043819656 4.603250980094934 0
-4.819660721547745 -0.9199151702868245 0
-4.656602495518022 0.3543717212948636 0
-4.725768518762194 0.502896297514081 0
-0.8598901865768404 3.687079022595637 0
-3.381033777058249 4.814288061665476 0
-4.832970740866711 -4.195672492660927 0
-4.624866700248505 -0.137557078491485 0
-4.405432768330887 4.154592512822452 0
-0.5057378219459847 -2.125510494445786 0
1.480909476540169 2.151174963088703 0
-2.542915000138657 -1.147922273359959 0
3.85333204676115 -4.130139406891074 0
1.349525128853221 -0.2365624014864448 0
1.233048928440356 -0.08770174506660987 0
-1.805707004095674 4.008180065347593 0
-3.940391434310891 2.632794650026614 0
0.6425426426688754 1.523992855094281 0
-3.335029401998844 0.7023005543277041 0
-2.863580090304742 2.005429114199812 0
-0.171026596624225 0.5427834384109301 0
3.375424117897985 -1.26600722221767 0
1.384200329262658 -4.853161692036156 0
-1.900880553832505 -1.768285672867415 0
-4.346489049492643 3.234724566728433 0
2.748017115359443 -1.533227704407378 0
3.987683520483388 -0.01906521344665858 0
-3.436063546506143 -0.1717085915454597 0
-1.631916583407248 2.30146398637896 0
-2.827370470854451 0.1149816730673566 0
1.03004565118778 0.550027201865054 0
4.476878427241109 -2.312150300717834 0
-0.7886211457019682 -0.1160582399960069 0
4.56686792327763 3.440400953144346 0
1.184457118516829 2.352125941347163 0
-0.6454487508821414 -1.457046836212086 0
3.510892285127354 -3.394896260769634 0
-2.037249582334961 -2.812794189941274 0
3.960628445886515 -2.953172973690398 0
3.870942669356149 -3.027092232367303 0
4.69145432707347 0.3042267966614835 0
-3.404691949894081 -4.021378389049541 0
-3.733563506239577 -2.867644702043411 0
-0.7838639604172138 -4.290101956483944 0
1.794614159596475 -1.877456364567522 0
-4.183934050371397 -2.871542321695665 0
1.989589720584277 -1.653165064461012 0
2.677965289139591 -4.523256314752034 0
2.873528537470946 -4.362727225952399 0
0.8198897388729645 1.53345041098076 0
3.050997595415359 3.493559253895957 0
0.8241578980826422 4.421781105002633 0
-2.15976495166044 -0.7074664668959572 0
1.160210410797606 4.735778389795628 0
3.722825888603626 3.365016188194515 0
-4.818872251509881 -1.780815180981036 0
-0.5277817175060469 -2.776831803483056 0
4.83234110788072 -2.140464523953072 0
1.037898110103687 -0.3939170104356854 0
-2.210459575040952 -4.122130337454507 0
-1.44762626045453 3.25230069720047 0
2.093754318536582 -2.2475215676351 0
1.089522194556785 -1.416332930812982 0
-2.199747655798408 1.561049838346163 0
2.940150576022141 -0.2931417242496424 0
0.2150419815310286 4.839098698774512 0
-1.102486113924878 0.5925142445519208 0
-2.845927791509312 -0.9051925276542896 0
-0.9746320912338169 0.8002746087731452 0
3.206320444394921 4.829716477450544 0
0.8250187165755405 3.528962055193454 0
1.962394630275116 -1.988093201310452 0
2.562767274613015 0.6596848624359674 0
-2.667749187176132 0.8052342159109955 0
-2.063048253422503 -3.155076226242199 0
-4.26955360781838 2.848047276310028 0
3.395915905054358 0.1054816434518557 0
-0.5121644900773877 2.431254267094813 0
-2.325729190988364 -1.646118465573309 0
-1.121675223124849 2.708956790393065 0
3.953333878446347 -3.276516154810978 0
-3.799615919226318 -3.467096824000096 0
-1.105160617465785 -2.402375952040738 0
-0.1862487677199268 -1.758230265765915 0
1.514433659037505 -2.20347111246378 0
-1.479882919875986 0.8076764341999347 0
3.982722143805297 -1.282452719143031 0
3.541491685526669 -2.767717962134533 0
-2.750119495292558 -0.1568556943483511 0
2.893128848069576 -2.713040052585577 0
-0.4530180803613325 -2.400507548506149 0
-4.554603090742597 3.897818058444961 0
-0.1625416596847824 2.807579256419558 0
-1.715914035673652 1.822085980756774 0
-4.118966791189283 2.314751838021097 0
0.3078787352521182 -3.125910148781923 0
-1.872616454657207 -1.996476332892773 0
4.328353732389785 3.160546462847083 0
0.9855851869119376 4.864055530529464 0
-1.308174026804468 2.761832068747725 0
0.4129190594343458 -1.072845331620271 0
-2.909919419898008 -4.064607657916307 0
-1.192367319011991 0.8806501183638322 0
-3.061556424029091 4.227599939341333 0
3.386256087213627 -3.282408368351136 0
-1.448216133111783 -2.755564433285356 0
-0.2895428762317107 -1.381104951499516 0
-1.76383431121516 -3.611452568042589 0
-0.7257059014625221 -2.351975978295012 0
3.162703043746363 4.400228819439156 0
4.6281914805096 -4.537153366333553 0
-3.299292049003741 -4.870335391854605 0
-3.435133105610456 -4.769566890355214 0
-2.053538796857214 -1.499688945873928 0
4.323894651224729 -2.865528027398157 0
-4.14251921815125 -0.4168885243910776 0
-3.604983162255341 3.792432651332695 0
3.158589165088554 -3.719367215631772 0
-4.50138533107836 1.491685992762587 0
-2.363464091952979 -2.819277584529504 0
-1.673448415925215 -2.016156601196721 0
4.433661740529775 2.859499575346157 0
-1.094204567657306 -0.0768542449794738 0
0.5012500562068468 -0.4813047751571428 0
1.08442782836839 4.603012459148501 0
-0.8984013275018714 1.006214147589807 0
3.892939151112046 -0.5894176056233948 0
2.879115029069082 1.448183818062067 0
-1.32105137989621 0.4059002986400499 0
2.182428032954458 0.3086228352001077 0
1.836218393287491 0.5046716165512439 0
2.866257630937514 3.587700080102371 0
4.030321788532651 3.705263419480845 0
1.190048569705844 -4.355190040828999 0
1.10693440523479 -4.18554600430273 0
-4.414645593184591 2.196504830628174 0
3.236301130489783 3.489369039688856 0
-0.4439061799277702 1.293193991410936 0
2.562702133115819 2.754611962386614 0
2.626192891289705 0.1983270892229582 0
-3.259339748206941 3.629013612836664 0
-3.051979552406419 -3.54191000574852 0
-1.347044727365539 -0.3645861655950677 0
3.400865457072238 -4.565734135708941 0
0.3626713916918496 -1.422779810831393 0
-3.786752319705772 4.291614261834911 0
2.636403720335669 -0.5356938007834767 0
-0.971203014753951 -4.406062089399817 0
-3.177864652297222 -2.568849325519666 0
2.99039340872044 -3.780686246000659 0
3.766626589836738 4.546343458723084 0
3.909985456066979 -3.837369338382875 0
1.169259369461518 1.215842492268271 0
3.010162352308029 -0.8457565641534812 0
-1.554609660472535 -3.690771747448871 0
1.279015649675127 2.044590359243643 0
-1.631632670018056 -0.7851246254639301 0
-2.386936040930295 1.340084183177032 0
-2.55783117423407 1.268571125915237 0
-3.428529556395356 0.5884244182143967 0
0.1940922389246635 4.512462093530278 0
2.829795622256264 4.506416344748966 0
-1.362142011380924 -2.205367085586933 0
-3.585895074494699 1.954204860472929 0
-2.027286142806252 0.7309594571510536 0
0.6462943144043917 -3.023728141762798 0
-2.96998435104811 0.7203568641799953 0
2.505083767865 -1.944991895463904 0
-2.785498781362854 -4.756922896304879 0
-3.013744635702702 0.2579433172458741 0
3.159587527405153 -0.9882732027661322 0
4.529424827377486 -3.710905359824815 0
4.051533994665862 3.222172031789259 0
-1.915398172501773 -0.9529545606361991 0
-3.57759659786856 -2.453235470148913 0
0.05380093457417115 -1.501773040406457 0
-2.420789343995173 -0.1321550908963953 0
-1.397703973559913 -1.835273797248159 0
2.411199014562396 0.7316138654019322 0
4.397712596496211 -4.429646915493485 0
-0.635663700277536 3.901340308560421 0
0.8369736456465047 -1.225716005301627 0
4.748255975865287 -2.46408505548412 0
2.965086452588203 3.054402135852495 0
-1.440028428303265 0.6661623591179705 0
-4.530815227700188 4.796769349469309 0
0.5052926669746622 4.385170506251593 0
2.952333703039146 -4.778355097223113 0
3.175880382183124 -4.79140930166476 0
2.751620887722471 -4.861413538408879 0
3.04274641353667 -4.598483919670405 0
-4.806002601669888 1.158123091177932 0
-4.845034736665058 1.373451344492419 0
-4.851712757797507 0.8044949715657227 0
-4.731110909482334 0.9693085732778377 0
-4.575300283895917 1.133545147614802 0
-4.679385897341292 1.283967611720246 0

CELLS 5097 20022
2 49 155
2 155 156
2 156 157
2 157 158
2 158 159
2 159 50
2 51 160
2 160 161
2 161 162
2 162 163
2 163 30
2 57 164
2 164 165
2 165 166
2 166 58
2 63 167
2 167 168
2 168 169
2 169 170
2 170 171
2 171 64
2 65 172
2 172 32
2 78 173
2 173 174
2 174 175
2 175 176
2 176 177
2 177 178
2 178 79
2 86 34
2 89 179
2 179 180
2 180 181
2 181 182
2 182 90
2 95 183
2 183 184
2 184 185
2 185 186
2 186 187
2 187 35
2 99 188
2 188 189
2 189 190
2 190 37
2 101 191
2 191 192
2 192 193
2 193 39
2 102 194
2 194 41
2 24 195
2 195 196
2 196 22
2 104 197
2 197 198
2 198 199
2 199 200
2 200 105
2 106 201
2 201 202
2 202 203
2 203 204
2 204 26
2 46 205
2 205 206
2 206 207
2 207 208
2 208 111
2 115 209
2 209 210
2 210 211
2 211 212
2 212 116
2 126 213
2 213 214
2 214 215
2 215 216
2 216 217
2 217 127
2 40 218
2 218 219
2 219 220
2 220 141
2 142 221
2 221 222
2 222 223
2 223 224
2 224 225
2 225 226
2 226 143
2 38 227
2 227 228
2 228 229
2 229 230
2 230 147
2 36 231
2 231 232
2 232 233
2 233 152
2 153 234
2 234 235
2 235 236
2 236 237
2 237 154
2 28 0
2 0 31
2 27 238
2 238 239
2 239 240
2 240 1
2 1 241
2 241 52
2 53 242
2 242 243
2 243 2
2 2 244
2 244 245
2 245 54
2 55 246
2 246 3
2 3 247
2 247 248
2 248 249
2 249 56
2 59 250
2 250 251
2 251 252
2 252 4
2 4 253
2 253 254
2 254 60
2 61 255
2 255 5
2 5 256
2 256 257
2 257 258
2 258 259
2 259 62
2 66 260
2 260 261
2 261 6
2 6 262
2 262 263
2 263 67
2 68 7
2 7 264
2 264 265
2 265 266
2 266 267
2 267 268
2 268 269
2 269 69
2 70 270
2 270 271
2 271 8
2 8 272
2 272 273
2 273 274
2 274 71
2 72 9
2 9 275
2 275 276
2 276 277
2 277 278
2 278 279
2 279 73
2 74 280
2 280 281
2 281 282
2 282 283
2 283 10
2 10 284
2 284 75
2 76 285
2 285 286
2 286 287
2 287 288
2 288 289
2 289 290
2 290 11
2 11 77
2 80 291
2 291 292
2 292 293
2 293 294
2 294 12
2 12 81
2 82 295
2 295 296
2 296 297
2 297 13
2 13 298
2 298 83
2 84 299
2 299 14
2 14 300
2 300 301
2 301 302
2 302 85
2 87 303
2 303 304
2 304 305
2 305 306
2 306 307
2 307 15
2 15 88
2 91 308
2 308 309
2 309 16
2 16 310
2 310 92
2 93 311
2 311 312
2 312 17
2 17 313
2 313 314
2 314 94
2 18 315
2 315 316
2 316 317
2 317 318
2 318 19
2 19 319
2 319 320
2 320 96
2 97 321
2 321 20
2 20 322
2 322 323
2 323 324
2 324 98
2 45 325
2 325 326
2 326 327
2 327 21
2 21 328
2 328 329
2 329 330
2 330 100
2 103 6
2 6 331
2 331 332
2 332 333
2 333 25
2 107 334
2 334 7
2 7 335
2 335 336
2 336 337
2 337 108
2 109 11
2 11 338
2 338 339
2 339 340
2 340 341
2 341 110
2 112 342
2 342 343
2 343 1
2 1 344
2 344 345
2 345 346
2 346 29
2 113 347
2 347 348
2 348 349
2 349 4
2 4 114
2 117 15
2 15 350
2 350 351
2 351 352
2 352 353
2 353 118
2 44 354
2 354 18
2 18 355
2 355 356
2 356 119
2 120 357
2 357 358
2 358 359
2 359 360
2 360 0
2 0 48
2 121 2
2 2 361
2 361 362
2 362 363
2 363 122
2 123 364
2 364 365
2 365 5
2 5 366
2 366 367
2 367 124
2 125 368
2 368 369
2 369 370
2 370 8
2 128 19
2 19 371
2 371 372
2 372 373
2 373 374
2 374 129
2 43 375
2 375 376
2 376 21
2 21 130
2 131 377
2 377 378
2 378 379
2 379 3
2 3 380
2 380 381
2 381 382
2 382 132
2 133 9
2 9 383
2 383 384
2 384 385
2 385 386
2 386 387
2 387 134
2 135 388
2 388 12
2 12 389
2 389 390
2 390 136
2 137 391
2 391 392
2 392 16
2 16 393
2 393 394
2 394 138
2 139 395
2 395 396
2 396 397
2 397 20
2 20 398
2 398 140
2 13 399
2 399 400
2 400 401
2 401 402
2 402 144
2 145 403
2 403 404
2 404 405
2 405 17
2 17 406
2 406 146
2 148 407
2 407 10
2 10 408
2 408 409
2 409 410
2 410 149
2 150 411
2 411 412
2 412 14
2 14 413
2 413 151
3 414 544 196
3 415 544 414
3 416 24 195
3 195 545 416
3 416 545 23
3 23 545 415
3 544 545 195
3 415 545 544
3 196 544 195
3 196 22 414
3 664 1345 906
3 1542 1582 276
3 510 943 509
3 128 1350 1034
3 72 1355 1003
3 137 949 391
3 1135 1828 368
3 125 1135 368
3 575 1967 813
3 1100 1581 596
3 633 1919 893
3 282 859 283
3 220 1212 141
3 927 1491 632
3 8 1641 889
3 964 1617 244
3 752 1681 919
3 963 1477 598
3 1079 1753 853
3 1003 1355 781
3 853 1729 1403
3 1108 1246 704
3 559 1324 1004
3 130 21 328
3 652 1416 1272
3 401 917 400
3 935 1052 615
3 573 1294 1152
3 60 1403 908
3 102 943 510
3 1028 1100 596
3 893 1434 633
3 678 1367 848
3 164 2303 430
3 904 1982 980
3 1319 2045 116
3 347 910 348
3 637 2023 904
3 842 1581 1100
3 1815 2194 152
3 194 506 41
3 40 500 218
3 643 1170 978
3 1073 1554 564
3 1239 1290 759
3 974 1219 674
3 1458 1683 93
3 1122 1217 733
3 858 1567 129
3 980 1982 606
3 1016 1419 710
3 623 1369 874
3 971 1093 553
3 1023 1781 1313
3 564 1554 1518
3 616 1753 1079
3 900 1306 184
3 1564 1764 243
3 36 1842 489
3 3 1717 380
3 734 1477 963
3 983 1057 614
3 1004 1324 736
3 1036 1434 290
3 637 1441 887
3 363 1376 987
3 874 1190 623
3 407 10 283
3 916 1284 620
3 187 1242 186
3 101 1661 1071
3 144 916 402
3 680 1246 1108
3 1291 1815 152
3 662 1100 1028
3 813 1604 575
3 601 1781 1023
3 285 1102 104
3 953 1048 617
3 85 1396 660
3 887 1352 637
3 905 1703 1490
3 106 1167 932
3 321 1038 397
3 29 1329 442
3 1083 2251 27
3 924 1975 1766
3 121 1899 881
3 168 973 167
3 889 1936 8
3 1169 1450 769
3 1029 1586 166
3 916 1360 73
3 1044 1386 667
3 1418 1821 352
3 983 2023 637
3 80 993 291
3 1051 1871 648
3 1231 1241 86
3 1490 1703 209
3 1257 1629 109
3 45 1035 512
3 116 2133 1319
3 878 1447 600
3 332 1037 333
3 637 1057 983
3 676 1869 1620
3 85 1290 1239
3 616 1670 891
3 632 1223 1026
3 981 1286 655
3 506 1132 42
3 294 1706 388
3 710 2400 1016
3 1010 1733 556
3 1478 1917 843
3 1098 2246 68
3 924 1766 785
3 622 1615 958
3 367 2000 1684
3 632 1491 967
3 304 963 303
3 965 1092 614
3 1165 1837 292
3 83 1341 1028
3 862 1406 579
3 872 1207 657
3 910 1380 348
3 1003 1833 584
3 659 1243 1032
3 204 2255 1248
3 588 1731 1053
3 247 1717 3
3 6 1908 331
3 654 1255 1014
3 1001 1899 242
3 735 1736 906
3 379 2215 378
3 892 1683 1458
3 298 1072 399
3 657 1330 872
3 606 2190 980
3 1037 1137 333
3 946 1247 53
3 175 970 115
3 75 976 284
3 1091 2163 122
3 489 1842 1739
3 118 982 912
3 137 1510 949
3 1766 1975 578
3 251 1673 1656
3 102 1124 943
3 626 1660 908
3 660 1443 85
3 1079 1670 616
3 293 1165 292
3 675 1342 1240
3 958 1432 622
3 813 1784 1604
3 1290 1443 235
3 619 1213 928
3 89 1453 915
3 983 1275 546
3 81 1141 1085
3 944 1226 645
3 308 1066 91
3 325 1035 45
3 887 1247 714
3 955 1560 719
3 898 1788 1446
3 60 1741 1625
3 985 1410 612
3 251 1656 252
3 222 1375 223
3 1615 2292 90
3 1117 1273 577
3 328 2222 130
3 1450 1652 769
3 1091 2364 2163
3 73 1284 916
3 41 2021 194
3 222 1811 1375
3 853 1403 1079
3 915 1315 636
3 1170 2280 978
3 1047 1790 650
3 329 1017 330
3 318 1350 128
3 129 1533 858
3 943 1214 509
3 4 2090 349
3 392 927 391
3 1267 1733 1010
3 307 2080 15
3 247 1652 1450
3 28 2069 0
3 149 1425 410
3 1338 2121 163
3 1075 1157 364
3 242 1899 243
3 364 2158 936
3 1808 2302 301
3 1464 2288 190
3 437 1692 1235
3 858 1746 1567
3 262 1908 6
3 1695 1728 241
3 80 1336 1224
3 781 1833 1003
3 706 1206 1142
3 655 1194 981
3 693 1424 870
3 1151 1159 756
3 428 1029 427
3 901 1791 555
3 937 1171 712
3 848 1460 678
3 900 2092 1306
3 805 1814 984
3 881 2015 121
3 1446 2080 898
3 347 1984 910
3 579 1318 862
3 1158 1244 711
3 593 2428 1169
3 1012 1393 549
3 16 1321 310
3 601 1419 1016
3 908 1741 60
3 558 1244 1158
3 1101 1956 649
3 787 1234 946
3 1262 1361 793
3 1055 1364 562
3 1452 1838 609
3 984 1814 590
3 669 1361 1262
3 1147 1452 609
3 595 1679 946
3 245 990 244
3 941 1370 99
3 632 1902 1223
3 244 1617 245
3 352 1696 1164
3 1135 1736 1574
3 1522 1743 150
3 555 1305 901
3 1224 1336 735
3 744 1638 985
3 688 1740 1071
3 1142 1206 553
3 614 1204 965
3 1604 1784 682
3 183 2194 1815
3 438 1713 1112
3 84 1482 1236
3 1008 1675 150
3 1015 2292 1615
3 904 1996 637
3 1118 1429 752
3 466 1123 154
3 439 1713 438
3 315 1077 355
3 547 1223 1056
3 392 1321 16
3 378 2215 944
3 68 334 7
3 897 1133 599
3 364 1157 365
3 239 2251 1776
3 1919 2349 1280
3 1114 1954 649
3 282 1344 859
3 631 1934 926
3 936 2070 647
3 1169 2428 1046
3 1403 1729 626
3 1306 2092 484
3 1152 1294 814
3 968 1085 653
3 340 1184 339
3 1213 1777 928
3 243 1764 242
3 1177 2408 604
3 1171 2115 931
3 697 1450 1169
3 378 1682 379
3 379 1682 1652
3 122 2163 1084
3 1790 2314 650
3 670 1872 1030
3 995 1826 597
3 283 1772 407
3 614 2085 983
3 988 2200 630
3 605 2115 1171
3 1015 1615 622
3 88 1191 350
3 676 1620 1265
3 1582 1780 384
3 1478 1962 1917
3 649 1956 1114
3 1053 1731 855
3 1086 1894 773
3 273 1882 1237
3 816 1917 1086
3 1059 1460 353
3 1987 2015 964
3 965 1204 112
3 1243 1858 1032
3 53 1764 946
3 210 1070 211
3 290 1434 289
3 166 1586 165
3 1066 1469 91
3 906 1744 735
3 992 1919 633
3 1017 1864 624
3 1567 1746 731
3 399 13 298
3 184 1815 900
3 144 1360 916
3 924 1673 250
3 714 1607 887
3 918 1958 191
3 1432 1761 855
3 287 1598 1270
3 365 2158 364
3 341 1519 1398
3 523 1258 1105
3 74 1832 1787
3 558 1158 989
3 1020 1282 718
3 110 1519 341
3 881 1899 1001
3 870 1707 693
3 667 2225 1044
3 125 1736 1135
3 1078 1712 124
3 1056 1223 685
3 1101 1562 305
3 480 1241 479
3 893 1919 1280
3 932 1384 106
3 385 1509 1090
3 32 2142 475
3 306 1101 305
3 265 1497 1278
3 694 1654 947
3 620 1266 916
3 1458 2387 892
3 207 1136 206
3 649 1954 1164
3 1377 2025 230
3 1799 2080 306
3 1123 1893 154
3 330 1317 1095
3 73 1020 279
3 1104 2297 594
3 633 1379 992
3 63 1005 167
3 1150 1268 556
3 615 2432 935
3 355 18 315
3 546 2023 983
3 340 2026 1184
3 972 1320 557
3 713 1273 1117
3 944 1274 378
3 392 1851 927
3 434 1905 1166
3 150 1675 411
3 1122 2141 155
3 703 1399 1264
3 825 1712 1078
3 663 1738 1061
3 138 1921 882
3 397 1038 396
3 266 1786 945
3 374 1761 1432
3 632 1269 927
3 936 1281 364
3 288 2199 1280
3 673 1233 817
3 352 1164 351
3 395 1925 1472
3 1006 2408 1177
3 1348 2012 1998
3 640 1617 964
3 624 1864 1067
3 83 1240 1072
3 915 1382 89
3 141 1212 191
3 1081 1158 711
3 301 2302 300
3 1127 1738 663
3 558 1680 1244
3 430 2303 429
3 80 1800 993
3 398 20 322
3 1154 1853 896
3 401 1266 917
3 621 1149 1105
3 697 1169 1046
3 315 1650 1077
3 1429 1681 752
3 1036 1184 633
3 556 1211 1010
3 151 2302 999
3 1272 1416 970
3 115 970 209
3 1086 2334 1894
3 116 1054 212
3 577 1545 1080
3 553 1206 971
3 265 1278 264
3 1180 1816 358
3 54 1617 1081
3 989 1158 640
3 411 1675 412
3 1397 2154 161
3 932 1326 59
3 169 1254 170
3 817 1439 673
3 1007 1553 587
3 1288 1872 670
3 630 1163 988
3 639 1165 1116
3 964 2015 825
3 78 1777 1213
3 1309 2393 2038
3 1034 1758 128
3 916 1266 402
3 101 1505 1024
3 383 1582 384
3 917 1462 400
3 1198 1650 317
3 83 1072 298
3 408 2409 409
3 548 1298 1096
3 1207 1680 558
3 1040 1994 609
3 943 1124 618
3 203 1844 1402
3 399 1072 400
3 919 1959 1723
3 978 1189 643
3 1264 1399 795
3 108 1326 932
3 209 1703 115
3 1139 1832 74
3 550 1386 1044
3 1084 2163 50
3 517 1876 923
3 587 1553 1501
3 42 1132 511
3 919 1723 752
3 232 1387 231
3 1765 1884 1187
3 1661 1958 845
3 168 1658 973
3 329 1864 1017
3 999 2188 151
3 1105 1149 774
3 504 39 193
3 412 1675 1535
3 826 1257 665
3 2183 2258 971
3 15 2080 117
3 162 1397 161
3 940 1169 769
3 182 1615 90
3 640 1158 1081
3 1134 1520 608
3 1331 1771 258
3 882 1783 138
3 1117 1867 713
3 1080 1117 577
3 1917 2334 1086
3 941 2140 1370
3 1198 1238 679
3 459 1868 1228
3 946 1234 595
3 382 1108 381
3 906 1283 664
3 1049 1488 583
3 859 1772 283
3 61 2067 1050
3 597 1826 914
3 187 2052 1242
3 349 1705 4
3 73 1412 1020
3 1345 1754 906
3 682 1271 1178
3 584 2132 1003
3 1098 1774 839
3 1317 1447 727
3 577 2402 1545
3 238 2251 239
3 626 1823 1660
3 12 1611 389
3 612 1221 985
3 1008 2369 737
3 437 1235 436
3 944 2234 1226
3 835 1821 1418
3 647 2070 1050
3 674 1219 755
3 554 1853 1154
3 663 1121 1087
3 470 1597 976
3 186 1242 1146
3 1011 1732 740
3 276 1582 275
3 92 1286 981
3 413 2302 151
3 841 2010 1145
3 900 1815 1291
3 1129 2321 1312
3 1370 2140 493
3 813 1967 1232
3 1299 2153 2008
3 992 1221 612
3 1356 1867 1117
3 31 1594 449
3 357 1180 358
3 250 1548 924
3 59 1463 1384
3 570 1718 1513
3 649 1911 1110
3 715 1511 1048
3 1079 1403 60
3 288 1280 287
3 5 2000 366
3 971 2258 1093
3 607 1267 1010
3 939 2065 346
3 417 333 25
3 66 1669 260
3 1072 1605 400
3 583 1609 1049
3 317 1650 316
3 840 1334 110
3 507 1532 947
3 351 1418 352
3 863 2021 41
3 879 2045 1319
3 1364 1926 562
3 651 2393 1309
3 945 1497 266
3 801 1765 1187
3 244 1987 964
3 169 1909 1254
3 608 1824 854
3 864 1512 1449
3 1203 2082 268
3 934 2264 683
3 1020 1412 690
3 557 1175 972
3 195 1572 1249
3 44 2223 1089
3 59 1384 932
3 648 1871 1138
3 222 1288 221
3 461 2024 1263
3 908 1403 626
3 38 1775 1596
3 1179 1934 631
3 1270 1994 1040
3 1739 1842 798
3 1110 1477 734
3 531 1147 530
3 204 1340 26
3 964 1978 640
3 75 1608 976
3 1050 2067 868
3 1128 1144 784
3 865 2121 1338
3 395 1472 396
3 1071 1505 101
3 775 1520 1134
3 999 2302 1808
3 1099 1297 65
3 366 2000 367
3 4 1637 252
3 989 1304 611
3 633 1434 1036
3 711 2039 996
3 159 1084 50
3 1264 1845 314
3 98 1068 324
3 985 1221 744
3 461 1263 460
3 377 2173 1682
3 96 1173 1032
3 1235 1335 436
3 620 2258 2183
3 854 1134 608
3 804 1789 1193
3 986 1907 51
3 617 1575 953
3 2038 2393 986
3 110 1334 857
3 1110 1911 1298
3 373 1674 1053
3 1085 1141 667
3 805 1582 1542
3 386 1509 385
3 933 1225 676
3 397 1408 20
3 1010 2184 607
3 360 1594 0
3 1684 2000 877
3 835 2216 1059
3 382 1506 1108
3 919 1681 1162
3 1708 1915 681
3 712 1647 937
3 1449 1512 709
3 422 1794 421
3 393 1424 1293
3 644 1431 959
3 253 1700 4
3 257 1331 258
3 654 2006 1255
3 976 2409 284
3 647 1281 936
3 1002 2297 1104
3 1312 2321 589
3 60 1625 254
3 719 1267 955
3 894 2200 988
3 245 1617 54
3 601 1251 968
3 683 1391 934
3 181 1311 126
3 1009 1367 678
3 1084 1855 122
3 299 1236 412
3 795 1845 1264
3 401 1042 402
3 314 1327 1018
3 1190 1307 562
3 524 1258 523
3 1789 2291 1193
3 1145 2010 602
3 740 1806 1011
3 1384 1463 836
3 962 1346 590
3 173 1213 912
3 1033 1420 701
3 737 2369 1146
3 1011 1686 70
3 702 1763 1453
3 969 1904 1593
3 1090 1322 757
3 720 1238 1198
3 1029 1653 427
3 190 2288 189
3 1508 1845 1103
3 820 1893 1123
3 203 2255 204
3 636 1382 915
3 1001 2267 881
3 946 1764 787
3 419 1130 418
3 1245 1674 372
3 1214 1532 508
3 97 1038 321
3 1593 1734 754
3 355 1077 356
3 808 1734 1593
3 955 2213 1560
3 1247 2411 53
3 393 1293 16
3 785 1673 924
3 1141 1261 667
3 121 2015 1987
3 968 2120 1085
3 551 1144 1128
3 680 1506 865
3 925 1836 1388
3 316 1650 315
3 1776 2251 954
3 123 1889 1075
3 556 1733 1150
3 97 1287 1045
3 923 1479 517
3 392 16 309
3 95 2194 183
3 333 1137 25
3 509 1214 508
3 993 1305 792
3 894 1447 100
3 957 1454 687
3 1070 1416 652
3 825 1978 964
3 436 1335 435
3 567 2012 1348
3 390 1251 1016
3 1061 2241 663
3 718 1639 951
3 573 1152 899
3 1070 1560 211
3 214 1359 213
3 296 1051 295
3 669 1346 962
3 1078 1304 825
3 1098 1565 696
3 996 1226 55
3 140 1082 398
3 951 2044 718
3 894 2127 1447
3 960 2050 255
3 587 1976 1007
3 622 2319 1015
3 336 1192 337
3 1421 1570 690
3 951 1542 277
3 1166 1905 833
3 990 2193 244
3 219 2145 218
3 353 1460 118
3 951 1639 590
3 947 1532 694
3 1059 2216 1481
3 1074 1440 692
3 736 1259 995
3 1841 2001 1283
3 233 1291 152
3 273 1237 272
3 287 1270 288
3 434 1166 433
3 16 1293 309
3 1501 1553 923
3 573 1137 1037
3 252 2090 4
3 979 1310 658
3 304 1562 963
3 590 1814 951
3 229 1377 230
3 746 1553 1007
3 947 1654 624
3 1288 2113 221
3 256 2000 5
3 1638 2289 985
3 62 1715 991
3 52 1695 241
3 947 1691 507
3 1351 1471 40
3 973 1658 716
3 1153 2162 627
3 1515 1644 720
3 371 19 319
3 362 1376 363
3 159 1391 1084
3 531 1452 1147
3 1120 1265 806
3 1388 1836 668
3 730 1573 1097
3 648 2018 1051
3 70 1732 1011
3 838 1510 1111
3 707 1605 1072
3 1237 1882 846
3 1453 1763 915
3 459 1228 458
3 640 1304 989
3 1043 1289 724
3 598 1789 963
3 931 2162 1153
3 668 1117 1080
3 2070 2158 255
3 1685 1802 107
3 322 1408 1303
3 92 981 310
3 394 1424 393
3 1176 1467 653
3 902 1915 1708
3 1446 1788 807
3 409 2409 976
3 682 1784 1253
3 1121 1342 675
3 479 1241 234
3 1723 1959 454
3 91 1487 967
3 393 16 310
3 1363 1476 742
3 946 1679 1247
3 563 1361 962
3 112 1271 965
3 1393 1944 549
3 240 1587 1
3 82 1475 1023
3 1129 1312 700
3 176 970 175
3 1071 1740 726
3 1524 1526 675
3 878 1702 583
3 1190 1883 1307
3 371 1245 372
3 389 1664 12
3 406 17 313
3 963 1562 734
3 182 1311 181
3 589 1701 1312
3 241 1881 1735
3 1087 1874 663
3 162 1338 163
3 407 1496 10
3 1620 1869 852
3 907 1644 1515
3 80 1224 979
3 962 1361 669
3 1056 2319 622
3 99 2025 941
3 1171 2285 605
3 305 1612 1007
3 961 1402 425
3 397 20 321
3 1022 1729 552
3 99 1400 147
3 377 1682 378
3 1150 1733 1517
3 348 1058 347
3 769 1682 940
3 474 1159 1151
3 1206 2174 971
3 235 1443 234
3 1032 1173 659
3 306 2080 307
3 128 19 318
3 1259 1385 585
3 977 1516 660
3 1028 1341 662
3 214 1880 1359
3 122 1855 363
3 1130 2047 418
3 913 1743 1522
3 967 1491 91
3 1081 1617 640
3 1054 1590 212
3 476 1985 34
3 645 1274 944
3 111 1388 1080
3 362 1855 1230
3 990 1595 656
3 912 2235 173
3 1183 1883 874
3 263 1621 1512
3 1074 1550 259
3 1014 1990 654
3 267 1203 268
3 432 1083 27
3 18 1354 354
3 346 1538 939
3 1032 1725 96
3 1330 1427 131
3 261 2207 6
3 1421 1898 142
3 1 1587 343
3 562 1307 997
3 56 456 457
3 20 1408 322
3 648 2174 1206
3 1023 1313 82
3 1472 1537 698
3 665 1866 826
3 663 1874 1127
3 812 1758 1034
3 1628 1643 739
3 1319 2133 890
3 363 1855 362
3 837 1570 1421
3 125 1841 1283
3 18 1277 315
3 1402 1844 424
3 899 1137 573
3 2163 2364 921
3 1075 1889 862
3 385 1780 984
3 452 2313 143
3 628 1883 1183
3 277 2044 951
3 975 2169 661
3 1240 1342 707
3 235 1241 1231
3 27 2251 238
3 734 1562 1101
3 721 1497 945
3 150 1820 1008
3 1295 1389 756
3 68 1685 334
3 755 1470 674
3 1590 2368 1027
3 866 1537 1472
3 84 1236 299
3 871 1859 1189
3 980 1996 904
3 526 2359 525
3 7 1827 264
3 1141 2111 1261
3 195 1249 196
3 1030 2101 171
3 220 1530 998
3 1320 2013 602
3 336 1795 1192
3 412 1236 411
3 1063 1715 62
3 865 1338 680
3 612 2349 1919
3 565 1429 1046
3 11 1415 290
3 65 1456 1099
3 690 1282 1020
3 132 1927 382
3 482 1961 481
3 1186 1683 749
3 927 1269 391
3 61 2070 255
3 862 1318 1075
3 1189 1859 643
3 155 1217 1122
3 716 1546 973
3 452 1663 451
3 661 1474 975
3 611 1304 1078
3 1023 1475 706
3 19 1426 318
3 85 1443 1290
3 633 2167 1379
3 928 1929 619
3 1025 1356 668
3 114 1700 1253
3 1072 1240 707
3 205 534 46
3 1016 1251 601
3 1513 1957 570
3 1235 1692 794
3 945 2061 721
3 743 1653 1029
3 1116 1276 639
3 974 2053 1219
3 937 2285 1171
3 879 2082 1203
3 338 1415 11
3 271 1094 270
3 607 2134 1267
3 1110 2022 1477
3 100 1317 330
3 371 1426 19
3 63 1316 1005
3 1004 2196 744
3 53 1441 980
3 590 1639 962
3 1018 1796 146
3 1410 2349 612
3 590 1932 984
3 873 1796 1341
3 1167 1495 743
3 109 1846 1257
3 518 1876 517
3 1540 1757 404
3 274 1474 1209
3 1019 2246 1098
3 1018 1327 662
3 777 2081 1279
3 1215 1273 677
3 513 2110 1372
3 67 1621 263
3 725 1469 1066
3 110 1647 1547
3 30 1457 462
3 412 14 299
3 1236 1522 411
3 973 1643 1628
3 962 1640 563
3 295 1891 1021
3 938 1208 197
3 967 1902 632
3 255 1920 960
3 228 1850 227
3 1365 2005 395
3 976 1608 470
3 653 1467 1313
3 762 1858 1053
3 1048 1599 715
3 926 1401 631
3 123 1075 364
3 815 1728 1695
3 142 1898 1832
3 676 1606 933
3 51 2038 986
3 839 1565 1098
3 949 1559 391
3 298 1341 83
3 1033 2164 1420
3 629 1277 1089
3 1150 1726 1268
3 599 1768 897
3 1291 1711 483
3 1060 1536 111
3 997 1337 691
3 656 1595 1062
3 1660 1823 868
3 963 1527 303
3 110 1547 840
3 749 1773 1186
3 1087 1121 675
3 1124 2358 618
3 1228 1868 831
3 334 1685 107
3 2008 2153 146
3 399 1462 1138
3 997 2007 562
3 854 1824 1159
3 969 1593 136
3 1030 1749 670
3 624 1357 947
3 630 2146 1163
3 556 1268 1211
3 511 1132 102
3 1164 1696 767
3 1284 2258 620
3 1053 1858 588
3 736 1385 1259
3 989 2063 558
3 221 1603 1097
3 37 1464 190
3 1521 1573 730
3 1050 2412 647
3 86 1985 1231
3 1136 1539 206
3 1298 1698 1096
3 1003 2245 72
3 1312 1701 903
3 1236 1482 770
3 117 2080 1446
3 1222 1863 760
3 1215 1952 1273
3 941 2025 1377
3 898 2080 1799
3 826 1866 1545
3 768 1507 1437
3 1267 2134 955
3 743 1600 1167
3 1048 1511 571
3 95 1743 913
3 743 1495 961
3 1070 1517 719
3 1445 1446 807
3 528 1131 527
3 760 1863 1459
3 154 465 466
3 1019 1098 696
3 624 2260 1017
3 1067 1864 328
3 932 1688 108
3 1088 1648 655
3 891 1380 616
3 930 1383 603
3 1280 2199 893
3 1048 1301 617
3 658 1800 979
3 1194 2096 981
3 959 1513 644
3 184 2369 1008
3 700 1275 1092
3 1095 1317 800
3 341 1647 110
3 603 2224 1011
3 678 2203 1009
3 273 1474 274
3 491 1825 490
3 1066 1285 725
3 1018 2151 314
3 669 1804 1005
3 1045 1287 638
3 476 2078 1985
3 247 1450 248
3 857 1519 110
3 1011 2224 1686
3 991 2327 62
3 906 1736 1283
3 1084 1391 683
3 612 1919 992
3 1056 2230 547
3 532 1452 531
3 532 1977 1452
3 588 1858 1243
3 1146 1242 671
3 1088 2377 1648
3 10 1496 284
3 1064 1445 119
3 548 1356 1025
3 1007 1799 305
3 1075 1318 672
3 1593 1904 808
3 1105 1946 523
3 242 1764 53
3 627 2162 1358
3 189 2054 190
3 485 1306 484
3 912 2304 118
3 961 2249 743
3 1246 1448 704
3 685 2319 1056
3 784 1837 1165
3 1027 2368 627
3 765 1364 1068
3 701 1508 1103
3 1955 2075 903
3 979 1800 80
3 998 1530 502
3 1 1728 344
3 100 1447 1317
3 693 1285 1066
3 86 1241 480
3 1046 1965 565
3 1111 1510 137
3 1045 1801 97
3 467 1123 466
3 38 1596 499
3 1270 1598 803
3 882 1921 1395
3 405 1390 17
3 1022 1823 626
3 728 2368 1590
3 984 1780 805
3 165 1182 166
3 155 2141 156
3 672 1157 1075
3 106 1495 1167
3 281 1314 280
3 146 2151 1018
3 1432 2161 622
3 827 1816 1180
3 763 1440 1074
3 1303 1408 698
3 12 1664 294
3 475 2142 854
3 996 1561 711
3 662 1796 1018
3 1625 1741 849
3 818 1427 1330
3 1318 2144 1601
3 258 1126 257
3 617 2237 1575
3 184 1306 185
3 126 1311 213
3 1246 2205 2057
3 958 1558 129
3 292 2306 1202
3 1037 1449 573
3 456 1494 455
3 1211 1268 810
3 274 2102 1195
3 1389 2027 674
3 1278 1795 335
3 71 2102 274
3 1016 2236 390
3 165 1918 1182
3 1021 1635 295
3 615 1552 1094
3 719 1560 1070
3 1668 1805 851
3 984 1687 385
3 1491 1851 308
3 687 1502 957
3 674 2027 1887
3 2 1564 243
3 1377 1942 492
3 1279 2081 1031
3 560 1537 1325
3 1105 1258 621
3 692 1440 1322
3 755 1423 1151
3 1054 2271 1590
3 715 1446 1445
3 2241 2298 625
3 706 2029 1023
3 1513 1718 822
3 1073 2241 625
3 597 1722 995
3 496 2054 495
3 97 1801 1065
3 513 1372 46
3 1140 2347 1504
3 488 1739 1433
3 552 1819 1022
3 210 1416 1070
3 1590 2271 728
3 674 1887 974
3 240 1776 1587
3 995 1722 736
3 549 2427 1069
3 361 1564 2
3 1465 1806 740
3 1146 2369 186
3 996 2039 1226
3 571 1301 1048
3 604 1906 1177
3 1168 1259 585
3 171 2101 64
3 319 1245 371
3 1123 2398 820
3 400 1462 399
3 935 2233 1052
3 1046 1429 697
3 998 1212 220
3 6 2049 262
3 1130 1778 261
3 727 1447 878
3 1068 1364 642
3 1053 1761 373
3 1085 2120 81
3 549 2099 1012
3 762 1725 1032
3 1020 1529 279
3 487 2034 486
3 1341 1796 662
3 99 1370 188
3 173 2235 174
3 94 1845 1508
3 1545 2402 826
3 600 2328 878
3 129 1432 958
3 653 1386 1176
3 1025 1836 598
3 792 1818 993
3 770 1900 1522
3 322 1303 323
3 203 1402 202
3 1522 1900 913
3 652 1517 1070
3 1076 2260 624
3 708 1225 933
3 656 2077 1376
3 680 2205 1246
3 492 1942 491
3 1005 1991 669
3 1233 2100 866
3 112 1204 342
3 1038 2051 396
3 1907 2364 51
3 1042 1392 723
3 60 1670 1079
3 153 1442 1197
3 1276 1622 639
3 1107 1577 666
3 359 1697 1166
3 119 1409 1064
3 137 1645 1111
3 412 1535 14
3 828 1622 1276
3 718 1529 1020
3 483 1711 482
3 8 1936 271
3 1196 1912 768
3 1227 1589 821
3 1059 1481 678
3 691 2007 997
3 682 1551 1271
3 1773 2312 997
3 1579 1949 658
3 267 1786 266
3 453 2313 452
3 818 2062 1339
3 809 1526 1524
3 1376 2077 987
3 186 2034 187
3 425 2249 961
3 243 1899 2
3 1249 1572 774
3 309 1851 392
3 310 2097 393
3 619 1937 1213
3 1092 1557 700
3 1140 1504 766
3 87 2110 513
3 723 1518 1347
3 14 2302 413
3 1345 1726 867
3 656 1376 990
3 1042 1605 707
3 1067 1357 624
3 225 1099 226
3 959 1957 1513
3 494 1370 493
3 854 1159 475
3 1110 1298 548
3 181 126 180
3 1009 2331 1367
3 972 2013 1320
3 744 1792 1004
3 292 1202 293
3 1038 1444 686
3 1035 2223 512
3 618 1769 943
3 39 2430 193
3 787 1764 1564
3 627 2368 1153
3 335 1795 336
3 692 1509 1063
3 973 1628 167
3 637 1352 1057
3 170 1381 169
3 1367 2331 177
3 1005 1804 167
3 596 2175 1028
3 838 2269 1510
3 489 1739 488
3 635 1970 1013
3 664 1726 1345
3 676 1265 1120
3 300 2302 14
3 933 1464 708
3 603 1806 930
3 1205 1623 780
3 226 1663 143
3 1052 1819 552
3 1004 1792 559
3 1097 1811 221
3 1398 1578 824
3 678 1460 1059
3 17 1390 313
3 1271 1997 1178
3 378 1274 377
3 1121 2431 564
3 952 1215 77
3 180 1332 179
3 117 1694 15
3 1774 2189 839
3 245 1595 990
3 1567 1619 374
3 686 2051 1038
3 70 1189 270
3 987 2138 363
3 2 1899 121
3 1729 2019 552
3 1410 2289 199
3 974 1649 283
3 564 2431 1073
3 239 1776 240
3 1256 2405 960
3 259 1550 62
3 940 2252 1169
3 126 1332 180
3 1094 1552 740
3 97 1444 1038
3 402 1266 401
3 564 1342 1121
3 321 1287 97
3 1109 2103 147
3 1041 1353 753
3 54 1642 1062
3 726 1505 1071
3 241 1735 52
3 200 1161 199
3 611 2176 1126
3 216 1310 217
3 335 1774 7
3 668 1836 1025
3 1787 1832 811
3 1366 1695 714
3 131 1427 1185
3 1627 1869 554
3 2146 2419 1163
3 681 1915 1088
3 1115 1805 778
3 113 2300 1984
3 692 1322 1090
3 1337 2312 1690
3 654 1990 1292
3 982 2235 912
3 1169 2252 593
3 502 2170 998
3 103 2207 1468
3 636 1418 1191
3 1320 1835 557
3 242 1897 1001
3 980 1897 53
3 55 2118 996
3 424 1844 423
3 342 1227 112
3 852 1627 1473
3 1318 1601 672
3 696 1565 1119
3 1337 1690 92
3 653 1781 968
3 49 1414 1217
3 381 1263 382
3 250 1673 251
3 1182 1918 814
3 768 1912 1720
3 876 1757 1540
3 1012 2146 1393
3 74 1755 1139
3 1006 2434 226
3 635 1998 1302
3 662 1327 1100
3 1023 1419 601
3 1050 2070 61
3 41 2155 863
3 124 1684 1078
3 75 1476 1363
3 1187 1563 592
3 1307 1773 997
3 629 1834 1277
3 234 1241 235
3 1027 2425 1590
3 208 1388 111
3 993 1818 291
3 1107 1355 72
3 622 2309 1056
3 129 1567 374
3 611 1646 989
3 995 2290 1826
3 135 1395 1261
3 653 2378 1386
3 271 1936 1094
3 757 1577 1107
3 598 1477 1025
3 1062 1595 54
3 299 2056 1874
3 147 2025 99
3 1393 2146 630
3 1358 2410 627
3 241 1728 1
3 911 2258 1284
3 981 2097 310
3 1160 2427 549
3 1826 2290 263
3 1735 1881 850
3 1165 2036 1116
3 1537 2100 1325
3 186 2369 185
3 130 2222 1657
3 232 2164 1387
3 1013 1407 635
3 737 1675 1008
3 741 1828 1135
3 1126 2176 877
3 841 1827 1618
3 753 2279 1041
3 1437 1507 695
3 1051 1475 295
3 1473 1627 703
3 360 1697 359
3 1069 2099 549
3 554 1869 1225
3 667 2378 1085
3 864 1449 1037
3 699 1578 1398
3 744 2196 1143
3 98 1962 1068
3 1315 2218 636
3 163 30 443
3 914 2048 750
3 156 1455 157
3 14 1535 300
3 1017 1631 330
3 226 1466 1006
3 302 1396 85
3 1499 1579 592
3 666 1355 1107
3 147 1400 1109
3 883 1706 294
3 638 1287 1082
3 1152 1436 899
3 613 2405 1256
3 269 2300 113
3 1039 1655 594
3 583 1488 878
3 678 1481 1113
3 387 1316 134
3 802 1411 1049
3 369 1170 368
3 571 1511 1238
3 1282 1640 718
3 1066 1699 693
3 62 2327 1140
3 2062 2242 1339
3 629 1089 1035
3 1358 2162 922
3 557 2232 1153
3 575 1968 1431
3 660 2281 977
3 94 1327 314
3 707 2386 1042
3 1089 1277 354
3 594 1584 1039
3 642 2269 1068
3 1314 1755 280
3 1589 1957 821
3 1108 1506 680
3 185 2369 184
3 235 1231 236
3 249 1228 248
3 374 1619 373
3 574 1878 1573
3 401 1605 1042
3 1062 1642 747
3 69 2300 269
3 1029 1600 743
3 795 1399 1154
3 1049 1411 566
3 1112 1713 157
3 7 1774 68
3 442 1414 49
3 1172 1746 858
3 142 1603 221
3 1779 2180 629
3 1249 1668 851
3 1917 1962 98
3 1183 2240 403
3 897 1768 1596
3 845 2191 1071
3 289 2307 1555
3 1113 2203 678
3 675 1526 1087
3 933 2288 1464
3 175 2257 176
3 790 1500 1381
3 428 1586 1029
3 1480 2416 285
3 179 1453 89
3 736 1722 1004
3 704 1886 1108
3 1061 2298 2241
3 976 1597 409
3 683 2264 1234
3 1028 1981 83
3 1310 2348 217
3 841 1879 1827
3 1381 1500 716
3 261 1778 260
3 1120 2011 188
3 364 1281 123
3 1184 2026 824
3 166 1600 1029
3 1151 1470 755
3 1026 1549 783
3 1682 2173 940
3 205 1539 534
3 1034 1350 724
3 513 514 87
3 1555 2307 1040
3 639 1622 1128
3 638 1983 1045
3 626 1729 1022
3 113 1428 269
3 348 2028 1058
3 901 1579 1499
3 1068 1435 324
3 1011 1806 603
3 1007 1612 746
3 1049 1609 802
3 983 2085 1275
3 1025 2022 548
3 742 1476 1328
3 350 1782 15
3 1081 1561 54
3 901 1949 1579
3 269 1428 268
3 673 1439 1041
3 523 1946 522
3 592 1563 1499
3 290 1415 1036
3 660 1516 1197
3 814 2086 1182
3 1472 1925 866
3 91 1491 308
3 1518 1554 761
3 1099 2299 1297
3 913 2126 95
3 1796 2375 146
3 320 1245 319
3 1227 1997 112
3 508 1532 507
3 714 1695 1607
3 374 1432 129
3 1730 1891 748
3 562 2007 1055
3 706 1475 1051
3 1080 1388 668
3 405 17 312
3 170 1870 1381
3 1042 1727 402
3 194 1132 506
3 137 2273 1645
3 711 1561 1081
3 751 1975 1548
3 1065 1444 97
3 1242 2052 977
3 1332 1453 179
3 1043 2180 1779
3 905 2410 1358
3 111 1866 1060
3 1566 2224 603
3 1058 2028 785
3 156 2141 1455
3 1153 2232 931
3 903 2075 1312
3 206 1539 205
3 395 2005 139
3 281 1344 282
3 283 1865 974
3 763 1771 1331
3 322 1404 398
3 236 1290 235
3 1087 1526 84
3 1985 2078 797
3 985 2289 1410
3 683 1855 1084
3 249 2139 56
3 1168 2290 1259
3 84 1874 1087
3 1026 1632 632
3 1125 1698 767
3 1109 1993 623
3 721 1378 1192
3 1420 2194 1534
3 1278 1497 721
3 63 1628 1339
3 447 1199 446
3 136 2236 969
3 1129 1741 908
3 1420 1534 701
3 609 2076 1040
3 1494 1723 455
3 379 1652 3
3 403 2240 145
3 225 2299 1099
3 572 1448 1246
3 311 1939 1540
3 843 1917 1543
3 279 1284 73
3 1175 1972 972
3 1195 1716 846
3 619 1698 1125
3 77 1847 11
3 259 1771 1074
3 116 2045 1054
3 547 2415 1223
3 198 1410 199
3 1423 1425 149
3 1447 2127 600
3 1057 2179 614
3 604 2177 1162
3 1192 1378 751
3 1248 1340 204
3 1265 2274 806
3 345 1538 346
3 750 2329 914
3 1431 1968 959
3 1064 1409 679
3 1120 1606 676
3 1205 1413 551
3 580 1366 1252
3 1322 2152 757
3 100 2399 894
3 851 1805 1115
3 843 2103 1109
3 861 2154 1397
3 1715 2325 387
3 800 1928 1095
3 1185 1427 739
3 786 1809 1243
3 776 1461 1362
3 697 1429 1118
3 668 1356 1117
3 1055 2418 1364
3 372 1674 373
3 591 2072 1299
3 752 2139 1118
3 308 1699 1066
3 227 1825 228
3 1232 2275 813
3 670 1749 1254
3 1623 1833 780
3 521 1354 520
3 1065 2337 695
3 0 2069 360
3 968 1781 601
3 449 1210 448
3 1362 1461 753
3 1094 2376 615
3 1174 1834 629
3 201 1220 202
3 965 2266 1092
3 1304 1978 825
3 747 1493 1062
3 85 1239 302
3 304 1612 305
3 953 1599 1048
3 1063 1550 692
3 6 2207 103
3 1090 1807 385
3 78 1213 173
3 723 1727 1042
3 627 2410 1027
3 1337 2394 691
3 451 1456 450
3 1077 1409 356
3 1256 1969 613
3 641 1336 1188
3 223 2101 1872
3 88 1694 1575
3 260 2221 66
3 634 1972 1175
3 1176 1386 550
3 1297 2299 775
3 1364 2418 642
3 3 1652 247
3 507 1691 43
3 455 1723 454
3 1177 1870 171
3 698 1438 1303
3 183 1815 184
3 1359 1544 702
3 1144 1999 784
3 1039 2150 553
3 171 1749 1030
3 785 1766 1058
3 634 2271 1054
3 1211 1859 1010
3 1548 1975 924
3 1136 1977 533
3 111 1536 208
3 644 1704 1431
3 699 1385 1324
3 691 2394 1321
3 655 1531 1088
3 740 1732 1094
3 1106 2178 297
3 1148 2292 685
3 1170 2032 1841
3 328 2071 1067
3 574 1389 1295
3 1347 1518 761
3 113 1984 347
3 1229 2169 975
3 1299 2072 880
3 1442 1443 660
3 567 1668 1149
3 908 2321 1129
3 892 1531 1286
3 1119 1747 696
3 733 1854 1122
3 821 1997 1227
3 328 1864 329
3 692 1550 1074
3 1021 1891 1730
3 746 2094 1156
3 1782 1956 307
3 1114 1782 350
3 650 2350 1047
3 663 2431 1121
3 1295 1878 574
3 7 2073 335
3 1035 1779 629
3 255 2050 61
3 756 1470 1151
3 1418 2343 1191
3 280 1755 74
3 1080 1545 111
3 477 1516 35
3 1324 1385 736
3 1002 2064 1901
3 314 2151 313
3 67 2290 1168
3 1068 1962 765
3 552 2136 1052
3 783 1632 1026
3 884 1969 1256
3 82 1891 295
3 1339 1628 739
3 1216 1461 776
3 560 1461 1216
3 715 1445 1064
3 1106 1860 789
3 131 1803 1330
3 1716 2373 846
3 1113 1481 568
3 405 1540 404
3 1213 1937 912
3 694 1532 1214
3 1156 2209 515
3 1433 1853 708
3 1349 1720 800
3 2292 2319 685
3 887 1607 1352
3 789 1635 1021
3 1323 1576 786
3 686 1852 1218
3 157 1856 1112
3 1223 2415 1026
3 1167 1600 58
3 1060 2076 609
3 1036 2041 1184
3 332 2227 1037
3 654 1335 1235
3 1154 1895 586
3 173 1358 78
3 704 1448 1333
3 1140 2030 62
3 1099 2116 226
3 687 2381 1155
3 673 2100 1233
3 897 1850 1133
3 1119 1565 581
3 1071 2191 688
3 1988 2195 1199
3 1021 1922 789
3 297 1860 1106
3 1052 1552 615
3 547 1576 1323
3 517 1479 516
3 1126 2341 257
3 647 2233 1281
3 1014 2202 1750
3 1319 2421 269
3 1756 2257 175
3 1059 1821 835
3 710 1419 1142
3 805 1780 1582
3 546 2075 1955
3 353 1821 1059
3 188 1606 1120
3 909 1829 1601
3 573 1449 1294
3 1008 1820 184
3 467 1822 1123
3 625 1554 1073
3 695 1852 1065
3 215 1934 1179
3 739 1643 1185
3 176 1367 177
3 1750 2202 50
3 1219 1425 755
3 896 1853 1433
3 797 2192 1231
3 896 1895 1154
3 1316 2242 134
3 619 1929 1096
3 9 1901 275
3 326 2295 1779
3 599 2031 1086
3 343 1881 1
3 231 1961 232
3 1454 2381 687
3 553 1626 1039
3 724 2180 1043
3 251 2275 1232
3 1086 1839 599
3 694 1769 1160
3 866 1925 1233
3 749 2312 1773
3 1360 1412 73
3 1250 1493 572
3 701 1940 1033
3 1874 2056 1127
3 311 1540 312
3 877 2341 1126
3 221 1811 222
3 219 1530 220
3 610 2261 1793
3 566 1411 1218
3 218 1583 219
3 1034 2098 812
3 1592 1808 764
3 679 1409 1077
3 269 2421 69
3 1090 1509 692
3 1088 1531 681
3 1054 2361 634
3 122 2138 1091
3 475 1159 474
3 1154 1399 554
3 6 1737 261
3 1044 2377 550
3 286 2137 1598
3 1349 1507 768
3 1148 1487 791
3 1071 1661 845
3 297 2128 1871
3 1205 2125 1623
3 1083 2135 689
3 1146 2345 737
3 201 1495 106
3 868 1823 1050
3 1901 2064 275
3 1044 2225 722
3 252 2275 251
3 418 1666 417
3 1325 1461 560
3 1177 1906 790
3 1163 1714 988
3 312 1798 1667
3 1 1881 241
3 68 1774 1098
3 132 2024 461
3 1093 1626 553
3 1128 2123 551
3 384 1780 385
3 566 1371 1049
3 753 1461 1325
3 337 1300 336
3 827 2195 1988
3 1053 1674 762
3 1162 2177 919
3 406 2151 146
3 266 1497 265
3 1652 1682 769
3 197 1676 938
3 1633 2298 920
3 718 2044 1529
3 113 1873 1428
3 331 2047 1130
3 1633 2379 2298
3 1200 1707 870
3 62 1550 1063
3 522 1572 24
3 1209 2206 274
3 1262 1804 669
3 1197 1442 660
3 1074 1771 763
3 201 2124 1495
3 1502 2270 957
3 1222 2152 561
3 1032 1858 762
3 1097 1573 772
3 1107 1485 757
3 80 2371 1336
3 440 2168 439
3 5 1719 256
3 1484 1630 759
3 1114 1956 1782
3 1062 2182 656
3 347 1873 113
3 474 1151 473
3 820 1630 1484
3 1289 1924 724
3 635 1407 1348
3 567 1805 1668
3 410 1219 409
3 1218 1411 686
3 1113 2079 631
3 1082 1616 398
3 1358 2353 78
3 999 1808 1592
3 143 1466 226
3 943 1769 1214
3 271 2204 8
3 1086 2031 816
3 98 2334 1917
3 15 1782 307
3 1501 1876 687
3 1281 2233 935
3 689 1340 1248
3 661 1413 1205
3 1239 1405 764
3 788 1544 1359
3 791 1884 1148
3 83 1524 1240
3 1201 1498 777
3 188 2011 99
3 936 2158 2070
3 66 2221 420
3 133 1901 9
3 8 2204 370
3 684 2003 1471
3 1109 1478 843
3 355 1614 18
3 207 1759 1136
3 70 2390 1189
3 209 1416 210
3 1872 2101 1030
3 759 1405 1239
3 1308 1886 704
3 227 1775 38
3 105 1638 1143
3 1094 1732 270
3 1958 2035 845
3 775 2299 2033
3 471 1597 470
3 1329 2107 733
3 1148 1884 90
3 621 1693 1149
3 286 1943 1102
3 1303 1438 773
3 1794 2254 1115
3 772 1811 1097
3 923 1876 1501
3 1041 2279 673
3 1214 1769 694
3 1328 1422 569
3 1138 1462 648
3 762 1674 1245
3 96 1437 1173
3 1739 1895 896
3 754 1734 1430
3 1118 2139 249
3 1013 1970 1468
3 1908 2227 331
3 757 1807 1090
3 432 2135 1083
3 1143 1638 744
3 1149 1668 774
3 369 1828 1229
3 1296 2192 797
3 1687 1932 771
3 1064 1511 715
3 1511 2243 1238
3 559 1578 1324
3 1311 1840 213
3 1133 1850 228
3 5 2158 365
3 1058 1873 347
3 1841 2032 810
3 1826 2049 914
3 837 2113 1288
3 1154 1951 795
3 1262 1909 168
3 1210 2433 359
3 79 1754 1345
3 1375 1811 772
3 970 1416 209
3 1095 2181 330
3 296 1871 1051
3 770 1522 1236
3 731 1634 1619
3 1145 1971 265
3 564 2386 1342
3 72 1813 1107
3 1576 1809 786
3 979 2348 1310
3 1063 2325 1715
3 927 1851 1491
3 1118 1877 697
3 899 1610 1137
3 565 1965 1500
3 1139 1603 142
3 1264 1390 703
3 1092 2085 614
3 497 1353 39
3 1182 2086 1785
3 1179 1880 215
3 1387 2164 1033
3 1401 2203 631
3 1252 1366 714
3 1112 1692 438
3 135 1935 1395
3 691 2401 2007
3 1601 1829 763
3 724 1924 1034
3 623 2374 1109
3 1940 2211 1033
3 1598 2137 948
3 103 2049 6
3 312 1540 405
3 88 1974 1191
3 157 1713 156
3 614 2179 1204
3 177 1272 176
3 1543 1917 816
3 425 1402 424
3 1998 2229 1302
3 1720 1928 800
3 871 1686 1492
3 171 1870 170
3 1096 1867 548
3 1330 1803 872
3 1161 1580 199
3 1800 1949 993
3 1633 1760 148
3 255 2158 5
3 59 1548 250
3 679 2243 1064
3 953 1694 117
3 1160 1843 694
3 1240 1524 675
3 72 2245 9
3 1078 2176 611
3 787 2108 1234
3 773 1839 1086
3 617 1746 1172
3 620 2183 1266
3 1119 1585 709
3 1551 2407 1271
3 1172 2131 89
3 313 1264 314
3 745 1422 1328
3 1209 1474 661
3 389 1251 390
3 1166 1950 359
3 56 1724 249
3 594 1655 1104
3 623 1993 1369
3 1392 2386 564
3 168 1804 1262
3 705 1963 1104
3 1170 1841 368
3 1619 1634 907
3 1167 1688 932
3 1101 2002 734
3 1022 2412 1823
3 1430 2245 1003
3 811 1412 1360
3 568 1812 1113
3 854 2301 1134
3 1045 1983 1960
3 1196 2185 320
3 457 1724 56
3 1379 1578 559
3 1299 2008 789
3 303 2209 1156
3 1387 1842 231
3 548 2022 1110
3 767 1698 1298
3 1051 2018 706
3 398 1404 140
3 722 1648 1044
3 1135 1602 741
3 99 2011 1400
3 81 2147 1141
3 1444 1852 686
3 331 1737 6
3 892 1690 1683
3 225 64 224
3 9 2245 133
3 572 1483 1250
3 570 2105 1525
3 1173 1437 695
3 802 1609 966
3 1210 1988 448
3 827 1988 1210
3 1392 1518 723
3 367 1684 124
3 1230 1855 683
3 1577 2152 1222
3 529 1797 528
3 237 2220 236
3 778 1669 1115
3 281 2014 1344
3 158 1391 159
3 1040 2076 1555
3 534 1539 533
3 1150 1517 652
3 689 2135 1340
3 1125 1696 353
3 1286 1531 655
3 984 1932 1687
3 602 2013 1145
3 1400 1993 1109
3 515 2209 514
3 1943 2159 1102
3 176 1272 970
3 274 2206 71
3 717 1422 1394
3 1103 1940 701
3 1656 1673 785
3 1218 1507 566
3 134 1715 387
3 1484 2220 237
3 2072 2320 869
3 1354 1614 520
3 277 1542 276
3 1596 1768 776
3 93 1683 1186
3 1009 2203 1401
3 794 1692 1112
3 533 1977 532
3 631 2203 1113
3 317 1350 318
3 250 1463 59
3 1233 1368 817
3 1293 1424 693
3 127 2348 1224
3 1174 2171 316
3 254 1670 60
3 77 1528 952
3 10 2409 408
3 1371 1488 1049
3 1352 1607 52
3 1745 2364 1091
3 29 2065 1329
3 1458 1708 681
3 2003 2155 1471
3 1068 2269 1435
3 216 1934 215
3 117 1599 953
3 733 1414 1329
3 1261 1395 722
3 528 1797 948
3 1365 2051 686
3 326 1779 325
3 1123 1822 742
3 641 1602 1135
3 1960 1983 786
3 1555 2076 665
3 1135 1574 641
3 183 1743 95
3 140 2066 1645
3 501 1583 500
3 1107 1813 1485
3 1279 1847 77
3 262 2049 1826
3 382 2024 132
3 168 1909 169
3 914 2329 597
3 1266 2183 917
3 403 2231 404
3 658 2429 1579
3 46 1372 205
3 1151 1423 473
3 734 2002 1110
3 1286 1690 892
3 658 1949 1800
3 305 1799 306
3 1130 1737 331
3 306 1956 1101
3 649 2002 1101
3 402 1727 144
3 693 1699 1293
3 1248 1718 689
3 624 1654 1076
3 1622 2055 942
3 1334 1677 107
3 1394 1422 745
3 774 1946 1105
3 1250 1483 729
3 353 2304 1125
3 1097 1603 730
3 142 1832 1139
3 1836 2291 598
3 1292 1990 357
3 1622 2123 1128
3 1143 1980 105
3 303 1527 87
3 1612 2094 746
3 609 1838 1060
3 748 1467 1176
3 258 1556 1126
3 295 1635 296
3 823 1992 1551
3 1321 1559 691
3 2204 2280 370
3 62 2030 259
3 226 2116 1663
3 391 1269 137
3 1294 2086 814
3 1469 1487 91
3 2134 2404 890
3 1126 2276 611
3 690 1570 1282
3 143 2313 1466
3 581 1585 1119
3 1457 1927 132
3 869 2320 1708
3 447 1988 1199
3 264 2073 7
3 283 1649 282
3 115 1703 174
3 265 1879 1145
3 144 1727 1514
3 502 1530 501
3 740 2136 1465
3 858 2131 1172
3 553 2150 1142
3 1322 1440 561
3 2142 2301 854
3 284 2409 10
3 890 2404 1373
3 1463 1704 836
3 1223 1902 685
3 294 2262 883
3 140 2165 1082
3 410 1425 1219
3 359 2433 360
3 1112 1856 794
3 1186 1773 628
3 780 1833 1451
3 1194 1648 722
3 828 2055 1622
3 107 1802 1334
3 922 2353 1358
3 802 2005 1365
3 228 1665 1133
3 368 1828 369
3 778 1805 1348
3 1253 1784 114
3 1110 2002 649
3 1380 2336 348
3 331 2227 332
3 1186 2324 876
3 810 2001 1841
3 462 1457 132
3 109 1528 11
3 3 2215 379
3 413 2056 14
3 1024 1505 726
3 742 2398 1123
3 313 2151 406
3 1136 1759 779
3 1254 1909 793
3 1339 1427 818
3 767 1696 1125
3 806 2011 1120
3 1478 2374 1709
3 1200 2244 610
3 66 1794 1669
3 167 1804 168
3 406 1798 17
3 152 1420 233
3 1085 2378 653
3 855 1761 1053
3 799 1704 1463
3 704 2106 1308
3 1077 1650 679
3 739 1427 1339
3 463 2078 33
3 1345 2354 79
3 1161 1693 621
3 51 2364 1745
3 1037 2227 864
3 299 1874 84
3 158 2323 1391
3 1589 2105 570
3 325 1779 1035
3 1332 1857 702
3 730 1603 1139
3 643 1859 1211
3 874 1883 1190
3 646 1571 1368
3 892 2387 1531
3 791 1563 1187
3 871 2390 1686
3 702 1857 1359
3 1100 1941 842
3 1540 1939 876
3 1643 2252 1185
3 1096 1698 619
3 218 2145 1351
3 1175 2271 634
3 1998 2012 830
3 450 2346 172
3 201 1913 1220
3 1333 2106 704
3 709 1621 1119
3 795 1951 1103
3 392 1559 1321
3 609 1994 1147
3 569 1486 1405
3 1224 2348 979
3 246 2215 3
3 586 2211 1940
3 77 1672 1279
3 192 1523 193
3 565 1681 1429
3 1584 2150 1039
3 54 1595 245
3 829 1521 1314
3 988 2127 894
3 237 1751 154
3 1159 1824 756
3 1156 2094 303
3 324 1435 323
3 1359 1880 788
3 1389 1470 756
3 695 2337 1173
3 551 1914 1144
3 652 2283 1150
3 381 2186 1263
3 200 1591 1161
3 559 2389 1379
3 1313 1467 82
3 118 2338 982
3 261 1737 1130
3 695 1507 1218
3 751 1548 1326
3 1102 2159 197
3 1683 1690 749
3 1585 2086 1294
3 779 1838 1452
3 79 2354 178
3 823 1551 1253
3 410 1597 471
3 888 2349 1410
3 1596 1775 897
3 404 2231 1473
3 1104 1655 705
3 1379 2389 992
3 139 1368 1233
3 231 1842 36
3 357 1990 120
3 145 1620 403
3 1391 2323 934
3 356 1409 119
3 1237 1641 272
3 244 2193 2
3 558 1504 1207
3 1326 1548 59
3 1108 1886 381
3 1282 1570 563
3 1258 1938 621
3 1711 1961 482
3 320 2185 96
3 63 2242 1316
3 870 2244 1200
3 1206 2018 648
3 9 2219 383
3 50 2163 1750
3 869 1708 1458
3 258 1771 259
3 2060 2244 882
3 1394 1760 717
3 714 1679 1252
3 1137 1610 25
3 920 1760 1633
3 1793 2261 1202
3 1181 2197 214
3 1189 2370 270
3 708 1853 1225
3 791 1487 1469
3 865 1927 1457
3 320 1725 1245
3 628 2324 1186
3 220 1163 219
3 1552 2136 740
3 1281 2333 123
3 1333 1448 747
3 57 1989 1436
3 1478 1709 765
3 1940 1951 586
3 2 2193 361
3 10 1865 283
3 56 1494 456
3 1178 1604 682
3 566 1507 1349
3 1871 2128 1138
3 1144 1602 641
3 1251 1611 968
3 798 1895 1739
3 312 1667 311
3 1535 1675 737
3 192 1964 191
3 839 2189 1300
3 1149 2012 567
3 1185 2173 131
3 163 1689 162
3 1348 1805 567
3 555 1707 1200
3 1125 1937 619
3 1142 2150 710
3 20 1616 321
3 206 1752 1193
3 1231 1985 797
3 391 1559 392
3 214 1840 1181
3 2007 2401 1055
3 1226 2039 645
3 550 1678 1176
3 193 2058 192
3 1147 1994 803
3 350 1954 1114
3 1294 1449 709
3 189 1606 188
3 291 1837 1188
3 672 1748 1157
3 1198 1892 720
3 112 1997 1271
3 1347 2210 723
3 372 1515 371
3 787 2017 1230
3 204 1844 203
3 1178 1968 575
3 313 1390 1264
3 552 2019 1465
3 1430 2132 754
3 439 2168 1713
3 1362 2305 498
3 1155 1501 687
3 160 1745 1374
3 51 1745 160
3 158 1856 157
3 1253 1700 823
3 782 1636 1300
3 1353 2430 39
3 761 1896 1344
3 444 1689 443
3 832 1938 1258
3 1145 2013 844
3 519 2270 1502
3 782 1849 1182
3 1174 2180 724
3 498 2305 497
3 978 2370 1189
3 491 1942 1825
3 1152 1918 164
3 1111 2066 838
3 1150 2283 867
3 724 2171 1174
3 396 2051 395
3 105 1591 200
3 533 1539 1136
3 1228 2198 248
3 1092 2266 1557
3 1089 2223 1035
3 297 2178 13
3 164 1436 1152
3 875 1802 1685
3 2122 2170 1523
3 1162 1681 565
3 385 1807 384
3 1193 2395 206
3 710 2150 1584
3 236 2220 1290
3 215 1880 214
3 514 2209 87
3 1867 1929 713
3 1301 1746 617
3 90 1884 1765
3 1648 2377 1044
3 1328 1476 745
3 1273 1952 577
3 563 1570 1343
3 1153 2344 557
3 1543 2103 843
3 575 1604 1178
3 1000 2313 1959
3 190 2054 496
3 220 1714 1163
3 571 1634 1301
3 163 2121 30
3 1573 1878 772
3 1003 2132 1430
3 1902 2294 685
3 996 2118 1642
3 1984 2300 956
3 645 2039 1244
3 354 1354 521
3 395 2051 1365
3 557 2344 1175
3 210 1490 209
3 763 1829 1440
3 1360 1787 811
3 1103 1845 795
3 202 1624 203
3 657 2042 1330
3 679 1650 1198
3 640 1978 1304
3 1366 1875 815
3 1779 2295 1043
3 504 1523 503
3 1426 1515 720
3 1314 1521 730
3 1384 1913 106
3 1261 2111 135
3 138 2096 1194
3 1329 1414 442
3 403 1757 1183
3 717 1486 1422
3 853 2019 1729
3 187 2034 487
3 1405 1486 764
3 685 2294 1148
3 316 2171 317
3 836 1913 1384
3 370 2280 369
3 784 2009 1128
3 1157 1719 365
3 741 2169 1229
3 1265 1620 145
3 383 1813 9
3 1221 1792 744
3 672 1601 1331
3 629 2180 1174
3 1296 1751 237
3 1139 1755 730
3 446 1651 445
3 174 2330 173
3 458 1724 457
3 1285 1707 555
3 1469 1563 791
3 1182 1785 782
3 1128 2009 639
3 1103 1951 1940
3 1348 1407 778
3 1225 1853 554
3 700 2414 1129
3 259 1556 258
3 275 2219 9
3 1017 2260 1631
3 722 1921 1194
3 58 1688 1167
3 1172 2237 617
3 1331 1748 672
3 371 1515 1426
3 1533 2131 858
3 384 1485 383
3 1104 2064 1002
3 314 1845 94
3 1215 1672 77
3 1171 1835 712
3 977 2281 1242
3 608 1878 1295
3 198 1676 197
3 855 2161 1432
3 1347 2014 280
3 399 2128 13
3 700 2075 1275
3 789 2008 1106
3 801 1840 1311
3 1142 2029 706
3 1203 2361 879
3 758 1589 1227
3 1433 1739 896
3 1168 1747 67
3 684 1471 1351
3 1156 1721 746
3 167 1628 63
3 993 1949 1305
3 562 1926 1190
3 766 2030 1140
3 357 1817 1180
3 1263 2024 382
3 1254 1749 170
3 1187 1979 801
3 1735 2179 1057
3 4 1705 253
3 359 1950 358
3 1116 2278 1276
3 1274 1803 377
3 429 1586 428
3 419 1778 1130
3 355 2238 1614
3 666 1577 1222
3 634 2361 1203
3 1192 1659 337
3 26 2135 432
3 295 1475 82
3 90 2292 1148
3 226 2434 225
3 1162 1906 604
3 178 1810 177
3 867 1726 1150
3 398 1616 20
3 1588 2188 717
3 164 1918 165
3 470 1608 469
3 108 2114 337
3 2040 2264 934
3 1631 2260 732
3 743 2249 1653
3 1866 2076 1060
3 1667 1798 880
3 84 1526 1482
3 1328 1569 742
3 1669 2208 260
3 1495 2124 961
3 1431 1704 799
3 1664 2036 294
3 297 1871 296
3 580 1875 1366
3 1499 1791 901
3 1396 2281 660
3 366 1920 5
3 1452 1977 779
3 280 2014 281
3 694 1843 1654
3 380 2263 3
3 725 1563 1469
3 1024 1714 220
3 1320 1613 712
3 632 1632 1269
3 1096 1929 1867
3 1244 1680 645
3 1293 1699 309
3 592 1979 1187
3 527 1480 76
3 1455 2040 934
3 359 1816 1210
3 1363 1822 468
3 1186 1939 93
3 468 1822 467
3 87 2209 303
3 911 2282 1489
3 720 1644 1238
3 276 2064 1963
3 385 1687 386
3 850 2179 1735
3 263 2290 67
3 651 2248 1199
3 729 1483 1374
3 1164 1911 649
3 643 2032 1170
3 565 2109 1162
3 279 2282 1284
3 1340 2135 26
3 320 1953 1196
3 752 1723 1494
3 702 1453 1332
3 777 1986 1201
3 43 1691 375
3 1385 1947 585
3 564 1518 1392
3 1300 2189 336
3 751 1659 1192
3 717 2188 1592
3 1292 2256 833
3 839 1636 1565
3 709 1585 1294
3 1351 2145 847
3 1374 1483 856
3 92 1690 1286
3 1285 1791 725
3 277 1489 278
3 1284 2282 911
3 794 2272 1255
3 272 1641 8
3 333 1666 332
3 1499 1563 725
3 1642 2118 747
3 411 1522 150
3 1312 2075 700
3 144 1787 1360
3 872 1680 1207
3 779 1977 1136
3 1199 1651 446
3 1187 1884 791
3 1157 1748 1719
3 503 2170 502
3 1197 1516 477
3 1245 1725 762
3 370 2043 8
3 586 1951 1154
3 1220 1624 202
3 1190 1709 623
3 229 1665 228
3 1287 1616 1082
3 1375 1520 775
3 792 1793 1202
3 129 1558 1533
3 1331 1601 763
3 1566 2130 956
3 698 1537 1438
3 1192 1795 721
3 638 1549 1323
3 1204 2179 850
3 935 2333 1281
3 1127 2056 413
3 1138 2128 399
3 89 1933 1172
3 994 2287 1702
3 1465 2019 930
3 760 2385 1222
3 1929 1966 713
3 191 2122 192
3 821 1968 1178
3 760 1716 1195
3 1165 2009 784
3 289 1555 290
3 267 1662 1203
3 1116 2036 1664
3 803 1916 1147
3 1166 1697 433
3 156 2168 155
3 723 2210 1514
3 332 2047 331
3 1565 1636 581
3 369 2280 1170
3 772 1520 1375
3 249 1877 1118
3 276 1963 277
3 339 2322 1890
3 205 1752 206
3 58 1600 166
3 639 2009 1165
3 1145 1879 841
3 598 2291 1789
3 33 2078 476
3 390 2236 136
3 824 1578 1379
3 1275 2085 1092
3 731 1619 1567
3 767 1911 1164
3 338 1847 1279
3 1315 1763 568
3 1336 1574 735
3 671 2345 1146
3 9 1813 72
3 1395 1935 882
3 1422 1486 569
3 1224 1744 127
3 735 1744 1224
3 1601 2144 909
3 1182 1849 166
3 387 1568 1316
3 179 1533 180
3 1015 2319 2292
3 931 2232 1171
3 665 2076 1866
3 465 1751 464
3 1181 1840 801
3 789 1860 1635
3 1373 2404 738
3 1177 2004 1006
3 445 2253 444
3 192 2122 1523
3 569 1569 1328
3 610 1793 1200
3 790 1870 1177
3 574 1573 1521
3 822 1718 1248
3 1767 2423 926
3 1195 1882 274
3 1238 1644 571
3 1173 2337 659
3 910 2130 1383
3 1176 1678 748
3 1233 1925 139
3 650 2314 1237
3 717 1760 1588
3 1189 2390 871
3 515 1721 1156
3 833 1950 1166
3 846 1882 1195
3 1201 1986 677
3 291 1818 292
3 180 1558 181
3 316 1834 1174
3 788 1880 1179
3 644 2160 1220
3 224 2101 223
3 721 2061 1378
3 279 1529 278
3 696 2422 1019
3 1554 1896 761
3 1959 2313 453
3 444 2253 1397
3 729 2077 1250
3 655 1648 1194
3 756 1824 1295
3 1614 2270 520
3 1201 1777 78
3 210 2425 1490
3 234 1443 1442
3 216 1923 1310
3 1228 1724 458
3 1210 1816 827
3 339 1890 340
3 878 1488 727
3 1388 2095 925
3 1193 1752 804
3 1559 2401 691
3 1827 1879 264
3 230 1543 229
3 1194 1921 138
3 966 2005 802
3 330 2181 329
3 801 1979 1181
3 302 2380 301
3 426 2249 425
3 1494 2139 752
3 1180 2195 827
3 730 1755 1314
3 1398 1519 699
3 603 2130 1566
3 1489 1963 705
3 1393 2200 732
3 394 2096 138
3 160 2154 1309
3 563 1640 1282
3 1188 1999 641
3 677 1777 1201
3 584 1833 1623
3 713 1966 1273
3 505 2155 41
3 641 1999 1144
3 413 1738 1127
3 1343 1570 837
3 249 1724 1228
3 53 1897 242
3 13 1861 298
3 1430 1734 133
3 651 2195 1180
3 1219 2053 409
3 641 1574 1336
3 165 2303 164
3 1344 1896 859
3 831 2198 1228
3 309 1699 308
3 233 1711 1291
3 278 2044 277
3 40 1471 505
3 1180 2393 651
3 874 2240 1183
3 246 2234 2215
3 1324 1578 699
3 674 1470 1389
3 375 1691 1357
3 1300 1636 839
3 1205 2268 661
3 1383 2130 603
3 1184 2167 633
3 1551 1992 576
3 1254 1931 670
3 1082 1945 638
3 1131 1480 527
3 1468 2207 1013
3 292 1837 291
3 602 1613 1320
3 926 2392 1767
3 824 2167 1184
3 449 2433 1210
3 1179 2079 788
3 1217 1414 733
3 214 2197 215
3 1183 2324 628
3 1629 2402 952
3 1408 2212 698
3 1188 1837 784
3 876 1939 1186
3 585 2087 1168
3 170 1749 171
3 1575 1694 953
3 1204 2117 342
3 376 2071 21
3 873 2375 1796
3 1147 1916 530
3 659 1960 1243
3 826 2402 1629
3 784 1999 1188
3 1243 1960 786
3 1368 1862 646
3 793 1931 1254
3 1413 1914 551
3 211 1560 212
3 107 1618 334
3 1740 2328 600
3 353 1696 352
3 1448 1493 747
3 317 1892 1198
3 1744 1754 127
3 420 1778 419
3 485 1671 1306
3 53 2411 1441
3 1541 2114 108
3 1199 2195 651
3 2181 2222 329
3 1164 1954 351
3 1358 2330 905
3 305 1562 304
3 738 1770 1373
3 208 1759 207
3 851 1973 1249
3 774 1668 1249
3 206 2395 207
3 1306 1671 185
3 850 2117 1204
3 1253 1551 682
3 1207 2347 657
3 193 1523 504
3 1247 1679 714
3 703 1627 1399
3 1326 1659 751
3 1252 2383 580
3 22 2254 422
3 120 1990 1750
3 55 2234 246
3 118 2304 353
3 386 1568 387
3 705 1655 1626
3 275 2064 276
3 1302 1970 635
3 343 1930 342
3 549 1843 1160
3 422 2254 1794
3 1093 2403 1626
3 329 2222 328
3 1042 2386 1392
3 1184 2041 339
3 921 2364 1907
3 594 1904 1584
3 1626 2403 705
3 1381 1870 790
3 628 1773 1307
3 169 1658 168
3 24 1572 195
3 262 1826 263
3 1344 2014 761
3 1823 2412 1050
3 293 2036 1165
3 1894 2334 324
3 768 2185 1196
3 826 1629 1257
3 738 2404 1492
3 852 1869 1627
3 194 2021 1124
3 199 1580 198
3 213 1840 214
3 1438 1537 560
3 706 2018 1206
3 698 2212 1472
3 720 1892 1426
3 1243 1809 588
3 19 1710 319
3 121 1987 2
3 693 1707 1285
3 1211 2032 643
3 1330 2042 818
3 1216 1768 599
3 161 2154 160
3 1249 1973 196
3 1947 2396 585
3 2177 2408 1000
3 352 1821 353
3 128 1710 19
3 776 1768 1216
3 1155 2382 807
3 895 2197 1181
3 948 1797 1598
3 847 2119 1351
3 780 2268 1205
3 1181 2310 895
3 915 1763 1315
3 1238 2243 679
3 108 1659 1326
3 759 1630 1405
3 1587 1776 758
3 618 2427 1769
3 1218 1852 695
3 1203 2326 634
3 572 1493 1448
3 1514 1787 144
3 719 1733 1267
3 599 1839 1216
3 1489 2403 911
3 380 2186 381
3 1301 1634 731
3 1400 2011 806
3 212 1590 211
3 131 2173 377
3 390 2016 1276
3 1490 2425 1027
3 721 1795 1278
3 1279 1672 777
3 265 1971 266
3 246 2263 1308
3 286 1598 287
3 1873 2315 796
3 380 1886 1308
3 1913 2363 1220
3 621 1938 1161
3 780 2206 1209
3 717 1592 1486
3 409 1597 410
3 1574 1736 735
3 139 1925 395
3 1381 1658 169
3 1229 1828 741
3 321 1616 1287
3 1195 2102 760
3 882 2244 1783
3 1350 2171 724
3 1750 2163 921
3 1196 1953 860
3 718 1640 1639
3 222 1872 1288
3 712 1613 1547
3 2196 2329 1143
3 522 1946 1572
3 1268 2001 810
3 1272 2283 652
3 1362 2217 776
3 975 2143 1229
3 631 2079 1179
3 145 2274 1265
3 1225 1869 676
3 1250 2182 1493
3 146 2153 406
3 1626 1655 1039
3 1510 2269 642
3 1664 2278 1116
3 1200 2088 555
3 978 2280 2204
3 588 1809 1731
3 1372 1752 205
3 519 1502 518
3 1220 2363 644
3 701 1534 1508
3 160 2351 161
3 171 2004 1177
3 1309 2248 651
3 1420 2164 233
3 782 1785 1636
3 952 1952 1215
3 148 1760 1394
3 810 2032 1211
3 1390 2156 703
3 438 1692 437
3 1639 1640 962
3 1533 1558 180
3 516 1721 515
3 105 1980 1302
3 1581 2126 913
3 1374 2351 160
3 486 1671 485
3 1591 1693 1161
3 400 1605 401
3 136 2016 390
3 887 2411 1247
3 1237 2316 650
3 337 1659 108
3 119 2381 356
3 74 1787 1514
3 1671 2034 186
3 860 1912 1196
3 722 2225 1261
3 1295 1824 608
3 1308 2106 246
3 549 1944 1843
3 809 1888 1482
3 689 2250 1083
3 232 1961 1711
3 834 2383 1252
3 1307 1883 628
3 1327 1941 1100
3 341 2026 340
3 1252 2342 834
3 1309 2038 160
3 486 2034 1671
3 1188 2371 291
3 0 1594 31
3 1222 2385 666
3 1520 1878 608
3 221 2113 142
3 1134 2372 775
3 1232 1967 799
3 923 1553 1479
3 389 2278 1664
3 1413 2169 741
3 1428 1873 796
3 1260 2102 71
3 1479 1553 746
3 797 2226 1296
3 363 2138 122
3 664 2001 1268
3 1268 1726 664
3 185 1671 186
3 697 1877 1450
3 1235 2006 654
3 760 2102 1260
3 500 1583 218
3 1216 2166 560
3 257 1748 1331
3 1702 2287 583
3 570 1957 1589
3 889 2314 1790
3 1227 1930 758
3 256 1748 257
3 906 1754 1744
3 454 1959 453
3 1645 2066 1111
3 381 1886 380
3 1405 1630 569
3 1283 1736 125
3 330 1631 100
3 861 2248 1309
3 1279 2322 338
3 200 1638 105
3 1383 1753 616
3 1401 2423 178
3 1278 2073 264
3 1973 2254 22
3 1263 2186 831
3 677 1986 1215
3 992 2389 1221
3 356 2238 355
3 356 2381 1454
3 1230 2017 362
3 939 2107 1329
3 1027 2410 1490
3 1693 2012 1149
3 1439 1964 192
3 732 2260 1944
3 1348 1998 635
3 143 1663 452
3 1313 1781 653
3 838 2201 1435
3 15 1694 88
3 1527 2110 87
3 1564 2017 787
3 382 1927 1506
3 1398 2026 341
3 1557 2266 576
3 188 1742 189
3 1489 2282 278
3 307 1956 306
3 604 2408 2177
3 530 1916 529
3 1270 2307 288
3 154 1893 237
3 1255 2006 794
3 1370 1742 188
3 1750 1990 1014
3 716 1658 1381
3 1263 1868 460
3 1289 2295 327
3 1122 2383 834
3 524 1995 1258
3 688 2191 1702
3 1290 2220 759
3 885 2161 1731
3 764 2380 1239
3 1367 2257 848
3 1040 2307 1270
3 1546 1643 973
3 1258 1995 832
3 1454 2238 356
3 248 1877 249
3 1333 2118 55
3 715 1599 1446
3 2235 2356 174
3 1399 1627 554
3 427 1653 426
3 807 2059 1155
3 847 2419 2146
3 1226 2234 55
3 1230 2108 787
3 266 1662 267
3 101 1958 1661
3 831 1868 1263
3 885 2309 2161
3 2200 2399 732
3 1246 2057 572
3 793 1909 1262
3 727 1488 1371
3 162 1689 1397
3 18 1614 1354
3 495 1742 494
3 844 1971 1145
3 494 1742 1370
3 656 2182 1250
3 495 2054 1742
3 213 1857 126
3 130 2296 21
3 1352 1735 1057
3 145 2240 1369
3 569 1630 1569
3 561 1863 1222
3 1397 1689 444
3 120 1907 1817
3 142 2113 1421
3 745 2129 1394
3 888 2089 1280
3 1234 2108 683
3 181 2332 182
3 1244 2039 711
3 2043 2143 975
3 443 1689 163
3 1569 1630 820
3 388 1706 135
3 301 2380 1808
3 673 2279 1325
3 683 2108 1230
3 1742 2054 189
3 433 1697 28
3 1133 2031 599
3 799 1831 1232
3 794 2006 1235
3 338 2041 1415
3 708 2239 1433
3 1033 2211 1387
3 2003 2099 1069
3 342 1930 1227
3 1378 1975 751
3 1731 1809 885
3 1341 1861 873
3 846 2316 1237
3 1209 2268 780
3 1091 2388 1745
3 1256 2046 884
3 703 2156 1473
3 1255 2202 1014
3 1509 2325 1063
3 2 1987 244
3 1536 1759 208
3 1544 1763 702
3 223 2033 224
3 768 1720 1349
3 71 2157 1260
3 1508 1534 842
3 418 2047 1666
3 1887 2027 829
3 327 2296 1289
3 1812 2079 1113
3 1250 2077 656
3 269 2082 1319
3 1825 1942 228
3 815 1695 1366
3 1234 2264 595
3 597 2329 2196
3 1547 1647 712
3 160 2038 51
3 182 1765 1311
3 1357 1691 947
3 1296 2226 464
3 1314 2037 829
3 661 2268 1209
3 1396 2074 671
3 1319 2082 879
3 1178 1997 821
3 967 2294 1902
3 348 2336 349
3 1435 2201 323
3 1023 2029 1419
3 161 1762 162
3 750 1970 1302
3 219 1583 1530
3 1890 2322 1031
3 94 1941 1327
3 591 2426 2320
3 1415 2041 1036
3 1190 1926 1709
3 817 1964 1439
3 1406 2373 579
3 1464 2239 708
3 1610 1989 431
3 925 2291 1836
3 1013 2207 1885
3 1741 2414 849
3 1148 2294 1487
3 1786 1903 945
3 96 1725 320
3 464 1751 1296
3 568 1763 1544
3 1357 2391 375
3 753 2305 1362
3 1457 2121 865
3 960 2311 1256
3 1351 2119 684
3 1730 2426 591
3 159 2202 1255
3 319 1953 320
3 1374 1745 729
3 909 1863 1829
3 179 2131 1533
3 1163 2419 219
3 1299 1922 591
3 1669 1794 1115
3 1566 1770 738
3 731 1746 1301
3 1498 2115 605
3 1598 1797 803
3 335 2073 1278
3 1129 2414 1741
3 1606 2288 933
3 177 1810 1272
3 248 2198 247
3 1525 1718 570
3 930 1753 1383
3 833 2256 1950
3 551 2125 1205
3 1297 2372 65
3 796 1903 1786
3 1462 2174 648
3 765 1926 1364
3 357 2256 1292
3 1256 2311 367
3 1862 2005 966
3 1557 1992 849
3 134 2062 1715
3 1311 1765 801
3 270 1732 70
3 1386 2378 667
3 1446 1599 117
3 3 2263 246
3 1504 2063 766
3 1560 2213 212
3 555 1791 1285
3 1276 2016 828
3 996 1642 1561
3 1411 2335 686
3 464 2226 463
3 1817 1907 986
3 1271 2407 965
3 223 1872 222
3 1369 2240 874
3 1463 1831 799
3 154 1751 465
3 1485 1813 383
3 1335 1905 435
3 1944 2260 1076
3 488 2239 37
3 848 2338 1460
3 1280 2349 888
3 151 1738 413
3 1229 2143 369
3 337 2114 1300
3 1843 1944 1076
3 373 1761 374
3 126 1857 1332
3 789 1922 1299
3 671 2074 1417
3 1514 1727 723
3 192 2058 1439
3 178 2354 1810
3 949 2401 1559
3 725 1791 1499
3 1280 2089 287
3 1255 2272 159
3 1568 1687 771
3 178 2423 79
3 404 1757 403
3 318 1892 317
3 281 2037 1314
3 1257 1846 1555
3 1353 2305 753
3 928 1966 1929
3 1963 2064 1104
3 1373 1770 69
3 1506 1927 865
3 407 1772 148
3 93 1939 311
3 804 1752 1372
3 323 2201 322
3 1715 2062 991
3 1239 2380 302
3 1719 1748 256
3 127 1767 217
3 1515 2247 907
3 230 2103 1543
3 469 2317 468
3 773 1894 1303
3 293 2262 294
3 842 1941 1508
3 742 1822 1363
3 866 2100 1537
3 128 1758 1710
3 1047 2350 1889
3 2298 2379 625
3 232 1711 233
3 712 1835 1320
3 1486 1592 764
3 1547 1613 840
3 1459 1716 760
3 814 1918 1152
3 1677 2010 841
3 405 2156 1390
3 1060 1838 1536
3 1375 2033 223
3 133 2245 1430
3 1512 1621 709
3 555 2088 1305
3 417 1666 333
3 1621 1747 1119
3 237 2192 1296
3 977 2052 1516
3 1275 2075 546
3 1624 2255 203
3 1590 2425 211
3 1298 1911 767
3 891 2277 1705
3 1503 1910 754
3 1260 2385 760
3 1305 1949 901
3 315 1834 316
3 246 2106 55
3 1369 1993 806
3 404 2156 405
3 189 2288 1606
3 421 1794 66
3 1402 2124 202
3 561 2152 1322
3 922 2115 1498
3 92 2394 1337
3 497 2305 1353
3 367 2046 1256
3 829 2027 1521
3 349 2028 348
3 90 1765 182
3 864 2227 1908
3 1629 2355 109
3 771 1932 1346
3 1273 1966 677
3 1363 2317 75
3 300 2420 301
3 1623 2055 584
3 550 1915 1678
3 334 1827 7
3 699 1947 1385
3 828 1910 1503
3 1283 2001 664
3 833 1905 1335
3 162 1762 1338
3 1041 2430 1353
3 367 2311 366
3 1261 2225 667
3 1308 2263 380
3 1530 1583 501
3 716 1965 1546
3 727 2284 1317
3 1769 2427 1160
3 64 2004 171
3 666 2385 1260
3 593 1643 1546
3 377 1803 131
3 1417 2420 737
3 1382 1933 89
3 684 2099 2003
3 17 1798 312
3 34 1985 86
3 1202 2306 792
3 917 2174 1462
3 229 1942 1377
3 1496 2129 745
3 1302 1980 750
3 1502 1876 518
3 323 1894 324
3 1043 2295 1289
3 741 1914 1413
3 1323 1983 638
3 200 2289 1638
3 1738 2384 1061
3 81 2120 1611
3 372 2247 1515
3 748 1891 1467
3 803 1994 1270
3 548 1867 1356
3 1476 2357 745
3 1215 1986 1672
3 1259 2290 995
3 358 1816 359
3 840 1677 1334
3 1202 2262 293
3 468 2317 1363
3 1651 2253 445
3 105 2229 1591
3 1665 2031 1133
3 198 2159 1410
3 460 1868 459
3 729 2388 2077
3 301 2074 302
3 120 1817 357
3 942 2055 1623
3 1260 1948 666
3 1257 1555 665
3 1095 2365 2181
3 1346 1932 590
3 669 1991 1346
3 1482 1526 809
3 745 2357 1496
3 184 1820 183
3 578 2315 1766
3 351 1954 350
3 579 1716 1459
3 1288 2318 837
3 1587 1930 343
3 942 2123 1622
3 1343 2149 563
3 1679 2342 1252
3 69 2421 1373
3 1373 2421 890
3 1382 2413 819
3 408 1865 10
3 1394 2129 148
3 173 2330 1358
3 178 2331 1401
3 1019 2422 2087
3 338 2322 339
3 368 1841 125
3 776 2217 1596
3 148 2129 407
3 365 1719 5
3 1854 2383 1122
3 670 1931 1343
3 786 1983 1323
3 636 2413 1382
3 310 2394 92
3 1832 1898 811
3 1232 1831 251
3 1579 2429 895
3 1412 1898 690
3 1325 2279 753
3 951 1814 1542
3 1191 2413 636
3 1468 2048 103
3 761 2014 1347
3 1750 1907 120
3 52 1735 1352
3 1450 1877 248
3 208 2095 1388
3 298 1861 1341
3 1631 2399 100
3 670 2318 1288
3 107 1677 1618
3 775 2033 1375
3 166 1849 58
3 954 2105 1776
3 1542 1814 805
3 397 2212 1408
3 1459 2144 579
3 308 1851 309
3 766 2063 1646
3 124 2046 367
3 732 1944 1393
3 289 2199 288
3 396 2212 397
3 1058 2315 1873
3 1300 2114 782
3 948 1131 528
3 1115 2254 851
3 1561 1642 54
3 268 2259 267
3 1321 2394 310
3 327 2295 326
3 1829 1863 561
3 2046 2172 884
3 705 2403 1489
3 1410 2159 888
3 1620 2231 403
3 875 2246 2087
3 689 1718 1525
3 1584 1904 969
3 571 1644 1634
3 997 2312 1337
3 1310 2429 658
3 747 2118 1333
3 833 2339 1292
3 296 1860 297
3 287 2089 286
3 666 1948 1355
3 816 2031 1665
3 274 1882 273
3 1730 1922 1021
3 108 1688 1541
3 576 1992 1557
3 1316 2340 1005
3 1276 2278 390
3 1758 1830 860
3 1492 1686 738
3 726 1714 1024
3 1717 2186 380
3 1705 2336 891
3 1309 2154 861
3 1508 1941 94
3 1317 2284 800
3 1269 2273 137
3 250 1831 1463
3 1618 1677 841
3 1346 1991 771
3 1292 2339 654
3 236 2192 237
3 1720 1912 582
3 114 1784 1637
3 645 2308 1274
3 130 1924 1289
3 1473 2156 404
3 435 1905 434
3 1536 1838 779
3 1830 2397 582
3 1161 1938 1580
3 1291 2092 900
3 1305 2088 792
3 339 2041 338
3 1065 1852 1444
3 224 2299 225
3 285 2416 2137
3 251 1831 250
3 106 1913 201
3 1303 1894 323
3 1485 1807 757
3 5 1920 255
3 490 1825 227
3 2215 2234 944
3 2111 2147 388
3 384 1807 1485
3 55 2106 1333
3 593 2252 1643
3 362 2017 361
3 317 2171 1350
3 346 2065 29
3 579 2144 1318
3 1903 2315 578
3 1634 1644 907
3 1477 2022 1025
3 1325 2100 673
3 1359 1857 213
3 1365 2335 802
3 215 1923 216
3 1710 1758 860
3 1856 2272 794
3 1534 2194 95
3 1543 1665 229
3 2087 2422 1168
3 1712 2015 881
3 1355 1948 781
3 819 1933 1382
3 746 1721 1479
3 389 1611 1251
3 754 1910 1593
3 1517 1733 719
3 779 1759 1536
3 78 2353 1201
3 1349 2352 566
3 950 2104 2067
3 572 2057 1483
3 1242 2281 671
3 1479 1721 516
3 388 2147 12
3 264 1879 265
3 1594 2433 449
3 21 2071 328
3 890 2421 1319
3 1466 2313 1000
3 407 2129 1496
3 1335 2339 833
3 582 2397 2365
3 294 2036 293
3 301 2420 1417
3 1440 1829 561
3 1504 2347 1207
3 578 1975 1378
3 525 1995 524
3 260 1885 261
3 196 1973 22
3 1818 2306 292
3 1361 2149 793
3 375 2391 376
3 1702 2191 994
3 1274 2308 1803
3 1690 2312 749
3 654 2339 1335
3 342 2117 343
3 520 2270 519
3 1441 2411 887
3 50 2202 159
3 448 1988 447
3 568 2216 1315
3 1613 2010 840
3 390 2278 389
3 303 2094 304
3 837 2318 1343
3 499 2217 498
3 350 2343 351
3 880 2153 1299
3 1487 2294 967
3 423 1844 204
3 291 2371 80
3 484 2092 483
3 284 2357 75
3 1201 2353 1498
3 259 2030 1556
3 835 2218 1315
3 369 2143 370
3 1472 2212 396
3 1575 2237 819
3 406 2153 1798
3 228 1942 229
3 74 2210 280
3 1467 1891 82
3 1945 2165 783
3 800 2352 1349
3 1417 2074 301
3 1368 1571 817
3 750 2048 1468
3 138 2068 394
3 1776 2105 758
3 148 1772 1633
3 1437 2185 768
3 1289 2296 130
3 282 2037 281
3 772 1878 1520
3 1343 2318 670
3 1376 2148 990
3 867 2354 1345
3 268 2082 269
3 963 1789 1527
3 602 2010 1613
3 1378 2061 578
3 1426 1892 318
3 961 2124 1402
3 925 2395 2291
3 1483 2057 856
3 151 2384 1738
3 659 2337 1801
3 1434 2199 289
3 1168 2422 1747
3 1277 1834 315
3 387 2325 386
3 386 1687 1568
3 1455 2141 834
3 155 2168 440
3 811 1898 1412
3 159 2272 158
3 929 2222 2181
3 903 2406 2112
3 671 2281 1396
3 2178 2375 873
3 498 2217 1362
3 1678 1915 902
3 1106 2375 2178
3 1801 2337 1065
3 1315 2216 835
3 1798 2153 880
3 1734 2265 133
3 690 1898 1421
3 830 1693 1591
3 1141 2147 2111
3 1013 1885 1407
3 812 1830 1758
3 1323 2415 547
3 230 2025 147
3 816 1665 1543
3 1459 1863 909
3 1527 1789 804
3 1441 1996 980
3 1436 1989 899
3 920 2384 1588
3 1199 2248 1651
3 616 2424 1383
3 677 1966 1777
3 563 2149 1361
3 1923 2429 1310
3 582 1928 1720
3 483 2092 1291
3 1602 1914 741
3 134 2242 2062
3 311 2091 93
3 2291 2395 1193
3 956 1770 1566
3 1767 2392 217
3 921 1907 1750
3 361 2148 362
3 610 2244 2060
3 1237 2314 1641
3 1569 2398 742
3 1431 1967 575
3 429 2303 1586
3 1745 2388 729
3 1406 2350 650
3 2181 2365 929
3 14 2056 299
3 394 2068 1424
3 1588 1760 920
3 257 2341 256
3 207 2095 208
3 824 2026 1398
3 336 2189 335
3 1580 1676 198
3 798 1842 1387
3 1451 2206 780
3 862 2350 1406
3 493 2140 492
3 975 2093 2043
3 646 2035 1571
3 280 2210 1347
3 1793 2088 1200
3 2173 2252 940
3 611 2276 1646
3 409 2053 408
3 64 2101 224
3 930 1806 1465
3 225 2434 64
3 340 2367 341
3 737 2420 1535
3 324 2334 98
3 344 2366 345
3 642 2418 1510
3 481 1961 231
3 263 2293 262
3 909 2144 1459
3 1516 2052 35
3 83 1981 1524
3 737 2345 1417
3 135 2111 388
3 1045 1960 1801
3 147 2103 230
3 1191 2343 350
3 133 2265 1901
3 1549 1945 783
3 1369 2274 145
3 856 2351 1374
3 1484 1893 820
3 809 2175 1888
3 89 2131 179
3 373 2247 372
3 1510 2418 949
3 806 2274 1369
3 1541 1688 58
3 197 2159 198
3 560 2166 1438
3 1465 2136 552
3 1451 1833 781
3 607 2184 1492
3 1503 2132 584
3 1419 2029 1142
3 1424 2068 870
3 1185 2252 2173
3 8 2043 272
3 1521 2027 574
3 595 2264 2040
3 177 2331 178
3 202 2124 201
3 1031 2322 1279
3 79 2423 1767
3 1531 2387 681
3 393 2097 394
3 583 2287 1609
3 799 1967 1431
3 1435 2269 838
3 806 1993 1400
3 1064 2243 1511
3 838 2066 1404
3 2057 2205 856
3 630 2200 1393
3 272 2093 273
3 781 2157 1451
3 591 2320 2072
3 157 2323 158
3 1379 2167 824
3 212 2213 116
3 1859 2184 1010
3 775 2372 1297
3 2087 2246 1019
3 1676 2360 938
3 871 2184 1859
3 76 2214 526
3 13 2128 297
3 12 2147 81
3 959 1968 1957
3 1525 2250 689
3 362 2148 1376
3 1492 2184 871
3 233 2164 232
3 1336 2371 1188
3 1445 2382 119
3 1519 1947 699
3 278 2282 279
3 1667 2072 869
3 1212 2122 191
3 227 1850 1775
3 199 2289 200
3 1743 1820 150
3 288 2307 289
3 1753 2019 853
3 1541 1849 782
3 1248 2255 822
3 834 2141 1122
3 1482 1888 770
3 358 2256 357
3 637 1996 1441
3 254 2417 253
3 302 2074 1396
3 884 2172 1848
3 636 2218 1418
3 1334 1802 857
3 1377 2140 941
3 1144 1914 1602
3 661 2169 1413
3 1220 2160 1624
3 370 2143 2043
3 759 2220 1484
3 1417 2345 671
3 1777 1966 928
3 270 2370 271
3 172 2142 32
3 1607 1695 52
3 322 2201 1404
3 1438 2166 773
3 1395 1921 722
3 1740 2187 726
3 832 1676 1580
3 211 2425 210
3 1401 2331 1009
3 625 1896 1554
3 1339 2242 63
3 878 2328 1702
3 1397 2253 861
3 1957 1968 821
3 1654 1843 1076
3 451 2116 1456
3 815 1875 1538
3 783 2165 1645
3 431 1989 57
3 1538 1875 939
3 1556 2030 766
3 1404 2201 838
3 1701 2406 903
3 1498 2081 777
3 217 2348 127
3 1383 2424 910
3 796 2259 1428
3 834 2040 1455
3 790 2109 1500
3 687 1876 1502
3 1404 2066 140
3 788 1812 1544
3 247 2198 1717
3 1558 2332 181
3 1645 2273 783
3 1618 1827 334
3 217 2392 216
3 844 2013 1972
3 864 2293 1512
3 1625 1992 823
3 21 2296 327
3 71 2206 1451
3 176 2257 1367
3 1421 2113 837
3 1875 2107 939
3 1706 1935 135
3 1581 1900 596
3 1380 2424 616
3 857 1947 1519
3 1221 2389 1792
3 139 2005 1862
3 1498 2353 922
3 253 2277 254
3 1623 2125 942
3 1501 2059 587
3 982 2356 2235
3 1937 2304 912
3 934 2323 1455
3 600 2187 1740
3 1636 1785 581
3 1451 2157 71
3 650 2316 1406
3 1342 2386 707
3 123 2333 1889
3 1503 2055 828
3 804 2110 1527
3 2071 2391 1067
3 1896 2379 859
3 726 2187 1714
3 1885 2207 261
3 1418 2218 835
3 96 2185 1437
3 2067 2104 868
3 1972 2013 972
3 152 2194 1420
3 492 2140 1377
3 277 1963 1489
3 1544 1812 568
3 512 2223 44
3 1208 2214 76
3 237 1893 1484
3 93 2091 1458
3 885 1809 1576
3 926 2423 1401
3 1439 2058 1041
3 1460 2338 118
3 828 2016 1910
3 830 2229 1998
3 1588 2384 151
3 1754 1767 127
3 408 2053 1865
3 273 2093 1474
3 75 2317 1608
3 1455 2323 157
3 1466 2408 1006
3 891 2336 1380
3 1584 2400 710
3 566 2352 1371
3 1701 2104 950
3 58 1849 1541
3 807 2382 1445
3 1338 2205 680
3 65 2301 172
3 65 2346 1456
3 686 2335 1365
3 1575 1974 88
3 1481 2216 568
3 1372 2110 804
3 1302 2229 105
3 56 2139 1494
3 1500 1965 716
3 1635 1860 296
3 1458 2091 869
3 893 2199 1434
3 1545 1866 111
3 1965 2428 1546
3 1524 1981 809
3 607 2404 2134
3 757 2152 1577
3 863 2155 2003
3 1702 2328 688
3 1428 2259 268
3 1406 2316 846
3 1538 2366 815
3 529 1916 1797
3 75 2357 1476
3 1920 2311 960
3 802 2335 1411
3 782 2114 1541
3 1656 2028 349
3 754 2132 1503
3 2043 2093 272
3 1662 1971 844
3 172 2346 65
3 1757 2324 1183
3 880 2072 1667
3 930 2019 1753
3 574 2027 1389
3 182 2332 1615
3 361 2017 1564
3 576 2407 1551
3 139 1862 1368
3 836 2363 1913
3 913 1900 1581
3 840 2010 1677
3 67 1747 1621
3 1109 2374 1478
3 351 2343 1418
3 1000 2408 1466
3 849 1992 1625
3 765 1962 1478
3 822 2160 1513
3 2035 2228 845
3 1649 1887 829
3 766 2276 1556
3 420 2221 1778
3 1609 2287 966
3 1710 1953 319
3 733 2107 1854
3 584 2055 1503
3 558 2063 1504
3 386 2325 1509
3 834 2342 2040
3 1632 2273 1269
3 1614 2238 957
3 876 2324 1757
3 1803 2308 872
3 974 1887 1649
3 550 2377 1915
3 1865 2053 974
3 846 2373 1406
3 956 2300 1770
3 1722 2196 1004
3 758 1930 1587
3 1747 2422 696
3 1155 2059 1501
3 1889 2333 1047
3 1500 2109 565
3 1067 2391 1357
3 638 1945 1549
3 1756 2338 848
3 2077 2388 987
3 1667 2091 311
3 1329 2065 939
3 605 2081 1498
3 899 1989 1610
3 857 2396 1947
3 266 1971 1662
3 681 2387 1458
3 1810 2283 1272
3 580 2107 1875
3 1371 2284 727
3 1684 2176 1078
3 1529 2044 278
3 1686 2224 738
3 1175 2344 2271
3 597 2196 1722
3 1591 2229 830
3 808 2297 2265
3 1572 1946 774
3 1656 2090 252
3 335 2189 1774
3 869 2091 1667
3 1770 2300 69
3 1646 2063 989
3 2271 2344 728
3 1473 2231 852
3 1830 1912 860
3 30 2121 1457
3 895 2429 1923
3 1580 1938 832
3 830 2012 1693
3 982 2338 1756
3 1433 2239 488
3 2042 2062 818
3 1028 2175 1981
3 832 2360 1676
3 969 2400 1584
3 868 2104 1660
3 957 2238 1454
3 1705 2277 253
3 958 2332 1558
3 547 2230 1576
3 304 2094 1612
3 829 2037 1649
3 1493 2182 1062
3 823 2417 1625
3 1513 2160 644
3 1660 2104 589
3 1231 2192 236
3 1948 2157 781
3 1703 2330 174
3 349 2090 1656
3 95 2126 1534
3 1407 2208 778
3 267 2259 1786
3 587 2059 1788
3 998 2122 1212
3 172 2301 2142
3 2087 2396 875
3 175 2356 1756
3 1549 2415 1323
3 954 2250 1525
3 861 2253 1651
3 860 1953 1710
3 1982 2084 886
3 1611 2120 968
3 1657 2397 812
3 1571 2035 918
3 1633 1772 859
3 647 2412 1819
3 1534 2126 842
3 1586 2303 165
3 1660 2321 908
3 2048 2049 103
3 1052 2136 1552
3 815 2366 1728
3 582 1912 1830
3 1686 2390 70
3 1624 2160 822
3 2045 2361 1054
3 910 2424 1380
3 1576 2230 885
3 254 2277 1670
3 1915 2377 1088
3 1646 2276 766
3 1649 2037 282
3 2033 2299 224
3 37 2239 1464
3 1387 2211 798
3 1579 2310 592
3 589 2321 1660
3 596 1900 1888
3 1492 2404 607
3 1525 2105 954
3 1645 2165 140
3 929 2397 1657
3 1474 2093 975
3 785 2028 1656
3 1490 2410 905
3 1819 2412 1022
3 1933 2237 1172
3 1596 2217 499
3 124 2172 2046
3 591 1922 1730
3 1007 1976 1799
3 1637 1784 813
3 1514 2210 74
3 886 2112 1969
3 895 2310 1579
3 1848 2020 884
3 1678 2426 748
3 1546 2428 593
3 1700 2417 823
3 1797 1916 803
3 918 2035 1958
3 581 2086 1585
3 2050 2067 61
3 1785 2086 581
3 847 2146 2119
3 1456 2116 1099
3 738 2224 1566
3 812 2098 1657
3 1468 1970 750
3 345 2366 1538
3 842 2126 1581
3 1709 1926 765
3 606 2020 1848
3 644 2363 1704
3 991 2062 2042
3 1026 2415 1549
3 875 2396 1802
3 1908 2293 864
3 79 1767 1754
3 758 2105 1589
3 1728 2366 344
3 1512 2293 263
3 688 2328 1740
3 771 2340 1568
3 825 2015 1712
3 1556 2276 1126
3 2284 2352 800
3 1568 2340 1316
3 1799 1976 898
3 1931 2149 1343
3 1557 2414 700
3 1906 2109 790
3 902 2426 1678
3 1801 1960 659
3 1888 1900 770
3 1788 1976 587
3 376 2391 2071
3 2127 2187 600
3 1775 1850 897
3 2081 2285 1031
3 1936 2376 1094
3 1810 2354 867
3 849 2414 1557
3 1143 2329 1980
3 1713 2168 156
3 183 1820 1743
3 1592 2188 999
3 755 1425 1423
3 1808 2380 764
3 589 2104 1701
3 886 2020 1982
3 1528 2355 952
3 888 2159 1943
3 822 2255 1624
3 904 2084 1982
3 341 2367 1647
3 2119 2146 1012
3 1471 2155 505
3 1593 1910 136
3 2083 2358 863
3 1924 2098 1034
3 773 2166 1839
3 1714 2187 988
3 1712 2172 124
3 1788 2059 807
3 870 2068 1783
3 343 2117 1881
3 851 2254 1973
3 1672 1986 777
3 1786 2259 796
3 987 2388 2138
3 1792 2389 559
3 605 2285 2081
3 193 2430 2058
3 286 2089 1943
3 732 2399 1631
3 1697 2069 28
3 360 2069 1697
3 1496 2357 284
3 881 2172 1712
3 1943 2089 888
3 894 2399 2200
3 918 2362 1571
3 1555 1846 290
3 1969 2020 886
3 1928 2365 1095
3 1955 2112 886
3 2344 2368 728
3 1625 2417 254
3 2138 2388 1091
3 907 2247 1619
3 634 2326 1972
3 1762 2205 1338
3 525 2360 1995
3 1959 2177 1000
3 2083 2427 618
3 1657 2098 130
3 856 2205 1762
3 1982 2020 606
3 820 2398 1569
3 950 2067 2050
3 1657 2222 929
3 1783 2068 138
3 1456 2346 450
3 1582 2219 275
3 1862 2286 646
3 1571 2362 817
3 1861 2178 873
3 863 2358 2021
3 783 2273 1632
3 1790 2432 615
3 580 2383 1854
3 1637 2275 252
3 1991 2340 771
3 2258 2403 1093
3 1153 2368 2344
3 1031 2285 1890
3 898 1976 1788
3 1615 2332 958
3 793 2149 1931
3 1371 2352 2284
3 1817 2393 1180
3 808 2265 1734
3 578 2061 1903
3 151 2188 1588
3 1651 2248 861
3 886 2084 1955
3 1903 2061 945
3 191 2362 918
3 788 2079 1812
3 1904 2297 808
3 1890 2285 937
3 1653 2249 426
3 68 2246 1685
3 844 2326 1662
3 1005 2340 1991
3 884 2020 1969
3 383 2219 1582
3 852 2231 1620
3 952 2355 1629
3 2359 2360 525
3 1969 2112 613
3 657 2347 2327
3 877 2176 1684
3 1619 2247 373
3 2214 2359 526
3 1685 2246 875
3 919 2177 1959
3 819 1974 1575
3 2004 2434 1006
3 64 2434 2004
3 831 2186 1717
3 109 2355 1528
3 13 2178 1861
3 1670 2277 891
3 1052 2233 1819
3 119 2382 2381
3 1717 2198 831
3 2112 2406 613
3 911 2403 2258
3 1162 2109 1906
3 956 2130 1984
3 1641 2314 889
3 1935 2060 882
3 1762 2351 856
3 1260 2157 1948
3 872 2308 1680
3 2161 2309 622
3 813 2275 1637
3 366 2311 1920
3 1731 2161 855
3 1790 2376 889
3 1881 2117 850
3 1979 2310 1181
3 1647 2367 937
3 1680 2308 645
3 2133 2134 890
3 998 2170 2122
3 1778 2221 260
3 955 2134 2133
3 1662 2326 1203
3 1839 2166 1216
3 579 2373 1716
3 1984 2130 910
3 881 2267 1848
3 1608 2317 469
3 1950 2256 358
3 938 2214 1208
3 1709 2374 623
3 792 2088 1793
3 646 2228 2035
3 1708 2320 902
3 903 2112 1955
3 980 2190 1897
3 2327 2347 1140
3 1955 2084 546
3 2228 2286 994
3 798 2211 1895
3 130 2098 1924
3 1910 2016 136
3 595 2342 1679
3 657 2327 2042
3 1666 2047 332
3 1895 2211 586
3 748 2426 1730
3 2058 2430 1041
3 1535 2420 300
3 1766 2315 1058
3 883 1935 1706
3 1819 2233 647
3 817 2362 1964
3 1131 2416 1480
3 2265 2297 1002
3 2099 2119 1012
3 1704 2363 836
3 1923 2197 895
3 1897 2190 1001
3 1890 2367 340
3 615 2376 1790
3 957 2270 1614
3 1848 2172 881
3 546 2084 2023
3 1069 2083 2003
3 1835 2232 557
3 937 2367 1890
3 394 2097 2096
3 1069 2427 2083
3 867 2283 1810
3 986 2393 1817
3 2236 2400 969
3 1523 2170 503
3 778 2208 1669
3 1082 2165 1945
3 2241 2431 663
3 1802 2396 857
3 848 2257 1756
3 2042 2327 991
3 1885 2208 1407
3 1848 2267 606
3 215 2197 1923
3 950 2406 1701
3 1047 2432 1790
3 646 2286 2228
3 65 2372 2301
3 1171 2232 1835
3 1783 2244 870
3 585 2396 2087
3 161 2351 1762
3 594 2297 1904
3 792 2306 1818
3 988 2187 2127
3 2230 2309 885
3 2003 2083 863
3 684 2119 2099
3 1981 2175 809
3 625 2379 1896
3 1056 2309 2230
3 349 2336 1705
3 922 2162 2115
3 1016 2400 2236
3 889 2376 1936
3 2123 2125 551
3 2023 2084 904
3 256 2341 2000
3 158 2272 1856
3 116 2213 2133
3 859 2379 1633
3 948 2416 1131
3 819 2237 1933
3 2050 2405 950
3 216 2392 1934
3 2261 2262 1202
3 2078 2226 797
3 260 2208 1885
3 2115 2162 931
3 2148 2193 990
3 606 2267 2190
3 2133 2213 955
3 796 2315 1903
3 966 2286 1862
3 1980 2329 750
3 1073 2431 2241
3 952 2402 1952
3 905 2330 1703
3 2174 2183 971
3 2381 2382 1155
3 942 2125 2123
3 1125 2304 1937
3 883 2060 1935
3 146 2375 2008
3 812 2397 1830
3 845 2228 2191
3 1854 2107 580
3 2095 2395 925
3 1972 2326 844
3 960 2405 2050
3 618 2358 2083
3 1889 2350 862
3 582 2365 1928
3 262 2293 1908
3 1901 2265 1002
3 592 2310 1979
3 1888 2175 596
3 2333 2432 1047
3 2190 2267 1001
3 965 2407 2266
3 1964 2362 191
3 361 2193 2148
3 253 2417 1700
3 2000 2341 877
3 1046 2428 1965
3 1995 2360 832
3 1934 2392 926
3 2365 2397 929
3 935 2432 2333
3 2096 2097 981
3 917 2183 2174
3 2250 2251 1083
3 2145 2419 847
3 1756 2356 982
3 2008 2375 1106
3 2021 2358 1124
3 2320 2426 902
3 2040 2342 595
3 879 2361 2045
3 1952 2402 577
3 1974 2413 1191
3 207 2395 2095
3 938 2360 2359
3 883 2262 2261
3 271 2370 2204
3 819 2413 1974
3 2286 2287 994
3 2060 2261 610
3 2401 2418 1055
3 2204 2370 978
3 2266 2407 576
3 949 2418 2401
3 914 2049 2048
3 2301 2372 1134
3 938 2359 2214
3 883 2261 2060
3 360 2433 1594
3 1663 2116 451
3 2298 2384 920
3 463 2226 2078
3 2405 2406 950
3 1061 2384 2298
3 954 2251 2250
3 2191 2228 994
3 219 2419 2145
3 613 2406 2405
3 966 2287 2286
3 2137 2416 948
3 11 1528 77
3 290 1846 11
3 11 1847 338
3 25 1610 431
3 32 450 172
3 480 34 86
3 35 2052 187
3 155 441 49
3 49 1217 155
3 441 442 49
3 57 1436 164
3 431 57 430
3 76 285 104
3 76 1480 285
3 527 76 526
3 101 141 191
3 191 1958 101
3 102 1132 194
3 104 1102 197
3 175 115 174
3 141 1024 220
3 149 472 473
3 153 478 234
3 234 1442 153
3 153 477 478
3 174 2356 175
3 285 2137 286
3 114 1637 4
3 4 1700 114
3 11 1846 109
3 81 1611 12
3 388 12 294
3 350 15 88
3 354 1277 18
3 26 423 204
3 487 35 187
3 231 36 481
3 496 37 190
3 227 38 490
3 218 1351 40
3 521 44 354
3 44 1089 354
3 430 57 164
3 421 66 420
3 104 1208 76
3 101 1024 141
3 194 1124 102
3 510 511 102
3 197 1208 104
3 132 461 462
3 410 472 149
3 473 1423 149
3 153 1197 477
3 440 441 155
3 234 478 479
3 286 1102 285
3 410 471 472
3 326 2435 327
3 326 2437 2435
3 325 45 535
3 538 43 375
3 2435 2437 536
3 537 2435 536
3 376 2436 375
3 375 2436 538
3 538 2436 537
3 537 2436 2435
3 536 2437 535
3 2435 2438 327
3 2436 2438 2435
3 21 2438 376
3 325 2437 326
3 376 2438 2436
3 535 2437 325
3 327 2438 21
3 542 27 238
3 346 29 539
3 541 2439 540
3 541 2442 2439
3 542 2441 541
3 539 2440 346
3 2439 2440 540
3 346 2440 345
3 240 2443 2442
3 540 2440 539
3 2442 2443 2439
3 240 2442 239
3 239 2441 238
3 2439 2444 2440
3 2441 2442 541
3 1 2443 240
3 344 2443 1
3 238 2441 542
3 345 2444 344
3 2440 2444 345
3 239 2442 2441
3 344 2444 2443
3 2443 2444 2439
3 543 28 0
3 48 543 0
3 48 47 543
3 0 31 48

CELL_TYPES 5097
3
3
3
3
3
3
3
3
3
3
3
3
3
3
3
3
3
3
3
3
3
3
3
3
3
3
3
3
3
3
3
3
3
3
3
3
3
3
3
3
3
3
3
3
3
3
3
3
3
3
3
3
3
3
3
3
3
3
3
3
3
3
3
3
3
3
3
3
3
3
3
3
3
3
3
3
3
3
3
3
3
3
3
3
3
3
3
3
3
3
3
3
3
3
3
3
3
3
3
3
3
3
3
3
3
3
3
3
3
3
3
3
3
3
3
3
3
3
3
3
3
3
3
3
3
3
3
3
3
3
3
3
3
3
3
3
3
3
3
3
3
3
3
3
3
3
3
3
3
3
3
3
3
3
3
3
3
3
3
3
3
3
3
3
3
3
3
3
3
3
3
3
3
3
3
3
3
3
3
3
3
3
3
3
3
3
3
3
3
3
3
3
3
3
3
3
3
3
3
3
3
3
3
3
3
3
3
3
3
3
3
3
3
3
3
3
3
3
3
3
3
3
3
3
3
3
3
3
3
3
3
3
3
3
3
3
3
3
3
3
3
3
3
3
3
3
3
3
3
3
3
3
3
3
3
3
3
3
3
3
3
3
3
3
3
3
3
3
3
3
3
3
3
3
3
3
3
3
3
3
3
3
3
3
3
3
3
3
3
3
3
3
3
3
3
3
3
3
3
3
3
3
3
3
3
3
3
3
3
3
3
3
3
3
3
3
3
3
3
3
3
3
3
3
3
3
3
3
3
3
3
3
3
3
3
3
3
3
3
3
3
3
3
3
3
3
3
3
3
3
3
3
3
3
3
3
3
3
3
3
3
3
3
3
3
3
5
5
5
5
5
5
5
5
5
5
5
5
5
5
5
5
5
5
5
5
5
5
5
5
5
5
5
5
5
5
5
5
5
5
5
5
5
5
5
5
5
5
5
5
5
5
5
5
5
5
5
5
5
5
5
5
5
5
5
5
5
5
5
5
5
5
5
5
5
5
5
5
5
5
5
5
5
5
5
5
5
5
5
5
5
5
5
5
5
5
5
5
5
5
5
5
5
5
5
5
5
5
5
5
5
5
5
5
5
5
5
5
5
5
5
5
5
5
5
5
5
5
5
5
5
5
5
5
5
5
5
5
5
5
5
5
5
5
5
5
5
5
5
5
5
5
5
5
5
5
5
5
5
5
5
5
5
5
5
5
5
5
5
5
5
5
5
5
5
5
5
5
5
5
5
5
5
5
5
5
5
5
5
5
5
5
5
5
5
5
5
5
5
5
5
5
5
5
5
5
5
5
5
5
5
5
5
5
5
5
5
5
5
5
5
5
5
5
5
5
5
5
5
5
5
5
5
5
5
5
5
5
5
5
5
5
5
5
5
5
5
5
5
5
5
5
5
5
5
5
5
5
5
5
5
5
5
5
5
5
5
5
5
5
5
5
5
5
5
5
5
5
5
5
5
5
5
5
5
5
5
5
5
5
5
5
5
5
5
5
5
5
5
5
5
5
5
5
5
5
5
5
5
5
5
5
5
5
5
5
5
5
5
5
5
5
5
5
5
5
5
5
5
5
5
5
5
5
5
5
5
5
5
5
5
5
5
5
5
5
5
5
5
5
5
5
5
5
5
5
5
5
5
5
5
5
5
5
5
5
5
5
5
5
5
5
5
5
5
5
5
5
5
5
5
5
5
5
5
5
5
5
5
5
5
5
5
5
5
5
5
5
5
5
5
5
5
5
5
5
5
5
5
5
5
5
5
5
5
5
5
5
5
5
5
5
5
5
5
5
5
5
5
5
5
5
5
5
5
5
5
5
5
5
5
5
5
5
5
5
5
5
5
5
5
5
5
5
5
5
5
5
5
5
5
5
5
5
5
5
5
5
5
5
5
5
5
5
5
5
5
5
5
5
5
5
5
5
5
5
5
5
5
5
5
5
5
5
5
5
5
5
5
5
5
5
5
5
5
5
5
5
5
5
5
5
5
5
5
5
5
5
5
5
5
5
5
5
5
5
5
5
5
5
5
5
5
5
5
5
5
5
5
5
5
5
5
5
5
5
5
5
5
5
5
5
5
5
5
5
5
5
5
5
5
5
5
5
5
5
5
5
5
5
5
5
5
5
5
5
5
5
5
5
5
5
5
5
5
5
5
5
5
5
5
5
5
5
5
5
5
5
5
5
5
5
5
5
5
5
5
5
5
5
5
5
5
5
5
5
5
5
5
5
5
5
5
5
5
5
5
5
5
5
5
5
5
5
5
5
5
5
5
5
5
5
5
5
5
5
5
5
5
5
5
5
5
5
5
5
5
5
5
5
5
5
5
5
5
5
5
5
5
5
5
5
5
5
5
5
5
5
5
5
5
5
5
5
5
5
5
5
5
5
5
5
5
5
5
5
5
5
5
5
5
5
5
5
5
5
5
5
5
5
5
5
5
5
5
5
5
5
5
5
5
5
5
5
5
5
5
5
5
5
5
5
5
5
5
5
5
5
5
5
5
5
5
5
5
5
5
5
5
5
5
5
5
5
5
5
5
5
5
5
5
5
5
5
5
5
5
5
5
5
5
5
5
5
5
5
5
5
5
5
5
5
5
5
5
5
5
5
5
5
5
5
5
5
5
5
5
5
5
5
5
5
5
5
5
5
5
5
5
5
5
5
5
5
5
5
5
5
5
5
5
5
5
5
5
5
5
5
5
5
5
5
5
5
5
5
5
5
5
5
5
5
5
5
5
5
5
5
5
5
5
5
5
5
5
5
5
5
5
5
5
5
5
5
5
5
5
5
5
5
5
5
5
5
5
5
5
5
5
5
5
5
5
5
5
5
5
5
5
5
5
5
5
5
5
5
5
5
5
5
5
5
5
5
5
5
5
5
5
5
5
5
5
5
5
5
5
5
5
5
5
5
5
5
5
5
5
5
5
5
5
5
5
5
5
5
5
5
5
5
5
5
5
5
5
5
5
5
5
5
5
5
5
5
5
5
5
5
5
5
5
5
5
5
5
5
5
5
5
5
5
5
5
5
5
5
5
5
5
5
5
5
5
5
5
5
5
5
5
5
5
5
5
5
5
5
5
5
5
5
5
5
5
5
5
5
5
5
5
5
5
5
5
5
5
5
5
5
5
5
5
5
5
5
5
5
5
5
5
5
5
5
5
5
5
5
5
5
5
5
5
5
5
5
5
5
5
5
5
5
5
5
5
5
5
5
5
5
5
5
5
5
5
5
5
5
5
5
5
5
5
5
5
5
5
5
5
5
5
5
5
5
5
5
5
5
5
5
5
5
5
5
5
5
5
5
5
5
5
5
5
5
5
5
5
5
5
5
5
5
5
5
5
5
5
5
5
5
5
5
5
5
5
5
5
5
5
5
5
5
5
5
5
5
5
5
5
5
5
5
5
5
5
5
5
5
5
5
5
5
5
5
5
5
5
5
5
5
5
5
5
5
5
5
5
5
5
5
5
5
5
5
5
5
5
5
5
5
5
5
5
5
5
5
5
5
5
5
5
5
5
5
5
5
5
5
5
5
5
5
5
5
5
5
5
5
5
5
5
5
5
5
5
5
5
5
5
5
5
5
5
5
5
5
5
5
5
5
5
5
5
5
5
5
5
5
5
5
5
5
5
5
5
5
5
5
5
5
5
5
5
5
5
5
5
5
5
5
5
5
5
5
5
5
5
5
5
5
5
5
5
5
5
5
5
5
5
5
5
5
5
5
5
5
5
5
5
5
5
5
5
5
5
5
5
5
5
5
5
5
5
5
5
5
5
5
5
5
5
5
5
5
5
5
5
5
5
5
5
5
5
5
5
5
5
5
5
5
5
5
5
5
5
5
5
5
5
5
5
5
5
5
5
5
5
5
5
5
5
5
5
5
5
5
5
5
5
5
5
5
5
5
5
5
5
5
5
5
5
5
5
5
5
5
5
5
5
5
5
5
5
5
5
5
5
5
5
5
5
5
5
5
5
5
5
5
5
5
5
5
5
5
5
5
5
5
5
5
5
5
5
5
5
5
5
5
5
5
5
5
5
5
5
5
5
5
5
5
5
5
5
5
5
5
5
5
5
5
5
5
5
5
5
5
5
5
5
5
5
5
5
5
5
5
5
5
5
5
5
5
5
5
5
5
5
5
5
5
5
5
5
5
5
5
5
5
5
5
5
5
5
5
5
5
5
5
5
5
5
5
5
5
5
5
5
5
5
5
5
5
5
5
5
5
5
5
5
5
5
5
5
5
5
5
5
5
5
5
5
5
5
5
5
5
5
5
5
5
5
5
5
5
5
5
5
5
5
5
5
5
5
5
5
5
5
5
5
5
5
5
5
5
5
5
5
5
5
5
5
5
5
5
5
5
5
5
5
5
5
5
5
5
5
5
5
5
5
5
5
5
5
5
5
5
5
5
5
5
5
5
5
5
5
5
5
5
5
5
5
5
5
5
5
5
5
5
5
5
5
5
5
5
5
5
5
5
5
5
5
5
5
5
5
5
5
5
5
5
5
5
5
5
5
5
5
5
5
5
5
5
5
5
5
5
5
5
5
5
5
5
5
5
5
5
5
5
5
5
5
5
5
5
5
5
5
5
5
5
5
5
5
5
5
5
5
5
5
5
5
5
5
5
5
5
5
5
5
5
5
5
5
5
5
5
5
5
5
5
5
5
5
5
5
5
5
5
5
5
5
5
5
5
5
5
5
5
5
5
5
5
5
5
5
5
5
5
5
5
5
5
5
5
5
5
5
5
5
5
5
5
5
5
5
5
5
5
5
5
5
5
5
5
5
5
5
5
5
5
5
5
5
5
5
5
5
5
5
5
5
5
5
5
5
5
5
5
5
5
5
5
5
5
5
5
5
5
5
5
5
5
5
5
5
5
5
5
5
5
5
5
5
5
5
5
5
5
5
5
5
5
5
5
5
5
5
5
5
5
5
5
5
5
5
5
5
5
5
5
5
5
5
5
5
5
5
5
5
5
5
5
5
5
5
5
5
5
5
5
5
5
5
5
5
5
5
5
5
5
5
5
5
5
5
5
5
5
5
5
5
5
5
5
5
5
5
5
5
5
5
5
5
5
5
5
5
5
5
5
5
5
5
5
5
5
5
5
5
5
5
5
5
5
5
5
5
5
5
5
5
5
5
5
5
5
5
5
5
5
5
5
5
5
5
5
5
5
5
5
5
5
5
5
5
5
5
5
5
5
5
5
5
5
5
5
5
5
5
5
5
5
5
5
5
5
5
5
5
5
5
5
5
5
5
5
5
5
5
5
5
5
5
5
5
5
5
5
5
5
5
5
5
5
5
5
5
5
5
5
5
5
5
5
5
5
5
5
5
5
5
5
5
5
5
5
5
5
5
5
5
5
5
5
5
5
5
5
5
5
5
5
5
5
5
5
5
5
5
5
5
5
5
5
5
5
5
5
5
5
5
5
5
5
5
5
5
5
5
5
5
5
5
5
5
5
5
5
5
5
5
5
5
5
5
5
5
5
5
5
5
5
5
5
5
5
5
5
5
5
5
5
5
5
5
5
5
5
5
5
5
5
5
5
5
5
5
5
5
5
5
5
5
5
5
5
5
5
5
5
5
5
5
5
5
5
5
5
5
5
5
5
5
5
5
5
5
5
5
5
5
5
5
5
5
5
5
5
5
5
5
5
5
5
5
5
5
5
5
5
5
5
5
5
5
5
5
5
5
5
5
5
5
5
5
5
5
5
5
5
5
5
5
5
5
5
5
5
5
5
5
5
5
5
5
5
5
5
5
5
5
5
5
5
5
5
5
5
5
5
5
5
5
5
5
5
5
5
5
5
5
5
5
5
5
5
5
5
5
5
5
5
5
5
5
5
5
5
5
5
5
5
5
5
5
5
5
5
5
5
5
5
5
5
5
5
5
5
5
5
5
5
5
5
5
5
5
5
5
5
5
5
5
5
5
5
5
5
5
5
5
5
5
5
5
5
5
5
5
5
5
5
5
5
5
5
5
5
5
5
5
5
5
5
5
5
5
5
5
5
5
5
5
5
5
5
5
5
5
5
5
5
5
5
5
5
5
5
5
5
5
5
5
5
5
5
5
5
5
5
5
5
5
5
5
5
5
5
5
5
5
5
5
5
5
5
5
5
5
5
5
5
5
5
5
5
5
5
5
5
5
5
5
5
5
5
5
5
5
5
5
5
5
5
5
5
5
5
5
5
5
5
5
5
5
5
5
5
5
5
5
5
5
5
5
5
5
5
5
5
5
5
5
5
5
5
5
5
5
5
5
5
5
5
5
5
5
5
5
5
5
5
5
5
5
5
5
5
5
5
5
5
5
5
5
5
5
5
5
5
5
5
5
5
5
5
5
5
5
5
5
5
5
5
5
5
5
5
5
5
5
5
5
5
5
5
5
5
5
5
5
5
5
5
5
5
5
5
5
5
5
5
5
5
5
5
5
5
5
5
5
5
5
5
5
5
5
5
5
5
5
5
5
5
5
5
5
5
5
5
5
5
5
5
5
5
5
5
5
5
5
5
5
5
5
5
5
5
5
5
5
5
5
5
5
5
5
5
5
5
5
5
5
5
5
5
5
5
5
5
5
5
5
5
5
5
5
5
5
5
5
5
5
5
5
5
5
5
5
5
5
5
5
5
5
5
5
5
5
5
5
5
5
5
5
5
5
5
5
5
5
5
5
5
5
5
5
5
5
5
5
5
5
5
5
5
5
5
5
5
5
5
5
5
5
5
5
5
5
5
5
5
5
5
5
5
5
5
5
5
5
5
5
5
5
5
5
5
5
5
5
5
5
5
5
5
5
5
5
5
5
5
5
5
5
5
5
5
5
5
5
5
5
5
5
5
5
5
5
5
5
5
5
5
5
5
5
5
5
5
5
5
5
5
5
5
5
5
5
5
5
5
5
5
5
5
5
5
5
5
5
5
5
5
5
5
5
5
5
5
5
5
5
5
5
5
5
5
5
5
5
5
5
5
5
5
5
5
5
5
5
5
5
5
5
5
5
5
5
5
5
5
5
5
5
5
5
5
5
5
5
5
5
5
5
5
5
5
5
5
5
5
5
5
5
5
5
5
5
5
5
5
5
5
5
5
5
5
5
5
5
5
5
5
5
5
5
5
5
5
5
5
5
5
5
5
5
5
5
5
5
5
5
5
5
5
5
5
5
5
5
5
5
5
5
5
5
5
5
5
5
5
5
5
5
5
5
5
5
5
5
5
5
5
5
5
5
5
5
5
5
5
5
5
5
5
5
5
5
5
5
5
5
5
5
5
5
5
5
5
5
5
5
5
5
5
5
5
5
5
5
5
5
5
5
5
5
5
5
5
5
5
5
5
5
5
5
5
5
5
5
5
5
5
5
5
5
5
5
5
5
5
5
5
5
5
5
5
5
5
5
5
5
5
5
5
5
5
5
5
5
5
5
5
5
5
5
5
5
5
5
5
5
5
5
5
5
5
5
5
5
5
5
5
5
5
5
5
5
5
5
5
5
5
5
5
5
5
5
5
5
5
5
5
5
5
5
5
5
5
5
5
5
5
5
5
5
5
5
5
5
5
5
5
5
5
5
5
5
5
5
5
5
5
5
5
5
5
5
5
5
5
5
5
5
5
5
5
5
5
5
5
5
5
5
5
5
5
5
5
5
5
5
5
5
5
5
5
5
5
5
5
5
5
5
5
5
5
5
5
5
5
5
5
5
5
5
5
5
5
5
5
5
5
5
5
5
5
5
5
5
5
5
5
5
5
5
5
5
5
5
5
5
5
5
5
5
5
5
5
5
5
5
5
5
5
5
5
5
5
5
5
5
5
5
5
5
5
5
5
5
5
5
5
5
5
5
5
5
5
5
5
5
5
5
5
5
5
5
5
5
5
5
5
5
5
5
5
5
5
5
5
5
5
5
5
5
5
5
5
5
5
5
5
5
5
5
5
5
5
5
5
5
5
5
5
5
5
5
5
5
5
5
5
5
5
5
5
5
5
5
5
5
5
5
5
5
5
5
5
5
5
5
5
5
5
5
5
5
5
5
5
5
5
5
5
5
5
5
5
5
5
5
5
5
5
5
5
5
5
5
5
5
5
5
5
5
5
5
5
5
5
5
5
5
5
5
5
5
5
5
5
5
5
5
5
5
5
5
5
5
5
5
5
5
5
5
5
5
5
5
5
5
5
5
5
5
5
5
5
5
5
5
5
5
5
5
5
5
5
5
5
5
5
5
5
5
5
5
5
5
5
5
5
5
5
5
5
5
5
5
5
5
5
5
5
5
5
5
5
5
5
5
5
5
5
5
5
5
5
5
5
5
5
5
5
5
5
5
5
5
5
5
5
5
5
5
5
5
5
5
5
5
5
5
5
5
5
5
5
5
5
5
5
5
5
5
5
5
5
5
5
5
5
5
5
5
5
5
5
5
5
5
5
5
5
5
5
5
5
5
5
5
5
5
5
5
5
5
5
5
5
5
5
5
5
5
5
5
5
5
5
5
5
5
5
5
5
5
5
5
5
5
5
5
5
5
5
5
5
5
5
5
5
5
5
5
5
5
5
5
5
5
5
5
5
5
5
5
5
5
5
5
5
5
5
5
5
5
5
5
5
5
5
5
5
5
5
5
5
5
5
5
5
5
5
5
5
5
5
5
5
5
5
5
5
5
5
5
5
5
5
5
5
5
5
5
5
5
5
5
5
5
5
5
5
5
5
5
5
5
5
5
5
5
5
5
5
5
5
5
5
5
5
5
5
5
5
5
5
5
5
5
5
5
5
5
5
5
5
5
5
5
5
5
5
5
5
5
5
5
5
5
5
5
5
5
5
5
5
5
5
5
5
5
5
5
5
5
5
5
5
5
5
5
5
5
5
5
5
5
5
5
5
5
5
5
5
5
5
5
5
5
5
5
5
5
5
5
5
5
5
5
5
5
5
5
5
5
5
5
5
5
5
5
5
5
5
5
5
5
5
5
5
5
5
5
5
5
5
5
5
5
5
5
5
5
5
5
5
5
5
5
5
5
5
5
5
5
5
5
5
5
5
5
5
5
5
5
5
5
5
5
5
5
5
5
5
5
5
5
5
5
5
5
5
5
5
5
5
5
5
5
5
5
5
5
5
5
5
5
5
5
5
5
5
5
5
5
5
5
5
5
5
5
5
5
5
5
5
5
5
5
5
5
5
5
5
5
5
5
5
5
5
5
5
5
5
5
5
5
5
5
5
5
5
5
5
5
5
5
5
5
5
5
5
5
5
5
5
5
5
5
5
5
5
5
5
5
5
5
5
5
5
5
5
5
5
5
5
5
5
5
5
5
5
5
5
5
5
5
5
5
5
5
5
5
5
5
5
5
5
5
5
5
5
5
5
5
5
5
5
5
5
5
5
5
5
5
5
5
5
5
5
5
5
5
5
5
5
5
5
5
5
5
5
5
5
5
5
5
5
5
5
5
5
5
5
5
5
5
5
5
5
5
5
5
5
5
5
5
5
5
5
5
5
5
5
5
5
5
5
5
5
5
5
5
5
5
5
5
5
5
5
5
5
5
5
5
5
5
5
5
5
5
5
5
5
5
5
5
5
5
5
5
5
5
5
5
5
5
5
5
5
5
5
5
5
5
5
5
5
5
5
5
5
5
5
5
5
5
5
5
5
5
5
5
5
5
5
5
5
5
5
5
5
5
5
5
5
5
5
5
5
5
5
5
5
5
5
5
5
5
5
5
5
5
5
5
5
5
5
5
5
5
5
5
5
5
5
5
5
5
5
5
5
5
5
5
5
5
5
5
5
5
5
5
5
5
5
5
5
5
5
5
5
5
5
5
5
5
5
5
5
5
5
5
5
5
5
5
5
5
5
5
5
5
5
5
5
5
5
5
5
5
5
5
5
5
5
5
5
5
5
5
5
5
5
5
5
5
5
5
5
5
5
5
5
5
5
5
5
5
5
5
5
5
5
5
5
5
5
5
5
5
5
5
5
5
5
5
5
5
5
5
5
5
5
5
5
5
5
5
5
5
5
5
5
5
5
5
5
5
5
5
5
5
5
5
5
5
5
5
5
5
5
5
5
5
5
5
5
5
5
5
5
5
5
5
5
5
5
5
5
5
5
5
5
5
5
5
5
5
5
5
5
5
5
5
5
5
5
5
5
5
5
5
5
5
5
5
5
5
5
5
5
5
5
5
5
5
5
5
5
5
5
5
5
5
5
5
5
5
5
5
5
5
5
5
5
5
5
5
5
5
5
5
5
5
5
5
5
5
5
5
5
5
5
5
5
5
5
5
5
5
5
5
5
5
5
5
5
5
5
5
5
5
5
5
5
5
5
5
5
5
5
5
5
5
5
5
5
5
5
5
5
5
5
5
5
5
5
5
5
5
5
5
5
5
5
5
5
5
5
5
5
5
5
5
5
5
5
5
5
5
5
5
5
5
5
5
5
5
5
5
5
5
5
5
5
5
5
5
5
5
5
5
5
5
5
5
5
5
5
5
5
5
5
5
5
5
5
5
5
5
5
5
5
5
5
5
5
5
5
5
5
5
5
5
5
5
5
5
5
5
5
5
5
5
5
5
5
5
5
5
5
5
5
5
5
5
5
5
5
5
5
5
5
5
5
5
5
5
5
5
5
5
5
5
5
5
5
5
5
5
5
5
5
5
5
5
5
5
5
5
5
5
5
5
5
5
5
5
5
5
5
5
5
5
5
5
5
5
5
5
5
5
5
5
5
5
5
5
5
5
5
5
5
5
5
5
5
5
5
5
5
5
5
5
5
5
5
5
5
5
5
5
5
5
5
5
5
5
5
5
5
5
5
5
5
5
5
5
5
5
5
5
5
5
5
5
5
5
5
5
5
5
5
5
5
5
5
5
5
5
5
5
5
5
5
5
5
5
5
5
5
5
5
5
5
5
5
5
5
5
5
5
5
5
5
5
5
5
5
5
5
5
5
5
5
5
5
5
5
5
5
5
5
5
5
5
5
5
5
5
5
5
5
5
5
5
5
5
5
5
5
5
5
5
5
5
5
5
5
5
5
5
5
5
5
5
5
5
5
5
5
5
5
5
5
5
5
5
5
5
5
5
5
5
5
5
5
5
5
5
5
5
5
5
5
5
5
5
5
5
5
5
5
5
5
5
5
5
5
5
5
5
5
5
5
5
5
5
5
5
5
5
5
5
5
5
5
5
5
5
5
5
5
5
5
5
5
5
5
5
5
5
5
5
5
5
5
5
5
5
5
5
5
5
5
5
5
5
5
5
5
5
5
5
5
5
5
5
5
5
5
5
5
5
5
5
5
5
5
5
5
5
5
5
5
5
5
5
5
5
5
5
5
5
5
5
5
5
5
5
5
5
5
5
5
5
5
5
5
5
5
5
5
5
5
5
5
5
5
5
5
5
5
5
5
5
5
5
5
5
5
5
5
5
5
5
5
5
5
5
5
5
5
5
5
5
5
5
5
5
5
5
5
5
5
5
5
5
5
5
5
5
5
5
5
5
5
5
5
5
5
5
5
5
5
5
5
5
5
5
5
5
5
5

CELL_DATA 5097
SCALARS CellEntityIds int 1
LOOKUP_TABLE default
2
2
2
2
2
2
2
2
2
2
2
2
2
2
2
2
2
2
2
2
2
2
2
2
2
2
2
2
2
2
2
2
2
2
2
2
2
2
2
2
2
2
2
2
2
2
2
2
2
2
2
2
3
3
3
3
3
3
3
3
3
3
3
3
3
3
3
3
3
3
3
3
3
3
3
3
3
3
3
3
3
3
3
3
3
3
3
3
3
3
3
3
3
3
3
3
3
3
3
3
3
3
3
3
3
3
2
2
2
2
2
2
2
2
2
2
2
2
2
2
2
2
2
2
2
2
2
2
2
2
2
2
2
2
2
2
2
2
2
2
2
2
2
2
2
2
2
2
2
2
2
2
2
2
2
2
2
2
2
2
2
2
2
2
2
2
2
2
2
2
2
2
2
2
2
2
2
2
2
2
2
2
2
2
2
2
2
2
2
2
2
2
2
2
2
2
2
2
2
2
2
2
2
2
2
2
2
2
2
2
2
2
2
2
2
2
2
2
2
2
2
2
2
2
2
2
2
2
2
2
2
2
2
2
2
2
2
2
2
2
2
3
3
3
3
3
3
3
3
3
3
3
3
3
3
3
3
3
3
3
3
3
3
3
3
3
3
3
3
3
3
3
3
3
3
3
3
3
3
3
3
3
3
3
3
3
3
3
3
3
3
3
3
3
3
3
3
3
3
3
3
3
3
3
3
3
3
3
3
3
3
3
3
3
3
3
3
3
3
3
3
3
3
3
3
3
3
3
3
3
3
3
3
3
3
3
3
3
3
3
3
3
3
3
3
3
3
3
3
3
3
3
3
3
3
3
3
3
3
3
3
3
3
3
3
3
1
1
1
1
1
1
1
1
1
1
1
1
1
1
1
1
1
1
1
1
1
1
1
1
1
1
1
1
1
1
1
1
1
1
1
1
1
1
1
1
1
1
1
1
1
1
1
1
1
1
1
1
1
1
1
1
1
1
1
1
1
1
1
1
1
1
1
1
1
1
1
1
1
1
1
1
1
1
1
1
1
1
1
1
1
1
1
1
1
1
1
1
1
1
1
1
1
1
1
1
1
1
1
1
1
1
1
1
1
1
1
1
1
1
1
1
1
1
1
1
1
1
1
1
1
1
1
1
1
1
1
1
1
1
1
1
1
1
1
1
1
1
1
1
1
1
1
1
1
1
1
1
1
1
1
1
1
1
1
1
1
1
1
1
1
1
1
1
1
1
1
1
1
1
1
1
1
1
1
1
1
1
1
1
1
1
1
1
1
1
1
1
1
1
1
1
1
1
1
1
1
1
1
1
1
1
1
1
1
1
1
1
1
1
1
1
1
1
1
1
1
1
1
1
1
1
1
1
1
1
1
1
1
1
1
1
1
1
1
1
1
1
1
1
1
1
1
1
1
1
1
1
1
1
1
1
1
1
1
1
1
1
1
1
1
1
1
1
1
1
1
1
1
1
1
1
1
1
1
1
1
1
1
1
1
1
1
1
1
1
1
1
1
1
1
1
1
1
1
1
1
1
1
1
1
1
1
1
1
1
1
1
1
1
1
1
1
1
1
1
1
1
1
1
1
1
1
1
1
1
1
1
1
1
1
1
1
1
1
1
1
1
1
1
1
1
1
1
1
1
1
1
1
1
1
1
1
1
1
1
1
1
1
1
1
1
1
1
1
1
1
1
1
1
1
1
1
1
1
1
1
1
1
1
1
1
1
1
1
1
1
1
1
1
1
1
1
1
1
1
1
1
1
1
1
1
1
1
1
1
1
1
1
1
1
1
1
1
1
1
1
1
1
1
1
1
1
1
1
1
1
1
1
1
1
1
1
1
1
1
1
1
1
1
1
1
1
1
1
1
1
1
1
1
1
1
1
1
1
1
1
1
1
1
1
1
1
1
1
1
1
1
1
1
1
1
1
1
1
1
1
1
1
1
1
1
1
1
1
1
1
1
1
1
1
1
1
1
1
1
1
1
1
1
1
1
1
1
1
1
1
1
1
1
1
1
1
1
1
1
1
1
1
1
1
1
1
1
1
1
1
1
1
1
1
1
1
1
1
1
1
1
1
1
1
1
1
1
1
1
1
1
1
1
1
1
1
1
1
1
1
1
1
1
1
1
1
1
1
1
1
1
1
1
1
1
1
1
1
1
1
1
1
1
1
1
1
1
1
1
1
1
1
1
1
1
1
1
1
1
1
1
1
1
1
1
1
1
1
1
1
1
1
1
1
1
1
1
1
1
1
1
1
1
1
1
1
1
1
1
1
1
1
1
1
1
1
1
1
1
1
1
1
1
1
1
1
1
1
1
1
1
1
1
1
1
1
1
1
1
1
1
1
1
1
1
1
1
1
1
1
1
1
1
1
1
1
1
1
1
1
1
1
1
1
1
1
1
1
1
1
1
1
1
1
1
1
1
1
1
1
1
1
1
1
1
1
1
1
1
1
1
1
1
1
1
1
1
1
1
1
1
1
1
1
1
1
1
1
1
1
1
1
1
1
1
1
1
1
1
1
1
1
1
1
1
1
1
1
1
1
1
1
1
1
1
1
1
1
1
1
1
1
1
1
1
1
1
1
1
1
1
1
1
1
1
1
1
1
1
1
1
1
1
1
1
1
1
1
1
1
1
1
1
1
1
1
1
1
1
1
1
1
1
1
1
1
1
1
1
1
1
1
1
1
1
1
1
1
1
1
1
1
1
1
1
1
1
1
1
1
1
1
1
1
1
1
1
1
1
1
1
1
1
1
1
1
1
1
1
1
1
1
1
1
1
1
1
1
1
1
1
1
1
1
1
1
1
1
1
1
1
1
1
1
1
1
1
1
1
1
1
1
1
1
1
1
1
1
1
1
1
1
1
1
1
1
1
1
1
1
1
1
1
1
1
1
1
1
1
1
1
1
1
1
1
1
1
1
1
1
1
1
1
1
1
1
1
1
1
1
1
1
1
1
1
1
1
1
1
1
1
1
1
1
1
1
1
1
1
1
1
1
1
1
1
1
1
1
1
1
1
1
1
1
1
1
1
1
1
1
1
1
1
1
1
1
1
1
1
1
1
1
1
1
1
1
1
1
1
1
1
1
1
1
1
1
1
1
1
1
1
1
1
1
1
1
1
1
1
1
1
1
1
1
1
1
1
1
1
1
1
1
1
1
1
1
1
1
1
1
1
1
1
1
1
1
1
1
1
1
1
1
1
1
1
1
1
1
1
1
1
1
1
1
1
1
1
1
1
1
1
1
1
1
1
1
1
1
1
1
1
1
1
1
1
1
1
1
1
1
1
1
1
1
1
1
1
1
1
1
1
1
1
1
1
1
1
1
1
1
1
1
1
1
1
1
1
1
1
1
1
1
1
1
1
1
1
1
1
1
1
1
1
1
1
1
1
1
1
1
1
1
1
1
1
1
1
1
1
1
1
1
1
1
1
1
1
1
1
1
1
1
1
1
1
1
1
1
1
1
1
1
1
1
1
1
1
1
1
1
1
1
1
1
1
1
1
1
1
1
1
1
1
1
1
1
1
1
1
1
1
1
1
1
1
1
1
1
1
1
1
1
1
1
1
1
1
1
1
1
1
1
1
1
1
1
1
1
1
1
1
1
1
1
1
1
1
1
1
1
1
1
1
1
1
1
1
1
1
1
1
1
1
1
1
1
1
1
1
1
1
1
1
1
1
1
1
1
1
1
1
1
1
1
1
1
1
1
1
1
1
1
1
1
1
1
1
1
1
1
1
1
1
1
1
1
1
1
1
1
1
1
1
1
1
1
1
1
1
1
1
1
1
1
1
1
1
1
1
1
1
1
1
1
1
1
1
1
1
1
1
1
1
1
1
1
1
1
1
1
1
1
1
1
1
1
1
1
1
1
1
1
1
1
1
1
1
1
1
1
1
1
1
1
1
1
1
1
1
1
1
1
1
1
1
1
1
1
1
1
1
1
1
1
1
1
1
1
1
1
1
1
1
1
1
1
1
1
1
1
1
1
1
1
1
1
1
1
1
1
1
1
1
1
1
1
1
1
1
1
1
1
1
1
1
1
1
1
1
1
1
1
1
1
1
1
1
1
1
1
1
1
1
1
1
1
1
1
1
1
1
1
1
1
1
1
1
1
1
1
1
1
1
1
1
1
1
1
1
1
1
1
1
1
1
1
1
1
1
1
1
1
1
1
1
1
1
1
1
1
1
1
1
1
1
1
1
1
1
1
1
1
1
1
1
1
1
1
1
1
1
1
1
1
1
1
1
1
1
1
1
1
1
1
1
1
1
1
1
1
1
1
1
1
1
1
1
1
1
1
1
1
1
1
1
1
1
1
1
1
1
1
1
1
1
1
1
1
1
1
1
1
1
1
1
1
1
1
1
1
1
1
1
1
1
1
1
1
1
1
1
1
1
1
1
1
1
1
1
1
1
1
1
1
1
1
1
1
1
1
1
1
1
1
1
1
1
1
1
1
1
1
1
1
1
1
1
1
1
1
1
1
1
1
1
1
1
1
1
1
1
1
1
1
1
1
1
1
1
1
1
1
1
1
1
1
1
1
1
1
1
1
1
1
1
1
1
1
1
1
1
1
1
1
1
1
1
1
1
1
1
1
1
1
1
1
1
1
1
1
1
1
1
1
1
1
1
1
1
1
1
1
1
1
1
1
1
1
1
1
1
1
1
1
1
1
1
1
1
1
1
1
1
1
1
1
1
1
1
1
1
1
1
1
1
1
1
1
1
1
1
1
1
1
1
1
1
1
1
1
1
1
1
1
1
1
1
1
1
1
1
1
1
1
1
1
1
1
1
1
1
1
1
1
1
1
1
1
1
1
1
1
1
1
1
1
1
1
1
1
1
1
1
1
1
1
1
1
1
1
1
1
1
1
1
1
1
1
1
1
1
1
1
1
1
1
1
1
1
1
1
1
1
1
1
1
1
1
1
1
1
1
1
1
1
1
1
1
1
1
1
1
1
1
1
1
1
1
1
1
1
1
1
1
1
1
1
1
1
1
1
1
1
1
1
1
1
1
1
1
1
1
1
1
1
1
1
1
1
1
1
1
1
1
1
1
1
1
1
1
1
1
1
1
1
1
1
1
1
1
1
1
1
1
1
1
1
1
1
1
1
1
1
1
1
1
1
1
1
1
1
1
1
1
1
1
1
1
1
1
1
1
1
1
1
1
1
1
1
1
1
1
1
1
1
1
1
1
1
1
1
1
1
1
1
1
1
1
1
1
1
1
1
1
1
1
1
1
1
1
1
1
1
1
1
1
1
1
1
1
1
1
1
1
1
1
1
1
1
1
1
1
1
1
1
1
1
1
1
1
1
1
1
1
1
1
1
1
1
1
1
1
1
1
1
1
1
1
1
1
1
1
1
1
1
1
1
1
1
1
1
1
1
1
1
1
1
1
1
1
1
1
1
1
1
1
1
1
1
1
1
1
1
1
1
1
1
1
1
1
1
1
1
1
1
1
1
1
1
1
1
1
1
1
1
1
1
1
1
1
1
1
1
1
1
1
1
1
1
1
1
1
1
1
1
1
1
1
1
1
1
1
1
1
1
1
1
1
1
1
1
1
1
1
1
1
1
1
1
1
1
1
1
1
1
1
1
1
1
1
1
1
1
1
1
1
1
1
1
1
1
1
1
1
1
1
1
1
1
1
1
1
1
1
1
1
1
1
1
1
1
1
1
1
1
1
1
1
1
1
1
1
1
1
1
1
1
1
1
1
1
1
1
1
1
1
1
1
1
1
1
1
1
1
1
1
1
1
1
1
1
1
1
1
1
1
1
1
1
1
1
1
1
1
1
1
1
1
1
1
1
1
1
1
1
1
1
1
1
1
1
1
1
1
1
1
1
1
1
1
1
1
1
1
1
1
1
1
1
1
1
1
1
1
1
1
1
1
1
1
1
1
1
1
1
1
1
1
1
1
1
1
1
1
1
1
1
1
1
1
1
1
1
1
1
1
1
1
1
1
1
1
1
1
1
1
1
1
1
1
1
1
1
1
1
1
1
1
1
1
1
1
1
1
1
1
1
1
1
1
1
1
1
1
1
1
1
1
1
1
1
1
1
1
1
1
1
1
1
1
1
1
1
1
1
1
1
1
1
1
1
1
1
1
1
1
1
1
1
1
1
1
1
1
1
1
1
1
1
1
1
1
1
1
1
1
1
1
1
1
1
1
1
1
1
1
1
1
1
1
1
1
1
1
1
1
1
1
1
1
1
1
1
1
1
1
1
1
1
1
1
1
1
1
1
1
1
1
1
1
1
1
1
1
1
1
1
1
1
1
1
1
1
1
1
1
1
1
1
1
1
1
1
1
1
1
1
1
1
1
1
1
1
1
1
1
1
1
1
1
1
1
1
1
1
1
1
1
1
1
1
1
1
1
1
1
1
1
1
1
1
1
1
1
1
1
1
1
1
1
1
1
1
1
1
1
1
1
1
1
1
1
1
1
1
1
1
1
1
1
1
1
1
1
1
1
1
1
1
1
1
1
1
1
1
1
1
1
1
1
1
1
1
1
1
1
1
1
1
1
1
1
1
1
1
1
1
1
1
1
1
1
1
1
1
1
1
1
1
1
1
1
1
1
1
1
1
1
1
1
1
1
1
1
1
1
1
1
1
1
1
1
1
1
1
1
1
1
1
1
1
1
1
1
1
1
1
1
1
1
1
1
1
1
1
1
1
1
1
1
1
1
1
1
1
1
1
1
1
1
1
1
1
1
1
1
1
1
1
1
1
1
1
1
1
1
1
1
1
1
1
1
1
1
1
1
1
1
1
1
1
1
1
1
1
1
1
1
1
1
1
1
1
1
1
1
1
1
1
1
1
1
1
1
1
1
1
1
1
1
1
1
1
1
1
1
1
1
1
1
1
1
1
1
1
1
1
1
1
1
1
1
1
1
1
1
1
1
1
1
1
1
1
1
1
1
1
1
1
1
1
1
1
1
1
1
1
1
1
1
1
1
1
1
1
1
1
1
1
1
1
1
1
1
1
1
1
1
1
1
1
1
1
1
1
1
1
1
1
1
1
1
1
1
1
1
1
1
1
1
1
1
1
1
1
1
1
1
1
1
1
1
1
1
1
1
1
1
1
1
1
1
1
1
1
1
1
1
1
1
1
1
1
1
1
1
1
1
1
1
1
1
1
1
1
1
1
1
1
1
1
1
1
1
1
1
1
1
1
1
1
1
1
1
1
1
1
1
1
1
1
1
1
1
1
1
1
1
1
1
1
1
1
1
1
1
1
1
1
1
1
1
1
1
1
1
1
1
1
1
1
1
1
1
1
1
1
1
1
1
1
1
1
1
1
1
1
1
1
1
1
1
1
1
1
1
1
1
1
1
1
1
1
1
1
1
1
1
1
1
1
1
1
1
1
1
1
1
1
1
1
1
1
1
1
1
1
1
1
1
1
1
1
1
1
1
1
1
1
1
1
1
1
1
1
1
1
1
1
1
1
1
1
1
1
1
1
1
1
1
1
1
1
1
1
1
1
1
1
1
1
1
1
1
1
1
1
1
1
1
1
1
1
1
1
1
1
1
1
1
1
1
1
1
1
1
1
1
1
1
1
1
1
1
1
1
1
1
1
1
1
1
1
1
1
1
1
1
1
1
1
1
1
1
1
1
1
1
1
1
1
1
1
1
1
1
1
1
1
1
1
1
1
1
1
1
1
1
1
1
1
1
1
1
1
1
1
1
1
1
1
1
1
1
1
1
1
1
1
1
1
1
1
1
1
1
1
1
1
1
1
1
1
1
1
1
1
1
1
1
1
1
1
1
1
1
1
1
1
1
1
1
1
1
1
1
1
1
1
1
1
1
1
1
1
1
1
1
1
1
1
1
1
1
1
1
1
1
1
1
1
1
1
1
1
1
1
1
1
1
1
1
1
1
1
1
1
1
1
1
1
1
1
1
1
1
1
1
1
1
1
1
1
1
1
1
1
1
1
1
1
1
1
1
1
1
1
1
1
1
1
1
1
1
1
1
1
1
1
1
1
1
1
1
1
1
1
1
1
1
1
1
1
1
1
1
1
1
1
1
1
1
1
1
1
1
1
1
1
1
1
1
1
1
1
1
1
1
1
1
1
1
1
1
1
1
1
1
1
1
1
1
1
1
1
1
1
1
1
1
1
1
1
1
1
1
1
1
1
1
1
1
1
1
1
1
1
1
1
1
1
1
1
1
1
1
1
1
1
1
1
1
1
1
1
1
1
1
1
1
1
1
1
1
1
1
1
1
1
1
1
1
1
1
1
1
1
1
1
1
1
1
1
1
1
1
1
1
1
1
1
1
1
1
1
1
1
1
1
1
1
1
1
1
1
1
1
1
1
1
1
1
1
1
1
1
1
1
1
1
1
1
1
1
1
1
1
1
1
1
1
1
1
1
1
1
1
1
1
1
1
1
1
1
1
1
1
1
1
1
1
1
1
1
1
1
1
1
1
1
1
1
1
1
1
1
1
1
1
1
1
1
1
1
1
1
1
1
1
1
1
1
1
1
1
1
1
1
1
1
1
1
1
1
1
1
1
1
1
1
1
1
1
1
1
1
1
1
1
1
1
1
1
1
1
1
1
1
1
1
1
1
1
1
1
1
1
1
1
1
1
1
1
1
1
1
1
1
1
1
1
1
1
1
1
1
1
1
1
1
1
1
1
1
1
1
1
1
1
1
1
1
1
1
1
1
1
1
1
1
1
1
1
1
1
1
1
1
1
1
1
1
1
1
1
1
1
1
1
1
1
1
1
1
1
1
1
1
1
1
1
1
1
1
1
1
1
1
1
1
1
1
1
1
1
1
1
1
1
1
1
1
1
1
1
1
1
1
1
1
1
1
1
1
1
1
1
1
1
1
1
1
1
1
1
1
1
1
1
1
1
1
1
1
1
1
1
1
1
1
1
1
1
1
1
1
1
1
1
1
1
1
1
1
1
1
1
1
1
1
1
1
1
1
1
1
1
1
1
1
1
1
1
1
1
1
1
1
1
1
1
1
1
1
1
1
1
1
1
1
1
1
1
1
1
1
1
1
1
1
1
1
1
1
1
1
1
1
1
1
1
1
1
1
1
1
1
1
1
1
1
1
1
1
1
1
1
1
1
1
1
1
1
1
1
1
1
1
1
1
1
1
1
1
1
1
1
1
1
1
1
1
1
1
1
1
1
1
1
1
1
1
1
1
1
1
1
1
1
1
1
1
1
1
1
1
1
1
1
1
1
1
1
1
1
1
1
1
1
1
1
1
1
1
1
1
1
1
1
1
1
1
1
1
1
1
1
1
1
1
1
1
1
1
1
1
1
1
1
1
1
1
1
1
1
1
1
1
1
1
1
1
1
1
1
1
1
1
1
1
1
1
1
1
1
1
1
1
1
1
1
1
1
1
1
1
1
1
1
1
1
1
1
1
1
1
1
1
1
1
1
1
1
1
1
1
1
1
1
1
1
1
1
1
1
1
1
1
1
1
1
1
1
1
1
1
1
1
1
1
1
1
1
1
1
1
1
1
1
1
1
1
1
1
1
1
1
1
1
1
1
1
1
1
1
1
1
1
1
1
1
1
1
1
1
1
1
1
1
1
1
1
1
1
1
1
1
1
1
1
1
1
1
1
1
1
1
1
1
1
1
1
1
1
1
1
1
1
1
1
1
1
1
1
1
1
1
1
1
1
1
1
1
1
1
1
1
1
1
1
1
1
1
1
1
1
1
1
1
1
1
1
1
1
1
1
1
1
1
1
1
1
1
1
1
1
1
1
1
1
1
1
1
1
1
1
1
1
1
1
1
1
1
1
1
1
1
1
1
1
1
1
1
1
1
1
1
1
1
1
1
1
1
1
1
1
1
1
1
1
1
1
1
1
1
1
1
1
1
1
1
1
1
1
1
1
1
1
1
1
1
1
1
1
1
1
1
1
1
1
1
1
1
1
1
1
1
1
1
1
1
1
1
1
1
1
1
1
1
1
1
1
1
1
1
1
1
1
1
1
1
1
1
1
1
1
1
1
1
1
1
1
1
1
1
1
1
1
1
1
1
1
1
1
1
1
1
1
1
1
1
1
1
1
1
1
1
1
1
1
1
1
1
1
1
1
1
1
1
1
1
1
1
1
1
1
1
1
1
1
1
1
1
1
1
1
1
1
1
1
1
1
1
1
1
1
1
1
1
1
1
1
1
1
1
1
1
1
1
1
1
1
1
1
1
1
1
1
1
1
1
1
1
1
1
1
1
1
1
1
1
1
1
1
1
1
1
1
1
1
1
1
1
1
1
1
1
1
1
1
1
1
1
1
1
1
1
1
1
1
1
1
1
1
1
1
1
1
1
1
1
1
1
1
1
1
1
1
1
1
1
1
1
1
1
1
1
1
1
1
1
1
1
1
1
1
1
1
1
1
1
1
1
1
1
1
1
1
1
1
1
1
1
1
1
1
1
1
1
1
1
1
1
1
1
1
1
1
1
1
1
1
1
1
1
1
1
1
1
1
1
1
1
1
1
1
1
1
1
1
1
1
1
1
1
1
1
1
1
1
1
1
1
1
1
1
1
1
1
1
1
1
1
1
1
1
1
1
1
1
1
1
1
1
1
1
1
1
1
1
1
1
1
1
1
1
1
1
1
1
1
1
1
1
1
1
1
1
1
1
1
1
1
1
1
1
1
1
1
1
1
1
1
1
1
1
1
1
1
1
1
1
1
1
1
1
1
1
1
1
1
1
1
1
1
1
1
1
1
1
1
1
1
1
1
1
1
1
1
1
1
1
1
1
1
1
1
1
1
1
1
1
1
1
1
1
1
1
1
1
1
1
1
1
1
1
1
1
1
1
1
1
1
1
1
1
1
1
1
1
1
1
1
1
1
1
1
1
1
1
1
1
1
1
1
1
1
1
1
1
1
1
1
1
1
1
1
1
1
1
1
1
1
1
1
1
1
1
1
1
1
1
1
1
1
1
1
1
1
1
1
1
1
1
1
1
1
1
1
1
1
1
1
1
1
1
1
1
1
1
1
1
1
1
1
1
1
1
1
1
1
1
1
1
1
1
1
1
1
1
1
1
1
1
1
1
1
1
1
1
1
1
1
1
1
1
1
1
1
1
1
1
1
1
1
1
1
1
1
1
1
1
1
1
1
1
1
1
1
1
1
1
1
1
1
1
1
1
1
1
1
1
1
1
1
1
1
1
1
1
1
1
1
1
1
1
1
1
1
1
1
1
1
1
1
1
1
1
1
1
1
1
1
1
1
1
1
1
1
1
1
1
1
1
1
1
1
1
1
1
1
1
1
1
1
1
1
1
1
1
1
1
1
1
1
1
1
1
1
1
1
1
1
1
1
1
1
1
1
1
1
1
1
1
1
1
1
1
1
1
1
1
1
1
1
1
1
1
1
1
1
1
1
1
1
1
1
1
1
1
1
1
1
1
1
1
1
1
1
1
1
1
1
1
1
1
1
1
1
1
1
1
1
1
1
1
1
1
1
1
1
1
1
1
1
1
1
1
1
1
1
1
1
1
1
1
1
1
1
1
