# vtk DataFile Version 2.0
, Created by Gmsh 4.10.1 
ASCII
DATASET UNSTRUCTURED_GRID
POINTS 1507 double
-5 -4.757759613217811 0
-5 -5 0
5 0.9625024506797573 0
5 2.244315768879286 0
-3.515335990133269 -5 0
5 -0.3193108675197722 0
-1.684716854731116 -5 0
-5 -3.475946295018283 0
5 3.526129087078814 0
5 -1.601124185719299 0
0.1459022806710364 -5 0
-5 -2.194132976818754 0
5 4.807942405278345 0
5.000000000000001 -2.882937503918829 0
1.97652141607319 -5 0
-5 -0.912319658619225 0
5 5 0
3.443667535679266 5 0
5 -4.164750822118359 0
3.807140551475344 -5 0
-5.000000000000001 0.3694936595803027 0
1.613048400277113 5 0
5 -5 0
-5.000000000000001 1.651306977779833 0
-0.2175707351250418 5 0
-5 2.933120295979363 0
-2.048189870527195 5 0
-5 4.214933614178891 0
-3.878809005929348 5 0
-5 5 0
-4.103047204743478 4.842986722835779 0
-4.327285403557608 4.685973445671557 0
-4.55152360237174 4.528960168507335 0
-4.77576180118587 4.371946891343113 0
-2.275252188178949 4.841009253536875 0
-2.502314505830704 4.682018507073748 0
-2.729376823482458 4.523027760610622 0
-2.956439141134212 4.364037014147496 0
-3.183501458785966 4.20504626768437 0
-3.41056377643772 4.046055521221245 0
-3.637626094089474 3.887064774758119 0
-3.864688411741228 3.728074028294993 0
-4.091750729392983 3.569083281831867 0
-4.318813047044736 3.410092535368741 0
-4.545875364696491 3.251101788905615 0
-4.772937682348246 3.092111042442489 0
-0.4566921983687897 4.832565348888991 0
-0.6958136616125379 4.665130697777983 0
-0.9349351248562856 4.497696046666975 0
-1.174056588100035 4.330261395555966 0
-1.413178051343782 4.162826744444958 0
-1.652299514587531 3.995392093333949 0
-1.891420977831279 3.827957442222941 0
-2.130542441075026 3.660522791111933 0
-2.369663904318774 3.493088140000924 0
-2.608785367562523 3.325653488889915 0
-2.84790683080627 3.158218837778907 0
-3.08702829405002 2.990784186667899 0
-3.326149757293768 2.82334953555689 0
-3.565271220537515 2.655914884445881 0
-3.804392683781264 2.488480233334872 0
-4.043514147025013 2.321045582223864 0
-4.282635610268761 2.153610931112856 0
-4.521757073512507 1.986176280001848 0
-4.760878536756254 1.818741628890841 0
1.36812068174833 4.82849976516964 0
1.123192963219549 4.656999530339283 0
0.8782652446907675 4.485499295508923 0
0.6333375261619856 4.313999060678564 0
0.3884098076332041 4.142498825848206 0
0.1434820891044222 3.970998591017846 0
-0.1014456294243589 3.799498356187487 0
-0.3463733479531408 3.627998121357128 0
-0.5913010664819227 3.456497886526769 0
-0.8362287850107037 3.284997651696411 0
-1.081156503539485 3.113497416866052 0
-1.326084222068266 2.941997182035694 0
-1.571011940597049 2.770496947205334 0
-1.81593965912583 2.598996712374976 0
-2.060867377654611 2.427496477544617 0
-2.305795096183392 2.255996242714258 0
-2.550722814712175 2.084496007883899 0
-2.795650533240956 1.91299577305354 0
-3.040578251769739 1.74149553822318 0
-3.285505970298522 1.569995303392821 0
-3.530433688827304 1.398495068562461 0
-3.775361407356087 1.226994833732101 0
-4.020289125884871 1.055494598901741 0
-4.265216844413652 0.8839943640713814 0
-4.510144562942436 0.7124941292410218 0
-4.755072281471218 0.5409938944106623 0
3.202419891802715 4.831076581182307 0
2.961172247926164 4.662153162364615 0
2.719924604049614 4.493229743546923 0
2.478676960173062 4.32430632472923 0
2.237429316296511 4.155382905911537 0
1.996181672419961 3.986459487093846 0
1.75493402854341 3.817536068276153 0
1.513686384666859 3.64861264945846 0
1.272438740790308 3.479689230640768 0
1.031191096913757 3.310765811823076 0
0.789943453037206 3.141842393005383 0
0.5486958091606553 2.972918974187691 0
0.3074481652841055 2.803995555369998 0
0.06620052140755384 2.635072136552306 0
-0.1750471224689951 2.466148717734614 0
-0.4162947663455467 2.297225298916922 0
-0.6575424102220966 2.12830188009923 0
-0.8987900540986473 1.959378461281537 0
-1.140037697975197 1.790455042463846 0
-1.381285341851747 1.621531623646154 0
-1.622532985728298 1.452608204828462 0
-1.863780629604847 1.28368478601077 0
-2.105028273481397 1.114761367193079 0
-2.346275917357946 0.9458379483753871 0
-2.587523561234498 0.7769145295576942 0
-2.828771205111048 0.6079911107400031 0
-3.070018848987599 0.4390676919223102 0
-3.311266492864149 0.2701442731046191 0
-3.552514136740697 0.1012208542869271 0
-3.793761780617247 -0.06770256453076406 0
-4.035009424493799 -0.236625983348457 0
-4.276257068370349 -0.4055494021661481 0
-4.517504712246899 -0.5744728209838401 0
-4.75875235612345 -0.7433962398015339 0
4.75609756097561 4.637160078885733 0
4.512195121951221 4.466377752493121 0
4.26829268292683 4.295595426100509 0
4.02439024390244 4.124813099707897 0
3.78048780487805 3.954030773315285 0
3.53658536585366 3.783248446922673 0
3.29268292682927 3.612466120530061 0
3.04878048780488 3.441683794137449 0
2.80487804878049 3.270901467744837 0
2.560975609756101 3.100119141352226 0
2.317073170731711 2.929336814959614 0
2.073170731707322 2.758554488567002 0
1.829268292682933 2.587772162174391 0
1.585365853658542 2.416989835781779 0
1.341463414634154 2.246207509389167 0
1.097560975609763 2.075425182996556 0
0.8536585365853746 1.904642856603944 0
0.6097560975609841 1.733860530211333 0
0.3658536585365955 1.563078203818721 0
0.121951219512205 1.392295877426108 0
-0.1219512195121846 1.221513551033497 0
-0.3658536585365733 1.050731224640886 0
-0.6097560975609637 0.8799488982482737 0
-0.8536585365853533 0.7091665718556621 0
-1.097560975609744 0.5383842454630505 0
-1.341463414634132 0.3676019190704389 0
-1.585365853658521 0.1968195926778273 0
-1.829268292682912 0.02603726628521574 0
-2.0731707317073 -0.144745060107395 0
-2.317073170731691 -0.3155273865000074 0
-2.560975609756079 -0.486309712892619 0
-2.80487804878047 -0.6570920392852315 0
-3.048780487804862 -0.8278743656778449 0
-3.292682926829253 -0.9986566920704574 0
-3.536585365853647 -1.169439018463071 0
-3.780487804878039 -1.340221344855685 0
-4.024390243902429 -1.511003671248298 0
-4.268292682926823 -1.681785997640912 0
-4.512195121951216 -1.852568324033525 0
-4.756097560975608 -2.023350650426138 0
4.75609756097561 3.355346760686203 0
4.51219512195122 3.184564434293591 0
4.26829268292683 3.013782107900979 0
4.02439024390244 2.842999781508367 0
3.78048780487805 2.672217455115755 0
3.53658536585366 2.501435128723143 0
3.29268292682927 2.330652802330532 0
3.048780487804879 2.159870475937919 0
2.804878048780489 1.989088149545307 0
2.560975609756101 1.818305823152695 0
2.31707317073171 1.647523496760084 0
2.073170731707322 1.476741170367472 0
1.829268292682932 1.305958843974861 0
1.585365853658542 1.135176517582249 0
1.341463414634153 0.9643941911896374 0
1.097560975609762 0.7936118647970254 0
0.8536585365853737 0.6228295384044138 0
0.6097560975609833 0.4520472120118013 0
0.3658536585365937 0.2812648856191906 0
0.121951219512205 0.110482559226579 0
-0.1219512195121846 -0.06029976716603258 0
-0.365853658536575 -0.2310820935586442 0
-0.6097560975609646 -0.4018644199512567 0
-0.8536585365853551 -0.5726467463438683 0
-1.097560975609744 -0.743429072736479 0
-1.341463414634132 -0.9142113991290914 0
-1.585365853658521 -1.084993725521702 0
-1.829268292682912 -1.255776051914314 0
-2.073170731707302 -1.426558378306926 0
-2.317073170731691 -1.597340704699538 0
-2.560975609756081 -1.768123031092149 0
-2.80487804878047 -1.938905357484761 0
-3.048780487804862 -2.109687683877374 0
-3.292682926829253 -2.280470010269987 0
-3.536585365853647 -2.4512523366626 0
-3.780487804878039 -2.622034663055214 0
-4.024390243902429 -2.792816989447828 0
-4.268292682926823 -2.963599315840441 0
-4.512195121951216 -3.134381642233055 0
-4.756097560975608 -3.305163968625668 0
4.75609756097561 2.073533442486674 0
4.51219512195122 1.902751116094062 0
4.26829268292683 1.73196878970145 0
4.02439024390244 1.561186463308839 0
3.78048780487805 1.390404136916227 0
3.53658536585366 1.219621810523615 0
3.29268292682927 1.048839484131003 0
3.048780487804879 0.8780571577383904 0
2.804878048780489 0.7072748313457784 0
2.560975609756101 0.5364925049531668 0
2.31707317073171 0.3657101785605552 0
2.073170731707322 0.1949278521679436 0
1.829268292682932 0.02414552577533247 0
1.585365853658542 -0.1466368006172796 0
1.341463414634153 -0.3174191270098912 0
1.097560975609762 -0.4882014534025032 0
0.8536585365853737 -0.6589837797951148 0
0.6097560975609833 -0.8297661061877273 0
0.3658536585365937 -1.000548432580338 0
0.121951219512205 -1.17133075897295 0
-0.1219512195121846 -1.342113085365561 0
-0.365853658536575 -1.512895411758173 0
-0.6097560975609646 -1.683677738150785 0
-0.8536585365853551 -1.854460064543397 0
-1.097560975609744 -2.025242390936008 0
-1.341463414634132 -2.19602471732862 0
-1.585365853658521 -2.366807043721231 0
-1.829268292682912 -2.537589370113842 0
-2.073170731707302 -2.708371696506455 0
-2.317073170731691 -2.879154022899066 0
-2.560975609756081 -3.049936349291678 0
-2.80487804878047 -3.22071867568429 0
-3.048780487804862 -3.391501002076903 0
-3.292682926829253 -3.562283328469515 0
-3.536585365853647 -3.733065654862129 0
-3.780487804878039 -3.903847981254743 0
-4.024390243902429 -4.074630307647356 0
-4.268292682926823 -4.24541263403997 0
-4.512195121951216 -4.416194960432583 0
-4.756097560975608 -4.586977286825197 0
-3.27204067612946 -4.829642787123435 0
-3.028745362125653 -4.659285574246871 0
-2.785450048121845 -4.488928361370306 0
-2.542154734118037 -4.318571148493742 0
-2.29885942011423 -4.148213935617177 0
-2.055564106110422 -3.977856722740613 0
-1.812268792106615 -3.807499509864048 0
-1.568973478102807 -3.637142296987484 0
-1.325678164098998 -3.466785084110919 0
-1.082382850095191 -3.296427871234354 0
-0.8390875360913821 -3.12607065835779 0
-0.5957922220875744 -2.955713445481225 0
-0.3524969080837668 -2.785356232604661 0
-0.1092015940799582 -2.614999019728096 0
0.1340937199238494 -2.44464180685153 0
0.3773890339276571 -2.274284593974966 0
0.6206843479314657 -2.103927381098401 0
0.8639796619352733 -1.933570168221837 0
1.10727497593908 -1.763212955345273 0
1.350570289942887 -1.59285574246871 0
1.593865603946694 -1.422498529592145 0
1.837160917950501 -1.252141316715582 0
2.080456231954309 -1.081784103839016 0
2.323751545958117 -0.9114268909624528 0
2.567046859961923 -0.7410696780858883 0
2.81034217396573 -0.5707124652093247 0
3.053637487969536 -0.4003552523327611 0
3.296932801973345 -0.2299980394561958 0
3.540228115977151 -0.0596408265796331 0
3.783523429980959 0.1107163862969323 0
4.026818743984767 0.2810735991734958 0
4.270114057988574 0.4514308120500612 0
4.513409371992384 0.6217880249266257 0
4.756704685996193 0.7921452378031919 0
-1.445976967062148 -4.832832530982849 0
-1.20723707939318 -4.665665061965699 0
-0.9684971917242118 -4.498497592948548 0
-0.7297573040552439 -4.331330123931397 0
-0.4910174163862759 -4.164162654914247 0
-0.2522775287173076 -3.996995185897096 0
-0.01353764104833921 -3.829827716879945 0
0.2252022466206283 -3.662660247862794 0
0.4639421342895966 -3.495492778845643 0
0.702682021958565 -3.328325309828493 0
0.9414219096275334 -3.161157840811341 0
1.180161797296503 -2.993990371794189 0
1.41890168496547 -2.826822902777039 0
1.657641572634439 -2.659655433759888 0
1.896381460303407 -2.492487964742737 0
2.135121347972376 -2.325320495725586 0
2.373861235641344 -2.158153026708435 0
2.612601123310312 -1.990985557691284 0
2.851341010979281 -1.823818088674133 0
3.090080898648249 -1.656650619656983 0
3.328820786317217 -1.489483150639831 0
3.567560673986185 -1.32231568162268 0
3.806300561655154 -1.155148212605529 0
4.045040449324124 -0.9879807435883778 0
4.28378033699309 -0.8208132745712273 0
4.522520224662059 -0.6536458055540768 0
4.761260112331027 -0.4864783365369254 0
0.3886071666374855 -4.830056209285965 0
0.6313120526039335 -4.66011241857193 0
0.874016938570382 -4.490168627857894 0
1.11672182453683 -4.32022483714386 0
1.359426710503278 -4.150281046429825 0
1.602131596469726 -3.98033725571579 0
1.844836482436175 -3.810393465001754 0
2.087541368402622 -3.64044967428772 0
2.330246254369071 -3.470505883573685 0
2.572951140335519 -3.300562092859649 0
2.815656026301967 -3.130618302145614 0
3.058360912268416 -2.960674511431579 0
3.301065798234864 -2.790730720717544 0
3.543770684201312 -2.620786930003509 0
3.786475570167761 -2.450843139289473 0
4.02918045613421 -2.280899348575439 0
4.271885342100658 -2.110955557861403 0
4.514590228067105 -1.941011767147368 0
4.757295114033552 -1.771067976433335 0
2.209096691759868 -4.837149038762987 0
2.441671967446545 -4.674298077525973 0
2.674247243133223 -4.511447116288961 0
2.906822518819901 -4.348596155051948 0
3.139397794506579 -4.185745193814935 0
3.371973070193257 -4.022894232577921 0
3.604548345879933 -3.860043271340909 0
3.837123621566611 -3.697192310103896 0
4.069698897253289 -3.534341348866882 0
4.302274172939967 -3.371490387629869 0
4.534849448626645 -3.208639426392855 0
4.767424724313322 -3.045788465155843 0
4.045712441180276 -4.832950164423671 0
4.284284330885207 -4.665900328847343 0
4.522856220590138 -4.498850493271014 0
4.76142811029507 -4.331800657694686 0
5 1.218865114319663 0
5 1.475227777959568 0
5 1.731590441599474 0
5 1.98795310523938 0
-4.703067198026654 -5 0
-4.406134396053307 -5 0
-4.109201594079961 -5 0
-3.812268792106615 -5 0
5 -0.06294820387986633 0
5 0.1934144597600387 0
5 0.4497771233999446 0
5 0.7061397870398514 0
-3.253818970790104 -5 0
-2.992301951446939 -5 0
-2.730784932103775 -5 0
-2.469267912760611 -5 0
-2.207750893417446 -5 0
-1.946233874074281 -5 0
-5 -3.732308958658187 0
-5 -3.988671622298092 0
-5 -4.245034285937999 0
-5 -4.501396949577906 0
5 2.500678432519192 0
5 2.757041096159097 0
5 3.013403759799003 0
5 3.269766423438909 0
5 -1.344761522079394 0
5 -1.088398858439489 0
5 -0.8320361947995831 0
5 -0.5756735311596772 0
-1.423199835387951 -5 0
-1.161682816044786 -5 0
-0.9001657967016206 -5 0
-0.6386487773584557 -5 0
-0.3771317580152909 -5 0
-0.1156147386721278 -5 0
-5 -2.45049564045866 0
-5 -2.706858304098565 0
-5 -2.96322096773847 0
-5 -3.219583631378377 0
5 3.782491750718719 0
5 4.038854414358626 0
5 4.295217077998533 0
5 4.55157974163844 0
5 -2.626574840278923 0
5 -2.370212176639017 0
5 -2.113849512999111 0
5 -1.857486849359205 0
0.407419300014201 -5 0
0.6689363193573659 -5 0
0.9304533387005316 -5 0
1.191970358043697 -5 0
1.453487377386862 -5 0
1.715004396730026 -5 0
-5 -1.168682322259131 0
-5 -1.425044985899036 0
-5 -1.681407649538942 0
-5 -1.937770313178848 0
4.740611255946544 5 0
4.481222511893089 5 0
4.221833767839633 5 0
3.962445023786177 5 0
3.703056279732722 5 0
5 -3.908388158478453 0
5 -3.652025494838547 0
5 -3.395662831198641 0
5 -3.139300167558734 0
2.238038435416355 -5 0
2.499555454759519 -5 0
2.761072474102684 -5 0
3.022589493445849 -5 0
3.284106512789014 -5 0
3.545623532132179 -5 0
-5 0.1131309959403977 0
-5 -0.1432316676995073 0
-5 -0.3995943313394132 0
-5 -0.65595699497932 0
3.182150516336101 5 0
2.920633496992937 5 0
2.659116477649772 5 0
2.397599458306608 5 0
2.136082438963443 5 0
1.874565419620278 5 0
5 -4.721583607372786 0
5 -4.443167214745571 0
4.105355413606508 -5 0
4.403570275737673 -5 0
4.701785137868837 -5 0
-5 1.394944314139927 0
-5 1.138581650500022 0
-5 0.8822189868601154 0
-5 0.6258563232202086 0
1.351531380933948 5 0
1.090014361590782 5 0
0.8284973422476165 5 0
0.5669803229044508 5 0
0.3054633035612859 5 0
0.04394628421812197 5 0
-5 2.676757632339457 0
-5 2.420394968699551 0
-5 2.164032305059645 0
-5 1.907669641419739 0
-0.4790877544682068 5 0
-0.7406047738113717 5 0
-1.002121793154537 5 0
-1.263638812497702 5 0
-1.525155831840867 5 0
-1.786672851184031 5 0
-5 3.958570950538985 0
-5 3.70220828689908 0
-5 3.445845623259174 0
-5 3.189482959619268 0
-2.30970688987036 5 0
-2.571223909213524 5 0
-2.832740928556689 5 0
-3.094257947899854 5 0
-3.355774967243018 5 0
-3.617291986586183 5 0
-5 4.738311204726297 0
-5 4.476622409452593 0
-4.159106754447011 5 0
-4.439404502964674 5 0
-4.719702251482337 5 0
4.518146144173801 1.239921533045189 0
-3.460721853143847 -4.319816658126566 0
-2.959195055463311 -3.981885310143798 0
-2.47257870825037 -3.641207615222482 0
-1.985963561335809 -3.300528206097444 0
-1.499349614719613 -2.959847082768673 0
-1.012736868401793 -2.619164245236176 0
-0.5261253223823464 -2.278479693499951 0
-0.03206847512952005 -1.937416983242249 0
0.4545714637530758 -1.596743376376179 0
0.9412094694262537 -1.256067683882462 0
1.427845539712581 -0.9153899044578149 0
1.914479672380324 -0.5747100367697059 0
2.401111865142772 -0.2340280794562822 0
2.887742115657547 0.1066559688737097 0
3.374370421525896 0.4473421096410052 0
3.795474623975656 0.792424079191245 0
-3.860737451363446 -4.540327223917402 0
4.081920261928755 1.121111319269784 0
4.609548696880644 1.524910513271671 0
-4.184141460013123 -4.67810408263002 0
-3.091636836070898 -4.310557775780493 0
-2.605036556563373 -3.969857133797734 0
-2.118436728005209 -3.629155847792524 0
-1.63183735032197 -3.288453917871192 0
-1.145238423442811 -2.94775134413492 0
-0.6586399473005 -2.607048126679711 0
-0.1720419218314459 -2.266344265596389 0
0.3145556530243248 -1.925639760970603 0
0.8011527773231453 -1.58493461288281 0
1.287749451117714 -1.244228821408273 0
1.774345674457101 -0.903522386617063 0
2.260941447386723 -0.5628153085740433 0
2.747536769948352 -0.2221075873388776 0
3.234131642180125 0.1186007770339812 0
3.720726064116519 0.4593097844952916 0
-3.309219696936214 -3.999791615357885 0
-2.822568756319402 -3.659164475723908 0
-2.335920598073812 -3.31853336136626 0
-1.849275221149702 -2.97789827383518 0
-1.362632624549031 -2.637259214607025 0
-0.8759928073253876 -2.296616185084369 0
-0.3893557685839341 -1.955969186596071 0
0.09727849251864178 -1.615318220397358 0
0.5839099767741768 -1.274663287669909 0
1.070538684923086 -0.9340043895219102 0
1.5571646176544 -0.593341526988124 0
2.043787775605807 -0.2526747010299583 0
2.530408159363692 0.08799608746448701 0
3.017025769463172 0.4286708376803609 0
3.502020117481001 0.7533320122861431 0
4.252555665597913 0.7674772584177769 0
-3.546143064111052 -4.640384555638219 0
4.756430573847494 1.08004421171356 0
-3.769472599394869 -4.237594578380783 0
4.517585599768769 0.9288812616438089 0
3.828624729067094 1.108673737863548 0
-4.522003776885673 -4.705094663108508 0
4.787758370096835 1.357063043348195 0
4.742508524968573 1.788169712487806 0
4.285341328373018 1.421575568791367 0
-3.285822997200759 -4.551050127446785 0
-2.79921779036647 -4.210356522415908 0
-2.31261323338861 -3.86966198929386 0
-1.826009326293214 -3.528966528043488 0
-1.339406069105083 -3.188270138629331 0
-0.8528034618478475 -2.84757282101767 0
-0.3662015045439085 -2.506874575176504 0
0.1224333738046362 -2.167956054673306 0
0.6090353176066983 -1.827254768698363 0
1.095636653823628 -1.486552683908205 0
1.582237382235018 -1.145849800172385 0
2.068837502614774 -0.8051461173572589 0
2.555437014731037 -0.4644416353259792 0
3.042035918346124 -0.1237363539384852 0
3.528634213216448 0.2169697269485057 0
4.015043515847468 0.5960387105611655 0
-3.105285696342447 -3.733855720177806 0
-2.618241113642942 -3.393030599658317 0
-2.125258187058946 -3.05372713175077 0
-1.638288197311611 -2.712959131678224 0
-1.15132131948056 -2.37218923777774 0
-0.6602640071249488 -2.032634944925887 0
-0.1730310609000525 -1.691887791772302 0
0.3138766365853681 -1.351155556696789 0
0.8103054589772185 -1.01380072383002 0
1.297074985390146 -0.6731699932743332 0
1.783839987201207 -0.3325368758801189 0
2.270600449394005 0.008098638476152912 0
2.75735635672679 0.3487365599391837 0
3.244107693728166 0.6893768986754284 0
-3.950142297276772 -4.79052028010707 0
-3.571297464041324 -4.038823297596422 0
-4.068572760414292 -4.371577897893446 0
4.308267157004837 1.07191130395651 0
3.575424958605493 0.9904387068252202 0
-4.787988576294744 -4.800987751126616 0
4.001452175240627 1.334389866084305 0
-3.73692551899823 -4.794246411932538 0
4.832095029043456 1.583397101175108 0
-3.659268742003303 -4.434530754015743 0
2.537668593834551 0.3207320222190798 0
2.050031213149473 -0.02022217186341252 0
3.0248521280789 0.661341233844529 0
1.563303301695742 -0.358142795102906 0
1.07561775586702 -0.6992398450185335 0
0.5898172863386636 -1.035902980825349 0
0.09901538659509829 -1.381018247470809 0
-0.388686441754276 -1.722130679510996 0
-0.8764291274597543 -2.063245911784457 0
-1.36465899184555 -2.404209883307292 0
-1.852366499231413 -2.745329788321415 0
-2.33787924935776 -3.081820072441656 0
-2.828547430709892 -3.427384930611307 0
-3.316263025943551 -3.768514483651091 0
4.046980992236954 0.9096060682100049 0
4.477293489293474 1.693040258943856 0
-4.311041160438226 -4.483276847620906 0
-1.861145022495307 -4.479731818041016 0
4.540473421054743 -0.04167161736411538 0
-1.482296610481137 -4.217514159643128 0
-1.010034417475421 -3.887549503830223 0
-0.5304733089897093 -3.553769921299468 0
-0.05192645622455445 -3.220969422948285 0
0.4265374064071104 -2.888034511591064 0
0.9049177332412723 -2.554965884694901 0
1.383213938871442 -2.221764087766012 0
1.861425389880055 -1.888429519444311 0
2.339551395723039 -1.554962435624521 0
2.817591198630021 -1.221362952639278 0
3.295543962349881 -0.8876310495314297 0
3.754852204555915 -0.5071838000914876 0
-2.233274616836264 -4.598245018030793 0
4.085097982390733 -0.1485505592351979 0
4.613931574326625 0.2437691013381868 0
-0.982732080338798 -4.196553581395145 0
-0.5047105754382581 -3.862880946630064 0
-0.02686497326742895 -3.529342017208632 0
0.4509507874061507 -3.195731817824783 0
0.9287364386759355 -2.862050905543047 0
1.406491724526423 -2.528299764979063 0
1.884216398761681 -2.194478810669117 0
2.361910222875706 -1.860588389090063 0
2.839572963837568 -1.526628780344241 0
3.317204391759445 -1.192600199521324 0
4.279604027148661 -0.5194427565548467 0
3.791711518246879 -0.8507390028559876 0
-1.289027479239933 -3.753362372698041 0
-0.804989203379127 -3.415610645031617 0
-0.3221630171834665 -3.079224631980055 0
0.1633391923156305 -2.766928860407996 0
-1.439422027250793 -4.520732504796782 0
0.6442635385932366 -2.432406365917312 0
1.125074442268778 -2.097753609499986 0
1.605771266727235 -1.762970585172436 0
-1.754301663396291 -4.074526560602979 0
2.087395186238461 -1.49457803795364 0
2.565697439151881 -1.161486472815248 0
3.043840762615839 -0.8281671113478849 0
3.514349777701107 -0.4852227356838215 0
-2.526309603280082 -4.667925215209852 0
4.762269318886396 -0.2009653882443676 0
-1.866656441876595 -4.753672295307191 0
4.529273802408389 -0.352656060224825 0
3.827738144712696 -0.1689911964220095 0
-2.110595467619016 -4.380045191153343 0
-1.215389275899688 -4.354612312943409 0
-0.7421006130495892 -4.023176222278741 0
-0.5639885185810641 -3.246750105980323 0
-0.2640731668190627 -3.689519425681978 0
0.2137470296191222 -3.356004618964182 0
-1.041077333148702 -3.586052666646088 0
0.6915393212290981 -3.022412607665969 0
1.169303382366973 -2.688744091150189 0
-0.07521172406096265 -2.916551599460675 0
-1.519836448256132 -3.919792646117806 0
4.793189627578792 0.07553235719831131 0
1.647038901129015 -2.354999672559928 0
2.124745576629901 -2.021179861685027 0
4.743594965852667 0.5068181493276862 0
2.60242311619821 -1.687285077378492 0
3.080071232453072 -1.35331564954078 0
3.557174180358655 -1.017977854871452 0
4.032841791135867 -0.6739592902681238 0
0.407421709077796 -2.584245233189992 0
4.28916664486663 0.1419994344201227 0
0.8818452403178938 -2.246550782869758 0
1.363160260909289 -1.911283542531797 0
-2.1030140548101 -4.790052103365023 0
1.880244561553722 -1.544225218302651 0
2.303102410826522 -1.243242890358253 0
2.782555972302509 -0.9099123518970018 0
3.257516539026224 -0.5876050907043933 0
-2.788496977494652 -4.749827255370729 0
-2.307923416220901 -4.811244467321133 0
-3.130033052447356 -4.885764481368314 0
4.309515710367444 -0.2137324570946207 0
-2.342238768393526 -4.422600101700982 0
-1.633735149447259 -4.665849790900231 0
4.833663295738294 0.3017861105977358 0
3.587255482929589 -0.2795097574993693 0
-1.95590758675718 -4.197157777660124 0
4.001147586607987 0.05882634610150952 0
-2.034937120727457 -4.600349285179473 0
-1.668905484202786 -4.348735296242331 0
-1.249886051948518 -4.054897429437959 0
-0.7722309085801343 -3.7215066509527 0
3.041334240894332 -0.596709979898591 0
-0.2932482401775477 -3.38659592084979 0
4.048274976718552 -0.3719766766110476 0
4.478655677448489 0.4125119792060119 0
0.1879060392437494 -3.057370138532831 0
0.6672360245374082 -2.724019251433714 0
1.14514107693213 -2.389679703493318 0
2.559762954343607 -0.9309738484401475 0
1.624137692713119 -2.0556543696906 0
2.120343553849896 -1.713995823988326 0
2.577989754061207 -1.399161434860005 0
3.056134586685128 -1.065498219079616 0
3.528524697039777 -0.7227265889564285 0
2.044154701484861 -1.288849610767785 0
4.478233486231639 2.508367275614474 0
-4.478233486231638 -3.73999780175347 0
-1.778870160533076 -1.864749910669266 0
-1.107629003032198 -1.424416774782925 0
0.4324206724301181 -0.3266641105537174 0
2.238495844504041 0.9695997895626581 0
-2.49021886024457 -2.372320797282843 0
-0.6833487058845866 -1.084932840095665 0
1.248764580689854 0.2717646579266644 0
-0.03513133225342306 -0.6079566189543565 0
2.72630072255282 1.311164442347881 0
1.750690966455262 0.6280351367774351 0
3.221926177317757 1.653037250321695 0
-2.970203161577193 -2.713577294879477 0
3.953633494390929 2.165384229499531 0
-3.458008039625975 -3.055141947664703 0
-3.953633494390917 -3.397014755638518 0
0.8613465201213868 -0.02859441958851551 0
3.629172697268091 1.850910131500882 0
-2.166635987749923 -2.058448876565821 0
-0.4484789445069031 -0.7026938884132401 0
-1.380406323180984 -1.752124016521243 0
4.602895980717198 2.804495434575753 0
-4.602895980717195 -4.036125960714747 0
-4.089596869064261 -3.733756503393935 0
4.089596869064268 2.502125977254942 0
4.300191217818162 2.207054828442569 0
-4.301544799173026 -3.436718514735769 0
-1.034899726065293 -1.092474165635776 0
-3.111441737349316 -3.042455909177607 0
-2.623636859300534 -2.700891256392383 0
1.891929542227383 0.9569137510755641 0
1.395520993450856 0.6193753246854199 0
0.3031924089921404 -0.6515033396810429 0
2.867539298324941 1.640043056646009 0
2.379734420276161 1.298478403860787 0
-3.5992466153981 -3.384020561962833 0
-1.581637318819712 -1.386761360561722 0
-0.8164635099013643 -1.391936305784081 0
2.10855993857616 0.6475334823303033 0
0.09351443547960918 -0.3441456467150324 0
-2.824427784792786 -2.423575002748402 0
1.620755060527381 0.3059688295450806 0
3.084169694673717 1.33066278790075 0
2.596364816624939 0.9890981351155262 0
-3.328072133698093 -2.73307564043235 0
-3.79910281932189 -3.10412089394971 0
-0.1695316652781954 -1.046323752588874 0
-1.867188934960641 -2.180449544984769 0
3.616989302574585 2.175515613221247 0
3.327967367361972 1.973445119797175 0
-2.152603658918487 -2.381152555621494 0
0.9143570002188076 0.3059338002100143 0
0.5310760303695466 -0.005628149836751988 0
-4.761606211641576 -3.591913894592329 0
4.761606211641576 2.360283368453334 0
0.7664668548707343 -0.3374128025265963 0
1.18794159966193 -0.02915585581779496 0
3.53113387997197 1.55426803947092 0
-2.057594445688285 -1.757899935728704 0
-2.483156924262449 -2.053087305604249 0
3.946988695162424 1.847392523607584 0
-0.4030760294523235 -1.208989964304916 0
-1.820736713304405 -1.562853634517267 0
-0.2957953615927212 -0.5111486905924472 0
-1.139823574817462 -1.741988322264446 0
4.78079577585201 2.628859764339144 0
-4.780795775852011 -3.860490290478137 0
4.741556674356879 3.069664761732685 0
-4.741556674356875 -4.301295287871679 0
4.323450398680015 2.7744374447018 0
-4.323450398680008 -4.006067970840792 0
-1.553565250306163 -2.002260011706438 0
-0.8663314172365363 -0.8393146103016904 0
-1.332345074469172 -1.240904051470247 0
1.10197241731093 0.5227030372047071 0
-2.330315734217331 -2.60068612799048 0
2.571437081160743 1.542170154179381 0
0.07399653397356667 -0.8820529843489722 0
-2.815339520185117 -2.944583006710978 0
3.062023051290518 1.881402581029331 0
2.083632203111965 1.200605501394159 0
1.595743997216149 0.8587853377697833 0
3.794360178490733 2.397243044374716 0
-3.3031443982339 -3.286147659496204 0
-3.792801624258226 -3.627911211385072 0
0.5872943791887736 -0.5544476830360885 0
-4.152724987907863 -3.210626134052009 0
2.367973054126644 0.7273016895348837 0
1.880168176077865 0.3857370367496607 0
2.855777932175422 1.068866342320107 0
-3.587485249248576 -2.812843847636928 0
-3.099680371199793 -2.4712791948517 0
0.2503321120112187 -0.1272418900534574 0
1.456984961159527 0.09108764866275465 0
1.024289109056536 -0.2353548591464501 0
0.682231038512416 0.2020583256834653 0
4.196260242449912 1.970910297469039 0
3.333299608929275 1.361285874469597 0
-2.714046968629765 -2.173693789206633 0
4.561664719723641 2.210398006218222 0
-4.561935435994613 -3.441635164388059 0
-0.5740936848017303 -1.384168448240853 0
3.782434664236595 1.64083225896089 0
-2.317087227637686 -1.846979970738093 0
-0.1492400004013657 -0.3256922618874818 0
-1.603879330395144 -1.685376169922666 0
-0.6603666755647197 -0.7192463603803149 0
-0.9054661443794694 -1.619295841105127 0
3.427550030479948 1.757915135272668 0
-1.967572382232981 -1.96538706698714 0
-0.4317443665469736 -0.9251496829637237 0
-2.318426532423451 -2.218770449208323 0
3.781888809129676 2.01181896331694 0
-4.830011183736984 -4.095046193648106 0
4.830011183736985 2.863415667509112 0
-1.317782734780637 -1.970288678797272 0
-4.022261476654553 -3.001022692025095 0
-3.31875222228043 -2.502721273410684 0
-3.832858132716351 -2.862081989954018 0
3.074849783256058 1.100308420879086 0
2.587044905207278 0.7587437680938615 0
2.099240027158499 0.4171791153086382 0
-4.477293129237709 -4.206484617495276 0
4.47729312923772 2.974854091356289 0
-0.2256641785951136 -0.7887112919993319 0
0.3173032551073905 0.06471935123888962 0
-1.350496035459222 -1.540540471317957 0
1.053102425172995 0.129987045682592 0
4.469863603162539 -1.320689407815355 0
-0.01179751541322864 -4.475041762880759 0
0.4324606876994092 -4.159036376273331 0
0.8805689164848928 -3.836435805532527 0
1.258507663268013 -3.56803887676999 0
1.735445478836492 -3.232880493361986 0
2.212455227948021 -2.897817484036143 0
2.689536708893892 -2.562850332715853 0
3.166689776982306 -2.227979595057319 0
3.722648104524397 -1.848973821041406 0
4.144780806427195 -1.630156962416897 0
-0.4065354653618212 -4.597417048092102 0
4.618891591086737 -1.023226438762865 0
0.978639126718833 -3.441774272562688 0
1.455805827485219 -3.107117962170787 0
1.933013780887606 -2.772501652006153 0
2.410262786261858 -2.437925429220945 0
2.887552677973535 -2.103389392460228 0
3.378005618342634 -1.761521638996909 0
1.288384346938348 -3.851587078755509 0
1.706054846915097 -3.490615132754969 0
2.182709714832718 -3.155154479393095 0
2.659485770516126 -2.819866305410893 0
0.4876427701150525 -3.812184028940743 0
3.136382415684684 -2.484749854791014 0
3.631896177310105 -2.156093431969065 0
0.385119978319137 -4.505860742085881 0
3.842977193586959 -1.509998262106587 0
0.8100363569155524 -4.170759237205758 0
0.09625726965387563 -4.152815911952649 0
-0.7026093893523251 -4.671694704875391 0
4.132355628268486 -1.308553802226494 0
4.729396060553736 -1.472942853899346 0
4.45595275853787 -1.639323425578266 0
-0.03342329953537903 -4.753408641841077 0
4.029038152129286 -1.929797979252061 0
-0.2852824426072937 -4.339111675506163 0
4.779356948617362 -1.216580190259441 0
0.7531222751433322 -3.655200392705555 0
1.223782469329199 -3.275041179765307 0
1.70094249179937 -2.940396405794831 0
2.178148115128817 -2.605791844430233 0
2.655399099150414 -2.271227607643124 0
4.74769484678535 -0.7701555295340112 0
3.1348822995036 -1.935475154933847 0
3.584125964601557 -1.600035050256837 0
0.2456050666081254 -3.923304856381893 0
0.6265892028216828 -4.397187480398959 0
-0.265307260429022 -4.787414226442678 0
1.084454821627511 -4.007048223031815 0
4.339819043873821 -1.053512423378289 0
1.587082239236309 -3.669088003173066 0
2.030708080412328 -3.365853664284414 0
2.493014271472901 -3.038035039730413 0
2.970278214859429 -2.701876906274682 0
3.433273193735521 -2.365239757955061 0
-0.9576991523074864 -4.752432718731798 0
-0.4865733122700945 -4.809551340555606 0
3.855951438634996 -2.105418846088749 0
-1.301157064877413 -4.885607507762393 0
4.283249457452423 -1.850249138451199 0
-0.5230404035525916 -4.420743241463859 0
3.934861064166959 -1.729731756204238 0
4.296852168730249 -1.472845655586565 0
4.82918867729789 -0.986079442359078 0
0.1878597255723227 -4.661819422209948 0
-0.1993893297087893 -4.586874865279774 0
-0.1269783504421448 -4.173586272601367 0
0.1849010056682991 -4.366963658024597 0
3.353623022964095 -2.565376815866782 0
4.488982654407956 -0.8598108733054174 0
0.689431008183601 -3.942624907873853 0
2.875945230986484 -2.903259006315692 0
1.051590774386166 -3.713001333123414 0
1.510958455490298 -3.384441149134124 0
1.965879129119422 -3.060767363146104 0
2.353865536506298 -3.26305366480068 0
2.440483813370269 -2.727047739257413 0
2.91763981559071 -2.39201228149037 0
3.41123252839976 -2.049213899992268 0
1.88150224704771 -3.604476458730602 0
4.507875406155663 3.78579185827416 0
-4.470749821484757 -2.471893450868992 0
-1.595433881080977 -0.48416810936862 0
2.246316421220201 2.251721262950778 0
0.0511944700006935 0.7146803254172723 0
0.7829017870738638 1.227027304595108 0
-1.168317725121255 -0.139231306545786 0
1.750690966455263 1.909848454976964 0
1.262886088406483 1.568283802191741 0
2.966813233631476 2.752947411720997 0
-2.324482019151455 -0.9029564676498327 0
-2.726300722552804 -1.260981650287337 0
-0.4366104080480859 0.3731156726320489 0
3.607342115365173 3.179050680731979 0
-3.214105600601583 -1.602546303072561 0
-3.709731055366523 -1.944419111046376 0
4.039081313981261 3.490299199395205 0
-4.112426023034733 -2.173441809447469 0
0.4593189145792149 0.9131553838780846 0
2.653758951358993 2.449808716400306 0
-0.7610712051709227 0.05864157463339945 0
3.375308212799598 2.802264597185128 0
-1.868211201229764 -0.8118753511069382 0
4.620949810892377 4.097844365420515 0
-4.615898406684918 -2.767746145577427 0
1.891929542227384 2.238727069275094 0
-1.522704604114072 -0.1522255002214705 0
0.9163197861298241 1.555597763704648 0
1.404124664178604 1.89716241648987 0
-0.303192408992123 0.7016861317415883 0
-2.379734420276145 -1.248295611800243 0
-2.867539298324925 -1.589860264585466 0
-3.355344176373707 -1.931424917370693 0
-2.069442196868491 -0.4465126951474161 0
-1.303582674096196 -0.4494126463384137 0
2.108559938576161 1.929346800529834 0
-0.102766276468075 0.4176243773971793 0
1.620755060527382 1.587782147744609 0
1.117110711622078 1.278281510060666 0
-2.597449624999602 -0.9494170285943402 0
-3.084169694673701 -1.280479995840206 0
-3.571974572722483 -1.622044648625431 0
3.09636093357089 3.14589446136076 0
0.1569634878811224 1.034473753359282 0
2.640002057454998 2.772856161243919 0
-0.7732545998644285 0.3832470563537663 0
-3.805491114285462 -2.237071916275633 0
0.444989812899942 1.235789440593171 0
-1.06227653507704 0.1811765629296944 0
2.352188828573905 2.571967862092534 0
-4.170613650198293 -2.479863274947263 0
3.943500826383924 3.16942323179992 0
4.133901810819775 3.806773517616621 0
3.735419617042932 3.47614993039584 0
4.33031995737737 3.505608089367552 0
4.772054887639089 3.641865328152342 0
-4.728954988000466 -2.322314308638704 0
-4.449466894665734 -2.154551999469192 0
-4.017432840247494 -1.852809815898229 0
0.3605409532586972 0.6159647377217673 0
2.555552125329906 2.152982705281479 0
-0.8591100224670428 -0.2380005173965624 0
0.7758398510917413 0.9077938129165128 0
2.972429224525662 2.449846315691528 0
-0.4437949732518864 0.05376890147109825 0
3.329905297745019 3.308560673076801 0
-2.296420963428264 -0.6129295609452913 0
3.222624629885417 2.610719399364335 0
-1.627628452866241 -0.8017396568501407 0
4.780795775852007 3.910673082538671 0
-4.780795775852013 -2.578676972278613 0
-4.743414163780836 -3.021401041538181 0
4.744135792953331 4.353126024595818 0
-1.820149952517951 -0.3006553860559414 0
-0.1087086560265463 0.9430456561249084 0
2.086413295192961 2.480086593658414 0
0.6229986610466234 1.455392635302744 0
1.595827325063187 2.140854166808465 0
1.108022447014407 1.799289514023241 0
-1.328220851148495 0.0891340241618504 0
2.87025388834696 2.988500107365659 0
-2.571437081160727 -1.491987362118838 0
-0.5965135340753259 0.601481003339685 0
-2.053162640902988 -1.060089911238512 0
3.788947880171996 2.933270416924914 0
-3.059241959209507 -1.833552014904062 0
-3.547261029714761 -2.171780489382877 0
-4.337872989072488 -2.733431745996283 0
4.338783847322466 4.061247612779252 0
1.880168176077865 1.667550354949189 0
1.392363298029087 1.325985702163966 0
-2.855777932175405 -1.018683550259563 0
-3.343582810224183 -1.360248203044784 0
4.201305508505042 3.275460097008249 0
3.876267839445129 3.703994490141284 0
-3.82432740281585 -1.673047044692061 0
0.1628417683817515 0.4312929108097499 0
2.357695453122815 1.959976017734974 0
-1.056445986775919 -0.4285440578722224 0
1.006729895459059 1.028400296518897 0
-0.2127822996628904 0.1744886645558382 0
-4.271962712565201 -1.943031589297866 0
0.6118228706152018 0.7023581369865156 0
2.809738392326034 2.238002377468164 0
-0.6079171913974787 -0.1517073109603935 0
-2.50487604189399 -0.7183824897676709 0
-2.091684208443925 -0.7451275045083628 0
3.586890139671253 2.818336897249688 0
-1.366457197976924 -0.6845707816657055 0
-0.9626938719590649 -0.03435342159481364 0
2.451954081620751 2.356620136681274 0
0.2560199719442366 0.8208756055356365 0
3.358050024339957 3.023731551729262 0
0.6110901461509209 1.073472425703961 0
-0.6083902196873623 0.2194622227975315 0
2.808250866742782 2.606364651264187 0
-4.300814097345879 -2.319937633683229 0
3.48460641149626 3.478674703889927 0
4.829176275939543 4.139142992982433 0
-4.828021669263554 -2.807580686246251 0
-1.805587612829417 -1.030040013382967 0
-3.909967422031146 -2.053055186933083 0
-3.562654661304821 -1.391690281603764 0
2.099240027158499 1.698992433508169 0
-3.07484978325604 -1.05012562881854 0
1.611435149109721 1.357427780722945 0
4.581513646100509 3.492736911524265 0
-4.477293129237711 -2.924671299295748 0
4.477293129237718 4.256667409555812 0
-3.918053121617854 -2.45786538107452 0
3.152493446887808 2.888282000771217 0
-1.838300913508001 -0.6002918059036517 0
1.798024077432855 -4.481045765657079 0
4.474888121551271 -2.623819789056595 0
2.265117885262232 -4.15960485781507 0
2.727864690227109 -3.838748511222502 0
3.097208627856465 -3.583715800470096 0
3.642372161213689 -3.205714974849407 0
4.075132183046467 -2.915273890337928 0
1.426935618958784 -4.598136814111879 0
4.61772279652501 -2.310336512663349 0
2.614098869242066 -4.220722499458133 0
3.124002594776785 -3.887914891401102 0
3.582025062926271 -3.545278731025704 0
2.335145785570408 -3.806206192955033 0
2.208736945779794 -4.509044098933167 0
2.838015856567355 -3.458716706456836 0
1.917911979712397 -4.089392262608885 0
3.315891043638167 -3.146532886758932 0
4.121777020909002 -2.589293784625803 0
1.133929837517471 -4.668256454014704 0
3.752616133663918 -2.876319767661802 0
4.003448739110165 -3.229678959397959 0
4.389768389789896 -2.920830071842911 0
4.771549882587998 -2.765506334512466 0
1.793494670694296 -4.755018504245641 0
1.548359980152159 -4.380547572544057 0
2.851586116538905 -4.023683953692857 0
2.440774582172772 -4.415023330004261 0
3.357570907682474 -3.71634058975465 0
2.090110700276767 -3.901209290533692 0
4.78042575158548 -2.49839350845897 0
2.607591439324194 -3.651257115995584 0
4.744583518656996 -2.055093238016147 0
3.826933696414005 -3.442441264848769 0
3.072435910501424 -3.279504106268644 0
1.557566312993686 -4.790062526894215 0
4.33257285190305 -2.344195699245698 0
3.503304099583749 -2.960739630902721 0
0.8715917795061434 -4.750221483078279 0
4.25562590658382 -3.127000718581542 0
1.3527779009801 -4.81129115900416 0
3.887897997265796 -2.678217969238259 0
0.5309792892610197 -4.885752080444343 0
1.317074794333705 -4.423489344848864 0
2.024289858374527 -4.669189684933722 0
4.828546413353497 -2.269576989755319 0
1.624876132046356 -4.600962236690574 0
1.992045202472747 -4.348414284027305 0
1.701324784673975 -4.198672665173398 0
2.548776078805286 -3.963289685970897 0
2.900140269394611 -3.720770738930491 0
4.606560698077915 -2.915523900205641 0
4.2378067055891 -2.781352137300164 0
3.882679655358853 -3.043852638121743 0
3.365667744462132 -3.398196611712168 0
4.479983374198155 -2.1498692026916 0
3.560650199912733 4.438535248417336 0
-4.50953037985179 -1.172349283259909 0
3.139333466404563 4.150982193040326 0
2.755083009620857 3.8839755576777 0
2.272031499288014 3.546897433663362 0
1.789008416972666 3.209774315760452 0
1.306013871519683 2.872606300763915 0
0.8230479768608665 2.535393468865451 0
0.3401108525771997 2.198135883940268 0
-0.142797375506265 1.86083359379724 0
-0.6256765746899001 1.523486630393197 0
-1.108526604730007 1.18609501001202 0
-1.591347317126494 0.8486587334090215 0
-2.132747879260633 0.4701789865552534 0
-2.653821984170161 0.1014073492965809 0
-3.143409967912806 -0.2365285795059158 0
-3.619026583502831 -0.5739806682730292 0
-4.00976203271262 -0.8534015195485445 0
3.991027658000275 4.593809614529078 0
-4.621255829819185 -1.48413657139567 0
2.731828818385857 4.192897285723237 0
2.249145563119234 3.855443739580489 0
1.766472647355719 3.517966405671498 0
1.283810118011983 3.180465373840353 0
0.8011580208754784 2.842940726030228 0
0.3185164007375674 2.505392536419762 0
-0.1641146984709112 2.167820871546493 0
-0.6467352335410611 1.830225790417593 0
-1.129345161843692 1.492607344608229 0
-1.611944441182727 1.154965578347733 0
-2.104301250459661 0.8104673953661869 0
-2.521797304006169 0.4385864827199725 0
-3.006697740237619 0.09190539640071341 0
-3.489229081352322 -0.245889951698157 0
3.022895958428279 3.740359694103582 0
2.537899690779517 3.401870997594764 0
2.04997323468766 3.088015841071218 0
1.565514077615561 2.749992728909402 0
1.081093443900716 2.411925673689375 0
0.5967114583031913 2.07381465490946 0
0.1123682593827243 1.73565963696242 0
-0.3732532734512524 1.465336586103275 0
-0.8562546402555721 1.128235492648148 0
-1.339202088757225 0.7910572216681888 0
-1.822095776870932 0.4538020181700274 0
-2.304935842841358 0.1164700989054356 0
-2.787722405403967 -0.2209383473783975 0
3.246924557921056 4.50211136567335 0
-3.291029438330768 -0.5221348131975186 0
3.47534749443062 4.096563881577679 0
4.289907031427235 4.712287015979895 0
-3.951320996763322 -0.5585779485883339 0
-4.1360295844539 -1.197667855456374 0
-3.715888634163146 -0.8908273896759332 0
-4.342434563519303 -0.8849454169435458 0
-4.773360561366045 -1.028492063427987 0
3.61382770747653 4.747158068406982 0
3.856309096810473 4.361577105511651 0
-4.780778119128158 -1.296863654079084 0
3.238472602077535 3.902377238671566 0
-4.744185548157903 -1.73933081107599 0
3.011466440647763 4.329156162757624 0
2.488916709203322 4.017633866688533 0
2.781171171920943 3.570994034105808 0
2.006242846139839 3.680198729859482 0
1.523578683891837 3.34273785121195 0
1.040924280795978 3.005251347020446 0
0.5582796938744565 2.667739322951237 0
2.289440811892617 3.237188245585456 0
0.07564497901207917 2.330201874232074 0
-0.406979808863363 1.992639085805026 0
-0.8895946155966676 1.655051032462862 0
-1.372199387615882 1.317437778969275 0
-1.856422108539808 0.9786605246253318 0
-2.336407827022404 0.6824094634231366 0
1.803831758203272 2.902338111397106 0
-2.814974788177947 0.3328093598853988 0
-3.298474310327455 -0.00589794234704094 0
1.325890154814906 2.561669329311219 0
-3.774892950956827 -0.3444830612852576 0
0.8411580854558055 2.223267944901407 0
0.3564620517560102 1.884832680749342 0
3.85018886654439 4.788178220313521 0
-0.16397711664578 1.515115769263978 0
-0.6045876104753085 1.198892244158417 0
-1.073046604758458 0.8777818401967298 0
-1.557093723280724 0.5400972429955937 0
-2.007482453030766 0.1945123594058099 0
-4.339465556922224 -1.44829987170683 0
-2.496988028982485 -0.1478619910588463 0
-2.992292769360267 -0.4809849776088535 0
-3.435611080789625 -0.7707623634731104 0
-4.216398131573255 -0.6579359186776785 0
-3.888649765317479 -1.095333398359291 0
4.579908890462046 4.767633111898089 0
4.071383019889074 4.816028847633183 0
3.38844724350946 4.689745127290561 0
3.719645601460198 4.177953781771354 0
4.80899638118336 4.821168288509446 0
-4.829243899421049 -1.525356734397744 0
4.188115824050614 4.499051739358732 0
3.780488849941599 4.582510907558963 0
-4.587171755632458 -0.8785766242743741 0
-2.783263637540911 -0.4551917627585064 0
-2.294625418572403 -0.1164340042466185 0
3.31709098932827 4.272076293099839 0
-1.807023712414081 0.2239771162842373 0
-4.477294620579221 -1.642855851239815 0
-1.333830050570456 0.5592851572993173 0
2.963990400518819 4.030643095855084 0
2.514041273988648 3.712802604885109 0
2.028861576056086 3.380006828601911 0
-0.8137586235119402 0.9293061529544993 0
1.545292821035833 3.042985780313863 0
1.063021291461271 2.704964474280105 0
0.5796374113015144 2.367290635331264 0
0.09627901145847284 2.029580756871305 0
-0.32976305785139 1.25874405947263 0
-0.4066837986455498 1.68108906835833 0
-3.807896144076857 -0.7071489969265197 0
-0.8689975345985245 1.364061292380479 0
-1.349377740695132 1.029332693767161 0
-1.844001342589709 0.6836441501869024 0
4.065178065162243 4.362874370580618 0
4.472368781313632 -3.893627905147006 0
3.651212529384567 -4.443122809791524 0
4.052700733972816 -4.167287907304795 0
3.248389202548358 -4.586361489637629 0
4.632535008282628 -3.572891010685459 0
3.989155259180492 -4.4990761999189 0
2.94548411358694 -4.677291856280084 0
4.367556666218613 -4.202545642210448 0
4.144817633944636 -3.850836705318826 0
3.741844733544429 -4.155982922412544 0
4.76655704316813 -4.04642218292546 0
3.374421110608735 -4.33286238835179 0
3.49960213098343 -4.719456992651978 0
3.762356840960583 -4.74191556677685 0
4.77740007254828 -3.780206826658502 0
4.354167011238172 -3.605713626173567 0
4.754289507586214 -3.328174351914784 0
3.877342474423461 -3.950685652685245 0
2.615138033019475 -4.792633586498892 0
3.153348003117431 -4.802929544870336 0
4.231027515331618 -4.417210178862454 0
2.400700116480353 -4.860816140557571 0
3.121022373547918 -4.411294176801247 0
4.835434883541311 -3.539521263047588 0
3.869924061360198 -4.311622145118964 0
4.588145294851796 -4.19975872745576 0
4.290827681349004 -4.00642613972055 0
4.503307573694874 -3.411094399393362 0
3.443406243381272 -4.52045092010823 0
3.523965272882636 -4.166427200407789 0
1.770610360717944 4.473459560766232 0
-4.483960853898584 0.1083462353551604 0
1.319296691729394 4.151002188156431 0
0.8491537272513918 3.816198203446725 0
0.4717992235345743 3.550478258913655 0
-0.0100626388729396 3.211684258041798 0
-0.4919866121025507 2.872971674318562 0
-0.9739724491884321 2.534340773794197 0
-1.514527700919056 2.154716840246431 0
-2.039000740944121 1.790655419036693 0
-2.521280700879756 1.452501061408004 0
-3.006245071151192 1.107942100812358 0
-3.488586242559887 0.7697149296544674 0
-3.968385185330884 0.4384158831171454 0
2.162612175701797 4.597559868491275 0
-4.606736951618966 -0.1929443633251879 0
-4.100417311713622 0.1057986074232416 0
0.753655111438627 3.424024132468243 0
0.2715241686638658 3.085803948847847 0
-0.2106425323027855 2.747618164038875 0
-0.6928447764512649 2.409466827242994 0
-1.184833667888415 2.064504156980349 0
-1.677014799483426 1.799419934772987 0
-2.167619193347073 1.460873082292411 0
1.274090670890126 3.790170139686277 0
-2.65084573535179 1.12407834658149 0
-3.133293049876999 0.7861629960763138 0
-3.615757013815386 0.448271423397386 0
-4.303661841953748 0.404663578278619 0
0.4240893253175028 3.84842536889897 0
0.9563213607274321 4.197596354843043 0
-0.03731903336178072 3.496963338544949 0
-0.5210346672003809 3.156762512072114 0
-1.029712064269388 2.826643592986816 0
-1.424249283333545 2.452785495091647 0
-1.906067611560021 2.114015760674793 0
-2.387989717107028 1.775393822930822 0
-2.870015181511939 1.436919155629725 0
-3.352143659281087 1.098591336057988 0
-3.834374877123807 0.76041004406931 0
1.370337063689054 4.502030080354371 0
1.658911710585366 4.148206955657869 0
2.457575856873177 4.669265083859321 0
-4.762933236049909 0.2540831420914849 0
1.791858480804155 4.753345763248886 0
2.038820838838832 4.379225329914667 0
-4.780089855142912 -0.01505033587955484 0
1.494889434852456 3.929116387428276 0
-4.744078676415251 -0.4577733756494838 0
1.142598629276943 4.383749996854633 0
0.9845346408980751 3.637113921036846 0
0.5059852626824193 3.255659899249869 0
0.02386986757038991 2.917448275796592 0
-4.330941794643811 -0.1646017976098372 0
-0.4582850647044703 2.579271204211708 0
-0.9421044824045544 2.239987771728379 0
0.7089321265848332 3.993952534701191 0
-1.384433344769828 1.890155209708603 0
-1.876454539825002 1.559766966856781 0
-2.36140095484601 1.224169120791471 0
-2.842544497877474 0.8833470632346953 0
-3.324982289683184 0.5454017626141539 0
-3.8080262697548 0.2089978092032105 0
0.1834832975716579 3.670875933606551 0
2.023609570214303 4.788192831221881 0
-0.296704577264819 3.335735026026017 0
-0.7871688684463642 2.989511565159706 0
-1.310943747914296 2.633049864647193 0
-1.726868064930566 2.370358757419003 0
-2.214103283126653 2.039369328261185 0
2.717459067576995 4.749967257678171 0
-2.701274515016399 1.685876920418921 0
-3.186619827677934 1.336293968856373 0
-4.159038384895904 0.6330677939086841 0
-3.670213423135531 0.9865934097118971 0
2.244451628189911 4.809819916397064 0
3.059148145235929 4.885711452732092 0
-4.563154555263178 0.4041161958753897 0
2.270267067666925 4.412876119222428 0
-4.826181096635427 -0.2417188147786294 0
1.570026420805693 4.660031102795312 0
1.957502285255406 4.598356670728587 0
-4.048157364841926 0.8279143592085444 0
-3.570734620289228 1.178119216041265 0
1.887136767453539 4.174112213381453 0
1.572642868520432 4.363205184541557 0
-3.0886453533222 1.522091489423737 0
-2.601531399667901 1.866227416452906 0
-4.48326915776755 -0.3666358795976288 0
-2.114089878166031 2.21105924202098 0
1.029481922966345 3.941625084953811 0
0.6817312160359716 3.697324844239028 0
0.2309017133696328 3.378577606200778 0
-1.606932739364928 2.561150530444701 0
-0.2510935266955143 3.040369985048992 0
-0.7389949725270784 2.70203427295233 0
-1.225105221941383 2.346564150414699 0
4.725099581332548 -4.726998888163098 0
4.488633576565665 -4.781284670495894 0
4.25446284467209 -4.86489228649368 0
4.813177726689931 -4.532161745524238 0
4.853625493199944 -4.861144214191802 0
-0.04121881003234206 4.479482805647576 0
-4.524221257007293 1.323289423201618 0
-0.4226229666292174 4.21564569365909 0
-0.8963304661991756 3.887619532107398 0
-1.375875967522472 3.554624529651052 0
-1.855285811558839 3.22141148835142 0
-2.33455880443433 2.887981624029834 0
-2.813693624417885 2.554335762289972 0
-3.292688790643621 2.220474352207666 0
-3.753106491826259 1.83987919987836 0
0.3303098428263989 4.599284013796713 0
-4.084064476982686 1.479910552723126 0
-4.640877060921985 1.021598180701774 0
-0.9215556698959106 4.196584279029909 0
-1.400246237400808 3.862690116129978 0
-1.878888012530738 3.52868057542883 0
-2.357480451887359 3.194556710193413 0
-2.836023038267845 2.860319386790533 0
-3.314515273351011 2.525969291527399 0
-3.789883980722063 2.183753890027844 0
-4.278564474720889 1.851714273989734 0
-0.6230313799493291 3.748212946416284 0
-1.10758924947465 3.411222884028277 0
-0.4638384733937058 4.519947690159976 0
-1.594245865090875 3.098950624822111 0
-0.1540163978831496 4.069914945797347 0
-2.076732720704671 2.763689238200781 0
-2.559033840457134 2.42821571631248 0
-3.04062717450923 2.16066598116799 0
-3.519747112430308 1.827159489055388 0
0.6220192740639373 4.667494386978492 0
-4.759437329933744 1.524623173887649 0
-0.03583220921912302 4.753920618100101 0
-4.525605604733814 1.674965150401584 0
-3.814943206046495 1.511178346876777 0
0.2036476948857379 4.370612342397219 0
-0.6883833107292379 4.354313059231144 0
-1.162584549615216 4.023084451383287 0
-1.641239697572192 3.689202390472078 0
-0.8707702053112272 3.581179256967776 0
-2.119849039520819 3.355195632442367 0
-0.3898372816378273 3.915357335251712 0
-4.77313907409459 0.7995614808797273 0
-4.794510065107525 1.23557284351851 0
-2.598411923611192 3.021065458356331 0
-3.076927726656628 2.686812901570162 0
-3.55488372968111 2.351146581365049 0
-4.031390571968587 2.006574906150687 0
-1.355609880542679 3.247693703911484 0
-4.246136682487579 1.208637218772783 0
-1.832692412770211 2.912719607497647 0
-2.315805198161941 2.576655267881546 0
0.1930704764109679 4.789291574902572 0
-2.807314059982769 2.251138081216027 0
-3.257958822152669 1.908526761629613 0
0.8844052423978918 4.749937362078333 0
0.4035686439534082 4.811213995135557 0
1.227120818002563 4.8857867646883 0
-4.308774956472201 1.545246122437817 0
-0.2688009204957301 4.665665211063811 0
0.4355448291142528 4.418777725939839 0
-4.84170524002482 1.01550662849203 0
0.05254229542045854 4.189243234678463 0
0.1299953989743279 4.598518270968836 0
-3.587261218981266 1.614377193306664 0
-3.992636675717248 1.276649441234884 0
-0.2338079979549619 4.346393844613768 0
-4.433264865746812 1.016419803331893 0
-0.6569601791734496 4.052955474282589 0
-4.045140696336185 1.705750567009417 0
-1.135566112587258 3.720070128377961 0
-1.616857539136299 3.390093885439495 0
-2.096099873479371 3.05592571678591 0
-2.576254404891722 2.721428869276783 0
-3.025453379449852 1.936682133977868 0
-3.057627774926857 2.399899394996536 0
-3.528044821242671 2.055156712360653 0
-4.549442825288588 2.644141950079409 0
-1.886121480698294 4.475407409664179 0
-2.542091763223117 4.013922303696801 0
-2.907298950164393 3.76299401073406 0
-3.363483141544479 3.448243845166261 0
-3.839331871689352 3.080137317366839 0
-2.280981235156979 4.325981427497629 0
-1.494578255085049 4.597820923074676 0
-4.268716156903808 2.986081333664957 0
-4.619990376660093 2.363874831705704 0
-4.057465062143827 2.615262133034544 0
-2.950025707010579 4.062745311819253 0
-3.378775488891717 3.737987344023081 0
-3.835790131095986 3.4148124212659 0
-2.19817954480987 3.998089826677961 0
-2.644062891010909 3.639169166962573 0
-3.10703615723813 3.320737805661738 0
-3.568480528815395 3.062351481618942 0
-1.199770477458123 4.67131414365306 0
-1.886336581914012 4.16269951008413 0
-4.773617042723224 2.811222816799742 0
-1.917431360855613 4.7530656061942 0
-2.193769315635626 4.555672444166487 0
-3.83927814074788 2.780471039643807 0
-2.557822483550691 4.297136516322737 0
-1.633595472903878 4.343407678769708 0
-3.16742891293191 3.899037978392313 0
-3.618204184602189 3.580154332425558 0
-4.067709472992433 3.293114138011979 0
-2.434058976287795 3.782918498939756 0
-4.797565441996852 2.534767639417244 0
-2.872225322278323 3.464492835963455 0
-4.33355695451255 2.437790838362924 0
-4.747582521396168 2.103614040841355 0
-3.336131332841838 3.15130507116502 0
-1.636714629141832 4.788876902072343 0
-4.505774643167298 2.964543459000533 0
-0.9419546768830858 4.752402452624827 0
-1.415521807194592 4.809600550038964 0
-0.6012765360405227 4.885626141976808 0
-2.751837101816085 4.201462558313301 0
-4.067967203775176 2.888481499221645 0
-1.385734476961268 4.411586238089965 0
-4.323920446222044 3.183480473952197 0
-2.05640250065322 4.335942609836044 0
-2.437881938075623 4.476282295362743 0
-4.837589989299728 2.305031555382201 0
-1.710363643730995 4.587733772090401 0
-2.394768756685164 4.158782518548781 0
-2.719813313289074 3.892718765188347 0
-3.132707995508158 3.605582303323484 0
-3.638464016464816 2.858567908109737 0
-3.616000454747807 3.27376587105584 0
-4.297153807631873 2.756050202227335 0
-4.488109255535109 2.192589961932114 0
-4.113529030316562 3.086258952443523 0
-4.491461877804285 3.955592168041185 0
-3.718137602366313 4.453276508682628 0
-4.117806485542644 4.23630355094966 0
-3.326603350316632 4.597972677753886 0
-4.636858933358204 3.61741549360909 0
-4.159392605711363 3.886599827063916 0
-3.011183472860654 4.685499373335725 0
-3.817717542489627 4.170670716461764 0
-4.028249929710546 4.542935340551023 0
-4.408837478774994 4.246326048396117 0
-4.779668830163539 4.096057534110507 0
-3.450873468934413 4.337140241787292 0
-3.572025638400901 4.709944745420445 0
-4.369122800808639 3.648251619499233 0
-3.836229942125152 4.739338598683775 0
-4.780234715345127 3.830389618719032 0
-4.759104361117603 3.374387181999338 0
-2.681217506580995 4.796496737044242 0
-4.28910688179289 4.446693185014889 0
-3.230510871471072 4.810650123621078 0
-2.467942999934906 4.863904899530972 0
-3.907636860737625 3.95375368271364 0
-3.174313099561528 4.430458205433825 0
-4.295287080057277 4.079289792944836 0
-3.596980945483097 4.161046560783454 0
-3.923848262592355 4.349884943167826 0
-4.837056554511568 3.588328587806282 0
-3.516910015004565 4.524583543411064 0
-4.516459611540262 3.450726411080601 0
-3.412645908240044 4.820510921365455 0
-4.619948220543233 4.24304046047078 0
-4.741615934670753 4.743401128824203 0
-4.519357096652239 4.794425354966597 0
-4.29925562870584 4.873009723148762 0
-4.824402237341434 4.560270039987771 0
-4.862419852574635 4.86948683961442 0

CELLS 3183 12408
2 28 30
2 30 31
2 31 32
2 32 33
2 33 27
2 26 34
2 34 35
2 35 36
2 36 37
2 37 38
2 38 39
2 39 40
2 40 41
2 41 42
2 42 43
2 43 44
2 44 45
2 45 25
2 24 46
2 46 47
2 47 48
2 48 49
2 49 50
2 50 51
2 51 52
2 52 53
2 53 54
2 54 55
2 55 56
2 56 57
2 57 58
2 58 59
2 59 60
2 60 61
2 61 62
2 62 63
2 63 64
2 64 23
2 21 65
2 65 66
2 66 67
2 67 68
2 68 69
2 69 70
2 70 71
2 71 72
2 72 73
2 73 74
2 74 75
2 75 76
2 76 77
2 77 78
2 78 79
2 79 80
2 80 81
2 81 82
2 82 83
2 83 84
2 84 85
2 85 86
2 86 87
2 87 88
2 88 89
2 89 90
2 90 20
2 17 91
2 91 92
2 92 93
2 93 94
2 94 95
2 95 96
2 96 97
2 97 98
2 98 99
2 99 100
2 100 101
2 101 102
2 102 103
2 103 104
2 104 105
2 105 106
2 106 107
2 107 108
2 108 109
2 109 110
2 110 111
2 111 112
2 112 113
2 113 114
2 114 115
2 115 116
2 116 117
2 117 118
2 118 119
2 119 120
2 120 121
2 121 122
2 122 123
2 123 124
2 124 15
2 12 125
2 125 126
2 126 127
2 127 128
2 128 129
2 129 130
2 130 131
2 131 132
2 132 133
2 133 134
2 134 135
2 135 136
2 136 137
2 137 138
2 138 139
2 139 140
2 140 141
2 141 142
2 142 143
2 143 144
2 144 145
2 145 146
2 146 147
2 147 148
2 148 149
2 149 150
2 150 151
2 151 152
2 152 153
2 153 154
2 154 155
2 155 156
2 156 157
2 157 158
2 158 159
2 159 160
2 160 161
2 161 162
2 162 163
2 163 164
2 164 11
2 8 165
2 165 166
2 166 167
2 167 168
2 168 169
2 169 170
2 170 171
2 171 172
2 172 173
2 173 174
2 174 175
2 175 176
2 176 177
2 177 178
2 178 179
2 179 180
2 180 181
2 181 182
2 182 183
2 183 184
2 184 185
2 185 186
2 186 187
2 187 188
2 188 189
2 189 190
2 190 191
2 191 192
2 192 193
2 193 194
2 194 195
2 195 196
2 196 197
2 197 198
2 198 199
2 199 200
2 200 201
2 201 202
2 202 203
2 203 204
2 204 7
2 3 205
2 205 206
2 206 207
2 207 208
2 208 209
2 209 210
2 210 211
2 211 212
2 212 213
2 213 214
2 214 215
2 215 216
2 216 217
2 217 218
2 218 219
2 219 220
2 220 221
2 221 222
2 222 223
2 223 224
2 224 225
2 225 226
2 226 227
2 227 228
2 228 229
2 229 230
2 230 231
2 231 232
2 232 233
2 233 234
2 234 235
2 235 236
2 236 237
2 237 238
2 238 239
2 239 240
2 240 241
2 241 242
2 242 243
2 243 244
2 244 0
2 4 245
2 245 246
2 246 247
2 247 248
2 248 249
2 249 250
2 250 251
2 251 252
2 252 253
2 253 254
2 254 255
2 255 256
2 256 257
2 257 258
2 258 259
2 259 260
2 260 261
2 261 262
2 262 263
2 263 264
2 264 265
2 265 266
2 266 267
2 267 268
2 268 269
2 269 270
2 270 271
2 271 272
2 272 273
2 273 274
2 274 275
2 275 276
2 276 277
2 277 278
2 278 2
2 6 279
2 279 280
2 280 281
2 281 282
2 282 283
2 283 284
2 284 285
2 285 286
2 286 287
2 287 288
2 288 289
2 289 290
2 290 291
2 291 292
2 292 293
2 293 294
2 294 295
2 295 296
2 296 297
2 297 298
2 298 299
2 299 300
2 300 301
2 301 302
2 302 303
2 303 304
2 304 305
2 305 5
2 10 306
2 306 307
2 307 308
2 308 309
2 309 310
2 310 311
2 311 312
2 312 313
2 313 314
2 314 315
2 315 316
2 316 317
2 317 318
2 318 319
2 319 320
2 320 321
2 321 322
2 322 323
2 323 324
2 324 9
2 14 325
2 325 326
2 326 327
2 327 328
2 328 329
2 329 330
2 330 331
2 331 332
2 332 333
2 333 334
2 334 335
2 335 336
2 336 13
2 19 337
2 337 338
2 338 339
2 339 340
2 340 18
3 485 500 465
3 466 500 485
3 486 501 466
3 467 501 486
3 487 502 467
3 468 502 487
3 488 503 468
3 469 503 488
3 489 504 469
3 470 504 489
3 490 505 470
3 471 505 490
3 491 506 471
3 472 506 491
3 492 507 472
3 473 507 492
3 493 508 473
3 474 508 493
3 494 509 474
3 475 509 494
3 495 510 475
3 476 510 495
3 496 511 476
3 477 511 496
3 497 512 477
3 478 512 497
3 498 513 478
3 479 513 498
3 499 514 479
3 480 514 499
3 347 484 346
3 483 524 464
3 482 558 524
3 481 557 484
3 484 521 346
3 464 522 483
3 247 485 246
3 249 486 248
3 251 487 250
3 253 488 252
3 255 489 254
3 257 490 256
3 259 491 258
3 261 492 260
3 263 493 262
3 265 494 264
3 267 495 266
3 269 496 268
3 271 497 270
3 273 498 272
3 275 499 274
3 245 516 4
3 277 515 276
3 524 561 482
3 211 554 514
3 213 553 513
3 215 552 512
3 483 580 524
3 217 551 511
3 219 550 510
3 221 549 509
3 524 558 464
3 223 548 508
3 225 547 507
3 227 546 506
3 229 545 505
3 231 544 504
3 233 543 503
3 235 542 502
3 237 541 501
3 466 541 500
3 467 542 501
3 468 543 502
3 469 544 503
3 470 545 504
3 471 546 505
3 472 547 506
3 473 548 507
3 474 549 508
3 475 550 509
3 476 551 510
3 477 552 511
3 478 553 512
3 479 554 513
3 557 581 484
3 341 517 2
3 347 555 484
3 484 555 481
3 277 519 515
3 2 517 278
3 212 554 211
3 485 525 246
3 247 526 485
3 486 526 248
3 249 527 486
3 487 527 250
3 251 528 487
3 488 528 252
3 253 529 488
3 489 529 254
3 255 530 489
3 490 530 256
3 257 531 490
3 491 531 258
3 259 532 491
3 492 532 260
3 261 533 492
3 493 533 262
3 263 534 493
3 494 534 264
3 265 535 494
3 495 535 266
3 267 536 495
3 496 536 268
3 269 537 496
3 497 537 270
3 271 538 497
3 498 538 272
3 273 539 498
3 499 539 274
3 275 540 499
3 465 525 485
3 466 526 486
3 485 526 466
3 467 527 487
3 486 527 467
3 468 528 488
3 487 528 468
3 469 529 489
3 488 529 469
3 470 530 490
3 489 530 470
3 471 531 491
3 490 531 471
3 472 532 492
3 491 532 472
3 473 533 493
3 492 533 473
3 474 534 494
3 493 534 474
3 475 535 495
3 494 535 475
3 476 536 496
3 495 536 476
3 477 537 497
3 496 537 477
3 478 538 498
3 497 538 478
3 479 539 499
3 498 539 479
3 499 540 480
3 214 553 213
3 480 559 514
3 216 552 215
3 218 551 217
3 220 550 219
3 464 519 517
3 515 540 276
3 241 518 240
3 222 549 221
3 239 556 500
3 517 522 464
3 224 548 223
3 205 344 3
3 226 547 225
3 228 546 227
3 500 578 239
3 501 577 237
3 230 545 229
3 502 576 235
3 232 544 231
3 503 575 233
3 234 543 233
3 504 574 231
3 516 562 4
3 236 542 235
3 505 573 229
3 506 572 227
3 238 541 237
3 507 571 225
3 508 570 223
3 509 569 221
3 346 521 345
3 510 568 219
3 500 556 465
3 517 519 278
3 513 567 213
3 511 566 217
3 512 565 215
3 344 523 343
3 205 523 344
3 515 579 540
3 501 541 466
3 502 542 467
3 503 543 468
3 504 544 469
3 505 545 470
3 506 546 471
3 507 547 472
3 508 548 473
3 509 549 474
3 510 550 475
3 511 551 476
3 512 552 477
3 513 553 478
3 514 554 479
3 245 525 516
3 516 525 465
3 540 579 480
3 514 559 211
3 554 567 513
3 553 565 512
3 552 566 511
3 551 568 510
3 550 569 509
3 278 519 277
3 549 570 508
3 341 522 517
3 210 520 209
3 548 571 507
3 547 572 506
3 546 573 505
3 520 559 480
3 545 574 504
3 544 575 503
3 543 576 502
3 520 561 209
3 542 577 501
3 541 578 500
3 521 560 345
3 244 521 243
3 521 581 243
3 481 562 516
3 1 560 0
3 516 564 481
3 345 560 1
3 240 556 239
3 484 581 521
3 482 561 520
3 465 564 516
3 465 556 518
3 518 556 240
3 206 523 205
3 518 557 481
3 241 557 518
3 342 522 341
3 558 579 515
3 208 524 207
3 246 525 245
3 248 526 247
3 250 527 249
3 252 528 251
3 254 529 253
3 256 530 255
3 258 531 257
3 260 532 259
3 262 533 261
3 264 534 263
3 266 535 265
3 268 536 267
3 270 537 269
3 272 538 271
3 274 539 273
3 276 540 275
3 523 580 483
3 519 558 515
3 4 562 348
3 464 558 519
3 482 579 558
3 0 560 244
3 348 555 347
3 524 580 207
3 518 564 465
3 211 559 210
3 208 561 524
3 244 560 521
3 206 580 523
3 481 564 518
3 342 563 522
3 480 579 520
3 520 579 482
3 242 557 241
3 555 562 481
3 242 581 557
3 522 563 483
3 483 563 523
3 209 561 208
3 523 563 343
3 213 567 212
3 215 565 214
3 217 566 216
3 210 559 520
3 219 568 218
3 221 569 220
3 223 570 222
3 207 580 206
3 225 571 224
3 227 572 226
3 229 573 228
3 231 574 230
3 343 563 342
3 233 575 232
3 235 576 234
3 237 577 236
3 239 578 238
3 243 581 242
3 238 578 541
3 236 577 542
3 234 576 543
3 232 575 544
3 230 574 545
3 228 573 546
3 226 572 547
3 224 571 548
3 222 570 549
3 220 569 550
3 218 568 551
3 212 567 554
3 216 566 552
3 214 565 553
3 348 562 555
3 264 618 265
3 356 624 355
3 262 617 263
3 618 653 265
3 598 649 583
3 260 616 261
3 246 659 354
3 597 660 649
3 617 651 263
3 258 614 259
3 624 661 248
3 256 613 257
3 616 650 261
3 254 612 255
3 282 599 281
3 284 600 283
3 596 661 624
3 286 601 285
3 280 615 279
3 288 602 287
3 583 640 598
3 290 603 289
3 624 657 355
3 292 604 291
3 294 605 293
3 296 606 295
3 247 624 248
3 298 607 297
3 252 611 253
3 300 608 299
3 304 609 303
3 302 610 301
3 614 648 259
3 250 619 251
3 649 660 583
3 613 638 257
3 250 665 619
3 595 683 610
3 594 682 608
3 593 681 607
3 592 680 606
3 245 659 246
3 591 679 605
3 590 677 604
3 589 676 603
3 588 675 602
3 598 674 649
3 587 672 601
3 586 670 600
3 585 669 599
3 354 657 246
3 612 632 255
3 623 683 595
3 622 682 594
3 621 681 593
3 615 662 279
3 620 680 592
3 618 679 591
3 617 677 590
3 616 676 589
3 614 675 588
3 613 672 587
3 611 669 585
3 612 670 586
3 272 656 623
3 649 666 597
3 586 632 612
3 270 655 622
3 587 638 613
3 588 648 614
3 589 650 616
3 590 651 617
3 304 627 609
3 591 653 618
3 592 654 620
3 611 635 253
3 593 655 621
3 594 656 622
3 268 654 621
3 585 635 611
3 599 630 281
3 282 631 599
3 600 631 283
3 284 633 600
3 601 633 285
3 286 634 601
3 602 634 287
3 599 631 585
3 288 636 602
3 603 636 289
3 290 637 603
3 600 633 586
3 604 637 291
3 292 641 604
3 601 634 587
3 605 641 293
3 294 642 605
3 606 642 295
3 296 644 606
3 602 636 588
3 607 644 297
3 298 645 607
3 608 645 299
3 300 646 608
3 603 637 589
3 610 646 301
3 609 647 303
3 302 647 610
3 621 678 268
3 604 641 590
3 605 642 591
3 606 644 592
3 607 645 593
3 252 639 611
3 608 646 594
3 610 647 595
3 595 664 623
3 349 625 5
3 264 651 618
3 584 668 615
3 354 659 353
3 619 668 584
3 262 650 617
3 653 684 266
3 254 635 612
3 6 662 626
3 5 625 305
3 355 657 354
3 260 648 616
3 620 684 653
3 625 640 583
3 280 630 615
3 622 671 270
3 583 627 625
3 258 638 614
3 615 630 584
3 2 278 352
3 256 632 613
3 584 639 619
3 619 639 251
3 599 669 630
3 279 662 6
3 271 656 272
3 639 669 611
3 584 669 639
3 600 670 631
3 609 673 647
3 630 669 584
3 601 672 633
3 631 670 585
3 602 675 634
3 647 673 595
3 352 643 351
3 269 655 270
3 278 643 352
3 603 676 636
3 662 668 582
3 633 672 586
3 604 677 637
3 6 626 358
3 634 675 587
3 625 627 305
3 605 679 641
3 635 670 612
3 606 680 642
3 585 670 635
3 636 676 588
3 582 668 665
3 607 681 644
3 608 682 645
3 610 683 646
3 637 677 589
3 267 654 268
3 628 664 595
3 641 679 590
3 623 664 272
3 642 680 591
3 629 665 249
3 249 665 250
3 644 681 592
3 645 682 593
3 646 683 594
3 265 653 266
3 305 627 304
3 586 672 632
3 356 658 624
3 615 668 662
3 632 672 613
3 273 628 274
3 349 640 625
3 587 675 638
3 263 651 264
3 638 675 614
3 665 668 619
3 588 676 648
3 628 666 274
3 648 676 616
3 261 650 262
3 626 662 582
3 589 677 650
3 624 658 596
3 650 677 617
3 259 648 260
3 247 657 624
3 626 652 358
3 590 679 651
3 277 643 278
3 651 679 618
3 597 666 628
3 257 638 258
3 591 680 653
3 653 680 620
3 281 630 280
3 283 631 282
3 656 671 622
3 285 633 284
3 255 632 256
3 287 634 286
3 592 681 654
3 654 681 621
3 289 636 288
3 253 635 254
3 291 637 290
3 655 678 621
3 293 641 292
3 251 639 252
3 350 640 349
3 295 642 294
3 654 684 620
3 297 644 296
3 593 682 655
3 299 645 298
3 582 665 629
3 301 646 300
3 303 647 302
3 655 682 622
3 275 649 276
3 594 683 656
3 656 683 623
3 358 652 357
3 643 674 598
3 583 660 627
3 246 657 247
3 649 674 276
3 627 660 609
3 272 664 273
3 275 666 649
3 652 658 357
3 660 673 609
3 277 674 643
3 595 673 628
3 628 673 597
3 582 667 626
3 357 658 356
3 350 663 640
3 626 667 652
3 596 658 652
3 597 673 660
3 353 659 245
3 598 663 643
3 640 663 598
3 596 667 629
3 248 661 249
3 629 667 582
3 643 663 351
3 274 666 275
3 629 661 596
3 276 674 277
3 351 663 350
3 270 671 271
3 268 678 269
3 266 684 267
3 273 664 628
3 249 661 629
3 267 684 654
3 269 678 655
3 271 671 656
3 652 667 596
3 4 353 245
3 689 741 738
3 738 741 702
3 706 791 757
3 713 723 692
3 688 723 713
3 716 724 690
3 690 729 720
3 715 726 698
3 720 729 695
3 693 727 717
3 696 724 716
3 691 726 715
3 689 725 718
3 717 727 696
3 718 725 694
3 698 730 714
3 695 728 719
3 719 728 697
3 714 730 700
3 721 731 701
3 700 731 721
3 218 742 219
3 218 779 742
3 701 712 709
3 699 711 710
3 757 791 687
3 710 711 685
3 709 712 686
3 707 755 685
3 708 756 686
3 171 735 734
3 733 736 232
3 705 749 187
3 757 801 706
3 240 709 241
3 169 710 168
3 187 792 705
3 704 736 733
3 734 735 703
3 727 779 217
3 725 778 185
3 685 751 707
3 686 752 708
3 712 772 203
3 236 714 237
3 190 713 189
3 222 718 223
3 174 719 173
3 180 717 179
3 234 715 235
3 178 716 177
3 176 720 175
3 238 721 239
3 192 722 191
3 215 773 724
3 217 774 727
3 213 775 729
3 197 777 726
3 199 776 730
3 171 734 170
3 231 733 232
3 240 770 709
3 169 768 710
3 172 735 171
3 232 736 233
3 731 772 701
3 224 732 225
3 182 737 181
3 220 741 221
3 707 809 755
3 708 808 756
3 692 796 792
3 217 779 218
3 185 778 184
3 731 802 772
3 709 770 701
3 710 768 699
3 698 777 730
3 690 773 729
3 695 775 728
3 696 774 724
3 700 776 731
3 692 792 758
3 711 782 206
3 359 739 7
3 363 740 3
3 732 747 225
3 725 790 694
3 203 772 202
3 688 793 723
3 192 748 722
3 726 784 197
3 214 773 215
3 216 774 217
3 212 775 213
3 200 776 199
3 198 777 197
3 7 739 204
3 3 740 205
3 685 755 710
3 686 756 709
3 710 755 168
3 709 756 241
3 711 785 685
3 712 786 686
3 236 764 714
3 714 764 698
3 713 758 189
3 692 758 713
3 719 765 173
3 715 761 691
3 690 766 716
3 713 759 688
3 697 765 719
3 174 762 719
3 180 760 717
3 698 764 715
3 717 760 693
3 716 766 177
3 717 767 179
3 719 762 695
3 238 769 721
3 720 766 690
3 716 767 696
3 190 759 713
3 718 763 223
3 234 761 715
3 696 767 717
3 694 763 718
3 720 762 175
3 176 766 720
3 715 764 235
3 700 769 714
3 714 769 237
3 178 767 716
3 721 769 700
3 695 762 720
3 701 770 721
3 721 770 239
3 722 759 191
3 207 746 208
3 196 745 195
3 699 782 711
3 222 771 718
3 718 771 689
3 744 748 193
3 220 780 741
3 244 362 0
3 165 366 8
3 740 751 685
3 739 752 686
3 224 763 732
3 211 783 728
3 701 772 712
3 203 786 712
3 206 785 711
3 723 787 692
3 738 781 183
3 182 781 737
3 209 743 210
3 194 744 193
3 728 805 211
3 729 806 213
3 724 807 215
3 730 803 199
3 750 801 229
3 728 783 697
3 687 748 744
3 366 753 365
3 362 754 361
3 691 784 726
3 165 753 366
3 244 754 362
3 742 780 219
3 227 787 723
3 187 749 186
3 231 757 733
3 733 757 687
3 734 768 170
3 699 768 734
3 724 773 690
3 726 777 698
3 729 775 695
3 727 774 696
3 730 776 700
3 750 793 688
3 689 778 725
3 693 779 727
3 777 803 730
3 773 806 729
3 776 804 731
3 774 807 724
3 775 805 728
3 694 790 749
3 763 810 732
3 722 812 759
3 172 765 735
3 735 765 697
3 736 761 233
3 691 761 736
3 738 778 689
3 225 747 226
3 228 750 229
3 206 782 207
3 197 784 196
3 723 793 227
3 185 790 725
3 706 801 750
3 685 785 740
3 686 786 739
3 694 810 763
3 759 812 688
3 183 781 182
3 363 751 740
3 359 752 739
3 193 748 192
3 737 760 181
3 693 760 737
3 792 796 705
3 704 797 736
3 735 794 703
3 737 781 702
3 741 771 221
3 742 779 693
3 702 813 737
3 219 780 220
3 207 782 746
3 702 781 738
3 703 798 734
3 733 795 704
3 687 795 733
3 734 798 699
3 689 771 741
3 196 784 745
3 692 787 747
3 737 813 693
3 741 780 702
3 210 783 211
3 697 794 735
3 736 797 691
3 166 753 165
3 243 754 244
3 183 811 738
3 697 783 743
3 693 813 742
3 702 780 742
3 746 782 699
3 364 751 363
3 360 752 359
3 745 784 691
3 742 813 702
3 743 783 210
3 168 755 167
3 241 756 242
3 221 771 222
3 204 786 203
3 205 785 206
3 173 765 172
3 175 762 174
3 189 758 188
3 230 757 231
3 181 760 180
3 191 759 190
3 233 761 234
3 223 763 224
3 177 766 176
3 235 764 236
3 179 767 178
3 170 768 169
3 239 770 240
3 237 769 238
3 744 789 704
3 209 788 743
3 743 788 703
3 194 789 744
3 226 787 227
3 754 808 708
3 753 809 707
3 188 792 187
3 732 810 796
3 732 796 747
3 704 789 745
3 745 789 195
3 703 788 746
3 746 788 208
3 755 809 167
3 756 808 242
3 230 801 757
3 243 808 754
3 166 809 753
3 740 785 205
3 739 786 204
3 796 810 705
3 748 791 722
3 364 800 751
3 360 799 752
3 227 793 228
3 747 787 226
3 186 790 185
3 688 812 750
3 750 812 706
3 743 794 697
3 703 794 743
3 704 795 744
3 744 795 687
3 705 810 749
3 749 810 694
3 691 797 745
3 699 798 746
3 745 797 704
3 746 798 703
3 747 796 692
3 195 789 194
3 208 788 209
3 687 791 748
3 791 812 722
3 738 811 778
3 752 799 708
3 751 800 707
3 708 799 754
3 707 800 753
3 202 802 201
3 199 803 198
3 211 805 212
3 215 807 216
3 213 806 214
3 201 804 200
3 229 801 230
3 754 799 361
3 753 800 365
3 242 808 243
3 167 809 166
3 706 812 791
3 361 799 360
3 365 800 364
3 749 790 186
3 184 811 183
3 228 793 750
3 758 792 188
3 802 804 201
3 731 804 802
3 772 802 202
3 212 805 775
3 216 807 774
3 214 806 773
3 198 803 777
3 200 804 776
3 778 811 184
3 311 833 310
3 374 844 373
3 311 865 833
3 280 873 372
3 841 845 301
3 309 842 308
3 824 845 841
3 844 870 373
3 814 851 826
3 826 864 814
3 844 875 282
3 288 827 289
3 290 828 291
3 292 829 293
3 294 830 295
3 296 831 297
3 298 832 299
3 286 837 287
3 281 844 282
3 301 845 302
3 309 863 842
3 372 870 280
3 832 893 823
3 831 892 822
3 825 875 844
3 830 891 821
3 829 889 820
3 828 888 819
3 827 887 818
3 300 841 301
3 307 840 306
3 823 893 839
3 822 892 838
3 821 891 836
3 820 889 835
3 819 888 834
3 818 887 833
3 279 873 280
3 839 869 320
3 285 881 843
3 838 868 318
3 320 872 839
3 833 865 818
3 836 867 316
3 834 866 819
3 835 867 820
3 836 868 821
3 838 869 822
3 841 859 823
3 866 890 835
3 314 890 866
3 288 852 827
3 827 853 289
3 290 853 828
3 828 854 291
3 322 849 321
3 367 846 9
3 292 854 829
3 829 855 293
3 294 855 830
3 830 856 295
3 296 856 831
3 831 858 297
3 298 858 832
3 832 859 299
3 818 853 827
3 819 854 828
3 820 855 829
3 823 876 841
3 821 856 830
3 822 858 831
3 823 859 832
3 833 863 310
3 284 881 285
3 316 886 836
3 286 860 837
3 816 885 837
3 283 850 284
3 9 846 324
3 372 873 371
3 842 863 817
3 373 870 372
3 842 885 816
3 814 847 846
3 846 851 814
3 846 847 324
3 824 877 845
3 318 883 838
3 837 852 287
3 817 885 842
3 850 881 284
3 300 859 841
3 312 894 865
3 837 860 816
3 843 860 285
3 865 894 834
3 320 869 319
3 370 5 305
3 842 861 308
3 843 881 815
3 840 861 816
3 307 861 840
3 321 872 320
3 324 847 323
3 816 882 840
3 318 868 317
3 10 879 848
3 839 872 823
3 816 861 842
3 840 879 306
3 837 885 852
3 879 882 815
3 843 882 816
3 815 882 843
3 852 885 817
3 826 884 864
3 816 860 843
3 852 887 827
3 316 867 315
3 853 888 828
3 854 889 829
3 10 848 376
3 855 891 830
3 845 864 302
3 306 879 10
3 856 892 831
3 849 872 321
3 858 893 832
3 305 857 370
3 370 857 369
3 817 887 852
3 374 871 844
3 818 888 853
3 314 866 313
3 819 889 854
3 820 891 855
3 840 882 879
3 821 892 856
3 822 893 858
3 814 864 845
3 312 865 311
3 841 876 824
3 367 851 846
3 310 863 309
3 844 871 825
3 281 870 844
3 285 860 286
3 848 879 815
3 848 862 376
3 863 887 817
3 815 881 850
3 833 887 863
3 304 857 305
3 865 888 818
3 308 861 307
3 834 888 865
3 838 883 869
3 866 889 819
3 835 889 866
3 302 864 303
3 836 886 868
3 824 874 847
3 845 877 814
3 368 851 367
3 867 891 820
3 847 874 323
3 835 890 867
3 836 891 867
3 287 852 288
3 834 894 866
3 289 853 290
3 291 854 292
3 293 855 294
3 823 872 849
3 868 892 821
3 295 856 296
3 297 858 298
3 299 859 300
3 838 892 868
3 869 893 822
3 376 862 375
3 839 893 869
3 857 884 826
3 280 870 281
3 862 871 375
3 814 877 847
3 849 874 824
3 815 880 848
3 322 874 849
3 375 871 374
3 304 884 857
3 848 880 862
3 847 877 824
3 368 878 851
3 825 871 862
3 864 884 303
3 826 878 857
3 850 875 825
3 849 876 823
3 824 876 849
3 825 880 850
3 323 874 322
3 371 873 279
3 283 875 850
3 850 880 815
3 851 878 826
3 282 875 283
3 857 878 369
3 369 878 368
3 303 884 304
3 319 883 318
3 317 886 316
3 315 890 314
3 313 894 312
3 866 894 313
3 867 890 315
3 868 886 317
3 869 883 319
3 862 880 825
3 6 371 279
3 917 1001 978
3 911 948 946
3 946 948 908
3 921 929 901
3 897 929 921
3 922 933 903
3 902 930 920
3 923 932 902
3 924 931 899
3 900 933 922
3 903 932 923
3 907 931 924
3 920 930 898
3 926 935 909
3 905 934 925
3 925 934 906
3 906 935 926
3 909 936 927
3 927 936 910
3 911 949 947
3 947 949 895
3 978 1001 905
3 938 942 144
3 149 943 940
3 135 944 939
3 916 962 170
3 978 1015 917
3 170 1002 916
3 129 947 128
3 919 982 896
3 913 942 938
3 940 943 915
3 939 944 914
3 918 983 895
3 896 965 919
3 895 964 918
3 138 920 137
3 152 921 151
3 147 924 146
3 140 923 139
3 193 925 194
3 142 922 141
3 195 926 196
3 197 927 198
3 912 1024 941
3 945 1024 912
3 154 928 153
3 156 986 934
3 179 985 933
3 177 984 932
3 158 987 935
3 149 940 148
3 145 938 144
3 135 939 134
3 144 942 143
3 150 943 149
3 136 944 135
3 167 946 168
3 133 937 132
3 941 1024 199
3 908 1007 1002
3 199 1024 200
3 129 989 947
3 902 984 930
3 909 987 936
3 903 985 932
3 906 986 935
3 908 1002 979
3 381 950 8
3 377 951 11
3 937 960 132
3 897 1003 929
3 154 961 928
3 931 995 184
3 933 994 179
3 157 986 156
3 178 985 179
3 176 984 177
3 159 987 158
3 948 989 130
3 8 950 165
3 11 951 164
3 160 990 936
3 920 970 137
3 921 974 151
3 924 969 146
3 920 972 902
3 921 968 897
3 152 968 921
3 898 970 920
3 901 974 921
3 138 972 920
3 923 972 139
3 903 973 922
3 902 972 923
3 899 969 924
3 193 978 925
3 140 973 923
3 195 976 926
3 925 978 905
3 922 973 141
3 925 976 194
3 927 980 909
3 906 976 925
3 909 980 926
3 147 977 924
3 926 980 196
3 923 973 903
3 924 977 907
3 922 971 900
3 197 980 927
3 142 971 922
3 926 976 906
3 910 981 927
3 927 981 198
3 162 953 161
3 951 952 164
3 928 968 153
3 171 958 172
3 180 957 181
3 185 959 186
3 7 204 380
3 125 384 12
3 951 965 896
3 950 964 895
3 133 975 937
3 175 992 930
3 184 991 931
3 189 993 929
3 919 1022 982
3 167 988 946
3 905 1000 934
3 896 952 951
3 201 1024 945
3 182 954 183
3 187 956 188
3 173 955 174
3 949 988 166
3 930 1018 175
3 932 1020 177
3 935 1019 158
3 936 1017 160
3 130 989 129
3 171 962 958
3 963 1015 191
3 929 993 901
3 931 991 899
3 930 992 898
3 164 952 163
3 918 1023 983
3 380 966 379
3 384 967 383
3 900 994 933
3 907 995 931
3 204 966 380
3 125 967 384
3 936 990 910
3 934 1000 156
3 170 962 171
3 939 975 134
3 145 969 938
3 938 969 899
3 904 975 939
3 940 977 148
3 907 977 940
3 932 984 902
3 935 987 909
3 933 985 903
3 934 986 906
3 963 1003 897
3 941 981 910
3 199 981 941
3 984 1018 930
3 987 1017 936
3 985 1020 932
3 986 1019 935
3 949 1021 895
3 945 982 201
3 975 1025 937
3 928 1026 968
3 942 971 143
3 900 971 942
3 150 974 943
3 943 974 901
3 136 970 944
3 944 970 898
3 947 983 128
3 200 1024 201
3 132 960 131
3 948 1012 908
3 190 963 191
3 184 995 185
3 179 994 180
3 929 1003 189
3 917 1015 963
3 904 1025 975
3 968 1026 897
3 908 979 946
3 946 979 168
3 895 1021 950
3 381 964 950
3 377 965 951
3 161 990 160
3 155 961 154
3 896 982 945
3 1002 1007 916
3 913 1008 942
3 944 1005 914
3 943 1004 915
3 946 988 911
3 166 1021 949
3 166 988 167
3 947 989 911
3 895 983 947
3 953 990 161
3 130 1012 948
3 939 1010 904
3 915 1009 940
3 910 1016 941
3 899 1006 938
3 938 1006 913
3 940 1009 907
3 914 1010 939
3 185 995 959
3 180 994 957
3 911 988 949
3 961 1000 905
3 911 989 948
3 958 962 904
3 912 996 952
3 941 1016 912
3 174 992 175
3 183 991 184
3 188 993 189
3 908 1012 960
3 901 1004 943
3 898 1005 944
3 942 1008 900
3 203 966 204
3 126 967 125
3 912 1011 945
3 901 993 956
3 899 991 954
3 898 992 955
3 945 1011 896
3 128 983 127
3 910 990 953
3 201 982 202
3 382 964 381
3 378 965 377
3 952 996 163
3 957 994 900
3 959 995 907
3 954 991 183
3 955 992 174
3 956 993 188
3 165 1021 166
3 194 976 195
3 137 970 136
3 141 973 140
3 146 969 145
3 153 968 152
3 143 971 142
3 192 978 193
3 196 980 197
3 139 972 138
3 134 975 133
3 148 977 147
3 151 974 150
3 198 981 199
3 168 979 169
3 182 997 954
3 954 997 913
3 955 998 914
3 956 999 915
3 187 999 956
3 173 998 955
3 156 1000 155
3 966 1022 919
3 967 1023 918
3 953 996 912
3 162 996 953
3 131 1012 130
3 169 1002 170
3 952 1011 912
3 937 1025 1007
3 937 1007 960
3 957 997 181
3 913 997 957
3 958 998 172
3 915 999 959
3 959 999 186
3 914 998 958
3 192 1015 978
3 203 1022 966
3 126 1023 967
3 1007 1025 916
3 961 1001 928
3 382 1013 964
3 378 1014 965
3 912 1016 953
3 189 1003 190
3 896 1011 952
3 953 1016 910
3 897 1026 963
3 963 1026 917
3 955 1005 898
3 956 1004 901
3 915 1004 956
3 914 1005 955
3 954 1006 899
3 913 1006 954
3 163 996 162
3 962 1025 904
3 916 1025 962
3 155 1000 961
3 982 1022 202
3 950 1021 165
3 900 1008 957
3 907 1009 959
3 958 1010 914
3 957 1008 913
3 959 1009 915
3 904 1010 958
3 960 1007 908
3 960 1012 131
3 181 997 182
3 172 998 173
3 186 999 187
3 905 1001 961
3 1001 1026 928
3 983 1023 127
3 964 1013 918
3 965 1014 919
3 918 1013 967
3 919 1014 966
3 160 1017 159
3 177 1020 178
3 175 1018 176
3 158 1019 157
3 191 1015 192
3 967 1013 383
3 966 1014 379
3 202 1022 203
3 127 1023 126
3 917 1026 1001
3 383 1013 382
3 379 1014 378
3 190 1003 963
3 979 1002 169
3 176 1018 984
3 157 1019 986
3 178 1020 985
3 159 1017 987
3 317 1043 318
3 392 1045 391
3 1043 1063 318
3 307 1068 390
3 315 1041 316
3 1045 1069 309
3 1035 1062 1028
3 313 1039 314
3 328 1036 327
3 1028 1056 1035
3 330 1037 329
3 320 1044 321
3 332 1038 331
3 326 1040 325
3 1034 1069 1045
3 1041 1060 316
3 1045 1064 391
3 308 1045 309
3 334 1047 333
3 311 1042 312
3 320 1067 1044
3 1040 1070 325
3 306 1068 307
3 1039 1057 314
3 390 1064 307
3 311 1074 1042
3 1032 1080 1038
3 1031 1076 1037
3 1036 1075 1029
3 319 1063 1046
3 1029 1075 1039
3 1041 1076 1031
3 1043 1080 1032
3 1046 1067 319
3 328 1052 1036
3 1036 1053 327
3 1037 1052 329
3 330 1054 1037
3 1038 1054 331
3 334 1065 1047
3 1029 1053 1036
3 1037 1054 1031
3 1049 1056 1028
3 1031 1060 1041
3 1057 1075 1030
3 1039 1075 1057
3 317 1060 1043
3 390 1068 389
3 326 1053 1040
3 385 1049 13
3 332 1059 1038
3 1039 1055 1029
3 1070 1073 1027
3 1040 1073 1070
3 315 1057 1041
3 391 1064 390
3 318 1063 319
3 319 1067 320
3 13 1049 336
3 1038 1059 1032
3 1040 1053 1029
3 1029 1055 1042
3 313 1055 1039
3 1052 1075 1036
3 9 324 388
3 1029 1073 1040
3 1042 1073 1029
3 1030 1075 1052
3 1042 1055 312
3 1032 1063 1043
3 14 1070 1050
3 1037 1076 1052
3 1028 1077 1049
3 1048 1077 1028
3 1073 1074 1027
3 1035 1081 1062
3 1038 1080 1054
3 1052 1076 1030
3 1047 1059 333
3 325 1070 14
3 1054 1080 1031
3 1048 1065 335
3 388 1058 387
3 324 1058 388
3 1042 1074 1073
3 14 1050 394
3 1044 1062 321
3 1044 1067 1033
3 1033 1067 1046
3 1030 1076 1057
3 1028 1062 1044
3 1057 1076 1041
3 1051 1074 310
3 392 1066 1045
3 310 1074 311
3 1033 1078 1044
3 1032 1059 1047
3 1047 1065 1033
3 1046 1063 1032
3 316 1060 317
3 1050 1070 1027
3 1031 1080 1060
3 385 1056 1049
3 1046 1079 1033
3 1060 1080 1043
3 335 1077 1048
3 1044 1078 1028
3 335 1065 334
3 1032 1079 1046
3 333 1059 332
3 1045 1066 1034
3 314 1057 315
3 1050 1061 394
3 308 1064 1045
3 1033 1065 1048
3 329 1052 328
3 327 1053 326
3 323 1058 324
3 331 1054 330
3 1047 1079 1032
3 321 1062 322
3 1028 1078 1048
3 312 1055 313
3 1027 1074 1051
3 1033 1079 1047
3 386 1056 385
3 1048 1078 1033
3 394 1061 393
3 1058 1081 1035
3 336 1077 335
3 307 1064 308
3 1061 1066 393
3 1027 1072 1050
3 323 1081 1058
3 393 1066 392
3 1050 1072 1061
3 386 1071 1056
3 1034 1066 1061
3 1049 1077 336
3 1062 1081 322
3 1035 1071 1058
3 1056 1071 1035
3 389 1068 306
3 1034 1072 1051
3 309 1069 310
3 1051 1072 1027
3 1051 1069 1034
3 1058 1071 387
3 322 1081 323
3 387 1071 386
3 310 1069 1051
3 1061 1072 1034
3 10 389 306
3 1113 1127 1095
3 1096 1127 1113
3 1114 1128 1096
3 1097 1128 1114
3 1099 1136 1134
3 1134 1136 1083
3 1115 1130 1097
3 1098 1130 1115
3 143 1122 144
3 159 1173 1135
3 141 1121 142
3 401 1132 400
3 139 1120 140
3 1122 1165 144
3 158 1173 159
3 137 1119 138
3 1121 1163 142
3 135 1118 136
3 1120 1162 140
3 133 1117 134
3 131 1116 132
3 1119 1160 138
3 1130 1173 157
3 1118 1157 136
3 160 1134 161
3 1117 1150 134
3 1101 1170 1083
3 1116 1145 132
3 1132 1176 400
3 94 1102 93
3 96 1103 95
3 98 1104 97
3 1083 1140 1101
3 100 1105 99
3 102 1106 101
3 104 1107 103
3 106 1108 105
3 108 1109 107
3 110 1110 109
3 112 1111 111
3 114 1112 113
3 116 1113 115
3 118 1114 117
3 120 1115 119
3 157 1173 158
3 92 1129 91
3 129 1131 130
3 1095 1204 1112
3 1094 1203 1111
3 1093 1202 1110
3 122 1133 121
3 1092 1200 1109
3 1091 1198 1108
3 1090 1197 1107
3 1089 1196 1106
3 1088 1195 1105
3 1087 1193 1104
3 1086 1192 1103
3 1085 1191 1102
3 1126 1204 1095
3 1125 1203 1094
3 1124 1202 1093
3 1123 1200 1092
3 1122 1198 1091
3 1121 1197 1090
3 1120 1196 1089
3 1119 1195 1088
3 1118 1193 1087
3 1117 1192 1086
3 1116 1191 1085
3 160 1175 1134
3 157 1172 1130
3 155 1171 1128
3 1085 1145 1116
3 1086 1150 1117
3 1087 1157 1118
3 153 1169 1127
3 1088 1160 1119
3 1129 1178 91
3 1089 1162 1120
3 1090 1163 1121
3 1091 1165 1122
3 1135 1175 159
3 1092 1166 1123
3 1093 1167 1124
3 1094 1168 1125
3 1095 1169 1126
3 1096 1171 1127
3 1097 1172 1128
3 151 1168 1126
3 1131 1141 130
3 149 1167 1125
3 1102 1143 93
3 94 1144 1102
3 1103 1144 95
3 96 1146 1103
3 1166 1194 147
3 1104 1146 97
3 98 1147 1104
3 1124 1194 1166
3 1105 1147 99
3 100 1148 1105
3 1125 1190 149
3 1102 1144 1085
3 1106 1148 101
3 102 1149 1106
3 1107 1149 103
3 104 1151 1107
3 1103 1146 1086
3 395 1137 15
3 1108 1151 105
3 106 1152 1108
3 1104 1147 1087
3 1109 1152 107
3 108 1153 1109
3 1110 1153 109
3 1105 1148 1088
3 110 1154 1110
3 143 1163 1122
3 1111 1154 111
3 112 1155 1111
3 1106 1149 1089
3 1112 1155 113
3 114 1156 1112
3 1113 1156 115
3 116 1158 1113
3 1107 1151 1090
3 1114 1158 117
3 118 1159 1114
3 1115 1159 119
3 1108 1152 1091
3 1109 1153 1092
3 1110 1154 1093
3 1111 1155 1094
3 1095 1156 1113
3 1112 1156 1095
3 1096 1158 1114
3 1113 1158 1096
3 1097 1159 1115
3 1114 1159 1097
3 141 1162 1121
3 120 1161 1115
3 1084 1141 1131
3 139 1160 1120
3 1126 1188 151
3 1115 1161 1098
3 15 1137 124
3 1129 1187 1082
3 137 1157 1119
3 159 1175 160
3 1082 1187 1131
3 1131 1187 1084
3 135 1150 1118
3 17 1178 1138
3 1165 1199 145
3 400 1176 399
3 133 1145 1117
3 122 1174 1133
3 11 164 398
3 1127 1186 153
3 16 1180 12
3 131 1141 1116
3 1123 1199 1165
3 92 1143 1129
3 1137 1140 1083
3 12 1180 125
3 156 1172 157
3 1128 1185 155
3 1176 1180 399
3 1082 1178 1129
3 91 1178 17
3 1136 1174 123
3 154 1171 155
3 1143 1187 1129
3 1084 1187 1143
3 1101 1189 1170
3 398 1142 397
3 152 1169 153
3 164 1142 398
3 17 1138 403
3 1131 1179 1082
3 1127 1169 1095
3 1128 1171 1096
3 1130 1172 1097
3 1102 1191 1143
3 1103 1192 1144
3 150 1168 151
3 1136 1184 1083
3 1104 1193 1146
3 1098 1173 1130
3 1105 1195 1147
3 1106 1196 1148
3 1107 1197 1149
3 1135 1173 1098
3 1134 1170 161
3 1143 1191 1084
3 129 1179 1131
3 1108 1198 1151
3 399 1180 16
3 148 1167 149
3 1109 1200 1152
3 1144 1192 1085
3 1110 1202 1153
3 1111 1203 1154
3 1146 1193 1086
3 1112 1204 1155
3 1132 1182 126
3 1147 1195 1087
3 1133 1161 121
3 146 1166 147
3 1148 1196 1088
3 1149 1197 1089
3 1083 1184 1137
3 1151 1198 1090
3 1152 1200 1091
3 1098 1161 1133
3 1153 1202 1092
3 144 1165 145
3 1154 1203 1093
3 1155 1204 1094
3 401 1177 1132
3 142 1163 143
3 1133 1174 1099
3 395 1140 1137
3 126 1176 1132
3 123 1174 122
3 1083 1170 1134
3 1133 1201 1098
3 123 1184 1136
3 1099 1201 1133
3 140 1162 141
3 1135 1201 1099
3 1134 1175 1099
3 1084 1191 1141
3 1098 1201 1135
3 138 1160 139
3 1141 1191 1116
3 1099 1175 1135
3 1172 1185 1128
3 1099 1174 1136
3 1085 1192 1145
3 136 1157 137
3 1145 1192 1117
3 1171 1186 1127
3 1169 1188 1126
3 1086 1193 1150
3 1150 1193 1118
3 134 1150 135
3 1138 1164 403
3 1138 1178 1082
3 1168 1190 1125
3 1132 1177 1100
3 163 1142 164
3 1087 1195 1157
3 1167 1194 1124
3 1157 1195 1119
3 126 1182 127
3 132 1145 133
3 1166 1199 1123
3 1088 1196 1160
3 1160 1196 1120
3 130 1141 131
3 161 1170 162
3 1089 1197 1162
3 1162 1197 1121
3 1090 1198 1163
3 1163 1198 1122
3 1091 1200 1165
3 1165 1200 1123
3 396 1140 395
3 93 1143 92
3 95 1144 94
3 97 1146 96
3 99 1147 98
3 1092 1202 1166
3 101 1148 100
3 1166 1202 1124
3 103 1149 102
3 105 1151 104
3 121 1161 120
3 107 1152 106
3 109 1153 108
3 111 1154 110
3 113 1155 112
3 1093 1203 1167
3 115 1156 114
3 117 1158 116
3 128 1179 129
3 119 1159 118
3 1167 1203 1125
3 1100 1182 1132
3 1094 1204 1168
3 125 1176 126
3 1168 1204 1126
3 403 1164 402
3 124 1184 123
3 1142 1189 1101
3 1082 1179 1139
3 1139 1179 128
3 1164 1177 402
3 163 1189 1142
3 402 1177 401
3 396 1181 1140
3 1100 1177 1164
3 1082 1183 1138
3 125 1180 1176
3 1138 1183 1164
3 1137 1184 124
3 1170 1189 162
3 1139 1205 1100
3 1140 1181 1101
3 1101 1181 1142
3 1142 1181 397
3 162 1189 163
3 397 1181 396
3 1100 1183 1139
3 155 1185 156
3 153 1186 154
3 127 1205 128
3 151 1188 152
3 149 1190 150
3 147 1194 148
3 145 1199 146
3 146 1199 1166
3 1139 1183 1082
3 148 1194 1167
3 150 1190 1168
3 152 1188 1169
3 154 1186 1171
3 156 1185 1172
3 1100 1205 1182
3 128 1205 1139
3 1164 1183 1100
3 1182 1205 127
3 1218 1225 412
3 411 1212 410
3 1206 1220 1210
3 19 1219 413
3 1210 1221 1206
3 413 1219 1218
3 413 1218 412
3 1212 1224 410
3 1224 1227 409
3 1209 1225 1218
3 327 1212 328
3 332 1214 333
3 338 1211 337
3 326 1227 1224
3 1211 1219 337
3 1207 1219 1211
3 1212 1228 328
3 325 1227 326
3 1209 1228 1212
3 1216 1220 1206
3 1211 1226 1208
3 404 1216 18
3 332 1223 1214
3 1208 1226 1213
3 18 1216 340
3 1213 1231 1206
3 409 1227 408
3 1215 1235 1207
3 1208 1230 1211
3 1214 1221 333
3 1206 1231 1216
3 13 336 407
3 1206 1221 1214
3 411 1225 1212
3 1213 1226 339
3 329 1217 330
3 1211 1230 1207
3 1214 1223 1208
3 327 1224 1212
3 1215 1223 331
3 1207 1235 1217
3 331 1235 1215
3 337 1219 19
3 1206 1232 1213
3 1212 1225 1209
3 338 1226 1211
3 339 1231 1213
3 410 1224 409
3 1213 1232 1208
3 404 1220 1216
3 336 1222 407
3 1208 1223 1215
3 407 1222 406
3 1210 1233 1221
3 1208 1232 1214
3 1218 1219 1207
3 1207 1230 1215
3 1214 1232 1206
3 333 1221 334
3 330 1235 331
3 1215 1230 1208
3 405 1220 404
3 331 1223 332
3 335 1222 336
3 339 1226 338
3 1222 1233 1210
3 1217 1228 1209
3 340 1231 339
3 329 1228 1217
3 1217 1235 330
3 1210 1229 1222
3 326 1224 327
3 1221 1233 334
3 412 1225 411
3 405 1229 1220
3 335 1233 1222
3 1209 1234 1217
3 408 1227 325
3 1220 1229 1210
3 1216 1231 340
3 1217 1234 1207
3 1218 1234 1209
3 1207 1234 1218
3 1222 1229 406
3 328 1228 329
3 406 1229 405
3 334 1233 335
3 14 408 325
3 1244 1271 1258
3 1258 1271 1245
3 1245 1272 1259
3 1259 1272 1246
3 1246 1273 1261
3 1261 1273 1247
3 76 1269 75
3 1247 1274 1262
3 1262 1274 1248
3 1248 1275 1263
3 1263 1275 1249
3 1249 1264 1252
3 1252 1264 1237
3 421 1278 420
3 74 1268 73
3 76 1303 1269
3 72 1267 71
3 74 1302 1268
3 70 1265 69
3 92 1312 419
3 72 1301 1267
3 1251 1289 1237
3 68 1266 67
3 1278 1314 94
3 70 1299 1265
3 120 1252 121
3 1278 1306 420
3 1237 1282 1251
3 100 1253 101
3 68 1292 1266
3 102 1254 103
3 104 1255 105
3 106 1256 107
3 93 1278 94
3 108 1257 109
3 1250 1314 1278
3 110 1258 111
3 112 1259 113
3 98 1260 99
3 114 1261 115
3 116 1262 117
3 118 1263 119
3 97 1320 1277
3 96 1320 97
3 1257 1332 1244
3 1256 1331 1243
3 1255 1330 1242
3 1254 1328 1241
3 1253 1327 1240
3 419 1306 92
3 1264 1309 89
3 1244 1332 1270
3 1243 1331 1269
3 1242 1330 1268
3 1241 1328 1267
3 1240 1327 1265
3 91 1312 92
3 1275 1310 87
3 66 1276 65
3 1238 1326 1260
3 1266 1326 1238
3 120 1298 1252
3 1274 1308 85
3 1275 1309 1249
3 1273 1307 83
3 1265 1299 1240
3 1267 1301 1241
3 1251 1324 1289
3 1268 1302 1242
3 1269 1303 1243
3 1270 1304 1244
3 1271 1305 1245
3 1272 1307 1246
3 1273 1308 1247
3 1274 1310 1248
3 1272 1305 81
3 414 1279 20
3 1252 1298 1249
3 1292 1326 1266
3 1239 1326 1292
3 1271 1304 79
3 20 1279 90
3 100 1286 1253
3 1253 1287 101
3 102 1287 1254
3 1254 1288 103
3 104 1288 1255
3 1255 1290 105
3 106 1290 1256
3 1256 1291 107
3 1252 1289 121
3 108 1291 1257
3 1257 1293 109
3 1260 1286 99
3 110 1293 1258
3 1258 1294 111
3 1240 1287 1253
3 98 1283 1260
3 112 1294 1259
3 1259 1295 113
3 114 1295 1261
3 1261 1296 115
3 1241 1288 1254
3 116 1296 1262
3 1262 1297 117
3 118 1297 1263
3 1263 1298 119
3 1242 1290 1255
3 1243 1291 1256
3 1269 1302 75
3 1237 1289 1252
3 1258 1293 1244
3 1244 1293 1257
3 1260 1283 1238
3 1259 1294 1245
3 1245 1294 1258
3 79 1325 1271
3 1261 1295 1246
3 1246 1295 1259
3 1262 1296 1247
3 1247 1296 1261
3 1263 1297 1248
3 1248 1297 1262
3 1249 1298 1263
3 77 1329 1303
3 419 1312 418
3 1303 1329 1270
3 420 1306 419
3 1268 1301 73
3 1264 1313 1237
3 89 1309 88
3 1279 1282 1237
3 1267 1299 71
3 87 1310 86
3 1265 1292 69
3 81 1323 1272
3 15 124 417
3 1266 1285 67
3 85 1308 84
3 66 1285 1276
3 1276 1285 1238
3 1238 1285 1266
3 83 1322 1273
3 89 1313 1264
3 21 1316 1280
3 1277 1320 1236
3 83 1307 82
3 85 1319 1274
3 1249 1309 1264
3 1277 1283 97
3 1238 1321 1276
3 1236 1321 1277
3 1281 1320 95
3 1238 1283 1277
3 1244 1304 1271
3 1316 1321 1236
3 95 1320 96
3 1277 1321 1238
3 1275 1318 1309
3 1276 1316 65
3 1245 1305 1272
3 1246 1307 1273
3 1260 1326 1286
3 81 1305 80
3 1247 1308 1274
3 417 1284 416
3 124 1284 417
3 21 1280 423
3 1248 1310 1275
3 65 1316 21
3 1286 1327 1253
3 87 1318 1275
3 1287 1328 1254
3 1288 1330 1255
3 1286 1326 1239
3 1290 1331 1256
3 79 1304 78
3 1291 1332 1257
3 1237 1313 1279
3 1239 1327 1286
3 414 1282 1279
3 421 1311 1278
3 1240 1328 1287
3 1276 1321 1316
3 1241 1330 1288
3 77 1303 76
3 1242 1331 1290
3 1243 1332 1291
3 75 1302 74
3 73 1301 72
3 1274 1319 1310
3 1278 1311 1250
3 93 1306 1278
3 71 1299 70
3 1273 1322 1308
3 1272 1323 1307
3 1292 1327 1239
3 1280 1316 1236
3 1280 1300 423
3 1265 1327 1292
3 69 1292 68
3 123 1284 124
3 1271 1325 1305
3 1299 1328 1240
3 1270 1329 1304
3 1267 1328 1299
3 67 1285 66
3 1236 1320 1281
3 1301 1330 1241
3 1268 1330 1301
3 415 1282 414
3 97 1283 98
3 1302 1331 1242
3 1269 1331 1302
3 99 1286 100
3 101 1287 102
3 1303 1332 1243
3 103 1288 104
3 121 1289 122
3 1270 1332 1303
3 105 1290 106
3 107 1291 108
3 109 1293 110
3 111 1294 112
3 113 1295 114
3 115 1296 116
3 117 1297 118
3 119 1298 120
3 90 1313 89
3 423 1300 422
3 1284 1324 1251
3 92 1306 93
3 1289 1324 122
3 1300 1311 422
3 123 1324 1284
3 422 1311 421
3 1236 1317 1280
3 415 1315 1282
3 1279 1313 90
3 1250 1311 1300
3 1280 1317 1300
3 1251 1315 1284
3 418 1312 91
3 1250 1317 1281
3 1281 1314 1250
3 1282 1315 1251
3 94 1314 95
3 1281 1317 1236
3 1284 1315 416
3 95 1314 1281
3 88 1318 87
3 416 1315 415
3 122 1324 123
3 86 1319 85
3 84 1322 83
3 82 1323 81
3 80 1325 79
3 78 1329 77
3 1304 1329 78
3 1305 1325 80
3 1307 1323 82
3 1308 1322 84
3 1310 1319 86
3 1309 1318 88
3 1300 1317 1250
3 17 418 91
3 427 1335 426
3 337 1335 338
3 425 18 340
3 339 1336 340
3 426 1335 337
3 428 1334 427
3 1333 1334 428
3 1333 1336 339
3 425 1336 424
3 338 1334 339
3 339 1334 1333
3 424 1336 1333
3 22 1337 428
3 1333 1337 424
3 340 1336 425
3 424 1337 22
3 428 1337 1333
3 338 1335 1334
3 1334 1335 427
3 337 19 426
3 80 1365 81
3 436 1368 435
3 78 1364 79
3 1365 1391 81
3 66 1395 434
3 76 1362 77
3 1364 1389 79
3 1368 1398 68
3 74 1360 75
3 1349 1396 1387
3 1362 1388 77
3 72 1359 73
3 49 1351 48
3 67 1368 68
3 51 1352 50
3 47 1361 46
3 1368 1393 435
3 53 1353 52
3 55 1354 54
3 57 1355 56
3 59 1356 58
3 1339 1381 1350
3 61 1357 60
3 63 1358 62
3 1348 1398 1368
3 1360 1386 75
3 1350 1405 1339
3 70 1363 71
3 65 1395 66
3 1387 1396 1339
3 1347 1414 1357
3 1346 1413 1356
3 1345 1411 1355
3 1344 1410 1354
3 1343 1409 1353
3 1359 1377 73
3 434 1393 66
3 1342 1408 1352
3 1341 1406 1351
3 1367 1414 1347
3 1366 1413 1346
3 1365 1411 1345
3 1364 1410 1344
3 1362 1409 1343
3 1361 1397 46
3 1360 1408 1342
3 1359 1406 1341
3 1350 1380 89
3 1341 1377 1359
3 1342 1386 1360
3 63 1371 1358
3 84 1392 1367
3 1343 1388 1362
3 1344 1389 1364
3 1345 1391 1365
3 1346 1392 1366
3 89 1405 1350
3 1351 1374 48
3 49 1375 1351
3 1352 1375 50
3 51 1376 1352
3 1353 1376 52
3 53 1378 1353
3 1354 1378 54
3 82 1391 1366
3 55 1382 1354
3 1351 1375 1341
3 1387 1403 1349
3 1355 1382 56
3 57 1383 1355
3 1356 1383 58
3 59 1384 1356
3 1357 1384 60
3 1352 1376 1342
3 61 1385 1357
3 1358 1385 62
3 1353 1378 1343
3 1366 1412 82
3 1354 1382 1344
3 429 1369 23
3 1355 1383 1345
3 1356 1384 1346
3 434 1395 433
3 1357 1385 1347
3 70 1400 1363
3 80 1389 1365
3 1340 1404 1361
3 1363 1404 1340
3 1347 1402 1367
3 435 1393 434
3 23 1369 64
3 1340 1379 1363
3 24 1397 1370
3 78 1388 1364
3 90 432 20
3 47 1374 1361
3 1363 1379 71
3 1369 1381 1339
3 72 1379 1359
3 76 1386 1362
3 1361 1374 1340
3 1339 1371 1369
3 1339 1405 1387
3 74 1377 1360
3 46 1397 24
3 1358 1407 1385
3 432 1380 431
3 1351 1406 1374
3 90 1380 432
3 1397 1404 1338
3 1385 1407 1347
3 1352 1408 1375
3 1374 1406 1340
3 24 1370 438
3 1353 1409 1376
3 83 1392 84
3 1369 1371 64
3 1354 1410 1378
3 1375 1408 1341
3 1355 1411 1382
3 1376 1409 1342
3 1356 1413 1383
3 1338 1404 1400
3 1357 1414 1384
3 1367 1402 84
3 1379 1406 1359
3 1378 1410 1343
3 1340 1406 1379
3 1361 1404 1397
3 1382 1411 1344
3 81 1391 82
3 1383 1413 1345
3 1384 1414 1346
3 64 1371 63
3 1372 1402 1347
3 436 1394 1368
3 1341 1408 1377
3 429 1381 1369
3 79 1389 80
3 1377 1408 1360
3 85 1372 86
3 1400 1404 1363
3 69 1400 70
3 1342 1409 1386
3 1370 1397 1338
3 1373 1400 69
3 1386 1409 1362
3 77 1388 78
3 1343 1410 1388
3 1370 1390 438
3 1368 1394 1348
3 1388 1410 1364
3 67 1393 1368
3 89 1380 90
3 75 1386 76
3 1344 1411 1389
3 1389 1411 1365
3 48 1374 47
3 73 1377 74
3 1372 1403 86
3 50 1375 49
3 52 1376 51
3 1345 1413 1391
3 54 1378 53
3 1391 1413 1366
3 56 1382 55
3 71 1379 72
3 430 1381 429
3 1392 1412 1366
3 58 1383 57
3 60 1384 59
3 1349 1403 1372
3 62 1385 61
3 1346 1414 1392
3 87 1387 88
3 1392 1414 1367
3 1338 1400 1373
3 438 1390 437
3 88 1405 89
3 1339 1396 1371
3 84 1402 85
3 66 1393 67
3 1371 1396 1358
3 87 1403 1387
3 1396 1407 1358
3 1390 1394 437
3 1347 1407 1372
3 1372 1407 1349
3 1338 1401 1370
3 437 1394 436
3 430 1399 1381
3 1348 1394 1390
3 1370 1401 1390
3 1349 1407 1396
3 68 1398 69
3 433 1395 65
3 1381 1399 1350
3 1348 1401 1373
3 1350 1399 1380
3 1373 1401 1338
3 1380 1399 431
3 86 1403 87
3 431 1399 430
3 82 1412 83
3 1373 1398 1348
3 85 1402 1372
3 69 1398 1373
3 83 1412 1392
3 1387 1405 88
3 1390 1401 1348
3 65 21 433
3 446 1433 445
3 1424 1447 1415
3 56 1431 57
3 34 1436 26
3 47 1454 444
3 1415 1445 1424
3 34 1437 1436
3 51 1440 1434
3 38 1426 37
3 40 1427 39
3 42 1428 41
3 60 1425 61
3 54 1430 55
3 1431 1449 57
3 52 1434 1429
3 35 1437 34
3 1433 1457 49
3 1433 1452 445
3 35 1460 1437
3 1429 1459 1421
3 52 1429 53
3 48 1433 49
3 1422 1457 1433
3 444 1452 47
3 1434 1440 1416
3 1434 1459 1429
3 1430 1446 55
3 46 1454 47
3 60 1438 1425
3 38 1441 1426
3 1435 1445 1415
3 1427 1441 39
3 1420 1467 1428
3 40 1442 1427
3 1419 1465 1427
3 1418 1464 1426
3 1428 1442 41
3 42 1443 1428
3 1425 1447 61
3 58 1449 1432
3 1426 1441 1418
3 1430 1464 1418
3 1427 1442 1419
3 1431 1465 1419
3 1424 1469 1447
3 1428 1443 1420
3 1432 1467 1420
3 1421 1463 1429
3 1415 1451 1435
3 51 1434 52
3 1429 1463 1417
3 1418 1446 1430
3 1420 1466 1432
3 1417 1444 1429
3 50 1440 51
3 1419 1449 1431
3 56 1446 1431
3 1426 1455 37
3 1429 1444 53
3 444 1454 443
3 1427 1465 1441
3 54 1444 1430
3 1417 1464 1444
3 439 1435 25
3 445 1452 444
3 1441 1465 1418
3 1428 1467 1442
3 1444 1464 1430
3 25 1435 45
3 1455 1464 1417
3 1442 1467 1419
3 442 23 64
3 1418 1465 1446
3 1425 1468 1447
3 1426 1464 1455
3 1432 1466 58
3 1446 1465 1431
3 1415 1468 1451
3 1447 1468 1415
3 1438 1466 1420
3 26 1436 448
3 57 1449 58
3 1419 1467 1449
3 64 1448 442
3 442 1448 441
3 1449 1467 1432
3 446 1453 1433
3 1436 1437 1416
3 59 1438 60
3 439 1445 1435
3 55 1446 56
3 1433 1453 1422
3 48 1452 1433
3 39 1441 38
3 1439 1455 1417
3 41 1442 40
3 43 1443 42
3 1437 1460 1421
3 1436 1450 448
3 36 1455 1439
3 53 1444 54
3 37 1455 36
3 1435 1451 45
3 63 1448 64
3 45 1451 44
3 440 1445 439
3 1451 1468 1423
3 1451 1458 44
3 61 1447 62
3 1416 1459 1434
3 58 1466 59
3 1439 1460 36
3 448 1450 447
3 1448 1469 1424
3 36 1460 35
3 1423 1458 1451
3 43 1458 1443
3 47 1452 48
3 1416 1462 1436
3 1447 1469 62
3 1450 1453 447
3 1436 1462 1450
3 1437 1459 1416
3 1421 1459 1437
3 447 1453 446
3 63 1469 1448
3 440 1461 1445
3 1420 1456 1438
3 1438 1456 1425
3 1422 1453 1450
3 1424 1461 1448
3 1439 1463 1421
3 1440 1457 1422
3 1417 1463 1439
3 1458 1470 1443
3 1422 1462 1440
3 59 1466 1438
3 1445 1461 1424
3 1440 1462 1416
3 443 1454 46
3 50 1457 1440
3 49 1457 50
3 1421 1460 1439
3 44 1458 43
3 1448 1461 441
3 441 1461 440
3 62 1469 63
3 1443 1470 1420
3 1423 1468 1456
3 1456 1468 1425
3 1450 1462 1422
3 1423 1470 1458
3 1456 1470 1423
3 1420 1470 1456
3 24 443 46
3 456 1477 455
3 1471 1486 1475
3 1476 1492 1473
3 1473 1492 1478
3 1475 1484 1471
3 41 1476 42
3 1477 1488 455
3 1476 1484 42
3 1471 1484 1476
3 458 1485 1483
3 31 1479 30
3 36 1477 37
3 28 1485 458
3 1478 1495 1472
3 1481 1486 1471
3 1471 1501 1481
3 31 1489 1479
3 1480 1501 1471
3 449 1481 27
3 27 1481 33
3 1488 1491 454
3 34 1491 35
3 1472 1495 1482
3 1474 1493 1477
3 36 1488 1477
3 1476 1494 1471
3 35 1491 1488
3 1477 1493 37
3 456 1490 1477
3 38 1482 39
3 454 1491 453
3 1473 1494 1476
3 1479 1485 30
3 1472 1485 1479
3 41 1492 1476
3 1478 1496 1473
3 1477 1490 1474
3 1478 1492 40
3 1479 1489 1473
3 25 45 452
3 40 1495 1478
3 1472 1496 1478
3 38 1493 1482
3 1483 1485 1472
3 1482 1493 1474
3 449 1486 1481
3 30 1485 28
3 1480 1489 32
3 1475 1499 1484
3 42 1484 43
3 32 1501 1480
3 45 1487 452
3 452 1487 451
3 1487 1499 1475
3 455 1488 454
3 1473 1489 1480
3 1475 1497 1487
3 450 1486 449
3 1479 1496 1472
3 44 1487 45
3 1480 1494 1473
3 1473 1496 1479
3 1471 1494 1480
3 1483 1500 458
3 1484 1499 43
3 32 1489 31
3 33 1501 32
3 1481 1501 33
3 40 1492 41
3 39 1495 40
3 35 1488 36
3 458 1500 457
3 1474 1498 1482
3 450 1497 1486
3 457 1490 456
3 1482 1498 1472
3 1474 1500 1483
3 1486 1497 1475
3 1482 1495 39
3 453 1491 34
3 44 1499 1487
3 1483 1498 1474
3 1472 1498 1483
3 1487 1497 451
3 37 1493 38
3 451 1497 450
3 43 1499 44
3 1490 1500 1474
3 457 1500 1490
3 26 453 34
3 462 1504 461
3 30 1504 31
3 460 27 33
3 32 1505 33
3 461 1504 30
3 463 1503 462
3 1502 1503 463
3 1502 1505 32
3 460 1505 459
3 31 1503 32
3 32 1503 1502
3 459 1505 1502
3 29 1506 463
3 1502 1506 459
3 33 1505 460
3 459 1506 29
3 463 1506 1502
3 31 1504 1503
3 1503 1504 462
3 461 30 28

CELL_TYPES 3183
3
3
3
3
3
3
3
3
3
3
3
3
3
3
3
3
3
3
3
3
3
3
3
3
3
3
3
3
3
3
3
3
3
3
3
3
3
3
3
3
3
3
3
3
3
3
3
3
3
3
3
3
3
3
3
3
3
3
3
3
3
3
3
3
3
3
3
3
3
3
3
3
3
3
3
3
3
3
3
3
3
3
3
3
3
3
3
3
3
3
3
3
3
3
3
3
3
3
3
3
3
3
3
3
3
3
3
3
3
3
3
3
3
3
3
3
3
3
3
3
3
3
3
3
3
3
3
3
3
3
3
3
3
3
3
3
3
3
3
3
3
3
3
3
3
3
3
3
3
3
3
3
3
3
3
3
3
3
3
3
3
3
3
3
3
3
3
3
3
3
3
3
3
3
3
3
3
3
3
3
3
3
3
3
3
3
3
3
3
3
3
3
3
3
3
3
3
3
3
3
3
3
3
3
3
3
3
3
3
3
3
3
3
3
3
3
3
3
3
3
3
3
3
3
3
3
3
3
3
3
3
3
3
3
3
3
3
3
3
3
3
3
3
3
3
3
3
3
3
3
3
3
3
3
3
3
3
3
3
3
3
3
3
3
3
3
3
3
3
3
3
3
3
3
3
3
3
3
3
3
3
3
3
3
3
3
3
3
3
3
3
3
3
3
3
3
3
3
3
3
3
3
3
3
3
3
3
3
3
3
3
3
3
3
3
3
3
3
3
3
3
3
3
3
5
5
5
5
5
5
5
5
5
5
5
5
5
5
5
5
5
5
5
5
5
5
5
5
5
5
5
5
5
5
5
5
5
5
5
5
5
5
5
5
5
5
5
5
5
5
5
5
5
5
5
5
5
5
5
5
5
5
5
5
5
5
5
5
5
5
5
5
5
5
5
5
5
5
5
5
5
5
5
5
5
5
5
5
5
5
5
5
5
5
5
5
5
5
5
5
5
5
5
5
5
5
5
5
5
5
5
5
5
5
5
5
5
5
5
5
5
5
5
5
5
5
5
5
5
5
5
5
5
5
5
5
5
5
5
5
5
5
5
5
5
5
5
5
5
5
5
5
5
5
5
5
5
5
5
5
5
5
5
5
5
5
5
5
5
5
5
5
5
5
5
5
5
5
5
5
5
5
5
5
5
5
5
5
5
5
5
5
5
5
5
5
5
5
5
5
5
5
5
5
5
5
5
5
5
5
5
5
5
5
5
5
5
5
5
5
5
5
5
5
5
5
5
5
5
5
5
5
5
5
5
5
5
5
5
5
5
5
5
5
5
5
5
5
5
5
5
5
5
5
5
5
5
5
5
5
5
5
5
5
5
5
5
5
5
5
5
5
5
5
5
5
5
5
5
5
5
5
5
5
5
5
5
5
5
5
5
5
5
5
5
5
5
5
5
5
5
5
5
5
5
5
5
5
5
5
5
5
5
5
5
5
5
5
5
5
5
5
5
5
5
5
5
5
5
5
5
5
5
5
5
5
5
5
5
5
5
5
5
5
5
5
5
5
5
5
5
5
5
5
5
5
5
5
5
5
5
5
5
5
5
5
5
5
5
5
5
5
5
5
5
5
5
5
5
5
5
5
5
5
5
5
5
5
5
5
5
5
5
5
5
5
5
5
5
5
5
5
5
5
5
5
5
5
5
5
5
5
5
5
5
5
5
5
5
5
5
5
5
5
5
5
5
5
5
5
5
5
5
5
5
5
5
5
5
5
5
5
5
5
5
5
5
5
5
5
5
5
5
5
5
5
5
5
5
5
5
5
5
5
5
5
5
5
5
5
5
5
5
5
5
5
5
5
5
5
5
5
5
5
5
5
5
5
5
5
5
5
5
5
5
5
5
5
5
5
5
5
5
5
5
5
5
5
5
5
5
5
5
5
5
5
5
5
5
5
5
5
5
5
5
5
5
5
5
5
5
5
5
5
5
5
5
5
5
5
5
5
5
5
5
5
5
5
5
5
5
5
5
5
5
5
5
5
5
5
5
5
5
5
5
5
5
5
5
5
5
5
5
5
5
5
5
5
5
5
5
5
5
5
5
5
5
5
5
5
5
5
5
5
5
5
5
5
5
5
5
5
5
5
5
5
5
5
5
5
5
5
5
5
5
5
5
5
5
5
5
5
5
5
5
5
5
5
5
5
5
5
5
5
5
5
5
5
5
5
5
5
5
5
5
5
5
5
5
5
5
5
5
5
5
5
5
5
5
5
5
5
5
5
5
5
5
5
5
5
5
5
5
5
5
5
5
5
5
5
5
5
5
5
5
5
5
5
5
5
5
5
5
5
5
5
5
5
5
5
5
5
5
5
5
5
5
5
5
5
5
5
5
5
5
5
5
5
5
5
5
5
5
5
5
5
5
5
5
5
5
5
5
5
5
5
5
5
5
5
5
5
5
5
5
5
5
5
5
5
5
5
5
5
5
5
5
5
5
5
5
5
5
5
5
5
5
5
5
5
5
5
5
5
5
5
5
5
5
5
5
5
5
5
5
5
5
5
5
5
5
5
5
5
5
5
5
5
5
5
5
5
5
5
5
5
5
5
5
5
5
5
5
5
5
5
5
5
5
5
5
5
5
5
5
5
5
5
5
5
5
5
5
5
5
5
5
5
5
5
5
5
5
5
5
5
5
5
5
5
5
5
5
5
5
5
5
5
5
5
5
5
5
5
5
5
5
5
5
5
5
5
5
5
5
5
5
5
5
5
5
5
5
5
5
5
5
5
5
5
5
5
5
5
5
5
5
5
5
5
5
5
5
5
5
5
5
5
5
5
5
5
5
5
5
5
5
5
5
5
5
5
5
5
5
5
5
5
5
5
5
5
5
5
5
5
5
5
5
5
5
5
5
5
5
5
5
5
5
5
5
5
5
5
5
5
5
5
5
5
5
5
5
5
5
5
5
5
5
5
5
5
5
5
5
5
5
5
5
5
5
5
5
5
5
5
5
5
5
5
5
5
5
5
5
5
5
5
5
5
5
5
5
5
5
5
5
5
5
5
5
5
5
5
5
5
5
5
5
5
5
5
5
5
5
5
5
5
5
5
5
5
5
5
5
5
5
5
5
5
5
5
5
5
5
5
5
5
5
5
5
5
5
5
5
5
5
5
5
5
5
5
5
5
5
5
5
5
5
5
5
5
5
5
5
5
5
5
5
5
5
5
5
5
5
5
5
5
5
5
5
5
5
5
5
5
5
5
5
5
5
5
5
5
5
5
5
5
5
5
5
5
5
5
5
5
5
5
5
5
5
5
5
5
5
5
5
5
5
5
5
5
5
5
5
5
5
5
5
5
5
5
5
5
5
5
5
5
5
5
5
5
5
5
5
5
5
5
5
5
5
5
5
5
5
5
5
5
5
5
5
5
5
5
5
5
5
5
5
5
5
5
5
5
5
5
5
5
5
5
5
5
5
5
5
5
5
5
5
5
5
5
5
5
5
5
5
5
5
5
5
5
5
5
5
5
5
5
5
5
5
5
5
5
5
5
5
5
5
5
5
5
5
5
5
5
5
5
5
5
5
5
5
5
5
5
5
5
5
5
5
5
5
5
5
5
5
5
5
5
5
5
5
5
5
5
5
5
5
5
5
5
5
5
5
5
5
5
5
5
5
5
5
5
5
5
5
5
5
5
5
5
5
5
5
5
5
5
5
5
5
5
5
5
5
5
5
5
5
5
5
5
5
5
5
5
5
5
5
5
5
5
5
5
5
5
5
5
5
5
5
5
5
5
5
5
5
5
5
5
5
5
5
5
5
5
5
5
5
5
5
5
5
5
5
5
5
5
5
5
5
5
5
5
5
5
5
5
5
5
5
5
5
5
5
5
5
5
5
5
5
5
5
5
5
5
5
5
5
5
5
5
5
5
5
5
5
5
5
5
5
5
5
5
5
5
5
5
5
5
5
5
5
5
5
5
5
5
5
5
5
5
5
5
5
5
5
5
5
5
5
5
5
5
5
5
5
5
5
5
5
5
5
5
5
5
5
5
5
5
5
5
5
5
5
5
5
5
5
5
5
5
5
5
5
5
5
5
5
5
5
5
5
5
5
5
5
5
5
5
5
5
5
5
5
5
5
5
5
5
5
5
5
5
5
5
5
5
5
5
5
5
5
5
5
5
5
5
5
5
5
5
5
5
5
5
5
5
5
5
5
5
5
5
5
5
5
5
5
5
5
5
5
5
5
5
5
5
5
5
5
5
5
5
5
5
5
5
5
5
5
5
5
5
5
5
5
5
5
5
5
5
5
5
5
5
5
5
5
5
5
5
5
5
5
5
5
5
5
5
5
5
5
5
5
5
5
5
5
5
5
5
5
5
5
5
5
5
5
5
5
5
5
5
5
5
5
5
5
5
5
5
5
5
5
5
5
5
5
5
5
5
5
5
5
5
5
5
5
5
5
5
5
5
5
5
5
5
5
5
5
5
5
5
5
5
5
5
5
5
5
5
5
5
5
5
5
5
5
5
5
5
5
5
5
5
5
5
5
5
5
5
5
5
5
5
5
5
5
5
5
5
5
5
5
5
5
5
5
5
5
5
5
5
5
5
5
5
5
5
5
5
5
5
5
5
5
5
5
5
5
5
5
5
5
5
5
5
5
5
5
5
5
5
5
5
5
5
5
5
5
5
5
5
5
5
5
5
5
5
5
5
5
5
5
5
5
5
5
5
5
5
5
5
5
5
5
5
5
5
5
5
5
5
5
5
5
5
5
5
5
5
5
5
5
5
5
5
5
5
5
5
5
5
5
5
5
5
5
5
5
5
5
5
5
5
5
5
5
5
5
5
5
5
5
5
5
5
5
5
5
5
5
5
5
5
5
5
5
5
5
5
5
5
5
5
5
5
5
5
5
5
5
5
5
5
5
5
5
5
5
5
5
5
5
5
5
5
5
5
5
5
5
5
5
5
5
5
5
5
5
5
5
5
5
5
5
5
5
5
5
5
5
5
5
5
5
5
5
5
5
5
5
5
5
5
5
5
5
5
5
5
5
5
5
5
5
5
5
5
5
5
5
5
5
5
5
5
5
5
5
5
5
5
5
5
5
5
5
5
5
5
5
5
5
5
5
5
5
5
5
5
5
5
5
5
5
5
5
5
5
5
5
5
5
5
5
5
5
5
5
5
5
5
5
5
5
5
5
5
5
5
5
5
5
5
5
5
5
5
5
5
5
5
5
5
5
5
5
5
5
5
5
5
5
5
5
5
5
5
5
5
5
5
5
5
5
5
5
5
5
5
5
5
5
5
5
5
5
5
5
5
5
5
5
5
5
5
5
5
5
5
5
5
5
5
5
5
5
5
5
5
5
5
5
5
5
5
5
5
5
5
5
5
5
5
5
5
5
5
5
5
5
5
5
5
5
5
5
5
5
5
5
5
5
5
5
5
5
5
5
5
5
5
5
5
5
5
5
5
5
5
5
5
5
5
5
5
5
5
5
5
5
5
5
5
5
5
5
5
5
5
5
5
5
5
5
5
5
5
5
5
5
5
5
5
5
5
5
5
5
5
5
5
5
5
5
5
5
5
5
5
5
5
5
5
5
5
5
5
5
5
5
5
5
5
5
5
5
5
5
5
5
5
5
5
5
5
5
5
5
5
5
5
5
5
5
5
5
5
5
5
5
5
5
5
5
5
5
5
5
5
5
5
5
5
5
5
5
5
5
5
5
5
5
5
5
5
5
5
5
5
5
5
5
5
5
5
5
5
5
5
5
5
5
5
5
5
5
5
5
5
5
5
5
5
5
5
5
5
5
5
5
5
5
5
5
5
5
5
5
5
5
5
5
5
5
5
5
5
5
5
5
5
5
5
5
5
5
5
5
5
5
5
5
5
5
5
5
5
5
5
5
5
5
5
5
5
5
5
5
5
5
5
5
5
5
5
5
5
5
5
5
5
5
5
5
5
5
5
5
5
5
5
5
5
5
5
5
5
5
5
5
5
5
5
5
5
5
5
5
5
5
5
5
5
5
5
5
5
5
5
5
5
5
5
5
5
5
5
5
5
5
5
5
5
5
5
5
5
5
5
5
5
5
5
5
5
5
5
5
5
5
5
5
5
5
5
5
5
5
5
5
5
5
5
5
5
5
5
5
5
5
5
5
5
5
5
5
5
5
5
5
5
5
5
5
5
5
5
5
5
5
5
5
5
5
5
5
5
5
5
5
5
5
5
5
5
5
5
5
5
5
5
5
5
5
5
5
5
5
5
5
5
5
5
5
5
5
5
5
5
5
5
5
5
5
5
5
5
5
5
5
5
5
5
5
5
5
5
5
5
5
5
5
5
5
5
5
5
5
5
5
5
5
5
5
5
5
5
5
5
5
5
5
5
5
5
5
5
5
5
5
5
5
5
5
5
5
5
5
5
5
5
5
5
5
5
5
5
5
5
5
5
5
5
5
5
5
5
5
5
5
5
5
5
5
5
5
5
5
5
5
5
5
5
5
5
5
5
5
5
5
5
5
5
5
5
5
5
5
5
5
5
5
5
5
5
5
5
5
5
5
5
5
5
5
5
5
5
5
5
5
5
5
5
5
5
5
5
5
5
5
5
5
5
5
5
5
5
5
5
5
5
5
5
5
5
5
5
5
5
5
5
5
5
5
5
5
5
5
5
5
5
5
5
5
5
5
5
5
5
5
5
5
5
5
5
5
5
5
5
5
5
5
5
5
5
5
5
5
5
5
5
5
5
5
5
5
5
5
5
5
5
5
5
5
5
5
5
5
5
5
5
5
5
5
5
5
5
5
5
5
5
5
5
5
5
5
5
5
5
5
5
5
5
5
5
5
5
5
5
5
5
5
5
5
5
5
5
5
5
5
5
5
5
5
5
5
5
5
5
5
5
5
5
5
5
5
5
5
5
5
5
5
5
5
5
5
5
5
5
5
5
5
5
5
5
5
5
5
5
5
5
5
5
5
5
5
5
5
5
5
5
5
5
5
5
5
5
5
5
5
5
5
5
5
5
5
5
5
5
5
5
5
5
5
5
5
5
5
5
5
5
5
5
5
5
5
5
5
5
5
5
5
5
5
5
5
5
5
5
5
5
5
5
5
5
5
5
5
5
5
5
5
5
5
5
5
5
5
5
5
5
5
5
5
5
5
5
5
5
5
5
5
5
5
5
5
5
5
5
5
5
5
5
5
5
5
5
5
5
5
5
5
5
5
5
5
5
5
5
5

CELL_DATA 3183
SCALARS CellEntityIds int 1
LOOKUP_TABLE default
2
2
2
2
2
2
2
2
2
2
2
2
2
2
2
2
2
2
2
2
2
2
2
2
2
2
2
2
2
2
2
2
2
2
2
2
2
2
2
2
2
2
2
2
2
2
2
2
2
2
2
2
2
2
2
2
2
2
2
2
2
2
2
2
2
2
2
2
2
2
2
2
2
2
2
2
2
2
2
2
2
2
2
2
2
2
2
2
2
2
2
2
2
2
2
2
2
2
2
2
2
2
2
2
2
2
2
2
2
2
2
2
2
2
2
2
2
2
2
2
2
2
2
2
2
2
2
2
2
2
2
2
2
2
2
2
2
2
2
2
2
2
2
2
2
2
2
2
2
2
2
2
2
2
2
2
2
2
2
2
2
2
2
2
2
2
2
2
2
2
2
2
2
2
2
2
2
2
2
2
2
2
2
2
2
2
2
2
2
2
2
2
2
2
2
2
2
2
2
2
2
2
2
2
2
2
2
2
2
2
2
2
2
2
2
2
2
2
2
2
2
2
2
2
2
2
2
2
2
2
2
2
2
2
2
2
2
2
2
2
2
2
2
2
2
2
2
2
2
2
2
2
2
2
2
2
2
2
2
2
2
2
2
2
2
2
2
2
2
2
2
2
2
2
2
2
2
2
2
2
2
2
2
2
2
2
2
2
2
2
2
2
2
2
2
2
2
2
2
2
2
2
2
2
2
2
2
2
2
2
2
2
2
2
2
2
2
2
2
2
2
2
2
2
1
1
1
1
1
1
1
1
1
1
1
1
1
1
1
1
1
1
1
1
1
1
1
1
1
1
1
1
1
1
1
1
1
1
1
1
1
1
1
1
1
1
1
1
1
1
1
1
1
1
1
1
1
1
1
1
1
1
1
1
1
1
1
1
1
1
1
1
1
1
1
1
1
1
1
1
1
1
1
1
1
1
1
1
1
1
1
1
1
1
1
1
1
1
1
1
1
1
1
1
1
1
1
1
1
1
1
1
1
1
1
1
1
1
1
1
1
1
1
1
1
1
1
1
1
1
1
1
1
1
1
1
1
1
1
1
1
1
1
1
1
1
1
1
1
1
1
1
1
1
1
1
1
1
1
1
1
1
1
1
1
1
1
1
1
1
1
1
1
1
1
1
1
1
1
1
1
1
1
1
1
1
1
1
1
1
1
1
1
1
1
1
1
1
1
1
1
1
1
1
1
1
1
1
1
1
1
1
1
1
1
1
1
1
1
1
1
1
1
1
1
1
1
1
1
1
1
1
1
1
1
1
1
1
1
1
1
1
1
1
1
1
1
1
1
1
1
1
1
1
1
1
1
1
1
1
1
1
1
1
1
1
1
1
1
1
1
1
1
1
1
1
1
1
1
1
1
1
1
1
1
1
1
1
1
1
1
1
1
1
1
1
1
1
1
1
1
1
1
1
1
1
1
1
1
1
1
1
1
1
1
1
1
1
1
1
1
1
1
1
1
1
1
1
1
1
1
1
1
1
1
1
1
1
1
1
1
1
1
1
1
1
1
1
1
1
1
1
1
1
1
1
1
1
1
1
1
1
1
1
1
1
1
1
1
1
1
1
1
1
1
1
1
1
1
1
1
1
1
1
1
1
1
1
1
1
1
1
1
1
1
1
1
1
1
1
1
1
1
1
1
1
1
1
1
1
1
1
1
1
1
1
1
1
1
1
1
1
1
1
1
1
1
1
1
1
1
1
1
1
1
1
1
1
1
1
1
1
1
1
1
1
1
1
1
1
1
1
1
1
1
1
1
1
1
1
1
1
1
1
1
1
1
1
1
1
1
1
1
1
1
1
1
1
1
1
1
1
1
1
1
1
1
1
1
1
1
1
1
1
1
1
1
1
1
1
1
1
1
1
1
1
1
1
1
1
1
1
1
1
1
1
1
1
1
1
1
1
1
1
1
1
1
1
1
1
1
1
1
1
1
1
1
1
1
1
1
1
1
1
1
1
1
1
1
1
1
1
1
1
1
1
1
1
1
1
1
1
1
1
1
1
1
1
1
1
1
1
1
1
1
1
1
1
1
1
1
1
1
1
1
1
1
1
1
1
1
1
1
1
1
1
1
1
1
1
1
1
1
1
1
1
1
1
1
1
1
1
1
1
1
1
1
1
1
1
1
1
1
1
1
1
1
1
1
1
1
1
1
1
1
1
1
1
1
1
1
1
1
1
1
1
1
1
1
1
1
1
1
1
1
1
1
1
1
1
1
1
1
1
1
1
1
1
1
1
1
1
1
1
1
1
1
1
1
1
1
1
1
1
1
1
1
1
1
1
1
1
1
1
1
1
1
1
1
1
1
1
1
1
1
1
1
1
1
1
1
1
1
1
1
1
1
1
1
1
1
1
1
1
1
1
1
1
1
1
1
1
1
1
1
1
1
1
1
1
1
1
1
1
1
1
1
1
1
1
1
1
1
1
1
1
1
1
1
1
1
1
1
1
1
1
1
1
1
1
1
1
1
1
1
1
1
1
1
1
1
1
1
1
1
1
1
1
1
1
1
1
1
1
1
1
1
1
1
1
1
1
1
1
1
1
1
1
1
1
1
1
1
1
1
1
1
1
1
1
1
1
1
1
1
1
1
1
1
1
1
1
1
1
1
1
1
1
1
1
1
1
1
1
1
1
1
1
1
1
1
1
1
1
1
1
1
1
1
1
1
1
1
1
1
1
1
1
1
1
1
1
1
1
1
1
1
1
1
1
1
1
1
1
1
1
1
1
1
1
1
1
1
1
1
1
1
1
1
1
1
1
1
1
1
1
1
1
1
1
1
1
1
1
1
1
1
1
1
1
1
1
1
1
1
1
1
1
1
1
1
1
1
1
1
1
1
1
1
1
1
1
1
1
1
1
1
1
1
1
1
1
1
1
1
1
1
1
1
1
1
1
1
1
1
1
1
1
1
1
1
1
1
1
1
1
1
1
1
1
1
1
1
1
1
1
1
1
1
1
1
1
1
1
1
1
1
1
1
1
1
1
1
1
1
1
1
1
1
1
1
1
1
1
1
1
1
1
1
1
1
1
1
1
1
1
1
1
1
1
1
1
1
1
1
1
1
1
1
1
1
1
1
1
1
1
1
1
1
1
1
1
1
1
1
1
1
1
1
1
1
1
1
1
1
1
1
1
1
1
1
1
1
1
1
1
1
1
1
1
1
1
1
1
1
1
1
1
1
1
1
1
1
1
1
1
1
1
1
1
1
1
1
1
1
1
1
1
1
1
1
1
1
1
1
1
1
1
1
1
1
1
1
1
1
1
1
1
1
1
1
1
1
1
1
1
1
1
1
1
1
1
1
1
1
1
1
1
1
1
1
1
1
1
1
1
1
1
1
1
1
1
1
1
1
1
1
1
1
1
1
1
1
1
1
1
1
1
1
1
1
1
1
1
1
1
1
1
1
1
1
1
1
1
1
1
1
1
1
1
1
1
1
1
1
1
1
1
1
1
1
1
1
1
1
1
1
1
1
1
1
1
1
1
1
1
1
1
1
1
1
1
1
1
1
1
1
1
1
1
1
1
1
1
1
1
1
1
1
1
1
1
1
1
1
1
1
1
1
1
1
1
1
1
1
1
1
1
1
1
1
1
1
1
1
1
1
1
1
1
1
1
1
1
1
1
1
1
1
1
1
1
1
1
1
1
1
1
1
1
1
1
1
1
1
1
1
1
1
1
1
1
1
1
1
1
1
1
1
1
1
1
1
1
1
1
1
1
1
1
1
1
1
1
1
1
1
1
1
1
1
1
1
1
1
1
1
1
1
1
1
1
1
1
1
1
1
1
1
1
1
1
1
1
1
1
1
1
1
1
1
1
1
1
1
1
1
1
1
1
1
1
1
1
1
1
1
1
1
1
1
1
1
1
1
1
1
1
1
1
1
1
1
1
1
1
1
1
1
1
1
1
1
1
1
1
1
1
1
1
1
1
1
1
1
1
1
1
1
1
1
1
1
1
1
1
1
1
1
1
1
1
1
1
1
1
1
1
1
1
1
1
1
1
1
1
1
1
1
1
1
1
1
1
1
1
1
1
1
1
1
1
1
1
1
1
1
1
1
1
1
1
1
1
1
1
1
1
1
1
1
1
1
1
1
1
1
1
1
1
1
1
1
1
1
1
1
1
1
1
1
1
1
1
1
1
1
1
1
1
1
1
1
1
1
1
1
1
1
1
1
1
1
1
1
1
1
1
1
1
1
1
1
1
1
1
1
1
1
1
1
1
1
1
1
1
1
1
1
1
1
1
1
1
1
1
1
1
1
1
1
1
1
1
1
1
1
1
1
1
1
1
1
1
1
1
1
1
1
1
1
1
1
1
1
1
1
1
1
1
1
1
1
1
1
1
1
1
1
1
1
1
1
1
1
1
1
1
1
1
1
1
1
1
1
1
1
1
1
1
1
1
1
1
1
1
1
1
1
1
1
1
1
1
1
1
1
1
1
1
1
1
1
1
1
1
1
1
1
1
1
1
1
1
1
1
1
1
1
1
1
1
1
1
1
1
1
1
1
1
1
1
1
1
1
1
1
1
1
1
1
1
1
1
1
1
1
1
1
1
1
1
1
1
1
1
1
1
1
1
1
1
1
1
1
1
1
1
1
1
1
1
1
1
1
1
1
1
1
1
1
1
1
1
1
1
1
1
1
1
1
1
1
1
1
1
1
1
1
1
1
1
1
1
1
1
1
1
1
1
1
1
1
1
1
1
1
1
1
1
1
1
1
1
1
1
1
1
1
1
1
1
1
1
1
1
1
1
1
1
1
1
1
1
1
1
1
1
1
1
1
1
1
1
1
1
1
1
1
1
1
1
1
1
1
1
1
1
1
1
1
1
1
1
1
1
1
1
1
1
1
1
1
1
1
1
1
1
1
1
1
1
1
1
1
1
1
1
1
1
1
1
1
1
1
1
1
1
1
1
1
1
1
1
1
1
1
1
1
1
1
1
1
1
1
1
1
1
1
1
1
1
1
1
1
1
1
1
1
1
1
1
1
1
1
1
1
1
1
1
1
1
1
1
1
1
1
1
1
1
1
1
1
1
1
1
1
1
1
1
1
1
1
1
1
1
1
1
1
1
1
1
1
1
1
1
1
1
1
1
1
1
1
1
1
1
1
1
1
1
1
1
1
1
1
1
1
1
1
1
1
1
1
1
1
1
1
1
1
1
1
1
1
1
1
1
1
1
1
1
1
1
1
1
1
1
1
1
1
1
1
1
1
1
1
1
1
1
1
1
1
1
1
1
1
1
1
1
1
1
1
1
1
1
1
1
1
1
1
1
1
1
1
1
1
1
1
1
1
1
1
1
1
1
1
1
1
1
1
1
1
1
1
1
1
1
1
1
1
1
1
1
1
1
1
1
1
1
1
1
1
1
1
1
1
1
1
1
1
1
1
1
1
1
1
1
1
1
1
1
1
1
1
1
1
1
1
1
1
1
1
1
1
1
1
1
1
1
1
1
1
1
1
1
1
1
1
1
1
1
1
1
1
1
1
1
1
1
1
1
1
1
1
1
1
1
1
1
1
1
1
1
1
1
1
1
1
1
1
1
1
1
1
1
1
1
1
1
1
1
1
1
1
1
1
1
1
1
1
1
1
1
1
1
1
1
1
1
1
1
1
1
1
1
1
1
1
1
1
1
1
1
1
1
1
1
1
1
1
1
1
1
1
1
1
1
1
1
1
1
1
1
1
1
1
1
1
1
1
1
1
1
1
1
1
1
1
1
1
1
1
1
1
1
1
1
1
1
1
1
1
1
1
1
1
1
1
1
1
1
1
1
1
1
1
1
1
1
1
1
1
1
1
1
1
1
1
1
1
1
1
1
1
1
1
1
1
1
1
1
1
1
1
1
1
1
1
1
1
1
1
1
1
1
1
1
1
1
1
1
1
1
1
1
1
1
1
1
1
1
1
1
1
1
1
1
1
1
1
1
1
1
1
1
1
1
1
1
1
1
1
1
1
1
1
1
1
1
1
1
1
1
1
1
1
1
1
1
1
1
1
1
1
1
1
1
1
1
1
1
1
1
1
1
1
1
1
1
1
1
1
1
1
1
1
1
1
1
1
1
1
1
1
1
1
1
1
1
1
1
1
1
1
1
1
1
1
1
1
1
1
1
1
1
1
1
1
1
1
1
1
1
1
1
1
1
1
1
1
1
1
1
1
1
1
1
1
1
1
1
1
1
1
1
1
1
1
1
1
1
1
1
1
1
1
1
1
1
1
1
1
1
1
1
1
1
1
1
1
1
1
1
1
1
1
1
1
1
1
1
1
1
1
1
1
1
1
1
1
1
1
1
1
1
1
1
1
1
1
1
1
1
1
1
1
1
1
1
1
1
1
1
1
1
1
1
1
1
1
1
1
1
1
1
1
1
1
1
1
1
1
1
1
1
1
1
1
1
1
1
1
1
1
1
1
1
1
1
1
1
1
1
1
1
1
1
1
1
1
1
1
1
1
1
1
1
1
1
1
1
1
1
1
1
1
1
1
1
1
1
1
1
1
1
1
1
1
1
1
1
1
1
1
1
1
1
1
1
1
1
1
1
1
1
1
1
1
1
1
1
1
1
1
1
1
1
1
1
1
1
1
1
1
1
1
1
1
1
1
1
1
1
1
1
1
1
1
1
1
1
1
1
1
1
1
1
1
1
1
1
1
1
1
1
1
1
1
1
1
1
1
1
1
1
1
1
1
1
1
1
1
1
1
1
1
1
1
1
1
1
1
1
1
1
1
1
1
1
1
1
1
1
1
1
1
1
1
1
1
1
1
1
1
1
1
1
1
1
1
1
1
1
1
1
1
1
1
1
1
1
1
1
1
1
1
1
1
1
1
1
1
1
1
1
1
1
1
1
1
1
1
1
1
1
1
1
1
1
1
1
1
1
1
1
1
1
1
1
1
1
1
1
1
1
1
1
1
1
1
1
1
1
1
1
1
1
1
1
1
1
1
1
1
1
1
1
1
1
1
1
1
1
1
1
1
1
1
1
1
1
1
1
1
1
1
1
1
1
1
1
1
1
1
1
1
1
1
1
1
1
1
1
1
1
1
1
1
1
1
1
1
1
1
1
1
1
1
1
1
1
1
1
1
1
1
1
1
1
1
1
1
1
1
1
1
1
1
1
1
1
1
1
1
1
1
1
1
1
1
1
1
1
1
1
1
1
1
1
1
1
1
1
1
