$MeshFormat
2.2 0 8
$EndMeshFormat
$PhysicalNames
2
1 2 "persistent_set_01"
2 1 "rock"
$EndPhysicalNames
$Nodes
1507
1 -5 -4.757759613217811 0
2 -5 -5 0
3 5 0.9625024506797573 0
4 5 2.244315768879286 0
5 -3.515335990133269 -5 0
6 5 -0.3193108675197722 0
7 -1.684716854731116 -5 0
8 -5 -3.475946295018283 0
9 5 3.526129087078814 0
10 5 -1.601124185719299 0
11 0.1459022806710364 -5 0
12 -5 -2.194132976818754 0
13 5 4.807942405278345 0
14 5.000000000000001 -2.882937503918829 0
15 1.97652141607319 -5 0
16 -5 -0.912319658619225 0
17 5 5 0
18 3.443667535679266 5 0
19 5 -4.164750822118359 0
20 3.807140551475344 -5 0
21 -5.000000000000001 0.3694936595803027 0
22 1.613048400277113 5 0
23 5 -5 0
24 -5.000000000000001 1.651306977779833 0
25 -0.2175707351250418 5 0
26 -5 2.933120295979363 0
27 -2.048189870527195 5 0
28 -5 4.214933614178891 0
29 -3.878809005929348 5 0
30 -5 5 0
31 -4.103047204743478 4.842986722835779 0
32 -4.327285403557608 4.685973445671557 0
33 -4.55152360237174 4.528960168507335 0
34 -4.77576180118587 4.371946891343113 0
35 -2.275252188178949 4.841009253536875 0
36 -2.502314505830704 4.682018507073748 0
37 -2.729376823482458 4.523027760610622 0
38 -2.956439141134212 4.364037014147496 0
39 -3.183501458785966 4.20504626768437 0
40 -3.41056377643772 4.046055521221245 0
41 -3.637626094089474 3.887064774758119 0
42 -3.864688411741228 3.728074028294993 0
43 -4.091750729392983 3.569083281831867 0
44 -4.318813047044736 3.410092535368741 0
45 -4.545875364696491 3.251101788905615 0
46 -4.772937682348246 3.092111042442489 0
47 -0.4566921983687897 4.832565348888991 0
48 -0.6958136616125379 4.665130697777983 0
49 -0.9349351248562856 4.497696046666975 0
50 -1.174056588100035 4.330261395555966 0
51 -1.413178051343782 4.162826744444958 0
52 -1.652299514587531 3.995392093333949 0
53 -1.891420977831279 3.827957442222941 0
54 -2.130542441075026 3.660522791111933 0
55 -2.369663904318774 3.493088140000924 0
56 -2.608785367562523 3.325653488889915 0
57 -2.84790683080627 3.158218837778907 0
58 -3.08702829405002 2.990784186667899 0
59 -3.326149757293768 2.82334953555689 0
60 -3.565271220537515 2.655914884445881 0
61 -3.804392683781264 2.488480233334872 0
62 -4.043514147025013 2.321045582223864 0
63 -4.282635610268761 2.153610931112856 0
64 -4.521757073512507 1.986176280001848 0
65 -4.760878536756254 1.818741628890841 0
66 1.36812068174833 4.82849976516964 0
67 1.123192963219549 4.656999530339283 0
68 0.8782652446907675 4.485499295508923 0
69 0.6333375261619856 4.313999060678564 0
70 0.3884098076332041 4.142498825848206 0
71 0.1434820891044222 3.970998591017846 0
72 -0.1014456294243589 3.799498356187487 0
73 -0.3463733479531408 3.627998121357128 0
74 -0.5913010664819227 3.456497886526769 0
75 -0.8362287850107037 3.284997651696411 0
76 -1.081156503539485 3.113497416866052 0
77 -1.326084222068266 2.941997182035694 0
78 -1.571011940597049 2.770496947205334 0
79 -1.81593965912583 2.598996712374976 0
80 -2.060867377654611 2.427496477544617 0
81 -2.305795096183392 2.255996242714258 0
82 -2.550722814712175 2.084496007883899 0
83 -2.795650533240956 1.91299577305354 0
84 -3.040578251769739 1.74149553822318 0
85 -3.285505970298522 1.569995303392821 0
86 -3.530433688827304 1.398495068562461 0
87 -3.775361407356087 1.226994833732101 0
88 -4.020289125884871 1.055494598901741 0
89 -4.265216844413652 0.8839943640713814 0
90 -4.510144562942436 0.7124941292410218 0
91 -4.755072281471218 0.5409938944106623 0
92 3.202419891802715 4.831076581182307 0
93 2.961172247926164 4.662153162364615 0
94 2.719924604049614 4.493229743546923 0
95 2.478676960173062 4.32430632472923 0
96 2.237429316296511 4.155382905911537 0
97 1.996181672419961 3.986459487093846 0
98 1.75493402854341 3.817536068276153 0
99 1.513686384666859 3.64861264945846 0
100 1.272438740790308 3.479689230640768 0
101 1.031191096913757 3.310765811823076 0
102 0.789943453037206 3.141842393005383 0
103 0.5486958091606553 2.972918974187691 0
104 0.3074481652841055 2.803995555369998 0
105 0.06620052140755384 2.635072136552306 0
106 -0.1750471224689951 2.466148717734614 0
107 -0.4162947663455467 2.297225298916922 0
108 -0.6575424102220966 2.12830188009923 0
109 -0.8987900540986473 1.959378461281537 0
110 -1.140037697975197 1.790455042463846 0
111 -1.381285341851747 1.621531623646154 0
112 -1.622532985728298 1.452608204828462 0
113 -1.863780629604847 1.28368478601077 0
114 -2.105028273481397 1.114761367193079 0
115 -2.346275917357946 0.9458379483753871 0
116 -2.587523561234498 0.7769145295576942 0
117 -2.828771205111048 0.6079911107400031 0
118 -3.070018848987599 0.4390676919223102 0
119 -3.311266492864149 0.2701442731046191 0
120 -3.552514136740697 0.1012208542869271 0
121 -3.793761780617247 -0.06770256453076406 0
122 -4.035009424493799 -0.236625983348457 0
123 -4.276257068370349 -0.4055494021661481 0
124 -4.517504712246899 -0.5744728209838401 0
125 -4.75875235612345 -0.7433962398015339 0
126 4.75609756097561 4.637160078885733 0
127 4.512195121951221 4.466377752493121 0
128 4.26829268292683 4.295595426100509 0
129 4.02439024390244 4.124813099707897 0
130 3.78048780487805 3.954030773315285 0
131 3.53658536585366 3.783248446922673 0
132 3.29268292682927 3.612466120530061 0
133 3.04878048780488 3.441683794137449 0
134 2.80487804878049 3.270901467744837 0
135 2.560975609756101 3.100119141352226 0
136 2.317073170731711 2.929336814959614 0
137 2.073170731707322 2.758554488567002 0
138 1.829268292682933 2.587772162174391 0
139 1.585365853658542 2.416989835781779 0
140 1.341463414634154 2.246207509389167 0
141 1.097560975609763 2.075425182996556 0
142 0.8536585365853746 1.904642856603944 0
143 0.6097560975609841 1.733860530211333 0
144 0.3658536585365955 1.563078203818721 0
145 0.121951219512205 1.392295877426108 0
146 -0.1219512195121846 1.221513551033497 0
147 -0.3658536585365733 1.050731224640886 0
148 -0.6097560975609637 0.8799488982482737 0
149 -0.8536585365853533 0.7091665718556621 0
150 -1.097560975609744 0.5383842454630505 0
151 -1.341463414634132 0.3676019190704389 0
152 -1.585365853658521 0.1968195926778273 0
153 -1.829268292682912 0.02603726628521574 0
154 -2.0731707317073 -0.144745060107395 0
155 -2.317073170731691 -0.3155273865000074 0
156 -2.560975609756079 -0.486309712892619 0
157 -2.80487804878047 -0.6570920392852315 0
158 -3.048780487804862 -0.8278743656778449 0
159 -3.292682926829253 -0.9986566920704574 0
160 -3.536585365853647 -1.169439018463071 0
161 -3.780487804878039 -1.340221344855685 0
162 -4.024390243902429 -1.511003671248298 0
163 -4.268292682926823 -1.681785997640912 0
164 -4.512195121951216 -1.852568324033525 0
165 -4.756097560975608 -2.023350650426138 0
166 4.75609756097561 3.355346760686203 0
167 4.51219512195122 3.184564434293591 0
168 4.26829268292683 3.013782107900979 0
169 4.02439024390244 2.842999781508367 0
170 3.78048780487805 2.672217455115755 0
171 3.53658536585366 2.501435128723143 0
172 3.29268292682927 2.330652802330532 0
173 3.048780487804879 2.159870475937919 0
174 2.804878048780489 1.989088149545307 0
175 2.560975609756101 1.818305823152695 0
176 2.31707317073171 1.647523496760084 0
177 2.073170731707322 1.476741170367472 0
178 1.829268292682932 1.305958843974861 0
179 1.585365853658542 1.135176517582249 0
180 1.341463414634153 0.9643941911896374 0
181 1.097560975609762 0.7936118647970254 0
182 0.8536585365853737 0.6228295384044138 0
183 0.6097560975609833 0.4520472120118013 0
184 0.3658536585365937 0.2812648856191906 0
185 0.121951219512205 0.110482559226579 0
186 -0.1219512195121846 -0.06029976716603258 0
187 -0.365853658536575 -0.2310820935586442 0
188 -0.6097560975609646 -0.4018644199512567 0
189 -0.8536585365853551 -0.5726467463438683 0
190 -1.097560975609744 -0.743429072736479 0
191 -1.341463414634132 -0.9142113991290914 0
192 -1.585365853658521 -1.084993725521702 0
193 -1.829268292682912 -1.255776051914314 0
194 -2.073170731707302 -1.426558378306926 0
195 -2.317073170731691 -1.597340704699538 0
196 -2.560975609756081 -1.768123031092149 0
197 -2.80487804878047 -1.938905357484761 0
198 -3.048780487804862 -2.109687683877374 0
199 -3.292682926829253 -2.280470010269987 0
200 -3.536585365853647 -2.4512523366626 0
201 -3.780487804878039 -2.622034663055214 0
202 -4.024390243902429 -2.792816989447828 0
203 -4.268292682926823 -2.963599315840441 0
204 -4.512195121951216 -3.134381642233055 0
205 -4.756097560975608 -3.305163968625668 0
206 4.75609756097561 2.073533442486674 0
207 4.51219512195122 1.902751116094062 0
208 4.26829268292683 1.73196878970145 0
209 4.02439024390244 1.561186463308839 0
210 3.78048780487805 1.390404136916227 0
211 3.53658536585366 1.219621810523615 0
212 3.29268292682927 1.048839484131003 0
213 3.048780487804879 0.8780571577383904 0
214 2.804878048780489 0.7072748313457784 0
215 2.560975609756101 0.5364925049531668 0
216 2.31707317073171 0.3657101785605552 0
217 2.073170731707322 0.1949278521679436 0
218 1.829268292682932 0.02414552577533247 0
219 1.585365853658542 -0.1466368006172796 0
220 1.341463414634153 -0.3174191270098912 0
221 1.097560975609762 -0.4882014534025032 0
222 0.8536585365853737 -0.6589837797951148 0
223 0.6097560975609833 -0.8297661061877273 0
224 0.3658536585365937 -1.000548432580338 0
225 0.121951219512205 -1.17133075897295 0
226 -0.1219512195121846 -1.342113085365561 0
227 -0.365853658536575 -1.512895411758173 0
228 -0.6097560975609646 -1.683677738150785 0
229 -0.8536585365853551 -1.854460064543397 0
230 -1.097560975609744 -2.025242390936008 0
231 -1.341463414634132 -2.19602471732862 0
232 -1.585365853658521 -2.366807043721231 0
233 -1.829268292682912 -2.537589370113842 0
234 -2.073170731707302 -2.708371696506455 0
235 -2.317073170731691 -2.879154022899066 0
236 -2.560975609756081 -3.049936349291678 0
237 -2.80487804878047 -3.22071867568429 0
238 -3.048780487804862 -3.391501002076903 0
239 -3.292682926829253 -3.562283328469515 0
240 -3.536585365853647 -3.733065654862129 0
241 -3.780487804878039 -3.903847981254743 0
242 -4.024390243902429 -4.074630307647356 0
243 -4.268292682926823 -4.24541263403997 0
244 -4.512195121951216 -4.416194960432583 0
245 -4.756097560975608 -4.586977286825197 0
246 -3.27204067612946 -4.829642787123435 0
247 -3.028745362125653 -4.659285574246871 0
248 -2.785450048121845 -4.488928361370306 0
249 -2.542154734118037 -4.318571148493742 0
250 -2.29885942011423 -4.148213935617177 0
251 -2.055564106110422 -3.977856722740613 0
252 -1.812268792106615 -3.807499509864048 0
253 -1.568973478102807 -3.637142296987484 0
254 -1.325678164098998 -3.466785084110919 0
255 -1.082382850095191 -3.296427871234354 0
256 -0.8390875360913821 -3.12607065835779 0
257 -0.5957922220875744 -2.955713445481225 0
258 -0.3524969080837668 -2.785356232604661 0
259 -0.1092015940799582 -2.614999019728096 0
260 0.1340937199238494 -2.44464180685153 0
261 0.3773890339276571 -2.274284593974966 0
262 0.6206843479314657 -2.103927381098401 0
263 0.8639796619352733 -1.933570168221837 0
264 1.10727497593908 -1.763212955345273 0
265 1.350570289942887 -1.59285574246871 0
266 1.593865603946694 -1.422498529592145 0
267 1.837160917950501 -1.252141316715582 0
268 2.080456231954309 -1.081784103839016 0
269 2.323751545958117 -0.9114268909624528 0
270 2.567046859961923 -0.7410696780858883 0
271 2.81034217396573 -0.5707124652093247 0
272 3.053637487969536 -0.4003552523327611 0
273 3.296932801973345 -0.2299980394561958 0
274 3.540228115977151 -0.0596408265796331 0
275 3.783523429980959 0.1107163862969323 0
276 4.026818743984767 0.2810735991734958 0
277 4.270114057988574 0.4514308120500612 0
278 4.513409371992384 0.6217880249266257 0
279 4.756704685996193 0.7921452378031919 0
280 -1.445976967062148 -4.832832530982849 0
281 -1.20723707939318 -4.665665061965699 0
282 -0.9684971917242118 -4.498497592948548 0
283 -0.7297573040552439 -4.331330123931397 0
284 -0.4910174163862759 -4.164162654914247 0
285 -0.2522775287173076 -3.996995185897096 0
286 -0.01353764104833921 -3.829827716879945 0
287 0.2252022466206283 -3.662660247862794 0
288 0.4639421342895966 -3.495492778845643 0
289 0.702682021958565 -3.328325309828493 0
290 0.9414219096275334 -3.161157840811341 0
291 1.180161797296503 -2.993990371794189 0
292 1.41890168496547 -2.826822902777039 0
293 1.657641572634439 -2.659655433759888 0
294 1.896381460303407 -2.492487964742737 0
295 2.135121347972376 -2.325320495725586 0
296 2.373861235641344 -2.158153026708435 0
297 2.612601123310312 -1.990985557691284 0
298 2.851341010979281 -1.823818088674133 0
299 3.090080898648249 -1.656650619656983 0
300 3.328820786317217 -1.489483150639831 0
301 3.567560673986185 -1.32231568162268 0
302 3.806300561655154 -1.155148212605529 0
303 4.045040449324124 -0.9879807435883778 0
304 4.28378033699309 -0.8208132745712273 0
305 4.522520224662059 -0.6536458055540768 0
306 4.761260112331027 -0.4864783365369254 0
307 0.3886071666374855 -4.830056209285965 0
308 0.6313120526039335 -4.66011241857193 0
309 0.874016938570382 -4.490168627857894 0
310 1.11672182453683 -4.32022483714386 0
311 1.359426710503278 -4.150281046429825 0
312 1.602131596469726 -3.98033725571579 0
313 1.844836482436175 -3.810393465001754 0
314 2.087541368402622 -3.64044967428772 0
315 2.330246254369071 -3.470505883573685 0
316 2.572951140335519 -3.300562092859649 0
317 2.815656026301967 -3.130618302145614 0
318 3.058360912268416 -2.960674511431579 0
319 3.301065798234864 -2.790730720717544 0
320 3.543770684201312 -2.620786930003509 0
321 3.786475570167761 -2.450843139289473 0
322 4.02918045613421 -2.280899348575439 0
323 4.271885342100658 -2.110955557861403 0
324 4.514590228067105 -1.941011767147368 0
325 4.757295114033552 -1.771067976433335 0
326 2.209096691759868 -4.837149038762987 0
327 2.441671967446545 -4.674298077525973 0
328 2.674247243133223 -4.511447116288961 0
329 2.906822518819901 -4.348596155051948 0
330 3.139397794506579 -4.185745193814935 0
331 3.371973070193257 -4.022894232577921 0
332 3.604548345879933 -3.860043271340909 0
333 3.837123621566611 -3.697192310103896 0
334 4.069698897253289 -3.534341348866882 0
335 4.302274172939967 -3.371490387629869 0
336 4.534849448626645 -3.208639426392855 0
337 4.767424724313322 -3.045788465155843 0
338 4.045712441180276 -4.832950164423671 0
339 4.284284330885207 -4.665900328847343 0
340 4.522856220590138 -4.498850493271014 0
341 4.76142811029507 -4.331800657694686 0
342 5 1.218865114319663 0
343 5 1.475227777959568 0
344 5 1.731590441599474 0
345 5 1.98795310523938 0
346 -4.703067198026654 -5 0
347 -4.406134396053307 -5 0
348 -4.109201594079961 -5 0
349 -3.812268792106615 -5 0
350 5 -0.06294820387986633 0
351 5 0.1934144597600387 0
352 5 0.4497771233999446 0
353 5 0.7061397870398514 0
354 -3.253818970790104 -5 0
355 -2.992301951446939 -5 0
356 -2.730784932103775 -5 0
357 -2.469267912760611 -5 0
358 -2.207750893417446 -5 0
359 -1.946233874074281 -5 0
360 -5 -3.732308958658187 0
361 -5 -3.988671622298092 0
362 -5 -4.245034285937999 0
363 -5 -4.501396949577906 0
364 5 2.500678432519192 0
365 5 2.757041096159097 0
366 5 3.013403759799003 0
367 5 3.269766423438909 0
368 5 -1.344761522079394 0
369 5 -1.088398858439489 0
370 5 -0.8320361947995831 0
371 5 -0.5756735311596772 0
372 -1.423199835387951 -5 0
373 -1.161682816044786 -5 0
374 -0.9001657967016206 -5 0
375 -0.6386487773584557 -5 0
376 -0.3771317580152909 -5 0
377 -0.1156147386721278 -5 0
378 -5 -2.45049564045866 0
379 -5 -2.706858304098565 0
380 -5 -2.96322096773847 0
381 -5 -3.219583631378377 0
382 5 3.782491750718719 0
383 5 4.038854414358626 0
384 5 4.295217077998533 0
385 5 4.55157974163844 0
386 5 -2.626574840278923 0
387 5 -2.370212176639017 0
388 5 -2.113849512999111 0
389 5 -1.857486849359205 0
390 0.407419300014201 -5 0
391 0.6689363193573659 -5 0
392 0.9304533387005316 -5 0
393 1.191970358043697 -5 0
394 1.453487377386862 -5 0
395 1.715004396730026 -5 0
396 -5 -1.168682322259131 0
397 -5 -1.425044985899036 0
398 -5 -1.681407649538942 0
399 -5 -1.937770313178848 0
400 4.740611255946544 5 0
401 4.481222511893089 5 0
402 4.221833767839633 5 0
403 3.962445023786177 5 0
404 3.703056279732722 5 0
405 5 -3.908388158478453 0
406 5 -3.652025494838547 0
407 5 -3.395662831198641 0
408 5 -3.139300167558734 0
409 2.238038435416355 -5 0
410 2.499555454759519 -5 0
411 2.761072474102684 -5 0
412 3.022589493445849 -5 0
413 3.284106512789014 -5 0
414 3.545623532132179 -5 0
415 -5 0.1131309959403977 0
416 -5 -0.1432316676995073 0
417 -5 -0.3995943313394132 0
418 -5 -0.65595699497932 0
419 3.182150516336101 5 0
420 2.920633496992937 5 0
421 2.659116477649772 5 0
422 2.397599458306608 5 0
423 2.136082438963443 5 0
424 1.874565419620278 5 0
425 5 -4.721583607372786 0
426 5 -4.443167214745571 0
427 4.105355413606508 -5 0
428 4.403570275737673 -5 0
429 4.701785137868837 -5 0
430 -5 1.394944314139927 0
431 -5 1.138581650500022 0
432 -5 0.8822189868601154 0
433 -5 0.6258563232202086 0
434 1.351531380933948 5 0
435 1.090014361590782 5 0
436 0.8284973422476165 5 0
437 0.5669803229044508 5 0
438 0.3054633035612859 5 0
439 0.04394628421812197 5 0
440 -5 2.676757632339457 0
441 -5 2.420394968699551 0
442 -5 2.164032305059645 0
443 -5 1.907669641419739 0
444 -0.4790877544682068 5 0
445 -0.7406047738113717 5 0
446 -1.002121793154537 5 0
447 -1.263638812497702 5 0
448 -1.525155831840867 5 0
449 -1.786672851184031 5 0
450 -5 3.958570950538985 0
451 -5 3.70220828689908 0
452 -5 3.445845623259174 0
453 -5 3.189482959619268 0
454 -2.30970688987036 5 0
455 -2.571223909213524 5 0
456 -2.832740928556689 5 0
457 -3.094257947899854 5 0
458 -3.355774967243018 5 0
459 -3.617291986586183 5 0
460 -5 4.738311204726297 0
461 -5 4.476622409452593 0
462 -4.159106754447011 5 0
463 -4.439404502964674 5 0
464 -4.719702251482337 5 0
465 4.518146144173801 1.239921533045189 0
466 -3.460721853143847 -4.319816658126566 0
467 -2.959195055463311 -3.981885310143798 0
468 -2.47257870825037 -3.641207615222482 0
469 -1.985963561335809 -3.300528206097444 0
470 -1.499349614719613 -2.959847082768673 0
471 -1.012736868401793 -2.619164245236176 0
472 -0.5261253223823464 -2.278479693499951 0
473 -0.03206847512952005 -1.937416983242249 0
474 0.4545714637530758 -1.596743376376179 0
475 0.9412094694262537 -1.256067683882462 0
476 1.427845539712581 -0.9153899044578149 0
477 1.914479672380324 -0.5747100367697059 0
478 2.401111865142772 -0.2340280794562822 0
479 2.887742115657547 0.1066559688737097 0
480 3.374370421525896 0.4473421096410052 0
481 3.795474623975656 0.792424079191245 0
482 -3.860737451363446 -4.540327223917402 0
483 4.081920261928755 1.121111319269784 0
484 4.609548696880644 1.524910513271671 0
485 -4.184141460013123 -4.67810408263002 0
486 -3.091636836070898 -4.310557775780493 0
487 -2.605036556563373 -3.969857133797734 0
488 -2.118436728005209 -3.629155847792524 0
489 -1.63183735032197 -3.288453917871192 0
490 -1.145238423442811 -2.94775134413492 0
491 -0.6586399473005 -2.607048126679711 0
492 -0.1720419218314459 -2.266344265596389 0
493 0.3145556530243248 -1.925639760970603 0
494 0.8011527773231453 -1.58493461288281 0
495 1.287749451117714 -1.244228821408273 0
496 1.774345674457101 -0.903522386617063 0
497 2.260941447386723 -0.5628153085740433 0
498 2.747536769948352 -0.2221075873388776 0
499 3.234131642180125 0.1186007770339812 0
500 3.720726064116519 0.4593097844952916 0
501 -3.309219696936214 -3.999791615357885 0
502 -2.822568756319402 -3.659164475723908 0
503 -2.335920598073812 -3.31853336136626 0
504 -1.849275221149702 -2.97789827383518 0
505 -1.362632624549031 -2.637259214607025 0
506 -0.8759928073253876 -2.296616185084369 0
507 -0.3893557685839341 -1.955969186596071 0
508 0.09727849251864178 -1.615318220397358 0
509 0.5839099767741768 -1.274663287669909 0
510 1.070538684923086 -0.9340043895219102 0
511 1.5571646176544 -0.593341526988124 0
512 2.043787775605807 -0.2526747010299583 0
513 2.530408159363692 0.08799608746448701 0
514 3.017025769463172 0.4286708376803609 0
515 3.502020117481001 0.7533320122861431 0
516 4.252555665597913 0.7674772584177769 0
517 -3.546143064111052 -4.640384555638219 0
518 4.756430573847494 1.08004421171356 0
519 -3.769472599394869 -4.237594578380783 0
520 4.517585599768769 0.9288812616438089 0
521 3.828624729067094 1.108673737863548 0
522 -4.522003776885673 -4.705094663108508 0
523 4.787758370096835 1.357063043348195 0
524 4.742508524968573 1.788169712487806 0
525 4.285341328373018 1.421575568791367 0
526 -3.285822997200759 -4.551050127446785 0
527 -2.79921779036647 -4.210356522415908 0
528 -2.31261323338861 -3.86966198929386 0
529 -1.826009326293214 -3.528966528043488 0
530 -1.339406069105083 -3.188270138629331 0
531 -0.8528034618478475 -2.84757282101767 0
532 -0.3662015045439085 -2.506874575176504 0
533 0.1224333738046362 -2.167956054673306 0
534 0.6090353176066983 -1.827254768698363 0
535 1.095636653823628 -1.486552683908205 0
536 1.582237382235018 -1.145849800172385 0
537 2.068837502614774 -0.8051461173572589 0
538 2.555437014731037 -0.4644416353259792 0
539 3.042035918346124 -0.1237363539384852 0
540 3.528634213216448 0.2169697269485057 0
541 4.015043515847468 0.5960387105611655 0
542 -3.105285696342447 -3.733855720177806 0
543 -2.618241113642942 -3.393030599658317 0
544 -2.125258187058946 -3.05372713175077 0
545 -1.638288197311611 -2.712959131678224 0
546 -1.15132131948056 -2.37218923777774 0
547 -0.6602640071249488 -2.032634944925887 0
548 -0.1730310609000525 -1.691887791772302 0
549 0.3138766365853681 -1.351155556696789 0
550 0.8103054589772185 -1.01380072383002 0
551 1.297074985390146 -0.6731699932743332 0
552 1.783839987201207 -0.3325368758801189 0
553 2.270600449394005 0.008098638476152912 0
554 2.75735635672679 0.3487365599391837 0
555 3.244107693728166 0.6893768986754284 0
556 -3.950142297276772 -4.79052028010707 0
557 -3.571297464041324 -4.038823297596422 0
558 -4.068572760414292 -4.371577897893446 0
559 4.308267157004837 1.07191130395651 0
560 3.575424958605493 0.9904387068252202 0
561 -4.787988576294744 -4.800987751126616 0
562 4.001452175240627 1.334389866084305 0
563 -3.73692551899823 -4.794246411932538 0
564 4.832095029043456 1.583397101175108 0
565 -3.659268742003303 -4.434530754015743 0
566 2.537668593834551 0.3207320222190798 0
567 2.050031213149473 -0.02022217186341252 0
568 3.0248521280789 0.661341233844529 0
569 1.563303301695742 -0.358142795102906 0
570 1.07561775586702 -0.6992398450185335 0
571 0.5898172863386636 -1.035902980825349 0
572 0.09901538659509829 -1.381018247470809 0
573 -0.388686441754276 -1.722130679510996 0
574 -0.8764291274597543 -2.063245911784457 0
575 -1.36465899184555 -2.404209883307292 0
576 -1.852366499231413 -2.745329788321415 0
577 -2.33787924935776 -3.081820072441656 0
578 -2.828547430709892 -3.427384930611307 0
579 -3.316263025943551 -3.768514483651091 0
580 4.046980992236954 0.9096060682100049 0
581 4.477293489293474 1.693040258943856 0
582 -4.311041160438226 -4.483276847620906 0
583 -1.861145022495307 -4.479731818041016 0
584 4.540473421054743 -0.04167161736411538 0
585 -1.482296610481137 -4.217514159643128 0
586 -1.010034417475421 -3.887549503830223 0
587 -0.5304733089897093 -3.553769921299468 0
588 -0.05192645622455445 -3.220969422948285 0
589 0.4265374064071104 -2.888034511591064 0
590 0.9049177332412723 -2.554965884694901 0
591 1.383213938871442 -2.221764087766012 0
592 1.861425389880055 -1.888429519444311 0
593 2.339551395723039 -1.554962435624521 0
594 2.817591198630021 -1.221362952639278 0
595 3.295543962349881 -0.8876310495314297 0
596 3.754852204555915 -0.5071838000914876 0
597 -2.233274616836264 -4.598245018030793 0
598 4.085097982390733 -0.1485505592351979 0
599 4.613931574326625 0.2437691013381868 0
600 -0.982732080338798 -4.196553581395145 0
601 -0.5047105754382581 -3.862880946630064 0
602 -0.02686497326742895 -3.529342017208632 0
603 0.4509507874061507 -3.195731817824783 0
604 0.9287364386759355 -2.862050905543047 0
605 1.406491724526423 -2.528299764979063 0
606 1.884216398761681 -2.194478810669117 0
607 2.361910222875706 -1.860588389090063 0
608 2.839572963837568 -1.526628780344241 0
609 3.317204391759445 -1.192600199521324 0
610 4.279604027148661 -0.5194427565548467 0
611 3.791711518246879 -0.8507390028559876 0
612 -1.289027479239933 -3.753362372698041 0
613 -0.804989203379127 -3.415610645031617 0
614 -0.3221630171834665 -3.079224631980055 0
615 0.1633391923156305 -2.766928860407996 0
616 -1.439422027250793 -4.520732504796782 0
617 0.6442635385932366 -2.432406365917312 0
618 1.125074442268778 -2.097753609499986 0
619 1.605771266727235 -1.762970585172436 0
620 -1.754301663396291 -4.074526560602979 0
621 2.087395186238461 -1.49457803795364 0
622 2.565697439151881 -1.161486472815248 0
623 3.043840762615839 -0.8281671113478849 0
624 3.514349777701107 -0.4852227356838215 0
625 -2.526309603280082 -4.667925215209852 0
626 4.762269318886396 -0.2009653882443676 0
627 -1.866656441876595 -4.753672295307191 0
628 4.529273802408389 -0.352656060224825 0
629 3.827738144712696 -0.1689911964220095 0
630 -2.110595467619016 -4.380045191153343 0
631 -1.215389275899688 -4.354612312943409 0
632 -0.7421006130495892 -4.023176222278741 0
633 -0.5639885185810641 -3.246750105980323 0
634 -0.2640731668190627 -3.689519425681978 0
635 0.2137470296191222 -3.356004618964182 0
636 -1.041077333148702 -3.586052666646088 0
637 0.6915393212290981 -3.022412607665969 0
638 1.169303382366973 -2.688744091150189 0
639 -0.07521172406096265 -2.916551599460675 0
640 -1.519836448256132 -3.919792646117806 0
641 4.793189627578792 0.07553235719831131 0
642 1.647038901129015 -2.354999672559928 0
643 2.124745576629901 -2.021179861685027 0
644 4.743594965852667 0.5068181493276862 0
645 2.60242311619821 -1.687285077378492 0
646 3.080071232453072 -1.35331564954078 0
647 3.557174180358655 -1.017977854871452 0
648 4.032841791135867 -0.6739592902681238 0
649 0.407421709077796 -2.584245233189992 0
650 4.28916664486663 0.1419994344201227 0
651 0.8818452403178938 -2.246550782869758 0
652 1.363160260909289 -1.911283542531797 0
653 -2.1030140548101 -4.790052103365023 0
654 1.880244561553722 -1.544225218302651 0
655 2.303102410826522 -1.243242890358253 0
656 2.782555972302509 -0.9099123518970018 0
657 3.257516539026224 -0.5876050907043933 0
658 -2.788496977494652 -4.749827255370729 0
659 -2.307923416220901 -4.811244467321133 0
660 -3.130033052447356 -4.885764481368314 0
661 4.309515710367444 -0.2137324570946207 0
662 -2.342238768393526 -4.422600101700982 0
663 -1.633735149447259 -4.665849790900231 0
664 4.833663295738294 0.3017861105977358 0
665 3.587255482929589 -0.2795097574993693 0
666 -1.95590758675718 -4.197157777660124 0
667 4.001147586607987 0.05882634610150952 0
668 -2.034937120727457 -4.600349285179473 0
669 -1.668905484202786 -4.348735296242331 0
670 -1.249886051948518 -4.054897429437959 0
671 -0.7722309085801343 -3.7215066509527 0
672 3.041334240894332 -0.596709979898591 0
673 -0.2932482401775477 -3.38659592084979 0
674 4.048274976718552 -0.3719766766110476 0
675 4.478655677448489 0.4125119792060119 0
676 0.1879060392437494 -3.057370138532831 0
677 0.6672360245374082 -2.724019251433714 0
678 1.14514107693213 -2.389679703493318 0
679 2.559762954343607 -0.9309738484401475 0
680 1.624137692713119 -2.0556543696906 0
681 2.120343553849896 -1.713995823988326 0
682 2.577989754061207 -1.399161434860005 0
683 3.056134586685128 -1.065498219079616 0
684 3.528524697039777 -0.7227265889564285 0
685 2.044154701484861 -1.288849610767785 0
686 4.478233486231639 2.508367275614474 0
687 -4.478233486231638 -3.73999780175347 0
688 -1.778870160533076 -1.864749910669266 0
689 -1.107629003032198 -1.424416774782925 0
690 0.4324206724301181 -0.3266641105537174 0
691 2.238495844504041 0.9695997895626581 0
692 -2.49021886024457 -2.372320797282843 0
693 -0.6833487058845866 -1.084932840095665 0
694 1.248764580689854 0.2717646579266644 0
695 -0.03513133225342306 -0.6079566189543565 0
696 2.72630072255282 1.311164442347881 0
697 1.750690966455262 0.6280351367774351 0
698 3.221926177317757 1.653037250321695 0
699 -2.970203161577193 -2.713577294879477 0
700 3.953633494390929 2.165384229499531 0
701 -3.458008039625975 -3.055141947664703 0
702 -3.953633494390917 -3.397014755638518 0
703 0.8613465201213868 -0.02859441958851551 0
704 3.629172697268091 1.850910131500882 0
705 -2.166635987749923 -2.058448876565821 0
706 -0.4484789445069031 -0.7026938884132401 0
707 -1.380406323180984 -1.752124016521243 0
708 4.602895980717198 2.804495434575753 0
709 -4.602895980717195 -4.036125960714747 0
710 -4.089596869064261 -3.733756503393935 0
711 4.089596869064268 2.502125977254942 0
712 4.300191217818162 2.207054828442569 0
713 -4.301544799173026 -3.436718514735769 0
714 -1.034899726065293 -1.092474165635776 0
715 -3.111441737349316 -3.042455909177607 0
716 -2.623636859300534 -2.700891256392383 0
717 1.891929542227383 0.9569137510755641 0
718 1.395520993450856 0.6193753246854199 0
719 0.3031924089921404 -0.6515033396810429 0
720 2.867539298324941 1.640043056646009 0
721 2.379734420276161 1.298478403860787 0
722 -3.5992466153981 -3.384020561962833 0
723 -1.581637318819712 -1.386761360561722 0
724 -0.8164635099013643 -1.391936305784081 0
725 2.10855993857616 0.6475334823303033 0
726 0.09351443547960918 -0.3441456467150324 0
727 -2.824427784792786 -2.423575002748402 0
728 1.620755060527381 0.3059688295450806 0
729 3.084169694673717 1.33066278790075 0
730 2.596364816624939 0.9890981351155262 0
731 -3.328072133698093 -2.73307564043235 0
732 -3.79910281932189 -3.10412089394971 0
733 -0.1695316652781954 -1.046323752588874 0
734 -1.867188934960641 -2.180449544984769 0
735 3.616989302574585 2.175515613221247 0
736 3.327967367361972 1.973445119797175 0
737 -2.152603658918487 -2.381152555621494 0
738 0.9143570002188076 0.3059338002100143 0
739 0.5310760303695466 -0.005628149836751988 0
740 -4.761606211641576 -3.591913894592329 0
741 4.761606211641576 2.360283368453334 0
742 0.7664668548707343 -0.3374128025265963 0
743 1.18794159966193 -0.02915585581779496 0
744 3.53113387997197 1.55426803947092 0
745 -2.057594445688285 -1.757899935728704 0
746 -2.483156924262449 -2.053087305604249 0
747 3.946988695162424 1.847392523607584 0
748 -0.4030760294523235 -1.208989964304916 0
749 -1.820736713304405 -1.562853634517267 0
750 -0.2957953615927212 -0.5111486905924472 0
751 -1.139823574817462 -1.741988322264446 0
752 4.78079577585201 2.628859764339144 0
753 -4.780795775852011 -3.860490290478137 0
754 4.741556674356879 3.069664761732685 0
755 -4.741556674356875 -4.301295287871679 0
756 4.323450398680015 2.7744374447018 0
757 -4.323450398680008 -4.006067970840792 0
758 -1.553565250306163 -2.002260011706438 0
759 -0.8663314172365363 -0.8393146103016904 0
760 -1.332345074469172 -1.240904051470247 0
761 1.10197241731093 0.5227030372047071 0
762 -2.330315734217331 -2.60068612799048 0
763 2.571437081160743 1.542170154179381 0
764 0.07399653397356667 -0.8820529843489722 0
765 -2.815339520185117 -2.944583006710978 0
766 3.062023051290518 1.881402581029331 0
767 2.083632203111965 1.200605501394159 0
768 1.595743997216149 0.8587853377697833 0
769 3.794360178490733 2.397243044374716 0
770 -3.3031443982339 -3.286147659496204 0
771 -3.792801624258226 -3.627911211385072 0
772 0.5872943791887736 -0.5544476830360885 0
773 -4.152724987907863 -3.210626134052009 0
774 2.367973054126644 0.7273016895348837 0
775 1.880168176077865 0.3857370367496607 0
776 2.855777932175422 1.068866342320107 0
777 -3.587485249248576 -2.812843847636928 0
778 -3.099680371199793 -2.4712791948517 0
779 0.2503321120112187 -0.1272418900534574 0
780 1.456984961159527 0.09108764866275465 0
781 1.024289109056536 -0.2353548591464501 0
782 0.682231038512416 0.2020583256834653 0
783 4.196260242449912 1.970910297469039 0
784 3.333299608929275 1.361285874469597 0
785 -2.714046968629765 -2.173693789206633 0
786 4.561664719723641 2.210398006218222 0
787 -4.561935435994613 -3.441635164388059 0
788 -0.5740936848017303 -1.384168448240853 0
789 3.782434664236595 1.64083225896089 0
790 -2.317087227637686 -1.846979970738093 0
791 -0.1492400004013657 -0.3256922618874818 0
792 -1.603879330395144 -1.685376169922666 0
793 -0.6603666755647197 -0.7192463603803149 0
794 -0.9054661443794694 -1.619295841105127 0
795 3.427550030479948 1.757915135272668 0
796 -1.967572382232981 -1.96538706698714 0
797 -0.4317443665469736 -0.9251496829637237 0
798 -2.318426532423451 -2.218770449208323 0
799 3.781888809129676 2.01181896331694 0
800 -4.830011183736984 -4.095046193648106 0
801 4.830011183736985 2.863415667509112 0
802 -1.317782734780637 -1.970288678797272 0
803 -4.022261476654553 -3.001022692025095 0
804 -3.31875222228043 -2.502721273410684 0
805 -3.832858132716351 -2.862081989954018 0
806 3.074849783256058 1.100308420879086 0
807 2.587044905207278 0.7587437680938615 0
808 2.099240027158499 0.4171791153086382 0
809 -4.477293129237709 -4.206484617495276 0
810 4.47729312923772 2.974854091356289 0
811 -0.2256641785951136 -0.7887112919993319 0
812 0.3173032551073905 0.06471935123888962 0
813 -1.350496035459222 -1.540540471317957 0
814 1.053102425172995 0.129987045682592 0
815 4.469863603162539 -1.320689407815355 0
816 -0.01179751541322864 -4.475041762880759 0
817 0.4324606876994092 -4.159036376273331 0
818 0.8805689164848928 -3.836435805532527 0
819 1.258507663268013 -3.56803887676999 0
820 1.735445478836492 -3.232880493361986 0
821 2.212455227948021 -2.897817484036143 0
822 2.689536708893892 -2.562850332715853 0
823 3.166689776982306 -2.227979595057319 0
824 3.722648104524397 -1.848973821041406 0
825 4.144780806427195 -1.630156962416897 0
826 -0.4065354653618212 -4.597417048092102 0
827 4.618891591086737 -1.023226438762865 0
828 0.978639126718833 -3.441774272562688 0
829 1.455805827485219 -3.107117962170787 0
830 1.933013780887606 -2.772501652006153 0
831 2.410262786261858 -2.437925429220945 0
832 2.887552677973535 -2.103389392460228 0
833 3.378005618342634 -1.761521638996909 0
834 1.288384346938348 -3.851587078755509 0
835 1.706054846915097 -3.490615132754969 0
836 2.182709714832718 -3.155154479393095 0
837 2.659485770516126 -2.819866305410893 0
838 0.4876427701150525 -3.812184028940743 0
839 3.136382415684684 -2.484749854791014 0
840 3.631896177310105 -2.156093431969065 0
841 0.385119978319137 -4.505860742085881 0
842 3.842977193586959 -1.509998262106587 0
843 0.8100363569155524 -4.170759237205758 0
844 0.09625726965387563 -4.152815911952649 0
845 -0.7026093893523251 -4.671694704875391 0
846 4.132355628268486 -1.308553802226494 0
847 4.729396060553736 -1.472942853899346 0
848 4.45595275853787 -1.639323425578266 0
849 -0.03342329953537903 -4.753408641841077 0
850 4.029038152129286 -1.929797979252061 0
851 -0.2852824426072937 -4.339111675506163 0
852 4.779356948617362 -1.216580190259441 0
853 0.7531222751433322 -3.655200392705555 0
854 1.223782469329199 -3.275041179765307 0
855 1.70094249179937 -2.940396405794831 0
856 2.178148115128817 -2.605791844430233 0
857 2.655399099150414 -2.271227607643124 0
858 4.74769484678535 -0.7701555295340112 0
859 3.1348822995036 -1.935475154933847 0
860 3.584125964601557 -1.600035050256837 0
861 0.2456050666081254 -3.923304856381893 0
862 0.6265892028216828 -4.397187480398959 0
863 -0.265307260429022 -4.787414226442678 0
864 1.084454821627511 -4.007048223031815 0
865 4.339819043873821 -1.053512423378289 0
866 1.587082239236309 -3.669088003173066 0
867 2.030708080412328 -3.365853664284414 0
868 2.493014271472901 -3.038035039730413 0
869 2.970278214859429 -2.701876906274682 0
870 3.433273193735521 -2.365239757955061 0
871 -0.9576991523074864 -4.752432718731798 0
872 -0.4865733122700945 -4.809551340555606 0
873 3.855951438634996 -2.105418846088749 0
874 -1.301157064877413 -4.885607507762393 0
875 4.283249457452423 -1.850249138451199 0
876 -0.5230404035525916 -4.420743241463859 0
877 3.934861064166959 -1.729731756204238 0
878 4.296852168730249 -1.472845655586565 0
879 4.82918867729789 -0.986079442359078 0
880 0.1878597255723227 -4.661819422209948 0
881 -0.1993893297087893 -4.586874865279774 0
882 -0.1269783504421448 -4.173586272601367 0
883 0.1849010056682991 -4.366963658024597 0
884 3.353623022964095 -2.565376815866782 0
885 4.488982654407956 -0.8598108733054174 0
886 0.689431008183601 -3.942624907873853 0
887 2.875945230986484 -2.903259006315692 0
888 1.051590774386166 -3.713001333123414 0
889 1.510958455490298 -3.384441149134124 0
890 1.965879129119422 -3.060767363146104 0
891 2.353865536506298 -3.26305366480068 0
892 2.440483813370269 -2.727047739257413 0
893 2.91763981559071 -2.39201228149037 0
894 3.41123252839976 -2.049213899992268 0
895 1.88150224704771 -3.604476458730602 0
896 4.507875406155663 3.78579185827416 0
897 -4.470749821484757 -2.471893450868992 0
898 -1.595433881080977 -0.48416810936862 0
899 2.246316421220201 2.251721262950778 0
900 0.0511944700006935 0.7146803254172723 0
901 0.7829017870738638 1.227027304595108 0
902 -1.168317725121255 -0.139231306545786 0
903 1.750690966455263 1.909848454976964 0
904 1.262886088406483 1.568283802191741 0
905 2.966813233631476 2.752947411720997 0
906 -2.324482019151455 -0.9029564676498327 0
907 -2.726300722552804 -1.260981650287337 0
908 -0.4366104080480859 0.3731156726320489 0
909 3.607342115365173 3.179050680731979 0
910 -3.214105600601583 -1.602546303072561 0
911 -3.709731055366523 -1.944419111046376 0
912 4.039081313981261 3.490299199395205 0
913 -4.112426023034733 -2.173441809447469 0
914 0.4593189145792149 0.9131553838780846 0
915 2.653758951358993 2.449808716400306 0
916 -0.7610712051709227 0.05864157463339945 0
917 3.375308212799598 2.802264597185128 0
918 -1.868211201229764 -0.8118753511069382 0
919 4.620949810892377 4.097844365420515 0
920 -4.615898406684918 -2.767746145577427 0
921 1.891929542227384 2.238727069275094 0
922 -1.522704604114072 -0.1522255002214705 0
923 0.9163197861298241 1.555597763704648 0
924 1.404124664178604 1.89716241648987 0
925 -0.303192408992123 0.7016861317415883 0
926 -2.379734420276145 -1.248295611800243 0
927 -2.867539298324925 -1.589860264585466 0
928 -3.355344176373707 -1.931424917370693 0
929 -2.069442196868491 -0.4465126951474161 0
930 -1.303582674096196 -0.4494126463384137 0
931 2.108559938576161 1.929346800529834 0
932 -0.102766276468075 0.4176243773971793 0
933 1.620755060527382 1.587782147744609 0
934 1.117110711622078 1.278281510060666 0
935 -2.597449624999602 -0.9494170285943402 0
936 -3.084169694673701 -1.280479995840206 0
937 -3.571974572722483 -1.622044648625431 0
938 3.09636093357089 3.14589446136076 0
939 0.1569634878811224 1.034473753359282 0
940 2.640002057454998 2.772856161243919 0
941 -0.7732545998644285 0.3832470563537663 0
942 -3.805491114285462 -2.237071916275633 0
943 0.444989812899942 1.235789440593171 0
944 -1.06227653507704 0.1811765629296944 0
945 2.352188828573905 2.571967862092534 0
946 -4.170613650198293 -2.479863274947263 0
947 3.943500826383924 3.16942323179992 0
948 4.133901810819775 3.806773517616621 0
949 3.735419617042932 3.47614993039584 0
950 4.33031995737737 3.505608089367552 0
951 4.772054887639089 3.641865328152342 0
952 -4.728954988000466 -2.322314308638704 0
953 -4.449466894665734 -2.154551999469192 0
954 -4.017432840247494 -1.852809815898229 0
955 0.3605409532586972 0.6159647377217673 0
956 2.555552125329906 2.152982705281479 0
957 -0.8591100224670428 -0.2380005173965624 0
958 0.7758398510917413 0.9077938129165128 0
959 2.972429224525662 2.449846315691528 0
960 -0.4437949732518864 0.05376890147109825 0
961 3.329905297745019 3.308560673076801 0
962 -2.296420963428264 -0.6129295609452913 0
963 3.222624629885417 2.610719399364335 0
964 -1.627628452866241 -0.8017396568501407 0
965 4.780795775852007 3.910673082538671 0
966 -4.780795775852013 -2.578676972278613 0
967 -4.743414163780836 -3.021401041538181 0
968 4.744135792953331 4.353126024595818 0
969 -1.820149952517951 -0.3006553860559414 0
970 -0.1087086560265463 0.9430456561249084 0
971 2.086413295192961 2.480086593658414 0
972 0.6229986610466234 1.455392635302744 0
973 1.595827325063187 2.140854166808465 0
974 1.108022447014407 1.799289514023241 0
975 -1.328220851148495 0.0891340241618504 0
976 2.87025388834696 2.988500107365659 0
977 -2.571437081160727 -1.491987362118838 0
978 -0.5965135340753259 0.601481003339685 0
979 -2.053162640902988 -1.060089911238512 0
980 3.788947880171996 2.933270416924914 0
981 -3.059241959209507 -1.833552014904062 0
982 -3.547261029714761 -2.171780489382877 0
983 -4.337872989072488 -2.733431745996283 0
984 4.338783847322466 4.061247612779252 0
985 1.880168176077865 1.667550354949189 0
986 1.392363298029087 1.325985702163966 0
987 -2.855777932175405 -1.018683550259563 0
988 -3.343582810224183 -1.360248203044784 0
989 4.201305508505042 3.275460097008249 0
990 3.876267839445129 3.703994490141284 0
991 -3.82432740281585 -1.673047044692061 0
992 0.1628417683817515 0.4312929108097499 0
993 2.357695453122815 1.959976017734974 0
994 -1.056445986775919 -0.4285440578722224 0
995 1.006729895459059 1.028400296518897 0
996 -0.2127822996628904 0.1744886645558382 0
997 -4.271962712565201 -1.943031589297866 0
998 0.6118228706152018 0.7023581369865156 0
999 2.809738392326034 2.238002377468164 0
1000 -0.6079171913974787 -0.1517073109603935 0
1001 -2.50487604189399 -0.7183824897676709 0
1002 -2.091684208443925 -0.7451275045083628 0
1003 3.586890139671253 2.818336897249688 0
1004 -1.366457197976924 -0.6845707816657055 0
1005 -0.9626938719590649 -0.03435342159481364 0
1006 2.451954081620751 2.356620136681274 0
1007 0.2560199719442366 0.8208756055356365 0
1008 3.358050024339957 3.023731551729262 0
1009 0.6110901461509209 1.073472425703961 0
1010 -0.6083902196873623 0.2194622227975315 0
1011 2.808250866742782 2.606364651264187 0
1012 -4.300814097345879 -2.319937633683229 0
1013 3.48460641149626 3.478674703889927 0
1014 4.829176275939543 4.139142992982433 0
1015 -4.828021669263554 -2.807580686246251 0
1016 -1.805587612829417 -1.030040013382967 0
1017 -3.909967422031146 -2.053055186933083 0
1018 -3.562654661304821 -1.391690281603764 0
1019 2.099240027158499 1.698992433508169 0
1020 -3.07484978325604 -1.05012562881854 0
1021 1.611435149109721 1.357427780722945 0
1022 4.581513646100509 3.492736911524265 0
1023 -4.477293129237711 -2.924671299295748 0
1024 4.477293129237718 4.256667409555812 0
1025 -3.918053121617854 -2.45786538107452 0
1026 3.152493446887808 2.888282000771217 0
1027 -1.838300913508001 -0.6002918059036517 0
1028 1.798024077432855 -4.481045765657079 0
1029 4.474888121551271 -2.623819789056595 0
1030 2.265117885262232 -4.15960485781507 0
1031 2.727864690227109 -3.838748511222502 0
1032 3.097208627856465 -3.583715800470096 0
1033 3.642372161213689 -3.205714974849407 0
1034 4.075132183046467 -2.915273890337928 0
1035 1.426935618958784 -4.598136814111879 0
1036 4.61772279652501 -2.310336512663349 0
1037 2.614098869242066 -4.220722499458133 0
1038 3.124002594776785 -3.887914891401102 0
1039 3.582025062926271 -3.545278731025704 0
1040 2.335145785570408 -3.806206192955033 0
1041 2.208736945779794 -4.509044098933167 0
1042 2.838015856567355 -3.458716706456836 0
1043 1.917911979712397 -4.089392262608885 0
1044 3.315891043638167 -3.146532886758932 0
1045 4.121777020909002 -2.589293784625803 0
1046 1.133929837517471 -4.668256454014704 0
1047 3.752616133663918 -2.876319767661802 0
1048 4.003448739110165 -3.229678959397959 0
1049 4.389768389789896 -2.920830071842911 0
1050 4.771549882587998 -2.765506334512466 0
1051 1.793494670694296 -4.755018504245641 0
1052 1.548359980152159 -4.380547572544057 0
1053 2.851586116538905 -4.023683953692857 0
1054 2.440774582172772 -4.415023330004261 0
1055 3.357570907682474 -3.71634058975465 0
1056 2.090110700276767 -3.901209290533692 0
1057 4.78042575158548 -2.49839350845897 0
1058 2.607591439324194 -3.651257115995584 0
1059 4.744583518656996 -2.055093238016147 0
1060 3.826933696414005 -3.442441264848769 0
1061 3.072435910501424 -3.279504106268644 0
1062 1.557566312993686 -4.790062526894215 0
1063 4.33257285190305 -2.344195699245698 0
1064 3.503304099583749 -2.960739630902721 0
1065 0.8715917795061434 -4.750221483078279 0
1066 4.25562590658382 -3.127000718581542 0
1067 1.3527779009801 -4.81129115900416 0
1068 3.887897997265796 -2.678217969238259 0
1069 0.5309792892610197 -4.885752080444343 0
1070 1.317074794333705 -4.423489344848864 0
1071 2.024289858374527 -4.669189684933722 0
1072 4.828546413353497 -2.269576989755319 0
1073 1.624876132046356 -4.600962236690574 0
1074 1.992045202472747 -4.348414284027305 0
1075 1.701324784673975 -4.198672665173398 0
1076 2.548776078805286 -3.963289685970897 0
1077 2.900140269394611 -3.720770738930491 0
1078 4.606560698077915 -2.915523900205641 0
1079 4.2378067055891 -2.781352137300164 0
1080 3.882679655358853 -3.043852638121743 0
1081 3.365667744462132 -3.398196611712168 0
1082 4.479983374198155 -2.1498692026916 0
1083 3.560650199912733 4.438535248417336 0
1084 -4.50953037985179 -1.172349283259909 0
1085 3.139333466404563 4.150982193040326 0
1086 2.755083009620857 3.8839755576777 0
1087 2.272031499288014 3.546897433663362 0
1088 1.789008416972666 3.209774315760452 0
1089 1.306013871519683 2.872606300763915 0
1090 0.8230479768608665 2.535393468865451 0
1091 0.3401108525771997 2.198135883940268 0
1092 -0.142797375506265 1.86083359379724 0
1093 -0.6256765746899001 1.523486630393197 0
1094 -1.108526604730007 1.18609501001202 0
1095 -1.591347317126494 0.8486587334090215 0
1096 -2.132747879260633 0.4701789865552534 0
1097 -2.653821984170161 0.1014073492965809 0
1098 -3.143409967912806 -0.2365285795059158 0
1099 -3.619026583502831 -0.5739806682730292 0
1100 -4.00976203271262 -0.8534015195485445 0
1101 3.991027658000275 4.593809614529078 0
1102 -4.621255829819185 -1.48413657139567 0
1103 2.731828818385857 4.192897285723237 0
1104 2.249145563119234 3.855443739580489 0
1105 1.766472647355719 3.517966405671498 0
1106 1.283810118011983 3.180465373840353 0
1107 0.8011580208754784 2.842940726030228 0
1108 0.3185164007375674 2.505392536419762 0
1109 -0.1641146984709112 2.167820871546493 0
1110 -0.6467352335410611 1.830225790417593 0
1111 -1.129345161843692 1.492607344608229 0
1112 -1.611944441182727 1.154965578347733 0
1113 -2.104301250459661 0.8104673953661869 0
1114 -2.521797304006169 0.4385864827199725 0
1115 -3.006697740237619 0.09190539640071341 0
1116 -3.489229081352322 -0.245889951698157 0
1117 3.022895958428279 3.740359694103582 0
1118 2.537899690779517 3.401870997594764 0
1119 2.04997323468766 3.088015841071218 0
1120 1.565514077615561 2.749992728909402 0
1121 1.081093443900716 2.411925673689375 0
1122 0.5967114583031913 2.07381465490946 0
1123 0.1123682593827243 1.73565963696242 0
1124 -0.3732532734512524 1.465336586103275 0
1125 -0.8562546402555721 1.128235492648148 0
1126 -1.339202088757225 0.7910572216681888 0
1127 -1.822095776870932 0.4538020181700274 0
1128 -2.304935842841358 0.1164700989054356 0
1129 -2.787722405403967 -0.2209383473783975 0
1130 3.246924557921056 4.50211136567335 0
1131 -3.291029438330768 -0.5221348131975186 0
1132 3.47534749443062 4.096563881577679 0
1133 4.289907031427235 4.712287015979895 0
1134 -3.951320996763322 -0.5585779485883339 0
1135 -4.1360295844539 -1.197667855456374 0
1136 -3.715888634163146 -0.8908273896759332 0
1137 -4.342434563519303 -0.8849454169435458 0
1138 -4.773360561366045 -1.028492063427987 0
1139 3.61382770747653 4.747158068406982 0
1140 3.856309096810473 4.361577105511651 0
1141 -4.780778119128158 -1.296863654079084 0
1142 3.238472602077535 3.902377238671566 0
1143 -4.744185548157903 -1.73933081107599 0
1144 3.011466440647763 4.329156162757624 0
1145 2.488916709203322 4.017633866688533 0
1146 2.781171171920943 3.570994034105808 0
1147 2.006242846139839 3.680198729859482 0
1148 1.523578683891837 3.34273785121195 0
1149 1.040924280795978 3.005251347020446 0
1150 0.5582796938744565 2.667739322951237 0
1151 2.289440811892617 3.237188245585456 0
1152 0.07564497901207917 2.330201874232074 0
1153 -0.406979808863363 1.992639085805026 0
1154 -0.8895946155966676 1.655051032462862 0
1155 -1.372199387615882 1.317437778969275 0
1156 -1.856422108539808 0.9786605246253318 0
1157 -2.336407827022404 0.6824094634231366 0
1158 1.803831758203272 2.902338111397106 0
1159 -2.814974788177947 0.3328093598853988 0
1160 -3.298474310327455 -0.00589794234704094 0
1161 1.325890154814906 2.561669329311219 0
1162 -3.774892950956827 -0.3444830612852576 0
1163 0.8411580854558055 2.223267944901407 0
1164 0.3564620517560102 1.884832680749342 0
1165 3.85018886654439 4.788178220313521 0
1166 -0.16397711664578 1.515115769263978 0
1167 -0.6045876104753085 1.198892244158417 0
1168 -1.073046604758458 0.8777818401967298 0
1169 -1.557093723280724 0.5400972429955937 0
1170 -2.007482453030766 0.1945123594058099 0
1171 -4.339465556922224 -1.44829987170683 0
1172 -2.496988028982485 -0.1478619910588463 0
1173 -2.992292769360267 -0.4809849776088535 0
1174 -3.435611080789625 -0.7707623634731104 0
1175 -4.216398131573255 -0.6579359186776785 0
1176 -3.888649765317479 -1.095333398359291 0
1177 4.579908890462046 4.767633111898089 0
1178 4.071383019889074 4.816028847633183 0
1179 3.38844724350946 4.689745127290561 0
1180 3.719645601460198 4.177953781771354 0
1181 4.80899638118336 4.821168288509446 0
1182 -4.829243899421049 -1.525356734397744 0
1183 4.188115824050614 4.499051739358732 0
1184 3.780488849941599 4.582510907558963 0
1185 -4.587171755632458 -0.8785766242743741 0
1186 -2.783263637540911 -0.4551917627585064 0
1187 -2.294625418572403 -0.1164340042466185 0
1188 3.31709098932827 4.272076293099839 0
1189 -1.807023712414081 0.2239771162842373 0
1190 -4.477294620579221 -1.642855851239815 0
1191 -1.333830050570456 0.5592851572993173 0
1192 2.963990400518819 4.030643095855084 0
1193 2.514041273988648 3.712802604885109 0
1194 2.028861576056086 3.380006828601911 0
1195 -0.8137586235119402 0.9293061529544993 0
1196 1.545292821035833 3.042985780313863 0
1197 1.063021291461271 2.704964474280105 0
1198 0.5796374113015144 2.367290635331264 0
1199 0.09627901145847284 2.029580756871305 0
1200 -0.32976305785139 1.25874405947263 0
1201 -0.4066837986455498 1.68108906835833 0
1202 -3.807896144076857 -0.7071489969265197 0
1203 -0.8689975345985245 1.364061292380479 0
1204 -1.349377740695132 1.029332693767161 0
1205 -1.844001342589709 0.6836441501869024 0
1206 4.065178065162243 4.362874370580618 0
1207 4.472368781313632 -3.893627905147006 0
1208 3.651212529384567 -4.443122809791524 0
1209 4.052700733972816 -4.167287907304795 0
1210 3.248389202548358 -4.586361489637629 0
1211 4.632535008282628 -3.572891010685459 0
1212 3.989155259180492 -4.4990761999189 0
1213 2.94548411358694 -4.677291856280084 0
1214 4.367556666218613 -4.202545642210448 0
1215 4.144817633944636 -3.850836705318826 0
1216 3.741844733544429 -4.155982922412544 0
1217 4.76655704316813 -4.04642218292546 0
1218 3.374421110608735 -4.33286238835179 0
1219 3.49960213098343 -4.719456992651978 0
1220 3.762356840960583 -4.74191556677685 0
1221 4.77740007254828 -3.780206826658502 0
1222 4.354167011238172 -3.605713626173567 0
1223 4.754289507586214 -3.328174351914784 0
1224 3.877342474423461 -3.950685652685245 0
1225 2.615138033019475 -4.792633586498892 0
1226 3.153348003117431 -4.802929544870336 0
1227 4.231027515331618 -4.417210178862454 0
1228 2.400700116480353 -4.860816140557571 0
1229 3.121022373547918 -4.411294176801247 0
1230 4.835434883541311 -3.539521263047588 0
1231 3.869924061360198 -4.311622145118964 0
1232 4.588145294851796 -4.19975872745576 0
1233 4.290827681349004 -4.00642613972055 0
1234 4.503307573694874 -3.411094399393362 0
1235 3.443406243381272 -4.52045092010823 0
1236 3.523965272882636 -4.166427200407789 0
1237 1.770610360717944 4.473459560766232 0
1238 -4.483960853898584 0.1083462353551604 0
1239 1.319296691729394 4.151002188156431 0
1240 0.8491537272513918 3.816198203446725 0
1241 0.4717992235345743 3.550478258913655 0
1242 -0.0100626388729396 3.211684258041798 0
1243 -0.4919866121025507 2.872971674318562 0
1244 -0.9739724491884321 2.534340773794197 0
1245 -1.514527700919056 2.154716840246431 0
1246 -2.039000740944121 1.790655419036693 0
1247 -2.521280700879756 1.452501061408004 0
1248 -3.006245071151192 1.107942100812358 0
1249 -3.488586242559887 0.7697149296544674 0
1250 -3.968385185330884 0.4384158831171454 0
1251 2.162612175701797 4.597559868491275 0
1252 -4.606736951618966 -0.1929443633251879 0
1253 -4.100417311713622 0.1057986074232416 0
1254 0.753655111438627 3.424024132468243 0
1255 0.2715241686638658 3.085803948847847 0
1256 -0.2106425323027855 2.747618164038875 0
1257 -0.6928447764512649 2.409466827242994 0
1258 -1.184833667888415 2.064504156980349 0
1259 -1.677014799483426 1.799419934772987 0
1260 -2.167619193347073 1.460873082292411 0
1261 1.274090670890126 3.790170139686277 0
1262 -2.65084573535179 1.12407834658149 0
1263 -3.133293049876999 0.7861629960763138 0
1264 -3.615757013815386 0.448271423397386 0
1265 -4.303661841953748 0.404663578278619 0
1266 0.4240893253175028 3.84842536889897 0
1267 0.9563213607274321 4.197596354843043 0
1268 -0.03731903336178072 3.496963338544949 0
1269 -0.5210346672003809 3.156762512072114 0
1270 -1.029712064269388 2.826643592986816 0
1271 -1.424249283333545 2.452785495091647 0
1272 -1.906067611560021 2.114015760674793 0
1273 -2.387989717107028 1.775393822930822 0
1274 -2.870015181511939 1.436919155629725 0
1275 -3.352143659281087 1.098591336057988 0
1276 -3.834374877123807 0.76041004406931 0
1277 1.370337063689054 4.502030080354371 0
1278 1.658911710585366 4.148206955657869 0
1279 2.457575856873177 4.669265083859321 0
1280 -4.762933236049909 0.2540831420914849 0
1281 1.791858480804155 4.753345763248886 0
1282 2.038820838838832 4.379225329914667 0
1283 -4.780089855142912 -0.01505033587955484 0
1284 1.494889434852456 3.929116387428276 0
1285 -4.744078676415251 -0.4577733756494838 0
1286 1.142598629276943 4.383749996854633 0
1287 0.9845346408980751 3.637113921036846 0
1288 0.5059852626824193 3.255659899249869 0
1289 0.02386986757038991 2.917448275796592 0
1290 -4.330941794643811 -0.1646017976098372 0
1291 -0.4582850647044703 2.579271204211708 0
1292 -0.9421044824045544 2.239987771728379 0
1293 0.7089321265848332 3.993952534701191 0
1294 -1.384433344769828 1.890155209708603 0
1295 -1.876454539825002 1.559766966856781 0
1296 -2.36140095484601 1.224169120791471 0
1297 -2.842544497877474 0.8833470632346953 0
1298 -3.324982289683184 0.5454017626141539 0
1299 -3.8080262697548 0.2089978092032105 0
1300 0.1834832975716579 3.670875933606551 0
1301 2.023609570214303 4.788192831221881 0
1302 -0.296704577264819 3.335735026026017 0
1303 -0.7871688684463642 2.989511565159706 0
1304 -1.310943747914296 2.633049864647193 0
1305 -1.726868064930566 2.370358757419003 0
1306 -2.214103283126653 2.039369328261185 0
1307 2.717459067576995 4.749967257678171 0
1308 -2.701274515016399 1.685876920418921 0
1309 -3.186619827677934 1.336293968856373 0
1310 -4.159038384895904 0.6330677939086841 0
1311 -3.670213423135531 0.9865934097118971 0
1312 2.244451628189911 4.809819916397064 0
1313 3.059148145235929 4.885711452732092 0
1314 -4.563154555263178 0.4041161958753897 0
1315 2.270267067666925 4.412876119222428 0
1316 -4.826181096635427 -0.2417188147786294 0
1317 1.570026420805693 4.660031102795312 0
1318 1.957502285255406 4.598356670728587 0
1319 -4.048157364841926 0.8279143592085444 0
1320 -3.570734620289228 1.178119216041265 0
1321 1.887136767453539 4.174112213381453 0
1322 1.572642868520432 4.363205184541557 0
1323 -3.0886453533222 1.522091489423737 0
1324 -2.601531399667901 1.866227416452906 0
1325 -4.48326915776755 -0.3666358795976288 0
1326 -2.114089878166031 2.21105924202098 0
1327 1.029481922966345 3.941625084953811 0
1328 0.6817312160359716 3.697324844239028 0
1329 0.2309017133696328 3.378577606200778 0
1330 -1.606932739364928 2.561150530444701 0
1331 -0.2510935266955143 3.040369985048992 0
1332 -0.7389949725270784 2.70203427295233 0
1333 -1.225105221941383 2.346564150414699 0
1334 4.725099581332548 -4.726998888163098 0
1335 4.488633576565665 -4.781284670495894 0
1336 4.25446284467209 -4.86489228649368 0
1337 4.813177726689931 -4.532161745524238 0
1338 4.853625493199944 -4.861144214191802 0
1339 -0.04121881003234206 4.479482805647576 0
1340 -4.524221257007293 1.323289423201618 0
1341 -0.4226229666292174 4.21564569365909 0
1342 -0.8963304661991756 3.887619532107398 0
1343 -1.375875967522472 3.554624529651052 0
1344 -1.855285811558839 3.22141148835142 0
1345 -2.33455880443433 2.887981624029834 0
1346 -2.813693624417885 2.554335762289972 0
1347 -3.292688790643621 2.220474352207666 0
1348 -3.753106491826259 1.83987919987836 0
1349 0.3303098428263989 4.599284013796713 0
1350 -4.084064476982686 1.479910552723126 0
1351 -4.640877060921985 1.021598180701774 0
1352 -0.9215556698959106 4.196584279029909 0
1353 -1.400246237400808 3.862690116129978 0
1354 -1.878888012530738 3.52868057542883 0
1355 -2.357480451887359 3.194556710193413 0
1356 -2.836023038267845 2.860319386790533 0
1357 -3.314515273351011 2.525969291527399 0
1358 -3.789883980722063 2.183753890027844 0
1359 -4.278564474720889 1.851714273989734 0
1360 -0.6230313799493291 3.748212946416284 0
1361 -1.10758924947465 3.411222884028277 0
1362 -0.4638384733937058 4.519947690159976 0
1363 -1.594245865090875 3.098950624822111 0
1364 -0.1540163978831496 4.069914945797347 0
1365 -2.076732720704671 2.763689238200781 0
1366 -2.559033840457134 2.42821571631248 0
1367 -3.04062717450923 2.16066598116799 0
1368 -3.519747112430308 1.827159489055388 0
1369 0.6220192740639373 4.667494386978492 0
1370 -4.759437329933744 1.524623173887649 0
1371 -0.03583220921912302 4.753920618100101 0
1372 -4.525605604733814 1.674965150401584 0
1373 -3.814943206046495 1.511178346876777 0
1374 0.2036476948857379 4.370612342397219 0
1375 -0.6883833107292379 4.354313059231144 0
1376 -1.162584549615216 4.023084451383287 0
1377 -1.641239697572192 3.689202390472078 0
1378 -0.8707702053112272 3.581179256967776 0
1379 -2.119849039520819 3.355195632442367 0
1380 -0.3898372816378273 3.915357335251712 0
1381 -4.77313907409459 0.7995614808797273 0
1382 -4.794510065107525 1.23557284351851 0
1383 -2.598411923611192 3.021065458356331 0
1384 -3.076927726656628 2.686812901570162 0
1385 -3.55488372968111 2.351146581365049 0
1386 -4.031390571968587 2.006574906150687 0
1387 -1.355609880542679 3.247693703911484 0
1388 -4.246136682487579 1.208637218772783 0
1389 -1.832692412770211 2.912719607497647 0
1390 -2.315805198161941 2.576655267881546 0
1391 0.1930704764109679 4.789291574902572 0
1392 -2.807314059982769 2.251138081216027 0
1393 -3.257958822152669 1.908526761629613 0
1394 0.8844052423978918 4.749937362078333 0
1395 0.4035686439534082 4.811213995135557 0
1396 1.227120818002563 4.8857867646883 0
1397 -4.308774956472201 1.545246122437817 0
1398 -0.2688009204957301 4.665665211063811 0
1399 0.4355448291142528 4.418777725939839 0
1400 -4.84170524002482 1.01550662849203 0
1401 0.05254229542045854 4.189243234678463 0
1402 0.1299953989743279 4.598518270968836 0
1403 -3.587261218981266 1.614377193306664 0
1404 -3.992636675717248 1.276649441234884 0
1405 -0.2338079979549619 4.346393844613768 0
1406 -4.433264865746812 1.016419803331893 0
1407 -0.6569601791734496 4.052955474282589 0
1408 -4.045140696336185 1.705750567009417 0
1409 -1.135566112587258 3.720070128377961 0
1410 -1.616857539136299 3.390093885439495 0
1411 -2.096099873479371 3.05592571678591 0
1412 -2.576254404891722 2.721428869276783 0
1413 -3.025453379449852 1.936682133977868 0
1414 -3.057627774926857 2.399899394996536 0
1415 -3.528044821242671 2.055156712360653 0
1416 -4.549442825288588 2.644141950079409 0
1417 -1.886121480698294 4.475407409664179 0
1418 -2.542091763223117 4.013922303696801 0
1419 -2.907298950164393 3.76299401073406 0
1420 -3.363483141544479 3.448243845166261 0
1421 -3.839331871689352 3.080137317366839 0
1422 -2.280981235156979 4.325981427497629 0
1423 -1.494578255085049 4.597820923074676 0
1424 -4.268716156903808 2.986081333664957 0
1425 -4.619990376660093 2.363874831705704 0
1426 -4.057465062143827 2.615262133034544 0
1427 -2.950025707010579 4.062745311819253 0
1428 -3.378775488891717 3.737987344023081 0
1429 -3.835790131095986 3.4148124212659 0
1430 -2.19817954480987 3.998089826677961 0
1431 -2.644062891010909 3.639169166962573 0
1432 -3.10703615723813 3.320737805661738 0
1433 -3.568480528815395 3.062351481618942 0
1434 -1.199770477458123 4.67131414365306 0
1435 -1.886336581914012 4.16269951008413 0
1436 -4.773617042723224 2.811222816799742 0
1437 -1.917431360855613 4.7530656061942 0
1438 -2.193769315635626 4.555672444166487 0
1439 -3.83927814074788 2.780471039643807 0
1440 -2.557822483550691 4.297136516322737 0
1441 -1.633595472903878 4.343407678769708 0
1442 -3.16742891293191 3.899037978392313 0
1443 -3.618204184602189 3.580154332425558 0
1444 -4.067709472992433 3.293114138011979 0
1445 -2.434058976287795 3.782918498939756 0
1446 -4.797565441996852 2.534767639417244 0
1447 -2.872225322278323 3.464492835963455 0
1448 -4.33355695451255 2.437790838362924 0
1449 -4.747582521396168 2.103614040841355 0
1450 -3.336131332841838 3.15130507116502 0
1451 -1.636714629141832 4.788876902072343 0
1452 -4.505774643167298 2.964543459000533 0
1453 -0.9419546768830858 4.752402452624827 0
1454 -1.415521807194592 4.809600550038964 0
1455 -0.6012765360405227 4.885626141976808 0
1456 -2.751837101816085 4.201462558313301 0
1457 -4.067967203775176 2.888481499221645 0
1458 -1.385734476961268 4.411586238089965 0
1459 -4.323920446222044 3.183480473952197 0
1460 -2.05640250065322 4.335942609836044 0
1461 -2.437881938075623 4.476282295362743 0
1462 -4.837589989299728 2.305031555382201 0
1463 -1.710363643730995 4.587733772090401 0
1464 -2.394768756685164 4.158782518548781 0
1465 -2.719813313289074 3.892718765188347 0
1466 -3.132707995508158 3.605582303323484 0
1467 -3.638464016464816 2.858567908109737 0
1468 -3.616000454747807 3.27376587105584 0
1469 -4.297153807631873 2.756050202227335 0
1470 -4.488109255535109 2.192589961932114 0
1471 -4.113529030316562 3.086258952443523 0
1472 -4.491461877804285 3.955592168041185 0
1473 -3.718137602366313 4.453276508682628 0
1474 -4.117806485542644 4.23630355094966 0
1475 -3.326603350316632 4.597972677753886 0
1476 -4.636858933358204 3.61741549360909 0
1477 -4.159392605711363 3.886599827063916 0
1478 -3.011183472860654 4.685499373335725 0
1479 -3.817717542489627 4.170670716461764 0
1480 -4.028249929710546 4.542935340551023 0
1481 -4.408837478774994 4.246326048396117 0
1482 -4.779668830163539 4.096057534110507 0
1483 -3.450873468934413 4.337140241787292 0
1484 -3.572025638400901 4.709944745420445 0
1485 -4.369122800808639 3.648251619499233 0
1486 -3.836229942125152 4.739338598683775 0
1487 -4.780234715345127 3.830389618719032 0
1488 -4.759104361117603 3.374387181999338 0
1489 -2.681217506580995 4.796496737044242 0
1490 -4.28910688179289 4.446693185014889 0
1491 -3.230510871471072 4.810650123621078 0
1492 -2.467942999934906 4.863904899530972 0
1493 -3.907636860737625 3.95375368271364 0
1494 -3.174313099561528 4.430458205433825 0
1495 -4.295287080057277 4.079289792944836 0
1496 -3.596980945483097 4.161046560783454 0
1497 -3.923848262592355 4.349884943167826 0
1498 -4.837056554511568 3.588328587806282 0
1499 -3.516910015004565 4.524583543411064 0
1500 -4.516459611540262 3.450726411080601 0
1501 -3.412645908240044 4.820510921365455 0
1502 -4.619948220543233 4.24304046047078 0
1503 -4.741615934670753 4.743401128824203 0
1504 -4.519357096652239 4.794425354966597 0
1505 -4.29925562870584 4.873009723148762 0
1506 -4.824402237341434 4.560270039987771 0
1507 -4.862419852574635 4.86948683961442 0
$EndNodes
$Elements
3183
1 1 2 2 8 29 31
2 1 2 2 8 31 32
3 1 2 2 8 32 33
4 1 2 2 8 33 34
5 1 2 2 8 34 28
6 1 2 2 9 27 35
7 1 2 2 9 35 36
8 1 2 2 9 36 37
9 1 2 2 9 37 38
10 1 2 2 9 38 39
11 1 2 2 9 39 40
12 1 2 2 9 40 41
13 1 2 2 9 41 42
14 1 2 2 9 42 43
15 1 2 2 9 43 44
16 1 2 2 9 44 45
17 1 2 2 9 45 46
18 1 2 2 9 46 26
19 1 2 2 10 25 47
20 1 2 2 10 47 48
21 1 2 2 10 48 49
22 1 2 2 10 49 50
23 1 2 2 10 50 51
24 1 2 2 10 51 52
25 1 2 2 10 52 53
26 1 2 2 10 53 54
27 1 2 2 10 54 55
28 1 2 2 10 55 56
29 1 2 2 10 56 57
30 1 2 2 10 57 58
31 1 2 2 10 58 59
32 1 2 2 10 59 60
33 1 2 2 10 60 61
34 1 2 2 10 61 62
35 1 2 2 10 62 63
36 1 2 2 10 63 64
37 1 2 2 10 64 65
38 1 2 2 10 65 24
39 1 2 2 11 22 66
40 1 2 2 11 66 67
41 1 2 2 11 67 68
42 1 2 2 11 68 69
43 1 2 2 11 69 70
44 1 2 2 11 70 71
45 1 2 2 11 71 72
46 1 2 2 11 72 73
47 1 2 2 11 73 74
48 1 2 2 11 74 75
49 1 2 2 11 75 76
50 1 2 2 11 76 77
51 1 2 2 11 77 78
52 1 2 2 11 78 79
53 1 2 2 11 79 80
54 1 2 2 11 80 81
55 1 2 2 11 81 82
56 1 2 2 11 82 83
57 1 2 2 11 83 84
58 1 2 2 11 84 85
59 1 2 2 11 85 86
60 1 2 2 11 86 87
61 1 2 2 11 87 88
62 1 2 2 11 88 89
63 1 2 2 11 89 90
64 1 2 2 11 90 91
65 1 2 2 11 91 21
66 1 2 2 12 18 92
67 1 2 2 12 92 93
68 1 2 2 12 93 94
69 1 2 2 12 94 95
70 1 2 2 12 95 96
71 1 2 2 12 96 97
72 1 2 2 12 97 98
73 1 2 2 12 98 99
74 1 2 2 12 99 100
75 1 2 2 12 100 101
76 1 2 2 12 101 102
77 1 2 2 12 102 103
78 1 2 2 12 103 104
79 1 2 2 12 104 105
80 1 2 2 12 105 106
81 1 2 2 12 106 107
82 1 2 2 12 107 108
83 1 2 2 12 108 109
84 1 2 2 12 109 110
85 1 2 2 12 110 111
86 1 2 2 12 111 112
87 1 2 2 12 112 113
88 1 2 2 12 113 114
89 1 2 2 12 114 115
90 1 2 2 12 115 116
91 1 2 2 12 116 117
92 1 2 2 12 117 118
93 1 2 2 12 118 119
94 1 2 2 12 119 120
95 1 2 2 12 120 121
96 1 2 2 12 121 122
97 1 2 2 12 122 123
98 1 2 2 12 123 124
99 1 2 2 12 124 125
100 1 2 2 12 125 16
101 1 2 2 13 13 126
102 1 2 2 13 126 127
103 1 2 2 13 127 128
104 1 2 2 13 128 129
105 1 2 2 13 129 130
106 1 2 2 13 130 131
107 1 2 2 13 131 132
108 1 2 2 13 132 133
109 1 2 2 13 133 134
110 1 2 2 13 134 135
111 1 2 2 13 135 136
112 1 2 2 13 136 137
113 1 2 2 13 137 138
114 1 2 2 13 138 139
115 1 2 2 13 139 140
116 1 2 2 13 140 141
117 1 2 2 13 141 142
118 1 2 2 13 142 143
119 1 2 2 13 143 144
120 1 2 2 13 144 145
121 1 2 2 13 145 146
122 1 2 2 13 146 147
123 1 2 2 13 147 148
124 1 2 2 13 148 149
125 1 2 2 13 149 150
126 1 2 2 13 150 151
127 1 2 2 13 151 152
128 1 2 2 13 152 153
129 1 2 2 13 153 154
130 1 2 2 13 154 155
131 1 2 2 13 155 156
132 1 2 2 13 156 157
133 1 2 2 13 157 158
134 1 2 2 13 158 159
135 1 2 2 13 159 160
136 1 2 2 13 160 161
137 1 2 2 13 161 162
138 1 2 2 13 162 163
139 1 2 2 13 163 164
140 1 2 2 13 164 165
141 1 2 2 13 165 12
142 1 2 2 14 9 166
143 1 2 2 14 166 167
144 1 2 2 14 167 168
145 1 2 2 14 168 169
146 1 2 2 14 169 170
147 1 2 2 14 170 171
148 1 2 2 14 171 172
149 1 2 2 14 172 173
150 1 2 2 14 173 174
151 1 2 2 14 174 175
152 1 2 2 14 175 176
153 1 2 2 14 176 177
154 1 2 2 14 177 178
155 1 2 2 14 178 179
156 1 2 2 14 179 180
157 1 2 2 14 180 181
158 1 2 2 14 181 182
159 1 2 2 14 182 183
160 1 2 2 14 183 184
161 1 2 2 14 184 185
162 1 2 2 14 185 186
163 1 2 2 14 186 187
164 1 2 2 14 187 188
165 1 2 2 14 188 189
166 1 2 2 14 189 190
167 1 2 2 14 190 191
168 1 2 2 14 191 192
169 1 2 2 14 192 193
170 1 2 2 14 193 194
171 1 2 2 14 194 195
172 1 2 2 14 195 196
173 1 2 2 14 196 197
174 1 2 2 14 197 198
175 1 2 2 14 198 199
176 1 2 2 14 199 200
177 1 2 2 14 200 201
178 1 2 2 14 201 202
179 1 2 2 14 202 203
180 1 2 2 14 203 204
181 1 2 2 14 204 205
182 1 2 2 14 205 8
183 1 2 2 15 4 206
184 1 2 2 15 206 207
185 1 2 2 15 207 208
186 1 2 2 15 208 209
187 1 2 2 15 209 210
188 1 2 2 15 210 211
189 1 2 2 15 211 212
190 1 2 2 15 212 213
191 1 2 2 15 213 214
192 1 2 2 15 214 215
193 1 2 2 15 215 216
194 1 2 2 15 216 217
195 1 2 2 15 217 218
196 1 2 2 15 218 219
197 1 2 2 15 219 220
198 1 2 2 15 220 221
199 1 2 2 15 221 222
200 1 2 2 15 222 223
201 1 2 2 15 223 224
202 1 2 2 15 224 225
203 1 2 2 15 225 226
204 1 2 2 15 226 227
205 1 2 2 15 227 228
206 1 2 2 15 228 229
207 1 2 2 15 229 230
208 1 2 2 15 230 231
209 1 2 2 15 231 232
210 1 2 2 15 232 233
211 1 2 2 15 233 234
212 1 2 2 15 234 235
213 1 2 2 15 235 236
214 1 2 2 15 236 237
215 1 2 2 15 237 238
216 1 2 2 15 238 239
217 1 2 2 15 239 240
218 1 2 2 15 240 241
219 1 2 2 15 241 242
220 1 2 2 15 242 243
221 1 2 2 15 243 244
222 1 2 2 15 244 245
223 1 2 2 15 245 1
224 1 2 2 16 5 246
225 1 2 2 16 246 247
226 1 2 2 16 247 248
227 1 2 2 16 248 249
228 1 2 2 16 249 250
229 1 2 2 16 250 251
230 1 2 2 16 251 252
231 1 2 2 16 252 253
232 1 2 2 16 253 254
233 1 2 2 16 254 255
234 1 2 2 16 255 256
235 1 2 2 16 256 257
236 1 2 2 16 257 258
237 1 2 2 16 258 259
238 1 2 2 16 259 260
239 1 2 2 16 260 261
240 1 2 2 16 261 262
241 1 2 2 16 262 263
242 1 2 2 16 263 264
243 1 2 2 16 264 265
244 1 2 2 16 265 266
245 1 2 2 16 266 267
246 1 2 2 16 267 268
247 1 2 2 16 268 269
248 1 2 2 16 269 270
249 1 2 2 16 270 271
250 1 2 2 16 271 272
251 1 2 2 16 272 273
252 1 2 2 16 273 274
253 1 2 2 16 274 275
254 1 2 2 16 275 276
255 1 2 2 16 276 277
256 1 2 2 16 277 278
257 1 2 2 16 278 279
258 1 2 2 16 279 3
259 1 2 2 17 7 280
260 1 2 2 17 280 281
261 1 2 2 17 281 282
262 1 2 2 17 282 283
263 1 2 2 17 283 284
264 1 2 2 17 284 285
265 1 2 2 17 285 286
266 1 2 2 17 286 287
267 1 2 2 17 287 288
268 1 2 2 17 288 289
269 1 2 2 17 289 290
270 1 2 2 17 290 291
271 1 2 2 17 291 292
272 1 2 2 17 292 293
273 1 2 2 17 293 294
274 1 2 2 17 294 295
275 1 2 2 17 295 296
276 1 2 2 17 296 297
277 1 2 2 17 297 298
278 1 2 2 17 298 299
279 1 2 2 17 299 300
280 1 2 2 17 300 301
281 1 2 2 17 301 302
282 1 2 2 17 302 303
283 1 2 2 17 303 304
284 1 2 2 17 304 305
285 1 2 2 17 305 306
286 1 2 2 17 306 6
287 1 2 2 18 11 307
288 1 2 2 18 307 308
289 1 2 2 18 308 309
290 1 2 2 18 309 310
291 1 2 2 18 310 311
292 1 2 2 18 311 312
293 1 2 2 18 312 313
294 1 2 2 18 313 314
295 1 2 2 18 314 315
296 1 2 2 18 315 316
297 1 2 2 18 316 317
298 1 2 2 18 317 318
299 1 2 2 18 318 319
300 1 2 2 18 319 320
301 1 2 2 18 320 321
302 1 2 2 18 321 322
303 1 2 2 18 322 323
304 1 2 2 18 323 324
305 1 2 2 18 324 325
306 1 2 2 18 325 10
307 1 2 2 19 15 326
308 1 2 2 19 326 327
309 1 2 2 19 327 328
310 1 2 2 19 328 329
311 1 2 2 19 329 330
312 1 2 2 19 330 331
313 1 2 2 19 331 332
314 1 2 2 19 332 333
315 1 2 2 19 333 334
316 1 2 2 19 334 335
317 1 2 2 19 335 336
318 1 2 2 19 336 337
319 1 2 2 19 337 14
320 1 2 2 20 20 338
321 1 2 2 20 338 339
322 1 2 2 20 339 340
323 1 2 2 20 340 341
324 1 2 2 20 341 19
325 2 2 1 1 486 501 466
326 2 2 1 1 467 501 486
327 2 2 1 1 487 502 467
328 2 2 1 1 468 502 487
329 2 2 1 1 488 503 468
330 2 2 1 1 469 503 488
331 2 2 1 1 489 504 469
332 2 2 1 1 470 504 489
333 2 2 1 1 490 505 470
334 2 2 1 1 471 505 490
335 2 2 1 1 491 506 471
336 2 2 1 1 472 506 491
337 2 2 1 1 492 507 472
338 2 2 1 1 473 507 492
339 2 2 1 1 493 508 473
340 2 2 1 1 474 508 493
341 2 2 1 1 494 509 474
342 2 2 1 1 475 509 494
343 2 2 1 1 495 510 475
344 2 2 1 1 476 510 495
345 2 2 1 1 496 511 476
346 2 2 1 1 477 511 496
347 2 2 1 1 497 512 477
348 2 2 1 1 478 512 497
349 2 2 1 1 498 513 478
350 2 2 1 1 479 513 498
351 2 2 1 1 499 514 479
352 2 2 1 1 480 514 499
353 2 2 1 1 500 515 480
354 2 2 1 1 481 515 500
355 2 2 1 1 348 485 347
356 2 2 1 1 484 525 465
357 2 2 1 1 483 559 525
358 2 2 1 1 482 558 485
359 2 2 1 1 485 522 347
360 2 2 1 1 465 523 484
361 2 2 1 1 248 486 247
362 2 2 1 1 250 487 249
363 2 2 1 1 252 488 251
364 2 2 1 1 254 489 253
365 2 2 1 1 256 490 255
366 2 2 1 1 258 491 257
367 2 2 1 1 260 492 259
368 2 2 1 1 262 493 261
369 2 2 1 1 264 494 263
370 2 2 1 1 266 495 265
371 2 2 1 1 268 496 267
372 2 2 1 1 270 497 269
373 2 2 1 1 272 498 271
374 2 2 1 1 274 499 273
375 2 2 1 1 276 500 275
376 2 2 1 1 246 517 5
377 2 2 1 1 278 516 277
378 2 2 1 1 525 562 483
379 2 2 1 1 212 555 515
380 2 2 1 1 214 554 514
381 2 2 1 1 216 553 513
382 2 2 1 1 484 581 525
383 2 2 1 1 218 552 512
384 2 2 1 1 220 551 511
385 2 2 1 1 222 550 510
386 2 2 1 1 525 559 465
387 2 2 1 1 224 549 509
388 2 2 1 1 226 548 508
389 2 2 1 1 228 547 507
390 2 2 1 1 230 546 506
391 2 2 1 1 232 545 505
392 2 2 1 1 234 544 504
393 2 2 1 1 236 543 503
394 2 2 1 1 238 542 502
395 2 2 1 1 467 542 501
396 2 2 1 1 468 543 502
397 2 2 1 1 469 544 503
398 2 2 1 1 470 545 504
399 2 2 1 1 471 546 505
400 2 2 1 1 472 547 506
401 2 2 1 1 473 548 507
402 2 2 1 1 474 549 508
403 2 2 1 1 475 550 509
404 2 2 1 1 476 551 510
405 2 2 1 1 477 552 511
406 2 2 1 1 478 553 512
407 2 2 1 1 479 554 513
408 2 2 1 1 480 555 514
409 2 2 1 1 558 582 485
410 2 2 1 1 342 518 3
411 2 2 1 1 348 556 485
412 2 2 1 1 485 556 482
413 2 2 1 1 278 520 516
414 2 2 1 1 3 518 279
415 2 2 1 1 213 555 212
416 2 2 1 1 486 526 247
417 2 2 1 1 248 527 486
418 2 2 1 1 487 527 249
419 2 2 1 1 250 528 487
420 2 2 1 1 488 528 251
421 2 2 1 1 252 529 488
422 2 2 1 1 489 529 253
423 2 2 1 1 254 530 489
424 2 2 1 1 490 530 255
425 2 2 1 1 256 531 490
426 2 2 1 1 491 531 257
427 2 2 1 1 258 532 491
428 2 2 1 1 492 532 259
429 2 2 1 1 260 533 492
430 2 2 1 1 493 533 261
431 2 2 1 1 262 534 493
432 2 2 1 1 494 534 263
433 2 2 1 1 264 535 494
434 2 2 1 1 495 535 265
435 2 2 1 1 266 536 495
436 2 2 1 1 496 536 267
437 2 2 1 1 268 537 496
438 2 2 1 1 497 537 269
439 2 2 1 1 270 538 497
440 2 2 1 1 498 538 271
441 2 2 1 1 272 539 498
442 2 2 1 1 499 539 273
443 2 2 1 1 274 540 499
444 2 2 1 1 500 540 275
445 2 2 1 1 276 541 500
446 2 2 1 1 466 526 486
447 2 2 1 1 467 527 487
448 2 2 1 1 486 527 467
449 2 2 1 1 468 528 488
450 2 2 1 1 487 528 468
451 2 2 1 1 469 529 489
452 2 2 1 1 488 529 469
453 2 2 1 1 470 530 490
454 2 2 1 1 489 530 470
455 2 2 1 1 471 531 491
456 2 2 1 1 490 531 471
457 2 2 1 1 472 532 492
458 2 2 1 1 491 532 472
459 2 2 1 1 473 533 493
460 2 2 1 1 492 533 473
461 2 2 1 1 474 534 494
462 2 2 1 1 493 534 474
463 2 2 1 1 475 535 495
464 2 2 1 1 494 535 475
465 2 2 1 1 476 536 496
466 2 2 1 1 495 536 476
467 2 2 1 1 477 537 497
468 2 2 1 1 496 537 477
469 2 2 1 1 478 538 498
470 2 2 1 1 497 538 478
471 2 2 1 1 479 539 499
472 2 2 1 1 498 539 479
473 2 2 1 1 480 540 500
474 2 2 1 1 499 540 480
475 2 2 1 1 500 541 481
476 2 2 1 1 215 554 214
477 2 2 1 1 481 560 515
478 2 2 1 1 217 553 216
479 2 2 1 1 219 552 218
480 2 2 1 1 221 551 220
481 2 2 1 1 465 520 518
482 2 2 1 1 516 541 277
483 2 2 1 1 242 519 241
484 2 2 1 1 223 550 222
485 2 2 1 1 240 557 501
486 2 2 1 1 518 523 465
487 2 2 1 1 225 549 224
488 2 2 1 1 206 345 4
489 2 2 1 1 227 548 226
490 2 2 1 1 229 547 228
491 2 2 1 1 501 579 240
492 2 2 1 1 502 578 238
493 2 2 1 1 231 546 230
494 2 2 1 1 503 577 236
495 2 2 1 1 233 545 232
496 2 2 1 1 504 576 234
497 2 2 1 1 235 544 234
498 2 2 1 1 505 575 232
499 2 2 1 1 517 563 5
500 2 2 1 1 237 543 236
501 2 2 1 1 506 574 230
502 2 2 1 1 507 573 228
503 2 2 1 1 239 542 238
504 2 2 1 1 508 572 226
505 2 2 1 1 509 571 224
506 2 2 1 1 510 570 222
507 2 2 1 1 347 522 346
508 2 2 1 1 511 569 220
509 2 2 1 1 501 557 466
510 2 2 1 1 518 520 279
511 2 2 1 1 514 568 214
512 2 2 1 1 512 567 218
513 2 2 1 1 513 566 216
514 2 2 1 1 345 524 344
515 2 2 1 1 206 524 345
516 2 2 1 1 516 580 541
517 2 2 1 1 502 542 467
518 2 2 1 1 503 543 468
519 2 2 1 1 504 544 469
520 2 2 1 1 505 545 470
521 2 2 1 1 506 546 471
522 2 2 1 1 507 547 472
523 2 2 1 1 508 548 473
524 2 2 1 1 509 549 474
525 2 2 1 1 510 550 475
526 2 2 1 1 511 551 476
527 2 2 1 1 512 552 477
528 2 2 1 1 513 553 478
529 2 2 1 1 514 554 479
530 2 2 1 1 515 555 480
531 2 2 1 1 246 526 517
532 2 2 1 1 517 526 466
533 2 2 1 1 541 580 481
534 2 2 1 1 515 560 212
535 2 2 1 1 555 568 514
536 2 2 1 1 554 566 513
537 2 2 1 1 553 567 512
538 2 2 1 1 552 569 511
539 2 2 1 1 551 570 510
540 2 2 1 1 279 520 278
541 2 2 1 1 550 571 509
542 2 2 1 1 342 523 518
543 2 2 1 1 211 521 210
544 2 2 1 1 549 572 508
545 2 2 1 1 548 573 507
546 2 2 1 1 547 574 506
547 2 2 1 1 521 560 481
548 2 2 1 1 546 575 505
549 2 2 1 1 545 576 504
550 2 2 1 1 544 577 503
551 2 2 1 1 521 562 210
552 2 2 1 1 543 578 502
553 2 2 1 1 542 579 501
554 2 2 1 1 522 561 346
555 2 2 1 1 245 522 244
556 2 2 1 1 522 582 244
557 2 2 1 1 482 563 517
558 2 2 1 1 2 561 1
559 2 2 1 1 517 565 482
560 2 2 1 1 346 561 2
561 2 2 1 1 241 557 240
562 2 2 1 1 485 582 522
563 2 2 1 1 483 562 521
564 2 2 1 1 466 565 517
565 2 2 1 1 466 557 519
566 2 2 1 1 519 557 241
567 2 2 1 1 207 524 206
568 2 2 1 1 519 558 482
569 2 2 1 1 242 558 519
570 2 2 1 1 343 523 342
571 2 2 1 1 559 580 516
572 2 2 1 1 209 525 208
573 2 2 1 1 247 526 246
574 2 2 1 1 249 527 248
575 2 2 1 1 251 528 250
576 2 2 1 1 253 529 252
577 2 2 1 1 255 530 254
578 2 2 1 1 257 531 256
579 2 2 1 1 259 532 258
580 2 2 1 1 261 533 260
581 2 2 1 1 263 534 262
582 2 2 1 1 265 535 264
583 2 2 1 1 267 536 266
584 2 2 1 1 269 537 268
585 2 2 1 1 271 538 270
586 2 2 1 1 273 539 272
587 2 2 1 1 275 540 274
588 2 2 1 1 277 541 276
589 2 2 1 1 524 581 484
590 2 2 1 1 520 559 516
591 2 2 1 1 5 563 349
592 2 2 1 1 465 559 520
593 2 2 1 1 483 580 559
594 2 2 1 1 1 561 245
595 2 2 1 1 349 556 348
596 2 2 1 1 525 581 208
597 2 2 1 1 519 565 466
598 2 2 1 1 212 560 211
599 2 2 1 1 209 562 525
600 2 2 1 1 245 561 522
601 2 2 1 1 207 581 524
602 2 2 1 1 482 565 519
603 2 2 1 1 343 564 523
604 2 2 1 1 481 580 521
605 2 2 1 1 521 580 483
606 2 2 1 1 243 558 242
607 2 2 1 1 556 563 482
608 2 2 1 1 243 582 558
609 2 2 1 1 523 564 484
610 2 2 1 1 484 564 524
611 2 2 1 1 210 562 209
612 2 2 1 1 524 564 344
613 2 2 1 1 214 568 213
614 2 2 1 1 216 566 215
615 2 2 1 1 218 567 217
616 2 2 1 1 211 560 521
617 2 2 1 1 220 569 219
618 2 2 1 1 222 570 221
619 2 2 1 1 224 571 223
620 2 2 1 1 208 581 207
621 2 2 1 1 226 572 225
622 2 2 1 1 228 573 227
623 2 2 1 1 230 574 229
624 2 2 1 1 232 575 231
625 2 2 1 1 344 564 343
626 2 2 1 1 234 576 233
627 2 2 1 1 236 577 235
628 2 2 1 1 238 578 237
629 2 2 1 1 240 579 239
630 2 2 1 1 244 582 243
631 2 2 1 1 239 579 542
632 2 2 1 1 237 578 543
633 2 2 1 1 235 577 544
634 2 2 1 1 233 576 545
635 2 2 1 1 231 575 546
636 2 2 1 1 229 574 547
637 2 2 1 1 227 573 548
638 2 2 1 1 225 572 549
639 2 2 1 1 223 571 550
640 2 2 1 1 221 570 551
641 2 2 1 1 219 569 552
642 2 2 1 1 213 568 555
643 2 2 1 1 217 567 553
644 2 2 1 1 215 566 554
645 2 2 1 1 349 563 556
646 2 2 1 2 265 619 266
647 2 2 1 2 357 625 356
648 2 2 1 2 263 618 264
649 2 2 1 2 619 654 266
650 2 2 1 2 599 650 584
651 2 2 1 2 261 617 262
652 2 2 1 2 247 660 355
653 2 2 1 2 598 661 650
654 2 2 1 2 618 652 264
655 2 2 1 2 259 615 260
656 2 2 1 2 625 662 249
657 2 2 1 2 257 614 258
658 2 2 1 2 617 651 262
659 2 2 1 2 255 613 256
660 2 2 1 2 283 600 282
661 2 2 1 2 285 601 284
662 2 2 1 2 597 662 625
663 2 2 1 2 287 602 286
664 2 2 1 2 281 616 280
665 2 2 1 2 289 603 288
666 2 2 1 2 584 641 599
667 2 2 1 2 291 604 290
668 2 2 1 2 625 658 356
669 2 2 1 2 293 605 292
670 2 2 1 2 295 606 294
671 2 2 1 2 297 607 296
672 2 2 1 2 248 625 249
673 2 2 1 2 299 608 298
674 2 2 1 2 253 612 254
675 2 2 1 2 301 609 300
676 2 2 1 2 305 610 304
677 2 2 1 2 303 611 302
678 2 2 1 2 615 649 260
679 2 2 1 2 251 620 252
680 2 2 1 2 650 661 584
681 2 2 1 2 614 639 258
682 2 2 1 2 251 666 620
683 2 2 1 2 596 684 611
684 2 2 1 2 595 683 609
685 2 2 1 2 594 682 608
686 2 2 1 2 593 681 607
687 2 2 1 2 246 660 247
688 2 2 1 2 592 680 606
689 2 2 1 2 591 678 605
690 2 2 1 2 590 677 604
691 2 2 1 2 589 676 603
692 2 2 1 2 599 675 650
693 2 2 1 2 588 673 602
694 2 2 1 2 587 671 601
695 2 2 1 2 586 670 600
696 2 2 1 2 355 658 247
697 2 2 1 2 613 633 256
698 2 2 1 2 624 684 596
699 2 2 1 2 623 683 595
700 2 2 1 2 622 682 594
701 2 2 1 2 616 663 280
702 2 2 1 2 621 681 593
703 2 2 1 2 619 680 592
704 2 2 1 2 618 678 591
705 2 2 1 2 617 677 590
706 2 2 1 2 615 676 589
707 2 2 1 2 614 673 588
708 2 2 1 2 612 670 586
709 2 2 1 2 613 671 587
710 2 2 1 2 273 657 624
711 2 2 1 2 650 667 598
712 2 2 1 2 587 633 613
713 2 2 1 2 271 656 623
714 2 2 1 2 588 639 614
715 2 2 1 2 589 649 615
716 2 2 1 2 590 651 617
717 2 2 1 2 591 652 618
718 2 2 1 2 305 628 610
719 2 2 1 2 592 654 619
720 2 2 1 2 593 655 621
721 2 2 1 2 612 636 254
722 2 2 1 2 594 656 622
723 2 2 1 2 595 657 623
724 2 2 1 2 269 655 622
725 2 2 1 2 586 636 612
726 2 2 1 2 600 631 282
727 2 2 1 2 283 632 600
728 2 2 1 2 601 632 284
729 2 2 1 2 285 634 601
730 2 2 1 2 602 634 286
731 2 2 1 2 287 635 602
732 2 2 1 2 603 635 288
733 2 2 1 2 600 632 586
734 2 2 1 2 289 637 603
735 2 2 1 2 604 637 290
736 2 2 1 2 291 638 604
737 2 2 1 2 601 634 587
738 2 2 1 2 605 638 292
739 2 2 1 2 293 642 605
740 2 2 1 2 602 635 588
741 2 2 1 2 606 642 294
742 2 2 1 2 295 643 606
743 2 2 1 2 607 643 296
744 2 2 1 2 297 645 607
745 2 2 1 2 603 637 589
746 2 2 1 2 608 645 298
747 2 2 1 2 299 646 608
748 2 2 1 2 609 646 300
749 2 2 1 2 301 647 609
750 2 2 1 2 604 638 590
751 2 2 1 2 611 647 302
752 2 2 1 2 610 648 304
753 2 2 1 2 303 648 611
754 2 2 1 2 622 679 269
755 2 2 1 2 605 642 591
756 2 2 1 2 606 643 592
757 2 2 1 2 607 645 593
758 2 2 1 2 608 646 594
759 2 2 1 2 253 640 612
760 2 2 1 2 609 647 595
761 2 2 1 2 611 648 596
762 2 2 1 2 596 665 624
763 2 2 1 2 350 626 6
764 2 2 1 2 265 652 619
765 2 2 1 2 585 669 616
766 2 2 1 2 355 660 354
767 2 2 1 2 620 669 585
768 2 2 1 2 263 651 618
769 2 2 1 2 654 685 267
770 2 2 1 2 255 636 613
771 2 2 1 2 7 663 627
772 2 2 1 2 6 626 306
773 2 2 1 2 356 658 355
774 2 2 1 2 261 649 617
775 2 2 1 2 621 685 654
776 2 2 1 2 626 641 584
777 2 2 1 2 281 631 616
778 2 2 1 2 623 672 271
779 2 2 1 2 584 628 626
780 2 2 1 2 259 639 615
781 2 2 1 2 616 631 585
782 2 2 1 2 3 279 353
783 2 2 1 2 257 633 614
784 2 2 1 2 585 640 620
785 2 2 1 2 620 640 252
786 2 2 1 2 600 670 631
787 2 2 1 2 280 663 7
788 2 2 1 2 272 657 273
789 2 2 1 2 640 670 612
790 2 2 1 2 585 670 640
791 2 2 1 2 601 671 632
792 2 2 1 2 610 674 648
793 2 2 1 2 631 670 585
794 2 2 1 2 602 673 634
795 2 2 1 2 632 671 586
796 2 2 1 2 603 676 635
797 2 2 1 2 648 674 596
798 2 2 1 2 353 644 352
799 2 2 1 2 270 656 271
800 2 2 1 2 279 644 353
801 2 2 1 2 604 677 637
802 2 2 1 2 663 669 583
803 2 2 1 2 634 673 587
804 2 2 1 2 605 678 638
805 2 2 1 2 7 627 359
806 2 2 1 2 635 676 588
807 2 2 1 2 626 628 306
808 2 2 1 2 606 680 642
809 2 2 1 2 636 671 613
810 2 2 1 2 607 681 643
811 2 2 1 2 586 671 636
812 2 2 1 2 637 677 589
813 2 2 1 2 583 669 666
814 2 2 1 2 608 682 645
815 2 2 1 2 609 683 646
816 2 2 1 2 611 684 647
817 2 2 1 2 638 678 590
818 2 2 1 2 268 655 269
819 2 2 1 2 629 665 596
820 2 2 1 2 642 680 591
821 2 2 1 2 624 665 273
822 2 2 1 2 643 681 592
823 2 2 1 2 630 666 250
824 2 2 1 2 250 666 251
825 2 2 1 2 645 682 593
826 2 2 1 2 646 683 594
827 2 2 1 2 647 684 595
828 2 2 1 2 266 654 267
829 2 2 1 2 306 628 305
830 2 2 1 2 587 673 633
831 2 2 1 2 357 659 625
832 2 2 1 2 616 669 663
833 2 2 1 2 633 673 614
834 2 2 1 2 274 629 275
835 2 2 1 2 350 641 626
836 2 2 1 2 588 676 639
837 2 2 1 2 264 652 265
838 2 2 1 2 639 676 615
839 2 2 1 2 666 669 620
840 2 2 1 2 589 677 649
841 2 2 1 2 629 667 275
842 2 2 1 2 649 677 617
843 2 2 1 2 262 651 263
844 2 2 1 2 627 663 583
845 2 2 1 2 590 678 651
846 2 2 1 2 625 659 597
847 2 2 1 2 651 678 618
848 2 2 1 2 260 649 261
849 2 2 1 2 248 658 625
850 2 2 1 2 627 653 359
851 2 2 1 2 591 680 652
852 2 2 1 2 278 644 279
853 2 2 1 2 652 680 619
854 2 2 1 2 598 667 629
855 2 2 1 2 258 639 259
856 2 2 1 2 592 681 654
857 2 2 1 2 654 681 621
858 2 2 1 2 282 631 281
859 2 2 1 2 284 632 283
860 2 2 1 2 657 672 623
861 2 2 1 2 286 634 285
862 2 2 1 2 256 633 257
863 2 2 1 2 288 635 287
864 2 2 1 2 593 682 655
865 2 2 1 2 655 682 622
866 2 2 1 2 290 637 289
867 2 2 1 2 254 636 255
868 2 2 1 2 292 638 291
869 2 2 1 2 656 679 622
870 2 2 1 2 294 642 293
871 2 2 1 2 252 640 253
872 2 2 1 2 351 641 350
873 2 2 1 2 296 643 295
874 2 2 1 2 655 685 621
875 2 2 1 2 298 645 297
876 2 2 1 2 594 683 656
877 2 2 1 2 300 646 299
878 2 2 1 2 583 666 630
879 2 2 1 2 302 647 301
880 2 2 1 2 304 648 303
881 2 2 1 2 656 683 623
882 2 2 1 2 276 650 277
883 2 2 1 2 595 684 657
884 2 2 1 2 657 684 624
885 2 2 1 2 359 653 358
886 2 2 1 2 644 675 599
887 2 2 1 2 584 661 628
888 2 2 1 2 247 658 248
889 2 2 1 2 650 675 277
890 2 2 1 2 628 661 610
891 2 2 1 2 273 665 274
892 2 2 1 2 276 667 650
893 2 2 1 2 653 659 358
894 2 2 1 2 661 674 610
895 2 2 1 2 278 675 644
896 2 2 1 2 596 674 629
897 2 2 1 2 629 674 598
898 2 2 1 2 583 668 627
899 2 2 1 2 358 659 357
900 2 2 1 2 351 664 641
901 2 2 1 2 627 668 653
902 2 2 1 2 597 659 653
903 2 2 1 2 598 674 661
904 2 2 1 2 354 660 246
905 2 2 1 2 599 664 644
906 2 2 1 2 641 664 599
907 2 2 1 2 597 668 630
908 2 2 1 2 249 662 250
909 2 2 1 2 630 668 583
910 2 2 1 2 644 664 352
911 2 2 1 2 275 667 276
912 2 2 1 2 630 662 597
913 2 2 1 2 277 675 278
914 2 2 1 2 352 664 351
915 2 2 1 2 271 672 272
916 2 2 1 2 269 679 270
917 2 2 1 2 267 685 268
918 2 2 1 2 274 665 629
919 2 2 1 2 250 662 630
920 2 2 1 2 268 685 655
921 2 2 1 2 270 679 656
922 2 2 1 2 272 672 657
923 2 2 1 2 653 668 597
924 2 2 1 2 5 354 246
925 2 2 1 3 690 742 739
926 2 2 1 3 739 742 703
927 2 2 1 3 707 792 758
928 2 2 1 3 714 724 693
929 2 2 1 3 689 724 714
930 2 2 1 3 717 725 691
931 2 2 1 3 691 730 721
932 2 2 1 3 716 727 699
933 2 2 1 3 721 730 696
934 2 2 1 3 694 728 718
935 2 2 1 3 697 725 717
936 2 2 1 3 692 727 716
937 2 2 1 3 690 726 719
938 2 2 1 3 718 728 697
939 2 2 1 3 719 726 695
940 2 2 1 3 699 731 715
941 2 2 1 3 696 729 720
942 2 2 1 3 720 729 698
943 2 2 1 3 715 731 701
944 2 2 1 3 722 732 702
945 2 2 1 3 701 732 722
946 2 2 1 3 219 743 220
947 2 2 1 3 219 780 743
948 2 2 1 3 702 713 710
949 2 2 1 3 700 712 711
950 2 2 1 3 758 792 688
951 2 2 1 3 711 712 686
952 2 2 1 3 710 713 687
953 2 2 1 3 708 756 686
954 2 2 1 3 709 757 687
955 2 2 1 3 172 736 735
956 2 2 1 3 734 737 233
957 2 2 1 3 706 750 188
958 2 2 1 3 758 802 707
959 2 2 1 3 241 710 242
960 2 2 1 3 170 711 169
961 2 2 1 3 188 793 706
962 2 2 1 3 705 737 734
963 2 2 1 3 735 736 704
964 2 2 1 3 728 780 218
965 2 2 1 3 726 779 186
966 2 2 1 3 686 752 708
967 2 2 1 3 687 753 709
968 2 2 1 3 713 773 204
969 2 2 1 3 237 715 238
970 2 2 1 3 191 714 190
971 2 2 1 3 223 719 224
972 2 2 1 3 175 720 174
973 2 2 1 3 181 718 180
974 2 2 1 3 235 716 236
975 2 2 1 3 179 717 178
976 2 2 1 3 177 721 176
977 2 2 1 3 239 722 240
978 2 2 1 3 193 723 192
979 2 2 1 3 216 774 725
980 2 2 1 3 218 775 728
981 2 2 1 3 214 776 730
982 2 2 1 3 198 778 727
983 2 2 1 3 200 777 731
984 2 2 1 3 172 735 171
985 2 2 1 3 232 734 233
986 2 2 1 3 241 771 710
987 2 2 1 3 170 769 711
988 2 2 1 3 173 736 172
989 2 2 1 3 233 737 234
990 2 2 1 3 732 773 702
991 2 2 1 3 225 733 226
992 2 2 1 3 183 738 182
993 2 2 1 3 221 742 222
994 2 2 1 3 708 810 756
995 2 2 1 3 709 809 757
996 2 2 1 3 693 797 793
997 2 2 1 3 218 780 219
998 2 2 1 3 186 779 185
999 2 2 1 3 732 803 773
1000 2 2 1 3 710 771 702
1001 2 2 1 3 711 769 700
1002 2 2 1 3 699 778 731
1003 2 2 1 3 691 774 730
1004 2 2 1 3 696 776 729
1005 2 2 1 3 697 775 725
1006 2 2 1 3 701 777 732
1007 2 2 1 3 693 793 759
1008 2 2 1 3 712 783 207
1009 2 2 1 3 360 740 8
1010 2 2 1 3 364 741 4
1011 2 2 1 3 733 748 226
1012 2 2 1 3 726 791 695
1013 2 2 1 3 204 773 203
1014 2 2 1 3 689 794 724
1015 2 2 1 3 193 749 723
1016 2 2 1 3 727 785 198
1017 2 2 1 3 215 774 216
1018 2 2 1 3 217 775 218
1019 2 2 1 3 213 776 214
1020 2 2 1 3 201 777 200
1021 2 2 1 3 199 778 198
1022 2 2 1 3 8 740 205
1023 2 2 1 3 4 741 206
1024 2 2 1 3 686 756 711
1025 2 2 1 3 687 757 710
1026 2 2 1 3 711 756 169
1027 2 2 1 3 710 757 242
1028 2 2 1 3 712 786 686
1029 2 2 1 3 713 787 687
1030 2 2 1 3 237 765 715
1031 2 2 1 3 715 765 699
1032 2 2 1 3 714 759 190
1033 2 2 1 3 693 759 714
1034 2 2 1 3 720 766 174
1035 2 2 1 3 716 762 692
1036 2 2 1 3 691 767 717
1037 2 2 1 3 714 760 689
1038 2 2 1 3 698 766 720
1039 2 2 1 3 175 763 720
1040 2 2 1 3 181 761 718
1041 2 2 1 3 699 765 716
1042 2 2 1 3 718 761 694
1043 2 2 1 3 717 767 178
1044 2 2 1 3 718 768 180
1045 2 2 1 3 720 763 696
1046 2 2 1 3 239 770 722
1047 2 2 1 3 721 767 691
1048 2 2 1 3 717 768 697
1049 2 2 1 3 191 760 714
1050 2 2 1 3 719 764 224
1051 2 2 1 3 235 762 716
1052 2 2 1 3 697 768 718
1053 2 2 1 3 695 764 719
1054 2 2 1 3 721 763 176
1055 2 2 1 3 177 767 721
1056 2 2 1 3 716 765 236
1057 2 2 1 3 701 770 715
1058 2 2 1 3 715 770 238
1059 2 2 1 3 179 768 717
1060 2 2 1 3 722 770 701
1061 2 2 1 3 696 763 721
1062 2 2 1 3 702 771 722
1063 2 2 1 3 722 771 240
1064 2 2 1 3 723 760 192
1065 2 2 1 3 208 747 209
1066 2 2 1 3 197 746 196
1067 2 2 1 3 700 783 712
1068 2 2 1 3 223 772 719
1069 2 2 1 3 719 772 690
1070 2 2 1 3 745 749 194
1071 2 2 1 3 221 781 742
1072 2 2 1 3 245 363 1
1073 2 2 1 3 166 367 9
1074 2 2 1 3 741 752 686
1075 2 2 1 3 740 753 687
1076 2 2 1 3 225 764 733
1077 2 2 1 3 212 784 729
1078 2 2 1 3 702 773 713
1079 2 2 1 3 204 787 713
1080 2 2 1 3 207 786 712
1081 2 2 1 3 724 788 693
1082 2 2 1 3 739 782 184
1083 2 2 1 3 183 782 738
1084 2 2 1 3 210 744 211
1085 2 2 1 3 195 745 194
1086 2 2 1 3 729 806 212
1087 2 2 1 3 730 807 214
1088 2 2 1 3 725 808 216
1089 2 2 1 3 731 804 200
1090 2 2 1 3 751 802 230
1091 2 2 1 3 729 784 698
1092 2 2 1 3 688 749 745
1093 2 2 1 3 367 754 366
1094 2 2 1 3 363 755 362
1095 2 2 1 3 692 785 727
1096 2 2 1 3 166 754 367
1097 2 2 1 3 245 755 363
1098 2 2 1 3 743 781 220
1099 2 2 1 3 228 788 724
1100 2 2 1 3 188 750 187
1101 2 2 1 3 232 758 734
1102 2 2 1 3 734 758 688
1103 2 2 1 3 735 769 171
1104 2 2 1 3 700 769 735
1105 2 2 1 3 725 774 691
1106 2 2 1 3 727 778 699
1107 2 2 1 3 730 776 696
1108 2 2 1 3 728 775 697
1109 2 2 1 3 731 777 701
1110 2 2 1 3 751 794 689
1111 2 2 1 3 690 779 726
1112 2 2 1 3 694 780 728
1113 2 2 1 3 778 804 731
1114 2 2 1 3 774 807 730
1115 2 2 1 3 777 805 732
1116 2 2 1 3 775 808 725
1117 2 2 1 3 776 806 729
1118 2 2 1 3 695 791 750
1119 2 2 1 3 764 811 733
1120 2 2 1 3 723 813 760
1121 2 2 1 3 173 766 736
1122 2 2 1 3 736 766 698
1123 2 2 1 3 737 762 234
1124 2 2 1 3 692 762 737
1125 2 2 1 3 739 779 690
1126 2 2 1 3 226 748 227
1127 2 2 1 3 229 751 230
1128 2 2 1 3 207 783 208
1129 2 2 1 3 198 785 197
1130 2 2 1 3 724 794 228
1131 2 2 1 3 186 791 726
1132 2 2 1 3 707 802 751
1133 2 2 1 3 686 786 741
1134 2 2 1 3 687 787 740
1135 2 2 1 3 695 811 764
1136 2 2 1 3 760 813 689
1137 2 2 1 3 184 782 183
1138 2 2 1 3 364 752 741
1139 2 2 1 3 360 753 740
1140 2 2 1 3 194 749 193
1141 2 2 1 3 738 761 182
1142 2 2 1 3 694 761 738
1143 2 2 1 3 793 797 706
1144 2 2 1 3 705 798 737
1145 2 2 1 3 736 795 704
1146 2 2 1 3 738 782 703
1147 2 2 1 3 742 772 222
1148 2 2 1 3 743 780 694
1149 2 2 1 3 703 814 738
1150 2 2 1 3 220 781 221
1151 2 2 1 3 208 783 747
1152 2 2 1 3 703 782 739
1153 2 2 1 3 704 799 735
1154 2 2 1 3 734 796 705
1155 2 2 1 3 688 796 734
1156 2 2 1 3 735 799 700
1157 2 2 1 3 690 772 742
1158 2 2 1 3 197 785 746
1159 2 2 1 3 693 788 748
1160 2 2 1 3 738 814 694
1161 2 2 1 3 742 781 703
1162 2 2 1 3 211 784 212
1163 2 2 1 3 698 795 736
1164 2 2 1 3 737 798 692
1165 2 2 1 3 167 754 166
1166 2 2 1 3 244 755 245
1167 2 2 1 3 184 812 739
1168 2 2 1 3 698 784 744
1169 2 2 1 3 694 814 743
1170 2 2 1 3 703 781 743
1171 2 2 1 3 747 783 700
1172 2 2 1 3 365 752 364
1173 2 2 1 3 361 753 360
1174 2 2 1 3 746 785 692
1175 2 2 1 3 743 814 703
1176 2 2 1 3 744 784 211
1177 2 2 1 3 169 756 168
1178 2 2 1 3 242 757 243
1179 2 2 1 3 222 772 223
1180 2 2 1 3 205 787 204
1181 2 2 1 3 206 786 207
1182 2 2 1 3 174 766 173
1183 2 2 1 3 176 763 175
1184 2 2 1 3 190 759 189
1185 2 2 1 3 231 758 232
1186 2 2 1 3 182 761 181
1187 2 2 1 3 192 760 191
1188 2 2 1 3 234 762 235
1189 2 2 1 3 224 764 225
1190 2 2 1 3 178 767 177
1191 2 2 1 3 236 765 237
1192 2 2 1 3 180 768 179
1193 2 2 1 3 171 769 170
1194 2 2 1 3 240 771 241
1195 2 2 1 3 238 770 239
1196 2 2 1 3 745 790 705
1197 2 2 1 3 210 789 744
1198 2 2 1 3 744 789 704
1199 2 2 1 3 195 790 745
1200 2 2 1 3 227 788 228
1201 2 2 1 3 755 809 709
1202 2 2 1 3 754 810 708
1203 2 2 1 3 189 793 188
1204 2 2 1 3 733 811 797
1205 2 2 1 3 733 797 748
1206 2 2 1 3 705 790 746
1207 2 2 1 3 746 790 196
1208 2 2 1 3 704 789 747
1209 2 2 1 3 747 789 209
1210 2 2 1 3 756 810 168
1211 2 2 1 3 757 809 243
1212 2 2 1 3 231 802 758
1213 2 2 1 3 244 809 755
1214 2 2 1 3 167 810 754
1215 2 2 1 3 741 786 206
1216 2 2 1 3 740 787 205
1217 2 2 1 3 797 811 706
1218 2 2 1 3 749 792 723
1219 2 2 1 3 365 801 752
1220 2 2 1 3 361 800 753
1221 2 2 1 3 228 794 229
1222 2 2 1 3 748 788 227
1223 2 2 1 3 187 791 186
1224 2 2 1 3 689 813 751
1225 2 2 1 3 751 813 707
1226 2 2 1 3 744 795 698
1227 2 2 1 3 704 795 744
1228 2 2 1 3 705 796 745
1229 2 2 1 3 745 796 688
1230 2 2 1 3 706 811 750
1231 2 2 1 3 750 811 695
1232 2 2 1 3 692 798 746
1233 2 2 1 3 700 799 747
1234 2 2 1 3 746 798 705
1235 2 2 1 3 747 799 704
1236 2 2 1 3 748 797 693
1237 2 2 1 3 196 790 195
1238 2 2 1 3 209 789 210
1239 2 2 1 3 688 792 749
1240 2 2 1 3 792 813 723
1241 2 2 1 3 739 812 779
1242 2 2 1 3 753 800 709
1243 2 2 1 3 752 801 708
1244 2 2 1 3 709 800 755
1245 2 2 1 3 708 801 754
1246 2 2 1 3 203 803 202
1247 2 2 1 3 200 804 199
1248 2 2 1 3 212 806 213
1249 2 2 1 3 216 808 217
1250 2 2 1 3 214 807 215
1251 2 2 1 3 202 805 201
1252 2 2 1 3 230 802 231
1253 2 2 1 3 755 800 362
1254 2 2 1 3 754 801 366
1255 2 2 1 3 243 809 244
1256 2 2 1 3 168 810 167
1257 2 2 1 3 707 813 792
1258 2 2 1 3 362 800 361
1259 2 2 1 3 366 801 365
1260 2 2 1 3 750 791 187
1261 2 2 1 3 185 812 184
1262 2 2 1 3 229 794 751
1263 2 2 1 3 759 793 189
1264 2 2 1 3 803 805 202
1265 2 2 1 3 732 805 803
1266 2 2 1 3 773 803 203
1267 2 2 1 3 213 806 776
1268 2 2 1 3 217 808 775
1269 2 2 1 3 215 807 774
1270 2 2 1 3 199 804 778
1271 2 2 1 3 201 805 777
1272 2 2 1 3 779 812 185
1273 2 2 1 4 312 834 311
1274 2 2 1 4 375 845 374
1275 2 2 1 4 312 866 834
1276 2 2 1 4 281 874 373
1277 2 2 1 4 842 846 302
1278 2 2 1 4 310 843 309
1279 2 2 1 4 825 846 842
1280 2 2 1 4 845 871 374
1281 2 2 1 4 815 852 827
1282 2 2 1 4 827 865 815
1283 2 2 1 4 845 876 283
1284 2 2 1 4 289 828 290
1285 2 2 1 4 291 829 292
1286 2 2 1 4 293 830 294
1287 2 2 1 4 295 831 296
1288 2 2 1 4 297 832 298
1289 2 2 1 4 299 833 300
1290 2 2 1 4 287 838 288
1291 2 2 1 4 282 845 283
1292 2 2 1 4 302 846 303
1293 2 2 1 4 310 864 843
1294 2 2 1 4 373 871 281
1295 2 2 1 4 833 894 824
1296 2 2 1 4 832 893 823
1297 2 2 1 4 826 876 845
1298 2 2 1 4 831 892 822
1299 2 2 1 4 830 890 821
1300 2 2 1 4 829 889 820
1301 2 2 1 4 828 888 819
1302 2 2 1 4 301 842 302
1303 2 2 1 4 308 841 307
1304 2 2 1 4 824 894 840
1305 2 2 1 4 823 893 839
1306 2 2 1 4 822 892 837
1307 2 2 1 4 821 890 836
1308 2 2 1 4 820 889 835
1309 2 2 1 4 819 888 834
1310 2 2 1 4 280 874 281
1311 2 2 1 4 840 870 321
1312 2 2 1 4 286 882 844
1313 2 2 1 4 839 869 319
1314 2 2 1 4 321 873 840
1315 2 2 1 4 834 866 819
1316 2 2 1 4 837 868 317
1317 2 2 1 4 835 867 820
1318 2 2 1 4 836 868 821
1319 2 2 1 4 837 869 822
1320 2 2 1 4 839 870 823
1321 2 2 1 4 842 860 824
1322 2 2 1 4 867 891 836
1323 2 2 1 4 315 891 867
1324 2 2 1 4 289 853 828
1325 2 2 1 4 828 854 290
1326 2 2 1 4 291 854 829
1327 2 2 1 4 829 855 292
1328 2 2 1 4 323 850 322
1329 2 2 1 4 368 847 10
1330 2 2 1 4 293 855 830
1331 2 2 1 4 830 856 294
1332 2 2 1 4 295 856 831
1333 2 2 1 4 831 857 296
1334 2 2 1 4 297 857 832
1335 2 2 1 4 832 859 298
1336 2 2 1 4 299 859 833
1337 2 2 1 4 833 860 300
1338 2 2 1 4 819 854 828
1339 2 2 1 4 820 855 829
1340 2 2 1 4 821 856 830
1341 2 2 1 4 824 877 842
1342 2 2 1 4 822 857 831
1343 2 2 1 4 823 859 832
1344 2 2 1 4 824 860 833
1345 2 2 1 4 834 864 311
1346 2 2 1 4 285 882 286
1347 2 2 1 4 317 887 837
1348 2 2 1 4 287 861 838
1349 2 2 1 4 817 886 838
1350 2 2 1 4 284 851 285
1351 2 2 1 4 10 847 325
1352 2 2 1 4 373 874 372
1353 2 2 1 4 843 864 818
1354 2 2 1 4 374 871 373
1355 2 2 1 4 843 886 817
1356 2 2 1 4 815 848 847
1357 2 2 1 4 847 852 815
1358 2 2 1 4 847 848 325
1359 2 2 1 4 825 878 846
1360 2 2 1 4 319 884 839
1361 2 2 1 4 838 853 288
1362 2 2 1 4 818 886 843
1363 2 2 1 4 851 882 285
1364 2 2 1 4 301 860 842
1365 2 2 1 4 313 895 866
1366 2 2 1 4 838 861 817
1367 2 2 1 4 844 861 286
1368 2 2 1 4 866 895 835
1369 2 2 1 4 321 870 320
1370 2 2 1 4 371 6 306
1371 2 2 1 4 843 862 309
1372 2 2 1 4 844 882 816
1373 2 2 1 4 841 862 817
1374 2 2 1 4 308 862 841
1375 2 2 1 4 322 873 321
1376 2 2 1 4 325 848 324
1377 2 2 1 4 817 883 841
1378 2 2 1 4 319 869 318
1379 2 2 1 4 11 880 849
1380 2 2 1 4 840 873 824
1381 2 2 1 4 817 862 843
1382 2 2 1 4 841 880 307
1383 2 2 1 4 838 886 853
1384 2 2 1 4 880 883 816
1385 2 2 1 4 844 883 817
1386 2 2 1 4 816 883 844
1387 2 2 1 4 853 886 818
1388 2 2 1 4 827 885 865
1389 2 2 1 4 817 861 844
1390 2 2 1 4 853 888 828
1391 2 2 1 4 317 868 316
1392 2 2 1 4 854 889 829
1393 2 2 1 4 855 890 830
1394 2 2 1 4 11 849 377
1395 2 2 1 4 856 892 831
1396 2 2 1 4 846 865 303
1397 2 2 1 4 307 880 11
1398 2 2 1 4 857 893 832
1399 2 2 1 4 850 873 322
1400 2 2 1 4 859 894 833
1401 2 2 1 4 306 858 371
1402 2 2 1 4 371 858 370
1403 2 2 1 4 818 888 853
1404 2 2 1 4 375 872 845
1405 2 2 1 4 819 889 854
1406 2 2 1 4 315 867 314
1407 2 2 1 4 820 890 855
1408 2 2 1 4 821 892 856
1409 2 2 1 4 841 883 880
1410 2 2 1 4 822 893 857
1411 2 2 1 4 823 894 859
1412 2 2 1 4 815 865 846
1413 2 2 1 4 313 866 312
1414 2 2 1 4 842 877 825
1415 2 2 1 4 368 852 847
1416 2 2 1 4 311 864 310
1417 2 2 1 4 845 872 826
1418 2 2 1 4 282 871 845
1419 2 2 1 4 286 861 287
1420 2 2 1 4 849 880 816
1421 2 2 1 4 849 863 377
1422 2 2 1 4 864 888 818
1423 2 2 1 4 816 882 851
1424 2 2 1 4 834 888 864
1425 2 2 1 4 305 858 306
1426 2 2 1 4 866 889 819
1427 2 2 1 4 309 862 308
1428 2 2 1 4 835 889 866
1429 2 2 1 4 839 884 870
1430 2 2 1 4 867 890 820
1431 2 2 1 4 836 890 867
1432 2 2 1 4 303 865 304
1433 2 2 1 4 837 887 869
1434 2 2 1 4 825 875 848
1435 2 2 1 4 846 878 815
1436 2 2 1 4 369 852 368
1437 2 2 1 4 868 892 821
1438 2 2 1 4 848 875 324
1439 2 2 1 4 836 891 868
1440 2 2 1 4 837 892 868
1441 2 2 1 4 288 853 289
1442 2 2 1 4 835 895 867
1443 2 2 1 4 290 854 291
1444 2 2 1 4 292 855 293
1445 2 2 1 4 294 856 295
1446 2 2 1 4 824 873 850
1447 2 2 1 4 869 893 822
1448 2 2 1 4 296 857 297
1449 2 2 1 4 298 859 299
1450 2 2 1 4 300 860 301
1451 2 2 1 4 839 893 869
1452 2 2 1 4 870 894 823
1453 2 2 1 4 377 863 376
1454 2 2 1 4 840 894 870
1455 2 2 1 4 858 885 827
1456 2 2 1 4 281 871 282
1457 2 2 1 4 863 872 376
1458 2 2 1 4 815 878 848
1459 2 2 1 4 850 875 825
1460 2 2 1 4 816 881 849
1461 2 2 1 4 323 875 850
1462 2 2 1 4 376 872 375
1463 2 2 1 4 305 885 858
1464 2 2 1 4 849 881 863
1465 2 2 1 4 848 878 825
1466 2 2 1 4 369 879 852
1467 2 2 1 4 826 872 863
1468 2 2 1 4 865 885 304
1469 2 2 1 4 827 879 858
1470 2 2 1 4 851 876 826
1471 2 2 1 4 850 877 824
1472 2 2 1 4 825 877 850
1473 2 2 1 4 826 881 851
1474 2 2 1 4 324 875 323
1475 2 2 1 4 372 874 280
1476 2 2 1 4 284 876 851
1477 2 2 1 4 851 881 816
1478 2 2 1 4 852 879 827
1479 2 2 1 4 283 876 284
1480 2 2 1 4 858 879 370
1481 2 2 1 4 370 879 369
1482 2 2 1 4 304 885 305
1483 2 2 1 4 320 884 319
1484 2 2 1 4 318 887 317
1485 2 2 1 4 316 891 315
1486 2 2 1 4 314 895 313
1487 2 2 1 4 867 895 314
1488 2 2 1 4 868 891 316
1489 2 2 1 4 869 887 318
1490 2 2 1 4 870 884 320
1491 2 2 1 4 863 881 826
1492 2 2 1 4 7 372 280
1493 2 2 1 5 918 1002 979
1494 2 2 1 5 912 949 947
1495 2 2 1 5 947 949 909
1496 2 2 1 5 922 930 902
1497 2 2 1 5 898 930 922
1498 2 2 1 5 923 934 904
1499 2 2 1 5 903 931 921
1500 2 2 1 5 924 933 903
1501 2 2 1 5 925 932 900
1502 2 2 1 5 901 934 923
1503 2 2 1 5 904 933 924
1504 2 2 1 5 908 932 925
1505 2 2 1 5 921 931 899
1506 2 2 1 5 927 936 910
1507 2 2 1 5 906 935 926
1508 2 2 1 5 926 935 907
1509 2 2 1 5 907 936 927
1510 2 2 1 5 910 937 928
1511 2 2 1 5 928 937 911
1512 2 2 1 5 912 950 948
1513 2 2 1 5 948 950 896
1514 2 2 1 5 979 1002 906
1515 2 2 1 5 939 943 145
1516 2 2 1 5 150 944 941
1517 2 2 1 5 136 945 940
1518 2 2 1 5 917 963 171
1519 2 2 1 5 979 1016 918
1520 2 2 1 5 171 1003 917
1521 2 2 1 5 130 948 129
1522 2 2 1 5 920 983 897
1523 2 2 1 5 914 943 939
1524 2 2 1 5 941 944 916
1525 2 2 1 5 940 945 915
1526 2 2 1 5 919 984 896
1527 2 2 1 5 897 966 920
1528 2 2 1 5 896 965 919
1529 2 2 1 5 139 921 138
1530 2 2 1 5 153 922 152
1531 2 2 1 5 148 925 147
1532 2 2 1 5 141 924 140
1533 2 2 1 5 194 926 195
1534 2 2 1 5 143 923 142
1535 2 2 1 5 196 927 197
1536 2 2 1 5 198 928 199
1537 2 2 1 5 913 1025 942
1538 2 2 1 5 946 1025 913
1539 2 2 1 5 155 929 154
1540 2 2 1 5 157 987 935
1541 2 2 1 5 180 986 934
1542 2 2 1 5 178 985 933
1543 2 2 1 5 159 988 936
1544 2 2 1 5 150 941 149
1545 2 2 1 5 146 939 145
1546 2 2 1 5 136 940 135
1547 2 2 1 5 145 943 144
1548 2 2 1 5 151 944 150
1549 2 2 1 5 137 945 136
1550 2 2 1 5 168 947 169
1551 2 2 1 5 134 938 133
1552 2 2 1 5 942 1025 200
1553 2 2 1 5 909 1008 1003
1554 2 2 1 5 200 1025 201
1555 2 2 1 5 130 990 948
1556 2 2 1 5 903 985 931
1557 2 2 1 5 910 988 937
1558 2 2 1 5 904 986 933
1559 2 2 1 5 907 987 936
1560 2 2 1 5 909 1003 980
1561 2 2 1 5 382 951 9
1562 2 2 1 5 378 952 12
1563 2 2 1 5 938 961 133
1564 2 2 1 5 898 1004 930
1565 2 2 1 5 155 962 929
1566 2 2 1 5 932 996 185
1567 2 2 1 5 934 995 180
1568 2 2 1 5 158 987 157
1569 2 2 1 5 179 986 180
1570 2 2 1 5 177 985 178
1571 2 2 1 5 160 988 159
1572 2 2 1 5 949 990 131
1573 2 2 1 5 9 951 166
1574 2 2 1 5 12 952 165
1575 2 2 1 5 161 991 937
1576 2 2 1 5 921 971 138
1577 2 2 1 5 922 975 152
1578 2 2 1 5 925 970 147
1579 2 2 1 5 921 973 903
1580 2 2 1 5 922 969 898
1581 2 2 1 5 153 969 922
1582 2 2 1 5 899 971 921
1583 2 2 1 5 902 975 922
1584 2 2 1 5 139 973 921
1585 2 2 1 5 924 973 140
1586 2 2 1 5 904 974 923
1587 2 2 1 5 903 973 924
1588 2 2 1 5 900 970 925
1589 2 2 1 5 194 979 926
1590 2 2 1 5 141 974 924
1591 2 2 1 5 196 977 927
1592 2 2 1 5 926 979 906
1593 2 2 1 5 923 974 142
1594 2 2 1 5 926 977 195
1595 2 2 1 5 928 981 910
1596 2 2 1 5 907 977 926
1597 2 2 1 5 910 981 927
1598 2 2 1 5 148 978 925
1599 2 2 1 5 927 981 197
1600 2 2 1 5 924 974 904
1601 2 2 1 5 925 978 908
1602 2 2 1 5 923 972 901
1603 2 2 1 5 198 981 928
1604 2 2 1 5 143 972 923
1605 2 2 1 5 927 977 907
1606 2 2 1 5 911 982 928
1607 2 2 1 5 928 982 199
1608 2 2 1 5 163 954 162
1609 2 2 1 5 952 953 165
1610 2 2 1 5 929 969 154
1611 2 2 1 5 172 959 173
1612 2 2 1 5 181 958 182
1613 2 2 1 5 186 960 187
1614 2 2 1 5 8 205 381
1615 2 2 1 5 126 385 13
1616 2 2 1 5 952 966 897
1617 2 2 1 5 951 965 896
1618 2 2 1 5 134 976 938
1619 2 2 1 5 176 993 931
1620 2 2 1 5 185 992 932
1621 2 2 1 5 190 994 930
1622 2 2 1 5 920 1023 983
1623 2 2 1 5 168 989 947
1624 2 2 1 5 906 1001 935
1625 2 2 1 5 897 953 952
1626 2 2 1 5 202 1025 946
1627 2 2 1 5 183 955 184
1628 2 2 1 5 188 957 189
1629 2 2 1 5 174 956 175
1630 2 2 1 5 950 989 167
1631 2 2 1 5 931 1019 176
1632 2 2 1 5 933 1021 178
1633 2 2 1 5 936 1020 159
1634 2 2 1 5 937 1018 161
1635 2 2 1 5 131 990 130
1636 2 2 1 5 172 963 959
1637 2 2 1 5 964 1016 192
1638 2 2 1 5 930 994 902
1639 2 2 1 5 932 992 900
1640 2 2 1 5 931 993 899
1641 2 2 1 5 165 953 164
1642 2 2 1 5 919 1024 984
1643 2 2 1 5 381 967 380
1644 2 2 1 5 385 968 384
1645 2 2 1 5 901 995 934
1646 2 2 1 5 908 996 932
1647 2 2 1 5 205 967 381
1648 2 2 1 5 126 968 385
1649 2 2 1 5 937 991 911
1650 2 2 1 5 935 1001 157
1651 2 2 1 5 171 963 172
1652 2 2 1 5 940 976 135
1653 2 2 1 5 146 970 939
1654 2 2 1 5 939 970 900
1655 2 2 1 5 905 976 940
1656 2 2 1 5 941 978 149
1657 2 2 1 5 908 978 941
1658 2 2 1 5 933 985 903
1659 2 2 1 5 936 988 910
1660 2 2 1 5 934 986 904
1661 2 2 1 5 935 987 907
1662 2 2 1 5 964 1004 898
1663 2 2 1 5 942 982 911
1664 2 2 1 5 200 982 942
1665 2 2 1 5 985 1019 931
1666 2 2 1 5 988 1018 937
1667 2 2 1 5 986 1021 933
1668 2 2 1 5 987 1020 936
1669 2 2 1 5 950 1022 896
1670 2 2 1 5 946 983 202
1671 2 2 1 5 976 1026 938
1672 2 2 1 5 929 1027 969
1673 2 2 1 5 943 972 144
1674 2 2 1 5 901 972 943
1675 2 2 1 5 151 975 944
1676 2 2 1 5 944 975 902
1677 2 2 1 5 137 971 945
1678 2 2 1 5 945 971 899
1679 2 2 1 5 948 984 129
1680 2 2 1 5 201 1025 202
1681 2 2 1 5 133 961 132
1682 2 2 1 5 949 1013 909
1683 2 2 1 5 191 964 192
1684 2 2 1 5 185 996 186
1685 2 2 1 5 180 995 181
1686 2 2 1 5 930 1004 190
1687 2 2 1 5 918 1016 964
1688 2 2 1 5 905 1026 976
1689 2 2 1 5 969 1027 898
1690 2 2 1 5 909 980 947
1691 2 2 1 5 947 980 169
1692 2 2 1 5 896 1022 951
1693 2 2 1 5 382 965 951
1694 2 2 1 5 378 966 952
1695 2 2 1 5 162 991 161
1696 2 2 1 5 156 962 155
1697 2 2 1 5 897 983 946
1698 2 2 1 5 1003 1008 917
1699 2 2 1 5 914 1009 943
1700 2 2 1 5 945 1006 915
1701 2 2 1 5 944 1005 916
1702 2 2 1 5 947 989 912
1703 2 2 1 5 167 1022 950
1704 2 2 1 5 167 989 168
1705 2 2 1 5 948 990 912
1706 2 2 1 5 896 984 948
1707 2 2 1 5 954 991 162
1708 2 2 1 5 131 1013 949
1709 2 2 1 5 940 1011 905
1710 2 2 1 5 916 1010 941
1711 2 2 1 5 911 1017 942
1712 2 2 1 5 900 1007 939
1713 2 2 1 5 939 1007 914
1714 2 2 1 5 941 1010 908
1715 2 2 1 5 915 1011 940
1716 2 2 1 5 186 996 960
1717 2 2 1 5 181 995 958
1718 2 2 1 5 912 989 950
1719 2 2 1 5 962 1001 906
1720 2 2 1 5 912 990 949
1721 2 2 1 5 959 963 905
1722 2 2 1 5 913 997 953
1723 2 2 1 5 942 1017 913
1724 2 2 1 5 175 993 176
1725 2 2 1 5 184 992 185
1726 2 2 1 5 189 994 190
1727 2 2 1 5 909 1013 961
1728 2 2 1 5 902 1005 944
1729 2 2 1 5 899 1006 945
1730 2 2 1 5 943 1009 901
1731 2 2 1 5 204 967 205
1732 2 2 1 5 127 968 126
1733 2 2 1 5 913 1012 946
1734 2 2 1 5 902 994 957
1735 2 2 1 5 900 992 955
1736 2 2 1 5 899 993 956
1737 2 2 1 5 946 1012 897
1738 2 2 1 5 129 984 128
1739 2 2 1 5 911 991 954
1740 2 2 1 5 202 983 203
1741 2 2 1 5 383 965 382
1742 2 2 1 5 379 966 378
1743 2 2 1 5 953 997 164
1744 2 2 1 5 958 995 901
1745 2 2 1 5 960 996 908
1746 2 2 1 5 955 992 184
1747 2 2 1 5 956 993 175
1748 2 2 1 5 957 994 189
1749 2 2 1 5 166 1022 167
1750 2 2 1 5 195 977 196
1751 2 2 1 5 138 971 137
1752 2 2 1 5 142 974 141
1753 2 2 1 5 147 970 146
1754 2 2 1 5 154 969 153
1755 2 2 1 5 144 972 143
1756 2 2 1 5 193 979 194
1757 2 2 1 5 197 981 198
1758 2 2 1 5 140 973 139
1759 2 2 1 5 135 976 134
1760 2 2 1 5 149 978 148
1761 2 2 1 5 152 975 151
1762 2 2 1 5 199 982 200
1763 2 2 1 5 169 980 170
1764 2 2 1 5 183 998 955
1765 2 2 1 5 955 998 914
1766 2 2 1 5 956 999 915
1767 2 2 1 5 957 1000 916
1768 2 2 1 5 188 1000 957
1769 2 2 1 5 174 999 956
1770 2 2 1 5 157 1001 156
1771 2 2 1 5 967 1023 920
1772 2 2 1 5 968 1024 919
1773 2 2 1 5 954 997 913
1774 2 2 1 5 163 997 954
1775 2 2 1 5 132 1013 131
1776 2 2 1 5 170 1003 171
1777 2 2 1 5 953 1012 913
1778 2 2 1 5 938 1026 1008
1779 2 2 1 5 938 1008 961
1780 2 2 1 5 958 998 182
1781 2 2 1 5 914 998 958
1782 2 2 1 5 959 999 173
1783 2 2 1 5 916 1000 960
1784 2 2 1 5 960 1000 187
1785 2 2 1 5 915 999 959
1786 2 2 1 5 193 1016 979
1787 2 2 1 5 204 1023 967
1788 2 2 1 5 127 1024 968
1789 2 2 1 5 1008 1026 917
1790 2 2 1 5 962 1002 929
1791 2 2 1 5 383 1014 965
1792 2 2 1 5 379 1015 966
1793 2 2 1 5 913 1017 954
1794 2 2 1 5 190 1004 191
1795 2 2 1 5 897 1012 953
1796 2 2 1 5 954 1017 911
1797 2 2 1 5 898 1027 964
1798 2 2 1 5 964 1027 918
1799 2 2 1 5 956 1006 899
1800 2 2 1 5 957 1005 902
1801 2 2 1 5 916 1005 957
1802 2 2 1 5 915 1006 956
1803 2 2 1 5 955 1007 900
1804 2 2 1 5 914 1007 955
1805 2 2 1 5 164 997 163
1806 2 2 1 5 963 1026 905
1807 2 2 1 5 917 1026 963
1808 2 2 1 5 156 1001 962
1809 2 2 1 5 983 1023 203
1810 2 2 1 5 951 1022 166
1811 2 2 1 5 901 1009 958
1812 2 2 1 5 908 1010 960
1813 2 2 1 5 959 1011 915
1814 2 2 1 5 958 1009 914
1815 2 2 1 5 960 1010 916
1816 2 2 1 5 905 1011 959
1817 2 2 1 5 961 1008 909
1818 2 2 1 5 961 1013 132
1819 2 2 1 5 182 998 183
1820 2 2 1 5 173 999 174
1821 2 2 1 5 187 1000 188
1822 2 2 1 5 906 1002 962
1823 2 2 1 5 1002 1027 929
1824 2 2 1 5 984 1024 128
1825 2 2 1 5 965 1014 919
1826 2 2 1 5 966 1015 920
1827 2 2 1 5 919 1014 968
1828 2 2 1 5 920 1015 967
1829 2 2 1 5 161 1018 160
1830 2 2 1 5 178 1021 179
1831 2 2 1 5 176 1019 177
1832 2 2 1 5 159 1020 158
1833 2 2 1 5 192 1016 193
1834 2 2 1 5 968 1014 384
1835 2 2 1 5 967 1015 380
1836 2 2 1 5 203 1023 204
1837 2 2 1 5 128 1024 127
1838 2 2 1 5 918 1027 1002
1839 2 2 1 5 384 1014 383
1840 2 2 1 5 380 1015 379
1841 2 2 1 5 191 1004 964
1842 2 2 1 5 980 1003 170
1843 2 2 1 5 177 1019 985
1844 2 2 1 5 158 1020 987
1845 2 2 1 5 179 1021 986
1846 2 2 1 5 160 1018 988
1847 2 2 1 6 318 1044 319
1848 2 2 1 6 393 1046 392
1849 2 2 1 6 1044 1064 319
1850 2 2 1 6 308 1069 391
1851 2 2 1 6 316 1042 317
1852 2 2 1 6 1046 1070 310
1853 2 2 1 6 1036 1063 1029
1854 2 2 1 6 314 1040 315
1855 2 2 1 6 329 1037 328
1856 2 2 1 6 1029 1057 1036
1857 2 2 1 6 331 1038 330
1858 2 2 1 6 321 1045 322
1859 2 2 1 6 333 1039 332
1860 2 2 1 6 327 1041 326
1861 2 2 1 6 1035 1070 1046
1862 2 2 1 6 1042 1061 317
1863 2 2 1 6 1046 1065 392
1864 2 2 1 6 309 1046 310
1865 2 2 1 6 335 1048 334
1866 2 2 1 6 312 1043 313
1867 2 2 1 6 321 1068 1045
1868 2 2 1 6 1041 1071 326
1869 2 2 1 6 307 1069 308
1870 2 2 1 6 1040 1058 315
1871 2 2 1 6 391 1065 308
1872 2 2 1 6 312 1075 1043
1873 2 2 1 6 1033 1081 1039
1874 2 2 1 6 1032 1077 1038
1875 2 2 1 6 1037 1076 1030
1876 2 2 1 6 320 1064 1047
1877 2 2 1 6 1030 1076 1040
1878 2 2 1 6 1042 1077 1032
1879 2 2 1 6 1044 1081 1033
1880 2 2 1 6 1047 1068 320
1881 2 2 1 6 329 1053 1037
1882 2 2 1 6 1037 1054 328
1883 2 2 1 6 1038 1053 330
1884 2 2 1 6 331 1055 1038
1885 2 2 1 6 1039 1055 332
1886 2 2 1 6 335 1066 1048
1887 2 2 1 6 1030 1054 1037
1888 2 2 1 6 1038 1055 1032
1889 2 2 1 6 1050 1057 1029
1890 2 2 1 6 1032 1061 1042
1891 2 2 1 6 1058 1076 1031
1892 2 2 1 6 1040 1076 1058
1893 2 2 1 6 318 1061 1044
1894 2 2 1 6 391 1069 390
1895 2 2 1 6 327 1054 1041
1896 2 2 1 6 386 1050 14
1897 2 2 1 6 333 1060 1039
1898 2 2 1 6 1040 1056 1030
1899 2 2 1 6 1071 1074 1028
1900 2 2 1 6 1041 1074 1071
1901 2 2 1 6 316 1058 1042
1902 2 2 1 6 392 1065 391
1903 2 2 1 6 319 1064 320
1904 2 2 1 6 320 1068 321
1905 2 2 1 6 14 1050 337
1906 2 2 1 6 1039 1060 1033
1907 2 2 1 6 1041 1054 1030
1908 2 2 1 6 1030 1056 1043
1909 2 2 1 6 314 1056 1040
1910 2 2 1 6 1053 1076 1037
1911 2 2 1 6 10 325 389
1912 2 2 1 6 1030 1074 1041
1913 2 2 1 6 1043 1074 1030
1914 2 2 1 6 1031 1076 1053
1915 2 2 1 6 1043 1056 313
1916 2 2 1 6 1033 1064 1044
1917 2 2 1 6 15 1071 1051
1918 2 2 1 6 1038 1077 1053
1919 2 2 1 6 1029 1078 1050
1920 2 2 1 6 1049 1078 1029
1921 2 2 1 6 1074 1075 1028
1922 2 2 1 6 1036 1082 1063
1923 2 2 1 6 1039 1081 1055
1924 2 2 1 6 1053 1077 1031
1925 2 2 1 6 1048 1060 334
1926 2 2 1 6 326 1071 15
1927 2 2 1 6 1055 1081 1032
1928 2 2 1 6 1049 1066 336
1929 2 2 1 6 389 1059 388
1930 2 2 1 6 325 1059 389
1931 2 2 1 6 1043 1075 1074
1932 2 2 1 6 15 1051 395
1933 2 2 1 6 1045 1063 322
1934 2 2 1 6 1045 1068 1034
1935 2 2 1 6 1034 1068 1047
1936 2 2 1 6 1031 1077 1058
1937 2 2 1 6 1029 1063 1045
1938 2 2 1 6 1058 1077 1042
1939 2 2 1 6 1052 1075 311
1940 2 2 1 6 393 1067 1046
1941 2 2 1 6 311 1075 312
1942 2 2 1 6 1034 1079 1045
1943 2 2 1 6 1033 1060 1048
1944 2 2 1 6 1048 1066 1034
1945 2 2 1 6 1047 1064 1033
1946 2 2 1 6 317 1061 318
1947 2 2 1 6 1051 1071 1028
1948 2 2 1 6 1032 1081 1061
1949 2 2 1 6 386 1057 1050
1950 2 2 1 6 1047 1080 1034
1951 2 2 1 6 1061 1081 1044
1952 2 2 1 6 336 1078 1049
1953 2 2 1 6 1045 1079 1029
1954 2 2 1 6 336 1066 335
1955 2 2 1 6 1033 1080 1047
1956 2 2 1 6 334 1060 333
1957 2 2 1 6 1046 1067 1035
1958 2 2 1 6 315 1058 316
1959 2 2 1 6 1051 1062 395
1960 2 2 1 6 309 1065 1046
1961 2 2 1 6 1034 1066 1049
1962 2 2 1 6 330 1053 329
1963 2 2 1 6 328 1054 327
1964 2 2 1 6 324 1059 325
1965 2 2 1 6 332 1055 331
1966 2 2 1 6 1048 1080 1033
1967 2 2 1 6 322 1063 323
1968 2 2 1 6 1029 1079 1049
1969 2 2 1 6 313 1056 314
1970 2 2 1 6 1028 1075 1052
1971 2 2 1 6 1034 1080 1048
1972 2 2 1 6 387 1057 386
1973 2 2 1 6 1049 1079 1034
1974 2 2 1 6 395 1062 394
1975 2 2 1 6 1059 1082 1036
1976 2 2 1 6 337 1078 336
1977 2 2 1 6 308 1065 309
1978 2 2 1 6 1062 1067 394
1979 2 2 1 6 1028 1073 1051
1980 2 2 1 6 324 1082 1059
1981 2 2 1 6 394 1067 393
1982 2 2 1 6 1051 1073 1062
1983 2 2 1 6 387 1072 1057
1984 2 2 1 6 1035 1067 1062
1985 2 2 1 6 1050 1078 337
1986 2 2 1 6 1063 1082 323
1987 2 2 1 6 1036 1072 1059
1988 2 2 1 6 1057 1072 1036
1989 2 2 1 6 390 1069 307
1990 2 2 1 6 1035 1073 1052
1991 2 2 1 6 310 1070 311
1992 2 2 1 6 1052 1073 1028
1993 2 2 1 6 1052 1070 1035
1994 2 2 1 6 1059 1072 388
1995 2 2 1 6 323 1082 324
1996 2 2 1 6 388 1072 387
1997 2 2 1 6 311 1070 1052
1998 2 2 1 6 1062 1073 1035
1999 2 2 1 6 11 390 307
2000 2 2 1 7 1114 1128 1096
2001 2 2 1 7 1097 1128 1114
2002 2 2 1 7 1115 1129 1097
2003 2 2 1 7 1098 1129 1115
2004 2 2 1 7 1100 1137 1135
2005 2 2 1 7 1135 1137 1084
2006 2 2 1 7 1116 1131 1098
2007 2 2 1 7 1099 1131 1116
2008 2 2 1 7 144 1123 145
2009 2 2 1 7 160 1174 1136
2010 2 2 1 7 142 1122 143
2011 2 2 1 7 402 1133 401
2012 2 2 1 7 140 1121 141
2013 2 2 1 7 1123 1166 145
2014 2 2 1 7 159 1174 160
2015 2 2 1 7 138 1120 139
2016 2 2 1 7 1122 1164 143
2017 2 2 1 7 136 1119 137
2018 2 2 1 7 1121 1163 141
2019 2 2 1 7 134 1118 135
2020 2 2 1 7 132 1117 133
2021 2 2 1 7 1120 1161 139
2022 2 2 1 7 1131 1174 158
2023 2 2 1 7 1119 1158 137
2024 2 2 1 7 161 1135 162
2025 2 2 1 7 1118 1151 135
2026 2 2 1 7 1102 1171 1084
2027 2 2 1 7 1117 1146 133
2028 2 2 1 7 1133 1177 401
2029 2 2 1 7 95 1103 94
2030 2 2 1 7 97 1104 96
2031 2 2 1 7 99 1105 98
2032 2 2 1 7 1084 1141 1102
2033 2 2 1 7 101 1106 100
2034 2 2 1 7 103 1107 102
2035 2 2 1 7 105 1108 104
2036 2 2 1 7 107 1109 106
2037 2 2 1 7 109 1110 108
2038 2 2 1 7 111 1111 110
2039 2 2 1 7 113 1112 112
2040 2 2 1 7 115 1113 114
2041 2 2 1 7 117 1114 116
2042 2 2 1 7 119 1115 118
2043 2 2 1 7 121 1116 120
2044 2 2 1 7 158 1174 159
2045 2 2 1 7 93 1130 92
2046 2 2 1 7 130 1132 131
2047 2 2 1 7 1096 1205 1113
2048 2 2 1 7 1095 1204 1112
2049 2 2 1 7 1094 1203 1111
2050 2 2 1 7 123 1134 122
2051 2 2 1 7 1093 1201 1110
2052 2 2 1 7 1092 1199 1109
2053 2 2 1 7 1091 1198 1108
2054 2 2 1 7 1090 1197 1107
2055 2 2 1 7 1089 1196 1106
2056 2 2 1 7 1088 1194 1105
2057 2 2 1 7 1087 1193 1104
2058 2 2 1 7 1086 1192 1103
2059 2 2 1 7 1127 1205 1096
2060 2 2 1 7 1126 1204 1095
2061 2 2 1 7 1125 1203 1094
2062 2 2 1 7 1124 1201 1093
2063 2 2 1 7 1123 1199 1092
2064 2 2 1 7 1122 1198 1091
2065 2 2 1 7 1121 1197 1090
2066 2 2 1 7 1120 1196 1089
2067 2 2 1 7 1119 1194 1088
2068 2 2 1 7 1118 1193 1087
2069 2 2 1 7 1117 1192 1086
2070 2 2 1 7 161 1176 1135
2071 2 2 1 7 158 1173 1131
2072 2 2 1 7 156 1172 1129
2073 2 2 1 7 1086 1146 1117
2074 2 2 1 7 1087 1151 1118
2075 2 2 1 7 1088 1158 1119
2076 2 2 1 7 154 1170 1128
2077 2 2 1 7 1089 1161 1120
2078 2 2 1 7 1130 1179 92
2079 2 2 1 7 1090 1163 1121
2080 2 2 1 7 1091 1164 1122
2081 2 2 1 7 1092 1166 1123
2082 2 2 1 7 1136 1176 160
2083 2 2 1 7 1093 1167 1124
2084 2 2 1 7 1094 1168 1125
2085 2 2 1 7 1095 1169 1126
2086 2 2 1 7 1096 1170 1127
2087 2 2 1 7 1097 1172 1128
2088 2 2 1 7 1098 1173 1129
2089 2 2 1 7 152 1169 1127
2090 2 2 1 7 1132 1142 131
2091 2 2 1 7 150 1168 1126
2092 2 2 1 7 1103 1144 94
2093 2 2 1 7 95 1145 1103
2094 2 2 1 7 1104 1145 96
2095 2 2 1 7 97 1147 1104
2096 2 2 1 7 1167 1195 148
2097 2 2 1 7 1105 1147 98
2098 2 2 1 7 99 1148 1105
2099 2 2 1 7 1125 1195 1167
2100 2 2 1 7 1106 1148 100
2101 2 2 1 7 101 1149 1106
2102 2 2 1 7 1126 1191 150
2103 2 2 1 7 1103 1145 1086
2104 2 2 1 7 1107 1149 102
2105 2 2 1 7 103 1150 1107
2106 2 2 1 7 1108 1150 104
2107 2 2 1 7 105 1152 1108
2108 2 2 1 7 1104 1147 1087
2109 2 2 1 7 396 1138 16
2110 2 2 1 7 1109 1152 106
2111 2 2 1 7 107 1153 1109
2112 2 2 1 7 1105 1148 1088
2113 2 2 1 7 1110 1153 108
2114 2 2 1 7 109 1154 1110
2115 2 2 1 7 1111 1154 110
2116 2 2 1 7 1106 1149 1089
2117 2 2 1 7 111 1155 1111
2118 2 2 1 7 144 1164 1123
2119 2 2 1 7 1112 1155 112
2120 2 2 1 7 113 1156 1112
2121 2 2 1 7 1107 1150 1090
2122 2 2 1 7 1113 1156 114
2123 2 2 1 7 115 1157 1113
2124 2 2 1 7 1114 1157 116
2125 2 2 1 7 117 1159 1114
2126 2 2 1 7 1108 1152 1091
2127 2 2 1 7 1115 1159 118
2128 2 2 1 7 119 1160 1115
2129 2 2 1 7 1116 1160 120
2130 2 2 1 7 1109 1153 1092
2131 2 2 1 7 1110 1154 1093
2132 2 2 1 7 1111 1155 1094
2133 2 2 1 7 1112 1156 1095
2134 2 2 1 7 1096 1157 1114
2135 2 2 1 7 1113 1157 1096
2136 2 2 1 7 1097 1159 1115
2137 2 2 1 7 1114 1159 1097
2138 2 2 1 7 1098 1160 1116
2139 2 2 1 7 1115 1160 1098
2140 2 2 1 7 142 1163 1122
2141 2 2 1 7 121 1162 1116
2142 2 2 1 7 1085 1142 1132
2143 2 2 1 7 140 1161 1121
2144 2 2 1 7 1127 1189 152
2145 2 2 1 7 1116 1162 1099
2146 2 2 1 7 16 1138 125
2147 2 2 1 7 1130 1188 1083
2148 2 2 1 7 138 1158 1120
2149 2 2 1 7 160 1176 161
2150 2 2 1 7 1083 1188 1132
2151 2 2 1 7 1132 1188 1085
2152 2 2 1 7 136 1151 1119
2153 2 2 1 7 18 1179 1139
2154 2 2 1 7 1166 1200 146
2155 2 2 1 7 401 1177 400
2156 2 2 1 7 134 1146 1118
2157 2 2 1 7 123 1175 1134
2158 2 2 1 7 12 165 399
2159 2 2 1 7 1128 1187 154
2160 2 2 1 7 17 1181 13
2161 2 2 1 7 132 1142 1117
2162 2 2 1 7 1124 1200 1166
2163 2 2 1 7 93 1144 1130
2164 2 2 1 7 1138 1141 1084
2165 2 2 1 7 13 1181 126
2166 2 2 1 7 157 1173 158
2167 2 2 1 7 1129 1186 156
2168 2 2 1 7 1177 1181 400
2169 2 2 1 7 1083 1179 1130
2170 2 2 1 7 92 1179 18
2171 2 2 1 7 1137 1175 124
2172 2 2 1 7 155 1172 156
2173 2 2 1 7 1144 1188 1130
2174 2 2 1 7 1085 1188 1144
2175 2 2 1 7 1102 1190 1171
2176 2 2 1 7 399 1143 398
2177 2 2 1 7 153 1170 154
2178 2 2 1 7 165 1143 399
2179 2 2 1 7 18 1139 404
2180 2 2 1 7 1132 1180 1083
2181 2 2 1 7 1128 1170 1096
2182 2 2 1 7 1129 1172 1097
2183 2 2 1 7 1131 1173 1098
2184 2 2 1 7 1103 1192 1144
2185 2 2 1 7 1104 1193 1145
2186 2 2 1 7 151 1169 152
2187 2 2 1 7 1137 1185 1084
2188 2 2 1 7 1105 1194 1147
2189 2 2 1 7 1099 1174 1131
2190 2 2 1 7 1106 1196 1148
2191 2 2 1 7 1107 1197 1149
2192 2 2 1 7 1108 1198 1150
2193 2 2 1 7 1136 1174 1099
2194 2 2 1 7 1135 1171 162
2195 2 2 1 7 1144 1192 1085
2196 2 2 1 7 130 1180 1132
2197 2 2 1 7 1109 1199 1152
2198 2 2 1 7 400 1181 17
2199 2 2 1 7 149 1168 150
2200 2 2 1 7 1110 1201 1153
2201 2 2 1 7 1145 1193 1086
2202 2 2 1 7 1111 1203 1154
2203 2 2 1 7 1112 1204 1155
2204 2 2 1 7 1147 1194 1087
2205 2 2 1 7 1113 1205 1156
2206 2 2 1 7 1133 1183 127
2207 2 2 1 7 1148 1196 1088
2208 2 2 1 7 1134 1162 122
2209 2 2 1 7 147 1167 148
2210 2 2 1 7 1149 1197 1089
2211 2 2 1 7 1150 1198 1090
2212 2 2 1 7 1084 1185 1138
2213 2 2 1 7 1152 1199 1091
2214 2 2 1 7 1153 1201 1092
2215 2 2 1 7 1099 1162 1134
2216 2 2 1 7 1154 1203 1093
2217 2 2 1 7 145 1166 146
2218 2 2 1 7 1155 1204 1094
2219 2 2 1 7 1156 1205 1095
2220 2 2 1 7 402 1178 1133
2221 2 2 1 7 143 1164 144
2222 2 2 1 7 1134 1175 1100
2223 2 2 1 7 396 1141 1138
2224 2 2 1 7 127 1177 1133
2225 2 2 1 7 124 1175 123
2226 2 2 1 7 1084 1171 1135
2227 2 2 1 7 1134 1202 1099
2228 2 2 1 7 124 1185 1137
2229 2 2 1 7 1100 1202 1134
2230 2 2 1 7 141 1163 142
2231 2 2 1 7 1136 1202 1100
2232 2 2 1 7 1135 1176 1100
2233 2 2 1 7 1085 1192 1142
2234 2 2 1 7 1099 1202 1136
2235 2 2 1 7 139 1161 140
2236 2 2 1 7 1142 1192 1117
2237 2 2 1 7 1100 1176 1136
2238 2 2 1 7 1173 1186 1129
2239 2 2 1 7 1100 1175 1137
2240 2 2 1 7 1086 1193 1146
2241 2 2 1 7 137 1158 138
2242 2 2 1 7 1146 1193 1118
2243 2 2 1 7 1172 1187 1128
2244 2 2 1 7 1170 1189 1127
2245 2 2 1 7 1087 1194 1151
2246 2 2 1 7 1151 1194 1119
2247 2 2 1 7 135 1151 136
2248 2 2 1 7 1139 1165 404
2249 2 2 1 7 1139 1179 1083
2250 2 2 1 7 1169 1191 1126
2251 2 2 1 7 1133 1178 1101
2252 2 2 1 7 164 1143 165
2253 2 2 1 7 1088 1196 1158
2254 2 2 1 7 1168 1195 1125
2255 2 2 1 7 1158 1196 1120
2256 2 2 1 7 127 1183 128
2257 2 2 1 7 133 1146 134
2258 2 2 1 7 1167 1200 1124
2259 2 2 1 7 1089 1197 1161
2260 2 2 1 7 1161 1197 1121
2261 2 2 1 7 131 1142 132
2262 2 2 1 7 162 1171 163
2263 2 2 1 7 1090 1198 1163
2264 2 2 1 7 1163 1198 1122
2265 2 2 1 7 1091 1199 1164
2266 2 2 1 7 1164 1199 1123
2267 2 2 1 7 1092 1201 1166
2268 2 2 1 7 1166 1201 1124
2269 2 2 1 7 397 1141 396
2270 2 2 1 7 94 1144 93
2271 2 2 1 7 96 1145 95
2272 2 2 1 7 98 1147 97
2273 2 2 1 7 100 1148 99
2274 2 2 1 7 1093 1203 1167
2275 2 2 1 7 102 1149 101
2276 2 2 1 7 1167 1203 1125
2277 2 2 1 7 104 1150 103
2278 2 2 1 7 106 1152 105
2279 2 2 1 7 122 1162 121
2280 2 2 1 7 108 1153 107
2281 2 2 1 7 110 1154 109
2282 2 2 1 7 112 1155 111
2283 2 2 1 7 114 1156 113
2284 2 2 1 7 1094 1204 1168
2285 2 2 1 7 116 1157 115
2286 2 2 1 7 118 1159 117
2287 2 2 1 7 129 1180 130
2288 2 2 1 7 120 1160 119
2289 2 2 1 7 1168 1204 1126
2290 2 2 1 7 1101 1183 1133
2291 2 2 1 7 1095 1205 1169
2292 2 2 1 7 126 1177 127
2293 2 2 1 7 1169 1205 1127
2294 2 2 1 7 404 1165 403
2295 2 2 1 7 125 1185 124
2296 2 2 1 7 1143 1190 1102
2297 2 2 1 7 1083 1180 1140
2298 2 2 1 7 1140 1180 129
2299 2 2 1 7 1165 1178 403
2300 2 2 1 7 164 1190 1143
2301 2 2 1 7 403 1178 402
2302 2 2 1 7 397 1182 1141
2303 2 2 1 7 1101 1178 1165
2304 2 2 1 7 1083 1184 1139
2305 2 2 1 7 126 1181 1177
2306 2 2 1 7 1139 1184 1165
2307 2 2 1 7 1138 1185 125
2308 2 2 1 7 1171 1190 163
2309 2 2 1 7 1140 1206 1101
2310 2 2 1 7 1141 1182 1102
2311 2 2 1 7 1102 1182 1143
2312 2 2 1 7 1143 1182 398
2313 2 2 1 7 163 1190 164
2314 2 2 1 7 398 1182 397
2315 2 2 1 7 1101 1184 1140
2316 2 2 1 7 156 1186 157
2317 2 2 1 7 154 1187 155
2318 2 2 1 7 128 1206 129
2319 2 2 1 7 152 1189 153
2320 2 2 1 7 150 1191 151
2321 2 2 1 7 148 1195 149
2322 2 2 1 7 146 1200 147
2323 2 2 1 7 147 1200 1167
2324 2 2 1 7 1140 1184 1083
2325 2 2 1 7 149 1195 1168
2326 2 2 1 7 151 1191 1169
2327 2 2 1 7 153 1189 1170
2328 2 2 1 7 155 1187 1172
2329 2 2 1 7 157 1186 1173
2330 2 2 1 7 1101 1206 1183
2331 2 2 1 7 129 1206 1140
2332 2 2 1 7 1165 1184 1101
2333 2 2 1 7 1183 1206 128
2334 2 2 1 8 1219 1226 413
2335 2 2 1 8 412 1213 411
2336 2 2 1 8 1207 1221 1211
2337 2 2 1 8 20 1220 414
2338 2 2 1 8 1211 1222 1207
2339 2 2 1 8 414 1220 1219
2340 2 2 1 8 414 1219 413
2341 2 2 1 8 1213 1225 411
2342 2 2 1 8 1225 1228 410
2343 2 2 1 8 1210 1226 1219
2344 2 2 1 8 328 1213 329
2345 2 2 1 8 333 1215 334
2346 2 2 1 8 339 1212 338
2347 2 2 1 8 327 1228 1225
2348 2 2 1 8 1212 1220 338
2349 2 2 1 8 1208 1220 1212
2350 2 2 1 8 1213 1229 329
2351 2 2 1 8 326 1228 327
2352 2 2 1 8 1210 1229 1213
2353 2 2 1 8 1217 1221 1207
2354 2 2 1 8 1212 1227 1209
2355 2 2 1 8 405 1217 19
2356 2 2 1 8 333 1224 1215
2357 2 2 1 8 1209 1227 1214
2358 2 2 1 8 19 1217 341
2359 2 2 1 8 1214 1232 1207
2360 2 2 1 8 410 1228 409
2361 2 2 1 8 1216 1236 1208
2362 2 2 1 8 1209 1231 1212
2363 2 2 1 8 1215 1222 334
2364 2 2 1 8 1207 1232 1217
2365 2 2 1 8 14 337 408
2366 2 2 1 8 1207 1222 1215
2367 2 2 1 8 412 1226 1213
2368 2 2 1 8 1214 1227 340
2369 2 2 1 8 330 1218 331
2370 2 2 1 8 1212 1231 1208
2371 2 2 1 8 1215 1224 1209
2372 2 2 1 8 328 1225 1213
2373 2 2 1 8 1216 1224 332
2374 2 2 1 8 1208 1236 1218
2375 2 2 1 8 332 1236 1216
2376 2 2 1 8 338 1220 20
2377 2 2 1 8 1207 1233 1214
2378 2 2 1 8 1213 1226 1210
2379 2 2 1 8 339 1227 1212
2380 2 2 1 8 340 1232 1214
2381 2 2 1 8 411 1225 410
2382 2 2 1 8 1214 1233 1209
2383 2 2 1 8 405 1221 1217
2384 2 2 1 8 337 1223 408
2385 2 2 1 8 1209 1224 1216
2386 2 2 1 8 408 1223 407
2387 2 2 1 8 1211 1234 1222
2388 2 2 1 8 1209 1233 1215
2389 2 2 1 8 1219 1220 1208
2390 2 2 1 8 1208 1231 1216
2391 2 2 1 8 1215 1233 1207
2392 2 2 1 8 334 1222 335
2393 2 2 1 8 331 1236 332
2394 2 2 1 8 1216 1231 1209
2395 2 2 1 8 406 1221 405
2396 2 2 1 8 332 1224 333
2397 2 2 1 8 336 1223 337
2398 2 2 1 8 340 1227 339
2399 2 2 1 8 1223 1234 1211
2400 2 2 1 8 1218 1229 1210
2401 2 2 1 8 341 1232 340
2402 2 2 1 8 330 1229 1218
2403 2 2 1 8 1218 1236 331
2404 2 2 1 8 1211 1230 1223
2405 2 2 1 8 327 1225 328
2406 2 2 1 8 1222 1234 335
2407 2 2 1 8 413 1226 412
2408 2 2 1 8 406 1230 1221
2409 2 2 1 8 336 1234 1223
2410 2 2 1 8 1210 1235 1218
2411 2 2 1 8 409 1228 326
2412 2 2 1 8 1221 1230 1211
2413 2 2 1 8 1217 1232 341
2414 2 2 1 8 1218 1235 1208
2415 2 2 1 8 1219 1235 1210
2416 2 2 1 8 1208 1235 1219
2417 2 2 1 8 1223 1230 407
2418 2 2 1 8 329 1229 330
2419 2 2 1 8 407 1230 406
2420 2 2 1 8 335 1234 336
2421 2 2 1 8 15 409 326
2422 2 2 1 9 1245 1272 1259
2423 2 2 1 9 1259 1272 1246
2424 2 2 1 9 1246 1273 1260
2425 2 2 1 9 1260 1273 1247
2426 2 2 1 9 1247 1274 1262
2427 2 2 1 9 1262 1274 1248
2428 2 2 1 9 77 1270 76
2429 2 2 1 9 1248 1275 1263
2430 2 2 1 9 1263 1275 1249
2431 2 2 1 9 1249 1276 1264
2432 2 2 1 9 1264 1276 1250
2433 2 2 1 9 1250 1265 1253
2434 2 2 1 9 1253 1265 1238
2435 2 2 1 9 422 1279 421
2436 2 2 1 9 75 1269 74
2437 2 2 1 9 77 1304 1270
2438 2 2 1 9 73 1268 72
2439 2 2 1 9 75 1303 1269
2440 2 2 1 9 71 1266 70
2441 2 2 1 9 93 1313 420
2442 2 2 1 9 73 1302 1268
2443 2 2 1 9 1252 1290 1238
2444 2 2 1 9 69 1267 68
2445 2 2 1 9 1279 1315 95
2446 2 2 1 9 71 1300 1266
2447 2 2 1 9 121 1253 122
2448 2 2 1 9 1279 1307 421
2449 2 2 1 9 1238 1283 1252
2450 2 2 1 9 101 1254 102
2451 2 2 1 9 69 1293 1267
2452 2 2 1 9 103 1255 104
2453 2 2 1 9 105 1256 106
2454 2 2 1 9 107 1257 108
2455 2 2 1 9 94 1279 95
2456 2 2 1 9 109 1258 110
2457 2 2 1 9 1251 1315 1279
2458 2 2 1 9 111 1259 112
2459 2 2 1 9 113 1260 114
2460 2 2 1 9 99 1261 100
2461 2 2 1 9 115 1262 116
2462 2 2 1 9 117 1263 118
2463 2 2 1 9 119 1264 120
2464 2 2 1 9 98 1321 1278
2465 2 2 1 9 97 1321 98
2466 2 2 1 9 1258 1333 1245
2467 2 2 1 9 1257 1332 1244
2468 2 2 1 9 1256 1331 1243
2469 2 2 1 9 1255 1329 1242
2470 2 2 1 9 1254 1328 1241
2471 2 2 1 9 420 1307 93
2472 2 2 1 9 1265 1310 90
2473 2 2 1 9 1245 1333 1271
2474 2 2 1 9 1244 1332 1270
2475 2 2 1 9 1243 1331 1269
2476 2 2 1 9 1242 1329 1268
2477 2 2 1 9 1241 1328 1266
2478 2 2 1 9 92 1313 93
2479 2 2 1 9 1276 1311 88
2480 2 2 1 9 67 1277 66
2481 2 2 1 9 1239 1327 1261
2482 2 2 1 9 1267 1327 1239
2483 2 2 1 9 121 1299 1253
2484 2 2 1 9 1275 1309 86
2485 2 2 1 9 1276 1310 1250
2486 2 2 1 9 1274 1308 84
2487 2 2 1 9 1266 1300 1241
2488 2 2 1 9 1268 1302 1242
2489 2 2 1 9 1252 1325 1290
2490 2 2 1 9 1269 1303 1243
2491 2 2 1 9 1270 1304 1244
2492 2 2 1 9 1271 1305 1245
2493 2 2 1 9 1272 1306 1246
2494 2 2 1 9 1273 1308 1247
2495 2 2 1 9 1274 1309 1248
2496 2 2 1 9 1275 1311 1249
2497 2 2 1 9 1273 1306 82
2498 2 2 1 9 415 1280 21
2499 2 2 1 9 1253 1299 1250
2500 2 2 1 9 1293 1327 1267
2501 2 2 1 9 1240 1327 1293
2502 2 2 1 9 1272 1305 80
2503 2 2 1 9 21 1280 91
2504 2 2 1 9 101 1287 1254
2505 2 2 1 9 1254 1288 102
2506 2 2 1 9 103 1288 1255
2507 2 2 1 9 1255 1289 104
2508 2 2 1 9 105 1289 1256
2509 2 2 1 9 1256 1291 106
2510 2 2 1 9 107 1291 1257
2511 2 2 1 9 1257 1292 108
2512 2 2 1 9 1253 1290 122
2513 2 2 1 9 109 1292 1258
2514 2 2 1 9 1258 1294 110
2515 2 2 1 9 1261 1287 100
2516 2 2 1 9 111 1294 1259
2517 2 2 1 9 1259 1295 112
2518 2 2 1 9 1241 1288 1254
2519 2 2 1 9 99 1284 1261
2520 2 2 1 9 113 1295 1260
2521 2 2 1 9 1260 1296 114
2522 2 2 1 9 115 1296 1262
2523 2 2 1 9 1262 1297 116
2524 2 2 1 9 1242 1289 1255
2525 2 2 1 9 117 1297 1263
2526 2 2 1 9 1263 1298 118
2527 2 2 1 9 119 1298 1264
2528 2 2 1 9 1264 1299 120
2529 2 2 1 9 1243 1291 1256
2530 2 2 1 9 1244 1292 1257
2531 2 2 1 9 1270 1303 76
2532 2 2 1 9 1238 1290 1253
2533 2 2 1 9 1259 1294 1245
2534 2 2 1 9 1245 1294 1258
2535 2 2 1 9 1261 1284 1239
2536 2 2 1 9 1260 1295 1246
2537 2 2 1 9 1246 1295 1259
2538 2 2 1 9 80 1326 1272
2539 2 2 1 9 1262 1296 1247
2540 2 2 1 9 1247 1296 1260
2541 2 2 1 9 1263 1297 1248
2542 2 2 1 9 1248 1297 1262
2543 2 2 1 9 1264 1298 1249
2544 2 2 1 9 1249 1298 1263
2545 2 2 1 9 1250 1299 1264
2546 2 2 1 9 78 1330 1304
2547 2 2 1 9 420 1313 419
2548 2 2 1 9 1304 1330 1271
2549 2 2 1 9 421 1307 420
2550 2 2 1 9 1269 1302 74
2551 2 2 1 9 1265 1314 1238
2552 2 2 1 9 90 1310 89
2553 2 2 1 9 1280 1283 1238
2554 2 2 1 9 1268 1300 72
2555 2 2 1 9 88 1311 87
2556 2 2 1 9 1266 1293 70
2557 2 2 1 9 82 1324 1273
2558 2 2 1 9 16 125 418
2559 2 2 1 9 1267 1286 68
2560 2 2 1 9 86 1309 85
2561 2 2 1 9 67 1286 1277
2562 2 2 1 9 1277 1286 1239
2563 2 2 1 9 1239 1286 1267
2564 2 2 1 9 84 1323 1274
2565 2 2 1 9 90 1314 1265
2566 2 2 1 9 22 1317 1281
2567 2 2 1 9 1278 1321 1237
2568 2 2 1 9 84 1308 83
2569 2 2 1 9 86 1320 1275
2570 2 2 1 9 1250 1310 1265
2571 2 2 1 9 1278 1284 98
2572 2 2 1 9 1239 1322 1277
2573 2 2 1 9 1237 1322 1278
2574 2 2 1 9 1282 1321 96
2575 2 2 1 9 1239 1284 1278
2576 2 2 1 9 1245 1305 1272
2577 2 2 1 9 1317 1322 1237
2578 2 2 1 9 96 1321 97
2579 2 2 1 9 1278 1322 1239
2580 2 2 1 9 1276 1319 1310
2581 2 2 1 9 1277 1317 66
2582 2 2 1 9 1246 1306 1273
2583 2 2 1 9 1247 1308 1274
2584 2 2 1 9 1261 1327 1287
2585 2 2 1 9 82 1306 81
2586 2 2 1 9 1248 1309 1275
2587 2 2 1 9 418 1285 417
2588 2 2 1 9 125 1285 418
2589 2 2 1 9 22 1281 424
2590 2 2 1 9 1249 1311 1276
2591 2 2 1 9 66 1317 22
2592 2 2 1 9 1287 1328 1254
2593 2 2 1 9 88 1319 1276
2594 2 2 1 9 1288 1329 1255
2595 2 2 1 9 1289 1331 1256
2596 2 2 1 9 1287 1327 1240
2597 2 2 1 9 1291 1332 1257
2598 2 2 1 9 80 1305 79
2599 2 2 1 9 1292 1333 1258
2600 2 2 1 9 1238 1314 1280
2601 2 2 1 9 1240 1328 1287
2602 2 2 1 9 415 1283 1280
2603 2 2 1 9 422 1312 1279
2604 2 2 1 9 1241 1329 1288
2605 2 2 1 9 1277 1322 1317
2606 2 2 1 9 1242 1331 1289
2607 2 2 1 9 78 1304 77
2608 2 2 1 9 1243 1332 1291
2609 2 2 1 9 1244 1333 1292
2610 2 2 1 9 76 1303 75
2611 2 2 1 9 74 1302 73
2612 2 2 1 9 1275 1320 1311
2613 2 2 1 9 1279 1312 1251
2614 2 2 1 9 94 1307 1279
2615 2 2 1 9 72 1300 71
2616 2 2 1 9 1274 1323 1309
2617 2 2 1 9 1273 1324 1308
2618 2 2 1 9 1293 1328 1240
2619 2 2 1 9 1281 1317 1237
2620 2 2 1 9 1281 1301 424
2621 2 2 1 9 1266 1328 1293
2622 2 2 1 9 70 1293 69
2623 2 2 1 9 124 1285 125
2624 2 2 1 9 1272 1326 1306
2625 2 2 1 9 1300 1329 1241
2626 2 2 1 9 1271 1330 1305
2627 2 2 1 9 1268 1329 1300
2628 2 2 1 9 68 1286 67
2629 2 2 1 9 1237 1321 1282
2630 2 2 1 9 1302 1331 1242
2631 2 2 1 9 1269 1331 1302
2632 2 2 1 9 416 1283 415
2633 2 2 1 9 98 1284 99
2634 2 2 1 9 1303 1332 1243
2635 2 2 1 9 1270 1332 1303
2636 2 2 1 9 100 1287 101
2637 2 2 1 9 102 1288 103
2638 2 2 1 9 1304 1333 1244
2639 2 2 1 9 104 1289 105
2640 2 2 1 9 122 1290 123
2641 2 2 1 9 1271 1333 1304
2642 2 2 1 9 106 1291 107
2643 2 2 1 9 108 1292 109
2644 2 2 1 9 110 1294 111
2645 2 2 1 9 112 1295 113
2646 2 2 1 9 114 1296 115
2647 2 2 1 9 116 1297 117
2648 2 2 1 9 118 1298 119
2649 2 2 1 9 120 1299 121
2650 2 2 1 9 91 1314 90
2651 2 2 1 9 424 1301 423
2652 2 2 1 9 1285 1325 1252
2653 2 2 1 9 93 1307 94
2654 2 2 1 9 1290 1325 123
2655 2 2 1 9 1301 1312 423
2656 2 2 1 9 124 1325 1285
2657 2 2 1 9 423 1312 422
2658 2 2 1 9 1237 1318 1281
2659 2 2 1 9 416 1316 1283
2660 2 2 1 9 1280 1314 91
2661 2 2 1 9 1251 1312 1301
2662 2 2 1 9 1281 1318 1301
2663 2 2 1 9 1252 1316 1285
2664 2 2 1 9 419 1313 92
2665 2 2 1 9 1251 1318 1282
2666 2 2 1 9 1282 1315 1251
2667 2 2 1 9 1283 1316 1252
2668 2 2 1 9 95 1315 96
2669 2 2 1 9 1282 1318 1237
2670 2 2 1 9 1285 1316 417
2671 2 2 1 9 96 1315 1282
2672 2 2 1 9 89 1319 88
2673 2 2 1 9 417 1316 416
2674 2 2 1 9 123 1325 124
2675 2 2 1 9 87 1320 86
2676 2 2 1 9 85 1323 84
2677 2 2 1 9 83 1324 82
2678 2 2 1 9 81 1326 80
2679 2 2 1 9 79 1330 78
2680 2 2 1 9 1305 1330 79
2681 2 2 1 9 1306 1326 81
2682 2 2 1 9 1308 1324 83
2683 2 2 1 9 1309 1323 85
2684 2 2 1 9 1311 1320 87
2685 2 2 1 9 1310 1319 89
2686 2 2 1 9 1301 1318 1251
2687 2 2 1 9 18 419 92
2688 2 2 1 10 428 1336 427
2689 2 2 1 10 338 1336 339
2690 2 2 1 10 426 19 341
2691 2 2 1 10 340 1337 341
2692 2 2 1 10 427 1336 338
2693 2 2 1 10 429 1335 428
2694 2 2 1 10 1334 1335 429
2695 2 2 1 10 1334 1337 340
2696 2 2 1 10 426 1337 425
2697 2 2 1 10 339 1335 340
2698 2 2 1 10 340 1335 1334
2699 2 2 1 10 425 1337 1334
2700 2 2 1 10 23 1338 429
2701 2 2 1 10 1334 1338 425
2702 2 2 1 10 341 1337 426
2703 2 2 1 10 425 1338 23
2704 2 2 1 10 429 1338 1334
2705 2 2 1 10 339 1336 1335
2706 2 2 1 10 1335 1336 428
2707 2 2 1 10 338 20 427
2708 2 2 1 11 81 1366 82
2709 2 2 1 11 437 1369 436
2710 2 2 1 11 79 1365 80
2711 2 2 1 11 1366 1392 82
2712 2 2 1 11 67 1396 435
2713 2 2 1 11 77 1363 78
2714 2 2 1 11 1365 1390 80
2715 2 2 1 11 1369 1399 69
2716 2 2 1 11 75 1361 76
2717 2 2 1 11 1350 1397 1388
2718 2 2 1 11 1363 1389 78
2719 2 2 1 11 73 1360 74
2720 2 2 1 11 50 1352 49
2721 2 2 1 11 68 1369 69
2722 2 2 1 11 52 1353 51
2723 2 2 1 11 48 1362 47
2724 2 2 1 11 1369 1394 436
2725 2 2 1 11 54 1354 53
2726 2 2 1 11 56 1355 55
2727 2 2 1 11 58 1356 57
2728 2 2 1 11 60 1357 59
2729 2 2 1 11 1340 1382 1351
2730 2 2 1 11 62 1358 61
2731 2 2 1 11 64 1359 63
2732 2 2 1 11 1349 1399 1369
2733 2 2 1 11 1361 1387 76
2734 2 2 1 11 1351 1406 1340
2735 2 2 1 11 71 1364 72
2736 2 2 1 11 66 1396 67
2737 2 2 1 11 1388 1397 1340
2738 2 2 1 11 1348 1415 1358
2739 2 2 1 11 1347 1414 1357
2740 2 2 1 11 1346 1412 1356
2741 2 2 1 11 1345 1411 1355
2742 2 2 1 11 1344 1410 1354
2743 2 2 1 11 1360 1378 74
2744 2 2 1 11 435 1394 67
2745 2 2 1 11 1343 1409 1353
2746 2 2 1 11 1342 1407 1352
2747 2 2 1 11 1368 1415 1348
2748 2 2 1 11 1367 1414 1347
2749 2 2 1 11 1366 1412 1346
2750 2 2 1 11 1365 1411 1345
2751 2 2 1 11 1363 1410 1344
2752 2 2 1 11 1362 1398 47
2753 2 2 1 11 1361 1409 1343
2754 2 2 1 11 1360 1407 1342
2755 2 2 1 11 1351 1381 90
2756 2 2 1 11 1342 1378 1360
2757 2 2 1 11 1343 1387 1361
2758 2 2 1 11 64 1372 1359
2759 2 2 1 11 85 1393 1368
2760 2 2 1 11 1344 1389 1363
2761 2 2 1 11 1345 1390 1365
2762 2 2 1 11 1346 1392 1366
2763 2 2 1 11 1347 1393 1367
2764 2 2 1 11 90 1406 1351
2765 2 2 1 11 1352 1375 49
2766 2 2 1 11 50 1376 1352
2767 2 2 1 11 1353 1376 51
2768 2 2 1 11 52 1377 1353
2769 2 2 1 11 1354 1377 53
2770 2 2 1 11 54 1379 1354
2771 2 2 1 11 1355 1379 55
2772 2 2 1 11 83 1392 1367
2773 2 2 1 11 56 1383 1355
2774 2 2 1 11 1352 1376 1342
2775 2 2 1 11 1388 1404 1350
2776 2 2 1 11 1356 1383 57
2777 2 2 1 11 58 1384 1356
2778 2 2 1 11 1357 1384 59
2779 2 2 1 11 60 1385 1357
2780 2 2 1 11 1358 1385 61
2781 2 2 1 11 1353 1377 1343
2782 2 2 1 11 62 1386 1358
2783 2 2 1 11 1359 1386 63
2784 2 2 1 11 1354 1379 1344
2785 2 2 1 11 1367 1413 83
2786 2 2 1 11 1355 1383 1345
2787 2 2 1 11 430 1370 24
2788 2 2 1 11 1356 1384 1346
2789 2 2 1 11 1357 1385 1347
2790 2 2 1 11 435 1396 434
2791 2 2 1 11 1358 1386 1348
2792 2 2 1 11 71 1401 1364
2793 2 2 1 11 81 1390 1366
2794 2 2 1 11 1341 1405 1362
2795 2 2 1 11 1364 1405 1341
2796 2 2 1 11 1348 1403 1368
2797 2 2 1 11 436 1394 435
2798 2 2 1 11 24 1370 65
2799 2 2 1 11 1341 1380 1364
2800 2 2 1 11 25 1398 1371
2801 2 2 1 11 79 1389 1365
2802 2 2 1 11 91 433 21
2803 2 2 1 11 48 1375 1362
2804 2 2 1 11 1364 1380 72
2805 2 2 1 11 1370 1382 1340
2806 2 2 1 11 73 1380 1360
2807 2 2 1 11 77 1387 1363
2808 2 2 1 11 1362 1375 1341
2809 2 2 1 11 1340 1372 1370
2810 2 2 1 11 1340 1406 1388
2811 2 2 1 11 75 1378 1361
2812 2 2 1 11 47 1398 25
2813 2 2 1 11 1359 1408 1386
2814 2 2 1 11 433 1381 432
2815 2 2 1 11 1352 1407 1375
2816 2 2 1 11 91 1381 433
2817 2 2 1 11 1398 1405 1339
2818 2 2 1 11 1386 1408 1348
2819 2 2 1 11 1353 1409 1376
2820 2 2 1 11 1375 1407 1341
2821 2 2 1 11 25 1371 439
2822 2 2 1 11 1354 1410 1377
2823 2 2 1 11 84 1393 85
2824 2 2 1 11 1370 1372 65
2825 2 2 1 11 1355 1411 1379
2826 2 2 1 11 1376 1409 1342
2827 2 2 1 11 1356 1412 1383
2828 2 2 1 11 1377 1410 1343
2829 2 2 1 11 1357 1414 1384
2830 2 2 1 11 1339 1405 1401
2831 2 2 1 11 1358 1415 1385
2832 2 2 1 11 1368 1403 85
2833 2 2 1 11 1380 1407 1360
2834 2 2 1 11 1379 1411 1344
2835 2 2 1 11 1341 1407 1380
2836 2 2 1 11 1362 1405 1398
2837 2 2 1 11 1383 1412 1345
2838 2 2 1 11 82 1392 83
2839 2 2 1 11 1384 1414 1346
2840 2 2 1 11 1385 1415 1347
2841 2 2 1 11 65 1372 64
2842 2 2 1 11 1373 1403 1348
2843 2 2 1 11 437 1395 1369
2844 2 2 1 11 1342 1409 1378
2845 2 2 1 11 430 1382 1370
2846 2 2 1 11 80 1390 81
2847 2 2 1 11 1378 1409 1361
2848 2 2 1 11 86 1373 87
2849 2 2 1 11 1401 1405 1364
2850 2 2 1 11 70 1401 71
2851 2 2 1 11 1343 1410 1387
2852 2 2 1 11 1371 1398 1339
2853 2 2 1 11 1374 1401 70
2854 2 2 1 11 1387 1410 1363
2855 2 2 1 11 78 1389 79
2856 2 2 1 11 1344 1411 1389
2857 2 2 1 11 1371 1391 439
2858 2 2 1 11 1369 1395 1349
2859 2 2 1 11 1389 1411 1365
2860 2 2 1 11 68 1394 1369
2861 2 2 1 11 90 1381 91
2862 2 2 1 11 76 1387 77
2863 2 2 1 11 1345 1412 1390
2864 2 2 1 11 1390 1412 1366
2865 2 2 1 11 49 1375 48
2866 2 2 1 11 74 1378 75
2867 2 2 1 11 1373 1404 87
2868 2 2 1 11 51 1376 50
2869 2 2 1 11 53 1377 52
2870 2 2 1 11 1346 1414 1392
2871 2 2 1 11 55 1379 54
2872 2 2 1 11 1392 1414 1367
2873 2 2 1 11 57 1383 56
2874 2 2 1 11 72 1380 73
2875 2 2 1 11 431 1382 430
2876 2 2 1 11 1393 1413 1367
2877 2 2 1 11 59 1384 58
2878 2 2 1 11 61 1385 60
2879 2 2 1 11 1350 1404 1373
2880 2 2 1 11 63 1386 62
2881 2 2 1 11 1347 1415 1393
2882 2 2 1 11 88 1388 89
2883 2 2 1 11 1393 1415 1368
2884 2 2 1 11 1339 1401 1374
2885 2 2 1 11 439 1391 438
2886 2 2 1 11 89 1406 90
2887 2 2 1 11 1340 1397 1372
2888 2 2 1 11 85 1403 86
2889 2 2 1 11 67 1394 68
2890 2 2 1 11 1372 1397 1359
2891 2 2 1 11 88 1404 1388
2892 2 2 1 11 1397 1408 1359
2893 2 2 1 11 1391 1395 438
2894 2 2 1 11 1348 1408 1373
2895 2 2 1 11 1373 1408 1350
2896 2 2 1 11 1339 1402 1371
2897 2 2 1 11 438 1395 437
2898 2 2 1 11 431 1400 1382
2899 2 2 1 11 1349 1395 1391
2900 2 2 1 11 1371 1402 1391
2901 2 2 1 11 1350 1408 1397
2902 2 2 1 11 69 1399 70
2903 2 2 1 11 434 1396 66
2904 2 2 1 11 1382 1400 1351
2905 2 2 1 11 1349 1402 1374
2906 2 2 1 11 1351 1400 1381
2907 2 2 1 11 1374 1402 1339
2908 2 2 1 11 1381 1400 432
2909 2 2 1 11 87 1404 88
2910 2 2 1 11 432 1400 431
2911 2 2 1 11 83 1413 84
2912 2 2 1 11 1374 1399 1349
2913 2 2 1 11 86 1403 1373
2914 2 2 1 11 70 1399 1374
2915 2 2 1 11 84 1413 1393
2916 2 2 1 11 1388 1406 89
2917 2 2 1 11 1391 1402 1349
2918 2 2 1 11 66 22 434
2919 2 2 1 12 447 1434 446
2920 2 2 1 12 1425 1448 1416
2921 2 2 1 12 57 1432 58
2922 2 2 1 12 35 1437 27
2923 2 2 1 12 48 1455 445
2924 2 2 1 12 1416 1446 1425
2925 2 2 1 12 35 1438 1437
2926 2 2 1 12 52 1441 1435
2927 2 2 1 12 39 1427 38
2928 2 2 1 12 41 1428 40
2929 2 2 1 12 43 1429 42
2930 2 2 1 12 61 1426 62
2931 2 2 1 12 55 1431 56
2932 2 2 1 12 1432 1450 58
2933 2 2 1 12 53 1435 1430
2934 2 2 1 12 36 1438 35
2935 2 2 1 12 1434 1458 50
2936 2 2 1 12 1434 1453 446
2937 2 2 1 12 36 1461 1438
2938 2 2 1 12 1430 1460 1422
2939 2 2 1 12 53 1430 54
2940 2 2 1 12 49 1434 50
2941 2 2 1 12 1423 1458 1434
2942 2 2 1 12 445 1453 48
2943 2 2 1 12 1435 1441 1417
2944 2 2 1 12 1435 1460 1430
2945 2 2 1 12 1431 1447 56
2946 2 2 1 12 47 1455 48
2947 2 2 1 12 61 1439 1426
2948 2 2 1 12 39 1442 1427
2949 2 2 1 12 1436 1446 1416
2950 2 2 1 12 1428 1442 40
2951 2 2 1 12 1421 1468 1429
2952 2 2 1 12 41 1443 1428
2953 2 2 1 12 1420 1466 1428
2954 2 2 1 12 1419 1465 1427
2955 2 2 1 12 1429 1443 42
2956 2 2 1 12 43 1444 1429
2957 2 2 1 12 1426 1448 62
2958 2 2 1 12 59 1450 1433
2959 2 2 1 12 1427 1442 1419
2960 2 2 1 12 1431 1465 1419
2961 2 2 1 12 1428 1443 1420
2962 2 2 1 12 1432 1466 1420
2963 2 2 1 12 1425 1470 1448
2964 2 2 1 12 1429 1444 1421
2965 2 2 1 12 1433 1468 1421
2966 2 2 1 12 1422 1464 1430
2967 2 2 1 12 1416 1452 1436
2968 2 2 1 12 52 1435 53
2969 2 2 1 12 1430 1464 1418
2970 2 2 1 12 1419 1447 1431
2971 2 2 1 12 1421 1467 1433
2972 2 2 1 12 1418 1445 1430
2973 2 2 1 12 51 1441 52
2974 2 2 1 12 1420 1450 1432
2975 2 2 1 12 57 1447 1432
2976 2 2 1 12 1427 1456 38
2977 2 2 1 12 1430 1445 54
2978 2 2 1 12 445 1455 444
2979 2 2 1 12 1428 1466 1442
2980 2 2 1 12 55 1445 1431
2981 2 2 1 12 1418 1465 1445
2982 2 2 1 12 440 1436 26
2983 2 2 1 12 446 1453 445
2984 2 2 1 12 1442 1466 1419
2985 2 2 1 12 1429 1468 1443
2986 2 2 1 12 1445 1465 1431
2987 2 2 1 12 26 1436 46
2988 2 2 1 12 1456 1465 1418
2989 2 2 1 12 1443 1468 1420
2990 2 2 1 12 443 24 65
2991 2 2 1 12 1419 1466 1447
2992 2 2 1 12 1426 1469 1448
2993 2 2 1 12 1427 1465 1456
2994 2 2 1 12 1433 1467 59
2995 2 2 1 12 1447 1466 1432
2996 2 2 1 12 1416 1469 1452
2997 2 2 1 12 1448 1469 1416
2998 2 2 1 12 1439 1467 1421
2999 2 2 1 12 27 1437 449
3000 2 2 1 12 58 1450 59
3001 2 2 1 12 1420 1468 1450
3002 2 2 1 12 65 1449 443
3003 2 2 1 12 443 1449 442
3004 2 2 1 12 1450 1468 1433
3005 2 2 1 12 447 1454 1434
3006 2 2 1 12 1437 1438 1417
3007 2 2 1 12 60 1439 61
3008 2 2 1 12 440 1446 1436
3009 2 2 1 12 56 1447 57
3010 2 2 1 12 1434 1454 1423
3011 2 2 1 12 49 1453 1434
3012 2 2 1 12 40 1442 39
3013 2 2 1 12 1440 1456 1418
3014 2 2 1 12 42 1443 41
3015 2 2 1 12 44 1444 43
3016 2 2 1 12 1438 1461 1422
3017 2 2 1 12 1437 1451 449
3018 2 2 1 12 37 1456 1440
3019 2 2 1 12 54 1445 55
3020 2 2 1 12 38 1456 37
3021 2 2 1 12 1436 1452 46
3022 2 2 1 12 64 1449 65
3023 2 2 1 12 46 1452 45
3024 2 2 1 12 441 1446 440
3025 2 2 1 12 1452 1469 1424
3026 2 2 1 12 1452 1459 45
3027 2 2 1 12 62 1448 63
3028 2 2 1 12 1417 1460 1435
3029 2 2 1 12 59 1467 60
3030 2 2 1 12 1440 1461 37
3031 2 2 1 12 449 1451 448
3032 2 2 1 12 1449 1470 1425
3033 2 2 1 12 37 1461 36
3034 2 2 1 12 1424 1459 1452
3035 2 2 1 12 44 1459 1444
3036 2 2 1 12 48 1453 49
3037 2 2 1 12 1417 1463 1437
3038 2 2 1 12 1448 1470 63
3039 2 2 1 12 1451 1454 448
3040 2 2 1 12 1437 1463 1451
3041 2 2 1 12 1438 1460 1417
3042 2 2 1 12 1422 1460 1438
3043 2 2 1 12 448 1454 447
3044 2 2 1 12 64 1470 1449
3045 2 2 1 12 441 1462 1446
3046 2 2 1 12 1421 1457 1439
3047 2 2 1 12 1439 1457 1426
3048 2 2 1 12 1423 1454 1451
3049 2 2 1 12 1425 1462 1449
3050 2 2 1 12 1440 1464 1422
3051 2 2 1 12 1441 1458 1423
3052 2 2 1 12 1418 1464 1440
3053 2 2 1 12 1459 1471 1444
3054 2 2 1 12 1423 1463 1441
3055 2 2 1 12 60 1467 1439
3056 2 2 1 12 1446 1462 1425
3057 2 2 1 12 1441 1463 1417
3058 2 2 1 12 444 1455 47
3059 2 2 1 12 51 1458 1441
3060 2 2 1 12 50 1458 51
3061 2 2 1 12 1422 1461 1440
3062 2 2 1 12 45 1459 44
3063 2 2 1 12 1449 1462 442
3064 2 2 1 12 442 1462 441
3065 2 2 1 12 63 1470 64
3066 2 2 1 12 1444 1471 1421
3067 2 2 1 12 1424 1469 1457
3068 2 2 1 12 1457 1469 1426
3069 2 2 1 12 1451 1463 1423
3070 2 2 1 12 1424 1471 1459
3071 2 2 1 12 1457 1471 1424
3072 2 2 1 12 1421 1471 1457
3073 2 2 1 12 25 444 47
3074 2 2 1 13 457 1478 456
3075 2 2 1 13 1472 1487 1476
3076 2 2 1 13 1477 1493 1474
3077 2 2 1 13 1474 1493 1479
3078 2 2 1 13 1476 1485 1472
3079 2 2 1 13 42 1477 43
3080 2 2 1 13 1478 1489 456
3081 2 2 1 13 1477 1485 43
3082 2 2 1 13 1472 1485 1477
3083 2 2 1 13 459 1486 1484
3084 2 2 1 13 32 1480 31
3085 2 2 1 13 37 1478 38
3086 2 2 1 13 29 1486 459
3087 2 2 1 13 1479 1496 1473
3088 2 2 1 13 1482 1487 1472
3089 2 2 1 13 1472 1502 1482
3090 2 2 1 13 32 1490 1480
3091 2 2 1 13 1481 1502 1472
3092 2 2 1 13 450 1482 28
3093 2 2 1 13 28 1482 34
3094 2 2 1 13 1489 1492 455
3095 2 2 1 13 35 1492 36
3096 2 2 1 13 1473 1496 1483
3097 2 2 1 13 1475 1494 1478
3098 2 2 1 13 37 1489 1478
3099 2 2 1 13 1477 1495 1472
3100 2 2 1 13 36 1492 1489
3101 2 2 1 13 1478 1494 38
3102 2 2 1 13 457 1491 1478
3103 2 2 1 13 39 1483 40
3104 2 2 1 13 455 1492 454
3105 2 2 1 13 1474 1495 1477
3106 2 2 1 13 1480 1486 31
3107 2 2 1 13 1473 1486 1480
3108 2 2 1 13 42 1493 1477
3109 2 2 1 13 1479 1497 1474
3110 2 2 1 13 1478 1491 1475
3111 2 2 1 13 1479 1493 41
3112 2 2 1 13 1480 1490 1474
3113 2 2 1 13 26 46 453
3114 2 2 1 13 41 1496 1479
3115 2 2 1 13 1473 1497 1479
3116 2 2 1 13 39 1494 1483
3117 2 2 1 13 1484 1486 1473
3118 2 2 1 13 1483 1494 1475
3119 2 2 1 13 450 1487 1482
3120 2 2 1 13 31 1486 29
3121 2 2 1 13 1481 1490 33
3122 2 2 1 13 1476 1500 1485
3123 2 2 1 13 43 1485 44
3124 2 2 1 13 33 1502 1481
3125 2 2 1 13 46 1488 453
3126 2 2 1 13 453 1488 452
3127 2 2 1 13 1488 1500 1476
3128 2 2 1 13 456 1489 455
3129 2 2 1 13 1474 1490 1481
3130 2 2 1 13 1476 1498 1488
3131 2 2 1 13 451 1487 450
3132 2 2 1 13 1480 1497 1473
3133 2 2 1 13 45 1488 46
3134 2 2 1 13 1481 1495 1474
3135 2 2 1 13 1474 1497 1480
3136 2 2 1 13 1472 1495 1481
3137 2 2 1 13 1484 1501 459
3138 2 2 1 13 1485 1500 44
3139 2 2 1 13 33 1490 32
3140 2 2 1 13 34 1502 33
3141 2 2 1 13 1482 1502 34
3142 2 2 1 13 41 1493 42
3143 2 2 1 13 40 1496 41
3144 2 2 1 13 36 1489 37
3145 2 2 1 13 459 1501 458
3146 2 2 1 13 1475 1499 1483
3147 2 2 1 13 451 1498 1487
3148 2 2 1 13 458 1491 457
3149 2 2 1 13 1483 1499 1473
3150 2 2 1 13 1475 1501 1484
3151 2 2 1 13 1487 1498 1476
3152 2 2 1 13 1483 1496 40
3153 2 2 1 13 454 1492 35
3154 2 2 1 13 45 1500 1488
3155 2 2 1 13 1484 1499 1475
3156 2 2 1 13 1473 1499 1484
3157 2 2 1 13 1488 1498 452
3158 2 2 1 13 38 1494 39
3159 2 2 1 13 452 1498 451
3160 2 2 1 13 44 1500 45
3161 2 2 1 13 1491 1501 1475
3162 2 2 1 13 458 1501 1491
3163 2 2 1 13 27 454 35
3164 2 2 1 14 463 1505 462
3165 2 2 1 14 31 1505 32
3166 2 2 1 14 461 28 34
3167 2 2 1 14 33 1506 34
3168 2 2 1 14 462 1505 31
3169 2 2 1 14 464 1504 463
3170 2 2 1 14 1503 1504 464
3171 2 2 1 14 1503 1506 33
3172 2 2 1 14 461 1506 460
3173 2 2 1 14 32 1504 33
3174 2 2 1 14 33 1504 1503
3175 2 2 1 14 460 1506 1503
3176 2 2 1 14 30 1507 464
3177 2 2 1 14 1503 1507 460
3178 2 2 1 14 34 1506 461
3179 2 2 1 14 460 1507 30
3180 2 2 1 14 464 1507 1503
3181 2 2 1 14 32 1505 1504
3182 2 2 1 14 1504 1505 463
3183 2 2 1 14 462 31 29
$EndElements
