$MeshFormat
2.2 0 8
$EndMeshFormat
$PhysicalNames
2
1 2 "input_fractures"
2 1 "rock"
$EndPhysicalNames
$Nodes
9088
1 0.5985 0.1335 0
2 0.596 0.1375 0
3 0.622 0.226 0
4 0.025 0.1555 0
5 0.025 0.1685 0
6 0.0145 0.1898 0
7 0.2135 0.155 0
8 0.2515 0.182 0
9 0.274 0.195 0
10 0.284 0.211 0
11 0.2395 0.012 0
12 0.199 0.0225 0
13 0.1555 0.0298 0
14 0.099 0.0405 0
15 0.246 0.0375 0
16 0.259 0.078 0
17 0.283 0.1185 0
18 0.4025 0.021 0
19 0.4078 0.0565 0
20 0.2395 0.111 0
21 0.049 0.1185 0
22 0.081 0.1115 0
23 0.111 0.103 0
24 0.029 0.2335 0
25 0.1689 0.1554 0
26 0.08599999999999999 0.2725 0
27 0.111 0.342 0
28 0.1398 0.2065 0
29 0.157 0.2474 0
30 0.1625 0.2845 0
31 0.0268 0.3205 0
32 0.046 0.3233 0
33 0.08799999999999999 0.3145 0
34 0.25 0.2474 0
35 0.104 0.3575 0
36 0.149 0.345 0
37 0.398 0.0745 0
38 0.3415 0.2405 0
39 0.382 0.232 0
40 0.7561 0.051 0
41 0.7816000000000001 0.1355 0
42 0.5488 0.305 0
43 0.5386 0.3885 0
44 0.3481 0.3573 0
45 0.3985 0.4207 0
46 0.9406 0.5496 0
47 1.1536 0.4972 0
48 1.2391 0.4687 0
49 1.3246 0.4518 0
50 0.5626 0.9051 0
51 1.2541 0.3127 0
52 1.5361 0.2405 0
53 1.4225 0.054 0
54 1.8331 0.179 0
55 1.8226 0.23 0
56 1.3411 0.8169 0
57 1.8751 0.6756 0
58 1.9681 0.6606000000000001 0
59 0.8071 0.4251 0
60 0.8289 0.3391 0
61 0.7081000000000001 0.3745 0
62 0.8266 0.5152 0
63 0.8701 0.8201000000000001 0
64 0.8712000000000001 0.9051 0
65 0.08209999999999999 1.2396 0
66 0.475 1.2127 0
67 0.6545 1.1699 0
68 0.1698 1.0257 0
69 0.131 1.3851 0
70 0.348 1.3161 0
71 0.4369 1.3039 0
72 1.0844 1.1796 0
73 1.3726 1.1121 0
74 0.9406 1.0672 0
75 1.8046 0.6383 0
76 1.8946 0.6152000000000001 0
77 1.6613 1.1641 0
78 1.3156 0.6906 0
79 0.0578 1.5021 0
80 0.3546 1.4151 0
81 0.6847000000000001 1.3341 0
82 1.1664 1.2411 0
83 1.405 1.1796 0
84 1.7086 1.0672 0
85 1.7806 0.9464 0
86 1.9141 0.9012 0
87 1.8046 0.8856000000000001 0
88 0.1431 1.5246 0
89 0.3546 1.4646 0
90 0.1765 1.5486 0
91 0.3753 1.509 0
92 0.2177 1.6146 0
93 0.3546 1.5981 0
94 0.2588 1.6506 0
95 0.8116 1.5441 0
96 0.6766 1.5186 0
97 0.7876000000000001 1.4946 0
98 1.1356 1.3859 0
99 1.1769 1.3806 0
100 1.2982 1.3656 0
101 1.0844 1.3274 0
102 1.1566 1.3039 0
103 1.2556 1.2891 0
104 1.5211 1.2264 0
105 1.4431 1.3039 0
106 1.5451 1.2861 0
107 1.4941 1.3551 0
108 0.201 1.7541 0
109 0.1847 1.8546 0
110 0.2067 1.9476 0
111 0.2553 2.0841 0
112 0.3391 1.5853 0
113 0.4726 1.7421 0
114 0.7764 1.6266 0
115 1.3351 1.4991 0
116 0.6847000000000001 1.7001 0
117 0.7824 1.6791 0
118 1.2766 1.5636 0
119 1.4026 1.5321 0
120 0.9622000000000001 1.5836 0
121 0.4368 1.9836 0
122 0.4632 2.0721 0
123 0.5133 2.1831 0
124 0.1674 1.734 0
125 0.3367 1.9026 0
126 0.3367 1.9918 0
127 0.3367 2.1066 0
128 0.3275 2.1816 0
129 0.4568 2.1561 0
130 0.4472 2.2611 0
131 0.4184 2.3331 0
132 0.8131 2.0451 0
133 0.8241000000000001 2.2731 0
134 1.4026 2.1816 0
135 1.4225 2.3556 0
136 1.1664 2.3421 0
137 1.1487 2.687 0
138 1.6936 2.0361 0
139 1.7311 2.2869 0
140 1.7221 2.4696 0
141 1.0216 1.7856 0
142 1.0306 1.9476 0
143 1.0403 2.0016 0
144 1.0306 2.0826 0
145 1.0081 2.6255 0
146 0.5626 2.5775 0
147 0.5791000000000001 2.4531 0
148 0.5941000000000001 2.3076 0
149 0.6925 2.3721 0
150 0.0752 1.9193 0
151 0.1367 2.0526 0
152 0.2896 2.3331 0
153 0.3546 2.4456 0
154 0.4184 2.576 0
155 0.4842 2.696 0
156 0.5611 2.855 0
157 0.6136 2.922 0
158 0.296 2.2731 0
159 0.3725 2.4054 0
160 0.4568 2.5505 0
161 0.5412 2.744 0
162 0.6286 2.819 0
163 0.7231000000000001 2.999 0
164 0.8071 3.1385 0
165 0.401 3.1295 0
166 0.4289 2.7995 0
167 0.4411 2.7223 0
168 0.6196 3.071 0
169 0.09620000000000001 3.2585 0
170 0.0107 2.4456 0
171 0.296 2.699 0
172 0.3033 2.8115 0
173 0.2867 3.011 0
174 0.8241000000000001 2.84 0
175 1.3816 2.4966 0
176 1.3096 2.4054 0
177 1.3906 3.1895 0
178 1.3906 2.885 0
179 0.7726000000000001 2.699 0
180 0.9214 2.6705 0
181 1.5661 2.744 0
182 1.9381 3.2045 0
183 1.9343 2.969 0
184 1.7941 2.8708 0
185 1.7881 3.1385 0
186 0.7366 3.0965 0
187 0.7002999999999999 3.017 0
188 0.7651 3.2795 0
189 1.1624 2.969 0
190 1.1624 3.17 0
191 1.1551 3.3141 0
192 1.1588 3.3738 0
193 2.2216 3.3515 0
194 1.5646 3.269 0
195 1.5781 3.0898 0
196 1.7101 2.7591 0
197 2.268 3.269 0
198 2.268 3.1175 0
199 2.2545 2.9979 0
200 2.2485 2.9089 0
201 2.2216 2.789 0
202 2.466 3.236 0
203 2.457 3.0244 0
204 2.4645 2.8007 0
205 2.4615 2.669 0
206 2.7195 3.2975 0
207 2.6955 3.2525 0
208 2.685 3.2274 0
209 2.6655 3.2045 0
210 2.802 3.269 0
211 2.6835 3.1115 0
212 2.8185 3.269 0
213 2.7735 3.1925 0
214 2.712 3.1085 0
215 2.6535 3.017 0
216 2.628 3.002 0
217 2.5935 2.9615 0
218 2.5995 2.6495 0
219 2.628 2.8325 0
220 2.6385 2.942 0
221 2.628 2.5341 0
222 2.667 2.612 0
223 2.628 3.2045 0
224 2.5725 3.1175 0
225 2.511 3.041 0
226 2.4105 2.8708 0
227 2.388 2.8325 0
228 2.3535 2.7125 0
229 2.3567 2.8325 0
230 2.322 2.4696 0
231 2.3567 2.514 0
232 2.373 2.624 0
233 2.7035 2.514 0
234 2.565 2.3061 0
235 2.4642 2.2476 0
236 2.4642 2.4396 0
237 2.1136 1.9026 0
238 2.0678 2.0361 0
239 2.0116 2.0091 0
240 1.9831 1.9386 0
241 1.9591 1.8394 0
242 1.8421 1.6877 0
243 1.8676 1.7698 0
244 1.8976 1.9918 0
245 2.1968 2.1621 0
246 2.2081 2.3331 0
247 2.4848 1.9536 0
248 2.4848 1.9836 0
249 2.5275 2.0668 0
250 2.784 2.4576 0
251 2.802 2.4636 0
252 2.4848 2.1482 0
253 2.4848 2.0766 0
254 2.6385 2.1006 0
255 2.7035 2.0856 0
256 2.7435 2.0668 0
257 2.259 2.1482 0
258 2.253 2.2333 0
259 1.9958 1.6401 0
260 2.2246 1.6146 0
261 2.1541 1.7248 0
262 2.277 1.6626 0
263 2.34 1.7841 0
264 2.3835 1.7762 0
265 2.4255 1.762 0
266 2.787 1.8021 0
267 2.733 1.734 0
268 2.691 1.6908 0
269 2.727 1.5756 0
270 2.7345 1.6713 0
271 2.335 2.4636 0
272 1.8803 1.4607 0
273 1.9156 1.5921 0
274 2.1154 1.4376 0
275 2.1693 1.4249 0
276 2.2246 1.4061 0
277 2.2875 1.3993 0
278 2.2748 1.2933 0
279 2.37 1.3739 0
280 1.9306 1.3521 0
281 2.0821 1.2591 0
282 1.9958 1.0184 0
283 1.9216 0.8076 0
284 1.8938 0.7416 0
285 1.9501 1.2679 0
286 2.2006 1.2216 0
287 2.4645 1.1641 0
288 2.784 1.09 0
289 1.9324 1.1796 0
290 2.2081 1.1067 0
291 2.2935 1.09 0
292 2.3085 1.09 0
293 1.4425 0.9703999999999999 0
294 1.5249 1.1067 0
295 1.6366 1.3067 0
296 1.6936 1.2359 0
297 1.7311 1.3803 0
298 1.8121 1.2127 0
299 1.8331 1.4125 0
300 1.8481 1.5696 0
301 1.8721 1.6866 0
302 1.8976 1.8021 0
303 1.9621 1.9476 0
304 2.0326 2.0938 0
305 1.8226 1.0296 0
306 1.9853 1.1039 0
307 2.7705 0.6831 0
308 2.7428 1.2861 0
309 2.7105 1.2359 0
310 2.5965 1.5029 0
311 2.565 1.3435 0
312 2.2875 0.739 0
313 2.0131 0.7266 0
314 2.2447 0.6698999999999999 0
315 2.6925 0.9959 0
316 2.5155 0.9959 0
317 2.2642 1.1196 0
318 1.5631 0.9703999999999999 0
319 1.2166 0.8706 0
320 1.3156 0.8466 0
321 1.6246 0.5436 0
322 1.7191 0.6383 0
323 1.8803 0.5242 0
324 1.9448 0.4942 0
325 2.4336 0.6901 0
326 2.6835 0.6287 0
327 2.1391 0.6081 0
328 2.7375 0.8091 0
329 2.5995 0.9127000000000001 0
330 1.7371 0.4944 0
331 1.8803 0.4518 0
332 1.9354 0.4318 0
333 2.0356 0.4105 0
334 2.6445 0.5646 0
335 2.6835 0.5646 0
336 2.7015 0.2867 0
337 2.7375 0.0626 0
338 2.8065 0.2392 0
339 2.7825 0.2748 0
340 2.7383 0.195 0
341 2.7975 0.1722 0
342 2.0491 0.067 0
343 2.3415 0.0284 0
344 1.9448 0.3687 0
345 2.0356 0.3573 0
346 2.4675 1.0416 0
347 1.5148 0.3545 0
348 1.5809 0.3371 0
349 1.9013 0.2211 0
350 1.8976 0.2484 0
351 1.6434 0.3787 0
352 2.478 0.5308999999999999 0
353 2.313 0.1106 0
354 1.6684 0.2007 0
355 2.55 0.1898 0
356 2.3625 0.2217 0
357 2.4486 0.1655 0
358 2.559 0.1522 0
359 2.727 0.3712 0
360 0.9961 0.5425 0
361 1.0546 0.2077 0
362 1.7446 0.1597 0
363 0.1465125448028674 0.03100537634408602 0
364 0.1698278445324562 0.09379771766127408 0
365 0.179 0.1185 0
366 0.113 0.0355 0
367 0.2125 0.09029999999999999 0
368 0.09816340621403911 0.3121179516685846 0
369 0.1035 0.3295 0
370 0.1625 0.2935 0
371 0.1625 0.326 0
372 0.1640039701074265 0.3413404950957497 0
373 0.165 0.3515 0
374 0.12 0.307 0
375 0.2661343905173795 0.2406528912381868 0
376 0.19 0.335 0
377 0.3924906477749849 0.2293865403788634 0
378 0.439 0.2178 0
379 0.7327714099072189 0.3670683318668273 0
380 0.8071 0.4492 0
381 0.8347062717770035 0.5131303135888502 0
382 0.9954458743052587 0.5386308251389482 0
383 1.010341767764298 0.5356516464471404 0
384 1.0621 0.5253 0
385 1.112710549280267 0.8114611099783877 0
386 1.1836 0.7956 0
387 1.227892350196112 0.7854760342408886 0
388 1.304759943661972 0.7679062985915494 0
389 1.231489768431002 1.055087948960302 0
390 1.1746 0.9171 0
391 1.152350329724258 0.8791221145293379 0
392 1.128203591565362 0.8379061304305316 0
393 1.0876 0.7686000000000001 0
394 0.793054493032196 0.7467643440653532 0
395 0.833 0.739 0
396 1.087597363376433 0.3480619188400506 0
397 1.1664 0.326 0
398 1.273504109840826 0.3078208506414734 0
399 1.357412012911103 0.2867222692172806 0
400 1.3921 0.278 0
401 1.584784640908523 0.2287796234849852 0
402 1.668787731140372 0.2085566573180586 0
403 1.680492724492396 0.2057387885481267 0
404 1.7251 0.195 0
405 1.753321982758621 0.1829586206896552 0
406 1.492365967529194 0.1061701261345012 0
407 1.5046 0.1035 0
408 1.562876778223175 0.0895355644635033 0
409 1.616750759219089 0.07662613882863342 0
410 1.6636 0.0654 0
411 1.785181932997966 0.04098825502158478 0
412 1.44792659404735 0.04721354251405243 0
413 1.559274714661984 0.01749429323968393 0
414 1.5848 0.2288 0
415 1.646940177201559 0.3229304600640334 0
416 1.676737542627081 0.3680677583871902 0
417 1.6996 0.4027 0
418 1.76122068931039 0.4871496875406197 0
419 1.796589163076119 0.5356213387300344 0
420 1.82038351465471 0.2680180010177837 0
421 1.819226383445441 0.2878655563310605 0
422 1.815639040105621 0.3493970359026312 0
423 1.812598311465366 0.4015527719131025 0
424 1.932608275988565 0.08416184759784452 0
425 1.9336 0.0854 0
426 1.999206007065085 0.2272150051709913 0
427 2.006825661348716 0.2436857730164169 0
428 2.0326 0.2994 0
429 2.066181688534228 0.3448919940677004 0
430 2.10222122301218 0.3937135501071672 0
431 2.143920982751774 0.4502028246344032 0
432 1.4573 0.6201 0
433 1.470526143071152 0.6171020742372056 0
434 1.4798 0.615 0
435 1.62569682547823 1.006066588030155 0
436 1.596799360645303 0.9658341486193519 0
437 1.5781 0.9398 0
438 1.5376 0.8759 0
439 1.520567054543312 0.8122505722407978 0
440 1.509645028260414 0.7714366845520753 0
441 1.5091 0.7694 0
442 1.487470524952612 0.7070586752012542 0
443 1.216844274007144 0.8364624711073756 0
444 1.2391 0.8361000000000001 0
445 1.438118733881023 0.7928540487454953 0
446 1.4573 0.7881 0
447 1.5751 0.7506 0
448 1.629253853046239 0.737151793160184 0
449 1.674791384715166 0.7258433061290671 0
450 1.6951 0.7208 0
451 1.742875932031448 0.7071497337053005 0
452 1.8323 0.6816 0
453 0.8290723792744454 0.3448936253703852 0
454 0.8860023190252332 0.3354106790855703 0
455 0.8881 0.344 0
456 0.7652 0.3573 0
457 0.8589 0.3391 0
458 0.8971 0.3339 0
459 0.8800217335707088 0.9708668161409124 0
460 0.8159999999999999 0.7881 0
461 0.192417083040447 1.214641803752834 0
462 0.4766809557860408 1.212333430123767 0
463 0.4789725480650566 1.211833697349668 0
464 0.5488051863222182 1.196605134067082 0
465 0.5580000000000001 1.1946 0
466 0.6847000000000001 1.165325656877898 0
467 0.7192000000000001 1.1601 0
468 0.7496804126670198 1.150020243279419 0
469 0.7709910128873833 1.142972908712875 0
470 0.7824 1.1392 0
471 0.02497035352916289 1.354387390226447 0
472 0.04574919083480211 1.350460118570742 0
473 0.1085 1.3386 0
474 0.169969217843256 1.31853891635241 0
475 0.02120726207597207 1.303997243736064 0
476 0.0276 1.3896 0
477 0.04990292955986731 1.438341501687127 0
478 0.0578 1.4556 0
479 0.08065484839988785 1.493854896463332 0
480 0.1779089847949624 1.376669352963117 0
481 0.4825707410236822 1.294156111535523 0
482 0.5133 1.2876 0
483 0.4895 1.2359 0
484 0.9103119355276273 1.119191669074846 0
485 0.9406 1.1121 0
486 0.962202285863818 1.106665462675769 0
487 1.036 1.0881 0
488 1.116308080585007 1.069809898102608 0
489 1.2166 1.0596 0
490 1.3156 1.0296 0
491 1.452570236474563 1.00137465839762 0
492 0.9843075539596365 1.212698167202823 0
493 1.050695771806455 1.196590570111302 0
494 1.0589 1.1946 0
495 1.1821 1.1504 0
496 1.281523295562932 1.133650309666425 0
497 1.2931 1.1317 0
498 0.9653027140818975 1.059820810871695 0
499 1.0109 1.0462 0
500 1.40500336406109 0.7308063031881475 0
501 1.4573 0.715 0
502 1.55 0.6906 0
503 1.623434161814984 0.6757247477754927 0
504 1.638493867958133 0.6726741658423768 0
505 1.6981 0.6606000000000001 0
506 1.639909784472421 0.849625523693685 0
507 1.646069228060167 0.9146386671362376 0
508 1.649486111178458 0.9507039884808219 0
509 1.653964274983764 0.9979711647583719 0
510 1.6613 1.0754 0
511 1.656331212713193 1.241961409030372 0
512 1.4692877440365 0.5713255384920569 0
513 1.4715 0.5706 0
514 1.242598067392511 1.227616675915118 0
515 1.275716015715276 1.284579547030275 0
516 1.2766 1.2861 0
517 1.297526003415884 1.319098697694278 0
518 1.3156 1.3476 0
519 1.3156 1.361817391304348 0
520 1.3156 1.4346 0
521 0.1368 1.4736 0
522 0.1696568061997637 1.46430852611564 0
523 0.2223221192842768 1.449415466267971 0
524 0.2588 1.4391 0
525 0.4805042913247732 1.389462585030102 0
526 0.498 1.3859 0
527 0.782199691978396 1.315956853434441 0
528 0.8701 1.2996 0
529 0.9589459964561184 1.280247406712529 0
530 1.0216 1.2666 0
531 1.2766 1.2216 0
532 1.433449805511223 1.170932035123277 0
533 1.533890179216585 1.124572906091936 0
534 1.5848 1.1121 0
535 1.730216960402838 1.06143547722591 0
536 1.589958923812251 1.018047294112464 0
537 1.6426 1.0004 0
538 1.7446 0.9786 0
539 1.832039948203302 0.9564683068954355 0
540 1.944707323388571 0.8891943367173512 0
541 1.9786 0.8759 0
542 1.992539701920125 0.8718622932369292 0
543 1.7011 0.9051 0
544 1.8321859375 0.8764046875 0
545 1.8991 0.8541 0
546 0.4874180313812913 1.435063002657978 0
547 0.181 1.3993 0
548 0.1368 1.4125 0
549 0.4171621940202018 1.496614608922996 0
550 0.4472 1.5366 0
551 0.4660803094233474 1.577854219409283 0
552 0.5202457127605151 1.46611621477346 0
553 0.571 1.4511 0
554 0.6766 1.435775461741425 0
555 0.6766 1.4691 0
556 0.6766 1.5696 0
557 0.6766 1.4252 0
558 0.6766 1.604544827586207 0
559 0.2605067251621342 1.60498051119952 0
560 0.3590346006422873 1.597371024551953 0
561 0.4276 1.5861 0
562 0.5326000000000001 1.5636 0
563 0.2776361949315323 1.647355770184026 0
564 0.3084135741022223 1.642054864585734 0
565 0.3546 1.6341 0
566 0.4077537303441845 1.626871982275372 0
567 0.498 1.6146 0
568 0.8127308441558442 1.54383299512987 0
569 0.9196 1.5186 0
570 0.8153049248747913 1.488168499582638 0
571 0.8716 1.4751 0
572 0.8906550214592275 1.470341201716738 0
573 0.8092816848025431 1.618421066145005 0
574 0.8071 1.6656 0
575 0.8071 1.762 0
576 0.8071 1.674462648221344 0
577 0.8655177834080873 1.37250913548122 0
578 1.003262048345058 1.348908652303094 0
579 1.0109 1.3476 0
580 1.3891 1.2591 0
581 1.3411 1.3161 0
582 0.1985526513609822 1.769124451578606 0
583 0.1859 1.8468 0
584 0.4078 1.6269 0
585 0.4331168698196002 1.800888152120917 0
586 0.5065 1.7856 0
587 0.9151 1.5921 0
588 0.9622000000000001 1.583655945945946 0
589 1.038228453180991 1.57002561965494 0
590 1.1371 1.5523 0
591 1.539554604617302 1.46144505123595 0
592 0.8251880705117156 1.671066666603531 0
593 0.9342 1.6506 0
594 1.035381429441162 1.6267692413485 0
595 1.036114419329696 1.61345814497272 0
596 1.1721 1.5853 0
597 1.346237845110923 1.704358382628374 0
598 1.4341 1.6866 0
599 0.7516 1.872578723404255 0
600 0.8476 1.8576 0
601 0.4608377673282835 1.86128563831302 0
602 0.6361 1.8291 0
603 0.6847000000000001 1.816333762301287 0
604 0.7516 1.798760484481453 0
605 0.3481 1.762 0
606 0.2935 1.6866 0
607 0.3095841254598247 1.754484470690731 0
608 0.3275 1.8301 0
609 1.0216 2.187093713733075 0
610 0.9707 2.2026 0
611 1.135128479807698 1.974974365629778 0
612 1.1941 1.9558 0
613 1.312814675131743 2.22270651495727 0
614 1.322084483012208 2.099019252831298 0
615 1.3268 2.0361 0
616 1.335874218840647 1.838504255041422 0
617 1.3366 1.8227 0
618 1.408419337329967 2.20879589807472 0
619 1.4225 2.2746 0
620 1.409392600450869 2.491388887415462 0
621 1.4086 2.4996 0
622 1.158402267633424 2.53288927814242 0
623 1.1581 2.5401 0
624 1.4296 2.0811 0
625 1.472050479233227 2.071721405750798 0
626 1.5586 2.0526 0
627 1.74596776025181 2.027607930769977 0
628 1.7401 2.1208 0
629 0.9893 1.3161 0
630 1.0216 1.392 0
631 1.028229975661055 1.412953559442158 0
632 1.0403 1.4511 0
633 1.0381 1.5774 0
634 1.0306 1.7136 0
635 1.028761401713774 2.102824581148484 0
636 1.0216 2.1816 0
637 1.0216 2.2971 0
638 1.0216 2.403346425567704 0
639 1.0216 2.4456 0
640 1.004079211663837 2.658417442971882 0
641 0.9808 2.849 0
642 0.9808 2.8588 0
643 0.9808 2.9915 0
644 0.6853420718816069 2.538587174066244 0
645 0.6847000000000001 2.5281 0
646 0.1562133124162557 2.094087991938333 0
647 0.2136 2.2161 0
648 0.8634374689826303 3.176527791563275 0
649 0.1160115015974441 3.093751723558096 0
650 0.1247 3.0215 0
651 0.1295309301181102 2.978941806102362 0
652 0.1562 2.744 0
653 0.1601057478368357 2.584905871446233 0
654 0.1622 2.4996 0
655 0.112 2.528475577557756 0
656 0.112 2.6 0
657 0.06923093115728299 2.533754663942962 0
658 0.05798328243564115 2.589513007872382 0
659 0.0362 2.6975 0
660 0.0107 2.540979273927393 0
661 0.0107 2.585 0
662 0.3100977819285548 2.931702077982723 0
663 1.0403 2.3991 0
664 1.2541 2.5116 0
665 1.5256 2.4696 0
666 1.559959130541906 2.464102539113295 0
667 1.399274177592154 2.761202746118997 0
668 1.376145140543877 2.763346213806614 0
669 1.3583 2.8708 0
670 1.4716 2.7545 0
671 1.566688224320326 2.74391135786284 0
672 1.6936 2.724786458333333 0
673 1.7101 2.7223 0
674 1.932545460037118 2.921247572144252 0
675 1.932450578293645 2.918665223662083 0
676 2.020985775343125 2.908294395617626 0
677 2.078590932955684 2.901546647784187 0
678 2.02028125 3.38103125 0
679 2.1481 3.3685 0
680 2.080882157676349 3.016107883817428 0
681 2.0761 2.777 0
682 2.0761 2.517758223062382 0
683 2.0761 2.4456 0
684 2.070928341299074 2.375081560469154 0
685 1.9111 2.3331 0
686 1.945526829268293 2.401953658536585 0
687 1.9996 2.5101 0
688 1.572388004693137 2.910934844635082 0
689 1.5695 2.8205 0
690 1.5586 2.5236 0
691 1.3816 2.2131 0
692 1.5218 2.1906 0
693 1.550425750194255 2.184805725280282 0
694 1.9111 2.408401362088536 0
695 1.9928 2.3931 0
696 2.277 3.338 0
697 2.277 3.2945 0
698 2.52770392438874 3.050346243407986 0
699 2.517 3.0343 0
700 2.335001447345568 2.679026428530076 0
701 2.322 2.6555 0
702 2.439535842917544 1.757804339428949 0
703 2.4435 2.0016 0
704 2.087567758774982 1.839081331410957 0
705 2.045930001395047 1.636644347330305 0
706 2.0536 1.7136 0
707 2.0658240835874 1.844535430538278 0
708 2.0678 1.8657 0
709 2.269919530983375 1.870575939739652 0
710 2.3145 1.8621 0
711 2.768267384292251 2.062202655464707 0
712 2.766 1.9836 0
713 2.1046 1.6326 0
714 2.279918615999956 1.601726009143775 0
715 2.3505 1.5853 0
716 2.18861879776733 1.713594602152454 0
717 2.1306 1.6287 0
718 2.264452104807349 1.984303017541476 0
719 2.262 1.9371 0
720 2.277 1.8111 0
721 2.287337050017729 1.446998671058785 0
722 1.890070948740462 1.492919219076198 0
723 1.9696 1.4773 0
724 1.978518852903926 1.342111850913696 0
725 1.973432488916032 1.374195069914263 0
726 1.9643 1.4318 0
727 2.249050174393301 1.212233337976899 0
728 2.24256525829144 1.191817257887373 0
729 2.235 1.168 0
730 2.221713632973572 1.103789290054648 0
731 2.212260893408738 1.058105837446483 0
732 2.2021 1.009 0
733 2.196591752574781 0.9641587857754386 0
734 2.1886 0.8991 0
735 2.187350568630416 0.8772349510322699 0
736 2.18387924285583 0.8164867499770284 0
737 2.1796 0.7416 0
738 2.107945494148921 0.7632690132152056 0
739 2.068503804862353 0.7751965602163245 0
740 2.384964398734177 1.3739 0
741 2.361 1.2861 0
742 2.310359259149525 1.199769594169191 0
743 2.07849290617849 1.248715942028986 0
744 2.0491 1.1641 0
745 2.042208666392658 1.151547013131607 0
746 2.0222 1.1151 0
747 2.019625833033159 1.095983645311823 0
748 2.0161 1.0698 0
749 1.994802132941842 1.015856256925515 0
750 1.9714 0.9562 0
751 1.964869052062925 0.9398055969673432 0
752 1.9373 0.8706 0
753 2.1392 1.2359 0
754 2.2875 1.2048 0
755 2.3543 1.1901 0
756 2.468597497393118 1.1641 0
757 2.501521848739496 1.1641 0
758 2.513493356953056 1.163460038382049 0
759 2.567644766215234 1.149561176671423 0
760 2.571 1.1487 0
761 2.634923760828503 1.121740848694066 0
762 2.64 1.1196 0
763 2.672776073859635 1.11360267584696 0
764 2.7105 1.1067 0
765 2.7915 1.088306451612903 0
766 2.825587712869153 1.08060922612632 0
767 2.8305 1.0795 0
768 1.959954033467395 1.172542730849108 0
769 2.0222 1.1566 0
770 2.0911 1.1392 0
771 2.251103280711954 1.097505534636197 0
772 2.253 1.0971 0
773 2.3235 1.09 0
774 2.352 1.09 0
775 2.382238706808611 1.081249101514478 0
776 2.418 1.0709 0
777 2.211327489580681 1.563360767076292 0
778 2.1556 1.4849 0
779 2.152944803026131 1.474456225236117 0
780 1.384612522567811 0.85929534071282 0
781 1.4086 0.9051 0
782 1.4715 1.0596 0
783 1.55 1.1566 0
784 1.552363092269327 1.161570906068163 0
785 1.5809 1.2216 0
786 1.694161628306424 1.407272062864995 0
787 1.7082 1.4318 0
788 1.7007 1.162 0
789 1.8316 0.759525 0
790 1.8316 0.7974604651162791 0
791 1.8316 0.8466 0
792 1.8331 0.9228999999999999 0
793 1.8316 0.9703999999999999 0
794 1.8226 1.153530769230769 0
795 1.9096 1.1281 0
796 2.091072507461924 1.079506340434112 0
797 2.0222 1.0086 0
798 2.067291626095423 0.9941706796494645 0
799 2.022585303364959 0.9210226201723802 0
800 2.144293509179418 0.8875009665178609 0
801 2.1541 0.8847999999999999 0
802 2.228394663991627 0.8678967470846924 0
803 2.322 0.8466 0
804 2.237724227514269 0.4934135027932116 0
805 2.2875 0.5796 0
806 2.289757573561386 0.5833957336812097 0
807 2.300317270468875 0.6011501040816685 0
808 2.328876411627166 0.649167540082475 0
809 2.360321280748631 0.7020368466986984 0
810 2.3625 0.7057 0
811 2.396469485914174 0.7746958002790096 0
812 2.14921079663386 0.8234790846086555 0
813 2.245043168510315 0.8041504995197153 0
814 2.28 0.7971 0
815 2.302185401166298 0.7928323915812051 0
816 2.424 0.7694 0
817 2.439633501492433 0.7653883845226965 0
818 2.5035 0.749 0
819 2.584503648541874 0.7293450606541038 0
820 2.67 0.7086 0
821 2.795405866459823 0.6786871484930247 0
822 2.822760823179398 0.6738403642151939 0
823 2.79690270220858 0.6333080780432031 0
824 2.7915 0.7971 0
825 2.7915 0.8039712328767122 0
826 2.7915 0.8402440594059406 0
827 2.7915 0.8930741550695827 0
828 2.7915 0.9107030303030303 0
829 2.7915 0.9230793103448276 0
830 2.7915 0.9995783251231527 0
831 2.7915 1.027876785714286 0
832 2.7915 1.0506 0
833 2.7915 1.134472222222222 0
834 2.530656818522279 0.8956891076748947 0
835 2.572632469683148 0.9612843911159663 0
836 2.626691382765531 1.045762168782008 0
837 2.655 1.09 0
838 2.702357528175256 1.15288027352159 0
839 2.660630607750689 1.161963205404281 0
840 2.6415 1.1336 0
841 2.6115 1.0795 0
842 2.577921523998021 1.056464443344879 0
843 2.565 1.0476 0
844 2.6175 1.662828125000001 0
845 2.6175 1.6146 0
846 2.4857 1.1281 0
847 2.465726147961611 1.084795694232123 0
848 2.4375 1.0236 0
849 2.409252759159402 0.9781997245040233 0
850 2.3685 0.9127000000000001 0
851 2.235 0.9562 0
852 2.352017769381551 0.9256377119968182 0
853 2.335341162420382 0.9977773487261147 0
854 2.352 1.0296 0
855 2.301 1.1796 0
856 2.0761 0.7898999999999999 0
857 2.039851309416743 0.719735867882523 0
858 2.0326 0.7057 0
859 2.015866463437545 0.6806947720686036 0
860 1.7506 0.7694 0
861 1.751150313771247 0.7741204692378039 0
862 1.755989556349997 0.815630416691086 0
863 2.295 0.7694 0
864 2.2815 0.7208 0
865 2.270299616750648 0.7056503486685075 0
866 2.2642 0.6974 0
867 2.259866155719778 0.6661646101266953 0
868 2.082315860682666 0.7088398670304583 0
869 2.1269 0.6974 0
870 2.28114745004323 0.6609230754375209 0
871 2.373 0.6383 0
872 2.4336 0.6237181250000001 0
873 2.469 0.6152000000000001 0
874 2.817 1.0596 0
875 2.774204405750559 1.006360242868254 0
876 2.733 0.9551000000000001 0
877 2.718080921194559 0.9318639634696873 0
878 2.674924510518934 0.8646490939691445 0
879 2.656981441464345 0.8367032795220541 0
880 2.646 0.8196 0
881 2.544 0.6698999999999999 0
882 2.536668687672883 0.6602026732400403 0
883 2.684925089264461 1.032690616519876 0
884 2.6835 1.0295 0
885 2.646411383832372 0.948371114577134 0
886 2.5455 1.1181 0
887 2.5065 1.0863 0
888 2.520696298882681 0.9699185055865922 0
889 2.4075 0.9786 0
890 2.45773491075889 0.967127913996906 0
891 2.238 1.0754 0
892 1.609594006965154 0.859791605574884 0
893 1.7041 0.8281000000000001 0
894 1.738892172858839 0.8197390902432249 0
895 1.713657554742533 0.7827750477802654 0
896 1.7716 0.7694 0
897 1.458839231509262 0.8316777179857757 0
898 1.4715 0.8553999999999999 0
899 1.56562628707038 0.9748815921850164 0
900 1.5676 1.1566 0
901 1.5809 0.9703999999999999 0
902 1.4913 0.8196 0
903 1.492202902531222 0.8193732666634767 0
904 1.1769 0.8706 0
905 1.236703383458646 0.8659308270676692 0
906 1.2631 0.8598 0
907 1.5046 0.8381000000000001 0
908 1.8331 0.5242 0
909 1.983112794685797 0.4895094845075892 0
910 2.0371 0.4829 0
911 2.1766 0.4402 0
912 2.192444147563346 0.437140931099059 0
913 2.315212861319147 0.4134376707780223 0
914 2.3325 0.4101 0
915 2.358074884869519 0.4032800307014617 0
916 2.4135 0.3885 0
917 2.421954545454545 0.3873727272727273 0
918 2.449160958904109 0.3837452054794521 0
919 2.4645 0.3817 0
920 2.538000726566734 0.3687021156789528 0
921 2.5759 0.362 0
922 2.603490132817121 0.3549214819594558 0
923 2.6445 0.3444 0
924 2.66546573875803 0.3444 0
925 2.2939 0.4777 0
926 2.301796871224777 0.4767164240564702 0
927 2.401660544141473 0.4642781426767242 0
928 2.4125451317897 0.4629224388465227 0
929 2.4336 0.4603 0
930 2.456509167921163 0.4548311843798649 0
931 2.499626897628231 0.4445382346516931 0
932 2.5178 0.4402 0
933 2.56081563151174 0.4351365007749634 0
934 2.607 0.4297 0
935 2.673032643495365 0.4145626922513549 0
936 2.6925 0.4101 0
937 2.697164718162839 0.4081230480167014 0
938 2.3798 0.6974 0
939 2.435750755012998 0.6892661180179931 0
940 2.4857 0.6698999999999999 0
941 2.574 0.6531 0
942 2.776707070286909 0.6016516737206619 0
943 2.641024144207605 0.6135157532390166 0
944 2.590351014638801 0.5175266187178675 0
945 2.5868 0.5108 0
946 2.062555837635377 0.6668758965167589 0
947 2.1091 0.6531 0
948 2.176385585585586 0.6328221522892755 0
949 2.2186 0.6201 0
950 2.2880576568692 0.6039930576015281 0
951 2.3415 0.5916 0
952 2.175022161089501 0.5979894579714979 0
953 2.4336 0.54527515625 0
954 2.455876911310638 0.5413650942126641 0
955 2.474410104337011 0.5381121327283475 0
956 2.5155 0.5308999999999999 0
957 2.628 0.5108 0
958 2.664765346332846 0.5014323912083433 0
959 2.71199874053382 0.4893975811790541 0
960 2.737000209324647 0.4830273439255008 0
961 2.74161077251257 0.8190142160597289 0
962 2.75347678017711 0.8476322345447943 0
963 2.763 0.8706 0
964 2.785861384410309 0.9126964802589819 0
965 2.593186702876197 0.8478820725545053 0
966 2.628 0.8397 0
967 2.7015 0.8321000000000001 0
968 2.772 0.8091 0
969 2.6363 0.9507000000000001 0
970 2.757 0.9228999999999999 0
971 2.8019588681718 0.9070054506463335 0
972 2.5995 0.8816938271604939 0
973 2.628 0.8759 0
974 2.7135 0.8553999999999999 0
975 2.6875 1.1566 0
976 2.757 1.1392 0
977 2.673 1.0356 0
978 2.7435 1.0184 0
979 2.836102966507177 0.9820886889952154 0
980 2.5995 0.8706 0
981 2.5868 0.8249 0
982 2.7525 0.5991000000000001 0
983 2.771395778846014 0.5933262897970515 0
984 2.8065 0.5826 0
985 2.727 0.4687 0
986 2.6875 0.3885 0
987 1.8226 0.4687 0
988 2.1499 0.3817 0
989 2.165945160315896 0.3785057108100054 0
990 2.2152 0.3687 0
991 2.31812982845581 0.3473769409081314 0
992 2.3325 0.3444 0
993 2.351046207044827 0.3415777511018741 0
994 2.372954877336448 0.3382438230140187 0
995 2.4015 0.3339 0
996 2.461432555404111 0.3163501293458003 0
997 2.52 0.2992 0
998 2.520529073482428 0.2990897763578275 0
999 2.707195950860745 0.556428982461812 0
1000 2.727 0.5496 0
1001 2.742036012130402 0.1143105382865806 0
1002 2.7435 0.131 0
1003 2.76262729748128 0.1892927161334242 0
1004 2.7645 0.195 0
1005 2.8065 0.179 0
1006 2.801213940898932 0.1706362354109758 0
1007 2.63912551997465 0.1397768699110451 0
1008 2.661314186537881 0.1364423949729714 0
1009 2.7135 0.1286 0
1010 2.759946596575696 0.1053417794590876 0
1011 2.78 0.0953 0
1012 2.803284371941924 0.08891715118794805 0
1013 1.843700190839695 0.093893320610687 0
1014 1.8976 0.09029999999999999 0
1015 1.9649 0.0785 0
1016 2.1327 0.067 0
1017 2.1383 0.067 0
1018 2.192450008025614 0.05929813890226489 0
1019 2.2297 0.054 0
1020 2.357094535324688 0.1230819823847746 0
1021 2.352 0.115 0
1022 2.340700051576821 0.1008137542333386 0
1023 2.2921 0.0398 0
1024 1.8511 0.3938 0
1025 2.1263 0.3205 0
1026 2.159175142074623 0.3147488895378141 0
1027 2.2875 0.2923 0
1028 2.330372507194057 0.2835552996962156 0
1029 2.4336 0.2625 0
1030 2.446405872888174 0.2599366251005631 0
1031 2.5065 0.2479074742268041 0
1032 2.55 0.2392 0
1033 2.235879811736471 0.1435962029415679 0
1034 2.2365 0.1448 0
1035 2.270972236201009 0.1957542741346167 0
1036 2.29827785657526 0.2361153942503064 0
1037 2.3325 0.2867 0
1038 2.352 0.3444 0
1039 2.4336 0.5144 0
1040 2.4336 0.6201 0
1041 2.4336 0.6471 0
1042 2.445 0.8706 0
1043 2.4638 1.0131 0
1044 2.4638 1.1317 0
1045 2.478 1.2276 0
1046 1.6853 0.3147 0
1047 1.700850491431548 0.3113115660693903 0
1048 1.742238462651029 0.3022931754534722 0
1049 1.7881 0.2923 0
1050 1.897930203625569 0.2493523072561413 0
1051 1.921484268372456 0.3172822299861636 0
1052 1.9226 0.3205 0
1053 1.9649 0.3063 0
1054 1.7105 0.3573 0
1055 1.71909158378193 0.3543679515664843 0
1056 1.7483 0.3444 0
1057 1.767634355358526 0.3420057924439208 0
1058 1.7911 0.3391 0
1059 1.8278 0.3545 0
1060 2.454 0.4145 0
1061 2.4608 0.5237999999999999 0
1062 2.4857 0.4687 0
1063 2.142299144821738 0.1603622249684704 0
1064 2.1451 0.1597 0
1065 2.2725 0.1371 0
1066 2.3798 0.08699999999999999 0
1067 1.6658 0.1502 0
1068 1.6703 0.2392 0
1069 2.4486 0.2923 0
1070 2.5065 0.2933 0
1071 2.4075 0.3787 0
1072 2.148954905366623 0.2190644851230603 0
1073 2.311102323015585 0.1880878157369815 0
1074 2.3325 0.184 0
1075 2.2965 0.5017 0
1076 2.2845 0.6471 0
1077 2.2642 0.7308 0
1078 1.0216 0.574 0
1079 1.0948 0.3787 0
1080 1.7626 0.2077 0
1081 1.8736 0.254 0
1082 1.9516 0.2391 0
1083 2.168574908210866 0.4032714293878953 0
1084 2.1499 0.2274 0
1085 2.1327 0.0757 0
1086 0.2042852993154806 0.4981937155352826 0
1087 0.9744563468276416 0.9483424120899995 0
1088 0.9342139773955067 1.149396109290821 0
1089 0.2272598598270632 1.086944577558085 0
1090 0.2710822154323682 1.249970835152044 0
1091 0.7736830819505653 1.184519706710288 0
1092 0.8679481429363354 1.443627226983924 0
1093 1.578805922140388 1.524354697129115 0
1094 1.614252355256121 1.581166103629673 0
1095 0.9268598940416281 1.764136569929463 0
1096 0.6847000000000001 1.787278260869565 0
1097 0.7516 1.773461956521739 0
1098 0.4859798827347416 1.916064548975135 0
1099 0.5252384615384614 2.0016 0
1100 1.55052605257486 1.868026934768229 0
1101 0.2122689285411546 2.935361511401203 0
1102 2.1886 2.636391064871481 0
1103 2.115937714534459 1.343264801768258 0
1104 2.036964386889906 0.9445495396922465 0
1105 2.786690160535576 0.05597853370825039 0
1106 0.3845 0.0745 0
1107 0.8289 0.5706 0
1108 0.6025 2.936 0
1109 2.457 2.93 0
1110 2.6357 3.0065 0
1111 2.3835 2.777 0
1112 2.2021 2.391 0
1113 1.6067 1.216 0
1114 0 0.3885 0
1115 0 0 0
1116 0 1.7136 0
1117 0 2.3331 0
1118 0 3.47 0
1119 0 2.5423 0
1120 2.85 3.47 0
1121 2.85 0.07611118881118883 0
1122 2.1619 0 0
1123 2.727 0 0
1124 2.1327 0 0
1125 1.5584 0 0
1126 0.7295 0 0
1127 1.0109 0 0
1128 0.362 0 0
1129 0.229 0 0
1130 0.135 0 0
1131 2.85 0 0
1132 0.579 0.078 0
1133 0.6545 0.3015 0
1134 0.035 0.124 0
1135 0.0175 0.211 0
1136 0.29 0.23 0
1137 0.0775 0.0475 0
1138 0.2325 0.0165 0
1139 0.308 0.171 0
1140 0.413 0.011 0
1141 0.413 0.06850000000000001 0
1142 0.2665 0.1275 0
1143 0.007 0.131 0
1144 0.141 0.09029999999999999 0
1145 0.0025 0.211 0
1146 0.051 0.249 0
1147 0.132 0.1355 0
1148 0.123 0.1675 0
1149 0.06950000000000001 0.2474 0
1150 0.123 0.3515 0
1151 0.1085 0.179 0
1152 0.1585 0.3745 0
1153 0.0025 0.326 0
1154 0.1572 0.2995 0
1155 0.2182 0.2545 0
1156 0.3667 0.0815 0
1157 0.417 0.06850000000000001 0
1158 0.2955 0.2405 0
1159 0.4895 0.202 0
1160 0.8071 0.1974 0
1161 0.6766 0.305 0
1162 0.5488 0.192 0
1163 0.528 0.5377000000000001 0
1164 0.3359 0.2994 0
1165 0.498 0.5436 0
1166 0.7393 0.592 0
1167 1.3786 0.4297 0
1168 1.0741 0.8201000000000001 0
1169 1.3411 0.7596000000000001 0
1170 1.2451 1.0881 0
1171 1.1453 0.7506 0
1172 0.528 0.8671 0
1173 0.614 0.9786 0
1174 0.6766 0.7694 0
1175 0.9406 0.7086 0
1176 1.0546 0.3573 0
1177 1.7626 0.179 0
1178 1.3786 0.131 0
1179 1.3006 0.08450000000000001 0
1180 1.4146 0.003 0
1181 1.8046 0.5466 0
1182 1.8121 0.115 0
1183 1.8676 0.003 0
1184 1.3786 0.6383 0
1185 1.5848 0.592 0
1186 1.6426 1.0296 0
1187 1.1163 0.8381000000000001 0
1188 2.0063 0.6383 0
1189 0.7876000000000001 0.3573 0
1190 0.8159999999999999 0.4603 0
1191 0.8202999999999999 0.2857 0
1192 0.833 0.4769 0
1193 0.8712000000000001 0.2748 0
1194 0.9046000000000001 0.4088 0
1195 0.6183 0.3885 0
1196 0.9464 0.3205 0
1197 0.7561 0.5332 0
1198 0.8971 0.4972 0
1199 0.8589 0.7416 0
1200 0.8879 1.0296 0
1201 0.7752 0.7146 0
1202 0.8701 0.8706 0
1203 0.0145 1.2591 0
1204 0.3481 1.2411 0
1205 0.8289 1.1324 0
1206 0.228 1.2996 0
1207 0.1698 0.9562 0
1208 0.1974 1.0596 0
1209 0.0482 1.4061 0
1210 0.2395 1.3656 0
1211 0.2588 1.3416 0
1212 0.6691 1.2591 0
1213 0.4472 1.1392 0
1214 0.4369 1.1392 0
1215 0.8539 1.1324 0
1216 1.0876 1.0754 0
1217 1.1056 1.0709 0
1218 1.4715 1.09 0
1219 0.8971 1.0795 0
1220 1.0627 1.0356 0
1221 1.3726 0.7406 0
1222 1.9501 0.5991000000000001 0
1223 1.6186 0.6247 0
1224 1.6516 1.3161 0
1225 1.3846 0.5991000000000001 0
1226 1.5848 0.5436 0
1227 1.3156 0.5496 0
1228 1.2541 0.6201 0
1229 1.2279 1.2276 0
1230 1.3574 1.4946 0
1231 0.0025 1.5306 0
1232 1.5376 1.1392 0
1233 1.4248 1.1513 0
1234 1.5376 1.0356 0
1235 1.6516 0.9727 0
1236 2.1091 0.8381000000000001 0
1237 1.6186 0.9194 0
1238 1.9306 0.8466 0
1239 0.0212 1.5636 0
1240 0.2435 1.4751 0
1241 0.007 1.4511 0
1242 0.401 1.4751 0
1243 0.4726 1.5921 0
1244 0.0428 1.6026 0
1245 0.6766 1.3656 0
1246 0.6766 1.6401 0
1247 0.0677 1.6506 0
1248 0.2711 1.6026 0
1249 0.2711 1.6146 0
1250 0.6121 1.5561 0
1251 0.094 1.6866 0
1252 0.6556000000000001 1.5853 0
1253 1.0381 1.4946 0
1254 0.5687000000000001 1.509 0
1255 0.9677 1.4511 0
1256 0.8191000000000001 1.4061 0
1257 0.8071 1.8621 0
1258 1.0381 1.4061 0
1259 1.4086 1.3416 0
1260 1.5676 1.2127 0
1261 1.1769 1.3274 0
1262 1.6186 1.2861 0
1263 1.3426 1.3993 0
1264 1.64 1.3173 0
1265 0.2435 1.6791 0
1266 0.1836 2.0361 0
1267 0.2619 2.1711 0
1268 0.2473 1.5426 0
1269 0.4261 1.6581 0
1270 0.3748 1.7481 0
1271 0.5937 1.7248 0
1272 0.3841 1.8111 0
1273 0.5968 1.7698 0
1274 0.6361 1.6506 0
1275 0.6121 1.7136 0
1276 1.4996 1.509 0
1277 0.9622000000000001 1.6093 0
1278 1.2451 1.7248 0
1279 1.64 1.6506 0
1280 0.6361 1.8906 0
1281 0.9342 1.8409 0
1282 0.4368 1.8657 0
1283 0.7682 1.7944 0
1284 0.3033 1.6266 0
1285 0.5335 2.2851 0
1286 0.0736 1.7481 0
1287 0.2192 1.7173 0
1288 0.2553 1.5921 0
1289 0.3125 2.2911 0
1290 0.4472 2.0361 0
1291 0.401 2.4456 0
1292 0.7876000000000001 1.8816 0
1293 0.8416 2.4996 0
1294 1.0741 2.1711 0
1295 0.8241000000000001 2.2326 0
1296 1.1086 1.9836 0
1297 1.257 1.9476 0
1298 1.3096 2.2656 0
1299 1.3574 1.5673 0
1300 1.3816 2.0938 0
1301 1.402 2.618 0
1302 1.1761 2.1621 0
1303 1.1624 2.777 0
1304 1.2766 2.1066 0
1305 1.7596 1.8111 0
1306 1.7161 2.6495 0
1307 0.9214 1.2359 0
1308 0.9601000000000001 3.1385 0
1309 0.5551 2.744 0
1310 0.5941000000000001 2.0668 0
1311 0.6925 2.6555 0
1312 0.6925 2.2418 0
1313 0.2239 2.3241 0
1314 0.2042 2.1621 0
1315 0.6541 2.8708 0
1316 0.2326 2.2018 0
1317 0.3748 3.468 0
1318 0.4568 2.6495 0
1319 0.5941000000000001 3.3515 0
1320 0.6331 2.969 0
1321 0.09620000000000001 3.3515 0
1322 0.1622 2.3661 0
1323 0.112 2.4966 0
1324 0.08120000000000001 2.8588 0
1325 0.0737 2.5116 0
1326 0.0362 2.765 0
1327 0.0107 2.6383 0
1328 0.2701 2.4486 0
1329 0.296 2.921 0
1330 0.2553 3.1385 0
1331 0.7876000000000001 2.954 0
1332 0.8341000000000001 2.7545 0
1333 0.9214 2.4261 0
1334 1.1487 2.3796 0
1335 1.1161 2.5423 0
1336 1.6006 2.4576 0
1337 1.1881 2.4261 0
1338 1.3906 2.3931 0
1339 1.3816 3.468 0
1340 1.402 2.7223 0
1341 1.3816 2.7305 0
1342 1.3096 2.7305 0
1343 0.6025 2.7305 0
1344 1.0651 2.6495 0
1345 1.3583 2.765 0
1346 1.7806 2.705 0
1347 1.9306 3.468 0
1348 1.9246 2.705 0
1349 1.7941 2.549 0
1350 1.7881 3.2274 0
1351 0.7537 3.2435 0
1352 0.7876000000000001 3.1603 0
1353 0.7537 3.395 0
1354 1.1624 2.8325 0
1355 1.1487 3.468 0
1356 2.0491 3.1503 0
1357 2.1046 2.8985 0
1358 1.9696 3.386 0
1359 2.0821 3.077 0
1360 2.0536 2.1388 0
1361 2.0401 2.6375 0
1362 1.5526 3.468 0
1363 1.5653 2.2303 0
1364 1.1761 2.2418 0
1365 1.6626 2.1621 0
1366 1.8166 2.4261 0
1367 2.1541 2.3559 0
1368 1.6996 2.9089 0
1369 1.7101 2.669 0
1370 2.277 3.468 0
1371 2.1931 2.7223 0
1372 2.4848 3.386 0
1373 2.4435 2.612 0
1374 2.829 3.468 0
1375 2.6535 3.1603 0
1376 2.845 3.386 0
1377 2.6108 2.999 0
1378 2.845 3.3141 0
1379 2.562 2.9529 0
1380 2.5935 2.5341 0
1381 2.5725 2.4576 0
1382 2.7035 2.669 0
1383 2.667 3.2274 0
1384 2.4642 2.9825 0
1385 2.4375 2.936 0
1386 2.2875 2.6079 0
1387 2.3567 2.9615 0
1388 2.3567 2.7305 0
1389 2.277 2.3559 0
1390 2.373 2.7485 0
1391 2.7035 2.612 0
1392 2.5725 2.1872 0
1393 2.4375 1.6326 0
1394 2.472 2.624 0
1395 2.1766 2.0016 0
1396 2.0761 1.8111 0
1397 2.0326 1.5029 0
1398 2.0821 2.1388 0
1399 2.277 2.5633 0
1400 2.1166 2.2333 0
1401 2.0972 2.1816 0
1402 1.9471 1.7541 0
1403 1.7731 1.509 0
1404 1.8901 1.8726 0
1405 1.8901 1.7762 0
1406 1.8976 2.1156 0
1407 2.1923 2.0451 0
1408 2.1646 1.8906 0
1409 2.4375 1.8321 0
1410 2.4435 1.8468 0
1411 2.5995 2.1724 0
1412 2.7435 2.4696 0
1413 2.8305 2.4636 0
1414 2.775 2.2956 0
1415 2.766 1.7762 0
1416 2.4975 2.1966 0
1417 2.4912 2.0359 0
1418 2.58 2.1066 0
1419 2.82 2.0526 0
1420 2.2002 2.0136 0
1421 2.277 2.3166 0
1422 1.8901 1.6866 0
1423 2.4375 1.5557 0
1424 2.2081 1.7421 0
1425 2.1638 1.8021 0
1426 2.268 2.0526 0
1427 2.2875 1.8021 0
1428 2.472 1.7481 0
1429 2.8305 1.8906 0
1430 2.655 1.6506 0
1431 2.727 1.4607 0
1432 2.7428 1.734 0
1433 2.3055 2.3559 0
1434 2.3505 2.4999 0
1435 1.8586 1.4991 0
1436 2.0161 1.4607 0
1437 2.0063 1.4511 0
1438 1.8586 1.3739 0
1439 1.9156 1.5771 0
1440 1.8586 1.5974 0
1441 2.0063 1.5771 0
1442 2.0761 1.4436 0
1443 1.9306 0.8169 0
1444 2.322 1.3867 0
1445 2.3955 1.4125 0
1446 1.8406 1.3739 0
1447 2.0491 1.3274 0
1448 2.0972 1.3274 0
1449 1.8676 0.6906 0
1450 1.8331 1.2933 0
1451 1.9696 1.3349 0
1452 2.0222 1.2606 0
1453 2.845 1.0754 0
1454 1.8316 1.216 0
1455 2.445 1.0596 0
1456 2.2186 1.5736 0
1457 2.1451 1.4436 0
1458 1.3666 0.8249 0
1459 1.7596 1.4991 0
1460 1.7378 1.0356 0
1461 1.7446 1.4755 0
1462 1.8046 1.0356 0
1463 2.0911 2.2018 0
1464 1.8316 0.7208 0
1465 1.8226 1.1856 0
1466 1.8121 1.1566 0
1467 1.8976 1.0416 0
1468 2.0972 0.9846 0
1469 1.9958 0.9284 0
1470 2.4336 0.8196 0
1471 2.2186 0.4603 0
1472 2.4075 0.7971 0
1473 2.1263 0.8281000000000001 0
1474 2.845 0.6698999999999999 0
1475 2.7975 0.6152000000000001 0
1476 2.7915 1.2679 0
1477 2.727 1.1856 0
1478 2.838 1.4214 0
1479 2.529 0.9786 0
1480 2.6175 1.734 0
1481 2.583 1.4061 0
1482 2.574 1.4028 0
1483 2.538 1.2679 0
1484 2.538 1.2471 0
1485 2.352 0.8759 0
1486 2.1269 0.9786 0
1487 2.3625 0.9228999999999999 0
1488 2.313 0.9551000000000001 0
1489 2.3955 1.1039 0
1490 2.1269 1.216 0
1491 2.4015 1.1566 0
1492 2.1619 0.9127000000000001 0
1493 1.9974 0.6531 0
1494 1.7371 0.6606000000000001 0
1495 1.7596 0.8466 0
1496 2.313 0.8281000000000001 0
1497 2.256 0.6383 0
1498 1.9448 0.739 0
1499 2.4857 0.6081 0
1500 2.845 1.1281 0
1501 2.478 0.5826 0
1502 2.7015 1.0698 0
1503 2.6363 1.2471 0
1504 2.5155 1.0416 0
1505 2.5155 1.1856 0
1506 2.529 0.9284 0
1507 2.2965 1.0081 0
1508 2.478 0.9625 0
1509 2.2785 1.1796 0
1510 2.2186 1.0476 0
1511 1.5878 0.8671 0
1512 1.6516 0.7971 0
1513 1.8676 0.7536 0
1514 1.6246 1.0795 0
1515 1.4971 1.1796 0
1516 1.6246 1.1444 0
1517 1.6587 1.2048 0
1518 1.4715 1.0025 0
1519 1.5809 0.7971 0
1520 1.0948 0.8991 0
1521 1.3666 0.8321000000000001 0
1522 1.4715 0.7881 0
1523 1.6246 0.4603 0
1524 1.6495 0.6247 0
1525 1.7105 0.5826 0
1526 1.7371 0.6471 0
1527 1.7746 0.5425 0
1528 2.6835 0.3444 0
1529 2.2081 0.5017 0
1530 2.7135 0.4012 0
1531 1.9824 0.6906 0
1532 2.421 0.574 0
1533 2.0296 0.6383 0
1534 2.2297 0.5826 0
1535 2.3235 0.5646 0
1536 2.8065 0.9507000000000001 0
1537 2.5178 0.8656 0
1538 2.845 0.7898999999999999 0
1539 2.5065 0.9006000000000001 0
1540 2.5868 1.1767 0
1541 2.838 1.1281 0
1542 2.529 1.0672 0
1543 2.6175 0.9379 0
1544 2.5759 0.7791 0
1545 2.628 0.6152000000000001 0
1546 2.6175 0.2484 0
1547 1.6936 0.5108 0
1548 2.628 0.2767 0
1549 2.6057 0.5466 0
1550 2.772 0.5436 0
1551 2.845 0.4944 0
1552 2.568 0.09029999999999999 0
1553 2.838 0.2572 0
1554 2.7151 0.3063 0
1555 2.845 0.3545 0
1556 2.6622 0.2274 0
1557 2.845 0.1522 0
1558 2.6057 0.1448 0
1559 1.8226 0.0953 0
1560 2.4075 0.0165 0
1561 2.3873 0.171 0
1562 1.7483 0.4145 0
1563 2.6057 0.2294 0
1564 2.3625 0.4012 0
1565 2.3873 0.4012 0
1566 2.4857 1.3067 0
1567 1.4431 0.3787 0
1568 1.8976 0.2767 0
1569 1.8511 0.1367 0
1570 1.9354 0.3712 0
1571 1.8803 0.3277 0
1572 1.5952 0.3787 0
1573 1.8626 0.3391 0
1574 2.445 0.3573 0
1575 2.4365 0.6105 0
1576 2.5155 0.417 0
1577 1.9958 0.195 0
1578 2.4638 0.1054 0
1579 2.2291 0.1286 0
1580 2.4608 0.0757 0
1581 1.5676 0.0029 0
1582 1.7294 0.3787 0
1583 2.5065 0.08699999999999999 0
1584 2.2186 0.254 0
1585 2.445 0.2392 0
1586 2.478 0.3474 0
1587 2.5065 0.2341 0
1588 2.538 0.3063 0
1589 2.3625 0.326 0
1590 2.445 0.4012 0
1591 2.1383 0.2211 0
1592 2.529 0.1502 0
1593 2.4608 0.003 0
1594 2.845 0.5186000000000001 0
1595 2.3205 0.3885 0
1596 2.2186 0.9054 0
1597 0.9736 0.4105 0
1598 1.0692 0.6531 0
1599 0.9893 0.6383 0
1600 0.9808 0.452 0
1601 1.1163 0.4829 0
1602 1.7483 0.08699999999999999 0
1603 1.7716 0.2767 0
1604 2.0237 0.2211 0
1605 0.5580000000000001 0.003 0
1606 0.5985 0.078 0
1607 0.007 0.062 0
1608 0.035 0.051 0
1609 0.382 0.0565 0
1610 0.2265 0.278 0
1611 0.2435 0.208 0
1612 0.274 0.252 0
1613 0.3985 0.0953 0
1614 0.3481 0.1655 0
1615 0.8116 0.2842 0
1616 0.8071 0.3442 0
1617 0.0025 0.4402 0
1618 0.0775 0.4101 0
1619 0.0025 0.5991000000000001 0
1620 0.0604 0.5849 0
1621 0.0648 0.5726 0
1622 0.1698 0.5586 0
1623 0.0775 0.5261 0
1624 0.1512 0.4207 0
1625 0.2395 0.5496 0
1626 0.0963 0.7206 0
1627 0.1847 0.8181 0
1628 0.6691 0.3885 0
1629 0.7002999999999999 0.5152 0
1630 0.1459 0.6606000000000001 0
1631 0.201 0.7206 0
1632 0.2473 0.8106 0
1633 0.4078 1.0236 0
1634 1.5676 0.184 0
1635 0.9826 0.6606000000000001 0
1636 0.9736 0.9786 0
1637 0.7427999999999999 0.4297 0
1638 0.7876000000000001 0.5152 0
1639 0.8116 0.5226000000000001 0
1640 0.5671 0.7791 0
1641 0.5580000000000001 0.861 0
1642 0.3481 0.6756 0
1643 0.4025 0.7416 0
1644 0.2059 0.9562 0
1645 0.2325 0.988 0
1646 0.2588 0.9819 0
1647 0.2835 1.0236 0
1648 0.7427999999999999 0.8789 0
1649 0.7752 0.9464 0
1650 0.8116 0.9396 0
1651 0.8202999999999999 0.988 0
1652 0.8971 0.8381000000000001 0
1653 0.9406 0.7416 0
1654 0.9961 1.2276 0
1655 0.8476 0.9786 0
1656 1.1465 0.6531 0
1657 1.2541 0.8281000000000001 0
1658 1.2631 0.9051 0
1659 1.7131 0.009800000000000001 0
1660 1.7202 0.054 0
1661 1.7716 0.003 0
1662 1.8046 0.0953 0
1663 1.3786 0.326 0
1664 1.4851 0.3573 0
1665 1.4523 0.3104 0
1666 0.8806 0.8706 0
1667 0.9151 0.9318 0
1668 0.08109999999999999 1.1196 0
1669 0.3125 1.0679 0
1670 0.007 1.1121 0
1671 0.1572 1.0679 0
1672 0.1173 0.9562 0
1673 0.2775 0.9171 0
1674 0.091 0.9051 0
1675 0.2619 0.8671 0
1676 0.2435 1.0428 0
1677 0.363 1.0086 0
1678 0.2588 1.1046 0
1679 0.2925 1.1601 0
1680 0.141 1.1504 0
1681 0.228 1.2591 0
1682 0.1698 1.2771 0
1683 0.3546 1.2276 0
1684 0.007 1.2771 0
1685 0.0482 1.1121 0
1686 0.099 1.1867 0
1687 0.0648 1.1046 0
1688 0.099 1.1587 0
1689 0.2059 1.0536 0
1690 0.1847 1.0709 0
1691 0.201 1.0881 0
1692 0.2325 1.1867 0
1693 0.4472 1.2411 0
1694 0.498 1.3173 0
1695 0.4472 1.0937 0
1696 0.462 1.1196 0
1697 0.5335 1.1067 0
1698 0.5488 1.1317 0
1699 0.5885 1.2359 0
1700 0.6847000000000001 1.2792 0
1701 0.6847000000000001 1.0462 0
1702 0.7066 1.0881 0
1703 0.7652 1.0536 0
1704 0.7876000000000001 1.3993 0
1705 0.8879 1.1699 0
1706 0.9046000000000001 1.1627 0
1707 1.0876 1.1067 0
1708 1.0216 1.1317 0
1709 0.9677 1.1401 0
1710 1.0109 1.2048 0
1711 0.9677 1.0236 0
1712 1.7446 0.8281000000000001 0
1713 1.405 1.1067 0
1714 1.3028 1.1796 0
1715 0.4568 1.4061 0
1716 0.5133 1.4271 0
1717 0.3903 1.3656 0
1718 0.1968 1.4184 0
1719 0.198 1.509 0
1720 0.7824 1.4061 0
1721 0.8289 1.4511 0
1722 0.0736 1.7856 0
1723 0.1674 1.6706 0
1724 0.193 1.7136 0
1725 0.1674 1.5523 0
1726 0.1968 1.6026 0
1727 0.2067 1.5426 0
1728 0.2395 1.5921 0
1729 0.3275 1.6921 0
1730 0.5065 1.6581 0
1731 0.5791000000000001 1.6266 0
1732 0.7966 1.5774 0
1733 1.4996 1.3739 0
1734 1.5256 1.4318 0
1735 1.5331 1.4511 0
1736 1.6426 1.6266 0
1737 1.5256 1.4436 0
1738 1.4913 1.5186 0
1739 1.5586 1.5029 0
1740 1.5436 1.5321 0
1741 1.6936 1.4991 0
1742 1.5961 1.5853 0
1743 1.7836 1.5426 0
1744 1.2279 1.6921 0
1745 1.3497 1.6506 0
1746 1.3741 1.6266 0
1747 1.5331 1.5921 0
1748 0.8416 1.3416 0
1749 0.8806 1.392 0
1750 0.8539 1.4271 0
1751 0.9151 1.4991 0
1752 0.8806 1.6791 0
1753 0.9622000000000001 1.8291 0
1754 0.8116 1.6401 0
1755 0.8539 1.7365 0
1756 0.6847000000000001 1.7698 0
1757 0.6847000000000001 1.8756 0
1758 0.7516 1.7421 0
1759 0.7516 1.8972 0
1760 0.6847000000000001 1.9476 0
1761 0.7002999999999999 2.0361 0
1762 0.7427999999999999 1.9476 0
1763 0.7427999999999999 2.1066 0
1764 0.4261 1.7856 0
1765 0.5335 2.0196 0
1766 0.2192 1.8816 0
1767 0.3275 1.8756 0
1768 0.9707 1.9836 0
1769 1.2125 1.8468 0
1770 1.2766 1.9918 0
1771 1.1664 2.0361 0
1772 1.1487 2.0526 0
1773 1.1881 2.1351 0
1774 1.1163 2.0938 0
1775 1.1664 2.2026 0
1776 0.8734 1.7698 0
1777 1.0216 1.7541 0
1778 1.0899 1.7421 0
1779 1.0627 1.8468 0
1780 0.4895 1.4991 0
1781 0.7002999999999999 1.4511 0
1782 0.8131 1.4252 0
1783 1.6853 1.6401 0
1784 1.7311 1.7944 0
1785 1.4913 1.7481 0
1786 1.5676 1.9026 0
1787 1.5878 1.9193 0
1788 1.6711 2.0271 0
1789 1.3426 1.9086 0
1790 1.5809 1.8621 0
1791 1.2451 1.8621 0
1792 1.4086 1.8196 0
1793 0.417 1.9281 0
1794 0.5941000000000001 1.8972 0
1795 0.4726 2.0016 0
1796 0.5412 2.0016 0
1797 0.6691 1.7905 0
1798 0.5335 2.2611 0
1799 0.5488 2.3331 0
1800 0.401 2.3331 0
1801 0.3725 2.2408 0
1802 0.7002999999999999 2.1816 0
1803 0.8071 2.3496 0
1804 1.4536 2.0451 0
1805 1.5586 2.1966 0
1806 1.6126 2.2611 0
1807 1.6853 2.3721 0
1808 1.2279 2.6555 0
1809 1.2651 2.789 0
1810 1.7596 2.1966 0
1811 1.8166 2.2869 0
1812 1.649 2.1066 0
1813 1.6936 2.1711 0
1814 1.64 2.1816 0
1815 1.6853 2.2851 0
1816 1.6853 1.7762 0
1817 1.7161 1.9026 0
1818 1.5376 1.7136 0
1819 1.5961 1.8021 0
1820 1.3426 1.9476 0
1821 1.5586 1.9086 0
1822 1.3497 1.9656 0
1823 1.3921 2.0271 0
1824 0.8071 1.9086 0
1825 1.0216 1.8621 0
1826 0.5851000000000001 2.5505 0
1827 0.7231000000000001 2.5341 0
1828 0.7002999999999999 2.4696 0
1829 0.7231000000000001 2.5236 0
1830 0.0347 1.8853 0
1831 0.0752 2.1351 0
1832 0.1052 2.0196 0
1833 0.1442 2.2026 0
1834 0.1622 2.2236 0
1835 0.8761 3.0575 0
1836 0.8536 3.269 0
1837 0.9031 3.468 0
1838 0.8536 3.2795 0
1839 0.5626 3.3275 0
1840 0.5551 3.1895 0
1841 0.5589 3.0575 0
1842 0.5551 2.8925 0
1843 0.5335 2.93 0
1844 0.5335 2.8115 0
1845 0.1352 2.4054 0
1846 0.1622 2.6 0
1847 0.1515 2.5236 0
1848 0.0197 2.5925 0
1849 0.09659999999999999 2.5865 0
1850 0.2177 3.4265 0
1851 0.2042 3.041 0
1852 0.2109 2.954 0
1853 0.2239 2.777 0
1854 0.0053 2.9855 0
1855 0.2042 2.975 0
1856 0.08120000000000001 3.0965 0
1857 0.1952 3.0875 0
1858 0.1172 3.179 0
1859 0.2042 3.1715 0
1860 0.112 3.2338 0
1861 0.2042 3.221 0
1862 0.1382 3.2795 0
1863 0.1952 3.2795 0
1864 0.1952 2.936 0
1865 0.3556 2.93 0
1866 0.8071 2.9945 0
1867 0.9214 2.9855 0
1868 0.8146 2.93 0
1869 0.9556 2.9075 0
1870 0.7537 2.765 0
1871 0.8926000000000001 2.744 0
1872 1.2166 2.789 0
1873 1.2586 2.9075 0
1874 1.2586 2.936 0
1875 1.3186 3.077 0
1876 1.1881 2.8925 0
1877 1.2166 3.0588 0
1878 1.3096 2.9615 0
1879 1.3574 3.0343 0
1880 0.9421 3.1505 0
1881 0.9691000000000001 3.2585 0
1882 1.0351 3.2585 0
1883 1.0156 3.386 0
1884 1.0351 3.077 0
1885 1.0951 3.2435 0
1886 1.0741 2.9188 0
1887 1.0021 2.8888 0
1888 1.0531 3.017 0
1889 1.8166 3.269 0
1890 1.9186 3.468 0
1891 1.6126 3.1603 0
1892 1.7101 3.468 0
1893 1.6936 3.3223 0
1894 1.7311 3.401 0
1895 1.4161 2.9075 0
1896 1.4821 3.0965 0
1897 1.4491 2.93 0
1898 1.5946 2.9075 0
1899 1.4225 2.7591 0
1900 1.4611 2.8655 0
1901 1.4821 2.5341 0
1902 1.5331 2.69 0
1903 0.8926000000000001 2.4857 0
1904 0.9421 2.6555 0
1905 1.9561 3.2435 0
1906 2.0296 3.401 0
1907 1.9381 2.7591 0
1908 2.1046 3.0588 0
1909 2.1631 3.1503 0
1910 2.268 3.287 0
1911 1.9561 3.407 0
1912 1.9831 3.468 0
1913 1.2091 2.2971 0
1914 1.3186 2.2746 0
1915 1.9111 2.1816 0
1916 1.8421 2.6375 0
1917 1.9831 2.618 0
1918 1.5695 2.5116 0
1919 1.6936 2.4999 0
1920 2.1886 2.8325 0
1921 2.1886 2.4156 0
1922 2.3835 3.269 0
1923 2.4105 3.407 0
1924 2.397 3.4205 0
1925 2.4105 3.468 0
1926 2.4945 3.468 0
1927 2.475 3.401 0
1928 2.628 3.468 0
1929 2.5935 3.1505 0
1930 2.4255 2.8492 0
1931 2.34 2.7703 0
1932 2.1046 2.6495 0
1933 2.268 2.624 0
1934 2.0179 2.5281 0
1935 2.1766 2.4999 0
1936 2.1863 2.4336 0
1937 1.9381 2.2971 0
1938 2.0536 2.2851 0
1939 1.8481 2.1966 0
1940 2.0461 2.1482 0
1941 1.6936 2.7125 0
1942 1.6936 2.8385 0
1943 1.6066 3.0065 0
1944 1.6853 2.9979 0
1945 1.5946 2.9757 0
1946 1.7806 2.9529 0
1947 1.9561 3.233 0
1948 2.0821 3.212 0
1949 1.9561 3.1385 0
1950 1.9928 3.2225 0
1951 2.1166 2.0136 0
1952 1.9958 1.8621 0
1953 2.235 1.8021 0
1954 2.4548 1.8726 0
1955 2.616 1.8409 0
1956 2.529 2.0016 0
1957 2.691 1.9656 0
1958 2.58 1.9566 0
1959 2.529 1.8621 0
1960 2.511 1.6626 0
1961 2.565 1.734 0
1962 2.3115 2.0938 0
1963 2.3505 2.1724 0
1964 2.5545 2.3796 0
1965 2.565 2.4261 0
1966 2.5455 2.4999 0
1967 2.5455 2.4336 0
1968 2.277 1.8853 0
1969 2.301 1.9371 0
1970 1.7806 2.1066 0
1971 1.8241 2.1066 0
1972 1.8023 2.1208 0
1973 1.8616 2.1156 0
1974 1.64 2.4576 0
1975 1.7082 2.4336 0
1976 1.9696 1.2679 0
1977 2.1091 1.5306 0
1978 2.1693 1.5156 0
1979 2.1091 1.5853 0
1980 2.1383 1.4125 0
1981 2.1263 1.4799 0
1982 2.3955 1.4249 0
1983 2.268 1.6908 0
1984 2.0761 1.3506 0
1985 2.2021 1.3274 0
1986 1.8803 1.3964 0
1987 2.0401 1.3583 0
1988 2.1154 1.1151 0
1989 2.0761 1.0576 0
1990 1.9771 0.8466 0
1991 2.0821 1.0184 0
1992 2.511 1.4607 0
1993 2.655 1.734 0
1994 2.3798 0.9846 0
1995 2.1091 1.0795 0
1996 2.1693 0.4518 0
1997 2.0491 0.6383 0
1998 2.1154 0.7791 0
1999 2.1269 0.7791 0
2000 2.1729 0.8706 0
2001 1.9471 0.4297 0
2002 2.0491 0.5991000000000001 0
2003 2.3235 1.0476 0
2004 2.2642 0.9703999999999999 0
2005 2.3415 1.1281 0
2006 2.2447 1.0576 0
2007 2.2147 1.0034 0
2008 1.9981 0.9532 0
2009 2.0911 0.9325 0
2010 1.9013 0.9959 0
2011 1.9696 0.9786 0
2012 1.9306 1.0131 0
2013 1.9174 0.9919 0
2014 1.8803 0.9551000000000001 0
2015 1.7105 0.7203999999999999 0
2016 1.7483 0.7596000000000001 0
2017 1.6096 1.2556 0
2018 1.6771 1.2359 0
2019 1.6246 1.2471 0
2020 1.5809 0.8196 0
2021 1.2631 0.6974 0
2022 1.3291 0.8091 0
2023 1.637 0.4207 0
2024 1.6853 0.5451 0
2025 1.6771 0.5546 0
2026 1.7483 0.5425 0
2027 2.556 0.5332 0
2028 2.6175 0.6149 0
2029 2.845 0.7087 0
2030 2.7435 0.5496 0
2031 2.7135 0.5646 0
2032 2.8065 0.9429 0
2033 2.8223 0.9341 0
2034 2.772 0.8671 0
2035 2.5335 0.8553999999999999 0
2036 2.5065 0.7898999999999999 0
2037 2.568 0.3063 0
2038 2.628 0.3885 0
2039 2.845 0.4603 0
2040 2.7855 0.3885 0
2041 2.6175 0.0757 0
2042 2.7015 0.2077 0
2043 2.7536 0.0953 0
2044 2.76 0.003 0
2045 2.76 0.067 0
2046 2.845 0.0319 0
2047 1.7986 0.0284 0
2048 1.8676 0.1286 0
2049 2.421 0.003 0
2050 2.5065 0.1522 0
2051 2.3325 0.2217 0
2052 2.2147 0.3885 0
2053 2.2485 0.4244 0
2054 2.2021 0.3205 0
2055 2.2186 0.3391 0
2056 2.1154 0.3391 0
2057 2.1619 0.3938 0
2058 2.3085 0.3339 0
2059 2.4284 0.5017 0
2060 1.9013 0.0029 0
2061 1.9306 0.0559 0
2062 1.7911 0.3787 0
2063 1.6703 0.1898 0
2064 2.1782 0.2274 0
2065 2.2017 0.2572 0
2066 1.9564 0.2572 0
2067 2.0911 0.2211 0
2068 1.4146 0.4514 0
2069 1.4146 0.5646 0
2070 1.4687 0.5496 0
2071 1.4715 0.6531 0
2072 1.2541 0.4402 0
2073 1.2766 0.2867 0
2074 1.2307 0.2217 0
2075 1.1251 0.0491 0
2076 1.1251 0.0029 0
2077 1.1056 0.1655 0
2078 0.609 0.18175 0
2079 0.63825 0.26375 0
2080 0.05200000000000009 0.373 0
2081 0.76885 0.09325000000000007 0
2082 0.5488 0.2485 0
2083 0.5437 0.3467500000000001 0
2084 0.5333 0.4631 0
2085 0.3733 0.389 0
2086 0.44825 0.48215 0
2087 0.7841 0.5812999999999999 0
2088 0.8847499999999999 0.5601 0
2089 1.10785 0.51125 0
2090 1.19635 0.48295 0
2091 1.28185 0.46025 0
2092 0.5883 0.9418500000000001 0
2093 0.8868 0.7238 0
2094 1.21025 0.31935 0
2095 1.4641 0.25925 0
2096 1.36155 0.06925000000000001 0
2097 1.5323 0.6034999999999999 0
2098 1.2901 0.8265 0
2099 1.9216 0.6681 0
2100 0.6632 0.3815 0
2101 0.87065 0.8626 0
2102 0.84305 0.8293499999999999 0
2103 0.41155 1.2269 0
2104 0.60625 1.18225 0
2105 0.08960000000000004 1.3956 0
2106 0.3034 1.32885 0
2107 0.39245 1.31 0
2108 0.5912000000000001 1.27335 0
2109 1.13325 1.165 0
2110 1.33285 1.1219 0
2111 1.42205 1.10105 0
2112 1.75135 0.6494500000000001 0
2113 1.8496 0.62675 0
2114 1.6613 1.11975 0
2115 1.52815 0.5571 0
2116 1.3156 0.6200999999999999 0
2117 1.28485 0.65535 0
2118 1.205 1.189 0
2119 0.3067000000000001 1.4271 0
2120 0.5602333333333334 1.368633333333333 0
2121 0.6224666666666667 1.351366666666667 0
2122 1.094 1.25385 0
2123 1.3408 1.2006 0
2124 1.62305 1.09375 0
2125 1.7161 0.95955 0
2126 1.8736 0.91205 0
2127 1.75285 0.8953500000000001 0
2128 0.08214999999999988 1.5441 0
2129 0.2136000000000002 1.5046 0
2130 0.2841000000000002 1.4846 0
2131 0.1096500000000001 1.5756 0
2132 0.2427666666666667 1.5354 0
2133 0.3090333333333334 1.5222 0
2134 0.1427 1.6326 0
2135 0.31285 1.60635 0
2136 0.1489333333333334 1.6746 0
2137 0.2038666666666667 1.6626 0
2138 0.5768 1.59995 0
2139 0.7441 1.55685 0
2140 0.97885 1.5066 0
2141 0.6226500000000001 1.5138 0
2142 0.7321 1.5066 0
2143 1.08685 1.396 0
2144 1.23755 1.3731 0
2145 1.2061 1.2965 0
2146 1.4551 1.24275 0
2147 1.3921 1.31 0
2148 1.4941 1.295 0
2149 1.41835 1.3772 0
2150 1.56705 1.3362 0
2151 0.22225 1.7166 0
2152 0.1843333333333333 1.9151 0
2153 0.1839666666666666 1.9756 0
2154 0.1963 1.8972 0
2155 0.231 2.01585 0
2156 0.2586 2.1276 0
2157 0.2931999999999999 1.56395 0
2158 0.4237 1.7451 0
2159 0.5331500000000001 1.73345 0
2160 0.55165 1.7777 0
2161 0.7062499999999999 1.6386 0
2162 1.2031 1.534566666666667 0
2163 1.2691 1.516833333333333 0
2164 0.7335499999999999 1.6896 0
2165 1.22435 1.57445 0
2166 1.3396 1.54785 0
2167 1.4511 1.52055 0
2168 1.502733333333333 1.6746 0
2169 1.571366666666666 1.6626 0
2170 0.8909 1.84925 0
2171 0.3776666666666667 1.835866666666667 0
2172 0.4072333333333334 1.909733333333334 0
2173 0.45 2.02785 0
2174 0.4882499999999999 2.1276 0
2175 0.5234 2.2341 0
2176 0.1205 1.74105 0
2177 0.3367 1.9472 0
2178 0.3367 2.0492 0
2179 0.32 2.23635 0
2180 0.452 2.0961 0
2181 0.452 2.2086 0
2182 0.4097 2.38935 0
2183 0.7961 1.9361 0
2184 0.8046000000000001 1.9906 0
2185 0.8167666666666668 2.1211 0
2186 0.8204333333333333 2.197099999999999 0
2187 0.8299333333333334 2.3486 0
2188 0.8357666666666667 2.4241 0
2189 0.8974 2.2176 0
2190 1.3921 2.1377 0
2191 1.4225 2.3151 0
2192 1.4053 2.5588 0
2193 1.172866666666667 2.2221 0
2194 1.169633333333333 2.2821 0
2195 1.1534 2.61355 0
2196 1.15555 2.732 0
2197 1.6261 2.04435 0
2198 1.7371 2.176166666666667 0
2199 1.7341 2.231533333333334 0
2200 1.7281 2.3478 0
2201 1.7251 2.4087 0
2202 1.7201 2.529566666666667 0
2203 1.7181 2.589533333333334 0
2204 1.0246 1.8396 0
2205 1.0276 1.8936 0
2206 1.03545 2.0421 0
2207 1.0171 2.505566666666666 0
2208 1.0126 2.565533333333333 0
2209 0.97045 3.065 0
2210 0.5576 2.6885 0
2211 0.5601 2.633 0
2212 0.57085 2.5153 0
2213 0.5866000000000001 2.38035 0
2214 0.5941000000000001 2.227333333333334 0
2215 0.5941000000000001 2.147066666666667 0
2216 0.6886000000000001 2.4501 0
2217 0.6925 2.30695 0
2218 0.02506666666666669 1.782166666666667 0
2219 0.05013333333333345 1.850733333333334 0
2220 0.1059500000000001 1.98595 0
2221 0.21875 2.2701 0
2222 0.2326666666666667 2.2191 0
2223 0.2611333333333334 2.2761 0
2224 0.3220999999999999 2.38935 0
2225 0.3865000000000001 2.5108 0
2226 0.4513 2.636 0
2227 0.5098333333333334 2.749 0
2228 0.5354666666666668 2.802 0
2229 0.5818 2.8955 0
2230 0.2643 2.23745 0
2231 0.33425 2.33925 0
2232 0.4006 2.453766666666667 0
2233 0.4287 2.502133333333334 0
2234 0.4849333333333333 2.615 0
2235 0.5130666666666667 2.6795 0
2236 0.5849 2.7815 0
2237 0.6601 2.879 0
2238 0.6916 2.939 0
2239 0.7511000000000001 3.0455 0
2240 0.7791 3.092 0
2241 0.38004 3.4003 0
2242 0.3852800000000001 3.3326 0
2243 0.39052 3.2649 0
2244 0.39576 3.1972 0
2245 0.40658 3.0635 0
2246 0.41216 2.9975 0
2247 0.41774 2.9315 0
2248 0.42332 2.8655 0
2249 0.6004750000000001 3.281375 0
2250 0.6068500000000001 3.21125 0
2251 0.613225 3.141125 0
2252 0.62635 3.02 0
2253 0.09620000000000001 3.305 0
2254 0.1622 2.43285 0
2255 0.1043 2.6647 0
2256 0.09659999999999998 2.7294 0
2257 0.08889999999999998 2.7941 0
2258 0.005349999999999988 2.38935 0
2259 0.276575 2.5112 0
2260 0.28305 2.5738 0
2261 0.289525 2.6364 0
2262 0.29965 2.75525 0
2263 0.29965 2.86625 0
2264 0.2710000000000001 3.07475 0
2265 0.8058500000000001 2.897 0
2266 0.8291000000000001 2.79725 0
2267 1.0945 2.38935 0
2268 1.31785 2.5041 0
2269 1.24885 2.41575 0
2270 1.3501 2.39925 0
2271 1.38385 3.398375 0
2272 1.3861 3.328749999999999 0
2273 1.38835 3.259125 0
2274 1.3906 3.113375 0
2275 1.3906 3.037249999999999 0
2276 1.3906 2.961125 0
2277 1.33395 2.80065 0
2278 0.6592000000000001 2.72 0
2279 0.7159000000000001 2.7095 0
2280 0.8470000000000001 2.68475 0
2281 1.51885 2.74925 0
2282 1.932475 3.402125 0
2283 1.93435 3.33625 0
2284 1.936225 3.270375 0
2285 1.936833333333333 3.126 0
2286 1.935566666666667 3.0475 0
2287 1.7941 2.61336 0
2288 1.7941 2.67772 0
2289 1.7941 2.74208 0
2290 1.7941 2.80644 0
2291 1.7926 2.937725 0
2292 1.7911 3.00465 0
2293 1.7896 3.071575 0
2294 1.7881 3.18295 0
2295 0.74515 3.17 0
2296 0.7184499999999999 3.05675 0
2297 0.6514 2.9765 0
2298 0.7763500000000001 3.2199 0
2299 0.7594000000000001 3.33725 0
2300 1.1624 2.90075 0
2301 1.1624 3.036 0
2302 1.1624 3.103 0
2303 1.15875 3.24205 0
2304 1.15375 3.4209 0
2305 2.01985 2.5738 0
2306 1.5566 3.401666666666667 0
2307 1.5606 3.335333333333334 0
2308 1.5691 3.209266666666667 0
2309 1.5736 3.149533333333334 0
2310 1.70485 2.834 0
2311 2.268 3.19325 0
2312 2.26125 3.0577 0
2313 2.2515 2.9534 0
2314 2.23505 2.84895 0
2315 2.4754 3.311 0
2316 2.463 3.165466666666667 0
2317 2.46 3.094933333333334 0
2318 2.457 2.9772 0
2319 2.46075 2.86535 0
2320 2.463 2.73485 0
2321 2.7925 3.411166666666667 0
2322 2.756 3.354333333333333 0
2323 2.8235 3.3275 0
2324 2.7625 3.2165 0
2325 2.723 3.164 0
2326 2.64715 3.05525 0
2327 2.796 3.23075 0
2328 2.74275 3.1505 0
2329 2.68275 3.06275 0
2330 2.5965 2.5918 0
2331 2.609 2.7105 0
2332 2.6185 2.7715 0
2333 2.63325 2.88725 0
2334 2.60025 2.49585 0
2335 2.6475 2.57305 0
2336 2.60025 3.161 0
2337 2.487 2.98215 0
2338 2.3567 2.897 0
2339 2.3567 2.7815 0
2340 2.2995 2.41275 0
2341 2.36485 2.569 0
2342 2.373 2.68625 0
2343 2.7035 2.563 0
2344 2.668875 2.462025 0
2345 2.63425 2.41005 0
2346 2.599625 2.358074999999999 0
2347 2.56875 2.24665 0
2348 2.448675 2.0631 0
2349 2.45385 2.1246 0
2350 2.459025 2.1861 0
2351 2.4642 2.3116 0
2352 2.4642 2.375599999999999 0
2353 2.4668 2.501066666666667 0
2354 2.4694 2.562533333333334 0
2355 2.1451 1.9521 0
2356 2.0678 1.9225 0
2357 2.0678 1.9793 0
2358 2.07495 2.08745 0
2359 2.252033333333333 2.505866666666667 0
2360 2.227066666666667 2.448433333333333 0
2361 2.1736 2.338433333333334 0
2362 2.1451 2.285866666666667 0
2363 2.068666666666667 2.1241 0
2364 2.040133333333333 2.0666 0
2365 1.9711 1.889 0
2366 1.9531 1.79675 0
2367 1.7961 1.568566666666667 0
2368 1.8191 1.628133333333333 0
2369 1.85485 1.72875 0
2370 1.87885 1.8212 0
2371 1.8926 1.848066666666667 0
2372 1.8951 1.919933333333333 0
2373 1.8976 2.0537 0
2374 2.19455 2.1036 0
2375 2.200566666666667 2.2191 0
2376 2.204333333333333 2.2761 0
2377 2.376 1.8471 0
2378 2.46415 1.9002 0
2379 2.50615 2.0252 0
2380 2.5635 2.1196 0
2381 2.766 1.914466666666667 0
2382 2.766 1.845333333333334 0
2383 2.2296 2.0809 0
2384 2.256 2.19075 0
2385 2.265 2.27495 0
2386 1.94295 1.66335 0
2387 2.1776 1.62165 0
2388 2.394 1.5705 0
2389 2.14235 1.67675 0
2390 2.277 1.73685 0
2391 2.80875 1.84635 0
2392 2.76 1.76805 0
2393 2.727 1.51815 0
2394 2.73075 1.62345 0
2395 2.32025 2.40975 0
2396 1.86945 1.4173 0
2397 1.96095 1.5846 0
2398 2.28115 1.3463 0
2399 1.8856 1.363 0
2400 1.8916 1.2806 0
2401 2.4094 1.1771 0
2402 1.882 1.1978 0
2403 2.1496 1.12295 0
2404 1.60875 1.26415 0
2405 1.7339 1.46545 0
2406 1.71235 1.3081 0
2407 1.73785 1.4279 0
2408 1.8071 1.094633333333333 0
2409 1.8096 1.153666666666667 0
2410 1.8191 1.2793 0
2411 1.8261 1.3459 0
2412 1.8406 1.49105 0
2413 1.8601 1.6281 0
2414 1.88485 1.74435 0
2415 1.92985 1.87485 0
2416 1.9856 1.996333333333334 0
2417 2.0091 2.045066666666667 0
2418 2.06185 2.1478 0
2419 2.3778 0.8331000000000001 0
2420 2.72025 0.69585 0
2421 2.806266666666667 1.3763 0
2422 2.774533333333334 1.3312 0
2423 2.607 1.55875 0
2424 2.58975 1.4545 0
2425 2.35125 1.1681 0
2426 2.1858 0.68365 0
2427 2.5305 1.07985 0
2428 2.511 1.0411 0
2429 1.5173 0.9128999999999999 0
2430 1.6246 0.50195 0
2431 1.63705 0.5841500000000001 0
2432 2.62875 0.6409 0
2433 2.38125 0.5828 0
2434 2.08435 0.6232 0
2435 2.70375 0.7588499999999999 0
2436 1.9855 0.42115 0
2437 2.809125 0.442475 0
2438 2.77325 0.39055 0
2439 2.737375 0.338625 0
2440 2.657 0.2212333333333334 0
2441 2.6125 0.1557666666666669 0
2442 2.81375 0.31465 0
2443 2.70025 0.2112 0
2444 2.007 0.07275 0
2445 1.89795 0.38125 0
2446 1.9902 0.363 0
2447 1.8762 0.1789 0
2448 2.27105 0.1196 0
2449 2.420300000000001 0.08134999999999999 0
2450 2.52825 0.1383999999999999 0
2451 2.4875 0.2004333333333334 0
2452 2.425 0.2110666666666667 0
2453 2.39055 0.17475 0
2454 2.4888 0.15785 0
2455 2.493533333333334 0.05273333333333336 0
2456 2.526266666666667 0.1024666666666667 0
2457 2.601 0.2069500000000001 0
2458 2.643 0.2617000000000002 0
2459 2.685 0.31645 0
2460 2.766333333333333 0.4203333333333334 0
2461 2.805666666666667 0.4694666666666668 0
2462 1.0454 0.61355 0
2463 0.9926999999999999 0.5904 0
2464 1.025466666666667 0.06923333333333329 0
2465 1.040033333333333 0.1384666666666663 0
2466 1.10555 0.4308 0
2467 0.57825 0.04049999999999997 0
2468 0.04000000000000006 0.42515 0
2469 0.1173000000000001 0.5656 0
2470 0.1405 0.7693500000000001 0
2471 0.6847 0.4518499999999999 0
2472 0.17345 0.6906 0
2473 0.287425 0.86385 0
2474 0.3275500000000001 0.9171000000000001 0
2475 0.3676750000000001 0.9703500000000002 0
2476 0.7652 0.4724500000000001 0
2477 0.5625500000000001 0.8200499999999999 0
2478 0.3753 0.7085999999999999 0
2479 0.9188500000000001 0.7898499999999999 0
2480 0.08210000000000003 1.09 0
2481 0.1707 0.9431666666666667 0
2482 0.2241 0.9301333333333334 0
2483 0.1479666666666667 0.8924333333333333 0
2484 0.2049333333333334 0.8797666666666666 0
2485 0.3032499999999999 1.0257 0
2486 0.07360000000000003 1.1494 0
2487 0.3258000000000001 1.3832 0
2488 0.2613000000000002 1.4008 0
2489 0.7294999999999999 1.41565 0
2490 0.3871666666666667 1.680766666666667 0
2491 0.4468333333333334 1.669433333333333 0
2492 1.2888 1.67135 0
2493 1.4271 1.6151 0
2494 1.4801 1.6036 0
2495 0.6925 1.99185 0
2496 0.7427999999999999 2.0271 0
2497 0.2733499999999999 1.8786 0
2498 1.24455 1.9193 0
2499 1.1684 2.09385 0
2500 1.14135 2.1482 0
2501 1.0763 1.79445 0
2502 0.5518666666666665 1.4891 0
2503 0.6142333333333333 1.4791 0
2504 0.7567000000000002 1.43815 0
2505 1.700566666666667 1.691533333333333 0
2506 1.715833333333333 1.742966666666667 0
2507 1.62945 1.9732 0
2508 0.38675 2.28695 0
2509 0.7359 2.2376 0
2510 0.7715 2.2936 0
2511 1.64895 2.3166 0
2512 1.2465 2.72225 0
2513 1.7881 2.24175 0
2514 1.66265 2.23335 0
2515 1.7007 1.8394 0
2516 1.56685 1.75785 0
2517 1.4146 1.9346 0
2518 1.4866 1.9216 0
2519 0.8786 1.8931 0
2520 0.9501000000000001 1.8776 0
2521 0.04482500000000001 1.94775 0
2522 0.05494999999999999 2.0102 0
2523 0.06507499999999998 2.07265 0
2524 0.1182 2.0806 0
2525 0.1312 2.1416 0
2526 0.8866000000000001 3.405166666666667 0
2527 0.8701 3.342333333333333 0
2528 0.55885 3.2585 0
2529 0.5576333333333333 3.0025 0
2530 0.5563666666666667 2.9475 0
2531 0.5335 2.87075 0
2532 0.215 3.3494 0
2533 0.2123 3.2723 0
2534 0.2096 3.1952 0
2535 0.2069 3.1181 0
2536 0.1607 3.17525 0
2537 0.1580999999999999 3.2274 0
2538 0.86425 2.99 0
2539 0.8850999999999998 2.91875 0
2540 0.82315 2.7545 0
2541 1.2376 2.84825 0
2542 1.2886 3.0065 0
2543 1.1976 2.947933333333334 0
2544 1.2071 3.003366666666667 0
2545 1.3335 2.9979 0
2546 0.9556 3.2045 0
2547 1.02535 3.32225 0
2548 1.0551 3.1325 0
2549 1.0751 3.188 0
2550 1.02745 2.8888 0
2551 1.0276 2.9529 0
2552 1.8506 3.335333333333333 0
2553 1.8846 3.401666666666667 0
2554 1.6321 3.22184 0
2555 1.6516 3.28338 0
2556 1.6711 3.34492 0
2557 1.6906 3.40646 0
2558 1.71235 3.36165 0
2559 1.4381 2.9705 0
2560 1.4601 3.0335 0
2561 1.4418 2.8123 0
2562 1.4991 2.586066666666667 0
2563 1.5161 2.638033333333333 0
2564 0.9091 2.5423 0
2565 0.9256000000000001 2.5989 0
2566 2.198066666666667 3.195866666666666 0
2567 2.233033333333333 3.241433333333333 0
2568 1.26385 2.28585 0
2569 1.9126 2.62775 0
2570 1.63155 2.50575 0
2571 2.397 3.338 0
2572 2.619375 3.388625 0
2573 2.61075 3.30925 0
2574 2.602125 3.229875 0
2575 2.4045 2.8131 0
2576 2.1312 2.4396 0
2577 1.99585 2.2911 0
2578 1.9141 2.180466666666667 0
2579 1.9801 2.164333333333333 0
2580 1.6566 2.9681 0
2581 1.7186 2.9605 0
2582 2.0191 3.2225 0
2583 1.97445 3.1805 0
2584 2.508533333333334 1.862033333333333 0
2585 2.562266666666667 1.851466666666667 0
2586 2.583 1.9896 0
2587 2.637 1.9776 0
2588 2.5545 1.90935 0
2589 2.538 1.6983 0
2590 2.331 2.1331 0
2591 2.29385 1.009 0
2592 1.66115 0.4829000000000001 0
2593 2.58675 0.5740500000000001 0
2594 2.81525 0.4244 0
2595 2.4495 0.05273333333333335 0
2596 2.478 0.1024666666666667 0
2597 1.4146 0.508 0
2598 1.1955 0.1641666666666666 0
2599 1.1603 0.1066333333333331 0
2600 1.1186 0.05709999999999997 0
2601 1.1121 0.1112999999999999 0
2602 0.7046857049536094 0.3360341659334136 0
2603 0.7699357049536095 0.4081341659334137 0
2604 1.203044884215501 0.9860939744801511 0
2605 0.734827246516098 0.7580821720326766 0
2606 1.126998681688216 0.3370309594200253 0
2607 1.315458061375965 0.2972715599293769 0
2608 1.626786186024447 0.2186681404015219 0
2609 1.435482983764597 0.1185850630672506 0
2610 1.724390966498983 0.0531941275107924 0
2611 1.503600654354667 0.03235391787686816 0
2612 1.538575304218859 0.1674748748097433 0
2613 1.615870088600779 0.2758652300320168 0
2614 1.730410344655195 0.4449248437703099 0
2615 1.900104137994282 0.04358092379892223 0
2616 1.966403003532542 0.1563075025854956 0
2617 1.472385262476306 0.663579337600627 0
2618 1.172523932786253 0.8371843007689536 0
2619 1.389609366940511 0.8048770243727477 0
2620 1.787587966015724 0.6943748668526503 0
2621 0.8310361896372227 0.4108968126851926 0
2622 0.1372585415202234 1.227120901876417 0
2623 0.4567904778930205 1.175766715061884 0
2624 1.166454040292503 1.064704949051304 0
2625 1.273544884215501 1.042343974480151 0
2626 1.384085118237281 1.01548732919881 0
2627 1.231811647781466 1.142025154833213 0
2628 1.63458181875933 0.7933886584269344 0
2629 1.42694387201825 0.5852127692460285 0
2630 1.149204040292503 1.110104949051304 0
2631 0.4175521456623865 1.402281292515051 0
2632 0.733449845989198 1.32502842671722 0
2633 0.8261498459891979 1.30777842671722 0
2634 0.9145229982280593 1.289923703356264 0
2635 1.485524902755611 1.155066017561639 0
2636 1.479345089608293 1.137936453045968 0
2637 1.699282137491882 0.988285582379186 0
2638 1.788319974101651 0.9675341534477178 0
2639 2.050819850960063 0.8549811466184647 0
2640 0.4210090156906456 1.449831501328989 0
2641 0.0933514647799337 1.425420750843564 0
2642 0.4687039533903584 1.481365411848228 0
2643 0.6237999999999999 1.443437730870712 0
2644 0.4528768651720924 1.620735991137686 0
2645 0.866165422077922 1.531216497564935 0
2646 0.8172024624373957 1.447134249791319 0
2647 0.8071 1.81205 0
2648 0.8071 1.718231324110672 0
2649 1.3621 1.351708695652174 0
2650 0.9343899158765729 1.360708893892157 0
2651 1.332408007857638 1.271839773515137 0
2652 1.237213001707942 1.323249348847139 0
2653 0.8621908424012715 1.605260533072502 0
2654 1.087664226590495 1.56116280982747 0
2655 1.403251534872434 1.486548350411983 0
2656 1.471403069744868 1.473996700823967 0
2657 0.8796940352558579 1.660833333301766 0
2658 0.984790714720581 1.63868462067425 0
2659 1.104107209664848 1.59937907248636 0
2660 1.295668922555461 1.714579191314187 0
2661 1.390168922555462 1.695479191314187 0
2662 0.6938500000000001 1.881589361702128 0
2663 0.7996000000000001 1.865089361702128 0
2664 0.5192585115521891 1.85055709220868 0
2665 0.5776792557760946 1.83982854610434 0
2666 0.3282567870511112 1.702027432292867 0
2667 1.317449579071975 2.160862883894284 0
2668 1.329824739613549 1.970234751680474 0
2669 1.332849479227098 1.904369503360948 0
2670 1.341418922555462 1.763529191314187 0
2671 1.351818922555462 1.635829191314187 0
2672 1.415946300225434 2.423494443707731 0
2673 1.163734089211141 2.405696426047473 0
2674 1.161068178422282 2.469292852094947 0
2675 1.375842241506104 2.090059626415649 0
2676 1.515325239616613 2.062160702875399 0
2677 1.755055920083936 1.883269310256659 0
2678 1.750511840167873 1.955438620513318 0
2679 1.743033880125905 2.074203965384989 0
2680 1.039264226590495 1.51056280982747 0
2681 1.032990714720581 1.67018462067425 0
2682 1.0216 2.242096856866538 0
2683 1.0216 2.350223212783852 0
2684 0.9963194744425582 2.721944961981254 0
2685 0.9885597372212791 2.785472480990627 0
2686 0.9808 2.92515 0
2687 0.6889210359408035 2.597043587033122 0
2688 0.1849066562081279 2.155093995969167 0
2689 0.1028038338658147 3.203583907852699 0
2690 0.1094076677316294 3.148667815705398 0
2691 0.1384206200787401 2.900627870734908 0
2692 0.1473103100393701 2.822313935367454 0
2693 0.1581528739184177 2.664452935723117 0
2694 0.1611528739184177 2.542252935723117 0
2695 0.04709164121782056 2.643506503936191 0
2696 0.0107 2.493289636963696 0
2697 0.2983988909642774 2.971351038991362 0
2698 0.9715000000000001 2.414723212783852 0
2699 1.206251133816712 2.52224463907121 0
2700 1.467496300225434 2.480494443707731 0
2701 1.394937088796077 2.823101373059499 0
2702 1.367222570271938 2.817073106903307 0
2703 0.9627396058319186 2.664458721485941 0
2704 1.630144112160163 2.734348908098087 0
2705 1.92983371886243 2.847443482441389 0
2706 1.927216859431215 2.776221741220694 0
2707 2.01996136500928 3.093036893036063 0
2708 1.990822730018559 3.035773786072126 0
2709 1.961684095027839 2.978510679108189 0
2710 1.976718176818385 2.913479809639854 0
2711 2.084190625 3.374765625 0
2712 2.079736545316016 2.958827265800807 0
2713 2.077345466477842 2.839273323892094 0
2714 2.0761 2.712189555765595 0
2715 2.0761 2.647379111531191 0
2716 2.0761 2.582568667296786 0
2717 2.065152227532716 2.296321040312769 0
2718 2.059376113766358 2.217560520156385 0
2719 1.972563414634146 2.456026829268293 0
2720 1.576196001564379 3.030178281545028 0
2721 1.574292003128758 2.970556563090055 0
2722 1.570944002346568 2.865717422317541 0
2723 1.563992149546884 2.670474238575227 0
2724 1.561296074773442 2.597037119287613 0
2725 1.56173942036127 2.386168359408863 0
2726 1.563519710180635 2.308234179704431 0
2727 1.244457337565871 2.232253257478635 0
2728 1.465109668664983 2.19969794903736 0
2729 1.606512875097127 2.173452862640141 0
2730 1.86385 2.417250681044268 0
2731 2.112514170649537 2.365490780234577 0
2732 2.277 3.403 0
2733 2.438517921458772 1.695202169714475 0
2734 2.440526882188158 1.818753254571712 0
2735 2.441517921458772 1.879702169714475 0
2736 2.442508960729386 1.940651084857237 0
2737 2.039265000697523 1.569772173665152 0
2738 2.0597120417937 1.779067715269139 0
2739 2.217259765491688 1.880587969869826 0
2740 2.772755794764084 2.217800885154902 0
2741 2.770511589528168 2.140001770309804 0
2742 2.159609398883665 1.671147301076227 0
2743 2.283627833008843 1.52436234010128 0
2744 1.929835474370231 1.485109609538099 0
2745 1.902835474370231 1.535009609538099 0
2746 2.261925087196651 1.25276666898845 0
2747 1.999551902431176 0.7960482801081623 0
2748 2.372982199367089 1.33 0
2749 2.335679629574763 1.242934797084595 0
2750 2.063796453089245 1.206407971014493 0
2751 2.18346374479034 1.524130383538146 0
2752 1.665380814153212 1.356986031432497 0
2753 1.715458480201419 1.111717738612955 0
2754 1.8226 1.091565384615384 0
2755 1.8661 1.140815384615384 0
2756 1.946201066470921 1.028728128462758 0
2757 2.083439406272188 0.9042617933451206 0
2758 2.275197331995813 0.8572483735423462 0
2759 2.262612113757134 0.5365067513966058 0
2760 2.349327443540236 0.7837640959301074 0
2761 2.544001824270937 0.7391725303270519 0
2762 2.627251824270937 0.7189725303270519 0
2763 2.793452933229912 0.7378935742465123 0
2764 2.7915 1.201186111111111 0
2765 2.599661926224339 1.003523279948987 0
2766 2.685565303875344 1.198931602702141 0
2767 2.519760924369748 1.2056 0
2768 2.293508884690776 0.9409188559984092 0
2769 2.18473262914572 1.203908628943686 0
2770 2.110196754589709 0.8387004832589305 0
2771 2.615251824270937 0.7744725303270518 0
2772 2.507334343836442 0.6214013366200203 0
2773 2.601972383107618 1.198330588335712 0
2774 1.51856314353519 0.9886907960925081 0
2775 2.090510491375887 0.4665514123172017 0
2776 2.253828504441246 0.4252893009385406 0
2777 2.351728707683125 0.4704972833665972 0
2778 2.320910640374315 0.7114184233493491 0
2779 2.730103535143455 0.6151758368603308 0
2780 2.615687579423203 0.5655211859784421 0
2781 2.37855 0.554937578125 0
2782 2.696762072103803 0.6063078766195084 0
2783 2.771750104662324 0.5328136719627504 0
2784 2.641482869379015 0.2964 0
2785 2.266664914227905 0.3580384704540657 0
2786 2.574264536741214 0.2878948881789137 0
2787 2.0909 0.067 0
2788 2.223337571037312 0.3035244447689071 0
2789 2.381986253597028 0.2730276498481078 0
2790 2.214164909881043 0.1014471709219164 0
2791 2.442316750746216 0.8179941922613483 0
2792 2.451367455379445 0.918863956998453 0
2793 2.454005052168506 0.5791060663641736 0
2794 2.069049572410869 0.1776811124842352 0
2795 2.190489905868235 0.151648101470784 0
2796 2.314797267662344 0.1300909911923873 0
2797 2.410447267662344 0.1142409911923873 0
2798 1.592175379609544 0.0397630694143167 0
2799 1.641275379609545 0.1134130694143167 0
2800 2.25843892828763 0.2450576971251532 0
2801 2.209963570783816 0.2074093796288385 0
2802 2.293128786780693 0.5425478668406047 0
2803 0.991970883882149 0.4730758232235702 0
2804 0.9881229371526293 0.4953154125694741 0
2805 1.071098681688216 0.2778809594200253 0
2806 2.154537571037312 0.2710744447689071 0
2807 2.137499572410869 0.1180311124842353 0
2808 0.1408926496577404 0.5121468577676414 0
2809 0.1777426496577404 0.4594468577676413 0
2810 1.565238389111588 0.1367677822317517 0
2811 0.9805640867069104 0.7325356030225 0
2812 0.9785281734138208 0.804471206045 0
2813 0.9764922601207312 0.8764068090674996 0
2814 0.9272390401991752 0.9596046141154561 0
2815 1.187196175098056 0.7192880171204442 0
2816 0.1541799299135316 1.103272288779042 0
2817 0.2698799299135317 1.077422288779043 0
2818 0.1667085415202234 1.182520901876417 0
2819 0.2204411077161841 1.263535417576022 0
2820 0.312841107716184 1.238785417576022 0
2821 0.6847000000000001 1.222262828438949 0
2822 0.6847000000000001 1.105762828438949 0
2823 0.7680955064436916 1.098286454356437 0
2824 0.7779413869644807 1.250238280072364 0
2825 0.784899845989198 1.35762842671722 0
2826 1.010906988697753 1.12804805464541 0
2827 0.921375420511242 1.433402671136669 0
2828 0.9748026980861486 1.423178115289413 0
2829 0.136076325680491 1.777362225789303 0
2830 0.2540683884104034 1.761804461134668 0
2831 0.6278500000000001 1.615572413793103 0
2832 0.7366 1.590972413793103 0
2833 1.581787209435475 1.431490687621665 0
2834 1.637974418870949 1.41938137524333 0
2835 1.636202961070194 1.511727348564557 0
2836 1.670701570170747 1.568310735753115 0
2837 1.727150785085374 1.555455367876557 0
2838 0.903729947020814 1.721618284964731 0
2839 0.5056091721366015 1.958832274487567 0
2840 0.9997307008568871 2.043212290574242 0
2841 0.9742299470208141 1.759118284964732 0
2842 1.52091302628743 1.808063467384115 0
2843 1.41190868419162 1.895075644922743 0
2844 1.48121736838324 1.881551289845486 0
2845 1.290487109420323 1.850302127520711 0
2846 0.5400399413673709 1.906632274487568 0
2847 1.511238114713741 2.12826356551554 0
2848 0.6352210359408035 2.544543587033122 0
2849 0.1592066562081279 2.158843995969167 0
2850 0.8697687344913151 3.117013895781638 0
2851 0.8585187344913152 3.222763895781638 0
2852 0.143501915945612 2.465235290482078 0
2853 0.151803831891224 2.525070580964155 0
2854 0.2180844642705773 2.856180755700602 0
2855 0.0674154650590553 2.982220903051181 0
2856 0.2611833552348547 2.933531794691963 0
2857 1.510744002346568 2.920467422317541 0
2858 1.988190625 3.312265625 0
2859 1.965728591781042 2.808831465205875 0
2860 1.993357183562084 2.858562930411751 0
2861 2.050933966509737 2.962201139717527 0
2862 1.9111 2.25735 0
2863 2.1886 2.76713035495716 0
2864 2.1886 2.701760709914321 0
2865 2.1886 2.562794043247654 0
2866 2.1886 2.489197021623827 0
2867 2.337500723672784 2.724663214265038 0
2868 2.1466 2.64294553243574 0
2869 2.12635 2.508829111531191 0
2870 1.6936 2.781643229166667 0
2871 2.190526052403675 1.998951508770738 0
2872 2.161283879387491 1.820590665705479 0
2873 1.964777016733698 1.220221365424554 0
2874 2.16021374479034 1.574330383538146 0
2875 2.220140926521931 1.460727448147451 0
2876 2.341418525008865 1.435949335529392 0
2877 2.228309398883665 1.702197301076227 0
2878 2.159018857267229 1.335332400884129 0
2879 1.926866244458016 1.385297534957131 0
2880 2.5465 1.528076041666667 0
2881 2.582 1.595452083333333 0
2882 2.160680446704369 1.068802918723242 0
2883 2.172161080544751 0.524894728985749 0
2884 2.016106397342898 0.5443047422537947 0
2885 1.922584526031462 0.9474527984836717 0
2886 1.283929971830986 0.7326531492957747 0
2887 2.692515692014593 0.4519801367152045 0
2888 2.670312759987325 0.1737384349555226 0
2889 1.711365593571713 0.2540159820007994 0
2890 2.048962830674358 0.2323928865082084 0
2891 1.263802054920413 0.3740104253207365 0
2892 0 0.3108 0
2893 0 0.2330999999999999 0
2894 0 0.1553999999999998 0
2895 0 0.0777000000000001 0
2896 0 1.635652941176471 0
2897 0 1.557705882352941 0
2898 0 1.479758823529412 0
2899 0 1.401811764705883 0
2900 0 1.323864705882353 0
2901 0 1.245917647058823 0
2902 0 1.167970588235294 0
2903 0 1.090023529411765 0
2904 0 1.012076470588235 0
2905 0 0.9341294117647059 0
2906 0 0.8561823529411767 0
2907 0 0.7782352941176471 0
2908 0 0.700288235294118 0
2909 0 0.6223411764705884 0
2910 0 0.5443941176470593 0
2911 0 0.4664470588235297 0
2912 0 2.2556625 0
2913 0 2.178225 0
2914 0 2.1007875 0
2915 0 2.02335 0
2916 0 1.9459125 0
2917 0 1.868475 0
2918 0 1.7910375 0
2919 0 3.392691666666667 0
2920 0 3.315383333333333 0
2921 0 3.238075 0
2922 0 3.160766666666667 0
2923 0 3.083458333333333 0
2924 0 3.00615 0
2925 0 2.928841666666667 0
2926 0 2.851533333333333 0
2927 0 2.774224999999999 0
2928 0 2.696916666666667 0
2929 0 2.619608333333333 0
2930 2.770833333333333 3.47 0
2931 2.691666666666666 3.47 0
2932 2.6125 3.47 0
2933 2.533333333333333 3.47 0
2934 2.454166666666666 3.47 0
2935 2.375 3.47 0
2936 2.295833333333333 3.47 0
2937 2.216666666666666 3.47 0
2938 2.137499999999999 3.47 0
2939 2.058333333333333 3.47 0
2940 1.979166666666666 3.47 0
2941 1.899999999999999 3.47 0
2942 1.820833333333332 3.47 0
2943 1.741666666666666 3.47 0
2944 1.662499999999999 3.47 0
2945 1.583333333333332 3.47 0
2946 1.504166666666666 3.47 0
2947 1.424999999999999 3.47 0
2948 1.345833333333333 3.47 0
2949 1.266666666666666 3.47 0
2950 1.187499999999999 3.47 0
2951 1.108333333333333 3.47 0
2952 1.029166666666666 3.47 0
2953 0.9499999999999995 3.47 0
2954 0.8708333333333331 3.47 0
2955 0.7916666666666665 3.47 0
2956 0.7124999999999999 3.47 0
2957 0.6333333333333333 3.47 0
2958 0.5541666666666671 3.47 0
2959 0.4750000000000001 3.47 0
2960 0.3958333333333339 3.47 0
2961 0.3166666666666673 3.47 0
2962 0.2375000000000003 3.47 0
2963 0.1583333333333337 3.47 0
2964 0.07916666666666705 3.47 0
2965 2.85 0.1550388355830216 0
2966 2.85 0.2339664823548543 0
2967 2.85 0.312894129126687 0
2968 2.85 0.3918217758985197 0
2969 2.85 0.4707494226703524 0
2970 2.85 0.5496770694421852 0
2971 2.85 0.6286047162140179 0
2972 2.85 0.7075323629858506 0
2973 2.85 0.7864600097576834 0
2974 2.85 0.8653876565295162 0
2975 2.85 0.9443153033013491 0
2976 2.85 1.023242950073182 0
2977 2.85 1.102170596845015 0
2978 2.85 1.181098243616848 0
2979 2.85 1.260025890388681 0
2980 2.85 1.338953537160513 0
2981 2.85 1.417881183932346 0
2982 2.85 1.496808830704179 0
2983 2.85 1.575736477476012 0
2984 2.85 1.654664124247845 0
2985 2.85 1.733591771019678 0
2986 2.85 1.812519417791511 0
2987 2.85 1.891447064563344 0
2988 2.85 1.970374711335177 0
2989 2.85 2.04930235810701 0
2990 2.85 2.128230004878843 0
2991 2.85 2.207157651650676 0
2992 2.85 2.286085298422508 0
2993 2.85 2.365012945194342 0
2994 2.85 2.443940591966175 0
2995 2.85 2.522868238738007 0
2996 2.85 2.60179588550984 0
2997 2.85 2.680723532281673 0
2998 2.85 2.759651179053505 0
2999 2.85 2.838578825825338 0
3000 2.85 2.91750647259717 0
3001 2.85 2.996434119369003 0
3002 2.85 3.075361766140836 0
3003 2.85 3.154289412912669 0
3004 2.85 3.233217059684501 0
3005 2.85 3.312144706456334 0
3006 2.85 3.391072353228167 0
3007 2.2325375 0 0
3008 2.303175 0 0
3009 2.3738125 0 0
3010 2.44445 0 0
3011 2.5150875 0 0
3012 2.585725 0 0
3013 2.6563625 0 0
3014 1.6301875 0 0
3015 1.701975 0 0
3016 1.7737625 0 0
3017 1.84555 0 0
3018 1.9173375 0 0
3019 1.989125 0 0
3020 2.0609125 0 0
3021 0.7998499999999998 0 0
3022 0.8701999999999996 0 0
3023 0.9405499999999997 0 0
3024 0.4355 0 0
3025 0.509 0 0
3026 0.5825 0 0
3027 0.656 0 0
3028 0.2954999999999999 0 0
3029 0.182 0 0
3030 0.06750000000000003 0 0
3031 0 2.472566666666666 0
3032 0 2.402833333333334 0
3033 1.089114285714286 0 0
3034 1.167328571428571 0 0
3035 1.245542857142857 0 0
3036 1.323757142857143 0 0
3037 1.401971428571429 0 0
3038 1.480185714285714 0 0
3039 2.7885 0 0
3040 2.477435399280148 1.146236178954254 0
3041 2.440447347718297 0.9927947852372574 0
3042 1.861738341891249 2.921657758957937 0
3043 2.154077560141717 0.1942900449638509 0
3044 1.897139142540165 2.921255568748866 0
3045 1.480630174974307 0.5939276304791947 0
3046 1.743628293624729 0.02459628858191643 0
3047 0.4963840520056628 1.16095122294305 0
3048 2.137991171462601 0.1905791209156604 0
3049 0.9165430937576766 2.856890827232423 0
3050 0.5637205882353298 0.114544117647049 0
3051 1.047023114846033 1.151978767336198 0
3052 0.6827606443147711 0.1068927451798762 0
3053 2.76564796986123 0.158327023751637 0
3054 1.914531782727645 2.920416828309456 0
3055 2.693654660154602 1.791340411315838 0
3056 2.808736321632446 0.1299465423267994 0
3057 0.5365091987624285 0.6601882987920011 0
3058 1.758277984853188 1.252024836426842 0
3059 0.1156545027453069 1.842509009581836 0
3060 2.681502309997629 0.2079351896876021 0
3061 2.253487277743679 1.017333610104975 0
3062 2.280082063248804 1.044229365404912 0
3063 2.561175357554621 3.015621620635647 0
3064 2.266708392360943 2.707780749868926 0
3065 2.694284944514592 0.2473066296026372 0
3066 1.802241917474229 1.459107928050157 0
3067 1.639524459009244 2.627307327973921 0
3068 0.06379393521709309 0.1972577532736042 0
3069 0.4329868108523893 0.3198639675722617 0
3070 2.781661616997348 0.1721371226500426 0
3071 0.7415850778039149 0.2722515875197855 0
3072 1.35407072967307 1.871138153524485 0
3073 2.149703179781334 0.1800268018204969 0
3074 0.4679902569751329 0.1242512202171735 0
3075 1.458455519877655 0.5945236033336481 0
3076 1.878217466534779 2.968761096985689 0
3077 0.3807883063763899 1.16857655384536 0
3078 0.3775309004165122 1.098408499227693 0
3079 2.524075964165077 0.2706037371134051 0
3080 2.737735700186049 0.2342867735596379 0
3081 0.458443855093685 2.452506705827722 0
3082 1.757263508718161 1.185452665262265 0
3083 0.3815821079695052 2.675193249965925 0
3084 1.474094993209625 0.5819696134352887 0
3085 2.355882693078725 0.1586705020090953 0
3086 0.5166194294735643 1.216002881593701 0
3087 0.4390528638430361 0.6225198608844831 0
3088 0.6089232968482859 1.07772274232885 0
3089 0.7041238995293077 0.195941255520419 0
3090 1.722473631090568 0.03052701562235338 0
3091 1.736879361466463 0.04072312937603351 0
3092 0.06810701662916019 0.1570010886241655 0
3093 2.524179153283581 2.991945534439766 0
3094 0.6335047852669595 0.1061756155359854 0
3095 2.538481123240827 0.8762294598222788 0
3096 0.1444013664727875 1.886446408954684 0
3097 0.4156982103033324 0.8525766271493695 0
3098 2.554260807276957 1.188071244261938 0
3099 2.43750334571018 3.36706224505518 0
3100 0.5042976884829509 1.015351724713793 0
3101 1.552646565068462 1.983202395704076 0
3102 0.9301612169757505 2.11375938251114 0
3103 2.781721139156843 0.1545571282448184 0
3104 2.502156697038829 1.806593672020191 0
3105 2.677607250187169 1.36568515483258 0
3106 0.5115652832297701 0.07127124743020818 0
3107 2.542049025524673 1.162276700801522 0
3108 0.6341364583831663 0.5886148736059131 0
3109 0.7709245950545282 0.3110418870249227 0
3110 0.3048012429254681 3.227803756406554 0
3111 1.509831064763339 0.4629379266426004 0
3112 0.2593198417950595 0.4053359637910494 0
3113 2.523775186368368 0.3159960063900227 0
3114 0.7659863174962471 2.467716903509143 0
3115 0.7852078335221108 2.532348479184289 0
3116 1.995241424176312 3.427601172532478 0
3117 1.767337313962012 0.02589991722837937 0
3118 1.758036280848749 0.01177806995516506 0
3119 1.755416313275402 0.03980066473660826 0
3120 1.137767883834575 1.886417386765305 0
3121 0.7714004017316026 1.837704273216551 0
3122 1.64064621200278 1.273259953767892 0
3123 1.286751124026553 1.939813540006054 0
3124 2.284788530141988 2.748341376456457 0
3125 2.269644010900234 1.072980625557673 0
3126 0.4622245802757613 0.932819433536983 0
3127 0.8088900293846519 0.8759674087362355 0
3128 1.013493455566897 2.850610524937079 0
3129 2.607062535986455 1.144943628281124 0
3130 2.423589459077978 0.1468064923993122 0
3131 2.54255831477005 0.2864493203712819 0
3132 1.765527517503162 1.125963487401052 0
3133 0.4036148825143668 2.012525557357499 0
3134 0.4061777971314138 2.066644350175431 0
3135 0.83921400330823 0.6551759740477765 0
3136 0.9009439717483099 0.631771071501128 0
3137 1.868092500533798 3.166632836969116 0
3138 1.022619932059026 1.167148703342591 0
3139 0.8451460539024942 0.3113775755997676 0
3140 0.153248761879466 1.84576904028915 0
3141 2.458238869187396 1.374638052936703 0
3142 1.628820276464973 2.857417205186823 0
3143 2.479239163581452 0.2694406695107117 0
3144 2.386040610343944 0.1377671208201592 0
3145 0.44245097063156 0.1024872591028689 0
3146 0.464488561080757 0.06212983559294538 0
3147 0.4396433076763355 0.04362568266022659 0
3148 0.9255683992797968 2.328455223961106 0
3149 2.369612896499797 2.279421945286407 0
3150 0.07440624603633128 0.3455901570048805 0
3151 0.3440243111229133 0.5551776989861095 0
3152 1.651287888821184 2.810071614583333 0
3153 0.9123045454545464 3.274249999999999 0
3154 2.433322999271841 0.7936350439639503 0
3155 1.42256462745192 0.6583354958350034 0
3156 0.4051839850436172 0.2785120453568082 0
3157 0.3404076586431859 0.8021393314434777 0
3158 1.773647458960579 1.066480410640668 0
3159 0.1345693874713538 2.557955368366562 0
3160 2.732808055822229 1.79546916925295 0
3161 2.393476945928423 2.418637558914684 0
3162 0.09756409158292545 0.2180546062440718 0
3163 0.8068088379873354 3.275479580008112 0
3164 0.09223902589395827 2.29485 0
3165 2.540622654080902 1.044568911682006 0
3166 2.529599934084399 1.011115035346385 0
3167 1.929686622198724 2.218031764393181 0
3168 0.7319715822177308 2.847726759075556 0
3169 0.4110626184939652 0.1469797606210479 0
3170 0.659503563926221 0.3414289249230242 0
3171 0.4873576793661151 0.8007878744907517 0
3172 0.6430921603640761 0.8746541692810812 0
3173 0.6119055671021381 1.971824516280681 0
3174 1.100795165907362 2.233126003905943 0
3175 0.2334697393632295 1.818369486468348 0
3176 1.909079928446351 2.949711924864194 0
3177 2.75177886215448 2.985837212508339 0
3178 2.516779052060536 2.899986174413956 0
3179 1.876455793347791 2.878335923462244 0
3180 0.792758920939356 1.841262574175007 0
3181 1.781719409870892 0.141506643493406 0
3182 0.608122109553991 0.3272094028048169 0
3183 2.582223238269013 3.070239043896095 0
3184 0.9781512068926838 2.144846178328921 0
3185 1.356312685823637 2.331374862788251 0
3186 0.5818084368164923 1.675457939635969 0
3187 0.5467680672775208 1.240178312847811 0
3188 0.6983306437250034 2.498333306920727 0
3189 2.171298784976022 2.996518311250243 0
3190 2.350109273308178 2.005692343576306 0
3191 0.4836000000000004 2.327444062500001 0
3192 2.645185457593399 1.423471975582623 0
3193 0.1739060264780401 1.815961235244119 0
3194 2.171218093788603 0.0960412015402281 0
3195 1.996105923825805 3.240624190289325 0
3196 0.318089129043259 0.07436837752100045 0
3197 1.811417554739377 1.857593211731255 0
3198 0.1313695541785274 0.2840008570359651 0
3199 0.9426636538424217 2.851982764463464 0
3200 0.2570769601749059 0.3377663867786671 0
3201 1.833102885030561 2.961306804843896 0
3202 2.294160334522522 2.822032276178044 0
3203 0.8674799904445654 0.3874860897964532 0
3204 1.471660342264199 1.421749603146921 0
3205 0.8332569800655598 1.186750514387736 0
3206 0.6846918903439307 3.287773537803882 0
3207 1.801117154837316 1.764752706027312 0
3208 2.395526195688522 1.504419247091836 0
3209 0.7226596198002129 1.843591093404043 0
3210 0.6182649892093397 2.884072012948796 0
3211 0.6435509007427129 2.486945045037136 0
3212 2.300564866984405 2.523185931825081 0
3213 0.9179646493447698 0.1162132554622646 0
3214 0.1050537678672738 1.029349229268427 0
3215 1.701132411313594 3.158220623776139 0
3216 2.289011296118431 0.9827578161935178 0
3217 1.810895778272497 1.529619675764433 0
3218 2.502842112159603 0.1210033263227823 0
3219 2.686156649332094 0.2020933053133303 0
3220 0.5078002611303741 2.400725811470478 0
3221 1.66830402015834 2.677040601268944 0
3222 2.348959185227263 1.708019116497322 0
3223 1.870927146672557 3.097292949480591 0
3224 1.963844079161163 2.096922508566836 0
3225 2.727570036317199 1.76488636681309 0
3226 1.616166237209846 2.561241465372153 0
3227 0.1396874047713554 1.93470250889473 0
3228 1.171752440627624 1.766838760253933 0
3229 0.7580072961732434 2.594954032359567 0
3230 2.301457483088445 1.127350540621092 0
3231 0.6062302182459319 0.1013815014021009 0
3232 0.6860420228233528 0.6720219123849061 0
3233 1.002724248737792 1.594692088402905 0
3234 0.5267298953707404 2.077684592003139 0
3235 1.938627282345562 1.312443989126918 0
3236 0.4690573770861052 0.7001579910729703 0
3237 1.182791264270751 0.4019525388449163 0
3238 0.5437942421265634 1.163843213660614 0
3239 0.5191136305982837 1.182561773360408 0
3240 0.4926403615511674 1.188250615005067 0
3241 1.764383084570746 0.5956792351287912 0
3242 2.742511031778742 0.1642522822036945 0
3243 2.708986411197863 0.1766783037572699 0
3244 2.486700287103432 0.8324846446599123 0
3245 2.11623100225464 1.770360433081319 0
3246 1.044779678931099 0.9654736071445454 0
3247 1.479429461850672 0.6348733473323005 0
3248 1.506730337245399 0.6551158047997832 0
3249 2.27563846933627 1.022572689828991 0
3250 0.370409011307294 1.552602321061982 0
3251 2.524556455056397 3.416856707905213 0
3252 0.3230750098742017 0.4721725531444279 0
3253 2.810415138557534 2.415648482685062 0
3254 1.797046010804581 1.248276341113946 0
3255 1.783477189094566 1.281318731933963 0
3256 2.433513664029215 1.156035222154594 0
3257 1.793564815247865 1.184046975822749 0
3258 1.778534557892704 1.156245491893902 0
3259 0.2500910354748798 1.566695904020158 0
3260 2.382446530327587 2.464799690906954 0
3261 0.223425106982313 2.578177379478012 0
3262 2.564028806754195 1.169234652484819 0
3263 1.732130079387379 1.219129482357537 0
3264 2.461759188524724 1.787782643108832 0
3265 1.269614298816765 3.336967455517217 0
3266 0.623590628182304 0.1250142189903978 0
3267 0.615732611784969 0.1439956416572525 0
3268 0.04198808731472159 0.2851902724415223 0
3269 0.255381404224307 0.6430097021206773 0
3270 1.923031036759516 2.939189468527788 0
3271 1.26995000484319 1.248967589719867 0
3272 0.6078748012641119 0.7098689078488063 0
3273 0.2971412463377214 0.7411040847713446 0
3274 0.4356738735222939 2.450503146256209 0
3275 0.2111511968981703 1.685583140864495 0
3276 1.09285838490099 2.038900634282178 0
3277 1.106453365140923 1.026144777208341 0
3278 0.386560507037027 1.654820578260152 0
3279 1.89532069577218 2.526948194656173 0
3280 2.772096463433492 0.3467892984484529 0
3281 1.151987390729635 1.671113428830592 0
3282 2.253189101570046 2.39888604901729 0
3283 2.476111041614282 0.2410037371133924 0
3284 0.3071463505367262 0.9798781342912036 0
3285 2.519734625087821 3.194586664291369 0
3286 2.437211203966361 1.418318447637266 0
3287 1.780702598685423 1.700013332601256 0
3288 2.771358034178915 2.506983616148986 0
3289 2.365006169792431 2.365828742381746 0
3290 2.014290701676245 1.399362304908072 0
3291 2.03587670848932 1.432994289932799 0
3292 0.5245695122566408 0.5994780284235846 0
3293 0.8137021422279171 0.3845476095138944 0
3294 0.6996931367953668 0.9679404659687524 0
3295 1.166306547248037 1.461615170064886 0
3296 0.200834403798545 0.3711032419013998 0
3297 2.68945114924375 1.866815703541563 0
3298 0.6583153541343256 0.140650392009638 0
3299 1.484047614004991 1.989181824621423 0
3300 2.591328345544667 3.032701903322705 0
3301 2.824069989713879 0.8232688505626352 0
3302 1.372114429774134 2.282448613055293 0
3303 2.33248901506121 3.411600481848056 0
3304 1.281225784592582 1.096550512375139 0
3305 0.7494416133538435 1.377811911199617 0
3306 1.05697152864174 1.125460835614194 0
3307 2.569205650407104 1.224173904054536 0
3308 2.17519870757017 2.922397209678133 0
3309 2.797390679737622 0.2075582859228877 0
3310 2.787571724074454 0.1918131178644653 0
3311 1.101600117377036 2.302408884223247 0
3312 0.4757914118488803 2.796249987661217 0
3313 2.686326877051358 1.747864304162484 0
3314 0.841306914088638 1.636290997597594 0
3315 1.843293886284368 0.04161824200371345 0
3316 2.393866077169287 1.232047399381563 0
3317 1.646158038690545 1.878304612268287 0
3318 0.7051017370432097 2.528586536595776 0
3319 2.719518575673202 2.377308455781536 0
3320 2.619429109632514 1.373344593795338 0
3321 2.593239106560075 1.369217837335823 0
3322 2.131537511857647 2.107823622323279 0
3323 0.7774400688765182 0.2739840391740733 0
3324 2.66373825620569 2.239544557352896 0
3325 2.722953697688552 3.208324885575401 0
3326 2.294799899528641 1.029676225156687 0
3327 1.811193201906212 2.045776682699913 0
3328 2.537553994050004 3.01904302367841 0
3329 1.769209666965112 0.01804643402231054 0
3330 1.91966278000418 2.883476132881913 0
3331 1.523965035381425 1.1605947978831 0
3332 1.864990267431746 2.737986315160849 0
3333 1.005021990631636 1.159764936799365 0
3334 1.72421751817421 1.261700483467318 0
3335 2.470783186598558 0.1334230064388262 0
3336 1.273747563849186 3.241841486752172 0
3337 1.725379713090161 0.0416958462852155 0
3338 0.06505275724841342 0.6444607608840878 0
3339 0.4241425026605379 0.5613071320145586 0
3340 0.7702409811730808 1.532719219910733 0
3341 0.8092324595861536 0.4955621990814061 0
3342 2.00617643715756 1.298652764933349 0
3343 2.357603969513001 3.061960705711758 0
3344 2.101542668506662 0.5446460207400088 0
3345 1.589916740235509 1.183334152847241 0
3346 2.250752660032917 1.082712257417437 0
3347 1.552757984518668 1.385648487410862 0
3348 1.880248228207287 2.943687145789608 0
3349 0.8366198609647593 1.074728311366043 0
3350 0.1845459284940014 0.05936522642623454 0
3351 1.661806301409257 3.083404619251187 0
3352 0.4904979712041889 2.039863062827225 0
3353 0.5037423702976669 2.497426630237972 0
3354 1.632105166209685 1.724306777192044 0
3355 1.196827338604487 0.5625118031975496 0
3356 1.740932978723404 2.69565 0
3357 1.520252160286426 1.488314627015004 0
3358 0.1977892801465921 0.3019217991615031 0
3359 2.608921383083309 0.3109466039797524 0
3360 1.450372746017327 1.117623191485164 0
3361 2.133480237360438 2.696718091107894 0
3362 2.314732021704812 0.9000288801301197 0
3363 2.728460424424038 2.770003080342214 0
3364 0.4001852218453292 1.639423152110038 0
3365 2.397331204002379 1.02517125710014 0
3366 0.396804166307857 2.131018308960592 0
3367 0.07640437444577985 2.449155385221754 0
3368 1.74875767560515 0.6207896266495994 0
3369 0.6400984972429223 1.753133807518813 0
3370 0.4918502227466253 2.842767682910683 0
3371 0.4706361271326176 2.903205066332422 0
3372 1.750957215873339 1.620221024648794 0
3373 2.025849158721258 2.124350392596746 0
3374 2.231784650814046 2.67924817551025 0
3375 0.8364660854212728 2.586127178002209 0
3376 1.292971256147275 2.329573658331937 0
3377 2.582983636755617 2.048138041968092 0
3378 0.6330816889300347 2.948846553365957 0
3379 0.6507510679892579 2.915532550267455 0
3380 1.442779010233229 0.5611719635745149 0
3381 0.6906680183419073 3.209573918607136 0
3382 1.367879073163096 2.667367903284814 0
3383 1.30037697431241 1.258955216240038 0
3384 0.4785935000049698 1.352862608101062 0
3385 0.1355135252393731 0.06811958655699057 0
3386 1.084005152986723 2.804750000000002 0
3387 0.4420196133727394 0.07673679976191683 0
3388 2.339708972811775 0.1418756015148088 0
3389 0.2470320504485359 3.232486426248883 0
3390 0.27792223955288 3.296103849407348 0
3391 1.230314688600588 2.047115146148152 0
3392 0.4606757242307646 0.3869457761538246 0
3393 0.4126841812490183 2.652640689168776 0
3394 1.050442769345796 1.174582090962466 0
3395 0.4779196592824688 3.299032877565343 0
3396 0.2564466875438738 2.982022832963734 0
3397 2.599961561896084 1.108787429069197 0
3398 2.531452624716783 0.2841386590232531 0
3399 0.3748279099730532 1.882319564952314 0
3400 2.349488757104824 0.9628557974711113 0
3401 2.554776656777961 3.039021565984782 0
3402 0.09736130601323456 0.152202826105174 0
3403 1.869812661687102 2.80117836389606 0
3404 1.315725265259487 1.602882026791265 0
3405 1.305156870484461 1.632104174206838 0
3406 1.508911291112968 0.6254829074239638 0
3407 2.519051239612385 2.95104824864893 0
3408 0.2186027817233436 2.109046143921603 0
3409 0.6895002579725851 0.2559414257585702 0
3410 2.252132452934117 0.132224050735392 0
3411 2.185431881980326 3.072518946414577 0
3412 1.877580003762723 3.236090503236749 0
3413 0.3983087168188881 1.135621828897718 0
3414 0.4149873213776258 1.167995600346856 0
3415 1.106207202335837 1.931133344251398 0
3416 0.6745367072563212 3.368565861307047 0
3417 2.120022090451703 1.812279800421809 0
3418 1.807631395919681 0.5912741362201099 0
3419 1.921336826922809 0.1315725700677353 0
3420 2.445535592100616 1.201801495822046 0
3421 0.9767522156137219 2.086720562618408 0
3422 0.6837477243634684 0.3545043378009696 0
3423 2.316892879100975 3.26604621461146 0
3424 2.427918516786353 1.459408616755415 0
3425 0.7374848937253153 2.434029063764813 0
3426 2.27071319344155 0.9960845871621242 0
3427 2.24089380047061 0.9894169957515144 0
3428 2.670887509168503 0.0829754621013743 0
3429 1.733973279466871 0.02955429871317583 0
3430 0.6090367814484717 0.4908404509502404 0
3431 2.813370622844249 0.7049673027453551 0
3432 0.8730614093895088 2.303086811792511 0
3433 0.9575601442485038 0.2183302414701564 0
3434 2.071675292867662 1.301335488768876 0
3435 1.876674111030913 2.152338338460234 0
3436 1.46193439541987 2.68407223847134 0
3437 0.1967153706174389 0.2118982556216122 0
3438 0.2663346020333981 0.2934319011571691 0
3439 0.302228178153692 0.278926593939522 0
3440 2.243391320765721 2.742378050112841 0
3441 1.880607629206786 0.7964502300734855 0
3442 0.1762102323551833 1.88479965797387 0
3443 2.279558133099309 2.665666191461401 0
3444 2.441876191700803 0.1327200553450405 0
3445 1.254499653075077 1.793512196517139 0
3446 1.953224071763176 2.041978234888482 0
3447 2.267952227324423 2.45588059952664 0
3448 0.1565874541192498 2.288061628377559 0
3449 1.038855463403106 0.4253269878798129 0
3450 1.626735612809065 1.261745861066592 0
3451 2.37748219936709 1.396680023734176 0
3452 0.4231352619795365 2.027716068538841 0
3453 0.4146007294151812 1.830591844404559 0
3454 0.7217963205501613 0.1340842431361198 0
3455 0.3439923497047532 0.05042111801930349 0
3456 2.021367803643982 1.815666685845597 0
3457 2.735322000088015 2.886635574234678 0
3458 1.756131838877816 0.02384229458531784 0
3459 0.4685869777210925 0.09800967206941547 0
3460 2.395936424686377 2.100297743878738 0
3461 2.127938757934123 2.144724319681741 0
3462 2.372276813139421 1.942443631813674 0
3463 2.436543972373375 2.898205410213482 0
3464 0.2673292832085006 1.72080863016473 0
3465 0.529563024619718 0.7253659377972064 0
3466 0.5550370628845123 1.05118712778499 0
3467 1.087232095131063 1.657374359202787 0
3468 0.4435717774809036 1.902190083239134 0
3469 1.758548919783467 2.648535507223838 0
3470 0.05997206904380836 0.3002080918974583 0
3471 1.388199778756649 2.455079662540882 0
3472 2.139561104172787 0.2062223139398665 0
3473 1.773991724606063 1.217793017694692 0
3474 2.558140723083816 3.355476151076267 0
3475 1.37446244384411 1.926668285207195 0
3476 0.1839520995988737 2.192793722584273 0
3477 1.803737914115645 1.492234465352717 0
3478 0.0486633963083134 0.1747359094990222 0
3479 2.296201692237289 0.1589683826463415 0
3480 2.302353485636217 2.702957958792492 0
3481 2.365483400218503 3.167227270533772 0
3482 0.4542241067898404 2.367438595183495 0
3483 1.745292757395347 1.092607759570399 0
3484 1.762396487528864 3.324681939848665 0
3485 1.71795982974232 3.249118349886522 0
3486 1.691477056777915 0.02956748629812478 0
3487 2.357554206440333 0.1958249999999997 0
3488 2.626259218469045 3.113806619252509 0
3489 1.50303485789484 2.254843165782732 0
3490 0.1939937305433435 0.2762651930421418 0
3491 0.495822831481126 1.081009529342925 0
3492 0.7523648411204098 2.527439554852828 0
3493 0.8855723389351704 2.375659176471065 0
3494 1.195011240953936 1.902325315659269 0
3495 2.674472784150665 2.968330160829193 0
3496 1.826560411274686 2.927323144838937 0
3497 0.2026451275119845 1.132057297101726 0
3498 0.7701860663890042 0.6481657565879564 0
3499 2.535209422387939 1.142660200636818 0
3500 0.04087870909317082 2.560129049601758 0
3501 1.794282668771837 1.128373300117763 0
3502 0.1512170335931093 1.597324916861905 0
3503 1.867326757231681 1.323218079671502 0
3504 0.3323402435902472 0.1187437264313818 0
3505 1.106546305914012 0.5773547503873546 0
3506 1.783047747394767 1.409671837517181 0
3507 1.515967097180228 1.947051166342626 0
3508 1.541914163913554 0.4100752570805901 0
3509 2.767933214477715 0.2364319467319929 0
3510 0.1647356241064961 1.865280744661757 0
3511 2.405429494419673 2.978559700315082 0
3512 1.952189763909585 0.7734740733029745 0
3513 1.562070526321147 1.130997180629481 0
3514 2.791907357606465 1.725147127189401 0
3515 0.2226655497452841 2.519272360258348 0
3516 1.731706592939583 0.04803155202565201 0
3517 2.492001367290912 1.017252103506649 0
3518 0.6918044852839245 2.822904646842203 0
3519 2.529243475204524 1.03360269178055 0
3520 1.834658926836767 1.806984047905641 0
3521 2.710288712693912 0.2323496184475895 0
3522 2.690005495257864 0.230525319048247 0
3523 2.54518032772166 2.822099730110333 0
3524 2.532630499885713 0.582175432129866 0
3525 1.030067727807962 0.6972187076384802 0
3526 2.532206793026173 2.160812323603312 0
3527 1.156183117899729 1.832911685203731 0
3528 0.8230118500016329 0.2372362109720798 0
3529 2.391674486374761 0.520295763913603 0
3530 2.560270111206861 1.794049493872258 0
3531 2.004375098818924 2.716106433591906 0
3532 2.775936991906242 3.092372866202484 0
3533 1.912859463568283 1.427737058931406 0
3534 1.088582606747106 2.476149826370025 0
3535 1.050257326210701 2.141998739921809 0
3536 0.3536712002148243 1.134752713370588 0
3537 0.1083120002557285 2.248606848357896 0
3538 1.68535 1.197816305818673 0
3539 1.486218408876602 2.411365187547803 0
3540 2.740754770544641 0.2735409734496552 0
3541 1.61042975198793 1.620155320238302 0
3542 2.723534731084267 0.2131051091207505 0
3543 0.4005263778102659 0.9144099737388272 0
3544 0.8595906505285114 1.940975625107809 0
3545 0.931307090047009 2.793689793061343 0
3546 1.916944053748058 0.09772468059797834 0
3547 1.645765395366152 0.5243680422554358 0
3548 2.44443334696384 3.426899675615602 0
3549 0.6356692136935094 1.121854567696384 0
3550 0.5204881029022732 1.153827443372242 0
3551 0.5031288657845271 1.128781630367355 0
3552 0.2063528773398775 2.459717098628178 0
3553 0.1656518888748517 1.82755587549251 0
3554 0.141955244671002 1.816241816695196 0
3555 2.147872304570536 3.276429092002202 0
3556 2.529858771562151 1.049630659337779 0
3557 2.151187292543354 2.197728710124355 0
3558 0.4751065667830396 1.143049501179728 0
3559 0.4717419297692219 1.172185070960193 0
3560 0.4732794403316908 1.192219686014714 0
3561 0.485386909044373 1.199489959754513 0
3562 0.4814866239714354 1.180915821064115 0
3563 0.458042507014125 1.15625512098868 0
3564 1.235660005447808 1.445802568872074 0
3565 1.504726722087725 0.5775478074651696 0
3566 1.407914526033261 1.144644877806565 0
3567 1.592431216848486 2.9416 0
3568 1.635915064028101 2.927246634162669 0
3569 0.1311550000000024 0.3288699999999911 0
3570 1.843869367687883 0.5623430399237579 0
3571 1.969495803825205 1.3014 0
3572 0.2175457264852436 1.703097451114317 0
3573 0.9466008364813508 0.6098837983898389 0
3574 1.21120044335508 2.371985281754389 0
3575 0.04035879323985658 0.199238541149755 0
3576 2.547681574299253 0.8061738885466816 0
3577 2.56592953084092 1.007005165748974 0
3578 0.4231979569301738 0.08694251157496535 0
3579 2.249280119865302 1.837959440628589 0
3580 0.9130853339968584 3.091173837223332 0
3581 1.291360741031588 1.891971946995848 0
3582 1.314973560913302 1.874163318627467 0
3583 2.198622880897373 1.939932845152936 0
3584 2.28257116637705 0.07944097948173989 0
3585 1.740521220763628 2.903282920359183 0
3586 0.04704131739510675 0.1504825273840653 0
3587 2.555360270340318 1.070488209050553 0
3588 0.07564254442988561 2.364071581365277 0
3589 2.584525276995025 0.2557148279715169 0
3590 2.133846914448672 1.283129281300231 0
3591 1.767579036596153 1.351654580180278 0
3592 1.565442226176574 1.940565073677777 0
3593 1.315090117444308 2.593471986643767 0
3594 1.133375499998036 2.015386988253633 0
3595 0.7399245275328312 2.487346033957878 0
3596 1.112588040863991 1.102015103803774 0
3597 0.3362585278492434 1.659673120916797 0
3598 2.060061081807888 3.293848306460678 0
3599 1.371032949180963 1.1616703272609 0
3600 1.750096097619047 2.7407 0
3601 1.009930638116868 1.618692036427761 0
3602 0.2469701765434407 1.631770481437186 0
3603 0.9271056685002236 0.3675628735299774 0
3604 2.650645027500083 1.307281377069411 0
3605 0.2242794618374215 2.393501693342583 0
3606 1.314555538556956 2.905736435807318 0
3607 1.312049579714336 2.848462316806236 0
3608 1.235688624629797 2.172417166502132 0
3609 0.4750117160638331 1.818219825599813 0
3610 0.5170950156012037 0.1176733853059748 0
3611 2.516134149347271 3.012489363389805 0
3612 0.493702841013272 3.119605904648495 0
3613 2.325258522537345 3.314195441345903 0
3614 0.3483761908874667 0.8607764580369028 0
3615 2.06588217777045 1.396543129622954 0
3616 2.517045794582325 0.279396924273684 0
3617 2.733909596224266 3.243637304084046 0
3618 1.772891713363212 1.474657759593018 0
3619 1.490863054492849 1.436947743902626 0
3620 1.501665219247264 1.408311595983916 0
3621 0.4235856293436775 1.109346358107198 0
3622 2.755887984978884 0.7600447969518767 0
3623 2.53081050955414 2.6614474522293 0
3624 2.364677951654424 2.420992293343691 0
3625 1.517300480974807 3.002217828124437 0
3626 2.409113504375027 0.9297720401590432 0
3627 2.276113704183073 1.106176710474534 0
3628 1.571498202446458 1.181623477367692 0
3629 0.08275659722785345 0.1791363974231788 0
3630 0.9677318196742573 2.624630407244397 0
3631 2.812342657977573 1.108189646476472 0
3632 0.5627122807477304 1.953846273194011 0
3633 0.917508802792782 2.04019782073181 0
3634 2.821384808481278 0.7696650158524276 0
3635 1.921424535065249 2.929012441920098 0
3636 1.924513574008809 2.919973026658042 0
3637 1.536832410394491 1.194034093674732 0
3638 2.485644615298162 1.063802248768682 0
3639 1.769012348206473 1.031771665819056 0
3640 0.4729013237161976 0.5876495900397463 0
3641 1.030878471809713 1.231384628990365 0
3642 1.059027794837316 1.223194191080187 0
3643 0.4296043333500608 1.36568202956666 0
3644 0.3237222191129849 0.211006157383538 0
3645 1.034125755457725 0.4983958872859813 0
3646 1.838397972599532 2.884802921118448 0
3647 2.788198607870782 0.1324871671311771 0
3648 2.509946912000395 1.590376007878496 0
3649 0.4706660407676546 0.8754217168452871 0
3650 2.563718510255213 0.8695598409133556 0
3651 0.4908110406437349 3.398219830049944 0
3652 1.224005483924119 1.269523516579558 0
3653 0.3815405563699699 2.616754009031272 0
3654 0.7743743777125449 1.860978917892683 0
3655 2.540261131195905 1.022647774147148 0
3656 2.574483126741581 0.6182014948820103 0
3657 1.08023239855685 2.727115501848956 0
3658 2.210734832019088 3.294744204739314 0
3659 2.4746828114247 0.797638243961778 0
3660 2.518005728239001 1.380965319491552 0
3661 2.417585996062044 2.510704251066076 0
3662 1.700165139120663 0.09663868697274403 0
3663 1.827975142935945 1.942737649195538 0
3664 2.553000000000001 0.3368377019748638 0
3665 0.3714864018074626 2.743546101234164 0
3666 1.886156228070175 1.5846 0
3667 0.8867975741423934 1.140432736968565 0
3668 0.1680780439782845 1.847811220098037 0
3669 0.3888444211626001 1.964406692368239 0
3670 0.83034969867463 1.42758926945274 0
3671 2.509678677431586 2.110315163148708 0
3672 2.695790484773347 3.184472335335104 0
3673 1.914299638154462 2.140623109826757 0
3674 0.1341370473448706 0.3693932217930278 0
3675 1.348621248898052 2.244983862956666 0
3676 2.827264495373113 0.2073693604528493 0
3677 0.7190951215310376 2.893271549529579 0
3678 0.8827175166297121 3.274249999999999 0
3679 2.39976737394908 2.218819055085842 0
3680 1.781083412148485 2.157210562547209 0
3681 2.126446870947722 1.863044229351476 0
3682 0.8107851546813428 1.165012306771444 0
3683 0.2714013788777287 1.965355303397707 0
3684 2.129201987480429 0.2516812611471335 0
3685 1.200509669899134 1.113076036466067 0
3686 1.564065084933923 0.4808046574695712 0
3687 0.1056388481722619 0.621040076699847 0
3688 2.344929385297561 1.637914036890494 0
3689 0.1786518674758761 0.3128098547098397 0
3690 1.913182571401316 3.165641845273921 0
3691 2.250226433302122 3.310025519083581 0
3692 1.756908259656829 0.05940491333191966 0
3693 1.781791393787614 0.07291776736989419 0
3694 2.42094069889439 1.380186475172609 0
3695 0.7242675234149812 1.887018674894819 0
3696 2.477602601249405 1.826856147298409 0
3697 0.5205374019128326 0.9556213632241125 0
3698 1.880802066626168 1.653658838963594 0
3699 1.956817056844431 2.558769244095766 0
3700 2.594373970649378 1.272207198927473 0
3701 0.8450941462653587 1.245094047021597 0
3702 0.879774217613137 1.218888992750764 0
3703 2.028318251931722 2.322685049842823 0
3704 0.6433239787007727 2.0259737404184 0
3705 2.263166546376302 1.037786592349491 0
3706 0.03698393008451095 0.6145644050629051 0
3707 0.2088373147373133 2.643668977460518 0
3708 0.573660490820677 0.5641307465918346 0
3709 1.778078074430727 1.096958438265761 0
3710 0.798195902229955 1.521120092887879 0
3711 1.898709410200668 2.898487228179548 0
3712 1.881269203955615 2.902936024929627 0
3713 0.70504461815653 1.921130724483993 0
3714 1.996445305207488 1.763316151303432 0
3715 0.1903495493699321 2.564959180709989 0
3716 1.472409048520189 3.403830013485292 0
3717 1.50782189413365 2.340599202981914 0
3718 2.833982830096593 0.1774270133850306 0
3719 1.43753424022402 0.6027168916823555 0
3720 2.416975679143715 1.127012589162909 0
3721 0.7324653904009174 0.2308523025321068 0
3722 0.2957816845522503 3.384669471927011 0
3723 1.519858359508742 1.895219616904184 0
3724 1.026387816547105 1.590969127966354 0
3725 0.3637880369557638 1.920463839125463 0
3726 1.573114939483905 1.260796249924614 0
3727 0.0576717781222309 0.08149955713020218 0
3728 1.583043449411208 1.478010877769178 0
3729 1.74205212999337 0.03341470672643854 0
3730 0.5113477013394915 2.448761092046588 0
3731 1.613009596315304 2.679617196590293 0
3732 1.582623002256948 2.706558299441585 0
3733 0.8285884713776506 3.273285934846484 0
3734 1.834878445319982 2.151595539899021 0
3735 0.4337977852849481 0.05876283691821893 0
3736 0.4910209377521911 0.6404722203685618 0
3737 1.727420549294087 0.01822103481406612 0
3738 1.443278317419211 0.6836397520152497 0
3739 2.532431845841785 1.954089425287356 0
3740 1.718929756000787 0.7502854035784967 0
3741 0.3648536277251022 0.1194645365670457 0
3742 2.320560030883366 2.232964581463517 0
3743 1.059827502251113 1.364421337123349 0
3744 1.747141264183121 2.79669048283695 0
3745 0.08927311059432874 2.183461997129904 0
3746 1.474400115711129 3.21685121458613 0
3747 0.5781870873105539 0.124066329727063 0
3748 2.802927449056602 3.369393595750516 0
3749 2.67748746574697 2.168268957717714 0
3750 1.121176527630216 2.190456925236454 0
3751 0.05780784857629429 0.2227457404813196 0
3752 2.318125686287059 2.810151317335651 0
3753 0.4853679363427541 2.986288565864144 0
3754 0.6279200846349444 1.305323514667485 0
3755 0.6882184577466475 2.979457010518867 0
3756 1.712931471472547 1.979513394127327 0
3757 0.4459204254540104 2.411783774242513 0
3758 1.841413326444407 3.013060255151182 0
3759 1.7611 0.7364928130034981 0
3760 0.8210256935232116 3.327089850010565 0
3761 1.748176035204152 0.01790566011327721 0
3762 1.73955605784985 0.01258739234216866 0
3763 0.7958670687903184 1.413455695283523 0
3764 2.406901278762067 1.79520134934461 0
3765 0.09881773527225768 1.885844560818746 0
3766 1.032972298900151 1.309308995039896 0
3767 2.768396211121888 3.254541243323973 0
3768 2.768864349698847 3.303862216891985 0
3769 1.79785 0.1746476826890753 0
3770 1.341957100051686 2.306027028430324 0
3771 2.407124875066871 0.8849537923538988 0
3772 0.4639686511134861 1.046250022702463 0
3773 0.3861657214118506 0.1813935470055128 0
3774 0.1573320009215187 3.118160481889187 0
3775 1.076516062565234 2.85082717209377 0
3776 2.17028421402402 2.022837945739358 0
3777 0.4108774876297443 0.08430905349208451 0
3778 1.681431002922441 2.650243044408866 0
3779 1.624095896024909 3.391449113287175 0
3780 0.0397364073511679 1.533585167742388 0
3781 0.7652332271411899 0.9992328588007057 0
3782 2.013803242071869 1.902240152332617 0
3783 2.099700274445659 0.1437545081972533 0
3784 1.781428323196546 0.1175469563177307 0
3785 0.482135094859965 1.189854846569856 0
3786 0.4884596122120703 1.54324836618529 0
3787 0.5256148296227634 1.516305162494008 0
3788 0.1680905029591964 2.963219878823929 0
3789 1.464641626060093 1.179916265388924 0
3790 2.403003711233509 0.1608367663200725 0
3791 1.626787455230179 1.369267411001324 0
3792 2.416685904543654 1.338322127663104 0
3793 0.6713619634351585 3.094044373195776 0
3794 1.952729501599798 0.8398060262634301 0
3795 0.07668162503391196 2.627812356737647 0
3796 1.914127375003809 2.904187522549064 0
3797 0.03737296204911211 1.085240863415827 0
3798 0.06159566305173669 1.044934804678116 0
3799 2.263206652352001 1.085420300158205 0
3800 2.699602810327705 2.025354915590864 0
3801 2.58179421852501 2.990898150889581 0
3802 2.554091463063656 2.989438093946865 0
3803 2.206239924639715 1.837557406231647 0
3804 1.752469195153219 0.03084962847145589 0
3805 0.05791751915711973 0.9741241957143733 0
3806 0.6461738418096086 0.05295026800067215 0
3807 2.628437065192863 1.909260939733458 0
3808 1.247181267484383 1.632226791154053 0
3809 2.510837618740092 0.1766508617770004 0
3810 0.1628229787703064 1.709445606771288 0
3811 2.690123769528426 3.147625925783376 0
3812 2.381891854682256 2.492525541310473 0
3813 0.9760469853273077 1.384436739691523 0
3814 1.068623720111929 1.621924034334977 0
3815 1.924511058234901 1.721371286154091 0
3816 1.604704868373042 2.780861599299489 0
3817 0.04250749311363333 1.186367814997241 0
3818 0.1030191462555083 0.07400967547043313 0
3819 2.225661835716067 2.703281040330517 0
3820 0.4176376055831761 0.03324162878158665 0
3821 2.773353763018964 1.442191708159184 0
3822 0.6284567666064054 2.591819711060241 0
3823 0.1471504453379953 0.2894073497175176 0
3824 2.1658985915976 2.385055855050498 0
3825 0.1924824675324652 3.24913961038961 0
3826 0.4276878626231982 2.416330486891523 0
3827 2.244809729760479 0.0991930634398297 0
3828 0.9555575723644639 2.884980037910512 0
3829 2.8088553845871 0.3603094230274226 0
3830 1.738495032464022 1.153495468565862 0
3831 2.161741177596991 0.03760047449685011 0
3832 1.419023560341718 1.431569226048381 0
3833 1.362585292863589 1.442893686296375 0
3834 0.06335119708935144 0.1312253929499965 0
3835 1.581690808996228 2.113853895686562 0
3836 2.156336915513684 2.870429673963986 0
3837 0.6382529576607086 1.395928431833062 0
3838 1.896046047278945 1.621315565027959 0
3839 2.737983212537356 1.381925760407958 0
3840 1.101171712745221 1.481900740771137 0
3841 0.2205452205503724 1.846980435507835 0
3842 2.386418935770191 1.725556732003094 0
3843 2.423376828656002 1.729322254942627 0
3844 1.345216100345814 1.882757994965754 0
3845 1.910810737138121 2.933632203686146 0
3846 2.129297213782993 3.114483798431609 0
3847 2.531167693012648 2.595982384474365 0
3848 0.1926104773343149 1.566658607826215 0
3849 0.5936353422271714 0.6429339092328248 0
3850 2.255576611509022 0.9191546186819768 0
3851 1.799290508474576 2.3565 0
3852 0.3897935913791566 1.77597170169594 0
3853 1.384237373430285 0.6895201603699104 0
3854 2.154219529996846 0.4889936399621044 0
3855 1.535636646345038 0.2994032944486777 0
3856 1.566595204218616 0.263989775427723 0
3857 0.3240988587311766 1.624165284307673 0
3858 0.6364899695713898 1.222151527417331 0
3859 1.076894575014574 2.095950968311747 0
3860 2.407257175717699 2.159488344360339 0
3861 0.1461643808091002 0.3198741034895016 0
3862 2.108327542767872 0.03351905381004538 0
3863 1.258493359408762 3.135897430449434 0
3864 2.236485924244551 1.510268435914608 0
3865 0.7852210811666953 1.536749420115339 0
3866 0.3231072570284055 1.179082754228422 0
3867 0.6865431937750823 0.04748200195348362 0
3868 0.4760546674681099 0.02264954639090599 0
3869 0.4013855521766454 0.8011799287044091 0
3870 0.351465120906145 1.728557406170955 0
3871 1.957814579080011 3.447565116766095 0
3872 2.293159897007964 1.065247611519163 0
3873 2.600390489742667 2.131890973370229 0
3874 2.528571413818863 1.826810685482551 0
3875 0.960759096238294 3.343192287337492 0
3876 0.6572255105490449 0.1865987898071411 0
3877 0.7030655132268834 1.392010552218275 0
3878 0.9646111576668028 1.693320460756719 0
3879 0.7906439296812052 0.2949716144699246 0
3880 1.500811946764218 0.5061087353041549 0
3881 0.958923625110237 2.818593692769198 0
3882 2.576464765669613 1.185625829680447 0
3883 1.803410193280995 1.314498089053083 0
3884 0.4881737412062174 0.2767500000000001 0
3885 0.4300759774140582 2.07083239783791 0
3886 0.4259252381824288 2.048212226900856 0
3887 0.8445921153291985 0.5334262788588391 0
3888 0.6211078947218891 0.08643343543412052 0
3889 0.559449700140651 0.1564943346594769 0
3890 0.2294218981549683 1.552359009306487 0
3891 1.075370195484835 1.15015714907515 0
3892 1.450817967629099 1.348796031049142 0
3893 1.546538329238329 2.783194963144963 0
3894 2.564045312486305 1.128570572928079 0
3895 2.567913657952031 1.09933285531969 0
3896 2.080772419708794 2.25700949580507 0
3897 2.561414056783502 0.2645919652867059 0
3898 0.3602969711250996 1.572922540447058 0
3899 2.783645394445251 2.633285169621844 0
3900 2.510831700126006 0.8403821782816222 0
3901 0.2093568323128812 1.016500015486605 0
3902 0.1863389452428572 0.9875203293463906 0
3903 2.503067477163002 0.944803118337628 0
3904 1.085218609156712 3.39874735030961 0
3905 0.5053297902900173 2.552576649262824 0
3906 1.788156837777765 0.5739820289073465 0
3907 0.9977014854455868 0.3560228161281664 0
3908 0.2037284367730607 1.472308298883495 0
3909 2.572916666666666 3.4345597441623 0
3910 0.8513120357174022 0.6971649145888783 0
3911 0.3945562439068313 0.2574050960493017 0
3912 0.1138243696055732 1.058004418489848 0
3913 2.717534054583823 0.2567126116612406 0
3914 0.6437000000000006 0.4039221428571445 0
3915 0.4817981496948511 2.658296931250656 0
3916 0.4532097833419088 0.9888314414667196 0
3917 0.6253127988695619 2.424657965159835 0
3918 1.700171918497399 0.1663497819889359 0
3919 2.637190246193665 1.795272661290529 0
3920 0.9586826575418785 2.270705762744696 0
3921 0.3166841937671931 0.4087246846627977 0
3922 0.3927806781852399 1.20080023927594 0
3923 1.332846184367976 0.3778500000000005 0
3924 0.4726216992863613 3.209700981729337 0
3925 0.4720650387555582 1.177398270331656 0
3926 2.290432214098772 2.487177108001458 0
3927 1.161450599797912 1.930753118736273 0
3928 2.229252751134633 0.1830132434648872 0
3929 2.38652397876613 1.463654040632789 0
3930 2.338466765745375 1.488914533999908 0
3931 2.576074424059814 2.896686141877559 0
3932 2.175404107399133 0.1755782354931268 0
3933 1.770987073327575 1.436618083670688 0
3934 1.57304356709005 1.562342849695413 0
3935 0.5821255473865306 1.991994566611278 0
3936 0.5744442596040388 2.021229130292656 0
3937 0.5006791725089921 2.803460082946634 0
3938 1.632304613935204 0.1713608419363755 0
3939 0.3906709885867876 1.26538072470949 0
3940 2.107238828059777 1.384303454041402 0
3941 2.342753772276116 0.5190903521231314 0
3942 2.670279799952625 1.577356422291993 0
3943 2.193395561367286 1.487565784720105 0
3944 0.7810964516489033 1.466077787857021 0
3945 2.519202111370668 1.761621901347468 0
3946 2.703275842011158 0.2234785518199502 0
3947 2.688895536771899 0.220846087572504 0
3948 2.041014986997651 2.47542656111073 0
3949 0.3418273104582215 3.156599354323026 0
3950 2.1128742068505 0.2032717145756051 0
3951 1.689997570948575 2.682302052102707 0
3952 1.667887163617587 2.707163183327272 0
3953 2.306155894923628 1.832670125382835 0
3954 2.179320117719003 1.763539467879247 0
3955 0.7359275177851154 0.3249761665010413 0
3956 2.355380388608289 0.1471745126935786 0
3957 1.99630260141498 3.397407784432767 0
3958 1.671525318238674 2.872533349212204 0
3959 2.497173644069082 0.9787243517188456 0
3960 1.251374499975364 1.181177402508581 0
3961 2.030821105591769 0.1273596515563289 0
3962 0.04770799195645248 3.039031305092335 0
3963 2.667062473467031 1.491368022136475 0
3964 1.96243530328504 2.943266984184874 0
3965 2.36924999999999 3.37925 0
3966 2.400638590049945 0.4956971991151922 0
3967 0.02958502431851984 0.2523713638743532 0
3968 0.5833635769564398 2.973907103220659 0
3969 0.2574330655983046 0.4671644187126944 0
3970 0.7545423666434026 2.909708902939175 0
3971 2.232612883722823 2.364404475598777 0
3972 2.484529289836988 2.948867354839702 0
3973 0.8459224515484632 1.394157462908092 0
3974 0.5492870931870035 2.777637020021538 0
3975 2.090854486618772 1.685157046959057 0
3976 0.8205682203389869 3.235742406110016 0
3977 0.3813614439878683 0.618375456619765 0
3978 2.709525282158296 3.012519463068443 0
3979 2.539878708906732 3.272181124945524 0
3980 2.823670526796616 0.3956026249119657 0
3981 1.136141076849638 2.224050735252223 0
3982 1.975421616720585 1.521514482055261 0
3983 0.5415646771209601 1.178150145101484 0
3984 0.528121286467826 1.197202580847277 0
3985 0.5101342593406727 1.200312890743604 0
3986 0.497599486923512 1.200112213714678 0
3987 0.5046456590530749 1.190014968005396 0
3988 0.7957210453019259 0.323167685787364 0
3989 1.595559211601504 1.889347839859259 0
3990 2.65527607915276 0.1951368964104414 0
3991 2.639060691527841 0.1698316525541572 0
3992 1.020143525288508 3.171087758448731 0
3993 2.154174447290452 2.732260866186543 0
3994 1.459230357887038 1.381837220703585 0
3995 0.9420625133090585 0.6675046991454252 0
3996 1.427218995406975 1.756565467729454 0
3997 0.1952683692399486 0.6183676374983806 0
3998 0.3043950645305393 0.6219010064299049 0
3999 0.3948999999999989 0.04028028169014375 0
4000 0.4273245433040679 0.681419010755917 0
4001 2.310561911514303 2.78184890364206 0
4002 2.259577870017572 2.783326899512915 0
4003 0.8479849225911633 0.09807307482261374 0
4004 0.4626575942283756 1.778075359347573 0
4005 0.2491563757518307 1.911378961695286 0
4006 1.075992375266233 1.893331781449675 0
4007 2.013514814903903 2.244401797767951 0
4008 2.333138133182036 0.1583631418987776 0
4009 1.227515928676583 2.101223373974355 0
4010 0.4377289002842066 1.197853859106532 0
4011 0.707810701602369 2.566549310282877 0
4012 0.9610416227143035 1.242997898113628 0
4013 0.02496213693390037 0.5650678782295209 0
4014 1.48393986528558 0.4032693866501997 0
4015 1.855821277168603 1.253667234827923 0
4016 2.641314454854898 2.036855154742672 0
4017 2.568086457085828 1.432850571584105 0
4018 2.534663783336219 1.411197612041339 0
4019 1.769459394059166 2.440528915154061 0
4020 1.227083333333332 3.406642082484726 0
4021 0.07997852042619469 0.4710653543409116 0
4022 2.742474501953086 3.060548590863987 0
4023 2.026498161835383 1.199883883595177 0
4024 1.677939386702753 0.6890763960428967 0
4025 0.6330259554950523 0.3213997540287814 0
4026 1.307373072320066 3.403684681220571 0
4027 0.6326316425431622 0.8066286053929871 0
4028 0.848203416822145 0.3637085812141574 0
4029 0.8754362064255936 0.3682180801699066 0
4030 2.411766016094609 1.818465088703255 0
4031 0.994315531107845 1.844301798060686 0
4032 0.9590508309481289 2.855108211669289 0
4033 1.784778611682277 0.2398940941283969 0
4034 0.8672038880128535 0.3149283830901226 0
4035 2.233803273957903 1.004170045706281 0
4036 0.1342199173265639 2.586741139721657 0
4037 2.395207676138114 2.048089138560731 0
4038 2.49634764600282 0.858003095462796 0
4039 0.6635734870988235 0.3590783486135705 0
4040 0.6294831336691008 0.3494081415726242 0
4041 1.440811416708144 2.498565486201555 0
4042 0.7348723614928494 2.959962223071863 0
4043 0.326372130097099 1.289063352801866 0
4044 1.659200222601937 2.835307908007096 0
4045 1.91058600582831 0.7014814612957858 0
4046 2.311901107723803 0.9878145537871611 0
4047 1.270584835664948 1.409971935677581 0
4048 0.7358844335163315 2.56651797798696 0
4049 2.207272088598415 1.661717256165736 0
4050 1.829825713377327 2.709899999999999 0
4051 1.337452025270976 2.443109204249168 0
4052 0.1533133764923504 3.061589120564991 0
4053 2.150437724656795 2.065668112974667 0
4054 2.321171574472365 2.748444300854535 0
4055 2.519536461884792 3.107117504768226 0
4056 0.81543127932555 1.041877838449466 0
4057 0.9240951731839088 2.886490299735063 0
4058 2.086674612744905 0.2704720710601476 0
4059 1.200158188139387 2.579666640357456 0
4060 0.8851384341427868 0.2000809369263519 0
4061 0.8969897469753191 0.6856331594717064 0
4062 2.235308482871854 1.548120064698717 0
4063 2.731628321478255 0.4277470286614362 0
4064 1.045859740586858 1.138800787000381 0
4065 0.1276174789557707 1.704787323994283 0
4066 2.566440563337884 1.642980741092583 0
4067 1.299795796807969 0.4200614528189832 0
4068 0.5036546466949016 1.172071124111655 0
4069 1.713410107415102 0.5344834508772771 0
4070 1.663242324772263 2.558323119112538 0
4071 2.420690837007093 1.288405548980967 0
4072 2.350829047823166 0.9078321064501611 0
4073 1.128842319389693 2.499796059562134 0
4074 2.76574877326106 0.4621525588865874 0
4075 0.5082982021401528 0.9094311227698554 0
4076 1.680186062372649 1.283222352630581 0
4077 0.1220144961435432 0.2498441906566544 0
4078 1.790873034587989 1.163083892738953 0
4079 1.791793154178899 1.148569345439469 0
4080 0.801798197241975 1.109460466434093 0
4081 0.4425043854388411 1.118660727046694 0
4082 2.546141271184448 1.213499827582859 0
4083 1.597656717280715 1.236568447471867 0
4084 0.5911799927323649 1.114503360187159 0
4085 0.1062455114751628 0.3975778753913606 0
4086 2.509046978964228 1.907520267823175 0
4087 1.986298015489133 1.14077140530216 0
4088 0.7544879451094667 2.379426161470865 0
4089 0.4223975444918779 0.05694478725739738 0
4090 0.3264439071416541 2.895532927142779 0
4091 2.69145521477635 1.41344444029135 0
4092 2.542861829494777 0.2721063646931126 0
4093 0.0837035862740878 0.5921982701713924 0
4094 0.02187308834446511 0.3551629175946562 0
4095 0.6685781357798144 1.909187505621687 0
4096 0.5178835184852442 1.238711993707621 0
4097 0.8088986565468537 1.376996664525603 0
4098 0.25314785635336 3.182358638682263 0
4099 0.258594036868419 0.2718301109772652 0
4100 1.895525037961123 0.8304301462126608 0
4101 1.179548345693351 1.729383826634572 0
4102 0.9635491724839393 0.5217465892260198 0
4103 0.9390581337698743 0.4759689271156364 0
4104 1.680390589649785 0.6273565454963776 0
4105 1.669679113541303 0.58948537862783 0
4106 0.9856921918039361 1.928426063193217 0
4107 0.5412292247689899 0.03247564455000784 0
4108 0.9467575560242558 2.716877568205519 0
4109 2.337426481838722 2.300406357812763 0
4110 0.4397749718869182 0.1409175925526964 0
4111 0.7248126133811188 1.750350605076257 0
4112 1.977083816713752 3.083704859508063 0
4113 0.3302720185458863 1.546437326195393 0
4114 2.475409090592999 0.2954572932078827 0
4115 1.593279016444558 2.207221382487284 0
4116 1.145001235230948 0.5544634769604377 0
4117 0.7510759540175247 2.178670864025354 0
4118 1.732076535825703 3.057064669957794 0
4119 1.122861764581896 0.9605828436869268 0
4120 2.535674573289201 1.181792723038637 0
4121 2.023338614540466 1.963343964334705 0
4122 1.624907516435419 3.063161934418523 0
4123 2.651537652754866 1.208095404993426 0
4124 2.148202567435227 2.463554884120993 0
4125 0.2193809751434002 0.03977294455066582 0
4126 0.9419529693262928 1.194743524277184 0
4127 0.9102504915413969 1.198843415794826 0
4128 0.8669635947103288 2.82342816253446 0
4129 2.671073823422849 0.2148733053310465 0
4130 2.218472178681747 1.035141167489297 0
4131 1.231791300271913 0.5306785921216106 0
4132 1.18401654169517 1.65116382369678 0
4133 0.6255388670685722 2.667004480026255 0
4134 2.303116216321142 2.879541938327532 0
4135 0.1676287820124478 3.004380553543305 0
4136 2.434813788475904 0.8070236972503037 0
4137 0.777576713086493 2.813095120141168 0
4138 1.2108081634907 0.6616976671724402 0
4139 0.5644918397162858 0.9944342408882687 0
4140 0.5752163847987155 2.815919076626288 0
4141 0.3748766110047117 0.5115685873025944 0
4142 1.790541510541845 1.107429418223485 0
4143 0.589709804551908 0.2771288061967367 0
4144 2.74392873152801 1.784927606401572 0
4145 0.04353185411610472 1.277938726130684 0
4146 0.7081275118195782 2.511048951818374 0
4147 0.6984525161119195 2.516478543457449 0
4148 2.335518370912771 0.1159173455620999 0
4149 0.7821797602642857 0.8314365803387259 0
4150 0.2952645368059457 1.926225224952127 0
4151 2.387464704830655 0.1547981757034178 0
4152 0.7834623638775796 2.237440526337806 0
4153 1.922521037294901 0.1788455247987839 0
4154 0.1513040559506367 3.398146429359966 0
4155 0.8544647345244256 1.166051307364521 0
4156 2.079528527670652 1.491719914901743 0
4157 2.674359531882747 2.319762363533652 0
4158 0.540217392733945 0.08340412924133456 0
4159 0.4904861037344815 2.267790863664949 0
4160 0.4491391783594423 0.7450819402553265 0
4161 1.372449753662666 1.664708723868101 0
4162 2.285447672291975 1.020968681295421 0
4163 2.279409627926057 1.007687168722061 0
4164 0.1897522001340872 2.588812392756442 0
4165 0.3636998890389858 1.70398648476009 0
4166 1.746456944627041 0.03973748637822827 0
4167 2.506379839896765 1.25955718904503 0
4168 0.9389668275360652 0.8866394137412879 0
4169 1.295664624035611 1.806632019308671 0
4170 1.310343803706474 1.829413025383899 0
4171 1.031944364218803 0.6578009117200085 0
4172 0.2978535586372058 0.8142493431395711 0
4173 0.09318096505501794 2.564225857354345 0
4174 2.800978237987504 0.1943713008793226 0
4175 1.626938730587522 1.182290535767304 0
4176 2.548550677821671 3.153828317990126 0
4177 0.2340175189960609 0.3171657763568054 0
4178 1.338254191031389 1.071876470677228 0
4179 1.39054803613729 1.065380623875501 0
4180 1.425945852602636 1.05063850714233 0
4181 0.8791162735290257 2.636727214992225 0
4182 0.7340248918405285 1.212577780426785 0
4183 2.259381587323277 0.4625676193955666 0
4184 0.4195078762474531 2.456220650129448 0
4185 0.3579354164315738 0.2038900347709798 0
4186 2.255570177841665 0.5674184366387887 0
4187 0.4327576441749855 1.638814236580753 0
4188 0.612985723900372 1.677865990057285 0
4189 0.2159971824179578 0.4208060072939717 0
4190 0.669238899579354 0.6165982952490454 0
4191 0.4125923744834279 1.065847656353885 0
4192 0.3623485606727146 1.051413952784683 0
4193 0.6197627945891805 1.791075993713362 0
4194 1.351704024219632 2.912042243210884 0
4195 0.3510071299768955 0.7534713117117869 0
4196 1.00178428539335 1.813784206367036 0
4197 1.507087560288517 1.561249386096183 0
4198 1.474505573321437 1.551138394591767 0
4199 1.110432276012003 1.848891688243643 0
4200 0.2579384340957709 0.702160151468729 0
4201 1.925971067946883 2.910571416705462 0
4202 2.438787841315595 1.501789688793017 0
4203 0.343701652477322 2.562070371536367 0
4204 1.860668533318852 0.8276077379693816 0
4205 0.4076859542591476 2.624142133466443 0
4206 2.466949509756224 0.8218647613386045 0
4207 0.4157840990263466 0.1185364238683315 0
4208 0.3543151015657462 3.003550289745609 0
4209 1.735886334316343 3.110503903410917 0
4210 0.7276732039642404 0.09908310679247823 0
4211 1.346632159060076 2.271080994500282 0
4212 0.8082432522765499 3.193952216886835 0
4213 1.631050176566818 2.890607011778685 0
4214 0.9237684322480654 1.928796316499141 0
4215 1.797922525832401 3.363825265644696 0
4216 2.195430257469043 1.787374392395224 0
4217 1.865915414888907 0.7259906388893793 0
4218 2.104772086081947 1.722650441444538 0
4219 0.5076757262652301 2.020556762323631 0
4220 1.093919870833281 0.7048274276842401 0
4221 0.10389819056898 1.805261623600904 0
4222 2.770482805696913 1.74216886515887 0
4223 2.796600988875761 1.762404316857111 0
4224 2.766366575341627 1.700833958086445 0
4225 1.742762256654939 2.868349333401421 0
4226 0.8085760757085617 3.048374089073593 0
4227 1.497779087632979 0.317156070186059 0
4228 0.578602379786869 1.14406176919541 0
4229 1.62158081458534 2.956865033833842 0
4230 1.988289117428336 1.320908151708421 0
4231 1.825603683273843 3.204287525859776 0
4232 0.5898809068894499 2.864829195892095 0
4233 0.5198614190189019 1.191913289466616 0
4234 1.492157223604156 3.320263450197637 0
4235 0.8342943651961008 0.8616360626624811 0
4236 0.4874447579164064 0.3303144891574421 0
4237 2.396388721082786 2.914875738714003 0
4238 2.329703491130684 0.9474843288176291 0
4239 2.358449004544772 2.475046568307329 0
4240 2.591104913944713 1.12652149584553 0
4241 1.072038236978688 0.4580675696531815 0
4242 1.061822607946779 2.442028661020858 0
4243 1.201795979795549 2.198283089175384 0
4244 0.6898220734345568 0.15091383799967 0
4245 2.170933020843206 1.379676813039969 0
4246 2.128644910644203 2.94369722050884 0
4247 2.801200739430463 3.139011159557684 0
4248 1.712565322363907 0.6914956140712907 0
4249 2.333094075698229 1.348763640013711 0
4250 0.3850056745295785 0.3272144565210826 0
4251 2.189563937335415 1.586520833026989 0
4252 1.041149154576074 0.761386095710046 0
4253 1.824148478854217 1.247412732791117 0
4254 1.137080044156461 1.343746811952235 0
4255 0.706668485943331 0.2848331565419651 0
4256 2.75005201944172 0.2140990281744981 0
4257 0.6327565720697137 3.319839352281846 0
4258 1.384394744301011 2.791180859972104 0
4259 1.928764883498804 2.920093562357581 0
4260 2.035223008218936 0.7572586472803811 0
4261 1.818622822222101 1.471365169007908 0
4262 1.117461131795499 2.935888116379752 0
4263 1.107582473387746 2.886961504420861 0
4264 2.38671641431305 1.205494396513783 0
4265 2.417539259090076 0.04531923023691298 0
4266 2.378055310028592 0.04216852620899725 0
4267 1.694302208454648 1.018850792773172 0
4268 2.544746430367232 2.749587534561108 0
4269 0.1617452190899082 3.349373519107799 0
4270 1.868209479887583 0.06851821419970183 0
4271 2.489104359082257 1.038007917468448 0
4272 0.7004054991539749 0.4143867476432197 0
4273 2.698948153788785 1.311923242810295 0
4274 0.4548729648501739 2.309487996724044 0
4275 2.083483873638947 2.334568703397746 0
4276 2.124687441455596 2.325931327538059 0
4277 1.498862607515693 3.161155352109725 0
4278 0.6358427649749729 0.927513659433166 0
4279 2.79997680894685 3.302944420643467 0
4280 2.55964258349065 0.8392632688541488 0
4281 1.898843406773424 3.127721565739528 0
4282 2.034329050936521 1.291852957881714 0
4283 2.057412248777709 1.27321284633066 0
4284 2.270655110999726 0.5921879991449008 0
4285 1.859565885450179 1.850975409233961 0
4286 1.849557567865901 1.9074822754565 0
4287 0.8717967109438842 0.4405582173587956 0
4288 0.05641044886642854 3.170149844458075 0
4289 1.516208136540049 2.026636204838399 0
4290 0.6408929567661421 1.02179240133695 0
4291 0.7195178550724088 1.250731414219475 0
4292 0.4633417418100877 1.322237767941369 0
4293 0.3934374980595954 1.580857628250239 0
4294 0.3621553678270277 1.617037854695831 0
4295 2.132165103972031 2.801642861707758 0
4296 0.7826423225416468 0.3373274313165995 0
4297 0.5407612947527987 1.654367675039908 0
4298 1.217486499138398 2.480385481779385 0
4299 0.7169854343600565 1.123385048986989 0
4300 2.753094529396551 1.746319959645416 0
4301 2.503167311714366 3.074598880008681 0
4302 0.6457231812267266 1.0894129351447 0
4303 0.3714432829903476 2.35637898685504 0
4304 1.918110017348509 2.913936897474738 0
4305 0.8280280134616883 1.881529539944133 0
4306 2.219234063292694 0.5488913867348513 0
4307 0.8730749198060025 0.6063194725540115 0
4308 1.926704016059199 0.7533488230618732 0
4309 2.567944379954517 2.158046162432091 0
4310 2.537473913319889 0.06477560464856014 0
4311 2.796634707014512 0.1070835059818713 0
4312 2.824688496820912 0.1075966064673652 0
4313 2.836295409629444 0.1297103520415297 0
4314 2.821537878424936 0.1464292606995432 0
4315 2.804625955858041 0.149090663158145 0
4316 2.81998864805722 0.1560255093347338 0
4317 2.801569953783646 0.1526114605893971 0
4318 2.811747536910125 0.1488712835940063 0
4319 2.806370902070205 0.165191662092264 0
4320 2.800130920950544 0.1334370532015996 0
4321 0.07652695883958804 0.8229226755989659 0
4322 0.6591511273386592 1.764371390876247 0
4323 0.282462403542707 0.04597154635828105 0
4324 0.4070505441294268 1.531103926224998 0
4325 1.513566616736612 2.820726296359404 0
4326 2.021086474025699 2.188938605862707 0
4327 1.283079341663974 1.75092902555011 0
4328 0.0338687309133654 2.615954877952143 0
4329 1.208053049215258 2.005540840140257 0
4330 0.4290395352610505 0.07571906688884189 0
4331 0.2037438655695016 1.343533240028443 0
4332 2.484985588399685 2.90931409891703 0
4333 1.676345315448254 2.809258646748123 0
4334 1.790831610742225 0.997842943629893 0
4335 2.371225 2.805875 0
4336 1.293629201066018 1.476440008980041 0
4337 1.257791108832956 1.11528953144801 0
4338 2.118786457413921 1.654785650841006 0
4339 0.2251041056936844 1.74840381761643 0
4340 2.026991655436728 3.271339346549725 0
4341 0.4171724908982204 0.3640103907552152 0
4342 2.535778623148921 3.034006756043363 0
4343 1.268855690792722 1.342769784996276 0
4344 1.79637204219223 0.2127671852537556 0
4345 1.800496550013152 1.824340800179297 0
4346 0.8444974052950239 1.011835048180846 0
4347 2.645298596952902 3.267837403718652 0
4348 1.759370464943785 1.758026211096833 0
4349 2.613362941759726 0.8107135289269884 0
4350 1.875233879616257 0.22500589028703 0
4351 1.850479499892722 2.357857077211851 0
4352 0.2068953583193109 1.818248892321934 0
4353 0.805915482139659 0.6915959096009603 0
4354 0.4862068511018984 1.166262266572258 0
4355 1.814705825332168 1.717122749089846 0
4356 2.618047835678278 0.1144148238053013 0
4357 0.5004750402443708 0.1589130692331366 0
4358 0.284052646690895 1.629045398046104 0
4359 2.18215583896223 1.273787565657654 0
4360 2.744130275664781 2.418326997278347 0
4361 0.7742048099425234 1.907578499485454 0
4362 2.710614949731693 1.74746762741529 0
4363 0.1483975695599382 1.911587378062257 0
4364 0.1681026364540275 1.945174530036357 0
4365 0.1414562934169603 1.978154669497327 0
4366 0.6744982764985171 1.731118357245066 0
4367 1.126121412500963 2.435227499275034 0
4368 1.859508080071978 2.467226876631599 0
4369 0.184233004142234 2.245795543494303 0
4370 1.220040016509319 2.915556922406201 0
4371 2.071402523445267 0.8244280686947058 0
4372 2.017180098534925 0.5992540592551137 0
4373 1.144995955340037 0.3861293952216887 0
4374 1.66342301271106 2.415259561120597 0
4375 2.40881618706896 1.91350437601036 0
4376 0.5693341269856036 1.17295681836323 0
4377 0.02261155375570101 0.0988751306674478 0
4378 2.807275242966207 2.497675544433919 0
4379 0.6611343219707222 2.107990738013142 0
4380 1.898630101456505 1.327967179711543 0
4381 1.629881648641631 2.372305445524286 0
4382 1.958089914384136 2.884537861538769 0
4383 2.290229303351239 2.637893698176125 0
4384 0.8480987221709935 0.8885690262496191 0
4385 0.8719668894813244 2.079969151264952 0
4386 0.2196631122053891 1.798110065725498 0
4387 0.8822627541688656 2.002839720326244 0
4388 0.75908493273889 0.1770820844594991 0
4389 0.28957360234555 0.9972429625700008 0
4390 1.563224167845615 1.620320090103651 0
4391 0.6634643831454403 3.054565012192862 0
4392 1.540982031912688 1.154491425987816 0
4393 2.048543466677807 1.460723567290551 0
4394 1.587883955001786 2.011934631832793 0
4395 1.413011095005162 2.671513143129556 0
4396 1.310858225688647 1.529002628984051 0
4397 2.349457608470721 1.393266031765202 0
4398 2.33269103400045 2.613426512424793 0
4399 1.059632386955784 2.215402316683392 0
4400 1.97745648429085 1.695091398719111 0
4401 2.272451635670204 2.421637673065561 0
4402 1.393705879398492 1.589077096358266 0
4403 0.5777462715760002 2.92696095774136 0
4404 0.9390089231110104 0.9969515032523326 0
4405 1.914645876833857 1.237961441389078 0
4406 2.534591536004381 1.055071774012778 0
4407 0.301615956843678 0.3594148446656438 0
4408 0.3033912266694461 0.3225960819275546 0
4409 2.18070247517347 1.971670118101735 0
4410 1.536126514217141 2.218584046134871 0
4411 1.961013342874522 0.8590328511547408 0
4412 1.934229034838285 1.628418544295218 0
4413 1.009333847151973 0.2859297120033659 0
4414 1.169123092393277 1.996144900309428 0
4415 0.03949358141168924 0.1620275914622431 0
4416 0.049465072575958 3.222233506437408 0
4417 2.631813533134023 0.3206793509732799 0
4418 1.838181422843465 0.1169282938943312 0
4419 1.577841517290474 0.4408326282857482 0
4420 2.604951742831876 3.057617531875042 0
4421 1.872317409622701 1.539759328009765 0
4422 0.1201288094046344 1.907843444579452 0
4423 1.997635840223688 1.184144062794817 0
4424 0.4727622028847649 1.156143764187546 0
4425 2.717302040376065 0.1938220540030902 0
4426 2.697698902062349 0.1845102237092382 0
4427 1.761539366199892 0.01847611282627337 0
4428 1.463916341321826 0.4431309258690472 0
4429 1.657306056860039 3.133727547776494 0
4430 0.6826171421710274 3.166365488775822 0
4431 0.9584360292620504 0.6411834706751451 0
4432 1.777966372265186 3.425816231229376 0
4433 1.801685620839741 1.669081144350258 0
4434 1.516790797828287 2.509585485145077 0
4435 1.107492055542969 2.992412638975969 0
4436 0.1422928185215531 0.2702654128363839 0
4437 1.36581670994329 1.52000414698881 0
4438 0.5001743985309445 0.8429810719515016 0
4439 2.4143145 2.717374999999999 0
4440 0.6997437179419032 1.862601529338042 0
4441 0.8532561651811618 0.9454941892251186 0
4442 2.332066778006095 1.908236401364024 0
4443 1.962294465758398 2.355530782347266 0
4444 2.137351404349928 0.5639777726398552 0
4445 1.78908928874474 1.078475040123514 0
4446 1.791260511336375 1.059661159653891 0
4447 0.9124094658792549 2.281670948907607 0
4448 0.4146110586272382 0.9602975273116027 0
4449 0.7586185985768139 0.2496758047287 0
4450 1.459011960424665 0.6087562246214282 0
4451 0.6166843213499796 1.737765455552096 0
4452 0.6450802839270704 1.727352320676029 0
4453 0.1731116893934601 1.754857499670359 0
4454 1.211486590956453 0.4359692583981323 0
4455 1.767706506133914 0.1579527129795975 0
4456 2.243434933842733 1.124496914065238 0
4457 0.287313645119923 2.013683878093567 0
4458 1.531203471145087 2.554099580177446 0
4459 2.194554106026221 0.47908519489122 0
4460 2.55273814082155 1.086234549573791 0
4461 2.429560782625263 2.959597824673811 0
4462 2.431019061262599 2.996140802095845 0
4463 1.221190812886219 3.281821746086336 0
4464 2.481215650163249 2.012681586079449 0
4465 0.9359646789969656 2.377810396459907 0
4466 0.7948448638062964 0.2773737687294759 0
4467 0.7935235982514791 0.2479568067775291 0
4468 0.4911822676012283 3.053854633741497 0
4469 0.1368050730715269 0.9974919094096851 0
4470 2.010554804848932 2.957449613485723 0
4471 0.558646773026644 1.315444025878987 0
4472 1.981647237396742 3.239192870309278 0
4473 0.209931292746953 2.705020841786962 0
4474 2.09893941554398 2.302955341397749 0
4475 0.8055052960695054 1.398856928473034 0
4476 0.9403575948964999 0.4376419353432599 0
4477 2.391495641669609 1.133458538289874 0
4478 2.528648985008519 1.17168567900104 0
4479 0.5995059748890749 0.4407205794699969 0
4480 1.301636005807483 0.3406640618894923 0
4481 1.988197193979785 2.76380856699779 0
4482 0.3282453531109966 1.00309710905061 0
4483 2.1773346076125 1.448031744483473 0
4484 1.393575992320704 0.3734987772403482 0
4485 1.144397969058765 0.4536460098283157 0
4486 1.877521509093819 2.92667319952857 0
4487 1.740021955476209 3.202945726775424 0
4488 1.754339060329846 0.5661497202309789 0
4489 2.099569904200275 0.8647088779480754 0
4490 1.611899175287932 2.822838809844338 0
4491 2.833622460017451 1.062852602500723 0
4492 0.7621942075785025 3.004719745309065 0
4493 0.4331824140719823 0.2574913399450631 0
4494 0.9573109163973816 2.480211315306117 0
4495 2.782560312656906 2.58127894525362 0
4496 2.8232 1.154591315390036 0
4497 1.730796353368205 0.03641167897319431 0
4498 0.7795449097816489 2.860649676626676 0
4499 1.48970237297622 0.5824752407180804 0
4500 0.7788965184099168 1.650891011034866 0
4501 0.7442667851807997 1.649797185869423 0
4502 0.9881538741525131 2.172718914017282 0
4503 1.008235397967457 2.157010648439904 0
4504 1.007216337326878 2.118329748217018 0
4505 0.940109446288782 2.161748288671425 0
4506 2.435348529357704 1.098703407982945 0
4507 1.345416195300514 0.7875042610889528 0
4508 2.618146134285105 1.404038430580473 0
4509 0.2780216897654086 0.1591942160638782 0
4510 0.2501854385335989 0.1548443917990645 0
4511 1.732311187692079 1.502033488941483 0
4512 2.406662074759074 2.327419194807265 0
4513 1.114712027672756 0.8628989560972016 0
4514 2.345630679618091 2.069404929020191 0
4515 0.4555954750001192 1.945612695405362 0
4516 0.1830281145928594 0.239641719479577 0
4517 0.175700507855503 0.2642660095884666 0
4518 2.607629474397442 2.219259176265608 0
4519 0.02556194335816575 1.478158197087402 0
4520 1.429148014734914 1.987125192773357 0
4521 1.385629602946983 1.972405038554671 0
4522 1.46038750561228 0.5032109902194661 0
4523 0.9118980845071087 2.634748122260081 0
4524 0.09326291199316139 3.054982568633839 0
4525 2.572853601189568 3.036629986304833 0
4526 2.134869902721733 1.791337894721054 0
4527 0.5670320948972879 1.085737619978616 0
4528 2.414506920642089 0.8127133405233715 0
4529 1.9420538763938 1.986044782504413 0
4530 0.4830713420343723 1.697485398749586 0
4531 2.104985089943705 0.1026632595875019 0
4532 0.4135116283573117 1.193454661682131 0
4533 2.356689512868965 0.06344349771172708 0
4534 0.6679216624702978 0.2765510202887715 0
4535 2.638833093767289 2.147628665326611 0
4536 1.791229404536053 1.371967263006137 0
4537 2.475914022149912 0.06881990723022469 0
4538 0.2768534535652651 0.2264487375257713 0
4539 0.2111407757508919 1.389000843904332 0
4540 2.779740619136907 2.708922708043633 0
4541 2.542020010216182 0.6134390326610135 0
4542 1.908729561426041 3.008783287688643 0
4543 1.204465733379868 1.800469997205586 0
4544 2.332060122908072 2.544562484295983 0
4545 0.8832991555130636 0.7780616425163835 0
4546 2.7504375 3.180875 0
4547 1.560945112774954 1.236703323854956 0
4548 2.264490646924606 2.734358164393432 0
4549 2.431597402953516 2.777171343373516 0
4550 2.316991496617689 1.151262658799894 0
4551 0.907391734714771 3.197152461870005 0
4552 2.037893372330177 1.874802954660821 0
4553 1.701277967589448 2.082498463592661 0
4554 1.085230501261693 1.212601307505739 0
4555 1.780501518660929 2.508077062456826 0
4556 0.8648117920127317 2.264827189227557 0
4557 2.017627772682713 1.422288484948567 0
4558 1.940300328443219 1.541081379186269 0
4559 2.778552265694754 0.3142282781043311 0
4560 2.712556208254521 1.838026612533588 0
4561 1.672034388951402 2.600782065336148 0
4562 2.329227314787381 1.184392398542298 0
4563 2.321744313139562 3.015400589123202 0
4564 0.9110444303348822 0.2970347391760879 0
4565 0.7428475388358823 2.507981203775576 0
4566 1.13260958720807 2.263914539960034 0
4567 1.294802760669319 1.34434540792819 0
4568 1.597323138000803 2.642948975508201 0
4569 2.493309240082305 1.195370225454004 0
4570 0.9488558538130979 0.9161982519825118 0
4571 0.08798454383615395 1.833514984917387 0
4572 0.2988505418091463 1.107330570356426 0
4573 0.3975183462568208 2.194153578326488 0
4574 2.561169537991706 2.018862920962675 0
4575 0.5509139106372364 1.184190376454443 0
4576 2.309645592606571 1.697426777989063 0
4577 0.542539016672726 2.479825096585027 0
4578 0.7189634971357474 1.009341066683443 0
4579 1.770196894727421 2.393972524455819 0
4580 0.4794020414912152 1.195918968491915 0
4581 0.4793121296067712 1.202998741580324 0
4582 0.4890527161991385 1.205372222383094 0
4583 0.4824915519794728 1.206564887339736 0
4584 0.4901884007417552 1.200911463495343 0
4585 1.880053039203196 2.22171462049871 0
4586 0.5360184109090431 1.972597995795821 0
4587 2.711542440698318 0.2164294255276684 0
4588 0.6476742271394549 0.3672311160449677 0
4589 1.518845851572388 3.061709189360654 0
4590 2.367562444013134 1.531308402641181 0
4591 1.624866047179138 1.840799146934619 0
4592 1.02116912940183 0.9154884181130383 0
4593 2.513315792977869 0.1382165789894727 0
4594 1.716709004044995 0.1318294683131327 0
4595 1.455030911396483 2.71966981657388 0
4596 1.436196578861137 2.455892246396205 0
4597 2.297276111218504 3.274042555297257 0
4598 2.288035007677641 3.231125 0
4599 0.04087767757991001 1.154483733332082 0
4600 0.1326923468554344 2.536013082353859 0
4601 0.1508204359455059 2.54551375328836 0
4602 0.149346011359822 2.564980839836771 0
4603 0.144788265579511 2.534978343734607 0
4604 1.742191120953842 2.832826352654111 0
4605 2.547920237625535 1.174936113207647 0
4606 2.490772886793824 0.6359780917142848 0
4607 0.2621103868905927 2.887121970952453 0
4608 2.585683975690647 3.009810749336736 0
4609 0.1086709419714507 0.2892611495548545 0
4610 2.268223368162024 1.012103395814027 0
4611 0.6347104479303063 1.931948403118216 0
4612 1.584640332072891 1.970582140338741 0
4613 1.586778049776442 1.167591262786742 0
4614 1.308641132032232 1.91143919837615 0
4615 1.31554747010754 1.945447035762331 0
4616 1.303922001778847 1.960735136699505 0
4617 1.060842861753206 1.584285129388298 0
4618 0.5355044156862077 1.687656230254316 0
4619 1.624453769236387 1.91281418133196 0
4620 1.670814320410749 1.919415437172945 0
4621 1.543580766941857 2.94587350138154 0
4622 1.284346842076419 1.115076575514489 0
4623 2.477214228759755 0.987446196326077 0
4624 0.08310638202166887 0.2936854103799216 0
4625 0.4521000829677982 2.597898349903944 0
4626 2.186247145049186 0.2885830112488181 0
4627 2.225987551886715 2.596365733254226 0
4628 1.930369979639137 0.5475129562241428 0
4629 2.573069432441685 3.189227661029836 0
4630 0.6241941168527911 2.856154158869729 0
4631 0.03826603881213586 2.51598029860008 0
4632 1.76627552208681 0.6813629058328843 0
4633 1.324829556230843 2.360071867434261 0
4634 2.607475849957638 2.019632559311452 0
4635 2.391715238662895 1.988649788388501 0
4636 2.420872714613239 3.431413326468225 0
4637 2.458070606967803 0.6468603891220464 0
4638 1.997554695519716 2.080666705192841 0
4639 2.429619519779432 1.242652205598629 0
4640 1.071343784628012 2.591123850626399 0
4641 0.6520620379975075 1.452437730870712 0
4642 1.282803926625214 1.606713395522484 0
4643 0.2424868744310842 1.144636721041871 0
4644 0.5203296528197737 0.7702058848567763 0
4645 1.896850743406063 2.9396336742204 0
4646 2.065486610466746 1.524594113571879 0
4647 2.678454983569906 2.745989324286344 0
4648 1.834976780304168 1.992133317715222 0
4649 1.664548944804527 2.757953742926493 0
4650 0.361933545892551 2.836958309240183 0
4651 0.1169028086664565 1.12876343667857 0
4652 1.307267894274379 1.289786490146471 0
4653 2.522048660270299 3.383992804276147 0
4654 0.7399352282627826 0.683888110104381 0
4655 1.480815964858062 1.396996230942939 0
4656 2.506978929568937 2.468153503793848 0
4657 2.816468605268785 0.13874067326819 0
4658 2.262991071428572 1.773975 0
4659 2.01795 0.6553817567567564 0
4660 0.420130478901485 1.70232877609251 0
4661 1.876584587794099 2.695298217083761 0
4662 0.08401874825300992 0.1969794245323997 0
4663 2.489032807473112 1.537864561792372 0
4664 1.235546736650979 0.737460813246438 0
4665 0.8975110310421259 3.235867118742784 0
4666 0.8639578584695622 2.78294839474176 0
4667 2.154433534845017 0.08321409058534579 0
4668 2.811755794764084 2.086467357752073 0
4669 2.215755484107077 0.1634118005810032 0
4670 1.853695617202165 2.06569456999444 0
4671 1.197191604497696 2.065250568759329 0
4672 2.566991468096592 2.078032991140249 0
4673 2.604293613496762 2.076065863933121 0
4674 2.199191054649411 2.883723337746456 0
4675 1.303968815382102 2.66500255790956 0
4676 2.508137070911743 0.5903341211408835 0
4677 0.212201174790724 1.580840740643473 0
4678 1.855450920543751 2.950159947917725 0
4679 0.5655793552703241 0.6142438222463276 0
4680 0.2280068557403221 0.2308376384691782 0
4681 2.498963690961077 1.702939052933843 0
4682 2.311455154794265 1.761470094922514 0
4683 1.101208217391305 3.064132465217393 0
4684 2.388535841546179 1.657292910901303 0
4685 0.5162259055303861 2.052317480685349 0
4686 0.3404983818742389 1.617472994770228 0
4687 0.2269829398914118 3.003259963684188 0
4688 1.460470848816579 2.627467490124147 0
4689 1.077632472436466 2.004675714856145 0
4690 1.888465418753877 2.16254075792798 0
4691 0.9068336119989054 1.810802085632049 0
4692 0.820732753933951 3.392465497481974 0
4693 0.05437256835250381 2.489108122585159 0
4694 0.5681190601846362 0.7003888621766134 0
4695 2.296465072490294 2.922005985656995 0
4696 1.99055093599421 0.1090632150319459 0
4697 2.427643848908018 0.9514942684617997 0
4698 0.8534417779518041 1.811625943862831 0
4699 0.6208144877454553 0.2954089054108424 0
4700 2.483265294445997 1.882874801639138 0
4701 0.7959627619848497 2.780073019092166 0
4702 0.9341345158008145 2.830953639402458 0
4703 2.453262918261349 1.1503455014511 0
4704 2.657129014276272 1.831201067595339 0
4705 2.508646755034435 2.396192387804099 0
4706 0.6284298915091441 3.403372253762385 0
4707 2.301502853558754 2.17257743385843 0
4708 0.3724975133802704 1.583789797428186 0
4709 0.8690055446766352 2.341124702088069 0
4710 0.663068701210341 3.012182234834921 0
4711 2.775750759026272 0.3652252596243191 0
4712 0.5481235080003428 3.379172270749559 0
4713 0.08701979123845605 0.3325220559424815 0
4714 2.345059255439708 0.8195620101894314 0
4715 2.50845113743448 2.98525435191155 0
4716 2.180762001515119 1.551298899999633 0
4717 2.156217659046086 1.541441236069539 0
4718 0.52251444435766 1.353470626027833 0
4719 1.389368888354094 1.411753576491682 0
4720 2.608811965919573 1.335398930594811 0
4721 0.03442969545206798 0.1821603647006376 0
4722 1.06612063259101 2.268164652716908 0
4723 0.4610723388068292 1.142490619657098 0
4724 1.446793544695021 0.6591759513553468 0
4725 1.432491453284638 0.6436497535346066 0
4726 0.2637705134444823 1.306170756758593 0
4727 1.115832044520913 1.439421091447429 0
4728 2.772879688443623 1.491172647460774 0
4729 2.811450606385329 1.462035922114811 0
4730 1.93603238250431 2.117339251696944 0
4731 0.223055944717766 0.3480832947725105 0
4732 1.279463217341035 2.369210982832016 0
4733 0.3294360778551053 2.494714159759766 0
4734 2.414141604675876 2.652613177470776 0
4735 2.565822836347345 1.2575 0
4736 0.274611535923033 1.806747416480563 0
4737 0.2435118043547304 0.7556394273152883 0
4738 2.548382130876254 1.381826463399572 0
4739 2.313097191693853 1.984216980312011 0
4740 2.295703892897154 1.154291495079927 0
4741 1.643029501585417 3.032327403100336 0
4742 2.201258279287341 2.960803365038272 0
4743 0.6150019540369337 0.7605543363525242 0
4744 1.870271020464879 0.04146485467485617 0
4745 2.701649619396287 1.767554501975298 0
4746 2.667889639722213 1.770011505759262 0
4747 1.168109274376402 1.868788167559309 0
4748 0.5241043643659251 2.59385573185596 0
4749 1.871073333333333 2.295225 0
4750 0.1790870078474958 3.142144761830857 0
4751 2.269467658480687 0.1663680506573624 0
4752 2.257093484442389 0.1487224764084922 0
4753 0.1895833464553707 1.248299624641054 0
4754 0.996248047950984 1.890431515798304 0
4755 1.321870750388661 3.289090621462833 0
4756 0.3655202189184403 0.2542139842584412 0
4757 1.906029659944132 2.474509652256292 0
4758 0.1597722621831454 1.495252937055138 0
4759 0.6778278956370093 0.2178638618141113 0
4760 0.2383290497291641 2.953039921485982 0
4761 0.9631669114902555 3.397226746155523 0
4762 0.9665721496135784 0.6889506309118802 0
4763 1.859178873522778 1.352261863167432 0
4764 1.889354273931451 2.772013597129352 0
4765 2.3206131462101 1.020595444362717 0
4766 1.543852061354836 2.494736982951512 0
4767 0.5930659031252902 1.653580548252848 0
4768 2.23324879207662 2.0380859635673 0
4769 1.360287758273962 0.5483436915341899 0
4770 1.358101256400852 0.5049125525206832 0
4771 1.305067381115139 0.4995920422544933 0
4772 1.948011771749975 2.498481022982434 0
4773 1.390539358629805 2.250907137539143 0
4774 1.242493984457425 0.5740559516082508 0
4775 0.9126571277809254 0.6042117531585038 0
4776 1.66018001346243 0.2862753261488238 0
4777 1.829031658281288 3.112064016772123 0
4778 1.348195312396713 2.004080463175669 0
4779 1.258179085430084 0.4982265374733736 0
4780 1.328047522335218 3.135733214907138 0
4781 2.418354778992003 1.4187 0
4782 1.319797285197736 1.928390143169477 0
4783 2.116104782447514 2.606704588436037 0
4784 2.69088916341274 2.925057996490768 0
4785 1.084545930294465 3.336934002644401 0
4786 1.731440403889921 1.189118461007087 0
4787 1.078556768060603 1.964743254388506 0
4788 2.546669858965271 2.544417815785793 0
4789 0.1867414059119512 2.21911883622209 0
4790 2.372605655173315 0.1076577576363638 0
4791 0.07036721644189026 0.6140866968135086 0
4792 0.11209231846364 2.339921389621306 0
4793 1.819022404966205 1.449859094701896 0
4794 1.901315732906232 3.207231893948619 0
4795 1.911569529785917 3.236913216283202 0
4796 1.554583659826297 0.3747151096994905 0
4797 1.736502557534618 0.02226174988821183 0
4798 0.6624049565358638 1.136352327460615 0
4799 2.540515991355611 2.971948302743523 0
4800 2.335378938692181 2.375357934658172 0
4801 0.2031353766170174 1.863639855133719 0
4802 2.160030981051409 1.697359122051677 0
4803 1.015857867094838 0.9991295225179406 0
4804 0.5286839225295736 2.76636925177998 0
4805 1.79076466100262 0.7392023753888695 0
4806 1.359526191710622 2.742158444862748 0
4807 1.348416315125044 2.711475440964266 0
4808 0.6013328303749903 0.8414237820194581 0
4809 0.4763731382336732 1.185151754342487 0
4810 0.5906862103365963 1.699134488410121 0
4811 2.692352239832431 0.207232123750233 0
4812 1.889934744898494 3.296868993055954 0
4813 2.405692686360314 2.948431297071581 0
4814 2.639445844051457 3.234876935151449 0
4815 1.578777998602517 2.148431480796186 0
4816 0.3368791679157126 1.037961066285352 0
4817 0.03925340596330984 0.4979925651266062 0
4818 2.111716126793857 2.064967354878146 0
4819 0.1248988353502964 0.02149533135005544 0
4820 1.953103130049636 1.139535001562487 0
4821 0.4102980827153175 0.2023852219631936 0
4822 0.4370058219840769 0.1779814648770834 0
4823 1.915480705841977 2.157678919730066 0
4824 1.937679906468112 2.147799219143752 0
4825 0.5243836301307779 2.636736120336091 0
4826 1.905071877209091 3.088736617086487 0
4827 2.210096310984562 0.1302114888439312 0
4828 1.615963257354539 3.338821214196909 0
4829 2.787318107263738 3.032114577495924 0
4830 1.472613854676809 1.118661629821901 0
4831 0.2347968584619009 2.172414301671191 0
4832 0.2300963945355594 2.146505373764096 0
4833 0.1320569481664149 1.85861533006182 0
4834 2.697885608090994 3.207524284072906 0
4835 2.711940452115236 3.230061418051519 0
4836 0.8823751062567974 1.418717515723736 0
4837 2.7153125 3.133625 0
4838 0.9797369533541559 2.316879283907137 0
4839 0.3436197504849821 3.091363031891384 0
4840 1.235666359411966 1.203801340155745 0
4841 0.7992823666999429 0.6150585361148573 0
4842 2.214198405237229 1.531213479295864 0
4843 0.8030825781692776 2.638776058906176 0
4844 0.7208192835592659 1.86718594836874 0
4845 2.243296623976389 2.655251539672464 0
4846 0.1298456745235264 2.506066308943935 0
4847 2.27522200731574 1.08493950639606 0
4848 2.409261873007503 0.856741075001886 0
4849 0.243285153482218 1.726684846570552 0
4850 0.2430560456298636 1.705184939582003 0
4851 0.4822548634980736 2.426341430143895 0
4852 2.224461937113952 1.970554818974177 0
4853 1.123824160154925 2.344243850073448 0
4854 0.7232401610853105 3.272950615656316 0
4855 1.759059384472843 0.5202768534016744 0
4856 2.347910044005507 2.401064375167717 0
4857 2.535542637969175 2.196492000307687 0
4858 2.51691548672966 2.24013836905626 0
4859 2.789066337550828 1.592863785830736 0
4860 2.525774784606596 3.023119476822591 0
4861 0.6428419405035392 2.272370380887242 0
4862 0.4150000000000182 0.06088466698475625 0
4863 2.398430754803981 1.051197673367715 0
4864 2.234177420896819 2.008436337533129 0
4865 0.2309998246182039 1.22760315972622 0
4866 2.025732452496432 2.436385209418167 0
4867 0.9047882419818596 0.7558902430756582 0
4868 2.417887524318343 2.561906505997342 0
4869 1.145140918419657 1.626325197423846 0
4870 2.175443219973947 1.856417145574402 0
4871 1.833870928082668 1.761299372984356 0
4872 1.745099809177925 0.2520466801127765 0
4873 0.1917751898576434 0.9136041026903959 0
4874 2.035892325154339 3.331875456594642 0
4875 1.684191953134926 2.469222066541851 0
4876 1.495236299781399 0.6721428680314463 0
4877 1.755427355606541 1.229960442799057 0
4878 1.213569948903487 1.754486909369774 0
4879 2.463032746868454 1.812414564523802 0
4880 1.912967828200972 1.768424635332253 0
4881 1.496449824700337 1.115574197791961 0
4882 0.3529356065945175 0.4320999409271873 0
4883 0.04111665129117448 3.273263680424275 0
4884 1.6666730508021 0.6454366509712046 0
4885 1.570272739281582 0.6349763838616633 0
4886 0.4663877386877004 2.489388654833522 0
4887 2.313337325942232 2.724736881873734 0
4888 2.443635485796666 3.398171480009804 0
4889 1.979480870908036 3.41234357037871 0
4890 0.3896238905849785 1.716705792898868 0
4891 0.2538131525879461 1.013019067891554 0
4892 1.761237945148157 1.662306833089501 0
4893 2.507988234446318 2.853530572552106 0
4894 0.8377818579834126 3.252656581264953 0
4895 2.524797836710813 0.2892684977377555 0
4896 0.2927440572673272 0.5391399793263525 0
4897 1.636582803178298 1.227465352257593 0
4898 2.49914160356252 1.027786685824473 0
4899 2.253939994977456 1.000787221186608 0
4900 0.9329625182521142 1.032230716620007 0
4901 1.430209128985796 2.7323702961142 0
4902 1.78376408171395 0.6187250124363337 0
4903 0.1408968144959521 1.038948715545488 0
4904 0.8378237733918349 1.371469344181464 0
4905 1.463733136595226 0.6884815069994101 0
4906 2.255115480881687 1.088586250588018 0
4907 2.488093047365406 1.77355657422755 0
4908 2.500951783154853 3.404485249201676 0
4909 2.28821764592976 0.09890461254834637 0
4910 0.5009152837248492 2.299724438824147 0
4911 0.827122449264967 3.094763363883459 0
4912 2.28958627554589 0.440603922916543 0
4913 1.059542641971471 2.065525569470657 0
4914 0.2466833554397743 0.9544380336428565 0
4915 2.211084594931503 3.029823044371036 0
4916 0.3017089723969111 0.6715328961014442 0
4917 1.19540469355006 1.427637260162508 0
4918 2.009434864080755 3.411956121029873 0
4919 1.655014313790361 1.690408091052015 0
4920 1.617528124994348 1.689628850361068 0
4921 2.647846528553523 3.097508727130845 0
4922 1.08190621707416 0.8602665355261384 0
4923 1.329040602587882 2.255159397412119 0
4924 0.2499294141477524 1.276179305745252 0
4925 1.386400137629026 2.314367103326335 0
4926 1.313802271362349 2.302300823773122 0
4927 0.2181834786815542 0.6771697970774391 0
4928 1.609639179320179 1.238817111867967 0
4929 0.06270022693977451 1.311793470641139 0
4930 0.646719829880801 1.551527479458395 0
4931 1.891743120706383 0.7717108135422719 0
4932 1.899791062388907 0.7965232047532588 0
4933 2.41500613798231 0.2408250071029023 0
4934 1.977766398560347 2.216168176186982 0
4935 2.591228140256628 1.699538443876123 0
4936 1.63848432176452 1.256597264420713 0
4937 0.944938990660144 2.948027331383639 0
4938 1.413802734688416 2.79235605677657 0
4939 2.099959286793447 2.110140479054077 0
4940 0.05930298252681587 0.2710755469221329 0
4941 0.6625147498171081 1.845118848054677 0
4942 2.134677324117998 3.02332880999693 0
4943 0.05700759021703727 2.249628035869264 0
4944 1.906714373864052 2.924495826019724 0
4945 1.905961568561781 2.912888672931387 0
4946 1.742737943918476 2.620371739837934 0
4947 0.745010008169768 0.9700330242662056 0
4948 0.2819375968188806 0.2406757981542662 0
4949 0.2909480070913255 0.2569053309216593 0
4950 0.3135254613815894 0.2571462121794947 0
4951 0.27849680619379 0.2721833812566723 0
4952 0.9707449303612721 0.5647709345141592 0
4953 2.51121106807427 2.343128611071962 0
4954 1.726578075893239 0.04782379808138137 0
4955 2.232784337984313 1.284921436914057 0
4956 0.3806832302607697 0.8359659685496361 0
4957 1.921144973307881 1.951820406005413 0
4958 0.09079503775996511 2.408234775417378 0
4959 0.4167730861986461 1.147107222270141 0
4960 0.8760523008581689 0.6546643472105764 0
4961 1.027488717679346 1.367586542229839 0
4962 0.8723782725444889 3.248222756999888 0
4963 2.359284897677131 2.447267332306003 0
4964 2.79843596602267 0.5065495885100586 0
4965 2.771417058568033 0.4959045173923027 0
4966 1.122868933511964 1.785349195702722 0
4967 0.433502789086869 2.652963472091672 0
4968 0.8228546772906886 0.2633454782356546 0
4969 1.247031258767142 2.982498456668677 0
4970 0.823322017627929 1.700065159733887 0
4971 1.008972029570549 3.119618573917713 0
4972 1.796750779783067 2.181049984194437 0
4973 0.6706512212150577 0.5576552230074003 0
4974 2.352683693387962 1.748520116196569 0
4975 1.624990702159362 1.546389721269115 0
4976 0.186965954477053 2.524045084250051 0
4977 1.797612710815811 1.511537343962009 0
4978 2.304809029977367 2.676465923383268 0
4979 1.74200160306229 1.286319285694059 0
4980 1.896424024239056 1.714265061284427 0
4981 0.4915908907908393 1.19607200754562 0
4982 1.699436174242424 1.465132438988698 0
4983 2.698425333427309 0.219127320479175 0
4984 0.8598032702927809 2.38158830711613 0
4985 0.879729193860444 1.336803738691015 0
4986 0.2862698957213761 1.36845593928607 0
4987 0.5755601772157575 0.3693581128967844 0
4988 1.120803500327852 2.041978416365371 0
4989 2.596150670498044 1.772451238863723 0
4990 2.794198858839541 3.335424433736465 0
4991 0.1135096319672271 0.05707065053829674 0
4992 2.262371865363847 1.054822874260906 0
4993 2.688704590856506 3.35512459332986 0
4994 0.6034629437831343 2.902457704674219 0
4995 1.466435061255224 2.294033038658462 0
4996 0.8660405559751527 2.873070743269452 0
4997 0.6463991000577521 3.241749170601214 0
4998 1.747552555374636 1.529682879034586 0
4999 1.679982847346919 0.4395387267712534 0
5000 0.6689645207725661 0.08186770354611905 0
5001 2.318897337006419 2.845177140775431 0
5002 0.5262998820017468 1.074501070385255 0
5003 0.5219198755257055 2.968820918201968 0
5004 2.662316673794112 0.2093307184024655 0
5005 2.157800483066796 2.674711607151965 0
5006 0.4838632747203349 1.203866552080757 0
5007 0.1995206264159595 1.286744646337385 0
5008 2.28790832741666 2.723261393659997 0
5009 1.987593625163311 1.281376925945852 0
5010 1.206316921623071 1.484574711482493 0
5011 0.87914690184069 1.261812583809851 0
5012 0.8459382669527817 1.46449893164164 0
5013 2.484776358839809 1.409407169415214 0
5014 1.058394663650997 2.514441422070362 0
5015 1.063774851629478 1.42782236440458 0
5016 2.007870457201189 3.146827490837802 0
5017 2.265888033574138 0.5092631211612599 0
5018 0.7485779072491296 0.3012023648555107 0
5019 1.569559836123057 1.166846411555649 0
5020 2.745809225360613 3.115664234273252 0
5021 0.4515231033091762 2.337852636193704 0
5022 2.320580490196799 2.036774764455198 0
5023 1.209327824438727 3.340703803175487 0
5024 2.604548332196799 3.12635680783599 0
5025 2.013459401367073 3.176381945282388 0
5026 2.409297361203903 3.042184072143409 0
5027 2.311293553320364 1.107565008008979 0
5028 2.831268370506655 0.7379748646112143 0
5029 2.827772481328738 0.7175982248248109 0
5030 0.5946302401661512 1.939335427590063 0
5031 0.3505545652662545 1.849947502429486 0
5032 1.518855353461083 1.97097632522668 0
5033 0.5089329050288438 0.6900993405481071 0
5034 1.636112565317767 1.773350804105979 0
5035 0.7253549530459842 0.6303468682753788 0
5036 2.02597988669844 2.809695681691991 0
5037 2.384173943046665 2.524929567980193 0
5038 2.415313612925966 1.207421116739558 0
5039 2.317435631222013 2.497510477387822 0
5040 2.326690155278622 2.519814723377221 0
5041 0.7152738718572711 1.536251388810204 0
5042 1.317380616128431 1.095656899913171 0
5043 0.9385991853870927 0.8345125390141392 0
5044 2.699692875258209 0.3635155898835531 0
5045 1.855000828443884 2.579911875916472 0
5046 2.274518389881236 2.395053571283112 0
5047 2.791120381514235 2.020978629049071 0
5048 2.495066880103602 0.2358939267007079 0
5049 2.369428668912762 0.4992124207383426 0
5050 0.7627888494052362 3.129468817762633 0
5051 0.3351808577377573 2.965322579858539 0
5052 2.314045306307488 2.577008147878821 0
5053 1.73617428464889 2.667478867536922 0
5054 2.489378013776761 0.325902475470752 0
5055 2.511672960432846 0.347419003587206 0
5056 1.1611137843646 1.509988395442184 0
5057 0.02894937375146256 0.07673476954915626 0
5058 1.771110253879198 2.772887704120618 0
5059 0.173117375062098 2.56366514048569 0
5060 2.044674759051227 3.054403958798233 0
5061 0.4543695688576566 0.8361052919117423 0
5062 1.703261469260614 0.7383665665337215 0
5063 1.432806017500749 1.217071612045652 0
5064 2.703574304938554 2.832299090772515 0
5065 2.258129986854769 2.590465875085461 0
5066 0.9696357142857153 3.172303571428571 0
5067 0.8455609216257383 0.3845562002766869 0
5068 0.8610155340861062 0.4107008398142349 0
5069 0.8729392894100393 2.163153429291155 0
5070 0.5120749999999999 2.717125 0
5071 0.4291336408229907 1.88877574205492 0
5072 0.4085265657426402 1.862043115534953 0
5073 1.460577761165434 1.957516987844223 0
5074 2.333099183293065 0.9102702290728938 0
5075 1.551053270879278 3.001407567437934 0
5076 0.3669092269621195 2.328406243857164 0
5077 2.778640652232977 2.382500800875705 0
5078 1.776527262437289 1.239780334559283 0
5079 0.4387465516252521 1.474839710367283 0
5080 1.294979432424705 2.884882470309478 0
5081 1.825006291403112 1.589010156839985 0
5082 0.04468517765556368 0.3043984954718952 0
5083 0.02756797183874982 0.3002107973559478 0
5084 0.7335195748046434 2.52987001498162 0
5085 1.674165916396375 2.190144029184632 0
5086 0.7719832128818721 1.713036237408915 0
5087 1.783046852097441 0.09419571161419205 0
5088 1.299618629262088 1.067308601365357 0
5089 1.495414908449095 2.712275104563707 0
5090 1.790127629233492 1.207102163993087 0
5091 1.789958525416285 1.225130371472201 0
5092 0.4845680280958633 0.0493769913678852 0
5093 2.336282448395007 2.341405650691554 0
5094 0.07924951616337861 0.2293223337177079 0
5095 0.6513427810911463 1.968847420815075 0
5096 0.09394684538092202 0.2480913645756708 0
5097 0.5919271141770467 1.406111631281272 0
5098 0.6757649299689601 0.8273614832404264 0
5099 0.4718068440651841 2.760039898016096 0
5100 1.24916054387409 2.331021996826002 0
5101 1.720003292319683 1.233659683799082 0
5102 1.200484587748757 0.6118655835627234 0
5103 1.146933530954839 0.5958673931482523 0
5104 1.354680562092687 2.542472277787835 0
5105 2.312203775194138 1.070149447144249 0
5106 1.007216348362256 0.9644104940152384 0
5107 1.826864408114074 0.02211770108999067 0
5108 0.435815523144799 2.026670909002633 0
5109 1.735030482284079 0.5898829351892023 0
5110 1.781628569010968 1.607310229357358 0
5111 2.256963602641576 2.680989599077239 0
5112 2.320454896447679 1.309759380542955 0
5113 0.413973950157499 2.297442080735816 0
5114 1.619128816342792 2.417786673210749 0
5115 0.7907022376019035 3.252083671822518 0
5116 0.6578472589234576 0.9909550449113842 0
5117 1.545328759497644 1.891689044696037 0
5118 1.387545140523172 2.524368069446958 0
5119 2.56887873278802 1.200120937284606 0
5120 1.715574755119397 1.207961525432741 0
5121 0.4574643003281562 0.656178608562018 0
5122 2.711217726564752 0.09126058608897503 0
5123 1.471412044976951 1.326527863672917 0
5124 1.901557166721713 2.80643945619832 0
5125 0.4948221962713536 1.265749236562212 0
5126 1.760994574598747 0.03160543551305173 0
5127 0.4566440574676134 0.548091014370949 0
5128 1.816995995696986 2.94669923697815 0
5129 0.6467778641769072 1.424411450267307 0
5130 2.460981242754236 3.381139745266097 0
5131 2.407405018209881 2.379661324860955 0
5132 2.623925 2.978 0
5133 1.071105433446807 1.694056962104004 0
5134 0.9714882437342802 0.1532990695715428 0
5135 2.743187942152336 0.1810295967677882 0
5136 2.727326495116002 0.1490202377287075 0
5137 2.005789662528595 1.537312935993707 0
5138 2.264409947670718 1.025253492051523 0
5139 1.992473343741713 2.114760268253778 0
5140 1.784635995450086 1.492203119033729 0
5141 1.007029663395295 2.171195434827635 0
5142 1.063650778497081 1.16415256539537 0
5143 1.062031424022844 1.180029084449121 0
5144 1.752939870191788 1.070696312359298 0
5145 1.113345265985636 2.763027708136384 0
5146 2.596511736483355 0.6337474788287558 0
5147 0.5254158496253473 3.29491897556384 0
5148 2.206462031894274 0.2330529935151398 0
5149 1.37984615422703 1.217195326841106 0
5150 1.702397319668416 0.4740793496729445 0
5151 0.6413734150583491 0.6494625513883425 0
5152 0.862310071722613 1.191930509398412 0
5153 2.627626537464871 3.142826382883621 0
5154 2.535754287708072 2.032313160289553 0
5155 0.3328566418708916 0.09428225630625331 0
5156 2.505135991869142 0.5617276525600068 0
5157 2.642953240043001 2.660970948534587 0
5158 1.954569457021428 0.2025873617122187 0
5159 1.42082633834873 2.854209582897618 0
5160 2.817554986243051 0.1913138848584337 0
5161 1.599373117617524 0.1581411526112153 0
5162 0.8743795902293821 1.103826781398674 0
5163 2.392342486817303 0.1673743452571603 0
5164 2.106331837247546 2.153998886702713 0
5165 1.912142460584918 0.8296717463896335 0
5166 2.084576761250956 1.752678685201157 0
5167 2.287237883315698 0.9107640007384921 0
5168 0.4196305733711387 0.07787107281991967 0
5169 2.03625318586756 0.6563541318869717 0
5170 2.026377508422347 3.448387333433288 0
5171 2.196368895198495 3.409802282181728 0
5172 2.726305216281397 3.413541517989366 0
5173 2.272267567775556 2.101549528466225 0
5174 2.366052772540833 3.43598931531672 0
5175 2.502473088393303 1.834624866099207 0
5176 0.6764467482149503 0.3681972614789426 0
5177 0.6117020570462768 1.135574674915178 0
5178 0.7182769972543483 1.361454154368247 0
5179 1.686121227429483 3.209946255793629 0
5180 2.458693666885406 0.8076624872648193 0
5181 1.62199297833554 3.436149753834213 0
5182 1.480422155300084 2.024358040150171 0
5183 1.9653625 3.210125 0
5184 0.3077503443874476 0.1023815144592148 0
5185 1.026939256394077 0.4613465039612274 0
5186 1.00792447205635 0.4236822637485094 0
5187 1.196703489636175 0.3601148190554984 0
5188 0.3426954469644952 2.651284075638916 0
5189 2.164779729699138 2.41097867024916 0
5190 0.3783963650516751 1.990914344205784 0
5191 0.380629527129247 2.051112462392932 0
5192 0.863475 0.8456625 0
5193 2.077096885411343 1.290262083774884 0
5194 1.026423435244101 0.8502075857946112 0
5195 1.753848349324929 2.988838761097909 0
5196 2.268119219050498 0.0954145879098236 0
5197 2.242791361998513 1.666078876797115 0
5198 2.548765165560321 3.007062066998965 0
5199 0.4917430913566679 2.363808400298458 0
5200 2.459901534970574 0.2752777295993338 0
5201 0.09880597575418304 1.615976529049006 0
5202 0.8415366623997378 3.305645832190206 0
5203 1.889558726359228 0.5728672574935598 0
5204 0.60765434660629 2.009914200098339 0
5205 0.2091598464027 2.067011955987659 0
5206 0.1901655877134245 2.953812142030069 0
5207 2.314251173242795 0.1495718278441609 0
5208 0.4965602594642577 2.940889458805144 0
5209 0.6475208333333334 1.49515 0
5210 0.3511320379625602 2.29210778723677 0
5211 2.305761672060182 1.903433974335051 0
5212 2.245242858744561 1.904157062784852 0
5213 1.300785162962375 0.7980426066398066 0
5214 0.7880609956756184 0.5505788913119145 0
5215 1.99298633798913 1.409010219148214 0
5216 0.5304948237258366 1.25792512013659 0
5217 0.7671531290825511 2.338352234312336 0
5218 1.650846921677854 0.5538258172460631 0
5219 2.341235145308304 0.1355686102638485 0
5220 2.237872868262223 2.305319431713165 0
5221 2.604816258479296 0.2692038616949555 0
5222 1.320101691916596 1.68522189348564 0
5223 1.817992261462152 1.509593221722149 0
5224 1.693195035667682 2.629081482224464 0
5225 0.8864527793027736 0.8531329494921781 0
5226 0.664216422885336 0.3222792147153859 0
5227 1.519458015646842 1.533224685677585 0
5228 0.1726489680273453 1.652187697895493 0
5229 0.7965074347422298 2.572484335593791 0
5230 2.80690575808338 0.153469261481282 0
5231 0.265823485926052 2.20417648656786 0
5232 2.219500624935691 0.9863606803177966 0
5233 0.4917905976659618 1.177616338871504 0
5234 1.111987693602964 2.839723540817741 0
5235 0.6163167054042475 0.03038540113227173 0
5236 0.268811015458132 1.571942409513095 0
5237 1.272196718037623 0.8026088172902921 0
5238 2.619321714018514 2.458001805856651 0
5239 2.670810294760914 3.419058222263845 0
5240 0.353214722503248 1.199157238175606 0
5241 0.326505379072582 1.21050227440608 0
5242 2.380822317549312 1.810114165859236 0
5243 1.675381564909755 1.728665937228668 0
5244 0.57007366842755 0.73757217172574 0
5245 2.828789572156409 3.427753153205683 0
5246 2.478021837954406 0.8854386087090267 0
5247 2.597952575645874 3.094438141162091 0
5248 0.05707333881642551 2.327843168283989 0
5249 2.688875736549033 0.1527570217607261 0
5250 1.585728380600197 2.47926192279477 0
5251 0.7479889370333022 2.648821060773161 0
5252 1.293080234703386 2.925236114603757 0
5253 0.416076949420864 2.684195960957979 0
5254 2.103565057698964 0.586063454239629 0
5255 1.294142041241201 2.448516120375317 0
5256 0.4246391396827851 2.090954366952362 0
5257 2.784491525971935 1.649318791968227 0
5258 0.1118490948800761 0.4327883686168186 0
5259 2.41041860023079 1.861143836040031 0
5260 1.761261618716059 1.460843943129108 0
5261 0.9094697987043221 0.8691308170412676 0
5262 0.6939756157355773 2.768696206955287 0
5263 1.023627088702636 0.3859669553021705 0
5264 1.663650185912484 0.5712054540951592 0
5265 1.707637889286605 2.20471066436952 0
5266 1.611398672542582 2.601578714555825 0
5267 1.25843530729405 2.570443033937892 0
5268 1.837163734654301 1.320606580657417 0
5269 0.1133333333333335 1.6611 0
5270 1.781942200401969 0.1907316770663545 0
5271 2.086610427895335 2.281972673645459 0
5272 0.0181 2.733410416666667 0
5273 2.631225307492975 3.17142440992609 0
5274 2.16589219788808 0.129624268167011 0
5275 0.5350355150103817 1.39776139497473 0
5276 1.055515696277998 1.64844967529444 0
5277 1.893254465203895 2.909228405840715 0
5278 2.370546589817122 3.011280557995928 0
5279 0.7901447838635023 1.855416677583149 0
5280 2.089075117043249 1.409717905371554 0
5281 1.864920468802389 1.477546024051665 0
5282 1.856919037049337 1.449573975202275 0
5283 1.525237919808088 1.32505 0
5284 0.6918476774369816 2.863228015508725 0
5285 0.7650261146592374 2.503473748757147 0
5286 0.2641424763351568 0.01845880077076267 0
5287 0.05735127886250435 2.919016355328853 0
5288 2.617413010779422 2.275668556500231 0
5289 1.445635623443073 0.5326990601613151 0
5290 1.089592267881109 1.050473623830328 0
5291 0.384887429455836 0.8756994572474671 0
5292 0.675972285960081 1.668865080984735 0
5293 0.1150539253539249 1.283832286572287 0
5294 0.08704353717490432 2.48775374311598 0
5295 1.325974573923158 2.325869648151579 0
5296 1.431193512806966 1.565746179240485 0
5297 0.441691929139308 0.9017654091737091 0
5298 2.334842323221005 3.116000413303758 0
5299 2.282180195827924 2.690132507245036 0
5300 0.1736735595997116 0.2796328006576521 0
5301 0.4912050868543933 0.1073959369116397 0
5302 1.700365297639959 2.126636136495061 0
5303 0.2449894348310988 0.8998096963326975 0
5304 2.806644389610525 0.1402889264418492 0
5305 2.747402809579945 3.268339359672835 0
5306 2.108063592352485 3.16000382700662 0
5307 0.2716751854267219 2.389961564327677 0
5308 2.74382243472387 1.770789250763102 0
5309 0.5905457404103712 1.025807809480515 0
5310 0.7290005436987763 0.3992174387443934 0
5311 2.438730633769245 1.138256264978295 0
5312 0.7749380081799172 0.4453249013685008 0
5313 2.371171737170571 1.11340656298066 0
5314 2.449453333333333 0.02196063509335189 0
5315 2.319266267532643 3.36725452897244 0
5316 2.558578953094895 3.229815273295684 0
5317 2.000718037742599 1.491039985242823 0
5318 1.057652750839581 2.114874066525272 0
5319 1.091579347304537 2.133415570344484 0
5320 0.02513742034384858 2.667173155088377 0
5321 2.687754622542312 1.616231594251627 0
5322 1.664032463408801 0.5321587719003 0
5323 1.779485578688883 0.1708351692522474 0
5324 1.905024464475399 1.646954078486996 0
5325 1.747090748215743 3.158013230451865 0
5326 1.385341310144771 2.35208979216129 0
5327 2.011184274103374 1.135948809192267 0
5328 1.798626004134701 0.2688301142684952 0
5329 2.431969573920004 2.47585733988697 0
5330 0.4266520375753358 0.06585731830660091 0
5331 2.162391798448643 2.131815174479412 0
5332 0.6601000695564205 0.7188949414373484 0
5333 0.5841338731771875 2.948367414578653 0
5334 2.799338351155892 0.1552316313059539 0
5335 0.03029120668250562 0.6572161210775915 0
5336 0.9850353439970025 2.372546807656944 0
5337 1.455522221504427 2.24020189166892 0
5338 2.292638100177325 0.1757107577275105 0
5339 2.488756679995049 0.2840688547549213 0
5340 2.496207563818508 0.2713932686399079 0
5341 2.040987091852778 0.8082334276132832 0
5342 0.797360797866286 2.382605803316878 0
5343 0.8042022862343836 0.06664346905858487 0
5344 0.3276319866620521 3.273193139775078 0
5345 0.7204572268657105 0.3084158370206058 0
5346 2.627876380648618 1.137658734648187 0
5347 0.2318286185043059 0.3831505460661988 0
5348 2.827972571625119 0.7000707012553335 0
5349 1.648058746994627 1.594921351806582 0
5350 2.134294368248574 2.396431459064961 0
5351 0.1785760978049862 3.19934659297058 0
5352 0.4424003838517243 2.473837462658469 0
5353 0.7725214229721657 0.3829804995600483 0
5354 0.2393337541665177 1.55463525975206 0
5355 0.2338589927415824 1.545327184573884 0
5356 0.7324277772241863 1.908330037292412 0
5357 1.137422759039393 1.739166629615862 0
5358 2.503724852170814 0.3158552955010359 0
5359 2.54132390785913 2.926018035371065 0
5360 0.09628010021784661 3.406620011530244 0
5361 0.3583047064243039 1.606783899403512 0
5362 0.1162542767349179 1.502057325718225 0
5363 0.7247950883334557 3.208694268422533 0
5364 1.570764830436635 1.916652039903507 0
5365 0.06670400650812769 0.1716167131640502 0
5366 0.3110002143557886 0.1389537678696944 0
5367 0.2144214334896009 0.1183473495852043 0
5368 2.471327180491505 0.850643478496063 0
5369 0.6967139759117398 2.531773035752732 0
5370 1.105021363620021 1.135032505100181 0
5371 2.290628108193554 0.8159455181554334 0
5372 2.268357519661636 0.8301405690953023 0
5373 0.1160990713598467 2.176894181611622 0
5374 0.800185835630737 1.469305373187307 0
5375 1.323491134899124 1.148508353487129 0
5376 0.7244495764035693 0.8171044157428605 0
5377 1.035849607463217 2.776304229166522 0
5378 1.84112952571162 2.838677453229129 0
5379 1.889099746679432 0.145739889073778 0
5380 1.833126293530357 3.163074427037397 0
5381 2.825784431722244 0.5980305411688516 0
5382 0.5229284072147248 0.5663059255308229 0
5383 0.431811952165476 1.161754980828162 0
5384 0.7094866839406716 3.32745813142269 0
5385 2.09856067154771 1.793089608080899 0
5386 1.055517491293774 1.186450436380722 0
5387 2.509880941662916 1.231561420586582 0
5388 0.1494805053380845 0.6148142485571397 0
5389 1.040308802810595 2.693094369382882 0
5390 1.353511117188775 0.7090685049858916 0
5391 1.950413255189768 2.194749985145041 0
5392 1.056852476110326 0.3946398645798874 0
5393 2.334298008930955 0.2463230749757668 0
5394 0.6573284570172245 0.1106003276548946 0
5395 0.6407836221149877 0.1242438184600041 0
5396 2.298388453982315 1.232626768251392 0
5397 1.369256200488488 1.604701571918113 0
5398 1.02952924997243 0.8023231022139089 0
5399 1.411088442897555 2.999689975034688 0
5400 1.545009932456872 2.093805029741735 0
5401 0.1723596429410721 1.837650973170483 0
5402 0.5399102799577519 1.188612564604019 0
5403 0.3915720575742014 0.4701497725713626 0
5404 1.945636633389526 0.7964608171791564 0
5405 0.8458444642379587 0.329879916812055 0
5406 0.2043313839564584 2.13784974906183 0
5407 0.04947505091974613 0.5465442239481799 0
5408 0.4122680923497293 0.5960792359815055 0
5409 1.362781031700118 0.6709027143042414 0
5410 2.550505742394834 3.023990118594726 0
5411 2.32739302503656 0.806064624425186 0
5412 0.9627728928004716 0.05828796878649145 0
5413 2.157388245276051 0.1777201420134706 0
5414 2.174689404485544 0.200652113531455 0
5415 2.160407872808798 0.2015963474681426 0
5416 2.162465251344953 0.1884589683282616 0
5417 2.250698573669021 1.637377166219731 0
5418 0.7266130115738675 1.052905766105266 0
5419 0.6374156045751637 2.348827124183006 0
5420 0.4142720021794652 0.2413605812419144 0
5421 1.673078883746862 2.828169420361085 0
5422 1.196532973304602 2.701938298901452 0
5423 0.4669306168361705 1.165463561214215 0
5424 0.4743375465342907 2.02159649175789 0
5425 0.4663336145406561 2.047950223358933 0
5426 1.214771225641446 2.260825175517324 0
5427 1.055742192465803 1.751836379780073 0
5428 1.186745659191969 2.492496429181986 0
5429 2.140591142475486 3.213555389094869 0
5430 0.8612969558816099 0.1616745113273974 0
5431 2.68782818924543 0.1104441394832618 0
5432 0.8995981918213807 1.62685961472901 0
5433 0.8744027547887998 1.633457805750892 0
5434 2.698627624400624 0.2347099069209553 0
5435 2.707162474512248 0.2466467884013177 0
5436 1.772440328965735 2.319782885459602 0
5437 0.3573361914585076 1.272736279312565 0
5438 0.5236131155155096 0.8112263174653649 0
5439 1.330729887255262 1.576757886552727 0
5440 0.6873038699374747 0.9146137686023418 0
5441 2.022943649761171 1.443911690868804 0
5442 1.831043512007033 2.781093268518326 0
5443 0.2670427675094957 1.671209743769928 0
5444 2.198179255430071 0.5596693750686679 0
5445 0.548418267803841 3.129258710234333 0
5446 0.4017274702463052 0.06403996072663576 0
5447 1.973327254880576 0.6256859254008074 0
5448 0.6474606043518794 1.678707183612461 0
5449 2.12841822074061 0.2119865552407738 0
5450 2.129116392417099 0.2002516243190662 0
5451 2.117923516198815 0.1820657573406108 0
5452 2.784842163570008 2.931116129844272 0
5453 0.1478843053972767 0.33111769391695 0
5454 0.5047218914411847 0.4985579225822827 0
5455 0.827670158761235 1.83619570426122 0
5456 2.130944847162575 1.705000635709464 0
5457 1.967272427507003 0.5280082503121912 0
5458 2.20440638469872 1.510187745251558 0
5459 0.5423939514329068 0.1340247880913026 0
5460 1.328934333625598 1.621608034227798 0
5461 0.841505789814487 1.437712840273457 0
5462 1.485126085616841 2.963012670781726 0
5463 1.313784228965471 1.896599392295382 0
5464 0.5342125743981573 2.526167158545589 0
5465 0.1787279748411534 0.4008492884767685 0
5466 0.01675000000000004 0.1414750000000002 0
5467 0.1536472349642739 2.020283750739118 0
5468 1.813913160588501 0.5685374763725719 0
5469 0.4696927820066551 1.642478055931269 0
5470 2.44250648272258 0.0925493451795425 0
5471 2.482437077830555 1.849956968401065 0
5472 0.5390338403290589 2.129028701069448 0
5473 2.23416141056899 0.2301132476518291 0
5474 1.799369416808569 1.901696157768836 0
5475 1.153271275860184 2.241866596208087 0
5476 2.390091281843691 3.107520447523973 0
5477 0.3479693243492357 2.702440222523108 0
5478 0.8080955065136929 2.312061599978963 0
5479 0.7945362414696743 0.9116114611665918 0
5480 0.4925183707065736 0.7332690243479281 0
5481 1.737264564856758 0.6309024216950907 0
5482 0.708597962253255 1.899824329251262 0
5483 0.2932294375602085 1.054160092223308 0
5484 0.5720671096560253 0.5290336073565991 0
5485 1.271261830621069 3.052410712130457 0
5486 1.731242911985967 0.04281747678835846 0
5487 0.6475915838190803 2.205375985943336 0
5488 2.526652238499772 1.103039974542719 0
5489 0.2877207129348935 1.204134913231876 0
5490 0.5568480390793993 0.06169002917533373 0
5491 1.06176024890847 2.362873768291183 0
5492 2.079212569620618 1.601948906425371 0
5493 2.401439044392496 0.6079736332880741 0
5494 2.819717127786745 0.1511337231198842 0
5495 0.7223303301658315 1.287916928407047 0
5496 0.558625621201942 2.797387031351228 0
5497 0.7566260718010077 1.476251165797703 0
5498 2.435080461290049 2.871951642058275 0
5499 1.940625357153273 1.331672229837904 0
5500 0.2055169690712291 1.839065270718861 0
5501 2.645283967100814 1.537714748189525 0
5502 1.587422462396658 2.539845716931953 0
5503 0.1111061982774539 2.43910932264626 0
5504 0.3771982184865119 0.09808498606947946 0
5505 0.1936626598708588 1.685595289010162 0
5506 0.4947496967882115 0.4275475123289807 0
5507 0.4447491216422651 3.357072650879898 0
5508 2.032627401713289 0.1568219401192636 0
5509 1.425156548589596 0.7030740147864556 0
5510 0.3405088584513822 1.101324311668794 0
5511 2.140549970729024 2.908369177704808 0
5512 2.38229571697854 0.8805025108023646 0
5513 0.2244865430638976 1.639704254603832 0
5514 0.6545701933731387 1.868041230827764 0
5515 2.824619189280341 0.6441403820436258 0
5516 0.0603808298371622 1.570478521559576 0
5517 0.4842189307117593 0.08003358335564581 0
5518 1.759118499156829 1.050752311043997 0
5519 1.712317152315062 1.60333913138382 0
5520 0.9186266541741834 1.685963988201271 0
5521 2.710810807565658 1.349689965772706 0
5522 0.9716446983554075 1.794698716604128 0
5523 1.328887549869456 3.347465064228109 0
5524 1.905975692842844 2.976136931810356 0
5525 2.820377555074978 3.19066761466178 0
5526 0.7222534792181025 1.72283673238311 0
5527 1.683439570598216 0.5803968758401739 0
5528 1.832944725766622 3.406409861221235 0
5529 0.07883242506139965 3.13614683041641 0
5530 0.9863160296997966 1.612721898486281 0
5531 2.357253667124541 0.1678063979323245 0
5532 0.2893569873246642 1.590408048245145 0
5533 2.303317772776726 0.08591186925268501 0
5534 2.110298828126611 3.321884964748119 0
5535 1.224155177924926 2.134690996453783 0
5536 0.4729886149382927 1.230876311121411 0
5537 1.538128877865572 1.932972608692818 0
5538 0.5073135871292179 2.903312309700776 0
5539 2.361986216541084 1.222437559244504 0
5540 2.338233320551474 1.212261643565193 0
5541 1.856205427910254 1.799769702411541 0
5542 1.048869491151411 0.5517234683519148 0
5543 2.517218176193891 0.2902637995923167 0
5544 1.983705958302353 0.7576145623919487 0
5545 0.4032379404081117 2.037624750266517 0
5546 1.477430281641247 1.205219396936899 0
5547 2.590131673857572 2.398226010784082 0
5548 2.144993968140232 1.806577090212085 0
5549 1.658662290090499 2.070327292137804 0
5550 0.8024137651187941 1.076949576641831 0
5551 2.637437658023479 2.189420271332566 0
5552 1.784843389212689 1.856799894710739 0
5553 0.4678326017301379 0.1562421979124859 0
5554 0.2464174960326753 3.268649537349364 0
5555 0.2439693755762704 3.306164503396197 0
5556 1.997484949868325 2.672972311641889 0
5557 0.9458614965814527 1.088140637061742 0
5558 0.9250969140045966 1.093709447094154 0
5559 0.4939705470094009 2.064950926198087 0
5560 1.012838148580126 2.816789906291899 0
5561 1.448997987076007 1.907612746704418 0
5562 1.542303457065385 0.5188678274480774 0
5563 0.2728109800796732 0.5907478895277918 0
5564 0.3900449840722247 1.428181806256289 0
5565 1.281185459414818 2.05834347048821 0
5566 2.04112879922624 2.865639833153096 0
5567 0.03809117552768182 0.2152145010180249 0
5568 2.471706220291526 0.120829072463315 0
5569 2.45503526073777 0.1226938732878524 0
5570 2.701897336407995 0.2647311230436182 0
5571 0.5788751957241453 0.1455764942268329 0
5572 2.727666959930438 1.750944396601571 0
5573 2.087287698087086 3.116842134357114 0
5574 2.377467438101728 2.140590134614198 0
5575 1.110824003042917 1.053073754938093 0
5576 1.139623307359184 1.049990999520989 0
5577 1.145812856031242 1.000314989878957 0
5578 2.550669651650441 1.975831928179207 0
5579 0.6599635145283943 2.418072479435021 0
5580 1.504480110691747 1.42660655211971 0
5581 1.503589246985893 1.442590199369261 0
5582 1.803507026506678 2.08342124201201 0
5583 2.816895575908843 0.5430463390826428 0
5584 2.040989773406533 2.686544091938827 0
5585 2.276668670593128 0.4980095542295744 0
5586 2.459363926406202 0.1395270235135806 0
5587 0.09598520745495742 0.3414224425894725 0
5588 0.04415327206422925 2.413770849402855 0
5589 0.4146241367862098 2.433153369467371 0
5590 2.514097314424907 3.350213350517075 0
5591 2.778266027141811 2.833960907224129 0
5592 0.4031192974299167 2.484649091844646 0
5593 2.25753405963313 0.07289659884398692 0
5594 1.671437399079766 1.439220150734922 0
5595 2.292114813693119 0.9651005080526094 0
5596 0.02166603199371364 1.421968090354931 0
5597 0.3154171408174453 0.04006316480825634 0
5598 1.849912156812787 2.25130848199484 0
5599 2.210401756690087 3.120187246632742 0
5600 0.5286479646138191 1.169878082417747 0
5601 0.5150874890756268 1.169835677042935 0
5602 2.012199709432828 0.8355450295153678 0
5603 0.2197400332225949 0.1864584717607958 0
5604 0.2221906339650919 1.918287590635222 0
5605 1.777671474549122 1.173576268398114 0
5606 0.2813001326386453 0.9532948685238051 0
5607 1.384030014337469 1.136176709222322 0
5608 0.7667682918686083 1.391298067583367 0
5609 0.7465025112977678 1.11475861646502 0
5610 0.2961259118749349 1.662710070166824 0
5611 1.412998358130578 0.6835163701211642 0
5612 0.8429739267719923 0.7699462679251297 0
5613 1.375434501374411 2.846041228707217 0
5614 1.765598884103342 3.269473593454257 0
5615 2.461876773507937 0.2473023993769989 0
5616 2.463496297899297 0.2275972408728073 0
5617 2.048699650389646 2.550268541759765 0
5618 1.219194262737868 1.084261048927003 0
5619 0.8430309816929982 0.8018740669812824 0
5620 2.668335541827146 2.544368495798606 0
5621 2.297507845469218 1.050276668218716 0
5622 2.628481283982037 0.154201374493862 0
5623 2.499565625111419 0.8790370446788296 0
5624 0.4479764242282531 0.05316929894634193 0
5625 0.2384117837342949 2.903049008186556 0
5626 0.6627923532344402 1.309738237996342 0
5627 2.340907080333791 1.068099758109788 0
5628 1.894658757071495 0.1162875757370876 0
5629 0.1662850080707599 2.939279817987086 0
5630 0.1795948885001004 2.898293981865209 0
5631 1.629114075571687 2.140889253553604 0
5632 1.851421971696951 0.2101838870382935 0
5633 1.919935122242084 2.923324870950605 0
5634 1.764847533293042 2.683011325512816 0
5635 2.518122375659791 2.972953214815607 0
5636 2.602856034193797 1.4275587462584 0
5637 1.604956760207454 2.878578511390659 0
5638 2.113995826075355 2.858292049910903 0
5639 2.615789603433343 2.049910094246346 0
5640 0.9936012499864288 1.075196568386866 0
5641 0.8211680217014993 2.540046291166251 0
5642 1.787564601529553 2.002357702904253 0
5643 0.1537131576895063 0.1172100926828816 0
5644 0.4829663616485153 1.155036022642107 0
5645 2.671998496144615 3.251206123149728 0
5646 0.6034893299688719 0.9048383835342411 0
5647 2.367720090647668 1.001098998281693 0
5648 2.40386081076189 1.001333995977171 0
5649 0.5136702170382434 2.824630338532931 0
5650 0.05625264698839838 1.816144010651568 0
5651 0.03175264214078433 1.22483132778064 0
5652 2.261594106220271 2.377939638109549 0
5653 1.944247394770003 3.431172529191524 0
5654 0.9085857463746998 0.9860112906287246 0
5655 1.138813439614673 2.306953454851346 0
5656 0.4318420868458633 0.7152617107185224 0
5657 2.498602185951656 1.053783097400979 0
5658 2.500761955377861 1.039705320767764 0
5659 1.561865622940864 1.825091238726189 0
5660 0.1901557402893757 0.9527796865283374 0
5661 1.450603201324271 2.389096354805151 0
5662 2.648008616013394 1.346264888993533 0
5663 1.68164862407056 1.222926583141224 0
5664 2.537411674757549 0.2183446372064559 0
5665 2.343251915341155 0.2026970853673964 0
5666 1.874763152407635 1.561571508591046 0
5667 1.896514330472581 1.563718500271259 0
5668 0.3097045048488125 0.2263690688887137 0
5669 1.045707422157242 1.812724027127596 0
5670 0.6489239922944727 3.184376772989572 0
5671 0.6976470432767694 0.1275235678348157 0
5672 2.143310824217743 3.071259718116801 0
5673 1.73936730018714 0.06795989890572707 0
5674 1.716510935441841 0.07616436410230976 0
5675 0.1079908783403865 0.2022565515793415 0
5676 1.8496 1.395677331606217 0
5677 1.415176440023024 0.6084798360588324 0
5678 2.561838568513567 3.39678483728505 0
5679 0.1866996706474289 0.96745704150734 0
5680 1.657851939120623 3.176806885469253 0
5681 0.6605478628421086 1.403177115983111 0
5682 1.755230178797123 0.01810971267016015 0
5683 1.730293898377589 0.5204920608557904 0
5684 1.601632847763892 0.118989715603236 0
5685 0.4880939310955007 2.227719374735087 0
5686 1.589154478305029 1.72022938356128 0
5687 2.304148027173302 2.280171678594677 0
5688 2.75333027008449 0.2541831039978308 0
5689 0.235700805734198 1.059578837485516 0
5690 0.9028606830442231 3.144372442296961 0
5691 1.847286271091836 2.931163379695497 0
5692 0.4367524041360955 3.420625068635943 0
5693 1.566886642563327 1.589802054207992 0
5694 1.795305731780477 0.1270479343465618 0
5695 1.803277850556671 0.1520968873829505 0
5696 0.4305450173324413 0.02446974728144036 0
5697 0.8079299251080161 0.7212883331789883 0
5698 1.658531237987911 1.8123245463252 0
5699 2.255553590920546 1.153187117243049 0
5700 2.427408903229927 2.096661795024283 0
5701 1.781570882808907 1.788930966552985 0
5702 2.292772642380921 2.975272256926566 0
5703 1.743622447705089 0.02018592596024482 0
5704 2.039343261783808 1.385457070736346 0
5705 2.679838149370942 1.270979805018398 0
5706 1.273241244123077 1.913251302356381 0
5707 0.8975110310421262 3.312202436953975 0
5708 1.725340299912353 3.295417986153237 0
5709 0.5321522288751025 1.223048753533912 0
5710 0.530617607053778 1.208827338936285 0
5711 0.5493686179057239 1.220911907877018 0
5712 1.38481953842078 2.478794132795193 0
5713 1.3600857744756 2.472107981224428 0
5714 0.8472539585533543 1.102936291269482 0
5715 2.086356098989064 2.230054708140666 0
5716 1.622740679140558 0.3536757118470093 0
5717 1.752886251262789 1.009930022659895 0
5718 0.7141834113348624 2.52542800634559 0
5719 0.3129766263552434 0.7777369909424529 0
5720 1.803577853061487 2.149856502381412 0
5721 0.2477265001896896 1.579641959506618 0
5722 0.4436863346034827 0.7899610680879178 0
5723 2.380375909432038 2.864230765354083 0
5724 1.054689558805821 1.874440339813666 0
5725 2.313305236975838 0.1691169876422955 0
5726 0.329358652028618 3.421044776021513 0
5727 2.538378933888993 0.7753698074335931 0
5728 0.5397992787097121 2.784809994822991 0
5729 1.324882025333104 1.642298279949765 0
5730 1.46718401364838 1.827930667951937 0
5731 0.7298056792647452 2.803484546602843 0
5732 1.392052186309569 1.858135764435435 0
5733 2.281622563682498 1.030178525569225 0
5734 0.2873492818344783 0.08987089658431691 0
5735 0.4911477155273003 1.36616397845669 0
5736 2.00154843932136 0.7037062584102662 0
5737 0.288202692322914 0.4377679043545795 0
5738 2.416455736052019 2.265038891821876 0
5739 1.761751887853636 1.480143377913986 0
5740 2.233223637290541 1.0891871867926 0
5741 1.218896099088875 3.211072019560731 0
5742 2.25383055793476 1.070618152994044 0
5743 1.405407946146505 1.643008360501286 0
5744 0.662174416527168 2.942934191317184 0
5745 1.670185738713504 2.846791425716653 0
5746 1.736385875464355 0.03488904193563624 0
5747 0.06066367549467278 3.317668264689112 0
5748 0.9648358189576484 2.531700469619258 0
5749 0.7726120874937777 0.2934935449330935 0
5750 0.8460856800002552 2.319908359268606 0
5751 2.820030673383795 0.8831316471807142 0
5752 2.828857908311119 0.9067880115315826 0
5753 1.195516594660921 2.74443765978029 0
5754 1.739706304918339 0.02880308688109001 0
5755 0.5113788727010791 1.191362750058906 0
5756 0.509317916342239 1.182095601471652 0
5757 1.364434562195462 2.997202934219688 0
5758 0.5301463392405192 1.18691458654981 0
5759 1.73028660778637 3.434255246245875 0
5760 2.431993500238468 0.3722508590604314 0
5761 2.555181264364619 0.9809413478029846 0
5762 0.6308800511753432 2.766614424724542 0
5763 1.440757122860757 1.075871214427222 0
5764 1.305925933389877 1.99653526950237 0
5765 0.8011976018722546 2.499138509302327 0
5766 2.29180383683374 1.109474956513313 0
5767 1.749301990428872 0.02361820598979758 0
5768 1.63813756809422 2.695353079510387 0
5769 1.532353675133248 3.122407997732075 0
5770 1.543721851138988 2.972189892737831 0
5771 1.319522539677437 1.805528942289993 0
5772 0.696878610585941 1.746055566630697 0
5773 2.728338756021813 0.1748018719892999 0
5774 0.02799239830576239 2.573624266280306 0
5775 2.104271453660343 1.466366104999338 0
5776 0.7376213049192065 2.544272743922491 0
5777 0.2533763342553212 1.847524556409458 0
5778 1.35895247907535 2.787989120775688 0
5779 2.553979237105049 0.1198657210653562 0
5780 2.826046462316388 0.138458595124558 0
5781 2.830864304572467 0.1476986625355301 0
5782 2.607324391313707 0.3233035157569453 0
5783 1.235637456606111 1.816718704404296 0
5784 0.2274007120309924 2.972719369646693 0
5785 1.049499975668977 2.476757315225582 0
5786 0.4948460989682754 1.050620183187744 0
5787 2.297021551396404 2.465229108668246 0
5788 2.291785082878206 2.44501947625209 0
5789 1.479685033372553 0.6238120955389321 0
5790 2.233260752557158 2.390392755418793 0
5791 0.5920933715323176 1.322823508109294 0
5792 1.010976080577845 1.651650116427066 0
5793 1.276371599861205 1.163936633544115 0
5794 1.66455371215299 2.786034941910347 0
5795 0.1960838707051793 0.7682217285796793 0
5796 1.417094382446537 0.4123291936800006 0
5797 2.424533903316327 0.3561077343949222 0
5798 2.554951900548655 2.049102880485087 0
5799 0.8948656553294358 0.05657380875017859 0
5800 0.5540525782006714 1.25899068659688 0
5801 0.7627012314385732 2.554765531495544 0
5802 0.8206454068321243 3.17110051048125 0
5803 1.498555344346136 2.674572673692038 0
5804 2.117718675450196 2.198607725086986 0
5805 1.973280572431164 0.04162009823637636 0
5806 2.24762864723506 0.272767758812821 0
5807 1.386919862653865 2.700644633959138 0
5808 2.591908310824003 1.244940493948631 0
5809 1.039271543552009 2.421976096716836 0
5810 0.5597377901953273 1.981276297236915 0
5811 0.2289373568357909 1.115722213244077 0
5812 0.2021757522157737 1.105511230902662 0
5813 1.958327244339783 2.255094926923095 0
5814 1.32115046210008 0.7278056798559673 0
5815 1.183249866210658 0.5201809826376789 0
5816 1.75830508030824 1.579471752893717 0
5817 0.7816766808593054 1.815099363678039 0
5818 1.656913752347128 2.903435259220335 0
5819 0.2954404956832795 2.144836243432175 0
5820 0.1510827686795755 2.255884866457728 0
5821 0.6172957676499887 0.06141196001829963 0
5822 1.932850411311987 1.821435639061733 0
5823 0.5148329206278071 3.342074102431236 0
5824 2.161981138194672 1.643960713949459 0
5825 1.394431865216645 0.767155923975162 0
5826 2.251651306262437 1.582448115314814 0
5827 1.723852165223854 1.012701885611943 0
5828 2.593454518316906 0.3041986507754895 0
5829 1.208642374031929 1.34836895546966 0
5830 2.465347019701918 1.766810889191333 0
5831 0.6360791532540209 3.359138079730292 0
5832 1.638850790100977 2.834476929446872 0
5833 1.859594514774988 3.437019131971975 0
5834 2.776086887518048 3.276256970976881 0
5835 0.0558459175026067 1.70432128218625 0
5836 0.04100429829441099 1.743090691972169 0
5837 0.4500947548286127 1.507722931507547 0
5838 2.725325 1.707525 0
5839 2.23812011786068 0.1717448295451267 0
5840 1.61144043525162 1.638841540608564 0
5841 1.796116354731115 1.272368216059522 0
5842 1.779896392527119 1.260906445694553 0
5843 0.4823634806040185 1.124864253592682 0
5844 0.7703101539300228 0.7873220302072486 0
5845 2.576055312885517 1.079917280869734 0
5846 2.586514156002174 1.096800159925621 0
5847 1.616472466740305 3.114552439454498 0
5848 0.3459245820666172 1.709943467632531 0
5849 2.069667124550879 1.322694368567364 0
5850 0.4255834633295148 1.336582569156595 0
5851 1.553614305943114 1.417240563498719 0
5852 1.532301429274436 1.400880152413737 0
5853 1.527391443664798 1.373990141154974 0
5854 1.013802872056085 0.6213808187424874 0
5855 2.200753508676736 0.02391545538500051 0
5856 0.5596944437523351 2.291762973917214 0
5857 0.5254978734152592 1.133412045900162 0
5858 0.08026562029440876 0.06828385862037312 0
5859 2.121235504452818 2.172379799821923 0
5860 0.3352235903273499 2.265866887113888 0
5861 0.2304918845325201 0.06119664762742771 0
5862 1.462834409007336 1.643301631847496 0
5863 1.540371923605234 0.4508915851529518 0
5864 2.585259041580013 1.029868208544377 0
5865 0.4535667905012557 3.152790344871716 0
5866 1.539114404024045 1.561456306774827 0
5867 1.20558535948644 1.615327888836955 0
5868 2.800467694807355 1.41898154884626 0
5869 2.345948837323744 0.1511333831096047 0
5870 2.815130304887433 0.2813895977984366 0
5871 2.375231236978824 0.8016443812797097 0
5872 0.09932527508500177 0.6751058386115987 0
5873 1.857135784388782 0.7801781134969062 0
5874 0.10303242526823 1.934623317994788 0
5875 1.09392684879937 2.069592793354306 0
5876 0.9674134008675156 2.873827736189698 0
5877 0.04125999999999985 2.808731666666667 0
5878 2.701314194148028 2.43040382722208 0
5879 1.107334703719077 2.012103641592484 0
5880 0.8328642990249568 1.154730215766356 0
5881 0.1775738190636664 0.367471948865818 0
5882 1.442425702160148 1.409436842163521 0
5883 1.553665166052758 2.014570231003223 0
5884 1.418313705657185 0.3436070575878967 0
5885 0.8425232280097412 0.2787291399559866 0
5886 0.6534934888137838 2.454078774241208 0
5887 0.669422437029601 2.483765685290217 0
5888 0.6619104520822243 2.508167172764146 0
5889 0.5864886510297962 1.205473272241917 0
5890 2.797416019568233 2.443846646436735 0
5891 2.126810956598988 1.314906920009812 0
5892 1.539736074680918 2.882376270364302 0
5893 0.3959837790549079 2.361405610720288 0
5894 2.340743496611475 3.216207798424612 0
5895 1.274691048913572 2.191825543890709 0
5896 0.1505623671776597 0.3596706067955764 0
5897 0.6615092290556035 2.57340894631667 0
5898 2.716590295737324 3.187094134479675 0
5899 2.405852543822629 1.534009503802992 0
5900 2.821116043780484 1.030180998813502 0
5901 0.08584098974024568 1.059867486342554 0
5902 2.545708541257301 2.875112041389737 0
5903 2.322307911420485 2.705444737921654 0
5904 1.738851194674787 2.768926721548961 0
5905 0.01636499908909705 1.496907025605068 0
5906 2.412012709079223 1.4365115568311 0
5907 2.575362657429007 1.116432640026146 0
5908 0.1362734818646607 0.3956954039799994 0
5909 0.6781250801225822 0.3346784657794113 0
5910 0.2091014615786675 0.05885618762465139 0
5911 0.5167338700750612 2.803315830200074 0
5912 0.352746746518023 1.582889186394663 0
5913 1.061397339351282 1.143070411778571 0
5914 2.152373964285607 2.537447112618032 0
5915 2.130969559966373 0.5174993757411166 0
5916 1.59525670702877 2.072257148417212 0
5917 2.073806882202299 3.423073784641685 0
5918 0.730001402980522 0.93557745176746 0
5919 1.925583280932516 2.925218682139961 0
5920 2.770108266609697 0.2180794666512069 0
5921 1.901964963821589 3.363272256430423 0
5922 1.763963536193836 0.01400457637019903 0
5923 1.765702371001924 0.01170727008691852 0
5924 2.485107637562229 0.9139531164826605 0
5925 0.8413870928023973 2.898059009538865 0
5926 2.356552420670599 2.216439733732944 0
5927 0.4732825469406752 1.516455443762992 0
5928 2.257514811311564 1.080193160728248 0
5929 1.045487942649238 2.822562296365267 0
5930 0.02494374999999982 1.981803125 0
5931 2.106220798043706 2.132653751108244 0
5932 1.187936517152216 1.026882931840876 0
5933 1.126191385649116 2.405523460681803 0
5934 2.655817847328835 2.988172989231027 0
5935 0.2737726212794764 3.426523153828084 0
5936 1.350072810977308 2.955439671098441 0
5937 0.4842471869714792 0.9715110616329048 0
5938 2.387138193135208 3.44862232882918 0
5939 0.7913672074414947 3.305433577424443 0
5940 1.523745202606544 2.428704195143394 0
5941 0.4234553178695015 1.269450235255667 0
5942 0.3037311241957565 1.901993359178597 0
5943 2.523990626636328 1.316478989113024 0
5944 2.211315488262634 2.690191543710096 0
5945 1.504960115223478 1.846393089987442 0
5946 0.6205653799098514 2.932701848402441 0
5947 0.6339179835026083 2.923202417759335 0
5948 1.936429554330475 2.082120108949209 0
5949 0.7854154872466587 1.163278178627182 0
5950 2.364296074545207 1.143731738079607 0
5951 1.841255529883334 2.6768473671418 0
5952 0.4477458162362722 0.4316943554474455 0
5953 2.155920908030013 2.60406826384582 0
5954 2.24175889046629 3.437700570545432 0
5955 0.9899191322947279 1.724242955052026 0
5956 0.4990180097467519 0.3713721291835776 0
5957 2.263264816316627 0.8881687786054817 0
5958 2.24372328892579 2.719034683512142 0
5959 2.669323181228157 0.1989446293180701 0
5960 0.0404274375707292 0.5736424204355401 0
5961 1.883188832599473 3.045168570212314 0
5962 2.189182514485305 1.68243348593697 0
5963 2.260844617487133 2.815493954772813 0
5964 1.725225146535956 2.815127511871726 0
5965 0.5070399410400124 1.14507444041336 0
5966 0.8068084596598004 1.883504690421971 0
5967 0.1307633219800521 2.632647009718416 0
5968 0.1453257583763088 2.615803401603543 0
5969 1.752097594290623 1.206561382495747 0
5970 2.753712948363855 0.7223363259045974 0
5971 0.4996766082364636 3.254620060145421 0
5972 1.765284244152725 2.925041584071836 0
5973 2.737618312409239 2.028351559410213 0
5974 0.1680428961270439 3.314243989977663 0
5975 0.7402892677389327 1.179261246079168 0
5976 2.595188624152343 1.884508431674702 0
5977 1.6098502459163 2.926279204173618 0
5978 2.117594198542315 2.739094577171483 0
5979 2.080432836156977 1.56244303873248 0
5980 0.7305025802720013 1.471268931610077 0
5981 2.539129891538363 1.610301050574801 0
5982 2.649971963747988 1.387708247345983 0
5983 2.238252462181177 1.360418871959223 0
5984 1.61731889954148 0.2442445177902604 0
5985 1.393657669508858 1.088559116578582 0
5986 1.766760618945011 0.6293120259279008 0
5987 1.349237146368284 0.5874940801287996 0
5988 2.227224424841051 0.995836930443898 0
5989 0.6106433104133873 2.505858672181736 0
5990 2.514266918672498 1.97199953639956 0
5991 1.656584137633307 3.383775977837231 0
5992 0.2189349090468322 1.480505744799748 0
5993 1.254439577352654 1.89079244785916 0
5994 1.111337871378951 3.150237251721254 0
5995 2.163557458508671 2.242419075358204 0
5996 1.875889736977797 0.1072702240869436 0
5997 2.547413755935549 2.142635660997173 0
5998 2.172759209117163 0.2499235473255883 0
5999 1.779199913189 2.131712311762054 0
6000 0.7919453596623099 0.4741462402264998 0
6001 1.7297354084648 0.02631854659204258 0
6002 1.965091057252371 2.716447674921948 0
6003 2.536831039447476 0.8226842893502075 0
6004 2.053572222651909 0.20576112468967 0
6005 0.4139679466518389 0.09678255304694261 0
6006 2.487759355870958 0.08436690143645453 0
6007 2.648047042640943 2.50139088360921 0
6008 1.441632804943235 3.154011305967049 0
6009 1.334866981549816 0.3286982609187463 0
6010 0.1725642229631783 1.857701817056564 0
6011 2.652174571302618 3.126299332955512 0
6012 0.07198215315374212 0.2122665017955392 0
6013 0.9996535144166663 2.093094032197438 0
6014 2.537072284529246 2.413755127560662 0
6015 0.3853116000210712 0.6678037946490374 0
6016 2.685817596107122 3.028909410026275 0
6017 2.681382920960506 2.997936985084327 0
6018 2.013146978270498 1.934827611715607 0
6019 1.115079417313651 1.694509645272333 0
6020 2.252537620761277 2.336980990738102 0
6021 1.486781972503248 0.6570860865133659 0
6022 0.2209448738321531 1.03645968263257 0
6023 2.216523216180823 2.522542871166861 0
6024 1.782729801389106 0.5980889595061312 0
6025 1.856363398613336 1.172780946611924 0
6026 1.228637837453225 2.951184229845813 0
6027 1.380522427456119 1.8881401460661 0
6028 1.928166981401402 2.917069531668787 0
6029 2.796493895615709 1.886866705795715 0
6030 2.586905301396345 2.852351594013402 0
6031 0.135958846954509 3.204757932087473 0
6032 0.08196872943236411 0.1617705549325681 0
6033 0.318378712726316 0.8430564390260151 0
6034 2.214338988859848 0.9300407417775058 0
6035 2.298112161942475 0.9933348506066768 0
6036 0.2308591348013558 3.16380975464108 0
6037 0.5543737858886842 2.195206522806266 0
6038 1.224288917371667 0.393183268339208 0
6039 0.1750872397845715 2.178592248787887 0
6040 0.4060238417048139 1.990662930561327 0
6041 2.419737134007278 0.7861681834458212 0
6042 0.7049672818525707 1.48377935657377 0
6043 1.725521915956785 1.651649875212591 0
6044 2.306135395404818 1.270457842776564 0
6045 0.02829533617380209 1.132835866133295 0
6046 0.1327753232218558 1.18333136571124 0
6047 1.725900695502733 2.849688048415112 0
6048 0.5904910578529826 1.529145759895327 0
6049 1.730409891195872 0.1736090881996082 0
6050 0.5428627228909879 2.42139755320428 0
6051 2.327521194090056 0.4966823625915306 0
6052 0.9880644379651795 3.145152724376412 0
6053 1.305846550405597 1.775642505875983 0
6054 0.5535503121796049 2.236598350361691 0
6055 0.3677621855246425 0.9293317989845702 0
6056 2.404842128118955 2.7529529001667 0
6057 2.572498999721744 1.1369159670949 0
6058 1.315841306716991 1.239585299953338 0
6059 1.087174533757707 0.9889748048328213 0
6060 0.8729339949418619 1.709121514922404 0
6061 0.8591597312492258 1.690611853844636 0
6062 0.3611439579164202 1.584243137205465 0
6063 0.4236890485777358 1.12823239326281 0
6064 2.709164016018122 2.972689887351023 0
6065 1.237185834959809 1.983398334833619 0
6066 1.331329672453657 3.214528514030481 0
6067 0.5454729118475836 2.040804380280358 0
6068 0.03746100282367459 3.004759543097594 0
6069 0.5742045190604206 0.4098424943751713 0
6070 0.786990275445477 0.9755449597098537 0
6071 2.792687786679711 0.3711570449529367 0
6072 0.6397516370940817 0.1589336856682473 0
6073 1.685483888018727 3.039470334956764 0
6074 1.066934711776798 0.5794638065882971 0
6075 1.673525763275046 2.933636378676601 0
6076 0.83419117796372 0.9171898970967233 0
6077 1.334580690338269 2.285750794015997 0
6078 0.03251668598038981 2.953894731261675 0
6079 2.390562914446245 0.1632125060920355 0
6080 1.279277032909731 2.25673916953662 0
6081 1.850081591248691 0.6562006090842487 0
6082 1.8790390920374 0.6461353126227973 0
6083 2.19457468585369 3.249417118042084 0
6084 2.497132191405307 0.02206372049599281 0
6085 2.311390703477967 0.5825465421192468 0
6086 0.07366600272732482 0.3019237670910835 0
6087 2.347138496269204 2.651640588190974 0
6088 1.986491968887978 2.549816249427145 0
6089 1.738639012568652 1.24349708200427 0
6090 1.733297665885412 1.851345434910265 0
6091 0.7178279407566637 0.1673048743389007 0
6092 2.603949510295392 2.923941177604751 0
6093 0.03340938080787703 0.4563366148490167 0
6094 0.7525750713967577 2.880983590698972 0
6095 1.876628490329201 1.516973042433234 0
6096 2.224113055709767 2.72718876992347 0
6097 2.39016963075399 1.612586419891973 0
6098 0.5042791270696132 1.195046849856135 0
6099 2.230673323799952 3.273400713175381 0
6100 0.7211529461576742 0.5567350870494845 0
6101 0.391699549335885 1.936807456422211 0
6102 0.3695597669756232 2.083843555578713 0
6103 1.857297622971496 1.30443116508223 0
6104 2.76548369482799 1.540437708082916 0
6105 1.230881337850285 1.108550354334859 0
6106 1.032692677427935 0.328679744851007 0
6107 0.5181056752913176 0.6332720779379983 0
6108 1.944158425796184 0.6933510484667105 0
6109 2.503017849517005 2.698662320557439 0
6110 2.335062962701542 1.953465856761887 0
6111 2.495678871247797 0.9983109087328524 0
6112 0.3798315976994568 0.149744818289349 0
6113 1.993318997576013 1.793438887366146 0
6114 0.7178517635397427 0.2602426205395398 0
6115 0.05106360563385159 0.1901950440483187 0
6116 1.296977618328929 2.811952939653066 0
6117 2.21465019721372 0.2793666665350132 0
6118 0.9335087027637692 3.42951853877929 0
6119 0.09140671910958242 0.3222159195009919 0
6120 1.801362562518263 2.466547179606076 0
6121 1.432192450506562 1.85645867343112 0
6122 0.1308565365008234 3.127923127796699 0
6123 1.691206416996219 3.112688493406367 0
6124 2.160664010491823 2.703350556810444 0
6125 2.412653189082952 0.5109398588261214 0
6126 0.6672477485074508 2.835679220348043 0
6127 0.0489810258282628 1.480761883325667 0
6128 1.063646859688839 2.03139690195733 0
6129 1.94130528151738 0.6351408804279315 0
6130 1.975666427828486 2.032020091420787 0
6131 0.3627651764664175 0.06469019823244637 0
6132 2.791422299971548 0.3365896076007875 0
6133 2.299712378755517 0.8768068609194106 0
6134 2.404820765855339 1.748317042664372 0
6135 0.4941714867383054 1.98321560914518 0
6136 1.78640360466264 1.736793769038366 0
6137 0.4541108579831087 0.03648872889139265 0
6138 0.1637469803658904 1.900804814450288 0
6139 2.213745783293798 2.925947824996847 0
6140 1.693570853316859 2.405485840203009 0
6141 0.7851834684453578 2.738309584145715 0
6142 2.05149292271987 3.24780010396942 0
6143 1.609049811736538 0.1935065399493157 0
6144 0.04947459676454091 3.369135646647106 0
6145 0.2083701107103304 0.3239199327468363 0
6146 1.996614058739487 2.99678161002308 0
6147 1.56873262963486 1.880538122818361 0
6148 0.9171012515098834 1.982002760787526 0
6149 2.675598527529531 2.057156321518089 0
6150 2.809832315935951 1.922892524726817 0
6151 2.416957155918195 1.146064115872962 0
6152 0.1776380063201519 2.320953311451222 0
6153 1.123926687338453 1.207898998549326 0
6154 2.597940469252096 1.394098425432931 0
6155 0.3435692583932088 2.777787166531226 0
6156 0.2072447571577154 0.9976148875413526 0
6157 1.457581882271939 0.6717493820591989 0
6158 1.049652620276022 1.62574498603983 0
6159 0.3276751379552394 0.7094501236716222 0
6160 0.3456816912251142 1.609148949773914 0
6161 0.1418202365936969 2.546162712605664 0
6162 1.096847927187739 2.684894828102983 0
6163 1.498087787314199 1.541053116591384 0
6164 0.6867357334581418 3.413081955812902 0
6165 0.07883230178628953 0.1406394037646101 0
6166 2.518694618259668 0.1449311683309411 0
6167 0.1767203819765069 1.848912802065017 0
6168 2.11750894981619 1.681348082592535 0
6169 0.9604676405547401 0.2745598049065969 0
6170 0.232962367027288 3.077288923831531 0
6171 1.496185942346876 2.784040390847021 0
6172 1.446705163812627 0.5911914410151264 0
6173 0.5365531313239061 0.8390440078737422 0
6174 0.6471424875738769 1.285342350532765 0
6175 2.820948444596467 0.1266552809572503 0
6176 2.810237034217435 0.1143403412753767 0
6177 0.6924274455444804 0.3921621697310571 0
6178 0.5739513921977863 1.750620926315264 0
6179 2.11385527799018 0.2320074955580407 0
6180 1.071927985914916 1.927556604130391 0
6181 0.7426022058630654 1.081530167385345 0
6182 0.7059289468511131 0.7187209131765839 0
6183 2.518693056540283 1.884664975466795 0
6184 2.189042725755348 0.4544879874280532 0
6185 1.503240526275706 0.2790269616565855 0
6186 1.68516376005485 1.044488491407678 0
6187 0.1332920966507327 0.8411449494498171 0
6188 2.223431208025336 1.768021954513619 0
6189 1.716875249026183 1.40622473818136 0
6190 0.04264110563217582 0.09772353072356177 0
6191 0.153950257045028 0.1822936984699797 0
6192 2.27190361636548 1.227285668081986 0
6193 2.57007757352941 0.2144999999999988 0
6194 1.840936661825385 1.271463338174615 0
6195 1.262931002250315 2.147483662322541 0
6196 2.312015482082666 1.66359306202407 0
6197 0.6712374638777738 0.3474225192792439 0
6198 0.8433249948145038 3.274249999999999 0
6199 2.366505696214522 0.530749217990399 0
6200 1.987371724303026 3.275235905123132 0
6201 2.102396393689529 2.265193147609269 0
6202 1.83392315648202 1.838489089499926 0
6203 1.590992375430813 1.198946126231411 0
6204 0.3214746187728235 3.042021845753684 0
6205 2.180181565682608 0.266995792171405 0
6206 1.893094749509282 2.733897711218922 0
6207 0.0688378357591255 2.68295113602818 0
6208 0.9703787518629419 0.6140054844545688 0
6209 0.2421974141035459 0.2901596455885813 0
6210 2.457574252884023 0.7874762100342501 0
6211 2.476378113160231 0.7778805677037448 0
6212 1.499245505412678 0.5419193629977082 0
6213 0.1469233510152279 2.578739139111776 0
6214 2.490494586544579 0.2230954862174577 0
6215 1.158008657063802 1.419034704334965 0
6216 0.2428335156286501 0.2656913569929169 0
6217 2.062485165765804 0.09892652819058423 0
6218 1.374501306108698 2.42351286949631 0
6219 0.05689791828504731 0.03337932880968864 0
6220 1.765014768897628 1.083613780145238 0
6221 0.05167701273351555 0.20726093445481 0
6222 1.427504901079137 3.0753125 0
6223 2.095562630193599 1.813887684978416 0
6224 2.147825895271875 1.361567154340198 0
6225 2.587515216930278 0.8660840840857229 0
6226 1.931869046075113 2.442591180913151 0
6227 1.850807460153181 0.7071393564739918 0
6228 2.553460379289961 1.23385629523874 0
6229 0.05461734749957481 0.1608715696681875 0
6230 1.671763455017168 1.26261675233219 0
6231 0.424514628878309 2.121941698017158 0
6232 1.340599493747271 1.523320759306738 0
6233 1.103144811864985 1.519930214710584 0
6234 2.443783153276058 2.914475030008924 0
6235 0.2793900445781881 0.7792530876372605 0
6236 0.09465887970342868 0.05747283692582084 0
6237 1.690997898207656 0.1853848181337776 0
6238 0.08020043761742857 0.0285742568511127 0
6239 0.1012567026346487 0.02131689807985926 0
6240 2.757734093742338 1.239974850376246 0
6241 1.45121989169124 0.6034123717831821 0
6242 2.553434371823355 1.167507923590021 0
6243 2.556789242579364 1.162145113386946 0
6244 0.4767350443496292 2.731834974504024 0
6245 2.131019879794948 1.460902090290659 0
6246 0.79225361117255 1.406068561760129 0
6247 1.679610695057543 3.440931656828973 0
6248 1.655242780230172 3.419266627315893 0
6249 0.3735948227276398 2.887704463973853 0
6250 1.903467639635689 1.579379625067815 0
6251 1.008968101429916 1.323413169000468 0
6252 1.696942702019861 1.372301085321671 0
6253 2.776234279625024 3.16158487838585 0
6254 1.371506871682134 1.795761213262464 0
6255 1.728131826283634 0.2191693868918945 0
6256 1.450234577229505 2.579194579881221 0
6257 0.9858069165720706 2.114382978429036 0
6258 1.629130901710412 2.217188938671675 0
6259 1.251543320305857 1.763025144889931 0
6260 0.3897678225559444 0.2428732403857041 0
6261 1.69575 2.3217 0
6262 2.732970991103264 1.780188746199782 0
6263 2.690030943841659 0.2385210893842051 0
6264 2.684518374697128 0.2432365712451803 0
6265 1.205563249910957 2.159028111071537 0
6266 0.9470497419076531 3.293296940236921 0
6267 0.3150766929975559 3.333233396605484 0
6268 2.564309679625548 1.184167399223562 0
6269 0.07769374133422424 2.57040891109826 0
6270 1.798195504049751 1.29184481852483 0
6271 0.2963864537417469 0.1912199469827007 0
6272 2.473121555146471 3.444562473231672 0
6273 2.459047596976744 3.41765840721427 0
6274 0.4590053514670882 1.370577110858942 0
6275 0.8026211961068129 1.192562217530062 0
6276 0.81887489037003 1.227528642724064 0
6277 0.3892839407343018 0.06486986880876322 0
6278 1.917702864566985 0.8736925786457022 0
6279 1.88121121112243 0.8826919271787348 0
6280 0.9059690828486543 1.142370804803444 0
6281 0.5781477629330007 2.720680971601247 0
6282 0.2659979740137743 0.2105169381273266 0
6283 1.542822617888405 0.1243195553762493 0
6284 1.843044510360607 1.782984826458445 0
6285 2.314603105272549 0.5237571145935231 0
6286 0.1039202056972155 2.115345860556507 0
6287 0.6200540542607512 0.1098745088771076 0
6288 1.136470435736724 2.803625208159021 0
6289 1.105284003374577 1.899233573140869 0
6290 2.583566042248862 1.815727044036092 0
6291 2.605770612417202 3.025518961397329 0
6292 1.006757969845276 0.6882680885944485 0
6293 0.1351389893269386 2.228580866291192 0
6294 0.1138780562557378 2.207809813548686 0
6295 0.1951483976422346 3.012008119309388 0
6296 2.501101707695104 0.9635698258177594 0
6297 2.286229669939229 1.013856779763734 0
6298 1.670511795548388 1.612595283709912 0
6299 0.4553686701217026 0.3515499302657177 0
6300 0.1151859801306983 2.376745549280792 0
6301 0.8725709320875259 1.155912587607199 0
6302 1.932497623579082 0.2104082216277507 0
6303 2.550015996620831 0.3147038041655392 0
6304 1.229828892385651 0.3518717025430886 0
6305 0.7125828319158922 1.18790550236456 0
6306 1.729625848073686 0.5683136375454965 0
6307 0.6131507579606673 0.5477886070068747 0
6308 0.5463016683895887 1.429637848205892 0
6309 1.569636719513804 0.3046013364993128 0
6310 2.541899602790467 1.075943189656086 0
6311 1.774119457774221 1.195755412277776 0
6312 0.2321637665234022 3.250143473156172 0
6313 1.62859082344044 1.462942815614394 0
6314 0.1839475579892578 2.616225385611209 0
6315 0.3977723783933151 1.157932976077469 0
6316 2.225303087707299 1.249061801907412 0
6317 1.280726891257085 0.583404373480811 0
6318 0.2874488330884939 2.104576875645657 0
6319 0.2912036697591887 2.059748134796108 0
6320 1.514960264949224 3.427826822026031 0
6321 1.727239642719085 2.684186925870095 0
6322 1.721995484544458 2.696165547032076 0
6323 0.06983069474126258 1.97574161574451 0
6324 0.1384970294346641 0.9271366355183267 0
6325 2.409570024227354 3.213528602197467 0
6326 1.688398524488209 1.095163204667673 0
6327 2.3562 0.5734843945312502 0
6328 2.511317690365024 2.627750685552152 0
6329 2.499414152055546 2.594877328670836 0
6330 0.4685296595256131 2.398273375894113 0
6331 0.476612377935123 1.175826729596017 0
6332 1.71779132440999 2.148675700790432 0
6333 2.554295823350613 0.5662732523593503 0
6334 0.353172480477445 1.53534533939541 0
6335 2.514381252260426 0.2131546913514493 0
6336 0.1299197294703485 0.4666483840877094 0
6337 1.527565174564176 1.636901430583689 0
6338 0.4157470110862995 0.02286018699804782 0
6339 1.95001252148267 3.377711731009766 0
6340 0.6182823529286167 1.252575137439058 0
6341 0.2200999595119841 0.4612782927794519 0
6342 2.299009804346052 0.1428431880319225 0
6343 1.000392625619263 2.215617222222221 0
6344 1.481654560816895 0.5851146267542235 0
6345 1.49293462296973 0.5944247148017847 0
6346 1.480222947921107 0.6022556209375107 0
6347 1.476242075273148 0.6085790675727365 0
6348 1.474878811373356 0.597213764227198 0
6349 0.8986958376066397 2.346232387628818 0
6350 2.811991028817296 0.2109183020716427 0
6351 0.836341546384282 1.410763258081146 0
6352 0.4046779689400652 1.840915551347878 0
6353 0.1270035026459833 0.04640861074867297 0
6354 0.1447143543051701 0.05983282282775626 0
6355 0.1622347214897437 0.9190851845521807 0
6356 1.00762656778093 1.143845415958682 0
6357 2.596240677575217 2.429995563328147 0
6358 0.4492670308538381 1.711289501635086 0
6359 2.290330392586795 2.212573871405292 0
6360 1.11391576385748 1.959145865867244 0
6361 2.463916509097309 0.5986660210227186 0
6362 0.7778766425763743 1.741765903608265 0
6363 1.340105655075089 2.748711806744641 0
6364 0.5066666471174489 3.170177124544703 0
6365 2.541820011745804 1.197345189308695 0
6366 1.915217320703097 1.697043837549064 0
6367 0.7921030192891362 1.01369582273038 0
6368 0.4509957805979845 0.09173459527837258 0
6369 0.4557637535117609 0.1097448965277081 0
6370 0.35128940888614 0.2218490480386295 0
6371 1.504997603909099 1.161350897738044 0
6372 2.362998014257006 2.322896378195948 0
6373 0.5626479908547914 1.696496085542624 0
6374 2.186236077381852 2.305920354730518 0
6375 2.257624158542374 1.484496747413699 0
6376 0.04972384846903477 0.3480626138669152 0
6377 1.896663144959729 1.162894719329681 0
6378 0.5323543688932111 2.371378146761693 0
6379 1.05069027390788 2.092355037091232 0
6380 2.381389874281957 2.439639402110905 0
6381 2.471291772198246 0.1476179236216646 0
6382 2.402099078670354 0.1441999648154915 0
6383 1.838450889252912 0.05810744420352565 0
6384 1.742288452260564 0.2012070018953875 0
6385 2.492625718726635 2.882045211470773 0
6386 0.2440809630471841 2.617839119454626 0
6387 0.110987629459143 0.3176909282700391 0
6388 2.507320217923393 2.524362006599262 0
6389 2.464068922830342 1.592348770897702 0
6390 0.5002355149874163 2.872071876426011 0
6391 2.276042208065631 2.84862609680077 0
6392 1.779004613616823 1.137422982622459 0
6393 2.607697803010955 0.8314709808073335 0
6394 0.9154096183483142 1.05210544730671 0
6395 2.501827114237285 2.962929477888237 0
6396 0.04819264695871528 0.1367630131355182 0
6397 2.532839094837583 1.794055673828559 0
6398 0.7631655674372742 1.664666992184275 0
6399 2.740133301279519 2.100111329761514 0
6400 2.012459718072227 2.476431380258747 0
6401 2.457810485566692 1.830503956453324 0
6402 0.2237738909611799 0.8460678021540993 0
6403 1.727585503618511 3.330248267017866 0
6404 0.3651972410209545 2.15701722212705 0
6405 2.311985036500947 3.169116209161508 0
6406 0.3771209032533656 0.7808871995261526 0
6407 0.05917220542752277 2.731911241983974 0
6408 0.3431178044735457 3.218040093844051 0
6409 0.2455725429210998 3.037930131550791 0
6410 0.09187588180231154 2.050798475189149 0
6411 1.946390510087252 1.510288260612378 0
6412 2.252904712302997 1.173151093782605 0
6413 0.9521857623721859 1.320134400808489 0
6414 1.606836091014314 1.173957790468682 0
6415 0.2364947460405749 1.330878311198429 0
6416 2.559215167123906 1.484547092859992 0
6417 2.105007376039437 2.404440759953738 0
6418 0.8264031509396509 2.963626332590761 0
6419 0.03784917974925905 1.460792316420039 0
6420 1.583350747141207 1.137113884288287 0
6421 1.924602056559938 1.794078195308666 0
6422 0.8389883555903608 1.778395188772566 0
6423 0.7986198917016034 1.153314412868266 0
6424 0.4808110177703141 1.200447441173279 0
6425 0.4777522790549824 1.201221326789637 0
6426 1.36367700196441 1.289259943378784 0
6427 0.9659216485747637 0.4755619651360234 0
6428 0.8730734253335306 0.3462712700987582 0
6429 1.452971368163928 2.016734312795046 0
6430 1.909187834373429 1.457780989250016 0
6431 1.518025140058038 0.3912298178410607 0
6432 0.4456521249374132 1.645912323396608 0
6433 0.5017185497496863 2.785677633137337 0
6434 0.5144427378839238 2.332346445502817 0
6435 0.3524572587201491 1.349734239712297 0
6436 2.138808557570005 0.2145933385759251 0
6437 1.219466459895329 2.883741462240372 0
6438 1.192441826956725 2.860415243706729 0
6439 2.290081810439961 1.01837542155396 0
6440 1.208236479863051 2.337903846987283 0
6441 2.785304086473297 2.483687740580101 0
6442 0.8538753645386836 2.719999130128738 0
6443 0.8163617665968084 2.719311742854891 0
6444 0.8868342615692205 2.703869668226478 0
6445 1.379048537932043 1.737764864915038 0
6446 0.7618965843815569 0.3292625725161906 0
6447 0.0838158386364305 3.171760751384448 0
6448 0.7640654054907113 0.2172948162545731 0
6449 1.783404062466986 1.639156963891351 0
6450 1.77899056944732 1.118315479424392 0
6451 0.4985045186453023 1.192183391773629 0
6452 2.339471441142879 1.823709853425298 0
6453 2.309792032619677 3.065586718034795 0
6454 0.198947520302285 1.03373368890509 0
6455 2.393975244120778 0.9042679846189629 0
6456 2.293237838877778 2.132247642331127 0
6457 0.1943727847544512 2.489535869217706 0
6458 2.577271873828971 3.266529816834661 0
6459 1.533611530353753 0.6474229058889391 0
6460 1.083282829124704 0.4939651001654788 0
6461 1.098333170510968 0.6206306041943224 0
6462 0.4428979379847435 3.256108857954561 0
6463 1.850607860409015 1.229781105196772 0
6464 2.580249027701797 0.04727730377628703 0
6465 0.697483370847132 1.30577234899331 0
6466 2.065889354461376 0.5594818946015803 0
6467 2.059132648758356 0.5232952557744683 0
6468 0.6598065634072202 1.201729729902933 0
6469 0.3912050269052305 0.1213517542358757 0
6470 2.295030916367741 1.817507187975357 0
6471 2.317861788013687 1.807695707081216 0
6472 0.9333577020955797 1.615639228435683 0
6473 2.245817360033098 1.322468061774656 0
6474 0.2835354109984469 2.948650558952491 0
6475 1.996527310176767 1.244772781367264 0
6476 1.357930758301196 1.886620332093791 0
6477 1.372738854501274 1.869295168702803 0
6478 1.864813960720948 1.956963699572941 0
6479 0.4258982515572528 2.011504244243383 0
6480 2.440618856678043 3.4481750950631 0
6481 0.4852842539008135 2.467010861348984 0
6482 1.252625094053427 2.080482069421225 0
6483 2.27969071238162 1.060328333411304 0
6484 0.2436926940518593 2.546889712658675 0
6485 2.411763439920132 1.957369776213954 0
6486 2.72428956141169 2.269413878872769 0
6487 0.1824273712772579 0.3507157140564521 0
6488 0.1687005637958816 1.13734875276851 0
6489 0.1830873563639337 0.654099652739121 0
6490 2.115667429199707 0.2855810839936666 0
6491 2.086840316878256 0.3084978375931027 0
6492 0.01701765382468046 1.54527493918881 0
6493 0.4228064353417573 0.07180001292490612 0
6494 2.703373404034196 0.2175588244566984 0
6495 0.9185768399547148 1.177002163128769 0
6496 2.355505562221684 2.102485696855321 0
6497 2.300383917917659 1.078008012888696 0
6498 0.125465965877501 2.279197313387737 0
6499 2.301833349363712 3.298159603854489 0
6500 2.774414959283632 2.432618709955925 0
6501 0.1595219186011998 0.7310406630845652 0
6502 0.1348994387372402 0.6955893003392328 0
6503 2.283730707145856 0.149086893718819 0
6504 1.848140849653334 1.193045236652981 0
6505 2.432172547094282 2.815580240184341 0
6506 0.957558583248852 1.218871471847057 0
6507 0.7094367983388068 1.142476882329362 0
6508 1.971713716677548 2.526029255166999 0
6509 1.747849816965481 0.6353191665192912 0
6510 2.629623673595225 1.458195515148899 0
6511 1.788303065571061 0.5540397641141623 0
6512 2.31611914847718 0.9175239355873465 0
6513 1.864334654512312 3.199192771548299 0
6514 2.737173444420003 3.227034187266659 0
6515 0.4475315147232959 1.277151586697798 0
6516 2.7321622422596 1.870498943016359 0
6517 1.483436580686275 1.376958362911631 0
6518 2.533026322043248 1.041643167286753 0
6519 2.129631263597365 1.739598125137216 0
6520 2.025751102319408 0.03587268063662252 0
6521 1.713585338102062 1.041445767271581 0
6522 2.804489337145029 2.545313671136419 0
6523 1.490899497533735 1.956193911102179 0
6524 2.59709614442518 0.6176014315565683 0
6525 0.4943020872432901 1.879085622013544 0
6526 2.736630596303586 1.826670316875308 0
6527 2.82387413688546 3.39390117038594 0
6528 1.336921681739162 1.600875427777195 0
6529 2.746124310929824 2.541813909918732 0
6530 2.233260006377691 2.559755092626986 0
6531 1.468033502642383 3.438961959357565 0
6532 1.817576126003798 2.976070977698923 0
6533 2.818961264642233 0.6238567434939395 0
6534 2.622967372807694 0.6266278147937774 0
6535 1.326230941222815 2.881768775716012 0
6536 0.3751523389052369 2.551706597076175 0
6537 1.67901123654515 1.877771285503591 0
6538 0.7237245929860889 0.4669386050786324 0
6539 2.308482824794787 1.631040816859875 0
6540 1.096115622369877 0.5456219682740422 0
6541 2.565796726942756 0.8180436044499461 0
6542 0.8078522842477013 0.6555556839757393 0
6543 0.04031839955308802 3.110248049722903 0
6544 1.185435078526891 1.831513630905545 0
6545 0.8107460227563668 0.4830096882241892 0
6546 0.7767753431461586 0.6808829618759502 0
6547 2.487951566938437 0.8118441230252523 0
6548 2.504987720732082 0.8204923033683686 0
6549 1.340835803221824 0.415934087557285 0
6550 2.293930919609436 1.85020926257668 0
6551 0.4774624423748047 1.100000512616081 0
6552 0.2375857429952295 3.206029633978234 0
6553 0.7064246170236439 0.2219324145157096 0
6554 0.1885368565178402 0.1806980080463689 0
6555 2.467458314709394 1.454575756516296 0
6556 1.703553483004953 1.944269522671963 0
6557 0.1222945774767994 0.07841994560230958 0
6558 2.242490424647059 1.738693144415686 0
6559 0.8205682203389867 3.259090550957556 0
6560 1.450609526446834 1.444983988141154 0
6561 0.1536686964476863 1.829815138988198 0
6562 0.2020238204036551 1.849948626040572 0
6563 2.162859667113854 2.096027866724995 0
6564 0.2634590937965102 0.3710321484374068 0
6565 0.1069580262081595 0.1287344439833153 0
6566 0.561341146065272 2.001135460156138 0
6567 0.5511916635033789 2.01687379414583 0
6568 0.1184393748993799 0.3288221909605675 0
6569 0.9240483638692003 3.036012368226896 0
6570 0.1424305355002446 3.148524364537023 0
6571 2.391601867425774 1.448005385789191 0
6572 1.75359396779962 3.366139659561804 0
6573 0.2445779078923234 1.944109486848038 0
6574 2.750231792667043 1.800976932243235 0
6575 0.5025217991248553 0.8829168480697118 0
6576 0.8001657865447988 0.2902536846315438 0
6577 2.098615395900335 1.361034291736338 0
6578 1.970891036327535 2.066125992276628 0
6579 0.9626504607177806 2.047690472731369 0
6580 2.419208911588425 1.045405281323544 0
6581 1.508824427409593 3.367920635518066 0
6582 0.3951422821961212 0.05643802224510819 0
6583 2.6713979425865 2.790458299080215 0
6584 0.1277816925950823 1.95774536535697 0
6585 2.615343543711592 0.2984208632521566 0
6586 2.169098481146304 2.47536543674696 0
6587 2.411557988341356 1.402013764073852 0
6588 2.403224306271193 1.386015006333734 0
6589 1.478444621027802 0.526211127056837 0
6590 0.9096559087871037 0.2377581917277125 0
6591 1.842894923457372 2.909446903296661 0
6592 1.509666416491262 0.4269224832060752 0
6593 2.168573959191843 3.322413631443646 0
6594 1.850947831368545 2.978643142186494 0
6595 0.4945003093004494 0.6081101437569323 0
6596 1.456782922575607 1.131380318588258 0
6597 2.164239069557301 2.959587775854141 0
6598 1.261807785355968 1.202759083715889 0
6599 2.140705207715541 1.986071218309575 0
6600 2.676388076317126 1.449374346915898 0
6601 2.687325248104094 1.540037838523598 0
6602 2.694769593514966 0.2242230879227225 0
6603 0.4419842076361985 2.433891023297962 0
6604 2.179129028032411 1.656181751425678 0
6605 0.7922994403605307 1.451697538553589 0
6606 1.799365169837186 1.431587721707567 0
6607 0.7213033900067679 3.240470343567868 0
6608 1.927986082671662 0.7744967427088008 0
6609 1.632244784543642 0.0400853279467146 0
6610 0.3921357344992571 1.553705721920303 0
6611 1.212122801477295 1.717419813959294 0
6612 1.635760094525397 2.66227748393442 0
6613 1.658588348186863 2.650221295705747 0
6614 1.414591736221908 1.076299892404727 0
6615 2.253376031459892 1.029098791623151 0
6616 2.241198038088998 1.017461427945289 0
6617 2.24640867512457 1.035807074751818 0
6618 0.3584171403105876 1.664292073168723 0
6619 0.09051500091432718 2.611537194695259 0
6620 0.6940176790473999 1.902932980264767 0
6621 0.415450987464971 2.231955532512089 0
6622 0.5216763495774002 1.320352261947848 0
6623 0.02354706643735227 1.919154003439901 0
6624 0.6218602603357506 2.463750148391206 0
6625 0.4309660560155282 1.179365163405113 0
6626 0.2346031153579828 1.565944018321396 0
6627 1.378553566606754 1.470566940170788 0
6628 2.035290325483947 2.744224054997685 0
6629 1.138340915628616 1.857153024068938 0
6630 2.077621096098675 1.658094927171579 0
6631 1.471423244665977 1.710773363939025 0
6632 0.8294894877316282 1.440884089879379 0
6633 1.044293941334872 1.214603735917233 0
6634 2.199187308514438 1.436475049033795 0
6635 1.989950504534995 1.826140189715249 0
6636 2.481180196514722 0.1357311115317452 0
6637 0.3356874093068367 2.603950842639591 0
6638 2.420883564741242 2.188686009878454 0
6639 2.272744145475455 1.032415999646338 0
6640 1.174583799746491 2.057422661550078 0
6641 0.4099348250705588 1.767055432155011 0
6642 2.260098601477328 2.75845989769386 0
6643 1.78742123741749 1.039785465234769 0
6644 0.7753194985561831 1.515748668916339 0
6645 0.09560528479395813 0.169985258114294 0
6646 2.331883352663972 0.9658043687537139 0
6647 1.774782822774965 1.307513067465994 0
6648 0.4703271799103959 1.07292974986091 0
6649 0.6006050937797274 2.883060600883231 0
6650 0.5057478261338123 1.224569895644354 0
6651 0.4929765794585637 1.221085799967073 0
6652 0.5091711833098812 1.212851157727758 0
6653 0.3274302352548559 0.8761244426534048 0
6654 1.309646088990367 1.92994314410535 0
6655 0.6573895767666753 0.2424421579594798 0
6656 0.4775641619970068 2.523409399523997 0
6657 0.5554794416392465 1.532228518929341 0
6658 1.059021991822982 2.320015132480592 0
6659 1.458564502237015 2.344603129472462 0
6660 1.763368972897173 1.275431655065199 0
6661 2.318265354085539 1.731648345635664 0
6662 2.017795869466723 1.681706824113116 0
6663 2.531241265203245 3.007785259839995 0
6664 1.1019392242898 1.084965000381276 0
6665 1.079508678051142 1.127872366250132 0
6666 1.488260578694882 0.628343018651756 0
6667 1.493070117001237 0.6422072837904822 0
6668 1.078938335567528 0.9328692164874521 0
6669 1.666954068666589 0.4024232794458646 0
6670 2.567580979997487 2.999571151696699 0
6671 0.1831882376293241 2.547664213330394 0
6672 1.441662342502226 2.539331229564826 0
6673 1.425354367163014 2.519279882305337 0
6674 2.107776529529268 2.550163445179584 0
6675 0.4435360272714437 0.5834044815100103 0
6676 0.06856092367545741 1.520895689656382 0
6677 0.4345648353613095 1.424291520551661 0
6678 0.4729552267750053 1.974572115807622 0
6679 2.123203056260378 0.1359249214813221 0
6680 2.366953353691347 0.6085380042067818 0
6681 0.06289912494211602 0.1022593979824851 0
6682 2.701177802066083 3.170074624625906 0
6683 2.68040705502415 3.170973504263514 0
6684 0.06887177036833236 0.2873915337518613 0
6685 0.8384263042019612 3.027993453751323 0
6686 2.694119395166981 0.04404010076549314 0
6687 1.590990501694846 0.5096744469977144 0
6688 0.1717517329464129 1.86865133140659 0
6689 1.559012205005754 1.144201030975029 0
6690 1.864449054165588 2.934668286377867 0
6691 1.762148558465167 1.106345940621687 0
6692 1.022168467531923 1.606775766780215 0
6693 0.9987301427095626 3.213527253956681 0
6694 1.789717406872698 1.09270161208084 0
6695 1.692068715640747 3.279853207740117 0
6696 1.227681366475728 0.8150679820234139 0
6697 2.511714667611793 2.433283249999209 0
6698 0.4523030658577949 3.088692062174968 0
6699 2.495176042530721 1.62851647894137 0
6700 0.5072297538721636 1.105709768595906 0
6701 2.833480131699154 0.4180311002026216 0
6702 0.9641994251713284 2.57917928722508 0
6703 0.9439566494709069 1.727285446903908 0
6704 0.3771161896365323 2.967955450689703 0
6705 1.915506437006669 1.613792530141712 0
6706 1.896228476019192 1.604675085038871 0
6707 1.878079690990926 1.617119459253228 0
6708 1.938663077736349 1.607504023122668 0
6709 1.964703642013626 1.619492553168061 0
6710 2.508791011132205 1.936804778448649 0
6711 1.763885229943352 1.385348160198122 0
6712 2.516233143221386 2.289714494464195 0
6713 1.824021368987711 0.5516268681745329 0
6714 2.70603386118653 0.3835208353661557 0
6715 0.2935001270812769 1.84918171041286 0
6716 0.2009096983832706 1.16631757942356 0
6717 0.5854994161258422 1.965418308482506 0
6718 0.6506992555852873 2.628269979322901 0
6719 0.6989544576923906 0.3042778820614001 0
6720 1.796527409800737 1.341426000341404 0
6721 0.7654734955606918 2.974771372887448 0
6722 2.303213103947964 0.2104143710304762 0
6723 2.754651822657847 0.3135347405611357 0
6724 1.746262460290835 1.725458763110384 0
6725 1.636749089854614 0.6475489735066844 0
6726 2.492096332294111 1.348728253230748 0
6727 1.811927891656786 2.92806071247896 0
6728 1.813166911749025 2.902889690694392 0
6729 0.9521527645389172 2.867392895261419 0
6730 2.386212015434229 1.692753854306886 0
6731 2.80742136356848 0.1586203990648445 0
6732 0.461313210502299 2.830389415364659 0
6733 0.4395157753412586 1.782311138795759 0
6734 0.3842636129755383 0.1946663273368925 0
6735 0.4515222913081365 1.88535134454603 0
6736 1.605350371885822 3.292825441302748 0
6737 2.815034998858512 1.308132059550105 0
6738 1.288819688347979 1.245953654425819 0
6739 0.353896341444615 0.09784910081728393 0
6740 1.897719233698906 0.8130084775704691 0
6741 0.5492428209095008 0.5569282956654271 0
6742 1.272309773755274 0.5392595828230902 0
6743 1.680082283267038 1.331636680893844 0
6744 2.821612417922749 3.233748630367253 0
6745 0.8807082043782765 2.596595059916283 0
6746 1.999659576876394 2.351138515377301 0
6747 1.4974860738227 2.220336063834043 0
6748 0.5854080562241188 0.210017548484247 0
6749 1.681817454176264 0.1729336500306784 0
6750 2.275412581833562 2.645278493742716 0
6751 2.807267334231531 1.686278266847346 0
6752 2.680673262607795 3.289769795379422 0
6753 0.7282822780105017 2.465081411575177 0
6754 2.563194302135025 0.5915614764770623 0
6755 2.109319147217565 3.087677130181104 0
6756 0.0869970359973391 0.09059053990493027 0
6757 2.49377536700764 0.09870922360647572 0
6758 1.938085159387498 0.02460082505363848 0
6759 1.461893576749159 2.785397841140043 0
6760 1.345304432849344 3.428561743050702 0
6761 1.310330397699885 3.446279923722523 0
6762 1.763014868788673 1.162601661202093 0
6763 2.022290902238565 1.779736274567733 0
6764 2.735936843950729 1.415065859585191 0
6765 1.690369550260648 2.666884995388342 0
6766 0.424714584919007 2.628349258945379 0
6767 0.3519133283821803 1.875449157096748 0
6768 1.142319750081472 2.036516351154751 0
6769 2.354876815628708 1.97571687613102 0
6770 1.591595158160978 2.962448589849886 0
6771 0.474726149783542 2.290264372093114 0
6772 2.500237776528742 1.215032911510146 0
6773 0.126463817923868 1.601663200668349 0
6774 0.4390846991066989 1.766706988383057 0
6775 1.8218225707527 1.564131609443449 0
6776 1.760760708897033 1.142724298434775 0
6777 0.4871228251764004 1.202410049428427 0
6778 1.828367645290146 2.387234323719252 0
6779 2.24466447704773 1.005833860138933 0
6780 0.8123876661491632 1.342565645838647 0
6781 1.36308806265452 2.304333861790428 0
6782 1.69820180293959 2.006940297288705 0
6783 2.032308675075689 1.478688195764245 0
6784 0.2973646904624152 3.185208813956894 0
6785 1.640848820100755 0.2534380009531954 0
6786 2.751215573355718 3.24047810737031 0
6787 0.311841979126402 2.432790745393635 0
6788 2.082353854512356 2.307720283600453 0
6789 1.078412213565989 2.957899299016955 0
6790 0.6906606997420048 2.893624891259576 0
6791 2.222125729727706 2.132476790580097 0
6792 2.503560985961681 2.932761390377482 0
6793 1.58654997769681 2.925962878811387 0
6794 2.697535597656512 1.651425784971562 0
6795 0.9129841413946742 1.400443423545103 0
6796 1.747947175821025 1.122142448867788 0
6797 1.427846773342272 3.421890653864986 0
6798 0.2010480448606966 1.072846533953087 0
6799 2.717873339963082 1.927893806341794 0
6800 2.819218178775103 0.8514761096835782 0
6801 1.351676518648767 2.625434499488316 0
6802 0.9025878163292773 2.826271228725413 0
6803 2.534866827626721 0.03114166037569577 0
6804 1.421082741131437 0.3034514115175793 0
6805 1.892429211061726 1.435680215066247 0
6806 0.7502001072625115 0.1206011439703387 0
6807 0.7662512024856309 1.889739305722427 0
6808 2.420370765708892 2.128445176531919 0
6809 2.333972533117551 2.790547727346322 0
6810 0.4340102830696545 2.362951121426404 0
6811 1.985617769341387 0.5915086944920298 0
6812 1.116108694076472 3.432686421470242 0
6813 1.073112810108619 3.440954567034133 0
6814 0.7057295608472461 1.671685352722945 0
6815 1.319279796618124 1.909967640821797 0
6816 0.4686751288206623 0.6182181667567674 0
6817 2.432188712952299 2.409647357270158 0
6818 2.555378873084454 2.617832076845355 0
6819 1.79097006203009 1.475294233952768 0
6820 0.4566301229330383 1.34701017148409 0
6821 2.415342704986852 1.158949834506889 0
6822 2.558715371702714 0.2769283371061961 0
6823 0.4582294545230079 0.07787213188224684 0
6824 1.604276787453631 1.190905721062928 0
6825 2.185942602711002 1.83200172548385 0
6826 1.163144032538615 1.904678064546908 0
6827 0.2277363119934337 3.231231906676657 0
6828 2.674641618418287 2.129609969215477 0
6829 1.254303659624577 2.018334041790351 0
6830 0.4688464988448112 0.247186292193009 0
6831 2.035565091410495 3.003992585461411 0
6832 2.278959520941019 0.5176054587256091 0
6833 1.890263763524538 2.84051988609987 0
6834 1.132040179062506 0.9225133933103389 0
6835 1.444945313119959 0.4746138203651866 0
6836 2.256677092087657 0.02834299621618142 0
6837 2.332747391111447 0.05811431298626624 0
6838 0.4693381482342437 1.17529767857835 0
6839 1.509089073981232 3.271027995013017 0
6840 1.587339657917832 2.681271251486062 0
6841 1.830727835885759 2.325098104723813 0
6842 0.8424581884834877 3.43440804103716 0
6843 0.9581103965051327 2.843256384717401 0
6844 2.559931145724914 2.698763350255773 0
6845 0.2511967284487788 2.671930975204163 0
6846 1.301780648559486 1.11217679756056 0
6847 0.07051061216130305 1.178802022817773 0
6848 1.103134524433355 1.363683299316322 0
6849 1.661283823624457 1.849136378076723 0
6850 0.657124337864025 1.113345664685162 0
6851 2.531892103102484 2.116056826649162 0
6852 0.1362090268745839 1.835506258911325 0
6853 2.281810817239298 3.278463829209659 0
6854 2.590788307132726 1.216715292217322 0
6855 0.09375683720309813 1.719244078128722 0
6856 0.5436798923279457 1.019933322715148 0
6857 2.718811004860093 0.2736851981971646 0
6858 0.2686786888528774 1.588548587161617 0
6859 0.0826281205807482 1.86906047657496 0
6860 1.811288022054923 1.548098794828387 0
6861 1.825116438757045 1.535348883626403 0
6862 0.4871463996548442 1.185038078044828 0
6863 1.528698406677877 0.4888910271039251 0
6864 2.767456465922327 3.132830911943724 0
6865 2.335692653084529 0.8929395852599995 0
6866 2.478889680298204 1.800301425431656 0
6867 0.05699732213651609 0.05832462594341736 0
6868 0.2034509349834954 1.700029355983776 0
6869 1.131624909485202 0.7064614049421407 0
6870 1.685469359421864 0.1238645917156804 0
6871 2.499979811963454 1.735064969449865 0
6872 2.526681154385256 1.119201399356563 0
6873 2.520470983431562 1.127905409593858 0
6874 0.6657224271256195 0.1635234124824358 0
6875 2.668490361276021 2.006300741557171 0
6876 2.125865206178788 0.4797715120806871 0
6877 2.097756288113713 0.5059077735134259 0
6878 2.707468382030486 1.383174202693073 0
6879 2.473812962081469 1.673236524795069 0
6880 0.06347216648025755 0.7636927662820152 0
6881 1.848647873193584 0.2374415556686214 0
6882 1.797799302228646 1.533364496244299 0
6883 0.5757645740837606 0.3331377824296169 0
6884 1.775695174626826 2.070426203871599 0
6885 0.5689102627173862 1.651614209741618 0
6886 0.3013106376677688 3.124291050534171 0
6887 2.715369574033349 3.073729615034271 0
6888 0.6492710780886887 0.3504696148279909 0
6889 0.727772238570774 2.340260969538123 0
6890 0.9556686875700273 2.347887368090734 0
6891 2.798494255011886 0.1216509486612312 0
6892 1.588732138942699 1.393200622047501 0
6893 2.429173408692888 0.778647902983117 0
6894 0.8121895993092468 1.14802732393642 0
6895 0.8720912975855636 0.6917661176982268 0
6896 1.19201322774031 1.688101826108003 0
6897 2.1482596778762 1.846381212268898 0
6898 0.9907414634290559 1.670961983011266 0
6899 0.09528266349325998 0.1860420866609622 0
6900 0.9377192034082162 3.117909255904059 0
6901 2.046858362989324 2.0077 0
6902 1.37810025128017 0.4691625105041366 0
6903 2.106167265196818 1.293449107952939 0
6904 2.107961417164796 1.264058866256431 0
6905 2.807117846748047 0.385882063600794 0
6906 0.4266339297633599 3.303093886919469 0
6907 2.100206948425356 3.258644093654277 0
6908 0.5398937994655768 0.1082796153607226 0
6909 2.58402104823489 0.2716031812115882 0
6910 2.720611700038963 2.196830378740191 0
6911 0.1025518791938658 2.933515681850512 0
6912 1.264367230638865 1.700707297828547 0
6913 2.595075431484959 1.922284605571644 0
6914 1.604324014279545 0.4126767657291821 0
6915 0.9690383431496188 1.852481906514543 0
6916 2.662456596741613 2.371068340856143 0
6917 0.3817791255875351 2.707035888269776 0
6918 1.006831586667402 1.296185712364479 0
6919 0.3722615932477373 1.76935824347513 0
6920 1.661587359414215 1.392536437284615 0
6921 0.6834975604160883 0.1805203569274831 0
6922 0.7749437720642111 1.967312439219343 0
6923 0.491729277965687 0.5695707790149351 0
6924 1.443365323496514 3.278378534685078 0
6925 0.4372405073104706 0.08929859975849985 0
6926 2.384248954109169 2.185216606935159 0
6927 2.008888125171004 0.7529504585486066 0
6928 0.1899603035778188 2.396805268708635 0
6929 0.1229279600471052 0.226410296405225 0
6930 0.9333473967465047 3.243775071956077 0
6931 0.7786921605329751 2.07683647884916 0
6932 0.952811442961673 2.756898592017595 0
6933 0.5387875741993612 2.659434030084023 0
6934 1.162135337467691 1.190679799709865 0
6935 2.189918861574098 0.1191466698589652 0
6936 1.3052316946047 1.354743057417053 0
6937 0.4938072749872435 0.1343372160093135 0
6938 0.8361931783152416 0.2978808258628922 0
6939 0.2599251507711189 0.256836982740501 0
6940 2.149436634442647 2.33107540931733 0
6941 1.396653943174714 1.156890037384575 0
6942 1.189580985696257 2.545633630972305 0
6943 2.513517616633274 1.287659044539514 0
6944 1.531902518192347 2.526991230298214 0
6945 2.432277301233567 2.157463906154142 0
6946 1.064252905361748 2.413714463619725 0
6947 1.224770318204112 0.7005431644233588 0
6948 2.679242692573876 2.878357512187666 0
6949 2.375010697398017 1.887564487621414 0
6950 0.7182827263109645 2.551656843328932 0
6951 0.8255986206568233 1.393057276361557 0
6952 2.463230032929331 1.84534341443056 0
6953 0.6213654901102705 1.416001696281396 0
6954 2.227731741460053 0.07736699442159978 0
6955 1.964258480219953 3.355148874065215 0
6956 1.985582588804988 3.358611437266304 0
6957 1.344649084468527 1.895586957605123 0
6958 0.09636289859761815 3.118766592419976 0
6959 2.570116610534492 2.976687741812967 0
6960 0.444764297277911 1.062937618340107 0
6961 1.007756298219697 0.2348300793398601 0
6962 0.73029821084165 2.92758294320942 0
6963 2.038642270652489 1.409524949977335 0
6964 2.058833001512399 1.420504419715271 0
6965 0.2033923328716571 2.424546957255948 0
6966 0.741576976049414 0.3449139278268134 0
6967 1.046773243986092 1.385221575870637 0
6968 1.111507010677348 3.290352115571658 0
6969 0.4226000000000001 2.534858333333333 0
6970 0.03894550915310213 0.1457546263963654 0
6971 2.553349684073528 2.170274067843326 0
6972 0.03326918350052122 1.661354844672544 0
6973 2.018445631385513 1.314610346584188 0
6974 1.648144979864019 2.877230327863479 0
6975 1.643450311933532 0.2000894812617955 0
6976 1.652488731467184 0.1805875807995427 0
6977 0.324216742421624 1.136934565393948 0
6978 1.770954258416479 2.278659279728446 0
6979 1.817427379928361 1.488288355761123 0
6980 0.1455084539864675 1.717539047674081 0
6981 1.36143671043985 2.36717730447676 0
6982 0.3038961606414461 1.96063226188763 0
6983 1.248168238688528 1.599127465978629 0
6984 1.745855943639972 0.02983793154621006 0
6985 0.7215350492796188 2.59014008535229 0
6986 1.194654672350132 2.035891754673368 0
6987 1.268210387973728 1.070747305232603 0
6988 1.956575201424139 2.668033997312767 0
6989 0.4357971439986663 2.039443350633221 0
6990 0.7826167776010998 1.844977318849501 0
6991 0.2934374704754092 2.2420497551924 0
6992 2.652439395808584 1.608362677279167 0
6993 0.8332679143713804 0.9557142328879575 0
6994 1.057820204452566 1.064395900066343 0
6995 0.2058964108842973 2.358320332645263 0
6996 0.02140041808545479 0.3342702996889229 0
6997 0.6348021934219604 1.993845345171381 0
6998 2.712876751388814 2.053960823328589 0
6999 0.2740660579778507 3.249642407717995 0
7000 2.403627528110611 0.9430415082812167 0
7001 2.627495823885715 2.613805862363866 0
7002 1.999630976213973 1.390168798277581 0
7003 2.01463231159129 1.380528348873687 0
7004 0.5886914756492139 1.059969378065027 0
7005 2.509262159355893 2.788047939919896 0
7006 0.4185962047624443 1.559634406597027 0
7007 0.6702141804729965 2.961757569753516 0
7008 1.722843416560845 3.012190038504778 0
7009 0.5377941260642158 1.148768104313241 0
7010 0.1881120569226395 2.089554894066504 0
7011 1.476466037593509 0.4769531157620219 0
7012 0.7250710309587689 1.386731654446535 0
7013 2.455725932379998 0.8207478004177027 0
7014 2.456263874674788 0.8363700465027436 0
7015 0.2580069230547779 2.732298378868787 0
7016 0.1030342506664517 1.85806370367485 0
7017 2.128297558804107 2.668907557824975 0
7018 2.48062219549471 1.494351960798134 0
7019 0.3988930753821602 1.178854660752321 0
7020 0.6627236156133072 0.3690016815343702 0
7021 0.3420013031734725 1.566375009405262 0
7022 0.221774864791306 0.3022334307707455 0
7023 0.05227442767595236 1.770256505727945 0
7024 1.39223627814258 0.6681149481260638 0
7025 1.287470058675847 2.957309028650939 0
7026 0.1493200304969855 1.752871975809569 0
7027 1.384899878441092 1.56041465511975 0
7028 0.2526582765032837 2.311071027064081 0
7029 0.9812268887814563 2.646503409887257 0
7030 2.369864162605122 1.249469943803605 0
7031 1.58881635748557 1.629636324795244 0
7032 2.016660125358015 1.607004864953699 0
7033 2.2915324466745 2.014473690577171 0
7034 0.2292171286445468 1.013193363947455 0
7035 1.458076758926009 2.435188639830157 0
7036 0.1699993628991903 1.052609743109098 0
7037 2.587197148515501 0.5475744511740774 0
7038 0.3985971579616252 1.825173960477879 0
7039 0.4100131259583204 1.815897686221781 0
7040 2.47761541504955 1.024467027873657 0
7041 0.497960886158751 1.523068642530742 0
7042 1.8391334997435 3.238666958063795 0
7043 2.655382210540536 3.245056886052045 0
7044 1.397681175906403 2.28718009019474 0
7045 0.5284039779129476 0.8986166439778467 0
7046 1.159605285626736 2.123379263591596 0
7047 1.876115038142153 2.376110520439869 0
7048 1.142884469292176 2.199894391547406 0
7049 2.624832013100064 3.083724203884097 0
7050 2.455132626339935 1.322598450608711 0
7051 2.033667480726838 1.455190953782989 0
7052 0.9450297477163982 2.689143854754627 0
7053 0.9192959433074185 2.700099211003653 0
7054 0.9721195517879664 2.69120144222218 0
7055 0.3674280008062647 1.720344802077852 0
7056 1.217364889253304 3.109757060404959 0
7057 0.5504152344821692 1.511658420355837 0
7058 0.4779776033449219 1.19158690862279 0
7059 2.076276459408844 0.6453689741291897 0
7060 2.763874093742337 1.17384929482069 0
7061 1.246118617877642 3.02071516709316 0
7062 1.969197357247129 1.279644231486463 0
7063 1.850323251805658 0.02272606680486655 0
7064 0.7394914006457923 3.306128696687116 0
7065 2.795620524403493 2.777789149904725 0
7066 0.234039205573797 2.478031008950762 0
7067 2.471929648394004 0.178646485678305 0
7068 0.64891070987453 0.3291476024348734 0
7069 0.2007840304039314 1.486144513959777 0
7070 0.2540922896255047 3.386292351195873 0
7071 0.4927918719973188 2.577983095279696 0
7072 0.2941886734153418 2.21344911221992 0
7073 1.908971792836093 2.576762228166297 0
7074 2.734399241048673 2.940267360085816 0
7075 0.8157083350841747 1.271344168283361 0
7076 2.405801068195482 2.603612525648463 0
7077 2.530514122275372 0.3367584787118219 0
7078 0.2286143352148189 1.730305328798323 0
7079 0.09816093713654994 0.9945518341208289 0
7080 2.571715248599964 3.158680217733274 0
7081 2.57165190325329 3.14318644396299 0
7082 1.877683933052741 1.341611780637619 0
7083 2.103701872733049 2.685242572605488 0
7084 0.1617696044773063 1.877822685295286 0
7085 2.818470197775152 1.79139310113366 0
7086 2.67309716920716 1.233643958288063 0
7087 1.720969901991791 2.055102589936907 0
7088 1.12053757427579 3.19875745034425 0
7089 0.6031554344793361 2.960471962895895 0
7090 1.482695387838789 0.6468166794090373 0
7091 2.242670063964749 2.417705068393603 0
7092 0.5613289439847162 0.09209779825738185 0
7093 0.5811112259590054 0.1062230436430018 0
7094 1.297899936564219 2.770975270020664 0
7095 1.96202594237506 2.128230916198929 0
7096 0.4242346879093071 1.907199789656847 0
7097 0.453536989982251 3.023060953730726 0
7098 0.3763527816117924 1.791361272204582 0
7099 1.889689207541637 2.929481215866087 0
7100 1.885209006147242 2.917280490716395 0
7101 0.1213466622863042 1.880644452022018 0
7102 0.04355852736913457 0.2660916005054446 0
7103 2.245153113992246 2.698362882923171 0
7104 0.4264266502076286 1.843570716953554 0
7105 0.716771824931027 3.368271189708528 0
7106 1.915334443458826 2.927304766563135 0
7107 0.4657974070056511 1.150673032830023 0
7108 0.2553917865350641 3.008420974999635 0
7109 2.316117968594909 2.690973762156872 0
7110 1.72372534638971 2.792497734767242 0
7111 0.3926158090769063 2.643938720221024 0
7112 1.535321771105727 2.261632634203762 0
7113 0.1626394006405569 1.837862575657769 0
7114 1.693133803908653 0.6072658733297234 0
7115 0.4268432123523056 0.9336199174050914 0
7116 0.7325304710473002 0.2011418135973628 0
7117 0.07584650160245121 1.278291120836027 0
7118 1.72272683458426 2.872844060435143 0
7119 0.2489963636949644 0.5033127162046165 0
7120 1.3829125 1.367452173913043 0
7121 1.4107545686798 1.163016737578604 0
7122 2.587058305416262 2.806078453604345 0
7123 0.3546653326109543 1.165302218313883 0
7124 1.947217319176448 1.240631794354025 0
7125 0.3300484371013228 0.5076348334954566 0
7126 0.1328563348109379 2.60494213577111 0
7127 1.248160608652044 1.483569940117967 0
7128 0.557750804474945 0.9594556869139127 0
7129 0.7875886291181202 0.3089915642694456 0
7130 0.7988032317743416 0.3076307581930462 0
7131 2.046239535991617 1.899439190433212 0
7132 0.8086246278696928 0.2717152107485321 0
7133 1.742858317349573 1.686192427469413 0
7134 1.148278823874261 0.4179000741589345 0
7135 1.747351578919779 0.03540053334811244 0
7136 0.852014720350624 2.290230590072168 0
7137 0.5184382828483843 1.223658791589589 0
7138 2.285562489696387 2.770670443831839 0
7139 0.2798728869662199 0.8929919392665395 0
7140 0.1060112051687501 2.467570748293214 0
7141 0.9782884561841381 3.430549056986963 0
7142 2.126579798714648 2.983011211204731 0
7143 0.5876117245053106 0.875074088956958 0
7144 0.6865231659909721 3.249894896091073 0
7145 0.385268863159713 0.35860876192274 0
7146 0.6368908775350104 1.148378575418043 0
7147 1.628077191785233 0.1424209559130285 0
7148 1.442436678088539 3.357704464155392 0
7149 0.333815427203157 0.9700701716411103 0
7150 0.8834468493737309 0.7498379713980103 0
7151 0.6043102619887946 0.08840588776112313 0
7152 0.1904332382453648 2.117126554991487 0
7153 2.258249966357782 1.423049688809483 0
7154 2.375058357520407 3.410867959432955 0
7155 0.6771747144355296 0.1273161741357791 0
7156 0.6998425962761889 0.08420582205293914 0
7157 0.08588716395874973 3.016693182823386 0
7158 1.798623579492921 3.31246282645619 0
7159 0.7010466659327623 3.13287139737744 0
7160 0.2455953328828184 0.4367091188952026 0
7161 1.193516579950798 3.429714952681478 0
7162 0.186908495568765 1.744172566021156 0
7163 0.2061222928815993 1.733732764414266 0
7164 0.565892758805568 0.6658676594917927 0
7165 1.197995798154325 1.871144289418845 0
7166 0.2940546217291904 1.275112454201849 0
7167 1.763547281554847 2.58118 0
7168 0.07133045302088825 0.1854207789140199 0
7169 0.7948254756994817 1.440545447086227 0
7170 2.410015535091543 0.5291696714229448 0
7171 1.604516176302745 2.329967936241603 0
7172 0.2253415799905716 1.599024250368599 0
7173 1.99677855732406 0.6166148442745596 0
7174 1.840433245878872 0.5968796495169684 0
7175 0.6101606434030742 1.866667180020126 0
7176 0.5781799528709348 3.4195960921974 0
7177 0.5280929222289872 3.426484452493845 0
7178 2.419429044566986 1.107233162347174 0
7179 1.200427216190316 2.103182723187816 0
7180 0.7175556451612902 2.274375 0
7181 2.472717891054723 2.05384691652949 0
7182 2.466820385042519 2.030552330339314 0
7183 2.778793285708018 0.1114350071602068 0
7184 1.977428478935045 1.328613971689911 0
7185 1.977885585826592 1.318292760989788 0
7186 1.985888113880201 1.304126120715482 0
7187 2.147774461390267 2.840716146395661 0
7188 0.1139374645105393 0.377750451660265 0
7189 0.09073659519714061 0.3831856654103249 0
7190 1.370522936934091 1.64426147445982 0
7191 0.1438862218731747 2.594226337530864 0
7192 2.157121656596918 1.303801450419425 0
7193 0.6459755150665921 3.283911542215733 0
7194 0.8215571428189867 3.294405216706805 0
7195 2.407063045822217 2.446500135083195 0
7196 1.26340382755404 2.616870902106311 0
7197 0.7649075801375361 0.6133527483945691 0
7198 1.849769614291353 0.7370138379729045 0
7199 2.360727188987784 1.417487276344459 0
7200 2.382302347088718 1.412891825019659 0
7201 0.4673839664354333 2.864099232136873 0
7202 0.06055493211693408 1.068067725947585 0
7203 0.03190471144355644 1.060068678808305 0
7204 2.470381293828015 0.28330890941457 0
7205 0.5244568870627072 1.217884441413372 0
7206 2.6847254777115 3.196027141905153 0
7207 0.1491716795173668 1.698388487645195 0
7208 0.02698819708427336 0.1993138921062343 0
7209 1.956703838913198 3.012008969851744 0
7210 0.03356595982008637 2.359476431301643 0
7211 1.881391107214523 1.235055228180364 0
7212 2.749525020983003 0.4434890964308555 0
7213 2.393424790796485 0.0622606990793062 0
7214 0.8584557602007694 1.053148871109811 0
7215 1.69877994695996 2.248368342055206 0
7216 1.449703426414296 0.347501764396974 0
7217 0.8915675178157147 1.154263225875841 0
7218 1.694095575249301 0.7003445342725672 0
7219 2.288636477287294 3.262707800003714 0
7220 1.211604126862618 1.926878272608742 0
7221 1.891068652719845 1.415152128570761 0
7222 2.013904678873934 3.39784878886566 0
7223 2.824022123451464 3.376229290962388 0
7224 2.307246865762851 2.479791255843181 0
7225 0.4878576681007789 0.6681897405697319 0
7226 0.8636070519168414 2.541728088180791 0
7227 1.806568464353601 1.394325364446177 0
7228 1.29273980801631 2.243800009864419 0
7229 0.6542875 1.627704310344827 0
7230 1.741718108029185 0.03808578124735895 0
7231 1.741182757704104 0.0443497897197036 0
7232 1.735252906024029 0.04398048697743695 0
7233 0.3007626355407087 0.2139190346509903 0
7234 1.891561914394859 0.6940507369662337 0
7235 0.1853652055435355 2.284149224963469 0
7236 0.512332691915889 0.09477177391715275 0
7237 2.424668643417379 0.8016381072740673 0
7238 0.2073365076979758 0.234328880686884 0
7239 0.05249786070054041 3.076844051356482 0
7240 1.091092008163136 2.201034357395212 0
7241 1.938597057634031 1.411836257878038 0
7242 1.641104712846355 2.586850008803579 0
7243 1.103461795068183 0.6713724235995473 0
7244 2.321747600903945 2.766986143100222 0
7245 2.752796591783785 1.780188757881582 0
7246 2.568039466791427 3.053893157316988 0
7247 1.667417140668913 0.6107638596448228 0
7248 0.4491880215994353 1.597211951652502 0
7249 0.4294989983558545 1.610557680697385 0
7250 0.4049712337254801 1.60030136694812 0
7251 0.4135458268619014 1.611702468562379 0
7252 0.3947244621845596 1.611197562362091 0
7253 0.4052166226102578 1.614736980675029 0
7254 0.4028689371827094 1.608509227819613 0
7255 0.3858807697500355 0.5654117696024419 0
7256 2.716833888000759 1.784767084602997 0
7257 2.713026651886489 1.809145238125767 0
7258 2.199351540720291 1.974000318895186 0
7259 2.088903903622419 0.197975941818024 0
7260 1.099301790425659 2.267188551304533 0
7261 0.5120408146763 0.3047086373386878 0
7262 0.8524532696480661 0.2955431849017538 0
7263 2.293836591970201 0.8356068921586164 0
7264 2.533253262207556 0.5534875728670878 0
7265 1.269899531771401 1.820340507213256 0
7266 1.86595478680528 0.8420863516126363 0
7267 0.523783308411028 1.637050151021291 0
7268 0.5484580380024244 1.627964412560885 0
7269 0.1571253469354827 1.817210455583354 0
7270 0.1559172170830152 1.799085015292045 0
7271 0.5260534369218257 0.9874742428457707 0
7272 1.154312697733733 2.218102344601543 0
7273 1.910790240608952 1.742510592517266 0
7274 1.88411358815071 1.670038274977935 0
7275 2.180344580324184 2.400658631324915 0
7276 2.148326429731852 0.4676919941692987 0
7277 0.5394193458108199 2.553079907932875 0
7278 1.768102902881482 0.1001304251156083 0
7279 1.765166114714309 0.1247293023743778 0
7280 1.958257296466897 2.012382585692868 0
7281 1.925747010229868 2.01917339201527 0
7282 1.000511068941796 2.430663465535726 0
7283 1.050690397215785 1.001316067726205 0
7284 0.9703363049970237 2.85539890465377 0
7285 2.687668656863198 1.72422769291528 0
7286 2.66123373137264 1.692491163583056 0
7287 1.834319587920152 2.52205377472465 0
7288 0.7800598783943096 2.362957704057892 0
7289 1.117426476100663 2.722381386222244 0
7290 0.5652983783848993 1.113962307433829 0
7291 2.306226159567839 2.325063947849833 0
7292 1.721547607230043 0.157423749201435 0
7293 0.1512820178376584 1.862912449744187 0
7294 2.030860188253127 1.228447805559919 0
7295 1.605288055446293 1.75414219485046 0
7296 2.421316215788424 0.9016915548260716 0
7297 1.834210160666288 3.057301798602702 0
7298 0.6385968872361627 2.38875835083594 0
7299 1.223219906932563 1.407422352942433 0
7300 0.1136501908633123 0.1497180369808284 0
7301 0.8426619861890784 0.2549472468353919 0
7302 2.7367036812391 2.649940499791613 0
7303 2.323889139539903 2.201391124092037 0
7304 2.399129839978788 0.04156211388130426 0
7305 1.590576725274142 0.656500282909289 0
7306 0.8200180691187693 2.773106215275532 0
7307 0.1288132184796045 2.700638233930779 0
7308 2.537171856942805 1.034540193334414 0
7309 1.867388462342222 1.884258952739862 0
7310 1.610200574584014 1.603897219378735 0
7311 1.666510864628021 1.662006873109461 0
7312 2.229182338446227 3.161590882856415 0
7313 2.534216804192027 3.313602710983125 0
7314 0.08906920845112287 0.5542440633834249 0
7315 0.5162793190483088 2.845666789078126 0
7316 0.1721192413967687 3.035500272835181 0
7317 1.539257910846937 2.513345656615336 0
7318 2.667639465952913 1.799838190859633 0
7319 0.7389728554074985 0.7188227988284104 0
7320 2.20843181462141 1.597367145285416 0
7321 0.6544200763892274 0.4989306577471742 0
7322 1.358768845208325 3.079216227060921 0
7323 0.6706434017766028 1.77548569205228 0
7324 0.4014055193037853 1.114657116212398 0
7325 0.3782336917793094 1.124889082590698 0
7326 0.2689996068604767 3.213921612831804 0
7327 0.4203781488061453 0.06354250884326462 0
7328 0.376914295011324 1.251529251005514 0
7329 0.4911648779776294 1.142959511856381 0
7330 0.04704419086721279 0.2315858869615566 0
7331 0.3677004576326337 1.947896908289378 0
7332 0.3821011048175484 0.2871972156625948 0
7333 0.7783080428724278 2.194450365063345 0
7334 0.03442858399735393 0.3354182811610347 0
7335 2.819743440257242 3.35715111940978 0
7336 2.638500632572405 1.579356769552137 0
7337 1.116792245548205 2.587326041979677 0
7338 1.136098061387051 2.570819010494919 0
7339 0.925525176172555 0.1794878919788661 0
7340 1.19068188757508 1.083971219183125 0
7341 1.121109670881203 1.996516248868974 0
7342 2.742672283211847 2.596886420764301 0
7343 1.492227334126918 2.445070493245817 0
7344 0.8439900489375842 1.281468759730479 0
7345 1.383789931724188 0.7146099987997148 0
7346 0.07536000614060079 3.199380251777004 0
7347 1.127704831818967 3.396324895264904 0
7348 2.507368520812142 0.9229022763211107 0
7349 0.63930101442822 0.6854191462702124 0
7350 2.010315414907222 3.252306617864778 0
7351 2.366128283217347 2.501441109507265 0
7352 1.780671499356596 1.456498677068959 0
7353 2.029414941013976 2.501563232886372 0
7354 2.634140572006213 0.04166547777385943 0
7355 2.615694822734638 1.946936504842981 0
7356 0.4136710022700125 0.6469385895228945 0
7357 0.4289894200582524 0.3999199511657965 0
7358 0.107072724888571 0.4939901490490657 0
7359 1.424850898910196 2.705095021374686 0
7360 2.611260609469434 0.6265191142375695 0
7361 2.196073956379541 0.1833450437730533 0
7362 0.1675592716977512 3.25957693944116 0
7363 0.6331776858755368 1.693181896435537 0
7364 2.600485659432749 1.407948900567951 0
7365 1.596419420783848 0.4787123465506067 0
7366 2.10649840226146 1.956944192655902 0
7367 2.510794384391371 2.564434573772718 0
7368 2.228262725010718 0.5261524167060561 0
7369 2.711107460598003 3.044179948585341 0
7370 1.202498692402829 0.8148013352286727 0
7371 0.3777553456743035 1.568775601821554 0
7372 0.2585527323885941 1.580029985616956 0
7373 2.495729209887234 2.656172091667778 0
7374 1.218919735672233 1.656881631131892 0
7375 0.5018365819328668 2.095849230842632 0
7376 1.581073001675057 1.242990576573253 0
7377 1.590494669697542 1.25770906022267 0
7378 0.5331738472139759 1.938980069254419 0
7379 2.481261976469603 1.008115247287847 0
7380 0.488660846929008 2.819499501483225 0
7381 2.155908559136014 0.1851239892815202 0
7382 0.5000922833254413 1.183705339873151 0
7383 0.3554212726604957 0.8958393162041053 0
7384 2.048572931534851 0.2626364553920824 0
7385 1.11977376339864 1.650181405048799 0
7386 2.645193573310774 1.873028795766739 0
7387 2.082519317642758 1.891212930831075 0
7388 2.482518966049589 2.930235711033554 0
7389 2.200700020142728 1.362788432253734 0
7390 0.05063448649945412 0.7056570023238657 0
7391 1.193654533120542 1.265619437491781 0
7392 0.377239937698947 1.147845895515953 0
7393 0.740461628371855 0.4998008982417104 0
7394 1.561506362789412 1.455414402781957 0
7395 2.003259703444533 1.215493979748346 0
7396 0.4533744335680797 2.956647202432325 0
7397 0.8611474708145636 1.406684682714423 0
7398 0.7620127265384868 1.927353495999535 0
7399 0.7819651450890361 2.426226695464098 0
7400 0.9535760775344568 0.970874632364447 0
7401 0.2244727870699741 1.281514842414665 0
7402 1.878078785202681 2.998425547339113 0
7403 2.153254711068803 2.769580366897189 0
7404 2.806572042122245 0.8297400631322167 0
7405 2.720737568454763 0.2275777816507514 0
7406 0.5377614204779126 1.813206625878911 0
7407 1.854241786357671 0.8054321477702483 0
7408 1.06258777369363 0.7264073744862773 0
7409 1.766996964590471 0.1898100089501231 0
7410 1.760321539413381 1.417926501607402 0
7411 0.5826060209236827 2.840627428406505 0
7412 2.061088206726535 1.374115516950033 0
7413 0.3903998084337592 1.604344795420444 0
7414 0.8827595116250679 2.419708965460403 0
7415 2.425317018591453 1.592129050370408 0
7416 2.688744902447623 0.2258161467083459 0
7417 2.681308984245761 0.2276700922899095 0
7418 2.686465949510603 0.2349882679918855 0
7419 1.553428520992723 2.133831939404061 0
7420 2.423308359357221 1.749360909258987 0
7421 0.8281684206281967 1.936721158308683 0
7422 2.767961616815966 1.387956218533355 0
7423 0.3977302292222074 2.10056134434171 0
7424 0.8325062569889389 0.7109499466458453 0
7425 1.936963702314683 1.209176164956492 0
7426 0.2343013835817254 1.719693778737719 0
7427 1.93980338228515 1.571608381782459 0
7428 1.750249638174969 0.01509520877019277 0
7429 2.23290319172446 0.9253449231120906 0
7430 0.1779715279085476 0.3252397758349879 0
7431 0.3740459869455799 1.188144081790923 0
7432 0.6641704431890407 2.062078437484473 0
7433 2.373838957913211 1.382859164803002 0
7434 1.811459754150268 0.6116696262799239 0
7435 1.065775162930836 2.882078329384683 0
7436 0.6449632566921357 1.781130436673929 0
7437 0.1979107152807607 0.04314414376445175 0
7438 0.1798173544458481 0.04102214282303507 0
7439 0.1672407344550346 0.05099809265092592 0
7440 0.5830981626754757 2.752341326727223 0
7441 2.036198848420641 2.35561964836473 0
7442 0.9458541700402783 2.302988430943723 0
7443 2.182725093987672 1.738532121441656 0
7444 2.31873287833807 1.552999673819457 0
7445 0.6738006297334957 1.754038588228396 0
7446 1.766397260893325 0.7539088757777992 0
7447 1.039285946157003 2.607914295989933 0
7448 2.208558075937693 2.708944412775681 0
7449 2.403158445386039 1.361474792422207 0
7450 0.8676352813767185 0.4706361360474276 0
7451 0.8581103882884306 0.4894666124090696 0
7452 0.2343335147505925 0.6087125903074435 0
7453 0.2082740158989034 0.5744966728195455 0
7454 0.5669889511863881 2.264878931522448 0
7455 0.9889738367055033 2.458038968758844 0
7456 1.764476488278576 2.171105088016249 0
7457 0.5162810385407904 3.017661576583615 0
7458 0.4863005342099052 1.192951399419317 0
7459 0.2090443607317454 0.2671150425250561 0
7460 1.214762790737914 3.154465549543795 0
7461 2.210368704062641 2.668396205534998 0
7462 0.05486991630175453 0.2906534810359527 0
7463 0.453971348466313 0.2862711164152936 0
7464 0.4151055144630078 0.04561926409873052 0
7465 0.4252979367029738 0.0451445015686418 0
7466 0.6075332635196968 2.987156984339085 0
7467 1.58479288208929 3.430033028567996 0
7468 0.9263533279625389 0.6875193100378112 0
7469 0.6175013340296538 1.106843789606053 0
7470 1.833383253759819 2.743829481974362 0
7471 0.4597305212550739 2.013373753537701 0
7472 1.957249550206663 3.104813697013785 0
7473 2.250197561165188 1.814499678871315 0
7474 1.759459942205441 3.030447033615522 0
7475 0.2460536096307773 0.1306168206041793 0
7476 1.652439268998762 2.483243443721527 0
7477 2.258026831982046 1.798991084124263 0
7478 2.453828596625292 1.277591241037661 0
7479 1.253440938517066 1.659143790921007 0
7480 0.5521106966762371 0.5851145742684427 0
7481 1.52091315726736 3.210051250136312 0
7482 1.010823274149515 2.010738873399383 0
7483 2.736863505416142 3.090575524502108 0
7484 0.3464984861155458 0.6395555241065438 0
7485 0.3222517958782811 0.3346777316482996 0
7486 1.185062000030616 1.924086954310238 0
7487 2.538573205361982 1.172672804012211 0
7488 2.12654717580584 0.1901803457451514 0
7489 2.133874709568713 0.1757859960812678 0
7490 1.26640546027241 3.382826952319766 0
7491 0.9778307335325265 1.230812962440725 0
7492 0.4796275692978965 0.9064763324354991 0
7493 1.541831114674884 1.255738901573306 0
7494 0.7238256613414707 1.143995543648943 0
7495 0.3711564551941693 1.859969571201435 0
7496 1.835879296727564 2.943330502854841 0
7497 1.852640679335844 1.823483649810214 0
7498 2.611025405284932 1.300778443523859 0
7499 2.580505696366871 1.296214095507691 0
7500 0.968166829040755 0.3641304008593234 0
7501 2.13025240743547 0.1842651267005573 0
7502 1.045025311587801 2.860697751942625 0
7503 1.543255495176736 1.957339287245375 0
7504 1.301524688552762 2.548344684587581 0
7505 2.757079233412776 0.1252343439140451 0
7506 2.761987085607712 0.1422796239776254 0
7507 0.4786062431710774 0.7678611584077399 0
7508 2.139327865168577 1.766103731361847 0
7509 0.9368524488066845 2.870512387461321 0
7510 1.605311744363423 0.310438330290874 0
7511 1.862494116636006 2.028479200256815 0
7512 1.999746987169806 0.1488290148189388 0
7513 0.3838340722518438 2.344822710358123 0
7514 1.79098438546364 1.021550108176546 0
7515 0.8965979142713402 2.319245204614767 0
7516 1.558233983619695 1.924697430568525 0
7517 1.389450811464038 0.5384914025267888 0
7518 2.58387927892531 3.050216324543133 0
7519 2.596290893780449 3.001047483667926 0
7520 1.728388216954597 0.03171313184471036 0
7521 1.2432875 1.5473625 0
7522 1.163363433055577 1.354 0
7523 1.893399731776743 3.263311563788618 0
7524 0.2100086285780312 2.608944650952161 0
7525 1.924687054399924 0.7241662003105751 0
7526 1.052161983997394 1.907305745078746 0
7527 2.645183090623746 3.186128120843039 0
7528 0.346383273088323 0.07718517514938128 0
7529 2.709625759869989 2.476161791912278 0
7530 0.174757043148319 2.067870968398499 0
7531 1.640079010451901 2.772577417574279 0
7532 1.010829269644402 1.240357984161922 0
7533 0.9877246037245584 1.248102708571467 0
7534 2.51191845741789 3.248716612506516 0
7535 1.98211919818848 3.124563823399285 0
7536 0.3120782829767714 2.536072693492648 0
7537 2.376476179364619 2.394856586023328 0
7538 0.7587827748748635 0.2808918864294181 0
7539 1.733572046221874 0.6112842948163553 0
7540 0.7913666960403328 1.66615980682935 0
7541 0.7926089798505586 1.645534376801844 0
7542 2.675911530766784 1.33600368903298 0
7543 2.547061118820049 1.039783397360827 0
7544 2.554909474987771 1.048321839175964 0
7545 2.522507625167857 0.6030812366744405 0
7546 0.1306577308612711 0.3169595371200167 0
7547 2.055761213315149 1.48370429858807 0
7548 0.6521430806250017 1.239022373323835 0
7549 0.5095714850992924 1.401956790644494 0
7550 1.589276249077743 1.608185168120654 0
7551 1.129626069825444 2.070364241943936 0
7552 0.09232624319466343 2.511894223167779 0
7553 1.24907946339399 0.6634979983072351 0
7554 0.1642655983242014 1.693326818883297 0
7555 2.298404671308291 2.657790069649592 0
7556 2.578101816722465 3.089036509295071 0
7557 0.2822871305636216 0.9772228250360515 0
7558 2.429860386843436 3.415871120523408 0
7559 2.359007069469146 0.1406310471622914 0
7560 0.4712886666971677 1.014918425532685 0
7561 2.60313538386858 0.2506796724166183 0
7562 0.4089330032584158 2.447185171565871 0
7563 2.379544151252528 1.037663406052805 0
7564 0.6395785284834282 0.4540821465624643 0
7565 2.738411886194301 1.757734002835553 0
7566 0.5233888067340001 3.086371583015133 0
7567 0.09814400976205251 1.517101582367588 0
7568 0.8478620612073396 1.214038541256515 0
7569 1.396356856124666 1.451027625474558 0
7570 0.8865379065317207 1.189125656511017 0
7571 1.937396638324329 1.448593985932926 0
7572 1.08758919221321 1.866162737485394 0
7573 2.341268404751622 0.6187493916822779 0
7574 1.185338232288798 2.647530987851781 0
7575 1.453589407631076 0.4094311740164849 0
7576 1.307177627028831 1.577941266468786 0
7577 1.275135671197364 1.448112736627721 0
7578 1.428128909506104 1.457625178180008 0
7579 0.4774163104466658 1.253556331843829 0
7580 2.151910670675788 2.161749600821486 0
7581 2.763354218078721 1.724803822105277 0
7582 2.757432888293046 1.736823161727391 0
7583 2.143457093981293 2.042788557070849 0
7584 1.185997131323542 0.7627410128403334 0
7585 2.301422125392185 3.441332843766309 0
7586 0.05932193023208798 0.2374691933084383 0
7587 1.0098625 3.037625 0
7588 0.08338917287418957 2.221245294248019 0
7589 0.3178491309284237 1.921826606147702 0
7590 0.3607751369035235 2.203009439853741 0
7591 2.790810720531135 0.1979406351281405 0
7592 2.782729261738619 0.201910995366553 0
7593 1.160855251105489 0.3588865135053705 0
7594 0.0513729269644958 0.8697159503834383 0
7595 2.407293404468485 2.68568609420746 0
7596 2.553000000000002 0.3023815067932105 0
7597 1.523772037135718 0.3264046861971579 0
7598 1.133291957085588 1.482761069574995 0
7599 0.4539223343477252 1.130570400004322 0
7600 0.5928817723465349 1.805919411473172 0
7601 0.8377214542821758 3.285417396748699 0
7602 2.81315608688119 0.1536240353189502 0
7603 2.502914493896597 3.14505518940206 0
7604 1.919629333884938 2.957810312676124 0
7605 0.3772382775268137 1.208520311848494 0
7606 0.5557903146400163 1.155637490572585 0
7607 2.083290137058161 1.379469050030995 0
7608 1.179517479686272 0.4511717292895623 0
7609 2.804787826597646 2.972601702362942 0
7610 0.8684425086026646 3.265309056147195 0
7611 0.1770020798423531 2.578666831225279 0
7612 1.683235186939573 2.69688018505939 0
7613 1.69740655157763 2.696596447432419 0
7614 0.6863608706993024 0.2871062508110163 0
7615 2.510697656419918 0.3290013568359134 0
7616 1.952708538312314 1.721345914621486 0
7617 2.334159449265512 3.445784528186217 0
7618 2.083462232001028 1.868625938556062 0
7619 2.00594719020025 3.200572725982482 0
7620 0.327740810200196 1.26335950077846 0
7621 1.77609201101555 1.049690202478476 0
7622 1.610914570152539 1.869457533910011 0
7623 1.587140801833196 3.371055507779353 0
7624 0.4674113263175687 1.132431073680155 0
7625 1.574772671061974 0.4033999521590019 0
7626 1.953297370435205 0.8703955169826514 0
7627 1.351069696344734 0.6344161324055069 0
7628 2.283585212013445 1.139110126312076 0
7629 0.9881578112113965 2.598710756950703 0
7630 2.225820780220961 1.592003815150058 0
7631 1.807388859671796 0.2491095622001445 0
7632 0.6110419538112873 0.1175310665352802 0
7633 0.6099977322184027 0.1285383434090699 0
7634 0.6011234673134531 0.1226507898624181 0
7635 1.543756017589459 3.031895271692322 0
7636 2.031399713777852 1.175594359916771 0
7637 1.942568680308232 1.69964048740875 0
7638 2.317542636699463 1.412442807670676 0
7639 0.901790305371058 1.17937630876485 0
7640 1.946988042981905 0.8513468788801646 0
7641 0.4189504594997504 2.161035591739342 0
7642 2.166477056021917 3.108799417815411 0
7643 2.416202321784236 2.066559633732814 0
7644 1.510303660819191 1.197263814678469 0
7645 1.752920167330468 3.237234417529051 0
7646 1.995114940145021 3.412327162093457 0
7647 0.2083811820426278 2.546834655114245 0
7648 2.529425184615308 1.730273287574728 0
7649 0.6488376445201592 0.2145466398954261 0
7650 0.04736116802230228 2.204421678405356 0
7651 0.07498943005951531 1.205333857282125 0
7652 1.140761530302553 2.861010245868697 0
7653 0.3454453192020295 0.5970909191211895 0
7654 0.3118839464404966 0.5808114986782698 0
7655 2.660664278635015 1.923876535746648 0
7656 2.286166183523486 0.4643969915921451 0
7657 0.7021513488982971 3.084358891382794 0
7658 1.770249983921521 0.5801993636027549 0
7659 1.459121811569732 2.895972122031707 0
7660 1.292482925556989 2.023806459131872 0
7661 0.411377015250221 0.0762950315780011 0
7662 0.9392638345810514 0.937802625013772 0
7663 1.770406107188907 1.490615186847802 0
7664 1.983625057509257 3.25319309771637 0
7665 2.324827410708972 0.878455065261906 0
7666 2.170490314285388 3.036824553981003 0
7667 0.6942025744761183 1.623860215261766 0
7668 0.7173602979044733 1.61219603346086 0
7669 2.360382247857746 0.1129069724694285 0
7670 1.482439991901591 2.373912694590061 0
7671 2.29999014026972 1.882012119557529 0
7672 2.242054072924202 0.5503558348428323 0
7673 1.760391962723212 2.151398925798436 0
7674 1.165424143814098 1.802668783578959 0
7675 0.4209061669102647 0.9899958922067481 0
7676 0.5968335721552054 0.2450792709361966 0
7677 2.465840137763315 0.03984944179804839 0
7678 2.412272265465745 2.022525658908907 0
7679 0.1082641395640112 0.1641571543179008 0
7680 0.760568071759409 2.940700443407087 0
7681 0.1924985293242416 0.3173876985527071 0
7682 0.7470689478167125 1.025780053971784 0
7683 2.734169999970857 1.324199976003726 0
7684 0.347225136674119 0.1384813698314942 0
7685 0.7751417199431491 2.893760676368985 0
7686 0.5180013790956176 1.53698845293746 0
7687 1.326083462117075 2.931697955997585 0
7688 2.444762938254539 1.116555583916794 0
7689 1.193707818898441 2.461635925983338 0
7690 1.221020499794374 2.451618561078028 0
7691 2.285734827924337 2.247302213286022 0
7692 0.1812081544722797 3.056397348350043 0
7693 2.377135429053704 1.15047256909237 0
7694 0.08426180690097751 2.331671534817643 0
7695 1.072068567097221 1.462161401290123 0
7696 2.576356503327401 0.8325222364646501 0
7697 1.757662312055442 0.1683431542637488 0
7698 1.489896938310824 1.418122345219222 0
7699 0.7822443657814786 1.526584350457573 0
7700 2.786732011540936 3.288015902128083 0
7701 2.278989761531111 1.015437743084847 0
7702 0.1441390178425948 2.553653168524339 0
7703 1.108323302196048 2.16296709059937 0
7704 1.41729203771399 1.407489911175896 0
7705 0.2883743043734264 0.4938639184204581 0
7706 2.490419665198432 0.2976752554617208 0
7707 2.197801335440211 1.759913587245949 0
7708 1.122565973742502 0.395562600639848 0
7709 0.4645695574576172 2.03252465697488 0
7710 0.220187960523855 0.2106772334279938 0
7711 0.1846297521922537 3.116476310930011 0
7712 2.286385878741771 1.076296851527207 0
7713 0.669325042151552 3.322311726797443 0
7714 0.2669737137174102 3.342643928755319 0
7715 1.563856169281482 0.5703510204081641 0
7716 0.9961993856673745 2.157089684246707 0
7717 0.0624646498853394 0.3088660708920876 0
7718 0.2013644771980443 1.874756480900108 0
7719 0.536893321540075 0.9295111830147393 0
7720 1.367739104523283 1.080464501357598 0
7721 1.360104570021347 0.3557913322886475 0
7722 1.126490679849835 1.822936137749045 0
7723 0.5918785573328286 0.5958819278680645 0
7724 0.708538244793412 1.765389277819652 0
7725 2.241562826586368 0.9040336831021991 0
7726 2.694946449453208 0.1684151874455169 0
7727 1.761515025263551 2.360875880332748 0
7728 0.2624013947156847 2.830606863812442 0
7729 2.550481195421411 1.764408599247789 0
7730 0.07422777550271453 2.654742499175504 0
7731 1.641920448226979 3.362468025545402 0
7732 0.6407292112063727 0.083239885031682 0
7733 0.1734374803007048 2.194589760712683 0
7734 0.03689666829301785 0.1718559664154757 0
7735 1.306366289643522 0.3186136833447721 0
7736 0.5093291225125927 0.2445092430769251 0
7737 2.372704720173624 1.485068730874149 0
7738 2.027682547520228 0.8841455724662548 0
7739 1.855072840544282 0.8965236551848311 0
7740 2.543942078039882 1.053192443492108 0
7741 2.542095964043479 3.435665959790324 0
7742 0.254893911076945 0.3114344255615342 0
7743 0.2788721251853723 0.3205975249109736 0
7744 1.660984532035282 1.638380431363875 0
7745 0.365948971888312 3.04475416804639 0
7746 0.1344248536306325 0.3578909571471511 0
7747 0.8040569349074104 0.1056742385782379 0
7748 1.064617356741279 1.540482492783965 0
7749 0.6844930738678249 1.012151988807539 0
7750 2.531962667875872 1.353903321793579 0
7751 1.808265145800231 1.00647287338247 0
7752 1.122968870875446 0.3673952312711639 0
7753 2.742014724650246 3.024071764955113 0
7754 2.206783023005898 0.8870927475909542 0
7755 0.1154090706964406 0.2704727494003536 0
7756 1.271605856485208 3.287430327454639 0
7757 0.3848249936599875 1.073775204545786 0
7758 2.58365725617624 2.019058380560555 0
7759 0.9981717861539143 1.781460241587179 0
7760 1.41985 1.2789375 0
7761 0.05886446893478148 0.1452669246634108 0
7762 2.745792707206434 2.33104641253654 0
7763 0.7464100161580109 2.984613335317094 0
7764 1.745301018311102 1.263794668531538 0
7765 2.714480945835318 2.136737067624117 0
7766 2.573925168260748 2.930181560979052 0
7767 0.2320932149189803 0.0387423980445234 0
7768 0.7577427883666585 0.56276279567228 0
7769 1.988625058141962 0.6708206593146395 0
7770 0.4926604980472054 2.015868183143486 0
7771 2.516633211590653 2.141134210537956 0
7772 2.511367306288575 2.168824777001464 0
7773 1.757910336938173 1.788114294412454 0
7774 0.4404802551133927 0.8701967832661031 0
7775 0.04435710480078958 3.426225532900791 0
7776 2.305917574049991 2.552014140999971 0
7777 1.892120459972537 3.179388807278007 0
7778 2.518518594105518 0.3094362747016093 0
7779 2.524164570791263 0.3060044114898919 0
7780 0.4073662661489701 1.091873812600645 0
7781 1.809798511214333 1.69347930651034 0
7782 0.6281853244671409 1.055083064389531 0
7783 0.9888610042847542 1.002990022672932 0
7784 2.384907442909659 0.2425558885368457 0
7785 1.427669648830176 3.219573211047651 0
7786 1.458489945929879 0.6592104978744642 0
7787 1.454551199276906 0.647198597332916 0
7788 2.719609320608662 1.991977889869247 0
7789 0.4153014550533507 0.8829822402948231 0
7790 2.148089533459546 1.602039747158093 0
7791 1.108697326227326 2.635565786784843 0
7792 0.5093955499211571 0.03990295673792099 0
7793 1.926543069368804 1.153881869724976 0
7794 1.067455654849339 3.292905813017451 0
7795 0.3912289897506278 1.048083923526776 0
7796 2.404931473669436 1.477239652003361 0
7797 0.2694648092070318 0.1768782148339818 0
7798 0.2870577723617393 0.395245138859154 0
7799 2.755407083210409 0.199811620531493 0
7800 2.760016842315456 0.2067475288392997 0
7801 1.738390287087708 2.646471528649673 0
7802 0.5318510979466522 0.05774880142696093 0
7803 1.695409786830918 0.6382860028128103 0
7804 2.481341917856035 0.9401228100980186 0
7805 1.505661351476014 1.259936975070735 0
7806 0.9167261959586814 1.015413454791673 0
7807 2.827589732020147 0.3759607923287913 0
7808 0.9606059361099637 0.4962821169860445 0
7809 1.331933274899664 2.271975363135131 0
7810 0.9128863388645081 0.6598544340160024 0
7811 0.7828271865194373 2.021389783613701 0
7812 1.088141303652683 2.343778327013694 0
7813 0.7052897171037696 2.081152298199855 0
7814 0.3169057029144762 1.049008120798569 0
7815 0.3384985063234984 1.060862342758967 0
7816 1.04037645884086 2.920982247959777 0
7817 1.770658157933366 0.5598951461425405 0
7818 0.1373559490521239 2.004010272320027 0
7819 1.010157175143226 1.225592800884597 0
7820 2.375486210781685 2.244540858338428 0
7821 1.013498772220274 0.7272193084507867 0
7822 1.477814635093546 0.5895564087239762 0
7823 1.764242139385487 0.6132883499621808 0
7824 1.749244056950235 0.6025935356122736 0
7825 2.219149833102607 2.992479747214045 0
7826 1.136352373866136 0.5228314439691386 0
7827 0.03436889989347236 2.045582589288689 0
7828 0.9453564917013646 1.398498070405175 0
7829 1.893803269855078 2.440767734199911 0
7830 0.7448466730249936 1.716893242448006 0
7831 1.13525218699051 1.917269307459723 0
7832 0.4279755130561111 0.1017509270028369 0
7833 2.050104891419714 1.3051843346888 0
7834 2.424846003992475 1.790444806409705 0
7835 2.112213920720785 2.475219097468702 0
7836 0.5668610677038954 0.1343031959759009 0
7837 0.1698384331288612 0.2114052802695898 0
7838 1.094759439967636 2.446303926152615 0
7839 1.052678634862795 3.360982838238503 0
7840 0.9537387404909898 0.7765498467498249 0
7841 0.1952189381674478 3.264520095387361 0
7842 1.511032614955406 2.294622575632011 0
7843 2.818066231625154 2.446127144217594 0
7844 1.663904448106114 1.472258810238972 0
7845 1.092965440168861 1.826452059045245 0
7846 1.501388142189426 2.870790531406088 0
7847 2.128089013332148 2.884232954254963 0
7848 0.9289311362410339 0.635734871147674 0
7849 0.4392185628320238 1.027483008086087 0
7850 0.07785895774805973 3.227517581768404 0
7851 0.06832813767188051 3.252652953726017 0
7852 0.4278955913630708 2.438019735208503 0
7853 0.2344995653504351 1.387829469483573 0
7854 1.425053771590221 3.029884900138752 0
7855 2.127494438791737 3.413327431543494 0
7856 2.106424471928985 2.922188062359728 0
7857 0.3732131191839003 2.022196185703788 0
7858 0.4449121989452142 0.9602244678294745 0
7859 0.6925529690187816 3.044053574293444 0
7860 2.784831849372077 0.4814581603352397 0
7861 2.409855405341586 2.787389239884231 0
7862 2.673697154949148 3.134844034223693 0
7863 0.5957232853910173 0.8015513447529938 0
7864 1.00762309319069 1.97439298731852 0
7865 2.504530148748524 1.029401666096377 0
7866 1.000707467550667 2.138748818217385 0
7867 1.013304120911755 2.139702759204558 0
7868 1.280463798302471 3.098728740335231 0
7869 1.583955664394802 1.903983966431749 0
7870 0.4147663936785873 0.7717420273147612 0
7871 0.6542783765469666 1.380394830013749 0
7872 2.033941318313465 3.192350934252974 0
7873 1.534967538120115 1.42210168746386 0
7874 1.773976587874561 2.740166926030154 0
7875 0.1746015171605069 2.593722096207832 0
7876 1.365993997497054 2.257130688559766 0
7877 0.5182456485182221 0.1415474864754702 0
7878 1.810211335769482 0.9797436554711032 0
7879 0.958570491935566 2.123924172690483 0
7880 0.2628856192695721 1.692580662703332 0
7881 1.610114572329368 2.709020441124532 0
7882 2.562799524531644 3.027292741876123 0
7883 1.193460916556963 2.394948085602583 0
7884 1.403755320772484 2.334713610940588 0
7885 1.976778657653658 1.738190737529796 0
7886 1.924264599552497 2.915457122720125 0
7887 1.652998282325737 2.855527217600004 0
7888 0.9624176730461719 0.6645597001831127 0
7889 2.506112885635812 1.011429598503769 0
7890 0.6955640631017338 1.87138047185648 0
7891 1.278027197424078 1.64112274520608 0
7892 0.5922300289682449 3.018677347926624 0
7893 2.574686264741235 3.021200417860629 0
7894 2.404191400162822 2.478077391650733 0
7895 1.604194231591094 1.907565877409979 0
7896 2.489766816783524 0.1783951701971598 0
7897 0.1346674523523392 0.3393091077018502 0
7898 0.6076295007848908 2.86694825662138 0
7899 0.8391900011164574 0.6234836200192095 0
7900 2.387130697494845 2.887191540517991 0
7901 1.18942506410496 2.266005318702799 0
7902 1.461169127258351 1.784991724295981 0
7903 0.3585630462390275 1.970043516109514 0
7904 0.1630642164026181 1.922773034311993 0
7905 0.5649312618990456 1.927198808905212 0
7906 1.750478752688352 0.5838030712182496 0
7907 0.05975559001890307 0.9298431337894321 0
7908 1.981601287743937 2.957897739288344 0
7909 0.9049622835978218 0.4569953963723266 0
7910 2.117420916743947 1.79176693407627 0
7911 0.5925433052902134 2.685146298755591 0
7912 2.345424578667412 2.428534800163483 0
7913 1.813918183055485 1.78985041624979 0
7914 1.025898738604912 1.616423797382299 0
7915 0.3625878740352118 1.89644743059543 0
7916 0.3800273407266495 1.90915432488575 0
7917 1.446368267627168 1.192496324019362 0
7918 0.4048727684609335 0.1716969625512375 0
7919 1.283715670804714 1.259614001854 0
7920 0.8053031462248408 2.463356421655114 0
7921 2.597166822936516 2.983111842677752 0
7922 1.924230918315289 1.326454462169392 0
7923 0.6525140439960573 2.953288213793107 0
7924 1.542613591711407 3.175750111588739 0
7925 0.9126936153273053 1.324917748586886 0
7926 0.439869128546448 1.565047156501577 0
7927 0.9186076235890742 3.37160666820438 0
7928 0.3562142646302373 0.4756497017284407 0
7929 2.634746111282785 1.761147081182703 0
7930 0.9838106292786819 1.826142054983027 0
7931 1.995287555085592 1.916166941012056 0
7932 2.514980230232037 3.448349140772429 0
7933 0.6978423057969106 2.525033137531943 0
7934 0.4217210299613887 0.8220361737367878 0
7935 2.186155602526105 2.017050446602665 0
7936 0.9480925332880643 1.04724491449167 0
7937 1.258351032668816 2.47025018065935 0
7938 0.2483060713357941 2.350757470364945 0
7939 0.1308301610970375 3.366461720586715 0
7940 0.2876902227099736 1.452819722317311 0
7941 1.87322177526517 2.913727249868001 0
7942 0.7461018602616454 0.1469144691809716 0
7943 1.971427498329591 1.555536196502949 0
7944 2.75475 0.7910050142447069 0
7945 2.773518183641759 0.7790286770886192 0
7946 0.9636850245949167 0.5921060976501373 0
7947 0.936090260986393 0.582585597281148 0
7948 0.1226818251533703 3.25803634969325 0
7949 1.24146554519128 2.925900205759289 0
7950 2.133657850959107 1.557917904901921 0
7951 2.269084350649631 0.568928296795074 0
7952 2.442918380095097 2.534052689265855 0
7953 2.563117404957717 1.679104277758754 0
7954 0.2397346997780341 1.786697432533106 0
7955 1.541717568276042 2.84222612236301 0
7956 0.2480221676508525 1.979929056196057 0
7957 0.3205133600127485 0.4381883640080992 0
7958 0.2691120346415878 1.051932243697574 0
7959 0.7088553829558306 3.177501014636586 0
7960 2.555801489559612 1.203374434868849 0
7961 2.528188877351188 1.192584478086833 0
7962 0.8419525758982209 2.626420678356488 0
7963 1.764226060544832 0.07744948316161482 0
7964 0.8168828309690077 0.8372980103474885 0
7965 2.677967108365429 2.580883699159721 0
7966 2.043739716026636 1.808116052359802 0
7967 2.038487769374271 1.828376868086335 0
7968 1.366827861200603 0.7666422435694197 0
7969 0.5993489098426681 0.1048908394499499 0
7970 0.7531591555358843 1.29512666810534 0
7971 2.328626138441451 0.1430940345427967 0
7972 0.4050929097922531 2.739552239944689 0
7973 0.1606484785713687 1.855104306421057 0
7974 2.027991441470356 0.09501987895577191 0
7975 2.056624764429518 3.098316597238282 0
7976 2.557341558589041 1.177273686562937 0
7977 1.005870883414472 1.833162551650799 0
7978 0.2014731855562295 0.9749286574872368 0
7979 2.224633391896587 3.080530723983562 0
7980 2.542799147007206 3.0445961250041 0
7981 2.80225159980296 2.881797684615441 0
7982 0.9401826484727556 0.5081595266655401 0
7983 1.860402599606971 2.142333438710676 0
7984 1.859029288696396 2.164203607568149 0
7985 2.615490461879403 2.564719056311981 0
7986 0.8952203198207194 2.877879920396149 0
7987 0.6916288341978652 0.8653274174529202 0
7988 0.5490061851715355 0.635926511625337 0
7989 0.6113627507931708 1.642612069917099 0
7990 2.41544323049117 0.1331545733496726 0
7991 2.267830844878874 0.9317593688547194 0
7992 0.296115947696411 0.7060618140032853 0
7993 1.004517039609844 1.698033537686796 0
7994 1.006287603907163 0.1905252114096452 0
7995 1.765496867377368 1.524270180849043 0
7996 1.757182333947931 1.515021986751067 0
7997 1.02715531289404 0.356992379070336 0
7998 2.625000802190652 2.322695241849232 0
7999 0.1197830321711608 1.821032821036942 0
8000 0.1315260020349296 1.803796700482878 0
8001 0.07378692542087806 3.281512128405629 0
8002 2.525461125553041 1.843733887895439 0
8003 0.780324594083452 3.035592940741818 0
8004 2.339873177009419 2.261697808402849 0
8005 2.365332060263137 1.391157966800357 0
8006 0.5835912996641357 0.1350066024605667 0
8007 0.5874779225867391 0.1272591951661264 0
8008 0.3414900064602777 0.3880387807289067 0
8009 2.114320420616033 1.610117730716693 0
8010 2.38189742589591 1.750509189564353 0
8011 1.597224042861385 2.849010389747872 0
8012 2.525936195547956 1.040351238847331 0
8013 2.523334076036108 1.035118890668596 0
8014 2.524141827557052 1.047589809745624 0
8015 2.524505731882399 1.023220913542814 0
8016 2.521012906638208 1.040279651266265 0
8017 2.518475452426119 1.029536575912946 0
8018 2.220228793271607 2.491527838120979 0
8019 2.208403933872776 2.468864926393833 0
8020 2.203167650134861 2.455523820337748 0
8021 2.107074088494699 1.493154280732067 0
8022 2.428913405287969 0.8108897466462284 0
8023 0.7049956038236487 0.1077718634222888 0
8024 1.387519931354089 0.5705403239059679 0
8025 1.120303118593018 2.468346070998023 0
8026 0.8923372888782659 0.8065279106290959 0
8027 0.3065519470744238 0.9457478210665448 0
8028 1.866904845119453 1.578292877147761 0
8029 0.9801935673791925 2.239323312225264 0
8030 1.746714072196647 2.42820035990247 0
8031 2.487138148922999 1.084221179438967 0
8032 2.491711530767533 1.109375382410628 0
8033 1.726759478625883 0.03508691818136844 0
8034 0.7835879060401424 3.137089870081781 0
8035 0.03228629632456714 1.498107038517865 0
8036 0.7847249403812794 0.3231120289301486 0
8037 0.7942998888755235 0.3339938860967648 0
8038 0.8571109336200586 0.6725533889761648 0
8039 1.517973958825297 2.957235358085435 0
8040 0.8488857718417736 0.8625387722280251 0
8041 2.228697372764304 1.85244581095541 0
8042 1.77202691174681 0.06269010472125336 0
8043 0.3493736704428869 2.531072764372992 0
8044 2.284101187576487 0.264930234111457 0
8045 0.3504516666478632 0.8326758174228145 0
8046 2.525047823952714 0.2799964379753312 0
8047 2.10101680920777 1.660149435827024 0
8048 1.440191639568758 2.654698987790549 0
8049 0.4939963450117761 0.9359112505265119 0
8050 2.012235372321106 3.42915438977916 0
8051 2.004238576229941 3.443285723936231 0
8052 1.986564756433102 2.575096373380727 0
8053 1.613302941599826 2.482509227752716 0
8054 0.5382477458986255 0.6884794876891775 0
8055 1.908566470717987 2.746783262392242 0
8056 0.5220250415629057 2.018262493539499 0
8057 2.751785079495018 1.208401299477815 0
8058 0.5700460502978471 1.713470143488186 0
8059 0.7182278327603793 2.404553840546629 0
8060 0.7145790008992393 2.444672863177324 0
8061 2.824795001907772 0.5683384874234201 0
8062 0.05179843533275452 1.788541795761545 0
8063 0.6198869758975848 1.764246172556797 0
8064 0.9911958975747899 3.294697048508299 0
8065 2.41762894125791 3.149735264051043 0
8066 1.912671850621105 1.308088912170597 0
8067 0.1069934363219303 0.235112932040898 0
8068 2.395437670441493 1.265319685374833 0
8069 1.004881041224033 0.653269963811389 0
8070 1.354192896949221 1.238918756045349 0
8071 0.5218802244205444 2.305722697989882 0
8072 0.2415405917568223 3.102159730957883 0
8073 2.230963184401992 1.927672722662011 0
8074 1.679078390339121 1.308316623905091 0
8075 0.02406897904492178 0.2773397699700069 0
8076 0.6634970129761659 1.421490801873909 0
8077 0.4414021069924277 0.1192372792663519 0
8078 1.062730939229526 0.6862338114778275 0
8079 1.544949080598912 0.3244018634290295 0
8080 1.752272286151646 2.542933988999219 0
8081 1.279548848611771 1.785659203323989 0
8082 1.745562692486681 1.326777386668066 0
8083 2.800233965614708 0.1415830541044336 0
8084 0.267988961612265 0.2634475372346379 0
8085 1.6047 0.567800000000001 0
8086 0.8365608075338561 3.190797303961412 0
8087 1.85771679376343 2.76722020533579 0
8088 1.900240840898008 2.929699697708244 0
8089 1.055697215591038 0.487415012213174 0
8090 1.92463479627465 1.556199842626707 0
8091 0.8866293262178877 1.929365228218669 0
8092 2.173009614445569 2.726125621967117 0
8093 0.7767404316691922 2.919034004543049 0
8094 1.482136274209571 1.173318465592323 0
8095 0.1377037951124169 2.314847273806304 0
8096 1.039718704822347 2.731088663933694 0
8097 0.6668420895874698 2.158307259568017 0
8098 0.7873142586364748 1.603635325382646 0
8099 0.7605446656824677 1.604267862790179 0
8100 1.688040493579014 1.13114803274399 0
8101 0.08043384534838305 1.810130154792465 0
8102 1.832414982299905 1.263269442752863 0
8103 1.104206510802423 0.7313792414225315 0
8104 1.838076572850778 1.603710872543329 0
8105 2.826751104838082 0.2297308289758693 0
8106 0.7432371819346513 1.271003322701056 0
8107 2.550129071837783 0.6369244519044055 0
8108 0.06786962326868706 0.4392735846568316 0
8109 0.4062694570475134 0.2998786817115096 0
8110 2.066998229017456 0.04067834688933347 0
8111 0.5117431004939483 2.278342605622444 0
8112 0.4594266022415161 2.424559261881241 0
8113 0.445873753296913 0.06593482212263635 0
8114 2.017709319478826 0.6221679126443804 0
8115 2.03958788360275 0.6164043943798989 0
8116 0.8627618339896529 1.082828051028802 0
8117 2.203363526619081 0.5306828610795153 0
8118 1.816210089389761 1.743239584120491 0
8119 0.3313578362418053 0.1885578106168613 0
8120 0.4770618100892061 1.166410793661812 0
8121 0.6025531525802957 0.3537217631420462 0
8122 0.6122374050281263 1.695945593725736 0
8123 1.419298979591837 2.048232653061224 0
8124 2.41335137757963 1.885290021824955 0
8125 0.7065132503033164 2.521200183171258 0
8126 0.5973893981828797 1.748421916937805 0
8127 2.348055832677261 0.1589933562374508 0
8128 2.408631425329798 1.71070875274177 0
8129 0.134939197602733 1.578393138188006 0
8130 0.1605732076939013 1.579260516027168 0
8131 0.9410330752254009 2.240858889524923 0
8132 0.7280848323359186 0.06250348846648346 0
8133 2.038688061812408 1.933608486469357 0
8134 1.653806801862205 3.054591072931702 0
8135 0.5110928394556601 1.258171728696418 0
8136 0.7399738251597919 1.891281858897872 0
8137 1.423444717515994 2.502558889114147 0
8138 2.573839222730243 2.510909862834748 0
8139 2.301071414915276 1.100150994123107 0
8140 2.587804714660357 0.6032628805831282 0
8141 2.434910986127522 0.8138769090394701 0
8142 0.5624144112692109 1.875233303188652 0
8143 2.345918381550815 1.674968745177672 0
8144 0.1389816347295159 1.498877565693341 0
8145 2.13892003557791 0.297976104575097 0
8146 0.9949519767648841 2.269258430595794 0
8147 2.270697962517233 0.1503193551961686 0
8148 1.79662200698063 0.1094610906188116 0
8149 1.884010453874287 1.633429588346355 0
8150 1.602363589449963 2.135216220890401 0
8151 2.408609174375078 1.088667618892099 0
8152 2.141701782623928 2.375719523587509 0
8153 2.271834699375414 2.881604804157059 0
8154 1.828451912117363 2.080179603005158 0
8155 2.654125506086478 3.320313209450227 0
8156 2.535278082333221 1.048394350934845 0
8157 1.402237115187147 0.7043053694530785 0
8158 0.08573394774075815 0.3055567822848975 0
8159 0.5467665864667605 0.7530609985949307 0
8160 0.5089978793010526 1.158037742430893 0
8161 2.066611434978516 0.1345345000225282 0
8162 0.1226505201622949 0.3395482691914802 0
8163 0.04774325343842811 1.137204899866344 0
8164 2.406340849850004 1.418814828663771 0
8165 1.781423213569119 0.2127732391121266 0
8166 1.057282053940491 0.889547285753463 0
8167 0.606582109090163 2.849511807957942 0
8168 1.754860329625773 0.6690155730807532 0
8169 0.06080294043109014 0.3369205140203642 0
8170 0.1613865247944486 2.000245961767839 0
8171 0.2598370720283645 1.369178431187205 0
8172 2.432979266784477 2.222569476465221 0
8173 2.688121455986591 1.820683749552091 0
8174 0.1943376110031478 1.012213784255888 0
8175 0.6382053908127971 0.8375170099834882 0
8176 1.291598767233452 1.826671919856634 0
8177 1.89406646245809 3.331172511499158 0
8178 1.249001582961618 2.118505383194339 0
8179 0.6945825915756403 1.725027664064718 0
8180 2.014868465807283 1.735815585928904 0
8181 0.03043415973926544 0.02705575286597006 0
8182 1.78745127136774 0.1582120179281346 0
8183 1.663896868264311 0.02701056284896741 0
8184 0.3602235168659598 1.079075583395851 0
8185 0.6634547890354656 1.99900088902419 0
8186 0.3185047036604702 2.998632888734919 0
8187 0.2014802004960137 0.347222515000343 0
8188 1.123562032124041 3.354506485144877 0
8189 2.66314762430424 0.2182093392667115 0
8190 0.1572009742000864 0.3342634839060656 0
8191 0.7474068703173069 1.529633855527455 0
8192 0.660237054180554 0.9569470790449995 0
8193 2.538079983104154 0.3216998120596222 0
8194 1.795793228075434 1.960875808967435 0
8195 1.423892119640917 1.191180025538753 0
8196 1.921886547202279 1.512881615590208 0
8197 2.145468235519398 0.03432009489937027 0
8198 2.112503486275756 1.411030339853239 0
8199 2.404570861649591 1.45775264516659 0
8200 0.7498092721535063 2.205952351085301 0
8201 2.401038903475902 3.008195392619023 0
8202 0.2166068218260355 1.830666021254245 0
8203 0.8029227722425779 3.22042883902012 0
8204 1.488253662180947 2.047320200564546 0
8205 1.930588479753253 2.919482630606548 0
8206 1.479322379670345 2.823125843292092 0
8207 1.875786167891436 0.8191691818681468 0
8208 1.67596995456251 3.248827562684053 0
8209 2.148459326129908 1.384381753829685 0
8210 0.6717944981421085 1.854582777713941 0
8211 1.510797042460062 2.537791913267405 0
8212 0.9925541399561352 0.3858773121242756 0
8213 0.05971866501180356 0.1827446679855171 0
8214 0.217250824652067 0.6402718759486123 0
8215 0.8323184993369984 0.680499302972561 0
8216 0.23537297113313 0.08512416190685701 0
8217 0.8375562072938725 3.057157726677094 0
8218 1.870399340955767 2.33517566561982 0
8219 0.6378314247947821 2.511378619254035 0
8220 2.253949955882681 1.717135111372978 0
8221 1.153188585630911 1.705346402952848 0
8222 0.03926604297250247 2.458184798834693 0
8223 2.817447143734463 0.1758841866593523 0
8224 2.817599417156732 0.1679134067490731 0
8225 2.810690125447532 0.1733584572048503 0
8226 2.828507347746947 0.168356151698364 0
8227 1.700610631199918 3.079137115357664 0
8228 2.435413207654977 0.06367650899986166 0
8229 0.7922359030759608 3.355140621399543 0
8230 2.55604839680842 1.822447632797378 0
8231 1.767635393640351 0.1697945263416343 0
8232 2.429528279158108 1.191412077922015 0
8233 2.447863911605851 1.179325699126457 0
8234 0.588642195187023 0.3075769793684024 0
8235 0.7129810433644393 2.520319285333805 0
8236 2.195694726986378 0.2730363674888092 0
8237 0.3085227005833708 0.119644752190073 0
8238 2.635099239862907 2.064117486888045 0
8239 1.97011230311297 2.318391169369737 0
8240 2.004921624525133 1.11834077196125 0
8241 1.281592233333018 3.174581616992272 0
8242 1.538311355832221 0.2701744517428795 0
8243 1.073265119054842 0.4199064545068272 0
8244 2.55580528715814 1.405273643084653 0
8245 2.432049901828872 2.691904854335647 0
8246 2.555275518892662 1.952358430744191 0
8247 1.351674488375737 2.289928258358465 0
8248 1.1201596676768 3.027786215687082 0
8249 1.136351029031127 2.998534396934041 0
8250 2.396663741647498 0.1291745280555017 0
8251 2.435397736946881 2.976997043146006 0
8252 2.445640997287534 2.964966464407088 0
8253 2.442425444978199 2.947641072270224 0
8254 2.457338812396359 0.3384793746545245 0
8255 2.43796105422336 0.3404274476790494 0
8256 0.7182852976264166 2.623463568350463 0
8257 0.7269383789396293 0.2876191272892874 0
8258 2.72130302337166 0.2418837155457707 0
8259 0.264093769450775 0.1458179852931702 0
8260 1.724541740748132 2.832910478235237 0
8261 1.489966251335904 0.3819248011228151 0
8262 1.861769996081875 2.901323790729864 0
8263 0.5248973689467776 1.043862489017399 0
8264 0.4992001327006651 1.3402438656242 0
8265 2.514619836532207 0.8548463184361046 0
8266 2.371123870770222 2.034501421140708 0
8267 2.389802402925874 1.301823813592877 0
8268 1.340287531788146 1.168700694862863 0
8269 0.6631799473286495 2.798506021218229 0
8270 0.5216859784479313 2.031293211834364 0
8271 1.698239117770154 2.652941904404334 0
8272 1.614304985166153 2.90644254696035 0
8273 2.23990864728029 3.291292609249568 0
8274 0.1786310589034845 3.432281375638092 0
8275 0.1848760667888059 3.391140264821171 0
8276 2.171886088570353 2.894136291802168 0
8277 1.277551105077995 2.848341287794797 0
8278 2.233646807995064 2.753775602873848 0
8279 1.887776166856257 3.155542833359757 0
8280 1.864632862107947 3.137054771559752 0
8281 2.305023206763436 2.759513930426309 0
8282 1.222287629373604 0.498295081905769 0
8283 1.909938283676035 1.407284596067467 0
8284 0.4071749875244941 2.263649522649581 0
8285 2.000831552086603 1.431622078993117 0
8286 1.091599645420217 0.8375408312926024 0
8287 1.605149206375688 3.04142806043785 0
8288 0.5950687612012641 2.588583555152134 0
8289 1.806183901841909 1.477198922722839 0
8290 0.4097222606646538 1.783708627028633 0
8291 0.3977925338076311 1.793648480861501 0
8292 2.817365522786079 0.6893761821232132 0
8293 1.520439958126197 1.186329036889665 0
8294 1.529780978367104 1.178679146314517 0
8295 1.887872546123491 2.137634102337313 0
8296 2.358854958013996 3.333539994063669 0
8297 0.4354765449581972 0.06860216879964298 0
8298 2.302445792947336 2.740859576654207 0
8299 1.223795009481237 2.550589022792383 0
8300 1.669107509207767 2.630688222551947 0
8301 0.7844054037584932 1.829524151380115 0
8302 2.537561321700513 0.2806627279701701 0
8303 2.532199912805972 0.2775015853550544 0
8304 1.911179691070021 3.189190636625137 0
8305 2.290321753880786 2.794765057625042 0
8306 2.020173939351916 1.837362094027108 0
8307 0.860083494915166 0.3560637392984556 0
8308 0.8490648227529392 0.3509414864707496 0
8309 0.8233971563757766 1.09929492914229 0
8310 2.233882995686902 1.828912467337392 0
8311 0.3515787829801165 1.553289734599236 0
8312 0.4044556460342006 0.7029369032246955 0
8313 2.80854504296473 2.334579764514331 0
8314 1.650077549807759 2.269684463707328 0
8315 2.82075 1.22755256127916 0
8316 1.061089505262248 1.724435182864985 0
8317 0.7544640811511126 1.34876305404604 0
8318 1.102422987417335 1.629563671338065 0
8319 2.572534211217619 0.2724499087101595 0
8320 2.081839901333781 2.297036049293547 0
8321 1.49621249119626 1.325419465918229 0
8322 0.2899200943138596 0.2989415093752723 0
8323 1.714811840483626 1.482928981982545 0
8324 0.5457722722827643 2.792222338707099 0
8325 0.8595134680563412 2.036778082048414 0
8326 0.4135609997428502 0.5231130459769844 0
8327 1.84744234135219 1.335496630874088 0
8328 2.551750009159559 3.053660574471555 0
8329 1.968448986586245 0.712903917864592 0
8330 0.1315511016045809 0.1097628384360141 0
8331 1.091968649067873 2.420336923287651 0
8332 1.6474545997423 0.3558434825745582 0
8333 0.8593528060466417 0.3720065381511319 0
8334 0.1922804355515821 1.640338390499865 0
8335 2.214744583385122 0.4836246744211081 0
8336 0.04126399098548417 2.292216740830651 0
8337 2.673975851345704 0.3286261844784548 0
8338 2.66178489189655 0.3095152368956908 0
8339 0.0824396186237919 2.002259352569623 0
8340 0.07990810008522065 2.031101565551754 0
8341 2.563386409221867 3.072445921397949 0
8342 2.710328974722986 0.1583787704469199 0
8343 0.3801727305054454 1.535153783020474 0
8344 1.777899113269127 2.655656708184163 0
8345 0.169996665448225 0.8570769769763568 0
8346 2.05397055369716 1.440686221224157 0
8347 1.892232269726934 0.06589186359543198 0
8348 1.905636170927445 0.07098365874804968 0
8349 2.736931093977645 2.503900084664545 0
8350 0.9464107427080753 2.083829750226994 0
8351 0.9112069305438694 2.08719499250385 0
8352 1.516953642256004 0.6754413037151177 0
8353 2.359094420868136 0.251613923263756 0
8354 1.155671936778229 0.9573210402712747 0
8355 2.491968375311197 1.909945243577311 0
8356 2.432691326242507 3.276816484162547 0
8357 1.561496154623666 1.962922224241493 0
8358 1.030692675852181 1.597150759929822 0
8359 0.4381996719190306 2.058137595074397 0
8360 2.125793040352454 1.500438013556162 0
8361 2.141909401916613 1.505311712142214 0
8362 2.14050944905904 1.489001190186899 0
8363 0.713568923631306 1.967056144896798 0
8364 0.6228049574702003 1.573219369864599 0
8365 0.9901283008556239 0.1051023713400039 0
8366 1.784603417750951 0.6676400890045209 0
8367 0.6026993986613429 0.6756568394014322 0
8368 0.2922122819456714 2.180513014972063 0
8369 0.1031384775302782 2.150480407859606 0
8370 1.727286823073459 2.747756680387241 0
8371 0.6245126810187002 0.6206336093694891 0
8372 0.6277632596248071 2.696325175357284 0
8373 0.65903412576525 2.678975098004574 0
8374 1.365749439637152 2.587635752783983 0
8375 1.476184474599318 2.994411729125011 0
8376 2.150248450585056 1.868849093489457 0
8377 1.616917083529964 2.098982027326214 0
8378 2.229301035898132 2.168655893576699 0
8379 2.212761440601267 0.1842948668619457 0
8380 2.43725943354209 1.079011478374904 0
8381 0.7346699788191488 2.517831473119425 0
8382 0.7249953702075357 2.498498589444663 0
8383 0.7233755439377172 2.480131508744429 0
8384 1.762141678386492 2.47700000575109 0
8385 1.747423096639814 2.50543554477476 0
8386 0.8551479436612528 1.650412200813446 0
8387 1.755004046291403 1.44375770568144 0
8388 1.525054214626927 2.71940354529002 0
8389 1.555280907639148 2.713530854463635 0
8390 1.541321280566519 2.731546099938414 0
8391 1.578961876407791 1.894117482277342 0
8392 0.7873482742834256 3.275453733386323 0
8393 2.716680888289857 2.710376038650009 0
8394 2.532156425862007 1.025025321630262 0
8395 2.788162538739624 0.3560141267307837 0
8396 0.1998865101308112 0.5375686904705248 0
8397 1.058094601137126 0.7881022994809888 0
8398 1.420391940112091 1.717436577579541 0
8399 0.5779798678149177 3.093707628230785 0
8400 0.4713461564430861 2.349229171989494 0
8401 1.894074411887465 2.955586154734049 0
8402 0.8464920292702818 0.43380075441529 0
8403 0.8547310053977212 0.4554737769553785 0
8404 2.116908855024501 0.08094256340356187 0
8405 0.4779290590629393 2.184501228257183 0
8406 0.505212224245712 2.524894959392595 0
8407 0.5094446270647861 2.258610568804496 0
8408 1.043330853698058 3.215920988276126 0
8409 1.008653887377902 0.7655870630884483 0
8410 2.139699757702549 2.571506090238186 0
8411 1.089551283776431 3.106002679515731 0
8412 1.12477274032936 2.969143415851129 0
8413 1.291797379820071 1.91757536762815 0
8414 2.460332961978794 0.09315985593288056 0
8415 1.86120799669691 3.273211891913075 0
8416 2.36287544477079 2.49132515832803 0
8417 2.501997693688657 3.427738219575864 0
8418 0.86158998345445 1.388801833455994 0
8419 0.4263188030963629 0.288403430200187 0
8420 2.807906452709163 1.52590719390057 0
8421 2.034845324788014 1.989626923951998 0
8422 2.02046707771672 3.299876586301971 0
8423 1.344782530431921 3.384077199763337 0
8424 2.510572737653122 1.783956955355942 0
8425 0.6328027506563437 0.1387016478933634 0
8426 1.731174416471353 1.824061358727566 0
8427 1.347090394822214 0.7342685462104648 0
8428 1.761647519133593 0.02471311439731805 0
8429 1.360191064227848 1.050033582398231 0
8430 0.872756728973257 1.17458401217623 0
8431 0.6417143862696757 2.308936876267562 0
8432 1.303966671225827 1.94398471414331 0
8433 0.7051396039996141 0.5906670947162618 0
8434 2.167759238621157 2.047560759768222 0
8435 0.1978838702369048 0.2560194742203545 0
8436 0.3876382771524496 0.9489597049799187 0
8437 0.4812010200167424 1.204388494775358 0
8438 0.4797354400419651 1.205761617838363 0
8439 0.2327981835374864 3.186849506825395 0
8440 1.593909291589703 1.835079277514146 0
8441 0.8905250732277388 2.121154207373753 0
8442 0.9857937466034983 0.3216370797914099 0
8443 2.286095478796614 3.023167179238086 0
8444 0.1088965748802935 1.208001025481249 0
8445 1.51369627164461 2.388735640517171 0
8446 1.96197296586718 0.5645140685754302 0
8447 0.2475478836964278 2.186734299423625 0
8448 2.288407452376836 1.836412503134905 0
8449 1.525084567025468 1.99691339627876 0
8450 0.8434205728309965 0.04425807052627562 0
8451 0.3409338909647666 3.37415068793217 0
8452 0.4400120562437195 2.391021225606341 0
8453 0.2909807838430298 0.06858630651556541 0
8454 2.074464884314431 3.337078446862086 0
8455 2.683277771450624 3.208862856494515 0
8456 0.9269434016708136 2.506393266297377 0
8457 2.564643285012474 2.576826455421103 0
8458 1.601481973189549 2.959948946031948 0
8459 0.6456999340500872 2.936402754528881 0
8460 1.670660655935069 0.09771530320316879 0
8461 0.508485276987112 0.6584443356432799 0
8462 0.8594770196632886 2.951699448138194 0
8463 0.03031316484696922 0.1115246653477522 0
8464 1.244069512937328 2.367945759343903 0
8465 0.1313552980979451 3.323613174231597 0
8466 1.074096279243552 2.764711643059736 0
8467 1.314450316458284 1.741807659336568 0
8468 1.115882854212596 1.87157168194083 0
8469 0.270437937926292 1.93558270284347 0
8470 0.2783879949359649 1.910756049733896 0
8471 1.926427509615378 2.918148310851134 0
8472 0.5302297316017561 0.1652592737883989 0
8473 1.988882753474328 1.605659483624352 0
8474 1.808429540672224 0.1959473340521707 0
8475 0.719350324357199 2.139993628050694 0
8476 2.284787600310436 2.706033152391613 0
8477 2.188877040160151 1.502934152521154 0
8478 2.174402236570107 1.491139819812078 0
8479 2.300853887656387 0.97632586807112 0
8480 0.3064214642230243 1.005038212719044 0
8481 2.745091794044634 1.354994384143549 0
8482 0.9099332696847601 2.396300271220626 0
8483 0.8822545803326123 1.965834555659089 0
8484 0.8456523214933289 1.986048121379445 0
8485 1.917918737136964 2.93247377969386 0
8486 2.379934422536454 2.070223093864751 0
8487 0.6072021947059606 1.219669987419661 0
8488 2.012119299495672 2.103394341510842 0
8489 1.098677548675121 0.8268004853177476 0
8490 0.1819253433592929 1.119547392387985 0
8491 2.734439295338274 0.254705531699055 0
8492 1.427775381197266 1.349142060632179 0
8493 1.432300898967219 1.329994325892373 0
8494 1.365059721152981 2.448452429377697 0
8495 0.7648954165181816 1.82370856895606 0
8496 2.281500000000001 1.959752212791708 0
8497 0.9570840590801222 0.7179215584835952 0
8498 1.024066582810781 1.216173980621264 0
8499 0.6170414428968652 0.0984541898020872 0
8500 2.654412172318992 2.70716135135045 0
8501 1.371688651256228 2.241530422263894 0
8502 2.246545286659577 2.380129606273316 0
8503 0.855141918058381 0.7125361957865901 0
8504 1.82894662701486 1.227928164288016 0
8505 1.140051999159184 1.946718673750788 0
8506 1.096881760311488 2.515678180137578 0
8507 0.7380934874455525 0.2531853959517745 0
8508 0.6554592889885928 3.132935235265053 0
8509 2.146292092270701 2.486288440835402 0
8510 0.3536243468109934 1.834595110369985 0
8511 0.3419914889321114 1.799394084873452 0
8512 0.2075271424245995 0.3945651387804758 0
8513 0.3754312549331638 0.067632303026538 0
8514 0.2349731771749126 2.432393053750858 0
8515 0.552279454302076 1.170955608830471 0
8516 1.325274027110443 1.825758382623535 0
8517 0.1939373195055143 0.1052362668116196 0
8518 1.848488362395555 2.091440810215197 0
8519 1.871796795919544 2.088407076041927 0
8520 1.184667941608908 2.811747487403551 0
8521 0.5677532345606667 2.91561523943534 0
8522 2.487944958688091 1.379476826054211 0
8523 0.1445736613868598 1.29792281666937 0
8524 0.772489497397161 2.144964476569793 0
8525 1.774569699059452 1.010199706894624 0
8526 1.770241507033223 0.992821365326426 0
8527 0.3847731542515413 2.779830685051813 0
8528 2.173581326078361 2.071591347893577 0
8529 1.389366208685364 1.916132313474283 0
8530 0.1451958255939676 1.129946119556531 0
8531 2.526564333036065 3.035443119068485 0
8532 2.721650571583889 3.25840761636168 0
8533 1.779109399581275 1.083645856251204 0
8534 1.078685409023117 2.552733804691225 0
8535 0.3731982807053285 2.115808086201613 0
8536 0.06454557744253608 1.011007306873996 0
8537 0.5185829909280548 3.216499633283892 0
8538 0.2644616158660993 2.958017324143919 0
8539 1.675485792763688 1.970288570036304 0
8540 1.637600776482165 1.939003637708242 0
8541 0.2956862666421436 1.012895293822261 0
8542 1.827927764224766 0.1063904042647912 0
8543 2.608396897162133 1.804630009814357 0
8544 2.540144325481072 2.993836686522301 0
8545 0.2008311025135465 2.237778594929098 0
8546 1.764798007679779 0.1459721647118455 0
8547 0.8204077626760368 0.1396643649456497 0
8548 0.3727330285152437 0.8096453636150607 0
8549 1.138186205113738 2.889656749883254 0
8550 1.137605962059397 2.916451274136773 0
8551 2.533771145916741 1.641255819137317 0
8552 1.221880336570198 2.077562103114337 0
8553 0.2694516635540924 2.781331048536246 0
8554 0.05826992766114047 2.514636723213306 0
8555 1.404555513465907 1.207612516439025 0
8556 1.429549629983693 2.881636340985865 0
8557 2.224799989584672 1.641066513871414 0
8558 0.9818966168839323 3.117067824573531 0
8559 0.5860595811576943 0.1676522947879167 0
8560 1.471133998237188 1.444419509003667 0
8561 1.200922041967244 1.454907427645491 0
8562 2.467968870413583 1.718392205899517 0
8563 0.658525762948133 1.74600289290891 0
8564 2.671053997110687 0.2077709606847962 0
8565 0.5099395233668941 1.707666608252113 0
8566 0.3317349969099814 2.7356046980577 0
8567 1.345764782336621 1.096399574389599 0
8568 1.687471327072643 2.533394549986374 0
8569 0.9565958010938564 0.4560398858156245 0
8570 2.529901109795605 1.567493575124665 0
8571 1.198326133091729 3.379025974184856 0
8572 2.283432047223741 1.120342466784203 0
8573 0.1500274558679744 1.956382002540522 0
8574 0.4791530994897522 1.335930882630144 0
8575 2.255972117255678 2.360499555660318 0
8576 0.09102528785557085 1.104473391831186 0
8577 0.8930668221187344 2.794495028773094 0
8578 0.3736118000292328 2.583396599630994 0
8579 1.463533091792362 1.402504974239242 0
8580 0.889471076118631 2.851508176431579 0
8581 0.1292424349071648 3.4365752841316 0
8582 1.272250590692376 1.872974511108798 0
8583 0.5683819731987145 0.4922789275553672 0
8584 1.184557703489667 2.018419373780763 0
8585 2.766819570351528 0.3299533849429412 0
8586 1.771732027464335 0.1800342763220717 0
8587 0.7004844465397726 1.12501008332664 0
8588 1.354048605034284 1.141509347472202 0
8589 0.0697158751602589 0.3321544633723241 0
8590 0.07642847710165968 0.3249384877631596 0
8591 2.581170610127093 1.534693998991326 0
8592 0.7656822177569977 1.647988797272141 0
8593 1.717244024940321 1.526651702256032 0
8594 1.842618858395028 1.870303745675515 0
8595 2.075509024823714 0.2440261616519392 0
8596 1.920367870600414 2.918693310700213 0
8597 2.123023379344768 0.09433423386882489 0
8598 2.78842417112104 0.1135913257868972 0
8599 1.69567507107899 0.6853791360966888 0
8600 2.367711922314428 1.457594389759829 0
8601 2.502301407719008 1.88940772436795 0
8602 0.6087344926252903 2.632304004052854 0
8603 1.85924917999038 1.5232964740886 0
8604 1.015844415874562 0.4921174652294797 0
8605 1.23194322245408 1.785642590477345 0
8606 0.4825118459515888 1.1735640329552 0
8607 1.868135029419358 2.65934889605639 0
8608 2.540293818422203 2.949623657240033 0
8609 0.557926480165535 1.673118428042887 0
8610 0.4420499999999964 1.130249682658515 0
8611 1.973348592087432 1.769159155239875 0
8612 1.369445429727337 0.3971594510356073 0
8613 0.8554711891636575 0.2220480917986807 0
8614 0.8418571631847281 3.131701262807093 0
8615 0.2639844194756962 1.596590453364817 0
8616 0.4657026661506259 2.621300628778674 0
8617 0.4709335372947027 2.632649390007332 0
8618 0.8268558979325413 3.212412366856966 0
8619 0.9233299381764967 2.463790976836965 0
8620 1.317700408072155 0.22020431616148 0
8621 1.190022704564373 0.0506582539030962 0
8622 1.392735816321973 0.2095868797857174 0
8623 1.158843556103609 0.2417484395126752 0
8624 1.233168195366551 0.2651380881499834 0
8625 1.069813754899704 0.04612957286568764 0
8626 1.276780506429141 0.1373986849628834 0
8627 1.227464463463376 0.1030565129416323 0
8628 1.401234512213184 0.03118220301011299 0
8629 1.460742492743824 0.1866896489050063 0
8630 1.461578240671933 0.02064186509773025 0
8631 1.082071999254155 0.07982446429221102 0
8632 1.097531500167656 0.02868745686400742 0
8633 1.364658225595573 0.2411543131254565 0
8634 1.304219932677829 0.2591424274047165 0
8635 1.270438197597747 0.2463082017587193 0
8636 1.155181083361975 0.02976934664264741 0
8637 1.328159876530956 0.1584644924044429 0
8638 1.134965062927395 0.2845810864560276 0
8639 1.19159715392093 0.2796701351208888 0
8640 1.094420592960542 0.05066437883625285 0
8641 1.399914433175742 0.09213764436902649 0
8642 1.154240591235598 0.05555135872518147 0
8643 1.439637995703377 0.08362127521696583 0
8644 1.408565410711599 0.2397243615654827 0
8645 1.416488887157145 0.1681924611103554 0
8646 1.25920372435194 0.2947507627351951 0
8647 1.255327809363202 0.0520736624351934 0
8648 1.269879831438333 0.1913737269923654 0
8649 1.150363335229474 0.1522474611805786 0
8650 1.114593329451688 0.2292167148818567 0
8651 1.33490392816839 0.2607462771423905 0
8652 1.234024221518449 0.2940250655327061 0
8653 1.10891302328205 0.03483795892506514 0
8654 1.336277668849965 0.1133229425742508 0
8655 1.506039133808921 0.2029265237235665 0
8656 1.355077533192944 0.1911836121816746 0
8657 1.257997817337147 0.2703910854045459 0
8658 1.140103632821465 0.03640608588620675 0
8659 1.159266703464128 0.1957632137069631 0
8660 1.358149141601715 0.02893801318602041 0
8661 1.472356065394238 0.1493511636874509 0
8662 1.428872557429461 0.2116806431596441 0
8663 1.49534552764823 0.07255721169651652 0
8664 1.525139534977611 0.06308819745531458 0
8665 2.756571900433427 0.03693979052974949 0
8666 2.8095518080032 0.02869914883446367 0
8667 2.821243633119375 0.06322671842684691 0
8668 2.766221565073145 0.08142641727663502 0
8669 2.751788874999995 0.08001674204947595 0
8670 2.76494204041221 0.09434204918393063 0
8671 1.776394424400813 0.3165465112563572 0
8672 1.798091969590375 0.3170418206980099 0
8673 1.72576806782306 0.3261539006075234 0
8674 1.698064460179133 0.335902713696852 0
8675 1.753189862250898 0.3777247090719222 0
8676 1.788614302145355 0.440269693702239 0
8677 1.706082120734524 0.3802477999120337 0
8678 1.839502551341446 0.4284692653106363 0
8679 1.73761555598634 0.3608697961557403 0
8680 1.725098537265527 0.4038598504380297 0
8681 2.015881828193832 0.383899999999999 0
8682 1.797221486713577 0.3588999999999991 0
8683 1.881455688545221 0.4156882890814386 0
8684 1.759567954719153 0.3607400595343166 0
8685 1.758494784086923 0.4409664174814067 0
8686 1.954164014166808 0.4000909734608487 0
8687 1.933395302607263 0.3447403378032956 0
8688 1.905059878597725 0.3555689251630241 0
8689 1.836439989610947 0.3233983039763055 0
8690 1.882532816237486 0.3512945250955748 0
8691 1.859142187788728 0.3663325767672831 0
8692 1.86043399434887 0.3179006966583138 0
8693 1.880789734658432 0.3055755760086725 0
8694 1.956580565259519 0.3409752313025436 0
8695 1.833255907871943 0.3731164769166033 0
8696 1.94092116900099 0.3567980072163504 0
8697 1.995976113051904 0.3333950462605086 0
8698 1.858898020412738 0.3022880265948704 0
8699 1.894991628149081 0.3421020443589549 0
8700 1.912073817761114 0.3338447271772194 0
8701 1.98870175148534 0.2768937904760596 0
8702 1.939314794018329 0.2833715407229838 0
8703 1.961776323082275 0.2812907389865826 0
8704 1.946855797391382 0.4619822997519398 0
8705 1.907392632898564 0.4758290319406386 0
8706 2.006421014637184 0.4561020144894137 0
8707 1.8567 0.490991891891891 0
8708 1.805688939419033 0.5006426330828848 0
8709 2.054915895038272 0.4451769544215103 0
8710 2.145960162926348 0.3471571747673934 0
8711 2.112150656197865 0.3661681080347621 0
8712 2.154294610122099 0.4257110040056462 0
8713 2.138436057785248 0.4050696121138078 0
8714 2.153656249031394 0.4066974691318959 0
8715 2.326304180769559 0.3125841561586866 0
8716 2.361589361670419 0.2955947620836481 0
8717 2.190730921721909 0.3460709608067036 0
8718 2.323188613631989 0.3305958910489151 0
8719 2.308814713316517 0.3148069160466758 0
8720 2.318211765052571 0.2987082485885504 0
8721 2.335284037001269 0.3247590522816961 0
8722 2.387653877272861 0.3057041930708451 0
8723 2.414782183768295 0.2915326295329397 0
8724 2.256500498743767 0.3223837360372575 0
8725 2.286400008453619 0.3189557649633152 0
8726 2.378492259349103 0.3228942902805985 0
8727 2.372558874573096 0.312548311358773 0
8728 2.408691939705242 0.3095543974110004 0
8729 2.42700133577553 0.308727431257948 0
8730 2.21788023083245 0.4193672199961915 0
8731 2.247200339917132 0.3832558722927846 0
8732 2.283799515450779 0.3935487548487806 0
8733 2.19543769072633 0.4073897604252807 0
8734 2.297273564533624 0.3718660415527446 0
8735 2.254146356446419 0.4069765082883157 0
8736 2.183435916605726 0.3891709339881595 0
8737 2.211178082031391 0.404460299676952 0
8738 2.202596772513123 0.3914394986996059 0
8739 2.330103067702185 0.4441226797392916 0
8740 2.354813440879261 0.4384556272968148 0
8741 2.416529943335925 0.4239002068722824 0
8742 2.373743189236147 0.3656810764529386 0
8743 2.419034090909752 0.4073912577954824 0
8744 2.383952213768858 0.3870923118501348 0
8745 2.439077589354916 0.4357536896408938 0
8746 2.424946296835131 0.4479493527029117 0
8747 2.370256602548764 0.3786620866238919 0
8748 2.434148573266588 0.4202196498951083 0
8749 2.407069410538061 0.4205595506249022 0
8750 2.409698891400148 0.4051067533806458 0
8751 2.427127896150021 0.4332105255769445 0
8752 2.380191448122341 0.3791739890977333 0
8753 2.429213890973146 0.4060374821403367 0
8754 2.418680283747519 0.3988816441178384 0
8755 2.422908658058828 0.4170136507226854 0
8756 2.417643735729768 0.4377084149247126 0
8757 2.433946126010155 0.4471959007838373 0
8758 2.415048198848543 0.4147942838791998 0
8759 2.442099898697945 0.4125995932367605 0
8760 2.445167045848122 0.4275808234305254 0
8761 2.390133045016627 0.3749400826216855 0
8762 2.299773528214912 0.6266602591815322 0
8763 2.211133012747629 0.6534647031643446 0
8764 2.149546396396397 0.6667430380723189 0
8765 2.236774302991449 0.6491602308451119 0
8766 2.539328509769312 0.4884970109799371 0
8767 2.497379566647507 0.5024592225878306 0
8768 2.607399999999998 0.4728652897657213 0
8769 2.516120811967216 0.4730563775591157 0
8770 2.64944227404855 0.4603215429044918 0
8771 2.540954496355955 0.4596935534386191 0
8772 2.515195326906982 0.4949201700911152 0
8773 2.608513023899988 0.4994275045954637 0
8774 2.49132241774613 0.5255928388290445 0
8775 2.6306008482996 0.4865391025407684 0
8776 2.503598926380426 0.4847839425595155 0
8777 2.590503907877935 0.4621254476351713 0
8778 2.679680513232452 0.4757829130017734 0
8779 2.511875020000053 0.4560883991195728 0
8780 2.478027213109879 0.4225138838063118 0
8781 2.296834456622188 0.6977478489209714 0
8782 2.319103061112045 0.6830497005306537 0
8783 2.411629565055775 0.7272791664701366 0
8784 2.403287453531598 0.6685999999999992 0
8785 2.38278899399802 0.7258095898994912 0
8786 2.36338450437765 0.7472265143459269 0
8787 2.396998599975293 0.7105492845062065 0
8788 2.418283930601928 0.7068723152818677 0
8789 2.395647124778895 0.7485686286821503 0
8790 2.420695465173755 0.7546091478022365 0
8791 2.328068217206253 0.7493972053038815 0
8792 2.347078795309446 0.7271769806047406 0
8793 2.378174113749596 0.7109994958346129 0
8794 2.397516866954555 0.7243021175749702 0
8795 2.362845709278821 0.6694095461405063 0
8796 2.316148982055822 0.7691828578870692 0
8797 2.409032967284633 0.7152338892013748 0
8798 2.4221863592189 0.7106285652228383 0
8799 2.424063627886829 0.7336509222892342 0
8800 2.407780373449723 0.7035666385298183 0
8801 2.306163848366322 0.7505205966201519 0
8802 2.387607461000365 0.7150883934389594 0
8803 2.395628655197892 0.734772370084106 0
8804 2.346964740108396 0.7518911990461641 0
8805 2.408570175543488 0.7601284284764991 0
8806 2.406561635060099 0.7404091441798114 0
8807 2.305417986108039 0.7325803765623915 0
8808 2.380726834704781 0.6706493068189123 0
8809 2.217031739487842 0.7185139688229036 0
8810 2.249257269116499 0.7153745482024996 0
8811 2.223168569995081 0.7544876277536913 0
8812 2.232197801720868 0.6969677034050805 0
8813 2.654119037958905 0.3736849949388548 0
8814 2.580211005266173 0.4010129650845218 0
8815 2.632527292694006 0.3653766192245778 0
8816 2.596392713234708 0.3774691242764883 0
8817 2.649930336290854 0.3989895374380419 0
8818 2.057818387664352 0.7015625433998716 0
8819 2.706637836678178 0.5237232887542451 0
8820 2.740700550696264 0.5180817752060973 0
8821 2.7430791557692 0.575989007959411 0
8822 2.748030604452945 0.5351397215672236 0
8823 2.717384038611264 0.5403388579708317 0
8824 2.662596534503445 0.5372635435932303 0
8825 2.699003858793426 0.5702741174482899 0
8826 2.713278331999791 0.5887235569807954 0
8827 2.632932046871161 0.5387175878555013 0
8828 2.663999999999997 0.5905670013862416 0
8829 2.726959472663894 0.5291619717865383 0
8830 2.721337837242455 0.5081172554037341 0
8831 2.729840831153838 0.5631090515918833 0
8832 2.728064045560401 0.5775763023617286 0
8833 2.691308852579403 0.584094510486967 0
8834 2.701184940196825 0.5056676291363442 0
8835 2.514211100067275 0.7008833249336635 0
8836 2.475759071314541 0.7148875654948708 0
8837 2.120763474646801 0.8135852912331231 0
8838 2.146042366856254 0.8545870772463066 0
8839 2.159897509872422 0.7901664586464211 0
8840 2.098877736521728 0.7958814856762899 0
8841 2.171603670100596 0.8433203225128734 0
8842 2.12184681865822 0.7964542438637321 0
8843 2.154871396287295 0.8725671573579842 0
8844 2.129004217987776 0.8081437239411021 0
8845 2.135034055925622 0.8368074305884736 0
8846 2.112701893102475 0.802556402022764 0
8847 1.975748263652272 1.057236361769522 0
8848 2.057406597265099 1.102687011608308 0
8849 1.927045857544758 1.080753220484217 0
8850 2.01863184615433 1.038472677616072 0
8851 2.108073994452231 1.039072992780301 0
8852 2.045857655134991 1.07628575198577 0
8853 2.130948186884551 0.9385056379508251 0
8854 1.863797588172897 0.9897588701999982 0
8855 2.15532196261587 1.017975249041759 0
8856 1.955172898803829 1.003655293820104 0
8857 2.051868111620318 1.037291175548247 0
8858 2.086629294105776 1.10865366610001 0
8859 2.068648203409434 0.95926336533872 0
8860 2.141895741541351 1.097246331666367 0
8861 1.886235524639247 1.083844837899555 0
8862 1.880497314260186 1.014573364087975 0
8863 2.117589827965483 0.9156937466822451 0
8864 2.118625009069167 1.010643672664928 0
8865 2.058522274131763 0.9255834883024369 0
8866 2.162451551301609 0.939671460104305 0
8867 2.064012852830707 1.125623662576804 0
8868 2.035876315531516 1.055528260941238 0
8869 2.035488034172066 1.109950319741056 0
8870 2.113051253138597 0.9599211700052676 0
8871 2.044263230132106 1.120981601411555 0
8872 1.905479462852037 1.011414672817595 0
8873 1.950395519163717 1.055617006409873 0
8874 1.956514519384635 1.083948836425214 0
8875 1.932127213854946 0.9209382997202074 0
8876 1.855734234401966 0.9404156564045699 0
8877 2.012537739133357 1.021302332902125 0
8878 1.857878455651291 1.051485647245772 0
8879 2.069736094946305 1.094464190444677 0
8880 2.099555657258152 1.060274792226743 0
8881 2.122558493234211 1.057252094048249 0
8882 1.949437461217018 0.9593437038836949 0
8883 1.918097253318521 0.9691159522494812 0
8884 2.171238038090091 1.095376119889516 0
8885 1.990997475947063 1.078086429887671 0
8886 1.854530011534974 0.9641513125245595 0
8887 1.885361532662647 0.9782992111295203 0
8888 2.029364950924917 1.074399414559708 0
8889 1.882739108773932 0.9946328613543733 0
8890 2.166465327471482 0.9927242453058324 0
8891 2.141931307187654 0.9179246403500105 0
8892 2.058543795195461 1.056656985558337 0
8893 2.065046832406076 1.075128135324502 0
8894 1.965492820887754 1.039453670687615 0
8895 1.984156377397424 1.035590628041868 0
8896 1.992560423399352 1.051822683939812 0
8897 2.179579648787867 1.038500228515182 0
8898 1.89951734523033 0.9277796066201253 0
8899 2.145988548779908 0.9561714107671673 0
8900 2.033705261735141 1.029296414591415 0
8901 2.071266065778413 1.037612525658343 0
8902 2.054738510871549 1.020895132574578 0
8903 1.922055526795479 1.05597801894417 0
8904 2.194798602235354 1.086554833222778 0
8905 1.851274671616875 1.011163576306749 0
8906 2.171481098925037 0.8944192698396869 0
8907 2.087419143497759 1.042592062133077 0
8908 2.140806592477286 1.03870785929561 0
8909 2.141285398122536 0.9998497317272411 0
8910 2.088799233072408 0.9653110103505711 0
8911 2.757518763759881 0.6406422745220635 0
8912 2.597719978298438 0.6865338078854453 0
8913 2.716297366763266 0.6528952270853565 0
8914 2.671756670964559 0.6678700291704043 0
8915 2.772716642738792 0.6612775214625308 0
8916 2.637178130605886 0.6843867582675924 0
8917 2.743255881265676 0.6706501062543624 0
8918 2.672836218917544 0.8141795826995923 0
8919 2.666756511900119 0.7852819667893021 0
8920 2.696468546163532 0.799902309897779 0
8921 2.656602032088399 0.7492354054886812 0
8922 2.023379429205966 0.9751449594970438 0
8923 1.97407958157371 0.9062078827578097 0
8924 1.992720917371759 0.9006785592334237 0
8925 2.002994620364655 0.9896966914112192 0
8926 1.998968512392655 0.9685604127270658 0
8927 2.61656644454896 0.8586155582092213 0
8928 2.640894479306448 0.8551135863400841 0
8929 2.612632755740986 0.8706260702093429 0
8930 2.72752188817242 0.8385366126511308 0
8931 2.76464688817242 0.828997627502616 0
8932 2.648896329504317 0.9156205008666218 0
8933 2.619358758781861 0.9033904280182696 0
8934 2.72987451528025 0.8922194909344052 0
8935 2.756826424408943 0.8965979598074962 0
8936 2.741649503562303 0.8700851106646587 0
8937 2.747997214110383 0.8830036939209126 0
8938 2.147842349037692 1.171815100195117 0
8939 2.18714917481724 1.15563385936731 0
8940 2.107940928146309 1.177802375966789 0
8941 2.204571265787227 1.179807080127465 0
8942 2.097042020581708 1.202940264122711 0
8943 2.078804792707151 1.178325322050837 0
8944 2.175700753256426 1.181556643078728 0
8945 2.126786729051992 1.193035257408936 0
8946 2.152392492098366 1.193263125925293 0
8947 2.662796052366566 1.005948942598185 0
8948 2.69168391434954 0.9610031826510714 0
8949 2.726111708527598 0.9887634606707785 0
8950 2.631918916966147 0.9867789643450537 0
8951 2.712275308814339 0.9665261213583074 0
8952 2.638813655664517 1.015522671134847 0
8953 2.769054145733669 0.9661241455431896 0
8954 2.754717689657649 0.9447615526522632 0
8955 2.748496685422236 1.062827922351947 0
8956 2.778296012422574 1.068783462003237 0
8957 2.761147293696276 1.040270641517743 0
8958 2.77291165115725 1.113037526188191 0
8959 2.723278368869657 1.047441526634516 0
8960 2.670248464893923 1.060539612955503 0
8961 2.745353835866501 1.120363559941956 0
8962 2.730577314906207 1.079104830986948 0
8963 2.682004907750712 1.088128457760493 0
8964 2.744105586997042 1.042235022626051 0
8965 2.772061387645486 1.026149415674799 0
8966 2.775423762599404 1.050595516354421 0
8967 1.801427534618546 0.9156691043026223 0
8968 1.744235388367075 0.9273440487188914 0
8969 1.682676112302585 0.9401462164787479 0
8970 1.808514980576238 0.9483256150857883 0
8971 1.776742584597124 0.9140726306043028 0
8972 1.817828368029637 0.9001434479506556 0
8973 1.669832862885302 0.9276472180239518 0
8974 1.724330332300148 0.8629209087405239 0
8975 1.796847107377713 0.837661799884696 0
8976 1.788490471502154 0.8599697030198016 0
8977 1.730423693399196 0.8371723843637239 0
8978 1.740195961836992 0.8470019228348705 0
8979 1.682001901773845 0.8687368591907609 0
8980 1.810744703275974 0.8612472380808995 0
8981 1.763142765077919 0.8680117159300821 0
8982 2.656248767023917 1.127329858434801 0
8983 2.670718994236033 1.142516757892246 0
8984 1.803909142441861 0.7784927325581393 0
8985 1.579163030986628 1.064622964210669 0
8986 1.465421343861894 0.9055090435200212 0
8987 1.467407753479418 0.8086033460307234 0
8988 1.488287219790658 0.9655300753144602 0
8989 1.515231863803184 0.9532788608182262 0
8990 1.433409719778711 0.8654338876860346 0
8991 1.497626069485082 0.7958758599824121 0
8992 1.596830375332321 1.085558086852189 0
8993 1.617471110641836 1.033907885700166 0
8994 1.631689257472441 1.053180827303027 0
8995 1.501479997638561 1.026783171051642 0
8996 1.479835001052519 0.8372101067648186 0
8997 1.492101081059518 0.833054898481534 0
8998 1.500489347018673 0.8587608342077255 0
8999 1.552937088604455 1.004304920597497 0
9000 1.556835718073004 1.099506625344155 0
9001 1.567239872129061 0.9518668297238704 0
9002 1.54078405913304 1.072556324382637 0
9003 1.463132279402789 0.9796043215204431 0
9004 1.453678447541342 0.88015142310503 0
9005 1.642085919247928 1.069715423511942 0
9006 1.4585085278071 0.9417404622830515 0
9007 1.51525281135432 1.060247899086856 0
9008 1.488949791052567 0.9357916883871518 0
9009 1.633709314457151 0.9841951779777403 0
9010 1.614990700062263 0.8256001786123927 0
9011 1.606842101120115 0.8897088179974291 0
9012 1.562079860749452 0.8489475052636908 0
9013 1.545470779127813 0.7837178535120273 0
9014 1.59027341320304 0.9135655997413289 0
9015 1.587065233726855 0.8863890621997477 0
9016 1.602039284547555 0.773707977504249 0
9017 1.584285816197361 0.8473720207300639 0
9018 1.60268236067383 0.8018793629087152 0
9019 1.624328802119755 0.8999810017004659 0
9020 1.625571688099139 0.8795298898071475 0
9021 1.602302912891541 0.9359737783844503 0
9022 1.622651522555094 0.9373101165241723 0
9023 1.573819751279891 0.8886170278674614 0
9024 1.575877515918842 0.7762814577540691 0
9025 1.675832905487642 0.7666853993345853 0
9026 1.651075320388602 0.7663869094095122 0
9027 1.594329191404473 0.990356941496496 0
9028 1.473918868217147 0.7512610589367519 0
9029 1.530417631238153 0.7294146688003136 0
9030 1.439728221929036 0.756957995861209 0
9031 1.476897494685918 0.7321541131614646 0
9032 1.454287737725217 0.7397008528123681 0
9033 1.594447003715306 0.7135191352339192 0
9034 1.468871227144691 0.7671015201297001 0
9035 1.331217442861205 0.8994668499909466 0
9036 1.275542301561627 0.9731725234378682 0
9037 1.348086945566 0.8639247740597233 0
9038 1.332899095866194 0.9748872640912818 0
9039 1.387088425389147 0.9577170349051752 0
9040 1.219429439252336 0.9153733644859806 0
9041 1.296704285714286 0.8824500000000001 0
9042 1.347475 0.830125 0
9043 1.397202234351739 0.8306667410934159 0
9044 1.198622389364908 0.8940239626587266 0
9045 1.300336752800731 0.9321686414590128 0
9046 1.226891042415178 0.8902056308424752 0
9047 1.370679972489242 0.895775028578053 0
9048 1.249957110852803 0.9481013520380426 0
9049 1.253283851388209 1.00214873775922 0
9050 1.28612415905282 1.008092653158804 0
9051 1.420942391670634 0.8150188830493587 0
9052 1.414501101028199 0.986699865357489 0
9053 1.322902168535373 0.8731104060126675 0
9054 1.365801809739414 0.8552380853722101 0
9055 1.347161530886905 0.9363570469827955 0
9056 1.195717051698349 0.8537116929690822 0
9057 1.158101203282257 0.8560674696959848 0
9058 0.9237734286433631 1.560425477702725 0
9059 0.9642998112272669 1.541271423305766 0
9060 0.9965492449090676 1.556285693223064 0
9061 1.004603678472076 1.470452238661106 0
9062 0.8867080630557392 1.499396260307655 0
9063 0.8981937145734523 1.547401910810901 0
9064 1.005838489750566 1.438725650599219 0
9065 0.9414334506676816 1.487244387429243 0
9066 0.9766956825468617 1.47772512285872 0
9067 0.9884491747055182 1.453187254912352 0
9068 1.010678870485316 1.525088708988471 0
9069 0.8505018508328593 1.50754285051702 0
9070 0.8467051979748379 1.573109927082758 0
9071 0.8805830158806041 1.574051610755247 0
9072 0.09805211657957713 1.458410686217613 0
9073 0.126932077511855 1.446847992635363 0
9074 0.07263745860164139 1.371808532163087 0
9075 0.1463165955459484 1.352714547169428 0
9076 0.1554192693610008 1.394244826193655 0
9077 0.1135363711661064 1.403110549169217 0
9078 0.07110054685973743 1.414699446349013 0
9079 0.1096108108295182 1.368764615866503 0
9080 0.04383140059312129 1.374471208192055 0
9081 1.358904962498121 2.122433892796577 0
9082 1.446213423801998 2.147962848521162 0
9083 1.418114820291707 2.117701003958747 0
9084 1.360911536116973 2.173067215274688 0
9085 1.459572237451675 2.114088310711353 0
9086 1.480810256504482 2.162163903639622 0
9087 1.436667384110502 2.175867700513599 0
9088 1.418485552132482 2.152971822944425 0
$EndNodes
$Elements
20703
1 1 2 2 5 1132 1
2 1 2 2 7 2 2078
3 1 2 2 7 2078 3
4 1 2 2 8 3 2079
5 1 2 2 8 2079 1133
6 1 2 2 9 1134 4
7 1 2 2 10 4 5
8 1 2 2 11 5 6
9 1 2 2 12 6 1135
10 1 2 2 14 365 7
11 1 2 2 15 7 8
12 1 2 2 16 8 9
13 1 2 2 17 9 10
14 1 2 2 18 10 1136
15 1 2 2 19 1129 11
16 1 2 2 20 11 12
17 1 2 2 21 12 13
18 1 2 2 23 366 14
19 1 2 2 24 14 1137
20 1 2 2 25 1138 15
21 1 2 2 26 15 16
22 1 2 2 27 16 17
23 1 2 2 28 17 1139
24 1 2 2 29 1140 18
25 1 2 2 30 18 19
26 1 2 2 31 19 1141
27 1 2 2 33 367 20
28 1 2 2 34 20 1142
29 1 2 2 35 1143 21
30 1 2 2 36 21 22
31 1 2 2 37 22 23
32 1 2 2 38 23 1144
33 1 2 2 39 1145 24
34 1 2 2 40 24 1146
35 1 2 2 41 1147 25
36 1 2 2 42 25 1148
37 1 2 2 43 1149 26
38 1 2 2 45 369 27
39 1 2 2 46 27 1150
40 1 2 2 47 1151 28
41 1 2 2 48 28 29
42 1 2 2 49 29 30
43 1 2 2 52 373 1152
44 1 2 2 53 1153 31
45 1 2 2 54 31 32
46 1 2 2 55 32 33
47 1 2 2 57 374 1154
48 1 2 2 58 1155 34
49 1 2 2 60 1114 2080
50 1 2 2 60 2080 35
51 1 2 2 61 35 36
52 1 2 2 64 1156 1106
53 1 2 2 65 1106 37
54 1 2 2 66 37 1157
55 1 2 2 67 1158 38
56 1 2 2 68 38 39
57 1 2 2 70 378 1159
58 1 2 2 71 1126 40
59 1 2 2 72 40 2081
60 1 2 2 72 2081 41
61 1 2 2 73 41 1160
62 1 2 2 76 1162 2082
63 1 2 2 76 2082 42
64 1 2 2 77 42 2083
65 1 2 2 77 2083 43
66 1 2 2 78 43 2084
67 1 2 2 78 2084 1163
68 1 2 2 79 1164 44
69 1 2 2 80 44 2085
70 1 2 2 80 2085 45
71 1 2 2 81 45 2086
72 1 2 2 81 2086 1165
73 1 2 2 82 1166 2087
74 1 2 2 82 2087 1107
75 1 2 2 83 1107 2088
76 1 2 2 83 2088 46
77 1 2 2 85 384 2089
78 1 2 2 85 2089 47
79 1 2 2 86 47 2090
80 1 2 2 86 2090 48
81 1 2 2 87 48 2091
82 1 2 2 87 2091 49
83 1 2 2 88 49 1167
84 1 2 2 93 393 1171
85 1 2 2 94 1172 50
86 1 2 2 95 50 2092
87 1 2 2 95 2092 1173
88 1 2 2 97 395 2093
89 1 2 2 97 2093 1175
90 1 2 2 99 397 2094
91 1 2 2 99 2094 51
92 1 2 2 101 400 2095
93 1 2 2 101 2095 52
94 1 2 2 107 1179 2096
95 1 2 2 107 2096 53
96 1 2 2 112 1182 54
97 1 2 2 113 54 55
98 1 2 2 118 1184 432
99 1 2 2 120 434 2097
100 1 2 2 120 2097 1185
101 1 2 2 122 437 438
102 1 2 2 126 444 2098
103 1 2 2 126 2098 56
104 1 2 2 131 452 57
105 1 2 2 132 57 2099
106 1 2 2 132 2099 58
107 1 2 2 133 58 1188
108 1 2 2 134 1189 59
109 1 2 2 135 59 1190
110 1 2 2 136 1191 60
111 1 2 2 139 455 1194
112 1 2 2 140 1195 2100
113 1 2 2 140 2100 61
114 1 2 2 144 458 1196
115 1 2 2 145 1197 62
116 1 2 2 147 1199 63
117 1 2 2 148 63 2101
118 1 2 2 148 2101 64
119 1 2 2 151 460 2102
120 1 2 2 151 2102 1202
121 1 2 2 152 1203 65
122 1 2 2 154 1204 2103
123 1 2 2 154 2103 66
124 1 2 2 156 465 2104
125 1 2 2 156 2104 67
126 1 2 2 159 470 1205
127 1 2 2 162 1207 68
128 1 2 2 163 68 1208
129 1 2 2 167 1209 2105
130 1 2 2 167 2105 69
131 1 2 2 169 1211 2106
132 1 2 2 169 2106 70
133 1 2 2 170 70 2107
134 1 2 2 170 2107 71
135 1 2 2 172 482 2108
136 1 2 2 172 2108 1212
137 1 2 2 177 487 1216
138 1 2 2 182 494 72
139 1 2 2 183 72 2109
140 1 2 2 183 2109 495
141 1 2 2 185 497 2110
142 1 2 2 185 2110 73
143 1 2 2 186 73 2111
144 1 2 2 186 2111 1218
145 1 2 2 187 1219 74
146 1 2 2 189 499 1220
147 1 2 2 193 505 2112
148 1 2 2 193 2112 75
149 1 2 2 194 75 2113
150 1 2 2 194 2113 76
151 1 2 2 195 76 1222
152 1 2 2 197 510 2114
153 1 2 2 197 2114 77
154 1 2 2 200 513 2115
155 1 2 2 200 2115 1226
156 1 2 2 201 1227 2116
157 1 2 2 201 2116 78
158 1 2 2 202 78 2117
159 1 2 2 202 2117 1228
160 1 2 2 204 495 2118
161 1 2 2 204 2118 1229
162 1 2 2 208 520 1230
163 1 2 2 209 1231 79
164 1 2 2 212 524 2119
165 1 2 2 212 2119 80
166 1 2 2 214 526 2120
167 1 2 2 214 2120 2121
168 1 2 2 214 2121 81
169 1 2 2 217 530 2122
170 1 2 2 217 2122 82
171 1 2 2 219 531 2123
172 1 2 2 219 2123 83
173 1 2 2 222 534 2124
174 1 2 2 222 2124 510
175 1 2 2 223 510 84
176 1 2 2 228 1235 2125
177 1 2 2 228 2125 85
178 1 2 2 229 85 792
179 1 2 2 230 792 2126
180 1 2 2 230 2126 86
181 1 2 2 234 543 2127
182 1 2 2 234 2127 87
183 1 2 2 236 545 1238
184 1 2 2 237 1239 2128
185 1 2 2 237 2128 88
186 1 2 2 238 88 2129
187 1 2 2 238 2129 2130
188 1 2 2 238 2130 89
189 1 2 2 243 548 547
190 1 2 2 246 1244 2131
191 1 2 2 246 2131 90
192 1 2 2 247 90 2132
193 1 2 2 247 2132 2133
194 1 2 2 247 2133 91
195 1 2 2 250 1245 557
196 1 2 2 252 1247 2134
197 1 2 2 252 2134 92
198 1 2 2 254 1249 2135
199 1 2 2 254 2135 93
200 1 2 2 257 562 1250
201 1 2 2 258 1251 2136
202 1 2 2 258 2136 2137
203 1 2 2 258 2137 94
204 1 2 2 261 567 2138
205 1 2 2 261 2138 1252
206 1 2 2 262 556 2139
207 1 2 2 262 2139 95
208 1 2 2 264 569 2140
209 1 2 2 264 2140 1253
210 1 2 2 265 1254 2141
211 1 2 2 265 2141 96
212 1 2 2 266 96 2142
213 1 2 2 266 2142 97
214 1 2 2 271 1258 2143
215 1 2 2 271 2143 98
216 1 2 2 272 98 99
217 1 2 2 273 99 2144
218 1 2 2 273 2144 100
219 1 2 2 276 579 101
220 1 2 2 277 101 102
221 1 2 2 278 102 2145
222 1 2 2 278 2145 103
223 1 2 2 280 580 2146
224 1 2 2 280 2146 104
225 1 2 2 281 104 1260
226 1 2 2 283 581 2147
227 1 2 2 283 2147 105
228 1 2 2 284 105 2148
229 1 2 2 284 2148 106
230 1 2 2 285 106 1262
231 1 2 2 286 1263 2149
232 1 2 2 286 2149 107
233 1 2 2 287 107 2150
234 1 2 2 287 2150 1264
235 1 2 2 288 1265 2151
236 1 2 2 288 2151 108
237 1 2 2 291 109 2152
238 1 2 2 291 2152 2153
239 1 2 2 291 2153 1266
240 1 2 2 292 583 2154
241 1 2 2 292 2154 110
242 1 2 2 293 110 2155
243 1 2 2 293 2155 111
244 1 2 2 294 111 2156
245 1 2 2 294 2156 1267
246 1 2 2 295 1268 2157
247 1 2 2 295 2157 112
248 1 2 2 297 584 1269
249 1 2 2 298 1270 2158
250 1 2 2 298 2158 113
251 1 2 2 299 113 2159
252 1 2 2 299 2159 1271
253 1 2 2 301 586 2160
254 1 2 2 301 2160 1273
255 1 2 2 302 1274 2161
256 1 2 2 302 2161 114
257 1 2 2 305 590 2162
258 1 2 2 305 2162 2163
259 1 2 2 305 2163 115
260 1 2 2 307 1275 116
261 1 2 2 308 116 2164
262 1 2 2 308 2164 117
263 1 2 2 312 596 2165
264 1 2 2 312 2165 118
265 1 2 2 313 118 2166
266 1 2 2 313 2166 119
267 1 2 2 314 119 2167
268 1 2 2 314 2167 1276
269 1 2 2 315 569 120
270 1 2 2 318 598 2168
271 1 2 2 318 2168 2169
272 1 2 2 318 2169 1279
273 1 2 2 320 600 2170
274 1 2 2 320 2170 1281
275 1 2 2 324 605 2171
276 1 2 2 324 2171 2172
277 1 2 2 324 2172 121
278 1 2 2 325 121 2173
279 1 2 2 325 2173 122
280 1 2 2 326 122 2174
281 1 2 2 326 2174 123
282 1 2 2 327 123 2175
283 1 2 2 327 2175 1285
284 1 2 2 328 1286 2176
285 1 2 2 328 2176 124
286 1 2 2 329 124 1287
287 1 2 2 332 608 125
288 1 2 2 333 125 2177
289 1 2 2 333 2177 126
290 1 2 2 334 126 2178
291 1 2 2 334 2178 127
292 1 2 2 335 127 128
293 1 2 2 336 128 2179
294 1 2 2 336 2179 1289
295 1 2 2 337 1290 2180
296 1 2 2 337 2180 129
297 1 2 2 338 129 2181
298 1 2 2 338 2181 130
299 1 2 2 339 130 131
300 1 2 2 340 131 2182
301 1 2 2 340 2182 1291
302 1 2 2 341 1292 2183
303 1 2 2 341 2183 2184
304 1 2 2 341 2184 132
305 1 2 2 342 132 2185
306 1 2 2 342 2185 2186
307 1 2 2 342 2186 133
308 1 2 2 343 133 2187
309 1 2 2 343 2187 2188
310 1 2 2 343 2188 1293
311 1 2 2 345 610 2189
312 1 2 2 345 2189 1295
313 1 2 2 347 612 1297
314 1 2 2 351 1300 2190
315 1 2 2 351 2190 134
316 1 2 2 353 619 2191
317 1 2 2 353 2191 135
318 1 2 2 355 621 2192
319 1 2 2 355 2192 1301
320 1 2 2 356 1302 2193
321 1 2 2 356 2193 2194
322 1 2 2 356 2194 136
323 1 2 2 358 623 2195
324 1 2 2 358 2195 137
325 1 2 2 359 137 2196
326 1 2 2 359 2196 1303
327 1 2 2 362 626 2197
328 1 2 2 362 2197 138
329 1 2 2 365 628 2198
330 1 2 2 365 2198 2199
331 1 2 2 365 2199 139
332 1 2 2 366 139 2200
333 1 2 2 366 2200 2201
334 1 2 2 366 2201 140
335 1 2 2 367 140 2202
336 1 2 2 367 2202 2203
337 1 2 2 367 2203 1306
338 1 2 2 373 634 141
339 1 2 2 374 141 2204
340 1 2 2 374 2204 2205
341 1 2 2 374 2205 142
342 1 2 2 375 142 143
343 1 2 2 376 143 2206
344 1 2 2 376 2206 144
345 1 2 2 380 639 2207
346 1 2 2 380 2207 2208
347 1 2 2 380 2208 145
348 1 2 2 383 643 2209
349 1 2 2 383 2209 1308
350 1 2 2 384 1309 2210
351 1 2 2 384 2210 2211
352 1 2 2 384 2211 146
353 1 2 2 385 146 2212
354 1 2 2 385 2212 147
355 1 2 2 386 147 2213
356 1 2 2 386 2213 148
357 1 2 2 387 148 2214
358 1 2 2 387 2214 2215
359 1 2 2 387 2215 1310
360 1 2 2 389 645 2216
361 1 2 2 389 2216 149
362 1 2 2 390 149 2217
363 1 2 2 390 2217 1312
364 1 2 2 391 1116 2218
365 1 2 2 391 2218 2219
366 1 2 2 391 2219 150
367 1 2 2 392 150 2220
368 1 2 2 392 2220 151
369 1 2 2 394 647 2221
370 1 2 2 394 2221 1313
371 1 2 2 395 1314 2222
372 1 2 2 395 2222 2223
373 1 2 2 395 2223 152
374 1 2 2 396 152 2224
375 1 2 2 396 2224 153
376 1 2 2 397 153 2225
377 1 2 2 397 2225 154
378 1 2 2 398 154 2226
379 1 2 2 398 2226 155
380 1 2 2 399 155 2227
381 1 2 2 399 2227 2228
382 1 2 2 399 2228 156
383 1 2 2 400 156 2229
384 1 2 2 400 2229 1108
385 1 2 2 401 1108 157
386 1 2 2 402 157 1315
387 1 2 2 403 1316 2230
388 1 2 2 403 2230 158
389 1 2 2 404 158 2231
390 1 2 2 404 2231 159
391 1 2 2 405 159 2232
392 1 2 2 405 2232 2233
393 1 2 2 405 2233 160
394 1 2 2 406 160 2234
395 1 2 2 406 2234 2235
396 1 2 2 406 2235 161
397 1 2 2 407 161 2236
398 1 2 2 407 2236 162
399 1 2 2 408 162 2237
400 1 2 2 408 2237 2238
401 1 2 2 408 2238 163
402 1 2 2 409 163 2239
403 1 2 2 409 2239 2240
404 1 2 2 409 2240 164
405 1 2 2 411 1317 2241
406 1 2 2 411 2241 2242
407 1 2 2 411 2242 2243
408 1 2 2 411 2243 2244
409 1 2 2 411 2244 165
410 1 2 2 412 165 2245
411 1 2 2 412 2245 2246
412 1 2 2 412 2246 2247
413 1 2 2 412 2247 2248
414 1 2 2 412 2248 166
415 1 2 2 413 166 167
416 1 2 2 414 167 1318
417 1 2 2 415 1319 2249
418 1 2 2 415 2249 2250
419 1 2 2 415 2250 2251
420 1 2 2 415 2251 168
421 1 2 2 416 168 2252
422 1 2 2 416 2252 1320
423 1 2 2 417 1321 2253
424 1 2 2 417 2253 169
425 1 2 2 421 654 2254
426 1 2 2 421 2254 1322
427 1 2 2 423 656 2255
428 1 2 2 423 2255 2256
429 1 2 2 423 2256 2257
430 1 2 2 423 2257 1324
431 1 2 2 425 659 1326
432 1 2 2 426 1117 2258
433 1 2 2 426 2258 170
434 1 2 2 428 661 1327
435 1 2 2 429 1328 2259
436 1 2 2 429 2259 2260
437 1 2 2 429 2260 2261
438 1 2 2 429 2261 171
439 1 2 2 430 171 2262
440 1 2 2 430 2262 172
441 1 2 2 431 172 2263
442 1 2 2 431 2263 1329
443 1 2 2 432 1330 2264
444 1 2 2 432 2264 173
445 1 2 2 434 1331 2265
446 1 2 2 434 2265 174
447 1 2 2 435 174 2266
448 1 2 2 435 2266 1332
449 1 2 2 437 663 2267
450 1 2 2 437 2267 1334
451 1 2 2 439 664 2268
452 1 2 2 439 2268 175
453 1 2 2 442 1337 2269
454 1 2 2 442 2269 176
455 1 2 2 443 176 2270
456 1 2 2 443 2270 1338
457 1 2 2 444 1339 2271
458 1 2 2 444 2271 2272
459 1 2 2 444 2272 2273
460 1 2 2 444 2273 177
461 1 2 2 445 177 2274
462 1 2 2 445 2274 2275
463 1 2 2 445 2275 2276
464 1 2 2 445 2276 178
465 1 2 2 448 669 2277
466 1 2 2 448 2277 1342
467 1 2 2 449 1343 2278
468 1 2 2 449 2278 2279
469 1 2 2 449 2279 179
470 1 2 2 450 179 2280
471 1 2 2 450 2280 180
472 1 2 2 453 670 2281
473 1 2 2 453 2281 181
474 1 2 2 455 673 1346
475 1 2 2 456 1347 2282
476 1 2 2 456 2282 2283
477 1 2 2 456 2283 2284
478 1 2 2 456 2284 182
479 1 2 2 457 182 2285
480 1 2 2 457 2285 2286
481 1 2 2 457 2286 183
482 1 2 2 459 1349 2287
483 1 2 2 459 2287 2288
484 1 2 2 459 2288 2289
485 1 2 2 459 2289 2290
486 1 2 2 459 2290 184
487 1 2 2 460 184 2291
488 1 2 2 460 2291 2292
489 1 2 2 460 2292 2293
490 1 2 2 460 2293 185
491 1 2 2 461 185 2294
492 1 2 2 461 2294 1350
493 1 2 2 462 1351 2295
494 1 2 2 462 2295 186
495 1 2 2 463 186 2296
496 1 2 2 463 2296 187
497 1 2 2 464 187 2297
498 1 2 2 464 2297 1108
499 1 2 2 465 1352 2298
500 1 2 2 465 2298 188
501 1 2 2 466 188 2299
502 1 2 2 466 2299 1353
503 1 2 2 467 1354 2300
504 1 2 2 467 2300 189
505 1 2 2 468 189 2301
506 1 2 2 468 2301 2302
507 1 2 2 468 2302 190
508 1 2 2 469 190 2303
509 1 2 2 469 2303 191
510 1 2 2 470 191 192
511 1 2 2 471 192 2304
512 1 2 2 471 2304 1355
513 1 2 2 475 679 193
514 1 2 2 476 193 696
515 1 2 2 481 687 2305
516 1 2 2 481 2305 1361
517 1 2 2 482 1362 2306
518 1 2 2 482 2306 2307
519 1 2 2 482 2307 194
520 1 2 2 483 194 2308
521 1 2 2 483 2308 2309
522 1 2 2 483 2309 195
523 1 2 2 492 1368 2310
524 1 2 2 492 2310 196
525 1 2 2 495 697 197
526 1 2 2 496 197 2311
527 1 2 2 496 2311 198
528 1 2 2 497 198 2312
529 1 2 2 497 2312 199
530 1 2 2 498 199 2313
531 1 2 2 498 2313 200
532 1 2 2 499 200 2314
533 1 2 2 499 2314 201
534 1 2 2 500 201 1371
535 1 2 2 501 1372 2315
536 1 2 2 501 2315 202
537 1 2 2 502 202 2316
538 1 2 2 502 2316 2317
539 1 2 2 502 2317 203
540 1 2 2 503 203 2318
541 1 2 2 503 2318 1109
542 1 2 2 504 1109 2319
543 1 2 2 504 2319 204
544 1 2 2 505 204 2320
545 1 2 2 505 2320 205
546 1 2 2 506 205 1373
547 1 2 2 507 1374 2321
548 1 2 2 507 2321 2322
549 1 2 2 507 2322 206
550 1 2 2 508 206 207
551 1 2 2 509 207 208
552 1 2 2 510 208 209
553 1 2 2 511 209 1375
554 1 2 2 512 1376 2323
555 1 2 2 512 2323 210
556 1 2 2 513 210 2324
557 1 2 2 513 2324 2325
558 1 2 2 513 2325 211
559 1 2 2 514 211 2326
560 1 2 2 514 2326 1377
561 1 2 2 515 1378 212
562 1 2 2 516 212 2327
563 1 2 2 516 2327 213
564 1 2 2 517 213 2328
565 1 2 2 517 2328 214
566 1 2 2 518 214 2329
567 1 2 2 518 2329 215
568 1 2 2 519 215 1110
569 1 2 2 521 216 217
570 1 2 2 522 217 1379
571 1 2 2 523 1380 2330
572 1 2 2 523 2330 218
573 1 2 2 524 218 2331
574 1 2 2 524 2331 2332
575 1 2 2 524 2332 219
576 1 2 2 525 219 2333
577 1 2 2 525 2333 220
578 1 2 2 526 220 1110
579 1 2 2 527 1381 2334
580 1 2 2 527 2334 221
581 1 2 2 528 221 2335
582 1 2 2 528 2335 222
583 1 2 2 529 222 1382
584 1 2 2 530 1383 223
585 1 2 2 531 223 2336
586 1 2 2 531 2336 224
587 1 2 2 533 699 2337
588 1 2 2 533 2337 1109
589 1 2 2 534 1384 225
590 1 2 2 536 1385 226
591 1 2 2 537 226 227
592 1 2 2 538 227 1111
593 1 2 2 539 1111 228
594 1 2 2 541 701 1386
595 1 2 2 542 1387 2338
596 1 2 2 542 2338 229
597 1 2 2 543 229 2339
598 1 2 2 543 2339 1388
599 1 2 2 544 1389 2340
600 1 2 2 544 2340 230
601 1 2 2 545 230 231
602 1 2 2 546 231 2341
603 1 2 2 546 2341 232
604 1 2 2 547 232 2342
605 1 2 2 547 2342 1390
606 1 2 2 548 1391 2343
607 1 2 2 548 2343 233
608 1 2 2 549 233 2344
609 1 2 2 549 2344 2345
610 1 2 2 549 2345 2346
611 1 2 2 549 2346 234
612 1 2 2 550 234 2347
613 1 2 2 550 2347 1392
614 1 2 2 552 703 2348
615 1 2 2 552 2348 2349
616 1 2 2 552 2349 2350
617 1 2 2 552 2350 235
618 1 2 2 553 235 2351
619 1 2 2 553 2351 2352
620 1 2 2 553 2352 236
621 1 2 2 554 236 2353
622 1 2 2 554 2353 2354
623 1 2 2 554 2354 1394
624 1 2 2 555 1395 2355
625 1 2 2 555 2355 237
626 1 2 2 559 708 2356
627 1 2 2 559 2356 2357
628 1 2 2 559 2357 238
629 1 2 2 560 238 2358
630 1 2 2 560 2358 1398
631 1 2 2 561 1399 2359
632 1 2 2 561 2359 2360
633 1 2 2 561 2360 1112
634 1 2 2 562 1112 2361
635 1 2 2 562 2361 2362
636 1 2 2 562 2362 1400
637 1 2 2 563 1401 2363
638 1 2 2 563 2363 2364
639 1 2 2 563 2364 239
640 1 2 2 564 239 240
641 1 2 2 565 240 2365
642 1 2 2 565 2365 241
643 1 2 2 566 241 2366
644 1 2 2 566 2366 1402
645 1 2 2 567 1403 2367
646 1 2 2 567 2367 2368
647 1 2 2 567 2368 242
648 1 2 2 568 242 2369
649 1 2 2 568 2369 243
650 1 2 2 569 243 2370
651 1 2 2 569 2370 1404
652 1 2 2 570 1405 2371
653 1 2 2 570 2371 2372
654 1 2 2 570 2372 244
655 1 2 2 571 244 2373
656 1 2 2 571 2373 1406
657 1 2 2 572 1407 2374
658 1 2 2 572 2374 245
659 1 2 2 573 245 2375
660 1 2 2 573 2375 2376
661 1 2 2 573 2376 246
662 1 2 2 574 246 1112
663 1 2 2 576 710 2377
664 1 2 2 576 2377 1409
665 1 2 2 577 1410 2378
666 1 2 2 577 2378 247
667 1 2 2 578 247 248
668 1 2 2 579 248 2379
669 1 2 2 579 2379 249
670 1 2 2 580 249 2380
671 1 2 2 580 2380 1411
672 1 2 2 581 1412 250
673 1 2 2 582 250 251
674 1 2 2 583 251 1413
675 1 2 2 585 712 2381
676 1 2 2 585 2381 2382
677 1 2 2 585 2382 1415
678 1 2 2 586 1416 252
679 1 2 2 587 252 253
680 1 2 2 588 253 1417
681 1 2 2 589 1418 254
682 1 2 2 590 254 255
683 1 2 2 591 255 256
684 1 2 2 593 1420 2383
685 1 2 2 593 2383 257
686 1 2 2 594 257 2384
687 1 2 2 594 2384 258
688 1 2 2 595 258 2385
689 1 2 2 595 2385 1421
690 1 2 2 596 1422 2386
691 1 2 2 596 2386 259
692 1 2 2 598 713 717
693 1 2 2 599 717 2387
694 1 2 2 599 2387 260
695 1 2 2 601 715 2388
696 1 2 2 601 2388 1423
697 1 2 2 603 717 2389
698 1 2 2 603 2389 261
699 1 2 2 604 261 1425
700 1 2 2 607 720 2390
701 1 2 2 607 2390 262
702 1 2 2 609 1427 263
703 1 2 2 610 263 264
704 1 2 2 611 264 265
705 1 2 2 613 1429 2391
706 1 2 2 613 2391 266
707 1 2 2 614 266 2392
708 1 2 2 614 2392 267
709 1 2 2 615 267 268
710 1 2 2 616 268 1430
711 1 2 2 617 1431 2393
712 1 2 2 617 2393 269
713 1 2 2 618 269 2394
714 1 2 2 618 2394 270
715 1 2 2 619 270 1432
716 1 2 2 620 1433 2395
717 1 2 2 620 2395 271
718 1 2 2 621 271 1434
719 1 2 2 623 723 1436
720 1 2 2 625 726 1437
721 1 2 2 626 1438 2396
722 1 2 2 626 2396 272
723 1 2 2 628 1440 273
724 1 2 2 629 273 2397
725 1 2 2 629 2397 1441
726 1 2 2 630 1442 274
727 1 2 2 631 274 275
728 1 2 2 632 275 276
729 1 2 2 633 276 277
730 1 2 2 634 277 2398
731 1 2 2 634 2398 278
732 1 2 2 640 1444 279
733 1 2 2 644 1446 2399
734 1 2 2 644 2399 280
735 1 2 2 646 1448 281
736 1 2 2 650 748 282
737 1 2 2 653 752 283
738 1 2 2 654 283 284
739 1 2 2 655 284 1449
740 1 2 2 656 1450 2400
741 1 2 2 656 2400 285
742 1 2 2 657 285 1451
743 1 2 2 659 753 286
744 1 2 2 662 755 2401
745 1 2 2 662 2401 287
746 1 2 2 667 764 288
747 1 2 2 669 767 1453
748 1 2 2 670 1454 2402
749 1 2 2 670 2402 289
750 1 2 2 673 770 2403
751 1 2 2 673 2403 290
752 1 2 2 675 772 291
753 1 2 2 676 291 292
754 1 2 2 679 776 1455
755 1 2 2 683 781 293
756 1 2 2 685 782 294
757 1 2 2 688 785 2404
758 1 2 2 688 2404 295
759 1 2 2 690 787 2405
760 1 2 2 690 2405 1459
761 1 2 2 692 788 296
762 1 2 2 693 296 2406
763 1 2 2 693 2406 297
764 1 2 2 694 297 2407
765 1 2 2 694 2407 1461
766 1 2 2 695 1462 2408
767 1 2 2 695 2408 2409
768 1 2 2 695 2409 298
769 1 2 2 696 298 2410
770 1 2 2 696 2410 2411
771 1 2 2 696 2411 299
772 1 2 2 697 299 2412
773 1 2 2 697 2412 300
774 1 2 2 698 300 2413
775 1 2 2 698 2413 301
776 1 2 2 699 301 2414
777 1 2 2 699 2414 302
778 1 2 2 700 302 2415
779 1 2 2 700 2415 303
780 1 2 2 701 303 2416
781 1 2 2 701 2416 2417
782 1 2 2 701 2417 304
783 1 2 2 702 304 2418
784 1 2 2 702 2418 1463
785 1 2 2 706 793 305
786 1 2 2 709 795 306
787 1 2 2 715 803 2419
788 1 2 2 715 2419 1470
789 1 2 2 723 820 2420
790 1 2 2 723 2420 307
791 1 2 2 730 1478 2421
792 1 2 2 730 2421 2422
793 1 2 2 730 2422 308
794 1 2 2 731 308 309
795 1 2 2 735 843 1479
796 1 2 2 737 845 2423
797 1 2 2 737 2423 310
798 1 2 2 738 310 2424
799 1 2 2 738 2424 1481
800 1 2 2 739 1482 311
801 1 2 2 740 311 1483
802 1 2 2 744 850 1485
803 1 2 2 750 855 2425
804 1 2 2 750 2425 1491
805 1 2 2 757 863 312
806 1 2 2 758 312 864
807 1 2 2 761 1498 313
808 1 2 2 763 869 2426
809 1 2 2 763 2426 314
810 1 2 2 766 873 1499
811 1 2 2 773 884 315
812 1 2 2 776 886 2427
813 1 2 2 776 2427 1504
814 1 2 2 778 887 2428
815 1 2 2 778 2428 316
816 1 2 2 782 1509 317
817 1 2 2 784 891 1510
818 1 2 2 790 898 2429
819 1 2 2 790 2429 318
820 1 2 2 793 900 1516
821 1 2 2 794 785 1113
822 1 2 2 795 1113 1517
823 1 2 2 801 904 319
824 1 2 2 803 906 320
825 1 2 2 804 320 1521
826 1 2 2 806 907 438
827 1 2 2 807 1523 2430
828 1 2 2 807 2430 321
829 1 2 2 808 321 2431
830 1 2 2 808 2431 1524
831 1 2 2 809 1525 322
832 1 2 2 810 322 1526
833 1 2 2 812 908 323
834 1 2 2 813 323 324
835 1 2 2 829 938 325
836 1 2 2 832 941 2432
837 1 2 2 832 2432 326
838 1 2 2 839 951 2433
839 1 2 2 839 2433 1532
840 1 2 2 840 1533 2434
841 1 2 2 840 2434 327
842 1 2 2 845 820 2435
843 1 2 2 845 2435 328
844 1 2 2 864 1543 329
845 1 2 2 867 981 1544
846 1 2 2 873 1547 330
847 1 2 2 875 987 331
848 1 2 2 876 331 332
849 1 2 2 877 332 2436
850 1 2 2 877 2436 333
851 1 2 2 884 1549 334
852 1 2 2 885 334 335
853 1 2 2 887 1000 1550
854 1 2 2 888 1551 2437
855 1 2 2 888 2437 2438
856 1 2 2 888 2438 2439
857 1 2 2 888 2439 336
858 1 2 2 889 336 2440
859 1 2 2 889 2440 2441
860 1 2 2 889 2441 1552
861 1 2 2 890 1123 337
862 1 2 2 893 1004 338
863 1 2 2 894 338 1553
864 1 2 2 895 1554 339
865 1 2 2 896 339 2442
866 1 2 2 896 2442 1555
867 1 2 2 897 1556 2443
868 1 2 2 897 2443 340
869 1 2 2 899 1005 341
870 1 2 2 906 1015 2444
871 1 2 2 906 2444 342
872 1 2 2 909 1019 1023
873 1 2 2 910 1023 343
874 1 2 2 911 343 1560
875 1 2 2 915 1024 2445
876 1 2 2 915 2445 344
877 1 2 2 916 344 2446
878 1 2 2 916 2446 345
879 1 2 2 921 1032 1563
880 1 2 2 925 1038 1564
881 1 2 2 930 1043 346
882 1 2 2 933 1045 1566
883 1 2 2 934 1567 347
884 1 2 2 935 347 348
885 1 2 2 939 1569 2447
886 1 2 2 939 2447 349
887 1 2 2 940 349 350
888 1 2 2 942 1052 1570
889 1 2 2 944 1053 428
890 1 2 2 945 1572 351
891 1 2 2 950 1059 1573
892 1 2 2 955 1062 352
893 1 2 2 960 1579 2448
894 1 2 2 960 2448 353
895 1 2 2 962 1066 2449
896 1 2 2 962 2449 1580
897 1 2 2 964 1067 354
898 1 2 2 967 1583 2450
899 1 2 2 967 2450 355
900 1 2 2 968 355 2451
901 1 2 2 968 2451 2452
902 1 2 2 968 2452 356
903 1 2 2 977 1074 2453
904 1 2 2 977 2453 357
905 1 2 2 978 357 2454
906 1 2 2 978 2454 1592
907 1 2 2 979 1593 2455
908 1 2 2 979 2455 2456
909 1 2 2 979 2456 358
910 1 2 2 980 358 2457
911 1 2 2 980 2457 2458
912 1 2 2 980 2458 2459
913 1 2 2 980 2459 359
914 1 2 2 981 359 2460
915 1 2 2 981 2460 2461
916 1 2 2 981 2461 1594
917 1 2 2 987 1078 2462
918 1 2 2 987 2462 1598
919 1 2 2 988 1599 2463
920 1 2 2 988 2463 360
921 1 2 2 990 1127 2464
922 1 2 2 990 2464 2465
923 1 2 2 990 2465 361
924 1 2 2 992 1079 2466
925 1 2 2 992 2466 1601
926 1 2 2 993 1602 362
927 1 2 2 995 1080 1603
928 1 2 2 1002 1605 2467
929 1 2 2 1002 2467 1606
930 1 2 2 1003 1607 1608
931 1 2 2 1004 1128 1609
932 1 2 2 1005 370 1610
933 1 2 2 1007 1613 1106
934 1 2 2 1009 1615 1616
935 1 2 2 1010 1617 2468
936 1 2 2 1010 2468 1618
937 1 2 2 1011 1619 1620
938 1 2 2 1012 1621 2469
939 1 2 2 1012 2469 1622
940 1 2 2 1015 1626 2470
941 1 2 2 1015 2470 1627
942 1 2 2 1016 1628 2471
943 1 2 2 1016 2471 1629
944 1 2 2 1017 1630 2472
945 1 2 2 1017 2472 1631
946 1 2 2 1018 1632 2473
947 1 2 2 1018 2473 2474
948 1 2 2 1018 2474 2475
949 1 2 2 1018 2475 1633
950 1 2 2 1021 1637 2476
951 1 2 2 1021 2476 1638
952 1 2 2 1022 1639 1107
953 1 2 2 1023 1640 2477
954 1 2 2 1023 2477 1641
955 1 2 2 1024 1642 2478
956 1 2 2 1024 2478 1643
957 1 2 2 1025 1644 1645
958 1 2 2 1026 1646 1647
959 1 2 2 1027 1648 1649
960 1 2 2 1028 1650 1651
961 1 2 2 1029 1652 2479
962 1 2 2 1029 2479 1653
963 1 2 2 1034 1659 1660
964 1 2 2 1037 1664 1665
965 1 2 2 1038 1666 1667
966 1 2 2 1040 1670 2480
967 1 2 2 1040 2480 1671
968 1 2 2 1041 1672 2481
969 1 2 2 1041 2481 2482
970 1 2 2 1041 2482 1673
971 1 2 2 1042 1674 2483
972 1 2 2 1042 2483 2484
973 1 2 2 1042 2484 1675
974 1 2 2 1043 1676 2485
975 1 2 2 1043 2485 1677
976 1 2 2 1044 1678 1679
977 1 2 2 1048 1685 2486
978 1 2 2 1048 2486 1686
979 1 2 2 1049 1687 1688
980 1 2 2 1051 1690 1691
981 1 2 2 1054 1695 1696
982 1 2 2 1055 1697 1698
983 1 2 2 1060 1705 1706
984 1 2 2 1063 1709 1710
985 1 2 2 1070 1717 2487
986 1 2 2 1070 2487 2488
987 1 2 2 1070 2488 1718
988 1 2 2 1072 1720 2489
989 1 2 2 1072 2489 557
990 1 2 2 1075 1723 1724
991 1 2 2 1076 1725 1726
992 1 2 2 1077 1727 1728
993 1 2 2 1078 1729 2490
994 1 2 2 1078 2490 2491
995 1 2 2 1078 2491 1730
996 1 2 2 1080 1733 1734
997 1 2 2 1083 1738 1739
998 1 2 2 1086 1744 2492
999 1 2 2 1086 2492 1745
1000 1 2 2 1087 1746 2493
1001 1 2 2 1087 2493 2494
1002 1 2 2 1087 2494 1747
1003 1 2 2 1094 1760 2495
1004 1 2 2 1094 2495 1761
1005 1 2 2 1095 1762 2496
1006 1 2 2 1095 2496 1763
1007 1 2 2 1097 1766 2497
1008 1 2 2 1097 2497 1767
1009 1 2 2 1099 1769 2498
1010 1 2 2 1099 2498 1770
1011 1 2 2 1101 1772 2499
1012 1 2 2 1101 2499 1773
1013 1 2 2 1102 1774 2500
1014 1 2 2 1102 2500 1775
1015 1 2 2 1104 1778 2501
1016 1 2 2 1104 2501 1779
1017 1 2 2 1105 1780 2502
1018 1 2 2 1105 2502 2503
1019 1 2 2 1105 2503 555
1020 1 2 2 1106 1781 2504
1021 1 2 2 1106 2504 1782
1022 1 2 2 1107 1783 2505
1023 1 2 2 1107 2505 2506
1024 1 2 2 1107 2506 1784
1025 1 2 2 1109 1787 2507
1026 1 2 2 1109 2507 1788
1027 1 2 2 1115 1798 1799
1028 1 2 2 1116 1800 2508
1029 1 2 2 1116 2508 1801
1030 1 2 2 1117 1802 2509
1031 1 2 2 1117 2509 2510
1032 1 2 2 1117 2510 1803
1033 1 2 2 1119 1806 2511
1034 1 2 2 1119 2511 1807
1035 1 2 2 1120 1808 2512
1036 1 2 2 1120 2512 1809
1037 1 2 2 1121 1810 2513
1038 1 2 2 1121 2513 1811
1039 1 2 2 1122 1812 1813
1040 1 2 2 1123 1814 2514
1041 1 2 2 1123 2514 1815
1042 1 2 2 1124 1816 2515
1043 1 2 2 1124 2515 1817
1044 1 2 2 1125 1818 2516
1045 1 2 2 1125 2516 1819
1046 1 2 2 1126 1820 2517
1047 1 2 2 1126 2517 2518
1048 1 2 2 1126 2518 1821
1049 1 2 2 1127 1822 1823
1050 1 2 2 1128 1824 2519
1051 1 2 2 1128 2519 2520
1052 1 2 2 1128 2520 1825
1053 1 2 2 1130 1828 1829
1054 1 2 2 1131 1830 2521
1055 1 2 2 1131 2521 2522
1056 1 2 2 1131 2522 2523
1057 1 2 2 1131 2523 1831
1058 1 2 2 1132 1832 2524
1059 1 2 2 1132 2524 2525
1060 1 2 2 1132 2525 1833
1061 1 2 2 1135 1837 2526
1062 1 2 2 1135 2526 2527
1063 1 2 2 1135 2527 1838
1064 1 2 2 1136 1839 2528
1065 1 2 2 1136 2528 1840
1066 1 2 2 1137 1841 2529
1067 1 2 2 1137 2529 2530
1068 1 2 2 1137 2530 1842
1069 1 2 2 1138 1843 2531
1070 1 2 2 1138 2531 1844
1071 1 2 2 1142 1850 2532
1072 1 2 2 1142 2532 2533
1073 1 2 2 1142 2533 2534
1074 1 2 2 1142 2534 2535
1075 1 2 2 1142 2535 1851
1076 1 2 2 1146 1858 2536
1077 1 2 2 1146 2536 1859
1078 1 2 2 1147 1860 2537
1079 1 2 2 1147 2537 1861
1080 1 2 2 1148 1862 1863
1081 1 2 2 1150 1866 2538
1082 1 2 2 1150 2538 1867
1083 1 2 2 1151 1868 2539
1084 1 2 2 1151 2539 1869
1085 1 2 2 1152 1870 2540
1086 1 2 2 1152 2540 1871
1087 1 2 2 1153 1872 2541
1088 1 2 2 1153 2541 1873
1089 1 2 2 1154 1874 2542
1090 1 2 2 1154 2542 1875
1091 1 2 2 1155 1876 2543
1092 1 2 2 1155 2543 2544
1093 1 2 2 1155 2544 1877
1094 1 2 2 1156 1878 2545
1095 1 2 2 1156 2545 1879
1096 1 2 2 1157 1880 2546
1097 1 2 2 1157 2546 1881
1098 1 2 2 1158 1882 2547
1099 1 2 2 1158 2547 1883
1100 1 2 2 1159 1884 2548
1101 1 2 2 1159 2548 2549
1102 1 2 2 1159 2549 1885
1103 1 2 2 1160 642 2550
1104 1 2 2 1160 2550 1886
1105 1 2 2 1161 1887 2551
1106 1 2 2 1161 2551 1888
1107 1 2 2 1162 1889 2552
1108 1 2 2 1162 2552 2553
1109 1 2 2 1162 2553 1890
1110 1 2 2 1163 1891 2554
1111 1 2 2 1163 2554 2555
1112 1 2 2 1163 2555 2556
1113 1 2 2 1163 2556 2557
1114 1 2 2 1163 2557 1892
1115 1 2 2 1164 1893 2558
1116 1 2 2 1164 2558 1894
1117 1 2 2 1165 1895 2559
1118 1 2 2 1165 2559 2560
1119 1 2 2 1165 2560 1896
1120 1 2 2 1167 1899 2561
1121 1 2 2 1167 2561 1900
1122 1 2 2 1168 1901 2562
1123 1 2 2 1168 2562 2563
1124 1 2 2 1168 2563 1902
1125 1 2 2 1169 1903 2564
1126 1 2 2 1169 2564 2565
1127 1 2 2 1169 2565 1904
1128 1 2 2 1172 1909 2566
1129 1 2 2 1172 2566 2567
1130 1 2 2 1172 2567 1910
1131 1 2 2 1173 1911 1912
1132 1 2 2 1174 1913 2568
1133 1 2 2 1174 2568 1914
1134 1 2 2 1176 1916 2569
1135 1 2 2 1176 2569 1917
1136 1 2 2 1177 1918 2570
1137 1 2 2 1177 2570 1919
1138 1 2 2 1179 1922 2571
1139 1 2 2 1179 2571 1923
1140 1 2 2 1180 1924 1925
1141 1 2 2 1181 1926 1927
1142 1 2 2 1182 1928 2572
1143 1 2 2 1182 2572 2573
1144 1 2 2 1182 2573 2574
1145 1 2 2 1182 2574 1929
1146 1 2 2 1183 1930 2575
1147 1 2 2 1183 2575 1111
1148 1 2 2 1187 683 2576
1149 1 2 2 1187 2576 1936
1150 1 2 2 1188 1937 2577
1151 1 2 2 1188 2577 1938
1152 1 2 2 1189 1939 2578
1153 1 2 2 1189 2578 2579
1154 1 2 2 1189 2579 1940
1155 1 2 2 1191 1943 1944
1156 1 2 2 1192 1945 2580
1157 1 2 2 1192 2580 2581
1158 1 2 2 1192 2581 1946
1159 1 2 2 1193 1947 2582
1160 1 2 2 1193 2582 1948
1161 1 2 2 1194 1949 2583
1162 1 2 2 1194 2583 1950
1163 1 2 2 1197 1954 2584
1164 1 2 2 1197 2584 2585
1165 1 2 2 1197 2585 1955
1166 1 2 2 1198 1956 2586
1167 1 2 2 1198 2586 2587
1168 1 2 2 1198 2587 1957
1169 1 2 2 1199 1958 2588
1170 1 2 2 1199 2588 1959
1171 1 2 2 1200 1960 2589
1172 1 2 2 1200 2589 1961
1173 1 2 2 1201 1962 2590
1174 1 2 2 1201 2590 1963
1175 1 2 2 1202 1964 1965
1176 1 2 2 1203 1966 1967
1177 1 2 2 1204 1968 1969
1178 1 2 2 1205 1970 1971
1179 1 2 2 1206 1972 1973
1180 1 2 2 1207 1974 1975
1181 1 2 2 1209 1977 1978
1182 1 2 2 1225 2003 2591
1183 1 2 2 1225 2591 2004
1184 1 2 2 1226 2005 773
1185 1 2 2 1227 2006 2007
1186 1 2 2 1229 2010 2011
1187 1 2 2 1230 2012 2013
1188 1 2 2 1232 2015 2016
1189 1 2 2 1234 2019 1113
1190 1 2 2 1237 2023 2592
1191 1 2 2 1237 2592 2024
1192 1 2 2 1238 2025 2026
1193 1 2 2 1239 2027 2593
1194 1 2 2 1239 2593 2028
1195 1 2 2 1244 2035 2036
1196 1 2 2 1247 2039 2594
1197 1 2 2 1247 2594 2040
1198 1 2 2 1254 2049 2595
1199 1 2 2 1254 2595 2596
1200 1 2 2 1254 2596 2050
1201 1 2 2 1256 2052 2053
1202 1 2 2 1257 2054 2055
1203 1 2 2 1258 2056 988
1204 1 2 2 1261 2060 2061
1205 1 2 2 1263 2064 2065
1206 1 2 2 1265 2068 2597
1207 1 2 2 1265 2597 2069
1208 1 2 2 1268 2074 2598
1209 1 2 2 1268 2598 2599
1210 1 2 2 1268 2599 2075
1211 1 2 2 1269 2076 2600
1212 1 2 2 1269 2600 2601
1213 1 2 2 1269 2601 2077
1214 1 2 2 1270 1130 363
1215 1 2 2 1271 363 364
1216 1 2 2 1272 364 365
1217 1 2 2 1274 363 366
1218 1 2 2 1276 364 367
1219 1 2 2 1277 26 368
1220 1 2 2 1278 368 369
1221 1 2 2 1280 370 371
1222 1 2 2 1281 371 372
1223 1 2 2 1282 372 373
1224 1 2 2 1283 33 368
1225 1 2 2 1284 368 374
1226 1 2 2 1285 34 375
1227 1 2 2 1287 36 372
1228 1 2 2 1288 372 376
1229 1 2 2 1289 39 377
1230 1 2 2 1290 377 378
1231 1 2 2 1291 1161 2602
1232 1 2 2 1291 2602 379
1233 1 2 2 1292 379 2603
1234 1 2 2 1292 2603 380
1235 1 2 2 1293 380 381
1236 1 2 2 1295 46 382
1237 1 2 2 1296 382 383
1238 1 2 2 1297 383 384
1239 1 2 2 1298 1168 385
1240 1 2 2 1299 385 386
1241 1 2 2 1300 386 387
1242 1 2 2 1301 387 388
1243 1 2 2 1302 388 1169
1244 1 2 2 1303 1170 389
1245 1 2 2 1304 389 2604
1246 1 2 2 1304 2604 390
1247 1 2 2 1305 390 391
1248 1 2 2 1306 391 392
1249 1 2 2 1307 392 385
1250 1 2 2 1308 385 393
1251 1 2 2 1309 1174 2605
1252 1 2 2 1309 2605 394
1253 1 2 2 1310 394 395
1254 1 2 2 1311 1176 396
1255 1 2 2 1312 396 2606
1256 1 2 2 1312 2606 397
1257 1 2 2 1313 51 398
1258 1 2 2 1314 398 2607
1259 1 2 2 1314 2607 399
1260 1 2 2 1315 399 400
1261 1 2 2 1316 52 401
1262 1 2 2 1317 401 2608
1263 1 2 2 1317 2608 402
1264 1 2 2 1318 402 403
1265 1 2 2 1319 403 404
1266 1 2 2 1320 404 405
1267 1 2 2 1321 405 1177
1268 1 2 2 1322 1178 2609
1269 1 2 2 1322 2609 406
1270 1 2 2 1323 406 407
1271 1 2 2 1324 407 408
1272 1 2 2 1325 408 409
1273 1 2 2 1326 409 410
1274 1 2 2 1327 410 2610
1275 1 2 2 1327 2610 411
1276 1 2 2 1329 53 412
1277 1 2 2 1330 412 2611
1278 1 2 2 1330 2611 413
1279 1 2 2 1332 1180 412
1280 1 2 2 1333 412 406
1281 1 2 2 1334 406 2612
1282 1 2 2 1334 2612 401
1283 1 2 2 1336 414 2613
1284 1 2 2 1336 2613 415
1285 1 2 2 1337 415 416
1286 1 2 2 1338 416 417
1287 1 2 2 1339 417 2614
1288 1 2 2 1339 2614 418
1289 1 2 2 1340 418 419
1290 1 2 2 1341 419 1181
1291 1 2 2 1342 55 420
1292 1 2 2 1343 420 421
1293 1 2 2 1344 421 422
1294 1 2 2 1345 422 423
1295 1 2 2 1347 1183 2615
1296 1 2 2 1347 2615 424
1297 1 2 2 1349 425 2616
1298 1 2 2 1349 2616 426
1299 1 2 2 1350 426 427
1300 1 2 2 1351 427 428
1301 1 2 2 1352 428 429
1302 1 2 2 1353 429 430
1303 1 2 2 1354 430 431
1304 1 2 2 1356 432 433
1305 1 2 2 1358 1186 435
1306 1 2 2 1359 435 436
1307 1 2 2 1360 436 437
1308 1 2 2 1361 438 439
1309 1 2 2 1362 439 440
1310 1 2 2 1364 441 442
1311 1 2 2 1365 442 2617
1312 1 2 2 1365 2617 432
1313 1 2 2 1366 1187 392
1314 1 2 2 1367 392 2618
1315 1 2 2 1367 2618 443
1316 1 2 2 1368 443 444
1317 1 2 2 1369 56 2619
1318 1 2 2 1369 2619 445
1319 1 2 2 1370 445 446
1320 1 2 2 1371 446 440
1321 1 2 2 1372 440 447
1322 1 2 2 1373 447 448
1323 1 2 2 1374 448 449
1324 1 2 2 1375 449 450
1325 1 2 2 1376 450 451
1326 1 2 2 1377 451 2620
1327 1 2 2 1377 2620 452
1328 1 2 2 1379 453 2621
1329 1 2 2 1379 2621 1192
1330 1 2 2 1380 1193 454
1331 1 2 2 1382 61 379
1332 1 2 2 1383 379 456
1333 1 2 2 1384 456 453
1334 1 2 2 1385 453 457
1335 1 2 2 1386 457 454
1336 1 2 2 1387 454 458
1337 1 2 2 1389 381 1198
1338 1 2 2 1390 64 459
1339 1 2 2 1391 459 1200
1340 1 2 2 1392 1201 394
1341 1 2 2 1393 394 460
1342 1 2 2 1394 65 2622
1343 1 2 2 1394 2622 461
1344 1 2 2 1398 463 464
1345 1 2 2 1400 67 466
1346 1 2 2 1401 466 467
1347 1 2 2 1402 467 468
1348 1 2 2 1403 468 469
1349 1 2 2 1404 469 470
1350 1 2 2 1406 471 472
1351 1 2 2 1407 472 473
1352 1 2 2 1408 473 474
1353 1 2 2 1409 474 1206
1354 1 2 2 1411 475 471
1355 1 2 2 1412 471 476
1356 1 2 2 1413 476 477
1357 1 2 2 1414 477 478
1358 1 2 2 1415 478 479
1359 1 2 2 1417 69 480
1360 1 2 2 1418 480 1210
1361 1 2 2 1419 71 481
1362 1 2 2 1420 481 482
1363 1 2 2 1421 1213 463
1364 1 2 2 1422 463 483
1365 1 2 2 1423 483 462
1366 1 2 2 1424 462 2623
1367 1 2 2 1424 2623 1214
1368 1 2 2 1425 1215 484
1369 1 2 2 1426 484 485
1370 1 2 2 1427 485 486
1371 1 2 2 1428 486 487
1372 1 2 2 1429 1217 488
1373 1 2 2 1430 488 2624
1374 1 2 2 1430 2624 489
1375 1 2 2 1431 489 389
1376 1 2 2 1432 389 2625
1377 1 2 2 1432 2625 490
1378 1 2 2 1433 490 2626
1379 1 2 2 1433 2626 491
1380 1 2 2 1436 492 493
1381 1 2 2 1438 495 2627
1382 1 2 2 1438 2627 496
1383 1 2 2 1439 496 497
1384 1 2 2 1440 74 498
1385 1 2 2 1441 498 499
1386 1 2 2 1442 1221 500
1387 1 2 2 1443 500 501
1388 1 2 2 1444 501 442
1389 1 2 2 1445 442 502
1390 1 2 2 1446 502 503
1391 1 2 2 1447 503 504
1392 1 2 2 1448 504 505
1393 1 2 2 1449 1223 503
1394 1 2 2 1450 503 448
1395 1 2 2 1451 448 2628
1396 1 2 2 1451 2628 506
1397 1 2 2 1452 506 507
1398 1 2 2 1453 507 508
1399 1 2 2 1454 508 509
1400 1 2 2 1455 509 510
1401 1 2 2 1456 77 511
1402 1 2 2 1457 511 1224
1403 1 2 2 1458 1225 2629
1404 1 2 2 1458 2629 512
1405 1 2 2 1461 488 2630
1406 1 2 2 1461 2630 495
1407 1 2 2 1463 514 515
1408 1 2 2 1465 516 517
1409 1 2 2 1466 517 518
1410 1 2 2 1467 518 519
1411 1 2 2 1468 519 520
1412 1 2 2 1469 79 479
1413 1 2 2 1470 479 521
1414 1 2 2 1471 521 522
1415 1 2 2 1472 522 523
1416 1 2 2 1473 523 524
1417 1 2 2 1474 80 2631
1418 1 2 2 1474 2631 525
1419 1 2 2 1475 525 526
1420 1 2 2 1476 81 2632
1421 1 2 2 1476 2632 527
1422 1 2 2 1477 527 2633
1423 1 2 2 1477 2633 528
1424 1 2 2 1478 528 2634
1425 1 2 2 1478 2634 529
1426 1 2 2 1479 529 530
1427 1 2 2 1480 82 514
1428 1 2 2 1481 514 531
1429 1 2 2 1482 83 532
1430 1 2 2 1483 532 2635
1431 1 2 2 1483 2635 1232
1432 1 2 2 1484 1233 2636
1433 1 2 2 1484 2636 533
1434 1 2 2 1485 533 534
1435 1 2 2 1486 84 535
1436 1 2 2 1488 1234 536
1437 1 2 2 1489 536 435
1438 1 2 2 1490 435 537
1439 1 2 2 1491 537 509
1440 1 2 2 1492 509 2637
1441 1 2 2 1492 2637 538
1442 1 2 2 1493 538 2638
1443 1 2 2 1493 2638 539
1444 1 2 2 1495 86 540
1445 1 2 2 1496 540 541
1446 1 2 2 1497 541 542
1447 1 2 2 1498 542 2639
1448 1 2 2 1498 2639 1236
1449 1 2 2 1499 1237 507
1450 1 2 2 1500 507 543
1451 1 2 2 1501 87 544
1452 1 2 2 1502 544 545
1453 1 2 2 1503 89 2640
1454 1 2 2 1503 2640 546
1455 1 2 2 1506 474 480
1456 1 2 2 1507 480 547
1457 1 2 2 1508 547 523
1458 1 2 2 1509 523 1240
1459 1 2 2 1510 1241 477
1460 1 2 2 1511 477 2641
1461 1 2 2 1511 2641 548
1462 1 2 2 1512 1242 549
1463 1 2 2 1513 549 550
1464 1 2 2 1514 550 551
1465 1 2 2 1515 551 1243
1466 1 2 2 1516 91 549
1467 1 2 2 1517 549 2642
1468 1 2 2 1517 2642 552
1469 1 2 2 1518 552 553
1470 1 2 2 1519 553 2643
1471 1 2 2 1519 2643 554
1472 1 2 2 1521 555 96
1473 1 2 2 1522 96 556
1474 1 2 2 1523 557 554
1475 1 2 2 1524 554 555
1476 1 2 2 1525 556 558
1477 1 2 2 1526 558 1246
1478 1 2 2 1527 92 559
1479 1 2 2 1528 559 1248
1480 1 2 2 1530 560 561
1481 1 2 2 1531 561 551
1482 1 2 2 1532 551 562
1483 1 2 2 1533 94 563
1484 1 2 2 1534 563 564
1485 1 2 2 1535 564 565
1486 1 2 2 1536 565 566
1487 1 2 2 1537 566 2644
1488 1 2 2 1537 2644 567
1489 1 2 2 1539 568 2645
1490 1 2 2 1539 2645 569
1491 1 2 2 1540 97 570
1492 1 2 2 1541 570 571
1493 1 2 2 1542 571 572
1494 1 2 2 1543 572 1255
1495 1 2 2 1544 1256 2646
1496 1 2 2 1544 2646 570
1497 1 2 2 1545 570 568
1498 1 2 2 1546 568 573
1499 1 2 2 1547 573 574
1500 1 2 2 1548 575 2647
1501 1 2 2 1548 2647 1257
1502 1 2 2 1550 576 2648
1503 1 2 2 1550 2648 575
1504 1 2 2 1551 100 519
1505 1 2 2 1552 519 2649
1506 1 2 2 1552 2649 1259
1507 1 2 2 1554 577 2650
1508 1 2 2 1554 2650 578
1509 1 2 2 1556 103 515
1510 1 2 2 1557 515 2651
1511 1 2 2 1557 2651 580
1512 1 2 2 1558 1261 2652
1513 1 2 2 1558 2652 517
1514 1 2 2 1559 517 581
1515 1 2 2 1560 108 582
1516 1 2 2 1561 582 583
1517 1 2 2 1562 112 560
1518 1 2 2 1563 560 566
1519 1 2 2 1565 1272 585
1520 1 2 2 1566 585 586
1521 1 2 2 1567 114 573
1522 1 2 2 1568 573 2653
1523 1 2 2 1568 2653 587
1524 1 2 2 1569 587 588
1525 1 2 2 1570 588 589
1526 1 2 2 1571 589 2654
1527 1 2 2 1571 2654 590
1528 1 2 2 1572 115 2655
1529 1 2 2 1572 2655 2656
1530 1 2 2 1572 2656 591
1531 1 2 2 1574 117 576
1532 1 2 2 1575 576 592
1533 1 2 2 1576 592 2657
1534 1 2 2 1576 2657 593
1535 1 2 2 1577 593 2658
1536 1 2 2 1577 2658 594
1537 1 2 2 1580 595 2659
1538 1 2 2 1580 2659 596
1539 1 2 2 1582 588 1277
1540 1 2 2 1583 1278 2660
1541 1 2 2 1583 2660 597
1542 1 2 2 1584 597 2661
1543 1 2 2 1584 2661 598
1544 1 2 2 1585 1280 2662
1545 1 2 2 1585 2662 599
1546 1 2 2 1586 599 2663
1547 1 2 2 1586 2663 600
1548 1 2 2 1587 1282 601
1549 1 2 2 1588 601 2664
1550 1 2 2 1588 2664 2665
1551 1 2 2 1588 2665 602
1552 1 2 2 1589 602 603
1553 1 2 2 1590 603 604
1554 1 2 2 1591 604 1283
1555 1 2 2 1592 1284 564
1556 1 2 2 1593 564 2666
1557 1 2 2 1593 2666 605
1558 1 2 2 1594 1288 559
1559 1 2 2 1595 559 563
1560 1 2 2 1596 563 606
1561 1 2 2 1597 606 607
1562 1 2 2 1598 607 608
1563 1 2 2 1599 1294 609
1564 1 2 2 1600 609 610
1565 1 2 2 1601 1296 611
1566 1 2 2 1602 611 612
1567 1 2 2 1603 1298 613
1568 1 2 2 1604 613 2667
1569 1 2 2 1604 2667 614
1570 1 2 2 1605 614 615
1571 1 2 2 1606 615 2668
1572 1 2 2 1606 2668 2669
1573 1 2 2 1606 2669 616
1574 1 2 2 1607 616 617
1575 1 2 2 1608 617 2670
1576 1 2 2 1608 2670 597
1577 1 2 2 1609 597 2671
1578 1 2 2 1609 2671 1299
1579 1 2 2 1610 134 618
1580 1 2 2 1611 618 619
1581 1 2 2 1612 135 2672
1582 1 2 2 1612 2672 620
1583 1 2 2 1614 136 2673
1584 1 2 2 1614 2673 2674
1585 1 2 2 1614 2674 622
1586 1 2 2 1616 1304 614
1587 1 2 2 1617 614 2675
1588 1 2 2 1617 2675 624
1589 1 2 2 1618 624 625
1590 1 2 2 1619 625 2676
1591 1 2 2 1619 2676 626
1592 1 2 2 1620 138 627
1593 1 2 2 1622 1305 2677
1594 1 2 2 1622 2677 2678
1595 1 2 2 1622 2678 627
1596 1 2 2 1623 627 2679
1597 1 2 2 1623 2679 628
1598 1 2 2 1624 1307 529
1599 1 2 2 1625 529 629
1600 1 2 2 1626 629 578
1601 1 2 2 1627 578 630
1602 1 2 2 1628 630 631
1603 1 2 2 1629 631 632
1604 1 2 2 1630 632 2680
1605 1 2 2 1630 2680 589
1606 1 2 2 1632 633 595
1607 1 2 2 1633 595 594
1608 1 2 2 1634 594 2681
1609 1 2 2 1634 2681 634
1610 1 2 2 1635 144 635
1611 1 2 2 1636 635 636
1612 1 2 2 1638 609 2682
1613 1 2 2 1638 2682 637
1614 1 2 2 1639 637 2683
1615 1 2 2 1639 2683 638
1616 1 2 2 1640 638 639
1617 1 2 2 1641 145 640
1618 1 2 2 1642 640 2684
1619 1 2 2 1642 2684 2685
1620 1 2 2 1642 2685 641
1621 1 2 2 1644 642 2686
1622 1 2 2 1644 2686 643
1623 1 2 2 1645 1311 2687
1624 1 2 2 1645 2687 644
1625 1 2 2 1646 644 645
1626 1 2 2 1647 151 646
1627 1 2 2 1648 646 2688
1628 1 2 2 1648 2688 647
1629 1 2 2 1649 164 648
1630 1 2 2 1651 169 2689
1631 1 2 2 1651 2689 2690
1632 1 2 2 1651 2690 649
1633 1 2 2 1652 649 650
1634 1 2 2 1653 650 651
1635 1 2 2 1654 651 2691
1636 1 2 2 1654 2691 2692
1637 1 2 2 1654 2692 652
1638 1 2 2 1655 652 2693
1639 1 2 2 1655 2693 653
1640 1 2 2 1656 653 2694
1641 1 2 2 1656 2694 654
1642 1 2 2 1657 1323 655
1643 1 2 2 1658 655 656
1644 1 2 2 1659 1325 657
1645 1 2 2 1660 657 658
1646 1 2 2 1661 658 2695
1647 1 2 2 1661 2695 659
1648 1 2 2 1662 170 2696
1649 1 2 2 1662 2696 660
1650 1 2 2 1663 660 661
1651 1 2 2 1664 173 2697
1652 1 2 2 1664 2697 662
1653 1 2 2 1666 1333 2698
1654 1 2 2 1666 2698 638
1655 1 2 2 1667 638 663
1656 1 2 2 1668 1335 622
1657 1 2 2 1669 622 2699
1658 1 2 2 1669 2699 664
1659 1 2 2 1670 175 620
1660 1 2 2 1671 620 2700
1661 1 2 2 1671 2700 665
1662 1 2 2 1672 665 666
1663 1 2 2 1673 666 1336
1664 1 2 2 1674 178 2701
1665 1 2 2 1674 2701 667
1666 1 2 2 1675 667 1340
1667 1 2 2 1676 1341 668
1668 1 2 2 1677 668 2702
1669 1 2 2 1677 2702 669
1670 1 2 2 1678 180 2703
1671 1 2 2 1678 2703 640
1672 1 2 2 1679 640 1344
1673 1 2 2 1680 1345 668
1674 1 2 2 1681 668 667
1675 1 2 2 1682 667 670
1676 1 2 2 1684 671 2704
1677 1 2 2 1684 2704 672
1678 1 2 2 1685 672 673
1679 1 2 2 1686 183 674
1680 1 2 2 1688 675 2705
1681 1 2 2 1688 2705 2706
1682 1 2 2 1688 2706 1348
1683 1 2 2 1689 1356 2707
1684 1 2 2 1689 2707 2708
1685 1 2 2 1689 2708 2709
1686 1 2 2 1689 2709 674
1687 1 2 2 1692 675 2710
1688 1 2 2 1692 2710 676
1689 1 2 2 1693 676 677
1690 1 2 2 1694 677 1357
1691 1 2 2 1695 1358 678
1692 1 2 2 1696 678 2711
1693 1 2 2 1696 2711 679
1694 1 2 2 1697 1359 680
1695 1 2 2 1698 680 2712
1696 1 2 2 1698 2712 677
1697 1 2 2 1699 677 2713
1698 1 2 2 1699 2713 681
1699 1 2 2 1700 681 2714
1700 1 2 2 1700 2714 2715
1701 1 2 2 1700 2715 2716
1702 1 2 2 1700 2716 682
1703 1 2 2 1701 682 683
1704 1 2 2 1702 683 684
1705 1 2 2 1703 684 2717
1706 1 2 2 1703 2717 2718
1707 1 2 2 1703 2718 1360
1708 1 2 2 1704 685 686
1709 1 2 2 1705 686 2719
1710 1 2 2 1705 2719 687
1711 1 2 2 1706 195 2720
1712 1 2 2 1706 2720 2721
1713 1 2 2 1706 2721 688
1714 1 2 2 1707 688 2722
1715 1 2 2 1707 2722 689
1716 1 2 2 1708 689 671
1717 1 2 2 1709 671 2723
1718 1 2 2 1709 2723 2724
1719 1 2 2 1709 2724 690
1720 1 2 2 1710 690 666
1721 1 2 2 1711 666 2725
1722 1 2 2 1711 2725 2726
1723 1 2 2 1711 2726 1363
1724 1 2 2 1712 1364 2727
1725 1 2 2 1712 2727 613
1726 1 2 2 1713 613 691
1727 1 2 2 1714 691 618
1728 1 2 2 1715 618 2728
1729 1 2 2 1715 2728 692
1730 1 2 2 1716 692 693
1731 1 2 2 1717 693 2729
1732 1 2 2 1717 2729 1365
1733 1 2 2 1718 1366 2730
1734 1 2 2 1718 2730 694
1735 1 2 2 1719 694 686
1736 1 2 2 1720 686 695
1737 1 2 2 1721 695 684
1738 1 2 2 1722 684 2731
1739 1 2 2 1722 2731 1367
1740 1 2 2 1723 196 673
1741 1 2 2 1724 673 1369
1742 1 2 2 1725 1370 2732
1743 1 2 2 1725 2732 696
1744 1 2 2 1726 696 697
1745 1 2 2 1727 224 698
1746 1 2 2 1728 698 699
1747 1 2 2 1729 225 698
1748 1 2 2 1731 228 700
1749 1 2 2 1732 700 701
1750 1 2 2 1733 1393 2733
1751 1 2 2 1733 2733 702
1752 1 2 2 1734 702 2734
1753 1 2 2 1734 2734 2735
1754 1 2 2 1734 2735 2736
1755 1 2 2 1734 2736 703
1756 1 2 2 1735 237 704
1757 1 2 2 1736 704 1396
1758 1 2 2 1737 1397 2737
1759 1 2 2 1737 2737 705
1760 1 2 2 1738 705 706
1761 1 2 2 1739 706 2738
1762 1 2 2 1739 2738 707
1763 1 2 2 1740 707 708
1764 1 2 2 1741 1408 2739
1765 1 2 2 1741 2739 709
1766 1 2 2 1742 709 710
1767 1 2 2 1743 1414 2740
1768 1 2 2 1743 2740 2741
1769 1 2 2 1743 2741 711
1770 1 2 2 1744 711 712
1771 1 2 2 1745 256 711
1772 1 2 2 1746 711 1419
1773 1 2 2 1747 259 705
1774 1 2 2 1748 705 713
1775 1 2 2 1749 260 714
1776 1 2 2 1750 714 715
1777 1 2 2 1751 1424 716
1778 1 2 2 1752 716 2742
1779 1 2 2 1752 2742 717
1780 1 2 2 1753 1426 718
1781 1 2 2 1754 718 719
1782 1 2 2 1755 719 709
1783 1 2 2 1756 709 720
1784 1 2 2 1757 262 714
1785 1 2 2 1758 714 2743
1786 1 2 2 1758 2743 721
1787 1 2 2 1760 265 702
1788 1 2 2 1761 702 1428
1789 1 2 2 1762 1435 722
1790 1 2 2 1763 722 2744
1791 1 2 2 1763 2744 723
1792 1 2 2 1765 724 725
1793 1 2 2 1766 725 726
1794 1 2 2 1767 272 722
1795 1 2 2 1768 722 2745
1796 1 2 2 1768 2745 1439
1797 1 2 2 1769 278 2746
1798 1 2 2 1769 2746 727
1799 1 2 2 1770 727 728
1800 1 2 2 1771 728 729
1801 1 2 2 1772 729 730
1802 1 2 2 1773 730 731
1803 1 2 2 1774 731 732
1804 1 2 2 1775 732 733
1805 1 2 2 1776 733 734
1806 1 2 2 1777 734 735
1807 1 2 2 1778 735 736
1808 1 2 2 1779 736 737
1809 1 2 2 1780 737 738
1810 1 2 2 1781 738 739
1811 1 2 2 1782 739 2747
1812 1 2 2 1782 2747 1443
1813 1 2 2 1783 279 740
1814 1 2 2 1785 1445 740
1815 1 2 2 1786 740 2748
1816 1 2 2 1786 2748 741
1817 1 2 2 1787 741 2749
1818 1 2 2 1787 2749 742
1819 1 2 2 1789 280 724
1820 1 2 2 1790 724 1447
1821 1 2 2 1791 281 743
1822 1 2 2 1792 743 2750
1823 1 2 2 1792 2750 744
1824 1 2 2 1793 744 745
1825 1 2 2 1794 745 746
1826 1 2 2 1795 746 747
1827 1 2 2 1796 747 748
1828 1 2 2 1798 749 750
1829 1 2 2 1799 750 751
1830 1 2 2 1800 751 540
1831 1 2 2 1801 540 752
1832 1 2 2 1802 1452 743
1833 1 2 2 1803 743 753
1834 1 2 2 1804 286 727
1835 1 2 2 1805 727 754
1836 1 2 2 1806 754 742
1837 1 2 2 1807 742 755
1838 1 2 2 1809 756 757
1839 1 2 2 1812 758 759
1840 1 2 2 1814 760 761
1841 1 2 2 1816 762 763
1842 1 2 2 1817 763 764
1843 1 2 2 1819 765 766
1844 1 2 2 1821 289 768
1845 1 2 2 1822 768 769
1846 1 2 2 1823 769 745
1847 1 2 2 1824 745 770
1848 1 2 2 1825 290 730
1849 1 2 2 1826 730 771
1850 1 2 2 1828 292 773
1851 1 2 2 1829 773 774
1852 1 2 2 1830 774 775
1853 1 2 2 1831 775 776
1854 1 2 2 1832 1456 777
1855 1 2 2 1833 777 2751
1856 1 2 2 1833 2751 778
1857 1 2 2 1834 778 779
1858 1 2 2 1835 779 1457
1859 1 2 2 1836 1458 780
1860 1 2 2 1837 780 781
1861 1 2 2 1838 293 491
1862 1 2 2 1839 491 782
1863 1 2 2 1840 294 533
1864 1 2 2 1841 533 783
1865 1 2 2 1843 784 785
1866 1 2 2 1844 295 2752
1867 1 2 2 1844 2752 786
1868 1 2 2 1845 786 787
1869 1 2 2 1846 1460 535
1870 1 2 2 1847 535 2753
1871 1 2 2 1847 2753 788
1872 1 2 2 1848 1464 789
1873 1 2 2 1849 789 790
1874 1 2 2 1850 790 791
1875 1 2 2 1851 791 544
1876 1 2 2 1852 544 792
1877 1 2 2 1853 792 539
1878 1 2 2 1854 539 793
1879 1 2 2 1855 305 2754
1880 1 2 2 1855 2754 794
1881 1 2 2 1856 794 1465
1882 1 2 2 1857 1466 794
1883 1 2 2 1858 794 2755
1884 1 2 2 1858 2755 795
1885 1 2 2 1859 306 747
1886 1 2 2 1860 747 796
1887 1 2 2 1862 1467 2756
1888 1 2 2 1862 2756 749
1889 1 2 2 1863 749 797
1890 1 2 2 1864 797 798
1891 1 2 2 1865 798 1468
1892 1 2 2 1866 1469 799
1893 1 2 2 1867 799 2757
1894 1 2 2 1867 2757 800
1895 1 2 2 1868 800 801
1896 1 2 2 1869 801 735
1897 1 2 2 1870 735 802
1898 1 2 2 1871 802 2758
1899 1 2 2 1871 2758 803
1900 1 2 2 1872 1471 804
1901 1 2 2 1873 804 2759
1902 1 2 2 1873 2759 805
1903 1 2 2 1875 806 807
1904 1 2 2 1876 807 808
1905 1 2 2 1877 808 809
1906 1 2 2 1879 810 811
1907 1 2 2 1880 811 1472
1908 1 2 2 1881 1473 812
1909 1 2 2 1882 812 736
1910 1 2 2 1883 736 813
1911 1 2 2 1884 813 814
1912 1 2 2 1885 814 815
1913 1 2 2 1886 815 2760
1914 1 2 2 1886 2760 811
1915 1 2 2 1887 811 816
1916 1 2 2 1888 816 817
1917 1 2 2 1889 817 818
1918 1 2 2 1890 818 2761
1919 1 2 2 1890 2761 819
1920 1 2 2 1891 819 2762
1921 1 2 2 1891 2762 820
1922 1 2 2 1892 307 821
1923 1 2 2 1893 821 822
1924 1 2 2 1894 822 1474
1925 1 2 2 1895 1475 823
1926 1 2 2 1896 823 821
1927 1 2 2 1897 821 2763
1928 1 2 2 1897 2763 824
1929 1 2 2 1899 825 826
1930 1 2 2 1900 826 827
1931 1 2 2 1901 827 828
1932 1 2 2 1902 828 829
1933 1 2 2 1903 829 830
1934 1 2 2 1904 830 831
1935 1 2 2 1905 831 832
1936 1 2 2 1906 832 765
1937 1 2 2 1907 765 833
1938 1 2 2 1908 833 2764
1939 1 2 2 1908 2764 1476
1940 1 2 2 1910 834 835
1941 1 2 2 1911 835 2765
1942 1 2 2 1911 2765 836
1943 1 2 2 1912 836 837
1944 1 2 2 1913 837 763
1945 1 2 2 1914 763 838
1946 1 2 2 1915 838 1477
1947 1 2 2 1916 309 2766
1948 1 2 2 1916 2766 839
1949 1 2 2 1917 839 840
1950 1 2 2 1918 840 761
1951 1 2 2 1919 761 841
1952 1 2 2 1920 841 842
1953 1 2 2 1921 842 843
1954 1 2 2 1922 1480 844
1955 1 2 2 1923 844 845
1956 1 2 2 1924 1484 2767
1957 1 2 2 1924 2767 757
1958 1 2 2 1925 757 846
1959 1 2 2 1926 846 847
1960 1 2 2 1927 847 848
1961 1 2 2 1928 848 849
1962 1 2 2 1929 849 850
1963 1 2 2 1930 1486 733
1964 1 2 2 1931 733 851
1965 1 2 2 1932 851 2768
1966 1 2 2 1932 2768 852
1967 1 2 2 1933 852 1487
1968 1 2 2 1934 1488 853
1969 1 2 2 1935 853 854
1970 1 2 2 1936 854 775
1971 1 2 2 1937 775 1489
1972 1 2 2 1938 1490 2769
1973 1 2 2 1938 2769 728
1974 1 2 2 1939 728 855
1975 1 2 2 1940 1492 800
1976 1 2 2 1941 800 2770
1977 1 2 2 1941 2770 856
1978 1 2 2 1942 856 739
1979 1 2 2 1943 739 857
1980 1 2 2 1944 857 858
1981 1 2 2 1945 858 859
1982 1 2 2 1946 859 1493
1983 1 2 2 1947 1494 451
1984 1 2 2 1948 451 860
1985 1 2 2 1950 861 862
1986 1 2 2 1951 862 1495
1987 1 2 2 1952 1496 815
1988 1 2 2 1953 815 863
1989 1 2 2 1954 864 865
1990 1 2 2 1955 865 866
1991 1 2 2 1956 866 867
1992 1 2 2 1957 867 1497
1993 1 2 2 1958 313 857
1994 1 2 2 1959 857 868
1995 1 2 2 1960 868 869
1996 1 2 2 1961 314 867
1997 1 2 2 1962 867 870
1998 1 2 2 1963 870 808
1999 1 2 2 1964 808 871
2000 1 2 2 1965 871 872
2001 1 2 2 1966 872 873
2002 1 2 2 1967 1500 766
2003 1 2 2 1968 766 874
2004 1 2 2 1969 874 831
2005 1 2 2 1970 831 875
2006 1 2 2 1971 875 876
2007 1 2 2 1972 876 877
2008 1 2 2 1973 877 878
2009 1 2 2 1974 878 879
2010 1 2 2 1975 879 880
2011 1 2 2 1976 880 2771
2012 1 2 2 1976 2771 819
2013 1 2 2 1977 819 881
2014 1 2 2 1978 881 882
2015 1 2 2 1979 882 2772
2016 1 2 2 1979 2772 1501
2017 1 2 2 1980 1502 883
2018 1 2 2 1982 315 885
2019 1 2 2 1984 1503 2773
2020 1 2 2 1984 2773 759
2021 1 2 2 1985 759 886
2022 1 2 2 1986 1505 758
2023 1 2 2 1987 758 887
2024 1 2 2 1988 316 888
2025 1 2 2 1989 888 1506
2026 1 2 2 1990 1507 853
2027 1 2 2 1991 853 889
2028 1 2 2 1993 849 890
2029 1 2 2 1994 890 1508
2030 1 2 2 1995 317 771
2031 1 2 2 1996 771 891
2032 1 2 2 1997 1511 892
2033 1 2 2 1998 892 506
2034 1 2 2 1999 506 893
2035 1 2 2 2000 893 894
2036 1 2 2 2001 894 862
2037 1 2 2 2002 862 790
2038 1 2 2 2004 1512 895
2039 1 2 2 2005 895 861
2040 1 2 2 2006 861 896
2041 1 2 2 2007 896 789
2042 1 2 2 2008 789 1513
2043 1 2 2 2010 500 445
2044 1 2 2 2011 445 897
2045 1 2 2 2012 897 898
2046 1 2 2 2014 899 536
2047 1 2 2 2015 536 1514
2048 1 2 2 2016 1515 784
2049 1 2 2 2017 784 900
2050 1 2 2 2018 1518 2774
2051 1 2 2 2018 2774 899
2052 1 2 2 2019 899 901
2053 1 2 2 2020 901 436
2054 1 2 2 2021 436 508
2055 1 2 2 2024 780 897
2056 1 2 2 2025 897 902
2057 1 2 2 2027 903 439
2058 1 2 2 2028 439 1519
2059 1 2 2 2029 1520 391
2060 1 2 2 2030 391 904
2061 1 2 2 2031 319 905
2062 1 2 2 2032 905 906
2063 1 2 2 2033 1522 903
2064 1 2 2 2034 903 907
2065 1 2 2 2035 1527 419
2066 1 2 2 2036 419 908
2067 1 2 2 2037 324 909
2068 1 2 2 2038 909 910
2069 1 2 2 2039 910 2775
2070 1 2 2 2039 2775 431
2071 1 2 2 2040 431 911
2072 1 2 2 2041 911 912
2073 1 2 2 2042 912 2776
2074 1 2 2 2042 2776 913
2075 1 2 2 2043 913 914
2076 1 2 2 2044 914 915
2077 1 2 2 2045 915 916
2078 1 2 2 2047 917 918
2079 1 2 2 2048 918 919
2080 1 2 2 2049 919 920
2081 1 2 2 2050 920 921
2082 1 2 2 2051 921 922
2083 1 2 2 2052 922 923
2084 1 2 2 2053 923 924
2085 1 2 2 2054 924 1528
2086 1 2 2 2055 1529 804
2087 1 2 2 2056 804 925
2088 1 2 2 2058 926 2777
2089 1 2 2 2058 2777 927
2090 1 2 2 2059 927 928
2091 1 2 2 2060 928 929
2092 1 2 2 2061 929 930
2093 1 2 2 2062 930 931
2094 1 2 2 2063 931 932
2095 1 2 2 2064 932 933
2096 1 2 2 2065 933 934
2097 1 2 2 2066 934 935
2098 1 2 2 2067 935 936
2099 1 2 2 2069 937 1530
2100 1 2 2 2070 864 2778
2101 1 2 2 2070 2778 809
2102 1 2 2 2071 809 938
2103 1 2 2 2073 939 940
2104 1 2 2 2074 940 882
2105 1 2 2 2075 882 941
2106 1 2 2 2076 326 2779
2107 1 2 2 2076 2779 942
2108 1 2 2 2079 943 2780
2109 1 2 2 2079 2780 944
2110 1 2 2 2081 945 933
2111 1 2 2 2082 933 920
2112 1 2 2 2084 1531 859
2113 1 2 2 2085 859 946
2114 1 2 2 2086 946 947
2115 1 2 2 2087 947 948
2116 1 2 2 2088 948 949
2117 1 2 2 2089 949 950
2118 1 2 2 2090 950 807
2119 1 2 2 2091 807 951
2120 1 2 2 2092 327 952
2121 1 2 2 2093 952 1534
2122 1 2 2 2094 1535 2781
2123 1 2 2 2094 2781 953
2124 1 2 2 2095 953 954
2125 1 2 2 2096 954 955
2126 1 2 2 2097 955 956
2127 1 2 2 2098 956 944
2128 1 2 2 2099 944 957
2129 1 2 2 2100 957 958
2130 1 2 2 2101 958 959
2131 1 2 2 2102 959 960
2132 1 2 2 2104 328 961
2133 1 2 2 2105 961 962
2134 1 2 2 2106 962 963
2135 1 2 2 2107 963 964
2136 1 2 2 2108 964 829
2137 1 2 2 2109 829 1536
2138 1 2 2 2110 1537 965
2139 1 2 2 2111 965 966
2140 1 2 2 2112 966 879
2141 1 2 2 2113 879 967
2142 1 2 2 2114 967 961
2143 1 2 2 2115 961 968
2144 1 2 2 2116 968 825
2145 1 2 2 2117 825 1538
2146 1 2 2 2119 888 835
2147 1 2 2 2120 835 969
2148 1 2 2 2121 969 885
2149 1 2 2 2122 885 877
2150 1 2 2 2123 877 970
2151 1 2 2 2124 970 964
2152 1 2 2 2126 828 971
2153 1 2 2 2128 1539 834
2154 1 2 2 2129 834 972
2155 1 2 2 2130 972 973
2156 1 2 2 2131 973 878
2157 1 2 2 2132 878 974
2158 1 2 2 2133 974 962
2159 1 2 2 2134 962 826
2160 1 2 2 2136 1540 839
2161 1 2 2 2137 839 975
2162 1 2 2 2138 975 838
2163 1 2 2 2139 838 976
2164 1 2 2 2140 976 833
2165 1 2 2 2141 833 1541
2166 1 2 2 2142 1542 842
2167 1 2 2 2143 842 836
2168 1 2 2 2144 836 977
2169 1 2 2 2145 977 883
2170 1 2 2 2146 883 978
2171 1 2 2 2147 978 875
2172 1 2 2 2148 875 830
2173 1 2 2 2149 830 979
2174 1 2 2 2151 329 972
2175 1 2 2 2152 972 980
2176 1 2 2 2153 980 965
2177 1 2 2 2154 965 981
2178 1 2 2 2155 1545 943
2179 1 2 2 2156 943 2782
2180 1 2 2 2156 2782 982
2181 1 2 2 2157 982 983
2182 1 2 2 2158 983 984
2183 1 2 2 2159 984 2783
2184 1 2 2 2159 2783 960
2185 1 2 2 2160 960 985
2186 1 2 2 2161 985 937
2187 1 2 2 2162 937 986
2188 1 2 2 2163 986 924
2189 1 2 2 2164 924 2784
2190 1 2 2 2164 2784 1546
2191 1 2 2 2165 330 418
2192 1 2 2 2166 418 987
2193 1 2 2 2167 333 430
2194 1 2 2 2168 430 988
2195 1 2 2 2169 988 989
2196 1 2 2 2170 989 990
2197 1 2 2 2171 990 2785
2198 1 2 2 2171 2785 991
2199 1 2 2 2172 991 992
2200 1 2 2 2173 992 993
2201 1 2 2 2174 993 994
2202 1 2 2 2175 994 995
2203 1 2 2 2176 995 996
2204 1 2 2 2177 996 997
2205 1 2 2 2179 998 2786
2206 1 2 2 2179 2786 1548
2207 1 2 2 2180 335 999
2208 1 2 2 2181 999 1000
2209 1 2 2 2182 337 1001
2210 1 2 2 2183 1001 1002
2211 1 2 2 2184 1002 1003
2212 1 2 2 2186 340 1003
2213 1 2 2 2187 1003 1005
2214 1 2 2 2189 1006 1557
2215 1 2 2 2190 1558 1007
2216 1 2 2 2191 1007 1008
2217 1 2 2 2192 1008 1009
2218 1 2 2 2193 1009 1001
2219 1 2 2 2194 1001 1010
2220 1 2 2 2195 1010 1011
2221 1 2 2 2196 1011 1012
2222 1 2 2 2197 1012 1121
2223 1 2 2 2198 1559 1013
2224 1 2 2 2199 1013 1014
2225 1 2 2 2200 1014 424
2226 1 2 2 2201 424 1015
2227 1 2 2 2202 342 2787
2228 1 2 2 2202 2787 1016
2229 1 2 2 2204 1017 1018
2230 1 2 2 2205 1018 1019
2231 1 2 2 2206 1561 1020
2232 1 2 2 2208 1021 1022
2233 1 2 2 2209 1022 1023
2234 1 2 2 2210 1562 423
2235 1 2 2 2211 423 1024
2236 1 2 2 2212 345 429
2237 1 2 2 2213 429 1025
2238 1 2 2 2214 1025 1026
2239 1 2 2 2215 1026 2788
2240 1 2 2 2215 2788 1027
2241 1 2 2 2216 1027 1028
2242 1 2 2 2217 1028 2789
2243 1 2 2 2217 2789 1029
2244 1 2 2 2218 1029 1030
2245 1 2 2 2219 1030 1031
2246 1 2 2 2220 1031 1032
2247 1 2 2 2221 1122 1018
2248 1 2 2 2222 1018 2790
2249 1 2 2 2222 2790 1033
2250 1 2 2 2224 1034 1035
2251 1 2 2 2225 1035 1036
2252 1 2 2 2226 1036 1028
2253 1 2 2 2228 1037 993
2254 1 2 2 2230 1565 928
2255 1 2 2 2231 928 1039
2256 1 2 2 2232 1039 953
2257 1 2 2 2233 953 1040
2258 1 2 2 2235 872 1041
2259 1 2 2 2236 1041 939
2260 1 2 2 2237 939 817
2261 1 2 2 2238 817 2791
2262 1 2 2 2238 2791 1042
2263 1 2 2 2239 1042 2792
2264 1 2 2 2239 2792 890
2265 1 2 2 2240 890 1043
2266 1 2 2 2241 346 847
2267 1 2 2 2242 847 1044
2268 1 2 2 2243 1044 756
2269 1 2 2 2244 756 1045
2270 1 2 2 2245 348 415
2271 1 2 2 2246 415 1046
2272 1 2 2 2247 1046 1047
2273 1 2 2 2248 1047 1048
2274 1 2 2 2249 1048 1049
2275 1 2 2 2250 1049 421
2276 1 2 2 2251 421 1568
2277 1 2 2 2253 1050 1051
2278 1 2 2 2255 1571 1051
2279 1 2 2 2256 1051 1053
2280 1 2 2 2257 351 416
2281 1 2 2 2258 416 1054
2282 1 2 2 2260 1055 1056
2283 1 2 2 2261 1056 1057
2284 1 2 2 2262 1057 1058
2285 1 2 2 2263 1058 422
2286 1 2 2 2264 422 1059
2287 1 2 2 2265 1574 918
2288 1 2 2 2266 918 1060
2289 1 2 2 2267 1060 930
2290 1 2 2 2268 930 1061
2291 1 2 2 2269 1061 954
2292 1 2 2 2270 954 1575
2293 1 2 2 2271 1576 931
2294 1 2 2 2272 931 1062
2295 1 2 2 2274 955 2793
2296 1 2 2 2274 2793 1040
2297 1 2 2 2275 1577 2794
2298 1 2 2 2275 2794 1063
2299 1 2 2 2277 1064 2795
2300 1 2 2 2277 2795 1033
2301 1 2 2 2278 1033 1065
2302 1 2 2 2279 1065 2796
2303 1 2 2 2279 2796 1020
2304 1 2 2 2280 1020 2797
2305 1 2 2 2280 2797 1578
2306 1 2 2 2281 353 1022
2307 1 2 2 2282 1022 1066
2308 1 2 2 2283 1581 2798
2309 1 2 2 2283 2798 409
2310 1 2 2 2284 409 2799
2311 1 2 2 2284 2799 1067
2312 1 2 2 2286 402 1068
2313 1 2 2 2287 1068 1047
2314 1 2 2 2288 1047 1055
2315 1 2 2 2289 1055 1582
2316 1 2 2 2290 356 1036
2317 1 2 2 2291 1036 2800
2318 1 2 2 2291 2800 1584
2319 1 2 2 2292 1585 1030
2320 1 2 2 2293 1030 1069
2321 1 2 2 2294 1069 996
2322 1 2 2 2295 996 1586
2323 1 2 2 2296 1587 1031
2324 1 2 2 2297 1031 1070
2325 1 2 2 2298 1070 998
2326 1 2 2 2299 998 1588
2327 1 2 2 2300 1589 994
2328 1 2 2 2301 994 1071
2329 1 2 2 2302 1071 917
2330 1 2 2 2303 917 1590
2331 1 2 2 2304 1591 1072
2332 1 2 2 2305 1072 2801
2333 1 2 2 2305 2801 1035
2334 1 2 2 2306 1035 1073
2335 1 2 2 2307 1073 1074
2336 1 2 2 2308 1595 913
2337 1 2 2 2309 913 926
2338 1 2 2 2310 926 1075
2339 1 2 2 2311 1075 2802
2340 1 2 2 2311 2802 806
2341 1 2 2 2312 806 950
2342 1 2 2 2313 950 1076
2343 1 2 2 2314 1076 870
2344 1 2 2 2315 870 865
2345 1 2 2 2316 865 1077
2346 1 2 2 2317 1077 813
2347 1 2 2 2318 813 802
2348 1 2 2 2319 802 1596
2349 1 2 2 2320 1597 2803
2350 1 2 2 2320 2803 383
2351 1 2 2 2321 383 1078
2352 1 2 2 2323 382 2804
2353 1 2 2 2323 2804 1600
2354 1 2 2 2324 361 2805
2355 1 2 2 2324 2805 396
2356 1 2 2 2325 396 1079
2357 1 2 2 2326 362 405
2358 1 2 2 2327 405 1080
2359 1 2 2 2329 420 1081
2360 1 2 2 2330 1081 1050
2361 1 2 2 2331 1050 1082
2362 1 2 2 2332 1082 426
2363 1 2 2 2333 426 1604
2364 1 2 2 2335 1083 989
2365 1 2 2 2336 989 1026
2366 1 2 2 2337 1026 2806
2367 1 2 2 2337 2806 1084
2368 1 2 2 2339 1072 1063
2369 1 2 2 2340 1063 2807
2370 1 2 2 2340 2807 1085
2371 1 2 2 2342 1016 1124
2372 1 2 2 2343 1611 375
2373 1 2 2 2344 375 1612
2374 1 2 2 2345 1614 377
2375 1 2 2 2347 1623 2808
2376 1 2 2 2347 2808 1086
2377 1 2 2 2349 1624 2809
2378 1 2 2 2349 2809 1086
2379 1 2 2 2350 1086 1625
2380 1 2 2 2351 1125 413
2381 1 2 2 2352 413 408
2382 1 2 2 2353 408 2810
2383 1 2 2 2353 2810 1634
2384 1 2 2 2354 1635 2811
2385 1 2 2 2354 2811 2812
2386 1 2 2 2354 2812 2813
2387 1 2 2 2354 2813 1087
2388 1 2 2 2355 1087 1636
2389 1 2 2 2356 1654 492
2390 1 2 2 2357 492 1088
2391 1 2 2 2358 1088 484
2392 1 2 2 2360 1655 459
2393 1 2 2 2361 459 2814
2394 1 2 2 2361 2814 1087
2395 1 2 2 2363 1656 2815
2396 1 2 2 2363 2815 387
2397 1 2 2 2364 387 1657
2398 1 2 2 2366 443 905
2399 1 2 2 2367 905 1658
2400 1 2 2 2368 1661 411
2401 1 2 2 2369 411 1662
2402 1 2 2 2371 399 1663
2403 1 2 2 2372 1668 2816
2404 1 2 2 2372 2816 1089
2405 1 2 2 2373 1089 2817
2406 1 2 2 2373 2817 1669
2407 1 2 2 2374 1680 2818
2408 1 2 2 2374 2818 461
2409 1 2 2 2375 461 1681
2410 1 2 2 2376 1682 2819
2411 1 2 2 2376 2819 1090
2412 1 2 2 2377 1090 2820
2413 1 2 2 2377 2820 1683
2414 1 2 2 2378 1684 475
2415 1 2 2 2379 475 472
2416 1 2 2 2381 1689 1089
2417 1 2 2 2383 1692 1090
2418 1 2 2 2385 1693 481
2419 1 2 2 2386 481 1694
2420 1 2 2 2388 464 1699
2421 1 2 2 2389 1700 2821
2422 1 2 2 2389 2821 466
2423 1 2 2 2390 466 2822
2424 1 2 2 2390 2822 1701
2425 1 2 2 2391 1702 468
2426 1 2 2 2392 468 1091
2427 1 2 2 2394 1703 2823
2428 1 2 2 2394 2823 469
2429 1 2 2 2395 469 1091
2430 1 2 2 2396 1091 2824
2431 1 2 2 2396 2824 527
2432 1 2 2 2397 527 2825
2433 1 2 2 2397 2825 1704
2434 1 2 2 2399 1088 2826
2435 1 2 2 2399 2826 1707
2436 1 2 2 2400 1708 493
2437 1 2 2 2402 1711 498
2438 1 2 2 2403 498 486
2439 1 2 2 2405 1712 894
2440 1 2 2 2406 894 895
2441 1 2 2 2407 895 449
2442 1 2 2 2408 449 504
2443 1 2 2 2411 532 1713
2444 1 2 2 2412 1714 496
2445 1 2 2 2414 1715 546
2446 1 2 2 2415 546 552
2447 1 2 2 2418 525 1716
2448 1 2 2 2419 1719 522
2449 1 2 2 2420 522 548
2450 1 2 2 2421 1721 1092
2451 1 2 2 2422 1092 2827
2452 1 2 2 2422 2827 2828
2453 1 2 2 2422 2828 631
2454 1 2 2 2424 1722 2829
2455 1 2 2 2424 2829 582
2456 1 2 2 2425 582 2830
2457 1 2 2 2425 2830 607
2458 1 2 2 2427 1731 2831
2459 1 2 2 2427 2831 558
2460 1 2 2 2428 558 2832
2461 1 2 2 2428 2832 1732
2462 1 2 2 2429 1735 591
2463 1 2 2 2430 591 1093
2464 1 2 2 2431 1093 1094
2465 1 2 2 2432 1094 1736
2466 1 2 2 2433 1737 2833
2467 1 2 2 2433 2833 2834
2468 1 2 2 2433 2834 786
2469 1 2 2 2435 1740 1093
2470 1 2 2 2436 1093 2835
2471 1 2 2 2436 2835 1741
2472 1 2 2 2437 1742 1094
2473 1 2 2 2438 1094 2836
2474 1 2 2 2438 2836 2837
2475 1 2 2 2438 2837 1743
2476 1 2 2 2439 1748 577
2477 1 2 2 2440 577 1749
2478 1 2 2 2441 1750 1092
2479 1 2 2 2442 1092 572
2480 1 2 2 2443 572 1751
2481 1 2 2 2444 1752 2838
2482 1 2 2 2444 2838 1095
2483 1 2 2 2445 1095 1753
2484 1 2 2 2446 1754 592
2485 1 2 2 2447 592 1755
2486 1 2 2 2448 1756 1096
2487 1 2 2 2449 1096 603
2488 1 2 2 2450 603 1757
2489 1 2 2 2451 1758 1097
2490 1 2 2 2452 1097 604
2491 1 2 2 2453 604 599
2492 1 2 2 2454 599 1759
2493 1 2 2 2455 1764 585
2494 1 2 2 2456 585 601
2495 1 2 2 2457 601 1098
2496 1 2 2 2458 1098 2839
2497 1 2 2 2458 2839 1099
2498 1 2 2 2459 1099 1765
2499 1 2 2 2460 1768 2840
2500 1 2 2 2460 2840 635
2501 1 2 2 2463 611 1771
2502 1 2 2 2464 1776 1095
2503 1 2 2 2465 1095 2841
2504 1 2 2 2465 2841 1777
2505 1 2 2 2466 1785 2842
2506 1 2 2 2466 2842 1100
2507 1 2 2 2467 1100 1786
2508 1 2 2 2468 1789 2843
2509 1 2 2 2468 2843 2844
2510 1 2 2 2468 2844 1100
2511 1 2 2 2469 1100 1790
2512 1 2 2 2470 1791 2845
2513 1 2 2 2470 2845 616
2514 1 2 2 2471 616 1792
2515 1 2 2 2472 1793 1098
2516 1 2 2 2473 1098 2846
2517 1 2 2 2473 2846 1794
2518 1 2 2 2474 1795 1099
2519 1 2 2 2475 1099 1796
2520 1 2 2 2476 1797 1096
2521 1 2 2 2477 1096 1097
2522 1 2 2 2478 1097 575
2523 1 2 2 2479 1804 625
2524 1 2 2 2480 625 2847
2525 1 2 2 2480 2847 693
2526 1 2 2 2481 693 1805
2527 1 2 2 2482 1826 2848
2528 1 2 2 2482 2848 644
2529 1 2 2 2483 644 1827
2530 1 2 2 2485 646 2849
2531 1 2 2 2485 2849 1834
2532 1 2 2 2486 1835 2850
2533 1 2 2 2486 2850 648
2534 1 2 2 2487 648 2851
2535 1 2 2 2487 2851 1836
2536 1 2 2 2488 1845 2852
2537 1 2 2 2488 2852 2853
2538 1 2 2 2488 2853 653
2539 1 2 2 2489 653 1846
2540 1 2 2 2490 1119 660
2541 1 2 2 2491 660 657
2542 1 2 2 2492 657 655
2543 1 2 2 2493 655 1847
2544 1 2 2 2494 1848 658
2545 1 2 2 2495 658 1849
2546 1 2 2 2496 1852 1101
2547 1 2 2 2497 1101 2854
2548 1 2 2 2497 2854 1853
2549 1 2 2 2498 1854 2855
2550 1 2 2 2498 2855 651
2551 1 2 2 2499 651 1855
2552 1 2 2 2500 1856 649
2553 1 2 2 2501 649 1857
2554 1 2 2 2502 1864 1101
2555 1 2 2 2503 1101 2856
2556 1 2 2 2503 2856 662
2557 1 2 2 2504 662 1865
2558 1 2 2 2505 1897 2857
2559 1 2 2 2505 2857 688
2560 1 2 2 2506 688 1898
2561 1 2 2 2507 1905 2858
2562 1 2 2 2507 2858 678
2563 1 2 2 2508 678 1906
2564 1 2 2 2509 1907 2859
2565 1 2 2 2509 2859 2860
2566 1 2 2 2509 2860 676
2567 1 2 2 2510 676 2861
2568 1 2 2 2510 2861 680
2569 1 2 2 2511 680 1908
2570 1 2 2 2512 1915 2862
2571 1 2 2 2512 2862 685
2572 1 2 2 2513 685 694
2573 1 2 2 2515 1920 2863
2574 1 2 2 2515 2863 2864
2575 1 2 2 2515 2864 1102
2576 1 2 2 2516 1102 2865
2577 1 2 2 2516 2865 2866
2578 1 2 2 2516 2866 1921
2579 1 2 2 2517 1931 2867
2580 1 2 2 2517 2867 700
2581 1 2 2 2519 1932 2868
2582 1 2 2 2519 2868 1102
2583 1 2 2 2520 1102 1933
2584 1 2 2 2521 1934 682
2585 1 2 2 2522 682 2869
2586 1 2 2 2522 2869 1935
2587 1 2 2 2523 1941 672
2588 1 2 2 2524 672 2870
2589 1 2 2 2524 2870 1942
2590 1 2 2 2525 1951 2871
2591 1 2 2 2525 2871 718
2592 1 2 2 2527 1952 707
2593 1 2 2 2528 707 704
2594 1 2 2 2529 704 2872
2595 1 2 2 2529 2872 1953
2596 1 2 2 2531 768 2873
2597 1 2 2 2531 2873 1976
2598 1 2 2 2532 1979 2874
2599 1 2 2 2532 2874 777
2600 1 2 2 2534 1980 1103
2601 1 2 2 2536 1981 779
2602 1 2 2 2537 779 2875
2603 1 2 2 2537 2875 721
2604 1 2 2 2538 721 2876
2605 1 2 2 2538 2876 1982
2606 1 2 2 2540 716 2877
2607 1 2 2 2540 2877 1983
2608 1 2 2 2541 1984 1103
2609 1 2 2 2542 1103 2878
2610 1 2 2 2542 2878 1985
2611 1 2 2 2543 1986 2879
2612 1 2 2 2543 2879 725
2613 1 2 2 2544 725 1987
2614 1 2 2 2545 1988 796
2615 1 2 2 2546 796 1989
2616 1 2 2 2547 1990 542
2617 1 2 2 2548 542 799
2618 1 2 2 2549 799 1104
2619 1 2 2 2550 1104 798
2620 1 2 2 2551 798 1991
2621 1 2 2 2552 1992 2880
2622 1 2 2 2552 2880 2881
2623 1 2 2 2552 2881 844
2624 1 2 2 2553 844 1993
2625 1 2 2 2554 1994 852
2626 1 2 2 2556 1995 2882
2627 1 2 2 2556 2882 731
2628 1 2 2 2559 948 952
2629 1 2 2 2560 952 2883
2630 1 2 2 2560 2883 1996
2631 1 2 2 2561 1997 946
2632 1 2 2 2562 946 868
2633 1 2 2 2563 868 738
2634 1 2 2 2564 738 1998
2635 1 2 2 2565 1999 812
2636 1 2 2 2566 812 2000
2637 1 2 2 2567 2001 909
2638 1 2 2 2568 909 2884
2639 1 2 2 2568 2884 2002
2640 1 2 2 2569 2008 1104
2641 1 2 2 2570 1104 2009
2642 1 2 2 2571 2014 2885
2643 1 2 2 2571 2885 751
2644 1 2 2 2573 2017 511
2645 1 2 2 2574 511 2018
2646 1 2 2 2575 2020 892
2647 1 2 2 2577 2021 2886
2648 1 2 2 2577 2886 388
2649 1 2 2 2578 388 2022
2650 1 2 2 2579 2029 822
2651 1 2 2 2580 822 823
2652 1 2 2 2581 823 942
2653 1 2 2 2583 983 2030
2654 1 2 2 2584 2031 999
2655 1 2 2 2585 999 958
2656 1 2 2 2588 979 2032
2657 1 2 2 2589 2033 971
2658 1 2 2 2590 971 827
2659 1 2 2 2591 827 2034
2660 1 2 2 2592 2037 922
2661 1 2 2 2593 922 2038
2662 1 2 2 2595 935 2887
2663 1 2 2 2595 2887 959
2664 1 2 2 2597 2041 1008
2665 1 2 2 2600 1007 2888
2666 1 2 2 2600 2888 2042
2667 1 2 2 2601 2043 1010
2668 1 2 2 2602 1010 1006
2669 1 2 2 2604 2044 1105
2670 1 2 2 2605 1105 1012
2671 1 2 2 2607 2045 1105
2672 1 2 2 2608 1105 2046
2673 1 2 2 2609 2047 1013
2674 1 2 2 2610 1013 2048
2675 1 2 2 2612 1073 2051
2676 1 2 2 2613 2057 1083
2677 1 2 2 2614 1083 912
2678 1 2 2 2616 2058 991
2679 1 2 2 2617 991 915
2680 1 2 2 2618 915 927
2681 1 2 2 2619 927 2059
2682 1 2 2 2620 2062 1057
2683 1 2 2 2621 1057 1048
2684 1 2 2 2622 1048 2889
2685 1 2 2 2622 2889 403
2686 1 2 2 2623 403 2063
2687 1 2 2 2624 2066 427
2688 1 2 2 2625 427 2890
2689 1 2 2 2625 2890 2067
2690 1 2 2 2626 2070 512
2691 1 2 2 2627 512 433
2692 1 2 2 2628 433 2071
2693 1 2 2 2629 2072 2891
2694 1 2 2 2629 2891 398
2695 1 2 2 2630 398 2073
2696 2 2 1 1 1044 3040 756
2697 2 2 1 1 756 3040 757
2698 2 2 1 1 846 3040 1044
2699 2 2 1 1 757 3040 846
2700 2 2 1 1 1044 847 846
2701 2 2 1 2 849 3041 848
2702 2 2 1 2 1043 3041 890
2703 2 2 1 2 848 1043 346
2704 2 2 1 2 890 3041 849
2705 2 2 1 2 848 3041 1043
2706 2 2 1 2 847 848 346
2707 2 2 1 3 806 807 950
2708 2 2 1 4 1068 402 403
2709 2 2 1 4 2889 1068 403
2710 2 2 1 4 1047 1068 2889
2711 2 2 1 4 2889 1048 1047
2712 2 2 1 5 854 5627 2003
2713 2 2 1 5 2819 7401 5007
2714 2 2 1 5 5318 5319 3535
2715 2 2 1 5 1964 4953 234
2716 2 2 1 5 5378 5442 3403
2717 2 2 1 5 549 91 1242
2718 2 2 1 5 3069 4341 4250
2719 2 2 1 5 3690 8279 4281
2720 2 2 1 5 968 7945 824
2721 2 2 1 5 2914 2523 1831
2722 2 2 1 5 2771 1544 819
2723 2 2 1 5 200 4674 2314
2724 2 2 1 5 2695 6207 659
2725 2 2 1 5 4346 6367 1651
2726 2 2 1 5 4200 4737 1631
2727 2 2 1 5 4932 6740 3441
2728 2 2 1 5 7 4510 8
2729 2 2 1 5 455 454 458
2730 2 2 1 5 2622 4753 1682
2731 2 2 1 5 2630 3685 495
2732 2 2 1 5 1257 5455 600
2733 2 2 1 5 2002 4372 2884
2734 2 2 1 5 269 5321 3942
2735 2 2 1 5 2035 6003 4280
2736 2 2 1 5 2998 7065 4540
2737 2 2 1 5 3146 6137 5092
2738 2 2 1 5 1615 6576 4466
2739 2 2 1 5 1697 5002 4527
2740 2 2 1 5 4137 4498 3168
2741 2 2 1 5 2766 4123 839
2742 2 2 1 5 3730 4577 3353
2743 2 2 1 5 2648 5086 117
2744 2 2 1 5 612 7220 1297
2745 2 2 1 5 1073 6722 1035
2746 2 2 1 5 682 5617 1934
2747 2 2 1 5 6242 6243 3262
2748 2 2 1 5 715 6097 3688
2749 2 2 1 5 803 6133 2758
2750 2 2 1 5 3282 7091 5790
2751 2 2 1 5 323 3570 908
2752 2 2 1 5 1167 6902 49
2753 2 2 1 5 5420 6260 377
2754 2 2 1 5 672 1941 673
2755 2 2 1 5 1069 7204 4114
2756 2 2 1 5 2732 193 696
2757 2 2 1 5 2068 5796 4428
2758 2 2 1 5 2510 4152 133
2759 2 2 1 5 2188 1903 1293
2760 2 2 1 5 3587 5845 4460
2761 2 2 1 5 2484 5303 2482
2762 2 2 1 5 3388 5869 4008
2763 2 2 1 5 2679 6884 1970
2764 2 2 1 5 5649 5911 1844
2765 2 2 1 5 1691 6798 1089
2766 2 2 1 5 3169 6469 4207
2767 2 2 1 5 1403 5140 4977
2768 2 2 1 5 1520 4513 391
2769 2 2 1 5 3233 5530 588
2770 2 2 1 5 3158 4446 4445
2771 2 2 1 5 2790 6935 3194
2772 2 2 1 5 1337 7883 2269
2773 2 2 1 5 4318 4657 4314
2774 2 2 1 5 1703 6367 4056
2775 2 2 1 5 1135 7208 5567
2776 2 2 1 5 4571 7999 3059
2777 2 2 1 5 816 6041 811
2778 2 2 1 5 3734 5720 1972
2779 2 2 1 5 721 3930 2743
2780 2 2 1 5 2829 7026 4453
2781 2 2 1 5 2332 4268 2331
2782 2 2 1 5 383 5542 1078
2783 2 2 1 5 503 7305 1223
2784 2 2 1 5 4101 4878 3228
2785 2 2 1 5 1787 8540 2507
2786 2 2 1 5 5186 8212 5263
2787 2 2 1 5 3136 4960 4307
2788 2 2 1 5 4025 4040 3182
2789 2 2 1 5 4869 5867 4132
2790 2 2 1 5 5053 5634 3356
2791 2 2 1 5 621 8137 6673
2792 2 2 1 5 3184 7716 4502
2793 2 2 1 5 2176 6980 124
2794 2 2 1 5 2732 5171 193
2795 2 2 1 5 3351 5847 4122
2796 2 2 1 5 2648 4970 1755
2797 2 2 1 5 4477 6151 1491
2798 2 2 1 5 1244 5201 1247
2799 2 2 1 5 1201 394 2605
2800 2 2 1 5 117 7540 576
2801 2 2 1 5 4168 4570 1667
2802 2 2 1 5 582 4453 108
2803 2 2 1 5 2290 5058 2289
2804 2 2 1 5 426 1577 1604
2805 2 2 1 5 3094 7732 5394
2806 2 2 1 5 1711 4404 1636
2807 2 2 1 5 2568 4926 3376
2808 2 2 1 5 4448 7675 2475
2809 2 2 1 5 3746 6008 4277
2810 2 2 1 5 1649 6070 4947
2811 2 2 1 5 4660 6358 2158
2812 2 2 1 5 2543 6026 2544
2813 2 2 1 5 3951 7612 3221
2814 2 2 1 5 4437 6232 115
2815 2 2 1 5 3164 4943 3537
2816 2 2 1 5 2143 5015 1258
2817 2 2 1 5 3266 6287 3094
2818 2 2 1 5 3817 5651 2902
2819 2 2 1 5 2684 7054 640
2820 2 2 1 5 372 6487 373
2821 2 2 1 5 3051 5142 3394
2822 2 2 1 5 3765 4422 150
2823 2 2 1 5 3155 4724 3738
2824 2 2 1 5 408 2798 409
2825 2 2 1 5 2955 6842 2954
2826 2 2 1 5 2578 5391 3167
2827 2 2 1 5 3985 5755 4233
2828 2 2 1 5 2546 4551 1880
2829 2 2 1 5 1578 8414 2596
2830 2 2 1 5 1272 7039 7038
2831 2 2 1 5 308 5705 309
2832 2 2 1 5 3263 6089 5101
2833 2 2 1 5 2534 5351 1859
2834 2 2 1 5 4034 5405 3139
2835 2 2 1 5 1976 7124 2873
2836 2 2 1 5 2385 2376 258
2837 2 2 1 5 769 7636 4423
2838 2 2 1 5 1714 6598 3960
2839 2 2 1 5 2719 6400 687
2840 2 2 1 5 2528 1840 2250
2841 2 2 1 5 2317 5026 203
2842 2 2 1 5 1659 3486 3015
2843 2 2 1 5 1601 4485 47
2844 2 2 1 5 2723 6840 3732
2845 2 2 1 5 4191 7849 6960
2846 2 2 1 5 2144 7299 99
2847 2 2 1 5 3745 7650 1831
2848 2 2 1 5 4091 5982 3105
2849 2 2 1 5 4117 8200 1802
2850 2 2 1 5 3762 4797 3737
2851 2 2 1 5 2842 5659 1100
2852 2 2 1 5 4050 4661 3332
2853 2 2 1 5 652 1853 2692
2854 2 2 1 5 3080 4256 3509
2855 2 2 1 5 1263 3833 520
2856 2 2 1 5 4688 5803 3436
2857 2 2 1 5 5885 6938 1191
2858 2 2 1 5 2104 7146 67
2859 2 2 1 5 3354 5243 5034
2860 2 2 1 5 4363 4422 3096
2861 2 2 1 5 4008 7971 3388
2862 2 2 1 5 1601 4241 2466
2863 2 2 1 5 3352 5559 5425
2864 2 2 1 5 3447 7091 4401
2865 2 2 1 5 1400 5715 1463
2866 2 2 1 5 4944 4945 3054
2867 2 2 1 5 432 6241 4450
2868 2 2 1 5 4646 7547 4156
2869 2 2 1 5 246 6020 3971
2870 2 2 1 5 1544 6541 3576
2871 2 2 1 5 4237 7900 226
2872 2 2 1 5 2616 4153 3419
2873 2 2 1 5 498 5557 74
2874 2 2 1 5 1310 5472 3234
2875 2 2 1 5 2889 4872 1048
2876 2 2 1 5 3124 6642 4548
2877 2 2 1 5 61 3422 2602
2878 2 2 1 5 455 6428 454
2879 2 2 1 5 1688 6046 1686
2880 2 2 1 5 128 5819 127
2881 2 2 1 5 2516 1785 1818
2882 2 2 1 5 11 5286 15
2883 2 2 1 5 627 6782 3756
2884 2 2 1 5 1825 7977 2204
2885 2 2 1 5 2692 5630 2691
2886 2 2 1 5 549 4324 91
2887 2 2 1 5 2427 6310 4460
2888 2 2 1 5 2719 686 695
2889 2 2 1 5 3830 6762 3082
2890 2 2 1 5 3441 5873 4931
2891 2 2 1 5 4996 5925 174
2892 2 2 1 5 3989 7622 4619
2893 2 2 1 5 4016 4634 2587
2894 2 2 1 5 4106 4754 2205
2895 2 2 1 5 1922 8296 3613
2896 2 2 1 5 4689 4787 1296
2897 2 2 1 5 39 6260 4756
2898 2 2 1 5 1873 6437 2541
2899 2 2 1 5 2764 7060 833
2900 2 2 1 5 173 3396 2697
2901 2 2 1 5 6367 7682 3781
2902 2 2 1 5 1738 6163 4198
2903 2 2 1 5 2240 8003 4226
2904 2 2 1 5 1348 4661 2569
2905 2 2 1 5 3531 6002 5556
2906 2 2 1 5 3229 5229 4843
2907 2 2 1 5 3178 5902 5359
2908 2 2 1 5 3468 6735 1098
2909 2 2 1 5 2092 4278 1173
2910 2 2 1 5 3846 6755 5672
2911 2 2 1 5 4384 8040 1202
2912 2 2 1 5 2563 2723 1902
2913 2 2 1 5 4142 6450 3709
2914 2 2 1 5 1133 7068 4025
2915 2 2 1 5 1211 6415 4726
2916 2 2 1 5 2771 4349 1544
2917 2 2 1 5 572 571 1092
2918 2 2 1 5 2101 5225 1666
2919 2 2 1 5 2314 1920 201
2920 2 2 1 5 2722 5637 1898
2921 2 2 1 5 460 5619 2102
2922 2 2 1 5 3327 6884 627
2923 2 2 1 5 1182 8542 4418
2924 2 2 1 5 6120 7287 4555
2925 2 2 1 5 2838 1776 1755
2926 2 2 1 5 279 4249 2748
2927 2 2 1 5 4233 5758 3984
2928 2 2 1 5 372 7430 376
2929 2 2 1 5 2824 4182 1091
2930 2 2 1 5 2809 1086 2808
2931 2 2 1 5 1247 6972 1244
2932 2 2 1 5 2345 6916 5878
2933 2 2 1 5 2156 3408 111
2934 2 2 1 5 4627 5065 1933
2935 2 2 1 5 3355 5103 4116
2936 2 2 1 5 844 7953 4066
2937 2 2 1 5 4905 6157 2617
2938 2 2 1 5 2213 3917 147
2939 2 2 1 5 3194 4667 1018
2940 2 2 1 5 1148 7300 1147
2941 2 2 1 5 505 8599 4024
2942 2 2 1 5 261 7508 6519
2943 2 2 1 5 277 5983 2398
2944 2 2 1 5 42 7261 2082
2945 2 2 1 5 4369 5820 1834
2946 2 2 1 5 2495 2496 1761
2947 2 2 1 5 640 5389 2684
2948 2 2 1 5 1717 3643 2631
2949 2 2 1 5 2250 4997 2249
2950 2 2 1 5 2332 7122 4268
2951 2 2 1 5 3912 4903 1671
2952 2 2 1 5 1768 7482 2840
2953 2 2 1 5 3081 8112 4851
2954 2 2 1 5 6922 7811 2496
2955 2 2 1 5 1970 628 2679
2956 2 2 1 5 2507 8539 1788
2957 2 2 1 5 4922 8286 1187
2958 2 2 1 5 260 7630 5826
2959 2 2 1 5 4087 4820 306
2960 2 2 1 5 7678 8266 4635
2961 2 2 1 5 5103 6461 3505
2962 2 2 1 5 5687 7291 1421
2963 2 2 1 5 3603 7500 1597
2964 2 2 1 5 3434 7833 4283
2965 2 2 1 5 2431 1223 1185
2966 2 2 1 5 2585 8002 3874
2967 2 2 1 5 2362 6374 2361
2968 2 2 1 5 2536 4750 1859
2969 2 2 1 5 4635 8266 3190
2970 2 2 1 5 145 7629 2208
2971 2 2 1 5 1328 6787 4733
2972 2 2 1 5 4054 4887 2867
2973 2 2 1 5 1720 5608 1704
2974 2 2 1 5 271 4963 4239
2975 2 2 1 5 4579 8030 2201
2976 2 2 1 5 1816 2506 1784
2977 2 2 1 5 1363 4115 1806
2978 2 2 1 5 2099 6082 76
2979 2 2 1 5 1298 4923 1914
2980 2 2 1 5 1886 7816 2550
2981 2 2 1 5 166 7972 167
2982 2 2 1 5 2524 6286 2523
2983 2 2 1 5 3002 4247 3532
2984 2 2 1 5 1319 7176 4712
2985 2 2 1 5 2216 5886 5579
2986 2 2 1 5 5843 6700 3551
2987 2 2 1 5 5211 7671 4442
2988 2 2 1 5 2914 1831 2913
2989 2 2 1 5 5190 7857 126
2990 2 2 1 5 3197 8594 5474
2991 2 2 1 5 4475 6246 1704
2992 2 2 1 5 2783 5583 984
2993 2 2 1 5 1883 3875 2547
2994 2 2 1 5 3811 7862 211
2995 2 2 1 5 838 1477 2766
2996 2 2 1 5 4292 6820 5850
2997 2 2 1 5 310 6510 3963
2998 2 2 1 5 1535 6285 3941
2999 2 2 1 5 2513 2199 1810
3000 2 2 1 5 2398 1444 277
3001 2 2 1 5 4172 6033 2473
3002 2 2 1 5 1100 5945 2842
3003 2 2 1 5 775 4863 776
3004 2 2 1 5 99 5829 2144
3005 2 2 1 5 2501 5669 141
3006 2 2 1 5 3911 5420 4493
3007 2 2 1 5 377 6734 4821
3008 2 2 1 5 2438 4711 2040
3009 2 2 1 5 5474 8594 4286
3010 2 2 1 5 2219 1830 2917
3011 2 2 1 5 4919 4920 1279
3012 2 2 1 5 155 3915 2235
3013 2 2 1 5 3463 5498 2319
3014 2 2 1 5 852 5074 4072
3015 2 2 1 5 2175 5685 123
3016 2 2 1 5 708 7131 4552
3017 2 2 1 5 2587 4634 2586
3018 2 2 1 5 4583 5006 4582
3019 2 2 1 5 3720 6151 4477
3020 2 2 1 5 580 8555 5063
3021 2 2 1 5 391 4513 392
3022 2 2 1 5 4194 6535 669
3023 2 2 1 5 859 7769 1493
3024 2 2 1 5 1515 6371 3331
3025 2 2 1 5 3606 6535 4194
3026 2 2 1 5 4000 5121 3236
3027 2 2 1 5 4092 6822 3131
3028 2 2 1 5 3944 5374 97
3029 2 2 1 5 1602 4594 3662
3030 2 2 1 5 2664 6525 601
3031 2 2 1 5 1607 8181 1608
3032 2 2 1 5 4861 5487 1312
3033 2 2 1 5 1616 8037 3988
3034 2 2 1 5 3963 5501 310
3035 2 2 1 5 2875 5458 3943
3036 2 2 1 5 2487 4986 2106
3037 2 2 1 5 1386 5052 4398
3038 2 2 1 5 3396 8538 2697
3039 2 2 1 5 1561 5163 2453
3040 2 2 1 5 627 3756 2678
3041 2 2 1 5 4026 6761 2949
3042 2 2 1 5 3353 6481 3730
3043 2 2 1 5 2449 8228 1580
3044 2 2 1 5 2727 4243 3608
3045 2 2 1 5 4460 5845 3895
3046 2 2 1 5 4309 5997 2380
3047 2 2 1 5 142 4106 2205
3048 2 2 1 5 4377 8463 1143
3049 2 2 1 5 1136 4948 4538
3050 2 2 1 5 4283 5193 3434
3051 2 2 1 5 3207 5701 4348
3052 2 2 1 5 5218 5322 2025
3053 2 2 1 5 2206 4913 144
3054 2 2 1 5 1169 4507 388
3055 2 2 1 5 6670 7893 3063
3056 2 2 1 5 1218 4881 4830
3057 2 2 1 5 985 7212 4074
3058 2 2 1 5 1284 3857 564
3059 2 2 1 5 64 4384 1202
3060 2 2 1 5 1738 4198 2167
3061 2 2 1 5 4834 4835 208
3062 2 2 1 5 3701 7568 3702
3063 2 2 1 5 4288 4416 2922
3064 2 2 1 5 4469 4903 3214
3065 2 2 1 5 371 7430 372
3066 2 2 1 5 5637 8272 1898
3067 2 2 1 5 2949 7490 4026
3068 2 2 1 5 1774 7046 2500
3069 2 2 1 5 4139 7128 1173
3070 2 2 1 5 3702 5011 3701
3071 2 2 1 5 5004 8189 2440
3072 2 2 1 5 4676 5156 3524
3073 2 2 1 5 146 8288 2211
3074 2 2 1 5 1081 4350 350
3075 2 2 1 5 5657 5658 2428
3076 2 2 1 5 2486 6847 4599
3077 2 2 1 5 1385 4813 4237
3078 2 2 1 5 2090 4454 48
3079 2 2 1 5 3405 4642 3404
3080 2 2 1 5 3607 6116 2277
3081 2 2 1 5 2554 6736 194
3082 2 2 1 5 1442 7547 4393
3083 2 2 1 5 2513 4972 1939
3084 2 2 1 5 284 7525 4308
3085 2 2 1 5 557 8076 5681
3086 2 2 1 5 2620 4805 3759
3087 2 2 1 5 3625 4589 2560
3088 2 2 1 5 3234 6067 1310
3089 2 2 1 5 2007 5988 4035
3090 2 2 1 5 3628 5019 4613
3091 2 2 1 5 283 6740 4932
3092 2 2 1 5 1636 7783 1711
3093 2 2 1 5 3450 4936 3122
3094 2 2 1 5 4611 5030 1794
3095 2 2 1 5 4161 5743 2661
3096 2 2 1 5 4188 4810 3186
3097 2 2 1 5 948 952 949
3098 2 2 1 5 3674 7188 35
3099 2 2 1 5 5796 7575 4428
3100 2 2 1 5 4007 5813 4934
3101 2 2 1 5 768 4820 4087
3102 2 2 1 5 1480 4989 1961
3103 2 2 1 5 721 6375 2875
3104 2 2 1 5 1766 4801 3841
3105 2 2 1 5 2630 7340 3685
3106 2 2 1 5 4084 4527 3088
3107 2 2 1 5 2980 6737 2979
3108 2 2 1 5 2649 7120 1263
3109 2 2 1 5 2396 5282 299
3110 2 2 1 5 1883 4761 3875
3111 2 2 1 5 1952 4552 3782
3112 2 2 1 5 3424 5906 3286
3113 2 2 1 5 6252 6743 2406
3114 2 2 1 5 2183 7398 4361
3115 2 2 1 5 1126 8132 3867
3116 2 2 1 5 1791 7265 2845
3117 2 2 1 5 1375 6683 209
3118 2 2 1 5 1665 4227 1664
3119 2 2 1 5 6307 7321 4973
3120 2 2 1 5 4663 7018 2880
3121 2 2 1 5 1075 6285 2802
3122 2 2 1 5 619 5337 4995
3123 2 2 1 5 2442 4559 339
3124 2 2 1 5 431 6876 2775
3125 2 2 1 5 1952 3782 2365
3126 2 2 1 5 3611 4715 3093
3127 2 2 1 5 5043 5261 1652
3128 2 2 1 5 1746 4402 2493
3129 2 2 1 5 4619 7895 3989
3130 2 2 1 5 1426 5022 1962
3131 2 2 1 5 5604 6573 110
3132 2 2 1 5 652 2257 2256
3133 2 2 1 5 2891 4480 3923
3134 2 2 1 5 2295 7959 7159
3135 2 2 1 5 3334 7764 4979
3136 2 2 1 5 6458 7313 3979
3137 2 2 1 5 4025 4699 1133
3138 2 2 1 5 2189 4556 1295
3139 2 2 1 5 1600 8569 1597
3140 2 2 1 5 1230 6627 2655
3141 2 2 1 5 4031 7977 1825
3142 2 2 1 5 4218 6519 3245
3143 2 2 1 5 2979 8315 2978
3144 2 2 1 5 5468 6511 1181
3145 2 2 1 5 768 7425 289
3146 2 2 1 5 4402 5397 1299
3147 2 2 1 5 2107 5437 3939
3148 2 2 1 5 4268 7122 3523
3149 2 2 1 5 535 5518 5144
3150 2 2 1 5 2990 4668 2989
3151 2 2 1 5 3649 5061 4438
3152 2 2 1 5 3591 6711 297
3153 2 2 1 5 1471 4183 804
3154 2 2 1 5 2656 8560 3619
3155 2 2 1 5 4077 7755 5096
3156 2 2 1 5 254 6149 255
3157 2 2 1 5 3900 4038 3244
3158 2 2 1 5 2002 5254 2434
3159 2 2 1 5 1242 5079 549
3160 2 2 1 5 138 7087 4553
3161 2 2 1 5 5260 5739 1461
3162 2 2 1 5 1005 5160 4174
3163 2 2 1 5 6156 7978 1645
3164 2 2 1 5 3707 4473 2693
3165 2 2 1 5 3030 8181 1115
3166 2 2 1 5 40 8132 1126
3167 2 2 1 5 1427 6471 6470
3168 2 2 1 5 2005 5950 2425
3169 2 2 1 5 2526 6118 1837
3170 2 2 1 5 4661 8607 2569
3171 2 2 1 5 4150 7589 6982
3172 2 2 1 5 2580 6075 2581
3173 2 2 1 5 235 2350 1416
3174 2 2 1 5 119 2655 2167
3175 2 2 1 5 132 8325 4385
3176 2 2 1 5 4786 5969 3263
3177 2 2 1 5 605 3870 1270
3178 2 2 1 5 2809 5465 4189
3179 2 2 1 5 1742 5693 3934
3180 2 2 1 5 3292 6923 5382
3181 2 2 1 5 1784 8426 2515
3182 2 2 1 5 5505 6868 1724
3183 2 2 1 5 4265 7304 1560
3184 2 2 1 5 152 2231 2224
3185 2 2 1 5 5616 6214 3283
3186 2 2 1 5 368 4609 374
3187 2 2 1 5 161 4804 2227
3188 2 2 1 5 1146 3967 24
3189 2 2 1 5 4767 7989 4188
3190 2 2 1 5 2730 4368 1366
3191 2 2 1 5 1245 7871 2121
3192 2 2 1 5 1690 7036 1208
3193 2 2 1 5 3873 4535 1411
3194 2 2 1 5 3273 4737 4200
3195 2 2 1 5 706 6662 705
3196 2 2 1 5 1263 4719 3833
3197 2 2 1 5 951 7573 807
3198 2 2 1 5 1594 5583 4964
3199 2 2 1 5 1353 4692 2955
3200 2 2 1 5 6271 7797 4509
3201 2 2 1 5 1976 7062 285
3202 2 2 1 5 2995 4378 1413
3203 2 2 1 5 2511 6261 1807
3204 2 2 1 5 2319 6505 204
3205 2 2 1 5 1780 5927 2642
3206 2 2 1 5 3105 6878 4091
3207 2 2 1 5 2203 8568 2202
3208 2 2 1 5 2333 4784 220
3209 2 2 1 5 1807 4381 2511
3210 2 2 1 5 2738 8180 706
3211 2 2 1 5 88 7567 5362
3212 2 2 1 5 676 5566 677
3213 2 2 1 5 1312 1802 2509
3214 2 2 1 5 5872 7390 3338
3215 2 2 1 5 2998 4540 2997
3216 2 2 1 5 4706 7176 1319
3217 2 2 1 5 22 6165 3834
3218 2 2 1 5 697 6853 6499
3219 2 2 1 5 2544 2301 189
3220 2 2 1 5 1141 4862 1157
3221 2 2 1 5 127 6404 128
3222 2 2 1 5 2842 1785 2516
3223 2 2 1 5 3904 6813 1883
3224 2 2 1 5 4792 8095 1322
3225 2 2 1 5 1927 6273 4888
3226 2 2 1 5 3750 3981 3174
3227 2 2 1 5 1248 6858 5532
3228 2 2 1 5 76 7174 5203
3229 2 2 1 5 1948 6142 2582
3230 2 2 1 5 3082 4786 3830
3231 2 2 1 5 5854 8069 1599
3232 2 2 1 5 1035 1036 2800
3233 2 2 1 5 374 6387 368
3234 2 2 1 5 3955 6966 2602
3235 2 2 1 5 2706 5124 4764
3236 2 2 1 5 2340 5788 4401
3237 2 2 1 5 1970 5999 628
3238 2 2 1 5 91 89 1242
3239 2 2 1 5 1623 7358 2808
3240 2 2 1 5 3130 7990 3444
3241 2 2 1 5 4725 7787 4724
3242 2 2 1 5 4817 5407 2910
3243 2 2 1 5 4005 6573 5604
3244 2 2 1 5 2512 7094 1809
3245 2 2 1 5 4584 4981 3986
3246 2 2 1 5 3066 4793 4261
3247 2 2 1 5 1348 6002 1907
3248 2 2 1 5 4806 4807 1341
3249 2 2 1 5 1553 5870 338
3250 2 2 1 5 3959 6296 888
3251 2 2 1 5 184 4604 2290
3252 2 2 1 5 4914 5606 1646
3253 2 2 1 5 4273 5705 308
3254 2 2 1 5 6346 6348 3045
3255 2 2 1 5 621 5118 175
3256 2 2 1 5 4315 5230 4317
3257 2 2 1 5 4250 8109 3069
3258 2 2 1 5 1164 4250 44
3259 2 2 1 5 1324 5287 2926
3260 2 2 1 5 752 6278 1238
3261 2 2 1 5 6615 6617 6616
3262 2 2 1 5 2725 8445 3717
3263 2 2 1 5 124 7026 2176
3264 2 2 1 5 1530 6714 359
3265 2 2 1 5 1894 6572 4432
3266 2 2 1 5 2834 6920 786
3267 2 2 1 5 4219 8270 3352
3268 2 2 1 5 3595 6753 3114
3269 2 2 1 5 461 4753 2622
3270 2 2 1 5 3848 4677 1726
3271 2 2 1 5 1344 5389 640
3272 2 2 1 5 586 7406 3609
3273 2 2 1 5 3179 6833 3330
3274 2 2 1 5 2352 5131 4512
3275 2 2 1 5 2186 5069 2189
3276 2 2 1 5 249 3671 253
3277 2 2 1 5 4074 4965 960
3278 2 2 1 5 4134 5001 2338
3279 2 2 1 5 2141 5209 96
3280 2 2 1 5 1380 7985 2330
3281 2 2 1 5 1962 5173 1426
3282 2 2 1 5 2197 4394 2507
3283 2 2 1 5 5226 7068 1133
3284 2 2 1 5 371 5453 3861
3285 2 2 1 5 4097 6780 4904
3286 2 2 1 5 2544 6026 4969
3287 2 2 1 5 4190 8371 3108
3288 2 2 1 5 3168 5731 4137
3289 2 2 1 5 5034 5243 1816
3290 2 2 1 5 845 1430 844
3291 2 2 1 5 615 2675 614
3292 2 2 1 5 3662 5674 1602
3293 2 2 1 5 1855 5784 4687
3294 2 2 1 5 3462 6949 4375
3295 2 2 1 5 2639 7738 542
3296 2 2 1 5 83 8555 5149
3297 2 2 1 5 2135 4686 3857
3298 2 2 1 5 1707 6665 3306
3299 2 2 1 5 4774 5102 3355
3300 2 2 1 5 2903 3797 1670
3301 2 2 1 5 951 6327 2433
3302 2 2 1 5 4877 5078 3058
3303 2 2 1 5 3182 4699 4025
3304 2 2 1 5 3840 6233 2680
3305 2 2 1 5 1976 6475 5009
3306 2 2 1 5 43 6069 2084
3307 2 2 1 5 6164 7105 1353
3308 2 2 1 5 2806 3684 1084
3309 2 2 1 5 5039 7224 230
3310 2 2 1 5 1013 6383 4270
3311 2 2 1 5 3469 4946 2287
3312 2 2 1 5 2567 6099 6083
3313 2 2 1 5 45 5952 2086
3314 2 2 1 5 1079 7708 2466
3315 2 2 1 5 4205 6766 3393
3316 2 2 1 5 4019 4579 1366
3317 2 2 1 5 3225 4745 4362
3318 2 2 1 5 1095 1776 2838
3319 2 2 1 5 1899 4938 667
3320 2 2 1 5 776 8151 775
3321 2 2 1 5 114 7541 4500
3322 2 2 1 5 3168 5284 3518
3323 2 2 1 5 5271 6201 4474
3324 2 2 1 5 410 5674 3662
3325 2 2 1 5 1814 5085 2514
3326 2 2 1 5 4107 7792 3025
3327 2 2 1 5 1964 5547 1965
3328 2 2 1 5 3436 5089 4595
3329 2 2 1 5 1640 5438 4644
3330 2 2 1 5 3200 7743 4407
3331 2 2 1 5 5639 8238 4673
3332 2 2 1 5 2731 4276 1367
3333 2 2 1 5 150 6323 2521
3334 2 2 1 5 3281 4869 4132
3335 2 2 1 5 4551 4665 2851
3336 2 2 1 5 2854 5630 2692
3337 2 2 1 5 1012 6176 4311
3338 2 2 1 5 4717 7950 1977
3339 2 2 1 5 2216 5887 5886
3340 2 2 1 5 1406 8519 2373
3341 2 2 1 5 494 5386 5143
3342 2 2 1 5 4363 7904 3227
3343 2 2 1 5 5071 5072 1282
3344 2 2 1 5 4542 5524 183
3345 2 2 1 5 4566 5655 3311
3346 2 2 1 5 3173 5204 3935
3347 2 2 1 5 3574 7883 136
3348 2 2 1 5 8098 8099 1732
3349 2 2 1 5 4972 7456 3680
3350 2 2 1 5 6650 6652 3086
3351 2 2 1 5 2466 4485 1601
3352 2 2 1 5 5187 6038 3237
3353 2 2 1 5 2612 6283 2810
3354 2 2 1 5 1613 6005 4207
3355 2 2 1 5 5425 5559 122
3356 2 2 1 5 1113 4928 4083
3357 2 2 1 5 2575 6505 1930
3358 2 2 1 5 1334 5933 2267
3359 2 2 1 5 1717 6435 2107
3360 2 2 1 5 4192 4816 1677
3361 2 2 1 5 266 7085 2391
3362 2 2 1 5 259 4400 2386
3363 2 2 1 5 2604 8354 390
3364 2 2 1 5 4520 4521 2517
3365 2 2 1 5 2749 5396 742
3366 2 2 1 5 159 5893 2182
3367 2 2 1 5 4764 8055 2706
3368 2 2 1 5 1755 6060 2838
3369 2 2 1 5 76 5203 1222
3370 2 2 1 5 5166 5385 2738
3371 2 2 1 5 2725 3717 2726
3372 2 2 1 5 2423 845 2881
3373 2 2 1 5 405 6384 404
3374 2 2 1 5 4018 5013 3660
3375 2 2 1 5 1147 5643 25
3376 2 2 1 5 1409 4030 2734
3377 2 2 1 5 2891 4067 2072
3378 2 2 1 5 4538 4948 375
3379 2 2 1 5 2876 3930 721
3380 2 2 1 5 3157 8045 6033
3381 2 2 1 5 2881 8591 2423
3382 2 2 1 5 4281 4826 2285
3383 2 2 1 5 3561 4981 4584
3384 2 2 1 5 6002 6988 5556
3385 2 2 1 5 593 6898 3878
3386 2 2 1 5 3096 7084 6138
3387 2 2 1 5 5064 5591 3457
3388 2 2 1 5 4106 4214 2520
3389 2 2 1 5 2696 4631 660
3390 2 2 1 5 3982 6411 723
3391 2 2 1 5 3334 4979 2406
3392 2 2 1 5 2106 6435 2487
3393 2 2 1 5 1897 7659 2857
3394 2 2 1 5 5284 6790 2237
3395 2 2 1 5 4954 5486 3516
3396 2 2 1 5 1449 6227 452
3397 2 2 1 5 1772 6640 2499
3398 2 2 1 5 1913 5426 2568
3399 2 2 1 5 1903 7226 1293
3400 2 2 1 5 1766 5777 2497
3401 2 2 1 5 499 5640 498
3402 2 2 1 5 1631 4927 4200
3403 2 2 1 5 5736 8329 1531
3404 2 2 1 5 2522 8340 2523
3405 2 2 1 5 2494 5296 4198
3406 2 2 1 5 3076 4678 3348
3407 2 2 1 5 1567 8261 4014
3408 2 2 1 5 4394 5883 3101
3409 2 2 1 5 74 5558 1219
3410 2 2 1 5 4401 5046 2340
3411 2 2 1 5 6101 7916 2172
3412 2 2 1 5 4185 6370 3644
3413 2 2 1 5 266 2391 2382
3414 2 2 1 5 5186 5263 3449
3415 2 2 1 5 3720 4477 1489
3416 2 2 1 5 853 6646 3400
3417 2 2 1 5 3957 4889 1358
3418 2 2 1 5 5189 7275 1921
3419 2 2 1 5 229 5001 3752
3420 2 2 1 5 21 6681 22
3421 2 2 1 5 851 7429 3850
3422 2 2 1 5 3069 7463 4236
3423 2 2 1 5 2115 5562 1226
3424 2 2 1 5 1327 4328 2695
3425 2 2 1 5 3730 4851 3220
3426 2 2 1 5 1760 4611 4095
3427 2 2 1 5 1382 5157 222
3428 2 2 1 5 3655 8394 3166
3429 2 2 1 5 1464 4805 2620
3430 2 2 1 5 3384 8264 5735
3431 2 2 1 5 5430 7339 4060
3432 2 2 1 5 2835 1741 2836
3433 2 2 1 5 2 8559 5571
3434 2 2 1 5 456 6446 4296
3435 2 2 1 5 841 5845 842
3436 2 2 1 5 1678 4572 1679
3437 2 2 1 5 2551 1888 643
3438 2 2 1 5 2789 4933 1029
3439 2 2 1 5 4046 8479 1488
3440 2 2 1 5 3677 5284 3168
3441 2 2 1 5 2482 4873 2484
3442 2 2 1 5 4971 8558 2209
3443 2 2 1 5 4772 6508 3699
3444 2 2 1 5 2425 4550 2005
3445 2 2 1 5 2857 5892 688
3446 2 2 1 5 2561 5159 2701
3447 2 2 1 5 2669 6815 5463
3448 2 2 1 5 1173 5309 4139
3449 2 2 1 5 4992 6617 3705
3450 2 2 1 5 1954 6952 5471
3451 2 2 1 5 3509 5688 3080
3452 2 2 1 5 3328 5410 4342
3453 2 2 1 5 72 6153 4554
3454 2 2 1 5 3186 4767 4188
3455 2 2 1 5 2772 7545 4541
3456 2 2 1 5 2720 8287 195
3457 2 2 1 5 1355 7161 2950
3458 2 2 1 5 4007 4326 2718
3459 2 2 1 5 689 7955 3893
3460 2 2 1 5 141 5427 2501
3461 2 2 1 5 5620 6007 233
3462 2 2 1 5 3284 8027 7149
3463 2 2 1 5 2295 5050 1352
3464 2 2 1 5 783 6689 900
3465 2 2 1 5 2213 1799 148
3466 2 2 1 5 5957 6133 5167
3467 2 2 1 5 1655 4441 459
3468 2 2 1 5 955 5156 1501
3469 2 2 1 5 2398 4249 1444
3470 2 2 1 5 2539 8462 1868
3471 2 2 1 5 5721 6626 3259
3472 2 2 1 5 432 4450 433
3473 2 2 1 5 3157 6033 4172
3474 2 2 1 5 767 4491 1453
3475 2 2 1 5 1496 4714 803
3476 2 2 1 5 1101 1852 1864
3477 2 2 1 5 3639 5518 1460
3478 2 2 1 5 3563 7107 5423
3479 2 2 1 5 6470 8448 720
3480 2 2 1 5 3585 4225 184
3481 2 2 1 5 5724 7572 4006
3482 2 2 1 5 1936 5189 1921
3483 2 2 1 5 2468 1114 2080
3484 2 2 1 5 706 6630 3975
3485 2 2 1 5 3108 4973 4190
3486 2 2 1 5 683 7835 682
3487 2 2 1 5 4733 6787 153
3488 2 2 1 5 297 7410 2407
3489 2 2 1 5 4925 5326 3185
3490 2 2 1 5 258 2375 2384
3491 2 2 1 5 1703 7682 6367
3492 2 2 1 5 4592 5106 1087
3493 2 2 1 5 2554 2308 1891
3494 2 2 1 5 1126 3867 3027
3495 2 2 1 5 3477 5223 4977
3496 2 2 1 5 4438 6173 1172
3497 2 2 1 5 248 4464 703
3498 2 2 1 5 145 7447 1344
3499 2 2 1 5 2657 5433 5432
3500 2 2 1 5 2202 8080 2203
3501 2 2 1 5 339 3509 338
3502 2 2 1 5 2399 7082 4380
3503 2 2 1 5 3461 5931 3322
3504 2 2 1 5 5703 5767 3046
3505 2 2 1 5 2104 6468 3858
3506 2 2 1 5 3793 8508 168
3507 2 2 1 5 1290 8359 6989
3508 2 2 1 5 4155 5880 1215
3509 2 2 1 5 3867 5000 3806
3510 2 2 1 5 3455 7528 3196
3511 2 2 1 5 4852 8073 719
3512 2 2 1 5 4171 8069 5854
3513 2 2 1 5 242 7781 4433
3514 2 2 1 5 5309 7782 7004
3515 2 2 1 5 1652 8026 2479
3516 2 2 1 5 2317 5476 5026
3517 2 2 1 5 567 5469 2644
3518 2 2 1 5 2314 8153 200
3519 2 2 1 5 2315 7534 3979
3520 2 2 1 5 4691 4698 1776
3521 2 2 1 5 1101 4760 1852
3522 2 2 1 5 48 4454 2072
3523 2 2 1 5 4513 4922 1187
3524 2 2 1 5 3245 5166 4218
3525 2 2 1 5 339 5688 3509
3526 2 2 1 5 4105 7247 2431
3527 2 2 1 5 4830 4881 2636
3528 2 2 1 5 1682 5293 2622
3529 2 2 1 5 1407 7935 1420
3530 2 2 1 5 1755 575 2648
3531 2 2 1 5 2927 5877 2926
3532 2 2 1 5 4787 6360 1296
3533 2 2 1 5 1035 6722 1036
3534 2 2 1 5 495 3685 2627
3535 2 2 1 5 1079 5392 1176
3536 2 2 1 5 1228 5102 4774
3537 2 2 1 5 6554 7837 6191
3538 2 2 1 5 4321 6187 1674
3539 2 2 1 5 1916 5045 2569
3540 2 2 1 5 3497 6716 6488
3541 2 2 1 5 4209 5325 3215
3542 2 2 1 5 607 4736 2830
3543 2 2 1 5 2303 4463 191
3544 2 2 1 5 2713 5638 677
3545 2 2 1 5 3404 5460 3405
3546 2 2 1 5 1417 4464 2379
3547 2 2 1 5 1399 5052 1386
3548 2 2 1 5 1229 4840 514
3549 2 2 1 5 2667 1304 614
3550 2 2 1 5 4947 6070 3781
3551 2 2 1 5 2479 5043 1652
3552 2 2 1 5 3244 5368 4206
3553 2 2 1 5 2943 4432 2942
3554 2 2 1 5 2254 6965 3552
3555 2 2 1 5 6429 8123 4520
3556 2 2 1 5 3867 7156 5000
3557 2 2 1 5 3124 7138 6642
3558 2 2 1 5 4610 7701 3249
3559 2 2 1 5 2288 5951 4050
3560 2 2 1 5 3472 6436 5449
3561 2 2 1 5 6595 6923 3292
3562 2 2 1 5 79 6676 3780
3563 2 2 1 5 9 6282 8
3564 2 2 1 5 89 2119 80
3565 2 2 1 5 3208 7796 4202
3566 2 2 1 5 4396 6232 2166
3567 2 2 1 5 466 6468 67
3568 2 2 1 5 819 1544 2761
3569 2 2 1 5 291 5766 3627
3570 2 2 1 5 4642 7576 3404
3571 2 2 1 5 1555 2442 2967
3572 2 2 1 5 4672 4673 1418
3573 2 2 1 5 4757 6226 4772
3574 2 2 1 5 4436 7755 4077
3575 2 2 1 5 4366 4452 116
3576 2 2 1 5 909 910 2884
3577 2 2 1 5 3467 7385 6019
3578 2 2 1 5 2393 3963 1431
3579 2 2 1 5 102 7391 2145
3580 2 2 1 5 2813 4592 1087
3581 2 2 1 5 339 5870 2442
3582 2 2 1 5 362 7292 4594
3583 2 2 1 5 4314 5494 4318
3584 2 2 1 5 3784 5694 3181
3585 2 2 1 5 4228 7606 1698
3586 2 2 1 5 401 3856 52
3587 2 2 1 5 2890 6004 2067
3588 2 2 1 5 3586 6229 4415
3589 2 2 1 5 5014 8534 2208
3590 2 2 1 5 3227 4422 4363
3591 2 2 1 5 4590 7737 3208
3592 2 2 1 5 4171 5854 2462
3593 2 2 1 5 2499 7551 1772
3594 2 2 1 5 1280 4611 1794
3595 2 2 1 5 2170 4698 4691
3596 2 2 1 5 2875 7153 721
3597 2 2 1 5 5485 7868 1877
3598 2 2 1 5 2493 5743 1746
3599 2 2 1 5 2217 4861 1312
3600 2 2 1 5 1939 5598 2513
3601 2 2 1 5 2617 6021 4876
3602 2 2 1 5 2106 7166 4043
3603 2 2 1 5 404 6049 405
3604 2 2 1 5 1716 6308 552
3605 2 2 1 5 1322 8095 6152
3606 2 2 1 5 126 7857 2178
3607 2 2 1 5 2740 2992 1414
3608 2 2 1 5 2542 7025 1878
3609 2 2 1 5 1432 7582 4300
3610 2 2 1 5 4370 6437 1873
3611 2 2 1 5 1689 6022 5689
3612 2 2 1 5 5024 5153 2336
3613 2 2 1 5 1630 5872 3687
3614 2 2 1 5 2345 5878 2344
3615 2 2 1 5 1907 6002 4481
3616 2 2 1 5 3042 6690 5691
3617 2 2 1 5 3682 5880 3205
3618 2 2 1 5 2678 5642 627
3619 2 2 1 5 7047 8218 685
3620 2 2 1 5 4781 6587 3286
3621 2 2 1 5 2469 7314 2808
3622 2 2 1 5 1613 5504 1106
3623 2 2 1 5 2566 2311 2567
3624 2 2 1 5 4602 6213 3159
3625 2 2 1 5 3130 3444 357
3626 2 2 1 5 1275 4452 4451
3627 2 2 1 5 2198 5265 1813
3628 2 2 1 5 3782 7931 2365
3629 2 2 1 5 4006 7526 5724
3630 2 2 1 5 2583 7619 1950
3631 2 2 1 5 3700 7499 4735
3632 2 2 1 5 3426 4899 2004
3633 2 2 1 5 4977 5223 3217
3634 2 2 1 5 7249 7251 561
3635 2 2 1 5 6233 7748 2680
3636 2 2 1 5 6373 8058 2159
3637 2 2 1 5 2362 6201 1400
3638 2 2 1 5 5115 6559 3163
3639 2 2 1 5 3812 8416 4239
3640 2 2 1 5 1872 5753 2512
3641 2 2 1 5 3997 5388 1622
3642 2 2 1 5 1931 7244 4054
3643 2 2 1 5 2579 5139 3373
3644 2 2 1 5 3376 5100 2568
3645 2 2 1 5 2004 4899 3427
3646 2 2 1 5 855 4740 4550
3647 2 2 1 5 2158 6358 113
3648 2 2 1 5 2400 4380 3503
3649 2 2 1 5 2266 4128 174
3650 2 2 1 5 1717 5850 3643
3651 2 2 1 5 1980 8209 275
3652 2 2 1 5 1810 4972 2513
3653 2 2 1 5 2570 4070 3226
3654 2 2 1 5 714 5826 2743
3655 2 2 1 5 2156 4832 3408
3656 2 2 1 5 3584 5593 1023
3657 2 2 1 5 3874 5175 3104
3658 2 2 1 5 4851 6481 3081
3659 2 2 1 5 1741 8593 2836
3660 2 2 1 5 5964 8260 2310
3661 2 2 1 5 3330 3711 3179
3662 2 2 1 5 1760 5095 4611
3663 2 2 1 5 5468 7174 3418
3664 2 2 1 5 920 3664 921
3665 2 2 1 5 3408 5205 111
3666 2 2 1 5 1460 5518 535
3667 2 2 1 5 6532 6594 3758
3668 2 2 1 5 712 7788 6799
3669 2 2 1 5 541 4411 1990
3670 2 2 1 5 8360 8361 1977
3671 2 2 1 5 3517 4898 4271
3672 2 2 1 5 3490 5300 4517
3673 2 2 1 5 1225 8024 2629
3674 2 2 1 5 1330 6784 4098
3675 2 2 1 5 6207 6407 659
3676 2 2 1 5 2931 5172 2930
3677 2 2 1 5 2211 4748 146
3678 2 2 1 5 194 2308 2554
3679 2 2 1 5 246 6374 2376
3680 2 2 1 5 2618 7370 443
3681 2 2 1 5 6080 7228 1298
3682 2 2 1 5 3168 6094 3677
3683 2 2 1 5 3315 4744 4270
3684 2 2 1 5 855 4562 742
3685 2 2 1 5 4028 8333 5067
3686 2 2 1 5 2360 3447 2359
3687 2 2 1 5 718 4852 719
3688 2 2 1 5 4407 7743 4408
3689 2 2 1 5 2742 4802 2389
3690 2 2 1 5 1958 8246 2588
3691 2 2 1 5 1152 5896 373
3692 2 2 1 5 3561 6424 4580
3693 2 2 1 5 4782 6815 2669
3694 2 2 1 5 4312 6176 1012
3695 2 2 1 5 1516 6420 534
3696 2 2 1 5 4195 6406 3157
3697 2 2 1 5 553 5097 2643
3698 2 2 1 5 3199 7509 3049
3699 2 2 1 5 6292 7821 2811
3700 2 2 1 5 4019 8384 140
3701 2 2 1 5 3437 7837 6554
3702 2 2 1 5 556 4930 96
3703 2 2 1 5 1408 3583 2355
3704 2 2 1 5 1484 4735 1483
3705 2 2 1 5 1350 4487 2294
3706 2 2 1 5 96 5041 556
3707 2 2 1 5 4611 5095 3173
3708 2 2 1 5 976 7060 1477
3709 2 2 1 5 1091 6275 2824
3710 2 2 1 5 5096 7755 26
3711 2 2 1 5 3190 5022 4739
3712 2 2 1 5 5366 7684 1614
3713 2 2 1 5 3595 5285 4565
3714 2 2 1 5 985 4074 960
3715 2 2 1 5 3236 5656 4000
3716 2 2 1 5 680 7142 4942
3717 2 2 1 5 1920 4674 3836
3718 2 2 1 5 4200 7992 3273
3719 2 2 1 5 3758 7297 2292
3720 2 2 1 5 2643 4641 2503
3721 2 2 1 5 275 8209 4245
3722 2 2 1 5 1205 8309 5714
3723 2 2 1 5 3298 7155 4244
3724 2 2 1 5 1164 4950 38
3725 2 2 1 5 2740 2991 2992
3726 2 2 1 5 220 5132 217
3727 2 2 1 5 3242 5773 5136
3728 2 2 1 5 2512 4675 1342
3729 2 2 1 5 1261 4254 102
3730 2 2 1 5 2529 5003 2530
3731 2 2 1 5 229 4335 227
3732 2 2 1 5 2997 4540 3899
3733 2 2 1 5 3790 6079 4151
3734 2 2 1 5 653 6213 4602
3735 2 2 1 5 96 4930 2141
3736 2 2 1 5 2659 2654 590
3737 2 2 1 5 2290 4604 3744
3738 2 2 1 5 2166 6232 4437
3739 2 2 1 5 2093 6895 4061
3740 2 2 1 5 2792 4697 3626
3741 2 2 1 5 1330 6886 6784
3742 2 2 1 5 7597 8079 347
3743 2 2 1 5 618 4773 691
3744 2 2 1 5 3323 7538 4449
3745 2 2 1 5 3739 6710 2588
3746 2 2 1 5 2079 4534 1133
3747 2 2 1 5 3313 4746 1993
3748 2 2 1 5 34 6939 6216
3749 2 2 1 5 2817 5483 1669
3750 2 2 1 5 2439 8585 3280
3751 2 2 1 5 3893 7955 4325
3752 2 2 1 5 3380 5289 2070
3753 2 2 1 5 3322 4818 4053
3754 2 2 1 5 3159 6213 4036
3755 2 2 1 5 389 5932 2604
3756 2 2 1 5 2419 5512 1485
3757 2 2 1 5 75 6081 452
3758 2 2 1 5 1532 5493 2433
3759 2 2 1 5 4501 6814 2161
3760 2 2 1 5 3101 4612 4394
3761 2 2 1 5 2994 7843 3253
3762 2 2 1 5 178 4194 669
3763 2 2 1 5 3004 5525 3003
3764 2 2 1 5 2912 8336 1117
3765 2 2 1 5 2007 4130 732
3766 2 2 1 5 3922 7431 7019
3767 2 2 1 5 1413 4378 251
3768 2 2 1 5 1330 6036 2535
3769 2 2 1 5 2739 4870 3803
3770 2 2 1 5 254 4535 3873
3771 2 2 1 5 518 6936 4567
3772 2 2 1 5 4266 7213 4533
3773 2 2 1 5 3093 6663 3611
3774 2 2 1 5 4490 5832 3142
3775 2 2 1 5 5149 8555 580
3776 2 2 1 5 3761 5767 5703
3777 2 2 1 5 356 5665 3487
3778 2 2 1 5 3021 40 1126
3779 2 2 1 5 4931 5873 1513
3780 2 2 1 5 1680 6046 1688
3781 2 2 1 5 2896 6972 1116
3782 2 2 1 5 16 5861 15
3783 2 2 1 5 3636 5919 5633
3784 2 2 1 5 2620 3759 451
3785 2 2 1 5 3724 6692 3233
3786 2 2 1 5 2781 6199 3529
3787 2 2 1 5 3085 5869 3956
3788 2 2 1 5 3349 5550 4056
3789 2 2 1 5 5180 7013 2791
3790 2 2 1 5 4988 5879 3594
3791 2 2 1 5 3289 6372 4512
3792 2 2 1 5 5672 6755 1908
3793 2 2 1 5 2848 8219 5888
3794 2 2 1 5 2224 5307 152
3795 2 2 1 5 5032 8449 3299
3796 2 2 1 5 3083 5477 5188
3797 2 2 1 5 5188 5477 171
3798 2 2 1 5 644 5897 2848
3799 2 2 1 5 3096 6138 4363
3800 2 2 1 5 6527 7223 1376
3801 2 2 1 5 2739 3583 1408
3802 2 2 1 5 70 5437 2107
3803 2 2 1 5 4290 5309 1173
3804 2 2 1 5 648 4551 2851
3805 2 2 1 5 5474 8194 2678
3806 2 2 1 5 3834 6396 21
3807 2 2 1 5 2990 2991 2741
3808 2 2 1 5 6488 6716 2818
3809 2 2 1 5 925 7656 926
3810 2 2 1 5 187 7859 4710
3811 2 2 1 5 2844 3723 2518
3812 2 2 1 5 56 4507 2619
3813 2 2 1 5 3706 4791 3338
3814 2 2 1 5 2741 2991 2740
3815 2 2 1 5 4088 7399 3425
3816 2 2 1 5 6889 7180 2510
3817 2 2 1 5 3798 7203 2904
3818 2 2 1 5 1652 5225 63
3819 2 2 1 5 351 6914 1572
3820 2 2 1 5 1810 7456 4972
3821 2 2 1 5 1699 5800 3187
3822 2 2 1 5 3447 3926 2359
3823 2 2 1 5 1173 7128 2092
3824 2 2 1 5 1334 4853 136
3825 2 2 1 5 45 4882 2085
3826 2 2 1 5 2109 6153 72
3827 2 2 1 5 173 7108 3396
3828 2 2 1 5 1176 396 1079
3829 2 2 1 5 2592 3547 2430
3830 2 2 1 5 2337 6395 4715
3831 2 2 1 5 1172 6575 4438
3832 2 2 1 5 4104 4884 1524
3833 2 2 1 5 1808 4675 2512
3834 2 2 1 5 2477 4808 1641
3835 2 2 1 5 1814 6258 2729
3836 2 2 1 5 5077 6500 4360
3837 2 2 1 5 2732 5954 5171
3838 2 2 1 5 3949 4839 165
3839 2 2 1 5 4153 6302 349
3840 2 2 1 5 2089 7826 6540
3841 2 2 1 5 4302 7782 1701
3842 2 2 1 5 1109 8253 1385
3843 2 2 1 5 2836 4975 2835
3844 2 2 1 5 4237 4813 1387
3845 2 2 1 5 6272 6480 3548
3846 2 2 1 5 96 5209 555
3847 2 2 1 5 143 4787 4689
3848 2 2 1 5 241 1952 2365
3849 2 2 1 5 2697 6474 662
3850 2 2 1 5 72 5370 2109
3851 2 2 1 5 213 5525 2327
3852 2 2 1 5 2570 8568 4070
3853 2 2 1 5 1386 4383 1933
3854 2 2 1 5 596 2162 2165
3855 2 2 1 5 600 4698 2170
3856 2 2 1 5 4398 6087 701
3857 2 2 1 5 4843 5229 3375
3858 2 2 1 5 180 4523 1904
3859 2 2 1 5 4361 6807 1292
3860 2 2 1 5 4190 5035 3232
3861 2 2 1 5 680 4942 1908
3862 2 2 1 5 1852 5206 1864
3863 2 2 1 5 3992 6052 4971
3864 2 2 1 5 696 3691 697
3865 2 2 1 5 2695 5320 1327
3866 2 2 1 5 174 4498 4137
3867 2 2 1 5 310 5501 2423
3868 2 2 1 5 1643 4195 2478
3869 2 2 1 5 140 4875 1975
3870 2 2 1 5 1524 1223 2431
3871 2 2 1 5 2698 8619 1333
3872 2 2 1 5 5567 7208 3575
3873 2 2 1 5 283 5404 1443
3874 2 2 1 5 2338 4695 4134
3875 2 2 1 5 2023 6914 351
3876 2 2 1 5 3990 3991 2888
3877 2 2 1 5 3567 5977 4229
3878 2 2 1 5 3395 5823 5507
3879 2 2 1 5 1324 6911 5287
3880 2 2 1 5 4935 7953 844
3881 2 2 1 5 3998 4916 3269
3882 2 2 1 5 224 4176 4055
3883 2 2 1 5 4093 4791 1620
3884 2 2 1 5 185 5325 4209
3885 2 2 1 5 4322 7436 3369
3886 2 2 1 5 3621 7780 1695
3887 2 2 1 5 4874 8454 2711
3888 2 2 1 5 1695 7780 4191
3889 2 2 1 5 3088 7469 4084
3890 2 2 1 5 1222 5203 4628
3891 2 2 1 5 2522 5930 2521
3892 2 2 1 5 2640 5079 1242
3893 2 2 1 5 5500 6562 583
3894 2 2 1 5 4147 7933 645
3895 2 2 1 5 3304 6846 4622
3896 2 2 1 5 1928 5239 2931
3897 2 2 1 5 2107 6435 70
3898 2 2 1 5 5310 6177 61
3899 2 2 1 5 2824 4291 4182
3900 2 2 1 5 539 7878 2638
3901 2 2 1 5 208 4835 207
3902 2 2 1 5 300 8104 5081
3903 2 2 1 5 3704 8185 1761
3904 2 2 1 5 2293 4209 4118
3905 2 2 1 5 4109 7291 5687
3906 2 2 1 5 4153 5379 3419
3907 2 2 1 5 2821 7548 3858
3908 2 2 1 5 517 4567 4343
3909 2 2 1 5 4 4415 5
3910 2 2 1 5 2712 7142 680
3911 2 2 1 5 874 5900 4491
3912 2 2 1 5 3903 6296 1508
3913 2 2 1 5 3328 6663 5198
3914 2 2 1 5 2477 5438 1640
3915 2 2 1 5 4027 4743 1174
3916 2 2 1 5 3842 4974 3222
3917 2 2 1 5 1808 7574 4059
3918 2 2 1 5 3159 7702 4602
3919 2 2 1 5 2185 5069 2186
3920 2 2 1 5 2401 5038 4264
3921 2 2 1 5 491 4180 2626
3922 2 2 1 5 2456 4310 1552
3923 2 2 1 5 2287 5045 1916
3924 2 2 1 5 2748 5112 741
3925 2 2 1 5 4529 4957 303
3926 2 2 1 5 3299 6429 4520
3927 2 2 1 5 1990 4411 3794
3928 2 2 1 5 1664 4227 347
3929 2 2 1 5 1969 5211 4442
3930 2 2 1 5 723 5317 3982
3931 2 2 1 5 3922 7019 4532
3932 2 2 1 5 596 5867 4869
3933 2 2 1 5 4995 5337 3489
3934 2 2 1 5 162 7411 4140
3935 2 2 1 5 2072 2091 48
3936 2 2 1 5 7302 8393 1382
3937 2 2 1 5 162 8167 7411
3938 2 2 1 5 4854 5384 3206
3939 2 2 1 5 82 7391 102
3940 2 2 1 5 5946 5947 3378
3941 2 2 1 5 1962 5022 4514
3942 2 2 1 5 1505 4478 4120
3943 2 2 1 5 1445 7200 3451
3944 2 2 1 5 1081 350 1050
3945 2 2 1 5 3335 5569 5568
3946 2 2 1 5 4137 4701 2266
3947 2 2 1 5 1317 5726 2241
3948 2 2 1 5 4040 7068 6888
3949 2 2 1 5 2698 7455 4494
3950 2 2 1 5 4502 4505 3184
3951 2 2 1 5 385 8489 1168
3952 2 2 1 5 2572 5678 3474
3953 2 2 1 5 3905 7071 160
3954 2 2 1 5 2451 6214 5616
3955 2 2 1 5 4584 6777 3561
3956 2 2 1 5 1001 5122 337
3957 2 2 1 5 1416 2350 252
3958 2 2 1 5 1623 4817 4021
3959 2 2 1 5 6982 8469 4150
3960 2 2 1 5 168 4391 3793
3961 2 2 1 5 5305 6786 3767
3962 2 2 1 5 2444 4696 1015
3963 2 2 1 5 6551 6700 5843
3964 2 2 1 5 3746 7785 6008
3965 2 2 1 5 2263 4090 1329
3966 2 2 1 5 3924 6462 2244
3967 2 2 1 5 3061 4899 4610
3968 2 2 1 5 1136 4538 10
3969 2 2 1 5 174 4137 2266
3970 2 2 1 5 2515 5698 1816
3971 2 2 1 5 84 6326 510
3972 2 2 1 5 6799 7788 1957
3973 2 2 1 5 4341 7357 2085
3974 2 2 1 5 1097 4111 1758
3975 2 2 1 5 1920 7187 4295
3976 2 2 1 5 2033 5752 2975
3977 2 2 1 5 2316 3285 202
3978 2 2 1 5 1598 4171 2462
3979 2 2 1 5 3294 5918 4947
3980 2 2 1 5 2359 3926 3212
3981 2 2 1 5 2237 6126 5284
3982 2 2 1 5 3134 3886 3885
3983 2 2 1 5 3245 5385 5166
3984 2 2 1 5 2963 8274 2962
3985 2 2 1 5 6647 6660 3255
3986 2 2 1 5 1328 4733 2259
3987 2 2 1 5 1214 5383 4959
3988 2 2 1 5 4063 7212 985
3989 2 2 1 5 132 4385 2185
3990 2 2 1 5 4107 7802 7792
3991 2 2 1 5 2886 2021 78
3992 2 2 1 5 1411 4518 1392
3993 2 2 1 5 49 6549 1167
3994 2 2 1 5 2986 7085 2985
3995 2 2 1 5 1813 6332 2198
3996 2 2 1 5 3556 8156 4406
3997 2 2 1 5 3285 7534 202
3998 2 2 1 5 2188 7414 1903
3999 2 2 1 5 1215 6301 4155
4000 2 2 1 5 2334 221 1380
4001 2 2 1 5 1554 6723 2439
4002 2 2 1 5 686 4443 695
4003 2 2 1 5 714 7444 715
4004 2 2 1 5 3100 7560 5937
4005 2 2 1 5 1548 5221 1546
4006 2 2 1 5 2724 5502 3226
4007 2 2 1 5 4249 5112 2748
4008 2 2 1 5 5080 5252 1873
4009 2 2 1 5 1841 7892 168
4010 2 2 1 5 1319 5831 4706
4011 2 2 1 5 4616 8432 4615
4012 2 2 1 5 3152 4490 3816
4013 2 2 1 5 2091 4779 48
4014 2 2 1 5 65 7117 4145
4015 2 2 1 5 29 4436 4077
4016 2 2 1 5 224 7081 4176
4017 2 2 1 5 3137 6513 5380
4018 2 2 1 5 327 4444 952
4019 2 2 1 5 4233 5755 3239
4020 2 2 1 5 3330 6833 2705
4021 2 2 1 5 3174 4722 4399
4022 2 2 1 5 24 7330 1146
4023 2 2 1 5 17 8237 5366
4024 2 2 1 5 4156 7547 1442
4025 2 2 1 5 2508 5210 1801
4026 2 2 1 5 2376 2375 258
4027 2 2 1 5 5562 6212 3880
4028 2 2 1 5 1108 5333 4403
4029 2 2 1 5 1001 1002 1009
4030 2 2 1 5 3388 5219 3956
4031 2 2 1 5 2037 7596 2786
4032 2 2 1 5 4385 8325 3633
4033 2 2 1 5 2212 4577 147
4034 2 2 1 5 3316 5038 4639
4035 2 2 1 5 1820 1822 2668
4036 2 2 1 5 5564 6677 2640
4037 2 2 1 5 2346 7998 6916
4038 2 2 1 5 2676 4289 626
4039 2 2 1 5 2497 8470 4005
4040 2 2 1 5 3674 5896 1152
4041 2 2 1 5 2205 7526 142
4042 2 2 1 5 4289 5883 626
4043 2 2 1 5 4663 6389 1423
4044 2 2 1 5 2200 6261 139
4045 2 2 1 5 2238 5744 3379
4046 2 2 1 5 2541 8277 1873
4047 2 2 1 5 4240 6057 5907
4048 2 2 1 5 1133 4534 1161
4049 2 2 1 5 5678 7741 3251
4050 2 2 1 5 4236 6299 3069
4051 2 2 1 5 2199 6978 139
4052 2 2 1 5 2252 4710 4391
4053 2 2 1 5 4039 7020 4588
4054 2 2 1 5 3064 5008 4548
4055 2 2 1 5 2626 8429 490
4056 2 2 1 5 6675 6816 3087
4057 2 2 1 5 4751 6503 3479
4058 2 2 1 5 4834 5898 3325
4059 2 2 1 5 3752 8305 4001
4060 2 2 1 5 6112 7918 3773
4061 2 2 1 5 2315 3099 2571
4062 2 2 1 5 1587 6335 5664
4063 2 2 1 5 3436 8048 4688
4064 2 2 1 5 4677 7172 1726
4065 2 2 1 5 4146 8125 4147
4066 2 2 1 5 2538 6569 1835
4067 2 2 1 5 37 3777 1613
4068 2 2 1 5 1372 4908 1927
4069 2 2 1 5 3208 5899 4590
4070 2 2 1 5 2488 2119 524
4071 2 2 1 5 1429 6029 2391
4072 2 2 1 5 4056 7214 3349
4073 2 2 1 5 5227 6163 1738
4074 2 2 1 5 3215 6123 4209
4075 2 2 1 5 5435 5570 3065
4076 2 2 1 5 1370 5954 2732
4077 2 2 1 5 1674 6187 2483
4078 2 2 1 5 4319 5334 4317
4079 2 2 1 5 1597 4476 1194
4080 2 2 1 5 1819 5659 2516
4081 2 2 1 5 3827 5196 2448
4082 2 2 1 5 4876 8352 442
4083 2 2 1 5 2479 4867 1653
4084 2 2 1 5 2938 5171 2937
4085 2 2 1 5 5542 6540 6074
4086 2 2 1 5 3272 5332 4743
4087 2 2 1 5 1149 4940 1146
4088 2 2 1 5 2539 4937 1867
4089 2 2 1 5 1918 5502 690
4090 2 2 1 5 2382 6029 2381
4091 2 2 1 5 3911 4493 3156
4092 2 2 1 5 1425 5548 4526
4093 2 2 1 5 1688 4651 1680
4094 2 2 1 5 3623 6818 218
4095 2 2 1 5 573 7541 114
4096 2 2 1 5 4330 6925 3578
4097 2 2 1 5 4643 6716 3497
4098 2 2 1 5 5743 5862 598
4099 2 2 1 5 2956 1353 2955
4100 2 2 1 5 638 5336 2683
4101 2 2 1 5 4969 6026 1874
4102 2 2 1 5 1800 5113 131
4103 2 2 1 5 4822 5553 1159
4104 2 2 1 5 2832 8099 7668
4105 2 2 1 5 2767 6365 4082
4106 2 2 1 5 2204 5669 1779
4107 2 2 1 5 392 4513 1187
4108 2 2 1 5 4882 8008 2085
4109 2 2 1 5 4146 4147 3188
4110 2 2 1 5 2294 4231 1350
4111 2 2 1 5 3677 6094 3970
4112 2 2 1 5 531 6738 3271
4113 2 2 1 5 3363 5591 5064
4114 2 2 1 5 2124 1516 534
4115 2 2 1 5 1329 4607 2263
4116 2 2 1 5 779 8362 1981
4117 2 2 1 5 2244 3949 165
4118 2 2 1 5 8111 8407 1285
4119 2 2 1 5 3993 8092 2863
4120 2 2 1 5 517 4652 581
4121 2 2 1 5 6112 6469 3169
4122 2 2 1 5 3299 8449 4289
4123 2 2 1 5 154 4205 3653
4124 2 2 1 5 3880 7011 3111
4125 2 2 1 5 2442 6132 4559
4126 2 2 1 5 75 5986 4902
4127 2 2 1 5 2174 5472 123
4128 2 2 1 5 2988 5047 712
4129 2 2 1 5 2714 5584 2715
4130 2 2 1 5 2747 5602 1990
4131 2 2 1 5 2083 5956 4236
4132 2 2 1 5 3939 5941 2107
4133 2 2 1 5 662 4090 1865
4134 2 2 1 5 5275 7549 526
4135 2 2 1 5 4520 5073 3299
4136 2 2 1 5 2661 5743 598
4137 2 2 1 5 2233 6656 160
4138 2 2 1 5 2743 5826 4062
4139 2 2 1 5 4359 4955 1985
4140 2 2 1 5 4129 8189 5004
4141 2 2 1 5 1727 5355 3890
4142 2 2 1 5 1082 5158 426
4143 2 2 1 5 3633 8351 4385
4144 2 2 1 5 3604 7498 1503
4145 2 2 1 5 2365 2415 241
4146 2 2 1 5 3253 6500 5077
4147 2 2 1 5 3157 5719 4195
4148 2 2 1 5 4310 6803 6464
4149 2 2 1 5 4442 6949 3462
4150 2 2 1 5 4398 5052 2341
4151 2 2 1 5 5198 5410 3328
4152 2 2 1 5 4428 6592 3111
4153 2 2 1 5 4793 6606 299
4154 2 2 1 5 5151 8371 4190
4155 2 2 1 5 648 8086 5802
4156 2 2 1 5 1228 2116 2117
4157 2 2 1 5 3323 4466 3879
4158 2 2 1 5 3227 7904 4364
4159 2 2 1 5 1474 5515 2971
4160 2 2 1 5 594 6158 5276
4161 2 2 1 5 3711 3712 3179
4162 2 2 1 5 3236 5480 4160
4163 2 2 1 5 4202 5899 3208
4164 2 2 1 5 2135 3857 1284
4165 2 2 1 5 857 4260 313
4166 2 2 1 5 3523 7005 4268
4167 2 2 1 5 2494 4198 4197
4168 2 2 1 5 2106 4986 1211
4169 2 2 1 5 1875 7322 4780
4170 2 2 1 5 6740 8207 3441
4171 2 2 1 5 2248 3371 2247
4172 2 2 1 5 1141 5446 19
4173 2 2 1 5 2110 5375 497
4174 2 2 1 5 843 5864 842
4175 2 2 1 5 3687 5388 1630
4176 2 2 1 5 124 3810 1724
4177 2 2 1 5 1831 7650 2913
4178 2 2 1 5 4726 6415 1206
4179 2 2 1 5 1605 3026 2467
4180 2 2 1 5 552 6308 553
4181 2 2 1 5 1086 8396 2808
4182 2 2 1 5 1387 4695 2338
4183 2 2 1 5 2270 4051 176
4184 2 2 1 5 3667 6301 1215
4185 2 2 1 5 1706 6280 1088
4186 2 2 1 5 4212 8203 2298
4187 2 2 1 5 3118 5922 4427
4188 2 2 1 5 481 4292 71
4189 2 2 1 5 2802 6285 1535
4190 2 2 1 5 4229 8458 3567
4191 2 2 1 5 1110 5934 215
4192 2 2 1 5 1961 4935 1480
4193 2 2 1 5 3861 5453 3569
4194 2 2 1 5 49 6902 4770
4195 2 2 1 5 4245 7389 276
4196 2 2 1 5 3962 7239 2923
4197 2 2 1 5 86 6278 540
4198 2 2 1 5 4307 4775 3136
4199 2 2 1 5 1177 7409 405
4200 2 2 1 5 2412 6979 4261
4201 2 2 1 5 54 5632 55
4202 2 2 1 5 3493 6349 4465
4203 2 2 1 5 2893 1145 24
4204 2 2 1 5 4797 6001 3737
4205 2 2 1 5 3467 6019 5133
4206 2 2 1 5 1135 5567 24
4207 2 2 1 5 4152 7333 2186
4208 2 2 1 5 2800 5473 1035
4209 2 2 1 5 4299 8587 1702
4210 2 2 1 5 2415 5822 241
4211 2 2 1 5 3537 6498 3164
4212 2 2 1 5 7114 7803 4104
4213 2 2 1 5 4288 6543 5529
4214 2 2 1 5 4160 5656 3236
4215 2 2 1 5 4037 8266 7678
4216 2 2 1 5 479 6676 79
4217 2 2 1 5 3470 6684 6086
4218 2 2 1 5 2691 1324 2692
4219 2 2 1 5 2511 7171 1806
4220 2 2 1 5 1922 3613 3423
4221 2 2 1 5 4038 8265 1537
4222 2 2 1 5 786 5594 2834
4223 2 2 1 5 1442 5775 4156
4224 2 2 1 5 2306 7467 1362
4225 2 2 1 5 2519 4305 600
4226 2 2 1 5 4135 7316 650
4227 2 2 1 5 452 1464 2620
4228 2 2 1 5 2092 5646 4278
4229 2 2 1 5 2150 6892 3347
4230 2 2 1 5 125 7915 3725
4231 2 2 1 5 4101 6611 4878
4232 2 2 1 5 179 6141 1870
4233 2 2 1 5 3145 8077 7832
4234 2 2 1 5 376 6487 372
4235 2 2 1 5 141 7759 1777
4236 2 2 1 5 2302 4683 2301
4237 2 2 1 5 2170 4691 1281
4238 2 2 1 5 2613 6309 3856
4239 2 2 1 5 3076 6594 4678
4240 2 2 1 5 4579 6778 1366
4241 2 2 1 5 1867 6569 2538
4242 2 2 1 5 3687 4093 2469
4243 2 2 1 5 5217 6889 2510
4244 2 2 1 5 3899 4495 2996
4245 2 2 1 5 3049 4702 3199
4246 2 2 1 5 4831 4832 1267
4247 2 2 1 5 3980 6701 2594
4248 2 2 1 5 3383 6738 6058
4249 2 2 1 5 3286 6587 3694
4250 2 2 1 5 3290 6963 4557
4251 2 2 1 5 38 4756 1164
4252 2 2 1 5 4176 7080 4629
4253 2 2 1 5 4463 5741 3336
4254 2 2 1 5 4248 8599 505
4255 2 2 1 5 1657 5237 2098
4256 2 2 1 5 1489 7178 3720
4257 2 2 1 5 1223 4885 1185
4258 2 2 1 5 7261 7736 2082
4259 2 2 1 5 6483 7712 3125
4260 2 2 1 5 3702 7570 4127
4261 2 2 1 5 5724 7526 2205
4262 2 2 1 5 5715 6201 3896
4263 2 2 1 5 4070 8568 2203
4264 2 2 1 5 1216 5290 1217
4265 2 2 1 5 1524 7247 4104
4266 2 2 1 5 4886 6656 2233
4267 2 2 1 5 3925 6331 4809
4268 2 2 1 5 1132 7092 5490
4269 2 2 1 5 1079 8243 5392
4270 2 2 1 5 4494 8619 2698
4271 2 2 1 5 2614 4999 417
4272 2 2 1 5 1241 6419 4519
4273 2 2 1 5 156 1842 2531
4274 2 2 1 5 5710 5711 5709
4275 2 2 1 5 788 8100 2753
4276 2 2 1 5 3452 6989 3886
4277 2 2 1 5 7489 7501 5451
4278 2 2 1 5 3946 4587 3521
4279 2 2 1 5 650 7316 4052
4280 2 2 1 5 3837 5097 2121
4281 2 2 1 5 3551 6700 5857
4282 2 2 1 5 4931 4932 3441
4283 2 2 1 5 4595 5089 670
4284 2 2 1 5 3959 4623 1508
4285 2 2 1 5 2533 6312 5554
4286 2 2 1 5 1869 4057 3828
4287 2 2 1 5 5359 5902 3931
4288 2 2 1 5 2904 8536 3798
4289 2 2 1 5 2670 6254 617
4290 2 2 1 5 4639 5038 3420
4291 2 2 1 5 2085 7357 45
4292 2 2 1 5 695 4866 2719
4293 2 2 1 5 3221 6765 3951
4294 2 2 1 5 3474 7313 2573
4295 2 2 1 5 4077 6929 29
4296 2 2 1 5 7178 7688 3720
4297 2 2 1 5 2558 2556 1893
4298 2 2 1 5 373 5881 1152
4299 2 2 1 5 3111 6863 3880
4300 2 2 1 5 4275 4276 2731
4301 2 2 1 5 2544 189 2543
4302 2 2 1 5 4234 6839 2307
4303 2 2 1 5 1381 5238 2334
4304 2 2 1 5 2255 7730 3795
4305 2 2 1 5 1513 4217 284
4306 2 2 1 5 1856 4524 649
4307 2 2 1 5 3630 7029 2703
4308 2 2 1 5 327 5254 4444
4309 2 2 1 5 2500 5319 1774
4310 2 2 1 5 44 7485 1164
4311 2 2 1 5 1656 4138 2815
4312 2 2 1 5 2680 7695 3840
4313 2 2 1 5 2710 7908 3964
4314 2 2 1 5 3104 5175 3696
4315 2 2 1 5 1768 4214 4106
4316 2 2 1 5 2283 6955 6339
4317 2 2 1 5 2402 7211 6463
4318 2 2 1 5 5807 7359 1340
4319 2 2 1 5 4257 5831 1319
4320 2 2 1 5 148 5419 2213
4321 2 2 1 5 1643 6406 4195
4322 2 2 1 5 2476 6000 1638
4323 2 2 1 5 3142 8011 4490
4324 2 2 1 5 2252 4391 168
4325 2 2 1 5 4600 6161 3159
4326 2 2 1 5 3994 5882 2149
4327 2 2 1 5 5978 7403 4295
4328 2 2 1 5 1674 7594 4321
4329 2 2 1 5 1596 6034 734
4330 2 2 1 5 343 6837 1023
4331 2 2 1 5 5672 7642 3846
4332 2 2 1 5 1088 6280 484
4333 2 2 1 5 5425 7709 3352
4334 2 2 1 5 646 2524 151
4335 2 2 1 5 2686 4937 1869
4336 2 2 1 5 3559 6331 3925
4337 2 2 1 5 658 6269 1849
4338 2 2 1 5 5266 7242 3067
4339 2 2 1 5 1451 7185 7184
4340 2 2 1 5 2509 8200 4152
4341 2 2 1 5 1463 5715 2718
4342 2 2 1 5 3269 4916 4200
4343 2 2 1 5 4894 6198 3733
4344 2 2 1 5 556 558 1252
4345 2 2 1 5 4803 7283 499
4346 2 2 1 5 3249 7701 4162
4347 2 2 1 5 1275 4451 1271
4348 2 2 1 5 1956 5154 2379
4349 2 2 1 5 4959 6063 1214
4350 2 2 1 5 4257 7713 5831
4351 2 2 1 5 3688 6097 4684
4352 2 2 1 5 2953 7141 2952
4353 2 2 1 5 1748 2633 528
4354 2 2 1 5 4465 6349 3148
4355 2 2 1 5 665 4766 4434
4356 2 2 1 5 2701 4938 2561
4357 2 2 1 5 1690 6798 1691
4358 2 2 1 5 71 6515 481
4359 2 2 1 5 2680 7748 589
4360 2 2 1 5 3830 4786 788
4361 2 2 1 5 3172 7143 4808
4362 2 2 1 5 1080 7409 5270
4363 2 2 1 5 4568 6612 3731
4364 2 2 1 5 4001 7244 6809
4365 2 2 1 5 2878 6224 1103
4366 2 2 1 5 4291 5495 1700
4367 2 2 1 5 3320 5982 4508
4368 2 2 1 5 4104 7803 4884
4369 2 2 1 5 4359 6316 4955
4370 2 2 1 5 3875 8064 2547
4371 2 2 1 5 3882 6854 5119
4372 2 2 1 5 4421 5666 300
4373 2 2 1 5 3173 5030 4611
4374 2 2 1 5 2375 3557 245
4375 2 2 1 5 5589 7562 1291
4376 2 2 1 5 4221 7999 4571
4377 2 2 1 5 292 5105 773
4378 2 2 1 5 1339 6760 2271
4379 2 2 1 5 2041 4356 1552
4380 2 2 1 5 2292 5195 1946
4381 2 2 1 5 259 6662 4400
4382 2 2 1 5 1339 6797 2947
4383 2 2 1 5 3841 8202 3175
4384 2 2 1 5 3012 6803 3011
4385 2 2 1 5 2605 5376 1174
4386 2 2 1 5 4289 5182 3299
4387 2 2 1 5 5177 7146 2104
4388 2 2 1 5 1340 7359 4901
4389 2 2 1 5 5220 6020 246
4390 2 2 1 5 3778 6765 3221
4391 2 2 1 5 4551 5690 1880
4392 2 2 1 5 2485 7814 5483
4393 2 2 1 5 3080 7405 3542
4394 2 2 1 5 3648 6389 4663
4395 2 2 1 5 2734 6401 1410
4396 2 2 1 5 5514 8210 1757
4397 2 2 1 5 4735 6228 3307
4398 2 2 1 5 3454 8023 4210
4399 2 2 1 5 2402 7425 4405
4400 2 2 1 5 1325 8554 4693
4401 2 2 1 5 2084 8583 1163
4402 2 2 1 5 1583 6006 2455
4403 2 2 1 5 2702 4258 2701
4404 2 2 1 5 1227 5987 2116
4405 2 2 1 5 4056 5550 1703
4406 2 2 1 5 4236 7261 2083
4407 2 2 1 5 2738 5385 1396
4408 2 2 1 5 4420 7518 3300
4409 2 2 1 5 2061 5805 1015
4410 2 2 1 5 1499 6361 1501
4411 2 2 1 5 1405 243 2414
4412 2 2 1 5 581 6426 2147
4413 2 2 1 5 3152 5421 4044
4414 2 2 1 5 1015 5805 2444
4415 2 2 1 5 2208 8534 4640
4416 2 2 1 5 5637 8011 3142
4417 2 2 1 5 658 6619 3795
4418 2 2 1 5 3279 4772 3699
4419 2 2 1 5 1204 7620 2820
4420 2 2 1 5 670 4901 4595
4421 2 2 1 5 5112 6044 741
4422 2 2 1 5 2208 7447 145
4423 2 2 1 5 2652 4343 2144
4424 2 2 1 5 4131 4774 3355
4425 2 2 1 5 2376 5220 246
4426 2 2 1 5 55 6881 420
4427 2 2 1 5 4056 6367 4346
4428 2 2 1 5 2956 6164 1353
4429 2 2 1 5 1149 5096 26
4430 2 2 1 5 4715 6395 5635
4431 2 2 1 5 8 5603 7
4432 2 2 1 5 663 5491 2267
4433 2 2 1 5 4062 5826 1456
4434 2 2 1 5 3342 6973 4230
4435 2 2 1 5 1363 4410 1805
4436 2 2 1 5 27 1150 35
4437 2 2 1 5 3392 6299 5956
4438 2 2 1 5 3633 8325 4387
4439 2 2 1 5 2822 6850 4302
4440 2 2 1 5 4202 4663 1423
4441 2 2 1 5 6885 7268 1731
4442 2 2 1 5 2186 8524 2185
4443 2 2 1 5 3809 7896 2454
4444 2 2 1 5 3503 6103 2400
4445 2 2 1 5 2520 4754 4106
4446 2 2 1 5 4128 4996 174
4447 2 2 1 5 2699 5428 4298
4448 2 2 1 5 4988 5875 3276
4449 2 2 1 5 822 5515 1474
4450 2 2 1 5 3602 5513 92
4451 2 2 1 5 3110 6408 5344
4452 2 2 1 5 5203 7174 3570
4453 2 2 1 5 2818 461 2622
4454 2 2 1 5 4439 6056 1390
4455 2 2 1 5 1406 5948 4730
4456 2 2 1 5 2528 8537 1840
4457 2 2 1 5 4913 6128 3276
4458 2 2 1 5 2212 7277 5464
4459 2 2 1 5 4653 5678 3251
4460 2 2 1 5 1244 6972 2896
4461 2 2 1 5 7792 7802 3106
4462 2 2 1 5 3466 6856 5309
4463 2 2 1 5 2699 4298 664
4464 2 2 1 5 3884 7736 7261
4465 2 2 1 5 4734 7595 2342
4466 2 2 1 5 1634 6143 401
4467 2 2 1 5 2103 5941 3939
4468 2 2 1 5 2072 4067 2091
4469 2 2 1 5 3427 6779 4035
4470 2 2 1 5 1392 4309 1411
4471 2 2 1 5 4182 4291 2821
4472 2 2 1 5 4946 7801 1306
4473 2 2 1 5 399 400 1663
4474 2 2 1 5 3063 5410 5198
4475 2 2 1 5 1501 5156 4676
4476 2 2 1 5 727 6192 2746
4477 2 2 1 5 2584 8601 4700
4478 2 2 1 5 2864 6124 5005
4479 2 2 1 5 682 7353 3948
4480 2 2 1 5 1951 7583 4818
4481 2 2 1 5 5188 7111 3083
4482 2 2 1 5 2591 6439 6297
4483 2 2 1 5 2698 5336 638
4484 2 2 1 5 4268 6844 2331
4485 2 2 1 5 3926 5039 3212
4486 2 2 1 5 2856 4607 1329
4487 2 2 1 5 2691 6911 1324
4488 2 2 1 5 1400 5804 3557
4489 2 2 1 5 811 5871 2760
4490 2 2 1 5 2564 7226 1903
4491 2 2 1 5 1635 4431 1599
4492 2 2 1 5 160 6656 3905
4493 2 2 1 5 3864 5458 2875
4494 2 2 1 5 2431 7247 1524
4495 2 2 1 5 5701 7773 4348
4496 2 2 1 5 5428 7689 4298
4497 2 2 1 5 4510 7797 8
4498 2 2 1 5 2280 6443 179
4499 2 2 1 5 366 6239 4819
4500 2 2 1 5 2692 1853 2854
4501 2 2 1 5 3074 6369 3459
4502 2 2 1 5 834 5623 1537
4503 2 2 1 5 3672 5898 4834
4504 2 2 1 5 4066 5981 2881
4505 2 2 1 5 289 7793 768
4506 2 2 1 5 6083 6099 3658
4507 2 2 1 5 2293 7297 4777
4508 2 2 1 5 3542 4256 3080
4509 2 2 1 5 2585 5976 2588
4510 2 2 1 5 4848 5512 2419
4511 2 2 1 5 7294 7395 4023
4512 2 2 1 5 3220 6378 6050
4513 2 2 1 5 3263 5120 4786
4514 2 2 1 5 3027 3867 3806
4515 2 2 1 5 5111 5299 3064
4516 2 2 1 5 323 5203 3570
4517 2 2 1 5 2134 5228 2136
4518 2 2 1 5 2568 5100 1913
4519 2 2 1 5 3730 6050 4577
4520 2 2 1 5 4116 5815 3355
4521 2 2 1 5 4916 7484 1642
4522 2 2 1 5 4275 4474 4276
4523 2 2 1 5 3694 3792 3141
4524 2 2 1 5 4263 8550 4262
4525 2 2 1 5 4419 6914 1523
4526 2 2 1 5 3696 6866 3104
4527 2 2 1 5 5026 5476 3343
4528 2 2 1 5 5696 7465 3820
4529 2 2 1 5 1406 4730 3673
4530 2 2 1 5 1148 6191 28
4531 2 2 1 5 4575 8515 4376
4532 2 2 1 5 3043 5416 5415
4533 2 2 1 5 4231 7042 1350
4534 2 2 1 5 4188 8122 4810
4535 2 2 1 5 2187 5750 4709
4536 2 2 1 5 269 4859 2394
4537 2 2 1 5 1642 6159 4916
4538 2 2 1 5 1829 5084 1827
4539 2 2 1 5 195 8287 4122
4540 2 2 1 5 6284 7913 4871
4541 2 2 1 5 1349 5045 2287
4542 2 2 1 5 3125 4847 3799
4543 2 2 1 5 244 6478 2372
4544 2 2 1 5 1777 7759 2841
4545 2 2 1 5 362 8546 4455
4546 2 2 1 5 527 7970 2824
4547 2 2 1 5 3975 6168 4218
4548 2 2 1 5 2375 8378 2384
4549 2 2 1 5 3125 7712 4847
4550 2 2 1 5 7004 7782 3088
4551 2 2 1 5 3771 5512 4848
4552 2 2 1 5 2328 4546 2325
4553 2 2 1 5 153 6787 2224
4554 2 2 1 5 1624 5465 2809
4555 2 2 1 5 1748 4985 577
4556 2 2 1 5 4644 5480 3465
4557 2 2 1 5 3720 7688 5311
4558 2 2 1 5 873 6361 1499
4559 2 2 1 5 1877 7868 7056
4560 2 2 1 5 1314 4832 4831
4561 2 2 1 5 2552 5528 4215
4562 2 2 1 5 3356 6321 5053
4563 2 2 1 5 651 4135 650
4564 2 2 1 5 1397 7547 4646
4565 2 2 1 5 6544 7165 4747
4566 2 2 1 5 1373 4868 2354
4567 2 2 1 5 603 4941 602
4568 2 2 1 5 132 8484 8325
4569 2 2 1 5 2427 5488 887
4570 2 2 1 5 2624 5932 489
4571 2 2 1 5 1637 6538 4272
4572 2 2 1 5 4429 5847 3351
4573 2 2 1 5 3056 5304 4320
4574 2 2 1 5 2244 5865 3924
4575 2 2 1 5 139 5436 2200
4576 2 2 1 5 4743 5244 3272
4577 2 2 1 5 4215 6572 3484
4578 2 2 1 5 3067 7242 4561
4579 2 2 1 5 1755 6422 575
4580 2 2 1 5 3479 5725 5338
4581 2 2 1 5 4749 5598 2862
4582 2 2 1 5 3870 7055 1270
4583 2 2 1 5 2468 2080 1618
4584 2 2 1 5 2494 6337 5862
4585 2 2 1 5 1174 5376 5098
4586 2 2 1 5 7591 7592 3310
4587 2 2 1 5 3393 6766 4967
4588 2 2 1 5 4491 5900 2976
4589 2 2 1 5 2746 6192 5396
4590 2 2 1 5 4762 7468 3995
4591 2 2 1 5 4037 7678 7643
4592 2 2 1 5 3415 6360 4787
4593 2 2 1 5 4286 7309 2372
4594 2 2 1 5 848 6580 3365
4595 2 2 1 5 163 7763 4492
4596 2 2 1 5 3276 5879 4988
4597 2 2 1 5 175 5104 2268
4598 2 2 1 5 2178 4457 126
4599 2 2 1 5 204 7005 4893
4600 2 2 1 5 1381 8138 1966
4601 2 2 1 5 4743 5332 1174
4602 2 2 1 5 4512 5131 3289
4603 2 2 1 5 1293 7920 2188
4604 2 2 1 5 1509 4740 855
4605 2 2 1 5 4264 5539 755
4606 2 2 1 5 4816 7814 2485
4607 2 2 1 5 1985 7192 4359
4608 2 2 1 5 4423 7395 2873
4609 2 2 1 5 4111 5526 1758
4610 2 2 1 5 2776 4183 1471
4611 2 2 1 5 3685 6105 2627
4612 2 2 1 5 1883 6813 2952
4613 2 2 1 5 3981 4566 3174
4614 2 2 1 5 2106 4043 70
4615 2 2 1 5 1095 4691 1776
4616 2 2 1 5 523 5992 3908
4617 2 2 1 5 4 5 2894
4618 2 2 1 5 3201 6594 6532
4619 2 2 1 5 1684 2901 1203
4620 2 2 1 5 2352 4512 2351
4621 2 2 1 5 580 5063 2146
4622 2 2 1 5 4495 6522 2996
4623 2 2 1 5 6683 7862 3811
4624 2 2 1 5 2574 5316 4629
4625 2 2 1 5 4678 6594 3201
4626 2 2 1 5 3228 5357 4101
4627 2 2 1 5 3078 7325 5510
4628 2 2 1 5 6977 7123 3866
4629 2 2 1 5 4685 5559 3352
4630 2 2 1 5 4360 6500 1412
4631 2 2 1 5 380 6000 5312
4632 2 2 1 5 200 6139 4674
4633 2 2 1 5 6004 7259 2067
4634 2 2 1 5 5241 5489 3866
4635 2 2 1 5 1350 7645 4487
4636 2 2 1 5 670 6759 1899
4637 2 2 1 5 286 4359 753
4638 2 2 1 5 1677 7795 4192
4639 2 2 1 5 1249 559 1248
4640 2 2 1 5 5821 7732 3888
4641 2 2 1 5 2385 5220 2376
4642 2 2 1 5 2569 7073 1917
4643 2 2 1 5 2184 8484 132
4644 2 2 1 5 5344 6999 3110
4645 2 2 1 5 4025 7068 4040
4646 2 2 1 5 3303 5315 3965
4647 2 2 1 5 1103 5891 2878
4648 2 2 1 5 3789 8094 5546
4649 2 2 1 5 1854 6078 2855
4650 2 2 1 5 4551 6930 4665
4651 2 2 1 5 2367 5816 1743
4652 2 2 1 5 2637 4267 509
4653 2 2 1 5 5102 5103 3355
4654 2 2 1 5 3501 6450 4142
4655 2 2 1 5 1372 5590 4653
4656 2 2 1 5 2398 5112 4249
4657 2 2 1 5 3327 7511 4670
4658 2 2 1 5 1743 5816 2837
4659 2 2 1 5 3983 8515 4575
4660 2 2 1 5 3951 6765 1369
4661 2 2 1 5 1728 7172 4677
4662 2 2 1 5 2810 5161 1634
4663 2 2 1 5 5696 6137 3147
4664 2 2 1 5 4362 5572 3225
4665 2 2 1 5 2131 5516 2128
4666 2 2 1 5 2454 7067 357
4667 2 2 1 5 2082 4143 42
4668 2 2 1 5 1731 7989 4767
4669 2 2 1 5 4964 7860 2461
4670 2 2 1 5 2065 5148 1584
4671 2 2 1 5 3492 5801 5776
4672 2 2 1 5 4172 5719 3157
4673 2 2 1 5 4577 5464 3353
4674 2 2 1 5 1508 6296 3959
4675 2 2 1 5 3702 4127 1307
4676 2 2 1 5 2169 1818 2168
4677 2 2 1 5 2272 4755 2273
4678 2 2 1 5 3529 5049 3966
4679 2 2 1 5 4200 4927 3269
4680 2 2 1 5 1362 6320 2306
4681 2 2 1 5 3087 7356 5408
4682 2 2 1 5 5097 6308 5275
4683 2 2 1 5 2577 5813 4007
4684 2 2 1 5 676 4470 2710
4685 2 2 1 5 2250 1840 2251
4686 2 2 1 5 1295 4556 133
4687 2 2 1 5 2830 4849 3464
4688 2 2 1 5 3935 5204 3936
4689 2 2 1 5 1958 7355 2586
4690 2 2 1 5 2312 4915 199
4691 2 2 1 5 4374 6140 1975
4692 2 2 1 5 5709 7205 5710
4693 2 2 1 5 4692 6842 2955
4694 2 2 1 5 3213 7339 5430
4695 2 2 1 5 2333 6948 4784
4696 2 2 1 5 775 5313 774
4697 2 2 1 5 4117 8524 7333
4698 2 2 1 5 2151 7426 7078
4699 2 2 1 5 1319 4712 1839
4700 2 2 1 5 1859 5351 2536
4701 2 2 1 5 5600 5758 3239
4702 2 2 1 5 5903 7109 700
4703 2 2 1 5 26 4940 1149
4704 2 2 1 5 1228 6317 2116
4705 2 2 1 5 7159 7959 4430
4706 2 2 1 5 4471 5791 2120
4707 2 2 1 5 1655 4346 1651
4708 2 2 1 5 1805 4410 693
4709 2 2 1 5 4132 6896 3281
4710 2 2 1 5 5549 8377 2197
4711 2 2 1 5 1150 8162 7897
4712 2 2 1 5 1215 5714 5162
4713 2 2 1 5 6050 6378 2213
4714 2 2 1 5 147 6624 5989
4715 2 2 1 5 4530 6358 2491
4716 2 2 1 5 3131 8302 4092
4717 2 2 1 5 3507 6523 2518
4718 2 2 1 5 615 1823 2675
4719 2 2 1 5 5546 8094 1515
4720 2 2 1 5 3162 6012 4662
4721 2 2 1 5 6975 6976 354
4722 2 2 1 5 2580 4229 3568
4723 2 2 1 5 3982 5317 5137
4724 2 2 1 5 3553 7269 3193
4725 2 2 1 5 247 6710 5990
4726 2 2 1 5 193 5171 679
4727 2 2 1 5 3322 5331 3461
4728 2 2 1 5 1318 4967 2226
4729 2 2 1 5 2943 5759 4432
4730 2 2 1 5 544 7739 792
4731 2 2 1 5 3872 5621 5105
4732 2 2 1 5 4442 6110 1969
4733 2 2 1 5 2573 7313 6458
4734 2 2 1 5 1107 7899 4841
4735 2 2 1 5 1806 8314 2511
4736 2 2 1 5 5682 5767 3761
4737 2 2 1 5 580 6426 2651
4738 2 2 1 5 4800 4856 2395
4739 2 2 1 5 5101 6089 3334
4740 2 2 1 5 5078 5091 3254
4741 2 2 1 5 2667 6195 1304
4742 2 2 1 5 1809 2541 1872
4743 2 2 1 5 2167 5296 119
4744 2 2 1 5 1932 4783 2868
4745 2 2 1 5 5085 5265 2514
4746 2 2 1 5 4058 8595 6179
4747 2 2 1 5 1800 7513 5076
4748 2 2 1 5 457 5405 4034
4749 2 2 1 5 4142 6694 2408
4750 2 2 1 5 2484 6402 1675
4751 2 2 1 5 1871 7053 4108
4752 2 2 1 5 3570 6713 908
4753 2 2 1 5 2377 6949 710
4754 2 2 1 5 3107 7487 4478
4755 2 2 1 5 1091 5975 468
4756 2 2 1 5 2283 8177 4812
4757 2 2 1 5 639 5809 4242
4758 2 2 1 5 3081 5352 3274
4759 2 2 1 5 896 7446 4805
4760 2 2 1 5 675 8205 6028
4761 2 2 1 5 3278 6618 565
4762 2 2 1 5 5324 7274 3698
4763 2 2 1 5 1245 5178 3877
4764 2 2 1 5 4191 6960 1695
4765 2 2 1 5 5647 5648 3365
4766 2 2 1 5 3325 4835 4834
4767 2 2 1 5 5187 6304 6038
4768 2 2 1 5 3459 5301 3074
4769 2 2 1 5 4263 7435 3775
4770 2 2 1 5 4683 8248 2301
4771 2 2 1 5 5054 7615 1586
4772 2 2 1 5 2496 7813 1761
4773 2 2 1 5 1173 5116 4290
4774 2 2 1 5 3963 6600 1431
4775 2 2 1 5 3754 5791 2108
4776 2 2 1 5 3770 6781 3185
4777 2 2 1 5 5252 7687 1878
4778 2 2 1 5 330 5150 2614
4779 2 2 1 5 1683 5241 5240
4780 2 2 1 5 2642 5927 5837
4781 2 2 1 5 5034 5698 1819
4782 2 2 1 5 2357 1951 238
4783 2 2 1 5 3067 6612 4568
4784 2 2 1 5 3107 6242 4605
4785 2 2 1 5 1937 8239 685
4786 2 2 1 5 3413 6063 4959
4787 2 2 1 5 1460 5717 3639
4788 2 2 1 5 2646 7169 1782
4789 2 2 1 5 4589 7635 195
4790 2 2 1 5 2002 6466 5254
4791 2 2 1 5 1481 7364 5636
4792 2 2 1 5 456 6966 6446
4793 2 2 1 5 98 4727 2143
4794 2 2 1 5 3948 4866 683
4795 2 2 1 5 123 8405 2174
4796 2 2 1 5 3282 5046 4401
4797 2 2 1 5 4580 7458 3561
4798 2 2 1 5 4033 4344 55
4799 2 2 1 5 2626 4180 4179
4800 2 2 1 5 3628 4613 3345
4801 2 2 1 5 2845 3582 3581
4802 2 2 1 5 1365 5631 1812
4803 2 2 1 5 3876 7649 2078
4804 2 2 1 5 6024 7823 3241
4805 2 2 1 5 806 4284 805
4806 2 2 1 5 2320 8245 205
4807 2 2 1 5 4904 8418 3973
4808 2 2 1 5 4422 5874 150
4809 2 2 1 5 2385 5687 1421
4810 2 2 1 5 524 7940 1240
4811 2 2 1 5 3062 4992 3705
4812 2 2 1 5 3648 8570 5981
4813 2 2 1 5 2417 6578 6130
4814 2 2 1 5 1239 5516 1244
4815 2 2 1 5 5165 6740 283
4816 2 2 1 5 1965 6357 1381
4817 2 2 1 5 4648 7511 3327
4818 2 2 1 5 1701 7782 4290
4819 2 2 1 5 4020 7490 2949
4820 2 2 1 5 1886 4263 4262
4821 2 2 1 5 3264 5830 4907
4822 2 2 1 5 1306 8271 5224
4823 2 2 1 5 2683 5491 663
4824 2 2 1 5 2514 6258 1814
4825 2 2 1 5 1219 6394 74
4826 2 2 1 5 4557 5215 3290
4827 2 2 1 5 2730 7829 4368
4828 2 2 1 5 597 4161 2661
4829 2 2 1 5 4487 5179 3215
4830 2 2 1 5 4100 8207 6740
4831 2 2 1 5 5010 5056 3295
4832 2 2 1 5 1161 5909 5226
4833 2 2 1 5 3518 5731 3168
4834 2 2 1 5 2605 7319 1201
4835 2 2 1 5 22 6565 6165
4836 2 2 1 5 3352 7709 5424
4837 2 2 1 5 5511 7856 1357
4838 2 2 1 5 4997 5670 3381
4839 2 2 1 5 3935 6717 3173
4840 2 2 1 5 3196 7528 5155
4841 2 2 1 5 4007 4934 4326
4842 2 2 1 5 2970 5583 1594
4843 2 2 1 5 3008 343 1023
4844 2 2 1 5 1127 5412 3023
4845 2 2 1 5 6275 6276 2824
4846 2 2 1 5 3232 5151 4190
4847 2 2 1 5 2272 5523 4755
4848 2 2 1 5 2213 7298 3917
4849 2 2 1 5 2575 7861 6505
4850 2 2 1 5 1132 7093 7092
4851 2 2 1 5 206 3768 2322
4852 2 2 1 5 577 4904 1748
4853 2 2 1 5 4578 4947 3781
4854 2 2 1 5 4619 7622 3317
4855 2 2 1 5 3047 5233 4354
4856 2 2 1 5 4416 7851 4883
4857 2 2 1 5 1619 3706 2909
4858 2 2 1 5 6218 8494 4051
4859 2 2 1 5 5449 6436 1591
4860 2 2 1 5 1865 5051 662
4861 2 2 1 5 4064 5913 3051
4862 2 2 1 5 4080 8309 1205
4863 2 2 1 5 6114 6553 3721
4864 2 2 1 5 4941 5514 602
4865 2 2 1 5 3338 4791 3687
4866 2 2 1 5 4581 6425 6424
4867 2 2 1 5 1463 5804 1400
4868 2 2 1 5 3286 5906 4781
4869 2 2 1 5 4110 8077 3074
4870 2 2 1 5 4372 6811 2884
4871 2 2 1 5 2510 7180 2509
4872 2 2 1 5 4319 6731 4316
4873 2 2 1 5 405 7697 1177
4874 2 2 1 5 1819 5698 4591
4875 2 2 1 5 4069 5683 2026
4876 2 2 1 5 3303 7585 2732
4877 2 2 1 5 113 8565 2159
4878 2 2 1 5 2464 5412 1127
4879 2 2 1 5 449 7218 450
4880 2 2 1 5 4174 7591 3310
4881 2 2 1 5 4638 6578 2417
4882 2 2 1 5 4993 6752 206
4883 2 2 1 5 6116 8277 1809
4884 2 2 1 5 1768 6579 3633
4885 2 2 1 5 409 5684 408
4886 2 2 1 5 3294 4947 4578
4887 2 2 1 5 1923 4636 1924
4888 2 2 1 5 2248 7201 3371
4889 2 2 1 5 2801 8379 3928
4890 2 2 1 5 2530 5003 1843
4891 2 2 1 5 2700 7343 665
4892 2 2 1 5 2174 8405 129
4893 2 2 1 5 4050 5951 4661
4894 2 2 1 5 2408 6694 4445
4895 2 2 1 5 628 5302 4553
4896 2 2 1 5 3752 5001 3202
4897 2 2 1 5 2732 5315 3303
4898 2 2 1 5 2064 5998 1084
4899 2 2 1 5 1139 5366 1614
4900 2 2 1 5 172 4650 2263
4901 2 2 1 5 3999 6582 1609
4902 2 2 1 5 1299 6528 5439
4903 2 2 1 5 254 8238 6149
4904 2 2 1 5 6616 6779 3061
4905 2 2 1 5 1769 7165 6544
4906 2 2 1 5 613 5895 2667
4907 2 2 1 5 1968 7671 5211
4908 2 2 1 5 198 6405 2311
4909 2 2 1 5 2211 7911 2210
4910 2 2 1 5 1692 4643 1679
4911 2 2 1 5 3713 5356 1762
4912 2 2 1 5 2004 3427 851
4913 2 2 1 5 1614 6112 3773
4914 2 2 1 5 262 6196 4576
4915 2 2 1 5 754 855 742
4916 2 2 1 5 2048 5628 5379
4917 2 2 1 5 628 4553 2679
4918 2 2 1 5 1758 6362 1097
4919 2 2 1 5 3324 5551 3749
4920 2 2 1 5 6127 6419 478
4921 2 2 1 5 2728 5337 618
4922 2 2 1 5 2428 8017 1504
4923 2 2 1 5 135 6659 5661
4924 2 2 1 5 2747 6927 4260
4925 2 2 1 5 1622 7453 3997
4926 2 2 1 5 2517 5073 4520
4927 2 2 1 5 268 7286 1430
4928 2 2 1 5 5624 6137 3146
4929 2 2 1 5 1387 5702 4695
4930 2 2 1 5 1364 7901 2194
4931 2 2 1 5 4002 5963 201
4932 2 2 1 5 6450 6691 3709
4933 2 2 1 5 2017 4928 2019
4934 2 2 1 5 6656 8406 3905
4935 2 2 1 5 5084 8381 3492
4936 2 2 1 5 1274 7229 1246
4937 2 2 1 5 5997 7771 6851
4938 2 2 1 5 2644 7248 1243
4939 2 2 1 5 845 6992 1430
4940 2 2 1 5 1160 4388 41
4941 2 2 1 5 2386 7637 6366
4942 2 2 1 5 1380 8457 4788
4943 2 2 1 5 1982 8164 5906
4944 2 2 1 5 3192 5636 4508
4945 2 2 1 5 4597 7219 3423
4946 2 2 1 5 4533 7213 1066
4947 2 2 1 5 2883 8117 5444
4948 2 2 1 5 2560 8375 3625
4949 2 2 1 5 3540 5688 339
4950 2 2 1 5 1779 7572 5724
4951 2 2 1 5 3826 8452 3757
4952 2 2 1 5 511 4897 1517
4953 2 2 1 5 5470 8414 1578
4954 2 2 1 5 5000 7156 3052
4955 2 2 1 5 1923 7154 3965
4956 2 2 1 5 2158 4890 4660
4957 2 2 1 5 2766 1477 309
4958 2 2 1 5 3944 5497 2504
4959 2 2 1 5 3098 6268 5119
4960 2 2 1 5 5336 6890 4838
4961 2 2 1 5 2238 6790 3677
4962 2 2 1 5 5167 6133 3362
4963 2 2 1 5 1763 7813 2496
4964 2 2 1 5 3424 6555 4202
4965 2 2 1 5 755 4562 2425
4966 2 2 1 5 4059 7196 1808
4967 2 2 1 5 4986 8171 1211
4968 2 2 1 5 2532 7070 1850
4969 2 2 1 5 4244 6874 3298
4970 2 2 1 5 1622 5388 2469
4971 2 2 1 5 260 8557 2387
4972 2 2 1 5 2613 4776 415
4973 2 2 1 5 3215 5680 4429
4974 2 2 1 5 389 5618 489
4975 2 2 1 5 3413 7324 6063
4976 2 2 1 5 4120 4605 3098
4977 2 2 1 5 2393 6601 3963
4978 2 2 1 5 2839 6678 4515
4979 2 2 1 5 2660 5222 597
4980 2 2 1 5 6464 6803 3012
4981 2 2 1 5 3976 6559 5115
4982 2 2 1 5 4643 5811 1678
4983 2 2 1 5 3176 3845 3270
4984 2 2 1 5 3149 5738 4512
4985 2 2 1 5 1392 4518 2347
4986 2 2 1 5 4543 5783 1769
4987 2 2 1 5 1906 5917 5170
4988 2 2 1 5 2330 8457 1380
4989 2 2 1 5 2025 5264 5218
4990 2 2 1 5 1503 7498 3700
4991 2 2 1 5 833 7060 976
4992 2 2 1 5 97 5497 3944
4993 2 2 1 5 5151 8367 3849
4994 2 2 1 5 586 4004 113
4995 2 2 1 5 4744 8347 4270
4996 2 2 1 5 788 3538 77
4997 2 2 1 5 1889 8415 2552
4998 2 2 1 5 182 4795 4794
4999 2 2 1 5 450 5062 449
5000 2 2 1 5 1133 4699 2079
5001 2 2 1 5 4001 6809 3752
5002 2 2 1 5 5614 7158 3484
5003 2 2 1 5 4321 6880 2470
5004 2 2 1 5 3336 7756 4463
5005 2 2 1 5 2304 7161 1355
5006 2 2 1 5 499 7283 1220
5007 2 2 1 5 5878 6916 3319
5008 2 2 1 5 5937 7271 3100
5009 2 2 1 5 2389 6168 4338
5010 2 2 1 5 4057 7509 3828
5011 2 2 1 5 4236 7463 3884
5012 2 2 1 5 4071 7050 3792
5013 2 2 1 5 3169 4207 4110
5014 2 2 1 5 2159 2160 586
5015 2 2 1 5 4213 5637 3142
5016 2 2 1 5 1292 5966 1824
5017 2 2 1 5 4485 7608 47
5018 2 2 1 5 188 4854 1351
5019 2 2 1 5 4427 5682 3118
5020 2 2 1 5 218 6844 3623
5021 2 2 1 5 632 7695 2680
5022 2 2 1 5 3127 5479 1648
5023 2 2 1 5 997 7779 7778
5024 2 2 1 5 4548 5008 3124
5025 2 2 1 5 3583 4409 2355
5026 2 2 1 5 2949 7161 4020
5027 2 2 1 5 3821 4728 1431
5028 2 2 1 5 2954 6842 2526
5029 2 2 1 5 2442 5870 2967
5030 2 2 1 5 4380 7082 3503
5031 2 2 1 5 1648 4149 3127
5032 2 2 1 5 3965 7154 3303
5033 2 2 1 5 4278 8192 1173
5034 2 2 1 5 2984 5257 4859
5035 2 2 1 5 1656 6461 5103
5036 2 2 1 5 1967 6697 6014
5037 2 2 1 5 2493 5296 2494
5038 2 2 1 5 2948 6760 1339
5039 2 2 1 5 4719 7569 3833
5040 2 2 1 5 1960 8551 7953
5041 2 2 1 5 4854 7064 5384
5042 2 2 1 5 4871 8118 2369
5043 2 2 1 5 2460 7212 4063
5044 2 2 1 5 1184 7627 1225
5045 2 2 1 5 4432 5759 1894
5046 2 2 1 5 717 4338 713
5047 2 2 1 5 4748 7277 146
5048 2 2 1 5 3469 5634 5053
5049 2 2 1 5 1698 7290 4228
5050 2 2 1 5 1107 3887 2088
5051 2 2 1 5 4732 5100 3376
5052 2 2 1 5 220 4784 3495
5053 2 2 1 5 2739 8073 3583
5054 2 2 1 5 3459 5517 5301
5055 2 2 1 5 2322 4993 206
5056 2 2 1 5 1338 5326 135
5057 2 2 1 5 304 8488 4638
5058 2 2 1 5 3393 5253 3083
5059 2 2 1 5 470 6423 5949
5060 2 2 1 5 3649 7774 5061
5061 2 2 1 5 3946 6494 4587
5062 2 2 1 5 2848 8288 1826
5063 2 2 1 5 3715 7647 3261
5064 2 2 1 5 1404 7309 4285
5065 2 2 1 5 3625 7635 4589
5066 2 2 1 5 3942 6601 269
5067 2 2 1 5 2006 6617 4992
5068 2 2 1 5 3337 5486 4954
5069 2 2 1 5 2555 6736 2554
5070 2 2 1 5 4797 5703 3046
5071 2 2 1 5 4274 6771 3191
5072 2 2 1 5 2862 5598 4585
5073 2 2 1 5 4727 7695 5015
5074 2 2 1 5 3181 7279 3784
5075 2 2 1 5 1643 5656 4160
5076 2 2 1 5 4014 6592 4428
5077 2 2 1 5 3311 7260 4566
5078 2 2 1 5 1597 8212 5186
5079 2 2 1 5 1278 6912 2660
5080 2 2 1 5 5225 5261 1666
5081 2 2 1 5 2671 5729 5460
5082 2 2 1 5 3443 5299 5111
5083 2 2 1 5 588 5530 1277
5084 2 2 1 5 1352 5802 4212
5085 2 2 1 5 555 6042 96
5086 2 2 1 5 464 5402 4575
5087 2 2 1 5 2873 7425 768
5088 2 2 1 5 2212 5464 4577
5089 2 2 1 5 1665 6185 4227
5090 2 2 1 5 1752 5520 2838
5091 2 2 1 5 278 5112 2398
5092 2 2 1 5 1198 7982 46
5093 2 2 1 5 5407 7314 1621
5094 2 2 1 5 685 8239 4443
5095 2 2 1 5 3409 6553 6114
5096 2 2 1 5 2537 7948 1860
5097 2 2 1 5 2810 1634 2612
5098 2 2 1 5 2088 4307 1107
5099 2 2 1 5 2808 6336 2809
5100 2 2 1 5 2902 6045 4599
5101 2 2 1 5 1834 4789 4369
5102 2 2 1 5 2976 5900 979
5103 2 2 1 5 2792 7296 1042
5104 2 2 1 5 1740 5866 5227
5105 2 2 1 5 4110 4822 3169
5106 2 2 1 5 327 952 948
5107 2 2 1 5 3134 5545 3886
5108 2 2 1 5 495 2109 2630
5109 2 2 1 5 677 5566 2713
5110 2 2 1 5 2894 5466 4
5111 2 2 1 5 2716 5617 682
5112 2 2 1 5 6552 6827 2534
5113 2 2 1 5 1308 5066 1880
5114 2 2 1 5 785 4547 1260
5115 2 2 1 5 1282 6735 5071
5116 2 2 1 5 4536 6711 3591
5117 2 2 1 5 3670 6351 1750
5118 2 2 1 5 1157 6493 5168
5119 2 2 1 5 980 6225 965
5120 2 2 1 5 1307 4012 529
5121 2 2 1 5 4359 7192 3590
5122 2 2 1 5 5862 6337 2168
5123 2 2 1 5 803 7263 1496
5124 2 2 1 5 2569 6988 1348
5125 2 2 1 5 529 6918 629
5126 2 2 1 5 2907 4321 2906
5127 2 2 1 5 3678 4962 4665
5128 2 2 1 5 1290 5108 2173
5129 2 2 1 5 3604 5705 4273
5130 2 2 1 5 3520 6202 4345
5131 2 2 1 5 2806 4626 1026
5132 2 2 1 5 3966 6125 3529
5133 2 2 1 5 2257 6407 2256
5134 2 2 1 5 2107 5850 1717
5135 2 2 1 5 1337 7689 2674
5136 2 2 1 5 4972 5720 3734
5137 2 2 1 5 3283 6214 5048
5138 2 2 1 5 3215 5325 4487
5139 2 2 1 5 1313 7235 2221
5140 2 2 1 5 588 6472 587
5141 2 2 1 5 3170 6197 4039
5142 2 2 1 5 692 6747 2728
5143 2 2 1 5 4304 4945 3796
5144 2 2 1 5 4451 4452 3369
5145 2 2 1 5 2346 6916 2345
5146 2 2 1 5 4592 6668 3246
5147 2 2 1 5 5400 5916 3835
5148 2 2 1 5 4271 5657 3638
5149 2 2 1 5 4475 6951 1256
5150 2 2 1 5 44 8008 4407
5151 2 2 1 5 3114 5285 3595
5152 2 2 1 5 4061 6895 4960
5153 2 2 1 5 3226 5502 2570
5154 2 2 1 5 118 7576 4642
5155 2 2 1 5 2113 7174 76
5156 2 2 1 5 67 4798 466
5157 2 2 1 5 3065 6263 5434
5158 2 2 1 5 3172 5440 4278
5159 2 2 1 5 9 7797 6271
5160 2 2 1 5 5191 5545 3134
5161 2 2 1 5 2026 4855 1527
5162 2 2 1 5 3062 5733 3326
5163 2 2 1 5 4772 6226 2719
5164 2 2 1 5 4269 8275 4154
5165 2 2 1 5 2116 6317 1227
5166 2 2 1 5 2930 5172 2321
5167 2 2 1 5 255 6828 254
5168 2 2 1 5 1144 6557 3385
5169 2 2 1 5 2373 5948 1406
5170 2 2 1 5 3109 6446 5018
5171 2 2 1 5 5309 6856 4139
5172 2 2 1 5 2824 8106 4291
5173 2 2 1 5 3804 5767 3458
5174 2 2 1 5 3914 4479 1195
5175 2 2 1 5 4449 6448 4467
5176 2 2 1 5 4331 6415 1210
5177 2 2 1 5 4487 5325 2294
5178 2 2 1 5 3680 5720 4972
5179 2 2 1 5 4843 5251 3229
5180 2 2 1 5 2937 5954 1370
5181 2 2 1 5 286 6316 4359
5182 2 2 1 5 4750 6570 3774
5183 2 2 1 5 2767 7961 6365
5184 2 2 1 5 4369 7235 5820
5185 2 2 1 5 4160 7507 5722
5186 2 2 1 5 1215 5880 1205
5187 2 2 1 5 1389 7291 1433
5188 2 2 1 5 3359 6585 4417
5189 2 2 1 5 368 6387 369
5190 2 2 1 5 3272 5244 4694
5191 2 2 1 5 4290 7782 5309
5192 2 2 1 5 2136 5269 2134
5193 2 2 1 5 4590 7444 3930
5194 2 2 1 5 6825 6897 2872
5195 2 2 1 5 662 5051 2697
5196 2 2 1 5 7659 7846 2857
5197 2 2 1 5 3304 4337 1170
5198 2 2 1 5 3705 6639 3062
5199 2 2 1 5 4342 4860 3328
5200 2 2 1 5 1484 6228 4735
5201 2 2 1 5 1009 5122 1001
5202 2 2 1 5 2084 5506 43
5203 2 2 1 5 4315 5304 4318
5204 2 2 1 5 4325 6171 3893
5205 2 2 1 5 641 5560 3128
5206 2 2 1 5 3609 7406 2664
5207 2 2 1 5 1211 4726 2106
5208 2 2 1 5 1071 5797 5760
5209 2 2 1 5 2434 7059 1997
5210 2 2 1 5 346 4271 3638
5211 2 2 1 5 2394 5321 269
5212 2 2 1 5 2162 5056 5010
5213 2 2 1 5 5956 6299 4236
5214 2 2 1 5 4895 8046 3398
5215 2 2 1 5 3430 7321 6307
5216 2 2 1 5 2763 7945 3622
5217 2 2 1 5 231 7351 5037
5218 2 2 1 5 3824 7275 5189
5219 2 2 1 5 1489 5313 775
5220 2 2 1 5 1678 5811 1089
5221 2 2 1 5 394 5697 395
5222 2 2 1 5 2961 5935 5726
5223 2 2 1 5 4431 6208 1599
5224 2 2 1 5 4527 5002 3466
5225 2 2 1 5 3499 6873 6872
5226 2 2 1 5 2616 5158 4153
5227 2 2 1 5 2877 1424 716
5228 2 2 1 5 4311 8598 1011
5229 2 2 1 5 1955 5976 2585
5230 2 2 1 5 202 7534 2315
5231 2 2 1 5 4373 7593 3237
5232 2 2 1 5 7424 8503 395
5233 2 2 1 5 3640 6816 6675
5234 2 2 1 5 1633 7849 4191
5235 2 2 1 5 3010 5314 2049
5236 2 2 1 5 3960 4840 2118
5237 2 2 1 5 5342 7288 1803
5238 2 2 1 5 1849 6269 4173
5239 2 2 1 5 5094 6012 3162
5240 2 2 1 5 2120 5791 2121
5241 2 2 1 5 1960 7953 2589
5242 2 2 1 5 4189 5347 3112
5243 2 2 1 5 3043 7381 5416
5244 2 2 1 5 4368 7287 6120
5245 2 2 1 5 3317 4620 4619
5246 2 2 1 5 3269 5563 3998
5247 2 2 1 5 4553 5549 138
5248 2 2 1 5 274 6245 5775
5249 2 2 1 5 3912 5901 3214
5250 2 2 1 5 2276 5936 4194
5251 2 2 1 5 1840 6364 5445
5252 2 2 1 5 4686 6160 4294
5253 2 2 1 5 261 7443 3954
5254 2 2 1 5 155 6244 167
5255 2 2 1 5 1216 6664 1707
5256 2 2 1 5 3512 6608 4308
5257 2 2 1 5 1023 6836 3008
5258 2 2 1 5 3560 7058 4580
5259 2 2 1 5 3094 5395 3266
5260 2 2 1 5 1982 7200 1445
5261 2 2 1 5 2884 6466 2002
5262 2 2 1 5 1002 5136 1009
5263 2 2 1 5 3681 8376 237
5264 2 2 1 5 2763 5970 307
5265 2 2 1 5 1078 5854 2463
5266 2 2 1 5 3230 5027 2005
5267 2 2 1 5 133 5478 2510
5268 2 2 1 5 5922 5923 3329
5269 2 2 1 5 1243 7248 551
5270 2 2 1 5 3484 7158 4215
5271 2 2 1 5 1136 5668 1158
5272 2 2 1 5 3309 6350 338
5273 2 2 1 5 4307 7899 1107
5274 2 2 1 5 4232 6649 2229
5275 2 2 1 5 3689 7430 371
5276 2 2 1 5 1584 5473 2800
5277 2 2 1 5 162 4140 2236
5278 2 2 1 5 3064 8476 5008
5279 2 2 1 5 2552 5921 2553
5280 2 2 1 5 4705 4953 1964
5281 2 2 1 5 4540 8393 7302
5282 2 2 1 5 913 4912 2776
5283 2 2 1 5 1878 7025 5252
5284 2 2 1 5 2271 6797 1339
5285 2 2 1 5 3377 5798 4574
5286 2 2 1 5 4512 5738 2351
5287 2 2 1 5 5671 8023 3454
5288 2 2 1 5 6809 7244 1931
5289 2 2 1 5 5236 7372 3259
5290 2 2 1 5 5092 7792 3106
5291 2 2 1 5 741 6044 2749
5292 2 2 1 5 5465 5908 1152
5293 2 2 1 5 2390 8220 1983
5294 2 2 1 5 3423 5894 1922
5295 2 2 1 5 223 7527 209
5296 2 2 1 5 2475 8436 4448
5297 2 2 1 5 3261 4164 3715
5298 2 2 1 5 1302 7046 1773
5299 2 2 1 5 31 5082 32
5300 2 2 1 5 24 3967 2893
5301 2 2 1 5 1811 6841 5436
5302 2 2 1 5 3156 7332 3911
5303 2 2 1 5 2086 5506 5454
5304 2 2 1 5 4351 8218 7047
5305 2 2 1 5 1277 5530 2658
5306 2 2 1 5 4599 8163 2486
5307 2 2 1 5 4374 4381 1807
5308 2 2 1 5 238 6901 2357
5309 2 2 1 5 2114 1516 2124
5310 2 2 1 5 4226 4911 2240
5311 2 2 1 5 2316 7603 3285
5312 2 2 1 5 5767 6984 3046
5313 2 2 1 5 308 1476 2422
5314 2 2 1 5 470 5949 469
5315 2 2 1 5 627 5642 3327
5316 2 2 1 5 3277 6059 5577
5317 2 2 1 5 4407 7485 44
5318 2 2 1 5 2198 7673 7456
5319 2 2 1 5 4748 4825 2234
5320 2 2 1 5 4352 4386 3175
5321 2 2 1 5 4068 5233 3047
5322 2 2 1 5 4461 4813 1385
5323 2 2 1 5 5773 8342 5136
5324 2 2 1 5 7174 7434 3418
5325 2 2 1 5 4557 6963 3291
5326 2 2 1 5 142 4787 143
5327 2 2 1 5 5722 7507 3171
5328 2 2 1 5 3618 5739 5260
5329 2 2 1 5 3606 7687 5252
5330 2 2 1 5 421 5328 420
5331 2 2 1 5 4059 7574 2195
5332 2 2 1 5 3155 4725 4724
5333 2 2 1 5 4958 5588 3588
5334 2 2 1 5 561 7251 7250
5335 2 2 1 5 4442 7671 710
5336 2 2 1 5 4388 7942 41
5337 2 2 1 5 547 4539 1718
5338 2 2 1 5 384 6460 2089
5339 2 2 1 5 4186 4284 1534
5340 2 2 1 5 1782 3763 1256
5341 2 2 1 5 2310 8260 6047
5342 2 2 1 5 4731 6564 5347
5343 2 2 1 5 4504 6013 635
5344 2 2 1 5 353 4148 2796
5345 2 2 1 5 2541 8520 1872
5346 2 2 1 5 3325 6514 4835
5347 2 2 1 5 2292 6532 3758
5348 2 2 1 5 3858 6468 2821
5349 2 2 1 5 3192 5982 4091
5350 2 2 1 5 871 6680 5493
5351 2 2 1 5 31 6996 1153
5352 2 2 1 5 4355 7781 242
5353 2 2 1 5 2523 6410 2524
5354 2 2 1 5 2311 7312 198
5355 2 2 1 5 1429 6150 6029
5356 2 2 1 5 3821 7422 5868
5357 2 2 1 5 2915 7827 2914
5358 2 2 1 5 4598 6405 5894
5359 2 2 1 5 4656 6697 1967
5360 2 2 1 5 3478 6115 4721
5361 2 2 1 5 4634 5639 3377
5362 2 2 1 5 3419 5628 3546
5363 2 2 1 5 2025 5322 2024
5364 2 2 1 5 4182 5975 1091
5365 2 2 1 5 2860 676 2710
5366 2 2 1 5 1157 7327 6493
5367 2 2 1 5 2479 7840 5043
5368 2 2 1 5 4942 5672 1908
5369 2 2 1 5 2301 1877 2302
5370 2 2 1 5 3900 8265 4038
5371 2 2 1 5 7460 8241 5741
5372 2 2 1 5 1804 625 624
5373 2 2 1 5 384 6540 5542
5374 2 2 1 5 716 5962 2877
5375 2 2 1 5 4157 7762 3319
5376 2 2 1 5 3068 7168 4662
5377 2 2 1 5 2270 6218 4051
5378 2 2 1 5 5101 5120 3263
5379 2 2 1 5 2811 7840 1653
5380 2 2 1 5 2733 8128 6730
5381 2 2 1 5 7471 7709 2173
5382 2 2 1 5 3956 5869 3388
5383 2 2 1 5 684 4275 2731
5384 2 2 1 5 5380 6513 4231
5385 2 2 1 5 1271 4810 1275
5386 2 2 1 5 4777 7297 3223
5387 2 2 1 5 1888 7587 643
5388 2 2 1 5 2248 4650 166
5389 2 2 1 5 6610 7006 4293
5390 2 2 1 5 2676 5400 2847
5391 2 2 1 5 1925 6480 2934
5392 2 2 1 5 2523 6286 1831
5393 2 2 1 5 3686 5863 4419
5394 2 2 1 5 2571 8296 1922
5395 2 2 1 5 4532 7019 3414
5396 2 2 1 5 3825 7841 7362
5397 2 2 1 5 3407 6792 5359
5398 2 2 1 5 1203 4145 1684
5399 2 2 1 5 1840 5445 2251
5400 2 2 1 5 4085 5908 5258
5401 2 2 1 5 2560 7854 2559
5402 2 2 1 5 6606 7227 299
5403 2 2 1 5 6615 6616 3061
5404 2 2 1 5 5097 6953 2643
5405 2 2 1 5 237 1408 2355
5406 2 2 1 5 1175 7468 4762
5407 2 2 1 5 4960 7810 4061
5408 2 2 1 5 2552 7158 1889
5409 2 2 1 5 1307 5011 3702
5410 2 2 1 5 3586 7761 6229
5411 2 2 1 5 6036 8439 2534
5412 2 2 1 5 1075 6832 5585
5413 2 2 1 5 3775 5234 4263
5414 2 2 1 5 1891 5680 2554
5415 2 2 1 5 2588 8246 3739
5416 2 2 1 5 2572 3474 2573
5417 2 2 1 5 4341 7145 4250
5418 2 2 1 5 37 7661 3777
5419 2 2 1 5 3462 6110 4442
5420 2 2 1 5 3308 8276 4674
5421 2 2 1 5 3465 5480 5033
5422 2 2 1 5 4070 7242 3226
5423 2 2 1 5 4741 8287 1943
5424 2 2 1 5 5033 5480 3236
5425 2 2 1 5 4873 6355 2483
5426 2 2 1 5 3803 8041 2739
5427 2 2 1 5 1383 7043 4814
5428 2 2 1 5 529 2634 1307
5429 2 2 1 5 4058 6179 3684
5430 2 2 1 5 2212 5989 1826
5431 2 2 1 5 4855 5683 330
5432 2 2 1 5 2562 4458 2724
5433 2 2 1 5 2537 5351 1861
5434 2 2 1 5 5423 8120 3559
5435 2 2 1 5 966 4349 880
5436 2 2 1 5 4188 7989 1274
5437 2 2 1 5 3600 7874 5058
5438 2 2 1 5 3878 5520 593
5439 2 2 1 5 3319 6916 4157
5440 2 2 1 5 542 7738 799
5441 2 2 1 5 3395 6462 5971
5442 2 2 1 5 5396 6044 2746
5443 2 2 1 5 1682 8523 5293
5444 2 2 1 5 3429 6001 4797
5445 2 2 1 5 4295 5638 2713
5446 2 2 1 5 3274 6603 3081
5447 2 2 1 5 3012 7354 6464
5448 2 2 1 5 4463 5023 191
5449 2 2 1 5 2563 5803 4688
5450 2 2 1 5 2369 8118 4355
5451 2 2 1 5 1342 7094 2512
5452 2 2 1 5 1040 873 872
5453 2 2 1 5 2260 6386 3261
5454 2 2 1 5 299 5676 2396
5455 2 2 1 5 2372 6478 4286
5456 2 2 1 5 3287 4892 4433
5457 2 2 1 5 4674 8276 3836
5458 2 2 1 5 773 5027 292
5459 2 2 1 5 1107 4841 2087
5460 2 2 1 5 5408 7356 3977
5461 2 2 1 5 1503 5705 3604
5462 2 2 1 5 2860 2705 2859
5463 2 2 1 5 2737 7032 1441
5464 2 2 1 5 650 7157 651
5465 2 2 1 5 2491 6358 4660
5466 2 2 1 5 3725 7331 2177
5467 2 2 1 5 830 5900 831
5468 2 2 1 5 104 7805 2146
5469 2 2 1 5 1879 5757 2275
5470 2 2 1 5 366 4991 14
5471 2 2 1 5 1884 4971 2209
5472 2 2 1 5 1621 5960 5407
5473 2 2 1 5 2803 5186 5185
5474 2 2 1 5 473 8523 474
5475 2 2 1 5 2777 6051 926
5476 2 2 1 5 3317 6537 4620
5477 2 2 1 5 5512 6455 850
5478 2 2 1 5 5584 6628 3531
5479 2 2 1 5 2261 5188 171
5480 2 2 1 5 700 6087 2342
5481 2 2 1 5 1132 5490 2467
5482 2 2 1 5 2516 5659 2842
5483 2 2 1 5 2450 6166 4593
5484 2 2 1 5 1552 5779 2456
5485 2 2 1 5 1637 5310 2603
5486 2 2 1 5 1731 7268 2138
5487 2 2 1 5 1608 5057 1607
5488 2 2 1 5 257 4707 2384
5489 2 2 1 5 5094 5096 1149
5490 2 2 1 5 4380 7922 280
5491 2 2 1 5 5545 7857 3133
5492 2 2 1 5 2168 6337 2169
5493 2 2 1 5 4371 5341 856
5494 2 2 1 5 3214 4903 3912
5495 2 2 1 5 627 6884 2679
5496 2 2 1 5 3296 8187 4731
5497 2 2 1 5 4255 7614 3409
5498 2 2 1 5 2886 4664 2021
5499 2 2 1 5 5227 5866 4197
5500 2 2 1 5 3824 8152 1367
5501 2 2 1 5 5644 7329 3047
5502 2 2 1 5 5207 7971 4008
5503 2 2 1 5 2744 7571 723
5504 2 2 1 5 3127 6076 5479
5505 2 2 1 5 3284 8480 4389
5506 2 2 1 5 681 5978 4295
5507 2 2 1 5 3504 7684 5366
5508 2 2 1 5 78 2021 2117
5509 2 2 1 5 4679 7988 3292
5510 2 2 1 5 5472 6037 123
5511 2 2 1 5 5690 6900 1880
5512 2 2 1 5 4202 7796 3424
5513 2 2 1 5 6081 6082 57
5514 2 2 1 5 4273 7542 3604
5515 2 2 1 5 1948 7872 1356
5516 2 2 1 5 4659 5169 859
5517 2 2 1 5 4734 7076 1373
5518 2 2 1 5 4509 7797 4510
5519 2 2 1 5 3135 7899 4960
5520 2 2 1 5 4138 5102 1228
5521 2 2 1 5 2309 5847 1891
5522 2 2 1 5 4977 5140 3477
5523 2 2 1 5 2797 4790 1066
5524 2 2 1 5 3837 6953 5097
5525 2 2 1 5 2683 5336 4838
5526 2 2 1 5 2582 7350 3195
5527 2 2 1 5 2880 7018 1992
5528 2 2 1 5 4318 5230 4315
5529 2 2 1 5 7252 7254 7253
5530 2 2 1 5 191 5023 192
5531 2 2 1 5 4290 7749 1701
5532 2 2 1 5 652 4473 1853
5533 2 2 1 5 3322 4939 4818
5534 2 2 1 5 1845 6300 1322
5535 2 2 1 5 2988 6150 2987
5536 2 2 1 5 4654 5035 3498
5537 2 2 1 5 2146 2148 105
5538 2 2 1 5 2263 4650 4090
5539 2 2 1 5 4470 7908 2710
5540 2 2 1 5 3678 4665 3153
5541 2 2 1 5 5577 6059 4119
5542 2 2 1 5 5267 7196 4059
5543 2 2 1 5 3191 5021 4274
5544 2 2 1 5 1533 4659 1188
5545 2 2 1 5 1702 8587 2822
5546 2 2 1 5 3377 7758 4634
5547 2 2 1 5 4429 6123 3215
5548 2 2 1 5 2824 7075 527
5549 2 2 1 5 1711 7783 499
5550 2 2 1 5 2303 5741 4463
5551 2 2 1 5 4943 7588 3537
5552 2 2 1 5 3694 7449 3792
5553 2 2 1 5 158 6991 2179
5554 2 2 1 5 3210 7898 4630
5555 2 2 1 5 3082 5969 4786
5556 2 2 1 5 4799 6959 3802
5557 2 2 1 5 49 4771 2091
5558 2 2 1 5 3769 5695 54
5559 2 2 1 5 5018 5749 3109
5560 2 2 1 5 3228 4878 4543
5561 2 2 1 5 545 5165 1238
5562 2 2 1 5 2177 7589 125
5563 2 2 1 5 3422 5176 4039
5564 2 2 1 5 4904 6780 1748
5565 2 2 1 5 2279 5251 179
5566 2 2 1 5 2048 5996 5628
5567 2 2 1 5 1447 1984 1987
5568 2 2 1 5 2469 5388 3687
5569 2 2 1 5 219 6948 2333
5570 2 2 1 5 2470 6187 4321
5571 2 2 1 5 4558 7943 7427
5572 2 2 1 5 2221 7028 1313
5573 2 2 1 5 4262 8412 6789
5574 2 2 1 5 3897 4092 1032
5575 2 2 1 5 2387 8557 4049
5576 2 2 1 5 2319 5498 1930
5577 2 2 1 5 3785 4809 3562
5578 2 2 1 5 1640 5244 4743
5579 2 2 1 5 1158 4950 4949
5580 2 2 1 5 7490 8571 5023
5581 2 2 1 5 3304 4622 4337
5582 2 2 1 5 3996 6631 1785
5583 2 2 1 5 2153 8573 4364
5584 2 2 1 5 4178 5088 490
5585 2 2 1 5 5662 5982 3320
5586 2 2 1 5 1888 4683 1884
5587 2 2 1 5 1194 3603 1597
5588 2 2 1 5 168 7892 2252
5589 2 2 1 5 3332 7470 4050
5590 2 2 1 5 1889 7158 5614
5591 2 2 1 5 1311 5251 2279
5592 2 2 1 5 3486 8183 3015
5593 2 2 1 5 1305 5701 4345
5594 2 2 1 5 5307 8514 3605
5595 2 2 1 5 1008 5249 2888
5596 2 2 1 5 2004 5595 3216
5597 2 2 1 5 4270 6383 3315
5598 2 2 1 5 5240 7605 1683
5599 2 2 1 5 5418 6181 1702
5600 2 2 1 5 4345 7913 3520
5601 2 2 1 5 4868 5037 3661
5602 2 2 1 5 5747 6144 2920
5603 2 2 1 5 3140 7293 4833
5604 2 2 1 5 7505 7506 1002
5605 2 2 1 5 1225 7627 5987
5606 2 2 1 5 4657 5780 4314
5607 2 2 1 5 5517 6823 3146
5608 2 2 1 5 3147 7465 5696
5609 2 2 1 5 7500 8442 3907
5610 2 2 1 5 5032 6523 3507
5611 2 2 1 5 1426 5173 2383
5612 2 2 1 5 3385 6557 4991
5613 2 2 1 5 6922 7398 2183
5614 2 2 1 5 4721 6115 3575
5615 2 2 1 5 4670 8154 3327
5616 2 2 1 5 3985 6098 5755
5617 2 2 1 5 1323 7140 2852
5618 2 2 1 5 2861 4470 676
5619 2 2 1 5 6910 7765 2741
5620 2 2 1 5 1367 8152 2731
5621 2 2 1 5 47 7608 2090
5622 2 2 1 5 4342 5410 3401
5623 2 2 1 5 2104 4376 4228
5624 2 2 1 5 5156 7264 3524
5625 2 2 1 5 514 6598 531
5626 2 2 1 5 4116 5103 3505
5627 2 2 1 5 3918 6870 4594
5628 2 2 1 5 821 8292 3431
5629 2 2 1 5 3875 7927 5707
5630 2 2 1 5 3831 8197 1122
5631 2 2 1 5 1759 6807 4361
5632 2 2 1 5 2759 7672 7368
5633 2 2 1 5 5831 7713 3416
5634 2 2 1 5 1517 4175 77
5635 2 2 1 5 4415 6970 3586
5636 2 2 1 5 5258 6336 4021
5637 2 2 1 5 2651 8070 580
5638 2 2 1 5 2449 5470 2797
5639 2 2 1 5 2160 7600 7406
5640 2 2 1 5 434 6666 5789
5641 2 2 1 5 5093 6372 3289
5642 2 2 1 5 4759 6921 3089
5643 2 2 1 5 4015 8102 4253
5644 2 2 1 5 3253 5077 2993
5645 2 2 1 5 5493 6680 2433
5646 2 2 1 5 2342 7595 4439
5647 2 2 1 5 669 5613 178
5648 2 2 1 5 2325 4837 2328
5649 2 2 1 5 3136 7810 4960
5650 2 2 1 5 2209 6569 643
5651 2 2 1 5 2275 6222 2274
5652 2 2 1 5 5868 7422 2421
5653 2 2 1 5 160 6969 2233
5654 2 2 1 5 6888 7068 3170
5655 2 2 1 5 2447 5379 4153
5656 2 2 1 5 3276 5875 4913
5657 2 2 1 5 119 4437 2655
5658 2 2 1 5 910 6877 6467
5659 2 2 1 5 4709 4984 2187
5660 2 2 1 5 80 5564 89
5661 2 2 1 5 4884 7803 505
5662 2 2 1 5 4444 5254 3344
5663 2 2 1 5 1713 5607 73
5664 2 2 1 5 7255 8326 3339
5665 2 2 1 5 4368 6120 1366
5666 2 2 1 5 6165 6565 3402
5667 2 2 1 5 2419 5871 1472
5668 2 2 1 5 3922 4532 2103
5669 2 2 1 5 1240 7940 2130
5670 2 2 1 5 1857 7692 1851
5671 2 2 1 5 233 6007 2344
5672 2 2 1 5 1935 5914 2869
5673 2 2 1 5 2307 6581 4234
5674 2 2 1 5 2435 820 2420
5675 2 2 1 5 664 7937 2268
5676 2 2 1 5 2269 4732 176
5677 2 2 1 5 4019 8030 4579
5678 2 2 1 5 4968 7132 4467
5679 2 2 1 5 3205 5880 4155
5680 2 2 1 5 1187 8489 385
5681 2 2 1 5 4662 7168 3629
5682 2 2 1 5 2961 5726 1317
5683 2 2 1 5 6147 8391 1786
5684 2 2 1 5 5557 5558 74
5685 2 2 1 5 717 7790 2387
5686 2 2 1 5 4160 7870 1643
5687 2 2 1 5 4407 8008 3921
5688 2 2 1 5 2257 5877 1326
5689 2 2 1 5 3596 6664 488
5690 2 2 1 5 3340 8191 6644
5691 2 2 1 5 1680 6488 2818
5692 2 2 1 5 4438 6575 3649
5693 2 2 1 5 4583 8437 5006
5694 2 2 1 5 4567 6936 100
5695 2 2 1 5 4369 8545 2221
5696 2 2 1 5 151 5467 1266
5697 2 2 1 5 4082 7960 3307
5698 2 2 1 5 2745 5667 5666
5699 2 2 1 5 7832 8077 4207
5700 2 2 1 5 3647 6891 4320
5701 2 2 1 5 2433 6680 951
5702 2 2 1 5 1399 6530 2359
5703 2 2 1 5 5064 6948 219
5704 2 2 1 5 2927 5272 1326
5705 2 2 1 5 3339 8326 5127
5706 2 2 1 5 2960 5692 2959
5707 2 2 1 5 681 4295 2713
5708 2 2 1 5 3821 4729 4728
5709 2 2 1 5 1197 7393 1638
5710 2 2 1 5 3678 7610 4962
5711 2 2 1 5 3421 6579 2840
5712 2 2 1 5 4939 5931 1398
5713 2 2 1 5 4871 7913 3207
5714 2 2 1 5 2180 5256 3885
5715 2 2 1 5 3222 6730 3842
5716 2 2 1 5 3258 4079 4078
5717 2 2 1 5 3104 6397 3874
5718 2 2 1 5 3200 6564 4731
5719 2 2 1 5 2085 7145 4341
5720 2 2 1 5 3576 5727 1544
5721 2 2 1 5 2189 4505 610
5722 2 2 1 5 612 8505 3927
5723 2 2 1 5 76 6129 2099
5724 2 2 1 5 610 8131 2189
5725 2 2 1 5 3044 4945 4944
5726 2 2 1 5 55 7631 4033
5727 2 2 1 5 179 4843 2280
5728 2 2 1 5 2203 4561 4070
5729 2 2 1 5 5143 5386 3394
5730 2 2 1 5 4036 7126 656
5731 2 2 1 5 2627 3960 2118
5732 2 2 1 5 2113 7434 7174
5733 2 2 1 5 4417 6585 2784
5734 2 2 1 5 1171 7584 386
5735 2 2 1 5 3517 7889 4898
5736 2 2 1 5 5507 5692 2241
5737 2 2 1 5 3171 5438 4438
5738 2 2 1 5 2595 8228 4265
5739 2 2 1 5 577 8418 4904
5740 2 2 1 5 3265 5023 4463
5741 2 2 1 5 5368 7014 4206
5742 2 2 1 5 2100 7020 5176
5743 2 2 1 5 2513 6978 2199
5744 2 2 1 5 2884 5457 909
5745 2 2 1 5 3492 5776 5084
5746 2 2 1 5 4429 5680 1891
5747 2 2 1 5 3371 7396 2247
5748 2 2 1 5 4636 6480 1925
5749 2 2 1 5 4773 7044 3302
5750 2 2 1 5 1361 5556 1917
5751 2 2 1 5 5436 6841 3851
5752 2 2 1 5 827 5751 971
5753 2 2 1 5 1223 7305 4885
5754 2 2 1 5 2026 7817 4488
5755 2 2 1 5 679 6593 193
5756 2 2 1 5 1324 2257 2692
5757 2 2 1 5 4817 6093 4021
5758 2 2 1 5 1422 6366 4980
5759 2 2 1 5 1924 5938 5174
5760 2 2 1 5 393 8103 1171
5761 2 2 1 5 5562 6687 1226
5762 2 2 1 5 2392 7245 5308
5763 2 2 1 5 2224 6787 5307
5764 2 2 1 5 5109 7539 1525
5765 2 2 1 5 6464 7354 2041
5766 2 2 1 5 2538 8462 1867
5767 2 2 1 5 2323 7335 4990
5768 2 2 1 5 1544 5727 2761
5769 2 2 1 5 1726 7172 92
5770 2 2 1 5 173 6204 2264
5771 2 2 1 5 2700 4434 1901
5772 2 2 1 5 3549 7469 4302
5773 2 2 1 5 6216 6939 4099
5774 2 2 1 5 3575 7208 4721
5775 2 2 1 5 6108 7525 4045
5776 2 2 1 5 2430 3547 321
5777 2 2 1 5 5409 7024 3853
5778 2 2 1 5 3091 5486 4497
5779 2 2 1 5 5190 6040 3133
5780 2 2 1 5 1826 5989 2848
5781 2 2 1 5 7265 8176 2845
5782 2 2 1 5 984 5381 1475
5783 2 2 1 5 3473 5078 4877
5784 2 2 1 5 4362 4745 3313
5785 2 2 1 5 696 5315 2732
5786 2 2 1 5 380 6545 6000
5787 2 2 1 5 5344 6408 2243
5788 2 2 1 5 3981 5475 4566
5789 2 2 1 5 1675 6402 1632
5790 2 2 1 5 1523 6914 2023
5791 2 2 1 5 4877 6089 3263
5792 2 2 1 5 5338 5725 1073
5793 2 2 1 5 3763 4475 1256
5794 2 2 1 5 340 4256 3542
5795 2 2 1 5 2359 8018 2360
5796 2 2 1 5 3352 8270 4685
5797 2 2 1 5 558 7667 1246
5798 2 2 1 5 1963 4707 2590
5799 2 2 1 5 5775 6245 1981
5800 2 2 1 5 1951 7366 6599
5801 2 2 1 5 583 6167 5401
5802 2 2 1 5 480 4539 547
5803 2 2 1 5 3921 8008 4882
5804 2 2 1 5 374 4609 3198
5805 2 2 1 5 4674 6139 3308
5806 2 2 1 5 3286 3694 3141
5807 2 2 1 5 4268 7005 2320
5808 2 2 1 5 5208 5538 1843
5809 2 2 1 5 3651 7177 2959
5810 2 2 1 5 3911 7332 4756
5811 2 2 1 5 4026 7490 5523
5812 2 2 1 5 1279 7311 4919
5813 2 2 1 5 3292 7988 6107
5814 2 2 1 5 5121 7356 3087
5815 2 2 1 5 4833 7101 7016
5816 2 2 1 5 3923 4067 2891
5817 2 2 1 5 3443 5111 4845
5818 2 2 1 5 7421 8484 2184
5819 2 2 1 5 2462 5854 1078
5820 2 2 1 5 4317 6731 4319
5821 2 2 1 5 1071 5760 917
5822 2 2 1 5 2241 5692 2960
5823 2 2 1 5 1012 4311 1011
5824 2 2 1 5 3294 8192 5440
5825 2 2 1 5 2615 8347 4744
5826 2 2 1 5 3105 5982 5662
5827 2 2 1 5 1779 5724 2204
5828 2 2 1 5 6397 8424 3945
5829 2 2 1 5 379 5310 61
5830 2 2 1 5 918 5760 1574
5831 2 2 1 5 3929 8600 6571
5832 2 2 1 5 2265 7685 4498
5833 2 2 1 5 3092 6032 5365
5834 2 2 1 5 6905 7807 3980
5835 2 2 1 5 2757 4489 800
5836 2 2 1 5 3852 6919 1270
5837 2 2 1 5 5912 6062 560
5838 2 2 1 5 1919 4875 140
5839 2 2 1 5 3585 7118 4225
5840 2 2 1 5 3888 7151 1606
5841 2 2 1 5 5359 6792 3178
5842 2 2 1 5 3425 8059 4088
5843 2 2 1 5 4526 5548 3417
5844 2 2 1 5 4926 6077 3770
5845 2 2 1 5 4833 6852 3140
5846 2 2 1 5 464 4575 465
5847 2 2 1 5 3391 6829 5565
5848 2 2 1 5 2078 6072 3876
5849 2 2 1 5 3589 3897 1032
5850 2 2 1 5 1152 5908 3674
5851 2 2 1 5 4818 7583 4053
5852 2 2 1 5 260 5826 714
5853 2 2 1 5 7690 7937 4298
5854 2 2 1 5 4770 4771 49
5855 2 2 1 5 2334 6007 221
5856 2 2 1 5 4168 5261 5043
5857 2 2 1 5 1559 1182 1662
5858 2 2 1 5 5119 6268 3882
5859 2 2 1 5 4724 7787 7786
5860 2 2 1 5 6895 8038 4960
5861 2 2 1 5 4167 5387 1484
5862 2 2 1 5 5554 5555 2533
5863 2 2 1 5 3387 6925 4330
5864 2 2 1 5 2729 6258 4115
5865 2 2 1 5 1865 6249 2247
5866 2 2 1 5 4141 7255 3151
5867 2 2 1 5 434 6347 6346
5868 2 2 1 5 139 7215 2199
5869 2 2 1 5 4706 5831 3416
5870 2 2 1 5 1796 1765 1099
5871 2 2 1 5 4642 6983 118
5872 2 2 1 5 3030 6239 6238
5873 2 2 1 5 4613 5019 900
5874 2 2 1 5 1992 4018 4017
5875 2 2 1 5 2209 6900 3580
5876 2 2 1 5 4650 8527 166
5877 2 2 1 5 528 4985 1748
5878 2 2 1 5 3355 5815 4131
5879 2 2 1 5 1256 6351 3670
5880 2 2 1 5 2079 4699 4143
5881 2 2 1 5 3243 8342 5773
5882 2 2 1 5 4633 5295 3185
5883 2 2 1 5 6540 7826 4116
5884 2 2 1 5 5307 6787 1328
5885 2 2 1 5 5084 5776 1827
5886 2 2 1 5 2583 5183 182
5887 2 2 1 5 2422 6737 2421
5888 2 2 1 5 3377 4673 4672
5889 2 2 1 5 4833 7016 3059
5890 2 2 1 5 3237 7608 7134
5891 2 2 1 5 4288 7346 4416
5892 2 2 1 5 5591 7065 2999
5893 2 2 1 5 1629 7393 1197
5894 2 2 1 5 2091 4067 49
5895 2 2 1 5 2307 6839 194
5896 2 2 1 5 1823 4521 4520
5897 2 2 1 5 3074 8077 6369
5898 2 2 1 5 3342 5009 1452
5899 2 2 1 5 4540 7302 3899
5900 2 2 1 5 3003 4247 3002
5901 2 2 1 5 2708 4112 2286
5902 2 2 1 5 2242 5507 2241
5903 2 2 1 5 3458 5126 3804
5904 2 2 1 5 2309 7924 5769
5905 2 2 1 5 3998 7484 4916
5906 2 2 1 5 4818 4939 2358
5907 2 2 1 5 4441 6076 64
5908 2 2 1 5 3237 6038 4454
5909 2 2 1 5 7414 8619 1903
5910 2 2 1 5 1114 4094 2080
5911 2 2 1 5 3006 6527 1376
5912 2 2 1 5 5894 6325 1922
5913 2 2 1 5 4805 7446 3759
5914 2 2 1 5 6281 7440 1309
5915 2 2 1 5 3239 5758 4233
5916 2 2 1 5 3663 8194 5474
5917 2 2 1 5 6486 6910 2740
5918 2 2 1 5 6318 6319 127
5919 2 2 1 5 2467 5490 4107
5920 2 2 1 5 5600 7009 3238
5921 2 2 1 5 1846 7875 6314
5922 2 2 1 5 6409 7108 173
5923 2 2 1 5 4420 5247 3183
5924 2 2 1 5 2959 5692 3651
5925 2 2 1 5 4418 8542 1013
5926 2 2 1 5 94 5443 1265
5927 2 2 1 5 6896 8221 3281
5928 2 2 1 5 2256 6207 2255
5929 2 2 1 5 714 5417 260
5930 2 2 1 5 2290 5442 5378
5931 2 2 1 5 4976 6671 2694
5932 2 2 1 5 3738 4905 501
5933 2 2 1 5 5163 6079 3790
5934 2 2 1 5 1703 6181 5418
5935 2 2 1 5 2588 6913 1958
5936 2 2 1 5 5116 7749 4290
5937 2 2 1 5 1894 2557 2558
5938 2 2 1 5 2745 6095 722
5939 2 2 1 5 4045 7525 284
5940 2 2 1 5 4345 6202 3197
5941 2 2 1 5 3845 8485 3270
5942 2 2 1 5 3273 6235 4737
5943 2 2 1 5 2860 4382 2705
5944 2 2 1 5 4155 5152 3205
5945 2 2 1 5 1977 4646 4156
5946 2 2 1 5 97 5374 570
5947 2 2 1 5 4333 5421 3152
5948 2 2 1 5 5746 5754 3729
5949 2 2 1 5 753 4359 3590
5950 2 2 1 5 4644 5438 3171
5951 2 2 1 5 4726 7166 2106
5952 2 2 1 5 4467 6448 1160
5953 2 2 1 5 2289 5442 2290
5954 2 2 1 5 2323 4990 4279
5955 2 2 1 5 147 6050 2213
5956 2 2 1 5 571 5012 1092
5957 2 2 1 5 2338 4237 1387
5958 2 2 1 5 3307 7960 5119
5959 2 2 1 5 1102 5005 2868
5960 2 2 1 5 2449 2797 1066
5961 2 2 1 5 5232 5988 2007
5962 2 2 1 5 1146 7102 3967
5963 2 2 1 5 475 4929 472
5964 2 2 1 5 4563 5702 1387
5965 2 2 1 5 2210 6933 2211
5966 2 2 1 5 3054 7106 4944
5967 2 2 1 5 3735 7465 3147
5968 2 2 1 5 5646 7143 3172
5969 2 2 1 5 1992 6416 2880
5970 2 2 1 5 168 8508 2251
5971 2 2 1 5 3557 7580 245
5972 2 2 1 5 3983 5758 5600
5973 2 2 1 5 2752 6920 3791
5974 2 2 1 5 1302 6265 4243
5975 2 2 1 5 5337 6747 3489
5976 2 2 1 5 4870 6825 3803
5977 2 2 1 5 1246 7229 558
5978 2 2 1 5 4555 7287 1349
5979 2 2 1 5 4610 5138 3061
5980 2 2 1 5 5456 6168 2389
5981 2 2 1 5 3687 5872 3338
5982 2 2 1 5 2169 5686 1818
5983 2 2 1 5 3936 6566 3935
5984 2 2 1 5 4684 8143 3688
5985 2 2 1 5 5829 7522 1261
5986 2 2 1 5 5810 6717 3935
5987 2 2 1 5 2264 6409 173
5988 2 2 1 5 4292 5850 71
5989 2 2 1 5 1740 1739 1093
5990 2 2 1 5 1909 5306 3846
5991 2 2 1 5 5693 5866 3934
5992 2 2 1 5 2207 5014 2208
5993 2 2 1 5 4731 5347 3296
5994 2 2 1 5 4295 7187 5638
5995 2 2 1 5 256 6998 5973
5996 2 2 1 5 5857 6700 1697
5997 2 2 1 5 378 4822 1159
5998 2 2 1 5 1818 6631 2168
5999 2 2 1 5 2632 5178 81
6000 2 2 1 5 5106 7783 1636
6001 2 2 1 5 139 6261 1815
6002 2 2 1 5 3497 5811 4643
6003 2 2 1 5 1259 7120 2649
6004 2 2 1 5 2584 5471 5175
6005 2 2 1 5 4435 8248 1888
6006 2 2 1 5 6387 7546 6568
6007 2 2 1 5 3361 6124 3993
6008 2 2 1 5 1018 5855 1019
6009 2 2 1 5 4438 5061 3171
6010 2 2 1 5 208 8455 4834
6011 2 2 1 5 2466 8243 1079
6012 2 2 1 5 4755 5523 3265
6013 2 2 1 5 4510 8259 4509
6014 2 2 1 5 2536 6031 1858
6015 2 2 1 5 166 8527 7972
6016 2 2 1 5 4011 6950 4048
6017 2 2 1 5 82 6934 2118
6018 2 2 1 5 6475 7395 7294
6019 2 2 1 5 4348 6136 3207
6020 2 2 1 5 3197 5552 4345
6021 2 2 1 5 6126 8269 3518
6022 2 2 1 5 3827 5593 5196
6023 2 2 1 5 3375 7962 4843
6024 2 2 1 5 3823 4436 30
6025 2 2 1 5 1779 5669 2501
6026 2 2 1 5 70 6435 2106
6027 2 2 1 5 8325 8484 4387
6028 2 2 1 5 2146 7760 580
6029 2 2 1 5 2244 6408 3949
6030 2 2 1 5 5607 6941 3599
6031 2 2 1 5 4089 7465 3735
6032 2 2 1 5 2411 8327 4763
6033 2 2 1 5 6644 8191 2142
6034 2 2 1 5 81 6465 2632
6035 2 2 1 5 2256 6407 6207
6036 2 2 1 5 2857 5462 1897
6037 2 2 1 5 1645 4914 1646
6038 2 2 1 5 4682 6661 4974
6039 2 2 1 5 1675 7139 5303
6040 2 2 1 5 180 7053 6444
6041 2 2 1 5 2922 4416 2921
6042 2 2 1 5 1368 3585 2581
6043 2 2 1 5 2501 7845 1779
6044 2 2 1 5 2494 4197 1747
6045 2 2 1 5 2719 6226 686
6046 2 2 1 5 1338 6981 5326
6047 2 2 1 5 2270 6981 1338
6048 2 2 1 5 785 6203 1113
6049 2 2 1 5 2925 6078 1854
6050 2 2 1 5 4053 6563 3322
6051 2 2 1 5 4872 6255 1080
6052 2 2 1 5 221 6007 5620
6053 2 2 1 5 3233 6692 3601
6054 2 2 1 5 3327 5642 4648
6055 2 2 1 5 3202 8305 3752
6056 2 2 1 5 1386 5065 1399
6057 2 2 1 5 712 6799 2381
6058 2 2 1 5 1694 4292 481
6059 2 2 1 5 4592 8166 6668
6060 2 2 1 5 1439 6250 5667
6061 2 2 1 5 4886 5352 3081
6062 2 2 1 5 1069 4114 996
6063 2 2 1 5 5185 8604 2803
6064 2 2 1 5 142 7864 4106
6065 2 2 1 5 2634 5011 1307
6066 2 2 1 5 5426 7901 1364
6067 2 2 1 5 336 6857 1554
6068 2 2 1 5 4893 7005 3523
6069 2 2 1 5 6048 6657 1254
6070 2 2 1 5 3941 6051 5049
6071 2 2 1 5 3059 7016 4571
6072 2 2 1 5 6438 8520 2541
6073 2 2 1 5 5198 6670 3063
6074 2 2 1 5 7019 7431 3077
6075 2 2 1 5 6982 7589 2177
6076 2 2 1 5 4050 7470 2289
6077 2 2 1 5 1961 7953 4935
6078 2 2 1 5 5226 5909 3170
6079 2 2 1 5 2423 8591 310
6080 2 2 1 5 2413 8149 3698
6081 2 2 1 5 5022 7033 4739
6082 2 2 1 5 3931 6030 2333
6083 2 2 1 5 4654 6546 1201
6084 2 2 1 5 6152 7235 1313
6085 2 2 1 5 847 7688 4506
6086 2 2 1 5 1981 6245 779
6087 2 2 1 5 1436 6783 5317
6088 2 2 1 5 3918 6049 404
6089 2 2 1 5 2214 5487 4861
6090 2 2 1 5 2711 5917 1906
6091 2 2 1 5 195 5847 2309
6092 2 2 1 5 4913 6379 144
6093 2 2 1 5 4228 7290 4084
6094 2 2 1 5 5726 5935 3722
6095 2 2 1 5 3606 5252 5080
6096 2 2 1 5 4518 5551 3324
6097 2 2 1 5 4213 8272 5637
6098 2 2 1 5 3021 5343 40
6099 2 2 1 5 3959 6111 4623
6100 2 2 1 5 1901 6672 4041
6101 2 2 1 5 1045 4639 3420
6102 2 2 1 5 2527 4692 3760
6103 2 2 1 5 8223 8225 8224
6104 2 2 1 5 3570 7174 5468
6105 2 2 1 5 2587 6875 4016
6106 2 2 1 5 2631 6677 5564
6107 2 2 1 5 3249 5138 4610
6108 2 2 1 5 4762 7888 1635
6109 2 2 1 5 4111 5772 5526
6110 2 2 1 5 2194 5655 4566
6111 2 2 1 5 1019 5855 3007
6112 2 2 1 5 4682 4974 263
6113 2 2 1 5 2952 7141 1883
6114 2 2 1 5 1643 7870 6406
6115 2 2 1 5 3485 5179 4487
6116 2 2 1 5 3046 5754 4797
6117 2 2 1 5 2505 6724 2506
6118 2 2 1 5 1328 8514 5307
6119 2 2 1 5 501 5509 3738
6120 2 2 1 5 3738 5611 3155
6121 2 2 1 5 1159 5553 4357
6122 2 2 1 5 81 5178 1245
6123 2 2 1 5 5108 6989 3452
6124 2 2 1 5 418 4855 330
6125 2 2 1 5 227 5723 229
6126 2 2 1 5 1703 5550 2823
6127 2 2 1 5 3209 4844 4440
6128 2 2 1 5 1306 5053 1369
6129 2 2 1 5 5087 7963 3693
6130 2 2 1 5 2309 5769 195
6131 2 2 1 5 5578 5990 3739
6132 2 2 1 5 3934 5866 1740
6133 2 2 1 5 2332 8500 4647
6134 2 2 1 5 2773 6854 3882
6135 2 2 1 5 2627 5793 3960
6136 2 2 1 5 4033 8165 4344
6137 2 2 1 5 661 5774 1848
6138 2 2 1 5 3816 7531 3152
6139 2 2 1 5 6576 7130 3879
6140 2 2 1 5 1632 5795 4737
6141 2 2 1 5 4796 6431 347
6142 2 2 1 5 3182 8121 6883
6143 2 2 1 5 3656 5146 941
6144 2 2 1 5 2481 5660 1207
6145 2 2 1 5 5815 7826 47
6146 2 2 1 5 2589 4681 1960
6147 2 2 1 5 3432 4556 4447
6148 2 2 1 5 2294 5380 4231
6149 2 2 1 5 3989 8391 6147
6150 2 2 1 5 7349 8367 5151
6151 2 2 1 5 5042 5088 4178
6152 2 2 1 5 3983 5600 3238
6153 2 2 1 5 2481 6355 4873
6154 2 2 1 5 2593 7037 2780
6155 2 2 1 5 1198 46 2088
6156 2 2 1 5 2078 7649 3
6157 2 2 1 5 2877 5962 4049
6158 2 2 1 5 4000 7356 5121
6159 2 2 1 5 1750 5461 3670
6160 2 2 1 5 3851 6778 4579
6161 2 2 1 5 2622 6046 2818
6162 2 2 1 5 1990 5602 542
6163 2 2 1 5 1673 7139 2474
6164 2 2 1 5 3213 8365 5134
6165 2 2 1 5 5981 8551 6699
6166 2 2 1 5 1184 7024 5409
6167 2 2 1 5 4922 5194 1168
6168 2 2 1 5 4771 6742 4779
6169 2 2 1 5 3996 8398 6631
6170 2 2 1 5 5389 6162 3657
6171 2 2 1 5 1225 5677 1184
6172 2 2 1 5 2421 6737 2980
6173 2 2 1 5 2381 6516 2382
6174 2 2 1 5 2877 5197 1983
6175 2 2 1 5 3992 4971 2548
6176 2 2 1 5 5510 7325 3536
6177 2 2 1 5 1795 7471 121
6178 2 2 1 5 3460 6808 5574
6179 2 2 1 5 375 4948 1612
6180 2 2 1 5 201 8278 4002
6181 2 2 1 5 284 4931 1513
6182 2 2 1 5 1227 4770 4769
6183 2 2 1 5 3683 6982 4457
6184 2 2 1 5 4887 5008 3480
6185 2 2 1 5 3152 5832 4490
6186 2 2 1 5 4095 6620 3713
6187 2 2 1 5 786 6252 6189
6188 2 2 1 5 7436 8063 3369
6189 2 2 1 5 2555 6695 1893
6190 2 2 1 5 4407 6564 3200
6191 2 2 1 5 5022 8266 4514
6192 2 2 1 5 3622 7944 2435
6193 2 2 1 5 700 4978 701
6194 2 2 1 5 1013 8542 1559
6195 2 2 1 5 3393 7111 4205
6196 2 2 1 5 5858 6756 3727
6197 2 2 1 5 768 7793 4820
6198 2 2 1 5 4419 5863 3508
6199 2 2 1 5 5479 6076 1650
6200 2 2 1 5 2903 7203 3797
6201 2 2 1 5 626 5916 5400
6202 2 2 1 5 1867 8462 2539
6203 2 2 1 5 3686 6863 5863
6204 2 2 1 5 7001 7985 2335
6205 2 2 1 5 2564 6702 2565
6206 2 2 1 5 5937 7560 3916
6207 2 2 1 5 2311 6405 4598
6208 2 2 1 5 2568 5426 2727
6209 2 2 1 5 1684 4145 475
6210 2 2 1 5 4244 5671 3454
6211 2 2 1 5 5094 8067 5096
6212 2 2 1 5 4512 6372 3149
6213 2 2 1 5 2005 4550 3230
6214 2 2 1 5 1238 6278 545
6215 2 2 1 5 4039 6888 3170
6216 2 2 1 5 4252 7408 393
6217 2 2 1 5 6141 6443 2540
6218 2 2 1 5 1301 4395 3382
6219 2 2 1 5 15 5286 4323
6220 2 2 1 5 452 8366 75
6221 2 2 1 5 3214 7079 4469
6222 2 2 1 5 1437 5441 1436
6223 2 2 1 5 3532 4829 3002
6224 2 2 1 5 1701 5418 1702
6225 2 2 1 5 2108 5791 4471
6226 2 2 1 5 3717 7842 2726
6227 2 2 1 5 5121 6816 3736
6228 2 2 1 5 3338 5335 3706
6229 2 2 1 5 2583 7535 5016
6230 2 2 1 5 3183 7518 4420
6231 2 2 1 5 3792 8267 4071
6232 2 2 1 5 4157 5288 3324
6233 2 2 1 5 4181 6745 4523
6234 2 2 1 5 3701 7075 6276
6235 2 2 1 5 4474 6201 2362
6236 2 2 1 5 900 6689 6420
6237 2 2 1 5 946 5169 1997
6238 2 2 1 5 2627 2118 495
6239 2 2 1 5 6784 6886 3949
6240 2 2 1 5 2800 5806 1584
6241 2 2 1 5 1080 6384 405
6242 2 2 1 5 3471 6218 2672
6243 2 2 1 5 4302 6850 3549
6244 2 2 1 5 1158 4948 1136
6245 2 2 1 5 4527 7290 1697
6246 2 2 1 5 2266 4666 4128
6247 2 2 1 5 1786 5364 1821
6248 2 2 1 5 4269 5974 2532
6249 2 2 1 5 4640 7447 2208
6250 2 2 1 5 4737 5795 1631
6251 2 2 1 5 774 5313 2005
6252 2 2 1 5 3473 5091 5078
6253 2 2 1 5 4195 6159 2478
6254 2 2 1 5 1761 8185 2495
6255 2 2 1 5 5367 7475 7
6256 2 2 1 5 1577 7512 5508
6257 2 2 1 5 4561 8300 3067
6258 2 2 1 5 5741 8241 3336
6259 2 2 1 5 3374 7103 3819
6260 2 2 1 5 4497 5746 3091
6261 2 2 1 5 3829 6905 6071
6262 2 2 1 5 2320 6109 4268
6263 2 2 1 5 247 5990 248
6264 2 2 1 5 643 6569 1867
6265 2 2 1 5 1400 5995 2362
6266 2 2 1 5 5374 6605 2646
6267 2 2 1 5 5246 5368 4038
6268 2 2 1 5 2675 8123 624
6269 2 2 1 5 3074 6937 5553
6270 2 2 1 5 3954 7707 4216
6271 2 2 1 5 4480 6009 3923
6272 2 2 1 5 3322 5931 4939
6273 2 2 1 5 3190 8266 5022
6274 2 2 1 5 3074 5553 4110
6275 2 2 1 5 4318 5304 4657
6276 2 2 1 5 5155 5184 3196
6277 2 2 1 5 5861 7767 15
6278 2 2 1 5 1866 6721 1331
6279 2 2 1 5 4297 4618 1730
6280 2 2 1 5 7301 8613 1193
6281 2 2 1 5 2448 5196 4909
6282 2 2 1 5 4860 8531 699
6283 2 2 1 5 409 410 2799
6284 2 2 1 5 4283 7833 4282
6285 2 2 1 5 3494 6826 4747
6286 2 2 1 5 3191 6434 5199
6287 2 2 1 5 3707 6845 4473
6288 2 2 1 5 4040 8121 3182
6289 2 2 1 5 5755 5756 3239
6290 2 2 1 5 1029 1585 1030
6291 2 2 1 5 1954 4700 2378
6292 2 2 1 5 2636 6596 4830
6293 2 2 1 5 4550 4740 3230
6294 2 2 1 5 1646 4891 1645
6295 2 2 1 5 482 1694 481
6296 2 2 1 5 3608 5895 2727
6297 2 2 1 5 2154 7718 1766
6298 2 2 1 5 3052 5394 5000
6299 2 2 1 5 2678 6556 1817
6300 2 2 1 5 78 5814 2886
6301 2 2 1 5 1860 6031 2537
6302 2 2 1 5 4368 4757 3279
6303 2 2 1 5 1185 4885 2097
6304 2 2 1 5 5475 7272 2193
6305 2 2 1 5 1137 6238 14
6306 2 2 1 5 4788 8138 1380
6307 2 2 1 5 1655 6993 4441
6308 2 2 1 5 3220 6050 3730
6309 2 2 1 5 995 8255 5797
6310 2 2 1 5 7422 8481 2422
6311 2 2 1 5 3087 6816 5121
6312 2 2 1 5 4979 6660 6647
6313 2 2 1 5 1527 7817 2026
6314 2 2 1 5 4071 7478 7050
6315 2 2 1 5 3212 5040 4544
6316 2 2 1 5 3675 4923 613
6317 2 2 1 5 2721 5770 4621
6318 2 2 1 5 3459 6823 5517
6319 2 2 1 5 2299 7064 188
6320 2 2 1 5 2360 7091 3447
6321 2 2 1 5 4912 7656 4183
6322 2 2 1 5 468 5609 469
6323 2 2 1 5 2181 7641 129
6324 2 2 1 5 5618 7340 489
6325 2 2 1 5 2855 6911 651
6326 2 2 1 5 2253 7948 1862
6327 2 2 1 5 4570 7662 1667
6328 2 2 1 5 3427 5232 851
6329 2 2 1 5 1891 5847 4429
6330 2 2 1 5 2497 6715 1767
6331 2 2 1 5 5127 8326 2086
6332 2 2 1 5 1766 5604 2154
6333 2 2 1 5 203 5026 4462
6334 2 2 1 5 3323 4467 4466
6335 2 2 1 5 1162 7736 1159
6336 2 2 1 5 72 4554 494
6337 2 2 1 5 5039 5040 3212
6338 2 2 1 5 6637 8578 3653
6339 2 2 1 5 1379 7766 217
6340 2 2 1 5 4154 7939 4269
6341 2 2 1 5 1528 8337 2459
6342 2 2 1 5 6394 7806 4900
6343 2 2 1 5 4799 8544 3093
6344 2 2 1 5 1296 5879 4689
6345 2 2 1 5 2549 3992 2548
6346 2 2 1 5 3142 6974 4213
6347 2 2 1 5 4108 6932 1871
6348 2 2 1 5 2345 5547 2346
6349 2 2 1 5 5507 5823 3651
6350 2 2 1 5 972 6225 980
6351 2 2 1 5 6526 6574 2382
6352 2 2 1 5 1312 7180 2217
6353 2 2 1 5 5408 6675 3087
6354 2 2 1 5 1088 6495 1706
6355 2 2 1 5 372 8190 371
6356 2 2 1 5 4346 7214 4056
6357 2 2 1 5 4860 6663 3328
6358 2 2 1 5 4662 6012 3068
6359 2 2 1 5 373 5896 36
6360 2 2 1 5 4285 7497 2370
6361 2 2 1 5 3879 5749 3323
6362 2 2 1 5 5361 6160 93
6363 2 2 1 5 4646 5979 2737
6364 2 2 1 5 5380 8280 3137
6365 2 2 1 5 4744 7063 1183
6366 2 2 1 5 3725 7916 6101
6367 2 2 1 5 1330 8072 2264
6368 2 2 1 5 573 8098 1732
6369 2 2 1 5 4357 8472 1159
6370 2 2 1 5 5999 7673 628
6371 2 2 1 5 5188 6637 3653
6372 2 2 1 5 1983 5197 262
6373 2 2 1 5 5185 8089 3645
6374 2 2 1 5 2394 5257 270
6375 2 2 1 5 2745 5666 4421
6376 2 2 1 5 2841 5522 1095
6377 2 2 1 5 3626 7296 2792
6378 2 2 1 5 3905 7277 4748
6379 2 2 1 5 2402 6377 289
6380 2 2 1 5 2588 6710 4086
6381 2 2 1 5 206 8532 5305
6382 2 2 1 5 2794 7259 6004
6383 2 2 1 5 4568 5266 3067
6384 2 2 1 5 1894 5759 2557
6385 2 2 1 5 298 5091 5090
6386 2 2 1 5 4198 5296 2167
6387 2 2 1 5 5908 7188 3674
6388 2 2 1 5 5748 6702 2564
6389 2 2 1 5 7350 7664 3195
6390 2 2 1 5 338 5870 339
6391 2 2 1 5 4620 6537 1817
6392 2 2 1 5 5229 5801 3115
6393 2 2 1 5 2400 6194 4015
6394 2 2 1 5 4679 7723 3849
6395 2 2 1 5 5826 7630 1456
6396 2 2 1 5 2134 6773 3502
6397 2 2 1 5 4711 6071 2040
6398 2 2 1 5 1303 5145 2196
6399 2 2 1 5 1803 7288 5217
6400 2 2 1 5 1304 5565 614
6401 2 2 1 5 856 5341 739
6402 2 2 1 5 4989 6290 3530
6403 2 2 1 5 4721 7208 6
6404 2 2 1 5 3191 6771 4910
6405 2 2 1 5 4261 8289 3066
6406 2 2 1 5 328 7944 961
6407 2 2 1 5 6233 7598 5056
6408 2 2 1 5 4694 5244 3465
6409 2 2 1 5 2412 5281 1435
6410 2 2 1 5 3508 7625 4419
6411 2 2 1 5 1493 7769 58
6412 2 2 1 5 2586 7355 2587
6413 2 2 1 5 590 6233 5056
6414 2 2 1 5 1031 5048 1587
6415 2 2 1 5 1477 8057 309
6416 2 2 1 5 4297 8609 4618
6417 2 2 1 5 410 8460 2799
6418 2 2 1 5 4966 5357 3228
6419 2 2 1 5 3251 4908 4653
6420 2 2 1 5 1152 5881 5465
6421 2 2 1 5 614 5565 615
6422 2 2 1 5 2277 5778 2702
6423 2 2 1 5 222 7001 2335
6424 2 2 1 5 1956 5990 5578
6425 2 2 1 5 4988 7551 5875
6426 2 2 1 5 3214 5901 3798
6427 2 2 1 5 2765 5761 835
6428 2 2 1 5 3464 7880 606
6429 2 2 1 5 727 6316 286
6430 2 2 1 5 2434 8115 2002
6431 2 2 1 5 1876 6437 4370
6432 2 2 1 5 3683 8469 6982
6433 2 2 1 5 3447 5787 3926
6434 2 2 1 5 5377 5929 5560
6435 2 2 1 5 3382 4807 4675
6436 2 2 1 5 1692 4865 461
6437 2 2 1 5 41 8547 1160
6438 2 2 1 5 2873 6475 1976
6439 2 2 1 5 166 5099 3312
6440 2 2 1 5 420 7631 55
6441 2 2 1 5 278 4955 2746
6442 2 2 1 5 4756 7332 1164
6443 2 2 1 5 179 1870 2279
6444 2 2 1 5 2808 8396 1622
6445 2 2 1 5 2505 7133 6724
6446 2 2 1 5 1442 5280 274
6447 2 2 1 5 3114 6753 3425
6448 2 2 1 5 4888 6273 3548
6449 2 2 1 5 4128 8580 4996
6450 2 2 1 5 2292 7297 2293
6451 2 2 1 5 4594 7292 3918
6452 2 2 1 5 2751 5458 4842
6453 2 2 1 5 7199 8005 3451
6454 2 2 1 5 4457 6982 126
6455 2 2 1 5 5365 6032 3629
6456 2 2 1 5 4909 5533 353
6457 2 2 1 5 1402 7273 3815
6458 2 2 1 5 4907 6866 3264
6459 2 2 1 5 17 5734 5184
6460 2 2 1 5 5412 8365 3213
6461 2 2 1 5 5092 5517 3146
6462 2 2 1 5 4376 8515 7606
6463 2 2 1 5 4445 8533 3158
6464 2 2 1 5 1871 6932 3545
6465 2 2 1 5 4417 5782 3359
6466 2 2 1 5 4727 5015 2143
6467 2 2 1 5 2302 8411 4683
6468 2 2 1 5 4289 8204 5182
6469 2 2 1 5 3879 7129 5749
6470 2 2 1 5 2133 6334 4113
6471 2 2 1 5 5289 6589 2070
6472 2 2 1 5 230 7224 5787
6473 2 2 1 5 5735 8264 4718
6474 2 2 1 5 2592 5150 1547
6475 2 2 1 5 5895 6195 2667
6476 2 2 1 5 3391 6986 4329
6477 2 2 1 5 1224 6743 2752
6478 2 2 1 5 3213 5430 4003
6479 2 2 1 5 179 5251 4843
6480 2 2 1 5 1322 6300 4792
6481 2 2 1 5 631 5015 632
6482 2 2 1 5 3175 7954 4736
6483 2 2 1 5 1770 6065 1297
6484 2 2 1 5 2997 3899 2996
6485 2 2 1 5 2685 3881 3545
6486 2 2 1 5 6254 6445 3996
6487 2 2 1 5 4856 7537 3624
6488 2 2 1 5 1606 5821 3888
6489 2 2 1 5 2841 5955 1777
6490 2 2 1 5 3153 6930 6266
6491 2 2 1 5 1359 7975 5060
6492 2 2 1 5 5265 7215 2514
6493 2 2 1 5 4365 8573 2153
6494 2 2 1 5 2472 4927 1631
6495 2 2 1 5 1476 6240 2764
6496 2 2 1 5 3069 6299 4341
6497 2 2 1 5 4465 8482 3493
6498 2 2 1 5 3222 6661 4576
6499 2 2 1 5 4736 5777 3175
6500 2 2 1 5 2022 4507 56
6501 2 2 1 5 165 4839 2245
6502 2 2 1 5 4859 5257 2394
6503 2 2 1 5 2513 5598 1811
6504 2 2 1 5 4430 7959 3381
6505 2 2 1 5 550 5927 3786
6506 2 2 1 5 3222 8143 6730
6507 2 2 1 5 1695 4081 3621
6508 2 2 1 5 2616 7512 1577
6509 2 2 1 5 2663 5966 1292
6510 2 2 1 5 3508 6592 6431
6511 2 2 1 5 2470 6880 1626
6512 2 2 1 5 2383 6791 2374
6513 2 2 1 5 5969 6311 3473
6514 2 2 1 5 5235 5821 2467
6515 2 2 1 5 1251 5835 1247
6516 2 2 1 5 1454 8504 298
6517 2 2 1 5 4983 6602 3947
6518 2 2 1 5 3832 7569 4719
6519 2 2 1 5 4116 7826 5815
6520 2 2 1 5 2484 4873 2483
6521 2 2 1 5 4021 7358 1623
6522 2 2 1 5 4830 6596 3360
6523 2 2 1 5 272 6430 722
6524 2 2 1 5 7523 8415 3412
6525 2 2 1 5 4548 5958 3064
6526 2 2 1 5 4383 6750 1933
6527 2 2 1 5 1730 5469 567
6528 2 2 1 5 2195 7574 137
6529 2 2 1 5 1888 8248 4683
6530 2 2 1 5 1341 5807 1340
6531 2 2 1 5 1778 5357 4966
6532 2 2 1 5 3200 4731 4177
6533 2 2 1 5 1785 6631 1818
6534 2 2 1 5 3856 6309 3855
6535 2 2 1 5 3174 7260 4722
6536 2 2 1 5 4718 6622 4471
6537 2 2 1 5 1932 7083 2715
6538 2 2 1 5 200 4695 2313
6539 2 2 1 5 1228 7553 4138
6540 2 2 1 5 2375 5995 3557
6541 2 2 1 5 2683 4838 637
6542 2 2 1 5 3651 5692 5507
6543 2 2 1 5 651 7157 2855
6544 2 2 1 5 1074 5725 4008
6545 2 2 1 5 3147 5624 3735
6546 2 2 1 5 2737 5979 5492
6547 2 2 1 5 3975 4218 706
6548 2 2 1 5 2400 8066 4380
6549 2 2 1 5 2231 5210 5076
6550 2 2 1 5 4404 7400 1636
6551 2 2 1 5 4710 7859 4391
6552 2 2 1 5 4115 6258 1806
6553 2 2 1 5 4612 8357 3592
6554 2 2 1 5 4925 7884 5326
6555 2 2 1 5 2374 6791 245
6556 2 2 1 5 619 4995 2191
6557 2 2 1 5 1902 5803 2563
6558 2 2 1 5 2249 7193 4257
6559 2 2 1 5 5588 7210 3588
6560 2 2 1 5 3918 6749 1067
6561 2 2 1 5 4578 7749 3294
6562 2 2 1 5 5414 5416 3932
6563 2 2 1 5 7719 8049 4075
6564 2 2 1 5 4545 8026 63
6565 2 2 1 5 4934 5813 3167
6566 2 2 1 5 4002 8305 5963
6567 2 2 1 5 1433 5093 4800
6568 2 2 1 5 3559 8120 6331
6569 2 2 1 5 2733 6730 4684
6570 2 2 1 5 3919 4704 1955
6571 2 2 1 5 2814 7400 4404
6572 2 2 1 5 6862 7458 3785
6573 2 2 1 5 2526 4692 2527
6574 2 2 1 5 5036 5566 2860
6575 2 2 1 5 1937 5813 2577
6576 2 2 1 5 1358 4889 1911
6577 2 2 1 5 1227 4771 4770
6578 2 2 1 5 6159 7992 4916
6579 2 2 1 5 696 6499 3613
6580 2 2 1 5 191 6968 2303
6581 2 2 1 5 2109 5370 2630
6582 2 2 1 5 4751 8147 6503
6583 2 2 1 5 3617 6786 5305
6584 2 2 1 5 2111 6614 5763
6585 2 2 1 5 309 6240 308
6586 2 2 1 5 1252 4930 556
6587 2 2 1 5 710 6452 2377
6588 2 2 1 5 639 7282 638
6589 2 2 1 5 3555 6083 3658
6590 2 2 1 5 4482 8480 3284
6591 2 2 1 5 4477 5950 5313
6592 2 2 1 5 6351 7397 1750
6593 2 2 1 5 3350 7439 7438
6594 2 2 1 5 3386 5234 3775
6595 2 2 1 5 4543 8605 5783
6596 2 2 1 5 4218 5166 706
6597 2 2 1 5 3324 5288 4518
6598 2 2 1 5 2560 4589 1896
6599 2 2 1 5 4573 7641 2181
6600 2 2 1 5 4038 5368 3244
6601 2 2 1 5 4349 6393 981
6602 2 2 1 5 2185 6931 132
6603 2 2 1 5 5990 6710 3739
6604 2 2 1 5 4272 5310 1637
6605 2 2 1 5 6839 7481 194
6606 2 2 1 5 1240 523 524
6607 2 2 1 5 782 5763 4180
6608 2 2 1 5 2821 6305 4182
6609 2 2 1 5 4278 5646 3172
6610 2 2 1 5 1561 6079 5163
6611 2 2 1 5 2951 6812 1355
6612 2 2 1 5 1534 5444 4306
6613 2 2 1 5 2083 7261 42
6614 2 2 1 5 3111 7011 4428
6615 2 2 1 5 2907 7390 6880
6616 2 2 1 5 5906 6571 1982
6617 2 2 1 5 6180 6289 3415
6618 2 2 1 5 2182 8452 3826
6619 2 2 1 5 2347 4858 4857
6620 2 2 1 5 484 5162 1219
6621 2 2 1 5 1508 7804 3903
6622 2 2 1 5 3117 8428 4427
6623 2 2 1 5 4780 7868 1875
6624 2 2 1 5 3252 7705 5737
6625 2 2 1 5 2491 6432 5469
6626 2 2 1 5 451 4632 2620
6627 2 2 1 5 2250 5670 4997
6628 2 2 1 5 4672 5798 3377
6629 2 2 1 5 4048 5801 3229
6630 2 2 1 5 4771 4779 2091
6631 2 2 1 5 4716 4717 2751
6632 2 2 1 5 3302 7876 4773
6633 2 2 1 5 3185 5295 3770
6634 2 2 1 5 2823 6181 1703
6635 2 2 1 5 1421 7291 1389
6636 2 2 1 5 3221 7612 3952
6637 2 2 1 5 2275 7322 1879
6638 2 2 1 5 4574 7758 3377
6639 2 2 1 5 68 4903 4469
6640 2 2 1 5 2240 8034 5050
6641 2 2 1 5 5224 8271 3778
6642 2 2 1 5 1438 5676 1446
6643 2 2 1 5 3545 8577 1871
6644 2 2 1 5 1736 5840 3541
6645 2 2 1 5 2431 5264 4105
6646 2 2 1 5 3232 5035 4654
6647 2 2 1 5 1441 5137 2737
6648 2 2 1 5 4095 4611 1280
6649 2 2 1 5 2839 4515 1098
6650 2 2 1 5 4498 6094 3168
6651 2 2 1 5 4035 6779 6616
6652 2 2 1 5 4006 6289 6180
6653 2 2 1 5 3884 7261 4236
6654 2 2 1 5 3880 6589 4522
6655 2 2 1 5 1154 3823 370
6656 2 2 1 5 4940 7462 3268
6657 2 2 1 5 4689 5879 3276
6658 2 2 1 5 3304 5088 5042
6659 2 2 1 5 3491 6648 5786
6660 2 2 1 5 4279 4990 3768
6661 2 2 1 5 3526 7771 5997
6662 2 2 1 5 3321 4720 3320
6663 2 2 1 5 2416 7280 4529
6664 2 2 1 5 4329 6829 3391
6665 2 2 1 5 3381 5670 4430
6666 2 2 1 5 4250 7145 44
6667 2 2 1 5 4100 5165 545
6668 2 2 1 5 1933 5065 1386
6669 2 2 1 5 8050 8051 3116
6670 2 2 1 5 8288 8602 2211
6671 2 2 1 5 3676 5160 3718
6672 2 2 1 5 3719 5677 2629
6673 2 2 1 5 369 5587 4713
6674 2 2 1 5 3550 7009 5600
6675 2 2 1 5 2815 6869 1656
6676 2 2 1 5 3566 6941 5607
6677 2 2 1 5 3244 6548 3900
6678 2 2 1 5 1414 6486 2740
6679 2 2 1 5 2907 6880 4321
6680 2 2 1 5 1586 7615 5055
6681 2 2 1 5 484 6280 3667
6682 2 2 1 5 1087 7662 4570
6683 2 2 1 5 1199 5612 395
6684 2 2 1 5 2083 4987 43
6685 2 2 1 5 2071 6021 2617
6686 2 2 1 5 5484 6741 1163
6687 2 2 1 5 4449 7538 3071
6688 2 2 1 5 4125 7767 5861
6689 2 2 1 5 4450 6241 3075
6690 2 2 1 5 1324 5877 2257
6691 2 2 1 5 4432 6572 4215
6692 2 2 1 5 5654 7806 1200
6693 2 2 1 5 4747 6826 3120
6694 2 2 1 5 2443 6494 4983
6695 2 2 1 5 4919 5243 3354
6696 2 2 1 5 3858 8487 2104
6697 2 2 1 5 3899 7342 4495
6698 2 2 1 5 505 7803 322
6699 2 2 1 5 4415 7734 5
6700 2 2 1 5 6015 8312 2478
6701 2 2 1 5 1572 5716 351
6702 2 2 1 5 4141 8326 7255
6703 2 2 1 5 4158 7236 3106
6704 2 2 1 5 5086 7830 2164
6705 2 2 1 5 2763 5029 5028
6706 2 2 1 5 354 2063 403
6707 2 2 1 5 2597 6902 2068
6708 2 2 1 5 2383 4768 1426
6709 2 2 1 5 2203 8080 7167
6710 2 2 1 5 405 6049 362
6711 2 2 1 5 3865 7699 3710
6712 2 2 1 5 4122 5847 195
6713 2 2 1 5 2589 7953 1961
6714 2 2 1 5 45 5403 4882
6715 2 2 1 5 2115 6212 5562
6716 2 2 1 5 188 5939 2299
6717 2 2 1 5 176 4633 2270
6718 2 2 1 5 1769 6544 4543
6719 2 2 1 5 2614 5150 4999
6720 2 2 1 5 5441 8285 4557
6721 2 2 1 5 2178 7857 5191
6722 2 2 1 5 1185 8085 2431
6723 2 2 1 5 4511 8323 2405
6724 2 2 1 5 2622 5293 65
6725 2 2 1 5 5620 7965 2335
6726 2 2 1 5 2775 6877 910
6727 2 2 1 5 4536 6720 2411
6728 2 2 1 5 5208 7396 3371
6729 2 2 1 5 4985 7925 2650
6730 2 2 1 5 533 4881 294
6731 2 2 1 5 2688 5406 1314
6732 2 2 1 5 4999 5150 2592
6733 2 2 1 5 6513 7042 4231
6734 2 2 1 5 2362 5995 2376
6735 2 2 1 5 2500 7046 1302
6736 2 2 1 5 1897 5462 2559
6737 2 2 1 5 2499 7179 1773
6738 2 2 1 5 3730 6481 4851
6739 2 2 1 5 1637 5312 2476
6740 2 2 1 5 235 8172 2350
6741 2 2 1 5 3869 7934 4956
6742 2 2 1 5 2615 8348 8347
6743 2 2 1 5 4122 8134 3351
6744 2 2 1 5 2727 6080 2568
6745 2 2 1 5 626 5883 4394
6746 2 2 1 5 3791 6920 2834
6747 2 2 1 5 7302 7342 3899
6748 2 2 1 5 4879 6401 2734
6749 2 2 1 5 4857 4858 1416
6750 2 2 1 5 4958 5503 3367
6751 2 2 1 5 200 8153 4695
6752 2 2 1 5 2753 6326 84
6753 2 2 1 5 5771 6053 2670
6754 2 2 1 5 4353 5697 1201
6755 2 2 1 5 7408 8103 393
6756 2 2 1 5 3196 5597 3455
6757 2 2 1 5 2142 5041 96
6758 2 2 1 5 742 5396 754
6759 2 2 1 5 313 5736 858
6760 2 2 1 5 307 5970 2420
6761 2 2 1 5 4739 6769 3190
6762 2 2 1 5 5063 7917 5546
6763 2 2 1 5 2107 5941 71
6764 2 2 1 5 5184 8237 17
6765 2 2 1 5 5 7734 4721
6766 2 2 1 5 4277 6008 1896
6767 2 2 1 5 1889 5614 1350
6768 2 2 1 5 3862 8110 3020
6769 2 2 1 5 4745 4746 3313
6770 2 2 1 5 2559 8375 2560
6771 2 2 1 5 4687 5784 3396
6772 2 2 1 5 2095 6185 1665
6773 2 2 1 5 4468 7457 1841
6774 2 2 1 5 2317 8065 5476
6775 2 2 1 5 1638 7393 2476
6776 2 2 1 5 2974 6800 3301
6777 2 2 1 5 5517 7236 5301
6778 2 2 1 5 3895 5907 886
6779 2 2 1 5 4022 4829 3532
6780 2 2 1 5 5423 7107 4424
6781 2 2 1 5 886 4460 3895
6782 2 2 1 5 2211 8602 7911
6783 2 2 1 5 4760 5784 1852
6784 2 2 1 5 1219 5558 484
6785 2 2 1 5 8 6282 1611
6786 2 2 1 5 2630 5370 3596
6787 2 2 1 5 1689 6454 6022
6788 2 2 1 5 2984 4859 2983
6789 2 2 1 5 3812 4239 3260
6790 2 2 1 5 4661 6206 3332
6791 2 2 1 5 996 5054 1586
6792 2 2 1 5 722 5281 272
6793 2 2 1 5 4419 7365 3686
6794 2 2 1 5 4266 4533 343
6795 2 2 1 5 3613 5315 696
6796 2 2 1 5 5783 8605 3445
6797 2 2 1 5 3151 7125 4141
6798 2 2 1 5 575 6422 2647
6799 2 2 1 5 5174 7617 3303
6800 2 2 1 5 858 5736 859
6801 2 2 1 5 4890 7055 4165
6802 2 2 1 5 3979 7313 2315
6803 2 2 1 5 2689 6031 1860
6804 2 2 1 5 4558 8196 6411
6805 2 2 1 5 1909 7312 2566
6806 2 2 1 5 1809 8277 2541
6807 2 2 1 5 3292 7480 4679
6808 2 2 1 5 1359 6755 5573
6809 2 2 1 5 4794 8304 182
6810 2 2 1 5 3425 8060 8059
6811 2 2 1 5 1165 5454 1163
6812 2 2 1 5 3860 6926 5574
6813 2 2 1 5 2235 5070 155
6814 2 2 1 5 4743 7863 1640
6815 2 2 1 5 1402 6421 4880
6816 2 2 1 5 4374 5114 4381
6817 2 2 1 5 1456 7320 4251
6818 2 2 1 5 3261 6484 2260
6819 2 2 1 5 313 6927 5544
6820 2 2 1 5 3094 8499 3888
6821 2 2 1 5 468 5975 467
6822 2 2 1 5 3246 5106 4592
6823 2 2 1 5 1745 5729 2671
6824 2 2 1 5 1142 7475 20
6825 2 2 1 5 4016 6875 6149
6826 2 2 1 5 4757 4772 3279
6827 2 2 1 5 2492 5222 2660
6828 2 2 1 5 6908 7236 4158
6829 2 2 1 5 4163 7701 4610
6830 2 2 1 5 2500 7703 5319
6831 2 2 1 5 5743 7190 1746
6832 2 2 1 5 1697 6700 5002
6833 2 2 1 5 36 8190 372
6834 2 2 1 5 3237 7593 5187
6835 2 2 1 5 4210 6806 3454
6836 2 2 1 5 4903 7036 1671
6837 2 2 1 5 4784 6064 3495
6838 2 2 1 5 5153 5273 2336
6839 2 2 1 5 2551 6789 1888
6840 2 2 1 5 1336 5250 666
6841 2 2 1 5 2562 2724 2563
6842 2 2 1 5 5024 5247 3488
6843 2 2 1 5 1189 5353 456
6844 2 2 1 5 4675 6801 3382
6845 2 2 1 5 1174 5098 4027
6846 2 2 1 5 4685 6067 3234
6847 2 2 1 5 1598 8078 4171
6848 2 2 1 5 1656 5102 4138
6849 2 2 1 5 3480 5299 4978
6850 2 2 1 5 581 4652 2651
6851 2 2 1 5 6431 6592 4014
6852 2 2 1 5 4384 6076 3127
6853 2 2 1 5 3672 7206 6683
6854 2 2 1 5 4608 7893 6670
6855 2 2 1 5 324 5457 4628
6856 2 2 1 5 1430 6794 268
6857 2 2 1 5 6019 7385 3281
6858 2 2 1 5 194 7481 2308
6859 2 2 1 5 3972 6792 6395
6860 2 2 1 5 1452 4282 3342
6861 2 2 1 5 2843 5561 2517
6862 2 2 1 5 2545 5757 1879
6863 2 2 1 5 177 4780 2274
6864 2 2 1 5 2455 6006 4537
6865 2 2 1 5 4563 5278 3343
6866 2 2 1 5 3390 6999 5344
6867 2 2 1 5 6138 7084 3442
6868 2 2 1 5 1087 5106 1636
6869 2 2 1 5 2207 7455 639
6870 2 2 1 5 4713 5587 3150
6871 2 2 1 5 4275 6788 4474
6872 2 2 1 5 2693 6314 3707
6873 2 2 1 5 176 4732 4633
6874 2 2 1 5 4101 8221 6896
6875 2 2 1 5 5440 5918 3294
6876 2 2 1 5 1992 5013 4018
6877 2 2 1 5 3479 5338 4751
6878 2 2 1 5 522 4758 521
6879 2 2 1 5 2420 5970 2435
6880 2 2 1 5 4189 8512 5347
6881 2 2 1 5 4889 7646 3116
6882 2 2 1 5 1711 4900 4404
6883 2 2 1 5 1173 8192 5116
6884 2 2 1 5 3727 6756 6681
6885 2 2 1 5 3728 6313 2835
6886 2 2 1 5 4427 5922 3329
6887 2 2 1 5 4449 4467 3323
6888 2 2 1 5 4687 6295 1855
6889 2 2 1 5 4454 7608 3237
6890 2 2 1 5 127 6319 2178
6891 2 2 1 5 3829 7807 6905
6892 2 2 1 5 1844 5911 2228
6893 2 2 1 5 4447 7515 3432
6894 2 2 1 5 5546 7917 3789
6895 2 2 1 5 3886 8359 3885
6896 2 2 1 5 4896 5563 1625
6897 2 2 1 5 1801 5860 2179
6898 2 2 1 5 3945 7729 6397
6899 2 2 1 5 5142 5143 3394
6900 2 2 1 5 700 7109 4978
6901 2 2 1 5 1855 5206 1852
6902 2 2 1 5 80 2119 2487
6903 2 2 1 5 4775 7848 3136
6904 2 2 1 5 4925 6781 3302
6905 2 2 1 5 879 966 880
6906 2 2 1 5 235 6712 2351
6907 2 2 1 5 192 8571 2304
6908 2 2 1 5 3354 4920 4919
6909 2 2 1 5 3505 6540 4116
6910 2 2 1 5 3365 7563 5647
6911 2 2 1 5 4143 8234 42
6912 2 2 1 5 3028 5597 4323
6913 2 2 1 5 1241 4519 2898
6914 2 2 1 5 5071 7096 2172
6915 2 2 1 5 4244 7155 5671
6916 2 2 1 5 3849 7988 4679
6917 2 2 1 5 5547 6357 1965
6918 2 2 1 5 2155 5205 1266
6919 2 2 1 5 722 6430 2744
6920 2 2 1 5 1835 6685 2538
6921 2 2 1 5 1220 6994 499
6922 2 2 1 5 4506 7688 7178
6923 2 2 1 5 3026 5235 2467
6924 2 2 1 5 6959 7921 3801
6925 2 2 1 5 4145 4929 475
6926 2 2 1 5 4920 5686 2169
6927 2 2 1 5 2996 6522 2995
6928 2 2 1 5 789 4805 1464
6929 2 2 1 5 4638 5139 3224
6930 2 2 1 5 5045 7073 2569
6931 2 2 1 5 4220 8103 7408
6932 2 2 1 5 1886 7435 4263
6933 2 2 1 5 2878 7389 4245
6934 2 2 1 5 2585 6290 1955
6935 2 2 1 5 2432 6534 943
6936 2 2 1 5 4960 7899 4307
6937 2 2 1 5 6924 7148 2272
6938 2 2 1 5 481 5125 482
6939 2 2 1 5 5354 5355 1268
6940 2 2 1 5 3306 6665 5913
6941 2 2 1 5 1694 8574 4292
6942 2 2 1 5 6028 8205 4259
6943 2 2 1 5 1909 5429 5306
6944 2 2 1 5 3763 6246 4475
6945 2 2 1 5 4241 5185 3449
6946 2 2 1 5 2227 6433 5099
6947 2 2 1 5 2184 6922 2183
6948 2 2 1 5 5745 7887 4044
6949 2 2 1 5 6 7208 1135
6950 2 2 1 5 5519 5816 3372
6951 2 2 1 5 3444 5586 357
6952 2 2 1 5 3821 5868 4729
6953 2 2 1 5 3291 7051 5441
6954 2 2 1 5 2878 7192 1985
6955 2 2 1 5 1878 2545 2542
6956 2 2 1 5 1226 6687 321
6957 2 2 1 5 3571 7062 5009
6958 2 2 1 5 1476 6737 2422
6959 2 2 1 5 1620 5960 1621
6960 2 2 1 5 2036 5727 3576
6961 2 2 1 5 6455 7296 3626
6962 2 2 1 5 1768 6148 4214
6963 2 2 1 5 4051 5255 176
6964 2 2 1 5 3620 7698 4655
6965 2 2 1 5 1901 4041 2700
6966 2 2 1 5 1431 6764 3821
6967 2 2 1 5 1267 4832 2156
6968 2 2 1 5 4381 5114 2725
6969 2 2 1 5 715 4590 2388
6970 2 2 1 5 2141 4930 1250
6971 2 2 1 5 688 5892 2722
6972 2 2 1 5 20 7475 5367
6973 2 2 1 5 2220 6584 4365
6974 2 2 1 5 4828 6736 2555
6975 2 2 1 5 250 5890 251
6976 2 2 1 5 2681 5276 5133
6977 2 2 1 5 1217 5575 488
6978 2 2 1 5 5707 7927 2527
6979 2 2 1 5 5094 7586 3751
6980 2 2 1 5 3522 6602 5434
6981 2 2 1 5 3785 7458 4580
6982 2 2 1 5 5599 7312 1909
6983 2 2 1 5 4051 5713 2268
6984 2 2 1 5 2535 8072 1330
6985 2 2 1 5 1289 5860 5210
6986 2 2 1 5 2170 2519 600
6987 2 2 1 5 4084 7290 4527
6988 2 2 1 5 4628 5203 323
6989 2 2 1 5 2087 5214 1107
6990 2 2 1 5 6672 6673 4041
6991 2 2 1 5 4466 6576 3879
6992 2 2 1 5 2999 7065 2998
6993 2 2 1 5 3818 6557 23
6994 2 2 1 5 3453 7104 6352
6995 2 2 1 5 1430 7286 844
6996 2 2 1 5 31 5083 5082
6997 2 2 1 5 3819 5944 3374
6998 2 2 1 5 2400 7211 4405
6999 2 2 1 5 3977 7653 7255
7000 2 2 1 5 4453 7162 108
7001 2 2 1 5 2523 7827 2522
7002 2 2 1 5 72 5142 3891
7003 2 2 1 5 4692 8229 3760
7004 2 2 1 5 1314 5406 4832
7005 2 2 1 5 1837 6118 2953
7006 2 2 1 5 3169 7918 6112
7007 2 2 1 5 8361 8362 778
7008 2 2 1 5 5158 6302 4153
7009 2 2 1 5 6995 7938 3605
7010 2 2 1 5 5075 5770 2721
7011 2 2 1 5 4367 8331 5933
7012 2 2 1 5 3970 6962 3677
7013 2 2 1 5 3075 6241 6172
7014 2 2 1 5 1934 5617 2305
7015 2 2 1 5 4302 7469 3088
7016 2 2 1 5 1278 6259 4878
7017 2 2 1 5 1804 8123 6429
7018 2 2 1 5 1663 6009 399
7019 2 2 1 5 245 5331 2374
7020 2 2 1 5 5168 7661 1157
7021 2 2 1 5 4264 5038 3316
7022 2 2 1 5 1584 6117 2065
7023 2 2 1 5 1626 7390 5872
7024 2 2 1 5 527 7075 2633
7025 2 2 1 5 165 6698 5865
7026 2 2 1 5 1773 7179 5535
7027 2 2 1 5 321 6687 2430
7028 2 2 1 5 1642 6015 2478
7029 2 2 1 5 5438 6173 4438
7030 2 2 1 5 5437 7620 1204
7031 2 2 1 5 2563 4688 2562
7032 2 2 1 5 3663 5474 4286
7033 2 2 1 5 1585 5615 1030
7034 2 2 1 5 1067 6976 3938
7035 2 2 1 5 3892 8493 5123
7036 2 2 1 5 1955 8543 3919
7037 2 2 1 5 3412 7042 6513
7038 2 2 1 5 4360 5878 3319
7039 2 2 1 5 399 6009 2607
7040 2 2 1 5 2086 5952 5506
7041 2 2 1 5 4574 5154 1956
7042 2 2 1 5 3977 7255 5408
7043 2 2 1 5 3653 7111 5188
7044 2 2 1 5 6746 8239 3703
7045 2 2 1 5 587 5432 2653
7046 2 2 1 5 834 7348 1539
7047 2 2 1 5 4044 7887 5832
7048 2 2 1 5 408 5684 2810
7049 2 2 1 5 5133 5276 3467
7050 2 2 1 5 3836 7187 1920
7051 2 2 1 5 2279 5262 2278
7052 2 2 1 5 234 6712 2347
7053 2 2 1 5 3265 7490 5023
7054 2 2 1 5 4606 4637 873
7055 2 2 1 5 5072 7104 1282
7056 2 2 1 5 2659 4617 2654
7057 2 2 1 5 6764 6878 3839
7058 2 2 1 5 1350 7042 1889
7059 2 2 1 5 5194 5398 1168
7060 2 2 1 5 4259 5919 3636
7061 2 2 1 5 919 1574 1586
7062 2 2 1 5 5445 6364 3612
7063 2 2 1 5 5442 8087 3403
7064 2 2 1 5 2647 6422 4698
7065 2 2 1 5 5737 7705 3969
7066 2 2 1 5 6694 8533 4445
7067 2 2 1 5 2321 5172 2322
7068 2 2 1 5 1721 6632 5461
7069 2 2 1 5 1974 5114 4374
7070 2 2 1 5 1927 5130 1372
7071 2 2 1 5 5786 6648 3772
7072 2 2 1 5 1027 8044 1028
7073 2 2 1 5 1412 5878 4360
7074 2 2 1 5 3178 6385 4893
7075 2 2 1 5 648 8614 2850
7076 2 2 1 5 4492 6721 1866
7077 2 2 1 5 3318 8125 5718
7078 2 2 1 5 3148 7515 4447
7079 2 2 1 5 4074 7860 4965
7080 2 2 1 5 255 6998 256
7081 2 2 1 5 4143 7676 2079
7082 2 2 1 5 6119 8590 33
7083 2 2 1 5 1870 5262 2279
7084 2 2 1 5 1019 6954 1018
7085 2 2 1 5 5454 5506 2084
7086 2 2 1 5 4210 8132 2081
7087 2 2 1 5 5021 6810 131
7088 2 2 1 5 1529 8117 2883
7089 2 2 1 5 388 5814 1169
7090 2 2 1 5 1268 5355 2132
7091 2 2 1 5 3187 5216 4096
7092 2 2 1 5 685 8218 4749
7093 2 2 1 5 2121 5097 2120
7094 2 2 1 5 4989 7729 1961
7095 2 2 1 5 563 5443 94
7096 2 2 1 5 4411 7640 3794
7097 2 2 1 5 3182 8234 4699
7098 2 2 1 5 1672 7907 1674
7099 2 2 1 5 1416 4858 235
7100 2 2 1 5 8012 8016 8013
7101 2 2 1 5 5110 5816 2367
7102 2 2 1 5 4693 5294 1325
7103 2 2 1 5 2801 5148 2064
7104 2 2 1 5 4808 7143 1641
7105 2 2 1 5 5440 8192 4278
7106 2 2 1 5 4809 6331 3562
7107 2 2 1 5 5294 7552 1325
7108 2 2 1 5 2084 6069 4479
7109 2 2 1 5 4497 5486 3337
7110 2 2 1 5 2163 4396 118
7111 2 2 1 5 1921 7275 1112
7112 2 2 1 5 2368 8104 2413
7113 2 2 1 5 6113 6635 2366
7114 2 2 1 5 3804 6984 5767
7115 2 2 1 5 1355 6812 2304
7116 2 2 1 5 1663 5884 4484
7117 2 2 1 5 2553 5921 2282
7118 2 2 1 5 370 3823 30
7119 2 2 1 5 1778 4966 2501
7120 2 2 1 5 4618 8565 1730
7121 2 2 1 5 3367 5588 4958
7122 2 2 1 5 4341 6299 3392
7123 2 2 1 5 3133 7857 5190
7124 2 2 1 5 4460 6310 3587
7125 2 2 1 5 4731 6145 4177
7126 2 2 1 5 428 7384 4058
7127 2 2 1 5 1971 8518 1973
7128 2 2 1 5 96 6042 2142
7129 2 2 1 5 2569 8607 1916
7130 2 2 1 5 4923 7809 1914
7131 2 2 1 5 1523 7365 4419
7132 2 2 1 5 4595 7359 3436
7133 2 2 1 5 1310 5204 3704
7134 2 2 1 5 5115 8203 3976
7135 2 2 1 5 2391 7085 2986
7136 2 2 1 5 4387 6148 3633
7137 2 2 1 5 483 8135 5125
7138 2 2 1 5 1286 6855 2176
7139 2 2 1 5 1866 6418 2538
7140 2 2 1 5 2207 5748 4494
7141 2 2 1 5 4794 4795 3412
7142 2 2 1 5 1858 6570 2536
7143 2 2 1 5 3097 5291 4956
7144 2 2 1 5 2866 8018 6023
7145 2 2 1 5 1312 5487 1802
7146 2 2 1 5 2080 7189 1618
7147 2 2 1 5 2690 6447 5529
7148 2 2 1 5 4060 7339 6590
7149 2 2 1 5 3498 6546 4654
7150 2 2 1 5 3565 6345 4499
7151 2 2 1 5 2566 7312 2311
7152 2 2 1 5 5514 7175 602
7153 2 2 1 5 4470 6831 6146
7154 2 2 1 5 5342 7399 4088
7155 2 2 1 5 4226 8003 1866
7156 2 2 1 5 2331 8500 2332
7157 2 2 1 5 444 6696 1657
7158 2 2 1 5 189 8412 4262
7159 2 2 1 5 2546 6930 4551
7160 2 2 1 5 2089 6540 384
7161 2 2 1 5 5876 7284 642
7162 2 2 1 5 639 5785 2207
7163 2 2 1 5 2225 8043 4733
7164 2 2 1 5 2545 5936 5757
7165 2 2 1 5 2938 7855 5171
7166 2 2 1 5 4351 6778 3851
7167 2 2 1 5 3840 7695 4727
7168 2 2 1 5 3089 6921 6091
7169 2 2 1 5 841 5846 5845
7170 2 2 1 5 1861 5351 2534
7171 2 2 1 5 1596 7754 802
7172 2 2 1 5 3308 6139 4742
7173 2 2 1 5 3428 6686 5122
7174 2 2 1 5 4096 8135 483
7175 2 2 1 5 1068 6785 2608
7176 2 2 1 5 1831 8369 3745
7177 2 2 1 5 2845 8582 1791
7178 2 2 1 5 5735 6274 3384
7179 2 2 1 5 1650 6070 1649
7180 2 2 1 5 3176 4645 3845
7181 2 2 1 5 5078 5842 3058
7182 2 2 1 5 7 7475 4510
7183 2 2 1 5 2213 6378 1799
7184 2 2 1 5 8224 8226 8223
7185 2 2 1 5 4780 7322 2274
7186 2 2 1 5 2126 6279 86
7187 2 2 1 5 6320 6531 3716
7188 2 2 1 5 4956 5291 3614
7189 2 2 1 5 5270 8165 1080
7190 2 2 1 5 4190 8433 5035
7191 2 2 1 5 2357 7366 1951
7192 2 2 1 5 1206 4924 4726
7193 2 2 1 5 4207 6469 1613
7194 2 2 1 5 1627 5795 1632
7195 2 2 1 5 75 7434 2113
7196 2 2 1 5 4508 6154 3320
7197 2 2 1 5 1716 7549 5275
7198 2 2 1 5 3395 5971 5147
7199 2 2 1 5 3808 7374 5867
7200 2 2 1 5 3909 7741 5678
7201 2 2 1 5 5404 6608 3512
7202 2 2 1 5 118 6983 2165
7203 2 2 1 5 4286 6478 3663
7204 2 2 1 5 2859 5036 2860
7205 2 2 1 5 3535 5319 1294
7206 2 2 1 5 2344 7529 233
7207 2 2 1 5 2246 7745 4208
7208 2 2 1 5 2926 5877 1324
7209 2 2 1 5 1794 7905 2846
7210 2 2 1 5 3709 6694 4142
7211 2 2 1 5 853 5647 854
7212 2 2 1 5 4433 7781 3287
7213 2 2 1 5 6086 6684 4624
7214 2 2 1 5 3504 6739 3741
7215 2 2 1 5 4306 7672 1534
7216 2 2 1 5 6063 8610 1214
7217 2 2 1 5 5071 6735 3468
7218 2 2 1 5 1942 5745 5421
7219 2 2 1 5 4459 6184 1471
7220 2 2 1 5 5651 7651 65
7221 2 2 1 5 4008 5531 1074
7222 2 2 1 5 3287 7781 4355
7223 2 2 1 5 5585 6832 5017
7224 2 2 1 5 4313 6175 4312
7225 2 2 1 5 3573 7848 4775
7226 2 2 1 5 3906 5468 3418
7227 2 2 1 5 1181 6713 5468
7228 2 2 1 5 1196 8442 7500
7229 2 2 1 5 5356 5482 3695
7230 2 2 1 5 6727 6728 3496
7231 2 2 1 5 1693 5941 2103
7232 2 2 1 5 2676 8204 4289
7233 2 2 1 5 2211 4825 4748
7234 2 2 1 5 3863 7868 4780
7235 2 2 1 5 5388 6489 1630
7236 2 2 1 5 3162 8067 5094
7237 2 2 1 5 3601 5530 3233
7238 2 2 1 5 4644 7507 5480
7239 2 2 1 5 1465 6504 1454
7240 2 2 1 5 4787 6180 3415
7241 2 2 1 5 4777 5380 185
7242 2 2 1 5 394 5844 2605
7243 2 2 1 5 5865 6698 3612
7244 2 2 1 5 1301 8048 4395
7245 2 2 1 5 86 6279 6278
7246 2 2 1 5 1695 6551 1696
7247 2 2 1 5 3369 8563 4322
7248 2 2 1 5 4974 8010 264
7249 2 2 1 5 2405 8323 4982
7250 2 2 1 5 2366 6635 241
7251 2 2 1 5 1362 7467 2945
7252 2 2 1 5 1984 5849 1448
7253 2 2 1 5 1537 5623 4038
7254 2 2 1 5 2812 5194 2813
7255 2 2 1 5 1219 8116 7214
7256 2 2 1 5 2914 7827 2523
7257 2 2 1 5 4404 5654 2814
7258 2 2 1 5 175 5118 5104
7259 2 2 1 5 2147 8493 1259
7260 2 2 1 5 137 7791 2195
7261 2 2 1 5 3454 6091 4244
7262 2 2 1 5 6711 7410 297
7263 2 2 1 5 1344 7447 4640
7264 2 2 1 5 1191 7132 4968
7265 2 2 1 5 1567 5796 4484
7266 2 2 1 5 3116 7646 4918
7267 2 2 1 5 43 5956 2083
7268 2 2 1 5 4522 7011 3880
7269 2 2 1 5 4774 6742 6317
7270 2 2 1 5 1412 6441 3288
7271 2 2 1 5 77 1516 2114
7272 2 2 1 5 3527 6544 4747
7273 2 2 1 5 77 4175 1516
7274 2 2 1 5 5014 5785 3534
7275 2 2 1 5 7810 7848 3995
7276 2 2 1 5 6746 7441 695
7277 2 2 1 5 1208 6798 1690
7278 2 2 1 5 3522 7417 7416
7279 2 2 1 5 5043 7840 2812
7280 2 2 1 5 3261 7647 6484
7281 2 2 1 5 5147 5823 3395
7282 2 2 1 5 14 6236 1137
7283 2 2 1 5 3897 6822 4092
7284 2 2 1 5 4678 6690 3348
7285 2 2 1 5 872 5493 1040
7286 2 2 1 5 3802 8544 4799
7287 2 2 1 5 4464 7182 703
7288 2 2 1 5 1896 5769 4277
7289 2 2 1 5 4 6970 4415
7290 2 2 1 5 4262 6789 1886
7291 2 2 1 5 2482 4914 1644
7292 2 2 1 5 1845 5503 4958
7293 2 2 1 5 4297 7268 6885
7294 2 2 1 5 2094 5187 397
7295 2 2 1 5 1969 6110 4739
7296 2 2 1 5 2242 6267 5344
7297 2 2 1 5 3002 4829 3001
7298 2 2 1 5 2341 5037 4868
7299 2 2 1 5 4978 5299 3443
7300 2 2 1 5 6810 8452 2182
7301 2 2 1 5 3527 7722 7674
7302 2 2 1 5 322 5481 1526
7303 2 2 1 5 2823 5550 4080
7304 2 2 1 5 2147 6426 580
7305 2 2 1 5 1299 7027 4402
7306 2 2 1 5 2707 4112 2708
7307 2 2 1 5 3108 6307 4973
7308 2 2 1 5 2910 5407 4013
7309 2 2 1 5 1539 5924 5246
7310 2 2 1 5 4239 4963 3260
7311 2 2 1 5 4467 7132 4466
7312 2 2 1 5 4695 8153 4134
7313 2 2 1 5 3372 6043 5519
7314 2 2 1 5 316 6111 3959
7315 2 2 1 5 3475 8529 2517
7316 2 2 1 5 5981 6699 3648
7317 2 2 1 5 6396 7761 3586
7318 2 2 1 5 2294 5325 185
7319 2 2 1 5 3240 7458 6862
7320 2 2 1 5 5897 6718 3822
7321 2 2 1 5 29 6929 28
7322 2 2 1 5 3061 6779 4899
7323 2 2 1 5 3431 5029 2763
7324 2 2 1 5 2764 8315 1476
7325 2 2 1 5 5846 5907 3895
7326 2 2 1 5 3280 8585 6132
7327 2 2 1 5 6767 7495 3399
7328 2 2 1 5 3838 6705 5324
7329 2 2 1 5 1813 5265 5085
7330 2 2 1 5 528 5011 2634
7331 2 2 1 5 4785 8188 3904
7332 2 2 1 5 1100 5659 1790
7333 2 2 1 5 3984 5758 5402
7334 2 2 1 5 4454 6038 2072
7335 2 2 1 5 1356 5306 1948
7336 2 2 1 5 2090 7608 4454
7337 2 2 1 5 3686 6687 5562
7338 2 2 1 5 3101 8357 4612
7339 2 2 1 5 2928 5320 659
7340 2 2 1 5 2314 4674 1920
7341 2 2 1 5 261 6519 5456
7342 2 2 1 5 105 8493 2147
7343 2 2 1 5 1067 6870 3918
7344 2 2 1 5 1777 5955 634
7345 2 2 1 5 5179 5680 3215
7346 2 2 1 5 4211 7809 4923
7347 2 2 1 5 7722 7845 4966
7348 2 2 1 5 27 5587 369
7349 2 2 1 5 1197 6100 1629
7350 2 2 1 5 3613 6499 3423
7351 2 2 1 5 2566 5429 1909
7352 2 2 1 5 1539 5623 834
7353 2 2 1 5 198 6453 5298
7354 2 2 1 5 3716 6581 6320
7355 2 2 1 5 1773 7046 2499
7356 2 2 1 5 3872 7712 6483
7357 2 2 1 5 1204 7328 5437
7358 2 2 1 5 4241 8089 5185
7359 2 2 1 5 7123 7431 5240
7360 2 2 1 5 4260 6927 313
7361 2 2 1 5 886 5907 3894
7362 2 2 1 5 701 7555 4383
7363 2 2 1 5 1883 7839 3904
7364 2 2 1 5 7355 7655 2587
7365 2 2 1 5 1158 4949 4948
7366 2 2 1 5 3141 5013 3286
7367 2 2 1 5 2411 6720 3883
7368 2 2 1 5 4457 7956 3683
7369 2 2 1 5 1188 4659 1493
7370 2 2 1 5 207 6752 5645
7371 2 2 1 5 4647 8393 3363
7372 2 2 1 5 6371 8094 2635
7373 2 2 1 5 3259 7372 5721
7374 2 2 1 5 404 6237 3918
7375 2 2 1 5 2197 8377 5916
7376 2 2 1 5 157 5947 5946
7377 2 2 1 5 1210 6415 1211
7378 2 2 1 5 666 4766 665
7379 2 2 1 5 4368 7829 4757
7380 2 2 1 5 4742 6139 2313
7381 2 2 1 5 1873 5252 1874
7382 2 2 1 5 2313 7825 4742
7383 2 2 1 5 2122 6153 82
7384 2 2 1 5 2886 5814 388
7385 2 2 1 5 4541 7545 3524
7386 2 2 1 5 5574 6926 1963
7387 2 2 1 5 4896 7654 5563
7388 2 2 1 5 3227 5874 4422
7389 2 2 1 5 3306 5913 4064
7390 2 2 1 5 2 8007 1
7391 2 2 1 5 4956 7934 3097
7392 2 2 1 5 4770 7517 4769
7393 2 2 1 5 400 6804 1663
7394 2 2 1 5 3416 7105 6164
7395 2 2 1 5 2215 5487 2214
7396 2 2 1 5 493 5386 494
7397 2 2 1 5 2858 6956 6955
7398 2 2 1 5 3530 7729 4989
7399 2 2 1 5 663 5809 638
7400 2 2 1 5 2469 2808 1622
7401 2 2 1 5 1964 6014 4705
7402 2 2 1 5 5080 6535 3606
7403 2 2 1 5 221 5620 2335
7404 2 2 1 5 1762 8363 3713
7405 2 2 1 5 4479 6069 1195
7406 2 2 1 5 4675 4807 1342
7407 2 2 1 5 5867 7374 4132
7408 2 2 1 5 4713 6119 369
7409 2 2 1 5 4084 7469 5177
7410 2 2 1 5 2710 4382 2860
7411 2 2 1 5 6730 8143 4684
7412 2 2 1 5 4997 7193 2249
7413 2 2 1 5 7134 7608 4485
7414 2 2 1 5 2352 4705 236
7415 2 2 1 5 6118 7141 2953
7416 2 2 1 5 1633 7795 1677
7417 2 2 1 5 1301 6256 4688
7418 2 2 1 5 2333 6092 3931
7419 2 2 1 5 4401 5788 3447
7420 2 2 1 5 3596 5370 1707
7421 2 2 1 5 1391 7965 2343
7422 2 2 1 5 4422 7101 3096
7423 2 2 1 5 2495 5095 1760
7424 2 2 1 5 5262 5762 2278
7425 2 2 1 5 5456 6519 4218
7426 2 2 1 5 2322 3748 2321
7427 2 2 1 5 4599 6847 3817
7428 2 2 1 5 5339 7204 3143
7429 2 2 1 5 2944 6247 1892
7430 2 2 1 5 6345 6346 3045
7431 2 2 1 5 4730 5948 3224
7432 2 2 1 5 2911 6093 4817
7433 2 2 1 5 5525 6253 4247
7434 2 2 1 5 2834 6892 3791
7435 2 2 1 5 1333 4465 2698
7436 2 2 1 5 234 7998 2346
7437 2 2 1 5 3465 8159 4644
7438 2 2 1 5 3731 6840 4568
7439 2 2 1 5 3921 7798 4407
7440 2 2 1 5 5016 5025 2583
7441 2 2 1 5 1866 8003 4492
7442 2 2 1 5 5059 7611 653
7443 2 2 1 5 4663 8570 3648
7444 2 2 1 5 3816 4490 689
7445 2 2 1 5 2733 4684 1393
7446 2 2 1 5 1816 5243 2506
7447 2 2 1 5 99 7522 5829
7448 2 2 1 5 4322 8563 7445
7449 2 2 1 5 1149 7586 5094
7450 2 2 1 5 541 1990 542
7451 2 2 1 5 1636 7400 1087
7452 2 2 1 5 5197 5417 262
7453 2 2 1 5 4425 5773 340
7454 2 2 1 5 2068 6835 2597
7455 2 2 1 5 802 7725 1596
7456 2 2 1 5 4981 7458 3240
7457 2 2 1 5 2867 228 1388
7458 2 2 1 5 2877 6558 1424
7459 2 2 1 5 6352 7104 5072
7460 2 2 1 5 8389 8390 8388
7461 2 2 1 5 4058 6491 428
7462 2 2 1 5 4586 5810 1796
7463 2 2 1 5 3335 5586 5569
7464 2 2 1 5 5568 5569 1578
7465 2 2 1 5 3454 7942 6091
7466 2 2 1 5 1852 5784 1855
7467 2 2 1 5 3749 6910 3324
7468 2 2 1 5 4877 5969 3473
7469 2 2 1 5 5468 6713 3570
7470 2 2 1 5 6710 8355 4086
7471 2 2 1 5 2740 6910 2741
7472 2 2 1 5 4720 5662 3320
7473 2 2 1 5 5090 5091 3473
7474 2 2 1 5 2833 6313 3728
7475 2 2 1 5 6778 7047 2730
7476 2 2 1 5 643 7587 2209
7477 2 2 1 5 3203 8333 4029
7478 2 2 1 5 5658 7865 2428
7479 2 2 1 5 3276 6128 4689
7480 2 2 1 5 4378 6441 251
7481 2 2 1 5 3543 7383 5291
7482 2 2 1 5 4756 6260 3911
7483 2 2 1 5 4321 7594 2906
7484 2 2 1 5 2347 6712 4858
7485 2 2 1 5 1266 7530 151
7486 2 2 1 5 5963 8305 3202
7487 2 2 1 5 2025 5527 5264
7488 2 2 1 5 6231 7423 5256
7489 2 2 1 5 3326 5621 3062
7490 2 2 1 5 1900 5159 2561
7491 2 2 1 5 2923 7239 6543
7492 2 2 1 5 355 6193 5664
7493 2 2 1 5 6134 7420 265
7494 2 2 1 5 3560 6838 4809
7495 2 2 1 5 6565 8330 1147
7496 2 2 1 5 5709 5711 3187
7497 2 2 1 5 3599 8588 5607
7498 2 2 1 5 2103 4532 4010
7499 2 2 1 5 5048 6214 1587
7500 2 2 1 5 1345 6363 4806
7501 2 2 1 5 658 5774 3500
7502 2 2 1 5 4246 5511 3308
7503 2 2 1 5 6461 7243 1598
7504 2 2 1 5 1508 4623 890
7505 2 2 1 5 3229 5801 5229
7506 2 2 1 5 3308 6597 4246
7507 2 2 1 5 4180 6614 4179
7508 2 2 1 5 498 7936 1711
7509 2 2 1 5 2499 7046 1774
7510 2 2 1 5 2540 6443 6442
7511 2 2 1 5 177 6066 4780
7512 2 2 1 5 3365 6580 4863
7513 2 2 1 5 4156 8021 1977
7514 2 2 1 5 5574 6808 3860
7515 2 2 1 5 5076 5210 2508
7516 2 2 1 5 4023 7636 2750
7517 2 2 1 5 4477 5313 1489
7518 2 2 1 5 3198 7755 4436
7519 2 2 1 5 5184 5734 3196
7520 2 2 1 5 1979 5979 1977
7521 2 2 1 5 3863 8241 7460
7522 2 2 1 5 2113 6081 75
7523 2 2 1 5 2088 7947 4775
7524 2 2 1 5 5971 8537 2528
7525 2 2 1 5 3295 7598 4727
7526 2 2 1 5 5811 5812 1089
7527 2 2 1 5 1580 8228 2595
7528 2 2 1 5 4195 5719 3273
7529 2 2 1 5 113 6774 2158
7530 2 2 1 5 3700 5808 1503
7531 2 2 1 5 4893 6385 2319
7532 2 2 1 5 510 2114 2124
7533 2 2 1 5 4888 5130 1927
7534 2 2 1 5 2341 5052 4544
7535 2 2 1 5 5376 7987 5098
7536 2 2 1 5 682 6674 2716
7537 2 2 1 5 4511 7996 4998
7538 2 2 1 5 3695 8136 5356
7539 2 2 1 5 4869 8318 2659
7540 2 2 1 5 4801 6562 3841
7541 2 2 1 5 4988 6768 1772
7542 2 2 1 5 3611 6663 4860
7543 2 2 1 5 4645 8088 3845
7544 2 2 1 5 386 7584 387
7545 2 2 1 5 4622 6846 497
7546 2 2 1 5 2813 5043 2812
7547 2 2 1 5 2714 6628 5584
7548 2 2 1 5 5003 5208 1843
7549 2 2 1 5 1806 7171 2726
7550 2 2 1 5 5805 6520 2444
7551 2 2 1 5 5144 5518 3158
7552 2 2 1 5 1611 5603 8
7553 2 2 1 5 6091 6921 4244
7554 2 2 1 5 3273 6159 4195
7555 2 2 1 5 232 4398 2341
7556 2 2 1 5 2421 7422 2422
7557 2 2 1 5 872 4637 1041
7558 2 2 1 5 4049 5197 2877
7559 2 2 1 5 1345 4806 668
7560 2 2 1 5 2067 8595 2890
7561 2 2 1 5 1641 7143 50
7562 2 2 1 5 1993 7285 3313
7563 2 2 1 5 2536 6570 4750
7564 2 2 1 5 4650 6249 4090
7565 2 2 1 5 1783 6043 2505
7566 2 2 1 5 433 6347 434
7567 2 2 1 5 2946 6531 6320
7568 2 2 1 5 3497 5812 5811
7569 2 2 1 5 5525 6744 2327
7570 2 2 1 5 5513 8334 92
7571 2 2 1 5 2018 5663 296
7572 2 2 1 5 3673 4824 4823
7573 2 2 1 5 1537 3095 834
7574 2 2 1 5 2304 8571 7161
7575 2 2 1 5 3392 5956 5506
7576 2 2 1 5 6659 7670 5661
7577 2 2 1 5 3469 7801 4946
7578 2 2 1 5 3741 6469 6112
7579 2 2 1 5 5394 5395 3094
7580 2 2 1 5 4538 6282 10
7581 2 2 1 5 4727 6215 3295
7582 2 2 1 5 2715 5584 1361
7583 2 2 1 5 243 6284 4871
7584 2 2 1 5 2908 7390 2907
7585 2 2 1 5 3344 5915 4444
7586 2 2 1 5 4730 4824 3673
7587 2 2 1 5 1447 5849 1984
7588 2 2 1 5 3185 6981 4633
7589 2 2 1 5 2376 5995 2375
7590 2 2 1 5 2316 8065 2317
7591 2 2 1 5 263 4974 264
7592 2 2 1 5 1193 8613 6590
7593 2 2 1 5 7127 7577 4336
7594 2 2 1 5 5472 7375 3234
7595 2 2 1 5 1090 5489 2820
7596 2 2 1 5 836 5864 2765
7597 2 2 1 5 1460 6521 5827
7598 2 2 1 5 2751 4717 1978
7599 2 2 1 5 5181 6248 2944
7600 2 2 1 5 1625 8396 1086
7601 2 2 1 5 3225 7256 4745
7602 2 2 1 5 3294 7749 5116
7603 2 2 1 5 2985 7085 4223
7604 2 2 1 5 1737 5581 1734
7605 2 2 1 5 3058 6089 4877
7606 2 2 1 5 3429 5754 5746
7607 2 2 1 5 5035 8433 1166
7608 2 2 1 5 1216 6994 5290
7609 2 2 1 5 1303 5753 1872
7610 2 2 1 5 4707 6359 2384
7611 2 2 1 5 4463 7756 3265
7612 2 2 1 5 4605 7487 3107
7613 2 2 1 5 2133 4113 2157
7614 2 2 1 5 926 1075 925
7615 2 2 1 5 4633 4732 3376
7616 2 2 1 5 4138 6947 2815
7617 2 2 1 5 3112 7160 4189
7618 2 2 1 5 4391 7859 7657
7619 2 2 1 5 2217 7180 6889
7620 2 2 1 5 1679 5489 1692
7621 2 2 1 5 599 6807 1759
7622 2 2 1 5 3791 6892 2150
7623 2 2 1 5 5506 5956 43
7624 2 2 1 5 3872 6483 5621
7625 2 2 1 5 3781 7682 4578
7626 2 2 1 5 3536 7123 6977
7627 2 2 1 5 3638 8031 847
7628 2 2 1 5 3115 5641 5229
7629 2 2 1 5 483 6650 4096
7630 2 2 1 5 2728 6747 5337
7631 2 2 1 5 1812 8377 5549
7632 2 2 1 5 3524 6754 4541
7633 2 2 1 5 1839 5823 5147
7634 2 2 1 5 1910 8273 6099
7635 2 2 1 5 4280 6003 3576
7636 2 2 1 5 3181 8182 4455
7637 2 2 1 5 3416 6164 4706
7638 2 2 1 5 3262 7976 6242
7639 2 2 1 5 2746 6044 278
7640 2 2 1 5 4549 6056 2320
7641 2 2 1 5 1348 6988 6002
7642 2 2 1 5 5314 7677 2595
7643 2 2 1 5 3462 6485 4635
7644 2 2 1 5 3123 8432 4616
7645 2 2 1 5 5492 8009 713
7646 2 2 1 5 193 3691 696
7647 2 2 1 5 2817 4572 1678
7648 2 2 1 5 149 5419 2217
7649 2 2 1 5 4206 6547 3244
7650 2 2 1 5 4409 7258 2871
7651 2 2 1 5 4973 7321 1629
7652 2 2 1 5 2269 7883 3574
7653 2 2 1 5 1401 5804 1463
7654 2 2 1 5 2743 7444 714
7655 2 2 1 5 1761 7432 3704
7656 2 2 1 5 3799 5928 3125
7657 2 2 1 5 2761 5727 818
7658 2 2 1 5 3569 7546 3861
7659 2 2 1 5 2179 7590 1801
7660 2 2 1 5 3851 6841 4351
7661 2 2 1 5 2146 7805 2148
7662 2 2 1 5 625 8204 2676
7663 2 2 1 5 137 5422 2196
7664 2 2 1 5 5527 7114 4105
7665 2 2 1 5 494 4554 3642
7666 2 2 1 5 1730 8565 4530
7667 2 2 1 5 1321 7939 5360
7668 2 2 1 5 4514 6496 1962
7669 2 2 1 5 2767 6772 4569
7670 2 2 1 5 5474 5552 3197
7671 2 2 1 5 4124 8509 7835
7672 2 2 1 5 4534 7614 1161
7673 2 2 1 5 130 5685 4159
7674 2 2 1 5 2424 6510 310
7675 2 2 1 5 6424 8437 4581
7676 2 2 1 5 3481 6325 5894
7677 2 2 1 5 1333 8619 7414
7678 2 2 1 5 3629 6899 4662
7679 2 2 1 5 3158 7621 4446
7680 2 2 1 5 1168 8397 393
7681 2 2 1 5 3805 7907 1672
7682 2 2 1 5 3713 8363 1760
7683 2 2 1 5 2624 7340 2630
7684 2 2 1 5 5434 6602 3946
7685 2 2 1 5 3013 7354 3012
7686 2 2 1 5 4364 8573 3227
7687 2 2 1 5 7657 7859 2296
7688 2 2 1 5 3007 6836 1019
7689 2 2 1 5 4209 8227 4118
7690 2 2 1 5 5002 6700 3491
7691 2 2 1 5 4858 6712 235
7692 2 2 1 5 2320 6056 4439
7693 2 2 1 5 4060 8613 5430
7694 2 2 1 5 3174 7240 3750
7695 2 2 1 5 4446 6643 1462
7696 2 2 1 5 6840 7881 3732
7697 2 2 1 5 6568 7546 3569
7698 2 2 1 5 3307 6228 4082
7699 2 2 1 5 1028 8353 2789
7700 2 2 1 5 4481 5036 2859
7701 2 2 1 5 4807 5807 1341
7702 2 2 1 5 6179 8595 2067
7703 2 2 1 5 2251 5670 2250
7704 2 2 1 5 5629 5630 1864
7705 2 2 1 5 1045 7478 4639
7706 2 2 1 5 2559 5399 2276
7707 2 2 1 5 3275 6868 5505
7708 2 2 1 5 567 7267 1730
7709 2 2 1 5 1946 5972 2291
7710 2 2 1 5 1572 4796 348
7711 2 2 1 5 3782 8133 6018
7712 2 2 1 5 5490 7092 4158
7713 2 2 1 5 3432 7515 4709
7714 2 2 1 5 6336 7358 4021
7715 2 2 1 5 4014 7575 1567
7716 2 2 1 5 2586 7758 4574
7717 2 2 1 5 773 5627 774
7718 2 2 1 5 1421 5220 2385
7719 2 2 1 5 3878 6703 5520
7720 2 2 1 5 5057 6867 3727
7721 2 2 1 5 3414 6625 4532
7722 2 2 1 5 2684 8096 5377
7723 2 2 1 5 5324 8149 3838
7724 2 2 1 5 4245 6224 2878
7725 2 2 1 5 5817 8301 3121
7726 2 2 1 5 4806 6363 4807
7727 2 2 1 5 3608 6195 5895
7728 2 2 1 5 553 6308 5097
7729 2 2 1 5 3221 6613 3778
7730 2 2 1 5 4397 7199 2876
7731 2 2 1 5 5621 6483 3062
7732 2 2 1 5 4227 7597 347
7733 2 2 1 5 4484 5884 1567
7734 2 2 1 5 5306 5573 3846
7735 2 2 1 5 2139 8191 3340
7736 2 2 1 5 98 6215 4727
7737 2 2 1 5 2215 5472 1310
7738 2 2 1 5 4712 5823 1839
7739 2 2 1 5 4276 4474 2362
7740 2 2 1 5 4043 5437 70
7741 2 2 1 5 1776 6422 1755
7742 2 2 1 5 2724 5266 4568
7743 2 2 1 5 4879 6866 3696
7744 2 2 1 5 83 7121 532
7745 2 2 1 5 175 5713 5712
7746 2 2 1 5 4397 7638 1444
7747 2 2 1 5 6108 8329 7525
7748 2 2 1 5 2036 6547 3659
7749 2 2 1 5 2586 5578 1958
7750 2 2 1 5 4020 8571 7490
7751 2 2 1 5 4911 8217 1835
7752 2 2 1 5 3238 8515 3983
7753 2 2 1 5 3397 5907 5846
7754 2 2 1 5 665 5940 666
7755 2 2 1 5 3936 5204 1310
7756 2 2 1 5 5304 8083 4320
7757 2 2 1 5 3590 6904 753
7758 2 2 1 5 747 8240 306
7759 2 2 1 5 217 6092 220
7760 2 2 1 5 3953 6452 710
7761 2 2 1 5 4517 8435 3490
7762 2 2 1 5 7953 8551 4066
7763 2 2 1 5 1200 6394 1219
7764 2 2 1 5 2705 6833 5124
7765 2 2 1 5 2901 5651 1203
7766 2 2 1 5 5971 6462 3924
7767 2 2 1 5 4494 7455 2207
7768 2 2 1 5 3633 6148 1768
7769 2 2 1 5 3605 7938 5307
7770 2 2 1 5 292 6497 5105
7771 2 2 1 5 4320 6891 3056
7772 2 2 1 5 1400 6201 5715
7773 2 2 1 5 1176 5392 5263
7774 2 2 1 5 3265 7756 4755
7775 2 2 1 5 5524 8401 3176
7776 2 2 1 5 5523 7490 3265
7777 2 2 1 5 4639 8068 3316
7778 2 2 1 5 3351 6123 4429
7779 2 2 1 5 2581 6075 1368
7780 2 2 1 5 2868 7017 1932
7781 2 2 1 5 2175 8407 5685
7782 2 2 1 5 1310 4379 2215
7783 2 2 1 5 4655 6517 1733
7784 2 2 1 5 1448 6903 5891
7785 2 2 1 5 2581 7008 1944
7786 2 2 1 5 467 7494 468
7787 2 2 1 5 4959 6315 3413
7788 2 2 1 5 3044 5277 4945
7789 2 2 1 5 3767 5834 5305
7790 2 2 1 5 2308 7924 2309
7791 2 2 1 5 2807 4667 3194
7792 2 2 1 5 3512 4308 1498
7793 2 2 1 5 5305 8532 3617
7794 2 2 1 5 2812 5398 5194
7795 2 2 1 5 3083 7111 3393
7796 2 2 1 5 5157 7001 222
7797 2 2 1 5 7164 7988 3849
7798 2 2 1 5 5394 7732 5000
7799 2 2 1 5 4568 6840 2723
7800 2 2 1 5 4573 6621 1801
7801 2 2 1 5 4861 8431 148
7802 2 2 1 5 5694 5695 3181
7803 2 2 1 5 712 6150 2988
7804 2 2 1 5 1531 7769 859
7805 2 2 1 5 630 6967 1258
7806 2 2 1 5 5092 6137 3868
7807 2 2 1 5 2269 7937 7690
7808 2 2 1 5 2028 7360 6524
7809 2 2 1 5 1692 6716 4643
7810 2 2 1 5 4428 6835 2068
7811 2 2 1 5 3822 8288 2848
7812 2 2 1 5 1274 5448 4188
7813 2 2 1 5 3750 7703 2500
7814 2 2 1 5 5177 7469 3549
7815 2 2 1 5 195 5769 4589
7816 2 2 1 5 1387 5278 4563
7817 2 2 1 5 206 6752 207
7818 2 2 1 5 5978 7083 3361
7819 2 2 1 5 1201 7319 4654
7820 2 2 1 5 2165 5867 596
7821 2 2 1 5 5444 8117 4306
7822 2 2 1 5 3286 6555 3424
7823 2 2 1 5 5246 5623 1539
7824 2 2 1 5 8018 8019 2360
7825 2 2 1 5 1005 8225 8223
7826 2 2 1 5 3051 5913 5142
7827 2 2 1 5 804 8335 1471
7828 2 2 1 5 2244 6462 2243
7829 2 2 1 5 1733 6517 107
7830 2 2 1 5 4956 8548 3869
7831 2 2 1 5 6663 8544 5198
7832 2 2 1 5 1841 7566 4468
7833 2 2 1 5 2240 5050 186
7834 2 2 1 5 1613 6469 5504
7835 2 2 1 5 1651 6993 1655
7836 2 2 1 5 1559 8542 1182
7837 2 2 1 5 1164 7332 4250
7838 2 2 1 5 5393 8353 1028
7839 2 2 1 5 4779 8282 48
7840 2 2 1 5 1977 5979 4646
7841 2 2 1 5 176 5255 2269
7842 2 2 1 5 4742 6597 3308
7843 2 2 1 5 3243 5773 4425
7844 2 2 1 5 338 8105 1553
7845 2 2 1 5 3047 7329 5965
7846 2 2 1 5 366 6353 4991
7847 2 2 1 5 2041 7354 3428
7848 2 2 1 5 920 7077 3664
7849 2 2 1 5 5893 7513 1800
7850 2 2 1 5 4000 8312 6015
7851 2 2 1 5 4742 7825 3189
7852 2 2 1 5 2602 5345 3955
7853 2 2 1 5 5720 5999 1972
7854 2 2 1 5 4049 6604 2387
7855 2 2 1 5 256 6399 255
7856 2 2 1 5 1653 7840 2479
7857 2 2 1 5 1165 6923 5127
7858 2 2 1 5 3504 5184 5155
7859 2 2 1 5 3189 7825 4915
7860 2 2 1 5 2251 8399 168
7861 2 2 1 5 7813 8475 4379
7862 2 2 1 5 1344 6162 5389
7863 2 2 1 5 1715 6677 2631
7864 2 2 1 5 2639 4489 2757
7865 2 2 1 5 2289 7874 1346
7866 2 2 1 5 2268 5255 4051
7867 2 2 1 5 3911 6260 5420
7868 2 2 1 5 3324 6486 4157
7869 2 2 1 5 5869 8127 4008
7870 2 2 1 5 1879 7322 1875
7871 2 2 1 5 2668 5764 4616
7872 2 2 1 5 5508 8161 2794
7873 2 2 1 5 4991 6557 3818
7874 2 2 1 5 1174 6182 2605
7875 2 2 1 5 2242 5344 2243
7876 2 2 1 5 58 6108 2099
7877 2 2 1 5 4991 6353 3385
7878 2 2 1 5 2454 6636 2050
7879 2 2 1 5 5501 7336 2423
7880 2 2 1 5 4483 6634 2875
7881 2 2 1 5 4924 7166 4726
7882 2 2 1 5 499 7783 4803
7883 2 2 1 5 852 4072 1487
7884 2 2 1 5 136 6440 3574
7885 2 2 1 5 3789 7917 532
7886 2 2 1 5 1696 4081 1695
7887 2 2 1 5 4375 6485 3462
7888 2 2 1 5 6063 7324 3621
7889 2 2 1 5 2544 1877 2301
7890 2 2 1 5 3098 6365 4120
7891 2 2 1 5 3386 5929 5377
7892 2 2 1 5 2713 5036 681
7893 2 2 1 5 2681 5133 634
7894 2 2 1 5 966 6393 4349
7895 2 2 1 5 5001 6391 3202
7896 2 2 1 5 4351 7047 6778
7897 2 2 1 5 2850 5690 648
7898 2 2 1 5 4974 6661 3222
7899 2 2 1 5 2506 5243 2505
7900 2 2 1 5 1408 4870 2739
7901 2 2 1 5 1935 8509 6586
7902 2 2 1 5 2841 6703 5955
7903 2 2 1 5 1323 4846 655
7904 2 2 1 5 3307 5808 4735
7905 2 2 1 5 2690 6570 1858
7906 2 2 1 5 1159 8472 1162
7907 2 2 1 5 1092 5461 1750
7908 2 2 1 5 3363 8393 4540
7909 2 2 1 5 722 6095 1435
7910 2 2 1 5 1090 7166 4924
7911 2 2 1 5 3311 6658 4722
7912 2 2 1 5 3993 5978 3361
7913 2 2 1 5 162 8269 6126
7914 2 2 1 5 857 313 858
7915 2 2 1 5 1635 7888 4431
7916 2 2 1 5 3409 6114 4255
7917 2 2 1 5 3148 6890 4465
7918 2 2 1 5 1270 7055 4890
7919 2 2 1 5 5189 5350 3824
7920 2 2 1 5 2820 7620 7166
7921 2 2 1 5 6344 7822 3084
7922 2 2 1 5 3403 6833 5378
7923 2 2 1 5 4024 7218 449
7924 2 2 1 5 3363 6583 4647
7925 2 2 1 5 3624 7537 3161
7926 2 2 1 5 7084 7293 3510
7927 2 2 1 5 645 7933 5369
7928 2 2 1 5 4444 5915 2883
7929 2 2 1 5 4425 4426 3243
7930 2 2 1 5 2262 6155 172
7931 2 2 1 5 1585 4933 2452
7932 2 2 1 5 918 1574 919
7933 2 2 1 5 3644 6370 38
7934 2 2 1 5 1218 5763 782
7935 2 2 1 5 1672 7079 3805
7936 2 2 1 5 3081 6481 4886
7937 2 2 1 5 1303 8520 6288
7938 2 2 1 5 3592 7516 5364
7939 2 2 1 5 4189 6341 2809
7940 2 2 1 5 723 7571 726
7941 2 2 1 5 3491 5786 5002
7942 2 2 1 5 5503 7140 3367
7943 2 2 1 5 1872 8520 1303
7944 2 2 1 5 2018 6230 511
7945 2 2 1 5 3920 8146 4838
7946 2 2 1 5 3557 5995 1400
7947 2 2 1 5 4186 7951 4284
7948 2 2 1 5 3938 6975 6143
7949 2 2 1 5 2387 7320 260
7950 2 2 1 5 4755 7756 3336
7951 2 2 1 5 1734 5581 5580
7952 2 2 1 5 2713 5566 5036
7953 2 2 1 5 4987 6069 43
7954 2 2 1 5 4096 5709 3187
7955 2 2 1 5 1603 5328 1049
7956 2 2 1 5 5302 6332 1813
7957 2 2 1 5 2247 6249 2248
7958 2 2 1 5 2489 7012 3305
7959 2 2 1 5 1623 5407 4817
7960 2 2 1 5 1009 5431 5122
7961 2 2 1 5 1917 8052 2305
7962 2 2 1 5 3458 5767 5682
7963 2 2 1 5 1281 6915 2520
7964 2 2 1 5 51 6304 2094
7965 2 2 1 5 842 5845 3587
7966 2 2 1 5 2026 5683 4855
7967 2 2 1 5 4162 5733 3249
7968 2 2 1 5 4039 6197 3422
7969 2 2 1 5 415 7510 2613
7970 2 2 1 5 3728 7394 2833
7971 2 2 1 5 1900 7846 7659
7972 2 2 1 5 4091 6878 6764
7973 2 2 1 5 2577 8239 1937
7974 2 2 1 5 670 5089 2281
7975 2 2 1 5 3775 5929 3386
7976 2 2 1 5 123 6037 2175
7977 2 2 1 5 4035 5988 3427
7978 2 2 1 5 1201 6546 4353
7979 2 2 1 5 818 5727 2036
7980 2 2 1 5 4484 7721 1663
7981 2 2 1 5 1656 5103 5102
7982 2 2 1 5 6266 8064 3875
7983 2 2 1 5 4030 7834 2734
7984 2 2 1 5 1656 7243 6461
7985 2 2 1 5 4705 6697 236
7986 2 2 1 5 3568 8272 4213
7987 2 2 1 5 2268 7937 5255
7988 2 2 1 5 1801 7590 4573
7989 2 2 1 5 4947 5918 1649
7990 2 2 1 5 4723 7107 3563
7991 2 2 1 5 1983 8220 2877
7992 2 2 1 5 2238 6962 4042
7993 2 2 1 5 4293 7006 561
7994 2 2 1 5 3883 6720 6647
7995 2 2 1 5 4698 6422 1776
7996 2 2 1 5 2682 4722 637
7997 2 2 1 5 190 5741 2303
7998 2 2 1 5 472 4929 473
7999 2 2 1 5 3995 7848 4431
8000 2 2 1 5 2493 5862 5743
8001 2 2 1 5 211 6011 4921
8002 2 2 1 5 1106 5504 1156
8003 2 2 1 5 3653 8578 154
8004 2 2 1 5 1856 7239 4524
8005 2 2 1 5 3423 7219 4598
8006 2 2 1 5 4413 6961 2805
8007 2 2 1 5 3161 6380 3624
8008 2 2 1 5 4531 8161 6217
8009 2 2 1 5 1648 5376 4149
8010 2 2 1 5 4068 8160 5601
8011 2 2 1 5 219 6583 5064
8012 2 2 1 5 3709 6691 6220
8013 2 2 1 5 4193 7436 602
8014 2 2 1 5 1261 7522 4254
8015 2 2 1 5 3834 7761 6396
8016 2 2 1 5 4122 8287 4741
8017 2 2 1 5 3275 5505 2137
8018 2 2 1 5 5434 5435 3065
8019 2 2 1 5 1299 5439 2166
8020 2 2 1 5 787 5594 786
8021 2 2 1 5 4519 6419 6127
8022 2 2 1 5 1786 7869 5364
8023 2 2 1 5 2082 7736 1162
8024 2 2 1 5 2247 6704 1865
8025 2 2 1 5 8125 8235 5718
8026 2 2 1 5 2562 8211 4458
8027 2 2 1 5 600 5455 4698
8028 2 2 1 5 2875 6375 3864
8029 2 2 1 5 4634 7758 2586
8030 2 2 1 5 3751 6221 6012
8031 2 2 1 5 3305 7012 5178
8032 2 2 1 5 2503 5209 2141
8033 2 2 1 5 5035 7197 3498
8034 2 2 1 5 1163 5382 1165
8035 2 2 1 5 5207 5725 3479
8036 2 2 1 5 4385 8441 2185
8037 2 2 1 5 3917 6624 147
8038 2 2 1 5 2620 8366 452
8039 2 2 1 5 1756 7724 1096
8040 2 2 1 5 4853 5655 136
8041 2 2 1 5 4884 6725 1524
8042 2 2 1 5 2243 6408 2244
8043 2 2 1 5 1499 4606 873
8044 2 2 1 5 4590 5899 2388
8045 2 2 1 5 6043 7133 2505
8046 2 2 1 5 2430 1523 2592
8047 2 2 1 5 4635 6769 3462
8048 2 2 1 5 3256 5311 4703
8049 2 2 1 5 5412 5799 3023
8050 2 2 1 5 5298 6405 198
8051 2 2 1 5 4708 6062 3898
8052 2 2 1 5 5691 6690 4678
8053 2 2 1 5 1608 6867 5057
8054 2 2 1 5 822 8292 821
8055 2 2 1 5 306 8240 4087
8056 2 2 1 5 2905 3805 2904
8057 2 2 1 5 3918 7292 6049
8058 2 2 1 5 4214 8091 2519
8059 2 2 1 5 2696 8222 4693
8060 2 2 1 5 5430 8613 1160
8061 2 2 1 5 2320 7005 204
8062 2 2 1 5 3656 8107 4541
8063 2 2 1 5 218 5157 2331
8064 2 2 1 5 3125 5742 4992
8065 2 2 1 5 4531 6679 3783
8066 2 2 1 5 5526 8179 116
8067 2 2 1 5 1219 7214 1200
8068 2 2 1 5 4342 8531 4860
8069 2 2 1 5 4845 6750 3443
8070 2 2 1 5 2144 5829 2652
8071 2 2 1 5 6008 6222 1896
8072 2 2 1 5 4194 7687 3606
8073 2 2 1 5 1669 4572 2817
8074 2 2 1 5 3499 6872 886
8075 2 2 1 5 6000 6545 3341
8076 2 2 1 5 3257 5605 4078
8077 2 2 1 5 10 6282 9
8078 2 2 1 5 1823 8123 2675
8079 2 2 1 5 2765 5864 3577
8080 2 2 1 5 172 6155 4650
8081 2 2 1 5 3661 5329 2353
8082 2 2 1 5 2174 7375 5472
8083 2 2 1 5 499 6994 487
8084 2 2 1 5 3942 7336 5501
8085 2 2 1 5 5579 5886 3917
8086 2 2 1 5 3578 5168 4330
8087 2 2 1 5 5647 7563 854
8088 2 2 1 5 3640 6923 6595
8089 2 2 1 5 3418 6024 3906
8090 2 2 1 5 6012 6221 3068
8091 2 2 1 5 199 8443 2312
8092 2 2 1 5 4917 6215 99
8093 2 2 1 5 6457 7066 3515
8094 2 2 1 5 1652 5261 5225
8095 2 2 1 5 6093 8108 4021
8096 2 2 1 5 5280 7607 3940
8097 2 2 1 5 2934 6480 6272
8098 2 2 1 5 4809 7058 3560
8099 2 2 1 5 5122 6686 337
8100 2 2 1 5 3291 5441 4557
8101 2 2 1 5 2189 5069 4505
8102 2 2 1 5 3876 6921 4759
8103 2 2 1 5 3903 7804 7348
8104 2 2 1 5 1205 5714 1215
8105 2 2 1 5 1396 6223 704
8106 2 2 1 5 2435 5970 3622
8107 2 2 1 5 1604 6004 2890
8108 2 2 1 5 4428 7575 4014
8109 2 2 1 5 340 7799 4256
8110 2 2 1 5 6186 6521 84
8111 2 2 1 5 3973 7397 6351
8112 2 2 1 5 3377 5639 4673
8113 2 2 1 5 3311 5655 4853
8114 2 2 1 5 6651 6652 6650
8115 2 2 1 5 5504 6469 3741
8116 2 2 1 5 1440 8028 3666
8117 2 2 1 5 854 4765 853
8118 2 2 1 5 2322 5172 4993
8119 2 2 1 5 4525 7893 3300
8120 2 2 1 5 4106 7864 1768
8121 2 2 1 5 2758 5957 802
8122 2 2 1 5 4886 6481 3353
8123 2 2 1 5 5815 8282 4131
8124 2 2 1 5 814 5372 813
8125 2 2 1 5 67 7146 4798
8126 2 2 1 5 257 6456 4707
8127 2 2 1 5 6200 7664 7350
8128 2 2 1 5 4885 7305 502
8129 2 2 1 5 3352 7770 4219
8130 2 2 1 5 5850 6820 3643
8131 2 2 1 5 5419 8431 2217
8132 2 2 1 5 4501 6398 2164
8133 2 2 1 5 2505 7311 1783
8134 2 2 1 5 3982 7943 4558
8135 2 2 1 5 1480 7929 4989
8136 2 2 1 5 2888 7726 4426
8137 2 2 1 5 2745 8196 4558
8138 2 2 1 5 2860 5566 676
8139 2 2 1 5 1373 7076 4868
8140 2 2 1 5 3697 8049 7719
8141 2 2 1 5 2920 6144 2919
8142 2 2 1 5 3178 6792 4332
8143 2 2 1 5 3282 5652 5046
8144 2 2 1 5 3886 5545 3452
8145 2 2 1 5 3512 5544 2747
8146 2 2 1 5 3885 5256 3134
8147 2 2 1 5 2312 6453 198
8148 2 2 1 5 4831 8447 1316
8149 2 2 1 5 274 5775 1442
8150 2 2 1 5 3710 6644 97
8151 2 2 1 5 4447 7442 3148
8152 2 2 1 5 270 6794 2394
8153 2 2 1 5 3411 7642 5672
8154 2 2 1 5 4715 5635 3093
8155 2 2 1 5 1431 4728 2393
8156 2 2 1 5 3904 8188 7347
8157 2 2 1 5 5660 5679 1207
8158 2 2 1 5 1993 7286 7285
8159 2 2 1 5 3750 7048 3981
8160 2 2 1 5 3772 7560 5786
8161 2 2 1 5 2119 7940 524
8162 2 2 1 5 1911 5653 2282
8163 2 2 1 5 7846 8206 4325
8164 2 2 1 5 1487 4072 850
8165 2 2 1 5 3093 5635 4799
8166 2 2 1 5 4887 5903 2867
8167 2 2 1 5 2755 6025 794
8168 2 2 1 5 3089 6553 4759
8169 2 2 1 5 4480 7735 6009
8170 2 2 1 5 5058 7874 2289
8171 2 2 1 5 2589 7648 4681
8172 2 2 1 5 4929 5293 473
8173 2 2 1 5 5947 8459 3378
8174 2 2 1 5 5730 5945 2844
8175 2 2 1 5 6590 7339 3433
8176 2 2 1 5 3961 8161 5508
8177 2 2 1 5 2234 8616 4625
8178 2 2 1 5 3185 6781 4925
8179 2 2 1 5 6776 6796 3132
8180 2 2 1 5 2351 5738 235
8181 2 2 1 5 4709 7515 6349
8182 2 2 1 5 393 8397 4252
8183 2 2 1 5 4739 8496 1969
8184 2 2 1 5 6010 6167 109
8185 2 2 1 5 1307 4127 4126
8186 2 2 1 5 4084 5177 4228
8187 2 2 1 5 746 8240 747
8188 2 2 1 5 2303 6968 1885
8189 2 2 1 5 5049 6051 2777
8190 2 2 1 5 5544 6927 2747
8191 2 2 1 5 4171 8078 3525
8192 2 2 1 5 1029 4933 1585
8193 2 2 1 5 3948 6400 4866
8194 2 2 1 5 1336 5114 1974
8195 2 2 1 5 645 5369 644
8196 2 2 1 5 3777 5168 3578
8197 2 2 1 5 6392 6450 3501
8198 2 2 1 5 1392 6971 4309
8199 2 2 1 5 2872 5548 1425
8200 2 2 1 5 4965 7860 4964
8201 2 2 1 5 1222 6129 76
8202 2 2 1 5 4915 7825 199
8203 2 2 1 5 4770 6902 2597
8204 2 2 1 5 6668 8166 1520
8205 2 2 1 5 1671 7036 1690
8206 2 2 1 5 6157 7786 2617
8207 2 2 1 5 4596 7035 2700
8208 2 2 1 5 4045 7234 2099
8209 2 2 1 5 3827 6954 5593
8210 2 2 1 5 3783 8161 4531
8211 2 2 1 5 3297 8173 4560
8212 2 2 1 5 6142 7350 2582
8213 2 2 1 5 3658 6593 3555
8214 2 2 1 5 5432 5433 2653
8215 2 2 1 5 5447 7173 1188
8216 2 2 1 5 4647 6583 2332
8217 2 2 1 5 8097 8475 1802
8218 2 2 1 5 4524 7239 3962
8219 2 2 1 5 4110 5553 4822
8220 2 2 1 5 3958 7887 5745
8221 2 2 1 5 3401 7882 4525
8222 2 2 1 5 4277 7481 3746
8223 2 2 1 5 2097 7715 1185
8224 2 2 1 5 589 7748 2654
8225 2 2 1 5 3795 7730 2695
8226 2 2 1 5 5111 7103 3374
8227 2 2 1 5 5863 6863 3111
8228 2 2 1 5 4402 7027 5296
8229 2 2 1 5 3295 6215 4917
8230 2 2 1 5 6156 8174 3902
8231 2 2 1 5 6074 6540 3505
8232 2 2 1 5 1026 8145 2806
8233 2 2 1 5 4857 7772 3526
8234 2 2 1 5 3414 6315 4959
8235 2 2 1 5 5795 6501 1631
8236 2 2 1 5 58 7769 1531
8237 2 2 1 5 151 7530 646
8238 2 2 1 5 4566 5475 2194
8239 2 2 1 5 3256 6151 5311
8240 2 2 1 5 5137 5317 1397
8241 2 2 1 5 7278 7963 5087
8242 2 2 1 5 3300 7893 4608
8243 2 2 1 5 4671 8552 7179
8244 2 2 1 5 479 7567 6676
8245 2 2 1 5 4505 7879 3184
8246 2 2 1 5 2259 6484 3515
8247 2 2 1 5 3206 7193 7144
8248 2 2 1 5 48 8282 2090
8249 2 2 1 5 270 5257 4224
8250 2 2 1 5 2807 6679 4531
8251 2 2 1 5 5851 7873 5852
8252 2 2 1 5 4206 5180 3659
8253 2 2 1 5 1139 6271 4509
8254 2 2 1 5 4683 8411 1884
8255 2 2 1 5 143 6128 2206
8256 2 2 1 5 5955 6703 3878
8257 2 2 1 5 5182 6429 3299
8258 2 2 1 5 1423 5899 4202
8259 2 2 1 5 2944 6248 6247
8260 2 2 1 5 5099 6244 2227
8261 2 2 1 5 4242 7838 3534
8262 2 2 1 5 5414 7361 2801
8263 2 2 1 5 2870 5794 4649
8264 2 2 1 5 4693 8554 4631
8265 2 2 1 5 2290 5378 184
8266 2 2 1 5 4109 8004 3149
8267 2 2 1 5 3163 8392 5115
8268 2 2 1 5 2093 7150 1199
8269 2 2 1 5 1370 7585 2936
8270 2 2 1 5 4660 4890 2490
8271 2 2 1 5 2979 6737 1476
8272 2 2 1 5 5504 6739 1156
8273 2 2 1 5 1496 5411 4714
8274 2 2 1 5 2298 8203 5115
8275 2 2 1 5 199 7825 2313
8276 2 2 1 5 861 860 896
8277 2 2 1 5 2397 7943 1441
8278 2 2 1 5 4178 8567 5042
8279 2 2 1 5 5856 7454 148
8280 2 2 1 5 3226 5266 2724
8281 2 2 1 5 1933 6750 4845
8282 2 2 1 5 2149 7704 4719
8283 2 2 1 5 4508 5982 3192
8284 2 2 1 5 2684 5377 2685
8285 2 2 1 5 725 7002 5215
8286 2 2 1 5 595 6158 594
8287 2 2 1 5 6091 7942 4388
8288 2 2 1 5 4038 5623 5246
8289 2 2 1 5 205 6109 2320
8290 2 2 1 5 7723 8371 3849
8291 2 2 1 5 4702 6843 3199
8292 2 2 1 5 4324 8343 91
8293 2 2 1 5 391 6834 1520
8294 2 2 1 5 2548 4971 1884
8295 2 2 1 5 4892 7133 6043
8296 2 2 1 5 4003 5799 3213
8297 2 2 1 5 6262 7256 3225
8298 2 2 1 5 3409 7614 4534
8299 2 2 1 5 3023 5799 3022
8300 2 2 1 5 7240 7703 3750
8301 2 2 1 5 1641 6173 2477
8302 2 2 1 5 4441 6993 6076
8303 2 2 1 5 891 5742 3346
8304 2 2 1 5 3593 6801 4675
8305 2 2 1 5 2629 6172 3719
8306 2 2 1 5 5497 5980 2504
8307 2 2 1 5 4365 7818 2220
8308 2 2 1 5 2278 5762 1343
8309 2 2 1 5 7131 8133 3782
8310 2 2 1 5 3190 6769 4635
8311 2 2 1 5 35 5587 27
8312 2 2 1 5 2267 7812 4853
8313 2 2 1 5 3495 6064 6017
8314 2 2 1 5 3594 6768 4988
8315 2 2 1 5 5262 5731 3518
8316 2 2 1 5 608 6715 4736
8317 2 2 1 5 3396 5784 4760
8318 2 2 1 5 4893 5902 3178
8319 2 2 1 5 5848 7055 3870
8320 2 2 1 5 2264 6204 4839
8321 2 2 1 5 3704 7432 1310
8322 2 2 1 5 5666 5667 3666
8323 2 2 1 5 4929 7117 5293
8324 2 2 1 5 4746 7929 1993
8325 2 2 1 5 2922 6543 4288
8326 2 2 1 5 145 7029 3630
8327 2 2 1 5 6398 7540 117
8328 2 2 1 5 3931 7766 5359
8329 2 2 1 5 2273 6924 2272
8330 2 2 1 5 3674 7746 5896
8331 2 2 1 5 4465 5336 2698
8332 2 2 1 5 2268 7504 664
8333 2 2 1 5 4707 6456 2590
8334 2 2 1 5 1513 5873 789
8335 2 2 1 5 6522 6529 3288
8336 2 2 1 5 2361 6374 246
8337 2 2 1 5 1967 6014 1965
8338 2 2 1 5 4729 8420 4728
8339 2 2 1 5 5706 5993 3581
8340 2 2 1 5 4648 8194 3663
8341 2 2 1 5 20 8216 16
8342 2 2 1 5 4759 6553 3409
8343 2 2 1 5 1170 6987 3304
8344 2 2 1 5 193 6593 3658
8345 2 2 1 5 2746 6316 727
8346 2 2 1 5 4828 7731 3779
8347 2 2 1 5 185 5380 2294
8348 2 2 1 5 6829 7660 5565
8349 2 2 1 5 1153 2892 31
8350 2 2 1 5 4505 8441 3102
8351 2 2 1 5 3484 5708 5614
8352 2 2 1 5 1867 4937 643
8353 2 2 1 5 5989 6624 3211
8354 2 2 1 5 2471 7564 3914
8355 2 2 1 5 3429 5746 4497
8356 2 2 1 5 5994 8411 2302
8357 2 2 1 5 3153 6266 5707
8358 2 2 1 5 4980 7273 2414
8359 2 2 1 5 490 8429 4178
8360 2 2 1 5 4072 6865 1485
8361 2 2 1 5 5436 6978 1811
8362 2 2 1 5 1985 7389 2878
8363 2 2 1 5 3709 8533 6694
8364 2 2 1 5 8120 8606 6331
8365 2 2 1 5 3134 6102 5191
8366 2 2 1 5 5675 6929 3162
8367 2 2 1 5 7594 7907 2905
8368 2 2 1 5 1760 4095 3713
8369 2 2 1 5 664 7504 5267
8370 2 2 1 5 7633 7634 7632
8371 2 2 1 5 28 7837 29
8372 2 2 1 5 3436 7359 4395
8373 2 2 1 5 1220 6059 3277
8374 2 2 1 5 4486 6690 3042
8375 2 2 1 5 7056 7460 2302
8376 2 2 1 5 5351 6031 2536
8377 2 2 1 5 1966 6388 4656
8378 2 2 1 5 4008 5725 5207
8379 2 2 1 5 851 5232 733
8380 2 2 1 5 1389 6020 1421
8381 2 2 1 5 2003 4765 854
8382 2 2 1 5 460 7964 4149
8383 2 2 1 5 3949 6886 4839
8384 2 2 1 5 5696 6338 1140
8385 2 2 1 5 3336 6066 4755
8386 2 2 1 5 1835 3580 2850
8387 2 2 1 5 5371 5372 814
8388 2 2 1 5 2532 8275 4269
8389 2 2 1 5 2820 5489 5241
8390 2 2 1 5 6104 8420 4859
8391 2 2 1 5 4878 6611 1278
8392 2 2 1 5 3496 6728 6591
8393 2 2 1 5 1433 7291 5093
8394 2 2 1 5 487 5640 499
8395 2 2 1 5 5159 8556 178
8396 2 2 1 5 3850 5957 5167
8397 2 2 1 5 3164 8095 4792
8398 2 2 1 5 1403 7663 5140
8399 2 2 1 5 1098 6525 2846
8400 2 2 1 5 261 4802 716
8401 2 2 1 5 8006 8007 2
8402 2 2 1 5 3422 6197 5909
8403 2 2 1 5 4379 8475 8097
8404 2 2 1 5 659 5272 2928
8405 2 2 1 5 2015 5062 450
8406 2 2 1 5 3263 5969 4877
8407 2 2 1 5 4240 5907 3397
8408 2 2 1 5 4355 6136 3287
8409 2 2 1 5 460 5844 394
8410 2 2 1 5 1816 5698 5034
8411 2 2 1 5 698 8531 4342
8412 2 2 1 5 4747 7165 3494
8413 2 2 1 5 3532 7483 4022
8414 2 2 1 5 2366 6421 1402
8415 2 2 1 5 283 6608 5404
8416 2 2 1 5 3913 5570 5435
8417 2 2 1 5 4118 7474 2293
8418 2 2 1 5 1797 7436 7323
8419 2 2 1 5 3343 5476 5298
8420 2 2 1 5 5167 6512 2768
8421 2 2 1 5 4576 8143 3222
8422 2 2 1 5 1627 6187 2470
8423 2 2 1 5 5041 8191 2139
8424 2 2 1 5 23 8330 6565
8425 2 2 1 5 3492 8381 4565
8426 2 2 1 5 4085 5258 1618
8427 2 2 1 5 3153 5707 3678
8428 2 2 1 5 1774 7551 2499
8429 2 2 1 5 4242 5785 639
8430 2 2 1 5 785 7376 4547
8431 2 2 1 5 6274 6820 3384
8432 2 2 1 5 1161 5226 1133
8433 2 2 1 5 3478 7734 4415
8434 2 2 1 5 5728 8324 2228
8435 2 2 1 5 251 6441 250
8436 2 2 1 5 1417 7182 4464
8437 2 2 1 5 6330 8112 3757
8438 2 2 1 5 4553 5302 1812
8439 2 2 1 5 1835 6569 3580
8440 2 2 1 5 1247 5269 1251
8441 2 2 1 5 615 4778 1823
8442 2 2 1 5 5707 6266 3875
8443 2 2 1 5 3047 8160 4068
8444 2 2 1 5 2219 5650 4571
8445 2 2 1 5 2850 4911 1835
8446 2 2 1 5 191 8188 6968
8447 2 2 1 5 3072 6476 3844
8448 2 2 1 5 5776 5801 4048
8449 2 2 1 5 485 5557 486
8450 2 2 1 5 2567 6083 2566
8451 2 2 1 5 6005 7832 4207
8452 2 2 1 5 4721 7734 3478
8453 2 2 1 5 3507 7503 5032
8454 2 2 1 5 2764 4496 2978
8455 2 2 1 5 1273 7600 2160
8456 2 2 1 5 3562 6862 3785
8457 2 2 1 5 6424 6425 4580
8458 2 2 1 5 3817 7651 5651
8459 2 2 1 5 6916 7998 4157
8460 2 2 1 5 6055 7383 3543
8461 2 2 1 5 4608 6670 3801
8462 2 2 1 5 5519 6043 1783
8463 2 2 1 5 3974 5728 4804
8464 2 2 1 5 3891 6665 5370
8465 2 2 1 5 2742 6604 5962
8466 2 2 1 5 4887 8298 5008
8467 2 2 1 5 5011 7344 3701
8468 2 2 1 5 128 7590 2179
8469 2 2 1 5 2293 7474 2292
8470 2 2 1 5 3658 3691 193
8471 2 2 1 5 1356 7872 5025
8472 2 2 1 5 1366 6120 4019
8473 2 2 1 5 4993 8155 6752
8474 2 2 1 5 5148 5473 1584
8475 2 2 1 5 3066 7352 6606
8476 2 2 1 5 2097 3565 2115
8477 2 2 1 5 3 6655 2079
8478 2 2 1 5 3635 7106 5633
8479 2 2 1 5 5531 8127 3085
8480 2 2 1 5 3392 7357 4341
8481 2 2 1 5 1036 6722 2051
8482 2 2 1 5 6209 6216 4099
8483 2 2 1 5 4880 6421 302
8484 2 2 1 5 2367 6775 5081
8485 2 2 1 5 910 6467 2884
8486 2 2 1 5 2142 5980 5497
8487 2 2 1 5 5732 6121 2843
8488 2 2 1 5 5912 7021 3898
8489 2 2 1 5 2701 5613 2702
8490 2 2 1 5 3555 6907 5429
8491 2 2 1 5 4669 5839 3928
8492 2 2 1 5 2302 7460 190
8493 2 2 1 5 1020 7559 5219
8494 2 2 1 5 5233 8606 4354
8495 2 2 1 5 2121 7871 3837
8496 2 2 1 5 6915 7930 4031
8497 2 2 1 5 1280 7175 5514
8498 2 2 1 5 1271 8126 6178
8499 2 2 1 5 4399 4722 2682
8500 2 2 1 5 4520 8123 1823
8501 2 2 1 5 217 7766 6092
8502 2 2 1 5 3119 7135 3804
8503 2 2 1 5 2142 6042 5980
8504 2 2 1 5 2179 7072 128
8505 2 2 1 5 5482 6620 2662
8506 2 2 1 5 4447 4556 2189
8507 2 2 1 5 5980 6042 1781
8508 2 2 1 5 275 4483 1457
8509 2 2 1 5 4323 5286 3028
8510 2 2 1 5 1526 6509 2112
8511 2 2 1 5 4578 5418 1701
8512 2 2 1 5 3684 6490 4058
8513 2 2 1 5 2102 5619 63
8514 2 2 1 5 3354 5686 4920
8515 2 2 1 5 5270 8586 5323
8516 2 2 1 5 5067 8333 3203
8517 2 2 1 5 5332 6182 1174
8518 2 2 1 5 3663 6478 4648
8519 2 2 1 5 2596 5568 1578
8520 2 2 1 5 3066 6606 4793
8521 2 2 1 5 3 7649 6655
8522 2 2 1 5 2674 8025 4367
8523 2 2 1 5 525 5735 526
8524 2 2 1 5 1441 7943 5137
8525 2 2 1 5 2347 5288 234
8526 2 2 1 5 1746 7190 2671
8527 2 2 1 5 105 7760 2146
8528 2 2 1 5 8393 8500 1382
8529 2 2 1 5 2736 6485 4375
8530 2 2 1 5 5714 8116 5162
8531 2 2 1 5 5358 7778 3113
8532 2 2 1 5 4921 7049 2326
8533 2 2 1 5 3855 8242 3856
8534 2 2 1 5 3164 8336 4943
8535 2 2 1 5 3439 4950 1164
8536 2 2 1 5 1070 7706 5339
8537 2 2 1 5 2165 7521 118
8538 2 2 1 5 3220 6330 5199
8539 2 2 1 5 1535 6327 951
8540 2 2 1 5 6542 7899 3135
8541 2 2 1 5 1471 6184 912
8542 2 2 1 5 2799 6870 1067
8543 2 2 1 5 1973 8295 7983
8544 2 2 1 5 721 7638 2876
8545 2 2 1 5 1753 6915 1281
8546 2 2 1 5 3316 5539 4264
8547 2 2 1 5 3591 6720 4536
8548 2 2 1 5 2352 4953 4705
8549 2 2 1 5 4492 8003 2239
8550 2 2 1 5 1811 5598 4749
8551 2 2 1 5 2613 7510 6309
8552 2 2 1 5 2253 8001 169
8553 2 2 1 5 2326 7049 4420
8554 2 2 1 5 4433 6449 2368
8555 2 2 1 5 4466 7132 1615
8556 2 2 1 5 3154 7237 6041
8557 2 2 1 5 3465 8054 4694
8558 2 2 1 5 4184 7562 5589
8559 2 2 1 5 4698 5455 2647
8560 2 2 1 5 2772 4606 1499
8561 2 2 1 5 1220 7283 6059
8562 2 2 1 5 3963 6601 5501
8563 2 2 1 5 4246 7142 2712
8564 2 2 1 5 3317 7622 4591
8565 2 2 1 5 3564 7577 7127
8566 2 2 1 5 1984 7412 1987
8567 2 2 1 5 3187 5800 5216
8568 2 2 1 5 4298 7937 664
8569 2 2 1 5 4857 6971 1392
8570 2 2 1 5 701 6087 700
8571 2 2 1 5 4955 6473 1985
8572 2 2 1 5 40 5343 2081
8573 2 2 1 5 2121 5791 3754
8574 2 2 1 5 6091 7116 3089
8575 2 2 1 5 5008 8298 3124
8576 2 2 1 5 2175 6054 1798
8577 2 2 1 5 2726 7171 2725
8578 2 2 1 5 4673 8238 254
8579 2 2 1 5 2331 6844 218
8580 2 2 1 5 5086 6362 1758
8581 2 2 1 5 7362 7948 2537
8582 2 2 1 5 6110 6769 4739
8583 2 2 1 5 321 5218 2431
8584 2 2 1 5 4479 7564 3430
8585 2 2 1 5 33 8158 368
8586 2 2 1 5 1398 5931 5164
8587 2 2 1 5 4481 6628 5036
8588 2 2 1 5 4402 5296 2493
8589 2 2 1 5 168 8399 1841
8590 2 2 1 5 4989 8543 6290
8591 2 2 1 5 160 4625 154
8592 2 2 1 5 6631 8398 598
8593 2 2 1 5 941 8107 3656
8594 2 2 1 5 2866 8019 8018
8595 2 2 1 5 4780 8241 3863
8596 2 2 1 5 1391 7302 1382
8597 2 2 1 5 1747 6337 2494
8598 2 2 1 5 4403 8521 2229
8599 2 2 1 5 4536 7227 3506
8600 2 2 1 5 5360 7939 4154
8601 2 2 1 5 2805 6106 4413
8602 2 2 1 5 5061 5722 3171
8603 2 2 1 5 1250 6048 2141
8604 2 2 1 5 4234 7148 6924
8605 2 2 1 5 1450 6103 5268
8606 2 2 1 5 2670 8467 597
8607 2 2 1 5 3807 7655 7355
8608 2 2 1 5 3106 7802 4158
8609 2 2 1 5 4055 7603 2317
8610 2 2 1 5 3682 6275 5949
8611 2 2 1 5 4403 5333 2530
8612 2 2 1 5 4181 7962 6745
8613 2 2 1 5 484 5558 485
8614 2 2 1 5 3906 6511 5468
8615 2 2 1 5 3842 8010 4974
8616 2 2 1 5 3769 8474 5270
8617 2 2 1 5 2343 7965 5620
8618 2 2 1 5 2108 5800 1699
8619 2 2 1 5 2468 6093 1617
8620 2 2 1 5 680 6831 2861
8621 2 2 1 5 4701 7306 2266
8622 2 2 1 5 2672 6218 1338
8623 2 2 1 5 2333 6030 219
8624 2 2 1 5 3830 6796 6776
8625 2 2 1 5 1321 8465 7939
8626 2 2 1 5 4294 6160 5361
8627 2 2 1 5 1073 5725 1074
8628 2 2 1 5 5958 6096 3819
8629 2 2 1 5 4766 7317 4434
8630 2 2 1 5 3845 8088 4944
8631 2 2 1 5 4016 5639 4634
8632 2 2 1 5 269 6104 4859
8633 2 2 1 5 3913 8491 6857
8634 2 2 1 5 1781 6042 555
8635 2 2 1 5 4981 6451 3986
8636 2 2 1 5 6257 7879 3421
8637 2 2 1 5 4532 6625 4010
8638 2 2 1 5 4565 5285 3492
8639 2 2 1 5 6486 7762 4157
8640 2 2 1 5 5429 6083 3555
8641 2 2 1 5 5053 6321 1369
8642 2 2 1 5 2090 5815 47
8643 2 2 1 5 1086 7119 1625
8644 2 2 1 5 3930 7444 2743
8645 2 2 1 5 1574 8254 1586
8646 2 2 1 5 1728 5721 1288
8647 2 2 1 5 3000 7609 5452
8648 2 2 1 5 1428 6871 4907
8649 2 2 1 5 4333 5794 2870
8650 2 2 1 5 3046 6984 5754
8651 2 2 1 5 4553 7087 2679
8652 2 2 1 5 4958 6300 1845
8653 2 2 1 5 3022 8450 3021
8654 2 2 1 5 50 5646 2092
8655 2 2 1 5 2805 6961 361
8656 2 2 1 5 4541 6754 3656
8657 2 2 1 5 2495 8185 5095
8658 2 2 1 5 4755 6066 2273
8659 2 2 1 5 121 6678 1795
8660 2 2 1 5 23 6557 1144
8661 2 2 1 5 2846 7378 1098
8662 2 2 1 5 4017 6416 1992
8663 2 2 1 5 4867 7150 2093
8664 2 2 1 5 3804 5126 3119
8665 2 2 1 5 4761 7141 6118
8666 2 2 1 5 4839 7745 2245
8667 2 2 1 5 4949 4951 1612
8668 2 2 1 5 2848 5897 3822
8669 2 2 1 5 2079 7676 3
8670 2 2 1 5 3484 6572 6403
8671 2 2 1 5 1448 5891 1103
8672 2 2 1 5 2658 5530 3601
8673 2 2 1 5 1555 7807 3829
8674 2 2 1 5 3680 5999 5720
8675 2 2 1 5 8381 8382 4565
8676 2 2 1 5 2711 5534 679
8677 2 2 1 5 5832 7887 3142
8678 2 2 1 5 2688 6039 2849
8679 2 2 1 5 6162 7791 137
8680 2 2 1 5 4601 6161 4603
8681 2 2 1 5 4911 8614 164
8682 2 2 1 5 2842 7902 1785
8683 2 2 1 5 5152 7568 3205
8684 2 2 1 5 2809 6336 1624
8685 2 2 1 5 46 7947 2088
8686 2 2 1 5 3175 5777 3841
8687 2 2 1 5 6968 8188 4785
8688 2 2 1 5 3148 7442 6890
8689 2 2 1 5 3741 6739 5504
8690 2 2 1 5 6154 7364 1481
8691 2 2 1 5 2625 6987 389
8692 2 2 1 5 434 5789 433
8693 2 2 1 5 5013 6555 3286
8694 2 2 1 5 2313 6139 200
8695 2 2 1 5 1491 7693 4477
8696 2 2 1 5 4798 6850 2822
8697 2 2 1 5 811 6041 1472
8698 2 2 1 5 1098 7378 2839
8699 2 2 1 5 1431 6600 4091
8700 2 2 1 5 2654 6233 590
8701 2 2 1 5 5245 6527 3006
8702 2 2 1 5 3115 5765 5641
8703 2 2 1 5 4415 6229 3478
8704 2 2 1 5 255 7765 6828
8705 2 2 1 5 4688 8048 1301
8706 2 2 1 5 504 6725 4884
8707 2 2 1 5 3576 6541 4280
8708 2 2 1 5 5465 5881 3296
8709 2 2 1 5 1591 6436 1072
8710 2 2 1 5 4797 5754 3429
8711 2 2 1 5 2519 8091 3544
8712 2 2 1 5 3805 8536 2904
8713 2 2 1 5 5104 8374 3593
8714 2 2 1 5 2553 5833 5528
8715 2 2 1 5 5606 7557 1646
8716 2 2 1 5 1361 5584 5556
8717 2 2 1 5 5280 6964 3615
8718 2 2 1 5 4488 6306 2026
8719 2 2 1 5 5755 6098 3987
8720 2 2 1 5 745 7636 769
8721 2 2 1 5 5006 8437 6424
8722 2 2 1 5 20 5367 367
8723 2 2 1 5 2278 8373 2279
8724 2 2 1 5 597 8467 2660
8725 2 2 1 5 2181 6621 4573
8726 2 2 1 5 2571 8356 2315
8727 2 2 1 5 3170 7068 5226
8728 2 2 1 5 4423 7636 4023
8729 2 2 1 5 2092 7719 50
8730 2 2 1 5 2820 7166 1090
8731 2 2 1 5 4206 7013 5180
8732 2 2 1 5 2834 6313 2833
8733 2 2 1 5 4598 5894 3423
8734 2 2 1 5 3919 7318 4704
8735 2 2 1 5 3751 6012 5094
8736 2 2 1 5 4487 7645 3485
8737 2 2 1 5 3417 7910 4526
8738 2 2 1 5 2902 4599 3817
8739 2 2 1 5 2279 8373 1311
8740 2 2 1 5 3964 7908 2709
8741 2 2 1 5 2444 7974 4696
8742 2 2 1 5 887 8031 3638
8743 2 2 1 5 7406 7600 2665
8744 2 2 1 5 2874 7790 1979
8745 2 2 1 5 4845 5111 3374
8746 2 2 1 5 6287 8499 3094
8747 2 2 1 5 3021 8450 5343
8748 2 2 1 5 3446 5948 2373
8749 2 2 1 5 6017 6064 3978
8750 2 2 1 5 6731 7602 4316
8751 2 2 1 5 4468 7566 3612
8752 2 2 1 5 5534 6907 3555
8753 2 2 1 5 4229 5977 3568
8754 2 2 1 5 3332 6206 4764
8755 2 2 1 5 5135 5773 3242
8756 2 2 1 5 3237 7134 4373
8757 2 2 1 5 5081 6775 300
8758 2 2 1 5 5089 5803 1902
8759 2 2 1 5 1648 7987 5376
8760 2 2 1 5 5396 6192 754
8761 2 2 1 5 4671 6986 3391
8762 2 2 1 5 4097 6951 4475
8763 2 2 1 5 1808 7196 4675
8764 2 2 1 5 2258 5588 170
8765 2 2 1 5 2905 7907 3805
8766 2 2 1 5 3049 7509 4057
8767 2 2 1 5 2501 5427 1778
8768 2 2 1 5 799 7738 2757
8769 2 2 1 5 3989 6147 1790
8770 2 2 1 5 1651 6367 6070
8771 2 2 1 5 4518 5288 2347
8772 2 2 1 5 4750 7711 2535
8773 2 2 1 5 7593 7752 2606
8774 2 2 1 5 4948 4949 1612
8775 2 2 1 5 5691 6591 3042
8776 2 2 1 5 1326 5877 2927
8777 2 2 1 5 2731 6417 684
8778 2 2 1 5 4151 6382 3790
8779 2 2 1 5 1078 6074 2462
8780 2 2 1 5 4851 8112 6330
8781 2 2 1 5 3267 7633 3266
8782 2 2 1 5 5975 6305 467
8783 2 2 1 5 3528 4467 1160
8784 2 2 1 5 3109 8036 6446
8785 2 2 1 5 2833 6892 2834
8786 2 2 1 5 3423 6499 4597
8787 2 2 1 5 2725 7171 4381
8788 2 2 1 5 5638 7847 1357
8789 2 2 1 5 452 6227 1464
8790 2 2 1 5 3770 5295 4926
8791 2 2 1 5 5469 6432 2644
8792 2 2 1 5 6132 8585 4559
8793 2 2 1 5 4689 6128 143
8794 2 2 1 5 224 5247 5024
8795 2 2 1 5 3568 6075 2580
8796 2 2 1 5 4091 6600 3192
8797 2 2 1 5 4344 8474 55
8798 2 2 1 5 3874 8230 2585
8799 2 2 1 5 5390 5409 3853
8800 2 2 1 5 1902 8389 8388
8801 2 2 1 5 4574 5798 5154
8802 2 2 1 5 6219 8181 3030
8803 2 2 1 5 466 6507 467
8804 2 2 1 5 2518 5561 2844
8805 2 2 1 5 2766 7086 4123
8806 2 2 1 5 3802 6959 6670
8807 2 2 1 5 722 8196 2745
8808 2 2 1 5 79 8035 6127
8809 2 2 1 5 4676 7545 2772
8810 2 2 1 5 245 8378 2375
8811 2 2 1 5 3239 5756 5601
8812 2 2 1 5 5174 7154 1924
8813 2 2 1 5 3158 6220 5144
8814 2 2 1 5 5251 8256 3229
8815 2 2 1 5 3548 6273 6272
8816 2 2 1 5 3343 6453 4563
8817 2 2 1 5 5742 5928 3346
8818 2 2 1 5 3304 6987 5088
8819 2 2 1 5 703 7678 4635
8820 2 2 1 5 3708 6741 5484
8821 2 2 1 5 849 7000 4697
8822 2 2 1 5 6705 6706 273
8823 2 2 1 5 1785 7902 3996
8824 2 2 1 5 3458 5682 4427
8825 2 2 1 5 4749 6841 1811
8826 2 2 1 5 3955 5345 5018
8827 2 2 1 5 4400 7637 2386
8828 2 2 1 5 5154 5798 249
8829 2 2 1 5 5835 6855 1286
8830 2 2 1 5 3820 6338 5696
8831 2 2 1 5 2280 7962 4181
8832 2 2 1 5 3889 8559 1162
8833 2 2 1 5 4575 5402 3983
8834 2 2 1 5 4704 8173 3297
8835 2 2 1 5 1391 7342 7302
8836 2 2 1 5 3612 6698 4468
8837 2 2 1 5 4644 8159 1640
8838 2 2 1 5 223 4814 2574
8839 2 2 1 5 6066 8241 4780
8840 2 2 1 5 73 8588 2110
8841 2 2 1 5 4271 7040 3517
8842 2 2 1 5 1441 8473 2397
8843 2 2 1 5 3506 7227 6606
8844 2 2 1 5 723 6411 2744
8845 2 2 1 5 2330 7985 7001
8846 2 2 1 5 1066 7213 2449
8847 2 2 1 5 3205 6275 3682
8848 2 2 1 5 5706 8413 3123
8849 2 2 1 5 2231 5076 4303
8850 2 2 1 5 3171 7507 4644
8851 2 2 1 5 3133 6479 3452
8852 2 2 1 5 23 6756 3818
8853 2 2 1 5 4500 7540 6398
8854 2 2 1 5 5824 6604 2742
8855 2 2 1 5 4792 6300 3588
8856 2 2 1 5 5687 8004 4109
8857 2 2 1 5 1316 8447 5231
8858 2 2 1 5 4535 5551 1411
8859 2 2 1 5 237 8376 1408
8860 2 2 1 5 1387 4813 3511
8861 2 2 1 5 2597 7517 4770
8862 2 2 1 5 6789 8412 4435
8863 2 2 1 5 6606 7352 3933
8864 2 2 1 5 3909 5678 2572
8865 2 2 1 5 2799 5684 409
8866 2 2 1 5 5032 7503 3101
8867 2 2 1 5 3496 6591 5691
8868 2 2 1 5 4486 7099 3348
8869 2 2 1 5 3366 7641 6404
8870 2 2 1 5 6397 7729 3530
8871 2 2 1 5 63 5192 2102
8872 2 2 1 5 5554 6312 3389
8873 2 2 1 5 6395 6792 3407
8874 2 2 1 5 1697 7290 1698
8875 2 2 1 5 3986 6451 6098
8876 2 2 1 5 3014 6609 2798
8877 2 2 1 5 4203 6637 2260
8878 2 2 1 5 6738 7919 3271
8879 2 2 1 5 5042 6846 3304
8880 2 2 1 5 3930 7737 4590
8881 2 2 1 5 1870 4701 4137
8882 2 2 1 5 3735 5330 4089
8883 2 2 1 5 5127 6923 3640
8884 2 2 1 5 3995 7888 4762
8885 2 2 1 5 461 6716 1692
8886 2 2 1 5 2812 8409 5398
8887 2 2 1 5 1792 6254 3996
8888 2 2 1 5 3432 7136 4556
8889 2 2 1 5 6006 6757 2596
8890 2 2 1 5 4856 7912 2395
8891 2 2 1 5 1411 5551 4518
8892 2 2 1 5 3815 7273 4980
8893 2 2 1 5 5776 6950 1827
8894 2 2 1 5 1206 7401 4924
8895 2 2 1 5 1626 6502 6501
8896 2 2 1 5 859 5736 1531
8897 2 2 1 5 2208 5748 2207
8898 2 2 1 5 5462 8039 3625
8899 2 2 1 5 2526 6842 4692
8900 2 2 1 5 3506 6711 4536
8901 2 2 1 5 3372 6449 4892
8902 2 2 1 5 4588 6888 4039
8903 2 2 1 5 5381 6533 1475
8904 2 2 1 5 5948 6578 3224
8905 2 2 1 5 5434 6263 3522
8906 2 2 1 5 3254 5842 5078
8907 2 2 1 5 4282 6973 3342
8908 2 2 1 5 6960 7849 3772
8909 2 2 1 5 4465 6890 5336
8910 2 2 1 5 2657 8386 5433
8911 2 2 1 5 2906 7594 2905
8912 2 2 1 5 5238 6007 2334
8913 2 2 1 5 7097 7396 3753
8914 2 2 1 5 3279 7287 4368
8915 2 2 1 5 4777 8280 5380
8916 2 2 1 5 3615 7607 5280
8917 2 2 1 5 3508 6431 4796
8918 2 2 1 5 5161 6143 1634
8919 2 2 1 5 5957 7725 802
8920 2 2 1 5 1455 6580 848
8921 2 2 1 5 5100 6440 1913
8922 2 2 1 5 1567 7216 1664
8923 2 2 1 5 5058 5904 3600
8924 2 2 1 5 4776 6785 1068
8925 2 2 1 5 3320 6154 3321
8926 2 2 1 5 204 4549 2320
8927 2 2 1 5 2810 6283 408
8928 2 2 1 5 269 6601 2393
8929 2 2 1 5 1944 6073 4741
8930 2 2 1 5 6295 7316 4135
8931 2 2 1 5 3004 6744 5525
8932 2 2 1 5 1504 8016 8014
8933 2 2 1 5 5009 7186 3571
8934 2 2 1 5 2862 5813 1937
8935 2 2 1 5 2398 6473 278
8936 2 2 1 5 4907 6871 3945
8937 2 2 1 5 5099 6433 3312
8938 2 2 1 5 665 7343 5940
8939 2 2 1 5 1959 6183 2584
8940 2 2 1 5 1878 5936 2545
8941 2 2 1 5 4344 8165 5270
8942 2 2 1 5 4543 7674 3228
8943 2 2 1 5 3493 7414 4984
8944 2 2 1 5 3042 7941 4486
8945 2 2 1 5 3417 6223 5385
8946 2 2 1 5 3914 7564 4479
8947 2 2 1 5 4953 6712 234
8948 2 2 1 5 2946 6320 1362
8949 2 2 1 5 2245 7745 2246
8950 2 2 1 5 1188 8114 1533
8951 2 2 1 5 2386 6709 259
8952 2 2 1 5 1534 7672 4186
8953 2 2 1 5 2348 7182 7181
8954 2 2 1 5 3055 4746 4745
8955 2 2 1 5 1662 8148 5087
8956 2 2 1 5 72 5143 5142
8957 2 2 1 5 4838 7442 3920
8958 2 2 1 5 79 6127 479
8959 2 2 1 5 4967 6766 2226
8960 2 2 1 5 3661 7952 4868
8961 2 2 1 5 1194 5068 3203
8962 2 2 1 5 5018 6446 3955
8963 2 2 1 5 3592 7503 5537
8964 2 2 1 5 5145 6288 3386
8965 2 2 1 5 2633 6780 527
8966 2 2 1 5 2192 6256 1301
8967 2 2 1 5 3358 7681 3689
8968 2 2 1 5 4235 4384 3127
8969 2 2 1 5 5128 6727 3496
8970 2 2 1 5 3589 8319 3897
8971 2 2 1 5 5023 8571 192
8972 2 2 1 5 1750 4836 1092
8973 2 2 1 5 4892 6043 3372
8974 2 2 1 5 4767 6885 1731
8975 2 2 1 5 1682 5007 474
8976 2 2 1 5 6404 7641 4573
8977 2 2 1 5 4681 7648 6871
8978 2 2 1 5 2414 7273 4880
8979 2 2 1 5 2741 4668 2990
8980 2 2 1 5 1653 8497 2811
8981 2 2 1 5 2217 8431 4861
8982 2 2 1 5 5556 5584 3531
8983 2 2 1 5 2214 6037 2215
8984 2 2 1 5 1472 5871 811
8985 2 2 1 5 2978 8315 2764
8986 2 2 1 5 4213 5818 3568
8987 2 2 1 5 8168 8366 4632
8988 2 2 1 5 3511 8201 5278
8989 2 2 1 5 308 7683 4273
8990 2 2 1 5 467 6305 466
8991 2 2 1 5 3478 6229 5365
8992 2 2 1 5 4265 8228 2449
8993 2 2 1 5 3567 6793 5977
8994 2 2 1 5 4835 6514 3617
8995 2 2 1 5 1379 6959 4799
8996 2 2 1 5 4044 5832 3152
8997 2 2 1 5 1005 8223 5160
8998 2 2 1 5 3224 6578 4638
8999 2 2 1 5 3291 8346 7051
9000 2 2 1 5 1357 7856 677
9001 2 2 1 5 4394 4612 2507
9002 2 2 1 5 5090 6311 3257
9003 2 2 1 5 4401 7091 3282
9004 2 2 1 5 4027 7863 4743
9005 2 2 1 5 3997 6489 5388
9006 2 2 1 5 1353 8229 4692
9007 2 2 1 5 4878 8605 4543
9008 2 2 1 5 3498 7197 4841
9009 2 2 1 5 6406 7870 3869
9010 2 2 1 5 5176 7020 4039
9011 2 2 1 5 2164 6814 4501
9012 2 2 1 5 4253 6463 4015
9013 2 2 1 5 4727 7598 3840
9014 2 2 1 5 3224 7095 4730
9015 2 2 1 5 733 6034 851
9016 2 2 1 5 2332 6583 219
9017 2 2 1 5 3515 7066 2259
9018 2 2 1 5 3120 6629 4747
9019 2 2 1 5 4323 8453 16
9020 2 2 1 5 2552 8177 5921
9021 2 2 1 5 1858 6031 2689
9022 2 2 1 5 5009 7062 1976
9023 2 2 1 5 5749 7129 3109
9024 2 2 1 5 1996 7276 431
9025 2 2 1 5 5233 6862 3562
9026 2 2 1 5 1065 8147 4752
9027 2 2 1 5 4580 7058 3785
9028 2 2 1 5 5064 6583 3363
9029 2 2 1 5 2410 6194 1450
9030 2 2 1 5 5194 8166 4592
9031 2 2 1 5 6555 7018 4202
9032 2 2 1 5 2099 6108 4045
9033 2 2 1 5 194 6736 2307
9034 2 2 1 5 3180 8301 2647
9035 2 2 1 5 6394 7936 74
9036 2 2 1 5 6168 8047 4338
9037 2 2 1 5 3518 8269 5262
9038 2 2 1 5 4902 7823 6024
9039 2 2 1 5 5872 6502 1626
9040 2 2 1 5 1815 7215 139
9041 2 2 1 5 5082 5083 3268
9042 2 2 1 5 4736 6715 5777
9043 2 2 1 5 4137 5731 1870
9044 2 2 1 5 5535 7179 4009
9045 2 2 1 5 500 5825 1221
9046 2 2 1 5 3598 6907 5534
9047 2 2 1 5 2357 8133 2356
9048 2 2 1 5 4176 4629 3285
9049 2 2 1 5 3962 7157 4524
9050 2 2 1 5 2291 6727 5128
9051 2 2 1 5 3105 7542 5521
9052 2 2 1 5 5182 8204 1804
9053 2 2 1 5 693 4410 692
9054 2 2 1 5 1881 6693 1882
9055 2 2 1 5 4851 6330 3220
9056 2 2 1 5 1771 6986 6640
9057 2 2 1 5 4724 6157 3738
9058 2 2 1 5 1108 7089 5333
9059 2 2 1 5 7179 8552 4009
9060 2 2 1 5 1039 6125 2059
9061 2 2 1 5 4901 7359 4595
9062 2 2 1 5 3578 6005 3777
9063 2 2 1 5 4841 6542 3498
9064 2 2 1 5 2129 7069 5992
9065 2 2 1 5 5147 5971 2528
9066 2 2 1 5 5664 6193 1032
9067 2 2 1 5 278 6044 5112
9068 2 2 1 5 2587 7655 1957
9069 2 2 1 5 1356 5016 2707
9070 2 2 1 5 2472 6489 4927
9071 2 2 1 5 4373 7752 7593
9072 2 2 1 5 64 6076 4384
9073 2 2 1 5 3452 5545 3133
9074 2 2 1 5 3144 6382 4151
9075 2 2 1 5 6143 6975 2608
9076 2 2 1 5 1381 6357 5238
9077 2 2 1 5 5061 7774 3097
9078 2 2 1 5 377 6260 39
9079 2 2 1 5 1156 8513 1106
9080 2 2 1 5 4247 6864 3532
9081 2 2 1 5 2178 6319 4457
9082 2 2 1 5 4642 7891 3808
9083 2 2 1 5 4399 7240 3174
9084 2 2 1 5 5506 5952 3392
9085 2 2 1 5 3904 7839 4785
9086 2 2 1 5 2260 7536 4203
9087 2 2 1 5 3526 6971 4857
9088 2 2 1 5 4695 5702 2313
9089 2 2 1 5 874 4491 766
9090 2 2 1 5 4838 8146 637
9091 2 2 1 5 5199 6434 6378
9092 2 2 1 5 5915 6876 3854
9093 2 2 1 5 3993 7403 5978
9094 2 2 1 5 5987 8024 1225
9095 2 2 1 5 1137 6867 6219
9096 2 2 1 5 5175 5471 3696
9097 2 2 1 5 5701 7913 4345
9098 2 2 1 5 2884 6467 6466
9099 2 2 1 5 6587 8164 1445
9100 2 2 1 5 5449 5450 3472
9101 2 2 1 5 6670 6959 3801
9102 2 2 1 5 2851 4894 3976
9103 2 2 1 5 2235 6933 2210
9104 2 2 1 5 6307 7723 3708
9105 2 2 1 5 5200 7204 1069
9106 2 2 1 5 4821 6734 3773
9107 2 2 1 5 2861 6831 4470
9108 2 2 1 5 207 5645 208
9109 2 2 1 5 7495 8510 2171
9110 2 2 1 5 4571 8101 4221
9111 2 2 1 5 3973 6951 4904
9112 2 2 1 5 3228 7674 4966
9113 2 2 1 5 2081 8132 40
9114 2 2 1 5 4669 8379 7361
9115 2 2 1 5 5271 8320 2717
9116 2 2 1 5 3534 5785 4242
9117 2 2 1 5 2264 6886 1330
9118 2 2 1 5 4092 8303 3079
9119 2 2 1 5 7056 7868 3863
9120 2 2 1 5 2181 5685 130
9121 2 2 1 5 719 8496 718
9122 2 2 1 5 4021 8108 5258
9123 2 2 1 5 65 8444 2622
9124 2 2 1 5 4350 6881 5632
9125 2 2 1 5 2155 7956 4457
9126 2 2 1 5 4854 6607 1351
9127 2 2 1 5 6191 7837 28
9128 2 2 1 5 5660 7978 5679
9129 2 2 1 5 3253 7843 5890
9130 2 2 1 5 5685 8405 123
9131 2 2 1 5 1586 8254 996
9132 2 2 1 5 3149 6372 4109
9133 2 2 1 5 202 6325 2316
9134 2 2 1 5 7543 7544 3165
9135 2 2 1 5 5737 7957 3252
9136 2 2 1 5 5105 5621 2003
9137 2 2 1 5 2549 8408 3992
9138 2 2 1 5 2271 7148 6797
9139 2 2 1 5 389 6987 1170
9140 2 2 1 5 2590 5574 1963
9141 2 2 1 5 5486 7232 3516
9142 2 2 1 5 3302 7044 4925
9143 2 2 1 5 3440 5958 4548
9144 2 2 1 5 4609 7755 3198
9145 2 2 1 5 2376 6374 2362
9146 2 2 1 5 5329 7195 236
9147 2 2 1 5 5539 5540 755
9148 2 2 1 5 2449 7213 4265
9149 2 2 1 5 1767 6715 608
9150 2 2 1 5 1147 7300 6565
9151 2 2 1 5 2236 5762 162
9152 2 2 1 5 2687 6718 5897
9153 2 2 1 5 485 5558 5557
9154 2 2 1 5 528 7925 4985
9155 2 2 1 5 1917 6988 2569
9156 2 2 1 5 2080 6376 3150
9157 2 2 1 5 4102 7808 2804
9158 2 2 1 5 4215 5528 4432
9159 2 2 1 5 4308 7525 1498
9160 2 2 1 5 482 6622 1694
9161 2 2 1 5 6800 7404 3301
9162 2 2 1 5 2810 5684 5161
9163 2 2 1 5 1818 5686 2516
9164 2 2 1 5 5481 6509 1526
9165 2 2 1 5 5298 5476 3481
9166 2 2 1 5 5292 5448 1274
9167 2 2 1 5 4527 7004 3088
9168 2 2 1 5 401 6143 2608
9169 2 2 1 5 1769 5783 1791
9170 2 2 1 5 4545 7150 4867
9171 2 2 1 5 1817 6556 4620
9172 2 2 1 5 1624 6336 5258
9173 2 2 1 5 373 6487 5881
9174 2 2 1 5 1394 7373 205
9175 2 2 1 5 5020 6864 2328
9176 2 2 1 5 3815 7616 1402
9177 2 2 1 5 5026 8201 4462
9178 2 2 1 5 3249 6639 5138
9179 2 2 1 5 3376 5295 4633
9180 2 2 1 5 4758 8144 521
9181 2 2 1 5 4955 6316 2746
9182 2 2 1 5 4610 4899 3426
9183 2 2 1 5 5378 6833 3179
9184 2 2 1 5 6955 6956 1358
9185 2 2 1 5 3156 8109 7332
9186 2 2 1 5 5904 7110 196
9187 2 2 1 5 926 7656 4912
9188 2 2 1 5 7128 7719 2092
9189 2 2 1 5 3616 8046 4895
9190 2 2 1 5 4626 8236 6117
9191 2 2 1 5 4825 6933 2235
9192 2 2 1 5 4640 7791 1344
9193 2 2 1 5 2207 5785 5014
9194 2 2 1 5 2215 6037 5472
9195 2 2 1 5 815 5371 814
9196 2 2 1 5 6565 7300 3402
9197 2 2 1 5 2786 5828 2037
9198 2 2 1 5 2143 6967 3743
9199 2 2 1 5 597 6445 2670
9200 2 2 1 5 4285 8594 6202
9201 2 2 1 5 1545 6534 2028
9202 2 2 1 5 3879 7130 7129
9203 2 2 1 5 4722 7260 3311
9204 2 2 1 5 5082 7462 3470
9205 2 2 1 5 5044 6714 986
9206 2 2 1 5 2255 7307 2256
9207 2 2 1 5 4079 6392 3501
9208 2 2 1 5 6149 6875 3800
9209 2 2 1 5 4048 6950 5776
9210 2 2 1 5 2199 7215 5265
9211 2 2 1 5 4690 8295 3673
9212 2 2 1 5 5069 8441 4505
9213 2 2 1 5 6543 7239 1856
9214 2 2 1 5 617 8516 5771
9215 2 2 1 5 2490 4890 4165
9216 2 2 1 5 3096 7293 7084
9217 2 2 1 5 4812 8415 7523
9218 2 2 1 5 1850 5935 2962
9219 2 2 1 5 5575 5576 488
9220 2 2 1 5 1877 7056 2302
9221 2 2 1 5 629 6413 529
9222 2 2 1 5 1827 5718 1829
9223 2 2 1 5 3223 8280 4777
9224 2 2 1 5 6495 7639 1706
9225 2 2 1 5 2514 7215 1815
9226 2 2 1 5 5036 6628 681
9227 2 2 1 5 9 6271 10
9228 2 2 1 5 1457 6245 274
9229 2 2 1 5 4992 5742 2006
9230 2 2 1 5 5786 7560 3100
9231 2 2 1 5 3457 7981 5452
9232 2 2 1 5 4329 4414 612
9233 2 2 1 5 5887 5888 3211
9234 2 2 1 5 4530 8565 113
9235 2 2 1 5 3768 4990 2322
9236 2 2 1 5 3706 5335 2909
9237 2 2 1 5 165 5865 2244
9238 2 2 1 5 2156 5819 1267
9239 2 2 1 5 5909 6197 3170
9240 2 2 1 5 4839 6886 2264
9241 2 2 1 5 4149 7964 3127
9242 2 2 1 5 1436 7051 6783
9243 2 2 1 5 1346 5634 2288
9244 2 2 1 5 3203 5068 5067
9245 2 2 1 5 3841 6562 5500
9246 2 2 1 5 7674 7722 4966
9247 2 2 1 5 2236 7440 5762
9248 2 2 1 5 5509 5611 3738
9249 2 2 1 5 6581 7148 4234
9250 2 2 1 5 1488 5595 2768
9251 2 2 1 5 2099 6129 58
9252 2 2 1 5 2836 8593 2837
9253 2 2 1 5 2225 5592 2233
9254 2 2 1 5 410 8183 3486
9255 2 2 1 5 1240 5992 523
9256 2 2 1 5 1166 7197 5035
9257 2 2 1 5 5140 6819 3477
9258 2 2 1 5 4228 5177 2104
9259 2 2 1 5 3324 6910 6486
9260 2 2 1 5 2730 7047 694
9261 2 2 1 5 610 4505 4502
9262 2 2 1 5 1406 8295 1973
9263 2 2 1 5 3547 5322 5218
9264 2 2 1 5 1882 8064 1881
9265 2 2 1 5 3593 7504 5104
9266 2 2 1 5 626 5400 2676
9267 2 2 1 5 4140 7411 156
9268 2 2 1 5 1217 6664 1216
9269 2 2 1 5 6171 8206 6759
9270 2 2 1 5 4455 8182 5323
9271 2 2 1 5 3511 5278 1387
9272 2 2 1 5 4719 7704 3832
9273 2 2 1 5 6938 7262 3139
9274 2 2 1 5 2147 7760 105
9275 2 2 1 5 5172 5239 4993
9276 2 2 1 5 4896 7125 3151
9277 2 2 1 5 4196 7930 5522
9278 2 2 1 5 8012 8013 3519
9279 2 2 1 5 5463 6815 4614
9280 2 2 1 5 3703 8239 2577
9281 2 2 1 5 4202 7018 4663
9282 2 2 1 5 5306 5429 1948
9283 2 2 1 5 5757 5936 2276
9284 2 2 1 5 648 5690 4551
9285 2 2 1 5 3524 7545 4676
9286 2 2 1 5 387 7370 386
9287 2 2 1 5 5769 7924 4277
9288 2 2 1 5 4515 6678 121
9289 2 2 1 5 3422 5909 2602
9290 2 2 1 5 940 4637 4606
9291 2 2 1 5 1498 5544 3512
9292 2 2 1 5 4618 6373 2159
9293 2 2 1 5 4792 7694 3164
9294 2 2 1 5 3488 6011 5153
9295 2 2 1 5 3147 6137 5624
9296 2 2 1 5 2088 4775 4307
9297 2 2 1 5 2939 5917 2938
9298 2 2 1 5 3289 4856 4800
9299 2 2 1 5 5199 8400 3191
9300 2 2 1 5 3607 6535 5080
9301 2 2 1 5 565 6618 3597
9302 2 2 1 5 2846 6525 2664
9303 2 2 1 5 5467 8170 1266
9304 2 2 1 5 2789 7784 4933
9305 2 2 1 5 5926 8004 3742
9306 2 2 1 5 2634 7925 528
9307 2 2 1 5 7467 7623 3779
9308 2 2 1 5 3001 7609 3000
9309 2 2 1 5 4161 7190 5743
9310 2 2 1 5 4910 6434 3191
9311 2 2 1 5 5835 6972 1247
9312 2 2 1 5 5977 6793 1898
9313 2 2 1 5 1888 6789 4435
9314 2 2 1 5 4826 5961 2286
9315 2 2 1 5 5614 5708 3485
9316 2 2 1 5 3859 5319 5318
9317 2 2 1 5 3143 7204 5200
9318 2 2 1 5 3615 6963 5704
9319 2 2 1 5 364 5643 1144
9320 2 2 1 5 635 6379 5318
9321 2 2 1 5 1442 6964 5280
9322 2 2 1 5 417 6669 416
9323 2 2 1 5 3307 6854 5808
9324 2 2 1 5 3322 6563 5331
9325 2 2 1 5 6883 8121 4987
9326 2 2 1 5 3550 5965 5857
9327 2 2 1 5 5382 7480 3292
9328 2 2 1 5 2787 6217 342
9329 2 2 1 5 220 6092 2333
9330 2 2 1 5 1427 6470 720
9331 2 2 1 5 4254 7522 98
9332 2 2 1 5 1630 6502 5872
9333 2 2 1 5 2965 3718 1557
9334 2 2 1 5 2112 6509 5986
9335 2 2 1 5 2561 8206 1900
9336 2 2 1 5 4991 6236 14
9337 2 2 1 5 5175 8002 2584
9338 2 2 1 5 2023 6669 4999
9339 2 2 1 5 5746 7230 3091
9340 2 2 1 5 4999 6669 417
9341 2 2 1 5 4506 8380 847
9342 2 2 1 5 7385 8318 4869
9343 2 2 1 5 6155 8527 4650
9344 2 2 1 5 6621 8284 1801
9345 2 2 1 5 3625 8039 5770
9346 2 2 1 5 2644 6432 4187
9347 2 2 1 5 1170 5618 389
9348 2 2 1 5 6454 8174 3901
9349 2 2 1 5 1955 7386 5976
9350 2 2 1 5 4684 6097 1393
9351 2 2 1 5 4558 8090 2745
9352 2 2 1 5 5398 8409 4252
9353 2 2 1 5 1763 8475 7813
9354 2 2 1 5 5178 8317 3305
9355 2 2 1 5 4709 5750 3432
9356 2 2 1 5 1303 6288 5145
9357 2 2 1 5 6386 6845 3707
9358 2 2 1 5 2876 8600 3930
9359 2 2 1 5 1900 8206 7846
9360 2 2 1 5 535 6521 1460
9361 2 2 1 5 5296 7027 119
9362 2 2 1 5 3400 6646 4238
9363 2 2 1 5 3547 5218 321
9364 2 2 1 5 4099 4951 3438
9365 2 2 1 5 4309 6971 5997
9366 2 2 1 5 192 8188 191
9367 2 2 1 5 5033 8461 3057
9368 2 2 1 5 3347 6892 5851
9369 2 2 1 5 317 5699 4456
9370 2 2 1 5 4004 6774 113
9371 2 2 1 5 6622 8264 1694
9372 2 2 1 5 4284 7951 805
9373 2 2 1 5 7 6554 25
9374 2 2 1 5 8151 8380 4506
9375 2 2 1 5 8254 8255 996
9376 2 2 1 5 2516 7295 1819
9377 2 2 1 5 1310 7432 4379
9378 2 2 1 5 2704 5768 3952
9379 2 2 1 5 1106 8513 6277
9380 2 2 1 5 6220 6691 3483
9381 2 2 1 5 6463 7211 4015
9382 2 2 1 5 3849 8371 5151
9383 2 2 1 5 4251 7320 2387
9384 2 2 1 5 5532 6858 5236
9385 2 2 1 5 3893 6171 2281
9386 2 2 1 5 5943 6943 1483
9387 2 2 1 5 3114 5765 5285
9388 2 2 1 5 5073 6523 3299
9389 2 2 1 5 3248 6667 3406
9390 2 2 1 5 4892 6449 4433
9391 2 2 1 5 6194 8102 4015
9392 2 2 1 5 1649 5479 1650
9393 2 2 1 5 2265 5925 1868
9394 2 2 1 5 2305 5617 2716
9395 2 2 1 5 270 5838 268
9396 2 2 1 5 2883 5915 3854
9397 2 2 1 5 909 5457 324
9398 2 2 1 5 1997 7059 946
9399 2 2 1 5 302 6421 5822
9400 2 2 1 5 6446 8036 4296
9401 2 2 1 5 1801 8284 2508
9402 2 2 1 5 2161 6814 5292
9403 2 2 1 5 7606 8515 3238
9404 2 2 1 5 647 8545 4789
9405 2 2 1 5 4722 6658 637
9406 2 2 1 5 7790 8009 1979
9407 2 2 1 5 6526 7257 3160
9408 2 2 1 5 2654 7748 6233
9409 2 2 1 5 5171 7855 679
9410 2 2 1 5 112 7021 5912
9411 2 2 1 5 3668 7113 5401
9412 2 2 1 5 2656 7578 6560
9413 2 2 1 5 1513 7198 4217
9414 2 2 1 5 2696 4693 4631
9415 2 2 1 5 5066 6693 2546
9416 2 2 1 5 5221 7561 1546
9417 2 2 1 5 2818 6716 461
9418 2 2 1 5 2844 6121 5730
9419 2 2 1 5 5734 8453 3196
9420 2 2 1 5 530 7532 3641
9421 2 2 1 5 3632 6717 5810
9422 2 2 1 5 4992 6483 3125
9423 2 2 1 5 5484 6307 3708
9424 2 2 1 5 2512 5422 1808
9425 2 2 1 5 4982 5594 787
9426 2 2 1 5 3692 7963 5673
9427 2 2 1 5 2307 6736 4828
9428 2 2 1 5 3768 7700 4279
9429 2 2 1 5 2623 6625 5383
9430 2 2 1 5 170 8222 2696
9431 2 2 1 5 3673 8295 1406
9432 2 2 1 5 3440 6096 5958
9433 2 2 1 5 365 5643 364
9434 2 2 1 5 5858 6867 1137
9435 2 2 1 5 2659 8318 3814
9436 2 2 1 5 3167 5813 2862
9437 2 2 1 5 1838 6198 1836
9438 2 2 1 5 1893 6403 2558
9439 2 2 1 5 5281 5282 272
9440 2 2 1 5 3408 7010 5205
9441 2 2 1 5 5882 7704 2149
9442 2 2 1 5 1804 6429 5182
9443 2 2 1 5 3835 8377 8150
9444 2 2 1 5 4207 8077 4110
9445 2 2 1 5 4126 6506 1307
9446 2 2 1 5 2477 7863 4808
9447 2 2 1 5 1459 7663 1403
9448 2 2 1 5 1997 5169 1533
9449 2 2 1 5 7115 8436 3543
9450 2 2 1 5 5537 7503 3507
9451 2 2 1 5 1602 5674 5673
9452 2 2 1 5 5591 7981 3457
9453 2 2 1 5 8 7797 9
9454 2 2 1 5 2595 7677 4537
9455 2 2 1 5 7983 8295 3435
9456 2 2 1 5 4577 6050 147
9457 2 2 1 5 4507 7968 2619
9458 2 2 1 5 4443 6746 695
9459 2 2 1 5 4994 6649 3210
9460 2 2 1 5 5820 7235 3448
9461 2 2 1 5 2921 4883 2920
9462 2 2 1 5 3957 7646 4889
9463 2 2 1 5 10 7233 1136
9464 2 2 1 5 2351 4953 2352
9465 2 2 1 5 5164 5859 1401
9466 2 2 1 5 1962 6456 5173
9467 2 2 1 5 2262 8566 6155
9468 2 2 1 5 113 6358 4530
9469 2 2 1 5 4773 8501 691
9470 2 2 1 5 99 6215 98
9471 2 2 1 5 794 6025 1465
9472 2 2 1 5 1701 7749 4578
9473 2 2 1 5 2114 8100 77
9474 2 2 1 5 654 6457 4976
9475 2 2 1 5 4576 6661 2390
9476 2 2 1 5 5196 5593 3584
9477 2 2 1 5 6505 7861 4549
9478 2 2 1 5 3992 6693 5066
9479 2 2 1 5 4361 7398 1759
9480 2 2 1 5 501 4905 442
9481 2 2 1 5 2303 7088 190
9482 2 2 1 5 3647 8598 6891
9483 2 2 1 5 3573 6208 4431
9484 2 2 1 5 5199 6330 3482
9485 2 2 1 5 3505 6461 6074
9486 2 2 1 5 2985 4223 3514
9487 2 2 1 5 4942 7666 5672
9488 2 2 1 5 428 6491 429
9489 2 2 1 5 2393 6104 269
9490 2 2 1 5 3996 7902 1792
9491 2 2 1 5 7144 7193 4997
9492 2 2 1 5 278 6473 4955
9493 2 2 1 5 5522 7930 1753
9494 2 2 1 5 580 7760 2147
9495 2 2 1 5 4545 4867 2479
9496 2 2 1 5 3987 5756 5755
9497 2 2 1 5 6136 6724 3287
9498 2 2 1 5 3372 5816 5110
9499 2 2 1 5 4978 7109 3480
9500 2 2 1 5 3716 7148 6581
9501 2 2 1 5 2843 6027 5732
9502 2 2 1 5 2252 7892 7466
9503 2 2 1 5 6739 7528 1156
9504 2 2 1 5 6344 6345 3045
9505 2 2 1 5 4915 7666 3189
9506 2 2 1 5 4696 7974 3961
9507 2 2 1 5 1626 6501 2470
9508 2 2 1 5 630 1258 631
9509 2 2 1 5 5375 8588 8268
9510 2 2 1 5 2070 6589 6212
9511 2 2 1 5 1635 8069 6292
9512 2 2 1 5 5751 5752 971
9513 2 2 1 5 5270 8474 4344
9514 2 2 1 5 3437 7238 4516
9515 2 2 1 5 2131 6773 5201
9516 2 2 1 5 4808 8175 3172
9517 2 2 1 5 2447 5632 54
9518 2 2 1 5 5330 7327 4089
9519 2 2 1 5 5553 6937 4357
9520 2 2 1 5 3583 8073 4852
9521 2 2 1 5 4859 8420 2983
9522 2 2 1 5 1963 7303 4707
9523 2 2 1 5 6397 8230 3874
9524 2 2 1 5 3436 5803 5089
9525 2 2 1 5 1866 6685 4226
9526 2 2 1 5 3236 7225 5033
9527 2 2 1 5 2394 6794 5321
9528 2 2 1 5 1452 4283 4282
9529 2 2 1 5 109 6167 583
9530 2 2 1 5 1155 6216 1610
9531 2 2 1 5 2709 7908 6146
9532 2 2 1 5 2354 7952 2353
9533 2 2 1 5 5762 7440 1343
9534 2 2 1 5 2544 7061 1877
9535 2 2 1 5 5110 6449 3372
9536 2 2 1 5 2603 5312 1637
9537 2 2 1 5 5191 7857 5545
9538 2 2 1 5 2470 5795 1627
9539 2 2 1 5 148 8431 5419
9540 2 2 1 5 4973 8433 4190
9541 2 2 1 5 1506 7348 834
9542 2 2 1 5 3473 6311 5090
9543 2 2 1 5 4703 5311 1044
9544 2 2 1 5 2957 7176 4706
9545 2 2 1 5 2176 6855 4065
9546 2 2 1 5 1167 5796 2068
9547 2 2 1 5 1290 6989 5108
9548 2 2 1 5 5944 7448 2864
9549 2 2 1 5 5262 8269 5762
9550 2 2 1 5 5105 6497 3872
9551 2 2 1 5 3175 8202 4352
9552 2 2 1 5 2090 8282 5815
9553 2 2 1 5 2110 8567 73
9554 2 2 1 5 2768 7991 5167
9555 2 2 1 5 2286 5961 4542
9556 2 2 1 5 3319 5077 4360
9557 2 2 1 5 5449 6179 3950
9558 2 2 1 5 1175 8497 1653
9559 2 2 1 5 6196 8143 4576
9560 2 2 1 5 4803 7783 5106
9561 2 2 1 5 2708 5060 2707
9562 2 2 1 5 2373 7281 3446
9563 2 2 1 5 5105 5627 773
9564 2 2 1 5 4803 5106 3246
9565 2 2 1 5 4688 6256 2562
9566 2 2 1 5 3189 7666 4942
9567 2 2 1 5 2160 6178 1273
9568 2 2 1 5 2313 5702 199
9569 2 2 1 5 2274 6008 177
9570 2 2 1 5 525 6274 5735
9571 2 2 1 5 1704 6246 1720
9572 2 2 1 5 2317 7603 2316
9573 2 2 1 5 4519 5905 2898
9574 2 2 1 5 5229 5641 3375
9575 2 2 1 5 2521 5930 2916
9576 2 2 1 5 4589 5769 1896
9577 2 2 1 5 1930 5498 226
9578 2 2 1 5 77 8100 788
9579 2 2 1 5 3268 7102 4940
9580 2 2 1 5 1768 7864 7482
9581 2 2 1 5 351 6669 2023
9582 2 2 1 5 6145 8187 376
9583 2 2 1 5 5565 6482 3391
9584 2 2 1 5 2343 7342 1391
9585 2 2 1 5 190 5994 2302
9586 2 2 1 5 5258 5908 1624
9587 2 2 1 5 2488 8171 4986
9588 2 2 1 5 3295 8561 5010
9589 2 2 1 5 3457 6948 5064
9590 2 2 1 5 6008 7785 177
9591 2 2 1 5 4353 8215 7424
9592 2 2 1 5 4561 7242 4070
9593 2 2 1 5 4591 6849 3317
9594 2 2 1 5 2471 6538 1629
9595 2 2 1 5 4238 6646 1488
9596 2 2 1 5 5201 6773 2134
9597 2 2 1 5 4697 7000 3626
9598 2 2 1 5 1883 7141 4761
9599 2 2 1 5 7332 8109 4250
9600 2 2 1 5 3267 6072 2078
9601 2 2 1 5 3405 7891 4642
9602 2 2 1 5 1698 5857 1697
9603 2 2 1 5 2505 5243 4919
9604 2 2 1 5 2476 6538 1637
9605 2 2 1 5 277 7638 721
9606 2 2 1 5 1935 6586 2866
9607 2 2 1 5 4810 6373 3186
9608 2 2 1 5 4822 7918 3169
9609 2 2 1 5 5820 6293 1834
9610 2 2 1 5 4940 7102 1146
9611 2 2 1 5 4332 6385 3178
9612 2 2 1 5 3641 6633 3642
9613 2 2 1 5 5851 5852 3347
9614 2 2 1 5 2538 6685 1866
9615 2 2 1 5 3239 5601 5600
9616 2 2 1 5 3691 8273 1910
9617 2 2 1 5 5377 5560 2685
9618 2 2 1 5 3337 8033 4497
9619 2 2 1 5 3091 7232 5486
9620 2 2 1 5 3381 7144 4997
9621 2 2 1 5 6130 6578 3446
9622 2 2 1 5 1674 6324 1672
9623 2 2 1 5 3358 7022 6145
9624 2 2 1 5 2677 5552 5474
9625 2 2 1 5 2346 5547 1964
9626 2 2 1 5 2876 7638 4397
9627 2 2 1 5 3146 8113 5624
9628 2 2 1 5 602 7175 2665
9629 2 2 1 5 5045 7287 3279
9630 2 2 1 5 4354 8120 5644
9631 2 2 1 5 6823 8113 3146
9632 2 2 1 5 3430 7564 7321
9633 2 2 1 5 3575 6221 5567
9634 2 2 1 5 8251 8252 2318
9635 2 2 1 5 1123 6686 3013
9636 2 2 1 5 4885 6459 2097
9637 2 2 1 5 157 5946 1108
9638 2 2 1 5 4002 8278 6642
9639 2 2 1 5 251 7843 1413
9640 2 2 1 5 1162 8559 6748
9641 2 2 1 5 1841 7457 2529
9642 2 2 1 5 2562 6256 1901
9643 2 2 1 5 4761 7927 3875
9644 2 2 1 5 4976 6457 3515
9645 2 2 1 5 2271 8423 2272
9646 2 2 1 5 5806 6117 1584
9647 2 2 1 5 2006 5742 891
9648 2 2 1 5 2082 7676 4143
9649 2 2 1 5 2233 6969 2225
9650 2 2 1 5 6071 6905 2040
9651 2 2 1 5 1799 5856 148
9652 2 2 1 5 4006 7572 6289
9653 2 2 1 5 3448 7235 6152
9654 2 2 1 5 1195 6069 4987
9655 2 2 1 5 3281 7385 4869
9656 2 2 1 5 4516 7837 3437
9657 2 2 1 5 5644 8120 4424
9658 2 2 1 5 2825 6780 4097
9659 2 2 1 5 2934 6272 1926
9660 2 2 1 5 4556 7136 133
9661 2 2 1 5 142 7526 6180
9662 2 2 1 5 4891 7034 1645
9663 2 2 1 5 3480 5903 4887
9664 2 2 1 5 1753 7930 6915
9665 2 2 1 5 6399 7765 255
9666 2 2 1 5 5027 8139 292
9667 2 2 1 5 5766 8139 5027
9668 2 2 1 5 2665 7600 602
9669 2 2 1 5 3186 6885 4767
9670 2 2 1 5 6171 6759 670
9671 2 2 1 5 1744 6912 1278
9672 2 2 1 5 5365 6229 3092
9673 2 2 1 5 4459 8335 1529
9674 2 2 1 5 416 6669 351
9675 2 2 1 5 3981 7272 5475
9676 2 2 1 5 2164 5526 116
9677 2 2 1 5 4565 8382 3595
9678 2 2 1 5 5067 5068 2621
9679 2 2 1 5 4841 7899 6542
9680 2 2 1 5 184 5378 3646
9681 2 2 1 5 4177 7022 6209
9682 2 2 1 5 4482 7149 1677
9683 2 2 1 5 5754 6984 3729
9684 2 2 1 5 3167 5391 4934
9685 2 2 1 5 5133 6019 1778
9686 2 2 1 5 3367 7140 5294
9687 2 2 1 5 5913 6665 3891
9688 2 2 1 5 5149 8070 2123
9689 2 2 1 5 4495 6529 6522
9690 2 2 1 5 4370 6026 2543
9691 2 2 1 5 3969 7119 6341
9692 2 2 1 5 956 5156 955
9693 2 2 1 5 3196 8453 5597
9694 2 2 1 5 5886 5887 3211
9695 2 2 1 5 6258 8314 1806
9696 2 2 1 5 3623 6844 6109
9697 2 2 1 5 3825 7362 2537
9698 2 2 1 5 612 6065 4329
9699 2 2 1 5 4921 6011 3488
9700 2 2 1 5 5025 7619 2583
9701 2 2 1 5 241 5822 2366
9702 2 2 1 5 4272 6177 5310
9703 2 2 1 5 6775 6861 300
9704 2 2 1 5 860 7446 896
9705 2 2 1 5 3140 7113 3668
9706 2 2 1 5 2639 5341 4371
9707 2 2 1 5 4166 7135 3119
9708 2 2 1 5 2159 6178 2160
9709 2 2 1 5 6209 7022 1610
9710 2 2 1 5 4863 6580 776
9711 2 2 1 5 6076 6993 1650
9712 2 2 1 5 7251 7254 7250
9713 2 2 1 5 1610 6216 6209
9714 2 2 1 5 2858 6955 2283
9715 2 2 1 5 5836 7023 2218
9716 2 2 1 5 4281 8280 3223
9717 2 2 1 5 5529 6958 2690
9718 2 2 1 5 619 7044 4773
9719 2 2 1 5 1597 8569 4476
9720 2 2 1 5 565 4686 4294
9721 2 2 1 5 3064 7103 5111
9722 2 2 1 5 7612 7613 1941
9723 2 2 1 5 144 6379 635
9724 2 2 1 5 5138 6615 3061
9725 2 2 1 5 1172 7045 6575
9726 2 2 1 5 6152 8095 3448
9727 2 2 1 5 5285 5765 3115
9728 2 2 1 5 5287 6911 2855
9729 2 2 1 5 1351 6607 5363
9730 2 2 1 5 2708 6831 5060
9731 2 2 1 5 3561 7458 4981
9732 2 2 1 5 5350 6417 2731
9733 2 2 1 5 2081 6806 4210
9734 2 2 1 5 3446 6578 5948
9735 2 2 1 5 4086 6183 2588
9736 2 2 1 5 1819 7295 5034
9737 2 2 1 5 6382 8250 7990
9738 2 2 1 5 3919 7929 4746
9739 2 2 1 5 4917 8561 3295
9740 2 2 1 5 2261 6386 2260
9741 2 2 1 5 6146 6831 2708
9742 2 2 1 5 5350 8152 3824
9743 2 2 1 5 5018 7538 5749
9744 2 2 1 5 5134 7994 3433
9745 2 2 1 5 7831 8505 3415
9746 2 2 1 5 8013 8015 3519
9747 2 2 1 5 3562 8606 5233
9748 2 2 1 5 3661 7894 5329
9749 2 2 1 5 1390 6056 1111
9750 2 2 1 5 337 6686 1123
9751 2 2 1 5 6229 7761 3092
9752 2 2 1 5 2153 8170 4365
9753 2 2 1 5 3762 5703 4797
9754 2 2 1 5 3552 7066 6457
9755 2 2 1 5 5016 7535 2707
9756 2 2 1 5 2163 7127 4336
9757 2 2 1 5 71 5850 2107
9758 2 2 1 5 2466 7134 4485
9759 2 2 1 5 4198 6163 4197
9760 2 2 1 5 4144 6574 3160
9761 2 2 1 5 2673 5933 1334
9762 2 2 1 5 3774 7711 4750
9763 2 2 1 5 2185 8524 6931
9764 2 2 1 5 390 8354 6834
9765 2 2 1 5 4176 7603 4055
9766 2 2 1 5 6444 7053 1871
9767 2 2 1 5 3729 7230 5746
9768 2 2 1 5 4533 6837 343
9769 2 2 1 5 4882 7957 3921
9770 2 2 1 5 3470 7717 5082
9771 2 2 1 5 2638 8526 538
9772 2 2 1 5 3315 7063 4744
9773 2 2 1 5 5867 6983 3808
9774 2 2 1 5 2272 8423 5523
9775 2 2 1 5 7820 8004 5926
9776 2 2 1 5 3412 6513 4794
9777 2 2 1 5 4405 7211 2402
9778 2 2 1 5 5985 6614 2111
9779 2 2 1 5 2514 8314 6258
9780 2 2 1 5 4419 7625 6914
9781 2 2 1 5 789 7198 1513
9782 2 2 1 5 3083 6917 5477
9783 2 2 1 5 3922 7605 7431
9784 2 2 1 5 2255 5967 2693
9785 2 2 1 5 1365 5085 1814
9786 2 2 1 5 2051 5665 356
9787 2 2 1 5 682 7835 2869
9788 2 2 1 5 5376 5844 4149
9789 2 2 1 5 4648 6478 244
9790 2 2 1 5 26 7755 4609
9791 2 2 1 5 5370 6665 1707
9792 2 2 1 5 5097 5275 2120
9793 2 2 1 5 3192 6510 5636
9794 2 2 1 5 1625 7119 4896
9795 2 2 1 5 1333 8482 4465
9796 2 2 1 5 3580 6569 2209
9797 2 2 1 5 2036 6548 6547
9798 2 2 1 5 2353 6388 2354
9799 2 2 1 5 2548 5994 2549
9800 2 2 1 5 6341 7119 1086
9801 2 2 1 5 3660 4738 4018
9802 2 2 1 5 3240 6862 5233
9803 2 2 1 5 205 8245 4734
9804 2 2 1 5 5744 8459 3379
9805 2 2 1 5 5006 6777 4582
9806 2 2 1 5 628 6332 5302
9807 2 2 1 5 2253 8465 1321
9808 2 2 1 5 3151 7654 4896
9809 2 2 1 5 4012 7533 529
9810 2 2 1 5 3176 7604 5524
9811 2 2 1 5 3427 5988 5232
9812 2 2 1 5 4085 7188 5908
9813 2 2 1 5 1880 6900 1308
9814 2 2 1 5 4067 6549 49
9815 2 2 1 5 3705 6617 6615
9816 2 2 1 5 2312 7979 4915
9817 2 2 1 5 6647 6720 3591
9818 2 2 1 5 1542 6310 2427
9819 2 2 1 5 4455 7697 362
9820 2 2 1 5 1813 5085 1365
9821 2 2 1 5 743 7294 2750
9822 2 2 1 5 4774 6317 1228
9823 2 2 1 5 1962 6496 2590
9824 2 2 1 5 6068 7157 3962
9825 2 2 1 5 6175 6176 4312
9826 2 2 1 5 5185 5186 3449
9827 2 2 1 5 2619 5825 445
9828 2 2 1 5 3506 6606 3933
9829 2 2 1 5 4523 6745 2565
9830 2 2 1 5 164 5802 1352
9831 2 2 1 5 4995 6659 2191
9832 2 2 1 5 5667 6250 3666
9833 2 2 1 5 4388 7116 6091
9834 2 2 1 5 1421 6020 5220
9835 2 2 1 5 4664 6947 2021
9836 2 2 1 5 274 8198 1980
9837 2 2 1 5 1552 6464 2041
9838 2 2 1 5 6347 6348 6346
9839 2 2 1 5 2196 5753 1303
9840 2 2 1 5 1972 5999 1970
9841 2 2 1 5 5967 7126 5968
9842 2 2 1 5 4424 8120 5423
9843 2 2 1 5 5789 6666 3247
9844 2 2 1 5 6009 7721 3923
9845 2 2 1 5 776 6580 1455
9846 2 2 1 5 4316 7602 5494
9847 2 2 1 5 5313 5950 2005
9848 2 2 1 5 3610 6908 5459
9849 2 2 1 5 5712 5713 3471
9850 2 2 1 5 3172 7987 5440
9851 2 2 1 5 2749 7030 741
9852 2 2 1 5 1286 5836 5835
9853 2 2 1 5 1693 6515 5941
9854 2 2 1 5 6475 7294 1452
9855 2 2 1 5 5601 5756 4068
9856 2 2 1 5 3644 8119 4185
9857 2 2 1 5 3741 7684 3504
9858 2 2 1 5 63 8026 1652
9859 2 2 1 5 4139 7271 7128
9860 2 2 1 5 273 6250 1439
9861 2 2 1 5 3952 5768 3221
9862 2 2 1 5 2196 7289 137
9863 2 2 1 5 6668 6834 4119
9864 2 2 1 5 3776 7935 1407
9865 2 2 1 5 4504 7866 6257
9866 2 2 1 5 6430 7571 2744
9867 2 2 1 5 2148 5123 105
9868 2 2 1 5 5422 5753 2196
9869 2 2 1 5 3121 8495 5817
9870 2 2 1 5 6009 7735 2607
9871 2 2 1 5 7572 8468 6289
9872 2 2 1 5 7519 7921 1377
9873 2 2 1 5 2335 7965 222
9874 2 2 1 5 6115 6221 3575
9875 2 2 1 5 2494 5862 2493
9876 2 2 1 5 1833 6294 5373
9877 2 2 1 5 6317 6742 1227
9878 2 2 1 5 2506 6724 4348
9879 2 2 1 5 5212 8073 2739
9880 2 2 1 5 2248 6249 4650
9881 2 2 1 5 7323 7445 1756
9882 2 2 1 5 1440 6707 2413
9883 2 2 1 5 4966 7845 2501
9884 2 2 1 5 3077 7431 7123
9885 2 2 1 5 1708 6356 2826
9886 2 2 1 5 2356 7387 237
9887 2 2 1 5 3204 6560 5882
9888 2 2 1 5 5586 6381 357
9889 2 2 1 5 3537 6294 6293
9890 2 2 1 5 4353 6546 6542
9891 2 2 1 5 7035 7343 2700
9892 2 2 1 5 2632 7970 527
9893 2 2 1 5 3961 7512 4696
9894 2 2 1 5 4065 6980 2176
9895 2 2 1 5 527 8317 2632
9896 2 2 1 5 794 1466 2409
9897 2 2 1 5 6011 7862 1375
9898 2 2 1 5 2424 6416 4017
9899 2 2 1 5 5279 6990 3180
9900 2 2 1 5 3361 7017 5005
9901 2 2 1 5 1815 8314 2514
9902 2 2 1 5 4653 5590 3474
9903 2 2 1 5 4731 8187 6145
9904 2 2 1 5 4177 7742 3200
9905 2 2 1 5 3020 6520 3019
9906 2 2 1 5 3649 7492 5297
9907 2 2 1 5 3386 6288 5234
9908 2 2 1 5 4633 6981 2270
9909 2 2 1 5 4091 6764 1431
9910 2 2 1 5 2483 6324 1674
9911 2 2 1 5 2633 7344 528
9912 2 2 1 5 4728 6104 2393
9913 2 2 1 5 4918 7646 3957
9914 2 2 1 5 127 8535 6404
9915 2 2 1 5 1167 8612 5796
9916 2 2 1 5 3059 6852 4833
9917 2 2 1 5 3839 8481 7422
9918 2 2 1 5 1331 6418 1866
9919 2 2 1 5 4899 6779 3427
9920 2 2 1 5 3698 8149 5324
9921 2 2 1 5 2287 7167 1349
9922 2 2 1 5 1227 6742 4771
9923 2 2 1 5 2353 7952 3661
9924 2 2 1 5 4299 7494 6507
9925 2 2 1 5 2245 7097 6698
9926 2 2 1 5 3868 7792 5092
9927 2 2 1 5 7480 7723 4679
9928 2 2 1 5 6118 7927 4761
9929 2 2 1 5 3492 5285 3115
9930 2 2 1 5 2246 7396 7097
9931 2 2 1 5 4187 6432 1269
9932 2 2 1 5 3234 5559 4685
9933 2 2 1 5 1343 8372 2278
9934 2 2 1 5 3338 7390 5335
9935 2 2 1 5 2245 6698 165
9936 2 2 1 5 1196 7500 3603
9937 2 2 1 5 4211 4923 3675
9938 2 2 1 5 3435 8295 4690
9939 2 2 1 5 3708 7723 7480
9940 2 2 1 5 3646 5378 3179
9941 2 2 1 5 2234 7071 4748
9942 2 2 1 5 3447 5788 5787
9943 2 2 1 5 5541 6284 243
9944 2 2 1 5 368 6119 33
9945 2 2 1 5 98 7522 99
9946 2 2 1 5 143 7864 142
9947 2 2 1 5 5349 6298 1736
9948 2 2 1 5 3433 7339 5134
9949 2 2 1 5 2579 7095 5139
9950 2 2 1 5 3929 7796 7737
9951 2 2 1 5 2215 8097 5487
9952 2 2 1 5 2763 5028 3634
9953 2 2 1 5 5233 7382 3240
9954 2 2 1 5 1758 7830 5086
9955 2 2 1 5 3062 6483 4992
9956 2 2 1 5 4907 5830 1428
9957 2 2 1 5 6320 6581 2306
9958 2 2 1 5 3343 5278 5026
9959 2 2 1 5 3937 5911 5649
9960 2 2 1 5 8268 8588 3599
9961 2 2 1 5 5230 6731 4317
9962 2 2 1 5 4448 8436 7115
9963 2 2 1 5 3898 8311 3250
9964 2 2 1 5 3525 7821 6292
9965 2 2 1 5 6188 6558 4658
9966 2 2 1 5 3529 6199 5049
9967 2 2 1 5 6288 8520 1354
9968 2 2 1 5 3792 7050 3141
9969 2 2 1 5 5633 5919 3635
9970 2 2 1 5 7466 7892 3968
9971 2 2 1 5 3406 6459 3248
9972 2 2 1 5 1986 8283 7221
9973 2 2 1 5 3866 5489 1679
9974 2 2 1 5 210 7700 5834
9975 2 2 1 5 1919 7476 4875
9976 2 2 1 5 6314 7875 4164
9977 2 2 1 5 3104 6866 4907
9978 2 2 1 5 125 5942 1767
9979 2 2 1 5 3439 4951 4949
9980 2 2 1 5 5495 6465 1700
9981 2 2 1 5 3771 4848 1042
9982 2 2 1 5 4795 7523 3412
9983 2 2 1 5 4150 8470 5942
9984 2 2 1 5 4348 6724 6136
9985 2 2 1 5 1807 6140 4374
9986 2 2 1 5 4221 8101 1722
9987 2 2 1 5 1790 6147 1100
9988 2 2 1 5 3160 6574 6526
9989 2 2 1 5 4227 6185 3855
9990 2 2 1 5 4748 7071 3905
9991 2 2 1 5 1210 7853 4539
9992 2 2 1 5 2120 4718 4471
9993 2 2 1 5 3173 6717 5030
9994 2 2 1 5 1172 6173 1641
9995 2 2 1 5 367 5910 5861
9996 2 2 1 5 3115 5801 3492
9997 2 2 1 5 2590 6456 1962
9998 2 2 1 5 5578 8246 1958
9999 2 2 1 5 236 7195 6817
10000 2 2 1 5 4548 6642 3440
10001 2 2 1 5 640 7029 145
10002 2 2 1 5 5288 7998 234
10003 2 2 1 5 4800 5093 3289
10004 2 2 1 5 1778 8316 5133
10005 2 2 1 5 5181 7467 3779
10006 2 2 1 5 5841 5842 3254
10007 2 2 1 5 3672 6682 5898
10008 2 2 1 5 3588 7694 4792
10009 2 2 1 5 3136 7848 7810
10010 2 2 1 5 4022 7753 4829
10011 2 2 1 5 5976 7386 3807
10012 2 2 1 5 375 6939 34
10013 2 2 1 5 6271 8119 3644
10014 2 2 1 5 3071 8507 4449
10015 2 2 1 5 4015 7211 2400
10016 2 2 1 5 744 7636 745
10017 2 2 1 5 5607 8588 73
10018 2 2 1 5 5121 7225 3236
10019 2 2 1 5 4149 5844 460
10020 2 2 1 5 3213 5799 5412
10021 2 2 1 5 4810 8122 1275
10022 2 2 1 5 3356 6322 6321
10023 2 2 1 5 3828 7509 6729
10024 2 2 1 5 5267 8299 664
10025 2 2 1 5 5207 6342 2796
10026 2 2 1 5 2388 6097 715
10027 2 2 1 5 4833 7293 3096
10028 2 2 1 5 5009 6475 1452
10029 2 2 1 5 3415 8505 6360
10030 2 2 1 5 3561 6777 5006
10031 2 2 1 5 1939 4972 3734
10032 2 2 1 5 2606 7752 396
10033 2 2 1 5 5700 6808 3460
10034 2 2 1 5 1201 5697 394
10035 2 2 1 5 3521 5434 3946
10036 2 2 1 5 3227 8573 6584
10037 2 2 1 5 4353 7424 5697
10038 2 2 1 5 1366 6778 2730
10039 2 2 1 5 1892 5759 2943
10040 2 2 1 5 3088 7782 4302
10041 2 2 1 5 5401 6167 3668
10042 2 2 1 5 5095 6997 3173
10043 2 2 1 5 215 6017 6016
10044 2 2 1 5 3483 6796 2753
10045 2 2 1 5 5123 8321 107
10046 2 2 1 5 6109 6844 4268
10047 2 2 1 5 2835 7844 1741
10048 2 2 1 5 2180 6231 5256
10049 2 2 1 5 6315 7392 3413
10050 2 2 1 5 4304 8596 3054
10051 2 2 1 5 1539 7348 5924
10052 2 2 1 5 2355 7366 237
10053 2 2 1 5 1700 6465 5626
10054 2 2 1 5 3555 6593 5534
10055 2 2 1 5 5280 8198 274
10056 2 2 1 5 1531 6108 58
10057 2 2 1 5 2368 6449 5110
10058 2 2 1 5 3223 5961 4826
10059 2 2 1 5 2388 5899 1423
10060 2 2 1 5 241 6635 1952
10061 2 2 1 5 5326 6981 3185
10062 2 2 1 5 4961 6967 630
10063 2 2 1 5 3699 7073 3279
10064 2 2 1 5 3493 4984 4709
10065 2 2 1 5 2958 7176 2957
10066 2 2 1 5 1011 7183 1010
10067 2 2 1 5 3272 7349 5332
10068 2 2 1 5 3534 8506 5014
10069 2 2 1 5 3092 7761 6165
10070 2 2 1 5 6875 7788 3800
10071 2 2 1 5 1966 8138 4788
10072 2 2 1 5 3843 6134 3842
10073 2 2 1 5 5034 7295 3354
10074 2 2 1 5 2189 8131 4447
10075 2 2 1 5 2758 6133 5957
10076 2 2 1 5 3668 7973 3140
10077 2 2 1 5 5145 7289 2196
10078 2 2 1 5 5424 7770 3352
10079 2 2 1 5 129 8405 2181
10080 2 2 1 5 490 5088 2625
10081 2 2 1 5 2150 5283 106
10082 2 2 1 5 3409 6655 4759
10083 2 2 1 5 5263 7997 1176
10084 2 2 1 5 3382 6801 1301
10085 2 2 1 5 2267 8331 6946
10086 2 2 1 5 76 6082 2113
10087 2 2 1 5 124 6980 3810
10088 2 2 1 5 2757 7738 2639
10089 2 2 1 5 1677 7149 2475
10090 2 2 1 5 2915 5930 2522
10091 2 2 1 5 3753 7457 7097
10092 2 2 1 5 7437 7438 12
10093 2 2 1 5 3139 7262 4034
10094 2 2 1 5 5234 6288 1354
10095 2 2 1 5 4654 6182 3232
10096 2 2 1 5 1426 7033 5022
10097 2 2 1 5 4416 4883 2921
10098 2 2 1 5 2353 5329 236
10099 2 2 1 5 1164 8322 3439
10100 2 2 1 5 6698 7097 4468
10101 2 2 1 5 5206 5629 1864
10102 2 2 1 5 2272 7148 2271
10103 2 2 1 5 3938 7147 1067
10104 2 2 1 5 2554 8208 2555
10105 2 2 1 5 1042 5246 2792
10106 2 2 1 5 476 5596 2899
10107 2 2 1 5 4647 8500 8393
10108 2 2 1 5 2341 7076 232
10109 2 2 1 5 3416 7713 5384
10110 2 2 1 5 6552 7326 3389
10111 2 2 1 5 2985 6751 2984
10112 2 2 1 5 5153 6011 1375
10113 2 2 1 5 1382 8500 5157
10114 2 2 1 5 5275 6308 1716
10115 2 2 1 5 3659 6211 2036
10116 2 2 1 5 4915 7979 3411
10117 2 2 1 5 5446 6582 19
10118 2 2 1 5 4159 6771 130
10119 2 2 1 5 4658 7477 1953
10120 2 2 1 5 218 6818 2330
10121 2 2 1 5 264 5242 263
10122 2 2 1 5 4809 6838 3925
10123 2 2 1 5 2478 6159 1642
10124 2 2 1 5 5298 6453 3343
10125 2 2 1 5 244 7511 4648
10126 2 2 1 5 5390 7345 1221
10127 2 2 1 5 717 8009 7790
10128 2 2 1 5 137 7289 6162
10129 2 2 1 5 4709 6349 3493
10130 2 2 1 5 718 8496 4739
10131 2 2 1 5 2401 8232 5038
10132 2 2 1 5 5917 7855 2938
10133 2 2 1 5 78 5409 5390
10134 2 2 1 5 6088 6508 687
10135 2 2 1 5 3765 7101 4422
10136 2 2 1 5 1774 5319 3859
10137 2 2 1 5 5260 7352 3618
10138 2 2 1 5 4764 5124 3403
10139 2 2 1 5 3640 6675 5127
10140 2 2 1 5 1901 8211 2562
10141 2 2 1 5 5013 8522 3660
10142 2 2 1 5 348 5716 1572
10143 2 2 1 5 7010 7530 5205
10144 2 2 1 5 4226 8217 4911
10145 2 2 1 5 5567 6221 3751
10146 2 2 1 5 2565 6702 3630
10147 2 2 1 5 6111 7379 4623
10148 2 2 1 5 3050 7093 3747
10149 2 2 1 5 19 7464 4862
10150 2 2 1 5 1798 7454 5856
10151 2 2 1 5 5961 7297 3758
10152 2 2 1 5 3353 6656 4886
10153 2 2 1 5 4656 6388 2353
10154 2 2 1 5 2714 5978 681
10155 2 2 1 5 5223 6979 2412
10156 2 2 1 5 4593 6166 2050
10157 2 2 1 5 4552 7131 3782
10158 2 2 1 5 1804 8204 625
10159 2 2 1 5 1553 8105 2966
10160 2 2 1 5 3479 6342 5207
10161 2 2 1 5 1357 7847 5511
10162 2 2 1 5 5134 7339 3213
10163 2 2 1 5 4473 7015 1853
10164 2 2 1 5 3920 7442 4447
10165 2 2 1 5 4540 7065 3363
10166 2 2 1 5 6291 7519 1377
10167 2 2 1 5 3391 8552 4671
10168 2 2 1 5 4671 7179 2499
10169 2 2 1 5 5137 7943 3982
10170 2 2 1 5 5529 6543 1856
10171 2 2 1 5 3110 6784 6408
10172 2 2 1 5 1669 7815 5510
10173 2 2 1 5 4760 8538 3396
10174 2 2 1 5 4131 6742 4774
10175 2 2 1 5 6653 7383 2474
10176 2 2 1 5 3589 7561 5221
10177 2 2 1 5 4657 6175 5780
10178 2 2 1 5 236 4656 2353
10179 2 2 1 5 1699 6340 2108
10180 2 2 1 5 4989 7929 3919
10181 2 2 1 5 2273 6066 177
10182 2 2 1 5 4620 8540 4619
10183 2 2 1 5 3697 7271 5937
10184 2 2 1 5 4047 7577 3564
10185 2 2 1 5 5033 8054 3465
10186 2 2 1 5 5119 7960 3098
10187 2 2 1 5 3546 5628 1014
10188 2 2 1 5 4789 7733 3476
10189 2 2 1 5 4395 7359 5807
10190 2 2 1 5 5173 6456 257
10191 2 2 1 5 4788 6388 1966
10192 2 2 1 5 5708 6403 1893
10193 2 2 1 5 4880 7273 1402
10194 2 2 1 5 6072 8425 3298
10195 2 2 1 5 3128 7502 2550
10196 2 2 1 5 5898 6682 2325
10197 2 2 1 5 3616 5543 1070
10198 2 2 1 5 2480 8576 1687
10199 2 2 1 5 7450 7451 1192
10200 2 2 1 5 3086 7137 6650
10201 2 2 1 5 5377 8466 3386
10202 2 2 1 5 206 5305 3768
10203 2 2 1 5 3425 7399 3114
10204 2 2 1 5 2818 6046 1680
10205 2 2 1 5 4186 7672 2759
10206 2 2 1 5 3217 6861 6860
10207 2 2 1 5 1853 7728 2854
10208 2 2 1 5 5702 8443 199
10209 2 2 1 5 6797 7148 3716
10210 2 2 1 5 4629 5316 3285
10211 2 2 1 5 4558 6411 3982
10212 2 2 1 5 5178 7012 3877
10213 2 2 1 5 4071 8068 4639
10214 2 2 1 5 2964 8581 2963
10215 2 2 1 5 4120 7961 1505
10216 2 2 1 5 5219 7559 3956
10217 2 2 1 5 4078 5605 3258
10218 2 2 1 5 3241 7658 6024
10219 2 2 1 5 1834 6293 1833
10220 2 2 1 5 1788 6782 138
10221 2 2 1 5 5258 8108 1618
10222 2 2 1 5 4217 7198 6227
10223 2 2 1 5 4172 6235 5719
10224 2 2 1 5 6451 7382 3987
10225 2 2 1 5 3721 6448 4449
10226 2 2 1 5 6811 8446 2884
10227 2 2 1 5 3132 6450 6392
10228 2 2 1 5 4098 6036 1330
10229 2 2 1 5 3189 6597 4742
10230 2 2 1 5 7476 8053 1974
10231 2 2 1 5 4214 8483 8091
10232 2 2 1 5 2480 7202 5901
10233 2 2 1 5 3284 7149 4482
10234 2 2 1 5 1213 7599 4723
10235 2 2 1 5 1293 7226 5641
10236 2 2 1 5 3288 8349 1412
10237 2 2 1 5 3264 6866 4879
10238 2 2 1 5 3847 6818 6328
10239 2 2 1 5 528 7344 5011
10240 2 2 1 5 2813 5194 4592
10241 2 2 1 5 4841 7197 2087
10242 2 2 1 5 5140 7663 3618
10243 2 2 1 5 1884 8411 2548
10244 2 2 1 5 4175 6414 1516
10245 2 2 1 5 1143 5466 2894
10246 2 2 1 5 2206 6128 4913
10247 2 2 1 5 5597 8453 4323
10248 2 2 1 5 2097 6459 3406
10249 2 2 1 5 1416 7772 4857
10250 2 2 1 5 5890 6500 3253
10251 2 2 1 5 2083 6883 4987
10252 2 2 1 5 3460 7643 5700
10253 2 2 1 5 1385 6234 1109
10254 2 2 1 5 100 6936 519
10255 2 2 1 5 7368 7672 4306
10256 2 2 1 5 1764 6733 585
10257 2 2 1 5 4243 6265 3608
10258 2 2 1 5 3822 8602 8288
10259 2 2 1 5 2498 5993 5706
10260 2 2 1 5 603 1797 1096
10261 2 2 1 5 3206 7144 4854
10262 2 2 1 5 4675 7196 3593
10263 2 2 1 5 4455 8546 3181
10264 2 2 1 5 3379 8459 5947
10265 2 2 1 5 3449 8243 4241
10266 2 2 1 5 4215 7158 2552
10267 2 2 1 5 3877 7012 2489
10268 2 2 1 5 3057 8054 5033
10269 2 2 1 5 3177 7074 5452
10270 2 2 1 5 1580 8414 5470
10271 2 2 1 5 2537 6031 5351
10272 2 2 1 5 1323 7552 5294
10273 2 2 1 5 2863 7403 3993
10274 2 2 1 5 3673 4823 4690
10275 2 2 1 5 1815 6261 2511
10276 2 2 1 5 4087 8240 5327
10277 2 2 1 5 5290 5575 1217
10278 2 2 1 5 1868 8462 6418
10279 2 2 1 5 4747 6629 3527
10280 2 2 1 5 4814 7043 4347
10281 2 2 1 5 5359 8608 3407
10282 2 2 1 5 2343 5620 233
10283 2 2 1 5 5907 6057 3894
10284 2 2 1 5 5131 7537 3289
10285 2 2 1 5 6584 8573 4365
10286 2 2 1 5 3297 7655 7386
10287 2 2 1 5 1975 6140 2201
10288 2 2 1 5 3336 8241 6066
10289 2 2 1 5 4391 7657 3793
10290 2 2 1 5 5737 7798 3921
10291 2 2 1 5 6107 6595 3292
10292 2 2 1 5 6820 8574 3384
10293 2 2 1 5 5144 6220 3483
10294 2 2 1 5 5323 8231 4455
10295 2 2 1 5 789 5873 790
10296 2 2 1 5 5626 6174 1700
10297 2 2 1 5 6033 6653 2473
10298 2 2 1 5 5037 7351 3812
10299 2 2 1 5 397 7593 2606
10300 2 2 1 5 2281 6171 670
10301 2 2 1 5 3744 5058 2290
10302 2 2 1 5 1780 7041 5927
10303 2 2 1 5 5008 8476 3480
10304 2 2 1 5 5005 6124 3361
10305 2 2 1 5 5827 6521 4267
10306 2 2 1 5 3938 6143 5161
10307 2 2 1 5 2274 6222 6008
10308 2 2 1 5 310 8591 6416
10309 2 2 1 5 1533 5169 4659
10310 2 2 1 5 6266 6930 1881
10311 2 2 1 5 1210 8171 7853
10312 2 2 1 5 111 6318 2156
10313 2 2 1 5 5356 8136 1759
10314 2 2 1 5 6242 7976 4605
10315 2 2 1 5 2410 6270 5841
10316 2 2 1 5 4461 8251 3511
10317 2 2 1 5 6510 6600 3963
10318 2 2 1 5 4421 6095 2745
10319 2 2 1 5 2061 6758 5805
10320 2 2 1 5 806 6085 807
10321 2 2 1 5 2566 6083 5429
10322 2 2 1 5 4736 7954 2830
10323 2 2 1 5 2726 7842 7112
10324 2 2 1 5 5215 7002 3290
10325 2 2 1 5 520 7577 4047
10326 2 2 1 5 2246 6704 2247
10327 2 2 1 5 1885 7794 1882
10328 2 2 1 5 6741 7480 5382
10329 2 2 1 5 4347 7043 5645
10330 2 2 1 5 1765 8056 1099
10331 2 2 1 5 1338 6218 2270
10332 2 2 1 5 705 6662 259
10333 2 2 1 5 2694 6671 5059
10334 2 2 1 5 1711 7936 4900
10335 2 2 1 5 1144 8330 23
10336 2 2 1 5 5020 7483 3532
10337 2 2 1 5 6990 8301 3180
10338 2 2 1 5 3302 8247 4211
10339 2 2 1 5 2651 6426 581
10340 2 2 1 5 3163 7194 5939
10341 2 2 1 5 6114 8257 4255
10342 2 2 1 5 6368 6369 3145
10343 2 2 1 5 2923 6543 2922
10344 2 2 1 5 340 5773 5135
10345 2 2 1 5 186 7657 2296
10346 2 2 1 5 1756 7445 5772
10347 2 2 1 5 217 7921 6959
10348 2 2 1 5 5943 7750 6726
10349 2 2 1 5 2825 5608 3305
10350 2 2 1 5 3488 7049 4921
10351 2 2 1 5 4381 7171 2511
10352 2 2 1 5 276 7153 2875
10353 2 2 1 5 5259 8124 6949
10354 2 2 1 5 2165 6983 5867
10355 2 2 1 5 3610 7236 6908
10356 2 2 1 5 3491 6700 6551
10357 2 2 1 5 2348 7181 253
10358 2 2 1 5 5796 8612 4484
10359 2 2 1 5 649 6958 1856
10360 2 2 1 5 3523 6030 5902
10361 2 2 1 5 386 7370 2618
10362 2 2 1 5 721 7153 277
10363 2 2 1 5 8150 8377 5631
10364 2 2 1 5 6210 6211 3659
10365 2 2 1 5 4925 7044 2191
10366 2 2 1 5 716 7443 261
10367 2 2 1 5 5760 5797 1574
10368 2 2 1 5 2931 5239 5172
10369 2 2 1 5 3923 6549 4067
10370 2 2 1 5 1251 6855 5835
10371 2 2 1 5 538 5827 2637
10372 2 2 1 5 5441 7051 1436
10373 2 2 1 5 4821 7918 4822
10374 2 2 1 5 3152 7531 5794
10375 2 2 1 5 1375 7862 6683
10376 2 2 1 5 2178 6102 127
10377 2 2 1 5 7181 7182 1417
10378 2 2 1 5 3112 7798 5737
10379 2 2 1 5 3545 6932 2685
10380 2 2 1 5 3532 6864 5020
10381 2 2 1 5 6688 7084 3510
10382 2 2 1 5 4088 7288 5342
10383 2 2 1 5 4018 8244 4017
10384 2 2 1 5 1679 6977 3866
10385 2 2 1 5 4525 7246 3401
10386 2 2 1 5 550 7006 4324
10387 2 2 1 5 6962 7680 4042
10388 2 2 1 5 1430 6992 5321
10389 2 2 1 5 1137 6236 5858
10390 2 2 1 5 4246 7856 5511
10391 2 2 1 5 1985 6473 5983
10392 2 2 1 5 5573 6755 3846
10393 2 2 1 5 250 6500 5890
10394 2 2 1 5 1591 6179 5449
10395 2 2 1 5 3261 7524 4164
10396 2 2 1 5 911 6184 1996
10397 2 2 1 5 7386 7655 3807
10398 2 2 1 5 4763 8327 3503
10399 2 2 1 5 1296 6360 611
10400 2 2 1 5 1631 6501 2472
10401 2 2 1 5 3838 8149 6707
10402 2 2 1 5 1043 7040 346
10403 2 2 1 5 5685 8407 4159
10404 2 2 1 5 1067 7147 2799
10405 2 2 1 5 1618 7189 4085
10406 2 2 1 5 3645 8089 384
10407 2 2 1 5 1394 6329 6328
10408 2 2 1 5 2387 7790 4251
10409 2 2 1 5 5384 7713 3206
10410 2 2 1 5 3806 7732 5821
10411 2 2 1 5 6839 6924 3746
10412 2 2 1 5 5852 5853 3347
10413 2 2 1 5 5810 6566 1796
10414 2 2 1 5 5929 7502 3128
10415 2 2 1 5 4785 7839 2547
10416 2 2 1 5 4310 6464 1552
10417 2 2 1 5 5448 7363 4188
10418 2 2 1 5 1368 5818 3958
10419 2 2 1 5 2517 8529 2843
10420 2 2 1 5 5879 7341 3594
10421 2 2 1 5 3 6748 2078
10422 2 2 1 5 5459 6908 3050
10423 2 2 1 5 4862 7464 4089
10424 2 2 1 5 6014 6697 4705
10425 2 2 1 5 2880 8570 4663
10426 2 2 1 5 3438 6209 4099
10427 2 2 1 5 4614 6815 4782
10428 2 2 1 5 2837 5519 2836
10429 2 2 1 5 3223 4826 4281
10430 2 2 1 5 1902 8388 5089
10431 2 2 1 5 6306 7906 5109
10432 2 2 1 5 4749 8218 6841
10433 2 2 1 5 5360 6144 1321
10434 2 2 1 5 167 6244 5099
10435 2 2 1 5 4707 7303 6359
10436 2 2 1 5 2809 6341 1086
10437 2 2 1 5 3615 6964 6963
10438 2 2 1 5 4918 8050 3116
10439 2 2 1 5 1766 7718 4801
10440 2 2 1 5 4191 7795 1633
10441 2 2 1 5 3978 6064 3177
10442 2 2 1 5 6691 6796 3483
10443 2 2 1 5 4554 6153 2122
10444 2 2 1 5 3888 7732 3094
10445 2 2 1 5 5321 6992 3942
10446 2 2 1 5 7540 7541 574
10447 2 2 1 5 4916 7992 4200
10448 2 2 1 5 1356 5573 5306
10449 2 2 1 5 3792 7449 2748
10450 2 2 1 5 6010 7973 3668
10451 2 2 1 5 2191 7044 619
10452 2 2 1 5 6518 7308 3165
10453 2 2 1 5 8071 8111 1285
10454 2 2 1 5 3089 7116 6553
10455 2 2 1 5 4408 7485 4407
10456 2 2 1 5 847 8380 1455
10457 2 2 1 5 5247 7556 3183
10458 2 2 1 5 6116 7094 2277
10459 2 2 1 5 3350 7438 7437
10460 2 2 1 5 3645 8604 5185
10461 2 2 1 5 1256 6951 6351
10462 2 2 1 5 214 7483 5020
10463 2 2 1 5 2966 8105 3676
10464 2 2 1 5 208 5645 1383
10465 2 2 1 5 2678 8194 5642
10466 2 2 1 5 4206 7014 7013
10467 2 2 1 5 775 8151 1489
10468 2 2 1 5 6113 6763 3456
10469 2 2 1 5 2790 6954 3827
10470 2 2 1 5 5462 8375 2559
10471 2 2 1 5 1081 6881 4350
10472 2 2 1 5 3760 5202 2527
10473 2 2 1 5 3257 6311 5605
10474 2 2 1 5 7097 7457 4468
10475 2 2 1 5 28 6929 5675
10476 2 2 1 5 106 5283 2148
10477 2 2 1 5 2344 5238 2345
10478 2 2 1 5 1410 6952 1954
10479 2 2 1 5 4784 6948 3457
10480 2 2 1 5 3217 6882 4977
10481 2 2 1 5 4208 6704 2246
10482 2 2 1 5 740 7449 6588
10483 2 2 1 5 4065 6855 1251
10484 2 2 1 5 4608 6291 3300
10485 2 2 1 5 3497 8490 5812
10486 2 2 1 5 268 6794 270
10487 2 2 1 5 683 6417 2576
10488 2 2 1 5 3442 7084 6688
10489 2 2 1 5 4681 6879 1960
10490 2 2 1 5 5430 8547 4003
10491 2 2 1 5 1730 7267 4297
10492 2 2 1 5 947 7059 2434
10493 2 2 1 5 6890 7442 4838
10494 2 2 1 5 2247 7396 2246
10495 2 2 1 5 1944 7008 6073
10496 2 2 1 5 364 8517 365
10497 2 2 1 5 2755 6377 6025
10498 2 2 1 5 4326 4934 2579
10499 2 2 1 5 2330 7001 218
10500 2 2 1 5 1807 6261 2200
10501 2 2 1 5 3443 7555 4978
10502 2 2 1 5 1914 7809 6077
10503 2 2 1 5 3549 6850 4798
10504 2 2 1 5 14 6239 366
10505 2 2 1 5 1168 8286 4922
10506 2 2 1 5 2895 5057 4377
10507 2 2 1 5 3371 5538 5208
10508 2 2 1 5 4431 7888 3995
10509 2 2 1 5 3363 7065 5591
10510 2 2 1 5 3232 7349 5151
10511 2 2 1 5 6590 8613 4060
10512 2 2 1 5 5077 8313 2993
10513 2 2 1 5 3564 7299 4047
10514 2 2 1 5 2063 6749 6237
10515 2 2 1 5 6382 7990 3130
10516 2 2 1 5 1159 6830 378
10517 2 2 1 5 5309 7004 3466
10518 2 2 1 5 1851 7316 6295
10519 2 2 1 5 5321 6794 1430
10520 2 2 1 5 2875 6634 276
10521 2 2 1 5 694 7829 2730
10522 2 2 1 5 1854 6068 2924
10523 2 2 1 5 823 6533 5515
10524 2 2 1 5 6051 6285 1075
10525 2 2 1 5 2795 7361 3932
10526 2 2 1 5 2289 7470 5442
10527 2 2 1 5 3748 7223 6527
10528 2 2 1 5 5242 6452 263
10529 2 2 1 5 6499 6853 4597
10530 2 2 1 5 4978 7555 701
10531 2 2 1 5 2817 7958 5483
10532 2 2 1 5 2444 6520 342
10533 2 2 1 5 5997 6851 2380
10534 2 2 1 5 792 7739 2126
10535 2 2 1 5 3299 6523 5032
10536 2 2 1 5 6750 7555 3443
10537 2 2 1 5 4088 8059 6889
10538 2 2 1 5 1488 8479 5595
10539 2 2 1 5 1221 8427 5390
10540 2 2 1 5 3437 6554 5603
10541 2 2 1 5 4185 8119 1614
10542 2 2 1 5 3581 8582 2845
10543 2 2 1 5 3798 8536 3214
10544 2 2 1 5 3564 8561 4917
10545 2 2 1 5 3050 7836 5459
10546 2 2 1 5 2576 6417 5350
10547 2 2 1 5 2685 6932 2684
10548 2 2 1 5 6400 7353 687
10549 2 2 1 5 2572 8155 4993
10550 2 2 1 5 5125 8135 482
10551 2 2 1 5 4408 8322 1164
10552 2 2 1 5 3588 6300 4958
10553 2 2 1 5 3488 5153 5024
10554 2 2 1 5 4497 7520 3429
10555 2 2 1 5 4397 8005 7199
10556 2 2 1 5 1706 7217 6280
10557 2 2 1 5 3127 7964 4235
10558 2 2 1 5 3926 7224 5039
10559 2 2 1 5 4616 5764 1770
10560 2 2 1 5 173 8186 6204
10561 2 2 1 5 6748 8559 2078
10562 2 2 1 5 309 8057 6240
10563 2 2 1 5 4389 7557 3284
10564 2 2 1 5 3330 3796 3711
10565 2 2 1 5 3630 7629 145
10566 2 2 1 5 5806 8044 1027
10567 2 2 1 5 142 6180 4787
10568 2 2 1 5 4739 7033 718
10569 2 2 1 5 1085 8597 8404
10570 2 2 1 5 5521 6878 3105
10571 2 2 1 5 4815 8150 2729
10572 2 2 1 5 3229 8256 6985
10573 2 2 1 5 2547 7794 4785
10574 2 2 1 5 2815 6947 4664
10575 2 2 1 5 2433 6327 2781
10576 2 2 1 5 5951 8607 4661
10577 2 2 1 5 951 6085 1535
10578 2 2 1 5 1629 6100 4973
10579 2 2 1 5 3614 8045 4956
10580 2 2 1 5 2518 6523 5073
10581 2 2 1 5 3838 6707 6706
10582 2 2 1 5 1629 7321 2471
10583 2 2 1 5 2284 7523 4795
10584 2 2 1 5 2527 7927 2526
10585 2 2 1 5 2681 6898 5792
10586 2 2 1 5 3106 5517 5092
10587 2 2 1 5 2145 7391 3652
10588 2 2 1 5 6202 8594 3197
10589 2 2 1 5 4124 7835 2576
10590 2 2 1 5 2529 7892 1841
10591 2 2 1 5 3240 7382 6451
10592 2 2 1 5 4376 7606 4228
10593 2 2 1 5 3977 7356 6015
10594 2 2 1 5 1321 5747 2253
10595 2 2 1 5 1139 8119 6271
10596 2 2 1 5 3259 6626 5354
10597 2 2 1 5 2233 5352 4886
10598 2 2 1 5 3068 6221 6115
10599 2 2 1 5 2868 5953 1102
10600 2 2 1 5 5510 8184 3078
10601 2 2 1 5 130 6771 4274
10602 2 2 1 5 2916 6623 2521
10603 2 2 1 5 4951 8322 3438
10604 2 2 1 5 3614 7383 6653
10605 2 2 1 5 4796 7625 3508
10606 2 2 1 5 637 6658 2683
10607 2 2 1 5 3164 7694 5248
10608 2 2 1 5 4607 5625 2854
10609 2 2 1 5 5845 5846 3895
10610 2 2 1 5 5538 6390 2531
10611 2 2 1 5 4669 7361 2795
10612 2 2 1 5 249 5798 4672
10613 2 2 1 5 1882 8408 1885
10614 2 2 1 5 4338 8047 713
10615 2 2 1 5 84 6521 535
10616 2 2 1 5 5563 7452 1625
10617 2 2 1 5 4235 8040 4384
10618 2 2 1 5 3468 7096 5071
10619 2 2 1 5 1004 7800 7799
10620 2 2 1 5 3584 5533 4909
10621 2 2 1 5 3857 4686 565
10622 2 2 1 5 7853 8171 2488
10623 2 2 1 5 5010 8561 3564
10624 2 2 1 5 2945 7467 5181
10625 2 2 1 5 5160 6350 4174
10626 2 2 1 5 3199 6843 4032
10627 2 2 1 5 5017 6832 2759
10628 2 2 1 5 7166 7620 4043
10629 2 2 1 5 6931 8524 1763
10630 2 2 1 5 3953 6471 6452
10631 2 2 1 5 1676 7958 5689
10632 2 2 1 5 3496 7496 5128
10633 2 2 1 5 2286 7209 2708
10634 2 2 1 5 3201 6532 5128
10635 2 2 1 5 3290 7003 5704
10636 2 2 1 5 4746 7318 3919
10637 2 2 1 5 6271 7233 10
10638 2 2 1 5 5737 7160 3112
10639 2 2 1 5 3618 6819 5140
10640 2 2 1 5 1095 6703 2841
10641 2 2 1 5 6312 6827 3389
10642 2 2 1 5 5056 7598 3295
10643 2 2 1 5 1632 6235 4172
10644 2 2 1 5 4737 6235 1632
10645 2 2 1 5 4234 6924 6839
10646 2 2 1 5 2644 7249 7248
10647 2 2 1 5 3957 7222 4918
10648 2 2 1 5 2258 7210 5588
10649 2 2 1 5 5403 8326 4141
10650 2 2 1 5 4696 7512 2616
10651 2 2 1 5 1772 7551 4988
10652 2 2 1 5 7119 7705 4896
10653 2 2 1 5 3856 8242 52
10654 2 2 1 5 5704 6963 3290
10655 2 2 1 5 7128 7271 3697
10656 2 2 1 5 5331 6563 2374
10657 2 2 1 5 2123 8070 6058
10658 2 2 1 5 1171 6869 2815
10659 2 2 1 5 2558 6572 1894
10660 2 2 1 5 681 6628 2714
10661 2 2 1 5 2185 8441 5069
10662 2 2 1 5 4131 8282 4779
10663 2 2 1 5 5332 7349 3232
10664 2 2 1 5 6745 7962 3375
10665 2 2 1 5 1483 6943 4167
10666 2 2 1 5 1353 7105 2299
10667 2 2 1 5 1893 6695 5708
10668 2 2 1 5 5577 5932 5576
10669 2 2 1 5 1923 7558 4636
10670 2 2 1 5 221 7985 1380
10671 2 2 1 5 2750 7294 4023
10672 2 2 1 5 4330 8297 3387
10673 2 2 1 5 3903 7348 1506
10674 2 2 1 5 5461 6632 3670
10675 2 2 1 5 4235 7964 2102
10676 2 2 1 5 5263 5392 3449
10677 2 2 1 5 4157 7998 5288
10678 2 2 1 5 3738 6157 4905
10679 2 2 1 5 2384 6359 258
10680 2 2 1 5 7323 7436 4322
10681 2 2 1 5 4272 6538 2471
10682 2 2 1 5 8293 8294 3637
10683 2 2 1 5 1368 7118 3585
10684 2 2 1 5 1592 6166 2450
10685 2 2 1 5 7427 7943 2397
10686 2 2 1 5 4694 8367 3272
10687 2 2 1 5 2846 8142 1794
10688 2 2 1 5 2230 7072 6991
10689 2 2 1 5 2335 7985 221
10690 2 2 1 5 6657 7686 3787
10691 2 2 1 5 2679 7087 627
10692 2 2 1 5 3404 6528 5460
10693 2 2 1 5 2798 6609 409
10694 2 2 1 5 1856 6958 5529
10695 2 2 1 5 6086 8158 33
10696 2 2 1 5 1460 5827 5717
10697 2 2 1 5 6277 6582 5446
10698 2 2 1 5 5399 7854 2275
10699 2 2 1 5 374 7546 6387
10700 2 2 1 5 3401 7980 4342
10701 2 2 1 5 3580 6900 5690
10702 2 2 1 5 1437 8285 5441
10703 2 2 1 5 4713 8590 6119
10704 2 2 1 5 217 6959 1379
10705 2 2 1 5 2246 7097 2245
10706 2 2 1 5 3702 7568 5152
10707 2 2 1 5 5125 7579 483
10708 2 2 1 5 4196 7759 141
10709 2 2 1 5 6353 6354 3385
10710 2 2 1 5 4033 7631 5328
10711 2 2 1 5 3736 7225 5121
10712 2 2 1 5 2115 7715 2097
10713 2 2 1 5 4662 5675 3162
10714 2 2 1 5 6206 8055 4764
10715 2 2 1 5 634 7993 2681
10716 2 2 1 5 1977 7950 1979
10717 2 2 1 5 5187 7593 397
10718 2 2 1 5 2982 8420 4729
10719 2 2 1 5 4849 7426 4850
10720 2 2 1 5 1401 5859 5804
10721 2 2 1 5 4199 7722 6629
10722 2 2 1 5 3598 8454 4874
10723 2 2 1 5 3677 6962 2238
10724 2 2 1 5 3383 6058 2651
10725 2 2 1 5 4983 6494 3946
10726 2 2 1 5 4585 5598 1939
10727 2 2 1 5 6189 6252 297
10728 2 2 1 5 3548 7558 4888
10729 2 2 1 5 2957 6164 2956
10730 2 2 1 5 3840 7598 6233
10731 2 2 1 5 4615 6654 4782
10732 2 2 1 5 3411 7666 4915
10733 2 2 1 5 38 5668 3644
10734 2 2 1 5 1632 6402 1627
10735 2 2 1 5 2089 6460 1601
10736 2 2 1 5 2796 7971 5207
10737 2 2 1 5 3232 6182 5332
10738 2 2 1 5 2359 6530 6023
10739 2 2 1 5 4564 6590 6169
10740 2 2 1 5 981 6393 965
10741 2 2 1 5 3373 8488 304
10742 2 2 1 5 5247 7049 3488
10743 2 2 1 5 4478 7487 4120
10744 2 2 1 5 7815 8184 5510
10745 2 2 1 5 7252 7413 7254
10746 2 2 1 5 3745 8369 5373
10747 2 2 1 5 5615 5616 3283
10748 2 2 1 5 2194 7901 1913
10749 2 2 1 5 5768 6612 3221
10750 2 2 1 5 7337 7791 4640
10751 2 2 1 5 4134 6391 5001
10752 2 2 1 5 3161 7537 5131
10753 2 2 1 5 6109 7373 3623
10754 2 2 1 5 5534 6593 679
10755 2 2 1 5 4430 8508 7159
10756 2 2 1 5 3802 6670 5198
10757 2 2 1 5 984 8061 5381
10758 2 2 1 5 1348 6206 4661
10759 2 2 1 5 2806 6205 4626
10760 2 2 1 5 3612 6364 5865
10761 2 2 1 5 1140 6338 18
10762 2 2 1 5 3548 6480 4636
10763 2 2 1 5 3152 5794 4333
10764 2 2 1 5 5939 8392 3163
10765 2 2 1 5 937 6714 1530
10766 2 2 1 5 5772 7724 1756
10767 2 2 1 5 5603 7710 3437
10768 2 2 1 5 4476 8569 4103
10769 2 2 1 5 4531 6217 2787
10770 2 2 1 5 4626 6117 2788
10771 2 2 1 5 4420 7049 5247
10772 2 2 1 5 2391 6029 2382
10773 2 2 1 5 1428 8562 6871
10774 2 2 1 5 4447 8131 3920
10775 2 2 1 5 3544 8484 7421
10776 2 2 1 5 7255 7653 3151
10777 2 2 1 5 2707 7535 4112
10778 2 2 1 5 2751 8477 5458
10779 2 2 1 5 3639 7621 5518
10780 2 2 1 5 1501 6361 2793
10781 2 2 1 5 1687 8576 1668
10782 2 2 1 5 1926 8417 7932
10783 2 2 1 5 4951 8084 1612
10784 2 2 1 5 4412 6709 2386
10785 2 2 1 5 6588 7449 3694
10786 2 2 1 5 2529 7457 5003
10787 2 2 1 5 188 7064 4854
10788 2 2 1 5 1200 7806 6394
10789 2 2 1 5 2573 8155 2572
10790 2 2 1 5 237 7366 2356
10791 2 2 1 5 1162 6748 2082
10792 2 2 1 5 983 942 982
10793 2 2 1 5 2242 8451 6267
10794 2 2 1 5 6470 6471 3953
10795 2 2 1 5 3192 6600 6510
10796 2 2 1 5 495 6934 2109
10797 2 2 1 5 21 6396 1134
10798 2 2 1 5 1272 7038 2171
10799 2 2 1 5 4203 8578 6637
10800 2 2 1 5 2511 8314 1815
10801 2 2 1 5 4868 7076 2341
10802 2 2 1 5 7514 7751 1462
10803 2 2 1 5 3298 8425 5395
10804 2 2 1 5 1922 8356 2571
10805 2 2 1 5 1885 8408 2549
10806 2 2 1 5 2142 8191 5041
10807 2 2 1 5 3625 5770 5075
10808 2 2 1 5 2646 6632 1721
10809 2 2 1 5 5051 6704 4208
10810 2 2 1 5 2707 7975 1356
10811 2 2 1 5 1308 6052 5066
10812 2 2 1 5 5865 6364 3924
10813 2 2 1 5 6056 7861 1111
10814 2 2 1 5 1025 6491 6490
10815 2 2 1 5 4949 4950 3439
10816 2 2 1 5 4836 7397 1749
10817 2 2 1 5 5535 6265 1773
10818 2 2 1 5 3368 7823 5986
10819 2 2 1 5 129 7641 6231
10820 2 2 1 5 5116 8192 3294
10821 2 2 1 5 219 7122 2332
10822 2 2 1 5 5004 8564 4129
10823 2 2 1 5 7038 7039 3453
10824 2 2 1 5 6278 6279 545
10825 2 2 1 5 3656 6524 5146
10826 2 2 1 5 1695 6648 6551
10827 2 2 1 5 4798 7146 3549
10828 2 2 1 5 3855 7597 4227
10829 2 2 1 5 1042 7014 5368
10830 2 2 1 5 5501 6601 3942
10831 2 2 1 5 4032 7284 5876
10832 2 2 1 5 4524 7157 650
10833 2 2 1 5 5574 6496 3460
10834 2 2 1 5 1279 5840 1736
10835 2 2 1 5 384 8089 6460
10836 2 2 1 5 3755 7007 2238
10837 2 2 1 5 2357 8421 4121
10838 2 2 1 5 1197 7768 6100
10839 2 2 1 5 426 1604 427
10840 2 2 1 5 396 7752 1079
10841 2 2 1 5 291 6497 292
10842 2 2 1 5 5331 7580 3461
10843 2 2 1 5 1496 7263 5371
10844 2 2 1 5 5155 6739 3504
10845 2 2 1 5 6654 8413 4614
10846 2 2 1 5 5076 7513 4303
10847 2 2 1 5 5385 7910 3417
10848 2 2 1 5 5518 7621 3158
10849 2 2 1 5 3285 7603 4176
10850 2 2 1 5 3717 8445 7670
10851 2 2 1 5 6386 7524 3261
10852 2 2 1 5 3194 6935 5274
10853 2 2 1 5 656 6619 1849
10854 2 2 1 5 1271 8058 4810
10855 2 2 1 5 5270 5323 3769
10856 2 2 1 5 4010 6625 2623
10857 2 2 1 5 21 8463 6190
10858 2 2 1 5 4628 8446 1222
10859 2 2 1 5 2551 7816 6789
10860 2 2 1 5 7456 7673 3680
10861 2 2 1 5 68 7036 4903
10862 2 2 1 5 3632 5810 4586
10863 2 2 1 5 198 7312 5599
10864 2 2 1 5 4121 8133 2357
10865 2 2 1 5 5849 7833 3434
10866 2 2 1 5 5805 6758 3019
10867 2 2 1 5 3270 7604 3176
10868 2 2 1 5 4452 8563 3369
10869 2 2 1 5 4211 8247 6077
10870 2 2 1 5 2748 8267 3792
10871 2 2 1 5 3108 7723 6307
10872 2 2 1 5 3779 6248 5181
10873 2 2 1 5 2422 7683 308
10874 2 2 1 5 236 6817 2352
10875 2 2 1 5 2825 8317 527
10876 2 2 1 5 1750 7397 4836
10877 2 2 1 5 2162 7521 2165
10878 2 2 1 5 1259 8492 2149
10879 2 2 1 5 1868 6418 1331
10880 2 2 1 5 3284 7557 5606
10881 2 2 1 5 2852 7140 5503
10882 2 2 1 5 3846 7642 1909
10883 2 2 1 5 5341 5602 2747
10884 2 2 1 5 5276 6158 3814
10885 2 2 1 5 3604 5662 4720
10886 2 2 1 5 5429 6907 1948
10887 2 2 1 5 1700 6174 1212
10888 2 2 1 5 4834 7206 3672
10889 2 2 1 5 5986 6509 3368
10890 2 2 1 5 5861 5910 4125
10891 2 2 1 5 8231 8586 1177
10892 2 2 1 5 4451 8126 1271
10893 2 2 1 5 1464 7198 789
10894 2 2 1 5 1630 6489 2472
10895 2 2 1 5 6638 6945 2350
10896 2 2 1 5 130 6621 2181
10897 2 2 1 5 5362 7567 479
10898 2 2 1 5 3743 6848 2143
10899 2 2 1 5 1686 8444 7651
10900 2 2 1 5 6466 6467 3344
10901 2 2 1 5 308 6240 1476
10902 2 2 1 5 2260 6484 2259
10903 2 2 1 5 4560 6526 6516
10904 2 2 1 5 3348 8401 3076
10905 2 2 1 5 5234 7652 4263
10906 2 2 1 5 233 6529 2343
10907 2 2 1 5 3530 8230 6397
10908 2 2 1 5 1957 7788 6875
10909 2 2 1 5 4123 7086 1503
10910 2 2 1 5 244 7281 2373
10911 2 2 1 5 5419 7298 2213
10912 2 2 1 5 2526 7927 6118
10913 2 2 1 5 1198 7451 7450
10914 2 2 1 5 5157 8500 2331
10915 2 2 1 5 1371 7448 6096
10916 2 2 1 5 1515 7644 5546
10917 2 2 1 5 5453 8190 36
10918 2 2 1 5 3076 8401 5524
10919 2 2 1 5 1356 5025 5016
10920 2 2 1 5 7016 7101 3765
10921 2 2 1 5 1773 6265 1302
10922 2 2 1 5 4163 4610 3426
10923 2 2 1 5 2744 8196 722
10924 2 2 1 5 1829 8381 5084
10925 2 2 1 5 6834 8354 4119
10926 2 2 1 5 2462 6461 1598
10927 2 2 1 5 3669 6040 5190
10928 2 2 1 5 443 6696 444
10929 2 2 1 5 5055 7077 920
10930 2 2 1 5 116 5448 5292
10931 2 2 1 5 5699 6412 729
10932 2 2 1 5 4216 6188 1953
10933 2 2 1 5 5927 7041 3786
10934 2 2 1 5 7021 8311 3898
10935 2 2 1 5 356 8353 5393
10936 2 2 1 5 4960 8038 3135
10937 2 2 1 5 6120 8384 4019
10938 2 2 1 5 5861 8216 367
10939 2 2 1 5 1163 6741 5382
10940 2 2 1 5 6270 6647 3255
10941 2 2 1 5 6696 7370 387
10942 2 2 1 5 3523 5902 4893
10943 2 2 1 5 8549 8550 4263
10944 2 2 1 5 5508 7512 3961
10945 2 2 1 5 5252 7025 1874
10946 2 2 1 5 1645 7034 6156
10947 2 2 1 5 4927 8214 3269
10948 2 2 1 5 3835 8150 4815
10949 2 2 1 5 6287 7632 3231
10950 2 2 1 5 4657 5304 3056
10951 2 2 1 5 156 7411 4232
10952 2 2 1 5 3082 6311 5969
10953 2 2 1 5 2512 5753 5422
10954 2 2 1 5 2884 8446 5457
10955 2 2 1 5 6642 7138 4002
10956 2 2 1 5 3883 6647 6270
10957 2 2 1 5 5297 7492 3126
10958 2 2 1 5 5167 7991 3850
10959 2 2 1 5 5949 6423 3682
10960 2 2 1 5 6127 8035 4519
10961 2 2 1 5 5933 8331 2267
10962 2 2 1 5 2681 7993 6898
10963 2 2 1 5 3458 8428 5126
10964 2 2 1 5 6629 7722 3527
10965 2 2 1 5 3808 7891 7479
10966 2 2 1 5 1313 7938 6995
10967 2 2 1 5 2499 6640 4671
10968 2 2 1 5 3482 8400 5199
10969 2 2 1 5 6496 8486 3460
10970 2 2 1 5 5031 7495 6767
10971 2 2 1 5 4488 7906 6306
10972 2 2 1 5 3194 5274 2807
10973 2 2 1 5 6516 6526 2382
10974 2 2 1 5 171 8566 2262
10975 2 2 1 5 6542 6546 3498
10976 2 2 1 5 2299 7105 5384
10977 2 2 1 5 3466 7004 4527
10978 2 2 1 5 5863 6592 3508
10979 2 2 1 5 2837 5816 5519
10980 2 2 1 5 5738 7820 3679
10981 2 2 1 5 4918 7222 1906
10982 2 2 1 5 6256 6672 1901
10983 2 2 1 5 3662 8460 410
10984 2 2 1 5 7080 7081 1929
10985 2 2 1 5 2027 7264 956
10986 2 2 1 5 3901 8174 6156
10987 2 2 1 5 5074 6865 4072
10988 2 2 1 5 3106 7236 5517
10989 2 2 1 5 2191 6659 135
10990 2 2 1 5 44 7145 2085
10991 2 2 1 5 3779 7623 4828
10992 2 2 1 5 2143 6848 98
10993 2 2 1 5 4330 6493 5330
10994 2 2 1 5 5230 7602 6731
10995 2 2 1 5 2851 8086 648
10996 2 2 1 5 3801 7519 4608
10997 2 2 1 5 4040 4588 1195
10998 2 2 1 5 6681 6756 22
10999 2 2 1 5 5199 6378 3220
11000 2 2 1 5 2306 6581 2307
11001 2 2 1 5 3774 6570 6122
11002 2 2 1 5 166 6732 2248
11003 2 2 1 5 3121 8301 6990
11004 2 2 1 5 232 7076 4734
11005 2 2 1 5 3853 7345 5390
11006 2 2 1 5 5307 7938 152
11007 2 2 1 5 3733 6559 4894
11008 2 2 1 5 6507 7494 467
11009 2 2 1 5 7737 7796 3208
11010 2 2 1 5 7452 7453 1625
11011 2 2 1 5 3618 7352 6819
11012 2 2 1 5 1885 7088 2303
11013 2 2 1 5 2653 5433 3314
11014 2 2 1 5 2356 7366 2357
11015 2 2 1 5 6077 8247 3770
11016 2 2 1 5 6276 7075 2824
11017 2 2 1 5 5205 7530 1266
11018 2 2 1 5 3227 6584 5874
11019 2 2 1 5 5722 7870 4160
11020 2 2 1 5 3181 8546 7279
11021 2 2 1 5 1669 5510 4572
11022 2 2 1 5 1908 6755 1359
11023 2 2 1 5 3859 5875 1774
11024 2 2 1 5 3659 6547 4206
11025 2 2 1 5 5618 6105 3685
11026 2 2 1 5 3396 7108 4687
11027 2 2 1 5 4493 8419 3156
11028 2 2 1 5 5231 7072 2230
11029 2 2 1 5 7544 7740 3165
11030 2 2 1 5 3287 7133 4892
11031 2 2 1 5 23 6565 22
11032 2 2 1 5 4054 8298 4887
11033 2 2 1 5 3111 6592 5863
11034 2 2 1 5 4383 7555 6750
11035 2 2 1 5 2661 6445 597
11036 2 2 1 5 3485 8208 5179
11037 2 2 1 5 7581 7582 1432
11038 2 2 1 5 575 6362 2648
11039 2 2 1 5 4136 7237 3154
11040 2 2 1 5 8031 8032 847
11041 2 2 1 5 3534 8025 4073
11042 2 2 1 5 5624 8113 3735
11043 2 2 1 5 5171 5954 2937
11044 2 2 1 5 2362 6940 4276
11045 2 2 1 5 679 7855 2711
11046 2 2 1 5 198 7979 2312
11047 2 2 1 5 6520 8110 342
11048 2 2 1 5 5221 6909 3589
11049 2 2 1 5 6148 8483 4214
11050 2 2 1 5 365 8517 5367
11051 2 2 1 5 3250 7371 3898
11052 2 2 1 5 4571 6859 2219
11053 2 2 1 5 5005 7017 2868
11054 2 2 1 5 4863 7563 3365
11055 2 2 1 5 6541 7696 4280
11056 2 2 1 5 3451 7200 7199
11057 2 2 1 5 6789 7816 1886
11058 2 2 1 5 529 6413 2634
11059 2 2 1 5 1349 7287 5045
11060 2 2 1 5 3025 7792 3868
11061 2 2 1 5 6074 6461 2462
11062 2 2 1 5 7051 8346 4393
11063 2 2 1 5 4090 6249 1865
11064 2 2 1 5 232 6087 4398
11065 2 2 1 5 6851 7771 3671
11066 2 2 1 5 4225 6047 4604
11067 2 2 1 5 2639 5602 5341
11068 2 2 1 5 1824 5966 4305
11069 2 2 1 5 5902 6030 3931
11070 2 2 1 5 3520 7913 6284
11071 2 2 1 5 776 8380 8151
11072 2 2 1 5 5098 8175 4027
11073 2 2 1 5 5379 5628 3419
11074 2 2 1 5 587 6472 5432
11075 2 2 1 5 6446 6966 3955
11076 2 2 1 5 171 6845 2261
11077 2 2 1 5 7178 8151 4506
11078 2 2 1 5 2209 7587 1884
11079 2 2 1 5 41 6806 2081
11080 2 2 1 5 6240 8057 2764
11081 2 2 1 5 6202 7497 4285
11082 2 2 1 5 4898 5658 4271
11083 2 2 1 5 4840 6598 514
11084 2 2 1 5 2813 4570 4168
11085 2 2 1 5 4604 5964 3744
11086 2 2 1 5 2036 6211 818
11087 2 2 1 5 6324 6355 2481
11088 2 2 1 5 6090 8426 1305
11089 2 2 1 5 5694 8148 1182
11090 2 2 1 5 5308 7245 4144
11091 2 2 1 5 6067 8270 1765
11092 2 2 1 5 2660 8467 4327
11093 2 2 1 5 4059 8299 5267
11094 2 2 1 5 1471 8335 4459
11095 2 2 1 5 3766 6918 530
11096 2 2 1 5 2913 7650 2912
11097 2 2 1 5 8021 8360 1977
11098 2 2 1 5 1296 7341 5879
11099 2 2 1 5 715 7444 4590
11100 2 2 1 5 3564 7127 5010
11101 2 2 1 5 1160 8547 5430
11102 2 2 1 5 5311 6151 3720
11103 2 2 1 5 3581 5463 4614
11104 2 2 1 5 2889 6255 4872
11105 2 2 1 5 5357 8221 4101
11106 2 2 1 5 5645 6752 4347
11107 2 2 1 5 6097 7415 1393
11108 2 2 1 5 2317 4301 4055
11109 2 2 1 5 3528 4968 4467
11110 2 2 1 5 3252 7957 4882
11111 2 2 1 5 2795 6935 4827
11112 2 2 1 5 3736 6595 6107
11113 2 2 1 5 1771 6640 1772
11114 2 2 1 5 1609 8513 6131
11115 2 2 1 5 5717 8525 3639
11116 2 2 1 5 2664 8142 2846
11117 2 2 1 5 3044 7100 5277
11118 2 2 1 5 3727 6190 5057
11119 2 2 1 5 3777 6005 1613
11120 2 2 1 5 624 8123 1804
11121 2 2 1 5 7374 7479 1744
11122 2 2 1 5 4519 8035 5905
11123 2 2 1 5 5638 7187 3836
11124 2 2 1 5 6200 7350 4340
11125 2 2 1 5 25 6554 6191
11126 2 2 1 5 6350 8105 338
11127 2 2 1 5 262 6539 6196
11128 2 2 1 5 205 7373 6109
11129 2 2 1 5 3481 6405 5298
11130 2 2 1 5 5363 6607 3381
11131 2 2 1 5 409 6609 410
11132 2 2 1 5 2492 7891 3405
11133 2 2 1 5 351 8332 416
11134 2 2 1 5 3045 7822 6344
11135 2 2 1 5 1953 6188 4658
11136 2 2 1 5 3661 5037 3812
11137 2 2 1 5 6420 6689 3513
11138 2 2 1 5 3387 8113 6823
11139 2 2 1 5 5730 7902 2842
11140 2 2 1 5 5287 6078 2925
11141 2 2 1 5 149 7298 5419
11142 2 2 1 5 5452 7074 3457
11143 2 2 1 5 1252 8364 4930
11144 2 2 1 5 3071 8257 6114
11145 2 2 1 5 3480 8476 5299
11146 2 2 1 5 4547 7493 104
11147 2 2 1 5 7348 7804 5924
11148 2 2 1 5 5681 8076 5129
11149 2 2 1 5 1900 8556 5159
11150 2 2 1 5 1305 7773 5701
11151 2 2 1 5 4874 8422 3598
11152 2 2 1 5 7417 7418 6264
11153 2 2 1 5 5297 7774 3649
11154 2 2 1 5 3950 7488 5450
11155 2 2 1 5 4919 7311 2505
11156 2 2 1 5 4287 5068 1194
11157 2 2 1 5 50 7143 5646
11158 2 2 1 5 273 6708 6705
11159 2 2 1 5 3277 5577 5576
11160 2 2 1 5 3684 6179 1591
11161 2 2 1 5 3474 5678 4653
11162 2 2 1 5 3744 5904 5058
11163 2 2 1 5 2784 6585 1548
11164 2 2 1 5 3808 6983 4642
11165 2 2 1 5 7970 8106 2824
11166 2 2 1 5 4799 5635 3407
11167 2 2 1 5 7114 7247 4105
11168 2 2 1 5 2622 8444 6046
11169 2 2 1 5 3522 7418 7417
11170 2 2 1 5 545 7266 4100
11171 2 2 1 5 8616 8617 2226
11172 2 2 1 5 1278 6611 1744
11173 2 2 1 5 4566 7260 3174
11174 2 2 1 5 5697 7424 395
11175 2 2 1 5 2858 8422 4874
11176 2 2 1 5 5562 6863 3686
11177 2 2 1 5 2838 6703 1095
11178 2 2 1 5 4270 8347 1014
11179 2 2 1 5 4658 6558 2390
11180 2 2 1 5 6040 6479 3133
11181 2 2 1 5 3580 5690 2850
11182 2 2 1 5 2712 7856 4246
11183 2 2 1 5 4843 7962 2280
11184 2 2 1 5 2339 6809 1931
11185 2 2 1 5 4738 8244 4018
11186 2 2 1 5 5477 8566 171
11187 2 2 1 5 2350 8172 6638
11188 2 2 1 5 4909 5196 3584
11189 2 2 1 5 2565 6745 2564
11190 2 2 1 5 2152 7904 6138
11191 2 2 1 5 5819 6318 127
11192 2 2 1 5 5344 6267 3390
11193 2 2 1 5 5387 6772 2767
11194 2 2 1 5 5485 7061 2542
11195 2 2 1 5 6484 7647 3515
11196 2 2 1 5 5107 7063 3315
11197 2 2 1 5 5065 6530 1399
11198 2 2 1 5 1176 7997 6106
11199 2 2 1 5 5884 6804 1665
11200 2 2 1 5 1311 6718 2687
11201 2 2 1 5 2602 6719 5345
11202 2 2 1 5 5642 8194 4648
11203 2 2 1 5 2472 6502 1630
11204 2 2 1 5 139 6978 5436
11205 2 2 1 5 6328 6818 3623
11206 2 2 1 5 3460 8486 7643
11207 2 2 1 5 2547 8064 1882
11208 2 2 1 5 2307 7623 2306
11209 2 2 1 5 3751 7330 5567
11210 2 2 1 5 2959 7177 2958
11211 2 2 1 5 3866 7123 5240
11212 2 2 1 5 4256 5920 3509
11213 2 2 1 5 6169 6590 3433
11214 2 2 1 5 1413 7843 2994
11215 2 2 1 5 4114 7204 5339
11216 2 2 1 5 2619 7968 5825
11217 2 2 1 5 245 7580 5331
11218 2 2 1 5 5195 7008 2581
11219 2 2 1 5 2983 8420 2982
11220 2 2 1 5 4775 7947 3573
11221 2 2 1 5 4197 5866 1747
11222 2 2 1 5 4718 8264 6622
11223 2 2 1 5 5671 7155 3052
11224 2 2 1 5 1304 6482 5565
11225 2 2 1 5 2094 6304 5187
11226 2 2 1 5 5906 8164 4781
11227 2 2 1 5 3567 8458 6770
11228 2 2 1 5 275 6634 4483
11229 2 2 1 5 5682 7428 3118
11230 2 2 1 5 2351 6712 4953
11231 2 2 1 5 4514 8486 6496
11232 2 2 1 5 5382 6923 1165
11233 2 2 1 5 4821 4822 378
11234 2 2 1 5 3503 7082 4763
11235 2 2 1 5 5301 6937 3074
11236 2 2 1 5 1288 8615 559
11237 2 2 1 5 5633 7106 3054
11238 2 2 1 5 5857 5965 3551
11239 2 2 1 5 808 7573 871
11240 2 2 1 5 5345 6719 4255
11241 2 2 1 5 5452 7609 3177
11242 2 2 1 5 1491 6821 2401
11243 2 2 1 5 3123 8413 6654
11244 2 2 1 5 5385 6223 1396
11245 2 2 1 5 5248 7694 3588
11246 2 2 1 5 7129 7130 3988
11247 2 2 1 5 4158 7092 6908
11248 2 2 1 5 3758 7402 5961
11249 2 2 1 5 3658 8273 3691
11250 2 2 1 5 1811 6978 2513
11251 2 2 1 5 4783 5953 2868
11252 2 2 1 5 3270 8485 3635
11253 2 2 1 5 116 6814 2164
11254 2 2 1 5 1160 6448 4388
11255 2 2 1 5 2381 6150 712
11256 2 2 1 5 7265 8081 4169
11257 2 2 1 5 2156 6318 5819
11258 2 2 1 5 6599 7366 2355
11259 2 2 1 5 4379 8097 2215
11260 2 2 1 5 7879 8350 3421
11261 2 2 1 5 57 7234 1449
11262 2 2 1 5 5139 8488 3373
11263 2 2 1 5 1642 7484 6015
11264 2 2 1 5 6611 6896 1744
11265 2 2 1 5 6025 6377 2402
11266 2 2 1 5 6219 6238 1137
11267 2 2 1 5 1903 8456 2564
11268 2 2 1 5 2648 6362 5086
11269 2 2 1 5 3101 8449 5032
11270 2 2 1 5 1654 7819 7532
11271 2 2 1 5 1307 6506 4012
11272 2 2 1 5 3847 7367 4788
11273 2 2 1 5 2474 8027 1673
11274 2 2 1 5 5291 7789 3543
11275 2 2 1 5 1182 8148 1662
11276 2 2 1 5 3429 7520 6001
11277 2 2 1 5 3588 7210 5248
11278 2 2 1 5 2473 7139 1675
11279 2 2 1 5 4917 7299 3564
11280 2 2 1 5 2760 5871 4714
11281 2 2 1 5 1764 8290 6641
11282 2 2 1 5 5704 7003 1987
11283 2 2 1 5 2184 7811 6922
11284 2 2 1 5 6819 8289 3477
11285 2 2 1 5 1870 5731 5262
11286 2 2 1 5 2892 5083 31
11287 2 2 1 5 3722 8451 5726
11288 2 2 1 5 2716 6674 4783
11289 2 2 1 5 4395 8048 3436
11290 2 2 1 5 1778 6019 5357
11291 2 2 1 5 3172 8175 5098
11292 2 2 1 5 3132 6691 6450
11293 2 2 1 5 7431 7605 5240
11294 2 2 1 5 32 8169 6376
11295 2 2 1 5 3504 8237 5184
11296 2 2 1 5 7159 8508 3793
11297 2 2 1 5 2703 7054 7052
11298 2 2 1 5 4763 7082 2399
11299 2 2 1 5 3126 7115 5297
11300 2 2 1 5 4014 8261 6431
11301 2 2 1 5 5994 7088 2549
11302 2 2 1 5 3558 7624 5843
11303 2 2 1 5 3279 7073 5045
11304 2 2 1 5 6315 7019 3077
11305 2 2 1 5 4990 7335 3748
11306 2 2 1 5 5131 6817 3161
11307 2 2 1 5 7939 8465 4269
11308 2 2 1 5 371 8190 5453
11309 2 2 1 5 2021 7553 2117
11310 2 2 1 5 259 7032 705
11311 2 2 1 5 2752 6743 6252
11312 2 2 1 5 4479 8583 2084
11313 2 2 1 5 5100 8464 6440
11314 2 2 1 5 7164 8054 3057
11315 2 2 1 5 3256 6821 6151
11316 2 2 1 5 1524 6725 1223
11317 2 2 1 5 4866 6400 2719
11318 2 2 1 5 601 6735 1282
11319 2 2 1 5 3477 6979 5223
11320 2 2 1 5 2864 8092 6124
11321 2 2 1 5 4900 7936 6394
11322 2 2 1 5 4706 6164 2957
11323 2 2 1 5 6325 8065 2316
11324 2 2 1 5 291 8139 5766
11325 2 2 1 5 2664 7406 2665
11326 2 2 1 5 264 8010 6134
11327 2 2 1 5 7125 7705 3252
11328 2 2 1 5 4100 6740 5165
11329 2 2 1 5 5523 8423 4026
11330 2 2 1 5 3268 7462 5082
11331 2 2 1 5 2110 8588 5375
11332 2 2 1 5 5719 6235 3273
11333 2 2 1 5 1957 6875 2587
11334 2 2 1 5 1685 8163 6045
11335 2 2 1 5 2605 5844 5376
11336 2 2 1 5 2259 7066 1328
11337 2 2 1 5 664 8299 2699
11338 2 2 1 5 369 6568 27
11339 2 2 1 5 3245 7508 4526
11340 2 2 1 5 6065 6829 4329
11341 2 2 1 5 3785 7058 4809
11342 2 2 1 5 4769 8024 5987
11343 2 2 1 5 7525 8329 1498
11344 2 2 1 5 2672 7035 4596
11345 2 2 1 5 510 6326 2114
11346 2 2 1 5 1970 6884 5582
11347 2 2 1 5 6263 7418 3522
11348 2 2 1 5 663 6946 5809
11349 2 2 1 5 4449 8507 3721
11350 2 2 1 5 5278 8201 5026
11351 2 2 1 5 6156 7034 3901
11352 2 2 1 5 3092 6165 6032
11353 2 2 1 5 5297 7115 3543
11354 2 2 1 5 265 7420 702
11355 2 2 1 5 1943 8287 2720
11356 2 2 1 5 3366 7423 6231
11357 2 2 1 5 4613 6414 3345
11358 2 2 1 5 1772 6768 1771
11359 2 2 1 5 5416 7381 5413
11360 2 2 1 5 5087 8148 3784
11361 2 2 1 5 4047 7299 2144
11362 2 2 1 5 5573 7975 1359
11363 2 2 1 5 5843 7329 3558
11364 2 2 1 5 3543 7789 5297
11365 2 2 1 5 4875 7476 1974
11366 2 2 1 5 4336 7577 520
11367 2 2 1 5 7424 8215 3910
11368 2 2 1 5 7193 7713 4257
11369 2 2 1 5 6153 6934 82
11370 2 2 1 5 4854 7144 6607
11371 2 2 1 5 5439 6528 3404
11372 2 2 1 5 1748 6780 2633
11373 2 2 1 5 482 8135 5216
11374 2 2 1 5 6707 8149 2413
11375 2 2 1 5 42 6883 2083
11376 2 2 1 5 2691 5630 5629
11377 2 2 1 5 2430 7365 1523
11378 2 2 1 5 390 6834 391
11379 2 2 1 5 2721 6770 1945
11380 2 2 1 5 5915 6877 6876
11381 2 2 1 5 5451 7488 3950
11382 2 2 1 5 7285 7286 268
11383 2 2 1 5 3969 7160 5737
11384 2 2 1 5 2477 6173 5438
11385 2 2 1 5 5390 5814 78
11386 2 2 1 5 3367 8222 5588
11387 2 2 1 5 4959 5383 3414
11388 2 2 1 5 5842 6660 3058
11389 2 2 1 5 3624 7912 4856
11390 2 2 1 5 2759 6832 2802
11391 2 2 1 5 2888 5959 3990
11392 2 2 1 5 4127 6495 4126
11393 2 2 1 5 2799 8460 6870
11394 2 2 1 5 2542 7061 4969
11395 2 2 1 5 1877 7061 5485
11396 2 2 1 5 2299 8229 1353
11397 2 2 1 5 1676 7034 4891
11398 2 2 1 5 6726 7750 3660
11399 2 2 1 5 5126 8428 3117
11400 2 2 1 5 6122 6570 2690
11401 2 2 1 5 5858 6236 3818
11402 2 2 1 5 5675 6899 1151
11403 2 2 1 5 1393 6879 2733
11404 2 2 1 5 2206 7482 143
11405 2 2 1 5 4322 7445 7323
11406 2 2 1 5 4741 8134 4122
11407 2 2 1 5 926 6051 1075
11408 2 2 1 5 2590 6496 5574
11409 2 2 1 5 6190 6681 21
11410 2 2 1 5 1451 7184 724
11411 2 2 1 5 7911 8602 4133
11412 2 2 1 5 492 7491 6506
11413 2 2 1 5 5384 7105 3416
11414 2 2 1 5 4432 5528 2942
11415 2 2 1 5 5057 6190 4377
11416 2 2 1 5 272 6805 6430
11417 2 2 1 5 6373 8609 3186
11418 2 2 1 5 1714 8268 2123
11419 2 2 1 5 2660 6912 2492
11420 2 2 1 5 5347 8512 3296
11421 2 2 1 5 1898 6793 688
11422 2 2 1 5 5480 7507 4160
11423 2 2 1 5 2208 6702 5748
11424 2 2 1 5 2515 6849 5698
11425 2 2 1 5 1270 6919 605
11426 2 2 1 5 240 7931 6018
11427 2 2 1 5 68 8174 6454
11428 2 2 1 5 1783 6298 5519
11429 2 2 1 5 4969 7061 2544
11430 2 2 1 5 5006 6424 3561
11431 2 2 1 5 3859 6379 4913
11432 2 2 1 5 2776 4912 4183
11433 2 2 1 5 6699 6879 1393
11434 2 2 1 5 3204 7698 3619
11435 2 2 1 5 3880 6863 5562
11436 2 2 1 5 1979 7950 2874
11437 2 2 1 5 359 6714 5044
11438 2 2 1 5 1515 8094 6371
11439 2 2 1 5 4526 7910 3245
11440 2 2 1 5 1841 8399 7566
11441 2 2 1 5 3525 6292 4171
11442 2 2 1 5 6575 7045 4075
11443 2 2 1 5 5940 7343 3539
11444 2 2 1 5 5542 6074 1078
11445 2 2 1 5 5216 8135 4096
11446 2 2 1 5 1876 6438 6437
11447 2 2 1 5 4980 6366 3815
11448 2 2 1 5 3202 6391 5963
11449 2 2 1 5 686 6226 694
11450 2 2 1 5 2869 6674 682
11451 2 2 1 5 6647 8082 4979
11452 2 2 1 5 532 8195 83
11453 2 2 1 5 4922 8166 5194
11454 2 2 1 5 431 7276 6876
11455 2 2 1 5 4516 4517 29
11456 2 2 1 5 6123 8227 4209
11457 2 2 1 5 3946 6602 4983
11458 2 2 1 5 1719 7069 2129
11459 2 2 1 5 3666 8028 5666
11460 2 2 1 5 2546 6693 1881
11461 2 2 1 5 787 6189 2407
11462 2 2 1 5 3549 7146 5177
11463 2 2 1 5 4862 7327 1157
11464 2 2 1 5 2669 6957 1789
11465 2 2 1 5 2557 6248 5991
11466 2 2 1 5 4155 8430 5152
11467 2 2 1 5 4946 7167 2287
11468 2 2 1 5 6219 6867 1608
11469 2 2 1 5 3303 7154 5174
11470 2 2 1 5 1420 7935 2871
11471 2 2 1 5 3746 7481 6839
11472 2 2 1 5 4906 5928 3799
11473 2 2 1 5 1884 7587 1888
11474 2 2 1 5 4563 8443 5702
11475 2 2 1 5 5093 7291 4109
11476 2 2 1 5 1812 5549 4553
11477 2 2 1 5 2148 7805 106
11478 2 2 1 5 5684 7147 5161
11479 2 2 1 5 3747 8006 7836
11480 2 2 1 5 6351 6951 3973
11481 2 2 1 5 4327 8081 6259
11482 2 2 1 5 4481 6002 3531
11483 2 2 1 5 3246 7283 4803
11484 2 2 1 5 3368 6509 5481
11485 2 2 1 5 6830 7463 4493
11486 2 2 1 5 2522 7827 2915
11487 2 2 1 5 5882 6560 3832
11488 2 2 1 5 2275 7854 6222
11489 2 2 1 5 3970 7680 6962
11490 2 2 1 5 803 7665 6133
11491 2 2 1 5 5343 7747 2081
11492 2 2 1 5 1354 7652 5234
11493 2 2 1 5 5599 7979 198
11494 2 2 1 5 3757 6603 3826
11495 2 2 1 5 367 8216 20
11496 2 2 1 5 5576 5932 2624
11497 2 2 1 5 2455 6803 4310
11498 2 2 1 5 1610 7459 1155
11499 2 2 1 5 6022 7034 1676
11500 2 2 1 5 58 6129 5447
11501 2 2 1 5 3125 5928 5742
11502 2 2 1 5 4808 7863 4027
11503 2 2 1 5 5997 6971 3526
11504 2 2 1 5 5987 7627 2116
11505 2 2 1 5 5218 5264 2431
11506 2 2 1 5 5817 8495 1283
11507 2 2 1 5 2260 6637 2261
11508 2 2 1 5 1294 7703 7240
11509 2 2 1 5 7267 7268 4297
11510 2 2 1 5 5030 6717 3632
11511 2 2 1 5 5365 8213 3478
11512 2 2 1 5 4963 6380 3260
11513 2 2 1 5 5534 8454 3598
11514 2 2 1 5 4587 7405 3521
11515 2 2 1 5 3351 8134 6073
11516 2 2 1 5 1802 8475 4117
11517 2 2 1 5 4129 8564 3060
11518 2 2 1 5 5556 6988 1917
11519 2 2 1 5 5432 6472 593
11520 2 2 1 5 6857 8491 3540
11521 2 2 1 5 5061 7934 5722
11522 2 2 1 5 5993 8582 3581
11523 2 2 1 5 527 6780 2825
11524 2 2 1 5 2484 8345 6402
11525 2 2 1 5 1895 7659 1897
11526 2 2 1 5 5453 7897 3569
11527 2 2 1 5 5450 7488 3048
11528 2 2 1 5 1749 6795 4836
11529 2 2 1 5 3437 7710 7238
11530 2 2 1 5 4282 7833 6973
11531 2 2 1 5 2068 6902 1167
11532 2 2 1 5 6773 8129 3502
11533 2 2 1 5 6925 7832 3578
11534 2 2 1 5 3642 4554 2122
11535 2 2 1 5 5507 6906 3395
11536 2 2 1 5 3412 8415 7042
11537 2 2 1 5 2890 8595 7384
11538 2 2 1 5 6416 8591 2880
11539 2 2 1 5 1759 8136 599
11540 2 2 1 5 4910 6771 4159
11541 2 2 1 5 7045 7719 4075
11542 2 2 1 5 3298 5395 5394
11543 2 2 1 5 5366 8237 3504
11544 2 2 1 5 5248 8336 3164
11545 2 2 1 5 1424 6558 6188
11546 2 2 1 5 2117 7553 1228
11547 2 2 1 5 6553 7116 3721
11548 2 2 1 5 4702 6802 3545
11549 2 2 1 5 7188 7189 35
11550 2 2 1 5 6238 6239 14
11551 2 2 1 5 6753 8383 1828
11552 2 2 1 5 4193 8063 7436
11553 2 2 1 5 6542 8215 4353
11554 2 2 1 5 3796 4945 3711
11555 2 2 1 5 3223 7297 5961
11556 2 2 1 5 1439 8090 7427
11557 2 2 1 5 655 7552 1323
11558 2 2 1 5 4913 5875 3859
11559 2 2 1 5 5934 6017 215
11560 2 2 1 5 2217 6889 149
11561 2 2 1 5 1177 8586 7409
11562 2 2 1 5 2069 8024 7517
11563 2 2 1 5 3246 6668 6059
11564 2 2 1 5 1183 7063 3017
11565 2 2 1 5 4339 4849 2830
11566 2 2 1 5 6949 8124 4375
11567 2 2 1 5 4601 7702 6161
11568 2 2 1 5 3441 7407 5873
11569 2 2 1 5 2674 7689 5428
11570 2 2 1 5 4655 7698 3204
11571 2 2 1 5 5333 7089 3968
11572 2 2 1 5 154 6969 160
11573 2 2 1 5 1607 5057 2895
11574 2 2 1 5 6896 7374 1744
11575 2 2 1 5 2968 7807 1555
11576 2 2 1 5 6169 6961 4413
11577 2 2 1 5 1881 6930 2546
11578 2 2 1 5 5605 6311 3082
11579 2 2 1 5 6178 8126 1273
11580 2 2 1 5 4028 8308 8307
11581 2 2 1 5 5191 6102 2178
11582 2 2 1 5 276 7389 5983
11583 2 2 1 5 3433 6961 6169
11584 2 2 1 5 3813 7828 2650
11585 2 2 1 5 3173 6997 5204
11586 2 2 1 5 4544 7776 3212
11587 2 2 1 5 3071 7538 5018
11588 2 2 1 5 5134 8365 2465
11589 2 2 1 5 6547 6548 3244
11590 2 2 1 5 4681 8562 6879
11591 2 2 1 5 2470 6501 5795
11592 2 2 1 5 1367 6940 2361
11593 2 2 1 5 5626 6465 81
11594 2 2 1 5 2687 8256 1311
11595 2 2 1 5 3135 8215 6542
11596 2 2 1 5 4477 7693 5950
11597 2 2 1 5 6100 8433 4973
11598 2 2 1 5 4340 8422 6200
11599 2 2 1 5 3386 8466 5145
11600 2 2 1 5 3514 6751 2985
11601 2 2 1 5 4623 7379 1043
11602 2 2 1 5 5881 6487 3296
11603 2 2 1 5 2684 6932 4108
11604 2 2 1 5 4182 6305 5975
11605 2 2 1 5 2483 8345 2484
11606 2 2 1 5 6100 7768 1166
11607 2 2 1 5 1021 7669 1020
11608 2 2 1 5 1009 8342 5249
11609 2 2 1 5 6544 7674 4543
11610 2 2 1 5 1759 7398 5356
11611 2 2 1 5 3837 5681 5129
11612 2 2 1 5 3839 7422 6764
11613 2 2 1 5 6782 8539 3756
11614 2 2 1 5 4109 6372 5093
11615 2 2 1 5 3933 7410 3506
11616 2 2 1 5 3431 5348 5029
11617 2 2 1 5 8129 8130 3502
11618 2 2 1 5 3566 7121 6941
11619 2 2 1 5 637 8146 2682
11620 2 2 1 5 4943 8336 2912
11621 2 2 1 5 4168 5043 2813
11622 2 2 1 5 4829 7609 3001
11623 2 2 1 5 7946 7947 4952
11624 2 2 1 5 1379 8608 5359
11625 2 2 1 5 3898 7371 4708
11626 2 2 1 5 944 7037 2027
11627 2 2 1 5 4073 8506 3534
11628 2 2 1 5 5695 8182 3181
11629 2 2 1 5 1674 7907 7594
11630 2 2 1 5 6034 7429 851
11631 2 2 1 5 3456 6635 6113
11632 2 2 1 5 3657 8466 8096
11633 2 2 1 5 2315 8356 202
11634 2 2 1 5 1476 8315 2979
11635 2 2 1 5 5520 6703 2838
11636 2 2 1 5 8286 8489 1187
11637 2 2 1 5 2269 8464 4732
11638 2 2 1 5 7253 7254 7251
11639 2 2 1 5 1640 8159 5244
11640 2 2 1 5 111 6319 6318
11641 2 2 1 5 3414 7019 6315
11642 2 2 1 5 3177 7753 3978
11643 2 2 1 5 3980 7807 2968
11644 2 2 1 5 3753 5208 5003
11645 2 2 1 5 4410 6747 692
11646 2 2 1 5 126 6982 2177
11647 2 2 1 5 2831 7229 1274
11648 2 2 1 5 4782 6654 4614
11649 2 2 1 5 2177 7903 126
11650 2 2 1 5 5973 6998 3800
11651 2 2 1 5 3514 4223 4222
11652 2 2 1 5 4665 4962 2851
11653 2 2 1 5 5883 8449 3101
11654 2 2 1 5 786 6189 787
11655 2 2 1 5 7634 7969 7632
11656 2 2 1 5 6529 7342 2343
11657 2 2 1 5 2431 8085 321
11658 2 2 1 5 1192 8403 7450
11659 2 2 1 5 5075 7635 3625
11660 2 2 1 5 5961 7402 4542
11661 2 2 1 5 4208 8186 5051
11662 2 2 1 5 4870 6897 6825
11663 2 2 1 5 5293 8523 473
11664 2 2 1 5 5579 7298 149
11665 2 2 1 5 5519 6298 2836
11666 2 2 1 5 5937 7858 3126
11667 2 2 1 5 521 8144 5362
11668 2 2 1 5 1742 7550 5693
11669 2 2 1 5 6376 8169 3150
11670 2 2 1 5 5924 7804 2792
11671 2 2 1 5 5572 7565 3225
11672 2 2 1 5 4638 8488 5139
11673 2 2 1 5 1155 8435 7238
11674 2 2 1 5 3097 7934 5061
11675 2 2 1 5 3574 8464 2269
11676 2 2 1 5 4315 8083 5304
11677 2 2 1 5 4665 6930 3153
11678 2 2 1 5 6817 7195 3161
11679 2 2 1 5 6699 8551 1960
11680 2 2 1 5 5659 8440 1790
11681 2 2 1 5 5550 8309 4080
11682 2 2 1 5 5661 7035 2672
11683 2 2 1 5 5255 7937 2269
11684 2 2 1 5 4167 6943 1566
11685 2 2 1 5 3610 6937 5301
11686 2 2 1 5 1269 6432 2491
11687 2 2 1 5 3916 7858 5937
11688 2 2 1 5 3274 7852 6603
11689 2 2 1 5 3625 8375 5462
11690 2 2 1 5 3349 8116 5714
11691 2 2 1 5 3335 6636 6381
11692 2 2 1 5 4832 5406 3408
11693 2 2 1 5 2172 7096 1793
11694 2 2 1 5 4594 6870 3662
11695 2 2 1 5 1118 7775 2964
11696 2 2 1 5 6944 7317 690
11697 2 2 1 5 3932 7361 5414
11698 2 2 1 5 3413 7392 7325
11699 2 2 1 5 5958 7103 3064
11700 2 2 1 5 1415 7245 2392
11701 2 2 1 5 1106 6277 37
11702 2 2 1 5 2285 7472 1949
11703 2 2 1 5 1166 7768 2087
11704 2 2 1 5 2236 5496 3974
11705 2 2 1 5 2593 6754 6333
11706 2 2 1 5 4241 8243 2466
11707 2 2 1 5 5291 7383 3614
11708 2 2 1 5 2968 6701 3980
11709 2 2 1 5 6169 8442 1196
11710 2 2 1 5 4942 7142 3189
11711 2 2 1 5 5635 6395 3407
11712 2 2 1 5 6602 7416 3947
11713 2 2 1 5 2574 6458 5316
11714 2 2 1 5 98 6848 4254
11715 2 2 1 5 3339 6675 5408
11716 2 2 1 5 4714 5411 2760
11717 2 2 1 5 5595 8479 3216
11718 2 2 1 5 4882 7928 3252
11719 2 2 1 5 4159 8111 4910
11720 2 2 1 5 4759 7649 3876
11721 2 2 1 5 1913 7901 5426
11722 2 2 1 5 3860 6945 6638
11723 2 2 1 5 2466 7708 7134
11724 2 2 1 5 26 6684 4940
11725 2 2 1 5 4847 7712 291
11726 2 2 1 5 1624 5908 5465
11727 2 2 1 5 310 6416 2424
11728 2 2 1 5 1434 7351 231
11729 2 2 1 5 3639 7514 6643
11730 2 2 1 5 45 7357 5952
11731 2 2 1 5 4564 6169 1196
11732 2 2 1 5 2118 6934 495
11733 2 2 1 5 2112 8168 1494
11734 2 2 1 5 1274 7989 2831
11735 2 2 1 5 2373 7511 244
11736 2 2 1 5 3757 8452 6330
11737 2 2 1 5 4165 7055 5848
11738 2 2 1 5 6293 6294 1833
11739 2 2 1 5 3056 6891 6176
11740 2 2 1 5 3604 7542 5662
11741 2 2 1 5 3402 6645 6032
11742 2 2 1 5 2241 8451 2242
11743 2 2 1 5 6038 6304 2891
11744 2 2 1 5 2063 6237 403
11745 2 2 1 5 1838 7601 6198
11746 2 2 1 5 7017 7083 1932
11747 2 2 1 5 1221 7968 1169
11748 2 2 1 5 3163 6559 3733
11749 2 2 1 5 5522 7759 4196
11750 2 2 1 5 4534 6655 3409
11751 2 2 1 5 1572 7625 4796
11752 2 2 1 5 2065 8236 6205
11753 2 2 1 5 1036 8044 2800
11754 2 2 1 5 4251 7790 2874
11755 2 2 1 5 2390 6661 4682
11756 2 2 1 5 4764 8087 3332
11757 2 2 1 5 4987 8121 1195
11758 2 2 1 5 2071 7090 6021
11759 2 2 1 5 2149 7120 1259
11760 2 2 1 5 5857 7009 3550
11761 2 2 1 5 4023 7395 4423
11762 2 2 1 5 3994 6517 4655
11763 2 2 1 5 2711 8454 5534
11764 2 2 1 5 2262 7015 171
11765 2 2 1 5 1254 7057 2502
11766 2 2 1 5 5583 8061 984
11767 2 2 1 5 2256 7307 652
11768 2 2 1 5 5433 8386 3314
11769 2 2 1 5 3734 7984 1939
11770 2 2 1 5 4493 5420 378
11771 2 2 1 5 6534 7360 2028
11772 2 2 1 5 5641 7226 3375
11773 2 2 1 5 3714 6763 6113
11774 2 2 1 5 4042 7680 6721
11775 2 2 1 5 6339 6955 1358
11776 2 2 1 5 2478 8312 1643
11777 2 2 1 5 1567 7575 5796
11778 2 2 1 5 6155 8566 3665
11779 2 2 1 5 1862 8465 2253
11780 2 2 1 5 2193 7272 1775
11781 2 2 1 5 6259 8605 4878
11782 2 2 1 5 7473 7477 720
11783 2 2 1 5 4390 6337 1747
11784 2 2 1 5 1224 8074 6743
11785 2 2 1 5 6041 6893 3154
11786 2 2 1 5 2993 8313 2992
11787 2 2 1 5 2259 7536 2260
11788 2 2 1 5 3721 8507 6114
11789 2 2 1 5 1851 6295 4687
11790 2 2 1 5 3972 7388 6792
11791 2 2 1 5 2349 6808 5700
11792 2 2 1 5 1906 7222 678
11793 2 2 1 5 3206 7713 7193
11794 2 2 1 5 5060 6831 680
11795 2 2 1 5 5217 7288 4088
11796 2 2 1 5 1796 6567 1765
11797 2 2 1 5 7651 8444 65
11798 2 2 1 5 4008 8127 5531
11799 2 2 1 5 1529 8335 804
11800 2 2 1 5 689 8011 2722
11801 2 2 1 5 1424 7443 716
11802 2 2 1 5 5747 8001 2253
11803 2 2 1 5 4174 6350 3309
11804 2 2 1 5 1226 8085 7715
11805 2 2 1 5 6165 7761 3834
11806 2 2 1 5 301 7274 1422
11807 2 2 1 5 4354 5644 3047
11808 2 2 1 5 5161 7147 3938
11809 2 2 1 5 4339 7078 4849
11810 2 2 1 5 2176 7026 2829
11811 2 2 1 5 882 8107 941
11812 2 2 1 5 2087 7197 1166
11813 2 2 1 5 6117 8236 2065
11814 2 2 1 5 4714 5871 2419
11815 2 2 1 5 4395 5807 3382
11816 2 2 1 5 1593 5314 3010
11817 2 2 1 5 1961 7648 2589
11818 2 2 1 5 4448 7858 7675
11819 2 2 1 5 6702 7629 3630
11820 2 2 1 5 2192 6673 6672
11821 2 2 1 5 7740 8156 3165
11822 2 2 1 5 29 7837 4516
11823 2 2 1 5 7248 7249 561
11824 2 2 1 5 2549 7088 1885
11825 2 2 1 5 795 6377 2755
11826 2 2 1 5 6992 7336 3942
11827 2 2 1 5 3987 7382 5756
11828 2 2 1 5 3812 7894 3661
11829 2 2 1 5 3348 7099 4645
11830 2 2 1 5 3627 8572 317
11831 2 2 1 5 1974 8053 1336
11832 2 2 1 5 3836 7847 5638
11833 2 2 1 5 2465 7994 5134
11834 2 2 1 5 2815 7584 1171
11835 2 2 1 5 2856 5625 4607
11836 2 2 1 5 4443 8239 6746
11837 2 2 1 5 2670 6445 6254
11838 2 2 1 5 3558 7329 5644
11839 2 2 1 5 4678 7496 5691
11840 2 2 1 5 5628 5996 1014
11841 2 2 1 5 3381 7959 5363
11842 2 2 1 5 3927 7486 612
11843 2 2 1 5 5244 8159 3465
11844 2 2 1 5 3097 7789 5291
11845 2 2 1 5 826 7404 6800
11846 2 2 1 5 3326 5733 4162
11847 2 2 1 5 6041 7237 1472
11848 2 2 1 5 309 7086 2766
11849 2 2 1 5 2547 7839 1883
11850 2 2 1 5 1882 7794 2547
11851 2 2 1 5 4788 8457 3847
11852 2 2 1 5 1853 8553 7728
11853 2 2 1 5 3558 5644 4424
11854 2 2 1 5 3607 8277 6116
11855 2 2 1 5 4993 5239 2572
11856 2 2 1 5 3268 8075 7102
11857 2 2 1 5 132 7811 2184
11858 2 2 1 5 4904 6951 4097
11859 2 2 1 5 6488 8490 3497
11860 2 2 1 5 4815 7419 3835
11861 2 2 1 5 4030 5242 3764
11862 2 2 1 5 2637 5827 4267
11863 2 2 1 5 3712 8262 3179
11864 2 2 1 5 3225 7565 5308
11865 2 2 1 5 1117 7210 2258
11866 2 2 1 5 3389 6999 5554
11867 2 2 1 5 5138 6639 3705
11868 2 2 1 5 6968 7794 1885
11869 2 2 1 5 981 7696 6541
11870 2 2 1 5 6257 7866 3184
11871 2 2 1 5 3761 7428 5682
11872 2 2 1 5 5772 8179 5526
11873 2 2 1 5 6430 6805 3533
11874 2 2 1 5 5299 8476 3064
11875 2 2 1 5 5139 7095 3224
11876 2 2 1 5 4836 6795 2827
11877 2 2 1 5 2243 6906 2242
11878 2 2 1 5 7397 8418 1749
11879 2 2 1 5 3226 7242 5266
11880 2 2 1 5 3367 5294 4693
11881 2 2 1 5 4734 8245 7595
11882 2 2 1 5 6015 7484 3977
11883 2 2 1 5 3056 6175 4657
11884 2 2 1 5 244 4957 4529
11885 2 2 1 5 3896 6201 5271
11886 2 2 1 5 7667 7668 2161
11887 2 2 1 5 3940 8198 5280
11888 2 2 1 5 1155 7238 4680
11889 2 2 1 5 5515 6533 2971
11890 2 2 1 5 3775 7502 5929
11891 2 2 1 5 5632 6881 55
11892 2 2 1 5 7213 7304 4265
11893 2 2 1 5 4222 7581 3514
11894 2 2 1 5 6493 7327 5330
11895 2 2 1 5 5599 7642 3411
11896 2 2 1 5 4267 6521 6186
11897 2 2 1 5 5133 8316 634
11898 2 2 1 5 5952 7357 3392
11899 2 2 1 5 2855 6078 5287
11900 2 2 1 5 218 7001 5157
11901 2 2 1 5 4829 7753 3177
11902 2 2 1 5 3457 7074 4784
11903 2 2 1 5 3994 8579 5882
11904 2 2 1 5 5141 7716 4503
11905 2 2 1 5 171 7015 6845
11906 2 2 1 5 642 7284 641
11907 2 2 1 5 6657 7057 1254
11908 2 2 1 5 1079 7752 7708
11909 2 2 1 5 4711 8395 6071
11910 2 2 1 5 3149 7820 5738
11911 2 2 1 5 3402 7679 6645
11912 2 2 1 5 3756 6556 2678
11913 2 2 1 5 1505 7961 2767
11914 2 2 1 5 5401 7113 3553
11915 2 2 1 5 1705 7217 1706
11916 2 2 1 5 2919 7775 1118
11917 2 2 1 5 4572 6977 1679
11918 2 2 1 5 3362 6512 5167
11919 2 2 1 5 4498 7685 6094
11920 2 2 1 5 1520 6834 6668
11921 2 2 1 5 3784 8148 5694
11922 2 2 1 5 5268 6103 3503
11923 2 2 1 5 3042 8262 7941
11924 2 2 1 5 4964 5583 2783
11925 2 2 1 5 1045 5387 4167
11926 2 2 1 5 6764 7422 3821
11927 2 2 1 5 4732 8464 5100
11928 2 2 1 5 2665 8142 2664
11929 2 2 1 5 6605 7169 2646
11930 2 2 1 5 3269 7452 5563
11931 2 2 1 5 6684 7462 4940
11932 2 2 1 5 4639 7478 4071
11933 2 2 1 5 1654 7491 492
11934 2 2 1 5 1169 8427 1221
11935 2 2 1 5 5722 7934 3869
11936 2 2 1 5 3749 7765 6910
11937 2 2 1 5 3024 5696 1140
11938 2 2 1 5 3818 6756 5858
11939 2 2 1 5 6984 7135 3729
11940 2 2 1 5 3850 7725 5957
11941 2 2 1 5 687 7353 1934
11942 2 2 1 5 5398 8397 1168
11943 2 2 1 5 1794 7175 1280
11944 2 2 1 5 7570 8430 1705
11945 2 2 1 5 5820 6498 3537
11946 2 2 1 5 4075 7492 6575
11947 2 2 1 5 6818 8457 2330
11948 2 2 1 5 4944 8088 3044
11949 2 2 1 5 6939 8084 4099
11950 2 2 1 5 6908 7092 3050
11951 2 2 1 5 6247 6248 2557
11952 2 2 1 5 5528 5833 2942
11953 2 2 1 5 5650 8101 4571
11954 2 2 1 5 3657 8096 5389
11955 2 2 1 5 3272 8367 7349
11956 2 2 1 5 6198 7601 3733
11957 2 2 1 5 5246 5924 2792
11958 2 2 1 5 22 6756 23
11959 2 2 1 5 611 7341 1296
11960 2 2 1 5 8382 8383 3595
11961 2 2 1 5 52 8242 6185
11962 2 2 1 5 4103 7909 4476
11963 2 2 1 5 3063 7882 5410
11964 2 2 1 5 5983 7389 1985
11965 2 2 1 5 1824 7421 2183
11966 2 2 1 5 1164 7485 4408
11967 2 2 1 5 5521 7542 4273
11968 2 2 1 5 5180 6210 3659
11969 2 2 1 5 1094 7310 1742
11970 2 2 1 5 6575 7492 3649
11971 2 2 1 5 3651 5823 4712
11972 2 2 1 5 3179 8262 3646
11973 2 2 1 5 5524 7604 183
11974 2 2 1 5 6073 8227 3351
11975 2 2 1 5 1306 7801 5053
11976 2 2 1 5 6871 8562 4681
11977 2 2 1 5 1045 6772 5387
11978 2 2 1 5 3000 7981 2999
11979 2 2 1 5 3806 5235 3027
11980 2 2 1 5 3096 7101 4833
11981 2 2 1 5 3907 7997 5263
11982 2 2 1 5 1380 8138 2334
11983 2 2 1 5 6638 6926 3860
11984 2 2 1 5 2451 7896 3809
11985 2 2 1 5 2509 7180 1312
11986 2 2 1 5 5356 7398 1762
11987 2 2 1 5 5560 5929 3128
11988 2 2 1 5 2169 6337 4390
11989 2 2 1 5 2794 8161 3783
11990 2 2 1 5 4081 6063 3621
11991 2 2 1 5 6973 7833 1447
11992 2 2 1 5 300 8028 1440
11993 2 2 1 5 3731 7881 6840
11994 2 2 1 5 1762 7398 6922
11995 2 2 1 5 6032 6645 3629
11996 2 2 1 5 6259 8081 3445
11997 2 2 1 5 2465 8365 2464
11998 2 2 1 5 6388 7367 2354
11999 2 2 1 5 965 7696 981
12000 2 2 1 5 3644 7233 6271
12001 2 2 1 5 3277 5290 1220
12002 2 2 1 5 4340 7350 6142
12003 2 2 1 5 3403 8087 4764
12004 2 2 1 5 258 7691 2385
12005 2 2 1 5 4876 6021 3248
12006 2 2 1 5 4427 8428 3458
12007 2 2 1 5 6301 7217 1705
12008 2 2 1 5 2948 6761 6760
12009 2 2 1 5 5614 7645 1350
12010 2 2 1 5 5030 7905 1794
12011 2 2 1 5 3503 8327 5268
12012 2 2 1 5 5293 7117 65
12013 2 2 1 5 443 7370 6696
12014 2 2 1 5 2554 5680 5179
12015 2 2 1 5 3521 5435 5434
12016 2 2 1 5 2851 8618 8086
12017 2 2 1 5 3571 7186 7185
12018 2 2 1 5 5254 6466 3344
12019 2 2 1 5 5371 7263 5372
12020 2 2 1 5 6170 8072 2535
12021 2 2 1 5 5152 7570 3702
12022 2 2 1 5 7866 7867 4503
12023 2 2 1 5 101 6848 3743
12024 2 2 1 5 6498 8095 3164
12025 2 2 1 5 5268 8327 2411
12026 2 2 1 5 3760 8229 5939
12027 2 2 1 5 4104 7247 7114
12028 2 2 1 5 6277 8513 1609
12029 2 2 1 5 3668 6167 6010
12030 2 2 1 5 840 5346 761
12031 2 2 1 5 5402 5758 3983
12032 2 2 1 5 3806 5821 5235
12033 2 2 1 5 1834 7733 4789
12034 2 2 1 5 311 4720 3321
12035 2 2 1 5 2198 7456 1810
12036 2 2 1 5 2388 7415 6097
12037 2 2 1 5 4169 5771 4170
12038 2 2 1 5 3950 7259 5451
12039 2 2 1 5 7675 7858 3916
12040 2 2 1 5 5825 7968 1221
12041 2 2 1 5 5082 7717 32
12042 2 2 1 5 4900 7806 4404
12043 2 2 1 5 7648 7729 3945
12044 2 2 1 5 4169 6053 5771
12045 2 2 1 5 6070 6367 3781
12046 2 2 1 5 54 8474 3769
12047 2 2 1 5 2947 6797 6531
12048 2 2 1 5 5327 8240 746
12049 2 2 1 5 1960 6879 6699
12050 2 2 1 5 4329 8584 4414
12051 2 2 1 5 135 7884 2191
12052 2 2 1 5 4164 7611 3715
12053 2 2 1 5 6325 8356 1922
12054 2 2 1 5 1612 6939 375
12055 2 2 1 5 6482 8178 4009
12056 2 2 1 5 3433 7994 6961
12057 2 2 1 5 3389 6827 6552
12058 2 2 1 5 1195 8121 4040
12059 2 2 1 5 4591 8440 1819
12060 2 2 1 5 3913 6857 5570
12061 2 2 1 5 5705 7086 309
12062 2 2 1 5 5031 8510 7495
12063 2 2 1 5 1896 6222 2560
12064 2 2 1 5 7002 7003 3290
12065 2 2 1 5 118 7521 2163
12066 2 2 1 5 4081 8610 6063
12067 2 2 1 5 3531 6628 4481
12068 2 2 1 5 3132 6796 6691
12069 2 2 1 5 3052 8023 5671
12070 2 2 1 5 2806 8145 6490
12071 2 2 1 5 202 8356 6325
12072 2 2 1 5 4700 8355 2378
12073 2 2 1 5 6860 6861 6775
12074 2 2 1 5 1039 7170 6125
12075 2 2 1 5 6826 7831 3120
12076 2 2 1 5 2098 5237 5213
12077 2 2 1 5 3629 7168 5365
12078 2 2 1 5 1614 8119 1139
12079 2 2 1 5 5190 7903 3669
12080 2 2 1 5 5939 8229 2299
12081 2 2 1 5 1973 8519 1406
12082 2 2 1 5 5809 6946 4242
12083 2 2 1 5 6268 7976 3262
12084 2 2 1 5 4608 7519 6291
12085 2 2 1 5 713 8047 6630
12086 2 2 1 5 7846 7955 5892
12087 2 2 1 5 1311 8256 5251
12088 2 2 1 5 3778 8300 5224
12089 2 2 1 5 3657 7289 5145
12090 2 2 1 5 3705 6615 5138
12091 2 2 1 5 7659 8556 1900
12092 2 2 1 5 5345 8257 5018
12093 2 2 1 5 4666 8577 4128
12094 2 2 1 5 4293 7371 6610
12095 2 2 1 5 1911 6339 1358
12096 2 2 1 5 4827 6935 2790
12097 2 2 1 5 3250 8343 6610
12098 2 2 1 5 5257 6751 4224
12099 2 2 1 5 519 6936 518
12100 2 2 1 5 804 7368 1529
12101 2 2 1 5 2693 7307 2255
12102 2 2 1 5 5636 7364 4508
12103 2 2 1 5 3838 6706 6705
12104 2 2 1 5 3612 7566 5445
12105 2 2 1 5 1696 6551 5843
12106 2 2 1 5 5991 7731 2556
12107 2 2 1 5 6674 8410 4783
12108 2 2 1 5 3211 8219 5989
12109 2 2 1 5 4393 8346 1442
12110 2 2 1 5 3312 6732 166
12111 2 2 1 5 6026 7949 1874
12112 2 2 1 5 3682 6894 5880
12113 2 2 1 5 1146 7586 1149
12114 2 2 1 5 6046 8444 1686
12115 2 2 1 5 5698 6849 4591
12116 2 2 1 5 4624 6684 26
12117 2 2 1 5 4140 5496 2236
12118 2 2 1 5 1611 7710 5603
12119 2 2 1 5 3727 6867 5858
12120 2 2 1 5 4853 7812 3311
12121 2 2 1 5 2935 5938 1925
12122 2 2 1 5 2229 6649 4994
12123 2 2 1 5 6368 6925 3387
12124 2 2 1 5 5662 7542 3105
12125 2 2 1 5 2865 6530 4627
12126 2 2 1 5 4252 8397 5398
12127 2 2 1 5 5976 6913 2588
12128 2 2 1 5 4730 7095 4824
12129 2 2 1 5 5688 8491 3080
12130 2 2 1 5 226 7900 5723
12131 2 2 1 5 5529 6447 4288
12132 2 2 1 5 3207 8118 4871
12133 2 2 1 5 752 7626 540
12134 2 2 1 5 6442 6444 1871
12135 2 2 1 5 6748 7676 2082
12136 2 2 1 5 5436 7727 2200
12137 2 2 1 5 8096 8466 5377
12138 2 2 1 5 5408 7255 3339
12139 2 2 1 5 4579 7727 3851
12140 2 2 1 5 2864 7448 1371
12141 2 2 1 5 4127 7639 6495
12142 2 2 1 5 3511 4813 4461
12143 2 2 1 5 5389 8096 2684
12144 2 2 1 5 5174 5938 2935
12145 2 2 1 5 5891 7192 2878
12146 2 2 1 5 4627 6530 5065
12147 2 2 1 5 7838 8331 4367
12148 2 2 1 5 740 7433 279
12149 2 2 1 5 1246 7667 2161
12150 2 2 1 5 741 8267 2748
12151 2 2 1 5 4784 7074 6064
12152 2 2 1 5 1142 8259 7475
12153 2 2 1 5 4740 7628 3230
12154 2 2 1 5 1963 6926 5926
12155 2 2 1 5 2576 7835 683
12156 2 2 1 5 137 7574 5422
12157 2 2 1 5 5977 8272 3568
12158 2 2 1 5 6440 8464 3574
12159 2 2 1 5 4614 8413 3581
12160 2 2 1 5 3537 6293 5820
12161 2 2 1 5 6550 8448 3953
12162 2 2 1 5 196 8370 5904
12163 2 2 1 5 7626 7640 4411
12164 2 2 1 5 5464 7277 3905
12165 2 2 1 5 3387 6823 6368
12166 2 2 1 5 2344 6007 5238
12167 2 2 1 5 4699 8234 4143
12168 2 2 1 5 5965 8160 3047
12169 2 2 1 5 7572 7845 4199
12170 2 2 1 5 4145 7117 4929
12171 2 2 1 5 4048 6985 4011
12172 2 2 1 5 6359 7303 3742
12173 2 2 1 5 5464 8406 3353
12174 2 2 1 5 6403 6572 2558
12175 2 2 1 5 4365 8170 7818
12176 2 2 1 5 3317 6849 6537
12177 2 2 1 5 6609 8183 410
12178 2 2 1 5 6226 7829 694
12179 2 2 1 5 6538 7393 1629
12180 2 2 1 5 2171 7038 6352
12181 2 2 1 5 3191 8400 5021
12182 2 2 1 5 3902 7978 6156
12183 2 2 1 5 361 7994 2465
12184 2 2 1 5 4205 7111 3653
12185 2 2 1 5 1992 6555 5013
12186 2 2 1 5 6037 6054 2175
12187 2 2 1 5 6467 6877 3344
12188 2 2 1 5 1291 7562 2232
12189 2 2 1 5 2160 7406 586
12190 2 2 1 5 3348 6690 4486
12191 2 2 1 5 3459 6369 6368
12192 2 2 1 5 1794 8142 7175
12193 2 2 1 5 1200 7214 4346
12194 2 2 1 5 7138 8281 4001
12195 2 2 1 5 1764 6774 6733
12196 2 2 1 5 6131 8513 1156
12197 2 2 1 5 4178 8429 7720
12198 2 2 1 5 4125 7437 12
12199 2 2 1 5 3784 7278 5087
12200 2 2 1 5 1546 7561 1563
12201 2 2 1 5 3679 8172 5738
12202 2 2 1 5 3556 8014 8012
12203 2 2 1 5 2552 8415 4812
12204 2 2 1 5 5594 7844 6313
12205 2 2 1 5 2282 6339 1911
12206 2 2 1 5 2992 8313 1414
12207 2 2 1 5 5003 7457 3753
12208 2 2 1 5 5168 6493 4330
12209 2 2 1 5 6402 8345 1627
12210 2 2 1 5 4662 6899 5675
12211 2 2 1 5 4504 6257 6013
12212 2 2 1 5 4101 6896 6611
12213 2 2 1 5 5459 7836 3889
12214 2 2 1 5 4694 8054 7164
12215 2 2 1 5 5526 7830 1758
12216 2 2 1 5 1749 8418 577
12217 2 2 1 5 1585 5616 5615
12218 2 2 1 5 177 7785 2273
12219 2 2 1 5 6098 6451 3987
12220 2 2 1 5 5421 5745 4044
12221 2 2 1 5 5524 7402 3076
12222 2 2 1 5 346 7040 4271
12223 2 2 1 5 5123 8493 105
12224 2 2 1 5 3467 5276 3814
12225 2 2 1 5 3654 6990 5279
12226 2 2 1 5 6149 6998 255
12227 2 2 1 5 7308 7543 3165
12228 2 2 1 5 3140 6852 6561
12229 2 2 1 5 1722 7023 1286
12230 2 2 1 5 1321 6144 5747
12231 2 2 1 5 7588 7650 3745
12232 2 2 1 5 5445 8399 2251
12233 2 2 1 5 6577 7607 1984
12234 2 2 1 5 4213 6974 5818
12235 2 2 1 5 1221 7345 500
12236 2 2 1 5 3835 7419 5400
12237 2 2 1 5 5383 6625 3414
12238 2 2 1 5 4941 8210 5514
12239 2 2 1 5 3593 7196 5267
12240 2 2 1 5 4976 7647 6671
12241 2 2 1 5 2984 6751 5257
12242 2 2 1 5 342 8110 2787
12243 2 2 1 5 7269 7270 3193
12244 2 2 1 5 5301 7236 3610
12245 2 2 1 5 1161 7614 6719
12246 2 2 1 5 956 7264 5156
12247 2 2 1 5 4486 7941 7100
12248 2 2 1 5 1286 7023 5836
12249 2 2 1 5 3241 7906 7658
12250 2 2 1 5 6721 7680 1331
12251 2 2 1 5 6391 8153 2314
12252 2 2 1 5 5007 7401 1206
12253 2 2 1 5 3489 6747 4410
12254 2 2 1 5 5018 8257 3071
12255 2 2 1 5 1981 8021 5775
12256 2 2 1 5 4192 7815 4816
12257 2 2 1 5 1723 7554 2136
12258 2 2 1 5 4910 8111 8071
12259 2 2 1 5 6610 7371 3250
12260 2 2 1 5 5964 7110 3744
12261 2 2 1 5 6214 6335 1587
12262 2 2 1 5 3910 8038 6895
12263 2 2 1 5 6603 7852 3826
12264 2 2 1 5 1792 6121 5732
12265 2 2 1 5 6759 8206 2561
12266 2 2 1 5 5324 6705 4412
12267 2 2 1 5 3369 8063 4451
12268 2 2 1 5 1909 7642 5599
12269 2 2 1 5 1926 7932 2933
12270 2 2 1 5 6333 6754 3524
12271 2 2 1 5 3258 6392 4079
12272 2 2 1 5 5471 6952 3696
12273 2 2 1 5 4057 7986 3049
12274 2 2 1 5 5942 8470 2497
12275 2 2 1 5 2673 7883 1337
12276 2 2 1 5 3124 8281 7138
12277 2 2 1 5 5926 6926 3679
12278 2 2 1 5 6115 8213 3068
12279 2 2 1 5 4852 7258 3583
12280 2 2 1 5 5885 7262 6938
12281 2 2 1 5 1368 6075 5818
12282 2 2 1 5 828 971 829
12283 2 2 1 5 2576 5350 5189
12284 2 2 1 5 4254 6848 101
12285 2 2 1 5 4586 7378 3632
12286 2 2 1 5 6641 6774 1764
12287 2 2 1 5 4088 6889 5217
12288 2 2 1 5 3049 6802 4702
12289 2 2 1 5 2464 8365 5412
12290 2 2 1 5 1402 8611 2366
12291 2 2 1 5 5687 7691 3742
12292 2 2 1 5 2297 7923 7007
12293 2 2 1 5 3230 8572 5766
12294 2 2 1 5 1775 7272 7048
12295 2 2 1 5 1792 7902 5730
12296 2 2 1 5 5611 7024 3155
12297 2 2 1 5 3851 7727 5436
12298 2 2 1 5 2597 6835 4522
12299 2 2 1 5 3733 7194 3163
12300 2 2 1 5 1795 6678 6135
12301 2 2 1 5 1301 8374 2192
12302 2 2 1 5 710 6550 3953
12303 2 2 1 5 5483 7814 1669
12304 2 2 1 5 1349 8080 4555
12305 2 2 1 5 2720 7635 5075
12306 2 2 1 5 190 7088 5994
12307 2 2 1 5 3847 8457 6818
12308 2 2 1 5 5670 8508 4430
12309 2 2 1 5 5563 7654 3998
12310 2 2 1 5 3919 8543 4989
12311 2 2 1 5 4216 7707 6188
12312 2 2 1 5 5582 8154 1971
12313 2 2 1 5 5716 8332 351
12314 2 2 1 5 1779 7845 7572
12315 2 2 1 5 6111 7889 3517
12316 2 2 1 5 6059 6668 4119
12317 2 2 1 5 3974 8324 5728
12318 2 2 1 5 5253 6917 3083
12319 2 2 1 5 5122 5431 3428
12320 2 2 1 5 1213 8610 7599
12321 2 2 1 5 2799 7147 5684
12322 2 2 1 5 6390 7315 2531
12323 2 2 1 5 2806 6490 3684
12324 2 2 1 5 704 7618 707
12325 2 2 1 5 2535 7711 1857
12326 2 2 1 5 7616 7637 4400
12327 2 2 1 5 5369 7933 3318
12328 2 2 1 5 3733 7601 7194
12329 2 2 1 5 2328 6864 6253
12330 2 2 1 5 2974 5752 5751
12331 2 2 1 5 5717 5827 538
12332 2 2 1 5 602 7600 4193
12333 2 2 1 5 1198 7909 4103
12334 2 2 1 5 3715 7611 5059
12335 2 2 1 5 5063 5546 2146
12336 2 2 1 5 3340 7699 3865
12337 2 2 1 5 3593 8374 6801
12338 2 2 1 5 2003 5627 5105
12339 2 2 1 5 4835 8532 207
12340 2 2 1 5 5098 7987 3172
12341 2 2 1 5 4484 8612 7721
12342 2 2 1 5 6852 7999 3554
12343 2 2 1 5 5691 7496 3496
12344 2 2 1 5 3300 7518 4525
12345 2 2 1 5 5305 5834 3768
12346 2 2 1 5 4032 6729 3199
12347 2 2 1 5 342 7974 2444
12348 2 2 1 5 7897 8162 3569
12349 2 2 1 5 6645 6899 3629
12350 2 2 1 5 3523 7122 6030
12351 2 2 1 5 1790 7622 3989
12352 2 2 1 5 3332 8087 7470
12353 2 2 1 5 4490 8011 689
12354 2 2 1 5 5115 8392 188
12355 2 2 1 5 5311 7688 1044
12356 2 2 1 5 6145 7681 3358
12357 2 2 1 5 3484 6403 5708
12358 2 2 1 5 6010 6688 3510
12359 2 2 1 5 2787 8404 4531
12360 2 2 1 5 5459 7877 3610
12361 2 2 1 5 634 8316 5427
12362 2 2 1 5 3327 8154 5582
12363 2 2 1 5 3195 7664 4472
12364 2 2 1 5 4406 8156 7740
12365 2 2 1 5 1865 6704 5051
12366 2 2 1 5 6182 7319 2605
12367 2 2 1 5 8068 8267 741
12368 2 2 1 5 4211 7876 3302
12369 2 2 1 5 4762 8497 1175
12370 2 2 1 5 5594 6313 2834
12371 2 2 1 5 3479 6503 6342
12372 2 2 1 5 154 8578 6536
12373 2 2 1 5 5407 5960 4013
12374 2 2 1 5 1455 8380 776
12375 2 2 1 5 2377 5242 4030
12376 2 2 1 5 4154 8581 5360
12377 2 2 1 5 2304 7347 192
12378 2 2 1 5 5818 6075 3568
12379 2 2 1 5 3316 7030 5539
12380 2 2 1 5 5941 6515 71
12381 2 2 1 5 5570 6857 336
12382 2 2 1 5 5042 8567 2110
12383 2 2 1 5 5294 7140 1323
12384 2 2 1 5 1643 8312 5656
12385 2 2 1 5 3917 7298 5579
12386 2 2 1 5 6328 7373 1394
12387 2 2 1 5 3819 7103 5958
12388 2 2 1 5 1871 8577 4666
12389 2 2 1 5 3685 7340 5618
12390 2 2 1 5 1986 7221 2396
12391 2 2 1 5 1950 7619 2582
12392 2 2 1 5 2496 7811 6931
12393 2 2 1 5 2352 6817 5131
12394 2 2 1 5 2827 7828 2828
12395 2 2 1 5 2229 8521 1842
12396 2 2 1 5 3389 7326 6999
12397 2 2 1 5 5410 7882 3401
12398 2 2 1 5 5127 6675 3339
12399 2 2 1 5 3349 8309 5550
12400 2 2 1 5 3536 6977 5510
12401 2 2 1 5 653 7191 6213
12402 2 2 1 5 5748 8456 4494
12403 2 2 1 5 5983 6473 2398
12404 2 2 1 5 5535 6195 3608
12405 2 2 1 5 7721 8612 3923
12406 2 2 1 5 6655 7649 4759
12407 2 2 1 5 3411 7979 5599
12408 2 2 1 5 2593 8140 6754
12409 2 2 1 5 3428 7354 6686
12410 2 2 1 5 3298 6874 6072
12411 2 2 1 5 1665 7216 5884
12412 2 2 1 5 3462 6769 6110
12413 2 2 1 5 4144 6262 5308
12414 2 2 1 5 6947 7553 2021
12415 2 2 1 5 3717 6659 4995
12416 2 2 1 5 6389 6699 1393
12417 2 2 1 5 2608 6785 5984
12418 2 2 1 5 3520 6284 5541
12419 2 2 1 5 5460 5729 3405
12420 2 2 1 5 5582 6884 3327
12421 2 2 1 5 5124 6833 3403
12422 2 2 1 5 5373 8369 2525
12423 2 2 1 5 5633 8596 3636
12424 2 2 1 5 5164 5931 3461
12425 2 2 1 5 1667 7662 2814
12426 2 2 1 5 5145 8466 3657
12427 2 2 1 5 734 7754 1596
12428 2 2 1 5 6377 7793 289
12429 2 2 1 5 6418 8462 2538
12430 2 2 1 5 752 7640 7626
12431 2 2 1 5 3713 5482 5356
12432 2 2 1 5 6612 6613 3221
12433 2 2 1 5 3819 7448 5944
12434 2 2 1 5 3618 7663 5739
12435 2 2 1 5 5264 5527 4105
12436 2 2 1 5 6330 8452 3482
12437 2 2 1 5 6819 7352 3066
12438 2 2 1 5 2410 8102 6194
12439 2 2 1 5 2081 7747 41
12440 2 2 1 5 7238 7710 4680
12441 2 2 1 5 5880 6894 1205
12442 2 2 1 5 2697 8538 6474
12443 2 2 1 5 5588 8222 170
12444 2 2 1 5 2079 6655 4534
12445 2 2 1 5 5910 7437 4125
12446 2 2 1 5 6024 7658 3906
12447 2 2 1 5 2085 8008 44
12448 2 2 1 5 1784 7773 1305
12449 2 2 1 5 6408 6784 3949
12450 2 2 1 5 3113 7779 1588
12451 2 2 1 5 1042 5368 5246
12452 2 2 1 5 1747 5866 5693
12453 2 2 1 5 1136 7233 5668
12454 2 2 1 5 1308 8558 6052
12455 2 2 1 5 5580 7698 3620
12456 2 2 1 5 5590 7313 3474
12457 2 2 1 5 3354 7295 5686
12458 2 2 1 5 6841 8218 4351
12459 2 2 1 5 3707 7524 6386
12460 2 2 1 5 5790 8502 3282
12461 2 2 1 5 3537 7588 6294
12462 2 2 1 5 4578 7682 5418
12463 2 2 1 5 4636 7558 3548
12464 2 2 1 5 4799 8608 1379
12465 2 2 1 5 6130 7280 2416
12466 2 2 1 5 6603 8112 3081
12467 2 2 1 5 1335 7338 7337
12468 2 2 1 5 4255 8257 5345
12469 2 2 1 5 2402 6504 6025
12470 2 2 1 5 4492 7763 6721
12471 2 2 1 5 5465 8512 4189
12472 2 2 1 5 6913 7355 1958
12473 2 2 1 5 1310 6067 3936
12474 2 2 1 5 1850 7070 5935
12475 2 2 1 5 3296 8512 5465
12476 2 2 1 5 6138 7904 4363
12477 2 2 1 5 1987 7412 5704
12478 2 2 1 5 1462 7751 305
12479 2 2 1 5 6032 6165 3402
12480 2 2 1 5 3260 7894 3812
12481 2 2 1 5 2086 8326 5403
12482 2 2 1 5 6556 8539 4620
12483 2 2 1 5 5267 7504 3593
12484 2 2 1 5 2735 8124 5259
12485 2 2 1 5 5347 6564 3112
12486 2 2 1 5 3134 7423 6102
12487 2 2 1 5 3052 7155 5394
12488 2 2 1 5 3054 8596 5633
12489 2 2 1 5 4223 7085 266
12490 2 2 1 5 3648 6699 6389
12491 2 2 1 5 2345 6357 5547
12492 2 2 1 5 5339 7706 4114
12493 2 2 1 5 1444 7638 277
12494 2 2 1 5 3748 6527 2321
12495 2 2 1 5 6487 8187 3296
12496 2 2 1 5 2109 6934 6153
12497 2 2 1 5 5155 7528 6739
12498 2 2 1 5 2722 7955 689
12499 2 2 1 5 1874 7949 1873
12500 2 2 1 5 27 8162 1150
12501 2 2 1 5 3679 6926 6638
12502 2 2 1 5 6381 6636 2454
12503 2 2 1 5 3945 8424 4907
12504 2 2 1 5 1525 7114 5527
12505 2 2 1 5 5537 7516 3592
12506 2 2 1 5 3335 6381 5586
12507 2 2 1 5 2525 8369 6286
12508 2 2 1 5 1757 7890 2662
12509 2 2 1 5 2263 7728 172
12510 2 2 1 5 986 6714 937
12511 2 2 1 5 4745 7256 3055
12512 2 2 1 5 2801 5473 5148
12513 2 2 1 5 5359 7766 1379
12514 2 2 1 5 1617 6093 2911
12515 2 2 1 5 4779 6742 4131
12516 2 2 1 5 2874 4717 4716
12517 2 2 1 5 1878 7687 5936
12518 2 2 1 5 5834 7700 3768
12519 2 2 1 5 3350 7437 5910
12520 2 2 1 5 1640 7863 2477
12521 2 2 1 5 4896 7705 7125
12522 2 2 1 5 5536 7579 1693
12523 2 2 1 5 2689 7850 7346
12524 2 2 1 5 4733 7536 2259
12525 2 2 1 5 2468 8108 6093
12526 2 2 1 5 6799 7655 3297
12527 2 2 1 5 1663 6804 5884
12528 2 2 1 5 6015 7356 4000
12529 2 2 1 5 3201 7496 4678
12530 2 2 1 5 1596 7429 6034
12531 2 2 1 5 2370 7497 5541
12532 2 2 1 5 4271 5658 5657
12533 2 2 1 5 6692 8358 595
12534 2 2 1 5 2613 6785 4776
12535 2 2 1 5 5364 7516 1821
12536 2 2 1 5 2877 8220 6558
12537 2 2 1 5 1863 7841 2533
12538 2 2 1 5 2689 7346 6447
12539 2 2 1 5 3543 8436 6055
12540 2 2 1 5 1699 8487 6340
12541 2 2 1 5 3739 8246 5578
12542 2 2 1 5 7135 7230 3729
12543 2 2 1 5 6392 6776 3132
12544 2 2 1 5 3309 7591 4174
12545 2 2 1 5 5700 7643 2348
12546 2 2 1 5 5634 8344 2288
12547 2 2 1 5 6059 7283 3246
12548 2 2 1 5 5569 5586 3444
12549 2 2 1 5 3055 7318 4746
12550 2 2 1 5 5936 7687 4194
12551 2 2 1 5 5415 5416 5414
12552 2 2 1 5 1423 7415 2388
12553 2 2 1 5 6607 7144 3381
12554 2 2 1 5 7566 8399 5445
12555 2 2 1 5 2842 5945 5730
12556 2 2 1 5 6145 7022 4177
12557 2 2 1 5 1248 8615 6858
12558 2 2 1 5 4573 7590 6404
12559 2 2 1 5 1993 7929 1480
12560 2 2 1 5 3177 7609 4829
12561 2 2 1 5 3082 6762 5605
12562 2 2 1 5 1475 6533 823
12563 2 2 1 5 1618 8108 2468
12564 2 2 1 5 5240 5241 3866
12565 2 2 1 5 3839 6878 5521
12566 2 2 1 5 6112 7684 3741
12567 2 2 1 5 5308 6262 3225
12568 2 2 1 5 7720 8429 4179
12569 2 2 1 5 5263 8212 3907
12570 2 2 1 5 3312 6433 3937
12571 2 2 1 5 3907 8442 6106
12572 2 2 1 5 4292 8574 6820
12573 2 2 1 5 5000 7732 3806
12574 2 2 1 5 4197 6163 5227
12575 2 2 1 5 5248 7210 1117
12576 2 2 1 5 1654 7533 7491
12577 2 2 1 5 3517 7379 6111
12578 2 2 1 5 3485 7645 5614
12579 2 2 1 5 6188 7707 1424
12580 2 2 1 5 1979 8009 5492
12581 2 2 1 5 5511 8276 3308
12582 2 2 1 5 2203 5224 4561
12583 2 2 1 5 4410 7112 3489
12584 2 2 1 5 534 6420 3513
12585 2 2 1 5 7092 7093 3050
12586 2 2 1 5 5089 8388 2281
12587 2 2 1 5 2110 6846 5042
12588 2 2 1 5 6151 6821 1491
12589 2 2 1 5 6298 7744 1736
12590 2 2 1 5 5733 6639 3249
12591 2 2 1 5 2381 6799 6516
12592 2 2 1 5 7337 8534 1335
12593 2 2 1 5 6095 8603 1435
12594 2 2 1 5 729 6412 728
12595 2 2 1 5 5363 7959 2295
12596 2 2 1 5 4555 8384 6120
12597 2 2 1 5 3910 8503 7424
12598 2 2 1 5 7443 7707 3954
12599 2 2 1 5 5704 7412 3615
12600 2 2 1 5 5606 8027 3284
12601 2 2 1 5 845 7336 6992
12602 2 2 1 5 2840 7482 2206
12603 2 2 1 5 713 8009 717
12604 2 2 1 5 5403 7928 4882
12605 2 2 1 5 7498 7499 3700
12606 2 2 1 5 2306 7623 7467
12607 2 2 1 5 4133 8602 6718
12608 2 2 1 5 7282 7455 2698
12609 2 2 1 5 2912 7650 4943
12610 2 2 1 5 4337 6105 1170
12611 2 2 1 5 5894 6405 3481
12612 2 2 1 5 2479 8026 4545
12613 2 2 1 5 3881 6843 4702
12614 2 2 1 5 4201 7886 4304
12615 2 2 1 5 4687 6409 1851
12616 2 2 1 5 5926 7303 1963
12617 2 2 1 5 6463 8504 1454
12618 2 2 1 5 6597 7142 4246
12619 2 2 1 5 4680 7710 1611
12620 2 2 1 5 4253 8504 6463
12621 2 2 1 5 2385 7691 5687
12622 2 2 1 5 4103 7982 1198
12623 2 2 1 5 6073 7008 4118
12624 2 2 1 5 3836 8276 5511
12625 2 2 1 5 6064 7074 3177
12626 2 2 1 5 3077 7392 6315
12627 2 2 1 5 6563 8528 2374
12628 2 2 1 5 6860 6882 3217
12629 2 2 1 5 5160 8223 3718
12630 2 2 1 5 6352 7038 3453
12631 2 2 1 5 7125 7928 4141
12632 2 2 1 5 5814 8427 1169
12633 2 2 1 5 6376 7334 32
12634 2 2 1 5 2570 8053 7476
12635 2 2 1 5 5541 7497 3520
12636 2 2 1 5 6125 7170 3529
12637 2 2 1 5 3660 8522 6726
12638 2 2 1 5 3944 6605 5374
12639 2 2 1 5 74 7936 498
12640 2 2 1 5 2749 6044 5396
12641 2 2 1 5 5851 6892 2833
12642 2 2 1 5 6204 8186 4208
12643 2 2 1 5 4029 8307 6428
12644 2 2 1 5 4225 7118 6047
12645 2 2 1 5 2627 6105 4337
12646 2 2 1 5 4325 7955 7846
12647 2 2 1 5 5792 6898 2658
12648 2 2 1 5 6856 7271 4139
12649 2 2 1 5 1352 8034 164
12650 2 2 1 5 7532 7533 1654
12651 2 2 1 5 5326 7884 135
12652 2 2 1 5 2800 8044 5806
12653 2 2 1 5 5937 8049 3697
12654 2 2 1 5 2683 6658 5491
12655 2 2 1 5 3113 7615 5358
12656 2 2 1 5 3404 7576 5439
12657 2 2 1 5 5641 5765 1293
12658 2 2 1 5 1537 8265 2035
12659 2 2 1 5 1860 7948 169
12660 2 2 1 5 3660 7750 4738
12661 2 2 1 5 4120 7487 4605
12662 2 2 1 5 6673 8137 4041
12663 2 2 1 5 4003 8450 5799
12664 2 2 1 5 7246 8341 8328
12665 2 2 1 5 2951 6813 6812
12666 2 2 1 5 6745 7226 2564
12667 2 2 1 5 4604 8260 5964
12668 2 2 1 5 3267 8425 6072
12669 2 2 1 5 7123 7392 3077
12670 2 2 1 5 7030 8068 741
12671 2 2 1 5 1470 8141 2791
12672 2 2 1 5 2440 8189 1556
12673 2 2 1 5 3552 8514 7066
12674 2 2 1 5 1193 6590 4564
12675 2 2 1 5 6058 8070 2651
12676 2 2 1 5 5904 8370 3600
12677 2 2 1 5 5492 5979 1979
12678 2 2 1 5 6133 7665 3362
12679 2 2 1 5 2261 6637 5188
12680 2 2 1 5 4005 8469 6573
12681 2 2 1 5 3059 7999 6852
12682 2 2 1 5 7173 8114 1188
12683 2 2 1 5 3632 7905 5030
12684 2 2 1 5 1961 7729 7648
12685 2 2 1 5 4073 8025 2674
12686 2 2 1 5 3482 8452 6810
12687 2 2 1 5 6106 7997 3907
12688 2 2 1 5 2632 6465 5495
12689 2 2 1 5 4098 8439 6036
12690 2 2 1 5 6845 7015 4473
12691 2 2 1 5 5303 7139 1673
12692 2 2 1 5 3554 7270 7269
12693 2 2 1 5 321 8085 1226
12694 2 2 1 5 4132 7374 6896
12695 2 2 1 5 5765 7920 1293
12696 2 2 1 5 5991 6248 3779
12697 2 2 1 5 4535 6828 3749
12698 2 2 1 5 4439 8245 2320
12699 2 2 1 5 1445 8164 1982
12700 2 2 1 5 2208 7629 6702
12701 2 2 1 5 606 7880 5443
12702 2 2 1 5 5451 7501 7488
12703 2 2 1 5 3976 8618 2851
12704 2 2 1 5 2367 6860 6775
12705 2 2 1 5 5136 8342 1009
12706 2 2 1 5 2550 7502 7435
12707 2 2 1 5 3289 7537 4856
12708 2 2 1 5 3017 7063 5107
12709 2 2 1 5 4720 7499 7498
12710 2 2 1 5 5052 7776 4544
12711 2 2 1 5 5119 6854 3307
12712 2 2 1 5 4522 5289 2597
12713 2 2 1 5 3470 7462 6684
12714 2 2 1 5 4735 5808 3700
12715 2 2 1 5 5409 7627 1184
12716 2 2 1 5 2717 8320 6788
12717 2 2 1 5 1599 8069 1635
12718 2 2 1 5 5496 8324 3974
12719 2 2 1 5 254 6828 4535
12720 2 2 1 5 1760 8363 2495
12721 2 2 1 5 4607 7728 2263
12722 2 2 1 5 6640 6986 4671
12723 2 2 1 5 2714 7083 5978
12724 2 2 1 5 5876 6729 4032
12725 2 2 1 5 2650 7828 6795
12726 2 2 1 5 6152 6995 1322
12727 2 2 1 5 7876 8501 4773
12728 2 2 1 5 222 7965 1391
12729 2 2 1 5 5739 7663 1459
12730 2 2 1 5 3445 7265 5783
12731 2 2 1 5 3141 8522 5013
12732 2 2 1 5 6423 6894 3682
12733 2 2 1 5 7818 8170 5467
12734 2 2 1 5 5002 8263 3466
12735 2 2 1 5 7050 7478 1566
12736 2 2 1 5 615 7660 5764
12737 2 2 1 5 7075 7344 2633
12738 2 2 1 5 7697 8231 1177
12739 2 2 1 5 6276 7568 3701
12740 2 2 1 5 1211 8171 1210
12741 2 2 1 5 2564 8456 5748
12742 2 2 1 5 1722 8101 5650
12743 2 2 1 5 4098 7326 6552
12744 2 2 1 5 6718 8602 3822
12745 2 2 1 5 7052 7053 180
12746 2 2 1 5 1588 7596 6303
12747 2 2 1 5 3371 6390 5538
12748 2 2 1 5 7488 7501 3048
12749 2 2 1 5 1747 5693 4390
12750 2 2 1 5 3784 7279 7278
12751 2 2 1 5 707 7618 708
12752 2 2 1 5 2729 8150 5631
12753 2 2 1 5 1151 6899 6645
12754 2 2 1 5 3524 7264 6333
12755 2 2 1 5 3058 7764 6089
12756 2 2 1 5 1082 6302 5158
12757 2 2 1 5 7310 7550 1742
12758 2 2 1 5 36 7897 5453
12759 2 2 1 5 2324 6786 6514
12760 2 2 1 5 6146 7908 4470
12761 2 2 1 5 6490 6491 4058
12762 2 2 1 5 5775 8021 4156
12763 2 2 1 5 4537 7677 2455
12764 2 2 1 5 3905 8406 5464
12765 2 2 1 5 4434 8211 1901
12766 2 2 1 5 1322 6995 6928
12767 2 2 1 5 5049 6199 3941
12768 2 2 1 5 6489 8214 4927
12769 2 2 1 5 6501 6502 2472
12770 2 2 1 5 3056 6176 6175
12771 2 2 1 5 2836 6298 5349
12772 2 2 1 5 5914 6674 2869
12773 2 2 1 5 4062 4842 3864
12774 2 2 1 5 7010 7152 646
12775 2 2 1 5 6334 8343 3250
12776 2 2 1 5 4868 7952 2354
12777 2 2 1 5 6280 7217 3667
12778 2 2 1 5 3595 8383 6753
12779 2 2 1 5 2697 8186 173
12780 2 2 1 5 239 8421 6901
12781 2 2 1 5 5481 7539 3368
12782 2 2 1 5 5708 6695 3485
12783 2 2 1 5 6536 8043 2225
12784 2 2 1 5 7967 8306 3456
12785 2 2 1 5 3884 7463 6830
12786 2 2 1 5 1147 8330 5643
12787 2 2 1 5 1151 7679 1148
12788 2 2 1 5 5612 5619 460
12789 2 2 1 5 5424 7709 7471
12790 2 2 1 5 3205 6276 6275
12791 2 2 1 5 7762 8313 5077
12792 2 2 1 5 3624 6380 4963
12793 2 2 1 5 3461 5859 5164
12794 2 2 1 5 5081 8104 2368
12795 2 2 1 5 6648 6960 3772
12796 2 2 1 5 190 7460 5741
12797 2 2 1 5 3137 7777 6513
12798 2 2 1 5 2406 8074 4076
12799 2 2 1 5 3297 7386 4704
12800 2 2 1 5 674 8205 675
12801 2 2 1 5 5406 7152 3408
12802 2 2 1 5 3395 6906 6462
12803 2 2 1 5 502 6459 4885
12804 2 2 1 5 4340 6142 3598
12805 2 2 1 5 5494 7602 4318
12806 2 2 1 5 4943 7650 7588
12807 2 2 1 5 3927 8505 7831
12808 2 2 1 5 3731 6612 5768
12809 2 2 1 5 6073 8134 4741
12810 2 2 1 5 6203 6824 1113
12811 2 2 1 5 3556 8012 6518
12812 2 2 1 5 5943 6726 1566
12813 2 2 1 5 3553 7113 6561
12814 2 2 1 5 4724 7786 6157
12815 2 2 1 5 5328 7631 420
12816 2 2 1 5 4704 7386 1955
12817 2 2 1 5 5963 6391 2314
12818 2 2 1 5 1984 7607 7412
12819 2 2 1 5 3773 7918 4821
12820 2 2 1 5 6132 8395 3280
12821 2 2 1 5 2971 6533 5381
12822 2 2 1 5 4883 8001 5747
12823 2 2 1 5 3675 7876 4211
12824 2 2 1 5 6209 7742 4177
12825 2 2 1 5 2783 4965 4964
12826 2 2 1 5 2220 8339 6323
12827 2 2 1 5 3764 5242 264
12828 2 2 1 5 3869 7870 5722
12829 2 2 1 5 3701 7344 7075
12830 2 2 1 5 2704 7531 3816
12831 2 2 1 5 5890 7843 251
12832 2 2 1 5 6980 7207 3810
12833 2 2 1 5 4370 7949 6026
12834 2 2 1 5 2970 8061 5583
12835 2 2 1 5 1770 7660 6829
12836 2 2 1 5 2221 7235 4369
12837 2 2 1 5 2731 8152 5350
12838 2 2 1 5 2661 8398 6445
12839 2 2 1 5 5214 7768 1197
12840 2 2 1 5 6292 8069 4171
12841 2 2 1 5 3921 7957 5737
12842 2 2 1 5 3245 7910 5385
12843 2 2 1 5 6490 8145 1025
12844 2 2 1 5 4096 7137 5709
12845 2 2 1 5 172 8553 2262
12846 2 2 1 5 4407 7798 6564
12847 2 2 1 5 6162 7289 3657
12848 2 2 1 5 2338 7900 4237
12849 2 2 1 5 3207 7913 5701
12850 2 2 1 5 6030 7122 219
12851 2 2 1 5 378 6830 4493
12852 2 2 1 5 4068 7382 5233
12853 2 2 1 5 1335 8506 4073
12854 2 2 1 5 1765 6567 6067
12855 2 2 1 5 1706 7639 1705
12856 2 2 1 5 5882 8579 3204
12857 2 2 1 5 4424 7107 3558
12858 2 2 1 5 4849 4850 3464
12859 2 2 1 5 3572 6868 3275
12860 2 2 1 5 236 6697 4656
12861 2 2 1 5 1790 8440 7622
12862 2 2 1 5 478 6419 477
12863 2 2 1 5 3742 7303 5926
12864 2 2 1 5 4036 7191 7126
12865 2 2 1 5 6695 8208 3485
12866 2 2 1 5 4968 7301 5885
12867 2 2 1 5 7632 7969 3231
12868 2 2 1 5 1010 7505 1001
12869 2 2 1 5 5051 8186 2697
12870 2 2 1 5 4318 7602 5230
12871 2 2 1 5 3277 5576 5575
12872 2 2 1 5 1194 7909 4287
12873 2 2 1 5 5511 7847 3836
12874 2 2 1 5 3771 6455 5512
12875 2 2 1 5 8063 8126 4451
12876 2 2 1 5 7100 7941 3712
12877 2 2 1 5 5060 7975 2707
12878 2 2 1 5 3361 7083 7017
12879 2 2 1 5 598 8398 2661
12880 2 2 1 5 3696 6401 4879
12881 2 2 1 5 3928 8379 4669
12882 2 2 1 5 1369 8271 1306
12883 2 2 1 5 5656 8312 4000
12884 2 2 1 5 7243 8078 1598
12885 2 2 1 5 6595 6816 3640
12886 2 2 1 5 1412 7529 5878
12887 2 2 1 5 4141 7928 5403
12888 2 2 1 5 2539 7986 4057
12889 2 2 1 5 7376 7377 3726
12890 2 2 1 5 4300 7582 4222
12891 2 2 1 5 3881 4702 3545
12892 2 2 1 5 2202 8568 1919
12893 2 2 1 5 1025 8145 1026
12894 2 2 1 5 6445 8398 3996
12895 2 2 1 5 1389 8575 6020
12896 2 2 1 5 6025 6504 1465
12897 2 2 1 5 3619 8560 3204
12898 2 2 1 5 1403 7996 1459
12899 2 2 1 5 3439 8322 4951
12900 2 2 1 5 2695 7730 6207
12901 2 2 1 5 4189 7160 6341
12902 2 2 1 5 5477 6917 3665
12903 2 2 1 5 5892 7955 2722
12904 2 2 1 5 608 8511 8510
12905 2 2 1 5 4654 7319 6182
12906 2 2 1 5 7824 7906 3241
12907 2 2 1 5 4327 8467 6053
12908 2 2 1 5 3800 6998 6149
12909 2 2 1 5 2384 8378 257
12910 2 2 1 5 6390 7201 3370
12911 2 2 1 5 1898 8272 5977
12912 2 2 1 5 1969 8496 719
12913 2 2 1 5 4128 8577 6802
12914 2 2 1 5 5490 7802 4107
12915 2 2 1 5 1809 7094 6116
12916 2 2 1 5 6172 6241 3719
12917 2 2 1 5 4522 6589 5289
12918 2 2 1 5 4289 8449 5883
12919 2 2 1 5 953 7170 1039
12920 2 2 1 5 5992 7069 3908
12921 2 2 1 5 3100 8263 5786
12922 2 2 1 5 6303 7596 2037
12923 2 2 1 5 1826 8288 146
12924 2 2 1 5 4708 7371 4293
12925 2 2 1 5 4934 5391 2579
12926 2 2 1 5 169 7851 7850
12927 2 2 1 5 2067 7259 3950
12928 2 2 1 5 3495 6017 5934
12929 2 2 1 5 7715 8085 1185
12930 2 2 1 5 178 8556 1895
12931 2 2 1 5 3102 7879 4505
12932 2 2 1 5 5367 8517 367
12933 2 2 1 5 3690 8304 7777
12934 2 2 1 5 6643 7621 3639
12935 2 2 1 5 4984 7414 2188
12936 2 2 1 5 5394 7155 3298
12937 2 2 1 5 2188 7399 5342
12938 2 2 1 5 4828 7623 2307
12939 2 2 1 5 4788 7367 6388
12940 2 2 1 5 6963 6964 3291
12941 2 2 1 5 6281 7911 1343
12942 2 2 1 5 1851 6409 6170
12943 2 2 1 5 6928 6965 2254
12944 2 2 1 5 500 8157 5509
12945 2 2 1 5 3345 6824 6203
12946 2 2 1 5 5384 7064 2299
12947 2 2 1 5 2638 7878 4334
12948 2 2 1 5 6297 6439 4162
12949 2 2 1 5 3480 7109 5903
12950 2 2 1 5 3874 8002 5175
12951 2 2 1 5 3344 6877 5915
12952 2 2 1 5 2265 8093 7685
12953 2 2 1 5 2202 8385 8080
12954 2 2 1 5 6767 7915 125
12955 2 2 1 5 7716 7866 4503
12956 2 2 1 5 6880 7390 1626
12957 2 2 1 5 5787 7224 3926
12958 2 2 1 5 6340 8487 3858
12959 2 2 1 5 719 8073 5212
12960 2 2 1 5 6687 7365 2430
12961 2 2 1 5 5335 7390 2908
12962 2 2 1 5 3818 6236 4991
12963 2 2 1 5 4883 5747 2920
12964 2 2 1 5 6196 6539 3688
12965 2 2 1 5 3250 8311 6334
12966 2 2 1 5 4495 7342 6529
12967 2 2 1 5 3598 8422 4340
12968 2 2 1 5 5730 6121 1792
12969 2 2 1 5 5763 6614 4180
12970 2 2 1 5 4769 5987 1227
12971 2 2 1 5 3068 8213 7168
12972 2 2 1 5 3744 7110 5904
12973 2 2 1 5 6369 8077 3145
12974 2 2 1 5 1363 7112 4410
12975 2 2 1 5 2322 4990 3748
12976 2 2 1 5 419 6511 1527
12977 2 2 1 5 4944 7106 3845
12978 2 2 1 5 6453 8443 4563
12979 2 2 1 5 2113 6082 6081
12980 2 2 1 5 211 7862 6011
12981 2 2 1 5 3643 6820 6274
12982 2 2 1 5 1273 8063 4193
12983 2 2 1 5 3252 7928 7125
12984 2 2 1 5 3231 8499 6287
12985 2 2 1 5 6267 7714 3390
12986 2 2 1 5 3613 8296 5315
12987 2 2 1 5 1472 7237 4528
12988 2 2 1 5 1504 8017 8016
12989 2 2 1 5 3506 7410 6711
12990 2 2 1 5 3510 7973 6010
12991 2 2 1 5 1832 8339 2220
12992 2 2 1 5 5274 6935 2795
12993 2 2 1 5 2321 6527 5245
12994 2 2 1 5 2262 8553 7015
12995 2 2 1 5 2211 6933 4825
12996 2 2 1 5 3150 8589 4713
12997 2 2 1 5 6909 8319 3589
12998 2 2 1 5 3281 8221 6019
12999 2 2 1 5 6326 8100 2114
13000 2 2 1 5 7230 7231 3091
13001 2 2 1 5 8232 8233 3420
13002 2 2 1 5 7099 7100 3044
13003 2 2 1 5 5766 8572 3627
13004 2 2 1 5 7680 8093 1331
13005 2 2 1 5 3753 7396 5208
13006 2 2 1 5 3482 6810 5021
13007 2 2 1 5 6217 7974 342
13008 2 2 1 5 1647 8541 2485
13009 2 2 1 5 1736 7744 1279
13010 2 2 1 5 4169 8081 6053
13011 2 2 1 5 6792 7388 4332
13012 2 2 1 5 474 8523 1682
13013 2 2 1 5 3230 5766 5027
13014 2 2 1 5 2632 8317 5178
13015 2 2 1 5 3448 6498 5820
13016 2 2 1 5 3441 8207 7407
13017 2 2 1 5 2349 6945 6808
13018 2 2 1 5 5362 8144 88
13019 2 2 1 5 32 7334 31
13020 2 2 1 5 1159 7736 6830
13021 2 2 1 5 3093 8544 6663
13022 2 2 1 5 3933 7352 5260
13023 2 2 1 5 4075 8049 7492
13024 2 2 1 5 1156 7528 6131
13025 2 2 1 5 6519 7508 3245
13026 2 2 1 5 6513 7777 4794
13027 2 2 1 5 4431 7848 3573
13028 2 2 1 5 415 8332 5716
13029 2 2 1 5 114 8098 573
13030 2 2 1 5 2242 6906 5507
13031 2 2 1 5 7885 8180 3714
13032 2 2 1 5 5916 8377 3835
13033 2 2 1 5 3399 7916 7915
13034 2 2 1 5 3969 7705 7119
13035 2 2 1 5 3787 7057 6657
13036 2 2 1 5 3214 8536 7079
13037 2 2 1 5 5277 7100 3712
13038 2 2 1 5 6001 7520 3090
13039 2 2 1 5 7757 7780 3078
13040 2 2 1 5 4531 8597 2807
13041 2 2 1 5 3114 7920 5765
13042 2 2 1 5 3807 6913 5976
13043 2 2 1 5 2181 8405 5685
13044 2 2 1 5 3273 7992 6159
13045 2 2 1 5 280 7922 5499
13046 2 2 1 5 6136 8118 3207
13047 2 2 1 5 5074 6512 3362
13048 2 2 1 5 3901 7034 6022
13049 2 2 1 5 42 8234 6883
13050 2 2 1 5 3057 7988 7164
13051 2 2 1 5 3927 7831 6826
13052 2 2 1 5 3189 7142 6597
13053 2 2 1 5 4111 7724 5772
13054 2 2 1 5 1520 4922 4513
13055 2 2 1 5 5750 7136 3432
13056 2 2 1 5 1305 8426 1784
13057 2 2 1 5 7225 8461 5033
13058 2 2 1 5 4820 7793 795
13059 2 2 1 5 6561 7113 3140
13060 2 2 1 5 224 7556 5247
13061 2 2 1 5 7368 8117 1529
13062 2 2 1 5 2534 8439 6552
13063 2 2 1 5 6401 6952 1410
13064 2 2 1 5 5650 8062 1722
13065 2 2 1 5 3362 7665 6865
13066 2 2 1 5 4324 7006 6610
13067 2 2 1 5 1354 8520 6438
13068 2 2 1 5 3635 8485 7106
13069 2 2 1 5 3240 6451 4981
13070 2 2 1 5 8337 8338 2459
13071 2 2 1 5 4413 8442 6169
13072 2 2 1 5 6149 8238 4016
13073 2 2 1 5 1214 8610 1213
13074 2 2 1 5 4488 7817 7658
13075 2 2 1 5 3519 7308 6518
13076 2 2 1 5 5600 5601 3550
13077 2 2 1 5 594 7914 595
13078 2 2 1 5 7040 7379 3517
13079 2 2 1 5 4193 7600 1273
13080 2 2 1 5 3721 7116 6448
13081 2 2 1 5 3489 7842 4995
13082 2 2 1 5 3126 8049 5937
13083 2 2 1 5 2463 7946 4952
13084 2 2 1 5 1770 6829 6065
13085 2 2 1 5 6643 7514 1462
13086 2 2 1 5 6566 6567 1796
13087 2 2 1 5 5476 8065 3481
13088 2 2 1 5 657 8554 1325
13089 2 2 1 5 3852 7098 6919
13090 2 2 1 5 2191 7884 4925
13091 2 2 1 5 4789 8545 4369
13092 2 2 1 5 5819 8368 1267
13093 2 2 1 5 7972 8527 3665
13094 2 2 1 5 5142 5913 3891
13095 2 2 1 5 6869 8103 4220
13096 2 2 1 5 616 8516 617
13097 2 2 1 5 292 8139 291
13098 2 2 1 5 4094 7334 6376
13099 2 2 1 5 3086 7205 7137
13100 2 2 1 5 3540 8491 5688
13101 2 2 1 5 6802 8577 3545
13102 2 2 1 5 4516 8435 4517
13103 2 2 1 5 5104 5118 2192
13104 2 2 1 5 6084 6803 2455
13105 2 2 1 5 5786 8263 5002
13106 2 2 1 5 4179 8429 2626
13107 2 2 1 5 2136 7554 7207
13108 2 2 1 5 3067 8300 6613
13109 2 2 1 5 4810 8058 6373
13110 2 2 1 5 3477 8289 6979
13111 2 2 1 5 3742 7691 6359
13112 2 2 1 5 3679 7820 5926
13113 2 2 1 5 2743 4062 3864
13114 2 2 1 5 3160 6262 4144
13115 2 2 1 5 2682 8029 6343
13116 2 2 1 5 6055 8436 2475
13117 2 2 1 5 5822 6421 2366
13118 2 2 1 5 5896 7746 36
13119 2 2 1 5 7708 7752 4373
13120 2 2 1 5 104 7644 3637
13121 2 2 1 5 4378 6522 3288
13122 2 2 1 5 3078 7780 7324
13123 2 2 1 5 1399 7776 5052
13124 2 2 1 5 1875 7868 5485
13125 2 2 1 5 3514 7581 4224
13126 2 2 1 5 653 7875 1846
13127 2 2 1 5 1160 8613 3528
13128 2 2 1 5 3280 8395 4711
13129 2 2 1 5 5666 8028 300
13130 2 2 1 5 6142 6907 3598
13131 2 2 1 5 7156 8132 4210
13132 2 2 1 5 816 6893 6041
13133 2 2 1 5 2523 8340 6410
13134 2 2 1 5 3198 4436 3823
13135 2 2 1 5 5443 7880 1265
13136 2 2 1 5 4907 8424 3104
13137 2 2 1 5 5088 6987 2625
13138 2 2 1 5 4259 8471 6028
13139 2 2 1 5 7077 7615 3113
13140 2 2 1 5 5390 8427 5814
13141 2 2 1 5 4094 6376 2080
13142 2 2 1 5 4220 8078 7243
13143 2 2 1 5 2188 7920 7399
13144 2 2 1 5 3520 7497 6202
13145 2 2 1 5 3677 6790 5284
13146 2 2 1 5 7836 8006 5571
13147 2 2 1 5 4895 5543 3616
13148 2 2 1 5 1862 7948 7362
13149 2 2 1 5 6113 8611 3714
13150 2 2 1 5 1097 1283 604
13151 2 2 1 5 3687 4791 4093
13152 2 2 1 5 5718 8235 1829
13153 2 2 1 5 2585 8230 6290
13154 2 2 1 5 2787 8110 3862
13155 2 2 1 5 3754 6174 5626
13156 2 2 1 5 3216 8479 6035
13157 2 2 1 5 3550 8160 5965
13158 2 2 1 5 5949 6275 1091
13159 2 2 1 5 316 7889 6111
13160 2 2 1 5 3157 8548 8045
13161 2 2 1 5 6185 8242 3855
13162 2 2 1 5 5944 7461 3374
13163 2 2 1 5 5605 6762 3258
13164 2 2 1 5 2354 7367 6329
13165 2 2 1 5 5292 6814 116
13166 2 2 1 5 7241 8283 2879
13167 2 2 1 5 5593 6954 1019
13168 2 2 1 5 3975 8047 6168
13169 2 2 1 5 5603 6554 7
13170 2 2 1 5 6368 6823 3459
13171 2 2 1 5 6516 6799 3297
13172 2 2 1 5 4687 7108 6409
13173 2 2 1 5 3160 7257 7256
13174 2 2 1 5 8014 8016 8012
13175 2 2 1 5 2999 7981 5591
13176 2 2 1 5 106 7805 7493
13177 2 2 1 5 4009 8178 5535
13178 2 2 1 5 7628 8572 3230
13179 2 2 1 5 7408 7821 3525
13180 2 2 1 5 3742 8004 5687
13181 2 2 1 5 6020 8575 3971
13182 2 2 1 5 2396 7221 6805
13183 2 2 1 5 4720 7498 3604
13184 2 2 1 5 16 8453 5734
13185 2 2 1 5 3346 5928 4906
13186 2 2 1 5 6431 8261 347
13187 2 2 1 5 6213 7191 4036
13188 2 2 1 5 6561 7269 3553
13189 2 2 1 5 126 7903 5190
13190 2 2 1 5 3933 8387 7410
13191 2 2 1 5 3764 7834 4030
13192 2 2 1 5 1181 6511 419
13193 2 2 1 5 6387 6568 369
13194 2 2 1 5 3932 5416 5413
13195 2 2 1 5 1170 6105 5618
13196 2 2 1 5 4453 7026 124
13197 2 2 1 5 1695 6960 6648
13198 2 2 1 5 1707 6664 3596
13199 2 2 1 5 4998 8593 4511
13200 2 2 1 5 7195 7894 3260
13201 2 2 1 5 4027 8175 4808
13202 2 2 1 5 6733 6774 4004
13203 2 2 1 5 5068 8402 2621
13204 2 2 1 5 2841 7759 5522
13205 2 2 1 5 7156 8023 3052
13206 2 2 1 5 2854 7728 4607
13207 2 2 1 5 2490 6618 3278
13208 2 2 1 5 6187 8345 2483
13209 2 2 1 5 5315 8296 3965
13210 2 2 1 5 5491 7812 2267
13211 2 2 1 5 6666 6667 3247
13212 2 2 1 5 3282 8502 5652
13213 2 2 1 5 1673 8027 5606
13214 2 2 1 5 4712 7177 3651
13215 2 2 1 5 3623 7373 6328
13216 2 2 1 5 3581 8413 5706
13217 2 2 1 5 4651 8530 1680
13218 2 2 1 5 3992 8408 6693
13219 2 2 1 5 2711 7855 5917
13220 2 2 1 5 1686 7651 6847
13221 2 2 1 5 130 8284 6621
13222 2 2 1 5 3736 6816 6595
13223 2 2 1 5 3430 8583 4479
13224 2 2 1 5 3951 7613 7612
13225 2 2 1 5 4303 7513 5893
13226 2 2 1 5 3378 8459 7923
13227 2 2 1 5 7256 7257 3055
13228 2 2 1 5 5780 6175 4313
13229 2 2 1 5 6452 6471 263
13230 2 2 1 5 88 8144 4758
13231 2 2 1 5 6591 8262 3042
13232 2 2 1 5 6979 8289 4261
13233 2 2 1 5 4386 7954 3175
13234 2 2 1 5 1583 6757 6006
13235 2 2 1 5 3060 8564 5959
13236 2 2 1 5 7658 7817 3906
13237 2 2 1 5 3511 8251 4462
13238 2 2 1 5 6389 7415 1423
13239 2 2 1 5 7399 7920 3114
13240 2 2 1 5 6404 7590 128
13241 2 2 1 5 2216 8060 1828
13242 2 2 1 5 2192 6672 6256
13243 2 2 1 5 7032 8473 1441
13244 2 2 1 5 3066 8289 6819
13245 2 2 1 5 6180 7526 4006
13246 2 2 1 5 1148 7679 7300
13247 2 2 1 5 5804 5859 3557
13248 2 2 1 5 3864 6375 2743
13249 2 2 1 5 3072 6477 6476
13250 2 2 1 5 4003 7747 5343
13251 2 2 1 5 2804 7808 6427
13252 2 2 1 5 7300 7679 3402
13253 2 2 1 5 7378 7905 3632
13254 2 2 1 5 37 6277 5446
13255 2 2 1 5 5358 7615 5054
13256 2 2 1 5 5891 6903 3590
13257 2 2 1 5 580 8070 5149
13258 2 2 1 5 6876 7276 3854
13259 2 2 1 5 3889 8472 5459
13260 2 2 1 5 871 7573 6680
13261 2 2 1 5 1644 7978 5660
13262 2 2 1 5 6096 7448 3819
13263 2 2 1 5 5589 7852 4184
13264 2 2 1 5 3646 6728 184
13265 2 2 1 5 5672 7666 3411
13266 2 2 1 5 1407 8434 3776
13267 2 2 1 5 6183 8601 2584
13268 2 2 1 5 483 6651 6650
13269 2 2 1 5 4158 7802 5490
13270 2 2 1 5 7184 7185 4230
13271 2 2 1 5 6101 7331 3725
13272 2 2 1 5 5794 7531 4649
13273 2 2 1 5 7539 7824 3368
13274 2 2 1 5 3770 8247 6781
13275 2 2 1 5 5283 8321 2148
13276 2 2 1 5 5197 8557 5417
13277 2 2 1 5 7599 8610 4081
13278 2 2 1 5 6359 7691 258
13279 2 2 1 5 3044 8088 7099
13280 2 2 1 5 3680 7673 5999
13281 2 2 1 5 3935 6566 5810
13282 2 2 1 5 204 6505 4549
13283 2 2 1 5 4009 8552 6482
13284 2 2 1 5 6680 7573 951
13285 2 2 1 5 3950 6179 2067
13286 2 2 1 5 6094 7685 3970
13287 2 2 1 5 3558 7107 4723
13288 2 2 1 5 2856 8538 4760
13289 2 2 1 5 8029 8131 610
13290 2 2 1 5 3204 8560 6560
13291 2 2 1 5 4752 8147 4751
13292 2 2 1 5 7658 7906 4488
13293 2 2 1 5 7134 7708 4373
13294 2 2 1 5 6212 6589 3880
13295 2 2 1 5 3829 8395 6132
13296 2 2 1 5 6719 7614 4255
13297 2 2 1 5 559 8615 1248
13298 2 2 1 5 5038 8232 3420
13299 2 2 1 5 6220 8533 3709
13300 2 2 1 5 6718 8373 4133
13301 2 2 1 5 6328 6329 3847
13302 2 2 1 5 5059 6671 3715
13303 2 2 1 5 3255 5842 5841
13304 2 2 1 5 5799 8450 3022
13305 2 2 1 5 4405 7425 7124
13306 2 2 1 5 4334 8526 2638
13307 2 2 1 5 3756 8539 6556
13308 2 2 1 5 3807 7355 6913
13309 2 2 1 5 4273 7683 5521
13310 2 2 1 5 6941 7121 83
13311 2 2 1 5 5179 8208 2554
13312 2 2 1 5 5096 8067 4077
13313 2 2 1 5 2548 8411 5994
13314 2 2 1 5 4287 7909 7450
13315 2 2 1 5 4119 8354 5577
13316 2 2 1 5 4910 8071 6434
13317 2 2 1 5 6365 7961 4120
13318 2 2 1 5 3266 7632 6287
13319 2 2 1 5 4426 7726 3243
13320 2 2 1 5 1828 8060 6753
13321 2 2 1 5 5840 7031 3541
13322 2 2 1 5 4618 8609 6373
13323 2 2 1 5 3451 8005 7433
13324 2 2 1 5 5686 7295 2516
13325 2 2 1 5 125 7589 5942
13326 2 2 1 5 5546 7644 104
13327 2 2 1 5 4547 7376 3726
13328 2 2 1 5 5609 6181 2823
13329 2 2 1 5 4256 7800 5920
13330 2 2 1 5 6903 6904 3590
13331 2 2 1 5 4342 7980 698
13332 2 2 1 5 6255 6384 1080
13333 2 2 1 5 6808 6945 3860
13334 2 2 1 5 6024 7434 4902
13335 2 2 1 5 6459 8352 3248
13336 2 2 1 5 3539 7343 7035
13337 2 2 1 5 6686 7354 3013
13338 2 2 1 5 1001 7505 1002
13339 2 2 1 5 1525 6306 5109
13340 2 2 1 5 3619 7698 5580
13341 2 2 1 5 6928 6995 3605
13342 2 2 1 5 5375 8268 1714
13343 2 2 1 5 5400 7419 2847
13344 2 2 1 5 6760 6761 4026
13345 2 2 1 5 6309 8079 3855
13346 2 2 1 5 2738 7966 6763
13347 2 2 1 5 6784 7326 4098
13348 2 2 1 5 5771 8516 4170
13349 2 2 1 5 7206 8455 209
13350 2 2 1 5 4571 7016 6859
13351 2 2 1 5 7164 8367 4694
13352 2 2 1 5 3779 7731 5991
13353 2 2 1 5 3471 8494 6218
13354 2 2 1 5 121 6479 6040
13355 2 2 1 5 3003 5525 4247
13356 2 2 1 5 6231 7641 3366
13357 2 2 1 5 4224 6751 3514
13358 2 2 1 5 3978 7753 7369
13359 2 2 1 5 1011 8598 7183
13360 2 2 1 5 5437 7328 3939
13361 2 2 1 5 5104 7504 2268
13362 2 2 1 5 1231 6492 2897
13363 2 2 1 5 5316 6458 3979
13364 2 2 1 5 7231 7232 3091
13365 2 2 1 5 124 7162 4453
13366 2 2 1 5 5955 7993 634
13367 2 2 1 5 3446 7280 6130
13368 2 2 1 5 7532 7819 3641
13369 2 2 1 5 4428 7011 6835
13370 2 2 1 5 3408 7152 7010
13371 2 2 1 5 7944 7945 968
13372 2 2 1 5 5797 8255 1574
13373 2 2 1 5 1456 7630 7320
13374 2 2 1 5 3636 8471 4259
13375 2 2 1 5 6610 8343 4324
13376 2 2 1 5 179 6443 6141
13377 2 2 1 5 3724 8358 6692
13378 2 2 1 5 7644 8293 3637
13379 2 2 1 5 6131 7528 3455
13380 2 2 1 5 3971 8502 5790
13381 2 2 1 5 3749 5551 4535
13382 2 2 1 5 6729 7509 3199
13383 2 2 1 5 5195 7474 7008
13384 2 2 1 5 6033 8045 3614
13385 2 2 1 5 4605 7976 3098
13386 2 2 1 5 5499 7922 3235
13387 2 2 1 5 2647 8301 5817
13388 2 2 1 5 4208 7745 6204
13389 2 2 1 5 3445 8605 6259
13390 2 2 1 5 3205 7568 6276
13391 2 2 1 5 3579 8310 7473
13392 2 2 1 5 3248 8352 4876
13393 2 2 1 5 3710 7699 6644
13394 2 2 1 5 4751 5338 1035
13395 2 2 1 5 4728 8420 6104
13396 2 2 1 5 5418 7682 1703
13397 2 2 1 5 3858 7548 6340
13398 2 2 1 5 5228 8334 2137
13399 2 2 1 5 3481 8065 6325
13400 2 2 1 5 3898 6062 5912
13401 2 2 1 5 5749 7538 3323
13402 2 2 1 5 3541 7550 7310
13403 2 2 1 5 6208 7946 2463
13404 2 2 1 5 7308 8394 3655
13405 2 2 1 5 3608 6265 5535
13406 2 2 1 5 4400 8180 7885
13407 2 2 1 5 1608 8181 6219
13408 2 2 1 5 7151 8499 3231
13409 2 2 1 5 3430 6307 5484
13410 2 2 1 5 1515 8293 7644
13411 2 2 1 5 5689 6022 1676
13412 2 2 1 5 3120 7831 6289
13413 2 2 1 5 5080 8277 3607
13414 2 2 1 5 6290 8230 3530
13415 2 2 1 5 6341 7160 3969
13416 2 2 1 5 3407 8608 4799
13417 2 2 1 5 6887 7483 214
13418 2 2 1 5 3769 8182 5695
13419 2 2 1 5 3804 7135 6984
13420 2 2 1 5 4355 8118 6136
13421 2 2 1 5 8114 8115 1533
13422 2 2 1 5 1304 8178 6482
13423 2 2 1 5 2454 7896 7067
13424 2 2 1 5 7407 8207 4204
13425 2 2 1 5 3641 8498 6633
13426 2 2 1 5 6309 7510 348
13427 2 2 1 5 7963 8042 3693
13428 2 2 1 5 5721 7372 1288
13429 2 2 1 5 4066 8551 5981
13430 2 2 1 5 4685 8270 6067
13431 2 2 1 5 1609 6582 6277
13432 2 2 1 5 5989 8219 2848
13433 2 2 1 5 3853 7024 5611
13434 2 2 1 5 3948 7353 6400
13435 2 2 1 5 2995 6522 4378
13436 2 2 1 5 3204 8579 4655
13437 2 2 1 5 4252 7821 7408
13438 2 2 1 5 188 8392 5939
13439 2 2 1 5 4982 7844 5594
13440 2 2 1 5 6889 8059 149
13441 2 2 1 5 3689 7681 7430
13442 2 2 1 5 1313 6995 6152
13443 2 2 1 5 5395 8425 3266
13444 2 2 1 5 3533 8283 7241
13445 2 2 1 5 3842 8128 3843
13446 2 2 1 5 6019 8221 5357
13447 2 2 1 5 2373 8519 4670
13448 2 2 1 5 3686 7365 6687
13449 2 2 1 5 3266 7633 7632
13450 2 2 1 5 4700 8601 8355
13451 2 2 1 5 257 8378 6791
13452 2 2 1 5 3493 8482 7414
13453 2 2 1 5 6135 6678 2839
13454 2 2 1 5 1663 7721 6009
13455 2 2 1 5 1171 8103 6869
13456 2 2 1 5 3665 8566 5477
13457 2 2 1 5 3085 8127 5869
13458 2 2 1 5 3311 7812 6658
13459 2 2 1 5 7819 8498 3641
13460 2 2 1 5 6859 7016 3765
13461 2 2 1 5 3108 8371 7723
13462 2 2 1 5 3145 6925 6368
13463 2 2 1 5 2312 8443 6453
13464 2 2 1 5 4560 7257 6526
13465 2 2 1 5 5974 8465 1862
13466 2 2 1 5 5818 6974 3958
13467 2 2 1 5 2251 8508 5670
13468 2 2 1 5 3961 7974 6217
13469 2 2 1 5 4560 6516 3297
13470 2 2 1 5 3076 7402 6594
13471 2 2 1 5 3 7676 6748
13472 2 2 1 5 6029 6150 2381
13473 2 2 1 5 1895 8556 7659
13474 2 2 1 5 5645 7043 1383
13475 2 2 1 5 6022 6454 3901
13476 2 2 1 5 5083 8075 3268
13477 2 2 1 5 1957 7655 6799
13478 2 2 1 5 3445 8081 7265
13479 2 2 1 5 3469 8344 5634
13480 2 2 1 5 3478 8213 6115
13481 2 2 1 5 3413 7325 7324
13482 2 2 1 5 1294 7240 4399
13483 2 2 1 5 3312 7380 6732
13484 2 2 1 5 5170 8051 8050
13485 2 2 1 5 8350 8351 3633
13486 2 2 1 5 4245 8209 6224
13487 2 2 1 5 2292 7474 5195
13488 2 2 1 5 6763 7966 3456
13489 2 2 1 5 6413 7925 2634
13490 2 2 1 5 4995 7842 3717
13491 2 2 1 5 4387 8483 6148
13492 2 2 1 5 5580 5581 3619
13493 2 2 1 5 2159 8565 4618
13494 2 2 1 5 2643 6953 5129
13495 2 2 1 5 1335 8534 8506
13496 2 2 1 5 8022 8141 1470
13497 2 2 1 5 6883 8234 3182
13498 2 2 1 5 3672 6683 6682
13499 2 2 1 5 6891 8598 4311
13500 2 2 1 5 6537 6849 2515
13501 2 2 1 5 6730 8128 3842
13502 2 2 1 5 6762 6776 3258
13503 2 2 1 5 6627 7569 2655
13504 2 2 1 5 4693 8222 3367
13505 2 2 1 5 7015 8553 1853
13506 2 2 1 5 2808 7358 6336
13507 2 2 1 5 3183 8341 7246
13508 2 2 1 5 1275 8122 7363
13509 2 2 1 5 5841 6270 3255
13510 2 2 1 5 3800 7788 5973
13511 2 2 1 5 3371 7201 6390
13512 2 2 1 5 311 7499 4720
13513 2 2 1 5 7369 7753 4022
13514 2 2 1 5 6529 8349 3288
13515 2 2 1 5 6732 7380 3370
13516 2 2 1 5 6660 7764 3058
13517 2 2 1 5 4099 8084 4951
13518 2 2 1 5 3717 7670 6659
13519 2 2 1 5 7351 8416 3812
13520 2 2 1 5 4926 5295 3376
13521 2 2 1 5 3211 6624 5886
13522 2 2 1 5 3019 6520 5805
13523 2 2 1 5 6667 7090 3247
13524 2 2 1 5 2280 6444 6442
13525 2 2 1 5 6754 8140 3656
13526 2 2 1 5 2261 6845 6386
13527 2 2 1 5 6783 7051 4393
13528 2 2 1 5 6641 8290 3852
13529 2 2 1 5 6914 7625 1572
13530 2 2 1 5 3100 7271 6856
13531 2 2 1 5 3390 7714 5555
13532 2 2 1 5 1791 8582 5993
13533 2 2 1 5 3303 7617 7585
13534 2 2 1 5 6856 8263 3100
13535 2 2 1 5 5053 7801 3469
13536 2 2 1 5 7031 7550 3541
13537 2 2 1 5 6482 8552 3391
13538 2 2 1 5 6107 7988 3057
13539 2 2 1 5 7266 8207 4100
13540 2 2 1 5 5015 7695 632
13541 2 2 1 5 595 7914 6692
13542 2 2 1 5 4029 8333 8307
13543 2 2 1 5 3234 7375 5559
13544 2 2 1 5 6723 8585 2439
13545 2 2 1 5 3370 7201 6732
13546 2 2 1 5 2828 7828 3813
13547 2 2 1 5 6313 7844 2835
13548 2 2 1 5 5843 7624 1696
13549 2 2 1 5 1981 8360 8021
13550 2 2 1 5 5129 6953 3837
13551 2 2 1 5 2855 7157 6068
13552 2 2 1 5 7585 7617 2936
13553 2 2 1 5 5884 7216 1567
13554 2 2 1 5 5487 8097 1802
13555 2 2 1 5 1407 8528 8434
13556 2 2 1 5 5649 7380 3937
13557 2 2 1 5 5452 7981 3000
13558 2 2 1 5 2329 7369 6887
13559 2 2 1 5 5521 8481 3839
13560 2 2 1 5 6047 8260 4604
13561 2 2 1 5 1336 8053 5250
13562 2 2 1 5 6176 6891 4311
13563 2 2 1 5 4469 7079 1672
13564 2 2 1 5 7492 8049 3126
13565 2 2 1 5 3664 8193 6303
13566 2 2 1 5 6561 6852 3554
13567 2 2 1 5 3399 7915 6767
13568 2 2 1 5 3692 8042 7963
13569 2 2 1 5 3319 7762 5077
13570 2 2 1 5 4244 6921 6874
13571 2 2 1 5 3890 5355 5354
13572 2 2 1 5 1267 8368 5231
13573 2 2 1 5 3614 6653 6033
13574 2 2 1 5 3639 8525 7514
13575 2 2 1 5 3144 8250 6382
13576 2 2 1 5 7066 8514 1328
13577 2 2 1 5 7966 7967 3456
13578 2 2 1 5 6835 7011 4522
13579 2 2 1 5 5318 6379 3859
13580 2 2 1 5 5259 6949 2377
13581 2 2 1 5 1835 8217 6685
13582 2 2 1 5 3617 8532 4835
13583 2 2 1 5 6016 7369 2329
13584 2 2 1 5 3099 5130 4888
13585 2 2 1 5 1623 7314 5407
13586 2 2 1 5 3923 8612 6549
13587 2 2 1 5 5679 7978 3902
13588 2 2 1 5 6333 7264 2027
13589 2 2 1 5 1696 7599 4081
13590 2 2 1 5 1705 8430 6301
13591 2 2 1 5 6518 8156 3556
13592 2 2 1 5 1531 8329 6108
13593 2 2 1 5 5837 5927 550
13594 2 2 1 5 5953 8410 2865
13595 2 2 1 5 4952 7947 46
13596 2 2 1 5 6349 7515 3148
13597 2 2 1 5 1981 8362 8360
13598 2 2 1 5 5567 7330 24
13599 2 2 1 5 1412 8349 7529
13600 2 2 1 5 6414 6824 3345
13601 2 2 1 5 6089 7764 3334
13602 2 2 1 5 3055 8173 7318
13603 2 2 1 5 3622 5970 2763
13604 2 2 1 5 1447 7833 5849
13605 2 2 1 5 5886 6624 3917
13606 2 2 1 5 4404 7806 5654
13607 2 2 1 5 6635 8306 1952
13608 2 2 1 5 3826 7852 5589
13609 2 2 1 5 73 7720 5985
13610 2 2 1 5 6724 7133 3287
13611 2 2 1 5 3494 7486 6826
13612 2 2 1 5 6488 8530 2816
13613 2 2 1 5 3184 7879 6257
13614 2 2 1 5 7009 7606 3238
13615 2 2 1 5 7176 7177 4712
13616 2 2 1 5 3665 8527 6155
13617 2 2 1 5 6931 7811 132
13618 2 2 1 5 5360 8581 2964
13619 2 2 1 5 4003 8547 7747
13620 2 2 1 5 6662 8180 4400
13621 2 2 1 5 3578 7832 6005
13622 2 2 1 5 4266 7304 7213
13623 2 2 1 5 6427 8569 1600
13624 2 2 1 5 3667 7217 6301
13625 2 2 1 5 5290 6994 1220
13626 2 2 1 5 3390 5555 5554
13627 2 2 1 5 3158 8533 6220
13628 2 2 1 5 4655 8579 3994
13629 2 2 1 5 6573 8469 3683
13630 2 2 1 5 4354 8606 8120
13631 2 2 1 5 3120 8468 6629
13632 2 2 1 5 7337 7338 2195
13633 2 2 1 5 6289 7831 3415
13634 2 2 1 5 4306 8117 7368
13635 2 2 1 5 5661 7670 3539
13636 2 2 1 5 3110 7326 6784
13637 2 2 1 5 5510 6977 4572
13638 2 2 1 5 6378 6434 1799
13639 2 2 1 5 1786 8391 7869
13640 2 2 1 5 2897 6492 1239
13641 2 2 1 5 886 6872 5488
13642 2 2 1 5 7410 8387 2407
13643 2 2 1 5 1424 7707 7443
13644 2 2 1 5 1356 7975 5573
13645 2 2 1 5 4367 8025 7838
13646 2 2 1 5 6708 6709 4412
13647 2 2 1 5 3126 7858 7115
13648 2 2 1 5 3788 5629 5206
13649 2 2 1 5 3527 7674 6544
13650 2 2 1 5 6054 7454 1798
13651 2 2 1 5 7238 8435 4516
13652 2 2 1 5 6858 8615 1288
13653 2 2 1 5 4108 7054 2684
13654 2 2 1 5 3833 7569 6627
13655 2 2 1 5 5713 8494 3471
13656 2 2 1 5 4446 7621 6643
13657 2 2 1 5 1503 7086 5705
13658 2 2 1 5 3539 7035 5661
13659 2 2 1 5 7915 7916 3725
13660 2 2 1 5 1819 8440 5659
13661 2 2 1 5 1168 8489 8286
13662 2 2 1 5 3456 8306 6635
13663 2 2 1 5 5554 6999 3390
13664 2 2 1 5 3351 8227 6123
13665 2 2 1 5 4220 7243 6869
13666 2 2 1 5 3525 8078 7408
13667 2 2 1 5 5330 8297 4330
13668 2 2 1 5 3515 7647 4976
13669 2 2 1 5 6107 8461 3736
13670 2 2 1 5 3551 7329 5843
13671 2 2 1 5 3141 7050 6726
13672 2 2 1 5 5762 8269 162
13673 2 2 1 5 6929 8067 3162
13674 2 2 1 5 7159 7657 186
13675 2 2 1 5 5914 8410 6674
13676 2 2 1 5 6579 8350 3633
13677 2 2 1 5 2474 7383 6055
13678 2 2 1 5 6551 6648 3491
13679 2 2 1 5 4203 8043 6536
13680 2 2 1 5 6049 7292 362
13681 2 2 1 5 8307 8333 4028
13682 2 2 1 5 2682 8146 8029
13683 2 2 1 5 4170 8176 4169
13684 2 2 1 5 5162 8116 1219
13685 2 2 1 5 5509 8157 5611
13686 2 2 1 5 3446 7281 7280
13687 2 2 1 5 3832 7704 5882
13688 2 2 1 5 6462 6906 2243
13689 2 2 1 5 4476 7909 1194
13690 2 2 1 5 1311 8373 6718
13691 2 2 1 5 5643 8330 1144
13692 2 2 1 5 5256 7423 3134
13693 2 2 1 5 2104 8487 5889
13694 2 2 1 5 7023 8062 2218
13695 2 2 1 5 6721 7763 4042
13696 2 2 1 5 6016 6017 3978
13697 2 2 1 5 8045 8548 4956
13698 2 2 1 5 4393 7547 6783
13699 2 2 1 5 3852 8291 7098
13700 2 2 1 5 4525 7518 7246
13701 2 2 1 5 6289 8468 3120
13702 2 2 1 5 3305 8317 2825
13703 2 2 1 5 5427 8316 1778
13704 2 2 1 5 6124 8092 3993
13705 2 2 1 5 2300 8550 8549
13706 2 2 1 5 6072 6874 3876
13707 2 2 1 5 2515 8426 6090
13708 2 2 1 5 2356 8133 7131
13709 2 2 1 5 3098 7960 6365
13710 2 2 1 5 376 7681 6145
13711 2 2 1 5 1116 6972 5835
13712 2 2 1 5 5323 8182 3769
13713 2 2 1 5 3968 7892 2529
13714 2 2 1 5 5939 7194 3760
13715 2 2 1 5 3370 7315 6390
13716 2 2 1 5 7214 8116 3349
13717 2 2 1 5 5128 7496 3201
13718 2 2 1 5 4043 7620 5437
13719 2 2 1 5 2857 8039 5462
13720 2 2 1 5 6806 7942 3454
13721 2 2 1 5 3353 8406 6656
13722 2 2 1 5 6027 6477 5732
13723 2 2 1 5 2305 8052 6088
13724 2 2 1 5 7433 8005 279
13725 2 2 1 5 3526 7772 7771
13726 2 2 1 5 6514 6786 3617
13727 2 2 1 5 3979 7534 5316
13728 2 2 1 5 3997 7453 7452
13729 2 2 1 5 2203 7167 4946
13730 2 2 1 5 4461 8253 8252
13731 2 2 1 5 1840 8537 6364
13732 2 2 1 5 503 6725 504
13733 2 2 1 5 6360 8505 611
13734 2 2 1 5 4670 7511 2373
13735 2 2 1 5 4474 8320 5271
13736 2 2 1 5 3722 7714 6267
13737 2 2 1 5 3342 7186 5009
13738 2 2 1 5 3057 8461 6107
13739 2 2 1 5 2397 6709 6708
13740 2 2 1 5 3266 8425 3267
13741 2 2 1 5 6587 6588 3694
13742 2 2 1 5 4352 8202 5500
13743 2 2 1 5 3699 6508 6088
13744 2 2 1 5 2850 8614 4911
13745 2 2 1 5 41 7942 6806
13746 2 2 1 5 3554 7269 6561
13747 2 2 1 5 1771 8584 6986
13748 2 2 1 5 3751 7586 7330
13749 2 2 1 5 6366 7637 3815
13750 2 2 1 5 7405 8258 3521
13751 2 2 1 5 6507 8587 4299
13752 2 2 1 5 1761 7813 7432
13753 2 2 1 5 4164 7524 6314
13754 2 2 1 5 3973 8418 7397
13755 2 2 1 5 3889 7836 5571
13756 2 2 1 5 4542 7402 5524
13757 2 2 1 5 3703 7441 6746
13758 2 2 1 5 5249 7726 2888
13759 2 2 1 5 6524 7360 5146
13760 2 2 1 5 7643 8486 4037
13761 2 2 1 5 5768 7881 3731
13762 2 2 1 5 8384 8385 140
13763 2 2 1 5 3803 8310 8041
13764 2 2 1 5 7777 8304 4794
13765 2 2 1 5 7472 7535 1949
13766 2 2 1 5 3941 6285 6051
13767 2 2 1 5 4199 7845 7722
13768 2 2 1 5 3878 7993 5955
13769 2 2 1 5 4945 5277 3711
13770 2 2 1 5 5611 8157 3853
13771 2 2 1 5 3104 8424 6397
13772 2 2 1 5 291 7712 6497
13773 2 2 1 5 3776 8434 7583
13774 2 2 1 5 4640 8534 7337
13775 2 2 1 5 6380 7195 3260
13776 2 2 1 5 6518 8012 3519
13777 2 2 1 5 1627 8345 6187
13778 2 2 1 5 7726 8342 3243
13779 2 2 1 5 3916 7849 7675
13780 2 2 1 5 5440 7987 1648
13781 2 2 1 5 1648 5918 5440
13782 2 2 1 5 6812 7347 2304
13783 2 2 1 5 4138 7553 6947
13784 2 2 1 5 2753 8100 6326
13785 2 2 1 5 3145 7832 6925
13786 2 2 1 5 6092 7766 3931
13787 2 2 1 5 3997 8214 6489
13788 2 2 1 5 5535 8178 6195
13789 2 2 1 5 2816 8490 6488
13790 2 2 1 5 6406 8548 3157
13791 2 2 1 5 5238 6357 2345
13792 2 2 1 5 1344 7791 6162
13793 2 2 1 5 3855 8079 7597
13794 2 2 1 5 3726 7493 4547
13795 2 2 1 5 4812 8177 2552
13796 2 2 1 5 4287 8402 5068
13797 2 2 1 5 4325 8206 6171
13798 2 2 1 5 6411 8196 2744
13799 2 2 1 5 3539 8445 5940
13800 2 2 1 5 5373 6294 3745
13801 2 2 1 5 7077 8193 3664
13802 2 2 1 5 3533 7571 6430
13803 2 2 1 5 3863 7460 7056
13804 2 2 1 5 4162 7701 6297
13805 2 2 1 5 5888 8219 3211
13806 2 2 1 5 4184 7852 3274
13807 2 2 1 5 6564 7798 3112
13808 2 2 1 5 6410 8340 1832
13809 2 2 1 5 4898 7865 5658
13810 2 2 1 5 5231 8368 7072
13811 2 2 1 5 6871 7648 3945
13812 2 2 1 5 7220 7486 3494
13813 2 2 1 5 5965 7329 3551
13814 2 2 1 5 6227 7198 1464
13815 2 2 1 5 3583 7258 4409
13816 2 2 1 5 3950 5450 5449
13817 2 2 1 5 3696 6952 6401
13818 2 2 1 5 4204 8207 7266
13819 2 2 1 5 3490 8435 7459
13820 2 2 1 5 6613 8300 3778
13821 2 2 1 5 4146 8235 8125
13822 2 2 1 5 4559 8585 6723
13823 2 2 1 5 5802 8086 4212
13824 2 2 1 5 4785 7794 6968
13825 2 2 1 5 3940 7607 6577
13826 2 2 1 5 7102 8075 3967
13827 2 2 1 5 8290 8291 3852
13828 2 2 1 5 3067 6613 6612
13829 2 2 1 5 3697 7719 7128
13830 2 2 1 5 6364 8537 3924
13831 2 2 1 5 7098 8291 1272
13832 2 2 1 5 1337 7690 7689
13833 2 2 1 5 6303 8193 1588
13834 2 2 1 5 887 8032 8031
13835 2 2 1 5 5422 7574 1808
13836 2 2 1 5 5260 8387 3933
13837 2 2 1 5 3830 6776 6762
13838 2 2 1 5 4230 7186 3342
13839 2 2 1 5 8169 8589 3150
13840 2 2 1 5 5565 7660 615
13841 2 2 1 5 2604 5932 5577
13842 2 2 1 5 6503 8147 1065
13843 2 2 1 5 3062 6639 5733
13844 2 2 1 5 7115 7858 4448
13845 2 2 1 5 3815 7637 7616
13846 2 2 1 5 6649 7898 3210
13847 2 2 1 5 6200 8422 2858
13848 2 2 1 5 3382 5807 4807
13849 2 2 1 5 4842 5458 3864
13850 2 2 1 5 2387 6604 5824
13851 2 2 1 5 4497 8033 7520
13852 2 2 1 5 3251 8417 4908
13853 2 2 1 5 233 8349 6529
13854 2 2 1 5 3368 7824 7823
13855 2 2 1 5 5204 6997 3704
13856 2 2 1 5 6924 7785 3746
13857 2 2 1 5 3713 6620 5482
13858 2 2 1 5 4049 8557 5197
13859 2 2 1 5 3387 8297 8113
13860 2 2 1 5 5312 6000 2476
13861 2 2 1 5 4757 7829 6226
13862 2 2 1 5 5417 8557 260
13863 2 2 1 5 3142 7887 6974
13864 2 2 1 5 7112 7842 3489
13865 2 2 1 5 8307 8308 457
13866 2 2 1 5 4016 8238 5639
13867 2 2 1 5 2366 8611 6113
13868 2 2 1 5 7183 8598 3647
13869 2 2 1 5 7185 7186 4230
13870 2 2 1 5 5317 6783 1397
13871 2 2 1 5 7835 8509 2869
13872 2 2 1 5 3990 5959 5004
13873 2 2 1 5 5738 8172 235
13874 2 2 1 5 4291 8106 5495
13875 2 2 1 5 7569 7578 2655
13876 2 2 1 5 3801 7921 7519
13877 2 2 1 5 7464 7465 4089
13878 2 2 1 5 2214 7454 6054
13879 2 2 1 5 5652 8575 1389
13880 2 2 1 5 6654 8432 3123
13881 2 2 1 5 5021 8400 3482
13882 2 2 1 5 530 7533 7532
13883 2 2 1 5 8355 8601 4086
13884 2 2 1 5 5364 7869 1787
13885 2 2 1 5 3676 6350 5160
13886 2 2 1 5 2857 7846 5892
13887 2 2 1 5 6217 8161 3961
13888 2 2 1 5 6114 8507 3071
13889 2 2 1 5 3591 8082 6647
13890 2 2 1 5 3438 7743 7742
13891 2 2 1 5 4781 8164 6587
13892 2 2 1 5 6334 8311 4113
13893 2 2 1 5 6682 6683 3811
13894 2 2 1 5 7741 7932 3251
13895 2 2 1 5 5649 7315 3370
13896 2 2 1 5 6801 8374 1301
13897 2 2 1 5 5875 7551 1774
13898 2 2 1 5 3421 8350 6579
13899 2 2 1 5 4053 8528 6563
13900 2 2 1 5 1698 7009 5857
13901 2 2 1 5 7048 7272 3981
13902 2 2 1 5 3375 7226 6745
13903 2 2 1 5 4738 7750 311
13904 2 2 1 5 3924 8537 5971
13905 2 2 1 5 3362 6865 5074
13906 2 2 1 5 6594 7402 3758
13907 2 2 1 5 4136 8022 7237
13908 2 2 1 5 5873 7407 790
13909 2 2 1 5 735 7754 734
13910 2 2 1 5 5392 8243 3449
13911 2 2 1 5 7459 8435 1155
13912 2 2 1 5 1520 8166 4922
13913 2 2 1 5 4199 8468 7572
13914 2 2 1 5 6134 8010 3842
13915 2 2 1 5 646 7530 7010
13916 2 2 1 5 7491 7533 4012
13917 2 2 1 5 7138 8305 4002
13918 2 2 1 5 3229 6985 4048
13919 2 2 1 5 5726 8451 2241
13920 2 2 1 5 3316 8068 7030
13921 2 2 1 5 3808 7479 7374
13922 2 2 1 5 2192 8374 5104
13923 2 2 1 5 7330 7586 1146
13924 2 2 1 5 7560 7849 3916
13925 2 2 1 5 6077 7809 4211
13926 2 2 1 5 7652 8549 4263
13927 2 2 1 5 7175 8142 2665
13928 2 2 1 5 4118 8227 6073
13929 2 2 1 5 639 7455 7282
13930 2 2 1 5 7742 7743 3200
13931 2 2 1 5 3797 7203 7202
13932 2 2 1 5 4807 6363 1342
13933 2 2 1 5 7930 7977 4031
13934 2 2 1 5 7556 8341 3183
13935 2 2 1 5 7324 7780 3621
13936 2 2 1 5 259 8473 7032
13937 2 2 1 5 5631 8377 1812
13938 2 2 1 5 6329 7367 3847
13939 2 2 1 5 8258 8491 3913
13940 2 2 1 5 3466 8263 6856
13941 2 2 1 5 6404 8535 3366
13942 2 2 1 5 7583 8434 4053
13943 2 2 1 5 3438 8322 7743
13944 2 2 1 5 4077 8067 6929
13945 2 2 1 5 3906 7817 6511
13946 2 2 1 5 6511 7817 1527
13947 2 2 1 5 4850 7880 3464
13948 2 2 1 5 7470 8087 5442
13949 2 2 1 5 5756 7382 4068
13950 2 2 1 5 6874 6921 3876
13951 2 2 1 5 3904 7347 6812
13952 2 2 1 5 7161 8571 4020
13953 2 2 1 5 5284 6126 3518
13954 2 2 1 5 8015 8394 3519
13955 2 2 1 5 6549 8612 1167
13956 2 2 1 5 3522 7416 6602
13957 2 2 1 5 3573 7946 6208
13958 2 2 1 5 7316 7692 4052
13959 2 2 1 5 404 6384 6255
13960 2 2 1 5 3843 7420 6134
13961 2 2 1 5 3747 8007 8006
13962 2 2 1 5 2137 8334 5513
13963 2 2 1 5 2749 5540 5539
13964 2 2 1 5 4086 8601 6183
13965 2 2 1 5 7129 8036 3109
13966 2 2 1 5 550 7926 7006
13967 2 2 1 5 7911 8372 1343
13968 2 2 1 5 3814 8318 3467
13969 2 2 1 5 5636 6510 2424
13970 2 2 1 5 5273 7527 223
13971 2 2 1 5 7060 8057 1477
13972 2 2 1 5 3521 8258 5435
13973 2 2 1 5 6901 8421 2357
13974 2 2 1 5 3258 6776 6392
13975 2 2 1 5 2264 8072 6170
13976 2 2 1 5 4269 8465 5974
13977 2 2 1 5 106 7493 3726
13978 2 2 1 5 3184 7866 7716
13979 2 2 1 5 3020 8110 6520
13980 2 2 1 5 1279 7744 7311
13981 2 2 1 5 4169 8176 7265
13982 2 2 1 5 3288 6441 4378
13983 2 2 1 5 1948 6907 6142
13984 2 2 1 5 5577 8354 2604
13985 2 2 1 5 4372 7173 6811
13986 2 2 1 5 3569 8162 6568
13987 2 2 1 5 4071 8267 8068
13988 2 2 1 5 6018 7931 3782
13989 2 2 1 5 2157 5532 5236
13990 2 2 1 5 2002 8115 4372
13991 2 2 1 5 1614 7684 6112
13992 2 2 1 5 6638 8172 3679
13993 2 2 1 5 1343 7440 6281
13994 2 2 1 5 4065 7207 6980
13995 2 2 1 5 5935 7070 3722
13996 2 2 1 5 629 6918 6251
13997 2 2 1 5 1414 8313 7762
13998 2 2 1 5 114 8099 8098
13999 2 2 1 5 3406 6667 6666
14000 2 2 1 5 4569 6772 1045
14001 2 2 1 5 950 4284 806
14002 2 2 1 5 3760 7194 5202
14003 2 2 1 5 3790 6382 3130
14004 2 2 1 5 7536 8043 4203
14005 2 2 1 5 3714 8611 7885
14006 2 2 1 5 6826 7486 3927
14007 2 2 1 5 5835 5836 1116
14008 2 2 1 5 1166 8433 6100
14009 2 2 1 5 8502 8575 5652
14010 2 2 1 5 2386 5324 4412
14011 2 2 1 5 2786 8319 6909
14012 2 2 1 5 5343 8450 4003
14013 2 2 1 5 2476 7393 6538
14014 2 2 1 5 6642 8278 3440
14015 2 2 1 5 6629 8468 4199
14016 2 2 1 5 6558 8220 2390
14017 2 2 1 5 502 8352 6459
14018 2 2 1 5 2087 7768 5214
14019 2 2 1 5 6560 7578 3832
14020 2 2 1 5 6204 7745 4839
14021 2 2 1 5 4334 7878 7751
14022 2 2 1 5 4930 8364 1250
14023 2 2 1 5 7408 8078 4220
14024 2 2 1 5 3636 8596 7886
14025 2 2 1 5 3438 7742 6209
14026 2 2 1 5 4723 7624 3558
14027 2 2 1 5 6887 7369 4022
14028 2 2 1 5 2874 7950 4717
14029 2 2 1 5 8347 8348 1014
14030 2 2 1 5 5360 7775 6144
14031 2 2 1 5 4504 7867 7866
14032 2 2 1 5 3869 8548 6406
14033 2 2 1 5 2148 8321 5123
14034 2 2 1 5 3867 8132 7156
14035 2 2 1 5 1881 8064 6266
14036 2 2 1 5 6671 7647 3715
14037 2 2 1 5 4733 8043 7536
14038 2 2 1 5 2126 7739 6279
14039 2 2 1 5 6830 7736 3884
14040 2 2 1 5 5959 8564 5004
14041 2 2 1 5 3113 8193 7077
14042 2 2 1 5 6770 8458 1945
14043 2 2 1 5 6726 8522 3141
14044 2 2 1 5 5777 6715 2497
14045 2 2 1 5 5495 7970 2632
14046 2 2 1 5 197 7219 6853
14047 2 2 1 5 6018 8133 4121
14048 2 2 1 5 6267 8451 3722
14049 2 2 1 5 5372 7263 2758
14050 2 2 1 5 2964 7775 5360
14051 2 2 1 5 6658 7812 5491
14052 2 2 1 5 3683 7956 6573
14053 2 2 1 5 7468 7810 3995
14054 2 2 1 5 3772 7849 7560
14055 2 2 1 5 4529 7281 244
14056 2 2 1 5 5942 7589 4150
14057 2 2 1 5 5198 8544 3802
14058 2 2 1 5 5316 7534 3285
14059 2 2 1 5 7728 8553 172
14060 2 2 1 5 7995 7996 1403
14061 2 2 1 5 3688 8143 6196
14062 2 2 1 5 3920 8131 8029
14063 2 2 1 5 7008 7474 4118
14064 2 2 1 5 5447 6129 1222
14065 2 2 1 5 2839 7378 4586
14066 2 2 1 5 2315 7313 5590
14067 2 2 1 5 6398 8592 4500
14068 2 2 1 5 2273 7785 6924
14069 2 2 1 5 7482 7864 143
14070 2 2 1 5 4166 7230 7135
14071 2 2 1 5 6023 6530 2865
14072 2 2 1 5 6812 6813 3904
14073 2 2 1 5 4549 7861 6056
14074 2 2 1 5 7345 8157 500
14075 2 2 1 5 7475 8259 4510
14076 2 2 1 5 1612 8084 6939
14077 2 2 1 5 2210 7911 6281
14078 2 2 1 5 6765 8271 1369
14079 2 2 1 5 5152 8430 7570
14080 2 2 1 5 6645 7679 1151
14081 2 2 1 5 6732 7201 2248
14082 2 2 1 5 8080 8385 4555
14083 2 2 1 5 1741 7844 4982
14084 2 2 1 5 6568 8162 27
14085 2 2 1 5 7493 7805 104
14086 2 2 1 5 5901 7202 3798
14087 2 2 1 5 2539 5925 4996
14088 2 2 1 5 6190 8463 4377
14089 2 2 1 5 1169 7968 4507
14090 2 2 1 5 5457 8446 4628
14091 2 2 1 5 562 7686 6657
14092 2 2 1 5 4603 6161 4600
14093 2 2 1 5 4179 6614 5985
14094 2 2 1 5 6781 8247 3302
14095 2 2 1 5 8249 8412 189
14096 2 2 1 5 1375 7527 5273
14097 2 2 1 5 3590 7192 5891
14098 2 2 1 5 3971 8575 8502
14099 2 2 1 5 7429 7725 3850
14100 2 2 1 5 3049 8580 6802
14101 2 2 1 5 4011 6985 2687
14102 2 2 1 5 8041 8310 3579
14103 2 2 1 5 8388 8390 2281
14104 2 2 1 5 6676 7567 2128
14105 2 2 1 5 1375 5273 5153
14106 2 2 1 5 6879 8562 2733
14107 2 2 1 5 5889 8487 1699
14108 2 2 1 5 1414 7762 6486
14109 2 2 1 5 6999 7326 3110
14110 2 2 1 5 4500 8592 114
14111 2 2 1 5 4201 4304 3796
14112 2 2 1 5 7529 8349 233
14113 2 2 1 5 5962 6604 4049
14114 2 2 1 5 3708 7480 6741
14115 2 2 1 5 3978 7369 6016
14116 2 2 1 5 483 7579 5536
14117 2 2 1 5 6088 8052 3699
14118 2 2 1 5 2131 8129 6773
14119 2 2 1 5 1265 7880 4850
14120 2 2 1 5 7838 8025 3534
14121 2 2 1 5 3748 7335 7223
14122 2 2 1 5 348 8079 6309
14123 2 2 1 5 6144 7775 2919
14124 2 2 1 5 6053 8081 4327
14125 2 2 1 5 5170 5917 2939
14126 2 2 1 5 4001 8281 7244
14127 2 2 1 5 3771 7296 6455
14128 2 2 1 5 6591 6728 3646
14129 2 2 1 5 7737 8600 3929
14130 2 2 1 5 6013 6257 3421
14131 2 2 1 5 608 8510 5031
14132 2 2 1 5 6434 8071 1799
14133 2 2 1 5 7823 7824 3241
14134 2 2 1 5 4136 8141 8022
14135 2 2 1 5 5859 7580 3557
14136 2 2 1 5 6693 8408 1882
14137 2 2 1 5 1434 8416 7351
14138 2 2 1 5 3988 8037 8036
14139 2 2 1 5 7771 7772 252
14140 2 2 1 5 4583 8438 8437
14141 2 2 1 5 7241 7571 3533
14142 2 2 1 5 5539 7030 2749
14143 2 2 1 5 7720 8567 4178
14144 2 2 1 5 3610 7877 6937
14145 2 2 1 5 152 7938 7028
14146 2 2 1 5 3988 8036 7129
14147 2 2 1 5 31 7334 6996
14148 2 2 1 5 6685 8217 4226
14149 2 2 1 5 7079 8536 3805
14150 2 2 1 5 3063 7893 7882
14151 2 2 1 5 8274 8275 1850
14152 2 2 1 5 1680 8530 6488
14153 2 2 1 5 8019 8020 2360
14154 2 2 1 5 4037 8486 8266
14155 2 2 1 5 4026 8423 6760
14156 2 2 1 5 7207 7554 3810
14157 2 2 1 5 3605 6965 6928
14158 2 2 1 5 5231 8447 1267
14159 2 2 1 5 128 8368 5819
14160 2 2 1 5 5770 8039 4621
14161 2 2 1 5 6290 8543 1955
14162 2 2 1 5 6895 8503 3910
14163 2 2 1 5 7321 7564 2471
14164 2 2 1 5 3140 7973 7293
14165 2 2 1 5 6531 6797 3716
14166 2 2 1 5 6964 8346 3291
14167 2 2 1 5 3778 8271 6765
14168 2 2 1 5 7072 8368 128
14169 2 2 1 5 5973 7788 712
14170 2 2 1 5 4112 7535 7472
14171 2 2 1 5 1393 7415 6389
14172 2 2 1 5 6709 8473 259
14173 2 2 1 5 3160 7256 6262
14174 2 2 1 5 8506 8534 5014
14175 2 2 1 5 5764 7660 1770
14176 2 2 1 5 5354 6626 3890
14177 2 2 1 5 6753 8060 3425
14178 2 2 1 5 7028 7938 1313
14179 2 2 1 5 4001 8305 7138
14180 2 2 1 5 1288 7372 6858
14181 2 2 1 5 4824 7095 2579
14182 2 2 1 5 5319 7703 1294
14183 2 2 1 5 1122 8197 1124
14184 2 2 1 5 7481 7924 2308
14185 2 2 1 5 3156 8419 8109
14186 2 2 1 5 3461 7580 5859
14187 2 2 1 5 6205 8236 4626
14188 2 2 1 5 311 7750 5943
14189 2 2 1 5 2093 8503 6895
14190 2 2 1 5 7784 8353 356
14191 2 2 1 5 3149 8004 7820
14192 2 2 1 5 1705 7639 7570
14193 2 2 1 5 6099 8273 3658
14194 2 2 1 5 7293 7973 3510
14195 2 2 1 5 4242 8331 7838
14196 2 2 1 5 5714 8309 3349
14197 2 2 1 5 8477 8478 3943
14198 2 2 1 5 5323 8586 8231
14199 2 2 1 5 4212 8618 8203
14200 2 2 1 5 4390 7031 2169
14201 2 2 1 5 5297 7789 7774
14202 2 2 1 5 6170 6409 2264
14203 2 2 1 5 6560 8560 2656
14204 2 2 1 5 7257 8173 3055
14205 2 2 1 5 7484 7653 3977
14206 2 2 1 5 3669 7903 7331
14207 2 2 1 5 8274 8581 4154
14208 2 2 1 5 6630 8047 3975
14209 2 2 1 5 1602 7963 7278
14210 2 2 1 5 2704 7881 5768
14211 2 2 1 5 6795 7828 2827
14212 2 2 1 5 3384 8574 8264
14213 2 2 1 5 3448 8095 6498
14214 2 2 1 5 4894 6559 3976
14215 2 2 1 5 6251 6918 3766
14216 2 2 1 5 4192 8184 7815
14217 2 2 1 5 3828 6729 5876
14218 2 2 1 5 2164 7830 5526
14219 2 2 1 5 6692 7914 3601
14220 2 2 1 5 3176 8401 4645
14221 2 2 1 5 3998 7654 7653
14222 2 2 1 5 6195 8178 1304
14223 2 2 1 5 6053 8467 2670
14224 2 2 1 5 46 7982 4102
14225 2 2 1 5 7500 8212 1597
14226 2 2 1 5 5555 7714 2532
14227 2 2 1 5 5458 8477 3943
14228 2 2 1 5 4196 7977 7930
14229 2 2 1 5 7774 7789 3097
14230 2 2 1 5 1267 8447 4831
14231 2 2 1 5 7384 8595 4058
14232 2 2 1 5 7347 8188 192
14233 2 2 1 5 3727 6681 6190
14234 2 2 1 5 6961 7994 361
14235 2 2 1 5 5772 7445 4366
14236 2 2 1 5 6331 8606 3562
14237 2 2 1 5 8056 8270 4219
14238 2 2 1 5 7333 8200 4117
14239 2 2 1 5 3965 8296 2571
14240 2 2 1 5 4421 8603 6095
14241 2 2 1 5 6207 7730 2255
14242 2 2 1 5 7331 7903 2177
14243 2 2 1 5 8589 8590 4713
14244 2 2 1 5 5985 7720 4179
14245 2 2 1 5 1489 8151 7178
14246 2 2 1 5 7244 8281 4054
14247 2 2 1 5 6991 7072 2179
14248 2 2 1 5 3186 8609 6885
14249 2 2 1 5 6497 7712 3872
14250 2 2 1 5 6437 6438 2541
14251 2 2 1 5 7877 8472 4357
14252 2 2 1 5 7479 7891 2492
14253 2 2 1 5 3907 8212 7500
14254 2 2 1 5 7167 8080 1349
14255 2 2 1 5 8492 8493 3892
14256 2 2 1 5 7452 8214 3997
14257 2 2 1 5 3736 8461 7225
14258 2 2 1 5 8266 8486 4514
14259 2 2 1 5 3605 8514 6965
14260 2 2 1 5 3519 8394 7308
14261 2 2 1 5 7280 7281 4529
14262 2 2 1 5 1622 8396 7453
14263 2 2 1 5 4134 8153 6391
14264 2 2 1 5 4277 7924 7481
14265 2 2 1 5 6974 7887 3958
14266 2 2 1 5 4834 8455 7206
14267 2 2 1 5 116 8179 4366
14268 2 2 1 5 8360 8362 8361
14269 2 2 1 5 3418 7434 6024
14270 2 2 1 5 7412 7607 3615
14271 2 2 1 5 4462 8201 3511
14272 2 2 1 5 3554 8000 7270
14273 2 2 1 5 3757 8112 6603
14274 2 2 1 5 924 8337 1528
14275 2 2 1 5 4152 8200 7333
14276 2 2 1 5 5878 7529 2344
14277 2 2 1 5 6106 8442 4413
14278 2 2 1 5 7886 8471 3636
14279 2 2 1 5 4499 6345 6344
14280 2 2 1 5 3820 7465 7464
14281 2 2 1 5 2422 8481 7683
14282 2 2 1 5 6805 7221 3533
14283 2 2 1 5 4783 8410 5953
14284 2 2 1 5 7616 7885 1402
14285 2 2 1 5 7006 7926 561
14286 2 2 1 5 6811 7173 5447
14287 2 2 1 5 3255 6660 5842
14288 2 2 1 5 6828 7765 3749
14289 2 2 1 5 7777 8279 3690
14290 2 2 1 5 4508 7364 6154
14291 2 2 1 5 7168 8213 5365
14292 2 2 1 5 7685 8093 3970
14293 2 2 1 5 6536 8578 4203
14294 2 2 1 5 4400 7885 7616
14295 2 2 1 5 2933 7932 7741
14296 2 2 1 5 1765 8270 8056
14297 2 2 1 5 3078 8184 7757
14298 2 2 1 5 2865 8410 5914
14299 2 2 1 5 795 7793 6377
14300 2 2 1 5 3467 8318 7385
14301 2 2 1 5 3098 7976 6268
14302 2 2 1 5 50 7719 7045
14303 2 2 1 5 5986 7823 4902
14304 2 2 1 5 5424 7471 1795
14305 2 2 1 5 4147 8125 7933
14306 2 2 1 5 7933 8125 3318
14307 2 2 1 5 3383 7919 6738
14308 2 2 1 5 5601 8160 3550
14309 2 2 1 5 6946 8331 4242
14310 2 2 1 5 4615 8432 6654
14311 2 2 1 5 317 8572 7628
14312 2 2 1 5 3161 7195 6380
14313 2 2 1 5 4061 7810 7468
14314 2 2 1 5 16 8216 5861
14315 2 2 1 5 7986 8580 3049
14316 2 2 1 5 3837 7871 5681
14317 2 2 1 5 7611 7875 653
14318 2 2 1 5 167 7972 5253
14319 2 2 1 5 3269 8214 7452
14320 2 2 1 5 4816 7815 7814
14321 2 2 1 5 6985 8256 2687
14322 2 2 1 5 4154 8275 8274
14323 2 2 1 5 7124 7425 2873
14324 2 2 1 5 3793 7657 7159
14325 2 2 1 5 4210 8023 7156
14326 2 2 1 5 2722 8011 5637
14327 2 2 1 5 2397 8473 6709
14328 2 2 1 5 7747 8547 41
14329 2 2 1 5 1596 7725 7429
14330 2 2 1 5 1795 7770 5424
14331 2 2 1 5 6822 8319 2786
14332 2 2 1 5 169 8001 7851
14333 2 2 1 5 3938 6976 6975
14334 2 2 1 5 8113 8297 3735
14335 2 2 1 5 7463 8419 4493
14336 2 2 1 5 3832 7578 7569
14337 2 2 1 5 3165 8156 6518
14338 2 2 1 5 8029 8146 3920
14339 2 2 1 5 3970 8093 7680
14340 2 2 1 5 7999 8000 3554
14341 2 2 1 5 7070 7714 3722
14342 2 2 1 5 1851 7692 7316
14343 2 2 1 5 3777 7661 5168
14344 2 2 1 5 5066 6052 3992
14345 2 2 1 5 4621 8039 2857
14346 2 2 1 5 4624 8158 6086
14347 2 2 1 5 8203 8618 3976
14348 2 2 1 5 4191 7780 7757
14349 2 2 1 5 8036 8037 4296
14350 2 2 1 5 2532 7714 7070
14351 2 2 1 5 1574 8255 8254
14352 2 2 1 5 3137 8279 7777
14353 2 2 1 5 3573 7947 7946
14354 2 2 1 5 4501 8592 6398
14355 2 2 1 5 4040 6888 4588
14356 2 2 1 5 7246 8328 3401
14357 2 2 1 5 7221 8283 3533
14358 2 2 1 5 5109 7906 7824
14359 2 2 1 5 4996 7986 2539
14360 2 2 1 5 4286 8594 7309
14361 2 2 1 5 6898 7993 3878
14362 2 2 1 5 6989 8359 3886
14363 2 2 1 5 6996 7334 4094
14364 2 2 1 5 7599 7624 4723
14365 2 2 1 5 2485 8541 8480
14366 2 2 1 5 6460 8089 4241
14367 2 2 1 5 3435 7984 7983
14368 2 2 1 5 4434 7317 6944
14369 2 2 1 5 5253 7972 6917
14370 2 2 1 5 6870 8460 3662
14371 2 2 1 5 3910 8215 8038
14372 2 2 1 5 3998 7653 7484
14373 2 2 1 5 4166 7231 7230
14374 2 2 1 5 4630 8167 162
14375 2 2 1 5 5459 8472 7877
14376 2 2 1 5 4632 8366 2620
14377 2 2 1 5 6965 8514 3552
14378 2 2 1 5 7318 8173 4704
14379 2 2 1 5 1588 8193 3113
14380 2 2 1 5 4085 7189 7188
14381 2 2 1 5 4486 7100 7099
14382 2 2 1 5 6506 7491 4012
14383 2 2 1 5 7411 8167 4232
14384 2 2 1 5 6876 6877 2775
14385 2 2 1 5 7363 8122 4188
14386 2 2 1 5 7414 8482 1333
14387 2 2 1 5 8248 8249 2301
14388 2 2 1 5 7126 7191 5968
14389 2 2 1 5 3431 8292 5348
14390 2 2 1 5 1903 8619 8456
14391 2 2 1 5 6222 7854 2560
14392 2 2 1 5 7932 8417 3251
14393 2 2 1 5 3849 8367 7164
14394 2 2 1 5 3953 8448 6470
14395 2 2 1 5 7622 8440 4591
14396 2 2 1 5 3656 8140 6524
14397 2 2 1 5 7683 8481 5521
14398 2 2 1 5 7450 8403 4287
14399 2 2 1 5 7757 8184 4192
14400 2 2 1 5 6474 8538 2856
14401 2 2 1 5 6997 8185 3704
14402 2 2 1 5 376 8187 6487
14403 2 2 1 5 7675 7849 1633
14404 2 2 1 5 6752 8155 4347
14405 2 2 1 5 5984 6785 2613
14406 2 2 1 5 6726 7050 1566
14407 2 2 1 5 2451 6335 6214
14408 2 2 1 5 3398 8303 8302
14409 2 2 1 5 7689 7690 4298
14410 2 2 1 5 8281 8298 4054
14411 2 2 1 5 2741 7765 6399
14412 2 2 1 5 6365 7960 4082
14413 2 2 1 5 1408 8376 4870
14414 2 2 1 5 6323 8339 2522
14415 2 2 1 5 6791 8378 245
14416 2 2 1 5 7653 7654 3151
14417 2 2 1 5 3080 8491 8258
14418 2 2 1 5 7309 8594 4285
14419 2 2 1 5 3937 7380 3312
14420 2 2 1 5 6448 7116 4388
14421 2 2 1 5 3137 8280 8279
14422 2 2 1 5 2650 7925 6413
14423 2 2 1 5 3069 8419 7463
14424 2 2 1 5 8264 8574 1694
14425 2 2 1 5 1741 8323 4511
14426 2 2 1 5 5095 8185 6997
14427 2 2 1 5 8483 8484 3544
14428 2 2 1 5 3676 8105 6350
14429 2 2 1 5 1442 8346 6964
14430 2 2 1 5 4192 7795 7757
14431 2 2 1 5 3669 7331 6101
14432 2 2 1 5 912 6184 911
14433 2 2 1 5 6783 7547 1397
14434 2 2 1 5 8437 8438 4581
14435 2 2 1 5 4649 7531 2704
14436 2 2 1 5 6650 7137 4096
14437 2 2 1 5 1222 6811 5447
14438 2 2 1 5 8475 8524 4117
14439 2 2 1 5 7473 8310 1953
14440 2 2 1 5 7445 8563 4366
14441 2 2 1 5 3102 8350 7879
14442 2 2 1 5 7218 8599 4248
14443 2 2 1 5 3102 8441 8351
14444 2 2 1 5 7619 7872 2582
14445 2 2 1 5 3747 7836 3050
14446 2 2 1 5 7041 7686 3786
14447 2 2 1 5 7042 8415 1889
14448 2 2 1 5 3735 8297 5330
14449 2 2 1 5 7453 8396 1625
14450 2 2 1 5 5435 8258 3913
14451 2 2 1 5 1043 7379 7040
14452 2 2 1 5 5484 8583 3430
14453 2 2 1 5 3743 6967 4961
14454 2 2 1 5 4645 8401 3348
14455 2 2 1 5 5673 7963 1602
14456 2 2 1 5 7409 8586 5270
14457 2 2 1 5 6023 8018 2359
14458 2 2 1 5 8046 8303 3398
14459 2 2 1 5 2873 7395 6475
14460 2 2 1 5 7917 8195 532
14461 2 2 1 5 5055 7615 7077
14462 2 2 1 5 1722 8062 7023
14463 2 2 1 5 6586 8509 4124
14464 2 2 1 5 706 8180 6662
14465 2 2 1 5 7757 7795 4191
14466 2 2 1 5 4051 8494 5713
14467 2 2 1 5 3960 6598 4840
14468 2 2 1 5 8351 8441 4385
14469 2 2 1 5 4435 8249 8248
14470 2 2 1 5 6343 8029 610
14471 2 2 1 5 5921 8177 2283
14472 2 2 1 5 7517 8024 4769
14473 2 2 1 5 4022 7483 6887
14474 2 2 1 5 4221 8000 7999
14475 2 2 1 5 6476 6477 6027
14476 2 2 1 5 2958 7177 7176
14477 2 2 1 5 5224 8300 4561
14478 2 2 1 5 4511 8593 1741
14479 2 2 1 5 6447 7346 4288
14480 2 2 1 5 7821 8409 2811
14481 2 2 1 5 3542 7405 4587
14482 2 2 1 5 2377 6452 5242
14483 2 2 1 5 3080 8258 7405
14484 2 2 1 5 7450 7909 1198
14485 2 2 1 5 8456 8619 4494
14486 2 2 1 5 3853 8157 7345
14487 2 2 1 5 5571 8559 3889
14488 2 2 1 5 4461 8252 8251
14489 2 2 1 5 1162 8472 3889
14490 2 2 1 5 4387 8484 8483
14491 2 2 1 5 3014 8183 6609
14492 2 2 1 5 5329 7894 7195
14493 2 2 1 5 6802 8580 4128
14494 2 2 1 5 5668 7233 3644
14495 2 2 1 5 4334 7751 7514
14496 2 2 1 5 3011 6803 6084
14497 2 2 1 5 3592 8357 7503
14498 2 2 1 5 2699 8299 6942
14499 2 2 1 5 7325 7392 3536
14500 2 2 1 5 1783 7744 6298
14501 2 2 1 5 7990 8250 2797
14502 2 2 1 5 3675 8501 7876
14503 2 2 1 5 8154 8518 1971
14504 2 2 1 5 4222 7582 7581
14505 2 2 1 5 4366 8179 5772
14506 2 2 1 5 5906 8199 6571
14507 2 2 1 5 8091 8483 3544
14508 2 2 1 5 6035 8479 4046
14509 2 2 1 5 4133 8373 8372
14510 2 2 1 5 7246 7518 3183
14511 2 2 1 5 1953 7477 7473
14512 2 2 1 5 6552 8439 4098
14513 2 2 1 5 5249 8342 7726
14514 2 2 1 5 2846 7905 7378
14515 2 2 1 5 7324 7325 3078
14516 2 2 1 5 6301 8430 4155
14517 2 2 1 5 6571 8199 3929
14518 2 2 1 5 6286 8369 1831
14519 2 2 1 5 73 8567 7720
14520 2 2 1 5 3536 7392 7123
14521 2 2 1 5 7885 8611 1402
14522 2 2 1 5 91 8343 6334
14523 2 2 1 5 7427 8090 4558
14524 2 2 1 5 4555 8385 8384
14525 2 2 1 5 3843 8128 2733
14526 2 2 1 5 7435 7502 3775
14527 2 2 1 5 6917 7972 3665
14528 2 2 1 5 7430 7681 376
14529 2 2 1 5 7595 8245 4439
14530 2 2 1 5 6297 7701 4163
14531 2 2 1 5 7137 7205 5709
14532 2 2 1 5 8038 8215 3135
14533 2 2 1 5 3929 8199 7796
14534 2 2 1 5 8434 8528 4053
14535 2 2 1 5 2195 7791 7337
14536 2 2 1 5 5495 8106 7970
14537 2 2 1 5 2788 6117 5806
14538 2 2 1 5 6052 8558 4971
14539 2 2 1 5 3366 8535 7423
14540 2 2 1 5 2555 8208 6695
14541 2 2 1 5 4455 8231 7697
14542 2 2 1 5 4024 8599 7218
14543 2 2 1 5 8518 8519 1973
14544 2 2 1 5 2764 8057 7060
14545 2 2 1 5 6847 7651 3817
14546 2 2 1 5 3787 7686 7041
14547 2 2 1 5 8372 8373 2278
14548 2 2 1 5 4435 8412 8249
14549 2 2 1 5 6021 7090 6667
14550 2 2 1 5 7520 8033 3090
14551 2 2 1 5 2508 8284 5113
14552 2 2 1 5 6253 6864 4247
14553 2 2 1 5 4982 8323 1741
14554 2 2 1 5 7007 7923 5744
14555 2 2 1 5 2238 7007 5744
14556 2 2 1 5 5109 7824 7539
14557 2 2 1 5 6045 8163 4599
14558 2 2 1 5 7202 7203 3798
14559 2 2 1 5 1259 8493 8492
14560 2 2 1 5 538 8526 5717
14561 2 2 1 5 1566 6943 5943
14562 2 2 1 5 8539 8540 4620
14563 2 2 1 5 6294 7588 3745
14564 2 2 1 5 726 7571 7241
14565 2 2 1 5 3401 8328 7980
14566 2 2 1 5 3030 6238 6219
14567 2 2 1 5 8086 8618 4212
14568 2 2 1 5 4902 7434 75
14569 2 2 1 5 7346 7850 4416
14570 2 2 1 5 1832 8340 8339
14571 2 2 1 5 3655 7543 7308
14572 2 2 1 5 6427 7808 4103
14573 2 2 1 5 5717 8526 8525
14574 2 2 1 5 3124 8298 8281
14575 2 2 1 5 7089 7466 3968
14576 2 2 1 5 3102 8351 8350
14577 2 2 1 5 7743 8322 4408
14578 2 2 1 5 6428 8307 457
14579 2 2 1 5 7052 7054 4108
14580 2 2 1 5 1916 8607 5951
14581 2 2 1 5 6071 8395 3829
14582 2 2 1 5 7503 8357 3101
14583 2 2 1 5 4372 8115 8114
14584 2 2 1 5 4347 8155 2573
14585 2 2 1 5 8109 8419 3069
14586 2 2 1 5 4372 8114 7173
14587 2 2 1 5 6788 8320 4474
14588 2 2 1 5 817 6893 816
14589 2 2 1 5 1096 7323 1756
14590 2 2 1 5 6161 7702 3159
14591 2 2 1 5 6743 8074 2406
14592 2 2 1 5 1698 7606 7009
14593 2 2 1 5 8469 8470 4150
14594 2 2 1 5 8016 8017 8013
14595 2 2 1 5 5723 7900 2338
14596 2 2 1 5 7670 8445 3539
14597 2 2 1 5 1992 7018 6555
14598 2 2 1 5 3897 8319 6822
14599 2 2 1 5 6644 7699 3340
14600 2 2 1 5 8525 8526 4334
14601 2 2 1 5 4232 8167 7898
14602 2 2 1 5 6237 6749 3918
14603 2 2 1 5 6102 8535 127
14604 2 2 1 5 6760 8423 2271
14605 2 2 1 5 7423 8535 6102
14606 2 2 1 5 2789 8353 7784
14607 2 2 1 5 7850 7851 4416
14608 2 2 1 5 3370 7380 5649
14609 2 2 1 5 2845 8176 4170
14610 2 2 1 5 8223 8226 3718
14611 2 2 1 5 4252 8409 7821
14612 2 2 1 5 3166 8394 8015
14613 2 2 1 5 7898 8167 4630
14614 2 2 1 5 6897 8376 3681
14615 2 2 1 5 5998 6205 2806
14616 2 2 1 5 7869 7895 1787
14617 2 2 1 5 4560 8173 7257
14618 2 2 1 5 1273 8126 8063
14619 2 2 1 5 1797 7323 1096
14620 2 2 1 5 6885 8609 4297
14621 2 2 1 5 6442 6443 2280
14622 2 2 1 5 4232 7898 6649
14623 2 2 1 5 4108 7053 7052
14624 2 2 1 5 4502 7716 5141
14625 2 2 1 5 8195 8555 83
14626 2 2 1 5 4103 8569 6427
14627 2 2 1 5 4175 6824 6414
14628 2 2 1 5 3930 8600 7737
14629 2 2 1 5 6869 7243 1656
14630 2 2 1 5 6986 8584 4329
14631 2 2 1 5 6705 6708 4412
14632 2 2 1 5 7194 7601 5202
14633 2 2 1 5 4133 8372 7911
14634 2 2 1 5 7078 7426 4849
14635 2 2 1 5 4159 8407 8111
14636 2 2 1 5 4458 8211 6944
14637 2 2 1 5 4979 8082 2406
14638 2 2 1 5 4005 8470 8469
14639 2 2 1 5 2234 8617 8616
14640 2 2 1 5 3888 8499 7151
14641 2 2 1 5 3936 6567 6566
14642 2 2 1 5 6937 7877 4357
14643 2 2 1 5 4500 7541 7540
14644 2 2 1 5 6067 6567 3936
14645 2 2 1 5 6028 8471 7886
14646 2 2 1 5 7432 7813 4379
14647 2 2 1 5 5693 7550 4390
14648 2 2 1 5 5500 8202 3841
14649 2 2 1 5 4870 8376 6897
14650 2 2 1 5 4113 8311 7021
14651 2 2 1 5 6314 7524 3707
14652 2 2 1 5 6944 8211 4434
14653 2 2 1 5 1222 8446 6811
14654 2 2 1 5 7869 8391 3989
14655 2 2 1 5 3528 8613 7301
14656 2 2 1 5 4670 8519 8518
14657 2 2 1 5 7983 7984 3734
14658 2 2 1 5 1283 8495 604
14659 2 2 1 5 7361 8379 2801
14660 2 2 1 5 3424 8199 5906
14661 2 2 1 5 7922 8066 3235
14662 2 2 1 5 3622 7945 7944
14663 2 2 1 5 2214 6054 6037
14664 2 2 1 5 4089 7327 4862
14665 2 2 1 5 4380 8066 7922
14666 2 2 1 5 7814 7815 1669
14667 2 2 1 5 5751 6800 2974
14668 2 2 1 5 7882 7893 4525
14669 2 2 1 5 8279 8280 4281
14670 2 2 1 5 8480 8541 4389
14671 2 2 1 5 2963 8581 8274
14672 2 2 1 5 7808 7982 4103
14673 2 2 1 5 6942 8299 4059
14674 2 2 1 5 7270 8000 2829
14675 2 2 1 5 7067 7896 2451
14676 2 2 1 5 7941 8262 3712
14677 2 2 1 5 2158 6774 6641
14678 2 2 1 5 6865 7665 1485
14679 2 2 1 5 4287 8403 8402
14680 2 2 1 5 5940 8445 2725
14681 2 2 1 5 7099 8088 4645
14682 2 2 1 5 4176 7081 7080
14683 2 2 1 5 4102 7982 7808
14684 2 2 1 5 1696 7624 7599
14685 2 2 1 5 402 354 403
14686 2 2 1 5 7923 8459 5744
14687 2 2 1 5 4390 7550 7031
14688 2 2 1 5 3079 8303 8046
14689 2 2 1 5 7799 7800 4256
14690 2 2 1 5 4979 7764 6660
14691 2 2 1 5 3989 7895 7869
14692 2 2 1 5 7237 8022 4528
14693 2 2 1 5 7311 7744 1783
14694 2 2 1 5 6853 7219 4597
14695 2 2 1 5 7851 8001 4883
14696 2 2 1 5 5025 7872 7619
14697 2 2 1 5 7514 8525 4334
14698 2 2 1 5 1193 7262 5885
14699 2 2 1 5 5885 7301 1193
14700 2 2 1 5 612 7486 7220
14701 2 2 1 5 2483 6355 6324
14702 2 2 1 5 6028 7886 4201
14703 2 2 1 5 6021 6667 3248
14704 2 2 1 5 7570 7639 4127
14705 2 2 1 5 4164 7875 7611
14706 2 2 1 5 7796 8199 3424
14707 2 2 1 5 1763 8524 8475
14708 2 2 1 5 3277 5575 5290
14709 2 2 1 5 3528 7301 4968
14710 2 2 1 5 8339 8340 2522
14711 2 2 1 5 7254 7413 7250
14712 2 2 1 5 4670 8518 8154
14713 2 2 1 5 2837 8593 4998
14714 2 2 1 5 7320 7630 260
14715 2 2 1 5 3646 8262 6591
14716 2 2 1 5 5063 8555 8195
14717 2 2 1 5 7106 8485 3845
14718 2 2 1 5 4996 8580 7986
14719 2 2 1 5 7886 8596 4304
14720 2 2 1 5 6858 7372 5236
14721 2 2 1 5 8302 8303 4092
14722 2 2 1 5 2507 8540 8539
14723 2 2 1 5 8404 8597 4531
14724 2 2 1 5 4998 7996 7995
14725 2 2 1 5 7778 7779 3113
14726 2 2 1 5 5063 8195 7917
14727 2 2 1 5 1125 1581 413
14728 2 2 1 5 1 7093 1132
14729 2 2 1 5 1132 7634 1
14730 2 2 1 5 1 8007 7093
14731 2 2 1 5 2 3267 2078
14732 2 2 1 5 2078 8559 2
14733 2 2 1 5 4 5466 1134
14734 2 2 1 5 1134 6970 4
14735 2 2 1 5 1145 2894 6
14736 2 2 1 5 365 5367 7
14737 2 2 1 5 11 12 1129
14738 2 2 1 5 11 1138 12
14739 2 2 1 5 1129 5286 11
14740 2 2 1 5 12 7438 13
14741 2 2 1 5 1129 12 3029
14742 2 2 1 5 15 7767 1138
14743 2 2 1 5 16 5734 17
14744 2 2 1 5 1139 4509 17
14745 2 2 1 5 17 5366 1139
14746 2 2 1 5 19 3999 18
14747 2 2 1 5 18 7464 19
14748 2 2 1 5 1140 18 1128
14749 2 2 1 5 3820 7464 18
14750 2 2 1 5 19 4862 1141
14751 2 2 1 5 1143 21 1134
14752 2 2 1 5 1143 8463 21
14753 2 2 1 5 24 1145 1135
14754 2 2 1 5 25 6191 1148
14755 2 2 1 5 26 4609 368
14756 2 2 1 5 368 4624 26
14757 2 2 1 5 28 5675 1151
14758 2 2 1 5 30 4436 29
14759 2 2 1 5 29 4517 30
14760 2 2 1 5 32 7717 33
14761 2 2 1 5 33 8590 32
14762 2 2 1 5 32 8589 8169
14763 2 2 1 5 32 8590 8589
14764 2 2 1 5 33 7717 6086
14765 2 2 1 5 34 6216 1155
14766 2 2 1 5 36 35 1150
14767 2 2 1 5 36 7746 35
14768 2 2 1 5 2080 3150 35
14769 2 2 1 5 35 7189 2080
14770 2 2 1 5 35 7746 3674
14771 2 2 1 5 1150 7897 36
14772 2 2 1 5 1106 37 1613
14773 2 2 1 5 1157 37 1141
14774 2 2 1 5 37 5446 1141
14775 2 2 1 5 1157 7661 37
14776 2 2 1 5 39 4756 38
14777 2 2 1 5 38 6370 39
14778 2 2 1 5 38 4950 1158
14779 2 2 1 5 1158 5668 38
14780 2 2 1 5 39 4185 377
14781 2 2 1 5 2086 5403 45
14782 2 2 1 5 46 4102 382
14783 2 2 1 5 382 4952 46
14784 2 2 1 5 47 7826 2089
14785 2 2 1 5 50 7045 1172
14786 2 2 1 5 51 398 2891
14787 2 2 1 5 2891 6304 51
14788 2 2 1 5 52 6185 2095
14789 2 2 1 5 55 8474 54
14790 2 2 1 5 1182 1569 54
14791 2 2 1 5 54 5695 1182
14792 2 2 1 5 2022 56 2098
14793 2 2 1 5 57 1449 452
14794 2 2 1 5 452 6081 57
14795 2 2 1 5 2099 7234 57
14796 2 2 1 5 1188 1493 58
14797 2 2 1 5 59 1190 380
14798 2 2 1 5 59 380 2603
14799 2 2 1 5 1189 3293 59
14800 2 2 1 5 59 5353 1189
14801 2 2 1 5 1191 6938 60
14802 2 2 1 5 3139 5405 60
14803 2 2 1 5 60 6938 3139
14804 2 2 1 5 2100 5176 61
14805 2 2 1 5 61 6177 2100
14806 2 2 1 5 62 1197 1638
14807 2 2 1 5 62 1639 1197
14808 2 2 1 5 1199 4545 63
14809 2 2 1 5 63 5612 1199
14810 2 2 1 5 2101 5192 63
14811 2 2 1 5 63 5225 2101
14812 2 2 1 5 63 5619 5612
14813 2 2 1 5 459 4441 64
14814 2 2 1 5 2101 64 1202
14815 2 2 1 5 64 1666 1667
14816 2 2 1 5 1666 64 2101
14817 2 2 1 5 65 4145 1203
14818 2 2 1 5 1203 5651 65
14819 2 2 1 5 462 66 2623
14820 2 2 1 5 2103 66 1693
14821 2 2 1 5 66 5536 1693
14822 2 2 1 5 2103 4010 66
14823 2 2 1 5 1207 3902 68
14824 2 2 1 5 68 4469 1207
14825 2 2 1 5 68 6454 1208
14826 2 2 1 5 1208 7036 68
14827 2 2 1 5 3902 8174 68
14828 2 2 1 5 494 5143 72
14829 2 2 1 5 73 2111 1713
14830 2 2 1 5 73 5985 2111
14831 2 2 1 5 2112 5986 75
14832 2 2 1 5 75 8366 2112
14833 2 2 1 5 77 511 1517
14834 2 2 1 5 77 3538 511
14835 2 2 1 5 2116 78 2117
14836 2 2 1 5 79 3780 1231
14837 2 2 1 5 1231 8035 79
14838 2 2 1 5 2631 5564 80
14839 2 2 1 5 1229 514 82
14840 2 2 1 5 514 7391 82
14841 2 2 1 5 83 5149 2123
14842 2 2 1 5 510 6186 84
14843 2 2 1 5 2753 84 535
14844 2 2 1 5 2129 90 88
14845 2 2 1 5 2129 88 1719
14846 2 2 1 5 88 4758 1719
14847 2 2 1 5 2128 7567 88
14848 2 2 1 5 1242 89 2640
14849 2 2 1 5 89 5564 2640
14850 2 2 1 5 1725 2131 90
14851 2 2 1 5 1727 90 2132
14852 2 2 1 5 91 6334 2133
14853 2 2 1 5 559 3602 92
14854 2 2 1 5 92 7172 559
14855 2 2 1 5 92 2134 1726
14856 2 2 1 5 92 8334 2134
14857 2 2 1 5 560 93 112
14858 2 2 1 5 93 2135 112
14859 2 2 1 5 93 6160 2135
14860 2 2 1 5 1265 2137 94
14861 2 2 1 5 2137 5513 94
14862 2 2 1 5 95 568 1732
14863 2 2 1 5 1732 2139 95
14864 2 2 1 5 2139 3865 95
14865 2 2 1 5 2142 5497 97
14866 2 2 1 5 97 6644 2142
14867 2 2 1 5 2144 4343 100
14868 2 2 1 5 102 4254 101
14869 2 2 1 5 101 3743 579
14870 2 2 1 5 579 3766 101
14871 2 2 1 5 1260 4547 104
14872 2 2 1 5 2146 5546 104
14873 2 2 1 5 106 3726 1262
14874 2 2 1 5 2149 3892 107
14875 2 2 1 5 107 3994 2149
14876 2 2 1 5 107 5283 2150
14877 2 2 1 5 2150 5853 107
14878 2 2 1 5 107 6517 3994
14879 2 2 1 5 2151 7078 108
14880 2 2 1 5 108 7163 2151
14881 2 2 1 5 583 2154 109
14882 2 2 1 5 2154 2152 109
14883 2 2 1 5 2152 3442 109
14884 2 2 1 5 3442 6688 109
14885 2 2 1 5 110 2153 2152
14886 2 2 1 5 110 2152 2154
14887 2 2 1 5 2155 2153 110
14888 2 2 1 5 2154 5604 110
14889 2 2 1 5 110 7956 2155
14890 2 2 1 5 111 5205 2155
14891 2 2 1 5 112 5912 560
14892 2 2 1 5 114 4501 2161
14893 2 2 1 5 2161 7668 114
14894 2 2 1 5 114 8592 4501
14895 2 2 1 5 7668 8099 114
14896 2 2 1 5 520 1230 115
14897 2 2 1 5 2655 115 1230
14898 2 2 1 5 2163 4336 115
14899 2 2 1 5 115 4396 2163
14900 2 2 1 5 2655 4437 115
14901 2 2 1 5 116 4452 1275
14902 2 2 1 5 1275 7363 116
14903 2 2 1 5 116 7363 5448
14904 2 2 1 5 2164 6398 117
14905 2 2 1 5 118 4396 2166
14906 2 2 1 5 2166 7576 118
14907 2 2 1 5 2166 4437 119
14908 2 2 1 5 119 7027 2166
14909 2 2 1 5 121 2172 1793
14910 2 2 1 5 121 6101 2172
14911 2 2 1 5 2173 6479 121
14912 2 2 1 5 121 7471 2173
14913 2 2 1 5 122 1290 2173
14914 2 2 1 5 122 2180 1290
14915 2 2 1 5 2173 5425 122
14916 2 2 1 5 2174 2180 122
14917 2 2 1 5 122 7375 2174
14918 2 2 1 5 1724 1287 124
14919 2 2 1 5 1287 7163 124
14920 2 2 1 5 124 7163 7162
14921 2 2 1 5 608 125 1767
14922 2 2 1 5 608 6767 125
14923 2 2 1 5 129 6231 2180
14924 2 2 1 5 130 4274 131
14925 2 2 1 5 131 5113 130
14926 2 2 1 5 5113 8284 130
14927 2 2 1 5 2182 5893 131
14928 2 2 1 5 131 6810 2182
14929 2 2 1 5 133 2186 1295
14930 2 2 1 5 133 4152 2186
14931 2 2 1 5 2187 5478 133
14932 2 2 1 5 133 5750 2187
14933 2 2 1 5 133 7136 5750
14934 2 2 1 5 2672 1338 135
14935 2 2 1 5 135 5661 2672
14936 2 2 1 5 2673 1334 136
14937 2 2 1 5 136 5655 2194
14938 2 2 1 5 627 7087 138
14939 2 2 1 5 138 2197 1788
14940 2 2 1 5 138 5549 2197
14941 2 2 1 5 1919 140 2202
14942 2 2 1 5 2201 140 1975
14943 2 2 1 5 140 8385 2202
14944 2 2 1 5 634 141 1777
14945 2 2 1 5 634 5427 141
14946 2 2 1 5 2204 4196 141
14947 2 2 1 5 141 5669 2204
14948 2 2 1 5 635 2840 144
14949 2 2 1 5 2212 1826 146
14950 2 2 1 5 146 7277 2212
14951 2 2 1 5 148 7454 2214
14952 2 2 1 5 2216 5579 149
14953 2 2 1 5 149 8059 2216
14954 2 2 1 5 150 1830 2219
14955 2 2 1 5 2219 6859 150
14956 2 2 1 5 150 5874 2220
14957 2 2 1 5 2220 6323 150
14958 2 2 1 5 151 1832 2220
14959 2 2 1 5 151 2524 1832
14960 2 2 1 5 2220 7818 151
14961 2 2 1 5 151 7818 5467
14962 2 2 1 5 158 2231 152
14963 2 2 1 5 152 7028 2223
14964 2 2 1 5 153 5592 2225
14965 2 2 1 5 154 6536 2225
14966 2 2 1 5 2225 6969 154
14967 2 2 1 5 154 4625 2226
14968 2 2 1 5 2226 6766 154
14969 2 2 1 5 154 6766 4205
14970 2 2 1 5 167 1318 155
14971 2 2 1 5 2226 155 1318
14972 2 2 1 5 2226 3915 155
14973 2 2 1 5 155 5070 2227
14974 2 2 1 5 2227 6244 155
14975 2 2 1 5 2228 156 1844
14976 2 2 1 5 2228 4140 156
14977 2 2 1 5 157 3210 1315
14978 2 2 1 5 1315 5947 157
14979 2 2 1 5 1289 158 2179
14980 2 2 1 5 1289 2231 158
14981 2 2 1 5 2230 6991 158
14982 2 2 1 5 159 1291 2232
14983 2 2 1 5 2224 2231 159
14984 2 2 1 5 2231 4303 159
14985 2 2 1 5 2234 4625 160
14986 2 2 1 5 160 7071 2234
14987 2 2 1 5 2236 161 1309
14988 2 2 1 5 161 5070 2235
14989 2 2 1 5 2236 3974 161
14990 2 2 1 5 162 2237 1315
14991 2 2 1 5 1315 4630 162
14992 2 2 1 5 162 6126 2237
14993 2 2 1 5 163 3755 2238
14994 2 2 1 5 648 5802 164
14995 2 2 1 5 164 8614 648
14996 2 2 1 5 164 8034 2240
14997 2 2 1 5 167 5099 166
14998 2 2 1 5 167 5253 1318
14999 2 2 1 5 2689 1860 169
15000 2 2 1 5 169 7850 2689
15001 2 2 1 5 2268 5713 175
15002 2 2 1 5 1895 2276 178
15003 2 2 1 5 2276 4194 178
15004 2 2 1 5 2701 5159 178
15005 2 2 1 5 178 5613 2701
15006 2 2 1 5 180 1904 2703
15007 2 2 1 5 180 6444 2280
15008 2 2 1 5 2703 7052 180
15009 2 2 1 5 671 3893 181
15010 2 2 1 5 2281 8390 181
15011 2 2 1 5 2284 182 1947
15012 2 2 1 5 1949 182 2285
15013 2 2 1 5 2284 4795 182
15014 2 2 1 5 182 3690 2285
15015 2 2 1 5 182 8304 3690
15016 2 2 1 5 2709 183 674
15017 2 2 1 5 183 3270 674
15018 2 2 1 5 2286 4542 183
15019 2 2 1 5 183 7209 2286
15020 2 2 1 5 183 7604 3270
15021 2 2 1 5 184 6728 2291
15022 2 2 1 5 186 5050 2295
15023 2 2 1 5 2295 7159 186
15024 2 2 1 5 2296 7859 187
15025 2 2 1 5 2297 3755 187
15026 2 2 1 5 187 4710 2297
15027 2 2 1 5 1351 2298 188
15028 2 2 1 5 2298 5115 188
15029 2 2 1 5 189 8550 2300
15030 2 2 1 5 2301 8249 189
15031 2 2 1 5 672 196 2870
15032 2 2 1 5 196 2310 2870
15033 2 2 1 5 196 7110 2310
15034 2 2 1 5 197 697 1910
15035 2 2 1 5 197 6853 697
15036 2 2 1 5 2567 197 1910
15037 2 2 1 5 2311 197 2567
15038 2 2 1 5 2311 4598 197
15039 2 2 1 5 4598 7219 197
15040 2 2 1 5 201 2863 1371
15041 2 2 1 5 1371 8278 201
15042 2 2 1 5 201 5963 2314
15043 2 2 1 5 1384 225 203
15044 2 2 1 5 1384 203 2318
15045 2 2 1 5 1373 1394 205
15046 2 2 1 5 208 1383 209
15047 2 2 1 5 209 8455 208
15048 2 2 1 5 1383 223 209
15049 2 2 1 5 209 7527 1375
15050 2 2 1 5 210 212 2323
15051 2 2 1 5 2327 212 210
15052 2 2 1 5 2323 4279 210
15053 2 2 1 5 2324 2327 210
15054 2 2 1 5 210 3767 2324
15055 2 2 1 5 4279 7700 210
15056 2 2 1 5 2325 3811 211
15057 2 2 1 5 211 4837 2325
15058 2 2 1 5 2326 2329 211
15059 2 2 1 5 211 4921 2326
15060 2 2 1 5 2327 6744 212
15061 2 2 1 5 3004 3005 212
15062 2 2 1 5 213 4546 2328
15063 2 2 1 5 2328 6253 213
15064 2 2 1 5 2328 4837 214
15065 2 2 1 5 2329 6887 214
15066 2 2 1 5 2326 1110 215
15067 2 2 1 5 2326 215 2329
15068 2 2 1 5 215 6016 2329
15069 2 2 1 5 217 5132 216
15070 2 2 1 5 216 7921 217
15071 2 2 1 5 216 1110 1377
15072 2 2 1 5 216 5132 1110
15073 2 2 1 5 1377 7921 216
15074 2 2 1 5 1110 5132 220
15075 2 2 1 5 220 5934 1110
15076 2 2 1 5 3495 5934 220
15077 2 2 1 5 2336 223 2574
15078 2 2 1 5 2336 5273 223
15079 2 2 1 5 698 8341 224
15080 2 2 1 5 1929 224 2336
15081 2 2 1 5 1929 7081 224
15082 2 2 1 5 224 5024 2336
15083 2 2 1 5 224 8341 7556
15084 2 2 1 5 2337 699 225
15085 2 2 1 5 1384 2337 225
15086 2 2 1 5 226 3463 1385
15087 2 2 1 5 1385 4237 226
15088 2 2 1 5 227 1111 2575
15089 2 2 1 5 227 4335 1111
15090 2 2 1 5 2867 700 228
15091 2 2 1 5 228 1111 1388
15092 2 2 1 5 228 1390 1111
15093 2 2 1 5 2342 1390 228
15094 2 2 1 5 229 5723 2338
15095 2 2 1 5 2339 4335 229
15096 2 2 1 5 229 6809 2339
15097 2 2 1 5 231 230 1434
15098 2 2 1 5 231 5039 230
15099 2 2 1 5 230 5788 2340
15100 2 2 1 5 5787 5788 230
15101 2 2 1 5 2341 4544 231
15102 2 2 1 5 231 5040 5039
15103 2 2 1 5 2342 6087 232
15104 2 2 1 5 704 3681 237
15105 2 2 1 5 237 7618 704
15106 2 2 1 5 7387 7618 237
15107 2 2 1 5 239 2416 240
15108 2 2 1 5 240 4121 239
15109 2 2 1 5 2364 2417 239
15110 2 2 1 5 239 2417 2416
15111 2 2 1 5 4121 8421 239
15112 2 2 1 5 2365 7931 240
15113 2 2 1 5 242 4433 2368
15114 2 2 1 5 1405 2370 243
15115 2 2 1 5 2370 5541 243
15116 2 2 1 5 2372 4957 244
15117 2 2 1 5 2379 4464 248
15118 2 2 1 5 249 4672 2380
15119 2 2 1 5 2380 6851 249
15120 2 2 1 5 252 2349 253
15121 2 2 1 5 253 3671 252
15122 2 2 1 5 252 7772 1416
15123 2 2 1 5 252 2350 2349
15124 2 2 1 5 253 7181 1417
15125 2 2 1 5 2383 5173 257
15126 2 2 1 5 257 6791 2383
15127 2 2 1 5 261 3954 1425
15128 2 2 1 5 1425 7508 261
15129 2 2 1 5 2389 4802 261
15130 2 2 1 5 261 5456 2389
15131 2 2 1 5 262 5417 714
15132 2 2 1 5 714 6539 262
15133 2 2 1 5 2390 1983 262
15134 2 2 1 5 262 4576 2390
15135 2 2 1 5 263 6471 1427
15136 2 2 1 5 1415 266 2382
15137 2 2 1 5 2392 266 1415
15138 2 2 1 5 268 5838 267
15139 2 2 1 5 1432 4300 267
15140 2 2 1 5 267 4300 2392
15141 2 2 1 5 2392 7565 267
15142 2 2 1 5 267 7565 5572
15143 2 2 1 5 270 4224 1432
15144 2 2 1 5 1432 5838 270
15145 2 2 1 5 271 4239 1434
15146 2 2 1 5 2395 7912 271
15147 2 2 1 5 272 5282 2396
15148 2 2 1 5 2396 6805 272
15149 2 2 1 5 1440 3666 273
15150 2 2 1 5 273 6706 1440
15151 2 2 1 5 2397 6708 273
15152 2 2 1 5 273 7427 2397
15153 2 2 1 5 3666 6250 273
15154 2 2 1 5 274 275 1457
15155 2 2 1 5 274 1980 275
15156 2 2 1 5 276 6634 275
15157 2 2 1 5 277 7153 276
15158 2 2 1 5 279 4397 1444
15159 2 2 1 5 279 8005 4397
15160 2 2 1 5 1451 724 280
15161 2 2 1 5 280 5499 1451
15162 2 2 1 5 1448 5193 281
15163 2 2 1 5 281 6903 1448
15164 2 2 1 5 281 6904 6903
15165 2 2 1 5 283 4931 284
15166 2 2 1 5 284 6608 283
15167 2 2 1 5 283 752 1238
15168 2 2 1 5 1443 752 283
15169 2 2 1 5 1238 5165 283
15170 2 2 1 5 283 4932 4931
15171 2 2 1 5 284 4217 1449
15172 2 2 1 5 1449 7234 284
15173 2 2 1 5 4308 6608 284
15174 2 2 1 5 1451 3235 285
15175 2 2 1 5 285 3571 1451
15176 2 2 1 5 285 7062 3571
15177 2 2 1 5 287 4703 756
15178 2 2 1 5 2401 3256 287
15179 2 2 1 5 287 8233 2401
15180 2 2 1 5 291 3627 772
15181 2 2 1 5 772 4847 291
15182 2 2 1 5 294 1218 782
15183 2 2 1 5 294 4881 1218
15184 2 2 1 5 2752 295 1224
15185 2 2 1 5 295 3122 1224
15186 2 2 1 5 295 1262 2404
15187 2 2 1 5 2752 1264 295
15188 2 2 1 5 2404 3122 295
15189 2 2 1 5 296 3538 788
15190 2 2 1 5 788 5120 296
15191 2 2 1 5 296 3334 2406
15192 2 2 1 5 2406 4076 296
15193 2 2 1 5 296 5663 3538
15194 2 2 1 5 2406 8082 297
15195 2 2 1 5 2407 6189 297
15196 2 2 1 5 1466 1465 298
15197 2 2 1 5 2409 1466 298
15198 2 2 1 5 298 3257 2409
15199 2 2 1 5 2410 3254 298
15200 2 2 1 5 298 4253 2410
15201 2 2 1 5 3254 5091 298
15202 2 2 1 5 298 8504 4253
15203 2 2 1 5 2411 1446 299
15204 2 2 1 5 1446 5676 299
15205 2 2 1 5 299 7227 2411
15206 2 2 1 5 2412 4793 299
15207 2 2 1 5 299 5282 2412
15208 2 2 1 5 2413 300 1440
15209 2 2 1 5 300 6861 2412
15210 2 2 1 5 2412 8603 300
15211 2 2 1 5 2413 8104 300
15212 2 2 1 5 300 8603 4421
15213 2 2 1 5 2369 301 2414
15214 2 2 1 5 2413 3698 301
15215 2 2 1 5 301 4980 2414
15216 2 2 1 5 3698 7274 301
15217 2 2 1 5 2371 1405 302
15218 2 2 1 5 2414 302 1405
15219 2 2 1 5 2371 302 2415
15220 2 2 1 5 2414 4880 302
15221 2 2 1 5 302 5822 2415
15222 2 2 1 5 303 2415 2365
15223 2 2 1 5 304 2418 1360
15224 2 2 1 5 1360 3373 304
15225 2 2 1 5 2364 2363 304
15226 2 2 1 5 2363 2418 304
15227 2 2 1 5 2364 304 2417
15228 2 2 1 5 304 4638 2417
15229 2 2 1 5 305 7751 793
15230 2 2 1 5 2754 1462 305
15231 2 2 1 5 306 4820 795
15232 2 2 1 5 311 3321 1482
15233 2 2 1 5 1482 4738 311
15234 2 2 1 5 311 5943 1483
15235 2 2 1 5 1483 7499 311
15236 2 2 1 5 313 5544 1498
15237 2 2 1 5 1498 8329 313
15238 2 2 1 5 888 1479 316
15239 2 2 1 5 2428 7889 316
15240 2 2 1 5 316 8017 2428
15241 2 2 1 5 8015 8017 316
15242 2 2 1 5 771 772 317
15243 2 2 1 5 1509 5699 317
15244 2 2 1 5 317 7628 1509
15245 2 2 1 5 1526 505 322
15246 2 2 1 5 322 7114 1525
15247 2 2 1 5 1525 7539 322
15248 2 2 1 5 943 326 2432
15249 2 2 1 5 2782 326 943
15250 2 2 1 5 2782 2779 326
15251 2 2 1 5 947 327 948
15252 2 2 1 5 1554 2439 336
15253 2 2 1 5 336 2440 1556
15254 2 2 1 5 1556 6264 336
15255 2 2 1 5 2458 2440 336
15256 2 2 1 5 336 6264 5570
15257 2 2 1 5 338 5920 1004
15258 2 2 1 5 1004 7592 338
15259 2 2 1 5 338 7592 3309
15260 2 2 1 5 3509 5920 338
15261 2 2 1 5 1554 3540 339
15262 2 2 1 5 339 6723 1554
15263 2 2 1 5 4559 6723 339
15264 2 2 1 5 340 5135 1003
15265 2 2 1 5 1003 7799 340
15266 2 2 1 5 340 3542 2443
15267 2 2 1 5 2443 4425 340
15268 2 2 1 5 341 1006 1005
15269 2 2 1 5 1005 3070 341
15270 2 2 1 5 3009 1560 343
15271 2 2 1 5 1560 4266 343
15272 2 2 1 5 3009 343 3008
15273 2 2 1 5 348 4796 347
15274 2 2 1 5 347 8079 348
15275 2 2 1 5 347 1567 1664
15276 2 2 1 5 347 8261 1567
15277 2 2 1 5 415 5716 348
15278 2 2 1 5 348 7510 415
15279 2 2 1 5 1022 4148 353
15280 2 2 1 5 2448 4909 353
15281 2 2 1 5 354 1067 2063
15282 2 2 1 5 354 6976 1067
15283 2 2 1 5 355 2450 358
15284 2 2 1 5 355 358 2457
15285 2 2 1 5 1592 2450 355
15286 2 2 1 5 2451 3809 355
15287 2 2 1 5 355 6335 2451
15288 2 2 1 5 5664 6335 355
15289 2 2 1 5 1036 2051 356
15290 2 2 1 5 356 5393 1036
15291 2 2 1 5 2452 7784 356
15292 2 2 1 5 2453 3790 357
15293 2 2 1 5 357 6381 2454
15294 2 2 1 5 357 3790 3130
15295 2 2 1 5 2450 2456 358
15296 2 2 1 5 2456 5779 358
15297 2 2 1 5 2438 359 2439
15298 2 2 1 5 2438 2460 359
15299 2 2 1 5 359 2459 2439
15300 2 2 1 5 359 5044 2459
15301 2 2 1 5 2463 4952 360
15302 2 2 1 5 362 7697 405
15303 2 2 1 5 362 4594 1602
15304 2 2 1 5 1602 7279 362
15305 2 2 1 5 364 6354 363
15306 2 2 1 5 363 7439 364
15307 2 2 1 5 366 4819 363
15308 2 2 1 5 363 6353 366
15309 2 2 1 5 363 4819 1130
15310 2 2 1 5 367 8517 364
15311 2 2 1 5 3385 6354 364
15312 2 2 1 5 369 6119 368
15313 2 2 1 5 368 8158 4624
15314 2 2 1 5 370 371 1154
15315 2 2 1 5 370 3689 371
15316 2 2 1 5 1610 3358 370
15317 2 2 1 5 370 3490 1610
15318 2 2 1 5 370 5300 3490
15319 2 2 1 5 1154 7546 374
15320 2 2 1 5 1611 6282 375
15321 2 2 1 5 375 6282 4538
15322 2 2 1 5 377 4821 378
15323 2 2 1 5 378 5420 377
15324 2 2 1 5 377 4185 1614
15325 2 2 1 5 1614 6734 377
15326 2 2 1 5 379 6966 456
15327 2 2 1 5 2603 5310 379
15328 2 2 1 5 379 5353 2603
15329 2 2 1 5 381 380 1190
15330 2 2 1 5 381 6545 380
15331 2 2 1 5 380 5312 2603
15332 2 2 1 5 381 1190 1192
15333 2 2 1 5 381 7451 1198
15334 2 2 1 5 3341 6545 381
15335 2 2 1 5 384 5542 383
15336 2 2 1 5 383 2804 2803
15337 2 2 1 5 2803 8604 383
15338 2 2 1 5 383 8604 3645
15339 2 2 1 5 385 392 1187
15340 2 2 1 5 388 5237 387
15341 2 2 1 5 1657 6696 387
15342 2 2 1 5 2815 4664 387
15343 2 2 1 5 387 7584 2815
15344 2 2 1 5 2022 5213 388
15345 2 2 1 5 395 2093 1199
15346 2 2 1 5 395 8503 2093
15347 2 2 1 5 2607 7735 398
15348 2 2 1 5 401 2608 414
15349 2 2 1 5 401 2612 1634
15350 2 2 1 5 2608 6975 402
15351 2 2 1 5 403 6237 404
15352 2 2 1 5 405 7409 1080
15353 2 2 1 5 406 407 2612
15354 2 2 1 5 408 6283 407
15355 2 2 1 5 407 6283 2612
15356 2 2 1 5 413 2798 408
15357 2 2 1 5 1660 2610 410
15358 2 2 1 5 410 3486 1660
15359 2 2 1 5 2610 5674 410
15360 2 2 1 5 411 3329 1661
15361 2 2 1 5 1662 3693 411
15362 2 2 1 5 411 3692 2610
15363 2 2 1 5 2610 7231 411
15364 2 2 1 5 3117 3329 411
15365 2 2 1 5 411 7231 3119
15366 2 2 1 5 411 8042 3692
15367 2 2 1 5 1581 2798 413
15368 2 2 1 5 414 5984 2613
15369 2 2 1 5 416 8332 415
15370 2 2 1 5 419 4855 418
15371 2 2 1 5 420 6881 1081
15372 2 2 1 5 424 1015 425
15373 2 2 1 5 424 3546 1014
15374 2 2 1 5 1014 8348 424
15375 2 2 1 5 2615 2061 424
15376 2 2 1 5 424 8348 2615
15377 2 2 1 5 2616 3419 425
15378 2 2 1 5 2616 1577 426
15379 2 2 1 5 426 5158 2616
15380 2 2 1 5 427 7384 428
15381 2 2 1 5 427 1604 2890
15382 2 2 1 5 429 6491 1025
15383 2 2 1 5 911 1996 431
15384 2 2 1 5 432 4725 1184
15385 2 2 1 5 1184 5677 432
15386 2 2 1 5 432 2071 2617
15387 2 2 1 5 2617 7787 432
15388 2 2 1 5 432 5677 3719
15389 2 2 1 5 433 3075 512
15390 2 2 1 5 512 6348 433
15391 2 2 1 5 433 3247 2071
15392 2 2 1 5 433 4450 3075
15393 2 2 1 5 433 5789 3247
15394 2 2 1 5 433 6348 6347
15395 2 2 1 5 2097 3406 434
15396 2 2 1 5 434 6345 2097
15397 2 2 1 5 3406 6666 434
15398 2 2 1 5 434 6346 6345
15399 2 2 1 5 442 8352 502
15400 2 2 1 5 2617 4876 442
15401 2 2 1 5 442 4905 2617
15402 2 2 1 5 2098 444 1657
15403 2 2 1 5 445 5825 500
15404 2 2 1 5 504 4024 449
15405 2 2 1 5 449 5062 895
15406 2 2 1 5 2015 450 451
15407 2 2 1 5 450 4248 451
15408 2 2 1 5 860 2016 451
15409 2 2 1 5 451 3759 860
15410 2 2 1 5 1494 8168 451
15411 2 2 1 5 456 453 1189
15412 2 2 1 5 456 1616 453
15413 2 2 1 5 453 5405 457
15414 2 2 1 5 457 8308 453
15415 2 2 1 5 2621 3293 453
15416 2 2 1 5 453 5067 2621
15417 2 2 1 5 4028 5067 453
15418 2 2 1 5 454 6428 457
15419 2 2 1 5 454 4034 1193
15420 2 2 1 5 455 3603 1194
15421 2 2 1 5 1194 4029 455
15422 2 2 1 5 456 4296 1616
15423 2 2 1 5 459 5654 1200
15424 2 2 1 5 2814 5654 459
15425 2 2 1 5 1681 4753 461
15426 2 2 1 5 461 4865 1681
15427 2 2 1 5 483 462 463
15428 2 2 1 5 463 462 2623
15429 2 2 1 5 463 3984 464
15430 2 2 1 5 464 6652 463
15431 2 2 1 5 463 6651 483
15432 2 2 1 5 463 2623 1213
15433 2 2 1 5 1213 3560 463
15434 2 2 1 5 3560 6425 463
15435 2 2 1 5 463 3985 3984
15436 2 2 1 5 463 4582 3985
15437 2 2 1 5 463 4583 4582
15438 2 2 1 5 6425 8438 463
15439 2 2 1 5 465 1699 464
15440 2 2 1 5 1699 5711 464
15441 2 2 1 5 3984 5402 464
15442 2 2 1 5 5710 6652 464
15443 2 2 1 5 465 5889 1699
15444 2 2 1 5 465 4376 2104
15445 2 2 1 5 2104 5889 465
15446 2 2 1 5 466 6305 2821
15447 2 2 1 5 2821 6468 466
15448 2 2 1 5 466 4798 2822
15449 2 2 1 5 2822 8587 466
15450 2 2 1 5 466 8587 6507
15451 2 2 1 5 468 4299 1702
15452 2 2 1 5 1702 5609 468
15453 2 2 1 5 468 7494 4299
15454 2 2 1 5 469 5949 1091
15455 2 2 1 5 469 5609 2823
15456 2 2 1 5 1205 6894 470
15457 2 2 1 5 470 6894 6423
15458 2 2 1 5 471 2900 475
15459 2 2 1 5 471 2899 2900
15460 2 2 1 5 474 5007 1206
15461 2 2 1 5 475 2900 1684
15462 2 2 1 5 477 5596 476
15463 2 2 1 5 1241 5596 477
15464 2 2 1 5 477 6419 1241
15465 2 2 1 5 479 6127 478
15466 2 2 1 5 521 5362 479
15467 2 2 1 5 480 4331 1210
15468 2 2 1 5 1210 4539 480
15469 2 2 1 5 481 6515 1693
15470 2 2 1 5 1693 7579 481
15471 2 2 1 5 2108 4471 482
15472 2 2 1 5 482 5800 2108
15473 2 2 1 5 5216 5800 482
15474 2 2 1 5 484 3667 1215
15475 2 2 1 5 1215 5162 484
15476 2 2 1 5 487 2826 486
15477 2 2 1 5 486 5640 487
15478 2 2 1 5 486 5557 498
15479 2 2 1 5 486 2826 1088
15480 2 2 1 5 487 6994 1216
15481 2 2 1 5 1707 2826 487
15482 2 2 1 5 488 5576 2624
15483 2 2 1 5 2630 3596 488
15484 2 2 1 5 489 7340 2624
15485 2 2 1 5 492 1710 493
15486 2 2 1 5 493 8498 492
15487 2 2 1 5 492 4126 1088
15488 2 2 1 5 492 6506 4126
15489 2 2 1 5 492 8498 7819
15490 2 2 1 5 493 3138 1708
15491 2 2 1 5 1708 3394 493
15492 2 2 1 5 3394 5386 493
15493 2 2 1 5 497 1714 496
15494 2 2 1 5 1714 5793 496
15495 2 2 1 5 2627 4337 496
15496 2 2 1 5 497 6846 2110
15497 2 2 1 5 500 5509 501
15498 2 2 1 5 502 7305 503
15499 2 2 1 5 1223 6725 503
15500 2 2 1 5 505 4024 504
15501 2 2 1 5 504 4884 505
15502 2 2 1 5 505 2112 1494
15503 2 2 1 5 1526 2112 505
15504 2 2 1 5 509 6186 510
15505 2 2 1 5 1224 3122 511
15506 2 2 1 5 511 6230 1224
15507 2 2 1 5 511 2017 2019
15508 2 2 1 5 511 4936 2017
15509 2 2 1 5 3122 4936 511
15510 2 2 1 5 3538 5663 511
15511 2 2 1 5 2070 513 512
15512 2 2 1 5 2629 3380 512
15513 2 2 1 5 512 6172 2629
15514 2 2 1 5 3084 6348 512
15515 2 2 1 5 2115 3565 513
15516 2 2 1 5 513 6212 2115
15517 2 2 1 5 3565 4499 513
15518 2 2 1 5 514 3271 515
15519 2 2 1 5 3652 7391 514
15520 2 2 1 5 515 4652 516
15521 2 2 1 5 515 3383 2651
15522 2 2 1 5 2651 4652 515
15523 2 2 1 5 3271 7919 515
15524 2 2 1 5 517 4343 2652
15525 2 2 1 5 519 1263 520
15526 2 2 1 5 523 3908 522
15527 2 2 1 5 1719 4758 522
15528 2 2 1 5 522 7069 1719
15529 2 2 1 5 3908 7069 522
15530 2 2 1 5 523 547 1718
15531 2 2 1 5 526 7549 525
15532 2 2 1 5 1715 2631 525
15533 2 2 1 5 525 7549 1716
15534 2 2 1 5 2631 6274 525
15535 2 2 1 5 526 4718 2120
15536 2 2 1 5 2120 5275 526
15537 2 2 1 5 530 6918 529
15538 2 2 1 5 529 7533 530
15539 2 2 1 5 531 1714 2123
15540 2 2 1 5 2123 6058 531
15541 2 2 1 5 1233 532 1713
15542 2 2 1 5 532 3566 1713
15543 2 2 1 5 2635 3789 532
15544 2 2 1 5 532 7121 3566
15545 2 2 1 5 534 3513 533
15546 2 2 1 5 1232 533 783
15547 2 2 1 5 533 6689 783
15548 2 2 1 5 2636 4881 533
15549 2 2 1 5 540 7626 541
15550 2 2 1 5 542 5602 2639
15551 2 2 1 5 545 6279 544
15552 2 2 1 5 544 7266 545
15553 2 2 1 5 6279 7739 544
15554 2 2 1 5 2640 6677 546
15555 2 2 1 5 549 5837 550
15556 2 2 1 5 549 5079 2642
15557 2 2 1 5 2642 5837 549
15558 2 2 1 5 551 7926 550
15559 2 2 1 5 551 7248 561
15560 2 2 1 5 561 7926 551
15561 2 2 1 5 551 3786 562
15562 2 2 1 5 1780 552 2502
15563 2 2 1 5 2642 552 1780
15564 2 2 1 5 554 4641 2643
15565 2 2 1 5 2643 5129 554
15566 2 2 1 5 5129 8076 554
15567 2 2 1 5 2503 4641 555
15568 2 2 1 5 555 5209 2503
15569 2 2 1 5 556 5041 2139
15570 2 2 1 5 1245 3877 557
15571 2 2 1 5 557 5681 1245
15572 2 2 1 5 557 3877 2489
15573 2 2 1 5 1252 558 2831
15574 2 2 1 5 558 7229 2831
15575 2 2 1 5 2832 7668 558
15576 2 2 1 5 559 1249 563
15577 2 2 1 5 559 7172 1728
15578 2 2 1 5 560 4293 561
15579 2 2 1 5 561 7250 560
15580 2 2 1 5 566 5361 560
15581 2 2 1 5 560 7252 566
15582 2 2 1 5 560 4708 4293
15583 2 2 1 5 560 6062 4708
15584 2 2 1 5 7250 7413 560
15585 2 2 1 5 560 7413 7252
15586 2 2 1 5 562 6657 1250
15587 2 2 1 5 606 5443 563
15588 2 2 1 5 563 5610 606
15589 2 2 1 5 1249 4358 563
15590 2 2 1 5 565 3597 564
15591 2 2 1 5 564 3857 565
15592 2 2 1 5 564 1729 2666
15593 2 2 1 5 564 3597 1729
15594 2 2 1 5 2666 5610 564
15595 2 2 1 5 566 3364 565
15596 2 2 1 5 565 4294 566
15597 2 2 1 5 584 566 2644
15598 2 2 1 5 566 7249 2644
15599 2 2 1 5 4294 5361 566
15600 2 2 1 5 7252 7253 566
15601 2 2 1 5 2138 7268 567
15602 2 2 1 5 567 7268 7267
15603 2 2 1 5 568 3710 570
15604 2 2 1 5 1732 568 573
15605 2 2 1 5 570 5012 571
15606 2 2 1 5 570 5374 2646
15607 2 2 1 5 1754 574 573
15608 2 2 1 5 574 7541 573
15609 2 2 1 5 592 574 1754
15610 2 2 1 5 1097 6362 575
15611 2 2 1 5 576 4970 2648
15612 2 2 1 5 577 2650 1749
15613 2 2 1 5 579 4961 578
15614 2 2 1 5 578 4961 630
15615 2 2 1 5 578 3813 2650
15616 2 2 1 5 3743 4961 579
15617 2 2 1 5 583 3193 582
15618 2 2 1 5 582 4352 583
15619 2 2 1 5 2829 4453 582
15620 2 2 1 5 582 7270 2829
15621 2 2 1 5 582 4339 2830
15622 2 2 1 5 2830 7954 582
15623 2 2 1 5 582 4386 4352
15624 2 2 1 5 583 7718 2154
15625 2 2 1 5 583 5401 3193
15626 2 2 1 5 583 6562 4801
15627 2 2 1 5 4801 7718 583
15628 2 2 1 5 1269 3364 584
15629 2 2 1 5 584 4187 1269
15630 2 2 1 5 2644 4187 584
15631 2 2 1 5 586 3609 585
15632 2 2 1 5 585 4004 586
15633 2 2 1 5 585 3609 601
15634 2 2 1 5 601 7104 585
15635 2 2 1 5 585 7039 1272
15636 2 2 1 5 1272 8291 585
15637 2 2 1 5 585 7104 3453
15638 2 2 1 5 585 6733 4004
15639 2 2 1 5 589 3233 588
15640 2 2 1 5 633 3724 589
15641 2 2 1 5 589 3724 3233
15642 2 2 1 5 591 1093 1739
15643 2 2 1 5 591 3728 1093
15644 2 2 1 5 2656 1735 591
15645 2 2 1 5 591 3357 2656
15646 2 2 1 5 1755 4970 592
15647 2 2 1 5 592 6061 1755
15648 2 2 1 5 2657 6061 592
15649 2 2 1 5 592 8386 2657
15650 2 2 1 5 2657 5432 593
15651 2 2 1 5 2658 3601 594
15652 2 2 1 5 594 5792 2658
15653 2 2 1 5 594 5276 2681
15654 2 2 1 5 2681 5792 594
15655 2 2 1 5 3601 7914 594
15656 2 2 1 5 595 8358 633
15657 2 2 1 5 2659 3814 595
15658 2 2 1 5 595 4617 2659
15659 2 2 1 5 3814 6158 595
15660 2 2 1 5 596 4869 2659
15661 2 2 1 5 2671 597 1745
15662 2 2 1 5 597 5222 1745
15663 2 2 1 5 2671 4161 597
15664 2 2 1 5 598 5862 2168
15665 2 2 1 5 2168 6631 598
15666 2 2 1 5 604 8495 599
15667 2 2 1 5 2663 1292 599
15668 2 2 1 5 599 3695 2662
15669 2 2 1 5 2662 4844 599
15670 2 2 1 5 599 3654 2663
15671 2 2 1 5 599 8495 3121
15672 2 2 1 5 599 8136 3695
15673 2 2 1 5 600 2663 1257
15674 2 2 1 5 600 4305 2663
15675 2 2 1 5 601 6525 1098
15676 2 2 1 5 1098 6735 601
15677 2 2 1 5 603 4440 1757
15678 2 2 1 5 1757 8210 603
15679 2 2 1 5 603 8210 4941
15680 2 2 1 5 605 7098 2171
15681 2 2 1 5 2171 8511 605
15682 2 2 1 5 2666 3870 605
15683 2 2 1 5 6919 7098 605
15684 2 2 1 5 2666 607 606
15685 2 2 1 5 608 4736 607
15686 2 2 1 5 607 8511 608
15687 2 2 1 5 5031 6767 608
15688 2 2 1 5 610 4502 609
15689 2 2 1 5 609 6343 610
15690 2 2 1 5 636 1294 609
15691 2 2 1 5 2682 6343 609
15692 2 2 1 5 611 8505 612
15693 2 2 1 5 1771 3594 611
15694 2 2 1 5 611 4414 1771
15695 2 2 1 5 3594 7341 611
15696 2 2 1 5 691 3675 613
15697 2 2 1 5 613 4923 1298
15698 2 2 1 5 1298 7228 613
15699 2 2 1 5 2727 5895 613
15700 2 2 1 5 613 7228 2727
15701 2 2 1 5 2668 4778 615
15702 2 2 1 5 615 5764 2668
15703 2 2 1 5 617 6254 616
15704 2 2 1 5 1792 5732 616
15705 2 2 1 5 616 6254 1792
15706 2 2 1 5 2669 3582 616
15707 2 2 1 5 616 3844 2669
15708 2 2 1 5 2845 4170 616
15709 2 2 1 5 3072 3844 616
15710 2 2 1 5 4170 8516 616
15711 2 2 1 5 617 5771 2670
15712 2 2 1 5 619 4773 618
15713 2 2 1 5 618 5337 619
15714 2 2 1 5 620 3471 2672
15715 2 2 1 5 2672 4596 620
15716 2 2 1 5 2700 4041 620
15717 2 2 1 5 620 4596 2700
15718 2 2 1 5 620 5712 3471
15719 2 2 1 5 4041 8137 620
15720 2 2 1 5 2192 5118 621
15721 2 2 1 5 621 6673 2192
15722 2 2 1 5 623 1335 622
15723 2 2 1 5 622 4073 2674
15724 2 2 1 5 2674 5428 622
15725 2 2 1 5 2699 6942 622
15726 2 2 1 5 2195 7338 623
15727 2 2 1 5 2197 5916 626
15728 2 2 1 5 2198 6332 628
15729 2 2 1 5 628 7673 2198
15730 2 2 1 5 635 3535 636
15731 2 2 1 5 636 7867 635
15732 2 2 1 5 635 6013 2840
15733 2 2 1 5 4503 7867 636
15734 2 2 1 5 638 5809 639
15735 2 2 1 5 638 7282 2698
15736 2 2 1 5 2703 7029 640
15737 2 2 1 5 641 3881 2685
15738 2 2 1 5 2685 5560 641
15739 2 2 1 5 2550 1887 642
15740 2 2 1 5 642 1887 2686
15741 2 2 1 5 642 3128 2550
15742 2 2 1 5 2686 5876 642
15743 2 2 1 5 644 5369 1827
15744 2 2 1 5 644 4011 2687
15745 2 2 1 5 2687 5897 644
15746 2 2 1 5 2216 3188 645
15747 2 2 1 5 645 5887 2216
15748 2 2 1 5 3188 4147 645
15749 2 2 1 5 645 5888 5887
15750 2 2 1 5 2849 2525 646
15751 2 2 1 5 646 7152 2688
15752 2 2 1 5 1314 2222 647
15753 2 2 1 5 647 2688 1314
15754 2 2 1 5 2221 8545 647
15755 2 2 1 5 647 3476 2688
15756 2 2 1 5 650 4052 649
15757 2 2 1 5 649 4524 650
15758 2 2 1 5 1857 3774 649
15759 2 2 1 5 649 4052 1857
15760 2 2 1 5 649 6122 2690
15761 2 2 1 5 2690 6958 649
15762 2 2 1 5 651 3788 1855
15763 2 2 1 5 1855 4135 651
15764 2 2 1 5 2691 5629 651
15765 2 2 1 5 651 6911 2691
15766 2 2 1 5 652 7307 2693
15767 2 2 1 5 653 1846 2693
15768 2 2 1 5 2693 5968 653
15769 2 2 1 5 2853 2694 653
15770 2 2 1 5 2694 5059 653
15771 2 2 1 5 653 4601 2853
15772 2 2 1 5 653 4602 4601
15773 2 2 1 5 5968 7191 653
15774 2 2 1 5 2852 2254 654
15775 2 2 1 5 2694 2853 654
15776 2 2 1 5 2853 2852 654
15777 2 2 1 5 655 3159 656
15778 2 2 1 5 656 4173 655
15779 2 2 1 5 657 7552 655
15780 2 2 1 5 1847 4600 655
15781 2 2 1 5 655 4846 1847
15782 2 2 1 5 1849 4173 656
15783 2 2 1 5 656 5967 2255
15784 2 2 1 5 2255 6619 656
15785 2 2 1 5 3159 4036 656
15786 2 2 1 5 658 3500 657
15787 2 2 1 5 657 6269 658
15788 2 2 1 5 657 3500 660
15789 2 2 1 5 660 4631 657
15790 2 2 1 5 4631 8554 657
15791 2 2 1 5 2695 4328 658
15792 2 2 1 5 1326 5272 659
15793 2 2 1 5 659 6407 1326
15794 2 2 1 5 659 5320 2695
15795 2 2 1 5 660 5774 661
15796 2 2 1 5 1119 661 2929
15797 2 2 1 5 1327 661 1848
15798 2 2 1 5 1327 2929 661
15799 2 2 1 5 662 2856 1329
15800 2 2 1 5 662 6474 2856
15801 2 2 1 5 2267 6946 663
15802 2 2 1 5 666 1918 690
15803 2 2 1 5 690 4766 666
15804 2 2 1 5 666 5940 2725
15805 2 2 1 5 1899 667 670
15806 2 2 1 5 667 4901 670
15807 2 2 1 5 2701 4258 667
15808 2 2 1 5 667 4938 2701
15809 2 2 1 5 668 4806 1341
15810 2 2 1 5 668 4258 2702
15811 2 2 1 5 2702 5778 668
15812 2 2 1 5 669 2277 2702
15813 2 2 1 5 2702 5613 669
15814 2 2 1 5 671 3816 689
15815 2 2 1 5 689 3893 671
15816 2 2 1 5 2723 3732 671
15817 2 2 1 5 671 8389 2723
15818 2 2 1 5 2704 3952 672
15819 2 2 1 5 672 4649 2704
15820 2 2 1 5 2870 4649 672
15821 2 2 1 5 673 3356 1346
15822 2 2 1 5 1346 3600 673
15823 2 2 1 5 1369 6322 673
15824 2 2 1 5 673 7613 1369
15825 2 2 1 5 673 6322 3356
15826 2 2 1 5 674 3964 2709
15827 2 2 1 5 3270 5919 674
15828 2 2 1 5 675 3330 2705
15829 2 2 1 5 2705 4382 675
15830 2 2 1 5 675 4201 3330
15831 2 2 1 5 675 6028 4201
15832 2 2 1 5 677 7856 2712
15833 2 2 1 5 678 3957 1358
15834 2 2 1 5 1358 6956 678
15835 2 2 1 5 2858 4874 678
15836 2 2 1 5 678 6956 2858
15837 2 2 1 5 678 7222 3957
15838 2 2 1 5 1359 680 1908
15839 2 2 1 5 682 3948 683
15840 2 2 1 5 684 6417 683
15841 2 2 1 5 695 7441 684
15842 2 2 1 5 2717 4275 684
15843 2 2 1 5 684 7441 2717
15844 2 2 1 5 685 4443 686
15845 2 2 1 5 694 7047 685
15846 2 2 1 5 1937 685 2862
15847 2 2 1 5 2305 687 1934
15848 2 2 1 5 2305 6088 687
15849 2 2 1 5 2721 4621 688
15850 2 2 1 5 688 6793 2721
15851 2 2 1 5 688 4621 2857
15852 2 2 1 5 2724 4458 690
15853 2 2 1 5 690 5502 2724
15854 2 2 1 5 690 7317 4766
15855 2 2 1 5 691 8501 3675
15856 2 2 1 5 1805 693 2729
15857 2 2 1 5 693 4815 2729
15858 2 2 1 5 8328 8341 698
15859 2 2 1 5 2337 3611 699
15860 2 2 1 5 2867 5903 700
15861 2 2 1 5 701 4383 1386
15862 2 2 1 5 1428 5830 702
15863 2 2 1 5 702 3843 2733
15864 2 2 1 5 2733 8562 702
15865 2 2 1 5 702 3264 2734
15866 2 2 1 5 2734 7834 702
15867 2 2 1 5 702 7420 3843
15868 2 2 1 5 703 7182 2348
15869 2 2 1 5 704 3417 2872
15870 2 2 1 5 2872 6897 704
15871 2 2 1 5 704 6223 3417
15872 2 2 1 5 704 6897 3681
15873 2 2 1 5 705 6630 706
15874 2 2 1 5 705 5492 713
15875 2 2 1 5 713 6630 705
15876 2 2 1 5 2737 5492 705
15877 2 2 1 5 705 7032 2737
15878 2 2 1 5 706 5166 2738
15879 2 2 1 5 2738 1396 707
15880 2 2 1 5 707 4552 1952
15881 2 2 1 5 1952 8306 707
15882 2 2 1 5 707 7966 2738
15883 2 2 1 5 707 7967 7966
15884 2 2 1 5 707 8306 7967
15885 2 2 1 5 2356 7131 708
15886 2 2 1 5 708 7387 2356
15887 2 2 1 5 709 6550 710
15888 2 2 1 5 710 7671 709
15889 2 2 1 5 719 709 1968
15890 2 2 1 5 719 5212 709
15891 2 2 1 5 709 3579 720
15892 2 2 1 5 720 8448 709
15893 2 2 1 5 709 5212 2739
15894 2 2 1 5 709 8448 6550
15895 2 2 1 5 712 5047 711
15896 2 2 1 5 711 5973 712
15897 2 2 1 5 711 4668 2741
15898 2 2 1 5 2741 6399 711
15899 2 2 1 5 716 4802 2742
15900 2 2 1 5 2742 5962 716
15901 2 2 1 5 2387 5824 717
15902 2 2 1 5 2389 4338 717
15903 2 2 1 5 717 5824 2742
15904 2 2 1 5 1426 4864 718
15905 2 2 1 5 718 7033 1426
15906 2 2 1 5 2871 4852 718
15907 2 2 1 5 718 4864 2871
15908 2 2 1 5 720 2390 1427
15909 2 2 1 5 720 4658 2390
15910 2 2 1 5 720 7477 4658
15911 2 2 1 5 2743 6375 721
15912 2 2 1 5 1437 1436 723
15913 2 2 1 5 1436 5317 723
15914 2 2 1 5 1447 1987 724
15915 2 2 1 5 724 6973 1447
15916 2 2 1 5 4230 6973 724
15917 2 2 1 5 724 7184 4230
15918 2 2 1 5 725 5215 726
15919 2 2 1 5 1987 7003 725
15920 2 2 1 5 725 7003 7002
15921 2 2 1 5 754 6192 727
15922 2 2 1 5 855 754 728
15923 2 2 1 5 728 1509 855
15924 2 2 1 5 728 6412 1509
15925 2 2 1 5 730 4456 729
15926 2 2 1 5 4456 5699 729
15927 2 2 1 5 731 5740 730
15928 2 2 1 5 730 5740 771
15929 2 2 1 5 732 4130 731
15930 2 2 1 5 1510 891 731
15931 2 2 1 5 891 5740 731
15932 2 2 1 5 731 4130 1510
15933 2 2 1 5 733 5232 732
15934 2 2 1 5 734 6034 733
15935 2 2 1 5 802 7754 735
15936 2 2 1 5 739 4260 857
15937 2 2 1 5 2747 4260 739
15938 2 2 1 5 739 5341 2747
15939 2 2 1 5 1445 3451 740
15940 2 2 1 5 740 6588 1445
15941 2 2 1 5 3451 7433 740
15942 2 2 1 5 742 4562 755
15943 2 2 1 5 755 5540 742
15944 2 2 1 5 742 5540 2749
15945 2 2 1 5 743 4283 1452
15946 2 2 1 5 1452 7294 743
15947 2 2 1 5 1443 7640 752
15948 2 2 1 5 2401 4264 755
15949 2 2 1 5 756 4703 1044
15950 2 2 1 5 1045 3420 756
15951 2 2 1 5 756 4569 1045
15952 2 2 1 5 3420 8233 756
15953 2 2 1 5 757 1505 2767
15954 2 2 1 5 759 3107 758
15955 2 2 1 5 758 3499 759
15956 2 2 1 5 846 8032 758
15957 2 2 1 5 887 6873 758
15958 2 2 1 5 758 8032 887
15959 2 2 1 5 3107 4478 758
15960 2 2 1 5 760 1540 759
15961 2 2 1 5 886 3894 759
15962 2 2 1 5 759 1540 2773
15963 2 2 1 5 2773 3882 759
15964 2 2 1 5 759 6243 3107
15965 2 2 1 5 759 3882 3262
15966 2 2 1 5 761 3129 760
15967 2 2 1 5 760 4240 761
15968 2 2 1 5 761 5346 3129
15969 2 2 1 5 761 4240 3397
15970 2 2 1 5 765 3631 833
15971 2 2 1 5 766 767 2977
15972 2 2 1 5 766 1500 1541
15973 2 2 1 5 2977 1500 766
15974 2 2 1 5 1541 3631 766
15975 2 2 1 5 768 4087 769
15976 2 2 1 5 769 4423 768
15977 2 2 1 5 891 3346 771
15978 2 2 1 5 771 5740 891
15979 2 2 1 5 3799 4847 772
15980 2 2 1 5 772 4906 3799
15981 2 2 1 5 2005 5027 773
15982 2 2 1 5 854 7563 775
15983 2 2 1 5 775 7563 4863
15984 2 2 1 5 777 4716 2751
15985 2 2 1 5 2751 4842 777
15986 2 2 1 5 777 4251 2874
15987 2 2 1 5 2874 4716 777
15988 2 2 1 5 778 2751 1978
15989 2 2 1 5 778 8478 2751
15990 2 2 1 5 779 6245 1457
15991 2 2 1 5 2875 3943 779
15992 2 2 1 5 779 4483 2875
15993 2 2 1 5 3943 8478 779
15994 2 2 1 5 785 1260 784
15995 2 2 1 5 784 3628 785
15996 2 2 1 5 1515 3331 784
15997 2 2 1 5 784 8294 1515
15998 2 2 1 5 3331 4392 784
15999 2 2 1 5 784 5019 3628
16000 2 2 1 5 785 4083 2404
16001 2 2 1 5 2404 7376 785
16002 2 2 1 5 3628 6203 785
16003 2 2 1 5 2752 6252 786
16004 2 2 1 5 786 6920 2752
16005 2 2 1 5 896 4805 789
16006 2 2 1 5 7751 7878 793
16007 2 2 1 5 803 4714 2419
16008 2 2 1 5 2758 7263 803
16009 2 2 1 5 804 4183 925
16010 2 2 1 5 925 5585 804
16011 2 2 1 5 804 5017 2759
16012 2 2 1 5 2759 7368 804
16013 2 2 1 5 804 5585 5017
16014 2 2 1 5 2802 806 805
16015 2 2 1 5 2802 805 2759
16016 2 2 1 5 805 7951 2759
16017 2 2 1 5 807 7573 808
16018 2 2 1 5 807 6085 951
16019 2 2 1 5 1496 5371 815
16020 2 2 1 5 2760 5411 815
16021 2 2 1 5 818 6211 817
16022 2 2 1 5 2791 3154 817
16023 2 2 1 5 817 6210 2791
16024 2 2 1 5 3154 6893 817
16025 2 2 1 5 821 3431 2763
16026 2 2 1 5 823 5515 822
16027 2 2 1 5 2029 5348 822
16028 2 2 1 5 5348 8292 822
16029 2 2 1 5 942 1475 823
16030 2 2 1 5 824 1538 825
16031 2 2 1 5 2763 3634 824
16032 2 2 1 5 824 7945 2763
16033 2 2 1 5 825 7404 826
16034 2 2 1 5 1538 3301 825
16035 2 2 1 5 829 1536 830
16036 2 2 1 5 829 2032 1536
16037 2 2 1 5 833 3631 1541
16038 2 2 1 5 833 4496 2764
16039 2 2 1 5 1506 834 835
16040 2 2 1 5 834 3650 972
16041 2 2 1 5 3095 3650 834
16042 2 2 1 5 835 5761 888
16043 2 2 1 5 2773 1540 839
16044 2 2 1 5 1540 3129 839
16045 2 2 1 5 839 4123 2773
16046 2 2 1 5 842 7544 843
16047 2 2 1 5 842 3587 1542
16048 2 2 1 5 1542 7740 842
16049 2 2 1 5 842 7740 7544
16050 2 2 1 5 1479 3577 843
16051 2 2 1 5 843 3655 1479
16052 2 2 1 5 843 7543 3655
16053 2 2 1 5 845 844 2881
16054 2 2 1 5 1480 4935 844
16055 2 2 1 5 844 7286 1993
16056 2 2 1 5 2423 7336 845
16057 2 2 1 5 847 8032 846
16058 2 2 1 5 848 847 1455
16059 2 2 1 5 1044 7688 847
16060 2 2 1 5 1487 850 849
16061 2 2 1 5 850 7000 849
16062 2 2 1 5 849 889 1487
16063 2 2 1 5 849 4697 890
16064 2 2 1 5 850 4072 1485
16065 2 2 1 5 1485 5512 850
16066 2 2 1 5 3626 7000 850
16067 2 2 1 5 2768 2004 851
16068 2 2 1 5 851 7991 2768
16069 2 2 1 5 1487 1994 852
16070 2 2 1 5 1994 3400 852
16071 2 2 1 5 852 4238 2768
16072 2 2 1 5 2768 6512 852
16073 2 2 1 5 852 6512 5074
16074 2 2 1 5 853 1994 889
16075 2 2 1 5 889 5647 853
16076 2 2 1 5 853 4046 1488
16077 2 2 1 5 1488 6646 853
16078 2 2 1 5 1507 4046 853
16079 2 2 1 5 853 4765 1507
16080 2 2 1 5 855 4550 2425
16081 2 2 1 5 2425 4562 855
16082 2 2 1 5 2770 1236 856
16083 2 2 1 5 1236 4371 856
16084 2 2 1 5 859 5169 946
16085 2 2 1 5 1493 4659 859
16086 2 2 1 5 3759 7446 860
16087 2 2 1 5 871 5493 872
16088 2 2 1 5 880 4349 2771
16089 2 2 1 5 2427 4460 886
16090 2 2 1 5 886 5488 2427
16091 2 2 1 5 887 5657 2428
16092 2 2 1 5 5488 6872 887
16093 2 2 1 5 6872 6873 887
16094 2 2 1 5 888 5761 1479
16095 2 2 1 5 889 5648 5647
16096 2 2 1 5 890 4623 1043
16097 2 2 1 5 2006 891 1510
16098 2 2 1 5 895 5062 3740
16099 2 2 1 5 1516 4613 900
16100 2 2 1 5 900 6420 1516
16101 2 2 1 5 2776 1471 912
16102 2 2 1 5 926 4912 913
16103 2 2 1 5 917 5760 918
16104 2 2 1 5 919 5055 920
16105 2 2 1 5 2037 5782 922
16106 2 2 1 5 923 4417 924
16107 2 2 1 5 924 1528 986
16108 2 2 1 5 924 4417 2784
16109 2 2 1 5 2784 8338 924
16110 2 2 1 5 924 8338 8337
16111 2 2 1 5 928 2059 927
16112 2 2 1 5 2059 3966 927
16113 2 2 1 5 2059 928 1039
16114 2 2 1 5 937 4063 985
16115 2 2 1 5 941 5146 2432
16116 2 2 1 5 942 2779 982
16117 2 2 1 5 943 1545 2780
16118 2 2 1 5 944 2027 956
16119 2 2 1 5 2780 7037 944
16120 2 2 1 5 946 7059 947
16121 2 2 1 5 949 4284 950
16122 2 2 1 5 952 5444 1534
16123 2 2 1 5 952 4444 2883
16124 2 2 1 5 2883 5444 952
16125 2 2 1 5 1532 953 1040
16126 2 2 1 5 2781 7170 953
16127 2 2 1 5 960 4965 2783
16128 2 2 1 5 965 6393 966
16129 2 2 1 5 2035 965 1537
16130 2 2 1 5 965 3650 1537
16131 2 2 1 5 2035 4280 965
16132 2 2 1 5 965 6225 3650
16133 2 2 1 5 4280 7696 965
16134 2 2 1 5 2032 979 1536
16135 2 2 1 5 2976 979 2975
16136 2 2 1 5 981 6541 1544
16137 2 2 1 5 982 2779 2782
16138 2 2 1 5 996 8255 995
16139 2 2 1 5 997 5358 996
16140 2 2 1 5 996 7706 997
16141 2 2 1 5 4114 7706 996
16142 2 2 1 5 996 5358 5054
16143 2 2 1 5 998 997 1070
16144 2 2 1 5 997 7706 1070
16145 2 2 1 5 997 7778 5358
16146 2 2 1 5 1070 5543 998
16147 2 2 1 5 998 7596 1588
16148 2 2 1 5 1588 7779 998
16149 2 2 1 5 998 3131 2786
16150 2 2 1 5 2786 7596 998
16151 2 2 1 5 998 4895 3131
16152 2 2 1 5 1002 3053 1003
16153 2 2 1 5 1003 3242 1002
16154 2 2 1 5 1002 7506 3053
16155 2 2 1 5 1003 3070 1005
16156 2 2 1 5 1005 3310 1003
16157 2 2 1 5 1003 5135 3242
16158 2 2 1 5 1006 3103 1010
16159 2 2 1 5 1010 3647 1006
16160 2 2 1 5 1006 4319 1557
16161 2 2 1 5 1557 8224 1006
16162 2 2 1 5 3647 5334 1006
16163 2 2 1 5 8224 8225 1006
16164 2 2 1 5 2888 1007 1008
16165 2 2 1 5 1007 4356 1008
16166 2 2 1 5 1007 5622 1558
16167 2 2 1 5 2888 3991 1007
16168 2 2 1 5 1009 5249 1008
16169 2 2 1 5 1008 5431 1009
16170 2 2 1 5 1008 4356 2041
16171 2 2 1 5 3103 7505 1010
16172 2 2 1 5 1010 7183 3647
16173 2 2 1 5 1121 4312 1012
16174 2 2 1 5 1013 4270 1014
16175 2 2 1 5 1014 5996 1013
16176 2 2 1 5 1013 1559 2047
16177 2 2 1 5 2047 6383 1013
16178 2 2 1 5 2048 4418 1013
16179 2 2 1 5 1016 3862 1124
16180 2 2 1 5 1124 8197 1016
16181 2 2 1 5 1016 8404 2787
16182 2 2 1 5 1017 3831 1018
16183 2 2 1 5 1018 4667 1017
16184 2 2 1 5 1018 3831 1122
16185 2 2 1 5 1122 5855 1018
16186 2 2 1 5 1023 5593 1019
16187 2 2 1 5 1019 6836 1023
16188 2 2 1 5 1020 4148 1021
16189 2 2 1 5 1020 4151 1561
16190 2 2 1 5 1561 7559 1020
16191 2 2 1 5 2796 4148 1020
16192 2 2 1 5 1020 5219 2796
16193 2 2 1 5 1020 4790 2797
16194 2 2 1 5 2797 8250 1020
16195 2 2 1 5 3144 4151 1020
16196 2 2 1 5 1020 8250 3144
16197 2 2 1 5 1020 7669 4790
16198 2 2 1 5 1022 5533 1023
16199 2 2 1 5 1023 6837 1022
16200 2 2 1 5 1066 4790 1022
16201 2 2 1 5 1026 4626 2788
16202 2 2 1 5 2788 5806 1027
16203 2 2 1 5 1036 5393 1028
16204 2 2 1 5 1031 3143 1030
16205 2 2 1 5 1030 5615 1031
16206 2 2 1 5 1030 5200 1069
16207 2 2 1 5 1031 3616 1070
16208 2 2 1 5 1070 5340 1031
16209 2 2 1 5 3079 3616 1031
16210 2 2 1 5 1031 5340 3143
16211 2 2 1 5 3283 5048 1031
16212 2 2 1 5 1031 5615 3283
16213 2 2 1 5 1563 3589 1032
16214 2 2 1 5 1032 6193 1563
16215 2 2 1 5 1033 4752 1034
16216 2 2 1 5 1033 3410 1065
16217 2 2 1 5 1065 4752 1033
16218 2 2 1 5 1033 2790 1579
16219 2 2 1 5 1033 4827 2790
16220 2 2 1 5 1033 4669 2795
16221 2 2 1 5 2795 4827 1033
16222 2 2 1 5 1034 4751 1035
16223 2 2 1 5 1035 5839 1034
16224 2 2 1 5 1034 4752 4751
16225 2 2 1 5 1035 5338 1073
16226 2 2 1 5 2801 3928 1035
16227 2 2 1 5 1035 5473 2801
16228 2 2 1 5 3928 5839 1035
16229 2 2 1 5 2793 6361 1040
16230 2 2 1 5 2791 7014 1042
16231 2 2 1 5 1045 4167 1566
16232 2 2 1 5 1566 7478 1045
16233 2 2 1 5 1047 4776 1068
16234 2 2 1 5 1048 1603 1049
16235 2 2 1 5 2807 1064 1063
16236 2 2 1 5 1072 3048 1063
16237 2 2 1 5 1063 3073 1072
16238 2 2 1 5 2794 3783 1063
16239 2 2 1 5 1063 5451 2794
16240 2 2 1 5 1063 6679 2807
16241 2 2 1 5 3048 7489 1063
16242 2 2 1 5 1063 7489 5451
16243 2 2 1 5 2795 3932 1064
16244 2 2 1 5 1064 5274 2795
16245 2 2 1 5 2796 6342 1065
16246 2 2 1 5 6342 6503 1065
16247 2 2 1 5 1067 6749 2063
16248 2 2 1 5 1072 2801 2064
16249 2 2 1 5 1072 5414 2801
16250 2 2 1 5 1072 3073 3043
16251 2 2 1 5 3043 5415 1072
16252 2 2 1 5 1072 3472 3048
16253 2 2 1 5 1072 6436 3472
16254 2 2 1 5 1072 5415 5414
16255 2 2 1 5 2051 6722 1073
16256 2 2 1 5 2453 3487 1074
16257 2 2 1 5 1074 5531 2453
16258 2 2 1 5 2802 6832 1075
16259 2 2 1 5 1080 4033 1603
16260 2 2 1 5 1603 4872 1080
16261 2 2 1 5 1080 8165 4033
16262 2 2 1 5 1084 5998 2806
16263 2 2 1 5 2807 8597 1085
16264 2 2 1 5 1087 4570 2813
16265 2 2 1 5 1087 7400 2814
16266 2 2 1 5 2814 7662 1087
16267 2 2 1 5 1709 1088 2826
16268 2 2 1 5 4126 6495 1088
16269 2 2 1 5 1689 5689 1089
16270 2 2 1 5 1089 6798 1689
16271 2 2 1 5 1089 2816 1691
16272 2 2 1 5 1089 5812 2816
16273 2 2 1 5 2819 1681 1090
16274 2 2 1 5 1090 4865 1692
16275 2 2 1 5 1692 5489 1090
16276 2 2 1 5 1090 4924 2819
16277 2 2 1 5 1092 5012 1721
16278 2 2 1 5 1721 5461 1092
16279 2 2 1 5 1092 4836 2827
16280 2 2 1 5 1094 3934 1093
16281 2 2 1 5 1093 4975 1094
16282 2 2 1 5 2835 4975 1093
16283 2 2 1 5 1094 5349 1736
16284 2 2 1 5 1736 7310 1094
16285 2 2 1 5 1742 3934 1094
16286 2 2 1 5 2836 5349 1094
16287 2 2 1 5 1095 5522 1753
16288 2 2 1 5 1096 7724 1097
16289 2 2 1 5 1097 7724 4111
16290 2 2 1 5 1793 3468 1098
16291 2 2 1 5 1098 4515 1793
16292 2 2 1 5 1795 6135 1099
16293 2 2 1 5 1099 7770 1795
16294 2 2 1 5 2839 4586 1099
16295 2 2 1 5 1099 6135 2839
16296 2 2 1 5 4219 7770 1099
16297 2 2 1 5 1786 5117 1100
16298 2 2 1 5 1100 6147 1786
16299 2 2 1 5 1100 3723 2844
16300 2 2 1 5 2844 5945 1100
16301 2 2 1 5 2854 5625 1101
16302 2 2 1 5 1101 5630 2854
16303 2 2 1 5 2856 4760 1101
16304 2 2 1 5 1102 4627 1933
16305 2 2 1 5 1933 4845 1102
16306 2 2 1 5 2864 5005 1102
16307 2 2 1 5 1102 7461 2864
16308 2 2 1 5 2865 4627 1102
16309 2 2 1 5 1102 5953 2865
16310 2 2 1 5 4845 7461 1102
16311 2 2 1 5 1103 1984 1448
16312 2 2 1 5 1980 3940 1103
16313 2 2 1 5 1103 8209 1980
16314 2 2 1 5 1103 6577 1984
16315 2 2 1 5 6224 8209 1103
16316 2 2 1 5 1639 3887 1107
16317 2 2 1 5 1108 2297 1320
16318 2 2 1 5 1320 7089 1108
16319 2 2 1 5 1108 4403 2229
16320 2 2 1 5 2229 4994 1108
16321 2 2 1 5 1108 3378 2297
16322 2 2 1 5 1108 5946 3378
16323 2 2 1 5 2318 1109 2337
16324 2 2 1 5 2318 8252 1109
16325 2 2 1 5 1109 6234 2319
16326 2 2 1 5 1109 3972 2337
16327 2 2 1 5 1109 7388 3972
16328 2 2 1 5 8252 8253 1109
16329 2 2 1 5 1377 1110 2326
16330 2 2 1 5 1111 7861 2575
16331 2 2 1 5 1921 1112 2360
16332 2 2 1 5 1112 7091 2360
16333 2 2 1 5 1517 4897 1113
16334 2 2 1 5 2019 4928 1113
16335 2 2 1 5 1153 1114 2892
16336 2 2 1 5 1153 4094 1114
16337 2 2 1 5 2911 1114 1617
16338 2 2 1 5 1115 1607 2895
16339 2 2 1 5 1115 8181 1607
16340 2 2 1 5 1116 5836 2218
16341 2 2 1 5 1374 1120 2930
16342 2 2 1 5 1120 5245 3006
16343 2 2 1 5 2965 4313 1121
16344 2 2 1 5 1121 4313 4312
16345 2 2 1 5 3007 5855 1122
16346 2 2 1 5 3014 1581 1125
16347 2 2 1 5 1128 3024 1140
16348 2 2 1 5 1128 3999 1609
16349 2 2 1 5 3028 5286 1129
16350 2 2 1 5 1130 6239 3030
16351 2 2 1 5 1606 1132 2467
16352 2 2 1 5 3231 7969 1132
16353 2 2 1 5 1132 7969 7634
16354 2 2 1 5 1134 5466 1143
16355 2 2 1 5 2895 1143 2894
16356 2 2 1 5 2895 4377 1143
16357 2 2 1 5 2893 2894 1145
16358 2 2 1 5 1153 6996 4094
16359 2 2 1 5 3861 7546 1154
16360 2 2 1 5 2602 5909 1161
16361 2 2 1 5 1161 6719 2602
16362 2 2 1 5 1163 5454 2084
16363 2 2 1 5 2086 5454 1165
16364 2 2 1 5 3018 2060 1183
16365 2 2 1 5 2615 4744 1183
16366 2 2 1 5 3018 1183 3017
16367 2 2 1 5 1184 4725 3155
16368 2 2 1 5 1190 2621 1192
16369 2 2 1 5 2621 8402 1192
16370 2 2 1 5 8402 8403 1192
16371 2 2 1 5 4034 7262 1193
16372 2 2 1 5 3203 4029 1194
16373 2 2 1 5 2100 3914 1195
16374 2 2 1 5 1195 4588 2100
16375 2 2 1 5 1639 5214 1197
16376 2 2 1 5 1199 7150 4545
16377 2 2 1 5 1202 5192 2101
16378 2 2 1 5 2102 5192 1202
16379 2 2 1 5 1202 8040 2102
16380 2 2 1 5 1683 2103 1204
16381 2 2 1 5 2820 1683 1204
16382 2 2 1 5 2103 7328 1204
16383 2 2 1 5 2481 1207 1672
16384 2 2 1 5 1207 5679 3902
16385 2 2 1 5 2821 1700 1212
16386 2 2 1 5 1212 6174 2108
16387 2 2 1 5 2108 6340 1212
16388 2 2 1 5 6340 7548 1212
16389 2 2 1 5 2623 1214 1213
16390 2 2 1 5 1213 3563 3560
16391 2 2 1 5 2623 5383 1214
16392 2 2 1 5 2111 5763 1218
16393 2 2 1 5 1224 6230 4076
16394 2 2 1 5 4076 8074 1224
16395 2 2 1 5 2629 5677 1225
16396 2 2 1 5 1226 7715 2115
16397 2 2 1 5 2118 4840 1229
16398 2 2 1 5 2897 2898 1231
16399 2 2 1 5 2898 5905 1231
16400 2 2 1 5 5905 8035 1231
16401 2 2 1 5 1232 6371 2635
16402 2 2 1 5 1232 4392 3331
16403 2 2 1 5 3331 6371 1232
16404 2 2 1 5 1233 6596 2636
16405 2 2 1 5 3360 6596 1233
16406 2 2 1 5 2639 4371 1236
16407 2 2 1 5 1236 4489 2639
16408 2 2 1 5 1239 3780 2128
16409 2 2 1 5 2128 5516 1239
16410 2 2 1 5 2130 2129 1240
16411 2 2 1 5 2129 5992 1240
16412 2 2 1 5 1241 2898 2899
16413 2 2 1 5 2899 5596 1241
16414 2 2 1 5 1244 5516 2131
16415 2 2 1 5 5681 7871 1245
16416 2 2 1 5 1274 1246 2161
16417 2 2 1 5 1247 5201 2134
16418 2 2 1 5 2134 5269 1247
16419 2 2 1 5 1249 2135 1284
16420 2 2 1 5 1284 4358 1249
16421 2 2 1 5 1249 5532 2135
16422 2 2 1 5 2136 4065 1251
16423 2 2 1 5 1251 5269 2136
16424 2 2 1 5 1252 2831 2138
16425 2 2 1 5 2138 8364 1252
16426 2 2 1 5 2141 6048 1254
16427 2 2 1 5 1254 2502 2503
16428 2 2 1 5 2646 1782 1256
16429 2 2 1 5 1256 3670 2646
16430 2 2 1 5 1257 3180 2647
16431 2 2 1 5 2647 5455 1257
16432 2 2 1 5 2145 2652 1261
16433 2 2 1 5 2652 5829 1261
16434 2 2 1 5 3726 7377 1262
16435 2 2 1 5 2149 4719 1263
16436 2 2 1 5 1263 7120 2149
16437 2 2 1 5 1264 3791 2150
16438 2 2 1 5 2151 3572 1265
16439 2 2 1 5 1265 4850 2151
16440 2 2 1 5 1266 8170 2153
16441 2 2 1 5 1268 2132 2133
16442 2 2 1 5 2157 5236 1268
16443 2 2 1 5 2490 1269 2491
16444 2 2 1 5 2158 6641 1270
16445 2 2 1 5 1271 6178 2159
16446 2 2 1 5 2159 8058 1271
16447 2 2 1 5 2171 7098 1272
16448 2 2 1 5 2161 5292 1274
16449 2 2 1 5 1739 1738 1276
16450 2 2 1 5 2167 1276 1738
16451 2 2 1 5 1276 3357 1739
16452 2 2 1 5 1279 4920 2169
16453 2 2 1 5 2169 5840 1279
16454 2 2 1 5 2662 1280 1757
16455 2 2 1 5 1280 5514 1757
16456 2 2 1 5 2662 4095 1280
16457 2 2 1 5 1285 1798 1799
16458 2 2 1 5 2175 1798 1285
16459 2 2 1 5 1799 8071 1285
16460 2 2 1 5 1285 8407 2175
16461 2 2 1 5 2151 7163 1287
16462 2 2 1 5 2179 5860 1289
16463 2 2 1 5 2180 8359 1290
16464 2 2 1 5 2182 5589 1291
16465 2 2 1 5 1824 2183 1292
16466 2 2 1 5 2183 4361 1292
16467 2 2 1 5 2498 1770 1297
16468 2 2 1 5 1914 2568 1298
16469 2 2 1 5 1299 5397 2671
16470 2 2 1 5 2671 6528 1299
16471 2 2 1 5 1302 2193 1775
16472 2 2 1 5 2500 1302 1775
16473 2 2 1 5 1302 4243 2193
16474 2 2 1 5 1305 5552 2677
16475 2 2 1 5 2677 6090 1305
16476 2 2 1 5 2203 4946 1306
16477 2 2 1 5 1306 5224 2203
16478 2 2 1 5 1308 6900 2209
16479 2 2 1 5 2209 8558 1308
16480 2 2 1 5 2210 6281 1309
16481 2 2 1 5 1309 7440 2236
16482 2 2 1 5 1314 1316 2222
16483 2 2 1 5 1314 4831 1316
16484 2 2 1 5 2237 3379 1315
16485 2 2 1 5 3379 5947 1315
16486 2 2 1 5 1316 2230 2222
16487 2 2 1 5 1316 5231 2230
16488 2 2 1 5 2961 1317 2960
16489 2 2 1 5 2254 1845 1322
16490 2 2 1 5 1322 6928 2254
16491 2 2 1 5 1848 4328 1327
16492 2 2 1 5 2929 1327 2928
16493 2 2 1 5 1327 5320 2928
16494 2 2 1 5 2265 1868 1331
16495 2 2 1 5 1331 8093 2265
16496 2 2 1 5 2540 1871 1332
16497 2 2 1 5 2266 7306 1332
16498 2 2 1 5 2269 7690 1337
16499 2 2 1 5 2673 1337 2674
16500 2 2 1 5 2948 1339 2947
16501 2 2 1 5 1342 6363 2277
16502 2 2 1 5 2277 7094 1342
16503 2 2 1 5 2289 1346 2288
16504 2 2 1 5 1346 7874 3600
16505 2 2 1 5 1347 2941 1890
16506 2 2 1 5 2282 5653 1347
16507 2 2 1 5 1347 2940 2941
16508 2 2 1 5 2706 1348 1907
16509 2 2 1 5 2706 8055 1348
16510 2 2 1 5 1348 8055 6206
16511 2 2 1 5 2295 2298 1351
16512 2 2 1 5 1351 5363 2295
16513 2 2 1 5 1352 4212 2298
16514 2 2 1 5 1354 6438 2300
16515 2 2 1 5 2300 7652 1354
16516 2 2 1 5 2951 1355 2950
16517 2 2 1 5 1360 2718 1940
16518 2 2 1 5 2418 2718 1360
16519 2 2 1 5 2946 1362 2945
16520 2 2 1 5 2726 7112 1363
16521 2 2 1 5 2194 2193 1364
16522 2 2 1 5 2727 5426 1364
16523 2 2 1 5 1365 1812 1813
16524 2 2 1 5 2729 1365 1814
16525 2 2 1 5 2729 5631 1365
16526 2 2 1 5 1942 2310 1368
16527 2 2 1 5 1368 3958 1942
16528 2 2 1 5 2310 7118 1368
16529 2 2 1 5 6321 6322 1369
16530 2 2 1 5 2732 7585 1370
16531 2 2 1 5 2936 2937 1370
16532 2 2 1 5 2863 2864 1371
16533 2 2 1 5 6096 8278 1371
16534 2 2 1 5 2315 5590 1372
16535 2 2 1 5 2321 5245 1374
16536 2 2 1 5 2323 1378 1376
16537 2 2 1 5 1378 3005 1376
16538 2 2 1 5 1376 7335 2323
16539 2 2 1 5 3005 3006 1376
16540 2 2 1 5 7223 7335 1376
16541 2 2 1 5 2326 6291 1377
16542 2 2 1 5 1381 1966 1967
16543 2 2 1 5 1384 2318 2337
16544 2 2 1 5 3463 6234 1385
16545 2 2 1 5 2339 1931 1388
16546 2 2 1 5 2340 5046 1389
16547 2 2 1 5 5046 5652 1389
16548 2 2 1 5 2354 6329 1394
16549 2 2 1 5 2871 1951 1395
16550 2 2 1 5 1951 6599 1395
16551 2 2 1 5 2355 4409 1395
16552 2 2 1 5 1395 6599 2355
16553 2 2 1 5 1397 4646 2737
16554 2 2 1 5 2737 5137 1397
16555 2 2 1 5 1401 2363 1398
16556 2 2 1 5 1398 5164 1401
16557 2 2 1 5 2358 1398 2363
16558 2 2 1 5 2358 4939 1398
16559 2 2 1 5 1401 1463 2418
16560 2 2 1 5 2418 2363 1401
16561 2 2 1 5 2367 1743 1403
16562 2 2 1 5 1743 7995 1403
16563 2 2 1 5 1403 6882 2367
16564 2 2 1 5 2371 1404 2370
16565 2 2 1 5 2371 2372 1404
16566 2 2 1 5 2371 2370 1405
16567 2 2 1 5 1420 2383 1407
16568 2 2 1 5 2374 8528 1407
16569 2 2 1 5 2377 4030 1409
16570 2 2 1 5 1409 5259 2377
16571 2 2 1 5 2734 2735 1409
16572 2 2 1 5 2378 1410 1954
16573 2 2 1 5 2378 2735 1410
16574 2 2 1 5 2734 1410 2735
16575 2 2 1 5 2380 3873 1411
16576 2 2 1 5 1411 4309 2380
16577 2 2 1 5 2994 2995 1413
16578 2 2 1 5 2382 6574 1415
16579 2 2 1 5 1420 4768 2383
16580 2 2 1 5 2871 4864 1420
16581 2 2 1 5 1422 5324 2386
16582 2 2 1 5 2386 6366 1422
16583 2 2 1 5 1425 4216 2872
16584 2 2 1 5 2390 4682 1427
16585 2 2 1 5 4224 7581 1432
16586 2 2 1 5 1433 4800 2395
16587 2 2 1 5 4239 8416 1434
16588 2 2 1 5 1446 2399 1438
16589 2 2 1 5 2396 1438 1986
16590 2 2 1 5 2396 5676 1438
16591 2 2 1 5 1439 5667 2745
16592 2 2 1 5 2745 8090 1439
16593 2 2 1 5 6706 6707 1440
16594 2 2 1 5 1443 5404 2747
16595 2 2 1 5 3794 7640 1443
16596 2 2 1 5 1446 4763 2399
16597 2 2 1 5 3434 5193 1448
16598 2 2 1 5 2400 6103 1450
16599 2 2 1 5 1450 6194 2400
16600 2 2 1 5 1450 5268 2410
16601 2 2 1 5 3571 7185 1451
16602 2 2 1 5 2977 1453 2976
16603 2 2 1 5 1453 4491 2976
16604 2 2 1 5 1454 6504 2402
16605 2 2 1 5 1459 2405 1461
16606 2 2 1 5 1461 5739 1459
16607 2 2 1 5 2407 1461 2405
16608 2 2 1 5 2407 8387 1461
16609 2 2 1 5 1461 8387 5260
16610 2 2 1 5 2408 4446 1462
16611 2 2 1 5 2419 4528 1470
16612 2 2 1 5 1470 4848 2419
16613 2 2 1 5 4528 8022 1470
16614 2 2 1 5 2972 1474 2971
16615 2 2 1 5 2982 1478 2981
16616 2 2 1 5 2982 4729 1478
16617 2 2 1 5 1479 3655 3166
16618 2 2 1 5 2424 4017 1481
16619 2 2 1 5 1481 5636 2424
16620 2 2 1 5 2767 4082 1484
16621 2 2 1 5 1484 5387 2767
16622 2 2 1 5 2768 4238 1488
16623 2 2 1 5 2425 7693 1491
16624 2 2 1 5 1499 1501 2772
16625 2 2 1 5 2978 1500 2977
16626 2 2 1 5 1501 4676 2772
16627 2 2 1 5 1542 2427 1504
16628 2 2 1 5 1504 8014 1542
16629 2 2 1 5 1507 4765 2591
16630 2 2 1 5 1509 7628 4740
16631 2 2 1 5 1510 4130 2006
16632 2 2 1 5 1515 8294 8293
16633 2 2 1 5 1516 6414 4613
16634 2 2 1 5 2592 1523 2023
16635 2 2 1 5 2459 5044 1528
16636 2 2 1 5 1533 2434 1997
16637 2 2 1 5 1533 8115 2434
16638 2 2 1 5 2781 6327 1535
16639 2 2 1 5 1537 3650 3095
16640 2 2 1 5 2974 1538 2973
16641 2 2 1 5 2974 3301 1538
16642 2 2 1 5 1542 8014 3556
16643 2 2 1 5 3587 6310 1542
16644 2 2 1 5 4406 7740 1542
16645 2 2 1 5 1546 2784 1548
16646 2 2 1 5 1563 2458 1546
16647 2 2 1 5 1546 2458 2784
16648 2 2 1 5 2024 2592 1547
16649 2 2 1 5 2786 5221 1548
16650 2 2 1 5 1548 6585 2786
16651 2 2 1 5 2461 1551 1594
16652 2 2 1 5 1594 1551 2969
16653 2 2 1 5 2039 1551 2437
16654 2 2 1 5 2039 2969 1551
16655 2 2 1 5 2437 1551 2461
16656 2 2 1 5 1558 2441 1552
16657 2 2 1 5 1552 4356 1558
16658 2 2 1 5 2441 5779 1552
16659 2 2 1 5 2967 1553 2966
16660 2 2 1 5 2968 1555 2967
16661 2 2 1 5 2443 3947 1556
16662 2 2 1 5 1556 4129 2443
16663 2 2 1 5 3947 7417 1556
16664 2 2 1 5 1556 8189 4129
16665 2 2 1 5 1557 4313 2965
16666 2 2 1 5 1557 4319 4316
16667 2 2 1 5 4316 5781 1557
16668 2 2 1 5 1557 8226 8224
16669 2 2 1 5 3009 2049 1560
16670 2 2 1 5 1560 7304 4266
16671 2 2 1 5 2453 5531 1561
16672 2 2 1 5 3085 3956 1561
16673 2 2 1 5 3956 7559 1561
16674 2 2 1 5 4151 6079 1561
16675 2 2 1 5 2457 2458 1563
16676 2 2 1 5 1563 7561 3589
16677 2 2 1 5 1577 5508 2794
16678 2 2 1 5 2794 6004 1577
16679 2 2 1 5 2797 5470 1578
16680 2 2 1 5 1578 5569 2797
16681 2 2 1 5 2448 3410 1579
16682 2 2 1 5 1580 5470 2449
16683 2 2 1 5 2595 2596 1580
16684 2 2 1 5 2596 8414 1580
16685 2 2 1 5 2450 1583 2456
16686 2 2 1 5 2450 3218 1583
16687 2 2 1 5 2456 1583 2455
16688 2 2 1 5 3218 6757 1583
16689 2 2 1 5 2050 1592 2454
16690 2 2 1 5 2050 6166 1592
16691 2 2 1 5 1593 6084 2455
16692 2 2 1 5 2455 7677 1593
16693 2 2 1 5 3011 1593 3010
16694 2 2 1 5 3011 6084 1593
16695 2 2 1 5 1594 4964 2461
16696 2 2 1 5 2970 1594 2969
16697 2 2 1 5 1600 1597 2803
16698 2 2 1 5 1597 5186 2803
16699 2 2 1 5 2463 5854 1599
16700 2 2 1 5 1599 6208 2463
16701 2 2 1 5 2804 1600 2803
16702 2 2 1 5 2804 6427 1600
16703 2 2 1 5 7278 7279 1602
16704 2 2 1 5 1605 3025 3026
16705 2 2 1 5 1610 7022 3358
16706 2 2 1 5 3490 7459 1610
16707 2 2 1 5 3773 6734 1614
16708 2 2 1 5 1616 7130 1615
16709 2 2 1 5 3988 7130 1616
16710 2 2 1 5 4296 8037 1616
16711 2 2 1 5 1620 3706 1619
16712 2 2 1 5 1619 5960 1620
16713 2 2 1 5 2910 1619 2909
16714 2 2 1 5 4013 5960 1619
16715 2 2 1 5 2469 4093 1621
16716 2 2 1 5 1621 7314 2469
16717 2 2 1 5 2100 6177 1628
16718 2 2 1 5 1628 4272 2471
16719 2 2 1 5 1675 1632 2473
16720 2 2 1 5 1633 1677 2475
16721 2 2 1 5 2475 7675 1633
16722 2 2 1 5 2811 4762 1635
16723 2 2 1 5 1635 6292 2811
16724 2 2 1 5 1645 7978 1644
16725 2 2 1 5 1644 5660 2482
16726 2 2 1 5 1647 4891 1646
16727 2 2 1 5 2485 1676 1647
16728 2 2 1 5 1648 5479 1649
16729 2 2 1 5 1649 5918 1648
16730 2 2 1 5 1650 6993 1651
16731 2 2 1 5 1659 3090 1660
16732 2 2 1 5 3015 3762 1659
16733 2 2 1 5 1659 3762 3737
16734 2 2 1 5 3090 3337 1660
16735 2 2 1 5 3337 4954 1660
16736 2 2 1 5 1661 3118 3016
16737 2 2 1 5 1661 5923 3118
16738 2 2 1 5 1664 7216 1665
16739 2 2 1 5 1666 5261 1667
16740 2 2 1 5 1688 1687 1668
16741 2 2 1 5 2816 4651 1668
16742 2 2 1 5 1670 1687 1685
16743 2 2 1 5 1685 6045 1670
16744 2 2 1 5 2480 1687 1670
16745 2 2 1 5 1670 3797 2480
16746 2 2 1 5 2903 1670 2902
16747 2 2 1 5 2480 3912 1671
16748 2 2 1 5 1672 6324 2481
16749 2 2 1 5 2482 5303 1673
16750 2 2 1 5 1675 5303 2484
16751 2 2 1 5 2485 7958 1676
16752 2 2 1 5 2485 4482 1677
16753 2 2 1 5 1677 4816 2485
16754 2 2 1 5 1682 4753 2819
16755 2 2 1 5 2819 5007 1682
16756 2 2 1 5 1683 7605 2103
16757 2 2 1 5 2820 5241 1683
16758 2 2 1 5 1684 2900 2901
16759 2 2 1 5 2486 8163 1685
16760 2 2 1 5 2486 1688 1686
16761 2 2 1 5 1686 6847 2486
16762 2 2 1 5 1688 2486 1687
16763 2 2 1 5 1701 1702 2822
16764 2 2 1 5 1702 6181 5609
16765 2 2 1 5 1704 5608 2825
16766 2 2 1 5 1707 3306 2826
16767 2 2 1 5 2826 3306 1708
16768 2 2 1 5 3051 3394 1708
16769 2 2 1 5 1708 4064 3051
16770 2 2 1 5 3138 6356 1708
16771 2 2 1 5 3306 4064 1708
16772 2 2 1 5 1709 3333 1710
16773 2 2 1 5 2487 6435 1717
16774 2 2 1 5 1718 7853 2488
16775 2 2 1 5 4539 7853 1718
16776 2 2 1 5 2489 5608 1720
16777 2 2 1 5 2829 4221 1722
16778 2 2 1 5 1723 5505 1724
16779 2 2 1 5 1724 7554 1723
16780 2 2 1 5 2136 2137 1723
16781 2 2 1 5 2137 5505 1723
16782 2 2 1 5 3810 7554 1724
16783 2 2 1 5 1725 3848 1726
16784 2 2 1 5 1726 8130 1725
16785 2 2 1 5 1725 8129 2131
16786 2 2 1 5 1725 8130 8129
16787 2 2 1 5 1728 4677 1727
16788 2 2 1 5 1727 6626 1728
16789 2 2 1 5 2132 5355 1727
16790 2 2 1 5 3890 6626 1727
16791 2 2 1 5 2490 4165 1729
16792 2 2 1 5 1729 6618 2490
16793 2 2 1 5 2491 5469 1730
16794 2 2 1 5 2831 7989 1731
16795 2 2 1 5 1732 8099 2832
16796 2 2 1 5 1734 3620 1733
16797 2 2 1 5 1733 5852 1734
16798 2 2 1 5 1734 5580 3620
16799 2 2 1 5 2656 1737 1735
16800 2 2 1 5 1735 1737 2833
16801 2 2 1 5 2833 7394 1735
16802 2 2 1 5 3541 7310 1736
16803 2 2 1 5 2656 5581 1737
16804 2 2 1 5 1737 5851 2833
16805 2 2 1 5 1739 5227 1738
16806 2 2 1 5 1740 5227 1739
16807 2 2 1 5 2837 4998 1743
16808 2 2 1 5 4998 7995 1743
16809 2 2 1 5 2492 6912 1744
16810 2 2 1 5 1744 7479 2492
16811 2 2 1 5 1745 5222 2492
16812 2 2 1 5 2492 5729 1745
16813 2 2 1 5 2838 6060 1752
16814 2 2 1 5 4440 7890 1757
16815 2 2 1 5 1762 6922 2496
16816 2 2 1 5 2496 8363 1762
16817 2 2 1 5 2496 6931 1763
16818 2 2 1 5 1767 5942 2497
16819 2 2 1 5 1791 5993 1769
16820 2 2 1 5 1769 5993 2498
16821 2 2 1 5 2498 7165 1769
16822 2 2 1 5 2498 3123 1770
16823 2 2 1 5 1771 6768 3594
16824 2 2 1 5 1775 7048 2500
16825 2 2 1 5 2502 3787 1780
16826 2 2 1 5 2504 5980 1781
16827 2 2 1 5 2504 3763 1782
16828 2 2 1 5 1782 7169 2504
16829 2 2 1 5 2669 1789 1820
16830 2 2 1 5 1789 6027 2843
16831 2 2 1 5 2843 8529 1789
16832 2 2 1 5 1789 8529 3475
16833 2 2 1 5 1789 6476 6027
16834 2 2 1 5 1793 7096 3468
16835 2 2 1 5 1798 5856 1799
16836 2 2 1 5 2508 5113 1800
16837 2 2 1 5 1803 5217 2510
16838 2 2 1 5 2510 5478 1803
16839 2 2 1 5 2199 2198 1810
16840 2 2 1 5 1812 5302 1813
16841 2 2 1 5 1817 6537 2515
16842 2 2 1 5 1820 3475 2517
16843 2 2 1 5 2517 4521 1820
16844 2 2 1 5 2669 1820 2668
16845 2 2 1 5 2518 3723 1821
16846 2 2 1 5 1821 5537 2518
16847 2 2 1 5 3723 5117 1821
16848 2 2 1 5 1822 4521 1823
16849 2 2 1 5 1823 4778 1822
16850 2 2 1 5 1824 4305 2519
16851 2 2 1 5 2519 7421 1824
16852 2 2 1 5 2205 1825 2204
16853 2 2 1 5 1825 4754 2520
16854 2 2 1 5 2520 6915 1825
16855 2 2 1 5 1825 6915 4031
16856 2 2 1 5 1827 5369 3318
16857 2 2 1 5 3318 5718 1827
16858 2 2 1 5 1829 4146 1828
16859 2 2 1 5 1828 8382 1829
16860 2 2 1 5 1828 3188 2216
16861 2 2 1 5 1828 4146 3188
16862 2 2 1 5 1828 8383 8382
16863 2 2 1 5 1829 8235 4146
16864 2 2 1 5 2521 6623 1830
16865 2 2 1 5 2524 6410 1832
16866 2 2 1 5 2849 1834 1833
16867 2 2 1 5 1833 2525 2849
16868 2 2 1 5 1833 5373 2525
16869 2 2 1 5 2849 7733 1834
16870 2 2 1 5 1836 4894 2851
16871 2 2 1 5 2851 4962 1836
16872 2 2 1 5 2954 1837 2953
16873 2 2 1 5 2527 5202 1838
16874 2 2 1 5 5202 7601 1838
16875 2 2 1 5 1843 1842 2530
16876 2 2 1 5 2531 1842 1843
16877 2 2 1 5 1842 8521 2530
16878 2 2 1 5 1843 5538 2531
16879 2 2 1 5 2531 7315 1844
16880 2 2 1 5 2852 1845 2254
16881 2 2 1 5 2852 5503 1845
16882 2 2 1 5 1846 6314 2693
16883 2 2 1 5 2853 1847 2852
16884 2 2 1 5 1847 4846 2852
16885 2 2 1 5 1847 4603 4600
16886 2 2 1 5 1850 8275 2532
16887 2 2 1 5 1851 2535 1857
16888 2 2 1 5 1851 6170 2535
16889 2 2 1 5 2855 6068 1854
16890 2 2 1 5 2925 1854 2924
16891 2 2 1 5 3788 5206 1855
16892 2 2 1 5 1857 7711 3774
16893 2 2 1 5 2690 1858 2689
16894 2 2 1 5 1859 2535 2534
16895 2 2 1 5 1859 4750 2535
16896 2 2 1 5 2534 2533 1861
16897 2 2 1 5 2533 3825 1861
16898 2 2 1 5 1863 5974 1862
16899 2 2 1 5 1862 7362 1863
16900 2 2 1 5 2532 1863 2533
16901 2 2 1 5 1868 5925 2539
16902 2 2 1 5 2539 4057 1869
16903 2 2 1 5 1869 3828 2686
16904 2 2 1 5 2540 4701 1870
16905 2 2 1 5 1870 6141 2540
16906 2 2 1 5 2540 6442 1871
16907 2 2 1 5 2542 4969 1874
16908 2 2 1 5 1874 7025 2542
16909 2 2 1 5 1875 5485 2542
16910 2 2 1 5 1876 4370 2543
16911 2 2 1 5 1880 5066 2546
16912 2 2 1 5 2550 7435 1886
16913 2 2 1 5 2686 1887 2551
16914 2 2 1 5 1887 7816 2551
16915 2 2 1 5 1890 2941 2553
16916 2 2 1 5 2557 5759 1892
16917 2 2 1 5 1892 6247 2557
16918 2 2 1 5 1892 2943 2944
16919 2 2 1 5 2559 1895 1897
16920 2 2 1 5 2561 4938 1899
16921 2 2 1 5 1899 6759 2561
16922 2 2 1 5 1904 4523 2565
16923 2 2 1 5 1905 2284 1947
16924 2 2 1 5 2858 2284 1905
16925 2 2 1 5 1905 6200 2858
16926 2 2 1 5 1905 7664 6200
16927 2 2 1 5 2859 2706 1907
16928 2 2 1 5 1910 6099 2567
16929 2 2 1 5 1912 3871 1911
16930 2 2 1 5 1911 4889 1912
16931 2 2 1 5 1912 2939 2940
16932 2 2 1 5 1912 5170 2939
16933 2 2 1 5 1912 4889 3116
16934 2 2 1 5 3116 8051 1912
16935 2 2 1 5 1912 8051 5170
16936 2 2 1 5 2578 1915 1939
16937 2 2 1 5 1915 4585 1939
16938 2 2 1 5 1915 3167 2862
16939 2 2 1 5 2862 4585 1915
16940 2 2 1 5 1918 8053 2570
16941 2 2 1 5 5250 8053 1918
16942 2 2 1 5 2570 7476 1919
16943 2 2 1 5 1921 2866 1936
16944 2 2 1 5 2360 8020 1921
16945 2 2 1 5 1921 8020 2866
16946 2 2 1 5 1924 4636 1925
16947 2 2 1 5 1925 5938 1924
16948 2 2 1 5 2934 2935 1925
16949 2 2 1 5 1926 6272 1927
16950 2 2 1 5 1927 8417 1926
16951 2 2 1 5 1926 2933 2934
16952 2 2 1 5 6272 6273 1927
16953 2 2 1 5 2572 5239 1928
16954 2 2 1 5 2931 2932 1928
16955 2 2 1 5 1929 2336 2574
16956 2 2 1 5 2574 4629 1929
16957 2 2 1 5 1931 4054 2867
16958 2 2 1 5 2865 1935 2866
16959 2 2 1 5 2865 5914 1935
16960 2 2 1 5 2869 8509 1935
16961 2 2 1 5 2576 5189 1936
16962 2 2 1 5 2866 6586 1936
16963 2 2 1 5 1938 2718 2717
16964 2 2 1 5 1939 4690 2578
16965 2 2 1 5 1939 7984 4690
16966 2 2 1 5 1940 4326 2579
16967 2 2 1 5 2870 2310 1942
16968 2 2 1 5 1942 4333 2870
16969 2 2 1 5 1943 2580 1944
16970 2 2 1 5 1944 4741 1943
16971 2 2 1 5 1945 4229 2580
16972 2 2 1 5 1945 8458 4229
16973 2 2 1 5 2292 1946 2291
16974 2 2 1 5 1946 5195 2581
16975 2 2 1 5 1947 1950 2582
16976 2 2 1 5 2582 4472 1947
16977 2 2 1 5 2582 7872 1948
16978 2 2 1 5 1950 5183 2583
16979 2 2 1 5 2871 3776 1951
16980 2 2 1 5 3776 7583 1951
16981 2 2 1 5 2872 4216 1953
16982 2 2 1 5 1953 6825 2872
16983 2 2 1 5 3803 6825 1953
16984 2 2 1 5 1953 8310 3803
16985 2 2 1 5 2584 4700 1954
16986 2 2 1 5 1954 5471 2584
16987 2 2 1 5 2586 4574 1956
16988 2 2 1 5 1956 5578 2586
16989 2 2 1 5 1959 2584 2585
16990 2 2 1 5 2588 6183 1959
16991 2 2 1 5 1965 6014 1964
16992 2 2 1 5 1968 5211 1969
16993 2 2 1 5 1972 1970 1971
16994 2 2 1 5 1972 1971 1973
16995 2 2 1 5 1974 4374 1975
16996 2 2 1 5 1975 4875 1974
16997 2 2 1 5 1978 4717 1977
16998 2 2 1 5 1977 8361 1978
16999 2 2 1 5 1980 8198 3940
17000 2 2 1 5 2876 7199 1982
17001 2 2 1 5 7199 7200 1982
17002 2 2 1 5 2879 8283 1986
17003 2 2 1 5 2883 3854 1996
17004 2 2 1 5 1996 4459 2883
17005 2 2 1 5 3854 7276 1996
17006 2 2 1 5 2003 3326 2591
17007 2 2 1 5 2591 4765 2003
17008 2 2 1 5 2004 3216 2591
17009 2 2 1 5 2591 3426 2004
17010 2 2 1 5 2006 4130 2007
17011 2 2 1 5 2007 6617 2006
17012 2 2 1 5 4035 6616 2007
17013 2 2 1 5 6616 6617 2007
17014 2 2 1 5 2016 3740 2015
17015 2 2 1 5 2404 4083 2017
17016 2 2 1 5 2017 4936 3450
17017 2 2 1 5 2023 4999 2592
17018 2 2 1 5 2024 4069 2025
17019 2 2 1 5 2024 5322 2592
17020 2 2 1 5 2025 4069 2026
17021 2 2 1 5 2026 6306 2025
17022 2 2 1 5 2593 6333 2027
17023 2 2 1 5 2027 7037 2593
17024 2 2 1 5 2028 8140 2593
17025 2 2 1 5 6524 8140 2028
17026 2 2 1 5 2972 5028 2029
17027 2 2 1 5 2036 6003 2035
17028 2 2 1 5 2035 6548 2036
17029 2 2 1 5 3900 6548 2035
17030 2 2 1 5 2035 8265 3900
17031 2 2 1 5 3576 6003 2036
17032 2 2 1 5 2037 5828 5782
17033 2 2 1 5 2437 2594 2039
17034 2 2 1 5 2969 2039 2968
17035 2 2 1 5 2039 6701 2968
17036 2 2 1 5 2594 2438 2040
17037 2 2 1 5 2040 6905 2594
17038 2 2 1 5 2042 4425 2443
17039 2 2 1 5 2042 3219 2888
17040 2 2 1 5 2888 4426 2042
17041 2 2 1 5 2042 4811 3219
17042 2 2 1 5 3016 5107 2047
17043 2 2 1 5 3315 6383 2047
17044 2 2 1 5 2595 4265 2049
17045 2 2 1 5 2049 5314 2595
17046 2 2 1 5 3010 2049 3009
17047 2 2 1 5 2596 3218 2050
17048 2 2 1 5 2050 6636 2596
17049 2 2 1 5 3218 4593 2050
17050 2 2 1 5 2060 2061 2615
17051 2 2 1 5 2060 6758 2061
17052 2 2 1 5 2064 5148 2065
17053 2 2 1 5 2069 7517 2597
17054 2 2 1 5 2072 6038 2891
17055 2 2 1 5 2102 8040 4235
17056 2 2 1 5 2108 6174 3754
17057 2 2 1 5 3780 6676 2128
17058 2 2 1 5 2134 8334 5228
17059 2 2 1 5 2135 6160 4686
17060 2 2 1 5 2136 5228 2137
17061 2 2 1 5 3340 3865 2139
17062 2 2 1 5 2149 8492 3892
17063 2 2 1 5 2153 4364 2152
17064 2 2 1 5 2152 6138 3442
17065 2 2 1 5 4364 7904 2152
17066 2 2 1 5 2163 7521 2162
17067 2 2 1 5 2169 7031 5840
17068 2 2 1 5 2171 5072 2172
17069 2 2 1 5 2172 7495 2171
17070 2 2 1 5 2171 6352 5072
17071 2 2 1 5 8510 8511 2171
17072 2 2 1 5 3399 7495 2172
17073 2 2 1 5 2172 7916 3399
17074 2 2 1 5 2172 5072 5071
17075 2 2 1 5 2173 7709 5425
17076 2 2 1 5 3885 8359 2180
17077 2 2 1 5 3826 5589 2182
17078 2 2 1 5 2187 4984 2188
17079 2 2 1 5 2194 5475 2193
17080 2 2 1 5 2199 5265 2198
17081 2 2 1 5 2204 5724 2205
17082 2 2 1 5 2218 5650 2219
17083 2 2 1 5 2218 8062 5650
17084 2 2 1 5 5874 6584 2220
17085 2 2 1 5 2222 2230 2223
17086 2 2 1 5 4625 8616 2226
17087 2 2 1 5 2227 4804 2228
17088 2 2 1 5 2228 6433 2227
17089 2 2 1 5 4804 5728 2228
17090 2 2 1 5 5911 6433 2228
17091 2 2 1 5 2232 4184 2233
17092 2 2 1 5 2233 5592 2232
17093 2 2 1 5 2235 3915 2234
17094 2 2 1 5 2234 4825 2235
17095 2 2 1 5 3915 8617 2234
17096 2 2 1 5 2238 3379 2237
17097 2 2 1 5 2237 6790 2238
17098 2 2 1 5 3795 6619 2255
17099 2 2 1 5 2274 7322 2275
17100 2 2 1 5 2276 5399 2275
17101 2 2 1 5 2275 5757 2276
17102 2 2 1 5 2282 5921 2283
17103 2 2 1 5 2283 6339 2282
17104 2 2 1 5 2285 4826 2286
17105 2 2 1 5 2286 7472 2285
17106 2 2 1 5 4112 7472 2286
17107 2 2 1 5 2288 8344 2287
17108 2 2 1 5 2291 6532 2292
17109 2 2 1 5 2291 6728 6727
17110 2 2 1 5 3378 7923 2297
17111 2 2 1 5 2300 8549 7652
17112 2 2 1 5 2310 7110 5964
17113 2 2 1 5 6047 7118 2310
17114 2 2 1 5 2319 6234 3463
17115 2 2 1 5 2325 4546 2324
17116 2 2 1 5 2324 5898 2325
17117 2 2 1 5 3325 5898 2324
17118 2 2 1 5 2324 6514 3325
17119 2 2 1 5 2325 6682 3811
17120 2 2 1 5 2337 4715 3611
17121 2 2 1 5 2349 5700 2348
17122 2 2 1 5 2350 6945 2349
17123 2 2 1 5 2364 2358 2363
17124 2 2 1 5 2361 6940 2362
17125 2 2 1 5 2367 5081 2368
17126 2 2 1 5 2368 5110 2367
17127 2 2 1 5 2736 2735 2378
17128 2 2 1 5 5308 7565 2392
17129 2 2 1 5 2401 6821 3256
17130 2 2 1 5 2401 8233 8232
17131 2 2 1 5 2404 3450 3122
17132 2 2 1 5 2404 7377 7376
17133 2 2 1 5 2409 3501 2408
17134 2 2 1 5 3501 4142 2408
17135 2 2 1 5 4445 4446 2408
17136 2 2 1 5 3257 4078 2409
17137 2 2 1 5 2411 3883 2410
17138 2 2 1 5 2410 5268 2411
17139 2 2 1 5 2410 5841 3254
17140 2 2 1 5 4253 8102 2410
17141 2 2 1 5 4261 4793 2412
17142 2 2 1 5 2412 6861 5223
17143 2 2 1 5 2412 5282 5281
17144 2 2 1 5 2417 6130 2416
17145 2 2 1 5 7865 7889 2428
17146 2 2 1 5 2438 2437 2460
17147 2 2 1 5 2594 2437 2438
17148 2 2 1 5 2460 2437 2461
17149 2 2 1 5 2439 4711 2438
17150 2 2 1 5 3280 4711 2439
17151 2 2 1 5 2441 2440 2457
17152 2 2 1 5 2441 3991 2440
17153 2 2 1 5 2440 3991 3990
17154 2 2 1 5 3990 5004 2440
17155 2 2 1 5 2443 4129 3060
17156 2 2 1 5 3060 4811 2443
17157 2 2 1 5 3542 4587 2443
17158 2 2 1 5 2443 4983 3947
17159 2 2 1 5 4587 6494 2443
17160 2 2 1 5 2450 4593 3218
17161 2 2 1 5 2451 5616 2452
17162 2 2 1 5 2452 7067 2451
17163 2 2 1 5 2453 5163 3790
17164 2 2 1 5 2459 8338 2458
17165 2 2 1 5 2458 8338 2784
17166 2 2 1 5 2461 4074 2460
17167 2 2 1 5 2473 6653 2474
17168 2 2 1 5 2474 7139 2473
17169 2 2 1 5 2474 6055 2475
17170 2 2 1 5 2481 4873 2482
17171 2 2 1 5 2482 5660 2481
17172 2 2 1 5 2485 8480 4482
17173 2 2 1 5 5483 7958 2485
17174 2 2 1 5 2488 4986 2487
17175 2 2 1 5 2491 4660 2490
17176 2 2 1 5 3405 5729 2492
17177 2 2 1 5 2518 5073 2517
17178 2 2 1 5 2517 5561 2518
17179 2 2 1 5 2518 5537 3507
17180 2 2 1 5 2521 6323 2522
17181 2 2 1 5 2525 6286 2524
17182 2 2 1 5 2530 8521 4403
17183 2 2 1 5 2533 5555 2532
17184 2 2 1 5 2534 6827 2533
17185 2 2 1 5 2533 7841 3825
17186 2 2 1 5 2533 6827 6312
17187 2 2 1 5 2535 6036 2534
17188 2 2 1 5 2557 5991 2556
17189 2 2 1 5 2573 6458 2574
17190 2 2 1 5 2578 4824 2579
17191 2 2 1 5 2579 5391 2578
17192 2 2 1 5 4823 4824 2578
17193 2 2 1 5 3195 4472 2582
17194 2 2 1 5 2584 8002 2585
17195 2 2 1 5 3216 6035 2591
17196 2 2 1 5 3326 6439 2591
17197 2 2 1 5 2591 4163 3426
17198 2 2 1 5 2592 5322 3547
17199 2 2 1 5 2595 4537 2596
17200 2 2 1 5 2596 6636 5568
17201 2 2 1 5 3516 7231 2610
17202 2 2 1 5 7786 7787 2617
17203 2 2 1 5 3643 6274 2631
17204 2 2 1 5 2635 8094 3789
17205 2 2 1 5 3670 6632 2646
17206 2 2 1 5 2655 7578 2656
17207 2 2 1 5 3619 5581 2656
17208 2 2 1 5 2662 6620 4095
17209 2 2 1 5 3654 5279 2663
17210 2 2 1 5 2666 5848 3870
17211 2 2 1 5 2668 4782 2669
17212 2 2 1 5 4615 4782 2668
17213 2 2 1 5 3844 6957 2669
17214 2 2 1 5 2671 7190 4161
17215 2 2 1 5 3828 5876 2686
17216 2 2 1 5 3476 6039 2688
17217 2 2 1 5 2689 6447 2690
17218 2 2 1 5 5967 5968 2693
17219 2 2 1 5 2705 5124 2706
17220 2 2 1 5 2709 6146 2708
17221 2 2 1 5 2708 7209 2709
17222 2 2 1 5 2715 7083 2714
17223 2 2 1 5 2718 3896 2717
17224 2 2 1 5 2717 6788 4275
17225 2 2 1 5 2720 5075 2721
17226 2 2 1 5 3567 6770 2721
17227 2 2 1 5 2721 6793 3567
17228 2 2 1 5 2724 4568 2723
17229 2 2 1 5 2727 7228 6080
17230 2 2 1 5 2747 5404 3512
17231 2 2 1 5 2751 8478 8477
17232 2 2 1 5 2759 7951 4186
17233 2 2 1 5 3131 6822 2786
17234 2 2 1 5 2786 6909 5221
17235 2 2 1 5 2786 6585 5828
17236 2 2 1 5 2791 4136 3154
17237 2 2 1 5 2791 8141 4136
17238 2 2 1 5 2791 6210 5180
17239 2 2 1 5 5451 7259 2794
17240 2 2 1 5 5219 7971 2796
17241 2 2 1 5 2797 5569 3444
17242 2 2 1 5 3444 7990 2797
17243 2 2 1 5 2812 7840 2811
17244 2 2 1 5 2811 8409 2812
17245 2 2 1 5 2811 8497 4762
17246 2 2 1 5 2816 8530 4651
17247 2 2 1 5 5812 8490 2816
17248 2 2 1 5 2829 8000 4221
17249 2 2 1 5 2844 5561 2843
17250 2 2 1 5 2843 6121 2844
17251 2 2 1 5 6039 7733 2849
17252 2 2 1 5 4601 4603 2853
17253 2 2 1 5 2863 8092 2864
17254 2 2 1 5 2864 7461 5944
17255 2 2 1 5 2866 6023 2865
17256 2 2 1 5 2866 8020 8019
17257 2 2 1 5 2871 7935 3776
17258 2 2 1 5 3417 5548 2872
17259 2 2 1 5 2880 8591 2881
17260 2 2 1 5 3219 5959 2888
17261 2 2 1 5 2893 8075 2892
17262 2 2 1 5 3967 8075 2893
17263 2 2 1 5 2902 5651 2901
17264 2 2 1 5 2904 7203 2903
17265 2 2 1 5 2909 5335 2908
17266 2 2 1 5 2916 5930 2915
17267 2 2 1 5 2917 6623 2916
17268 2 2 1 5 2928 5272 2927
17269 2 2 1 5 2933 3909 2932
17270 2 2 1 5 2936 7617 2935
17271 2 2 1 5 2942 5833 2941
17272 2 2 1 5 2945 5181 2944
17273 2 2 1 5 2947 6531 2946
17274 2 2 1 5 2949 6761 2948
17275 2 2 1 5 2952 6813 2951
17276 2 2 1 5 2966 3718 2965
17277 2 2 1 5 3676 3718 2966
17278 2 2 1 5 2971 5381 2970
17279 2 2 1 5 5381 8061 2970
17280 2 2 1 5 2973 5028 2972
17281 2 2 1 5 2975 5752 2974
17282 2 2 1 5 3008 6836 3007
17283 2 2 1 5 3015 8183 3014
17284 2 2 1 5 3016 3762 3015
17285 2 2 1 5 3017 5107 3016
17286 2 2 1 5 3118 3762 3016
17287 2 2 1 5 3019 6758 3018
17288 2 2 1 5 3025 3868 3024
17289 2 2 1 5 3027 5235 3026
17290 2 2 1 5 3073 7381 3043
17291 2 2 1 5 6348 7822 3045
17292 2 2 1 5 3048 7501 7489
17293 2 2 1 5 3219 4811 3060
17294 2 2 1 5 5570 6264 3065
17295 2 2 1 5 3084 7822 6348
17296 2 2 1 5 3086 6652 5710
17297 2 2 1 5 3090 8033 3337
17298 2 2 1 5 3103 7506 7505
17299 2 2 1 5 3118 7428 3762
17300 2 2 1 5 3119 7231 4166
17301 2 2 1 5 3131 4895 3398
17302 2 2 1 5 3193 5401 3553
17303 2 2 1 5 3330 4201 3796
17304 2 2 1 5 5568 6636 3335
17305 2 2 1 5 3345 6203 3628
17306 2 2 1 5 3388 7971 5219
17307 2 2 1 5 3516 7232 7231
17308 2 2 1 5 3925 5423 3559
17309 2 2 1 5 3563 6838 3560
17310 2 2 1 5 5423 6838 3563
17311 2 2 1 5 4317 5334 3647
17312 2 2 1 5 3647 8083 4317
17313 2 2 1 5 4320 8083 3647
17314 2 2 1 5 7093 8007 3747
17315 2 2 1 5 3925 6838 5423
17316 2 2 1 5 7416 7417 3947
17317 2 2 1 5 3985 4233 3984
17318 2 2 1 5 3985 4582 3986
17319 2 2 1 5 3986 6098 3985
17320 2 2 1 5 4582 4584 3986
17321 2 2 1 5 4314 5781 5494
17322 2 2 1 5 4317 8083 4315
17323 2 2 1 5 5494 5781 4316
17324 2 2 1 5 4581 8438 6425
17325 2 2 1 5 4602 7702 4601
17326 2 2 1 5 4898 7889 7865
17327 2 2 1 5 8013 8017 8015
17328 2 2 1 5 1 3267 2
17329 2 2 1 5 1 7633 3267
17330 2 2 1 5 1 7634 7633
17331 2 2 1 5 5571 8006 2
17332 2 2 1 5 2894 5 6
17333 2 2 1 5 5 4721 6
17334 2 2 1 5 6 1135 1145
17335 2 2 1 5 7 25 365
17336 2 2 1 5 1138 11 15
17337 2 2 1 5 12 13 3029
17338 2 2 1 5 1138 4125 12
17339 2 2 1 5 363 1130 13
17340 2 2 1 5 13 7439 363
17341 2 2 1 5 13 1130 3029
17342 2 2 1 5 7438 7439 13
17343 2 2 1 5 15 4323 16
17344 2 2 1 5 16 17 1142
17345 2 2 1 5 20 16 1142
17346 2 2 1 5 17 8259 1142
17347 2 2 1 5 4509 8259 17
17348 2 2 1 5 18 3999 1128
17349 2 2 1 5 18 6338 3820
17350 2 2 1 5 19 6582 3999
17351 2 2 1 5 22 3834 21
17352 2 2 1 5 25 5643 365
17353 2 2 1 5 1147 25 1148
17354 2 2 1 5 28 1151 1148
17355 2 2 1 5 30 5300 370
17356 2 2 1 5 4517 5300 30
17357 2 2 1 5 375 34 1611
17358 2 2 1 5 1155 4680 34
17359 2 2 1 5 34 4680 1611
17360 2 2 1 5 3150 5587 35
17361 2 2 1 5 373 36 372
17362 2 2 1 5 39 6370 4185
17363 2 2 1 5 47 2089 1601
17364 2 2 1 5 1172 1641 50
17365 2 2 1 5 54 1569 2447
17366 2 2 1 5 57 6082 2099
17367 2 2 1 5 58 5447 1188
17368 2 2 1 5 2621 1190 59
17369 2 2 1 5 2603 5353 59
17370 2 2 1 5 59 3293 2621
17371 2 2 1 5 60 453 1616
17372 2 2 1 5 60 5405 453
17373 2 2 1 5 60 1616 1191
17374 2 2 1 5 2602 379 61
17375 2 2 1 5 61 5176 3422
17376 2 2 1 5 62 3341 381
17377 2 2 1 5 381 3887 62
17378 2 2 1 5 1638 3341 62
17379 2 2 1 5 62 3887 1639
17380 2 2 1 5 64 1667 459
17381 2 2 1 5 462 5536 66
17382 2 2 1 5 66 4010 2623
17383 2 2 1 5 67 6468 2104
17384 2 2 1 5 3891 5370 72
17385 2 2 1 5 2116 7627 78
17386 2 2 1 5 78 7627 5409
17387 2 2 1 5 1717 80 2487
17388 2 2 1 5 1717 2631 80
17389 2 2 1 5 1245 2121 81
17390 2 2 1 5 2121 5626 81
17391 2 2 1 5 2122 82 102
17392 2 2 1 5 82 2118 1229
17393 2 2 1 5 2123 3599 83
17394 2 2 1 5 3599 6941 83
17395 2 2 1 5 90 2131 88
17396 2 2 1 5 2128 88 2131
17397 2 2 1 5 2133 89 91
17398 2 2 1 5 89 7940 2119
17399 2 2 1 5 2130 89 2133
17400 2 2 1 5 2130 7940 89
17401 2 2 1 5 90 3848 1725
17402 2 2 1 5 1727 3848 90
17403 2 2 1 5 2129 2132 90
17404 2 2 1 5 560 5361 93
17405 2 2 1 5 94 3602 563
17406 2 2 1 5 94 5513 3602
17407 2 2 1 5 95 3710 568
17408 2 2 1 5 95 3865 3710
17409 2 2 1 5 570 3710 97
17410 2 2 1 5 99 7299 4917
17411 2 2 1 5 519 520 100
17412 2 2 1 5 520 4047 100
17413 2 2 1 5 100 4047 2144
17414 2 2 1 5 4343 4567 100
17415 2 2 1 5 2122 102 101
17416 2 2 1 5 101 3766 2122
17417 2 2 1 5 2145 1261 102
17418 2 2 1 5 514 515 103
17419 2 2 1 5 103 3652 514
17420 2 2 1 5 515 516 103
17421 2 2 1 5 103 516 517
17422 2 2 1 5 517 2652 103
17423 2 2 1 5 103 2652 2145
17424 2 2 1 5 2145 3652 103
17425 2 2 1 5 104 3637 1260
17426 2 2 1 5 1262 2150 106
17427 2 2 1 5 107 5853 1733
17428 2 2 1 5 3892 5123 107
17429 2 2 1 5 107 8321 5283
17430 2 2 1 5 108 4339 582
17431 2 2 1 5 108 7078 4339
17432 2 2 1 5 7162 7163 108
17433 2 2 1 5 109 6688 6010
17434 2 2 1 5 6573 7956 110
17435 2 2 1 5 2155 6319 111
17436 2 2 1 5 2135 5532 112
17437 2 2 1 5 112 5532 2157
17438 2 2 1 5 2157 7021 112
17439 2 2 1 5 113 2159 586
17440 2 2 1 5 115 4336 520
17441 2 2 1 5 115 6232 4396
17442 2 2 1 5 117 576 2648
17443 2 2 1 5 117 5086 2164
17444 2 2 1 5 1793 4515 121
17445 2 2 1 5 121 6040 3669
17446 2 2 1 5 3669 6101 121
17447 2 2 1 5 5559 7375 122
17448 2 2 1 5 125 3725 2177
17449 2 2 1 5 129 2180 2174
17450 2 2 1 5 131 5893 1800
17451 2 2 1 5 4274 5021 131
17452 2 2 1 5 2194 1913 136
17453 2 2 1 5 1913 6440 136
17454 2 2 1 5 136 7883 2673
17455 2 2 1 5 138 6782 627
17456 2 2 1 5 2201 8030 140
17457 2 2 1 5 140 8030 4019
17458 2 2 1 5 2840 2206 144
17459 2 2 1 5 145 1344 640
17460 2 2 1 5 147 5989 2212
17461 2 2 1 5 2214 4861 148
17462 2 2 1 5 150 2521 1830
17463 2 2 1 5 150 6859 3765
17464 2 2 1 5 2223 158 152
17465 2 2 1 5 2224 159 153
17466 2 2 1 5 159 2232 153
17467 2 2 1 5 2225 4733 153
17468 2 2 1 5 2232 5592 153
17469 2 2 1 5 2229 1842 156
17470 2 2 1 5 156 2531 1844
17471 2 2 1 5 156 4232 2229
17472 2 2 1 5 1108 4994 157
17473 2 2 1 5 157 4994 3210
17474 2 2 1 5 2223 2230 158
17475 2 2 1 5 1291 159 2182
17476 2 2 1 5 4303 5893 159
17477 2 2 1 5 161 2210 1309
17478 2 2 1 5 2235 2210 161
17479 2 2 1 5 2227 5070 161
17480 2 2 1 5 3974 4804 161
17481 2 2 1 5 163 2239 187
17482 2 2 1 5 187 3755 163
17483 2 2 1 5 2238 4042 163
17484 2 2 1 5 163 4492 2239
17485 2 2 1 5 4042 7763 163
17486 2 2 1 5 2240 4911 164
17487 2 2 1 5 169 7948 2253
17488 2 2 1 5 2265 4498 174
17489 2 2 1 5 174 5925 2265
17490 2 2 1 5 621 175 620
17491 2 2 1 5 175 5712 620
17492 2 2 1 5 2280 4181 180
17493 2 2 1 5 4181 4523 180
17494 2 2 1 5 181 8389 671
17495 2 2 1 5 181 3893 2281
17496 2 2 1 5 181 8390 8389
17497 2 2 1 5 182 5183 1947
17498 2 2 1 5 2583 182 1949
17499 2 2 1 5 2709 7209 183
17500 2 2 1 5 2291 5972 184
17501 2 2 1 5 184 5972 3585
17502 2 2 1 5 4225 4604 184
17503 2 2 1 5 185 4209 2293
17504 2 2 1 5 2293 4777 185
17505 2 2 1 5 2239 2240 186
17506 2 2 1 5 2296 2239 186
17507 2 2 1 5 187 2239 2296
17508 2 2 1 5 189 2300 2543
17509 2 2 1 5 4262 8550 189
17510 2 2 1 5 195 7635 2720
17511 2 2 1 5 673 196 672
17512 2 2 1 5 673 8370 196
17513 2 2 1 5 201 1920 2863
17514 2 2 1 5 225 4301 203
17515 2 2 1 5 203 4301 2317
17516 2 2 1 5 203 4462 2318
17517 2 2 1 5 204 4893 2319
17518 2 2 1 5 205 4734 1373
17519 2 2 1 5 207 8532 206
17520 2 2 1 5 6683 7206 209
17521 2 2 1 5 210 5834 3767
17522 2 2 1 5 2329 214 211
17523 2 2 1 5 214 4837 211
17524 2 2 1 5 2323 212 1378
17525 2 2 1 5 212 3005 1378
17526 2 2 1 5 212 6744 3004
17527 2 2 1 5 2324 213 2327
17528 2 2 1 5 2324 4546 213
17529 2 2 1 5 213 6253 5525
17530 2 2 1 5 214 5020 2328
17531 2 2 1 5 222 1391 1382
17532 2 2 1 5 1383 4814 223
17533 2 2 1 5 224 4055 698
17534 2 2 1 5 225 699 698
17535 2 2 1 5 698 4301 225
17536 2 2 1 5 226 227 1930
17537 2 2 1 5 226 5723 227
17538 2 2 1 5 226 5498 3463
17539 2 2 1 5 1930 227 2575
17540 2 2 1 5 700 2342 228
17541 2 2 1 5 2338 5001 229
17542 2 2 1 5 3752 6809 229
17543 2 2 1 5 1434 230 271
17544 2 2 1 5 271 230 2395
17545 2 2 1 5 2395 230 2340
17546 2 2 1 5 231 5037 2341
17547 2 2 1 5 4544 5040 231
17548 2 2 1 5 232 4734 2342
17549 2 2 1 5 1964 234 2346
17550 2 2 1 5 1951 4818 238
17551 2 2 1 5 2364 238 2358
17552 2 2 1 5 238 4818 2358
17553 2 2 1 5 2364 6901 238
17554 2 2 1 5 239 6901 2364
17555 2 2 1 5 240 303 2365
17556 2 2 1 5 2416 303 240
17557 2 2 1 5 240 6018 4121
17558 2 2 1 5 2369 242 301
17559 2 2 1 5 301 242 2413
17560 2 2 1 5 2413 242 2368
17561 2 2 1 5 2369 4355 242
17562 2 2 1 5 2414 243 2369
17563 2 2 1 5 243 4871 2369
17564 2 2 1 5 2361 246 1112
17565 2 2 1 5 246 3971 1112
17566 2 2 1 5 248 2736 247
17567 2 2 1 5 247 2736 2378
17568 2 2 1 5 2378 8355 247
17569 2 2 1 5 247 8355 6710
17570 2 2 1 5 248 703 2736
17571 2 2 1 5 2379 248 1956
17572 2 2 1 5 248 5990 1956
17573 2 2 1 5 1417 249 253
17574 2 2 1 5 2379 249 1417
17575 2 2 1 5 2379 5154 249
17576 2 2 1 5 249 6851 3671
17577 2 2 1 5 250 6441 1412
17578 2 2 1 5 1412 6500 250
17579 2 2 1 5 3671 7771 252
17580 2 2 1 5 253 2349 2348
17581 2 2 1 5 254 3873 1418
17582 2 2 1 5 1418 4673 254
17583 2 2 1 5 256 5973 711
17584 2 2 1 5 711 6399 256
17585 2 2 1 5 1427 4682 263
17586 2 2 1 5 265 3764 264
17587 2 2 1 5 264 6134 265
17588 2 2 1 5 702 7834 265
17589 2 2 1 5 265 7834 3764
17590 2 2 1 5 2392 4223 266
17591 2 2 1 5 267 7285 268
17592 2 2 1 5 267 5838 1432
17593 2 2 1 5 267 5572 4362
17594 2 2 1 5 4362 7285 267
17595 2 2 1 5 271 7912 4963
17596 2 2 1 5 1439 7427 273
17597 2 2 1 5 275 4245 276
17598 2 2 1 5 276 5983 277
17599 2 2 1 5 2748 740 279
17600 2 2 1 5 1444 4249 279
17601 2 2 1 5 280 724 725
17602 2 2 1 5 280 725 2879
17603 2 2 1 5 2879 2399 280
17604 2 2 1 5 2399 4380 280
17605 2 2 1 5 281 4283 743
17606 2 2 1 5 743 6904 281
17607 2 2 1 5 281 5193 4283
17608 2 2 1 5 284 7234 4045
17609 2 2 1 5 285 7124 1976
17610 2 2 1 5 2400 4405 285
17611 2 2 1 5 285 8066 2400
17612 2 2 1 5 3235 8066 285
17613 2 2 1 5 4405 7124 285
17614 2 2 1 5 756 8233 287
17615 2 2 1 5 3256 4703 287
17616 2 2 1 5 289 7425 2402
17617 2 2 1 5 295 2150 1262
17618 2 2 1 5 1264 2150 295
17619 2 2 1 5 296 6230 2018
17620 2 2 1 5 296 5101 3334
17621 2 2 1 5 4076 6230 296
17622 2 2 1 5 296 5120 5101
17623 2 2 1 5 297 6252 2406
17624 2 2 1 5 297 8082 3591
17625 2 2 1 5 1465 1454 298
17626 2 2 1 5 298 5090 3257
17627 2 2 1 5 1422 4980 301
17628 2 2 1 5 303 4957 2415
17629 2 2 1 5 2416 4529 303
17630 2 2 1 5 307 821 2763
17631 2 2 1 5 313 8329 5736
17632 2 2 1 5 316 3959 888
17633 2 2 1 5 1479 3166 316
17634 2 2 1 5 3166 8015 316
17635 2 2 1 5 317 4456 771
17636 2 2 1 5 772 3627 317
17637 2 2 1 5 322 7539 5481
17638 2 2 1 5 322 7803 7114
17639 2 2 1 5 324 4628 323
17640 2 2 1 5 947 2434 327
17641 2 2 1 5 2434 5254 327
17642 2 2 1 5 2435 7944 328
17643 2 2 1 5 418 330 2614
17644 2 2 1 5 1547 5150 330
17645 2 2 1 5 330 5683 1547
17646 2 2 1 5 2439 2459 336
17647 2 2 1 5 2459 2458 336
17648 2 2 1 5 341 3103 1006
17649 2 2 1 5 3070 3103 341
17650 2 2 1 5 346 3638 847
17651 2 2 1 5 1082 350 349
17652 2 2 1 5 350 4350 349
17653 2 2 1 5 349 6302 1082
17654 2 2 1 5 2447 4153 349
17655 2 2 1 5 349 4350 2447
17656 2 2 1 5 1050 350 1082
17657 2 2 1 5 353 5533 1022
17658 2 2 1 5 2448 353 2796
17659 2 2 1 5 402 6975 354
17660 2 2 1 5 355 3809 1592
17661 2 2 1 5 2457 6193 355
17662 2 2 1 5 2452 356 2453
17663 2 2 1 5 356 3487 2453
17664 2 2 1 5 2453 357 2452
17665 2 2 1 5 357 7067 2452
17666 2 2 1 5 358 2441 2457
17667 2 2 1 5 358 5779 2441
17668 2 2 1 5 359 2460 1530
17669 2 2 1 5 360 382 383
17670 2 2 1 5 360 4952 382
17671 2 2 1 5 360 383 1078
17672 2 2 1 5 360 1078 2463
17673 2 2 1 5 7279 8546 362
17674 2 2 1 5 363 6354 6353
17675 2 2 1 5 364 3350 367
17676 2 2 1 5 1144 3385 364
17677 2 2 1 5 364 7439 3350
17678 2 2 1 5 3350 5910 367
17679 2 2 1 5 3358 3689 370
17680 2 2 1 5 371 3861 1154
17681 2 2 1 5 374 3823 1154
17682 2 2 1 5 3198 3823 374
17683 2 2 1 5 456 5353 379
17684 2 2 1 5 2602 6966 379
17685 2 2 1 5 1192 7451 381
17686 2 2 1 5 1198 3887 381
17687 2 2 1 5 383 382 2804
17688 2 2 1 5 382 4102 2804
17689 2 2 1 5 383 3645 384
17690 2 2 1 5 385 386 392
17691 2 2 1 5 1171 386 385
17692 2 2 1 5 393 385 1168
17693 2 2 1 5 1171 385 393
17694 2 2 1 5 392 386 2618
17695 2 2 1 5 2886 388 387
17696 2 2 1 5 387 5237 1657
17697 2 2 1 5 387 4664 2886
17698 2 2 1 5 388 4507 2022
17699 2 2 1 5 5213 5237 388
17700 2 2 1 5 489 5932 389
17701 2 2 1 5 460 394 395
17702 2 2 1 5 395 5612 460
17703 2 2 1 5 1176 6106 396
17704 2 2 1 5 396 6106 2805
17705 2 2 1 5 398 4480 2891
17706 2 2 1 5 398 7735 4480
17707 2 2 1 5 2095 6804 400
17708 2 2 1 5 414 3856 401
17709 2 2 1 5 1068 2608 402
17710 2 2 1 5 404 6255 403
17711 2 2 1 5 403 6255 2889
17712 2 2 1 5 411 1559 1662
17713 2 2 1 5 2047 1559 411
17714 2 2 1 5 1661 2047 411
17715 2 2 1 5 411 5126 3117
17716 2 2 1 5 3119 5126 411
17717 2 2 1 5 3693 8042 411
17718 2 2 1 5 2608 5984 414
17719 2 2 1 5 2613 3856 414
17720 2 2 1 5 415 4776 1046
17721 2 2 1 5 908 1181 419
17722 2 2 1 5 1527 4855 419
17723 2 2 1 5 1049 5328 421
17724 2 2 1 5 425 3546 424
17725 2 2 1 5 424 2061 1015
17726 2 2 1 5 1015 4696 425
17727 2 2 1 5 425 4696 2616
17728 2 2 1 5 3419 3546 425
17729 2 2 1 5 2890 7384 427
17730 2 2 1 5 2071 432 433
17731 2 2 1 5 3719 6241 432
17732 2 2 1 5 432 7787 4725
17733 2 2 1 5 450 7218 4248
17734 2 2 1 5 451 4248 1494
17735 2 2 1 5 451 2016 2015
17736 2 2 1 5 451 8168 4632
17737 2 2 1 5 453 3293 1189
17738 2 2 1 5 453 8308 4028
17739 2 2 1 5 457 4034 454
17740 2 2 1 5 454 4564 458
17741 2 2 1 5 1193 4564 454
17742 2 2 1 5 458 3603 455
17743 2 2 1 5 4029 6428 455
17744 2 2 1 5 1196 3603 458
17745 2 2 1 5 458 4564 1196
17746 2 2 1 5 1200 4346 459
17747 2 2 1 5 459 4346 1655
17748 2 2 1 5 459 1667 2814
17749 2 2 1 5 2102 7964 460
17750 2 2 1 5 483 5536 462
17751 2 2 1 5 463 8438 4583
17752 2 2 1 5 463 6652 6651
17753 2 2 1 5 464 5711 5710
17754 2 2 1 5 465 4575 4376
17755 2 2 1 5 2823 470 469
17756 2 2 1 5 470 4080 1205
17757 2 2 1 5 2823 4080 470
17758 2 2 1 5 476 2899 471
17759 2 2 1 5 474 4331 480
17760 2 2 1 5 1206 4331 474
17761 2 2 1 5 481 7579 5125
17762 2 2 1 5 4471 6622 482
17763 2 2 1 5 484 485 1088
17764 2 2 1 5 486 1088 485
17765 2 2 1 5 498 5640 486
17766 2 2 1 5 1216 1707 487
17767 2 2 1 5 488 6664 1217
17768 2 2 1 5 2624 2630 488
17769 2 2 1 5 782 4180 491
17770 2 2 1 5 1088 1709 492
17771 2 2 1 5 492 7819 1654
17772 2 2 1 5 1709 1710 492
17773 2 2 1 5 494 3642 493
17774 2 2 1 5 1710 3138 493
17775 2 2 1 5 3642 6633 493
17776 2 2 1 5 6633 8498 493
17777 2 2 1 5 496 4622 497
17778 2 2 1 5 496 5793 2627
17779 2 2 1 5 4337 4622 496
17780 2 2 1 5 497 5375 1714
17781 2 2 1 5 1711 499 498
17782 2 2 1 5 1494 4248 505
17783 2 2 1 5 4267 6186 509
17784 2 2 1 5 511 5663 2018
17785 2 2 1 5 2019 4897 511
17786 2 2 1 5 513 3084 512
17787 2 2 1 5 512 3380 2070
17788 2 2 1 5 3075 6172 512
17789 2 2 1 5 2070 6212 513
17790 2 2 1 5 513 6344 3084
17791 2 2 1 5 4499 6344 513
17792 2 2 1 5 531 3271 514
17793 2 2 1 5 515 7919 3383
17794 2 2 1 5 516 4652 517
17795 2 2 1 5 518 517 581
17796 2 2 1 5 518 4567 517
17797 2 2 1 5 518 2649 519
17798 2 2 1 5 581 2649 518
17799 2 2 1 5 2649 1263 519
17800 2 2 1 5 520 3833 1230
17801 2 2 1 5 524 523 2488
17802 2 2 1 5 2488 523 1718
17803 2 2 1 5 525 546 1715
17804 2 2 1 5 1716 546 525
17805 2 2 1 5 526 5735 4718
17806 2 2 1 5 530 3642 2122
17807 2 2 1 5 2122 3766 530
17808 2 2 1 5 3641 3642 530
17809 2 2 1 5 531 6598 1714
17810 2 2 1 5 6058 6738 531
17811 2 2 1 5 1233 2636 532
17812 2 2 1 5 532 2636 2635
17813 2 2 1 5 2635 533 1232
17814 2 2 1 5 2635 2636 533
17815 2 2 1 5 3513 6689 533
17816 2 2 1 5 535 3483 2753
17817 2 2 1 5 535 5144 3483
17818 2 2 1 5 793 7878 539
17819 2 2 1 5 540 6278 752
17820 2 2 1 5 541 7626 4411
17821 2 2 1 5 791 7266 544
17822 2 2 1 5 1716 552 546
17823 2 2 1 5 546 552 2642
17824 2 2 1 5 546 6677 1715
17825 2 2 1 5 546 5079 2640
17826 2 2 1 5 2642 5079 546
17827 2 2 1 5 550 4324 549
17828 2 2 1 5 550 3786 551
17829 2 2 1 5 551 562 1243
17830 2 2 1 5 552 553 2502
17831 2 2 1 5 2503 2502 553
17832 2 2 1 5 2503 553 2643
17833 2 2 1 5 554 1781 555
17834 2 2 1 5 555 4641 554
17835 2 2 1 5 557 1781 554
17836 2 2 1 5 554 8076 557
17837 2 2 1 5 556 2832 558
17838 2 2 1 5 556 2139 2832
17839 2 2 1 5 2489 1781 557
17840 2 2 1 5 558 7668 7667
17841 2 2 1 5 563 3602 559
17842 2 2 1 5 1288 559 1728
17843 2 2 1 5 1243 562 567
17844 2 2 1 5 562 2138 567
17845 2 2 1 5 1250 2138 562
17846 2 2 1 5 3786 7686 562
17847 2 2 1 5 563 4358 564
17848 2 2 1 5 564 5610 563
17849 2 2 1 5 564 4358 1284
17850 2 2 1 5 565 3364 3278
17851 2 2 1 5 584 3364 566
17852 2 2 1 5 566 7251 7249
17853 2 2 1 5 566 7253 7251
17854 2 2 1 5 567 2644 1243
17855 2 2 1 5 2646 1721 570
17856 2 2 1 5 1721 5012 570
17857 2 2 1 5 573 3314 1754
17858 2 2 1 5 2653 3314 573
17859 2 2 1 5 592 576 574
17860 2 2 1 5 576 7540 574
17861 2 2 1 5 575 1283 1097
17862 2 2 1 5 2647 1283 575
17863 2 2 1 5 592 4970 576
17864 2 2 1 5 577 4985 2650
17865 2 2 1 5 578 6251 579
17866 2 2 1 5 629 6251 578
17867 2 2 1 5 578 6413 629
17868 2 2 1 5 630 3813 578
17869 2 2 1 5 2650 6413 578
17870 2 2 1 5 579 6251 3766
17871 2 2 1 5 581 2147 2649
17872 2 2 1 5 3193 7270 582
17873 2 2 1 5 582 7954 4386
17874 2 2 1 5 4352 5500 583
17875 2 2 1 5 585 8290 1764
17876 2 2 1 5 3453 7039 585
17877 2 2 1 5 585 8291 8290
17878 2 2 1 5 1277 6472 588
17879 2 2 1 5 589 4617 633
17880 2 2 1 5 2654 4617 589
17881 2 2 1 5 590 2162 596
17882 2 2 1 5 2659 590 596
17883 2 2 1 5 590 5056 2162
17884 2 2 1 5 1735 7394 591
17885 2 2 1 5 1739 3357 591
17886 2 2 1 5 591 7394 3728
17887 2 2 1 5 1754 3314 592
17888 2 2 1 5 3314 8386 592
17889 2 2 1 5 593 1277 2658
17890 2 2 1 5 593 6472 1277
17891 2 2 1 5 593 5520 2657
17892 2 2 1 5 2658 6898 593
17893 2 2 1 5 633 4617 595
17894 2 2 1 5 599 3209 604
17895 2 2 1 5 1292 6807 599
17896 2 2 1 5 3121 3654 599
17897 2 2 1 5 599 4844 3209
17898 2 2 1 5 1282 7104 601
17899 2 2 1 5 601 3609 2664
17900 2 2 1 5 602 1797 603
17901 2 2 1 5 602 7436 1797
17902 2 2 1 5 604 3209 603
17903 2 2 1 5 3209 4440 603
17904 2 2 1 5 605 607 2666
17905 2 2 1 5 605 8511 607
17906 2 2 1 5 607 3464 606
17907 2 2 1 5 606 5610 2666
17908 2 2 1 5 2830 3464 607
17909 2 2 1 5 609 5141 636
17910 2 2 1 5 1294 4399 609
17911 2 2 1 5 609 4399 2682
17912 2 2 1 5 4502 5141 609
17913 2 2 1 5 612 4414 611
17914 2 2 1 5 1297 6065 612
17915 2 2 1 5 616 3582 2845
17916 2 2 1 5 616 6477 3072
17917 2 2 1 5 5732 6477 616
17918 2 2 1 5 620 8137 621
17919 2 2 1 5 622 6942 623
17920 2 2 1 5 1335 4073 622
17921 2 2 1 5 622 5428 2699
17922 2 2 1 5 623 7338 1335
17923 2 2 1 5 623 4059 2195
17924 2 2 1 5 623 6942 4059
17925 2 2 1 5 2676 2847 625
17926 2 2 1 5 626 4394 2197
17927 2 2 1 5 630 631 2828
17928 2 2 1 5 2828 3813 630
17929 2 2 1 5 1258 5015 631
17930 2 2 1 5 633 8358 3724
17931 2 2 1 5 635 5318 3535
17932 2 2 1 5 635 7867 4504
17933 2 2 1 5 636 3535 1294
17934 2 2 1 5 636 5141 4503
17935 2 2 1 5 638 2683 663
17936 2 2 1 5 640 7054 2703
17937 2 2 1 5 641 3128 642
17938 2 2 1 5 641 6843 3881
17939 2 2 1 5 641 7284 6843
17940 2 2 1 5 643 2686 2551
17941 2 2 1 5 643 4937 2686
17942 2 2 1 5 644 2848 645
17943 2 2 1 5 1827 6950 644
17944 2 2 1 5 644 6950 4011
17945 2 2 1 5 2848 5888 645
17946 2 2 1 5 646 2525 2524
17947 2 2 1 5 646 2688 2849
17948 2 2 1 5 647 2222 2221
17949 2 2 1 5 647 4789 3476
17950 2 2 1 5 3774 6122 649
17951 2 2 1 5 651 5629 3788
17952 2 2 1 5 2692 2257 652
17953 2 2 1 5 2693 4473 652
17954 2 2 1 5 2254 6457 654
17955 2 2 1 5 654 4976 2694
17956 2 2 1 5 655 4173 657
17957 2 2 1 5 655 4600 3159
17958 2 2 1 5 656 7126 5967
17959 2 2 1 5 1325 7552 657
17960 2 2 1 5 4173 6269 657
17961 2 2 1 5 658 4328 1848
17962 2 2 1 5 1848 5774 658
17963 2 2 1 5 1849 6619 658
17964 2 2 1 5 658 3795 2695
17965 2 2 1 5 660 661 1119
17966 2 2 1 5 3500 5774 660
17967 2 2 1 5 1329 4090 662
17968 2 2 1 5 665 4434 2700
17969 2 2 1 5 2725 1336 666
17970 2 2 1 5 666 5250 1918
17971 2 2 1 5 668 1341 667
17972 2 2 1 5 667 4258 668
17973 2 2 1 5 1341 1340 667
17974 2 2 1 5 1340 4901 667
17975 2 2 1 5 668 5778 1345
17976 2 2 1 5 669 3607 2277
17977 2 2 1 5 669 6535 3607
17978 2 2 1 5 2704 3816 671
17979 2 2 1 5 671 7881 2704
17980 2 2 1 5 3732 7881 671
17981 2 2 1 5 672 3952 1941
17982 2 2 1 5 1941 7613 673
17983 2 2 1 5 3600 8370 673
17984 2 2 1 5 674 675 2710
17985 2 2 1 5 2710 3964 674
17986 2 2 1 5 674 5919 4259
17987 2 2 1 5 4259 8205 674
17988 2 2 1 5 675 4382 2710
17989 2 2 1 5 677 5638 1357
17990 2 2 1 5 1906 678 2711
17991 2 2 1 5 678 4874 2711
17992 2 2 1 5 1359 5060 680
17993 2 2 1 5 1934 7353 682
17994 2 2 1 5 683 4866 684
17995 2 2 1 5 684 4866 695
17996 2 2 1 5 685 4749 2862
17997 2 2 1 5 687 4772 2719
17998 2 2 1 5 687 6508 4772
17999 2 2 1 5 2722 1898 688
18000 2 2 1 5 4458 6944 690
18001 2 2 1 5 2847 7419 693
18002 2 2 1 5 693 7419 4815
18003 2 2 1 5 697 6499 696
18004 2 2 1 5 697 3691 1910
18005 2 2 1 5 699 8531 698
18006 2 2 1 5 4055 4301 698
18007 2 2 1 5 7980 8328 698
18008 2 2 1 5 3611 4860 699
18009 2 2 1 5 1386 4398 701
18010 2 2 1 5 702 8562 1428
18011 2 2 1 5 702 5830 3264
18012 2 2 1 5 2348 7678 703
18013 2 2 1 5 703 6485 2736
18014 2 2 1 5 4635 6485 703
18015 2 2 1 5 707 1396 704
18016 2 2 1 5 708 4552 707
18017 2 2 1 5 708 7618 7387
18018 2 2 1 5 709 7671 1968
18019 2 2 1 5 2739 8041 709
18020 2 2 1 5 709 8041 3579
18021 2 2 1 5 710 6949 4442
18022 2 2 1 5 1419 4668 711
18023 2 2 1 5 711 5047 1419
18024 2 2 1 5 715 6539 714
18025 2 2 1 5 3688 6539 715
18026 2 2 1 5 2389 717 2742
18027 2 2 1 5 1969 719 1968
18028 2 2 1 5 3579 7473 720
18029 2 2 1 5 1435 5281 722
18030 2 2 1 5 1437 723 726
18031 2 2 1 5 724 1987 725
18032 2 2 1 5 726 7241 725
18033 2 2 1 5 725 7241 2879
18034 2 2 1 5 726 8285 1437
18035 2 2 1 5 5215 8285 726
18036 2 2 1 5 728 754 727
18037 2 2 1 5 771 4456 730
18038 2 2 1 5 732 5232 2007
18039 2 2 1 5 2748 7449 740
18040 2 2 1 5 753 6904 743
18041 2 2 1 5 2750 7636 744
18042 2 2 1 5 745 5327 746
18043 2 2 1 5 769 5327 745
18044 2 2 1 5 755 1491 2401
18045 2 2 1 5 2425 1491 755
18046 2 2 1 5 757 4569 756
18047 2 2 1 5 846 758 757
18048 2 2 1 5 758 1505 757
18049 2 2 1 5 2767 4569 757
18050 2 2 1 5 758 4478 1505
18051 2 2 1 5 758 6873 3499
18052 2 2 1 5 759 6057 760
18053 2 2 1 5 759 3499 886
18054 2 2 1 5 3262 6243 759
18055 2 2 1 5 3894 6057 759
18056 2 2 1 5 760 3129 1540
18057 2 2 1 5 760 6057 4240
18058 2 2 1 5 761 3397 841
18059 2 2 1 5 766 3631 765
18060 2 2 1 5 766 4491 767
18061 2 2 1 5 767 1453 2977
18062 2 2 1 5 768 4423 2873
18063 2 2 1 5 4087 5327 769
18064 2 2 1 5 771 4906 772
18065 2 2 1 5 3346 4906 771
18066 2 2 1 5 774 2005 773
18067 2 2 1 5 774 5627 775
18068 2 2 1 5 775 5627 854
18069 2 2 1 5 777 4062 1456
18070 2 2 1 5 1456 4251 777
18071 2 2 1 5 777 4842 4062
18072 2 2 1 5 778 8362 779
18073 2 2 1 5 779 8478 778
18074 2 2 1 5 1978 8361 778
18075 2 2 1 5 1457 4483 779
18076 2 2 1 5 783 900 784
18077 2 2 1 5 784 4392 783
18078 2 2 1 5 783 4392 1232
18079 2 2 1 5 900 5019 784
18080 2 2 1 5 1260 3637 784
18081 2 2 1 5 3637 8294 784
18082 2 2 1 5 1113 4083 785
18083 2 2 1 5 2405 787 2407
18084 2 2 1 5 2405 4982 787
18085 2 2 1 5 2753 3830 788
18086 2 2 1 5 4786 5120 788
18087 2 2 1 5 790 7407 791
18088 2 2 1 5 4204 7266 791
18089 2 2 1 5 791 7407 4204
18090 2 2 1 5 794 1465 1466
18091 2 2 1 5 2408 794 2409
18092 2 2 1 5 2408 2754 794
18093 2 2 1 5 800 4489 2770
18094 2 2 1 5 813 5372 802
18095 2 2 1 5 802 5372 2758
18096 2 2 1 5 2419 1485 803
18097 2 2 1 5 1485 7665 803
18098 2 2 1 5 2802 6085 806
18099 2 2 1 5 815 5411 1496
18100 2 2 1 5 817 6211 6210
18101 2 2 1 5 1474 2029 822
18102 2 2 1 5 968 824 825
18103 2 2 1 5 824 3634 1538
18104 2 2 1 5 3301 7404 825
18105 2 2 1 5 826 6800 827
18106 2 2 1 5 827 6800 5751
18107 2 2 1 5 971 2033 829
18108 2 2 1 5 2033 2032 829
18109 2 2 1 5 1536 979 830
18110 2 2 1 5 979 5900 830
18111 2 2 1 5 831 5900 874
18112 2 2 1 5 1541 4496 833
18113 2 2 1 5 888 1506 835
18114 2 2 1 5 842 5864 836
18115 2 2 1 5 838 2766 975
18116 2 2 1 5 976 1477 838
18117 2 2 1 5 839 5346 840
18118 2 2 1 5 975 2766 839
18119 2 2 1 5 3129 5346 839
18120 2 2 1 5 3397 5846 841
18121 2 2 1 5 3577 5864 843
18122 2 2 1 5 843 7544 7543
18123 2 2 1 5 844 1993 1480
18124 2 2 1 5 844 4066 2881
18125 2 2 1 5 848 5648 849
18126 2 2 1 5 3365 5648 848
18127 2 2 1 5 849 5648 889
18128 2 2 1 5 850 6455 3626
18129 2 2 1 5 3850 7991 851
18130 2 2 1 5 3400 4238 852
18131 2 2 1 5 853 3400 1994
18132 2 2 1 5 895 860 861
18133 2 2 1 5 895 2016 860
18134 2 2 1 5 873 4637 872
18135 2 2 1 5 1040 6361 873
18136 2 2 1 5 940 4606 882
18137 2 2 1 5 882 4606 2772
18138 2 2 1 5 2772 8107 882
18139 2 2 1 5 1504 2427 887
18140 2 2 1 5 2428 1504 887
18141 2 2 1 5 3638 5657 887
18142 2 2 1 5 888 3903 1506
18143 2 2 1 5 888 6296 3903
18144 2 2 1 5 1487 889 1994
18145 2 2 1 5 890 7804 1508
18146 2 2 1 5 890 4697 2792
18147 2 2 1 5 2792 7804 890
18148 2 2 1 5 895 3740 2016
18149 2 2 1 5 908 6713 1181
18150 2 2 1 5 1586 5055 919
18151 2 2 1 5 921 2037 922
18152 2 2 1 5 921 3664 2037
18153 2 2 1 5 922 5782 923
18154 2 2 1 5 923 5782 4417
18155 2 2 1 5 1075 5585 925
18156 2 2 1 5 4183 7656 925
18157 2 2 1 5 927 5049 2777
18158 2 2 1 5 3966 5049 927
18159 2 2 1 5 1530 4063 937
18160 2 2 1 5 939 4637 940
18161 2 2 1 5 1041 4637 939
18162 2 2 1 5 984 942 983
18163 2 2 1 5 984 1475 942
18164 2 2 1 5 943 6534 1545
18165 2 2 1 5 952 1534 949
18166 2 2 1 5 1534 4284 949
18167 2 2 1 5 953 1532 2781
18168 2 2 1 5 955 1501 2793
18169 2 2 1 5 961 7944 968
18170 2 2 1 5 971 5752 2033
18171 2 2 1 5 3650 6225 972
18172 2 2 1 5 2033 979 2032
18173 2 2 1 5 2033 2975 979
18174 2 2 1 5 1544 4349 981
18175 2 2 1 5 1528 5044 986
18176 2 2 1 5 994 995 1071
18177 2 2 1 5 995 5797 1071
18178 2 2 1 5 998 7779 997
18179 2 2 1 5 998 5543 4895
18180 2 2 1 5 3242 5136 1002
18181 2 2 1 5 1003 7592 1004
18182 2 2 1 5 1004 7799 1003
18183 2 2 1 5 3053 3070 1003
18184 2 2 1 5 3310 7592 1003
18185 2 2 1 5 5920 7800 1004
18186 2 2 1 5 1006 8225 1005
18187 2 2 1 5 1005 4174 3310
18188 2 2 1 5 1006 5334 4319
18189 2 2 1 5 1558 4356 1007
18190 2 2 1 5 3991 5622 1007
18191 2 2 1 5 2041 3428 1008
18192 2 2 1 5 3428 5431 1008
18193 2 2 1 5 1013 5996 2048
18194 2 2 1 5 1016 1017 1085
18195 2 2 1 5 1016 8197 1017
18196 2 2 1 5 1085 8404 1016
18197 2 2 1 5 2787 3862 1016
18198 2 2 1 5 1017 4667 1085
18199 2 2 1 5 1017 8197 3831
18200 2 2 1 5 2790 3194 1018
18201 2 2 1 5 1018 6954 2790
18202 2 2 1 5 1021 4148 1022
18203 2 2 1 5 1022 7669 1021
18204 2 2 1 5 1022 4533 1066
18205 2 2 1 5 1022 6837 4533
18206 2 2 1 5 4790 7669 1022
18207 2 2 1 5 1023 5533 3584
18208 2 2 1 5 1028 8044 1036
18209 2 2 1 5 3143 5200 1030
18210 2 2 1 5 1587 1032 1031
18211 2 2 1 5 1032 3079 1031
18212 2 2 1 5 1587 5664 1032
18213 2 2 1 5 1032 4092 3079
18214 2 2 1 5 1034 4669 1033
18215 2 2 1 5 1579 3410 1033
18216 2 2 1 5 1034 5839 4669
18217 2 2 1 5 1040 5493 1532
18218 2 2 1 5 2791 1042 1470
18219 2 2 1 5 1042 4848 1470
18220 2 2 1 5 1042 7296 3771
18221 2 2 1 5 1046 4776 1047
18222 2 2 1 5 1048 4872 1603
18223 2 2 1 5 1064 3073 1063
18224 2 2 1 5 3783 6679 1063
18225 2 2 1 5 2807 5274 1064
18226 2 2 1 5 1064 5413 3073
18227 2 2 1 5 3932 5413 1064
18228 2 2 1 5 2448 2796 1065
18229 2 2 1 5 1065 3410 2448
18230 2 2 1 5 5339 5340 1070
18231 2 2 1 5 1072 1084 1591
18232 2 2 1 5 2064 1084 1072
18233 2 2 1 5 1074 5665 1073
18234 2 2 1 5 1073 5665 2051
18235 2 2 1 5 3487 5665 1074
18236 2 2 1 5 1084 3684 1591
18237 2 2 1 5 1085 4667 2807
18238 2 2 1 5 1678 1089 2817
18239 2 2 1 5 1089 5689 2817
18240 2 2 1 5 1681 4865 1090
18241 2 2 1 5 1093 3934 1740
18242 2 2 1 5 1093 3728 2835
18243 2 2 1 5 1094 4975 2836
18244 2 2 1 5 1753 4691 1095
18245 2 2 1 5 1099 4586 1796
18246 2 2 1 5 1099 8056 4219
18247 2 2 1 5 1100 5117 3723
18248 2 2 1 5 1864 5630 1101
18249 2 2 1 5 1101 5625 2856
18250 2 2 1 5 3940 6577 1103
18251 2 2 1 5 1107 5214 1639
18252 2 2 1 5 2319 4332 1109
18253 2 2 1 5 4332 7388 1109
18254 2 2 1 5 2339 1388 1111
18255 2 2 1 5 1111 4335 2339
18256 2 2 1 5 1112 3824 2361
18257 2 2 1 5 1112 7275 3824
18258 2 2 1 5 3971 5790 1112
18259 2 2 1 5 5790 7091 1112
18260 2 2 1 5 1113 4175 1517
18261 2 2 1 5 1113 4897 2019
18262 2 2 1 5 1113 6824 4175
18263 2 2 1 5 1617 1114 2468
18264 2 2 1 5 1116 2218 2918
18265 2 2 1 5 1117 8336 5248
18266 2 2 1 5 1374 5245 1120
18267 2 2 1 5 1124 3862 3020
18268 2 2 1 5 1609 3455 1128
18269 2 2 1 5 1128 5597 3028
18270 2 2 1 5 3455 5597 1128
18271 2 2 1 5 4819 6239 1130
18272 2 2 1 5 1606 7151 1132
18273 2 2 1 5 1132 7151 3231
18274 2 2 1 5 6396 6970 1134
18275 2 2 1 5 1138 7767 4125
18276 2 2 1 5 1163 8583 5484
18277 2 2 1 5 1165 5127 2086
18278 2 2 1 5 1175 1653 2093
18279 2 2 1 5 2093 7468 1175
18280 2 2 1 5 1182 4418 1569
18281 2 2 1 5 1182 5695 5694
18282 2 2 1 5 1183 2060 2615
18283 2 2 1 5 3155 7024 1184
18284 2 2 1 5 1616 1615 1191
18285 2 2 1 5 1615 7132 1191
18286 2 2 1 5 4968 5885 1191
18287 2 2 1 5 2088 3887 1198
18288 2 2 1 5 1206 6415 4331
18289 2 2 1 5 1207 4469 1672
18290 2 2 1 5 1208 6454 1689
18291 2 2 1 5 1689 6798 1208
18292 2 2 1 5 1212 7548 2821
18293 2 2 1 5 1213 4723 3563
18294 2 2 1 5 1218 3360 2111
18295 2 2 1 5 1218 4830 3360
18296 2 2 1 5 3833 6627 1230
18297 2 2 1 5 3780 6492 1231
18298 2 2 1 5 2111 1233 1713
18299 2 2 1 5 2111 3360 1233
18300 2 2 1 5 2770 4489 1236
18301 2 2 1 5 1244 2896 1239
18302 2 2 1 5 1239 2896 2897
18303 2 2 1 5 1239 6492 3780
18304 2 2 1 5 2131 5201 1244
18305 2 2 1 5 1248 5532 1249
18306 2 2 1 5 1250 8364 2138
18307 2 2 1 5 1250 6657 6048
18308 2 2 1 5 1254 2503 2141
18309 2 2 1 5 2663 5279 1257
18310 2 2 1 5 1257 5279 3180
18311 2 2 1 5 1258 6967 2143
18312 2 2 1 5 2649 2147 1259
18313 2 2 1 5 1262 7377 2404
18314 2 2 1 5 2752 3791 1264
18315 2 2 1 5 1265 3275 2137
18316 2 2 1 5 1265 3572 3275
18317 2 2 1 5 1266 2153 2155
18318 2 2 1 5 2133 2157 1268
18319 2 2 1 5 1268 5236 3259
18320 2 2 1 5 3259 5354 1268
18321 2 2 1 5 2490 3278 1269
18322 2 2 1 5 3278 3364 1269
18323 2 2 1 5 1270 4890 2158
18324 2 2 1 5 1270 6641 3852
18325 2 2 1 5 2167 2656 1276
18326 2 2 1 5 2656 3357 1276
18327 2 2 1 5 2660 4327 1278
18328 2 2 1 5 4327 6259 1278
18329 2 2 1 5 1281 4691 1753
18330 2 2 1 5 1281 2520 2170
18331 2 2 1 5 2647 5817 1283
18332 2 2 1 5 2176 1722 1286
18333 2 2 1 5 1724 6868 1287
18334 2 2 1 5 1287 3572 2151
18335 2 2 1 5 1287 6868 3572
18336 2 2 1 5 1289 5210 2231
18337 2 2 1 5 2186 2189 1295
18338 2 2 1 5 1297 7220 2498
18339 2 2 1 5 2568 6080 1298
18340 2 2 1 5 2166 7027 1299
18341 2 2 1 5 4345 5552 1305
18342 2 2 1 5 3210 4630 1315
18343 2 2 1 5 1317 2241 2960
18344 2 2 1 5 1318 5253 4967
18345 2 2 1 5 1319 1839 2249
18346 2 2 1 5 2249 4257 1319
18347 2 2 1 5 2297 2252 1320
18348 2 2 1 5 2252 7466 1320
18349 2 2 1 5 1320 7466 7089
18350 2 2 1 5 2852 4846 1323
18351 2 2 1 5 1326 6407 2257
18352 2 2 1 5 1871 4666 1332
18353 2 2 1 5 1332 4666 2266
18354 2 2 1 5 1332 7306 2540
18355 2 2 1 5 2267 4853 1334
18356 2 2 1 5 2725 5114 1336
18357 2 2 1 5 1345 5778 2277
18358 2 2 1 5 2277 6363 1345
18359 2 2 1 5 3356 5634 1346
18360 2 2 1 5 2282 1347 1890
18361 2 2 1 5 1347 3871 2940
18362 2 2 1 5 1347 5653 3871
18363 2 2 1 5 1352 2298 2295
18364 2 2 1 5 5050 8034 1352
18365 2 2 1 5 1940 3373 1360
18366 2 2 1 5 2305 1361 1917
18367 2 2 1 5 2305 2716 1361
18368 2 2 1 5 2716 2715 1361
18369 2 2 1 5 1805 4115 1363
18370 2 2 1 5 2726 1363 1806
18371 2 2 1 5 2193 4243 1364
18372 2 2 1 5 1364 4243 2727
18373 2 2 1 5 2361 3824 1367
18374 2 2 1 5 4276 6940 1367
18375 2 2 1 5 1369 7613 3951
18376 2 2 1 5 1372 5130 2315
18377 2 2 1 5 4653 4908 1372
18378 2 2 1 5 1373 2354 1394
18379 2 2 1 5 1374 2930 2321
18380 2 2 1 5 1967 1965 1381
18381 2 2 1 5 2334 8138 1381
18382 2 2 1 5 1385 8253 4461
18383 2 2 1 5 1388 1931 2867
18384 2 2 1 5 2340 1389 1433
18385 2 2 1 5 2342 4439 1390
18386 2 2 1 5 2347 4857 1392
18387 2 2 1 5 1395 4409 2871
18388 2 2 1 5 2359 3212 1399
18389 2 2 1 5 3212 7776 1399
18390 2 2 1 5 4977 6882 1403
18391 2 2 1 5 1404 4285 2370
18392 2 2 1 5 2372 7309 1404
18393 2 2 1 5 2374 1407 2383
18394 2 2 1 5 2735 5259 1409
18395 2 2 1 5 6574 7245 1415
18396 2 2 1 5 1418 3873 2380
18397 2 2 1 5 2380 4672 1418
18398 2 2 1 5 2988 2989 1419
18399 2 2 1 5 1419 5047 2988
18400 2 2 1 5 2989 4668 1419
18401 2 2 1 5 1420 4864 4768
18402 2 2 1 5 1422 7274 5324
18403 2 2 1 5 3954 4216 1425
18404 2 2 1 5 4526 7508 1425
18405 2 2 1 5 4768 4864 1426
18406 2 2 1 5 2987 1429 2391
18407 2 2 1 5 2987 6150 1429
18408 2 2 1 5 2395 2340 1433
18409 2 2 1 5 1435 8603 2412
18410 2 2 1 5 1986 1438 2399
18411 2 2 1 5 2747 3794 1443
18412 2 2 1 5 1445 6588 6587
18413 2 2 1 5 2411 4763 1446
18414 2 2 1 5 1448 5849 3434
18415 2 2 1 5 4217 6227 1449
18416 2 2 1 5 1451 5499 3235
18417 2 2 1 5 2402 6463 1454
18418 2 2 1 5 1459 4511 2405
18419 2 2 1 5 1459 7996 4511
18420 2 2 1 5 2408 1462 2754
18421 2 2 1 5 2418 1463 2718
18422 2 2 1 5 1472 4528 2419
18423 2 2 1 5 2972 2029 1474
18424 2 2 1 5 2981 1478 2421
18425 2 2 1 5 1478 5868 2421
18426 2 2 1 5 4729 5868 1478
18427 2 2 1 5 1479 5761 3577
18428 2 2 1 5 1481 4017 1482
18429 2 2 1 5 1482 6154 1481
18430 2 2 1 5 3321 6154 1482
18431 2 2 1 5 4017 8244 1482
18432 2 2 1 5 1482 8244 4738
18433 2 2 1 5 1483 4167 1484
18434 2 2 1 5 4735 7499 1483
18435 2 2 1 5 4082 6228 1484
18436 2 2 1 5 1500 4496 1541
18437 2 2 1 5 2978 4496 1500
18438 2 2 1 5 2773 4123 1503
18439 2 2 1 5 1503 6854 2773
18440 2 2 1 5 5808 6854 1503
18441 2 2 1 5 2591 6035 1507
18442 2 2 1 5 1507 6035 4046
18443 2 2 1 5 1509 6412 5699
18444 2 2 1 5 1525 5527 2025
18445 2 2 1 5 2025 6306 1525
18446 2 2 1 5 2883 4459 1529
18447 2 2 1 5 2460 4063 1530
18448 2 2 1 5 2781 1532 2433
18449 2 2 1 5 1535 6199 2781
18450 2 2 1 5 1535 6085 2802
18451 2 2 1 5 3941 6199 1535
18452 2 2 1 5 1538 3634 2973
18453 2 2 1 5 3556 4406 1542
18454 2 2 1 5 2780 1545 2028
18455 2 2 1 5 1547 4069 2024
18456 2 2 1 5 1547 5683 4069
18457 2 2 1 5 2967 5870 1553
18458 2 2 1 5 1554 6857 3540
18459 2 2 1 5 1555 3829 2442
18460 2 2 1 5 1556 7417 6264
18461 2 2 1 5 3718 8226 1557
18462 2 2 1 5 1557 5781 4313
18463 2 2 1 5 1558 5622 2441
18464 2 2 1 5 2049 4265 1560
18465 2 2 1 5 1561 5531 3085
18466 2 2 1 5 1563 6193 2457
18467 2 2 1 5 1569 4418 2048
18468 2 2 1 5 2048 5379 1569
18469 2 2 1 5 1569 5379 2447
18470 2 2 1 5 1577 6004 1604
18471 2 2 1 5 1579 3827 2448
18472 2 2 1 5 2790 3827 1579
18473 2 2 1 5 3014 2798 1581
18474 2 2 1 5 2452 5616 1585
18475 2 2 1 5 1592 3809 2454
18476 2 2 1 5 1593 7677 5314
18477 2 2 1 5 1601 6460 4241
18478 2 2 1 5 4033 5328 1603
18479 2 2 1 5 2467 4107 1605
18480 2 2 1 5 1605 4107 3025
18481 2 2 1 5 2467 5821 1606
18482 2 2 1 5 1609 6131 3455
18483 2 2 1 5 1615 7130 6576
18484 2 2 1 5 2910 4013 1619
18485 2 2 1 5 1621 4093 1620
18486 2 2 1 5 1620 4791 3706
18487 2 2 1 5 2808 7314 1623
18488 2 2 1 5 1628 3914 2100
18489 2 2 1 5 2471 3914 1628
18490 2 2 1 5 1628 6177 4272
18491 2 2 1 5 1632 4172 2473
18492 2 2 1 5 1638 6000 3341
18493 2 2 1 5 1644 4914 1645
18494 2 2 1 5 1646 4389 1647
18495 2 2 1 5 1646 7557 4389
18496 2 2 1 5 1676 4891 1647
18497 2 2 1 5 4389 8541 1647
18498 2 2 1 5 1651 6070 1650
18499 2 2 1 5 1653 4867 2093
18500 2 2 1 5 1660 3486 1659
18501 2 2 1 5 1659 3737 3090
18502 2 2 1 5 1660 4954 2610
18503 2 2 1 5 3016 2047 1661
18504 2 2 1 5 3329 5923 1661
18505 2 2 1 5 1662 5087 3693
18506 2 2 1 5 1665 6804 2095
18507 2 2 1 5 1667 5261 4168
18508 2 2 1 5 1668 4651 1688
18509 2 2 1 5 1668 8576 2816
18510 2 2 1 5 1670 6045 2902
18511 2 2 1 5 2816 1671 1690
18512 2 2 1 5 2480 1671 2816
18513 2 2 1 5 1673 4914 2482
18514 2 2 1 5 1673 5606 4914
18515 2 2 1 5 1679 4643 1678
18516 2 2 1 5 2819 4753 1681
18517 2 2 1 5 1687 2486 1685
18518 2 2 1 5 2816 1690 1691
18519 2 2 1 5 3187 5711 1699
18520 2 2 1 5 2821 4291 1700
18521 2 2 1 5 2822 4302 1701
18522 2 2 1 5 2825 4097 1704
18523 2 2 1 5 4097 4475 1704
18524 2 2 1 5 2826 6356 1709
18525 2 2 1 5 1709 6356 3333
18526 2 2 1 5 1710 3333 3138
18527 2 2 1 5 3566 5607 1713
18528 2 2 1 5 3960 5793 1714
18529 2 2 1 5 1720 2504 2489
18530 2 2 1 5 1720 3763 2504
18531 2 2 1 5 1720 6246 3763
18532 2 2 1 5 2829 1722 2176
18533 2 2 1 5 2134 3502 1726
18534 2 2 1 5 3502 8130 1726
18535 2 2 1 5 1727 4677 3848
18536 2 2 1 5 1728 6626 5721
18537 2 2 1 5 1729 5848 2666
18538 2 2 1 5 3597 6618 1729
18539 2 2 1 5 4165 5848 1729
18540 2 2 1 5 1730 4530 2491
18541 2 2 1 5 1731 2138 2831
18542 2 2 1 5 2832 2139 1732
18543 2 2 1 5 3620 4655 1733
18544 2 2 1 5 1733 5853 5852
18545 2 2 1 5 1734 7873 1737
18546 2 2 1 5 5852 7873 1734
18547 2 2 1 5 1737 7873 5851
18548 2 2 1 5 2671 5397 1746
18549 2 2 1 5 1746 5397 4402
18550 2 2 1 5 2650 6795 1749
18551 2 2 1 5 2657 5520 1752
18552 2 2 1 5 1752 6061 2657
18553 2 2 1 5 6060 6061 1752
18554 2 2 1 5 1755 6061 6060
18555 2 2 1 5 2497 4005 1766
18556 2 2 1 5 3841 5777 1766
18557 2 2 1 5 4005 5604 1766
18558 2 2 1 5 2840 6579 1768
18559 2 2 1 5 3123 4616 1770
18560 2 2 1 5 4414 8584 1771
18561 2 2 1 5 3787 7041 1780
18562 2 2 1 5 2489 2504 1781
18563 2 2 1 5 1816 1784 2515
18564 2 2 1 5 2506 4348 1784
18565 2 2 1 5 4348 7773 1784
18566 2 2 1 5 1821 5117 1786
18567 2 2 1 5 2507 4612 1787
18568 2 2 1 5 1787 4612 3592
18569 2 2 1 5 3592 5364 1787
18570 2 2 1 5 1787 7895 4619
18571 2 2 1 5 4619 8540 1787
18572 2 2 1 5 1788 2197 2507
18573 2 2 1 5 1788 8539 6782
18574 2 2 1 5 1789 3475 1820
18575 2 2 1 5 1789 6957 6476
18576 2 2 1 5 5783 7265 1791
18577 2 2 1 5 1800 5076 2508
18578 2 2 1 5 5210 5860 1801
18579 2 2 1 5 1802 8200 2509
18580 2 2 1 5 2187 5342 1803
18581 2 2 1 5 1803 5478 2187
18582 2 2 1 5 2729 4115 1805
18583 2 2 1 5 1807 2200 2201
18584 2 2 1 5 2201 6140 1807
18585 2 2 1 5 1809 1872 2512
18586 2 2 1 5 2515 6090 1817
18587 2 2 1 5 2678 1817 2677
18588 2 2 1 5 1817 6090 2677
18589 2 2 1 5 1820 4521 1822
18590 2 2 1 5 1821 7516 5537
18591 2 2 1 5 1822 4778 2668
18592 2 2 1 5 2205 4754 1825
18593 2 2 1 5 1829 8382 8381
18594 2 2 1 5 1830 6623 2917
18595 2 2 1 5 1836 7610 1838
18596 2 2 1 5 1836 6198 4894
18597 2 2 1 5 4962 7610 1836
18598 2 2 1 5 2526 1837 2954
18599 2 2 1 5 1838 5707 2527
18600 2 2 1 5 3678 5707 1838
18601 2 2 1 5 1838 7610 3678
18602 2 2 1 5 2249 1839 2528
18603 2 2 1 5 1839 5147 2528
18604 2 2 1 5 1844 7315 5649
18605 2 2 1 5 2853 4603 1847
18606 2 2 1 5 2962 8274 1850
18607 2 2 1 5 1855 6295 4135
18608 2 2 1 5 4052 7692 1857
18609 2 2 1 5 1861 3825 2537
18610 2 2 1 5 2532 5974 1863
18611 2 2 1 5 7362 7841 1863
18612 2 2 1 5 1869 4937 2539
18613 2 2 1 5 1873 7949 4370
18614 2 2 1 5 1873 8277 5080
18615 2 2 1 5 2542 1879 1875
18616 2 2 1 5 2300 1876 2543
18617 2 2 1 5 2300 6438 1876
18618 2 2 1 5 2542 2545 1879
18619 2 2 1 5 2550 7816 1887
18620 2 2 1 5 2553 2282 1890
18621 2 2 1 5 2308 2309 1891
18622 2 2 1 5 2556 2555 1893
18623 2 2 1 5 2559 2276 1895
18624 2 2 1 5 2723 8389 1902
18625 2 2 1 5 2565 3630 1904
18626 2 2 1 5 1904 3630 2703
18627 2 2 1 5 1947 4472 1905
18628 2 2 1 5 4472 7664 1905
18629 2 2 1 5 1906 8050 4918
18630 2 2 1 5 5170 8050 1906
18631 2 2 1 5 1907 4481 2859
18632 2 2 1 5 3871 5653 1911
18633 2 2 1 5 2940 3871 1912
18634 2 2 1 5 1914 4926 2568
18635 2 2 1 5 1914 6077 4926
18636 2 2 1 5 2578 3167 1915
18637 2 2 1 5 2287 1916 2288
18638 2 2 1 5 1916 5951 2288
18639 2 2 1 5 1917 7073 3699
18640 2 2 1 5 3699 8052 1917
18641 2 2 1 5 2570 5502 1918
18642 2 2 1 5 1919 8568 2570
18643 2 2 1 5 1920 7403 2863
18644 2 2 1 5 4295 7403 1920
18645 2 2 1 5 1924 7154 1923
18646 2 2 1 5 2571 3099 1923
18647 2 2 1 5 1923 3965 2571
18648 2 2 1 5 3099 4888 1923
18649 2 2 1 5 4888 7558 1923
18650 2 2 1 5 4908 8417 1927
18651 2 2 1 5 1928 2932 2572
18652 2 2 1 5 4629 7080 1929
18653 2 2 1 5 1930 6505 2319
18654 2 2 1 5 2715 4783 1932
18655 2 2 1 5 1936 4124 2576
18656 2 2 1 5 1936 6586 4124
18657 2 2 1 5 1938 3703 2577
18658 2 2 1 5 2577 4007 1938
18659 2 2 1 5 2717 3703 1938
18660 2 2 1 5 1938 4007 2718
18661 2 2 1 5 2579 3373 1940
18662 2 2 1 5 2718 4326 1940
18663 2 2 1 5 3952 7612 1941
18664 2 2 1 5 3958 5745 1942
18665 2 2 1 5 1942 5421 4333
18666 2 2 1 5 1943 1945 2580
18667 2 2 1 5 1943 2721 1945
18668 2 2 1 5 2720 2721 1943
18669 2 2 1 5 1944 2580 2581
18670 2 2 1 5 2581 5972 1946
18671 2 2 1 5 1947 5183 1950
18672 2 2 1 5 1949 7535 2583
18673 2 2 1 5 1959 2585 2588
18674 2 2 1 5 1966 4656 1967
18675 2 2 1 5 1970 5582 1971
18676 2 2 1 5 1973 3734 1972
18677 2 2 1 5 1973 7983 3734
18678 2 2 1 5 1982 8600 2876
18679 2 2 1 5 6571 8600 1982
18680 2 2 1 5 2879 1986 2399
18681 2 2 1 5 1990 3794 2747
18682 2 2 1 5 1996 6184 4459
18683 2 2 1 5 2003 5621 3326
18684 2 2 1 5 2768 5595 2004
18685 2 2 1 5 3740 5062 2015
18686 2 2 1 5 2017 3450 2404
18687 2 2 1 5 4083 4928 2017
18688 2 2 1 5 2098 5213 2022
18689 2 2 1 5 2028 2593 2780
18690 2 2 1 5 5028 5029 2029
18691 2 2 1 5 5029 5348 2029
18692 2 2 1 5 3664 6303 2037
18693 2 2 1 5 2594 6701 2039
18694 2 2 1 5 2443 4811 2042
18695 2 2 1 5 2042 4426 4425
18696 2 2 1 5 2047 5107 3315
18697 2 2 1 5 2059 6125 3966
18698 2 2 1 5 3018 6758 2060
18699 2 2 1 5 2065 5998 2064
18700 2 2 1 5 2065 6205 5998
18701 2 2 1 5 2597 5289 2069
18702 2 2 1 5 2069 3380 2629
18703 2 2 1 5 2629 8024 2069
18704 2 2 1 5 2069 5289 3380
18705 2 2 1 5 3247 7090 2071
18706 2 2 1 5 4061 7468 2093
18707 2 2 1 5 2097 6345 3565
18708 2 2 1 5 4588 7020 2100
18709 2 2 1 5 2103 7605 3922
18710 2 2 1 5 3939 7328 2103
18711 2 2 1 5 2112 8366 8168
18712 2 2 1 5 2487 2119 2488
18713 2 2 1 5 3754 5626 2121
18714 2 2 1 5 2123 8268 3599
18715 2 2 1 5 2132 2129 2130
18716 2 2 1 5 2132 2130 2133
18717 2 2 1 5 2136 7207 4065
18718 2 2 1 5 3347 5853 2150
18719 2 2 1 5 4850 7426 2151
18720 2 2 1 5 4457 6319 2155
18721 2 2 1 5 4113 7021 2157
18722 2 2 1 5 2162 7127 2163
18723 2 2 1 5 5010 7127 2162
18724 2 2 1 5 5439 7576 2166
18725 2 2 1 5 2655 2656 2167
18726 2 2 1 5 2170 2520 2519
18727 2 2 1 5 5108 6479 2173
18728 2 2 1 5 2183 7421 2184
18729 2 2 1 5 7333 8524 2186
18730 2 2 1 5 2188 5342 2187
18731 2 2 1 5 2200 7727 2201
18732 2 2 1 5 2201 7727 4579
18733 2 2 1 5 2204 7977 4196
18734 2 2 1 5 8059 8060 2216
18735 2 2 1 5 2218 2219 2918
18736 2 2 1 5 2918 2219 2917
18737 2 2 1 5 2222 2223 2221
18738 2 2 1 5 2223 7028 2221
18739 2 2 1 5 2226 8617 3915
18740 2 2 1 5 2228 5496 4140
18741 2 2 1 5 2228 8324 5496
18742 2 2 1 5 2232 7562 4184
18743 2 2 1 5 4184 5352 2233
18744 2 2 1 5 2239 8003 2240
18745 2 2 1 5 2528 2250 2249
18746 2 2 1 5 2297 4710 2252
18747 2 2 1 5 3552 6457 2254
18748 2 2 1 5 2858 2283 2284
18749 2 2 1 5 2283 4812 2284
18750 2 2 1 5 4812 7523 2284
18751 2 2 1 5 3690 4281 2285
18752 2 2 1 5 2287 8344 3469
18753 2 2 1 5 2288 4050 2289
18754 2 2 1 5 5128 6532 2291
18755 2 2 1 5 2297 7007 3755
18756 2 2 1 5 2315 5130 3099
18757 2 2 1 5 4462 8251 2318
18758 2 2 1 5 2319 6385 4332
18759 2 2 1 5 3767 6786 2324
18760 2 2 1 5 4420 6291 2326
18761 2 2 1 5 3972 6395 2337
18762 2 2 1 5 7643 7678 2348
18763 2 2 1 5 2367 6882 6860
18764 2 2 1 5 2371 2415 2372
18765 2 2 1 5 2415 4957 2372
18766 2 2 1 5 2987 2391 2986
18767 2 2 1 5 4222 4223 2392
18768 2 2 1 5 2392 4300 4222
18769 2 2 1 5 2409 4079 3501
18770 2 2 1 5 4078 4079 2409
18771 2 2 1 5 3883 6270 2410
18772 2 2 1 5 2411 7227 4536
18773 2 2 1 5 2980 2981 2421
18774 2 2 1 5 5950 7693 2425
18775 2 2 1 5 5146 7360 2432
18776 2 2 1 5 2432 7360 6534
18777 2 2 1 5 2457 2440 2458
18778 2 2 1 5 2441 5622 3991
18779 2 2 1 5 3829 6132 2442
18780 2 2 1 5 4350 5632 2447
18781 2 2 1 5 4933 7784 2452
18782 2 2 1 5 2455 4310 2456
18783 2 2 1 5 4074 7212 2460
18784 2 2 1 5 2461 7860 4074
18785 2 2 1 5 2475 7149 2474
18786 2 2 1 5 7149 8027 2474
18787 2 2 1 5 2816 8576 2480
18788 2 2 1 5 3797 7202 2480
18789 2 2 1 5 2480 5901 3912
18790 2 2 1 5 3305 5608 2489
18791 2 2 1 5 2495 8363 2496
18792 2 2 1 5 2498 5706 3123
18793 2 2 1 5 3494 7165 2498
18794 2 2 1 5 2498 7220 3494
18795 2 2 1 5 2500 7048 3750
18796 2 2 1 5 2502 7057 3787
18797 2 2 1 5 2504 6605 3944
18798 2 2 1 5 2504 7169 6605
18799 2 2 1 5 2509 4152 2510
18800 2 2 1 5 2520 4214 2519
18801 2 2 1 5 3544 7421 2519
18802 2 2 1 5 2530 3968 2529
18803 2 2 1 5 2530 5333 3968
18804 2 2 1 5 2540 7306 4701
18805 2 2 1 5 2553 5528 2552
18806 2 2 1 5 2941 5833 2553
18807 2 2 1 5 2556 4828 2555
18808 2 2 1 5 2557 2556 2558
18809 2 2 1 5 2556 7731 4828
18810 2 2 1 5 2559 7854 5399
18811 2 2 1 5 2724 2723 2563
18812 2 2 1 5 2932 3909 2572
18813 2 2 1 5 2574 4347 2573
18814 2 2 1 5 2574 4814 4347
18815 2 2 1 5 4690 4823 2578
18816 2 2 1 5 3585 5972 2581
18817 2 2 1 5 2591 6297 4163
18818 2 2 1 5 2594 6905 3980
18819 2 2 1 5 2596 6757 3218
18820 2 2 1 5 4537 6006 2596
18821 2 2 1 5 2610 4954 3516
18822 2 2 1 5 3692 5673 2610
18823 2 2 1 5 5673 5674 2610
18824 2 2 1 5 3695 5482 2662
18825 2 2 1 5 2662 7890 4844
18826 2 2 1 5 4305 5966 2663
18827 2 2 1 5 2668 4616 4615
18828 2 2 1 5 2669 5463 3582
18829 2 2 1 5 5460 6528 2671
18830 2 2 1 5 2674 4367 2673
18831 2 2 1 5 4367 5933 2673
18832 2 2 1 5 2677 5474 2678
18833 2 2 1 5 2688 7152 5406
18834 2 2 1 5 2859 2705 2706
18835 2 2 1 5 2716 4783 2715
18836 2 2 1 5 2717 7441 3703
18837 2 2 1 5 3896 5271 2717
18838 2 2 1 5 2718 5715 3896
18839 2 2 1 5 3264 4879 2734
18840 2 2 1 5 2736 4375 2735
18841 2 2 1 5 4375 8124 2735
18842 2 2 1 5 6763 8180 2738
18843 2 2 1 5 2753 6796 3830
18844 2 2 1 5 3577 5761 2765
18845 2 2 1 5 4541 8107 2772
18846 2 2 1 5 3529 7170 2781
18847 2 2 1 5 7013 7014 2791
18848 2 2 1 5 5689 7958 2817
18849 2 2 1 5 4924 7401 2819
18850 2 2 1 5 2840 6013 3421
18851 2 2 1 5 2871 7258 4852
18852 2 2 1 5 2881 8570 2880
18853 2 2 1 5 5981 8570 2881
18854 2 2 1 5 2892 8075 5083
18855 2 2 1 5 2911 4817 2910
18856 2 2 1 5 2924 3962 2923
18857 2 2 1 5 2924 6068 3962
18858 2 2 1 5 2926 5287 2925
18859 2 2 1 5 2933 7741 3909
18860 2 2 1 5 2935 7617 5174
18861 2 2 1 5 2950 7161 2949
18862 2 2 1 5 2962 5935 2961
18863 2 2 1 5 3634 5028 2973
18864 2 2 1 5 2994 3253 2993
18865 2 2 1 5 3868 6137 3024
18866 2 2 1 5 3024 6137 5696
18867 2 2 1 5 3472 5450 3048
18868 2 2 1 5 3053 3103 3070
18869 2 2 1 5 3053 7506 3103
18870 2 2 1 5 3054 4945 4304
18871 2 2 1 5 3060 5959 3219
18872 2 2 1 5 3065 6264 6263
18873 2 2 1 5 5413 7381 3073
18874 2 2 1 5 3079 8046 3616
18875 2 2 1 5 5710 7205 3086
18876 2 2 1 5 3737 6001 3090
18877 2 2 1 5 3107 6243 6242
18878 2 2 1 5 3117 4427 3329
18879 2 2 1 5 3118 5923 5922
18880 2 2 1 5 3121 6990 3654
18881 2 2 1 5 3398 8302 3131
18882 2 2 1 5 3333 6356 3138
18883 2 2 1 5 3143 5340 5339
18884 2 2 1 5 5223 6861 3217
18885 2 2 1 5 3882 6268 3262
18886 2 2 1 5 3635 5919 3270
18887 2 2 1 5 3274 5352 4184
18888 2 2 1 5 3300 6291 4420
18889 2 2 1 5 3309 7592 7591
18890 2 2 1 5 3313 7285 4362
18891 2 2 1 5 4162 6439 3326
18892 2 2 1 5 5782 5828 3359
18893 2 2 1 5 5828 6585 3359
18894 2 2 1 5 3374 7461 4845
18895 2 2 1 5 4967 5253 3393
18896 2 2 1 5 4690 7984 3435
18897 2 2 1 5 3440 8278 6096
18898 2 2 1 5 3452 6479 5108
18899 2 2 1 5 6086 7717 3470
18900 2 2 1 5 3476 7733 6039
18901 2 2 1 5 4580 6425 3560
18902 2 2 1 5 3582 5463 3581
18903 2 2 1 5 3586 6970 6396
18904 2 2 1 5 4963 7912 3624
18905 2 2 1 5 3711 5277 3712
18906 2 2 1 5 3714 8180 6763
18907 2 2 1 5 3761 5703 3762
18908 2 2 1 5 3762 7428 3761
18909 2 2 1 5 6476 6957 3844
18910 2 2 1 5 3937 6433 5911
18911 2 2 1 5 6843 7284 4032
18912 2 2 1 5 4144 7245 6574
18913 2 2 1 5 4218 6168 5456
18914 2 2 1 5 4313 5781 5780
18915 2 2 1 5 5780 5781 4314
18916 2 2 1 5 4366 8563 4452
18917 2 2 1 5 4844 7890 4440
18918 2 2 1 5 4557 8285 5215
18919 2 2 1 5 4582 6777 4584
18920 2 2 1 5 6264 7418 6263
18921 2 2 1 6 2258 170 3032
18922 2 2 1 6 3031 170 2696
18923 2 2 1 6 3032 170 3031
18924 2 2 1 6 3032 1117 2258
18925 2 2 1 6 2696 1119 3031
18926 2 2 1 6 660 1119 2696
18927 2 2 1 7 3037 8660 3036
18928 2 2 1 7 2465 8631 2601
18929 2 2 1 7 2073 8634 2607
18930 2 2 1 7 8621 8627 2599
18931 2 2 1 7 8626 8627 1179
18932 2 2 1 7 400 8644 2095
18933 2 2 1 7 2075 8658 8642
18934 2 2 1 7 8626 8648 2598
18935 2 2 1 7 3033 8632 8625
18936 2 2 1 7 2077 2465 2601
18937 2 2 1 7 8622 8656 8645
18938 2 2 1 7 52 2612 401
18939 2 2 1 7 8624 8639 2074
18940 2 2 1 7 8621 8636 3034
18941 2 2 1 7 2074 8639 8623
18942 2 2 1 7 2599 8627 2598
18943 2 2 1 7 8631 8640 2600
18944 2 2 1 7 2598 8648 2074
18945 2 2 1 7 8640 8653 2600
18946 2 2 1 7 1179 8647 3036
18947 2 2 1 7 1179 8660 2096
18948 2 2 1 7 8645 8656 1178
18949 2 2 1 7 2598 8627 8626
18950 2 2 1 7 3036 8660 1179
18951 2 2 1 7 1179 8654 8626
18952 2 2 1 7 8626 8654 8637
18953 2 2 1 7 2805 8650 8638
18954 2 2 1 7 8638 8650 8623
18955 2 2 1 7 8621 8647 8627
18956 2 2 1 7 3035 8647 8621
18957 2 2 1 7 2599 8642 8621
18958 2 2 1 7 2464 8631 2465
18959 2 2 1 7 399 8633 400
18960 2 2 1 7 8623 8659 2074
18961 2 2 1 7 2094 8652 51
18962 2 2 1 7 8632 8640 8625
18963 2 2 1 7 2077 361 2465
18964 2 2 1 7 53 8643 8641
18965 2 2 1 7 2073 8635 8634
18966 2 2 1 7 1127 8625 2464
18967 2 2 1 7 8620 8648 8637
18968 2 2 1 7 2095 8655 52
18969 2 2 1 7 8634 8635 8620
18970 2 2 1 7 3034 8636 2076
18971 2 2 1 7 2612 8661 406
18972 2 2 1 7 8627 8647 1179
18973 2 2 1 7 8639 8652 2094
18974 2 2 1 7 3036 8647 3035
18975 2 2 1 7 52 8655 2612
18976 2 2 1 7 2607 8651 399
18977 2 2 1 7 8633 8651 8620
18978 2 2 1 7 8637 8648 8626
18979 2 2 1 7 1178 8656 8637
18980 2 2 1 7 2073 8657 8635
18981 2 2 1 7 8621 8642 8636
18982 2 2 1 7 2096 8641 1178
18983 2 2 1 7 397 8639 2094
18984 2 2 1 7 2598 8649 2599
18985 2 2 1 7 2606 8638 397
18986 2 2 1 7 2076 8632 3033
18987 2 2 1 7 8625 8631 2464
18988 2 2 1 7 8624 8652 8639
18989 2 2 1 7 2599 8649 2601
18990 2 2 1 7 2601 8649 2077
18991 2 2 1 7 8655 8661 2612
18992 2 2 1 7 8620 8656 8633
18993 2 2 1 7 8634 8651 2607
18994 2 2 1 7 399 8651 8633
18995 2 2 1 7 8635 8648 8620
18996 2 2 1 7 361 8650 2805
18997 2 2 1 7 8629 8655 2095
18998 2 2 1 7 2077 8659 8650
18999 2 2 1 7 2074 8659 2598
19000 2 2 1 7 8638 8639 397
19001 2 2 1 7 8620 8651 8634
19002 2 2 1 7 1178 8641 2609
19003 2 2 1 7 8649 8659 2077
19004 2 2 1 7 8633 8644 400
19005 2 2 1 7 8628 8660 3037
19006 2 2 1 7 8642 8658 8636
19007 2 2 1 7 2095 8662 8629
19008 2 2 1 7 2609 8643 406
19009 2 2 1 7 8633 8656 8622
19010 2 2 1 7 2077 8650 361
19011 2 2 1 7 8629 8661 8655
19012 2 2 1 7 8644 8662 2095
19013 2 2 1 7 1178 8654 2096
19014 2 2 1 7 8632 8653 8640
19015 2 2 1 7 2609 8645 1178
19016 2 2 1 7 412 8643 53
19017 2 2 1 7 1180 8628 3037
19018 2 2 1 7 8637 8656 8620
19019 2 2 1 7 2096 8660 8628
19020 2 2 1 7 2096 8654 1179
19021 2 2 1 7 2609 8661 8645
19022 2 2 1 7 8622 8644 8633
19023 2 2 1 7 8637 8654 1178
19024 2 2 1 7 8652 8657 8646
19025 2 2 1 7 8645 8662 8622
19026 2 2 1 7 8641 8643 2609
19027 2 2 1 7 398 8646 2073
19028 2 2 1 7 8645 8661 8629
19029 2 2 1 7 406 8661 2609
19030 2 2 1 7 8625 8640 8631
19031 2 2 1 7 8623 8639 8638
19032 2 2 1 7 51 8652 8646
19033 2 2 1 7 51 8646 398
19034 2 2 1 7 8650 8659 8623
19035 2 2 1 7 8629 8662 8645
19036 2 2 1 7 2074 8635 8624
19037 2 2 1 7 8635 8657 8624
19038 2 2 1 7 8646 8657 2073
19039 2 2 1 7 2074 8648 8635
19040 2 2 1 7 8622 8662 8644
19041 2 2 1 7 2598 8659 8649
19042 2 2 1 7 8624 8657 8652
19043 2 2 1 7 406 8643 412
19044 2 2 1 7 1180 8630 412
19045 2 2 1 7 1125 2611 3038
19046 2 2 1 7 3038 1180 3037
19047 2 2 1 7 3038 8630 1180
19048 2 2 1 7 2600 2076 2075
19049 2 2 1 7 2600 2075 2599
19050 2 2 1 7 2075 8642 2599
19051 2 2 1 7 2600 8653 2076
19052 2 2 1 7 3034 2076 3033
19053 2 2 1 7 2076 8653 8632
19054 2 2 1 7 53 1180 412
19055 2 2 1 7 53 8628 1180
19056 2 2 1 7 2096 8628 53
19057 2 2 1 7 53 8641 2096
19058 2 2 1 7 2805 2606 396
19059 2 2 1 7 2073 2607 398
19060 2 2 1 7 412 8630 2611
19061 2 2 1 7 413 2611 1125
19062 2 2 1 7 3033 8625 1127
19063 2 2 1 7 2076 8658 2075
19064 2 2 1 7 8636 8658 2076
19065 2 2 1 7 2601 2600 2599
19066 2 2 1 7 2601 8631 2600
19067 2 2 1 7 2805 8638 2606
19068 2 2 1 7 2611 8630 3038
19069 2 2 1 7 3035 8621 3034
19070 2 2 1 8 407 8664 408
19071 2 2 1 8 408 8664 413
19072 2 2 1 8 413 8664 2611
19073 2 2 1 8 2611 8663 412
19074 2 2 1 8 406 8663 407
19075 2 2 1 8 8663 8664 407
19076 2 2 1 8 2611 8664 8663
19077 2 2 1 8 412 8663 406
19078 2 2 1 9 1105 8668 2045
19079 2 2 1 9 1012 8667 1121
19080 2 2 1 9 337 8665 2045
19081 2 2 1 9 2045 8665 1105
19082 2 2 1 9 1105 8667 1012
19083 2 2 1 9 1010 1001 2043
19084 2 2 1 9 1121 8667 2046
19085 2 2 1 9 8668 8670 2043
19086 2 2 1 9 2043 8669 8668
19087 2 2 1 9 2043 8670 1010
19088 2 2 1 9 2045 8669 337
19089 2 2 1 9 8668 8669 2045
19090 2 2 1 9 1011 8670 8668
19091 2 2 1 9 337 8669 1001
19092 2 2 1 9 1123 8665 337
19093 2 2 1 9 1001 8669 2043
19094 2 2 1 9 1010 8670 1011
19095 2 2 1 9 1105 8665 2044
19096 2 2 1 9 1105 8666 2046
19097 2 2 1 9 2046 8667 1105
19098 2 2 1 9 2046 1131 1121
19099 2 2 1 9 2044 1123 3039
19100 2 2 1 9 1131 8666 3039
19101 2 2 1 9 1012 1011 1105
19102 2 2 1 9 1011 8668 1105
19103 2 2 1 9 2044 3039 1105
19104 2 2 1 9 3039 8666 1105
19105 2 2 1 9 2044 8665 1123
19106 2 2 1 9 2046 8666 1131
19107 2 2 1 10 1058 8672 422
19108 2 2 1 10 1049 8671 1048
19109 2 2 1 10 8671 8672 1058
19110 2 2 1 10 1057 8671 1058
19111 2 2 1 10 421 8672 1049
19112 2 2 1 10 1049 8672 8671
19113 2 2 1 10 422 8672 421
19114 2 2 1 10 1048 8671 1057
19115 2 2 1 11 1047 8673 1055
19116 2 2 1 11 1056 8673 1048
19117 2 2 1 11 1055 8673 1056
19118 2 2 1 11 1048 8673 1047
19119 2 2 1 11 1056 1048 1057
19120 2 2 1 12 1047 8674 1046
19121 2 2 1 12 2445 8686 332
19122 2 2 1 12 1562 8680 1582
19123 2 2 1 12 1582 8679 8675
19124 2 2 1 12 344 8686 2445
19125 2 2 1 12 416 8677 417
19126 2 2 1 12 333 8681 345
19127 2 2 1 12 423 8678 8676
19128 2 2 1 12 332 8683 2445
19129 2 2 1 12 418 8676 987
19130 2 2 1 12 2614 8685 418
19131 2 2 1 12 2446 8681 2436
19132 2 2 1 12 2436 8686 2446
19133 2 2 1 12 8676 8685 1562
19134 2 2 1 12 2614 8680 1562
19135 2 2 1 12 418 8685 8676
19136 2 2 1 12 1024 8678 423
19137 2 2 1 12 2446 8686 344
19138 2 2 1 12 331 8683 332
19139 2 2 1 12 1055 8679 1582
19140 2 2 1 12 345 8681 2446
19141 2 2 1 12 1582 8680 8677
19142 2 2 1 12 8679 8684 8675
19143 2 2 1 12 987 8678 331
19144 2 2 1 12 2436 8681 333
19145 2 2 1 12 2445 8683 1024
19146 2 2 1 12 1056 8684 8679
19147 2 2 1 12 422 8682 1058
19148 2 2 1 12 8676 8678 987
19149 2 2 1 12 1024 8683 8678
19150 2 2 1 12 332 8686 2436
19151 2 2 1 12 1057 8684 1056
19152 2 2 1 12 1562 8685 2614
19153 2 2 1 12 8677 8680 417
19154 2 2 1 12 8678 8683 331
19155 2 2 1 12 417 8680 2614
19156 2 2 1 12 423 8682 422
19157 2 2 1 12 2062 423 1562
19158 2 2 1 12 423 8676 1562
19159 2 2 1 12 2062 8682 423
19160 2 2 1 12 1055 8674 1047
19161 2 2 1 12 1056 8679 1055
19162 2 2 1 12 1057 8682 2062
19163 2 2 1 12 2062 8684 1057
19164 2 2 1 12 429 333 345
19165 2 2 1 12 430 333 429
19166 2 2 1 12 415 8674 416
19167 2 2 1 12 1046 8674 415
19168 2 2 1 12 416 8674 1054
19169 2 2 1 12 1054 8677 416
19170 2 2 1 12 1582 1054 1055
19171 2 2 1 12 1054 8674 1055
19172 2 2 1 12 1582 8677 1054
19173 2 2 1 12 1058 8682 1057
19174 2 2 1 12 1582 8675 1562
19175 2 2 1 12 1562 8675 2062
19176 2 2 1 12 8675 8684 2062
19177 2 2 1 13 1024 8691 2445
19178 2 2 1 13 8689 8692 1573
19179 2 2 1 13 8690 8691 1573
19180 2 2 1 13 421 8698 8689
19181 2 2 1 13 8692 8693 1571
19182 2 2 1 13 344 8694 2446
19183 2 2 1 13 1052 8700 1051
19184 2 2 1 13 8691 8695 1059
19185 2 2 1 13 345 8697 428
19186 2 2 1 13 1573 8692 1571
19187 2 2 1 13 1571 8690 1573
19188 2 2 1 13 2445 8690 8688
19189 2 2 1 13 2446 8697 345
19190 2 2 1 13 1571 8699 8690
19191 2 2 1 13 8690 8699 8688
19192 2 2 1 13 8699 8700 8688
19193 2 2 1 13 1081 1050 1568
19194 2 2 1 13 423 8695 1024
19195 2 2 1 13 1053 8697 8694
19196 2 2 1 13 8689 8698 8692
19197 2 2 1 13 8694 8697 2446
19198 2 2 1 13 1024 8695 8691
19199 2 2 1 13 1570 8696 344
19200 2 2 1 13 344 2445 1570
19201 2 2 1 13 421 8689 422
19202 2 2 1 13 1568 421 1081
19203 2 2 1 13 1568 8698 421
19204 2 2 1 13 422 8695 423
19205 2 2 1 13 1059 8695 422
19206 2 2 1 13 428 8697 1053
19207 2 2 1 13 1568 1050 1051
19208 2 2 1 13 1051 1053 1052
19209 2 2 1 13 1051 8700 1571
19210 2 2 1 13 1052 8687 1570
19211 2 2 1 13 1570 8700 1052
19212 2 2 1 13 8693 8698 1568
19213 2 2 1 13 8687 8696 1570
19214 2 2 1 13 8688 8700 1570
19215 2 2 1 13 1571 8700 8699
19216 2 2 1 13 344 8696 8694
19217 2 2 1 13 429 345 428
19218 2 2 1 13 420 1081 421
19219 2 2 1 13 422 8689 1059
19220 2 2 1 13 1051 8693 1568
19221 2 2 1 13 1571 8693 1051
19222 2 2 1 13 1053 8694 1052
19223 2 2 1 13 1052 8694 8687
19224 2 2 1 13 1059 8689 1573
19225 2 2 1 13 1573 8691 1059
19226 2 2 1 13 2445 8688 1570
19227 2 2 1 13 2445 8691 8690
19228 2 2 1 13 8694 8696 8687
19229 2 2 1 13 8692 8698 8693
19230 2 2 1 14 428 8701 427
19231 2 2 1 14 8701 8703 2066
19232 2 2 1 14 2066 8703 8702
19233 2 2 1 14 1051 8702 1053
19234 2 2 1 14 1053 8703 8701
19235 2 2 1 14 8702 8703 1053
19236 2 2 1 14 1053 8701 428
19237 2 2 1 14 1050 8702 1051
19238 2 2 1 14 2066 426 427
19239 2 2 1 14 1082 426 2066
19240 2 2 1 14 427 8701 2066
19241 2 2 1 14 2066 1050 1082
19242 2 2 1 14 2066 8702 1050
19243 2 2 1 15 324 8704 909
19244 2 2 1 15 332 8705 331
19245 2 2 1 15 2775 430 431
19246 2 2 1 15 2775 8709 430
19247 2 2 1 15 333 8706 2436
19248 2 2 1 15 430 8709 333
19249 2 2 1 15 418 8708 419
19250 2 2 1 15 323 8707 8705
19251 2 2 1 15 987 8708 418
19252 2 2 1 15 909 8706 910
19253 2 2 1 15 324 8705 8704
19254 2 2 1 15 333 8709 8706
19255 2 2 1 15 908 8708 8707
19256 2 2 1 15 908 8707 323
19257 2 2 1 15 331 8707 987
19258 2 2 1 15 8705 8707 331
19259 2 2 1 15 910 8709 2775
19260 2 2 1 15 419 8708 908
19261 2 2 1 15 8706 8709 910
19262 2 2 1 15 8707 8708 987
19263 2 2 1 15 323 8705 324
19264 2 2 1 15 2001 332 2436
19265 2 2 1 15 909 8704 2001
19266 2 2 1 15 2001 8704 332
19267 2 2 1 15 8704 8705 332
19268 2 2 1 15 2001 8706 909
19269 2 2 1 15 2436 8706 2001
19270 2 2 1 16 1025 8710 2056
19271 2 2 1 16 988 8710 989
19272 2 2 1 16 1026 8710 1025
19273 2 2 1 16 2056 429 1025
19274 2 2 1 16 430 8711 988
19275 2 2 1 16 2056 8710 988
19276 2 2 1 16 988 8711 2056
19277 2 2 1 16 989 8710 1026
19278 2 2 1 16 429 8711 430
19279 2 2 1 16 2056 8711 429
19280 2 2 1 17 988 8713 430
19281 2 2 1 17 431 8712 911
19282 2 2 1 17 2057 8714 988
19283 2 2 1 17 8712 8714 1083
19284 2 2 1 17 988 989 2057
19285 2 2 1 17 988 8714 8713
19286 2 2 1 17 8713 8714 8712
19287 2 2 1 17 1083 8714 2057
19288 2 2 1 17 430 8713 431
19289 2 2 1 17 431 8713 8712
19290 2 2 1 17 912 911 1083
19291 2 2 1 17 2057 989 1083
19292 2 2 1 17 911 8712 1083
19293 2 2 1 18 8718 8719 8715
19294 2 2 1 18 1069 8723 1029
19295 2 2 1 18 8718 8721 992
19296 2 2 1 18 2054 8717 1026
19297 2 2 1 18 2055 8724 2785
19298 2 2 1 18 994 993 1589
19299 2 2 1 18 2788 2055 2054
19300 2 2 1 18 989 8717 990
19301 2 2 1 18 992 8721 993
19302 2 2 1 18 1027 8725 8724
19303 2 2 1 18 2788 8724 2055
19304 2 2 1 18 2055 8717 2054
19305 2 2 1 18 2058 8725 8719
19306 2 2 1 18 1027 8720 8719
19307 2 2 1 18 990 8717 2055
19308 2 2 1 18 994 8726 995
19309 2 2 1 18 2058 8719 8718
19310 2 2 1 18 1069 8729 8723
19311 2 2 1 18 8719 8720 8715
19312 2 2 1 18 1037 8720 1028
19313 2 2 1 18 8724 8725 2785
19314 2 2 1 18 8719 8725 1027
19315 2 2 1 18 996 8729 1069
19316 2 2 1 18 8723 8728 8722
19317 2 2 1 18 8722 8727 8716
19318 2 2 1 18 2789 8723 8722
19319 2 2 1 18 991 8718 992
19320 2 2 1 18 2058 8718 991
19321 2 2 1 18 2789 8722 8716
19322 2 2 1 18 1589 8726 994
19323 2 2 1 18 995 8726 8722
19324 2 2 1 18 8722 8728 995
19325 2 2 1 18 8723 8729 8728
19326 2 2 1 18 1589 8727 8726
19327 2 2 1 18 8726 8727 8722
19328 2 2 1 18 1026 8717 989
19329 2 2 1 18 2058 991 2785
19330 2 2 1 18 1589 993 1037
19331 2 2 1 18 993 8721 1037
19332 2 2 1 18 995 8729 996
19333 2 2 1 18 8728 8729 995
19334 2 2 1 18 1026 2788 2054
19335 2 2 1 18 1028 8720 1027
19336 2 2 1 18 1027 8724 2788
19337 2 2 1 18 1028 8716 1037
19338 2 2 1 18 2789 8716 1028
19339 2 2 1 18 1029 8723 2789
19340 2 2 1 18 1037 8716 1589
19341 2 2 1 18 1037 8721 8715
19342 2 2 1 18 990 2055 2785
19343 2 2 1 18 1030 1069 1029
19344 2 2 1 18 8715 8720 1037
19345 2 2 1 18 8716 8727 1589
19346 2 2 1 18 2785 8725 2058
19347 2 2 1 18 8715 8721 8718
19348 2 2 1 19 1083 8733 912
19349 2 2 1 19 913 8732 1595
19350 2 2 1 19 991 8734 2785
19351 2 2 1 19 8732 8735 8731
19352 2 2 1 19 8732 8734 1595
19353 2 2 1 19 2052 8738 990
19354 2 2 1 19 8733 8737 8730
19355 2 2 1 19 1595 8734 991
19356 2 2 1 19 2785 8732 8731
19357 2 2 1 19 912 8733 8730
19358 2 2 1 19 1083 8736 8733
19359 2 2 1 19 1595 914 913
19360 2 2 1 19 2785 8734 8732
19361 2 2 1 19 989 8736 1083
19362 2 2 1 19 8737 8738 2052
19363 2 2 1 19 8736 8738 8733
19364 2 2 1 19 8733 8738 8737
19365 2 2 1 19 2053 8735 2776
19366 2 2 1 19 2776 912 2053
19367 2 2 1 19 912 8730 2053
19368 2 2 1 19 2776 8732 913
19369 2 2 1 19 1595 991 915
19370 2 2 1 19 990 8736 989
19371 2 2 1 19 990 8738 8736
19372 2 2 1 19 2052 8735 2053
19373 2 2 1 19 2053 8737 2052
19374 2 2 1 19 8730 8737 2053
19375 2 2 1 19 915 914 1595
19376 2 2 1 19 990 8731 2052
19377 2 2 1 19 2785 8731 990
19378 2 2 1 19 8731 8735 2052
19379 2 2 1 19 2776 8735 8732
19380 2 2 1 20 2777 8740 927
19381 2 2 1 20 914 8739 913
19382 2 2 1 20 926 8739 2777
19383 2 2 1 20 914 8740 8739
19384 2 2 1 20 8739 8740 2777
19385 2 2 1 20 915 8740 914
19386 2 2 1 20 913 8739 926
19387 2 2 1 20 927 8740 915
19388 2 2 1 21 8741 8755 8751
19389 2 2 1 21 8743 8754 8753
19390 2 2 1 21 930 8757 8745
19391 2 2 1 21 916 8761 1071
19392 2 2 1 21 8751 8755 8748
19393 2 2 1 21 916 8754 8750
19394 2 2 1 21 8747 8752 8744
19395 2 2 1 21 929 8757 930
19396 2 2 1 21 8745 8751 8748
19397 2 2 1 21 8743 8758 8750
19398 2 2 1 21 8753 8755 8743
19399 2 2 1 21 1071 917 916
19400 2 2 1 21 8742 8752 8747
19401 2 2 1 21 8746 8757 929
19402 2 2 1 21 8750 8754 8743
19403 2 2 1 21 8751 8756 8741
19404 2 2 1 21 8748 8755 8753
19405 2 2 1 21 8748 8760 8745
19406 2 2 1 21 8751 8757 8746
19407 2 2 1 21 1565 8750 8749
19408 2 2 1 21 8746 8756 8751
19409 2 2 1 21 917 8754 916
19410 2 2 1 21 8750 8758 8749
19411 2 2 1 21 8755 8758 8743
19412 2 2 1 21 8745 8757 8751
19413 2 2 1 21 8741 8758 8755
19414 2 2 1 21 1060 8759 1590
19415 2 2 1 21 8752 8761 8744
19416 2 2 1 21 8753 8759 8748
19417 2 2 1 21 1590 8759 8753
19418 2 2 1 21 8759 8760 8748
19419 2 2 1 21 1060 8760 8759
19420 2 2 1 21 916 915 1564
19421 2 2 1 21 1565 915 916
19422 2 2 1 21 927 915 1565
19423 2 2 1 21 992 915 991
19424 2 2 1 21 1564 8744 916
19425 2 2 1 21 916 8750 1565
19426 2 2 1 21 8744 8761 916
19427 2 2 1 21 1590 8753 917
19428 2 2 1 21 1590 918 1060
19429 2 2 1 21 928 927 1565
19430 2 2 1 21 1565 8749 928
19431 2 2 1 21 928 8756 8746
19432 2 2 1 21 8749 8756 928
19433 2 2 1 21 930 8760 1060
19434 2 2 1 21 8745 8760 930
19435 2 2 1 21 993 994 1038
19436 2 2 1 21 1071 8761 994
19437 2 2 1 21 994 8761 8742
19438 2 2 1 21 1038 8747 1564
19439 2 2 1 21 8742 8747 1038
19440 2 2 1 21 8741 8756 8749
19441 2 2 1 21 1038 915 992
19442 2 2 1 21 1564 915 1038
19443 2 2 1 21 917 918 1590
19444 2 2 1 21 8753 8754 917
19445 2 2 1 21 928 8746 929
19446 2 2 1 21 1038 992 993
19447 2 2 1 21 994 8742 1038
19448 2 2 1 21 1564 8747 8744
19449 2 2 1 21 8749 8758 8741
19450 2 2 1 21 8742 8761 8752
19451 2 2 1 22 1061 954 1039
19452 2 2 1 22 1039 928 929
19453 2 2 1 22 930 1039 929
19454 2 2 1 22 1061 1039 930
19455 2 2 1 22 1039 954 953
19456 2 2 1 23 1076 8762 808
19457 2 2 1 23 807 8762 950
19458 2 2 1 23 808 8762 807
19459 2 2 1 23 1076 808 870
19460 2 2 1 23 950 8762 1076
19461 2 2 1 24 947 868 946
19462 2 2 1 24 869 868 947
19463 2 2 1 24 869 8764 2426
19464 2 2 1 24 867 8765 1497
19465 2 2 1 24 314 8765 867
19466 2 2 1 24 1497 8765 949
19467 2 2 1 24 2426 8764 948
19468 2 2 1 24 948 8763 2426
19469 2 2 1 24 949 8763 948
19470 2 2 1 24 947 8764 869
19471 2 2 1 24 8763 8765 314
19472 2 2 1 24 949 8765 8763
19473 2 2 1 24 2426 8763 314
19474 2 2 1 24 948 8764 947
19475 2 2 1 24 1497 949 950
19476 2 2 1 24 1497 870 867
19477 2 2 1 24 1497 1076 870
19478 2 2 1 24 1497 950 1076
19479 2 2 1 25 934 8770 8768
19480 2 2 1 25 933 8771 932
19481 2 2 1 25 8769 8771 8766
19482 2 2 1 25 8766 8772 8769
19483 2 2 1 25 2887 8770 935
19484 2 2 1 25 1062 8779 8769
19485 2 2 1 25 8767 8772 956
19486 2 2 1 25 956 8774 8767
19487 2 2 1 25 931 8779 1062
19488 2 2 1 25 8770 8775 8768
19489 2 2 1 25 958 8778 959
19490 2 2 1 25 8771 8779 932
19491 2 2 1 25 958 8775 8770
19492 2 2 1 25 8769 8779 8771
19493 2 2 1 25 8769 8776 1062
19494 2 2 1 25 8770 8778 958
19495 2 2 1 25 944 8773 957
19496 2 2 1 25 2887 8778 8770
19497 2 2 1 25 934 8777 933
19498 2 2 1 25 945 8773 944
19499 2 2 1 25 8768 8777 934
19500 2 2 1 25 957 8775 958
19501 2 2 1 25 959 8778 2887
19502 2 2 1 25 8772 8776 8769
19503 2 2 1 25 1061 352 955
19504 2 2 1 25 8767 8776 8772
19505 2 2 1 25 8768 8775 8773
19506 2 2 1 25 954 1061 955
19507 2 2 1 25 932 8779 931
19508 2 2 1 25 8773 8775 957
19509 2 2 1 25 352 8774 955
19510 2 2 1 25 1062 8767 352
19511 2 2 1 25 1062 930 931
19512 2 2 1 25 1061 930 1062
19513 2 2 1 25 945 8771 933
19514 2 2 1 25 933 8777 945
19515 2 2 1 25 945 944 956
19516 2 2 1 25 8766 8771 945
19517 2 2 1 25 955 8774 956
19518 2 2 1 25 1062 8776 8767
19519 2 2 1 25 1062 352 1061
19520 2 2 1 25 8767 8774 352
19521 2 2 1 25 935 8770 934
19522 2 2 1 25 956 8766 945
19523 2 2 1 25 8768 8773 945
19524 2 2 1 25 945 8777 8768
19525 2 2 1 25 956 8772 8766
19526 2 2 1 26 919 8780 1060
19527 2 2 1 26 919 1060 918
19528 2 2 1 26 932 931 1576
19529 2 2 1 26 1576 919 920
19530 2 2 1 26 1576 8780 919
19531 2 2 1 26 1576 920 933
19532 2 2 1 26 930 8780 931
19533 2 2 1 26 1060 8780 930
19534 2 2 1 26 931 8780 1576
19535 2 2 1 26 933 932 1576
19536 2 2 1 27 954 1575 953
19537 2 2 1 27 1040 953 1575
19538 2 2 1 27 2793 954 955
19539 2 2 1 27 954 2793 1575
19540 2 2 1 27 1575 2793 1040
19541 2 2 1 28 870 8781 865
19542 2 2 1 28 864 8781 2778
19543 2 2 1 28 865 8781 864
19544 2 2 1 28 870 8782 8781
19545 2 2 1 28 2778 8782 809
19546 2 2 1 28 808 8782 870
19547 2 2 1 28 8781 8782 2778
19548 2 2 1 28 809 8782 808
19549 2 2 1 29 809 8792 2778
19550 2 2 1 29 2778 8792 8791
19551 2 2 1 29 312 8801 863
19552 2 2 1 29 811 8805 816
19553 2 2 1 29 8787 8802 938
19554 2 2 1 29 8797 8800 8788
19555 2 2 1 29 8784 8808 871
19556 2 2 1 29 938 8802 8793
19557 2 2 1 29 8786 8804 8792
19558 2 2 1 29 8788 8798 8797
19559 2 2 1 29 8783 8806 8794
19560 2 2 1 29 8805 8806 8790
19561 2 2 1 29 2760 8804 8786
19562 2 2 1 29 816 8805 8790
19563 2 2 1 29 8794 8806 8803
19564 2 2 1 29 8793 8802 8785
19565 2 2 1 29 8794 8797 8783
19566 2 2 1 29 8792 8804 8791
19567 2 2 1 29 8791 8804 2760
19568 2 2 1 29 816 8790 817
19569 2 2 1 29 8787 8797 8794
19570 2 2 1 29 8785 8802 8794
19571 2 2 1 29 8791 8807 2778
19572 2 2 1 29 8789 8806 8805
19573 2 2 1 29 8799 8806 8783
19574 2 2 1 29 809 8795 938
19575 2 2 1 29 8795 8808 938
19576 2 2 1 29 864 8807 312
19577 2 2 1 29 8794 8803 8785
19578 2 2 1 29 2760 8796 8791
19579 2 2 1 29 8790 8806 8799
19580 2 2 1 29 863 8801 8796
19581 2 2 1 29 8789 8805 811
19582 2 2 1 29 863 8796 815
19583 2 2 1 29 8798 8799 8783
19584 2 2 1 29 8797 8798 8783
19585 2 2 1 29 810 809 938
19586 2 2 1 29 8801 8807 8791
19587 2 2 1 29 8787 8800 8797
19588 2 2 1 29 8796 8801 8791
19589 2 2 1 29 8794 8802 8787
19590 2 2 1 29 871 8795 808
19591 2 2 1 29 871 8808 8795
19592 2 2 1 29 312 8807 8801
19593 2 2 1 29 8803 8806 8789
19594 2 2 1 29 938 8784 325
19595 2 2 1 29 325 8800 938
19596 2 2 1 29 939 8798 325
19597 2 2 1 29 325 8798 8788
19598 2 2 1 29 808 8795 809
19599 2 2 1 29 810 8785 811
19600 2 2 1 29 811 8786 810
19601 2 2 1 29 810 8793 8785
19602 2 2 1 29 8785 8789 811
19603 2 2 1 29 815 8796 2760
19604 2 2 1 29 817 8799 939
19605 2 2 1 29 2778 8807 864
19606 2 2 1 29 938 8800 8787
19607 2 2 1 29 939 8799 8798
19608 2 2 1 29 8785 8803 8789
19609 2 2 1 29 325 1041 939
19610 2 2 1 29 325 8784 1041
19611 2 2 1 29 8788 8800 325
19612 2 2 1 29 810 8792 809
19613 2 2 1 29 938 8793 810
19614 2 2 1 29 8786 8792 810
19615 2 2 1 29 2760 8786 811
19616 2 2 1 29 8790 8799 817
19617 2 2 1 29 872 1041 871
19618 2 2 1 29 1041 8784 871
19619 2 2 1 29 938 8808 8784
19620 2 2 1 30 866 870 865
19621 2 2 1 30 866 867 870
19622 2 2 1 31 814 863 815
19623 2 2 1 31 865 864 1077
19624 2 2 1 31 1077 864 312
19625 2 2 1 31 1077 312 863
19626 2 2 1 31 814 813 1077
19627 2 2 1 31 1077 863 814
19628 2 2 1 32 868 869 738
19629 2 2 1 32 2426 737 869
19630 2 2 1 32 737 8811 736
19631 2 2 1 32 866 8812 314
19632 2 2 1 32 1077 8811 8810
19633 2 2 1 32 736 8811 813
19634 2 2 1 32 2426 8812 8809
19635 2 2 1 32 8810 8811 8809
19636 2 2 1 32 2426 8809 737
19637 2 2 1 32 865 8810 866
19638 2 2 1 32 8809 8811 737
19639 2 2 1 32 1077 8810 865
19640 2 2 1 32 8810 8812 866
19641 2 2 1 32 8809 8812 8810
19642 2 2 1 32 813 8811 1077
19643 2 2 1 32 866 314 867
19644 2 2 1 32 314 8812 2426
19645 2 2 1 32 869 737 738
19646 2 2 1 33 936 935 986
19647 2 2 1 33 8814 8816 2038
19648 2 2 1 33 924 8813 923
19649 2 2 1 33 922 8815 2038
19650 2 2 1 33 985 959 2887
19651 2 2 1 33 8813 8815 923
19652 2 2 1 33 2038 8817 934
19653 2 2 1 33 986 8817 8813
19654 2 2 1 33 934 8814 2038
19655 2 2 1 33 935 8817 986
19656 2 2 1 33 2038 8816 922
19657 2 2 1 33 921 8816 8814
19658 2 2 1 33 933 8814 934
19659 2 2 1 33 985 960 959
19660 2 2 1 33 986 937 936
19661 2 2 1 33 2038 8815 8813
19662 2 2 1 33 922 8816 921
19663 2 2 1 33 8813 8817 2038
19664 2 2 1 33 920 8814 933
19665 2 2 1 33 923 8815 922
19666 2 2 1 33 986 8813 924
19667 2 2 1 33 934 8817 935
19668 2 2 1 33 2887 937 985
19669 2 2 1 33 921 8814 920
19670 2 2 1 33 2887 935 936
19671 2 2 1 33 936 937 2887
19672 2 2 1 34 858 8818 857
19673 2 2 1 34 868 8818 946
19674 2 2 1 34 857 8818 868
19675 2 2 1 34 858 859 946
19676 2 2 1 34 946 8818 858
19677 2 2 1 35 8821 8831 2030
19678 2 2 1 35 957 8827 1549
19679 2 2 1 35 1000 8829 8822
19680 2 2 1 35 999 8825 335
19681 2 2 1 35 943 8828 2782
19682 2 2 1 35 2030 8831 1000
19683 2 2 1 35 335 8828 334
19684 2 2 1 35 8820 8830 960
19685 2 2 1 35 8824 8827 957
19686 2 2 1 35 334 8828 943
19687 2 2 1 35 1550 8822 2783
19688 2 2 1 35 8819 8829 8823
19689 2 2 1 35 958 8824 957
19690 2 2 1 35 8819 8830 8829
19691 2 2 1 35 2031 8826 8825
19692 2 2 1 35 2031 8832 8826
19693 2 2 1 35 2031 8825 999
19694 2 2 1 35 334 8827 8824
19695 2 2 1 35 8822 8829 8820
19696 2 2 1 35 8823 8829 1000
19697 2 2 1 35 960 8830 959
19698 2 2 1 35 8829 8830 8820
19699 2 2 1 35 8826 8833 8825
19700 2 2 1 35 335 8833 8828
19701 2 2 1 35 8831 8832 2031
19702 2 2 1 35 8828 8833 2782
19703 2 2 1 35 8819 8834 8830
19704 2 2 1 35 8830 8834 959
19705 2 2 1 35 8821 8832 8831
19706 2 2 1 35 8825 8833 335
19707 2 2 1 35 2782 8833 8826
19708 2 2 1 35 1549 334 2780
19709 2 2 1 35 1549 8827 334
19710 2 2 1 35 1549 2780 944
19711 2 2 1 35 959 8834 958
19712 2 2 1 35 958 8819 999
19713 2 2 1 35 999 8824 958
19714 2 2 1 35 2783 8820 960
19715 2 2 1 35 2782 8826 982
19716 2 2 1 35 983 8821 2030
19717 2 2 1 35 2783 984 1550
19718 2 2 1 35 8819 8823 999
19719 2 2 1 35 1000 1550 2030
19720 2 2 1 35 1000 8822 1550
19721 2 2 1 35 334 8824 335
19722 2 2 1 35 2780 334 943
19723 2 2 1 35 335 8824 999
19724 2 2 1 35 944 957 1549
19725 2 2 1 35 958 8834 8819
19726 2 2 1 35 982 8821 983
19727 2 2 1 35 982 8832 8821
19728 2 2 1 35 8826 8832 982
19729 2 2 1 35 1550 984 983
19730 2 2 1 35 1550 983 2030
19731 2 2 1 35 1000 2031 999
19732 2 2 1 35 999 8823 1000
19733 2 2 1 35 1000 8831 2031
19734 2 2 1 35 2783 8822 8820
19735 2 2 1 36 802 736 813
19736 2 2 1 36 735 736 802
19737 2 2 1 37 881 8835 882
19738 2 2 1 37 939 8836 817
19739 2 2 1 37 882 8835 940
19740 2 2 1 37 817 8836 818
19741 2 2 1 37 818 8835 2761
19742 2 2 1 37 818 8836 8835
19743 2 2 1 37 940 8836 939
19744 2 2 1 37 8835 8836 940
19745 2 2 1 37 2761 881 819
19746 2 2 1 37 2761 8835 881
19747 2 2 1 38 739 868 738
19748 2 2 1 38 739 857 868
19749 2 2 1 39 801 8843 2000
19750 2 2 1 39 8837 8844 1473
19751 2 2 1 39 738 8840 856
19752 2 2 1 39 1473 8845 2770
19753 2 2 1 39 1998 8846 8840
19754 2 2 1 39 738 1999 1998
19755 2 2 1 39 812 8839 736
19756 2 2 1 39 8842 8846 1998
19757 2 2 1 39 736 8841 812
19758 2 2 1 39 1999 8842 1998
19759 2 2 1 39 800 8843 801
19760 2 2 1 39 1473 8844 812
19761 2 2 1 39 812 8845 1473
19762 2 2 1 39 8837 8846 8842
19763 2 2 1 39 735 8841 736
19764 2 2 1 39 2000 735 801
19765 2 2 1 39 2000 8841 735
19766 2 2 1 39 736 8839 737
19767 2 2 1 39 737 1999 738
19768 2 2 1 39 2770 8838 800
19769 2 2 1 39 812 8844 1999
19770 2 2 1 39 2000 8838 812
19771 2 2 1 39 812 8841 2000
19772 2 2 1 39 8838 8845 812
19773 2 2 1 39 856 8840 2770
19774 2 2 1 39 1999 8844 8842
19775 2 2 1 39 2000 8843 8838
19776 2 2 1 39 8842 8844 8837
19777 2 2 1 39 737 8839 1999
19778 2 2 1 39 739 738 856
19779 2 2 1 39 1998 8840 738
19780 2 2 1 39 8838 8843 800
19781 2 2 1 39 1999 8839 812
19782 2 2 1 39 2770 8837 1473
19783 2 2 1 39 2770 8846 8837
19784 2 2 1 39 2770 8845 8838
19785 2 2 1 39 8840 8846 2770
19786 2 2 1 40 2010 8872 8862
19787 2 2 1 40 2754 8861 2755
19788 2 2 1 40 8854 8905 793
19789 2 2 1 40 2010 8887 8883
19790 2 2 1 40 2009 8863 8853
19791 2 2 1 40 8853 8870 2009
19792 2 2 1 40 2012 8856 2756
19793 2 2 1 40 1468 8864 1991
19794 2 2 1 40 8858 8879 796
19795 2 2 1 40 793 8905 305
19796 2 2 1 40 1995 8860 1988
19797 2 2 1 40 795 8861 8849
19798 2 2 1 40 2754 2755 794
19799 2 2 1 40 8890 8909 1486
19800 2 2 1 40 747 8885 748
19801 2 2 1 40 8866 8891 1492
19802 2 2 1 40 8853 8891 8866
19803 2 2 1 40 8848 8879 8858
19804 2 2 1 40 749 8877 282
19805 2 2 1 40 8848 8871 8869
19806 2 2 1 40 1991 8864 8851
19807 2 2 1 40 8883 8887 2014
19808 2 2 1 40 1991 798 1468
19809 2 2 1 40 799 8865 1104
19810 2 2 1 40 8895 8896 8847
19811 2 2 1 40 793 8886 8854
19812 2 2 1 40 2755 8861 795
19813 2 2 1 40 8859 8910 798
19814 2 2 1 40 751 8882 2885
19815 2 2 1 40 8861 8903 8849
19816 2 2 1 40 730 8904 731
19817 2 2 1 40 8858 8867 8848
19818 2 2 1 40 796 8893 1989
19819 2 2 1 40 8862 8889 2010
19820 2 2 1 40 306 8885 747
19821 2 2 1 40 8850 8868 748
19822 2 2 1 40 8851 8907 1991
19823 2 2 1 40 801 8906 1492
19824 2 2 1 40 800 8891 8863
19825 2 2 1 40 2012 8872 2013
19826 2 2 1 40 2885 8875 751
19827 2 2 1 40 2009 8910 8859
19828 2 2 1 40 798 8910 1468
19829 2 2 1 40 792 8876 539
19830 2 2 1 40 8868 8900 8857
19831 2 2 1 40 1486 8864 1468
19832 2 2 1 40 1467 8903 8861
19833 2 2 1 40 2754 8878 8861
19834 2 2 1 40 2885 8883 2014
19835 2 2 1 40 8850 8900 8868
19836 2 2 1 40 8867 8871 8848
19837 2 2 1 40 8852 8888 8868
19838 2 2 1 40 800 801 1492
19839 2 2 1 40 8897 8908 8855
19840 2 2 1 40 1989 8880 796
19841 2 2 1 40 2757 8863 2009
19842 2 2 1 40 8853 8899 8870
19843 2 2 1 40 731 8904 2882
19844 2 2 1 40 8886 8887 8854
19845 2 2 1 40 8870 8899 1486
19846 2 2 1 40 748 8888 747
19847 2 2 1 40 8862 8872 1467
19848 2 2 1 40 8847 8896 8885
19849 2 2 1 40 8885 8896 748
19850 2 2 1 40 8855 8890 732
19851 2 2 1 40 2009 8865 2757
19852 2 2 1 40 8900 8902 8857
19853 2 2 1 40 770 8858 1988
19854 2 2 1 40 1468 8870 1486
19855 2 2 1 40 747 8869 746
19856 2 2 1 40 732 8897 8855
19857 2 2 1 40 8873 8903 2756
19858 2 2 1 40 8894 8895 8847
19859 2 2 1 40 8870 8910 2009
19860 2 2 1 40 8857 8901 8892
19861 2 2 1 40 2126 8876 792
19862 2 2 1 40 8868 8888 748
19863 2 2 1 40 8857 8892 8868
19864 2 2 1 40 8869 8871 746
19865 2 2 1 40 8875 8898 86
19866 2 2 1 40 1988 8860 2403
19867 2 2 1 40 2756 8894 8873
19868 2 2 1 40 290 8904 730
19869 2 2 1 40 8860 8884 2403
19870 2 2 1 40 796 8880 1995
19871 2 2 1 40 731 8897 732
19872 2 2 1 40 8847 8874 8873
19873 2 2 1 40 2882 8897 731
19874 2 2 1 40 540 8875 86
19875 2 2 1 40 8854 8889 8862
19876 2 2 1 40 2882 8908 8897
19877 2 2 1 40 797 8877 749
19878 2 2 1 40 2013 8872 2010
19879 2 2 1 40 770 8867 8858
19880 2 2 1 40 1492 8891 800
19881 2 2 1 40 86 8898 2126
19882 2 2 1 40 750 8882 751
19883 2 2 1 40 8892 8901 1989
19884 2 2 1 40 2011 8882 750
19885 2 2 1 40 8868 8892 8852
19886 2 2 1 40 2014 8876 2126
19887 2 2 1 40 305 8878 2754
19888 2 2 1 40 8866 8899 8853
19889 2 2 1 40 8863 8891 8853
19890 2 2 1 40 8861 8878 1467
19891 2 2 1 40 1492 8906 734
19892 2 2 1 40 8873 8894 8847
19893 2 2 1 40 2010 8889 8887
19894 2 2 1 40 8876 8886 539
19895 2 2 1 40 732 8890 733
19896 2 2 1 40 8864 8908 8851
19897 2 2 1 40 8847 8885 8874
19898 2 2 1 40 2126 8898 2014
19899 2 2 1 40 2885 8898 8875
19900 2 2 1 40 8855 8908 8864
19901 2 2 1 40 1467 8878 8862
19902 2 2 1 40 1486 8909 8864
19903 2 2 1 40 2014 8898 2885
19904 2 2 1 40 745 8871 8867
19905 2 2 1 40 8864 8909 8855
19906 2 2 1 40 8873 8874 8849
19907 2 2 1 40 1468 8910 8870
19908 2 2 1 40 8892 8893 8852
19909 2 2 1 40 1991 8902 798
19910 2 2 1 40 8881 8908 2882
19911 2 2 1 40 2014 8887 8886
19912 2 2 1 40 8880 8881 1995
19913 2 2 1 40 8878 8905 8862
19914 2 2 1 40 8862 8905 8854
19915 2 2 1 40 734 8906 735
19916 2 2 1 40 1991 8907 8901
19917 2 2 1 40 8884 8904 290
19918 2 2 1 40 2882 8884 8860
19919 2 2 1 40 8857 8902 8901
19920 2 2 1 40 539 8886 793
19921 2 2 1 40 1989 8893 8892
19922 2 2 1 40 8882 8883 2885
19923 2 2 1 40 8901 8902 1991
19924 2 2 1 40 8855 8909 8890
19925 2 2 1 40 8887 8889 8854
19926 2 2 1 40 8849 8903 8873
19927 2 2 1 40 1989 8907 8880
19928 2 2 1 40 8874 8885 306
19929 2 2 1 40 2882 8904 8884
19930 2 2 1 40 8877 8900 8850
19931 2 2 1 40 797 8900 8877
19932 2 2 1 40 305 8905 8878
19933 2 2 1 40 2014 8886 8876
19934 2 2 1 40 8901 8907 1989
19935 2 2 1 40 8851 8908 8881
19936 2 2 1 40 8851 8881 8880
19937 2 2 1 40 8880 8907 8851
19938 2 2 1 40 282 8850 748
19939 2 2 1 40 748 8896 282
19940 2 2 1 40 282 8877 8850
19941 2 2 1 40 2403 8884 290
19942 2 2 1 40 795 8874 306
19943 2 2 1 40 751 8875 540
19944 2 2 1 40 733 8866 734
19945 2 2 1 40 733 8890 1486
19946 2 2 1 40 1486 8899 733
19947 2 2 1 40 733 8899 8866
19948 2 2 1 40 735 8906 801
19949 2 2 1 40 746 8871 745
19950 2 2 1 40 745 8867 770
19951 2 2 1 40 796 8879 747
19952 2 2 1 40 747 8893 796
19953 2 2 1 40 8848 8869 747
19954 2 2 1 40 747 8879 8848
19955 2 2 1 40 747 8888 8852
19956 2 2 1 40 8852 8893 747
19957 2 2 1 40 750 749 2011
19958 2 2 1 40 2756 8856 749
19959 2 2 1 40 749 8894 2756
19960 2 2 1 40 749 8895 8894
19961 2 2 1 40 770 1988 2403
19962 2 2 1 40 1995 1988 796
19963 2 2 1 40 1988 8858 796
19964 2 2 1 40 798 8902 797
19965 2 2 1 40 1104 8859 798
19966 2 2 1 40 2757 8865 799
19967 2 2 1 40 800 8863 2757
19968 2 2 1 40 2009 8859 1104
19969 2 2 1 40 1104 8865 2009
19970 2 2 1 40 2012 2756 1467
19971 2 2 1 40 2756 8903 1467
19972 2 2 1 40 2882 8860 1995
19973 2 2 1 40 1995 8881 2882
19974 2 2 1 40 2010 2011 2013
19975 2 2 1 40 2010 8883 2011
19976 2 2 1 40 2011 8856 2013
19977 2 2 1 40 2011 8883 8882
19978 2 2 1 40 282 8895 749
19979 2 2 1 40 282 8896 8895
19980 2 2 1 40 734 8866 1492
19981 2 2 1 40 749 8856 2011
19982 2 2 1 40 8849 8874 795
19983 2 2 1 40 797 8902 8900
19984 2 2 1 40 1467 8872 2012
19985 2 2 1 40 2013 8856 2012
19986 2 2 1 41 2432 8912 941
19987 2 2 1 41 2420 8917 307
19988 2 2 1 41 820 8914 2420
19989 2 2 1 41 2420 8914 8913
19990 2 2 1 41 823 8911 942
19991 2 2 1 41 882 941 881
19992 2 2 1 41 942 8911 2779
19993 2 2 1 41 2432 8916 8912
19994 2 2 1 41 307 8917 8915
19995 2 2 1 41 819 8912 2762
19996 2 2 1 41 8913 8914 326
19997 2 2 1 41 823 8915 8911
19998 2 2 1 41 326 8914 2432
19999 2 2 1 41 2762 8916 820
20000 2 2 1 41 307 8915 821
20001 2 2 1 41 820 8916 8914
20002 2 2 1 41 2779 8913 326
20003 2 2 1 41 8915 8917 8911
20004 2 2 1 41 8911 8913 2779
20005 2 2 1 41 8912 8916 2762
20006 2 2 1 41 8911 8917 8913
20007 2 2 1 41 8914 8916 2432
20008 2 2 1 41 8913 8917 2420
20009 2 2 1 41 881 8912 819
20010 2 2 1 41 821 8915 823
20011 2 2 1 41 941 8912 881
20012 2 2 1 42 8919 8920 8918
20013 2 2 1 42 967 328 961
20014 2 2 1 42 879 8918 967
20015 2 2 1 42 2771 819 2762
20016 2 2 1 42 2771 8919 880
20017 2 2 1 42 2435 8920 8919
20018 2 2 1 42 2435 8921 820
20019 2 2 1 42 2762 8921 2771
20020 2 2 1 42 967 8920 328
20021 2 2 1 42 880 8918 879
20022 2 2 1 42 8919 8921 2435
20023 2 2 1 42 880 8919 8918
20024 2 2 1 42 820 8921 2762
20025 2 2 1 42 2771 8921 8919
20026 2 2 1 42 8918 8920 967
20027 2 2 1 42 328 8920 2435
20028 2 2 1 43 541 8923 540
20029 2 2 1 43 751 8923 1469
20030 2 2 1 43 2008 750 1469
20031 2 2 1 43 2008 8926 750
20032 2 2 1 43 1469 750 751
20033 2 2 1 43 541 8924 8923
20034 2 2 1 43 8923 8924 1469
20035 2 2 1 43 797 8925 8922
20036 2 2 1 43 749 8925 797
20037 2 2 1 43 542 8924 541
20038 2 2 1 43 8925 8926 8922
20039 2 2 1 43 540 8923 751
20040 2 2 1 43 799 8924 542
20041 2 2 1 43 750 8925 749
20042 2 2 1 43 750 8926 8925
20043 2 2 1 43 797 8922 798
20044 2 2 1 43 798 8922 1104
20045 2 2 1 43 2008 799 1104
20046 2 2 1 43 1469 799 2008
20047 2 2 1 43 1469 8924 799
20048 2 2 1 43 1104 8922 2008
20049 2 2 1 43 8922 8926 2008
20050 2 2 1 44 965 8927 980
20051 2 2 1 44 973 8929 8927
20052 2 2 1 44 980 8929 972
20053 2 2 1 44 8927 8928 973
20054 2 2 1 44 966 8928 8927
20055 2 2 1 44 8927 8929 980
20056 2 2 1 44 878 8928 879
20057 2 2 1 44 879 8928 966
20058 2 2 1 44 973 8928 878
20059 2 2 1 44 966 8927 965
20060 2 2 1 44 972 8929 973
20061 2 2 1 45 967 8930 974
20062 2 2 1 45 962 8930 961
20063 2 2 1 45 961 8930 967
20064 2 2 1 45 974 8930 962
20065 2 2 1 45 967 878 879
20066 2 2 1 45 974 878 967
20067 2 2 1 46 821 823 822
20068 2 2 1 47 826 8931 968
20069 2 2 1 47 968 8931 961
20070 2 2 1 47 962 8931 826
20071 2 2 1 47 961 8931 962
20072 2 2 1 47 826 968 825
20073 2 2 1 48 1543 8932 969
20074 2 2 1 48 329 8933 1543
20075 2 2 1 48 1543 8933 8932
20076 2 2 1 48 8932 8933 973
20077 2 2 1 48 969 8932 885
20078 2 2 1 48 972 8933 329
20079 2 2 1 48 973 8933 972
20080 2 2 1 48 1543 969 835
20081 2 2 1 48 329 835 834
20082 2 2 1 48 329 834 972
20083 2 2 1 48 1543 835 329
20084 2 2 1 48 877 8932 878
20085 2 2 1 48 885 8932 877
20086 2 2 1 48 878 8932 973
20087 2 2 1 49 877 8934 970
20088 2 2 1 49 8934 8935 970
20089 2 2 1 49 962 8936 974
20090 2 2 1 49 8934 8937 8935
20091 2 2 1 49 974 8936 8934
20092 2 2 1 49 963 8936 962
20093 2 2 1 49 970 8935 964
20094 2 2 1 49 8935 8937 963
20095 2 2 1 49 963 8937 8936
20096 2 2 1 49 8936 8937 8934
20097 2 2 1 49 878 8934 877
20098 2 2 1 49 964 8935 963
20099 2 2 1 49 974 8934 878
20100 2 2 1 50 729 8941 8939
20101 2 2 1 50 2403 8938 770
20102 2 2 1 50 744 8943 2750
20103 2 2 1 50 8939 8944 8938
20104 2 2 1 50 2769 8944 8941
20105 2 2 1 50 8942 8945 1490
20106 2 2 1 50 728 8941 729
20107 2 2 1 50 2403 8939 8938
20108 2 2 1 50 8938 8945 8940
20109 2 2 1 50 8945 8946 1490
20110 2 2 1 50 8940 8943 770
20111 2 2 1 50 2769 8946 8944
20112 2 2 1 50 2750 8942 743
20113 2 2 1 50 8941 8944 8939
20114 2 2 1 50 8940 8945 8942
20115 2 2 1 50 8942 8943 8940
20116 2 2 1 50 2750 8943 8942
20117 2 2 1 50 8944 8946 8938
20118 2 2 1 50 8938 8946 8945
20119 2 2 1 50 728 286 2769
20120 2 2 1 50 2769 286 753
20121 2 2 1 50 2769 8941 728
20122 2 2 1 50 1490 8946 2769
20123 2 2 1 50 727 286 728
20124 2 2 1 50 730 729 290
20125 2 2 1 50 729 8939 290
20126 2 2 1 50 290 8939 2403
20127 2 2 1 50 1490 753 743
20128 2 2 1 50 743 8942 1490
20129 2 2 1 50 745 770 744
20130 2 2 1 50 770 8943 744
20131 2 2 1 50 2769 753 1490
20132 2 2 1 50 8938 8940 770
20133 2 2 1 51 963 962 2034
20134 2 2 1 51 964 827 828
20135 2 2 1 51 964 828 829
20136 2 2 1 51 2034 826 827
20137 2 2 1 51 964 963 827
20138 2 2 1 51 2034 962 826
20139 2 2 1 51 827 963 2034
20140 2 2 1 52 835 8950 2765
20141 2 2 1 52 836 8952 977
20142 2 2 1 52 977 8952 8947
20143 2 2 1 52 885 8950 969
20144 2 2 1 52 877 8951 8948
20145 2 2 1 52 8948 8951 315
20146 2 2 1 52 2765 8952 836
20147 2 2 1 52 315 8951 8949
20148 2 2 1 52 876 8951 877
20149 2 2 1 52 8949 8951 876
20150 2 2 1 52 8947 8952 8950
20151 2 2 1 52 8950 8952 2765
20152 2 2 1 52 884 883 977
20153 2 2 1 52 885 8948 315
20154 2 2 1 52 875 8949 876
20155 2 2 1 52 877 8948 885
20156 2 2 1 52 884 315 883
20157 2 2 1 52 315 978 883
20158 2 2 1 52 884 8947 315
20159 2 2 1 52 315 8947 885
20160 2 2 1 52 315 8949 978
20161 2 2 1 52 969 8950 835
20162 2 2 1 52 978 8949 875
20163 2 2 1 52 977 8947 884
20164 2 2 1 52 8947 8950 885
20165 2 2 1 53 970 8954 877
20166 2 2 1 53 877 8954 876
20167 2 2 1 53 829 8954 970
20168 2 2 1 53 875 8953 830
20169 2 2 1 53 829 970 964
20170 2 2 1 53 8953 8954 829
20171 2 2 1 53 830 8953 829
20172 2 2 1 53 876 8953 875
20173 2 2 1 53 876 8954 8953
20174 2 2 1 54 827 971 828
20175 2 2 1 55 838 763 764
20176 2 2 1 55 8955 8966 8956
20177 2 2 1 55 8955 8962 8959
20178 2 2 1 55 883 8960 977
20179 2 2 1 55 1502 8960 883
20180 2 2 1 55 832 8966 831
20181 2 2 1 55 831 8966 8965
20182 2 2 1 55 8957 8966 8955
20183 2 2 1 55 883 8959 1502
20184 2 2 1 55 8956 8966 832
20185 2 2 1 55 8965 8966 8957
20186 2 2 1 55 976 8961 8958
20187 2 2 1 55 763 8963 764
20188 2 2 1 55 976 8958 833
20189 2 2 1 55 8959 8962 1502
20190 2 2 1 55 978 8965 8957
20191 2 2 1 55 875 8965 978
20192 2 2 1 55 8959 8964 8955
20193 2 2 1 55 764 8963 1502
20194 2 2 1 55 831 8965 875
20195 2 2 1 55 8955 8964 8957
20196 2 2 1 55 1502 8962 764
20197 2 2 1 55 8957 8964 978
20198 2 2 1 55 8960 8963 837
20199 2 2 1 55 837 8963 763
20200 2 2 1 55 978 8964 8959
20201 2 2 1 55 1502 8963 8960
20202 2 2 1 55 288 8961 764
20203 2 2 1 55 764 8962 288
20204 2 2 1 55 765 8958 288
20205 2 2 1 55 8958 8961 288
20206 2 2 1 55 765 8956 832
20207 2 2 1 55 833 8958 765
20208 2 2 1 55 978 8959 883
20209 2 2 1 55 288 8956 765
20210 2 2 1 55 8955 8956 288
20211 2 2 1 55 288 8962 8955
20212 2 2 1 55 764 8961 838
20213 2 2 1 55 836 8960 837
20214 2 2 1 55 977 8960 836
20215 2 2 1 55 838 8961 976
20216 2 2 1 56 830 831 875
20217 2 2 1 57 543 8968 2125
20218 2 2 1 57 2125 8969 543
20219 2 2 1 57 543 8973 507
20220 2 2 1 57 538 2637 2125
20221 2 2 1 57 87 8971 2127
20222 2 2 1 57 508 8973 8969
20223 2 2 1 57 85 8971 8967
20224 2 2 1 57 539 8970 792
20225 2 2 1 57 8968 8971 85
20226 2 2 1 57 85 8970 2638
20227 2 2 1 57 507 8973 508
20228 2 2 1 57 2127 8968 543
20229 2 2 1 57 87 8972 8967
20230 2 2 1 57 8969 8973 543
20231 2 2 1 57 544 8972 87
20232 2 2 1 57 8967 8972 792
20233 2 2 1 57 2127 8971 8968
20234 2 2 1 57 2125 85 538
20235 2 2 1 57 85 8967 792
20236 2 2 1 57 792 8970 85
20237 2 2 1 57 2125 8968 85
20238 2 2 1 57 509 508 1235
20239 2 2 1 57 2638 8970 539
20240 2 2 1 57 792 8972 544
20241 2 2 1 57 2125 2637 1235
20242 2 2 1 57 1235 8969 2125
20243 2 2 1 57 538 85 2638
20244 2 2 1 57 8967 8971 87
20245 2 2 1 57 508 8969 1235
20246 2 2 1 57 1235 2637 509
20247 2 2 1 58 832 831 874
20248 2 2 1 58 874 766 765
20249 2 2 1 58 765 832 874
20250 2 2 1 59 2127 8981 87
20251 2 2 1 59 8975 8976 1495
20252 2 2 1 59 791 8975 790
20253 2 2 1 59 862 8975 1495
20254 2 2 1 59 791 8980 8975
20255 2 2 1 59 893 8979 506
20256 2 2 1 59 1495 1712 862
20257 2 2 1 59 1495 8981 8978
20258 2 2 1 59 87 8981 8976
20259 2 2 1 59 8975 8980 8976
20260 2 2 1 59 8978 8981 8974
20261 2 2 1 59 1712 8977 894
20262 2 2 1 59 543 8974 2127
20263 2 2 1 59 507 8979 543
20264 2 2 1 59 1495 8978 1712
20265 2 2 1 59 506 8979 507
20266 2 2 1 59 893 8977 8974
20267 2 2 1 59 8976 8981 1495
20268 2 2 1 59 8974 8981 2127
20269 2 2 1 59 8976 8980 87
20270 2 2 1 59 8974 8979 893
20271 2 2 1 59 543 8979 8974
20272 2 2 1 59 87 8980 544
20273 2 2 1 59 544 8980 791
20274 2 2 1 59 1712 8978 8977
20275 2 2 1 59 862 1712 894
20276 2 2 1 59 8977 8978 8974
20277 2 2 1 59 790 8975 862
20278 2 2 1 59 894 8977 893
20279 2 2 1 60 839 8983 975
20280 2 2 1 60 842 836 841
20281 2 2 1 60 762 8982 840
20282 2 2 1 60 763 8983 8982
20283 2 2 1 60 840 761 762
20284 2 2 1 60 763 8982 762
20285 2 2 1 60 838 8983 763
20286 2 2 1 60 975 8983 838
20287 2 2 1 60 761 841 762
20288 2 2 1 60 762 837 763
20289 2 2 1 60 841 837 762
20290 2 2 1 60 841 836 837
20291 2 2 1 60 840 8983 839
20292 2 2 1 60 8982 8983 840
20293 2 2 1 61 790 8984 789
20294 2 2 1 61 789 8984 896
20295 2 2 1 61 862 8984 790
20296 2 2 1 61 896 862 861
20297 2 2 1 61 896 8984 862
20298 2 2 1 62 903 8991 439
20299 2 2 1 62 1518 8988 2774
20300 2 2 1 62 318 9001 901
20301 2 2 1 62 1234 8999 536
20302 2 2 1 62 536 8985 1234
20303 2 2 1 62 899 8999 2774
20304 2 2 1 62 2429 9008 8986
20305 2 2 1 62 8986 9006 781
20306 2 2 1 62 439 8991 440
20307 2 2 1 62 534 8992 2124
20308 2 2 1 62 903 8997 902
20309 2 2 1 62 294 9007 9002
20310 2 2 1 62 435 8993 536
20311 2 2 1 62 898 8990 897
20312 2 2 1 62 537 509 1186
20313 2 2 1 62 907 8997 903
20314 2 2 1 62 436 9001 437
20315 2 2 1 62 8994 9005 1514
20316 2 2 1 62 1186 8993 435
20317 2 2 1 62 8992 9000 8985
20318 2 2 1 62 898 9004 8990
20319 2 2 1 62 1522 8987 446
20320 2 2 1 62 534 9000 8992
20321 2 2 1 62 2124 8992 1514
20322 2 2 1 62 781 9004 8986
20323 2 2 1 62 901 899 318
20324 2 2 1 62 8990 9004 781
20325 2 2 1 62 9000 9002 8985
20326 2 2 1 62 8988 9008 8989
20327 2 2 1 62 8988 8989 2774
20328 2 2 1 62 780 8990 781
20329 2 2 1 62 1186 8994 8993
20330 2 2 1 62 8989 9008 2429
20331 2 2 1 62 8985 9002 1234
20332 2 2 1 62 2774 8999 1234
20333 2 2 1 62 1234 8995 2774
20334 2 2 1 62 293 9006 9003
20335 2 2 1 62 8995 9007 782
20336 2 2 1 62 294 9002 9000
20337 2 2 1 62 9003 9006 8988
20338 2 2 1 62 293 9003 491
20339 2 2 1 62 897 8996 898
20340 2 2 1 62 8997 8998 8996
20341 2 2 1 62 294 9000 533
20342 2 2 1 62 1234 9007 8995
20343 2 2 1 62 491 9003 1518
20344 2 2 1 62 8996 8998 898
20345 2 2 1 62 907 8998 8997
20346 2 2 1 62 9002 9007 1234
20347 2 2 1 62 9006 9008 8988
20348 2 2 1 62 8986 9008 9006
20349 2 2 1 62 781 9006 293
20350 2 2 1 62 782 9007 294
20351 2 2 1 62 318 899 2774
20352 2 2 1 62 318 8989 2429
20353 2 2 1 62 2429 9001 318
20354 2 2 1 62 440 1522 446
20355 2 2 1 62 440 8991 1522
20356 2 2 1 62 445 8987 897
20357 2 2 1 62 1518 782 491
20358 2 2 1 62 1186 509 510
20359 2 2 1 62 2124 9005 510
20360 2 2 1 62 533 9000 534
20361 2 2 1 62 536 8999 899
20362 2 2 1 62 1514 8985 536
20363 2 2 1 62 536 8993 1514
20364 2 2 1 62 897 8990 780
20365 2 2 1 62 897 8987 902
20366 2 2 1 62 902 8996 897
20367 2 2 1 62 898 8998 2429
20368 2 2 1 62 902 1522 903
20369 2 2 1 62 902 8987 1522
20370 2 2 1 62 1522 8991 903
20371 2 2 1 62 1514 9005 2124
20372 2 2 1 62 8993 8994 1514
20373 2 2 1 62 2774 8989 318
20374 2 2 1 62 1186 435 537
20375 2 2 1 62 901 9001 436
20376 2 2 1 62 438 437 2429
20377 2 2 1 62 437 9001 2429
20378 2 2 1 62 438 8998 907
20379 2 2 1 62 2429 8998 438
20380 2 2 1 62 446 8987 445
20381 2 2 1 62 510 9005 1186
20382 2 2 1 62 1518 8995 782
20383 2 2 1 62 2429 8986 898
20384 2 2 1 62 8986 9004 898
20385 2 2 1 62 902 8997 8996
20386 2 2 1 62 1186 9005 8994
20387 2 2 1 62 1514 8992 8985
20388 2 2 1 62 2774 8995 1518
20389 2 2 1 62 1518 9003 8988
20390 2 2 1 63 508 9009 436
20391 2 2 1 63 509 9009 508
20392 2 2 1 63 435 9009 537
20393 2 2 1 63 436 9009 435
20394 2 2 1 63 537 9009 509
20395 2 2 1 64 447 9024 9013
20396 2 2 1 64 892 9011 1511
20397 2 2 1 64 1511 9017 892
20398 2 2 1 64 892 9010 506
20399 2 2 1 64 2020 9017 9012
20400 2 2 1 64 9021 9022 436
20401 2 2 1 64 9012 9017 1511
20402 2 2 1 64 9013 9024 1519
20403 2 2 1 64 2020 9018 9010
20404 2 2 1 64 892 9020 9011
20405 2 2 1 64 1237 9014 9011
20406 2 2 1 64 506 9020 892
20407 2 2 1 64 9011 9015 1511
20408 2 2 1 64 440 9013 439
20409 2 2 1 64 9016 9018 1519
20410 2 2 1 64 9011 9019 1237
20411 2 2 1 64 1511 9023 9012
20412 2 2 1 64 1237 9021 9014
20413 2 2 1 64 448 9016 447
20414 2 2 1 64 1519 9024 9016
20415 2 2 1 64 508 9022 507
20416 2 2 1 64 507 9022 1237
20417 2 2 1 64 2628 9016 448
20418 2 2 1 64 1519 9018 2020
20419 2 2 1 64 9014 9015 9011
20420 2 2 1 64 9010 9018 2628
20421 2 2 1 64 9014 9021 437
20422 2 2 1 64 437 9021 436
20423 2 2 1 64 2628 9018 9016
20424 2 2 1 64 9015 9023 1511
20425 2 2 1 64 1237 9019 507
20426 2 2 1 64 9011 9020 9019
20427 2 2 1 64 1237 9022 9021
20428 2 2 1 64 9016 9024 447
20429 2 2 1 64 9012 9023 438
20430 2 2 1 64 436 9022 508
20431 2 2 1 64 438 9023 437
20432 2 2 1 64 437 9023 9014
20433 2 2 1 64 439 9012 438
20434 2 2 1 64 439 9013 1519
20435 2 2 1 64 447 9013 440
20436 2 2 1 64 507 9020 506
20437 2 2 1 64 506 9010 2628
20438 2 2 1 64 9019 9020 507
20439 2 2 1 64 2020 9010 892
20440 2 2 1 64 892 9017 2020
20441 2 2 1 64 9014 9023 9015
20442 2 2 1 64 439 1519 2020
20443 2 2 1 64 2020 9012 439
20444 2 2 1 65 894 861 862
20445 2 2 1 65 895 861 894
20446 2 2 1 66 1512 9026 9025
20447 2 2 1 66 894 893 895
20448 2 2 1 66 9025 9026 449
20449 2 2 1 66 449 9026 448
20450 2 2 1 66 2628 9026 1512
20451 2 2 1 66 448 9026 2628
20452 2 2 1 66 895 9025 449
20453 2 2 1 66 1512 9025 895
20454 2 2 1 66 893 506 1512
20455 2 2 1 66 1512 506 2628
20456 2 2 1 66 895 893 1512
20457 2 2 1 67 436 9027 901
20458 2 2 1 67 536 9027 435
20459 2 2 1 67 435 9027 436
20460 2 2 1 67 899 9027 536
20461 2 2 1 67 901 9027 899
20462 2 2 1 68 500 9032 9030
20463 2 2 1 68 447 9029 502
20464 2 2 1 68 503 9033 502
20465 2 2 1 68 445 9034 446
20466 2 2 1 68 9028 9034 9032
20467 2 2 1 68 502 9033 447
20468 2 2 1 68 9030 9034 445
20469 2 2 1 68 448 9033 503
20470 2 2 1 68 442 9031 501
20471 2 2 1 68 447 9033 448
20472 2 2 1 68 9028 9032 9031
20473 2 2 1 68 9032 9034 9030
20474 2 2 1 68 9031 9032 501
20475 2 2 1 68 441 447 440
20476 2 2 1 68 446 9034 440
20477 2 2 1 68 442 9029 441
20478 2 2 1 68 441 9031 442
20479 2 2 1 68 502 9029 442
20480 2 2 1 68 500 9030 445
20481 2 2 1 68 440 9034 441
20482 2 2 1 68 441 9029 447
20483 2 2 1 68 9028 9031 441
20484 2 2 1 68 441 9034 9028
20485 2 2 1 68 501 9032 500
20486 2 2 1 69 449 448 504
20487 2 2 1 69 504 448 503
20488 2 2 1 70 903 439 907
20489 2 2 1 70 439 438 907
20490 2 2 1 71 1458 9043 780
20491 2 2 1 71 390 9040 2604
20492 2 2 1 71 490 9038 2626
20493 2 2 1 71 2619 9043 1458
20494 2 2 1 71 9039 9055 9047
20495 2 2 1 71 9039 9047 781
20496 2 2 1 71 780 9054 1521
20497 2 2 1 71 904 9044 390
20498 2 2 1 71 9036 9049 9048
20499 2 2 1 71 490 9050 9038
20500 2 2 1 71 9040 9048 2604
20501 2 2 1 71 9038 9050 9036
20502 2 2 1 71 2604 9049 389
20503 2 2 1 71 906 9041 1658
20504 2 2 1 71 9036 9045 9038
20505 2 2 1 71 9035 9053 9037
20506 2 2 1 71 293 9052 9039
20507 2 2 1 71 9038 9039 2626
20508 2 2 1 71 9038 9055 9039
20509 2 2 1 71 9045 9055 9038
20510 2 2 1 71 9035 9045 9041
20511 2 2 1 71 9035 9055 9045
20512 2 2 1 71 9037 9047 9035
20513 2 2 1 71 9041 9053 9035
20514 2 2 1 71 9041 9045 1658
20515 2 2 1 71 319 9046 9044
20516 2 2 1 71 9048 9049 2604
20517 2 2 1 71 905 9046 319
20518 2 2 1 71 9037 9054 9047
20519 2 2 1 71 781 9047 780
20520 2 2 1 71 9047 9054 780
20521 2 2 1 71 389 9049 2625
20522 2 2 1 71 9036 9048 9045
20523 2 2 1 71 491 9052 293
20524 2 2 1 71 9045 9048 1658
20525 2 2 1 71 9047 9055 9035
20526 2 2 1 71 897 9051 445
20527 2 2 1 71 320 9053 9041
20528 2 2 1 71 9040 9046 1658
20529 2 2 1 71 1658 9048 9040
20530 2 2 1 71 390 9044 9040
20531 2 2 1 71 9039 9052 2626
20532 2 2 1 71 2625 9050 490
20533 2 2 1 71 9049 9050 2625
20534 2 2 1 71 9037 9053 320
20535 2 2 1 71 9036 9050 9049
20536 2 2 1 71 2619 9051 9043
20537 2 2 1 71 9044 9046 9040
20538 2 2 1 71 2098 56 320
20539 2 2 1 71 2619 1458 56
20540 2 2 1 71 906 2098 320
20541 2 2 1 71 1521 9037 320
20542 2 2 1 71 320 9042 1521
20543 2 2 1 71 445 9051 2619
20544 2 2 1 71 2626 9052 491
20545 2 2 1 71 780 9043 897
20546 2 2 1 71 1458 780 1521
20547 2 2 1 71 9043 9051 897
20548 2 2 1 71 1658 9046 905
20549 2 2 1 71 56 9042 320
20550 2 2 1 71 1458 9042 56
20551 2 2 1 71 293 9039 781
20552 2 2 1 71 319 9044 904
20553 2 2 1 71 320 9041 906
20554 2 2 1 71 390 391 904
20555 2 2 1 71 444 905 443
20556 2 2 1 71 906 905 444
20557 2 2 1 71 906 444 2098
20558 2 2 1 71 1658 905 906
20559 2 2 1 71 1521 9042 1458
20560 2 2 1 71 1521 9054 9037
20561 2 2 1 72 443 9056 2618
20562 2 2 1 72 319 9056 443
20563 2 2 1 72 2618 9057 392
20564 2 2 1 72 2618 9056 904
20565 2 2 1 72 904 9057 2618
20566 2 2 1 72 391 9057 904
20567 2 2 1 72 904 9056 319
20568 2 2 1 72 392 9057 391
20569 2 2 1 72 319 443 905
20570 2 2 1 73 468 469 1091
20571 2 2 1 74 548 547 522
20572 2 2 1 74 547 523 522
20573 2 2 1 75 9061 9064 632
20574 2 2 1 75 589 9068 2680
20575 2 2 1 75 587 9063 9058
20576 2 2 1 75 568 9070 573
20577 2 2 1 75 2140 9060 9059
20578 2 2 1 75 571 9069 570
20579 2 2 1 75 1255 9066 9065
20580 2 2 1 75 9061 9067 9064
20581 2 2 1 75 9064 9067 2828
20582 2 2 1 75 2140 9066 9061
20583 2 2 1 75 570 9069 568
20584 2 2 1 75 2828 9067 1255
20585 2 2 1 75 568 9069 2645
20586 2 2 1 75 573 9070 2653
20587 2 2 1 75 632 9064 631
20588 2 2 1 75 2140 9068 9060
20589 2 2 1 75 9060 9068 589
20590 2 2 1 75 9066 9067 9061
20591 2 2 1 75 2653 9071 587
20592 2 2 1 75 572 9062 571
20593 2 2 1 75 1255 9067 9066
20594 2 2 1 75 9063 9071 2645
20595 2 2 1 75 587 9071 9063
20596 2 2 1 75 2645 9070 568
20597 2 2 1 75 2645 9071 9070
20598 2 2 1 75 9065 9066 2140
20599 2 2 1 75 9062 9069 571
20600 2 2 1 75 2645 9069 9062
20601 2 2 1 75 9070 9071 2653
20602 2 2 1 75 120 9058 569
20603 2 2 1 75 569 9059 120
20604 2 2 1 75 120 9060 588
20605 2 2 1 75 2140 9059 569
20606 2 2 1 75 569 9065 2140
20607 2 2 1 75 569 9063 2645
20608 2 2 1 75 572 2827 1255
20609 2 2 1 75 1255 9065 572
20610 2 2 1 75 588 9060 589
20611 2 2 1 75 631 9064 2828
20612 2 2 1 75 632 2680 1253
20613 2 2 1 75 2140 9061 1253
20614 2 2 1 75 1253 9068 2140
20615 2 2 1 75 120 588 587
20616 2 2 1 75 587 9058 120
20617 2 2 1 75 9059 9060 120
20618 2 2 1 75 569 9062 1751
20619 2 2 1 75 1751 9065 569
20620 2 2 1 75 2645 9062 569
20621 2 2 1 75 9058 9063 569
20622 2 2 1 75 572 1092 2827
20623 2 2 1 75 1751 9062 572
20624 2 2 1 75 572 9065 1751
20625 2 2 1 75 1253 9061 632
20626 2 2 1 75 2680 9068 1253
20627 2 2 1 75 1255 2827 2828
20628 2 2 1 76 2641 9072 478
20629 2 2 1 76 478 9072 479
20630 2 2 1 76 9072 9073 521
20631 2 2 1 76 548 9073 2641
20632 2 2 1 76 2641 9073 9072
20633 2 2 1 76 479 9072 521
20634 2 2 1 76 477 2641 478
20635 2 2 1 76 521 9073 522
20636 2 2 1 76 522 9073 548
20637 2 2 1 77 480 9075 474
20638 2 2 1 77 476 9080 1209
20639 2 2 1 77 2105 9079 69
20640 2 2 1 77 474 9075 473
20641 2 2 1 77 1209 9080 9074
20642 2 2 1 77 9074 9079 2105
20643 2 2 1 77 69 9079 9075
20644 2 2 1 77 1209 9078 477
20645 2 2 1 77 547 9076 480
20646 2 2 1 77 69 9076 548
20647 2 2 1 77 2105 9077 2641
20648 2 2 1 77 9075 9079 473
20649 2 2 1 77 548 9077 69
20650 2 2 1 77 2641 9078 2105
20651 2 2 1 77 9074 9080 472
20652 2 2 1 77 472 9080 471
20653 2 2 1 77 480 9076 69
20654 2 2 1 77 69 9077 2105
20655 2 2 1 77 471 9080 476
20656 2 2 1 77 477 476 1209
20657 2 2 1 77 477 9078 2641
20658 2 2 1 77 548 9076 547
20659 2 2 1 77 2641 9077 548
20660 2 2 1 77 2105 9078 1209
20661 2 2 1 77 69 9075 480
20662 2 2 1 77 473 9074 472
20663 2 2 1 77 473 9079 9074
20664 2 2 1 77 1209 9074 2105
20665 2 2 1 78 471 475 472
20666 2 2 1 79 604 603 1096
20667 2 2 1 79 1096 1097 604
20668 2 2 1 80 1300 9083 2190
20669 2 2 1 80 134 9084 2190
20670 2 2 1 80 2190 9081 1300
20671 2 2 1 80 691 9084 134
20672 2 2 1 80 618 9087 2728
20673 2 2 1 80 2847 9085 625
20674 2 2 1 80 1300 9081 2675
20675 2 2 1 80 692 9086 2847
20676 2 2 1 80 134 618 691
20677 2 2 1 80 2675 9081 614
20678 2 2 1 80 2667 9084 613
20679 2 2 1 80 134 9087 618
20680 2 2 1 80 2190 9084 9081
20681 2 2 1 80 2728 9086 692
20682 2 2 1 80 2190 9088 134
20683 2 2 1 80 9085 9086 9082
20684 2 2 1 80 614 9081 2667
20685 2 2 1 80 9081 9084 2667
20686 2 2 1 80 2847 9086 9085
20687 2 2 1 80 9083 9085 9082
20688 2 2 1 80 9082 9088 9083
20689 2 2 1 80 625 9085 624
20690 2 2 1 80 624 9085 9083
20691 2 2 1 80 9086 9087 9082
20692 2 2 1 80 9083 9088 2190
20693 2 2 1 80 2728 9087 9086
20694 2 2 1 80 134 9088 9087
20695 2 2 1 80 9087 9088 9082
20696 2 2 1 80 1300 2675 624
20697 2 2 1 80 613 9084 691
20698 2 2 1 80 624 9083 1300
20699 2 2 1 80 2847 693 692
20700 2 2 1 81 2861 676 677
20701 2 2 1 81 2712 2861 677
20702 2 2 1 81 2712 680 2861
20703 2 2 1 82 685 686 694
$EndElements
