# vtk DataFile Version 2.0
, Created by Gmsh 4.10.1 
ASCII
DATASET UNSTRUCTURED_GRID
POINTS 9088 double
0.5985 0.1335 0
0.596 0.1375 0
0.622 0.226 0
0.025 0.1555 0
0.025 0.1685 0
0.0145 0.1898 0
0.2135 0.155 0
0.2515 0.182 0
0.274 0.195 0
0.284 0.211 0
0.2395 0.012 0
0.199 0.0225 0
0.1555 0.0298 0
0.099 0.0405 0
0.246 0.0375 0
0.259 0.078 0
0.283 0.1185 0
0.4025 0.021 0
0.4078 0.0565 0
0.2395 0.111 0
0.049 0.1185 0
0.081 0.1115 0
0.111 0.103 0
0.029 0.2335 0
0.1689 0.1554 0
0.08599999999999999 0.2725 0
0.111 0.342 0
0.1398 0.2065 0
0.157 0.2474 0
0.1625 0.2845 0
0.0268 0.3205 0
0.046 0.3233 0
0.08799999999999999 0.3145 0
0.25 0.2474 0
0.104 0.3575 0
0.149 0.345 0
0.398 0.0745 0
0.3415 0.2405 0
0.382 0.232 0
0.7561 0.051 0
0.7816000000000001 0.1355 0
0.5488 0.305 0
0.5386 0.3885 0
0.3481 0.3573 0
0.3985 0.4207 0
0.9406 0.5496 0
1.1536 0.4972 0
1.2391 0.4687 0
1.3246 0.4518 0
0.5626 0.9051 0
1.2541 0.3127 0
1.5361 0.2405 0
1.4225 0.054 0
1.8331 0.179 0
1.8226 0.23 0
1.3411 0.8169 0
1.8751 0.6756 0
1.9681 0.6606000000000001 0
0.8071 0.4251 0
0.8289 0.3391 0
0.7081000000000001 0.3745 0
0.8266 0.5152 0
0.8701 0.8201000000000001 0
0.8712000000000001 0.9051 0
0.08209999999999999 1.2396 0
0.475 1.2127 0
0.6545 1.1699 0
0.1698 1.0257 0
0.131 1.3851 0
0.348 1.3161 0
0.4369 1.3039 0
1.0844 1.1796 0
1.3726 1.1121 0
0.9406 1.0672 0
1.8046 0.6383 0
1.8946 0.6152000000000001 0
1.6613 1.1641 0
1.3156 0.6906 0
0.0578 1.5021 0
0.3546 1.4151 0
0.6847000000000001 1.3341 0
1.1664 1.2411 0
1.405 1.1796 0
1.7086 1.0672 0
1.7806 0.9464 0
1.9141 0.9012 0
1.8046 0.8856000000000001 0
0.1431 1.5246 0
0.3546 1.4646 0
0.1765 1.5486 0
0.3753 1.509 0
0.2177 1.6146 0
0.3546 1.5981 0
0.2588 1.6506 0
0.8116 1.5441 0
0.6766 1.5186 0
0.7876000000000001 1.4946 0
1.1356 1.3859 0
1.1769 1.3806 0
1.2982 1.3656 0
1.0844 1.3274 0
1.1566 1.3039 0
1.2556 1.2891 0
1.5211 1.2264 0
1.4431 1.3039 0
1.5451 1.2861 0
1.4941 1.3551 0
0.201 1.7541 0
0.1847 1.8546 0
0.2067 1.9476 0
0.2553 2.0841 0
0.3391 1.5853 0
0.4726 1.7421 0
0.7764 1.6266 0
1.3351 1.4991 0
0.6847000000000001 1.7001 0
0.7824 1.6791 0
1.2766 1.5636 0
1.4026 1.5321 0
0.9622000000000001 1.5836 0
0.4368 1.9836 0
0.4632 2.0721 0
0.5133 2.1831 0
0.1674 1.734 0
0.3367 1.9026 0
0.3367 1.9918 0
0.3367 2.1066 0
0.3275 2.1816 0
0.4568 2.1561 0
0.4472 2.2611 0
0.4184 2.3331 0
0.8131 2.0451 0
0.8241000000000001 2.2731 0
1.4026 2.1816 0
1.4225 2.3556 0
1.1664 2.3421 0
1.1487 2.687 0
1.6936 2.0361 0
1.7311 2.2869 0
1.7221 2.4696 0
1.0216 1.7856 0
1.0306 1.9476 0
1.0403 2.0016 0
1.0306 2.0826 0
1.0081 2.6255 0
0.5626 2.5775 0
0.5791000000000001 2.4531 0
0.5941000000000001 2.3076 0
0.6925 2.3721 0
0.0752 1.9193 0
0.1367 2.0526 0
0.2896 2.3331 0
0.3546 2.4456 0
0.4184 2.576 0
0.4842 2.696 0
0.5611 2.855 0
0.6136 2.922 0
0.296 2.2731 0
0.3725 2.4054 0
0.4568 2.5505 0
0.5412 2.744 0
0.6286 2.819 0
0.7231000000000001 2.999 0
0.8071 3.1385 0
0.401 3.1295 0
0.4289 2.7995 0
0.4411 2.7223 0
0.6196 3.071 0
0.09620000000000001 3.2585 0
0.0107 2.4456 0
0.296 2.699 0
0.3033 2.8115 0
0.2867 3.011 0
0.8241000000000001 2.84 0
1.3816 2.4966 0
1.3096 2.4054 0
1.3906 3.1895 0
1.3906 2.885 0
0.7726000000000001 2.699 0
0.9214 2.6705 0
1.5661 2.744 0
1.9381 3.2045 0
1.9343 2.969 0
1.7941 2.8708 0
1.7881 3.1385 0
0.7366 3.0965 0
0.7002999999999999 3.017 0
0.7651 3.2795 0
1.1624 2.969 0
1.1624 3.17 0
1.1551 3.3141 0
1.1588 3.3738 0
2.2216 3.3515 0
1.5646 3.269 0
1.5781 3.0898 0
1.7101 2.7591 0
2.268 3.269 0
2.268 3.1175 0
2.2545 2.9979 0
2.2485 2.9089 0
2.2216 2.789 0
2.466 3.236 0
2.457 3.0244 0
2.4645 2.8007 0
2.4615 2.669 0
2.7195 3.2975 0
2.6955 3.2525 0
2.685 3.2274 0
2.6655 3.2045 0
2.802 3.269 0
2.6835 3.1115 0
2.8185 3.269 0
2.7735 3.1925 0
2.712 3.1085 0
2.6535 3.017 0
2.628 3.002 0
2.5935 2.9615 0
2.5995 2.6495 0
2.628 2.8325 0
2.6385 2.942 0
2.628 2.5341 0
2.667 2.612 0
2.628 3.2045 0
2.5725 3.1175 0
2.511 3.041 0
2.4105 2.8708 0
2.388 2.8325 0
2.3535 2.7125 0
2.3567 2.8325 0
2.322 2.4696 0
2.3567 2.514 0
2.373 2.624 0
2.7035 2.514 0
2.565 2.3061 0
2.4642 2.2476 0
2.4642 2.4396 0
2.1136 1.9026 0
2.0678 2.0361 0
2.0116 2.0091 0
1.9831 1.9386 0
1.9591 1.8394 0
1.8421 1.6877 0
1.8676 1.7698 0
1.8976 1.9918 0
2.1968 2.1621 0
2.2081 2.3331 0
2.4848 1.9536 0
2.4848 1.9836 0
2.5275 2.0668 0
2.784 2.4576 0
2.802 2.4636 0
2.4848 2.1482 0
2.4848 2.0766 0
2.6385 2.1006 0
2.7035 2.0856 0
2.7435 2.0668 0
2.259 2.1482 0
2.253 2.2333 0
1.9958 1.6401 0
2.2246 1.6146 0
2.1541 1.7248 0
2.277 1.6626 0
2.34 1.7841 0
2.3835 1.7762 0
2.4255 1.762 0
2.787 1.8021 0
2.733 1.734 0
2.691 1.6908 0
2.727 1.5756 0
2.7345 1.6713 0
2.335 2.4636 0
1.8803 1.4607 0
1.9156 1.5921 0
2.1154 1.4376 0
2.1693 1.4249 0
2.2246 1.4061 0
2.2875 1.3993 0
2.2748 1.2933 0
2.37 1.3739 0
1.9306 1.3521 0
2.0821 1.2591 0
1.9958 1.0184 0
1.9216 0.8076 0
1.8938 0.7416 0
1.9501 1.2679 0
2.2006 1.2216 0
2.4645 1.1641 0
2.784 1.09 0
1.9324 1.1796 0
2.2081 1.1067 0
2.2935 1.09 0
2.3085 1.09 0
1.4425 0.9703999999999999 0
1.5249 1.1067 0
1.6366 1.3067 0
1.6936 1.2359 0
1.7311 1.3803 0
1.8121 1.2127 0
1.8331 1.4125 0
1.8481 1.5696 0
1.8721 1.6866 0
1.8976 1.8021 0
1.9621 1.9476 0
2.0326 2.0938 0
1.8226 1.0296 0
1.9853 1.1039 0
2.7705 0.6831 0
2.7428 1.2861 0
2.7105 1.2359 0
2.5965 1.5029 0
2.565 1.3435 0
2.2875 0.739 0
2.0131 0.7266 0
2.2447 0.6698999999999999 0
2.6925 0.9959 0
2.5155 0.9959 0
2.2642 1.1196 0
1.5631 0.9703999999999999 0
1.2166 0.8706 0
1.3156 0.8466 0
1.6246 0.5436 0
1.7191 0.6383 0
1.8803 0.5242 0
1.9448 0.4942 0
2.4336 0.6901 0
2.6835 0.6287 0
2.1391 0.6081 0
2.7375 0.8091 0
2.5995 0.9127000000000001 0
1.7371 0.4944 0
1.8803 0.4518 0
1.9354 0.4318 0
2.0356 0.4105 0
2.6445 0.5646 0
2.6835 0.5646 0
2.7015 0.2867 0
2.7375 0.0626 0
2.8065 0.2392 0
2.7825 0.2748 0
2.7383 0.195 0
2.7975 0.1722 0
2.0491 0.067 0
2.3415 0.0284 0
1.9448 0.3687 0
2.0356 0.3573 0
2.4675 1.0416 0
1.5148 0.3545 0
1.5809 0.3371 0
1.9013 0.2211 0
1.8976 0.2484 0
1.6434 0.3787 0
2.478 0.5308999999999999 0
2.313 0.1106 0
1.6684 0.2007 0
2.55 0.1898 0
2.3625 0.2217 0
2.4486 0.1655 0
2.559 0.1522 0
2.727 0.3712 0
0.9961 0.5425 0
1.0546 0.2077 0
1.7446 0.1597 0
0.1465125448028674 0.03100537634408602 0
0.1698278445324562 0.09379771766127408 0
0.179 0.1185 0
0.113 0.0355 0
0.2125 0.09029999999999999 0
0.09816340621403911 0.3121179516685846 0
0.1035 0.3295 0
0.1625 0.2935 0
0.1625 0.326 0
0.1640039701074265 0.3413404950957497 0
0.165 0.3515 0
0.12 0.307 0
0.2661343905173795 0.2406528912381868 0
0.19 0.335 0
0.3924906477749849 0.2293865403788634 0
0.439 0.2178 0
0.7327714099072189 0.3670683318668273 0
0.8071 0.4492 0
0.8347062717770035 0.5131303135888502 0
0.9954458743052587 0.5386308251389482 0
1.010341767764298 0.5356516464471404 0
1.0621 0.5253 0
1.112710549280267 0.8114611099783877 0
1.1836 0.7956 0
1.227892350196112 0.7854760342408886 0
1.304759943661972 0.7679062985915494 0
1.231489768431002 1.055087948960302 0
1.1746 0.9171 0
1.152350329724258 0.8791221145293379 0
1.128203591565362 0.8379061304305316 0
1.0876 0.7686000000000001 0
0.793054493032196 0.7467643440653532 0
0.833 0.739 0
1.087597363376433 0.3480619188400506 0
1.1664 0.326 0
1.273504109840826 0.3078208506414734 0
1.357412012911103 0.2867222692172806 0
1.3921 0.278 0
1.584784640908523 0.2287796234849852 0
1.668787731140372 0.2085566573180586 0
1.680492724492396 0.2057387885481267 0
1.7251 0.195 0
1.753321982758621 0.1829586206896552 0
1.492365967529194 0.1061701261345012 0
1.5046 0.1035 0
1.562876778223175 0.0895355644635033 0
1.616750759219089 0.07662613882863342 0
1.6636 0.0654 0
1.785181932997966 0.04098825502158478 0
1.44792659404735 0.04721354251405243 0
1.559274714661984 0.01749429323968393 0
1.5848 0.2288 0
1.646940177201559 0.3229304600640334 0
1.676737542627081 0.3680677583871902 0
1.6996 0.4027 0
1.76122068931039 0.4871496875406197 0
1.796589163076119 0.5356213387300344 0
1.82038351465471 0.2680180010177837 0
1.819226383445441 0.2878655563310605 0
1.815639040105621 0.3493970359026312 0
1.812598311465366 0.4015527719131025 0
1.932608275988565 0.08416184759784452 0
1.9336 0.0854 0
1.999206007065085 0.2272150051709913 0
2.006825661348716 0.2436857730164169 0
2.0326 0.2994 0
2.066181688534228 0.3448919940677004 0
2.10222122301218 0.3937135501071672 0
2.143920982751774 0.4502028246344032 0
1.4573 0.6201 0
1.470526143071152 0.6171020742372056 0
1.4798 0.615 0
1.62569682547823 1.006066588030155 0
1.596799360645303 0.9658341486193519 0
1.5781 0.9398 0
1.5376 0.8759 0
1.520567054543312 0.8122505722407978 0
1.509645028260414 0.7714366845520753 0
1.5091 0.7694 0
1.487470524952612 0.7070586752012542 0
1.216844274007144 0.8364624711073756 0
1.2391 0.8361000000000001 0
1.438118733881023 0.7928540487454953 0
1.4573 0.7881 0
1.5751 0.7506 0
1.629253853046239 0.737151793160184 0
1.674791384715166 0.7258433061290671 0
1.6951 0.7208 0
1.742875932031448 0.7071497337053005 0
1.8323 0.6816 0
0.8290723792744454 0.3448936253703852 0
0.8860023190252332 0.3354106790855703 0
0.8881 0.344 0
0.7652 0.3573 0
0.8589 0.3391 0
0.8971 0.3339 0
0.8800217335707088 0.9708668161409124 0
0.8159999999999999 0.7881 0
0.192417083040447 1.214641803752834 0
0.4766809557860408 1.212333430123767 0
0.4789725480650566 1.211833697349668 0
0.5488051863222182 1.196605134067082 0
0.5580000000000001 1.1946 0
0.6847000000000001 1.165325656877898 0
0.7192000000000001 1.1601 0
0.7496804126670198 1.150020243279419 0
0.7709910128873833 1.142972908712875 0
0.7824 1.1392 0
0.02497035352916289 1.354387390226447 0
0.04574919083480211 1.350460118570742 0
0.1085 1.3386 0
0.169969217843256 1.31853891635241 0
0.02120726207597207 1.303997243736064 0
0.0276 1.3896 0
0.04990292955986731 1.438341501687127 0
0.0578 1.4556 0
0.08065484839988785 1.493854896463332 0
0.1779089847949624 1.376669352963117 0
0.4825707410236822 1.294156111535523 0
0.5133 1.2876 0
0.4895 1.2359 0
0.9103119355276273 1.119191669074846 0
0.9406 1.1121 0
0.962202285863818 1.106665462675769 0
1.036 1.0881 0
1.116308080585007 1.069809898102608 0
1.2166 1.0596 0
1.3156 1.0296 0
1.452570236474563 1.00137465839762 0
0.9843075539596365 1.212698167202823 0
1.050695771806455 1.196590570111302 0
1.0589 1.1946 0
1.1821 1.1504 0
1.281523295562932 1.133650309666425 0
1.2931 1.1317 0
0.9653027140818975 1.059820810871695 0
1.0109 1.0462 0
1.40500336406109 0.7308063031881475 0
1.4573 0.715 0
1.55 0.6906 0
1.623434161814984 0.6757247477754927 0
1.638493867958133 0.6726741658423768 0
1.6981 0.6606000000000001 0
1.639909784472421 0.849625523693685 0
1.646069228060167 0.9146386671362376 0
1.649486111178458 0.9507039884808219 0
1.653964274983764 0.9979711647583719 0
1.6613 1.0754 0
1.656331212713193 1.241961409030372 0
1.4692877440365 0.5713255384920569 0
1.4715 0.5706 0
1.242598067392511 1.227616675915118 0
1.275716015715276 1.284579547030275 0
1.2766 1.2861 0
1.297526003415884 1.319098697694278 0
1.3156 1.3476 0
1.3156 1.361817391304348 0
1.3156 1.4346 0
0.1368 1.4736 0
0.1696568061997637 1.46430852611564 0
0.2223221192842768 1.449415466267971 0
0.2588 1.4391 0
0.4805042913247732 1.389462585030102 0
0.498 1.3859 0
0.782199691978396 1.315956853434441 0
0.8701 1.2996 0
0.9589459964561184 1.280247406712529 0
1.0216 1.2666 0
1.2766 1.2216 0
1.433449805511223 1.170932035123277 0
1.533890179216585 1.124572906091936 0
1.5848 1.1121 0
1.730216960402838 1.06143547722591 0
1.589958923812251 1.018047294112464 0
1.6426 1.0004 0
1.7446 0.9786 0
1.832039948203302 0.9564683068954355 0
1.944707323388571 0.8891943367173512 0
1.9786 0.8759 0
1.992539701920125 0.8718622932369292 0
1.7011 0.9051 0
1.8321859375 0.8764046875 0
1.8991 0.8541 0
0.4874180313812913 1.435063002657978 0
0.181 1.3993 0
0.1368 1.4125 0
0.4171621940202018 1.496614608922996 0
0.4472 1.5366 0
0.4660803094233474 1.577854219409283 0
0.5202457127605151 1.46611621477346 0
0.571 1.4511 0
0.6766 1.435775461741425 0
0.6766 1.4691 0
0.6766 1.5696 0
0.6766 1.4252 0
0.6766 1.604544827586207 0
0.2605067251621342 1.60498051119952 0
0.3590346006422873 1.597371024551953 0
0.4276 1.5861 0
0.5326000000000001 1.5636 0
0.2776361949315323 1.647355770184026 0
0.3084135741022223 1.642054864585734 0
0.3546 1.6341 0
0.4077537303441845 1.626871982275372 0
0.498 1.6146 0
0.8127308441558442 1.54383299512987 0
0.9196 1.5186 0
0.8153049248747913 1.488168499582638 0
0.8716 1.4751 0
0.8906550214592275 1.470341201716738 0
0.8092816848025431 1.618421066145005 0
0.8071 1.6656 0
0.8071 1.762 0
0.8071 1.674462648221344 0
0.8655177834080873 1.37250913548122 0
1.003262048345058 1.348908652303094 0
1.0109 1.3476 0
1.3891 1.2591 0
1.3411 1.3161 0
0.1985526513609822 1.769124451578606 0
0.1859 1.8468 0
0.4078 1.6269 0
0.4331168698196002 1.800888152120917 0
0.5065 1.7856 0
0.9151 1.5921 0
0.9622000000000001 1.583655945945946 0
1.038228453180991 1.57002561965494 0
1.1371 1.5523 0
1.539554604617302 1.46144505123595 0
0.8251880705117156 1.671066666603531 0
0.9342 1.6506 0
1.035381429441162 1.6267692413485 0
1.036114419329696 1.61345814497272 0
1.1721 1.5853 0
1.346237845110923 1.704358382628374 0
1.4341 1.6866 0
0.7516 1.872578723404255 0
0.8476 1.8576 0
0.4608377673282835 1.86128563831302 0
0.6361 1.8291 0
0.6847000000000001 1.816333762301287 0
0.7516 1.798760484481453 0
0.3481 1.762 0
0.2935 1.6866 0
0.3095841254598247 1.754484470690731 0
0.3275 1.8301 0
1.0216 2.187093713733075 0
0.9707 2.2026 0
1.135128479807698 1.974974365629778 0
1.1941 1.9558 0
1.312814675131743 2.22270651495727 0
1.322084483012208 2.099019252831298 0
1.3268 2.0361 0
1.335874218840647 1.838504255041422 0
1.3366 1.8227 0
1.408419337329967 2.20879589807472 0
1.4225 2.2746 0
1.409392600450869 2.491388887415462 0
1.4086 2.4996 0
1.158402267633424 2.53288927814242 0
1.1581 2.5401 0
1.4296 2.0811 0
1.472050479233227 2.071721405750798 0
1.5586 2.0526 0
1.74596776025181 2.027607930769977 0
1.7401 2.1208 0
0.9893 1.3161 0
1.0216 1.392 0
1.028229975661055 1.412953559442158 0
1.0403 1.4511 0
1.0381 1.5774 0
1.0306 1.7136 0
1.028761401713774 2.102824581148484 0
1.0216 2.1816 0
1.0216 2.2971 0
1.0216 2.403346425567704 0
1.0216 2.4456 0
1.004079211663837 2.658417442971882 0
0.9808 2.849 0
0.9808 2.8588 0
0.9808 2.9915 0
0.6853420718816069 2.538587174066244 0
0.6847000000000001 2.5281 0
0.1562133124162557 2.094087991938333 0
0.2136 2.2161 0
0.8634374689826303 3.176527791563275 0
0.1160115015974441 3.093751723558096 0
0.1247 3.0215 0
0.1295309301181102 2.978941806102362 0
0.1562 2.744 0
0.1601057478368357 2.584905871446233 0
0.1622 2.4996 0
0.112 2.528475577557756 0
0.112 2.6 0
0.06923093115728299 2.533754663942962 0
0.05798328243564115 2.589513007872382 0
0.0362 2.6975 0
0.0107 2.540979273927393 0
0.0107 2.585 0
0.3100977819285548 2.931702077982723 0
1.0403 2.3991 0
1.2541 2.5116 0
1.5256 2.4696 0
1.559959130541906 2.464102539113295 0
1.399274177592154 2.761202746118997 0
1.376145140543877 2.763346213806614 0
1.3583 2.8708 0
1.4716 2.7545 0
1.566688224320326 2.74391135786284 0
1.6936 2.724786458333333 0
1.7101 2.7223 0
1.932545460037118 2.921247572144252 0
1.932450578293645 2.918665223662083 0
2.020985775343125 2.908294395617626 0
2.078590932955684 2.901546647784187 0
2.02028125 3.38103125 0
2.1481 3.3685 0
2.080882157676349 3.016107883817428 0
2.0761 2.777 0
2.0761 2.517758223062382 0
2.0761 2.4456 0
2.070928341299074 2.375081560469154 0
1.9111 2.3331 0
1.945526829268293 2.401953658536585 0
1.9996 2.5101 0
1.572388004693137 2.910934844635082 0
1.5695 2.8205 0
1.5586 2.5236 0
1.3816 2.2131 0
1.5218 2.1906 0
1.550425750194255 2.184805725280282 0
1.9111 2.408401362088536 0
1.9928 2.3931 0
2.277 3.338 0
2.277 3.2945 0
2.52770392438874 3.050346243407986 0
2.517 3.0343 0
2.335001447345568 2.679026428530076 0
2.322 2.6555 0
2.439535842917544 1.757804339428949 0
2.4435 2.0016 0
2.087567758774982 1.839081331410957 0
2.045930001395047 1.636644347330305 0
2.0536 1.7136 0
2.0658240835874 1.844535430538278 0
2.0678 1.8657 0
2.269919530983375 1.870575939739652 0
2.3145 1.8621 0
2.768267384292251 2.062202655464707 0
2.766 1.9836 0
2.1046 1.6326 0
2.279918615999956 1.601726009143775 0
2.3505 1.5853 0
2.18861879776733 1.713594602152454 0
2.1306 1.6287 0
2.264452104807349 1.984303017541476 0
2.262 1.9371 0
2.277 1.8111 0
2.287337050017729 1.446998671058785 0
1.890070948740462 1.492919219076198 0
1.9696 1.4773 0
1.978518852903926 1.342111850913696 0
1.973432488916032 1.374195069914263 0
1.9643 1.4318 0
2.249050174393301 1.212233337976899 0
2.24256525829144 1.191817257887373 0
2.235 1.168 0
2.221713632973572 1.103789290054648 0
2.212260893408738 1.058105837446483 0
2.2021 1.009 0
2.196591752574781 0.9641587857754386 0
2.1886 0.8991 0
2.187350568630416 0.8772349510322699 0
2.18387924285583 0.8164867499770284 0
2.1796 0.7416 0
2.107945494148921 0.7632690132152056 0
2.068503804862353 0.7751965602163245 0
2.384964398734177 1.3739 0
2.361 1.2861 0
2.310359259149525 1.199769594169191 0
2.07849290617849 1.248715942028986 0
2.0491 1.1641 0
2.042208666392658 1.151547013131607 0
2.0222 1.1151 0
2.019625833033159 1.095983645311823 0
2.0161 1.0698 0
1.994802132941842 1.015856256925515 0
1.9714 0.9562 0
1.964869052062925 0.9398055969673432 0
1.9373 0.8706 0
2.1392 1.2359 0
2.2875 1.2048 0
2.3543 1.1901 0
2.468597497393118 1.1641 0
2.501521848739496 1.1641 0
2.513493356953056 1.163460038382049 0
2.567644766215234 1.149561176671423 0
2.571 1.1487 0
2.634923760828503 1.121740848694066 0
2.64 1.1196 0
2.672776073859635 1.11360267584696 0
2.7105 1.1067 0
2.7915 1.088306451612903 0
2.825587712869153 1.08060922612632 0
2.8305 1.0795 0
1.959954033467395 1.172542730849108 0
2.0222 1.1566 0
2.0911 1.1392 0
2.251103280711954 1.097505534636197 0
2.253 1.0971 0
2.3235 1.09 0
2.352 1.09 0
2.382238706808611 1.081249101514478 0
2.418 1.0709 0
2.211327489580681 1.563360767076292 0
2.1556 1.4849 0
2.152944803026131 1.474456225236117 0
1.384612522567811 0.85929534071282 0
1.4086 0.9051 0
1.4715 1.0596 0
1.55 1.1566 0
1.552363092269327 1.161570906068163 0
1.5809 1.2216 0
1.694161628306424 1.407272062864995 0
1.7082 1.4318 0
1.7007 1.162 0
1.8316 0.759525 0
1.8316 0.7974604651162791 0
1.8316 0.8466 0
1.8331 0.9228999999999999 0
1.8316 0.9703999999999999 0
1.8226 1.153530769230769 0
1.9096 1.1281 0
2.091072507461924 1.079506340434112 0
2.0222 1.0086 0
2.067291626095423 0.9941706796494645 0
2.022585303364959 0.9210226201723802 0
2.144293509179418 0.8875009665178609 0
2.1541 0.8847999999999999 0
2.228394663991627 0.8678967470846924 0
2.322 0.8466 0
2.237724227514269 0.4934135027932116 0
2.2875 0.5796 0
2.289757573561386 0.5833957336812097 0
2.300317270468875 0.6011501040816685 0
2.328876411627166 0.649167540082475 0
2.360321280748631 0.7020368466986984 0
2.3625 0.7057 0
2.396469485914174 0.7746958002790096 0
2.14921079663386 0.8234790846086555 0
2.245043168510315 0.8041504995197153 0
2.28 0.7971 0
2.302185401166298 0.7928323915812051 0
2.424 0.7694 0
2.439633501492433 0.7653883845226965 0
2.5035 0.749 0
2.584503648541874 0.7293450606541038 0
2.67 0.7086 0
2.795405866459823 0.6786871484930247 0
2.822760823179398 0.6738403642151939 0
2.79690270220858 0.6333080780432031 0
2.7915 0.7971 0
2.7915 0.8039712328767122 0
2.7915 0.8402440594059406 0
2.7915 0.8930741550695827 0
2.7915 0.9107030303030303 0
2.7915 0.9230793103448276 0
2.7915 0.9995783251231527 0
2.7915 1.027876785714286 0
2.7915 1.0506 0
2.7915 1.134472222222222 0
2.530656818522279 0.8956891076748947 0
2.572632469683148 0.9612843911159663 0
2.626691382765531 1.045762168782008 0
2.655 1.09 0
2.702357528175256 1.15288027352159 0
2.660630607750689 1.161963205404281 0
2.6415 1.1336 0
2.6115 1.0795 0
2.577921523998021 1.056464443344879 0
2.565 1.0476 0
2.6175 1.662828125000001 0
2.6175 1.6146 0
2.4857 1.1281 0
2.465726147961611 1.084795694232123 0
2.4375 1.0236 0
2.409252759159402 0.9781997245040233 0
2.3685 0.9127000000000001 0
2.235 0.9562 0
2.352017769381551 0.9256377119968182 0
2.335341162420382 0.9977773487261147 0
2.352 1.0296 0
2.301 1.1796 0
2.0761 0.7898999999999999 0
2.039851309416743 0.719735867882523 0
2.0326 0.7057 0
2.015866463437545 0.6806947720686036 0
1.7506 0.7694 0
1.751150313771247 0.7741204692378039 0
1.755989556349997 0.815630416691086 0
2.295 0.7694 0
2.2815 0.7208 0
2.270299616750648 0.7056503486685075 0
2.2642 0.6974 0
2.259866155719778 0.6661646101266953 0
2.082315860682666 0.7088398670304583 0
2.1269 0.6974 0
2.28114745004323 0.6609230754375209 0
2.373 0.6383 0
2.4336 0.6237181250000001 0
2.469 0.6152000000000001 0
2.817 1.0596 0
2.774204405750559 1.006360242868254 0
2.733 0.9551000000000001 0
2.718080921194559 0.9318639634696873 0
2.674924510518934 0.8646490939691445 0
2.656981441464345 0.8367032795220541 0
2.646 0.8196 0
2.544 0.6698999999999999 0
2.536668687672883 0.6602026732400403 0
2.684925089264461 1.032690616519876 0
2.6835 1.0295 0
2.646411383832372 0.948371114577134 0
2.5455 1.1181 0
2.5065 1.0863 0
2.520696298882681 0.9699185055865922 0
2.4075 0.9786 0
2.45773491075889 0.967127913996906 0
2.238 1.0754 0
1.609594006965154 0.859791605574884 0
1.7041 0.8281000000000001 0
1.738892172858839 0.8197390902432249 0
1.713657554742533 0.7827750477802654 0
1.7716 0.7694 0
1.458839231509262 0.8316777179857757 0
1.4715 0.8553999999999999 0
1.56562628707038 0.9748815921850164 0
1.5676 1.1566 0
1.5809 0.9703999999999999 0
1.4913 0.8196 0
1.492202902531222 0.8193732666634767 0
1.1769 0.8706 0
1.236703383458646 0.8659308270676692 0
1.2631 0.8598 0
1.5046 0.8381000000000001 0
1.8331 0.5242 0
1.983112794685797 0.4895094845075892 0
2.0371 0.4829 0
2.1766 0.4402 0
2.192444147563346 0.437140931099059 0
2.315212861319147 0.4134376707780223 0
2.3325 0.4101 0
2.358074884869519 0.4032800307014617 0
2.4135 0.3885 0
2.421954545454545 0.3873727272727273 0
2.449160958904109 0.3837452054794521 0
2.4645 0.3817 0
2.538000726566734 0.3687021156789528 0
2.5759 0.362 0
2.603490132817121 0.3549214819594558 0
2.6445 0.3444 0
2.66546573875803 0.3444 0
2.2939 0.4777 0
2.301796871224777 0.4767164240564702 0
2.401660544141473 0.4642781426767242 0
2.4125451317897 0.4629224388465227 0
2.4336 0.4603 0
2.456509167921163 0.4548311843798649 0
2.499626897628231 0.4445382346516931 0
2.5178 0.4402 0
2.56081563151174 0.4351365007749634 0
2.607 0.4297 0
2.673032643495365 0.4145626922513549 0
2.6925 0.4101 0
2.697164718162839 0.4081230480167014 0
2.3798 0.6974 0
2.435750755012998 0.6892661180179931 0
2.4857 0.6698999999999999 0
2.574 0.6531 0
2.776707070286909 0.6016516737206619 0
2.641024144207605 0.6135157532390166 0
2.590351014638801 0.5175266187178675 0
2.5868 0.5108 0
2.062555837635377 0.6668758965167589 0
2.1091 0.6531 0
2.176385585585586 0.6328221522892755 0
2.2186 0.6201 0
2.2880576568692 0.6039930576015281 0
2.3415 0.5916 0
2.175022161089501 0.5979894579714979 0
2.4336 0.54527515625 0
2.455876911310638 0.5413650942126641 0
2.474410104337011 0.5381121327283475 0
2.5155 0.5308999999999999 0
2.628 0.5108 0
2.664765346332846 0.5014323912083433 0
2.71199874053382 0.4893975811790541 0
2.737000209324647 0.4830273439255008 0
2.74161077251257 0.8190142160597289 0
2.75347678017711 0.8476322345447943 0
2.763 0.8706 0
2.785861384410309 0.9126964802589819 0
2.593186702876197 0.8478820725545053 0
2.628 0.8397 0
2.7015 0.8321000000000001 0
2.772 0.8091 0
2.6363 0.9507000000000001 0
2.757 0.9228999999999999 0
2.8019588681718 0.9070054506463335 0
2.5995 0.8816938271604939 0
2.628 0.8759 0
2.7135 0.8553999999999999 0
2.6875 1.1566 0
2.757 1.1392 0
2.673 1.0356 0
2.7435 1.0184 0
2.836102966507177 0.9820886889952154 0
2.5995 0.8706 0
2.5868 0.8249 0
2.7525 0.5991000000000001 0
2.771395778846014 0.5933262897970515 0
2.8065 0.5826 0
2.727 0.4687 0
2.6875 0.3885 0
1.8226 0.4687 0
2.1499 0.3817 0
2.165945160315896 0.3785057108100054 0
2.2152 0.3687 0
2.31812982845581 0.3473769409081314 0
2.3325 0.3444 0
2.351046207044827 0.3415777511018741 0
2.372954877336448 0.3382438230140187 0
2.4015 0.3339 0
2.461432555404111 0.3163501293458003 0
2.52 0.2992 0
2.520529073482428 0.2990897763578275 0
2.707195950860745 0.556428982461812 0
2.727 0.5496 0
2.742036012130402 0.1143105382865806 0
2.7435 0.131 0
2.76262729748128 0.1892927161334242 0
2.7645 0.195 0
2.8065 0.179 0
2.801213940898932 0.1706362354109758 0
2.63912551997465 0.1397768699110451 0
2.661314186537881 0.1364423949729714 0
2.7135 0.1286 0
2.759946596575696 0.1053417794590876 0
2.78 0.0953 0
2.803284371941924 0.08891715118794805 0
1.843700190839695 0.093893320610687 0
1.8976 0.09029999999999999 0
1.9649 0.0785 0
2.1327 0.067 0
2.1383 0.067 0
2.192450008025614 0.05929813890226489 0
2.2297 0.054 0
2.357094535324688 0.1230819823847746 0
2.352 0.115 0
2.340700051576821 0.1008137542333386 0
2.2921 0.0398 0
1.8511 0.3938 0
2.1263 0.3205 0
2.159175142074623 0.3147488895378141 0
2.2875 0.2923 0
2.330372507194057 0.2835552996962156 0
2.4336 0.2625 0
2.446405872888174 0.2599366251005631 0
2.5065 0.2479074742268041 0
2.55 0.2392 0
2.235879811736471 0.1435962029415679 0
2.2365 0.1448 0
2.270972236201009 0.1957542741346167 0
2.29827785657526 0.2361153942503064 0
2.3325 0.2867 0
2.352 0.3444 0
2.4336 0.5144 0
2.4336 0.6201 0
2.4336 0.6471 0
2.445 0.8706 0
2.4638 1.0131 0
2.4638 1.1317 0
2.478 1.2276 0
1.6853 0.3147 0
1.700850491431548 0.3113115660693903 0
1.742238462651029 0.3022931754534722 0
1.7881 0.2923 0
1.897930203625569 0.2493523072561413 0
1.921484268372456 0.3172822299861636 0
1.9226 0.3205 0
1.9649 0.3063 0
1.7105 0.3573 0
1.71909158378193 0.3543679515664843 0
1.7483 0.3444 0
1.767634355358526 0.3420057924439208 0
1.7911 0.3391 0
1.8278 0.3545 0
2.454 0.4145 0
2.4608 0.5237999999999999 0
2.4857 0.4687 0
2.142299144821738 0.1603622249684704 0
2.1451 0.1597 0
2.2725 0.1371 0
2.3798 0.08699999999999999 0
1.6658 0.1502 0
1.6703 0.2392 0
2.4486 0.2923 0
2.5065 0.2933 0
2.4075 0.3787 0
2.148954905366623 0.2190644851230603 0
2.311102323015585 0.1880878157369815 0
2.3325 0.184 0
2.2965 0.5017 0
2.2845 0.6471 0
2.2642 0.7308 0
1.0216 0.574 0
1.0948 0.3787 0
1.7626 0.2077 0
1.8736 0.254 0
1.9516 0.2391 0
2.168574908210866 0.4032714293878953 0
2.1499 0.2274 0
2.1327 0.0757 0
0.2042852993154806 0.4981937155352826 0
0.9744563468276416 0.9483424120899995 0
0.9342139773955067 1.149396109290821 0
0.2272598598270632 1.086944577558085 0
0.2710822154323682 1.249970835152044 0
0.7736830819505653 1.184519706710288 0
0.8679481429363354 1.443627226983924 0
1.578805922140388 1.524354697129115 0
1.614252355256121 1.581166103629673 0
0.9268598940416281 1.764136569929463 0
0.6847000000000001 1.787278260869565 0
0.7516 1.773461956521739 0
0.4859798827347416 1.916064548975135 0
0.5252384615384614 2.0016 0
1.55052605257486 1.868026934768229 0
0.2122689285411546 2.935361511401203 0
2.1886 2.636391064871481 0
2.115937714534459 1.343264801768258 0
2.036964386889906 0.9445495396922465 0
2.786690160535576 0.05597853370825039 0
0.3845 0.0745 0
0.8289 0.5706 0
0.6025 2.936 0
2.457 2.93 0
2.6357 3.0065 0
2.3835 2.777 0
2.2021 2.391 0
1.6067 1.216 0
0 0.3885 0
0 0 0
0 1.7136 0
0 2.3331 0
0 3.47 0
0 2.5423 0
2.85 3.47 0
2.85 0.07611118881118883 0
2.1619 0 0
2.727 0 0
2.1327 0 0
1.5584 0 0
0.7295 0 0
1.0109 0 0
0.362 0 0
0.229 0 0
0.135 0 0
2.85 0 0
0.579 0.078 0
0.6545 0.3015 0
0.035 0.124 0
0.0175 0.211 0
0.29 0.23 0
0.0775 0.0475 0
0.2325 0.0165 0
0.308 0.171 0
0.413 0.011 0
0.413 0.06850000000000001 0
0.2665 0.1275 0
0.007 0.131 0
0.141 0.09029999999999999 0
0.0025 0.211 0
0.051 0.249 0
0.132 0.1355 0
0.123 0.1675 0
0.06950000000000001 0.2474 0
0.123 0.3515 0
0.1085 0.179 0
0.1585 0.3745 0
0.0025 0.326 0
0.1572 0.2995 0
0.2182 0.2545 0
0.3667 0.0815 0
0.417 0.06850000000000001 0
0.2955 0.2405 0
0.4895 0.202 0
0.8071 0.1974 0
0.6766 0.305 0
0.5488 0.192 0
0.528 0.5377000000000001 0
0.3359 0.2994 0
0.498 0.5436 0
0.7393 0.592 0
1.3786 0.4297 0
1.0741 0.8201000000000001 0
1.3411 0.7596000000000001 0
1.2451 1.0881 0
1.1453 0.7506 0
0.528 0.8671 0
0.614 0.9786 0
0.6766 0.7694 0
0.9406 0.7086 0
1.0546 0.3573 0
1.7626 0.179 0
1.3786 0.131 0
1.3006 0.08450000000000001 0
1.4146 0.003 0
1.8046 0.5466 0
1.8121 0.115 0
1.8676 0.003 0
1.3786 0.6383 0
1.5848 0.592 0
1.6426 1.0296 0
1.1163 0.8381000000000001 0
2.0063 0.6383 0
0.7876000000000001 0.3573 0
0.8159999999999999 0.4603 0
0.8202999999999999 0.2857 0
0.833 0.4769 0
0.8712000000000001 0.2748 0
0.9046000000000001 0.4088 0
0.6183 0.3885 0
0.9464 0.3205 0
0.7561 0.5332 0
0.8971 0.4972 0
0.8589 0.7416 0
0.8879 1.0296 0
0.7752 0.7146 0
0.8701 0.8706 0
0.0145 1.2591 0
0.3481 1.2411 0
0.8289 1.1324 0
0.228 1.2996 0
0.1698 0.9562 0
0.1974 1.0596 0
0.0482 1.4061 0
0.2395 1.3656 0
0.2588 1.3416 0
0.6691 1.2591 0
0.4472 1.1392 0
0.4369 1.1392 0
0.8539 1.1324 0
1.0876 1.0754 0
1.1056 1.0709 0
1.4715 1.09 0
0.8971 1.0795 0
1.0627 1.0356 0
1.3726 0.7406 0
1.9501 0.5991000000000001 0
1.6186 0.6247 0
1.6516 1.3161 0
1.3846 0.5991000000000001 0
1.5848 0.5436 0
1.3156 0.5496 0
1.2541 0.6201 0
1.2279 1.2276 0
1.3574 1.4946 0
0.0025 1.5306 0
1.5376 1.1392 0
1.4248 1.1513 0
1.5376 1.0356 0
1.6516 0.9727 0
2.1091 0.8381000000000001 0
1.6186 0.9194 0
1.9306 0.8466 0
0.0212 1.5636 0
0.2435 1.4751 0
0.007 1.4511 0
0.401 1.4751 0
0.4726 1.5921 0
0.0428 1.6026 0
0.6766 1.3656 0
0.6766 1.6401 0
0.0677 1.6506 0
0.2711 1.6026 0
0.2711 1.6146 0
0.6121 1.5561 0
0.094 1.6866 0
0.6556000000000001 1.5853 0
1.0381 1.4946 0
0.5687000000000001 1.509 0
0.9677 1.4511 0
0.8191000000000001 1.4061 0
0.8071 1.8621 0
1.0381 1.4061 0
1.4086 1.3416 0
1.5676 1.2127 0
1.1769 1.3274 0
1.6186 1.2861 0
1.3426 1.3993 0
1.64 1.3173 0
0.2435 1.6791 0
0.1836 2.0361 0
0.2619 2.1711 0
0.2473 1.5426 0
0.4261 1.6581 0
0.3748 1.7481 0
0.5937 1.7248 0
0.3841 1.8111 0
0.5968 1.7698 0
0.6361 1.6506 0
0.6121 1.7136 0
1.4996 1.509 0
0.9622000000000001 1.6093 0
1.2451 1.7248 0
1.64 1.6506 0
0.6361 1.8906 0
0.9342 1.8409 0
0.4368 1.8657 0
0.7682 1.7944 0
0.3033 1.6266 0
0.5335 2.2851 0
0.0736 1.7481 0
0.2192 1.7173 0
0.2553 1.5921 0
0.3125 2.2911 0
0.4472 2.0361 0
0.401 2.4456 0
0.7876000000000001 1.8816 0
0.8416 2.4996 0
1.0741 2.1711 0
0.8241000000000001 2.2326 0
1.1086 1.9836 0
1.257 1.9476 0
1.3096 2.2656 0
1.3574 1.5673 0
1.3816 2.0938 0
1.402 2.618 0
1.1761 2.1621 0
1.1624 2.777 0
1.2766 2.1066 0
1.7596 1.8111 0
1.7161 2.6495 0
0.9214 1.2359 0
0.9601000000000001 3.1385 0
0.5551 2.744 0
0.5941000000000001 2.0668 0
0.6925 2.6555 0
0.6925 2.2418 0
0.2239 2.3241 0
0.2042 2.1621 0
0.6541 2.8708 0
0.2326 2.2018 0
0.3748 3.468 0
0.4568 2.6495 0
0.5941000000000001 3.3515 0
0.6331 2.969 0
0.09620000000000001 3.3515 0
0.1622 2.3661 0
0.112 2.4966 0
0.08120000000000001 2.8588 0
0.0737 2.5116 0
0.0362 2.765 0
0.0107 2.6383 0
0.2701 2.4486 0
0.296 2.921 0
0.2553 3.1385 0
0.7876000000000001 2.954 0
0.8341000000000001 2.7545 0
0.9214 2.4261 0
1.1487 2.3796 0
1.1161 2.5423 0
1.6006 2.4576 0
1.1881 2.4261 0
1.3906 2.3931 0
1.3816 3.468 0
1.402 2.7223 0
1.3816 2.7305 0
1.3096 2.7305 0
0.6025 2.7305 0
1.0651 2.6495 0
1.3583 2.765 0
1.7806 2.705 0
1.9306 3.468 0
1.9246 2.705 0
1.7941 2.549 0
1.7881 3.2274 0
0.7537 3.2435 0
0.7876000000000001 3.1603 0
0.7537 3.395 0
1.1624 2.8325 0
1.1487 3.468 0
2.0491 3.1503 0
2.1046 2.8985 0
1.9696 3.386 0
2.0821 3.077 0
2.0536 2.1388 0
2.0401 2.6375 0
1.5526 3.468 0
1.5653 2.2303 0
1.1761 2.2418 0
1.6626 2.1621 0
1.8166 2.4261 0
2.1541 2.3559 0
1.6996 2.9089 0
1.7101 2.669 0
2.277 3.468 0
2.1931 2.7223 0
2.4848 3.386 0
2.4435 2.612 0
2.829 3.468 0
2.6535 3.1603 0
2.845 3.386 0
2.6108 2.999 0
2.845 3.3141 0
2.562 2.9529 0
2.5935 2.5341 0
2.5725 2.4576 0
2.7035 2.669 0
2.667 3.2274 0
2.4642 2.9825 0
2.4375 2.936 0
2.2875 2.6079 0
2.3567 2.9615 0
2.3567 2.7305 0
2.277 2.3559 0
2.373 2.7485 0
2.7035 2.612 0
2.5725 2.1872 0
2.4375 1.6326 0
2.472 2.624 0
2.1766 2.0016 0
2.0761 1.8111 0
2.0326 1.5029 0
2.0821 2.1388 0
2.277 2.5633 0
2.1166 2.2333 0
2.0972 2.1816 0
1.9471 1.7541 0
1.7731 1.509 0
1.8901 1.8726 0
1.8901 1.7762 0
1.8976 2.1156 0
2.1923 2.0451 0
2.1646 1.8906 0
2.4375 1.8321 0
2.4435 1.8468 0
2.5995 2.1724 0
2.7435 2.4696 0
2.8305 2.4636 0
2.775 2.2956 0
2.766 1.7762 0
2.4975 2.1966 0
2.4912 2.0359 0
2.58 2.1066 0
2.82 2.0526 0
2.2002 2.0136 0
2.277 2.3166 0
1.8901 1.6866 0
2.4375 1.5557 0
2.2081 1.7421 0
2.1638 1.8021 0
2.268 2.0526 0
2.2875 1.8021 0
2.472 1.7481 0
2.8305 1.8906 0
2.655 1.6506 0
2.727 1.4607 0
2.7428 1.734 0
2.3055 2.3559 0
2.3505 2.4999 0
1.8586 1.4991 0
2.0161 1.4607 0
2.0063 1.4511 0
1.8586 1.3739 0
1.9156 1.5771 0
1.8586 1.5974 0
2.0063 1.5771 0
2.0761 1.4436 0
1.9306 0.8169 0
2.322 1.3867 0
2.3955 1.4125 0
1.8406 1.3739 0
2.0491 1.3274 0
2.0972 1.3274 0
1.8676 0.6906 0
1.8331 1.2933 0
1.9696 1.3349 0
2.0222 1.2606 0
2.845 1.0754 0
1.8316 1.216 0
2.445 1.0596 0
2.2186 1.5736 0
2.1451 1.4436 0
1.3666 0.8249 0
1.7596 1.4991 0
1.7378 1.0356 0
1.7446 1.4755 0
1.8046 1.0356 0
2.0911 2.2018 0
1.8316 0.7208 0
1.8226 1.1856 0
1.8121 1.1566 0
1.8976 1.0416 0
2.0972 0.9846 0
1.9958 0.9284 0
2.4336 0.8196 0
2.2186 0.4603 0
2.4075 0.7971 0
2.1263 0.8281000000000001 0
2.845 0.6698999999999999 0
2.7975 0.6152000000000001 0
2.7915 1.2679 0
2.727 1.1856 0
2.838 1.4214 0
2.529 0.9786 0
2.6175 1.734 0
2.583 1.4061 0
2.574 1.4028 0
2.538 1.2679 0
2.538 1.2471 0
2.352 0.8759 0
2.1269 0.9786 0
2.3625 0.9228999999999999 0
2.313 0.9551000000000001 0
2.3955 1.1039 0
2.1269 1.216 0
2.4015 1.1566 0
2.1619 0.9127000000000001 0
1.9974 0.6531 0
1.7371 0.6606000000000001 0
1.7596 0.8466 0
2.313 0.8281000000000001 0
2.256 0.6383 0
1.9448 0.739 0
2.4857 0.6081 0
2.845 1.1281 0
2.478 0.5826 0
2.7015 1.0698 0
2.6363 1.2471 0
2.5155 1.0416 0
2.5155 1.1856 0
2.529 0.9284 0
2.2965 1.0081 0
2.478 0.9625 0
2.2785 1.1796 0
2.2186 1.0476 0
1.5878 0.8671 0
1.6516 0.7971 0
1.8676 0.7536 0
1.6246 1.0795 0
1.4971 1.1796 0
1.6246 1.1444 0
1.6587 1.2048 0
1.4715 1.0025 0
1.5809 0.7971 0
1.0948 0.8991 0
1.3666 0.8321000000000001 0
1.4715 0.7881 0
1.6246 0.4603 0
1.6495 0.6247 0
1.7105 0.5826 0
1.7371 0.6471 0
1.7746 0.5425 0
2.6835 0.3444 0
2.2081 0.5017 0
2.7135 0.4012 0
1.9824 0.6906 0
2.421 0.574 0
2.0296 0.6383 0
2.2297 0.5826 0
2.3235 0.5646 0
2.8065 0.9507000000000001 0
2.5178 0.8656 0
2.845 0.7898999999999999 0
2.5065 0.9006000000000001 0
2.5868 1.1767 0
2.838 1.1281 0
2.529 1.0672 0
2.6175 0.9379 0
2.5759 0.7791 0
2.628 0.6152000000000001 0
2.6175 0.2484 0
1.6936 0.5108 0
2.628 0.2767 0
2.6057 0.5466 0
2.772 0.5436 0
2.845 0.4944 0
2.568 0.09029999999999999 0
2.838 0.2572 0
2.7151 0.3063 0
2.845 0.3545 0
2.6622 0.2274 0
2.845 0.1522 0
2.6057 0.1448 0
1.8226 0.0953 0
2.4075 0.0165 0
2.3873 0.171 0
1.7483 0.4145 0
2.6057 0.2294 0
2.3625 0.4012 0
2.3873 0.4012 0
2.4857 1.3067 0
1.4431 0.3787 0
1.8976 0.2767 0
1.8511 0.1367 0
1.9354 0.3712 0
1.8803 0.3277 0
1.5952 0.3787 0
1.8626 0.3391 0
2.445 0.3573 0
2.4365 0.6105 0
2.5155 0.417 0
1.9958 0.195 0
2.4638 0.1054 0
2.2291 0.1286 0
2.4608 0.0757 0
1.5676 0.0029 0
1.7294 0.3787 0
2.5065 0.08699999999999999 0
2.2186 0.254 0
2.445 0.2392 0
2.478 0.3474 0
2.5065 0.2341 0
2.538 0.3063 0
2.3625 0.326 0
2.445 0.4012 0
2.1383 0.2211 0
2.529 0.1502 0
2.4608 0.003 0
2.845 0.5186000000000001 0
2.3205 0.3885 0
2.2186 0.9054 0
0.9736 0.4105 0
1.0692 0.6531 0
0.9893 0.6383 0
0.9808 0.452 0
1.1163 0.4829 0
1.7483 0.08699999999999999 0
1.7716 0.2767 0
2.0237 0.2211 0
0.5580000000000001 0.003 0
0.5985 0.078 0
0.007 0.062 0
0.035 0.051 0
0.382 0.0565 0
0.2265 0.278 0
0.2435 0.208 0
0.274 0.252 0
0.3985 0.0953 0
0.3481 0.1655 0
0.8116 0.2842 0
0.8071 0.3442 0
0.0025 0.4402 0
0.0775 0.4101 0
0.0025 0.5991000000000001 0
0.0604 0.5849 0
0.0648 0.5726 0
0.1698 0.5586 0
0.0775 0.5261 0
0.1512 0.4207 0
0.2395 0.5496 0
0.0963 0.7206 0
0.1847 0.8181 0
0.6691 0.3885 0
0.7002999999999999 0.5152 0
0.1459 0.6606000000000001 0
0.201 0.7206 0
0.2473 0.8106 0
0.4078 1.0236 0
1.5676 0.184 0
0.9826 0.6606000000000001 0
0.9736 0.9786 0
0.7427999999999999 0.4297 0
0.7876000000000001 0.5152 0
0.8116 0.5226000000000001 0
0.5671 0.7791 0
0.5580000000000001 0.861 0
0.3481 0.6756 0
0.4025 0.7416 0
0.2059 0.9562 0
0.2325 0.988 0
0.2588 0.9819 0
0.2835 1.0236 0
0.7427999999999999 0.8789 0
0.7752 0.9464 0
0.8116 0.9396 0
0.8202999999999999 0.988 0
0.8971 0.8381000000000001 0
0.9406 0.7416 0
0.9961 1.2276 0
0.8476 0.9786 0
1.1465 0.6531 0
1.2541 0.8281000000000001 0
1.2631 0.9051 0
1.7131 0.009800000000000001 0
1.7202 0.054 0
1.7716 0.003 0
1.8046 0.0953 0
1.3786 0.326 0
1.4851 0.3573 0
1.4523 0.3104 0
0.8806 0.8706 0
0.9151 0.9318 0
0.08109999999999999 1.1196 0
0.3125 1.0679 0
0.007 1.1121 0
0.1572 1.0679 0
0.1173 0.9562 0
0.2775 0.9171 0
0.091 0.9051 0
0.2619 0.8671 0
0.2435 1.0428 0
0.363 1.0086 0
0.2588 1.1046 0
0.2925 1.1601 0
0.141 1.1504 0
0.228 1.2591 0
0.1698 1.2771 0
0.3546 1.2276 0
0.007 1.2771 0
0.0482 1.1121 0
0.099 1.1867 0
0.0648 1.1046 0
0.099 1.1587 0
0.2059 1.0536 0
0.1847 1.0709 0
0.201 1.0881 0
0.2325 1.1867 0
0.4472 1.2411 0
0.498 1.3173 0
0.4472 1.0937 0
0.462 1.1196 0
0.5335 1.1067 0
0.5488 1.1317 0
0.5885 1.2359 0
0.6847000000000001 1.2792 0
0.6847000000000001 1.0462 0
0.7066 1.0881 0
0.7652 1.0536 0
0.7876000000000001 1.3993 0
0.8879 1.1699 0
0.9046000000000001 1.1627 0
1.0876 1.1067 0
1.0216 1.1317 0
0.9677 1.1401 0
1.0109 1.2048 0
0.9677 1.0236 0
1.7446 0.8281000000000001 0
1.405 1.1067 0
1.3028 1.1796 0
0.4568 1.4061 0
0.5133 1.4271 0
0.3903 1.3656 0
0.1968 1.4184 0
0.198 1.509 0
0.7824 1.4061 0
0.8289 1.4511 0
0.0736 1.7856 0
0.1674 1.6706 0
0.193 1.7136 0
0.1674 1.5523 0
0.1968 1.6026 0
0.2067 1.5426 0
0.2395 1.5921 0
0.3275 1.6921 0
0.5065 1.6581 0
0.5791000000000001 1.6266 0
0.7966 1.5774 0
1.4996 1.3739 0
1.5256 1.4318 0
1.5331 1.4511 0
1.6426 1.6266 0
1.5256 1.4436 0
1.4913 1.5186 0
1.5586 1.5029 0
1.5436 1.5321 0
1.6936 1.4991 0
1.5961 1.5853 0
1.7836 1.5426 0
1.2279 1.6921 0
1.3497 1.6506 0
1.3741 1.6266 0
1.5331 1.5921 0
0.8416 1.3416 0
0.8806 1.392 0
0.8539 1.4271 0
0.9151 1.4991 0
0.8806 1.6791 0
0.9622000000000001 1.8291 0
0.8116 1.6401 0
0.8539 1.7365 0
0.6847000000000001 1.7698 0
0.6847000000000001 1.8756 0
0.7516 1.7421 0
0.7516 1.8972 0
0.6847000000000001 1.9476 0
0.7002999999999999 2.0361 0
0.7427999999999999 1.9476 0
0.7427999999999999 2.1066 0
0.4261 1.7856 0
0.5335 2.0196 0
0.2192 1.8816 0
0.3275 1.8756 0
0.9707 1.9836 0
1.2125 1.8468 0
1.2766 1.9918 0
1.1664 2.0361 0
1.1487 2.0526 0
1.1881 2.1351 0
1.1163 2.0938 0
1.1664 2.2026 0
0.8734 1.7698 0
1.0216 1.7541 0
1.0899 1.7421 0
1.0627 1.8468 0
0.4895 1.4991 0
0.7002999999999999 1.4511 0
0.8131 1.4252 0
1.6853 1.6401 0
1.7311 1.7944 0
1.4913 1.7481 0
1.5676 1.9026 0
1.5878 1.9193 0
1.6711 2.0271 0
1.3426 1.9086 0
1.5809 1.8621 0
1.2451 1.8621 0
1.4086 1.8196 0
0.417 1.9281 0
0.5941000000000001 1.8972 0
0.4726 2.0016 0
0.5412 2.0016 0
0.6691 1.7905 0
0.5335 2.2611 0
0.5488 2.3331 0
0.401 2.3331 0
0.3725 2.2408 0
0.7002999999999999 2.1816 0
0.8071 2.3496 0
1.4536 2.0451 0
1.5586 2.1966 0
1.6126 2.2611 0
1.6853 2.3721 0
1.2279 2.6555 0
1.2651 2.789 0
1.7596 2.1966 0
1.8166 2.2869 0
1.649 2.1066 0
1.6936 2.1711 0
1.64 2.1816 0
1.6853 2.2851 0
1.6853 1.7762 0
1.7161 1.9026 0
1.5376 1.7136 0
1.5961 1.8021 0
1.3426 1.9476 0
1.5586 1.9086 0
1.3497 1.9656 0
1.3921 2.0271 0
0.8071 1.9086 0
1.0216 1.8621 0
0.5851000000000001 2.5505 0
0.7231000000000001 2.5341 0
0.7002999999999999 2.4696 0
0.7231000000000001 2.5236 0
0.0347 1.8853 0
0.0752 2.1351 0
0.1052 2.0196 0
0.1442 2.2026 0
0.1622 2.2236 0
0.8761 3.0575 0
0.8536 3.269 0
0.9031 3.468 0
0.8536 3.2795 0
0.5626 3.3275 0
0.5551 3.1895 0
0.5589 3.0575 0
0.5551 2.8925 0
0.5335 2.93 0
0.5335 2.8115 0
0.1352 2.4054 0
0.1622 2.6 0
0.1515 2.5236 0
0.0197 2.5925 0
0.09659999999999999 2.5865 0
0.2177 3.4265 0
0.2042 3.041 0
0.2109 2.954 0
0.2239 2.777 0
0.0053 2.9855 0
0.2042 2.975 0
0.08120000000000001 3.0965 0
0.1952 3.0875 0
0.1172 3.179 0
0.2042 3.1715 0
0.112 3.2338 0
0.2042 3.221 0
0.1382 3.2795 0
0.1952 3.2795 0
0.1952 2.936 0
0.3556 2.93 0
0.8071 2.9945 0
0.9214 2.9855 0
0.8146 2.93 0
0.9556 2.9075 0
0.7537 2.765 0
0.8926000000000001 2.744 0
1.2166 2.789 0
1.2586 2.9075 0
1.2586 2.936 0
1.3186 3.077 0
1.1881 2.8925 0
1.2166 3.0588 0
1.3096 2.9615 0
1.3574 3.0343 0
0.9421 3.1505 0
0.9691000000000001 3.2585 0
1.0351 3.2585 0
1.0156 3.386 0
1.0351 3.077 0
1.0951 3.2435 0
1.0741 2.9188 0
1.0021 2.8888 0
1.0531 3.017 0
1.8166 3.269 0
1.9186 3.468 0
1.6126 3.1603 0
1.7101 3.468 0
1.6936 3.3223 0
1.7311 3.401 0
1.4161 2.9075 0
1.4821 3.0965 0
1.4491 2.93 0
1.5946 2.9075 0
1.4225 2.7591 0
1.4611 2.8655 0
1.4821 2.5341 0
1.5331 2.69 0
0.8926000000000001 2.4857 0
0.9421 2.6555 0
1.9561 3.2435 0
2.0296 3.401 0
1.9381 2.7591 0
2.1046 3.0588 0
2.1631 3.1503 0
2.268 3.287 0
1.9561 3.407 0
1.9831 3.468 0
1.2091 2.2971 0
1.3186 2.2746 0
1.9111 2.1816 0
1.8421 2.6375 0
1.9831 2.618 0
1.5695 2.5116 0
1.6936 2.4999 0
2.1886 2.8325 0
2.1886 2.4156 0
2.3835 3.269 0
2.4105 3.407 0
2.397 3.4205 0
2.4105 3.468 0
2.4945 3.468 0
2.475 3.401 0
2.628 3.468 0
2.5935 3.1505 0
2.4255 2.8492 0
2.34 2.7703 0
2.1046 2.6495 0
2.268 2.624 0
2.0179 2.5281 0
2.1766 2.4999 0
2.1863 2.4336 0
1.9381 2.2971 0
2.0536 2.2851 0
1.8481 2.1966 0
2.0461 2.1482 0
1.6936 2.7125 0
1.6936 2.8385 0
1.6066 3.0065 0
1.6853 2.9979 0
1.5946 2.9757 0
1.7806 2.9529 0
1.9561 3.233 0
2.0821 3.212 0
1.9561 3.1385 0
1.9928 3.2225 0
2.1166 2.0136 0
1.9958 1.8621 0
2.235 1.8021 0
2.4548 1.8726 0
2.616 1.8409 0
2.529 2.0016 0
2.691 1.9656 0
2.58 1.9566 0
2.529 1.8621 0
2.511 1.6626 0
2.565 1.734 0
2.3115 2.0938 0
2.3505 2.1724 0
2.5545 2.3796 0
2.565 2.4261 0
2.5455 2.4999 0
2.5455 2.4336 0
2.277 1.8853 0
2.301 1.9371 0
1.7806 2.1066 0
1.8241 2.1066 0
1.8023 2.1208 0
1.8616 2.1156 0
1.64 2.4576 0
1.7082 2.4336 0
1.9696 1.2679 0
2.1091 1.5306 0
2.1693 1.5156 0
2.1091 1.5853 0
2.1383 1.4125 0
2.1263 1.4799 0
2.3955 1.4249 0
2.268 1.6908 0
2.0761 1.3506 0
2.2021 1.3274 0
1.8803 1.3964 0
2.0401 1.3583 0
2.1154 1.1151 0
2.0761 1.0576 0
1.9771 0.8466 0
2.0821 1.0184 0
2.511 1.4607 0
2.655 1.734 0
2.3798 0.9846 0
2.1091 1.0795 0
2.1693 0.4518 0
2.0491 0.6383 0
2.1154 0.7791 0
2.1269 0.7791 0
2.1729 0.8706 0
1.9471 0.4297 0
2.0491 0.5991000000000001 0
2.3235 1.0476 0
2.2642 0.9703999999999999 0
2.3415 1.1281 0
2.2447 1.0576 0
2.2147 1.0034 0
1.9981 0.9532 0
2.0911 0.9325 0
1.9013 0.9959 0
1.9696 0.9786 0
1.9306 1.0131 0
1.9174 0.9919 0
1.8803 0.9551000000000001 0
1.7105 0.7203999999999999 0
1.7483 0.7596000000000001 0
1.6096 1.2556 0
1.6771 1.2359 0
1.6246 1.2471 0
1.5809 0.8196 0
1.2631 0.6974 0
1.3291 0.8091 0
1.637 0.4207 0
1.6853 0.5451 0
1.6771 0.5546 0
1.7483 0.5425 0
2.556 0.5332 0
2.6175 0.6149 0
2.845 0.7087 0
2.7435 0.5496 0
2.7135 0.5646 0
2.8065 0.9429 0
2.8223 0.9341 0
2.772 0.8671 0
2.5335 0.8553999999999999 0
2.5065 0.7898999999999999 0
2.568 0.3063 0
2.628 0.3885 0
2.845 0.4603 0
2.7855 0.3885 0
2.6175 0.0757 0
2.7015 0.2077 0
2.7536 0.0953 0
2.76 0.003 0
2.76 0.067 0
2.845 0.0319 0
1.7986 0.0284 0
1.8676 0.1286 0
2.421 0.003 0
2.5065 0.1522 0
2.3325 0.2217 0
2.2147 0.3885 0
2.2485 0.4244 0
2.2021 0.3205 0
2.2186 0.3391 0
2.1154 0.3391 0
2.1619 0.3938 0
2.3085 0.3339 0
2.4284 0.5017 0
1.9013 0.0029 0
1.9306 0.0559 0
1.7911 0.3787 0
1.6703 0.1898 0
2.1782 0.2274 0
2.2017 0.2572 0
1.9564 0.2572 0
2.0911 0.2211 0
1.4146 0.4514 0
1.4146 0.5646 0
1.4687 0.5496 0
1.4715 0.6531 0
1.2541 0.4402 0
1.2766 0.2867 0
1.2307 0.2217 0
1.1251 0.0491 0
1.1251 0.0029 0
1.1056 0.1655 0
0.609 0.18175 0
0.63825 0.26375 0
0.05200000000000009 0.373 0
0.76885 0.09325000000000007 0
0.5488 0.2485 0
0.5437 0.3467500000000001 0
0.5333 0.4631 0
0.3733 0.389 0
0.44825 0.48215 0
0.7841 0.5812999999999999 0
0.8847499999999999 0.5601 0
1.10785 0.51125 0
1.19635 0.48295 0
1.28185 0.46025 0
0.5883 0.9418500000000001 0
0.8868 0.7238 0
1.21025 0.31935 0
1.4641 0.25925 0
1.36155 0.06925000000000001 0
1.5323 0.6034999999999999 0
1.2901 0.8265 0
1.9216 0.6681 0
0.6632 0.3815 0
0.87065 0.8626 0
0.84305 0.8293499999999999 0
0.41155 1.2269 0
0.60625 1.18225 0
0.08960000000000004 1.3956 0
0.3034 1.32885 0
0.39245 1.31 0
0.5912000000000001 1.27335 0
1.13325 1.165 0
1.33285 1.1219 0
1.42205 1.10105 0
1.75135 0.6494500000000001 0
1.8496 0.62675 0
1.6613 1.11975 0
1.52815 0.5571 0
1.3156 0.6200999999999999 0
1.28485 0.65535 0
1.205 1.189 0
0.3067000000000001 1.4271 0
0.5602333333333334 1.368633333333333 0
0.6224666666666667 1.351366666666667 0
1.094 1.25385 0
1.3408 1.2006 0
1.62305 1.09375 0
1.7161 0.95955 0
1.8736 0.91205 0
1.75285 0.8953500000000001 0
0.08214999999999988 1.5441 0
0.2136000000000002 1.5046 0
0.2841000000000002 1.4846 0
0.1096500000000001 1.5756 0
0.2427666666666667 1.5354 0
0.3090333333333334 1.5222 0
0.1427 1.6326 0
0.31285 1.60635 0
0.1489333333333334 1.6746 0
0.2038666666666667 1.6626 0
0.5768 1.59995 0
0.7441 1.55685 0
0.97885 1.5066 0
0.6226500000000001 1.5138 0
0.7321 1.5066 0
1.08685 1.396 0
1.23755 1.3731 0
1.2061 1.2965 0
1.4551 1.24275 0
1.3921 1.31 0
1.4941 1.295 0
1.41835 1.3772 0
1.56705 1.3362 0
0.22225 1.7166 0
0.1843333333333333 1.9151 0
0.1839666666666666 1.9756 0
0.1963 1.8972 0
0.231 2.01585 0
0.2586 2.1276 0
0.2931999999999999 1.56395 0
0.4237 1.7451 0
0.5331500000000001 1.73345 0
0.55165 1.7777 0
0.7062499999999999 1.6386 0
1.2031 1.534566666666667 0
1.2691 1.516833333333333 0
0.7335499999999999 1.6896 0
1.22435 1.57445 0
1.3396 1.54785 0
1.4511 1.52055 0
1.502733333333333 1.6746 0
1.571366666666666 1.6626 0
0.8909 1.84925 0
0.3776666666666667 1.835866666666667 0
0.4072333333333334 1.909733333333334 0
0.45 2.02785 0
0.4882499999999999 2.1276 0
0.5234 2.2341 0
0.1205 1.74105 0
0.3367 1.9472 0
0.3367 2.0492 0
0.32 2.23635 0
0.452 2.0961 0
0.452 2.2086 0
0.4097 2.38935 0
0.7961 1.9361 0
0.8046000000000001 1.9906 0
0.8167666666666668 2.1211 0
0.8204333333333333 2.197099999999999 0
0.8299333333333334 2.3486 0
0.8357666666666667 2.4241 0
0.8974 2.2176 0
1.3921 2.1377 0
1.4225 2.3151 0
1.4053 2.5588 0
1.172866666666667 2.2221 0
1.169633333333333 2.2821 0
1.1534 2.61355 0
1.15555 2.732 0
1.6261 2.04435 0
1.7371 2.176166666666667 0
1.7341 2.231533333333334 0
1.7281 2.3478 0
1.7251 2.4087 0
1.7201 2.529566666666667 0
1.7181 2.589533333333334 0
1.0246 1.8396 0
1.0276 1.8936 0
1.03545 2.0421 0
1.0171 2.505566666666666 0
1.0126 2.565533333333333 0
0.97045 3.065 0
0.5576 2.6885 0
0.5601 2.633 0
0.57085 2.5153 0
0.5866000000000001 2.38035 0
0.5941000000000001 2.227333333333334 0
0.5941000000000001 2.147066666666667 0
0.6886000000000001 2.4501 0
0.6925 2.30695 0
0.02506666666666669 1.782166666666667 0
0.05013333333333345 1.850733333333334 0
0.1059500000000001 1.98595 0
0.21875 2.2701 0
0.2326666666666667 2.2191 0
0.2611333333333334 2.2761 0
0.3220999999999999 2.38935 0
0.3865000000000001 2.5108 0
0.4513 2.636 0
0.5098333333333334 2.749 0
0.5354666666666668 2.802 0
0.5818 2.8955 0
0.2643 2.23745 0
0.33425 2.33925 0
0.4006 2.453766666666667 0
0.4287 2.502133333333334 0
0.4849333333333333 2.615 0
0.5130666666666667 2.6795 0
0.5849 2.7815 0
0.6601 2.879 0
0.6916 2.939 0
0.7511000000000001 3.0455 0
0.7791 3.092 0
0.38004 3.4003 0
0.3852800000000001 3.3326 0
0.39052 3.2649 0
0.39576 3.1972 0
0.40658 3.0635 0
0.41216 2.9975 0
0.41774 2.9315 0
0.42332 2.8655 0
0.6004750000000001 3.281375 0
0.6068500000000001 3.21125 0
0.613225 3.141125 0
0.62635 3.02 0
0.09620000000000001 3.305 0
0.1622 2.43285 0
0.1043 2.6647 0
0.09659999999999998 2.7294 0
0.08889999999999998 2.7941 0
0.005349999999999988 2.38935 0
0.276575 2.5112 0
0.28305 2.5738 0
0.289525 2.6364 0
0.29965 2.75525 0
0.29965 2.86625 0
0.2710000000000001 3.07475 0
0.8058500000000001 2.897 0
0.8291000000000001 2.79725 0
1.0945 2.38935 0
1.31785 2.5041 0
1.24885 2.41575 0
1.3501 2.39925 0
1.38385 3.398375 0
1.3861 3.328749999999999 0
1.38835 3.259125 0
1.3906 3.113375 0
1.3906 3.037249999999999 0
1.3906 2.961125 0
1.33395 2.80065 0
0.6592000000000001 2.72 0
0.7159000000000001 2.7095 0
0.8470000000000001 2.68475 0
1.51885 2.74925 0
1.932475 3.402125 0
1.93435 3.33625 0
1.936225 3.270375 0
1.936833333333333 3.126 0
1.935566666666667 3.0475 0
1.7941 2.61336 0
1.7941 2.67772 0
1.7941 2.74208 0
1.7941 2.80644 0
1.7926 2.937725 0
1.7911 3.00465 0
1.7896 3.071575 0
1.7881 3.18295 0
0.74515 3.17 0
0.7184499999999999 3.05675 0
0.6514 2.9765 0
0.7763500000000001 3.2199 0
0.7594000000000001 3.33725 0
1.1624 2.90075 0
1.1624 3.036 0
1.1624 3.103 0
1.15875 3.24205 0
1.15375 3.4209 0
2.01985 2.5738 0
1.5566 3.401666666666667 0
1.5606 3.335333333333334 0
1.5691 3.209266666666667 0
1.5736 3.149533333333334 0
1.70485 2.834 0
2.268 3.19325 0
2.26125 3.0577 0
2.2515 2.9534 0
2.23505 2.84895 0
2.4754 3.311 0
2.463 3.165466666666667 0
2.46 3.094933333333334 0
2.457 2.9772 0
2.46075 2.86535 0
2.463 2.73485 0
2.7925 3.411166666666667 0
2.756 3.354333333333333 0
2.8235 3.3275 0
2.7625 3.2165 0
2.723 3.164 0
2.64715 3.05525 0
2.796 3.23075 0
2.74275 3.1505 0
2.68275 3.06275 0
2.5965 2.5918 0
2.609 2.7105 0
2.6185 2.7715 0
2.63325 2.88725 0
2.60025 2.49585 0
2.6475 2.57305 0
2.60025 3.161 0
2.487 2.98215 0
2.3567 2.897 0
2.3567 2.7815 0
2.2995 2.41275 0
2.36485 2.569 0
2.373 2.68625 0
2.7035 2.563 0
2.668875 2.462025 0
2.63425 2.41005 0
2.599625 2.358074999999999 0
2.56875 2.24665 0
2.448675 2.0631 0
2.45385 2.1246 0
2.459025 2.1861 0
2.4642 2.3116 0
2.4642 2.375599999999999 0
2.4668 2.501066666666667 0
2.4694 2.562533333333334 0
2.1451 1.9521 0
2.0678 1.9225 0
2.0678 1.9793 0
2.07495 2.08745 0
2.252033333333333 2.505866666666667 0
2.227066666666667 2.448433333333333 0
2.1736 2.338433333333334 0
2.1451 2.285866666666667 0
2.068666666666667 2.1241 0
2.040133333333333 2.0666 0
1.9711 1.889 0
1.9531 1.79675 0
1.7961 1.568566666666667 0
1.8191 1.628133333333333 0
1.85485 1.72875 0
1.87885 1.8212 0
1.8926 1.848066666666667 0
1.8951 1.919933333333333 0
1.8976 2.0537 0
2.19455 2.1036 0
2.200566666666667 2.2191 0
2.204333333333333 2.2761 0
2.376 1.8471 0
2.46415 1.9002 0
2.50615 2.0252 0
2.5635 2.1196 0
2.766 1.914466666666667 0
2.766 1.845333333333334 0
2.2296 2.0809 0
2.256 2.19075 0
2.265 2.27495 0
1.94295 1.66335 0
2.1776 1.62165 0
2.394 1.5705 0
2.14235 1.67675 0
2.277 1.73685 0
2.80875 1.84635 0
2.76 1.76805 0
2.727 1.51815 0
2.73075 1.62345 0
2.32025 2.40975 0
1.86945 1.4173 0
1.96095 1.5846 0
2.28115 1.3463 0
1.8856 1.363 0
1.8916 1.2806 0
2.4094 1.1771 0
1.882 1.1978 0
2.1496 1.12295 0
1.60875 1.26415 0
1.7339 1.46545 0
1.71235 1.3081 0
1.73785 1.4279 0
1.8071 1.094633333333333 0
1.8096 1.153666666666667 0
1.8191 1.2793 0
1.8261 1.3459 0
1.8406 1.49105 0
1.8601 1.6281 0
1.88485 1.74435 0
1.92985 1.87485 0
1.9856 1.996333333333334 0
2.0091 2.045066666666667 0
2.06185 2.1478 0
2.3778 0.8331000000000001 0
2.72025 0.69585 0
2.806266666666667 1.3763 0
2.774533333333334 1.3312 0
2.607 1.55875 0
2.58975 1.4545 0
2.35125 1.1681 0
2.1858 0.68365 0
2.5305 1.07985 0
2.511 1.0411 0
1.5173 0.9128999999999999 0
1.6246 0.50195 0
1.63705 0.5841500000000001 0
2.62875 0.6409 0
2.38125 0.5828 0
2.08435 0.6232 0
2.70375 0.7588499999999999 0
1.9855 0.42115 0
2.809125 0.442475 0
2.77325 0.39055 0
2.737375 0.338625 0
2.657 0.2212333333333334 0
2.6125 0.1557666666666669 0
2.81375 0.31465 0
2.70025 0.2112 0
2.007 0.07275 0
1.89795 0.38125 0
1.9902 0.363 0
1.8762 0.1789 0
2.27105 0.1196 0
2.420300000000001 0.08134999999999999 0
2.52825 0.1383999999999999 0
2.4875 0.2004333333333334 0
2.425 0.2110666666666667 0
2.39055 0.17475 0
2.4888 0.15785 0
2.493533333333334 0.05273333333333336 0
2.526266666666667 0.1024666666666667 0
2.601 0.2069500000000001 0
2.643 0.2617000000000002 0
2.685 0.31645 0
2.766333333333333 0.4203333333333334 0
2.805666666666667 0.4694666666666668 0
1.0454 0.61355 0
0.9926999999999999 0.5904 0
1.025466666666667 0.06923333333333329 0
1.040033333333333 0.1384666666666663 0
1.10555 0.4308 0
0.57825 0.04049999999999997 0
0.04000000000000006 0.42515 0
0.1173000000000001 0.5656 0
0.1405 0.7693500000000001 0
0.6847 0.4518499999999999 0
0.17345 0.6906 0
0.287425 0.86385 0
0.3275500000000001 0.9171000000000001 0
0.3676750000000001 0.9703500000000002 0
0.7652 0.4724500000000001 0
0.5625500000000001 0.8200499999999999 0
0.3753 0.7085999999999999 0
0.9188500000000001 0.7898499999999999 0
0.08210000000000003 1.09 0
0.1707 0.9431666666666667 0
0.2241 0.9301333333333334 0
0.1479666666666667 0.8924333333333333 0
0.2049333333333334 0.8797666666666666 0
0.3032499999999999 1.0257 0
0.07360000000000003 1.1494 0
0.3258000000000001 1.3832 0
0.2613000000000002 1.4008 0
0.7294999999999999 1.41565 0
0.3871666666666667 1.680766666666667 0
0.4468333333333334 1.669433333333333 0
1.2888 1.67135 0
1.4271 1.6151 0
1.4801 1.6036 0
0.6925 1.99185 0
0.7427999999999999 2.0271 0
0.2733499999999999 1.8786 0
1.24455 1.9193 0
1.1684 2.09385 0
1.14135 2.1482 0
1.0763 1.79445 0
0.5518666666666665 1.4891 0
0.6142333333333333 1.4791 0
0.7567000000000002 1.43815 0
1.700566666666667 1.691533333333333 0
1.715833333333333 1.742966666666667 0
1.62945 1.9732 0
0.38675 2.28695 0
0.7359 2.2376 0
0.7715 2.2936 0
1.64895 2.3166 0
1.2465 2.72225 0
1.7881 2.24175 0
1.66265 2.23335 0
1.7007 1.8394 0
1.56685 1.75785 0
1.4146 1.9346 0
1.4866 1.9216 0
0.8786 1.8931 0
0.9501000000000001 1.8776 0
0.04482500000000001 1.94775 0
0.05494999999999999 2.0102 0
0.06507499999999998 2.07265 0
0.1182 2.0806 0
0.1312 2.1416 0
0.8866000000000001 3.405166666666667 0
0.8701 3.342333333333333 0
0.55885 3.2585 0
0.5576333333333333 3.0025 0
0.5563666666666667 2.9475 0
0.5335 2.87075 0
0.215 3.3494 0
0.2123 3.2723 0
0.2096 3.1952 0
0.2069 3.1181 0
0.1607 3.17525 0
0.1580999999999999 3.2274 0
0.86425 2.99 0
0.8850999999999998 2.91875 0
0.82315 2.7545 0
1.2376 2.84825 0
1.2886 3.0065 0
1.1976 2.947933333333334 0
1.2071 3.003366666666667 0
1.3335 2.9979 0
0.9556 3.2045 0
1.02535 3.32225 0
1.0551 3.1325 0
1.0751 3.188 0
1.02745 2.8888 0
1.0276 2.9529 0
1.8506 3.335333333333333 0
1.8846 3.401666666666667 0
1.6321 3.22184 0
1.6516 3.28338 0
1.6711 3.34492 0
1.6906 3.40646 0
1.71235 3.36165 0
1.4381 2.9705 0
1.4601 3.0335 0
1.4418 2.8123 0
1.4991 2.586066666666667 0
1.5161 2.638033333333333 0
0.9091 2.5423 0
0.9256000000000001 2.5989 0
2.198066666666667 3.195866666666666 0
2.233033333333333 3.241433333333333 0
1.26385 2.28585 0
1.9126 2.62775 0
1.63155 2.50575 0
2.397 3.338 0
2.619375 3.388625 0
2.61075 3.30925 0
2.602125 3.229875 0
2.4045 2.8131 0
2.1312 2.4396 0
1.99585 2.2911 0
1.9141 2.180466666666667 0
1.9801 2.164333333333333 0
1.6566 2.9681 0
1.7186 2.9605 0
2.0191 3.2225 0
1.97445 3.1805 0
2.508533333333334 1.862033333333333 0
2.562266666666667 1.851466666666667 0
2.583 1.9896 0
2.637 1.9776 0
2.5545 1.90935 0
2.538 1.6983 0
2.331 2.1331 0
2.29385 1.009 0
1.66115 0.4829000000000001 0
2.58675 0.5740500000000001 0
2.81525 0.4244 0
2.4495 0.05273333333333335 0
2.478 0.1024666666666667 0
1.4146 0.508 0
1.1955 0.1641666666666666 0
1.1603 0.1066333333333331 0
1.1186 0.05709999999999997 0
1.1121 0.1112999999999999 0
0.7046857049536094 0.3360341659334136 0
0.7699357049536095 0.4081341659334137 0
1.203044884215501 0.9860939744801511 0
0.734827246516098 0.7580821720326766 0
1.126998681688216 0.3370309594200253 0
1.315458061375965 0.2972715599293769 0
1.626786186024447 0.2186681404015219 0
1.435482983764597 0.1185850630672506 0
1.724390966498983 0.0531941275107924 0
1.503600654354667 0.03235391787686816 0
1.538575304218859 0.1674748748097433 0
1.615870088600779 0.2758652300320168 0
1.730410344655195 0.4449248437703099 0
1.900104137994282 0.04358092379892223 0
1.966403003532542 0.1563075025854956 0
1.472385262476306 0.663579337600627 0
1.172523932786253 0.8371843007689536 0
1.389609366940511 0.8048770243727477 0
1.787587966015724 0.6943748668526503 0
0.8310361896372227 0.4108968126851926 0
0.1372585415202234 1.227120901876417 0
0.4567904778930205 1.175766715061884 0
1.166454040292503 1.064704949051304 0
1.273544884215501 1.042343974480151 0
1.384085118237281 1.01548732919881 0
1.231811647781466 1.142025154833213 0
1.63458181875933 0.7933886584269344 0
1.42694387201825 0.5852127692460285 0
1.149204040292503 1.110104949051304 0
0.4175521456623865 1.402281292515051 0
0.733449845989198 1.32502842671722 0
0.8261498459891979 1.30777842671722 0
0.9145229982280593 1.289923703356264 0
1.485524902755611 1.155066017561639 0
1.479345089608293 1.137936453045968 0
1.699282137491882 0.988285582379186 0
1.788319974101651 0.9675341534477178 0
2.050819850960063 0.8549811466184647 0
0.4210090156906456 1.449831501328989 0
0.0933514647799337 1.425420750843564 0
0.4687039533903584 1.481365411848228 0
0.6237999999999999 1.443437730870712 0
0.4528768651720924 1.620735991137686 0
0.866165422077922 1.531216497564935 0
0.8172024624373957 1.447134249791319 0
0.8071 1.81205 0
0.8071 1.718231324110672 0
1.3621 1.351708695652174 0
0.9343899158765729 1.360708893892157 0
1.332408007857638 1.271839773515137 0
1.237213001707942 1.323249348847139 0
0.8621908424012715 1.605260533072502 0
1.087664226590495 1.56116280982747 0
1.403251534872434 1.486548350411983 0
1.471403069744868 1.473996700823967 0
0.8796940352558579 1.660833333301766 0
0.984790714720581 1.63868462067425 0
1.104107209664848 1.59937907248636 0
1.295668922555461 1.714579191314187 0
1.390168922555462 1.695479191314187 0
0.6938500000000001 1.881589361702128 0
0.7996000000000001 1.865089361702128 0
0.5192585115521891 1.85055709220868 0
0.5776792557760946 1.83982854610434 0
0.3282567870511112 1.702027432292867 0
1.317449579071975 2.160862883894284 0
1.329824739613549 1.970234751680474 0
1.332849479227098 1.904369503360948 0
1.341418922555462 1.763529191314187 0
1.351818922555462 1.635829191314187 0
1.415946300225434 2.423494443707731 0
1.163734089211141 2.405696426047473 0
1.161068178422282 2.469292852094947 0
1.375842241506104 2.090059626415649 0
1.515325239616613 2.062160702875399 0
1.755055920083936 1.883269310256659 0
1.750511840167873 1.955438620513318 0
1.743033880125905 2.074203965384989 0
1.039264226590495 1.51056280982747 0
1.032990714720581 1.67018462067425 0
1.0216 2.242096856866538 0
1.0216 2.350223212783852 0
0.9963194744425582 2.721944961981254 0
0.9885597372212791 2.785472480990627 0
0.9808 2.92515 0
0.6889210359408035 2.597043587033122 0
0.1849066562081279 2.155093995969167 0
0.1028038338658147 3.203583907852699 0
0.1094076677316294 3.148667815705398 0
0.1384206200787401 2.900627870734908 0
0.1473103100393701 2.822313935367454 0
0.1581528739184177 2.664452935723117 0
0.1611528739184177 2.542252935723117 0
0.04709164121782056 2.643506503936191 0
0.0107 2.493289636963696 0
0.2983988909642774 2.971351038991362 0
0.9715000000000001 2.414723212783852 0
1.206251133816712 2.52224463907121 0
1.467496300225434 2.480494443707731 0
1.394937088796077 2.823101373059499 0
1.367222570271938 2.817073106903307 0
0.9627396058319186 2.664458721485941 0
1.630144112160163 2.734348908098087 0
1.92983371886243 2.847443482441389 0
1.927216859431215 2.776221741220694 0
2.01996136500928 3.093036893036063 0
1.990822730018559 3.035773786072126 0
1.961684095027839 2.978510679108189 0
1.976718176818385 2.913479809639854 0
2.084190625 3.374765625 0
2.079736545316016 2.958827265800807 0
2.077345466477842 2.839273323892094 0
2.0761 2.712189555765595 0
2.0761 2.647379111531191 0
2.0761 2.582568667296786 0
2.065152227532716 2.296321040312769 0
2.059376113766358 2.217560520156385 0
1.972563414634146 2.456026829268293 0
1.576196001564379 3.030178281545028 0
1.574292003128758 2.970556563090055 0
1.570944002346568 2.865717422317541 0
1.563992149546884 2.670474238575227 0
1.561296074773442 2.597037119287613 0
1.56173942036127 2.386168359408863 0
1.563519710180635 2.308234179704431 0
1.244457337565871 2.232253257478635 0
1.465109668664983 2.19969794903736 0
1.606512875097127 2.173452862640141 0
1.86385 2.417250681044268 0
2.112514170649537 2.365490780234577 0
2.277 3.403 0
2.438517921458772 1.695202169714475 0
2.440526882188158 1.818753254571712 0
2.441517921458772 1.879702169714475 0
2.442508960729386 1.940651084857237 0
2.039265000697523 1.569772173665152 0
2.0597120417937 1.779067715269139 0
2.217259765491688 1.880587969869826 0
2.772755794764084 2.217800885154902 0
2.770511589528168 2.140001770309804 0
2.159609398883665 1.671147301076227 0
2.283627833008843 1.52436234010128 0
1.929835474370231 1.485109609538099 0
1.902835474370231 1.535009609538099 0
2.261925087196651 1.25276666898845 0
1.999551902431176 0.7960482801081623 0
2.372982199367089 1.33 0
2.335679629574763 1.242934797084595 0
2.063796453089245 1.206407971014493 0
2.18346374479034 1.524130383538146 0
1.665380814153212 1.356986031432497 0
1.715458480201419 1.111717738612955 0
1.8226 1.091565384615384 0
1.8661 1.140815384615384 0
1.946201066470921 1.028728128462758 0
2.083439406272188 0.9042617933451206 0
2.275197331995813 0.8572483735423462 0
2.262612113757134 0.5365067513966058 0
2.349327443540236 0.7837640959301074 0
2.544001824270937 0.7391725303270519 0
2.627251824270937 0.7189725303270519 0
2.793452933229912 0.7378935742465123 0
2.7915 1.201186111111111 0
2.599661926224339 1.003523279948987 0
2.685565303875344 1.198931602702141 0
2.519760924369748 1.2056 0
2.293508884690776 0.9409188559984092 0
2.18473262914572 1.203908628943686 0
2.110196754589709 0.8387004832589305 0
2.615251824270937 0.7744725303270518 0
2.507334343836442 0.6214013366200203 0
2.601972383107618 1.198330588335712 0
1.51856314353519 0.9886907960925081 0
2.090510491375887 0.4665514123172017 0
2.253828504441246 0.4252893009385406 0
2.351728707683125 0.4704972833665972 0
2.320910640374315 0.7114184233493491 0
2.730103535143455 0.6151758368603308 0
2.615687579423203 0.5655211859784421 0
2.37855 0.554937578125 0
2.696762072103803 0.6063078766195084 0
2.771750104662324 0.5328136719627504 0
2.641482869379015 0.2964 0
2.266664914227905 0.3580384704540657 0
2.574264536741214 0.2878948881789137 0
2.0909 0.067 0
2.223337571037312 0.3035244447689071 0
2.381986253597028 0.2730276498481078 0
2.214164909881043 0.1014471709219164 0
2.442316750746216 0.8179941922613483 0
2.451367455379445 0.918863956998453 0
2.454005052168506 0.5791060663641736 0
2.069049572410869 0.1776811124842352 0
2.190489905868235 0.151648101470784 0
2.314797267662344 0.1300909911923873 0
2.410447267662344 0.1142409911923873 0
1.592175379609544 0.0397630694143167 0
1.641275379609545 0.1134130694143167 0
2.25843892828763 0.2450576971251532 0
2.209963570783816 0.2074093796288385 0
2.293128786780693 0.5425478668406047 0
0.991970883882149 0.4730758232235702 0
0.9881229371526293 0.4953154125694741 0
1.071098681688216 0.2778809594200253 0
2.154537571037312 0.2710744447689071 0
2.137499572410869 0.1180311124842353 0
0.1408926496577404 0.5121468577676414 0
0.1777426496577404 0.4594468577676413 0
1.565238389111588 0.1367677822317517 0
0.9805640867069104 0.7325356030225 0
0.9785281734138208 0.804471206045 0
0.9764922601207312 0.8764068090674996 0
0.9272390401991752 0.9596046141154561 0
1.187196175098056 0.7192880171204442 0
0.1541799299135316 1.103272288779042 0
0.2698799299135317 1.077422288779043 0
0.1667085415202234 1.182520901876417 0
0.2204411077161841 1.263535417576022 0
0.312841107716184 1.238785417576022 0
0.6847000000000001 1.222262828438949 0
0.6847000000000001 1.105762828438949 0
0.7680955064436916 1.098286454356437 0
0.7779413869644807 1.250238280072364 0
0.784899845989198 1.35762842671722 0
1.010906988697753 1.12804805464541 0
0.921375420511242 1.433402671136669 0
0.9748026980861486 1.423178115289413 0
0.136076325680491 1.777362225789303 0
0.2540683884104034 1.761804461134668 0
0.6278500000000001 1.615572413793103 0
0.7366 1.590972413793103 0
1.581787209435475 1.431490687621665 0
1.637974418870949 1.41938137524333 0
1.636202961070194 1.511727348564557 0
1.670701570170747 1.568310735753115 0
1.727150785085374 1.555455367876557 0
0.903729947020814 1.721618284964731 0
0.5056091721366015 1.958832274487567 0
0.9997307008568871 2.043212290574242 0
0.9742299470208141 1.759118284964732 0
1.52091302628743 1.808063467384115 0
1.41190868419162 1.895075644922743 0
1.48121736838324 1.881551289845486 0
1.290487109420323 1.850302127520711 0
0.5400399413673709 1.906632274487568 0
1.511238114713741 2.12826356551554 0
0.6352210359408035 2.544543587033122 0
0.1592066562081279 2.158843995969167 0
0.8697687344913151 3.117013895781638 0
0.8585187344913152 3.222763895781638 0
0.143501915945612 2.465235290482078 0
0.151803831891224 2.525070580964155 0
0.2180844642705773 2.856180755700602 0
0.0674154650590553 2.982220903051181 0
0.2611833552348547 2.933531794691963 0
1.510744002346568 2.920467422317541 0
1.988190625 3.312265625 0
1.965728591781042 2.808831465205875 0
1.993357183562084 2.858562930411751 0
2.050933966509737 2.962201139717527 0
1.9111 2.25735 0
2.1886 2.76713035495716 0
2.1886 2.701760709914321 0
2.1886 2.562794043247654 0
2.1886 2.489197021623827 0
2.337500723672784 2.724663214265038 0
2.1466 2.64294553243574 0
2.12635 2.508829111531191 0
1.6936 2.781643229166667 0
2.190526052403675 1.998951508770738 0
2.161283879387491 1.820590665705479 0
1.964777016733698 1.220221365424554 0
2.16021374479034 1.574330383538146 0
2.220140926521931 1.460727448147451 0
2.341418525008865 1.435949335529392 0
2.228309398883665 1.702197301076227 0
2.159018857267229 1.335332400884129 0
1.926866244458016 1.385297534957131 0
2.5465 1.528076041666667 0
2.582 1.595452083333333 0
2.160680446704369 1.068802918723242 0
2.172161080544751 0.524894728985749 0
2.016106397342898 0.5443047422537947 0
1.922584526031462 0.9474527984836717 0
1.283929971830986 0.7326531492957747 0
2.692515692014593 0.4519801367152045 0
2.670312759987325 0.1737384349555226 0
1.711365593571713 0.2540159820007994 0
2.048962830674358 0.2323928865082084 0
1.263802054920413 0.3740104253207365 0
0 0.3108 0
0 0.2330999999999999 0
0 0.1553999999999998 0
0 0.0777000000000001 0
0 1.635652941176471 0
0 1.557705882352941 0
0 1.479758823529412 0
0 1.401811764705883 0
0 1.323864705882353 0
0 1.245917647058823 0
0 1.167970588235294 0
0 1.090023529411765 0
0 1.012076470588235 0
0 0.9341294117647059 0
0 0.8561823529411767 0
0 0.7782352941176471 0
0 0.700288235294118 0
0 0.6223411764705884 0
0 0.5443941176470593 0
0 0.4664470588235297 0
0 2.2556625 0
0 2.178225 0
0 2.1007875 0
0 2.02335 0
0 1.9459125 0
0 1.868475 0
0 1.7910375 0
0 3.392691666666667 0
0 3.315383333333333 0
0 3.238075 0
0 3.160766666666667 0
0 3.083458333333333 0
0 3.00615 0
0 2.928841666666667 0
0 2.851533333333333 0
0 2.774224999999999 0
0 2.696916666666667 0
0 2.619608333333333 0
2.770833333333333 3.47 0
2.691666666666666 3.47 0
2.6125 3.47 0
2.533333333333333 3.47 0
2.454166666666666 3.47 0
2.375 3.47 0
2.295833333333333 3.47 0
2.216666666666666 3.47 0
2.137499999999999 3.47 0
2.058333333333333 3.47 0
1.979166666666666 3.47 0
1.899999999999999 3.47 0
1.820833333333332 3.47 0
1.741666666666666 3.47 0
1.662499999999999 3.47 0
1.583333333333332 3.47 0
1.504166666666666 3.47 0
1.424999999999999 3.47 0
1.345833333333333 3.47 0
1.266666666666666 3.47 0
1.187499999999999 3.47 0
1.108333333333333 3.47 0
1.029166666666666 3.47 0
0.9499999999999995 3.47 0
0.8708333333333331 3.47 0
0.7916666666666665 3.47 0
0.7124999999999999 3.47 0
0.6333333333333333 3.47 0
0.5541666666666671 3.47 0
0.4750000000000001 3.47 0
0.3958333333333339 3.47 0
0.3166666666666673 3.47 0
0.2375000000000003 3.47 0
0.1583333333333337 3.47 0
0.07916666666666705 3.47 0
2.85 0.1550388355830216 0
2.85 0.2339664823548543 0
2.85 0.312894129126687 0
2.85 0.3918217758985197 0
2.85 0.4707494226703524 0
2.85 0.5496770694421852 0
2.85 0.6286047162140179 0
2.85 0.7075323629858506 0
2.85 0.7864600097576834 0
2.85 0.8653876565295162 0
2.85 0.9443153033013491 0
2.85 1.023242950073182 0
2.85 1.102170596845015 0
2.85 1.181098243616848 0
2.85 1.260025890388681 0
2.85 1.338953537160513 0
2.85 1.417881183932346 0
2.85 1.496808830704179 0
2.85 1.575736477476012 0
2.85 1.654664124247845 0
2.85 1.733591771019678 0
2.85 1.812519417791511 0
2.85 1.891447064563344 0
2.85 1.970374711335177 0
2.85 2.04930235810701 0
2.85 2.128230004878843 0
2.85 2.207157651650676 0
2.85 2.286085298422508 0
2.85 2.365012945194342 0
2.85 2.443940591966175 0
2.85 2.522868238738007 0
2.85 2.60179588550984 0
2.85 2.680723532281673 0
2.85 2.759651179053505 0
2.85 2.838578825825338 0
2.85 2.91750647259717 0
2.85 2.996434119369003 0
2.85 3.075361766140836 0
2.85 3.154289412912669 0
2.85 3.233217059684501 0
2.85 3.312144706456334 0
2.85 3.391072353228167 0
2.2325375 0 0
2.303175 0 0
2.3738125 0 0
2.44445 0 0
2.5150875 0 0
2.585725 0 0
2.6563625 0 0
1.6301875 0 0
1.701975 0 0
1.7737625 0 0
1.84555 0 0
1.9173375 0 0
1.989125 0 0
2.0609125 0 0
0.7998499999999998 0 0
0.8701999999999996 0 0
0.9405499999999997 0 0
0.4355 0 0
0.509 0 0
0.5825 0 0
0.656 0 0
0.2954999999999999 0 0
0.182 0 0
0.06750000000000003 0 0
0 2.472566666666666 0
0 2.402833333333334 0
1.089114285714286 0 0
1.167328571428571 0 0
1.245542857142857 0 0
1.323757142857143 0 0
1.401971428571429 0 0
1.480185714285714 0 0
2.7885 0 0
2.477435399280148 1.146236178954254 0
2.440447347718297 0.9927947852372574 0
1.861738341891249 2.921657758957937 0
2.154077560141717 0.1942900449638509 0
1.897139142540165 2.921255568748866 0
1.480630174974307 0.5939276304791947 0
1.743628293624729 0.02459628858191643 0
0.4963840520056628 1.16095122294305 0
2.137991171462601 0.1905791209156604 0
0.9165430937576766 2.856890827232423 0
0.5637205882353298 0.114544117647049 0
1.047023114846033 1.151978767336198 0
0.6827606443147711 0.1068927451798762 0
2.76564796986123 0.158327023751637 0
1.914531782727645 2.920416828309456 0
2.693654660154602 1.791340411315838 0
2.808736321632446 0.1299465423267994 0
0.5365091987624285 0.6601882987920011 0
1.758277984853188 1.252024836426842 0
0.1156545027453069 1.842509009581836 0
2.681502309997629 0.2079351896876021 0
2.253487277743679 1.017333610104975 0
2.280082063248804 1.044229365404912 0
2.561175357554621 3.015621620635647 0
2.266708392360943 2.707780749868926 0
2.694284944514592 0.2473066296026372 0
1.802241917474229 1.459107928050157 0
1.639524459009244 2.627307327973921 0
0.06379393521709309 0.1972577532736042 0
0.4329868108523893 0.3198639675722617 0
2.781661616997348 0.1721371226500426 0
0.7415850778039149 0.2722515875197855 0
1.35407072967307 1.871138153524485 0
2.149703179781334 0.1800268018204969 0
0.4679902569751329 0.1242512202171735 0
1.458455519877655 0.5945236033336481 0
1.878217466534779 2.968761096985689 0
0.3807883063763899 1.16857655384536 0
0.3775309004165122 1.098408499227693 0
2.524075964165077 0.2706037371134051 0
2.737735700186049 0.2342867735596379 0
0.458443855093685 2.452506705827722 0
1.757263508718161 1.185452665262265 0
0.3815821079695052 2.675193249965925 0
1.474094993209625 0.5819696134352887 0
2.355882693078725 0.1586705020090953 0
0.5166194294735643 1.216002881593701 0
0.4390528638430361 0.6225198608844831 0
0.6089232968482859 1.07772274232885 0
0.7041238995293077 0.195941255520419 0
1.722473631090568 0.03052701562235338 0
1.736879361466463 0.04072312937603351 0
0.06810701662916019 0.1570010886241655 0
2.524179153283581 2.991945534439766 0
0.6335047852669595 0.1061756155359854 0
2.538481123240827 0.8762294598222788 0
0.1444013664727875 1.886446408954684 0
0.4156982103033324 0.8525766271493695 0
2.554260807276957 1.188071244261938 0
2.43750334571018 3.36706224505518 0
0.5042976884829509 1.015351724713793 0
1.552646565068462 1.983202395704076 0
0.9301612169757505 2.11375938251114 0
2.781721139156843 0.1545571282448184 0
2.502156697038829 1.806593672020191 0
2.677607250187169 1.36568515483258 0
0.5115652832297701 0.07127124743020818 0
2.542049025524673 1.162276700801522 0
0.6341364583831663 0.5886148736059131 0
0.7709245950545282 0.3110418870249227 0
0.3048012429254681 3.227803756406554 0
1.509831064763339 0.4629379266426004 0
0.2593198417950595 0.4053359637910494 0
2.523775186368368 0.3159960063900227 0
0.7659863174962471 2.467716903509143 0
0.7852078335221108 2.532348479184289 0
1.995241424176312 3.427601172532478 0
1.767337313962012 0.02589991722837937 0
1.758036280848749 0.01177806995516506 0
1.755416313275402 0.03980066473660826 0
1.137767883834575 1.886417386765305 0
0.7714004017316026 1.837704273216551 0
1.64064621200278 1.273259953767892 0
1.286751124026553 1.939813540006054 0
2.284788530141988 2.748341376456457 0
2.269644010900234 1.072980625557673 0
0.4622245802757613 0.932819433536983 0
0.8088900293846519 0.8759674087362355 0
1.013493455566897 2.850610524937079 0
2.607062535986455 1.144943628281124 0
2.423589459077978 0.1468064923993122 0
2.54255831477005 0.2864493203712819 0
1.765527517503162 1.125963487401052 0
0.4036148825143668 2.012525557357499 0
0.4061777971314138 2.066644350175431 0
0.83921400330823 0.6551759740477765 0
0.9009439717483099 0.631771071501128 0
1.868092500533798 3.166632836969116 0
1.022619932059026 1.167148703342591 0
0.8451460539024942 0.3113775755997676 0
0.153248761879466 1.84576904028915 0
2.458238869187396 1.374638052936703 0
1.628820276464973 2.857417205186823 0
2.479239163581452 0.2694406695107117 0
2.386040610343944 0.1377671208201592 0
0.44245097063156 0.1024872591028689 0
0.464488561080757 0.06212983559294538 0
0.4396433076763355 0.04362568266022659 0
0.9255683992797968 2.328455223961106 0
2.369612896499797 2.279421945286407 0
0.07440624603633128 0.3455901570048805 0
0.3440243111229133 0.5551776989861095 0
1.651287888821184 2.810071614583333 0
0.9123045454545464 3.274249999999999 0
2.433322999271841 0.7936350439639503 0
1.42256462745192 0.6583354958350034 0
0.4051839850436172 0.2785120453568082 0
0.3404076586431859 0.8021393314434777 0
1.773647458960579 1.066480410640668 0
0.1345693874713538 2.557955368366562 0
2.732808055822229 1.79546916925295 0
2.393476945928423 2.418637558914684 0
0.09756409158292545 0.2180546062440718 0
0.8068088379873354 3.275479580008112 0
0.09223902589395827 2.29485 0
2.540622654080902 1.044568911682006 0
2.529599934084399 1.011115035346385 0
1.929686622198724 2.218031764393181 0
0.7319715822177308 2.847726759075556 0
0.4110626184939652 0.1469797606210479 0
0.659503563926221 0.3414289249230242 0
0.4873576793661151 0.8007878744907517 0
0.6430921603640761 0.8746541692810812 0
0.6119055671021381 1.971824516280681 0
1.100795165907362 2.233126003905943 0
0.2334697393632295 1.818369486468348 0
1.909079928446351 2.949711924864194 0
2.75177886215448 2.985837212508339 0
2.516779052060536 2.899986174413956 0
1.876455793347791 2.878335923462244 0
0.792758920939356 1.841262574175007 0
1.781719409870892 0.141506643493406 0
0.608122109553991 0.3272094028048169 0
2.582223238269013 3.070239043896095 0
0.9781512068926838 2.144846178328921 0
1.356312685823637 2.331374862788251 0
0.5818084368164923 1.675457939635969 0
0.5467680672775208 1.240178312847811 0
0.6983306437250034 2.498333306920727 0
2.171298784976022 2.996518311250243 0
2.350109273308178 2.005692343576306 0
0.4836000000000004 2.327444062500001 0
2.645185457593399 1.423471975582623 0
0.1739060264780401 1.815961235244119 0
2.171218093788603 0.0960412015402281 0
1.996105923825805 3.240624190289325 0
0.318089129043259 0.07436837752100045 0
1.811417554739377 1.857593211731255 0
0.1313695541785274 0.2840008570359651 0
0.9426636538424217 2.851982764463464 0
0.2570769601749059 0.3377663867786671 0
1.833102885030561 2.961306804843896 0
2.294160334522522 2.822032276178044 0
0.8674799904445654 0.3874860897964532 0
1.471660342264199 1.421749603146921 0
0.8332569800655598 1.186750514387736 0
0.6846918903439307 3.287773537803882 0
1.801117154837316 1.764752706027312 0
2.395526195688522 1.504419247091836 0
0.7226596198002129 1.843591093404043 0
0.6182649892093397 2.884072012948796 0
0.6435509007427129 2.486945045037136 0
2.300564866984405 2.523185931825081 0
0.9179646493447698 0.1162132554622646 0
0.1050537678672738 1.029349229268427 0
1.701132411313594 3.158220623776139 0
2.289011296118431 0.9827578161935178 0
1.810895778272497 1.529619675764433 0
2.502842112159603 0.1210033263227823 0
2.686156649332094 0.2020933053133303 0
0.5078002611303741 2.400725811470478 0
1.66830402015834 2.677040601268944 0
2.348959185227263 1.708019116497322 0
1.870927146672557 3.097292949480591 0
1.963844079161163 2.096922508566836 0
2.727570036317199 1.76488636681309 0
1.616166237209846 2.561241465372153 0
0.1396874047713554 1.93470250889473 0
1.171752440627624 1.766838760253933 0
0.7580072961732434 2.594954032359567 0
2.301457483088445 1.127350540621092 0
0.6062302182459319 0.1013815014021009 0
0.6860420228233528 0.6720219123849061 0
1.002724248737792 1.594692088402905 0
0.5267298953707404 2.077684592003139 0
1.938627282345562 1.312443989126918 0
0.4690573770861052 0.7001579910729703 0
1.182791264270751 0.4019525388449163 0
0.5437942421265634 1.163843213660614 0
0.5191136305982837 1.182561773360408 0
0.4926403615511674 1.188250615005067 0
1.764383084570746 0.5956792351287912 0
2.742511031778742 0.1642522822036945 0
2.708986411197863 0.1766783037572699 0
2.486700287103432 0.8324846446599123 0
2.11623100225464 1.770360433081319 0
1.044779678931099 0.9654736071445454 0
1.479429461850672 0.6348733473323005 0
1.506730337245399 0.6551158047997832 0
2.27563846933627 1.022572689828991 0
0.370409011307294 1.552602321061982 0
2.524556455056397 3.416856707905213 0
0.3230750098742017 0.4721725531444279 0
2.810415138557534 2.415648482685062 0
1.797046010804581 1.248276341113946 0
1.783477189094566 1.281318731933963 0
2.433513664029215 1.156035222154594 0
1.793564815247865 1.184046975822749 0
1.778534557892704 1.156245491893902 0
0.2500910354748798 1.566695904020158 0
2.382446530327587 2.464799690906954 0
0.223425106982313 2.578177379478012 0
2.564028806754195 1.169234652484819 0
1.732130079387379 1.219129482357537 0
2.461759188524724 1.787782643108832 0
1.269614298816765 3.336967455517217 0
0.623590628182304 0.1250142189903978 0
0.615732611784969 0.1439956416572525 0
0.04198808731472159 0.2851902724415223 0
0.255381404224307 0.6430097021206773 0
1.923031036759516 2.939189468527788 0
1.26995000484319 1.248967589719867 0
0.6078748012641119 0.7098689078488063 0
0.2971412463377214 0.7411040847713446 0
0.4356738735222939 2.450503146256209 0
0.2111511968981703 1.685583140864495 0
1.09285838490099 2.038900634282178 0
1.106453365140923 1.026144777208341 0
0.386560507037027 1.654820578260152 0
1.89532069577218 2.526948194656173 0
2.772096463433492 0.3467892984484529 0
1.151987390729635 1.671113428830592 0
2.253189101570046 2.39888604901729 0
2.476111041614282 0.2410037371133924 0
0.3071463505367262 0.9798781342912036 0
2.519734625087821 3.194586664291369 0
2.437211203966361 1.418318447637266 0
1.780702598685423 1.700013332601256 0
2.771358034178915 2.506983616148986 0
2.365006169792431 2.365828742381746 0
2.014290701676245 1.399362304908072 0
2.03587670848932 1.432994289932799 0
0.5245695122566408 0.5994780284235846 0
0.8137021422279171 0.3845476095138944 0
0.6996931367953668 0.9679404659687524 0
1.166306547248037 1.461615170064886 0
0.200834403798545 0.3711032419013998 0
2.68945114924375 1.866815703541563 0
0.6583153541343256 0.140650392009638 0
1.484047614004991 1.989181824621423 0
2.591328345544667 3.032701903322705 0
2.824069989713879 0.8232688505626352 0
1.372114429774134 2.282448613055293 0
2.33248901506121 3.411600481848056 0
1.281225784592582 1.096550512375139 0
0.7494416133538435 1.377811911199617 0
1.05697152864174 1.125460835614194 0
2.569205650407104 1.224173904054536 0
2.17519870757017 2.922397209678133 0
2.797390679737622 0.2075582859228877 0
2.787571724074454 0.1918131178644653 0
1.101600117377036 2.302408884223247 0
0.4757914118488803 2.796249987661217 0
2.686326877051358 1.747864304162484 0
0.841306914088638 1.636290997597594 0
1.843293886284368 0.04161824200371345 0
2.393866077169287 1.232047399381563 0
1.646158038690545 1.878304612268287 0
0.7051017370432097 2.528586536595776 0
2.719518575673202 2.377308455781536 0
2.619429109632514 1.373344593795338 0
2.593239106560075 1.369217837335823 0
2.131537511857647 2.107823622323279 0
0.7774400688765182 0.2739840391740733 0
2.66373825620569 2.239544557352896 0
2.722953697688552 3.208324885575401 0
2.294799899528641 1.029676225156687 0
1.811193201906212 2.045776682699913 0
2.537553994050004 3.01904302367841 0
1.769209666965112 0.01804643402231054 0
1.91966278000418 2.883476132881913 0
1.523965035381425 1.1605947978831 0
1.864990267431746 2.737986315160849 0
1.005021990631636 1.159764936799365 0
1.72421751817421 1.261700483467318 0
2.470783186598558 0.1334230064388262 0
1.273747563849186 3.241841486752172 0
1.725379713090161 0.0416958462852155 0
0.06505275724841342 0.6444607608840878 0
0.4241425026605379 0.5613071320145586 0
0.7702409811730808 1.532719219910733 0
0.8092324595861536 0.4955621990814061 0
2.00617643715756 1.298652764933349 0
2.357603969513001 3.061960705711758 0
2.101542668506662 0.5446460207400088 0
1.589916740235509 1.183334152847241 0
2.250752660032917 1.082712257417437 0
1.552757984518668 1.385648487410862 0
1.880248228207287 2.943687145789608 0
0.8366198609647593 1.074728311366043 0
0.1845459284940014 0.05936522642623454 0
1.661806301409257 3.083404619251187 0
0.4904979712041889 2.039863062827225 0
0.5037423702976669 2.497426630237972 0
1.632105166209685 1.724306777192044 0
1.196827338604487 0.5625118031975496 0
1.740932978723404 2.69565 0
1.520252160286426 1.488314627015004 0
0.1977892801465921 0.3019217991615031 0
2.608921383083309 0.3109466039797524 0
1.450372746017327 1.117623191485164 0
2.133480237360438 2.696718091107894 0
2.314732021704812 0.9000288801301197 0
2.728460424424038 2.770003080342214 0
0.4001852218453292 1.639423152110038 0
2.397331204002379 1.02517125710014 0
0.396804166307857 2.131018308960592 0
0.07640437444577985 2.449155385221754 0
1.74875767560515 0.6207896266495994 0
0.6400984972429223 1.753133807518813 0
0.4918502227466253 2.842767682910683 0
0.4706361271326176 2.903205066332422 0
1.750957215873339 1.620221024648794 0
2.025849158721258 2.124350392596746 0
2.231784650814046 2.67924817551025 0
0.8364660854212728 2.586127178002209 0
1.292971256147275 2.329573658331937 0
2.582983636755617 2.048138041968092 0
0.6330816889300347 2.948846553365957 0
0.6507510679892579 2.915532550267455 0
1.442779010233229 0.5611719635745149 0
0.6906680183419073 3.209573918607136 0
1.367879073163096 2.667367903284814 0
1.30037697431241 1.258955216240038 0
0.4785935000049698 1.352862608101062 0
0.1355135252393731 0.06811958655699057 0
1.084005152986723 2.804750000000002 0
0.4420196133727394 0.07673679976191683 0
2.339708972811775 0.1418756015148088 0
0.2470320504485359 3.232486426248883 0
0.27792223955288 3.296103849407348 0
1.230314688600588 2.047115146148152 0
0.4606757242307646 0.3869457761538246 0
0.4126841812490183 2.652640689168776 0
1.050442769345796 1.174582090962466 0
0.4779196592824688 3.299032877565343 0
0.2564466875438738 2.982022832963734 0
2.599961561896084 1.108787429069197 0
2.531452624716783 0.2841386590232531 0
0.3748279099730532 1.882319564952314 0
2.349488757104824 0.9628557974711113 0
2.554776656777961 3.039021565984782 0
0.09736130601323456 0.152202826105174 0
1.869812661687102 2.80117836389606 0
1.315725265259487 1.602882026791265 0
1.305156870484461 1.632104174206838 0
1.508911291112968 0.6254829074239638 0
2.519051239612385 2.95104824864893 0
0.2186027817233436 2.109046143921603 0
0.6895002579725851 0.2559414257585702 0
2.252132452934117 0.132224050735392 0
2.185431881980326 3.072518946414577 0
1.877580003762723 3.236090503236749 0
0.3983087168188881 1.135621828897718 0
0.4149873213776258 1.167995600346856 0
1.106207202335837 1.931133344251398 0
0.6745367072563212 3.368565861307047 0
2.120022090451703 1.812279800421809 0
1.807631395919681 0.5912741362201099 0
1.921336826922809 0.1315725700677353 0
2.445535592100616 1.201801495822046 0
0.9767522156137219 2.086720562618408 0
0.6837477243634684 0.3545043378009696 0
2.316892879100975 3.26604621461146 0
2.427918516786353 1.459408616755415 0
0.7374848937253153 2.434029063764813 0
2.27071319344155 0.9960845871621242 0
2.24089380047061 0.9894169957515144 0
2.670887509168503 0.0829754621013743 0
1.733973279466871 0.02955429871317583 0
0.6090367814484717 0.4908404509502404 0
2.813370622844249 0.7049673027453551 0
0.8730614093895088 2.303086811792511 0
0.9575601442485038 0.2183302414701564 0
2.071675292867662 1.301335488768876 0
1.876674111030913 2.152338338460234 0
1.46193439541987 2.68407223847134 0
0.1967153706174389 0.2118982556216122 0
0.2663346020333981 0.2934319011571691 0
0.302228178153692 0.278926593939522 0
2.243391320765721 2.742378050112841 0
1.880607629206786 0.7964502300734855 0
0.1762102323551833 1.88479965797387 0
2.279558133099309 2.665666191461401 0
2.441876191700803 0.1327200553450405 0
1.254499653075077 1.793512196517139 0
1.953224071763176 2.041978234888482 0
2.267952227324423 2.45588059952664 0
0.1565874541192498 2.288061628377559 0
1.038855463403106 0.4253269878798129 0
1.626735612809065 1.261745861066592 0
2.37748219936709 1.396680023734176 0
0.4231352619795365 2.027716068538841 0
0.4146007294151812 1.830591844404559 0
0.7217963205501613 0.1340842431361198 0
0.3439923497047532 0.05042111801930349 0
2.021367803643982 1.815666685845597 0
2.735322000088015 2.886635574234678 0
1.756131838877816 0.02384229458531784 0
0.4685869777210925 0.09800967206941547 0
2.395936424686377 2.100297743878738 0
2.127938757934123 2.144724319681741 0
2.372276813139421 1.942443631813674 0
2.436543972373375 2.898205410213482 0
0.2673292832085006 1.72080863016473 0
0.529563024619718 0.7253659377972064 0
0.5550370628845123 1.05118712778499 0
1.087232095131063 1.657374359202787 0
0.4435717774809036 1.902190083239134 0
1.758548919783467 2.648535507223838 0
0.05997206904380836 0.3002080918974583 0
1.388199778756649 2.455079662540882 0
2.139561104172787 0.2062223139398665 0
1.773991724606063 1.217793017694692 0
2.558140723083816 3.355476151076267 0
1.37446244384411 1.926668285207195 0
0.1839520995988737 2.192793722584273 0
1.803737914115645 1.492234465352717 0
0.0486633963083134 0.1747359094990222 0
2.296201692237289 0.1589683826463415 0
2.302353485636217 2.702957958792492 0
2.365483400218503 3.167227270533772 0
0.4542241067898404 2.367438595183495 0
1.745292757395347 1.092607759570399 0
1.762396487528864 3.324681939848665 0
1.71795982974232 3.249118349886522 0
1.691477056777915 0.02956748629812478 0
2.357554206440333 0.1958249999999997 0
2.626259218469045 3.113806619252509 0
1.50303485789484 2.254843165782732 0
0.1939937305433435 0.2762651930421418 0
0.495822831481126 1.081009529342925 0
0.7523648411204098 2.527439554852828 0
0.8855723389351704 2.375659176471065 0
1.195011240953936 1.902325315659269 0
2.674472784150665 2.968330160829193 0
1.826560411274686 2.927323144838937 0
0.2026451275119845 1.132057297101726 0
0.7701860663890042 0.6481657565879564 0
2.535209422387939 1.142660200636818 0
0.04087870909317082 2.560129049601758 0
1.794282668771837 1.128373300117763 0
0.1512170335931093 1.597324916861905 0
1.867326757231681 1.323218079671502 0
0.3323402435902472 0.1187437264313818 0
1.106546305914012 0.5773547503873546 0
1.783047747394767 1.409671837517181 0
1.515967097180228 1.947051166342626 0
1.541914163913554 0.4100752570805901 0
2.767933214477715 0.2364319467319929 0
0.1647356241064961 1.865280744661757 0
2.405429494419673 2.978559700315082 0
1.952189763909585 0.7734740733029745 0
1.562070526321147 1.130997180629481 0
2.791907357606465 1.725147127189401 0
0.2226655497452841 2.519272360258348 0
1.731706592939583 0.04803155202565201 0
2.492001367290912 1.017252103506649 0
0.6918044852839245 2.822904646842203 0
2.529243475204524 1.03360269178055 0
1.834658926836767 1.806984047905641 0
2.710288712693912 0.2323496184475895 0
2.690005495257864 0.230525319048247 0
2.54518032772166 2.822099730110333 0
2.532630499885713 0.582175432129866 0
1.030067727807962 0.6972187076384802 0
2.532206793026173 2.160812323603312 0
1.156183117899729 1.832911685203731 0
0.8230118500016329 0.2372362109720798 0
2.391674486374761 0.520295763913603 0
2.560270111206861 1.794049493872258 0
2.004375098818924 2.716106433591906 0
2.775936991906242 3.092372866202484 0
1.912859463568283 1.427737058931406 0
1.088582606747106 2.476149826370025 0
1.050257326210701 2.141998739921809 0
0.3536712002148243 1.134752713370588 0
0.1083120002557285 2.248606848357896 0
1.68535 1.197816305818673 0
1.486218408876602 2.411365187547803 0
2.740754770544641 0.2735409734496552 0
1.61042975198793 1.620155320238302 0
2.723534731084267 0.2131051091207505 0
0.4005263778102659 0.9144099737388272 0
0.8595906505285114 1.940975625107809 0
0.931307090047009 2.793689793061343 0
1.916944053748058 0.09772468059797834 0
1.645765395366152 0.5243680422554358 0
2.44443334696384 3.426899675615602 0
0.6356692136935094 1.121854567696384 0
0.5204881029022732 1.153827443372242 0
0.5031288657845271 1.128781630367355 0
0.2063528773398775 2.459717098628178 0
0.1656518888748517 1.82755587549251 0
0.141955244671002 1.816241816695196 0
2.147872304570536 3.276429092002202 0
2.529858771562151 1.049630659337779 0
2.151187292543354 2.197728710124355 0
0.4751065667830396 1.143049501179728 0
0.4717419297692219 1.172185070960193 0
0.4732794403316908 1.192219686014714 0
0.485386909044373 1.199489959754513 0
0.4814866239714354 1.180915821064115 0
0.458042507014125 1.15625512098868 0
1.235660005447808 1.445802568872074 0
1.504726722087725 0.5775478074651696 0
1.407914526033261 1.144644877806565 0
1.592431216848486 2.9416 0
1.635915064028101 2.927246634162669 0
0.1311550000000024 0.3288699999999911 0
1.843869367687883 0.5623430399237579 0
1.969495803825205 1.3014 0
0.2175457264852436 1.703097451114317 0
0.9466008364813508 0.6098837983898389 0
1.21120044335508 2.371985281754389 0
0.04035879323985658 0.199238541149755 0
2.547681574299253 0.8061738885466816 0
2.56592953084092 1.007005165748974 0
0.4231979569301738 0.08694251157496535 0
2.249280119865302 1.837959440628589 0
0.9130853339968584 3.091173837223332 0
1.291360741031588 1.891971946995848 0
1.314973560913302 1.874163318627467 0
2.198622880897373 1.939932845152936 0
2.28257116637705 0.07944097948173989 0
1.740521220763628 2.903282920359183 0
0.04704131739510675 0.1504825273840653 0
2.555360270340318 1.070488209050553 0
0.07564254442988561 2.364071581365277 0
2.584525276995025 0.2557148279715169 0
2.133846914448672 1.283129281300231 0
1.767579036596153 1.351654580180278 0
1.565442226176574 1.940565073677777 0
1.315090117444308 2.593471986643767 0
1.133375499998036 2.015386988253633 0
0.7399245275328312 2.487346033957878 0
1.112588040863991 1.102015103803774 0
0.3362585278492434 1.659673120916797 0
2.060061081807888 3.293848306460678 0
1.371032949180963 1.1616703272609 0
1.750096097619047 2.7407 0
1.009930638116868 1.618692036427761 0
0.2469701765434407 1.631770481437186 0
0.9271056685002236 0.3675628735299774 0
2.650645027500083 1.307281377069411 0
0.2242794618374215 2.393501693342583 0
1.314555538556956 2.905736435807318 0
1.312049579714336 2.848462316806236 0
1.235688624629797 2.172417166502132 0
0.4750117160638331 1.818219825599813 0
0.5170950156012037 0.1176733853059748 0
2.516134149347271 3.012489363389805 0
0.493702841013272 3.119605904648495 0
2.325258522537345 3.314195441345903 0
0.3483761908874667 0.8607764580369028 0
2.06588217777045 1.396543129622954 0
2.517045794582325 0.279396924273684 0
2.733909596224266 3.243637304084046 0
1.772891713363212 1.474657759593018 0
1.490863054492849 1.436947743902626 0
1.501665219247264 1.408311595983916 0
0.4235856293436775 1.109346358107198 0
2.755887984978884 0.7600447969518767 0
2.53081050955414 2.6614474522293 0
2.364677951654424 2.420992293343691 0
1.517300480974807 3.002217828124437 0
2.409113504375027 0.9297720401590432 0
2.276113704183073 1.106176710474534 0
1.571498202446458 1.181623477367692 0
0.08275659722785345 0.1791363974231788 0
0.9677318196742573 2.624630407244397 0
2.812342657977573 1.108189646476472 0
0.5627122807477304 1.953846273194011 0
0.917508802792782 2.04019782073181 0
2.821384808481278 0.7696650158524276 0
1.921424535065249 2.929012441920098 0
1.924513574008809 2.919973026658042 0
1.536832410394491 1.194034093674732 0
2.485644615298162 1.063802248768682 0
1.769012348206473 1.031771665819056 0
0.4729013237161976 0.5876495900397463 0
1.030878471809713 1.231384628990365 0
1.059027794837316 1.223194191080187 0
0.4296043333500608 1.36568202956666 0
0.3237222191129849 0.211006157383538 0
1.034125755457725 0.4983958872859813 0
1.838397972599532 2.884802921118448 0
2.788198607870782 0.1324871671311771 0
2.509946912000395 1.590376007878496 0
0.4706660407676546 0.8754217168452871 0
2.563718510255213 0.8695598409133556 0
0.4908110406437349 3.398219830049944 0
1.224005483924119 1.269523516579558 0
0.3815405563699699 2.616754009031272 0
0.7743743777125449 1.860978917892683 0
2.540261131195905 1.022647774147148 0
2.574483126741581 0.6182014948820103 0
1.08023239855685 2.727115501848956 0
2.210734832019088 3.294744204739314 0
2.4746828114247 0.797638243961778 0
2.518005728239001 1.380965319491552 0
2.417585996062044 2.510704251066076 0
1.700165139120663 0.09663868697274403 0
1.827975142935945 1.942737649195538 0
2.553000000000001 0.3368377019748638 0
0.3714864018074626 2.743546101234164 0
1.886156228070175 1.5846 0
0.8867975741423934 1.140432736968565 0
0.1680780439782845 1.847811220098037 0
0.3888444211626001 1.964406692368239 0
0.83034969867463 1.42758926945274 0
2.509678677431586 2.110315163148708 0
2.695790484773347 3.184472335335104 0
1.914299638154462 2.140623109826757 0
0.1341370473448706 0.3693932217930278 0
1.348621248898052 2.244983862956666 0
2.827264495373113 0.2073693604528493 0
0.7190951215310376 2.893271549529579 0
0.8827175166297121 3.274249999999999 0
2.39976737394908 2.218819055085842 0
1.781083412148485 2.157210562547209 0
2.126446870947722 1.863044229351476 0
0.8107851546813428 1.165012306771444 0
0.2714013788777287 1.965355303397707 0
2.129201987480429 0.2516812611471335 0
1.200509669899134 1.113076036466067 0
1.564065084933923 0.4808046574695712 0
0.1056388481722619 0.621040076699847 0
2.344929385297561 1.637914036890494 0
0.1786518674758761 0.3128098547098397 0
1.913182571401316 3.165641845273921 0
2.250226433302122 3.310025519083581 0
1.756908259656829 0.05940491333191966 0
1.781791393787614 0.07291776736989419 0
2.42094069889439 1.380186475172609 0
0.7242675234149812 1.887018674894819 0
2.477602601249405 1.826856147298409 0
0.5205374019128326 0.9556213632241125 0
1.880802066626168 1.653658838963594 0
1.956817056844431 2.558769244095766 0
2.594373970649378 1.272207198927473 0
0.8450941462653587 1.245094047021597 0
0.879774217613137 1.218888992750764 0
2.028318251931722 2.322685049842823 0
0.6433239787007727 2.0259737404184 0
2.263166546376302 1.037786592349491 0
0.03698393008451095 0.6145644050629051 0
0.2088373147373133 2.643668977460518 0
0.573660490820677 0.5641307465918346 0
1.778078074430727 1.096958438265761 0
0.798195902229955 1.521120092887879 0
1.898709410200668 2.898487228179548 0
1.881269203955615 2.902936024929627 0
0.70504461815653 1.921130724483993 0
1.996445305207488 1.763316151303432 0
0.1903495493699321 2.564959180709989 0
1.472409048520189 3.403830013485292 0
1.50782189413365 2.340599202981914 0
2.833982830096593 0.1774270133850306 0
1.43753424022402 0.6027168916823555 0
2.416975679143715 1.127012589162909 0
0.7324653904009174 0.2308523025321068 0
0.2957816845522503 3.384669471927011 0
1.519858359508742 1.895219616904184 0
1.026387816547105 1.590969127966354 0
0.3637880369557638 1.920463839125463 0
1.573114939483905 1.260796249924614 0
0.0576717781222309 0.08149955713020218 0
1.583043449411208 1.478010877769178 0
1.74205212999337 0.03341470672643854 0
0.5113477013394915 2.448761092046588 0
1.613009596315304 2.679617196590293 0
1.582623002256948 2.706558299441585 0
0.8285884713776506 3.273285934846484 0
1.834878445319982 2.151595539899021 0
0.4337977852849481 0.05876283691821893 0
0.4910209377521911 0.6404722203685618 0
1.727420549294087 0.01822103481406612 0
1.443278317419211 0.6836397520152497 0
2.532431845841785 1.954089425287356 0
1.718929756000787 0.7502854035784967 0
0.3648536277251022 0.1194645365670457 0
2.320560030883366 2.232964581463517 0
1.059827502251113 1.364421337123349 0
1.747141264183121 2.79669048283695 0
0.08927311059432874 2.183461997129904 0
1.474400115711129 3.21685121458613 0
0.5781870873105539 0.124066329727063 0
2.802927449056602 3.369393595750516 0
2.67748746574697 2.168268957717714 0
1.121176527630216 2.190456925236454 0
0.05780784857629429 0.2227457404813196 0
2.318125686287059 2.810151317335651 0
0.4853679363427541 2.986288565864144 0
0.6279200846349444 1.305323514667485 0
0.6882184577466475 2.979457010518867 0
1.712931471472547 1.979513394127327 0
0.4459204254540104 2.411783774242513 0
1.841413326444407 3.013060255151182 0
1.7611 0.7364928130034981 0
0.8210256935232116 3.327089850010565 0
1.748176035204152 0.01790566011327721 0
1.73955605784985 0.01258739234216866 0
0.7958670687903184 1.413455695283523 0
2.406901278762067 1.79520134934461 0
0.09881773527225768 1.885844560818746 0
1.032972298900151 1.309308995039896 0
2.768396211121888 3.254541243323973 0
2.768864349698847 3.303862216891985 0
1.79785 0.1746476826890753 0
1.341957100051686 2.306027028430324 0
2.407124875066871 0.8849537923538988 0
0.4639686511134861 1.046250022702463 0
0.3861657214118506 0.1813935470055128 0
0.1573320009215187 3.118160481889187 0
1.076516062565234 2.85082717209377 0
2.17028421402402 2.022837945739358 0
0.4108774876297443 0.08430905349208451 0
1.681431002922441 2.650243044408866 0
1.624095896024909 3.391449113287175 0
0.0397364073511679 1.533585167742388 0
0.7652332271411899 0.9992328588007057 0
2.013803242071869 1.902240152332617 0
2.099700274445659 0.1437545081972533 0
1.781428323196546 0.1175469563177307 0
0.482135094859965 1.189854846569856 0
0.4884596122120703 1.54324836618529 0
0.5256148296227634 1.516305162494008 0
0.1680905029591964 2.963219878823929 0
1.464641626060093 1.179916265388924 0
2.403003711233509 0.1608367663200725 0
1.626787455230179 1.369267411001324 0
2.416685904543654 1.338322127663104 0
0.6713619634351585 3.094044373195776 0
1.952729501599798 0.8398060262634301 0
0.07668162503391196 2.627812356737647 0
1.914127375003809 2.904187522549064 0
0.03737296204911211 1.085240863415827 0
0.06159566305173669 1.044934804678116 0
2.263206652352001 1.085420300158205 0
2.699602810327705 2.025354915590864 0
2.58179421852501 2.990898150889581 0
2.554091463063656 2.989438093946865 0
2.206239924639715 1.837557406231647 0
1.752469195153219 0.03084962847145589 0
0.05791751915711973 0.9741241957143733 0
0.6461738418096086 0.05295026800067215 0
2.628437065192863 1.909260939733458 0
1.247181267484383 1.632226791154053 0
2.510837618740092 0.1766508617770004 0
0.1628229787703064 1.709445606771288 0
2.690123769528426 3.147625925783376 0
2.381891854682256 2.492525541310473 0
0.9760469853273077 1.384436739691523 0
1.068623720111929 1.621924034334977 0
1.924511058234901 1.721371286154091 0
1.604704868373042 2.780861599299489 0
0.04250749311363333 1.186367814997241 0
0.1030191462555083 0.07400967547043313 0
2.225661835716067 2.703281040330517 0
0.4176376055831761 0.03324162878158665 0
2.773353763018964 1.442191708159184 0
0.6284567666064054 2.591819711060241 0
0.1471504453379953 0.2894073497175176 0
2.1658985915976 2.385055855050498 0
0.1924824675324652 3.24913961038961 0
0.4276878626231982 2.416330486891523 0
2.244809729760479 0.0991930634398297 0
0.9555575723644639 2.884980037910512 0
2.8088553845871 0.3603094230274226 0
1.738495032464022 1.153495468565862 0
2.161741177596991 0.03760047449685011 0
1.419023560341718 1.431569226048381 0
1.362585292863589 1.442893686296375 0
0.06335119708935144 0.1312253929499965 0
1.581690808996228 2.113853895686562 0
2.156336915513684 2.870429673963986 0
0.6382529576607086 1.395928431833062 0
1.896046047278945 1.621315565027959 0
2.737983212537356 1.381925760407958 0
1.101171712745221 1.481900740771137 0
0.2205452205503724 1.846980435507835 0
2.386418935770191 1.725556732003094 0
2.423376828656002 1.729322254942627 0
1.345216100345814 1.882757994965754 0
1.910810737138121 2.933632203686146 0
2.129297213782993 3.114483798431609 0
2.531167693012648 2.595982384474365 0
0.1926104773343149 1.566658607826215 0
0.5936353422271714 0.6429339092328248 0
2.255576611509022 0.9191546186819768 0
1.799290508474576 2.3565 0
0.3897935913791566 1.77597170169594 0
1.384237373430285 0.6895201603699104 0
2.154219529996846 0.4889936399621044 0
1.535636646345038 0.2994032944486777 0
1.566595204218616 0.263989775427723 0
0.3240988587311766 1.624165284307673 0
0.6364899695713898 1.222151527417331 0
1.076894575014574 2.095950968311747 0
2.407257175717699 2.159488344360339 0
0.1461643808091002 0.3198741034895016 0
2.108327542767872 0.03351905381004538 0
1.258493359408762 3.135897430449434 0
2.236485924244551 1.510268435914608 0
0.7852210811666953 1.536749420115339 0
0.3231072570284055 1.179082754228422 0
0.6865431937750823 0.04748200195348362 0
0.4760546674681099 0.02264954639090599 0
0.4013855521766454 0.8011799287044091 0
0.351465120906145 1.728557406170955 0
1.957814579080011 3.447565116766095 0
2.293159897007964 1.065247611519163 0
2.600390489742667 2.131890973370229 0
2.528571413818863 1.826810685482551 0
0.960759096238294 3.343192287337492 0
0.6572255105490449 0.1865987898071411 0
0.7030655132268834 1.392010552218275 0
0.9646111576668028 1.693320460756719 0
0.7906439296812052 0.2949716144699246 0
1.500811946764218 0.5061087353041549 0
0.958923625110237 2.818593692769198 0
2.576464765669613 1.185625829680447 0
1.803410193280995 1.314498089053083 0
0.4881737412062174 0.2767500000000001 0
0.4300759774140582 2.07083239783791 0
0.4259252381824288 2.048212226900856 0
0.8445921153291985 0.5334262788588391 0
0.6211078947218891 0.08643343543412052 0
0.559449700140651 0.1564943346594769 0
0.2294218981549683 1.552359009306487 0
1.075370195484835 1.15015714907515 0
1.450817967629099 1.348796031049142 0
1.546538329238329 2.783194963144963 0
2.564045312486305 1.128570572928079 0
2.567913657952031 1.09933285531969 0
2.080772419708794 2.25700949580507 0
2.561414056783502 0.2645919652867059 0
0.3602969711250996 1.572922540447058 0
2.783645394445251 2.633285169621844 0
2.510831700126006 0.8403821782816222 0
0.2093568323128812 1.016500015486605 0
0.1863389452428572 0.9875203293463906 0
2.503067477163002 0.944803118337628 0
1.085218609156712 3.39874735030961 0
0.5053297902900173 2.552576649262824 0
1.788156837777765 0.5739820289073465 0
0.9977014854455868 0.3560228161281664 0
0.2037284367730607 1.472308298883495 0
2.572916666666666 3.4345597441623 0
0.8513120357174022 0.6971649145888783 0
0.3945562439068313 0.2574050960493017 0
0.1138243696055732 1.058004418489848 0
2.717534054583823 0.2567126116612406 0
0.6437000000000006 0.4039221428571445 0
0.4817981496948511 2.658296931250656 0
0.4532097833419088 0.9888314414667196 0
0.6253127988695619 2.424657965159835 0
1.700171918497399 0.1663497819889359 0
2.637190246193665 1.795272661290529 0
0.9586826575418785 2.270705762744696 0
0.3166841937671931 0.4087246846627977 0
0.3927806781852399 1.20080023927594 0
1.332846184367976 0.3778500000000005 0
0.4726216992863613 3.209700981729337 0
0.4720650387555582 1.177398270331656 0
2.290432214098772 2.487177108001458 0
1.161450599797912 1.930753118736273 0
2.229252751134633 0.1830132434648872 0
2.38652397876613 1.463654040632789 0
2.338466765745375 1.488914533999908 0
2.576074424059814 2.896686141877559 0
2.175404107399133 0.1755782354931268 0
1.770987073327575 1.436618083670688 0
1.57304356709005 1.562342849695413 0
0.5821255473865306 1.991994566611278 0
0.5744442596040388 2.021229130292656 0
0.5006791725089921 2.803460082946634 0
1.632304613935204 0.1713608419363755 0
0.3906709885867876 1.26538072470949 0
2.107238828059777 1.384303454041402 0
2.342753772276116 0.5190903521231314 0
2.670279799952625 1.577356422291993 0
2.193395561367286 1.487565784720105 0
0.7810964516489033 1.466077787857021 0
2.519202111370668 1.761621901347468 0
2.703275842011158 0.2234785518199502 0
2.688895536771899 0.220846087572504 0
2.041014986997651 2.47542656111073 0
0.3418273104582215 3.156599354323026 0
2.1128742068505 0.2032717145756051 0
1.689997570948575 2.682302052102707 0
1.667887163617587 2.707163183327272 0
2.306155894923628 1.832670125382835 0
2.179320117719003 1.763539467879247 0
0.7359275177851154 0.3249761665010413 0
2.355380388608289 0.1471745126935786 0
1.99630260141498 3.397407784432767 0
1.671525318238674 2.872533349212204 0
2.497173644069082 0.9787243517188456 0
1.251374499975364 1.181177402508581 0
2.030821105591769 0.1273596515563289 0
0.04770799195645248 3.039031305092335 0
2.667062473467031 1.491368022136475 0
1.96243530328504 2.943266984184874 0
2.36924999999999 3.37925 0
2.400638590049945 0.4956971991151922 0
0.02958502431851984 0.2523713638743532 0
0.5833635769564398 2.973907103220659 0
0.2574330655983046 0.4671644187126944 0
0.7545423666434026 2.909708902939175 0
2.232612883722823 2.364404475598777 0
2.484529289836988 2.948867354839702 0
0.8459224515484632 1.394157462908092 0
0.5492870931870035 2.777637020021538 0
2.090854486618772 1.685157046959057 0
0.8205682203389869 3.235742406110016 0
0.3813614439878683 0.618375456619765 0
2.709525282158296 3.012519463068443 0
2.539878708906732 3.272181124945524 0
2.823670526796616 0.3956026249119657 0
1.136141076849638 2.224050735252223 0
1.975421616720585 1.521514482055261 0
0.5415646771209601 1.178150145101484 0
0.528121286467826 1.197202580847277 0
0.5101342593406727 1.200312890743604 0
0.497599486923512 1.200112213714678 0
0.5046456590530749 1.190014968005396 0
0.7957210453019259 0.323167685787364 0
1.595559211601504 1.889347839859259 0
2.65527607915276 0.1951368964104414 0
2.639060691527841 0.1698316525541572 0
1.020143525288508 3.171087758448731 0
2.154174447290452 2.732260866186543 0
1.459230357887038 1.381837220703585 0
0.9420625133090585 0.6675046991454252 0
1.427218995406975 1.756565467729454 0
0.1952683692399486 0.6183676374983806 0
0.3043950645305393 0.6219010064299049 0
0.3948999999999989 0.04028028169014375 0
0.4273245433040679 0.681419010755917 0
2.310561911514303 2.78184890364206 0
2.259577870017572 2.783326899512915 0
0.8479849225911633 0.09807307482261374 0
0.4626575942283756 1.778075359347573 0
0.2491563757518307 1.911378961695286 0
1.075992375266233 1.893331781449675 0
2.013514814903903 2.244401797767951 0
2.333138133182036 0.1583631418987776 0
1.227515928676583 2.101223373974355 0
0.4377289002842066 1.197853859106532 0
0.707810701602369 2.566549310282877 0
0.9610416227143035 1.242997898113628 0
0.02496213693390037 0.5650678782295209 0
1.48393986528558 0.4032693866501997 0
1.855821277168603 1.253667234827923 0
2.641314454854898 2.036855154742672 0
2.568086457085828 1.432850571584105 0
2.534663783336219 1.411197612041339 0
1.769459394059166 2.440528915154061 0
1.227083333333332 3.406642082484726 0
0.07997852042619469 0.4710653543409116 0
2.742474501953086 3.060548590863987 0
2.026498161835383 1.199883883595177 0
1.677939386702753 0.6890763960428967 0
0.6330259554950523 0.3213997540287814 0
1.307373072320066 3.403684681220571 0
0.6326316425431622 0.8066286053929871 0
0.848203416822145 0.3637085812141574 0
0.8754362064255936 0.3682180801699066 0
2.411766016094609 1.818465088703255 0
0.994315531107845 1.844301798060686 0
0.9590508309481289 2.855108211669289 0
1.784778611682277 0.2398940941283969 0
0.8672038880128535 0.3149283830901226 0
2.233803273957903 1.004170045706281 0
0.1342199173265639 2.586741139721657 0
2.395207676138114 2.048089138560731 0
2.49634764600282 0.858003095462796 0
0.6635734870988235 0.3590783486135705 0
0.6294831336691008 0.3494081415726242 0
1.440811416708144 2.498565486201555 0
0.7348723614928494 2.959962223071863 0
0.326372130097099 1.289063352801866 0
1.659200222601937 2.835307908007096 0
1.91058600582831 0.7014814612957858 0
2.311901107723803 0.9878145537871611 0
1.270584835664948 1.409971935677581 0
0.7358844335163315 2.56651797798696 0
2.207272088598415 1.661717256165736 0
1.829825713377327 2.709899999999999 0
1.337452025270976 2.443109204249168 0
0.1533133764923504 3.061589120564991 0
2.150437724656795 2.065668112974667 0
2.321171574472365 2.748444300854535 0
2.519536461884792 3.107117504768226 0
0.81543127932555 1.041877838449466 0
0.9240951731839088 2.886490299735063 0
2.086674612744905 0.2704720710601476 0
1.200158188139387 2.579666640357456 0
0.8851384341427868 0.2000809369263519 0
0.8969897469753191 0.6856331594717064 0
2.235308482871854 1.548120064698717 0
2.731628321478255 0.4277470286614362 0
1.045859740586858 1.138800787000381 0
0.1276174789557707 1.704787323994283 0
2.566440563337884 1.642980741092583 0
1.299795796807969 0.4200614528189832 0
0.5036546466949016 1.172071124111655 0
1.713410107415102 0.5344834508772771 0
1.663242324772263 2.558323119112538 0
2.420690837007093 1.288405548980967 0
2.350829047823166 0.9078321064501611 0
1.128842319389693 2.499796059562134 0
2.76574877326106 0.4621525588865874 0
0.5082982021401528 0.9094311227698554 0
1.680186062372649 1.283222352630581 0
0.1220144961435432 0.2498441906566544 0
1.790873034587989 1.163083892738953 0
1.791793154178899 1.148569345439469 0
0.801798197241975 1.109460466434093 0
0.4425043854388411 1.118660727046694 0
2.546141271184448 1.213499827582859 0
1.597656717280715 1.236568447471867 0
0.5911799927323649 1.114503360187159 0
0.1062455114751628 0.3975778753913606 0
2.509046978964228 1.907520267823175 0
1.986298015489133 1.14077140530216 0
0.7544879451094667 2.379426161470865 0
0.4223975444918779 0.05694478725739738 0
0.3264439071416541 2.895532927142779 0
2.69145521477635 1.41344444029135 0
2.542861829494777 0.2721063646931126 0
0.0837035862740878 0.5921982701713924 0
0.02187308834446511 0.3551629175946562 0
0.6685781357798144 1.909187505621687 0
0.5178835184852442 1.238711993707621 0
0.8088986565468537 1.376996664525603 0
0.25314785635336 3.182358638682263 0
0.258594036868419 0.2718301109772652 0
1.895525037961123 0.8304301462126608 0
1.179548345693351 1.729383826634572 0
0.9635491724839393 0.5217465892260198 0
0.9390581337698743 0.4759689271156364 0
1.680390589649785 0.6273565454963776 0
1.669679113541303 0.58948537862783 0
0.9856921918039361 1.928426063193217 0
0.5412292247689899 0.03247564455000784 0
0.9467575560242558 2.716877568205519 0
2.337426481838722 2.300406357812763 0
0.4397749718869182 0.1409175925526964 0
0.7248126133811188 1.750350605076257 0
1.977083816713752 3.083704859508063 0
0.3302720185458863 1.546437326195393 0
2.475409090592999 0.2954572932078827 0
1.593279016444558 2.207221382487284 0
1.145001235230948 0.5544634769604377 0
0.7510759540175247 2.178670864025354 0
1.732076535825703 3.057064669957794 0
1.122861764581896 0.9605828436869268 0
2.535674573289201 1.181792723038637 0
2.023338614540466 1.963343964334705 0
1.624907516435419 3.063161934418523 0
2.651537652754866 1.208095404993426 0
2.148202567435227 2.463554884120993 0
0.2193809751434002 0.03977294455066582 0
0.9419529693262928 1.194743524277184 0
0.9102504915413969 1.198843415794826 0
0.8669635947103288 2.82342816253446 0
2.671073823422849 0.2148733053310465 0
2.218472178681747 1.035141167489297 0
1.231791300271913 0.5306785921216106 0
1.18401654169517 1.65116382369678 0
0.6255388670685722 2.667004480026255 0
2.303116216321142 2.879541938327532 0
0.1676287820124478 3.004380553543305 0
2.434813788475904 0.8070236972503037 0
0.777576713086493 2.813095120141168 0
1.2108081634907 0.6616976671724402 0
0.5644918397162858 0.9944342408882687 0
0.5752163847987155 2.815919076626288 0
0.3748766110047117 0.5115685873025944 0
1.790541510541845 1.107429418223485 0
0.589709804551908 0.2771288061967367 0
2.74392873152801 1.784927606401572 0
0.04353185411610472 1.277938726130684 0
0.7081275118195782 2.511048951818374 0
0.6984525161119195 2.516478543457449 0
2.335518370912771 0.1159173455620999 0
0.7821797602642857 0.8314365803387259 0
0.2952645368059457 1.926225224952127 0
2.387464704830655 0.1547981757034178 0
0.7834623638775796 2.237440526337806 0
1.922521037294901 0.1788455247987839 0
0.1513040559506367 3.398146429359966 0
0.8544647345244256 1.166051307364521 0
2.079528527670652 1.491719914901743 0
2.674359531882747 2.319762363533652 0
0.540217392733945 0.08340412924133456 0
0.4904861037344815 2.267790863664949 0
0.4491391783594423 0.7450819402553265 0
1.372449753662666 1.664708723868101 0
2.285447672291975 1.020968681295421 0
2.279409627926057 1.007687168722061 0
0.1897522001340872 2.588812392756442 0
0.3636998890389858 1.70398648476009 0
1.746456944627041 0.03973748637822827 0
2.506379839896765 1.25955718904503 0
0.9389668275360652 0.8866394137412879 0
1.295664624035611 1.806632019308671 0
1.310343803706474 1.829413025383899 0
1.031944364218803 0.6578009117200085 0
0.2978535586372058 0.8142493431395711 0
0.09318096505501794 2.564225857354345 0
2.800978237987504 0.1943713008793226 0
1.626938730587522 1.182290535767304 0
2.548550677821671 3.153828317990126 0
0.2340175189960609 0.3171657763568054 0
1.338254191031389 1.071876470677228 0
1.39054803613729 1.065380623875501 0
1.425945852602636 1.05063850714233 0
0.8791162735290257 2.636727214992225 0
0.7340248918405285 1.212577780426785 0
2.259381587323277 0.4625676193955666 0
0.4195078762474531 2.456220650129448 0
0.3579354164315738 0.2038900347709798 0
2.255570177841665 0.5674184366387887 0
0.4327576441749855 1.638814236580753 0
0.612985723900372 1.677865990057285 0
0.2159971824179578 0.4208060072939717 0
0.669238899579354 0.6165982952490454 0
0.4125923744834279 1.065847656353885 0
0.3623485606727146 1.051413952784683 0
0.6197627945891805 1.791075993713362 0
1.351704024219632 2.912042243210884 0
0.3510071299768955 0.7534713117117869 0
1.00178428539335 1.813784206367036 0
1.507087560288517 1.561249386096183 0
1.474505573321437 1.551138394591767 0
1.110432276012003 1.848891688243643 0
0.2579384340957709 0.702160151468729 0
1.925971067946883 2.910571416705462 0
2.438787841315595 1.501789688793017 0
0.343701652477322 2.562070371536367 0
1.860668533318852 0.8276077379693816 0
0.4076859542591476 2.624142133466443 0
2.466949509756224 0.8218647613386045 0
0.4157840990263466 0.1185364238683315 0
0.3543151015657462 3.003550289745609 0
1.735886334316343 3.110503903410917 0
0.7276732039642404 0.09908310679247823 0
1.346632159060076 2.271080994500282 0
0.8082432522765499 3.193952216886835 0
1.631050176566818 2.890607011778685 0
0.9237684322480654 1.928796316499141 0
1.797922525832401 3.363825265644696 0
2.195430257469043 1.787374392395224 0
1.865915414888907 0.7259906388893793 0
2.104772086081947 1.722650441444538 0
0.5076757262652301 2.020556762323631 0
1.093919870833281 0.7048274276842401 0
0.10389819056898 1.805261623600904 0
2.770482805696913 1.74216886515887 0
2.796600988875761 1.762404316857111 0
2.766366575341627 1.700833958086445 0
1.742762256654939 2.868349333401421 0
0.8085760757085617 3.048374089073593 0
1.497779087632979 0.317156070186059 0
0.578602379786869 1.14406176919541 0
1.62158081458534 2.956865033833842 0
1.988289117428336 1.320908151708421 0
1.825603683273843 3.204287525859776 0
0.5898809068894499 2.864829195892095 0
0.5198614190189019 1.191913289466616 0
1.492157223604156 3.320263450197637 0
0.8342943651961008 0.8616360626624811 0
0.4874447579164064 0.3303144891574421 0
2.396388721082786 2.914875738714003 0
2.329703491130684 0.9474843288176291 0
2.358449004544772 2.475046568307329 0
2.591104913944713 1.12652149584553 0
1.072038236978688 0.4580675696531815 0
1.061822607946779 2.442028661020858 0
1.201795979795549 2.198283089175384 0
0.6898220734345568 0.15091383799967 0
2.170933020843206 1.379676813039969 0
2.128644910644203 2.94369722050884 0
2.801200739430463 3.139011159557684 0
1.712565322363907 0.6914956140712907 0
2.333094075698229 1.348763640013711 0
0.3850056745295785 0.3272144565210826 0
2.189563937335415 1.586520833026989 0
1.041149154576074 0.761386095710046 0
1.824148478854217 1.247412732791117 0
1.137080044156461 1.343746811952235 0
0.706668485943331 0.2848331565419651 0
2.75005201944172 0.2140990281744981 0
0.6327565720697137 3.319839352281846 0
1.384394744301011 2.791180859972104 0
1.928764883498804 2.920093562357581 0
2.035223008218936 0.7572586472803811 0
1.818622822222101 1.471365169007908 0
1.117461131795499 2.935888116379752 0
1.107582473387746 2.886961504420861 0
2.38671641431305 1.205494396513783 0
2.417539259090076 0.04531923023691298 0
2.378055310028592 0.04216852620899725 0
1.694302208454648 1.018850792773172 0
2.544746430367232 2.749587534561108 0
0.1617452190899082 3.349373519107799 0
1.868209479887583 0.06851821419970183 0
2.489104359082257 1.038007917468448 0
0.7004054991539749 0.4143867476432197 0
2.698948153788785 1.311923242810295 0
0.4548729648501739 2.309487996724044 0
2.083483873638947 2.334568703397746 0
2.124687441455596 2.325931327538059 0
1.498862607515693 3.161155352109725 0
0.6358427649749729 0.927513659433166 0
2.79997680894685 3.302944420643467 0
2.55964258349065 0.8392632688541488 0
1.898843406773424 3.127721565739528 0
2.034329050936521 1.291852957881714 0
2.057412248777709 1.27321284633066 0
2.270655110999726 0.5921879991449008 0
1.859565885450179 1.850975409233961 0
1.849557567865901 1.9074822754565 0
0.8717967109438842 0.4405582173587956 0
0.05641044886642854 3.170149844458075 0
1.516208136540049 2.026636204838399 0
0.6408929567661421 1.02179240133695 0
0.7195178550724088 1.250731414219475 0
0.4633417418100877 1.322237767941369 0
0.3934374980595954 1.580857628250239 0
0.3621553678270277 1.617037854695831 0
2.132165103972031 2.801642861707758 0
0.7826423225416468 0.3373274313165995 0
0.5407612947527987 1.654367675039908 0
1.217486499138398 2.480385481779385 0
0.7169854343600565 1.123385048986989 0
2.753094529396551 1.746319959645416 0
2.503167311714366 3.074598880008681 0
0.6457231812267266 1.0894129351447 0
0.3714432829903476 2.35637898685504 0
1.918110017348509 2.913936897474738 0
0.8280280134616883 1.881529539944133 0
2.219234063292694 0.5488913867348513 0
0.8730749198060025 0.6063194725540115 0
1.926704016059199 0.7533488230618732 0
2.567944379954517 2.158046162432091 0
2.537473913319889 0.06477560464856014 0
2.796634707014512 0.1070835059818713 0
2.824688496820912 0.1075966064673652 0
2.836295409629444 0.1297103520415297 0
2.821537878424936 0.1464292606995432 0
2.804625955858041 0.149090663158145 0
2.81998864805722 0.1560255093347338 0
2.801569953783646 0.1526114605893971 0
2.811747536910125 0.1488712835940063 0
2.806370902070205 0.165191662092264 0
2.800130920950544 0.1334370532015996 0
0.07652695883958804 0.8229226755989659 0
0.6591511273386592 1.764371390876247 0
0.282462403542707 0.04597154635828105 0
0.4070505441294268 1.531103926224998 0
1.513566616736612 2.820726296359404 0
2.021086474025699 2.188938605862707 0
1.283079341663974 1.75092902555011 0
0.0338687309133654 2.615954877952143 0
1.208053049215258 2.005540840140257 0
0.4290395352610505 0.07571906688884189 0
0.2037438655695016 1.343533240028443 0
2.484985588399685 2.90931409891703 0
1.676345315448254 2.809258646748123 0
1.790831610742225 0.997842943629893 0
2.371225 2.805875 0
1.293629201066018 1.476440008980041 0
1.257791108832956 1.11528953144801 0
2.118786457413921 1.654785650841006 0
0.2251041056936844 1.74840381761643 0
2.026991655436728 3.271339346549725 0
0.4171724908982204 0.3640103907552152 0
2.535778623148921 3.034006756043363 0
1.268855690792722 1.342769784996276 0
1.79637204219223 0.2127671852537556 0
1.800496550013152 1.824340800179297 0
0.8444974052950239 1.011835048180846 0
2.645298596952902 3.267837403718652 0
1.759370464943785 1.758026211096833 0
2.613362941759726 0.8107135289269884 0
1.875233879616257 0.22500589028703 0
1.850479499892722 2.357857077211851 0
0.2068953583193109 1.818248892321934 0
0.805915482139659 0.6915959096009603 0
0.4862068511018984 1.166262266572258 0
1.814705825332168 1.717122749089846 0
2.618047835678278 0.1144148238053013 0
0.5004750402443708 0.1589130692331366 0
0.284052646690895 1.629045398046104 0
2.18215583896223 1.273787565657654 0
2.744130275664781 2.418326997278347 0
0.7742048099425234 1.907578499485454 0
2.710614949731693 1.74746762741529 0
0.1483975695599382 1.911587378062257 0
0.1681026364540275 1.945174530036357 0
0.1414562934169603 1.978154669497327 0
0.6744982764985171 1.731118357245066 0
1.126121412500963 2.435227499275034 0
1.859508080071978 2.467226876631599 0
0.184233004142234 2.245795543494303 0
1.220040016509319 2.915556922406201 0
2.071402523445267 0.8244280686947058 0
2.017180098534925 0.5992540592551137 0
1.144995955340037 0.3861293952216887 0
1.66342301271106 2.415259561120597 0
2.40881618706896 1.91350437601036 0
0.5693341269856036 1.17295681836323 0
0.02261155375570101 0.0988751306674478 0
2.807275242966207 2.497675544433919 0
0.6611343219707222 2.107990738013142 0
1.898630101456505 1.327967179711543 0
1.629881648641631 2.372305445524286 0
1.958089914384136 2.884537861538769 0
2.290229303351239 2.637893698176125 0
0.8480987221709935 0.8885690262496191 0
0.8719668894813244 2.079969151264952 0
0.2196631122053891 1.798110065725498 0
0.8822627541688656 2.002839720326244 0
0.75908493273889 0.1770820844594991 0
0.28957360234555 0.9972429625700008 0
1.563224167845615 1.620320090103651 0
0.6634643831454403 3.054565012192862 0
1.540982031912688 1.154491425987816 0
2.048543466677807 1.460723567290551 0
1.587883955001786 2.011934631832793 0
1.413011095005162 2.671513143129556 0
1.310858225688647 1.529002628984051 0
2.349457608470721 1.393266031765202 0
2.33269103400045 2.613426512424793 0
1.059632386955784 2.215402316683392 0
1.97745648429085 1.695091398719111 0
2.272451635670204 2.421637673065561 0
1.393705879398492 1.589077096358266 0
0.5777462715760002 2.92696095774136 0
0.9390089231110104 0.9969515032523326 0
1.914645876833857 1.237961441389078 0
2.534591536004381 1.055071774012778 0
0.301615956843678 0.3594148446656438 0
0.3033912266694461 0.3225960819275546 0
2.18070247517347 1.971670118101735 0
1.536126514217141 2.218584046134871 0
1.961013342874522 0.8590328511547408 0
1.934229034838285 1.628418544295218 0
1.009333847151973 0.2859297120033659 0
1.169123092393277 1.996144900309428 0
0.03949358141168924 0.1620275914622431 0
0.049465072575958 3.222233506437408 0
2.631813533134023 0.3206793509732799 0
1.838181422843465 0.1169282938943312 0
1.577841517290474 0.4408326282857482 0
2.604951742831876 3.057617531875042 0
1.872317409622701 1.539759328009765 0
0.1201288094046344 1.907843444579452 0
1.997635840223688 1.184144062794817 0
0.4727622028847649 1.156143764187546 0
2.717302040376065 0.1938220540030902 0
2.697698902062349 0.1845102237092382 0
1.761539366199892 0.01847611282627337 0
1.463916341321826 0.4431309258690472 0
1.657306056860039 3.133727547776494 0
0.6826171421710274 3.166365488775822 0
0.9584360292620504 0.6411834706751451 0
1.777966372265186 3.425816231229376 0
1.801685620839741 1.669081144350258 0
1.516790797828287 2.509585485145077 0
1.107492055542969 2.992412638975969 0
0.1422928185215531 0.2702654128363839 0
1.36581670994329 1.52000414698881 0
0.5001743985309445 0.8429810719515016 0
2.4143145 2.717374999999999 0
0.6997437179419032 1.862601529338042 0
0.8532561651811618 0.9454941892251186 0
2.332066778006095 1.908236401364024 0
1.962294465758398 2.355530782347266 0
2.137351404349928 0.5639777726398552 0
1.78908928874474 1.078475040123514 0
1.791260511336375 1.059661159653891 0
0.9124094658792549 2.281670948907607 0
0.4146110586272382 0.9602975273116027 0
0.7586185985768139 0.2496758047287 0
1.459011960424665 0.6087562246214282 0
0.6166843213499796 1.737765455552096 0
0.6450802839270704 1.727352320676029 0
0.1731116893934601 1.754857499670359 0
1.211486590956453 0.4359692583981323 0
1.767706506133914 0.1579527129795975 0
2.243434933842733 1.124496914065238 0
0.287313645119923 2.013683878093567 0
1.531203471145087 2.554099580177446 0
2.194554106026221 0.47908519489122 0
2.55273814082155 1.086234549573791 0
2.429560782625263 2.959597824673811 0
2.431019061262599 2.996140802095845 0
1.221190812886219 3.281821746086336 0
2.481215650163249 2.012681586079449 0
0.9359646789969656 2.377810396459907 0
0.7948448638062964 0.2773737687294759 0
0.7935235982514791 0.2479568067775291 0
0.4911822676012283 3.053854633741497 0
0.1368050730715269 0.9974919094096851 0
2.010554804848932 2.957449613485723 0
0.558646773026644 1.315444025878987 0
1.981647237396742 3.239192870309278 0
0.209931292746953 2.705020841786962 0
2.09893941554398 2.302955341397749 0
0.8055052960695054 1.398856928473034 0
0.9403575948964999 0.4376419353432599 0
2.391495641669609 1.133458538289874 0
2.528648985008519 1.17168567900104 0
0.5995059748890749 0.4407205794699969 0
1.301636005807483 0.3406640618894923 0
1.988197193979785 2.76380856699779 0
0.3282453531109966 1.00309710905061 0
2.1773346076125 1.448031744483473 0
1.393575992320704 0.3734987772403482 0
1.144397969058765 0.4536460098283157 0
1.877521509093819 2.92667319952857 0
1.740021955476209 3.202945726775424 0
1.754339060329846 0.5661497202309789 0
2.099569904200275 0.8647088779480754 0
1.611899175287932 2.822838809844338 0
2.833622460017451 1.062852602500723 0
0.7621942075785025 3.004719745309065 0
0.4331824140719823 0.2574913399450631 0
0.9573109163973816 2.480211315306117 0
2.782560312656906 2.58127894525362 0
2.8232 1.154591315390036 0
1.730796353368205 0.03641167897319431 0
0.7795449097816489 2.860649676626676 0
1.48970237297622 0.5824752407180804 0
0.7788965184099168 1.650891011034866 0
0.7442667851807997 1.649797185869423 0
0.9881538741525131 2.172718914017282 0
1.008235397967457 2.157010648439904 0
1.007216337326878 2.118329748217018 0
0.940109446288782 2.161748288671425 0
2.435348529357704 1.098703407982945 0
1.345416195300514 0.7875042610889528 0
2.618146134285105 1.404038430580473 0
0.2780216897654086 0.1591942160638782 0
0.2501854385335989 0.1548443917990645 0
1.732311187692079 1.502033488941483 0
2.406662074759074 2.327419194807265 0
1.114712027672756 0.8628989560972016 0
2.345630679618091 2.069404929020191 0
0.4555954750001192 1.945612695405362 0
0.1830281145928594 0.239641719479577 0
0.175700507855503 0.2642660095884666 0
2.607629474397442 2.219259176265608 0
0.02556194335816575 1.478158197087402 0
1.429148014734914 1.987125192773357 0
1.385629602946983 1.972405038554671 0
1.46038750561228 0.5032109902194661 0
0.9118980845071087 2.634748122260081 0
0.09326291199316139 3.054982568633839 0
2.572853601189568 3.036629986304833 0
2.134869902721733 1.791337894721054 0
0.5670320948972879 1.085737619978616 0
2.414506920642089 0.8127133405233715 0
1.9420538763938 1.986044782504413 0
0.4830713420343723 1.697485398749586 0
2.104985089943705 0.1026632595875019 0
0.4135116283573117 1.193454661682131 0
2.356689512868965 0.06344349771172708 0
0.6679216624702978 0.2765510202887715 0
2.638833093767289 2.147628665326611 0
1.791229404536053 1.371967263006137 0
2.475914022149912 0.06881990723022469 0
0.2768534535652651 0.2264487375257713 0
0.2111407757508919 1.389000843904332 0
2.779740619136907 2.708922708043633 0
2.542020010216182 0.6134390326610135 0
1.908729561426041 3.008783287688643 0
1.204465733379868 1.800469997205586 0
2.332060122908072 2.544562484295983 0
0.8832991555130636 0.7780616425163835 0
2.7504375 3.180875 0
1.560945112774954 1.236703323854956 0
2.264490646924606 2.734358164393432 0
2.431597402953516 2.777171343373516 0
2.316991496617689 1.151262658799894 0
0.907391734714771 3.197152461870005 0
2.037893372330177 1.874802954660821 0
1.701277967589448 2.082498463592661 0
1.085230501261693 1.212601307505739 0
1.780501518660929 2.508077062456826 0
0.8648117920127317 2.264827189227557 0
2.017627772682713 1.422288484948567 0
1.940300328443219 1.541081379186269 0
2.778552265694754 0.3142282781043311 0
2.712556208254521 1.838026612533588 0
1.672034388951402 2.600782065336148 0
2.329227314787381 1.184392398542298 0
2.321744313139562 3.015400589123202 0
0.9110444303348822 0.2970347391760879 0
0.7428475388358823 2.507981203775576 0
1.13260958720807 2.263914539960034 0
1.294802760669319 1.34434540792819 0
1.597323138000803 2.642948975508201 0
2.493309240082305 1.195370225454004 0
0.9488558538130979 0.9161982519825118 0
0.08798454383615395 1.833514984917387 0
0.2988505418091463 1.107330570356426 0
0.3975183462568208 2.194153578326488 0
2.561169537991706 2.018862920962675 0
0.5509139106372364 1.184190376454443 0
2.309645592606571 1.697426777989063 0
0.542539016672726 2.479825096585027 0
0.7189634971357474 1.009341066683443 0
1.770196894727421 2.393972524455819 0
0.4794020414912152 1.195918968491915 0
0.4793121296067712 1.202998741580324 0
0.4890527161991385 1.205372222383094 0
0.4824915519794728 1.206564887339736 0
0.4901884007417552 1.200911463495343 0
1.880053039203196 2.22171462049871 0
0.5360184109090431 1.972597995795821 0
2.711542440698318 0.2164294255276684 0
0.6476742271394549 0.3672311160449677 0
1.518845851572388 3.061709189360654 0
2.367562444013134 1.531308402641181 0
1.624866047179138 1.840799146934619 0
1.02116912940183 0.9154884181130383 0
2.513315792977869 0.1382165789894727 0
1.716709004044995 0.1318294683131327 0
1.455030911396483 2.71966981657388 0
1.436196578861137 2.455892246396205 0
2.297276111218504 3.274042555297257 0
2.288035007677641 3.231125 0
0.04087767757991001 1.154483733332082 0
0.1326923468554344 2.536013082353859 0
0.1508204359455059 2.54551375328836 0
0.149346011359822 2.564980839836771 0
0.144788265579511 2.534978343734607 0
1.742191120953842 2.832826352654111 0
2.547920237625535 1.174936113207647 0
2.490772886793824 0.6359780917142848 0
0.2621103868905927 2.887121970952453 0
2.585683975690647 3.009810749336736 0
0.1086709419714507 0.2892611495548545 0
2.268223368162024 1.012103395814027 0
0.6347104479303063 1.931948403118216 0
1.584640332072891 1.970582140338741 0
1.586778049776442 1.167591262786742 0
1.308641132032232 1.91143919837615 0
1.31554747010754 1.945447035762331 0
1.303922001778847 1.960735136699505 0
1.060842861753206 1.584285129388298 0
0.5355044156862077 1.687656230254316 0
1.624453769236387 1.91281418133196 0
1.670814320410749 1.919415437172945 0
1.543580766941857 2.94587350138154 0
1.284346842076419 1.115076575514489 0
2.477214228759755 0.987446196326077 0
0.08310638202166887 0.2936854103799216 0
0.4521000829677982 2.597898349903944 0
2.186247145049186 0.2885830112488181 0
2.225987551886715 2.596365733254226 0
1.930369979639137 0.5475129562241428 0
2.573069432441685 3.189227661029836 0
0.6241941168527911 2.856154158869729 0
0.03826603881213586 2.51598029860008 0
1.76627552208681 0.6813629058328843 0
1.324829556230843 2.360071867434261 0
2.607475849957638 2.019632559311452 0
2.391715238662895 1.988649788388501 0
2.420872714613239 3.431413326468225 0
2.458070606967803 0.6468603891220464 0
1.997554695519716 2.080666705192841 0
2.429619519779432 1.242652205598629 0
1.071343784628012 2.591123850626399 0
0.6520620379975075 1.452437730870712 0
1.282803926625214 1.606713395522484 0
0.2424868744310842 1.144636721041871 0
0.5203296528197737 0.7702058848567763 0
1.896850743406063 2.9396336742204 0
2.065486610466746 1.524594113571879 0
2.678454983569906 2.745989324286344 0
1.834976780304168 1.992133317715222 0
1.664548944804527 2.757953742926493 0
0.361933545892551 2.836958309240183 0
0.1169028086664565 1.12876343667857 0
1.307267894274379 1.289786490146471 0
2.522048660270299 3.383992804276147 0
0.7399352282627826 0.683888110104381 0
1.480815964858062 1.396996230942939 0
2.506978929568937 2.468153503793848 0
2.816468605268785 0.13874067326819 0
2.262991071428572 1.773975 0
2.01795 0.6553817567567564 0
0.420130478901485 1.70232877609251 0
1.876584587794099 2.695298217083761 0
0.08401874825300992 0.1969794245323997 0
2.489032807473112 1.537864561792372 0
1.235546736650979 0.737460813246438 0
0.8975110310421259 3.235867118742784 0
0.8639578584695622 2.78294839474176 0
2.154433534845017 0.08321409058534579 0
2.811755794764084 2.086467357752073 0
2.215755484107077 0.1634118005810032 0
1.853695617202165 2.06569456999444 0
1.197191604497696 2.065250568759329 0
2.566991468096592 2.078032991140249 0
2.604293613496762 2.076065863933121 0
2.199191054649411 2.883723337746456 0
1.303968815382102 2.66500255790956 0
2.508137070911743 0.5903341211408835 0
0.212201174790724 1.580840740643473 0
1.855450920543751 2.950159947917725 0
0.5655793552703241 0.6142438222463276 0
0.2280068557403221 0.2308376384691782 0
2.498963690961077 1.702939052933843 0
2.311455154794265 1.761470094922514 0
1.101208217391305 3.064132465217393 0
2.388535841546179 1.657292910901303 0
0.5162259055303861 2.052317480685349 0
0.3404983818742389 1.617472994770228 0
0.2269829398914118 3.003259963684188 0
1.460470848816579 2.627467490124147 0
1.077632472436466 2.004675714856145 0
1.888465418753877 2.16254075792798 0
0.9068336119989054 1.810802085632049 0
0.820732753933951 3.392465497481974 0
0.05437256835250381 2.489108122585159 0
0.5681190601846362 0.7003888621766134 0
2.296465072490294 2.922005985656995 0
1.99055093599421 0.1090632150319459 0
2.427643848908018 0.9514942684617997 0
0.8534417779518041 1.811625943862831 0
0.6208144877454553 0.2954089054108424 0
2.483265294445997 1.882874801639138 0
0.7959627619848497 2.780073019092166 0
0.9341345158008145 2.830953639402458 0
2.453262918261349 1.1503455014511 0
2.657129014276272 1.831201067595339 0
2.508646755034435 2.396192387804099 0
0.6284298915091441 3.403372253762385 0
2.301502853558754 2.17257743385843 0
0.3724975133802704 1.583789797428186 0
0.8690055446766352 2.341124702088069 0
0.663068701210341 3.012182234834921 0
2.775750759026272 0.3652252596243191 0
0.5481235080003428 3.379172270749559 0
0.08701979123845605 0.3325220559424815 0
2.345059255439708 0.8195620101894314 0
2.50845113743448 2.98525435191155 0
2.180762001515119 1.551298899999633 0
2.156217659046086 1.541441236069539 0
0.52251444435766 1.353470626027833 0
1.389368888354094 1.411753576491682 0
2.608811965919573 1.335398930594811 0
0.03442969545206798 0.1821603647006376 0
1.06612063259101 2.268164652716908 0
0.4610723388068292 1.142490619657098 0
1.446793544695021 0.6591759513553468 0
1.432491453284638 0.6436497535346066 0
0.2637705134444823 1.306170756758593 0
1.115832044520913 1.439421091447429 0
2.772879688443623 1.491172647460774 0
2.811450606385329 1.462035922114811 0
1.93603238250431 2.117339251696944 0
0.223055944717766 0.3480832947725105 0
1.279463217341035 2.369210982832016 0
0.3294360778551053 2.494714159759766 0
2.414141604675876 2.652613177470776 0
2.565822836347345 1.2575 0
0.274611535923033 1.806747416480563 0
0.2435118043547304 0.7556394273152883 0
2.548382130876254 1.381826463399572 0
2.313097191693853 1.984216980312011 0
2.295703892897154 1.154291495079927 0
1.643029501585417 3.032327403100336 0
2.201258279287341 2.960803365038272 0
0.6150019540369337 0.7605543363525242 0
1.870271020464879 0.04146485467485617 0
2.701649619396287 1.767554501975298 0
2.667889639722213 1.770011505759262 0
1.168109274376402 1.868788167559309 0
0.5241043643659251 2.59385573185596 0
1.871073333333333 2.295225 0
0.1790870078474958 3.142144761830857 0
2.269467658480687 0.1663680506573624 0
2.257093484442389 0.1487224764084922 0
0.1895833464553707 1.248299624641054 0
0.996248047950984 1.890431515798304 0
1.321870750388661 3.289090621462833 0
0.3655202189184403 0.2542139842584412 0
1.906029659944132 2.474509652256292 0
0.1597722621831454 1.495252937055138 0
0.6778278956370093 0.2178638618141113 0
0.2383290497291641 2.953039921485982 0
0.9631669114902555 3.397226746155523 0
0.9665721496135784 0.6889506309118802 0
1.859178873522778 1.352261863167432 0
1.889354273931451 2.772013597129352 0
2.3206131462101 1.020595444362717 0
1.543852061354836 2.494736982951512 0
0.5930659031252902 1.653580548252848 0
2.23324879207662 2.0380859635673 0
1.360287758273962 0.5483436915341899 0
1.358101256400852 0.5049125525206832 0
1.305067381115139 0.4995920422544933 0
1.948011771749975 2.498481022982434 0
1.390539358629805 2.250907137539143 0
1.242493984457425 0.5740559516082508 0
0.9126571277809254 0.6042117531585038 0
1.66018001346243 0.2862753261488238 0
1.829031658281288 3.112064016772123 0
1.348195312396713 2.004080463175669 0
1.258179085430084 0.4982265374733736 0
1.328047522335218 3.135733214907138 0
2.418354778992003 1.4187 0
1.319797285197736 1.928390143169477 0
2.116104782447514 2.606704588436037 0
2.69088916341274 2.925057996490768 0
1.084545930294465 3.336934002644401 0
1.731440403889921 1.189118461007087 0
1.078556768060603 1.964743254388506 0
2.546669858965271 2.544417815785793 0
0.1867414059119512 2.21911883622209 0
2.372605655173315 0.1076577576363638 0
0.07036721644189026 0.6140866968135086 0
0.11209231846364 2.339921389621306 0
1.819022404966205 1.449859094701896 0
1.901315732906232 3.207231893948619 0
1.911569529785917 3.236913216283202 0
1.554583659826297 0.3747151096994905 0
1.736502557534618 0.02226174988821183 0
0.6624049565358638 1.136352327460615 0
2.540515991355611 2.971948302743523 0
2.335378938692181 2.375357934658172 0
0.2031353766170174 1.863639855133719 0
2.160030981051409 1.697359122051677 0
1.015857867094838 0.9991295225179406 0
0.5286839225295736 2.76636925177998 0
1.79076466100262 0.7392023753888695 0
1.359526191710622 2.742158444862748 0
1.348416315125044 2.711475440964266 0
0.6013328303749903 0.8414237820194581 0
0.4763731382336732 1.185151754342487 0
0.5906862103365963 1.699134488410121 0
2.692352239832431 0.207232123750233 0
1.889934744898494 3.296868993055954 0
2.405692686360314 2.948431297071581 0
2.639445844051457 3.234876935151449 0
1.578777998602517 2.148431480796186 0
0.3368791679157126 1.037961066285352 0
0.03925340596330984 0.4979925651266062 0
2.111716126793857 2.064967354878146 0
0.1248988353502964 0.02149533135005544 0
1.953103130049636 1.139535001562487 0
0.4102980827153175 0.2023852219631936 0
0.4370058219840769 0.1779814648770834 0
1.915480705841977 2.157678919730066 0
1.937679906468112 2.147799219143752 0
0.5243836301307779 2.636736120336091 0
1.905071877209091 3.088736617086487 0
2.210096310984562 0.1302114888439312 0
1.615963257354539 3.338821214196909 0
2.787318107263738 3.032114577495924 0
1.472613854676809 1.118661629821901 0
0.2347968584619009 2.172414301671191 0
0.2300963945355594 2.146505373764096 0
0.1320569481664149 1.85861533006182 0
2.697885608090994 3.207524284072906 0
2.711940452115236 3.230061418051519 0
0.8823751062567974 1.418717515723736 0
2.7153125 3.133625 0
0.9797369533541559 2.316879283907137 0
0.3436197504849821 3.091363031891384 0
1.235666359411966 1.203801340155745 0
0.7992823666999429 0.6150585361148573 0
2.214198405237229 1.531213479295864 0
0.8030825781692776 2.638776058906176 0
0.7208192835592659 1.86718594836874 0
2.243296623976389 2.655251539672464 0
0.1298456745235264 2.506066308943935 0
2.27522200731574 1.08493950639606 0
2.409261873007503 0.856741075001886 0
0.243285153482218 1.726684846570552 0
0.2430560456298636 1.705184939582003 0
0.4822548634980736 2.426341430143895 0
2.224461937113952 1.970554818974177 0
1.123824160154925 2.344243850073448 0
0.7232401610853105 3.272950615656316 0
1.759059384472843 0.5202768534016744 0
2.347910044005507 2.401064375167717 0
2.535542637969175 2.196492000307687 0
2.51691548672966 2.24013836905626 0
2.789066337550828 1.592863785830736 0
2.525774784606596 3.023119476822591 0
0.6428419405035392 2.272370380887242 0
0.4150000000000182 0.06088466698475625 0
2.398430754803981 1.051197673367715 0
2.234177420896819 2.008436337533129 0
0.2309998246182039 1.22760315972622 0
2.025732452496432 2.436385209418167 0
0.9047882419818596 0.7558902430756582 0
2.417887524318343 2.561906505997342 0
1.145140918419657 1.626325197423846 0
2.175443219973947 1.856417145574402 0
1.833870928082668 1.761299372984356 0
1.745099809177925 0.2520466801127765 0
0.1917751898576434 0.9136041026903959 0
2.035892325154339 3.331875456594642 0
1.684191953134926 2.469222066541851 0
1.495236299781399 0.6721428680314463 0
1.755427355606541 1.229960442799057 0
1.213569948903487 1.754486909369774 0
2.463032746868454 1.812414564523802 0
1.912967828200972 1.768424635332253 0
1.496449824700337 1.115574197791961 0
0.3529356065945175 0.4320999409271873 0
0.04111665129117448 3.273263680424275 0
1.6666730508021 0.6454366509712046 0
1.570272739281582 0.6349763838616633 0
0.4663877386877004 2.489388654833522 0
2.313337325942232 2.724736881873734 0
2.443635485796666 3.398171480009804 0
1.979480870908036 3.41234357037871 0
0.3896238905849785 1.716705792898868 0
0.2538131525879461 1.013019067891554 0
1.761237945148157 1.662306833089501 0
2.507988234446318 2.853530572552106 0
0.8377818579834126 3.252656581264953 0
2.524797836710813 0.2892684977377555 0
0.2927440572673272 0.5391399793263525 0
1.636582803178298 1.227465352257593 0
2.49914160356252 1.027786685824473 0
2.253939994977456 1.000787221186608 0
0.9329625182521142 1.032230716620007 0
1.430209128985796 2.7323702961142 0
1.78376408171395 0.6187250124363337 0
0.1408968144959521 1.038948715545488 0
0.8378237733918349 1.371469344181464 0
1.463733136595226 0.6884815069994101 0
2.255115480881687 1.088586250588018 0
2.488093047365406 1.77355657422755 0
2.500951783154853 3.404485249201676 0
2.28821764592976 0.09890461254834637 0
0.5009152837248492 2.299724438824147 0
0.827122449264967 3.094763363883459 0
2.28958627554589 0.440603922916543 0
1.059542641971471 2.065525569470657 0
0.2466833554397743 0.9544380336428565 0
2.211084594931503 3.029823044371036 0
0.3017089723969111 0.6715328961014442 0
1.19540469355006 1.427637260162508 0
2.009434864080755 3.411956121029873 0
1.655014313790361 1.690408091052015 0
1.617528124994348 1.689628850361068 0
2.647846528553523 3.097508727130845 0
1.08190621707416 0.8602665355261384 0
1.329040602587882 2.255159397412119 0
0.2499294141477524 1.276179305745252 0
1.386400137629026 2.314367103326335 0
1.313802271362349 2.302300823773122 0
0.2181834786815542 0.6771697970774391 0
1.609639179320179 1.238817111867967 0
0.06270022693977451 1.311793470641139 0
0.646719829880801 1.551527479458395 0
1.891743120706383 0.7717108135422719 0
1.899791062388907 0.7965232047532588 0
2.41500613798231 0.2408250071029023 0
1.977766398560347 2.216168176186982 0
2.591228140256628 1.699538443876123 0
1.63848432176452 1.256597264420713 0
0.944938990660144 2.948027331383639 0
1.413802734688416 2.79235605677657 0
2.099959286793447 2.110140479054077 0
0.05930298252681587 0.2710755469221329 0
0.6625147498171081 1.845118848054677 0
2.134677324117998 3.02332880999693 0
0.05700759021703727 2.249628035869264 0
1.906714373864052 2.924495826019724 0
1.905961568561781 2.912888672931387 0
1.742737943918476 2.620371739837934 0
0.745010008169768 0.9700330242662056 0
0.2819375968188806 0.2406757981542662 0
0.2909480070913255 0.2569053309216593 0
0.3135254613815894 0.2571462121794947 0
0.27849680619379 0.2721833812566723 0
0.9707449303612721 0.5647709345141592 0
2.51121106807427 2.343128611071962 0
1.726578075893239 0.04782379808138137 0
2.232784337984313 1.284921436914057 0
0.3806832302607697 0.8359659685496361 0
1.921144973307881 1.951820406005413 0
0.09079503775996511 2.408234775417378 0
0.4167730861986461 1.147107222270141 0
0.8760523008581689 0.6546643472105764 0
1.027488717679346 1.367586542229839 0
0.8723782725444889 3.248222756999888 0
2.359284897677131 2.447267332306003 0
2.79843596602267 0.5065495885100586 0
2.771417058568033 0.4959045173923027 0
1.122868933511964 1.785349195702722 0
0.433502789086869 2.652963472091672 0
0.8228546772906886 0.2633454782356546 0
1.247031258767142 2.982498456668677 0
0.823322017627929 1.700065159733887 0
1.008972029570549 3.119618573917713 0
1.796750779783067 2.181049984194437 0
0.6706512212150577 0.5576552230074003 0
2.352683693387962 1.748520116196569 0
1.624990702159362 1.546389721269115 0
0.186965954477053 2.524045084250051 0
1.797612710815811 1.511537343962009 0
2.304809029977367 2.676465923383268 0
1.74200160306229 1.286319285694059 0
1.896424024239056 1.714265061284427 0
0.4915908907908393 1.19607200754562 0
1.699436174242424 1.465132438988698 0
2.698425333427309 0.219127320479175 0
0.8598032702927809 2.38158830711613 0
0.879729193860444 1.336803738691015 0
0.2862698957213761 1.36845593928607 0
0.5755601772157575 0.3693581128967844 0
1.120803500327852 2.041978416365371 0
2.596150670498044 1.772451238863723 0
2.794198858839541 3.335424433736465 0
0.1135096319672271 0.05707065053829674 0
2.262371865363847 1.054822874260906 0
2.688704590856506 3.35512459332986 0
0.6034629437831343 2.902457704674219 0
1.466435061255224 2.294033038658462 0
0.8660405559751527 2.873070743269452 0
0.6463991000577521 3.241749170601214 0
1.747552555374636 1.529682879034586 0
1.679982847346919 0.4395387267712534 0
0.6689645207725661 0.08186770354611905 0
2.318897337006419 2.845177140775431 0
0.5262998820017468 1.074501070385255 0
0.5219198755257055 2.968820918201968 0
2.662316673794112 0.2093307184024655 0
2.157800483066796 2.674711607151965 0
0.4838632747203349 1.203866552080757 0
0.1995206264159595 1.286744646337385 0
2.28790832741666 2.723261393659997 0
1.987593625163311 1.281376925945852 0
1.206316921623071 1.484574711482493 0
0.87914690184069 1.261812583809851 0
0.8459382669527817 1.46449893164164 0
2.484776358839809 1.409407169415214 0
1.058394663650997 2.514441422070362 0
1.063774851629478 1.42782236440458 0
2.007870457201189 3.146827490837802 0
2.265888033574138 0.5092631211612599 0
0.7485779072491296 0.3012023648555107 0
1.569559836123057 1.166846411555649 0
2.745809225360613 3.115664234273252 0
0.4515231033091762 2.337852636193704 0
2.320580490196799 2.036774764455198 0
1.209327824438727 3.340703803175487 0
2.604548332196799 3.12635680783599 0
2.013459401367073 3.176381945282388 0
2.409297361203903 3.042184072143409 0
2.311293553320364 1.107565008008979 0
2.831268370506655 0.7379748646112143 0
2.827772481328738 0.7175982248248109 0
0.5946302401661512 1.939335427590063 0
0.3505545652662545 1.849947502429486 0
1.518855353461083 1.97097632522668 0
0.5089329050288438 0.6900993405481071 0
1.636112565317767 1.773350804105979 0
0.7253549530459842 0.6303468682753788 0
2.02597988669844 2.809695681691991 0
2.384173943046665 2.524929567980193 0
2.415313612925966 1.207421116739558 0
2.317435631222013 2.497510477387822 0
2.326690155278622 2.519814723377221 0
0.7152738718572711 1.536251388810204 0
1.317380616128431 1.095656899913171 0
0.9385991853870927 0.8345125390141392 0
2.699692875258209 0.3635155898835531 0
1.855000828443884 2.579911875916472 0
2.274518389881236 2.395053571283112 0
2.791120381514235 2.020978629049071 0
2.495066880103602 0.2358939267007079 0
2.369428668912762 0.4992124207383426 0
0.7627888494052362 3.129468817762633 0
0.3351808577377573 2.965322579858539 0
2.314045306307488 2.577008147878821 0
1.73617428464889 2.667478867536922 0
2.489378013776761 0.325902475470752 0
2.511672960432846 0.347419003587206 0
1.1611137843646 1.509988395442184 0
0.02894937375146256 0.07673476954915626 0
1.771110253879198 2.772887704120618 0
0.173117375062098 2.56366514048569 0
2.044674759051227 3.054403958798233 0
0.4543695688576566 0.8361052919117423 0
1.703261469260614 0.7383665665337215 0
1.432806017500749 1.217071612045652 0
2.703574304938554 2.832299090772515 0
2.258129986854769 2.590465875085461 0
0.9696357142857153 3.172303571428571 0
0.8455609216257383 0.3845562002766869 0
0.8610155340861062 0.4107008398142349 0
0.8729392894100393 2.163153429291155 0
0.5120749999999999 2.717125 0
0.4291336408229907 1.88877574205492 0
0.4085265657426402 1.862043115534953 0
1.460577761165434 1.957516987844223 0
2.333099183293065 0.9102702290728938 0
1.551053270879278 3.001407567437934 0
0.3669092269621195 2.328406243857164 0
2.778640652232977 2.382500800875705 0
1.776527262437289 1.239780334559283 0
0.4387465516252521 1.474839710367283 0
1.294979432424705 2.884882470309478 0
1.825006291403112 1.589010156839985 0
0.04468517765556368 0.3043984954718952 0
0.02756797183874982 0.3002107973559478 0
0.7335195748046434 2.52987001498162 0
1.674165916396375 2.190144029184632 0
0.7719832128818721 1.713036237408915 0
1.783046852097441 0.09419571161419205 0
1.299618629262088 1.067308601365357 0
1.495414908449095 2.712275104563707 0
1.790127629233492 1.207102163993087 0
1.789958525416285 1.225130371472201 0
0.4845680280958633 0.0493769913678852 0
2.336282448395007 2.341405650691554 0
0.07924951616337861 0.2293223337177079 0
0.6513427810911463 1.968847420815075 0
0.09394684538092202 0.2480913645756708 0
0.5919271141770467 1.406111631281272 0
0.6757649299689601 0.8273614832404264 0
0.4718068440651841 2.760039898016096 0
1.24916054387409 2.331021996826002 0
1.720003292319683 1.233659683799082 0
1.200484587748757 0.6118655835627234 0
1.146933530954839 0.5958673931482523 0
1.354680562092687 2.542472277787835 0
2.312203775194138 1.070149447144249 0
1.007216348362256 0.9644104940152384 0
1.826864408114074 0.02211770108999067 0
0.435815523144799 2.026670909002633 0
1.735030482284079 0.5898829351892023 0
1.781628569010968 1.607310229357358 0
2.256963602641576 2.680989599077239 0
2.320454896447679 1.309759380542955 0
0.413973950157499 2.297442080735816 0
1.619128816342792 2.417786673210749 0
0.7907022376019035 3.252083671822518 0
0.6578472589234576 0.9909550449113842 0
1.545328759497644 1.891689044696037 0
1.387545140523172 2.524368069446958 0
2.56887873278802 1.200120937284606 0
1.715574755119397 1.207961525432741 0
0.4574643003281562 0.656178608562018 0
2.711217726564752 0.09126058608897503 0
1.471412044976951 1.326527863672917 0
1.901557166721713 2.80643945619832 0
0.4948221962713536 1.265749236562212 0
1.760994574598747 0.03160543551305173 0
0.4566440574676134 0.548091014370949 0
1.816995995696986 2.94669923697815 0
0.6467778641769072 1.424411450267307 0
2.460981242754236 3.381139745266097 0
2.407405018209881 2.379661324860955 0
2.623925 2.978 0
1.071105433446807 1.694056962104004 0
0.9714882437342802 0.1532990695715428 0
2.743187942152336 0.1810295967677882 0
2.727326495116002 0.1490202377287075 0
2.005789662528595 1.537312935993707 0
2.264409947670718 1.025253492051523 0
1.992473343741713 2.114760268253778 0
1.784635995450086 1.492203119033729 0
1.007029663395295 2.171195434827635 0
1.063650778497081 1.16415256539537 0
1.062031424022844 1.180029084449121 0
1.752939870191788 1.070696312359298 0
1.113345265985636 2.763027708136384 0
2.596511736483355 0.6337474788287558 0
0.5254158496253473 3.29491897556384 0
2.206462031894274 0.2330529935151398 0
1.37984615422703 1.217195326841106 0
1.702397319668416 0.4740793496729445 0
0.6413734150583491 0.6494625513883425 0
0.862310071722613 1.191930509398412 0
2.627626537464871 3.142826382883621 0
2.535754287708072 2.032313160289553 0
0.3328566418708916 0.09428225630625331 0
2.505135991869142 0.5617276525600068 0
2.642953240043001 2.660970948534587 0
1.954569457021428 0.2025873617122187 0
1.42082633834873 2.854209582897618 0
2.817554986243051 0.1913138848584337 0
1.599373117617524 0.1581411526112153 0
0.8743795902293821 1.103826781398674 0
2.392342486817303 0.1673743452571603 0
2.106331837247546 2.153998886702713 0
1.912142460584918 0.8296717463896335 0
2.084576761250956 1.752678685201157 0
2.287237883315698 0.9107640007384921 0
0.4196305733711387 0.07787107281991967 0
2.03625318586756 0.6563541318869717 0
2.026377508422347 3.448387333433288 0
2.196368895198495 3.409802282181728 0
2.726305216281397 3.413541517989366 0
2.272267567775556 2.101549528466225 0
2.366052772540833 3.43598931531672 0
2.502473088393303 1.834624866099207 0
0.6764467482149503 0.3681972614789426 0
0.6117020570462768 1.135574674915178 0
0.7182769972543483 1.361454154368247 0
1.686121227429483 3.209946255793629 0
2.458693666885406 0.8076624872648193 0
1.62199297833554 3.436149753834213 0
1.480422155300084 2.024358040150171 0
1.9653625 3.210125 0
0.3077503443874476 0.1023815144592148 0
1.026939256394077 0.4613465039612274 0
1.00792447205635 0.4236822637485094 0
1.196703489636175 0.3601148190554984 0
0.3426954469644952 2.651284075638916 0
2.164779729699138 2.41097867024916 0
0.3783963650516751 1.990914344205784 0
0.380629527129247 2.051112462392932 0
0.863475 0.8456625 0
2.077096885411343 1.290262083774884 0
1.026423435244101 0.8502075857946112 0
1.753848349324929 2.988838761097909 0
2.268119219050498 0.0954145879098236 0
2.242791361998513 1.666078876797115 0
2.548765165560321 3.007062066998965 0
0.4917430913566679 2.363808400298458 0
2.459901534970574 0.2752777295993338 0
0.09880597575418304 1.615976529049006 0
0.8415366623997378 3.305645832190206 0
1.889558726359228 0.5728672574935598 0
0.60765434660629 2.009914200098339 0
0.2091598464027 2.067011955987659 0
0.1901655877134245 2.953812142030069 0
2.314251173242795 0.1495718278441609 0
0.4965602594642577 2.940889458805144 0
0.6475208333333334 1.49515 0
0.3511320379625602 2.29210778723677 0
2.305761672060182 1.903433974335051 0
2.245242858744561 1.904157062784852 0
1.300785162962375 0.7980426066398066 0
0.7880609956756184 0.5505788913119145 0
1.99298633798913 1.409010219148214 0
0.5304948237258366 1.25792512013659 0
0.7671531290825511 2.338352234312336 0
1.650846921677854 0.5538258172460631 0
2.341235145308304 0.1355686102638485 0
2.237872868262223 2.305319431713165 0
2.604816258479296 0.2692038616949555 0
1.320101691916596 1.68522189348564 0
1.817992261462152 1.509593221722149 0
1.693195035667682 2.629081482224464 0
0.8864527793027736 0.8531329494921781 0
0.664216422885336 0.3222792147153859 0
1.519458015646842 1.533224685677585 0
0.1726489680273453 1.652187697895493 0
0.7965074347422298 2.572484335593791 0
2.80690575808338 0.153469261481282 0
0.265823485926052 2.20417648656786 0
2.219500624935691 0.9863606803177966 0
0.4917905976659618 1.177616338871504 0
1.111987693602964 2.839723540817741 0
0.6163167054042475 0.03038540113227173 0
0.268811015458132 1.571942409513095 0
1.272196718037623 0.8026088172902921 0
2.619321714018514 2.458001805856651 0
2.670810294760914 3.419058222263845 0
0.353214722503248 1.199157238175606 0
0.326505379072582 1.21050227440608 0
2.380822317549312 1.810114165859236 0
1.675381564909755 1.728665937228668 0
0.57007366842755 0.73757217172574 0
2.828789572156409 3.427753153205683 0
2.478021837954406 0.8854386087090267 0
2.597952575645874 3.094438141162091 0
0.05707333881642551 2.327843168283989 0
2.688875736549033 0.1527570217607261 0
1.585728380600197 2.47926192279477 0
0.7479889370333022 2.648821060773161 0
1.293080234703386 2.925236114603757 0
0.416076949420864 2.684195960957979 0
2.103565057698964 0.586063454239629 0
1.294142041241201 2.448516120375317 0
0.4246391396827851 2.090954366952362 0
2.784491525971935 1.649318791968227 0
0.1118490948800761 0.4327883686168186 0
2.41041860023079 1.861143836040031 0
1.761261618716059 1.460843943129108 0
0.9094697987043221 0.8691308170412676 0
0.6939756157355773 2.768696206955287 0
1.023627088702636 0.3859669553021705 0
1.663650185912484 0.5712054540951592 0
1.707637889286605 2.20471066436952 0
1.611398672542582 2.601578714555825 0
1.25843530729405 2.570443033937892 0
1.837163734654301 1.320606580657417 0
0.1133333333333335 1.6611 0
1.781942200401969 0.1907316770663545 0
2.086610427895335 2.281972673645459 0
0.0181 2.733410416666667 0
2.631225307492975 3.17142440992609 0
2.16589219788808 0.129624268167011 0
0.5350355150103817 1.39776139497473 0
1.055515696277998 1.64844967529444 0
1.893254465203895 2.909228405840715 0
2.370546589817122 3.011280557995928 0
0.7901447838635023 1.855416677583149 0
2.089075117043249 1.409717905371554 0
1.864920468802389 1.477546024051665 0
1.856919037049337 1.449573975202275 0
1.525237919808088 1.32505 0
0.6918476774369816 2.863228015508725 0
0.7650261146592374 2.503473748757147 0
0.2641424763351568 0.01845880077076267 0
0.05735127886250435 2.919016355328853 0
2.617413010779422 2.275668556500231 0
1.445635623443073 0.5326990601613151 0
1.089592267881109 1.050473623830328 0
0.384887429455836 0.8756994572474671 0
0.675972285960081 1.668865080984735 0
0.1150539253539249 1.283832286572287 0
0.08704353717490432 2.48775374311598 0
1.325974573923158 2.325869648151579 0
1.431193512806966 1.565746179240485 0
0.441691929139308 0.9017654091737091 0
2.334842323221005 3.116000413303758 0
2.282180195827924 2.690132507245036 0
0.1736735595997116 0.2796328006576521 0
0.4912050868543933 0.1073959369116397 0
1.700365297639959 2.126636136495061 0
0.2449894348310988 0.8998096963326975 0
2.806644389610525 0.1402889264418492 0
2.747402809579945 3.268339359672835 0
2.108063592352485 3.16000382700662 0
0.2716751854267219 2.389961564327677 0
2.74382243472387 1.770789250763102 0
0.5905457404103712 1.025807809480515 0
0.7290005436987763 0.3992174387443934 0
2.438730633769245 1.138256264978295 0
0.7749380081799172 0.4453249013685008 0
2.371171737170571 1.11340656298066 0
2.449453333333333 0.02196063509335189 0
2.319266267532643 3.36725452897244 0
2.558578953094895 3.229815273295684 0
2.000718037742599 1.491039985242823 0
1.057652750839581 2.114874066525272 0
1.091579347304537 2.133415570344484 0
0.02513742034384858 2.667173155088377 0
2.687754622542312 1.616231594251627 0
1.664032463408801 0.5321587719003 0
1.779485578688883 0.1708351692522474 0
1.905024464475399 1.646954078486996 0
1.747090748215743 3.158013230451865 0
1.385341310144771 2.35208979216129 0
2.011184274103374 1.135948809192267 0
1.798626004134701 0.2688301142684952 0
2.431969573920004 2.47585733988697 0
0.4266520375753358 0.06585731830660091 0
2.162391798448643 2.131815174479412 0
0.6601000695564205 0.7188949414373484 0
0.5841338731771875 2.948367414578653 0
2.799338351155892 0.1552316313059539 0
0.03029120668250562 0.6572161210775915 0
0.9850353439970025 2.372546807656944 0
1.455522221504427 2.24020189166892 0
2.292638100177325 0.1757107577275105 0
2.488756679995049 0.2840688547549213 0
2.496207563818508 0.2713932686399079 0
2.040987091852778 0.8082334276132832 0
0.797360797866286 2.382605803316878 0
0.8042022862343836 0.06664346905858487 0
0.3276319866620521 3.273193139775078 0
0.7204572268657105 0.3084158370206058 0
2.627876380648618 1.137658734648187 0
0.2318286185043059 0.3831505460661988 0
2.827972571625119 0.7000707012553335 0
1.648058746994627 1.594921351806582 0
2.134294368248574 2.396431459064961 0
0.1785760978049862 3.19934659297058 0
0.4424003838517243 2.473837462658469 0
0.7725214229721657 0.3829804995600483 0
0.2393337541665177 1.55463525975206 0
0.2338589927415824 1.545327184573884 0
0.7324277772241863 1.908330037292412 0
1.137422759039393 1.739166629615862 0
2.503724852170814 0.3158552955010359 0
2.54132390785913 2.926018035371065 0
0.09628010021784661 3.406620011530244 0
0.3583047064243039 1.606783899403512 0
0.1162542767349179 1.502057325718225 0
0.7247950883334557 3.208694268422533 0
1.570764830436635 1.916652039903507 0
0.06670400650812769 0.1716167131640502 0
0.3110002143557886 0.1389537678696944 0
0.2144214334896009 0.1183473495852043 0
2.471327180491505 0.850643478496063 0
0.6967139759117398 2.531773035752732 0
1.105021363620021 1.135032505100181 0
2.290628108193554 0.8159455181554334 0
2.268357519661636 0.8301405690953023 0
0.1160990713598467 2.176894181611622 0
0.800185835630737 1.469305373187307 0
1.323491134899124 1.148508353487129 0
0.7244495764035693 0.8171044157428605 0
1.035849607463217 2.776304229166522 0
1.84112952571162 2.838677453229129 0
1.889099746679432 0.145739889073778 0
1.833126293530357 3.163074427037397 0
2.825784431722244 0.5980305411688516 0
0.5229284072147248 0.5663059255308229 0
0.431811952165476 1.161754980828162 0
0.7094866839406716 3.32745813142269 0
2.09856067154771 1.793089608080899 0
1.055517491293774 1.186450436380722 0
2.509880941662916 1.231561420586582 0
0.1494805053380845 0.6148142485571397 0
1.040308802810595 2.693094369382882 0
1.353511117188775 0.7090685049858916 0
1.950413255189768 2.194749985145041 0
1.056852476110326 0.3946398645798874 0
2.334298008930955 0.2463230749757668 0
0.6573284570172245 0.1106003276548946 0
0.6407836221149877 0.1242438184600041 0
2.298388453982315 1.232626768251392 0
1.369256200488488 1.604701571918113 0
1.02952924997243 0.8023231022139089 0
1.411088442897555 2.999689975034688 0
1.545009932456872 2.093805029741735 0
0.1723596429410721 1.837650973170483 0
0.5399102799577519 1.188612564604019 0
0.3915720575742014 0.4701497725713626 0
1.945636633389526 0.7964608171791564 0
0.8458444642379587 0.329879916812055 0
0.2043313839564584 2.13784974906183 0
0.04947505091974613 0.5465442239481799 0
0.4122680923497293 0.5960792359815055 0
1.362781031700118 0.6709027143042414 0
2.550505742394834 3.023990118594726 0
2.32739302503656 0.806064624425186 0
0.9627728928004716 0.05828796878649145 0
2.157388245276051 0.1777201420134706 0
2.174689404485544 0.200652113531455 0
2.160407872808798 0.2015963474681426 0
2.162465251344953 0.1884589683282616 0
2.250698573669021 1.637377166219731 0
0.7266130115738675 1.052905766105266 0
0.6374156045751637 2.348827124183006 0
0.4142720021794652 0.2413605812419144 0
1.673078883746862 2.828169420361085 0
1.196532973304602 2.701938298901452 0
0.4669306168361705 1.165463561214215 0
0.4743375465342907 2.02159649175789 0
0.4663336145406561 2.047950223358933 0
1.214771225641446 2.260825175517324 0
1.055742192465803 1.751836379780073 0
1.186745659191969 2.492496429181986 0
2.140591142475486 3.213555389094869 0
0.8612969558816099 0.1616745113273974 0
2.68782818924543 0.1104441394832618 0
0.8995981918213807 1.62685961472901 0
0.8744027547887998 1.633457805750892 0
2.698627624400624 0.2347099069209553 0
2.707162474512248 0.2466467884013177 0
1.772440328965735 2.319782885459602 0
0.3573361914585076 1.272736279312565 0
0.5236131155155096 0.8112263174653649 0
1.330729887255262 1.576757886552727 0
0.6873038699374747 0.9146137686023418 0
2.022943649761171 1.443911690868804 0
1.831043512007033 2.781093268518326 0
0.2670427675094957 1.671209743769928 0
2.198179255430071 0.5596693750686679 0
0.548418267803841 3.129258710234333 0
0.4017274702463052 0.06403996072663576 0
1.973327254880576 0.6256859254008074 0
0.6474606043518794 1.678707183612461 0
2.12841822074061 0.2119865552407738 0
2.129116392417099 0.2002516243190662 0
2.117923516198815 0.1820657573406108 0
2.784842163570008 2.931116129844272 0
0.1478843053972767 0.33111769391695 0
0.5047218914411847 0.4985579225822827 0
0.827670158761235 1.83619570426122 0
2.130944847162575 1.705000635709464 0
1.967272427507003 0.5280082503121912 0
2.20440638469872 1.510187745251558 0
0.5423939514329068 0.1340247880913026 0
1.328934333625598 1.621608034227798 0
0.841505789814487 1.437712840273457 0
1.485126085616841 2.963012670781726 0
1.313784228965471 1.896599392295382 0
0.5342125743981573 2.526167158545589 0
0.1787279748411534 0.4008492884767685 0
0.01675000000000004 0.1414750000000002 0
0.1536472349642739 2.020283750739118 0
1.813913160588501 0.5685374763725719 0
0.4696927820066551 1.642478055931269 0
2.44250648272258 0.0925493451795425 0
2.482437077830555 1.849956968401065 0
0.5390338403290589 2.129028701069448 0
2.23416141056899 0.2301132476518291 0
1.799369416808569 1.901696157768836 0
1.153271275860184 2.241866596208087 0
2.390091281843691 3.107520447523973 0
0.3479693243492357 2.702440222523108 0
0.8080955065136929 2.312061599978963 0
0.7945362414696743 0.9116114611665918 0
0.4925183707065736 0.7332690243479281 0
1.737264564856758 0.6309024216950907 0
0.708597962253255 1.899824329251262 0
0.2932294375602085 1.054160092223308 0
0.5720671096560253 0.5290336073565991 0
1.271261830621069 3.052410712130457 0
1.731242911985967 0.04281747678835846 0
0.6475915838190803 2.205375985943336 0
2.526652238499772 1.103039974542719 0
0.2877207129348935 1.204134913231876 0
0.5568480390793993 0.06169002917533373 0
1.06176024890847 2.362873768291183 0
2.079212569620618 1.601948906425371 0
2.401439044392496 0.6079736332880741 0
2.819717127786745 0.1511337231198842 0
0.7223303301658315 1.287916928407047 0
0.558625621201942 2.797387031351228 0
0.7566260718010077 1.476251165797703 0
2.435080461290049 2.871951642058275 0
1.940625357153273 1.331672229837904 0
0.2055169690712291 1.839065270718861 0
2.645283967100814 1.537714748189525 0
1.587422462396658 2.539845716931953 0
0.1111061982774539 2.43910932264626 0
0.3771982184865119 0.09808498606947946 0
0.1936626598708588 1.685595289010162 0
0.4947496967882115 0.4275475123289807 0
0.4447491216422651 3.357072650879898 0
2.032627401713289 0.1568219401192636 0
1.425156548589596 0.7030740147864556 0
0.3405088584513822 1.101324311668794 0
2.140549970729024 2.908369177704808 0
2.38229571697854 0.8805025108023646 0
0.2244865430638976 1.639704254603832 0
0.6545701933731387 1.868041230827764 0
2.824619189280341 0.6441403820436258 0
0.0603808298371622 1.570478521559576 0
0.4842189307117593 0.08003358335564581 0
1.759118499156829 1.050752311043997 0
1.712317152315062 1.60333913138382 0
0.9186266541741834 1.685963988201271 0
2.710810807565658 1.349689965772706 0
0.9716446983554075 1.794698716604128 0
1.328887549869456 3.347465064228109 0
1.905975692842844 2.976136931810356 0
2.820377555074978 3.19066761466178 0
0.7222534792181025 1.72283673238311 0
1.683439570598216 0.5803968758401739 0
1.832944725766622 3.406409861221235 0
0.07883242506139965 3.13614683041641 0
0.9863160296997966 1.612721898486281 0
2.357253667124541 0.1678063979323245 0
0.2893569873246642 1.590408048245145 0
2.303317772776726 0.08591186925268501 0
2.110298828126611 3.321884964748119 0
1.224155177924926 2.134690996453783 0
0.4729886149382927 1.230876311121411 0
1.538128877865572 1.932972608692818 0
0.5073135871292179 2.903312309700776 0
2.361986216541084 1.222437559244504 0
2.338233320551474 1.212261643565193 0
1.856205427910254 1.799769702411541 0
1.048869491151411 0.5517234683519148 0
2.517218176193891 0.2902637995923167 0
1.983705958302353 0.7576145623919487 0
0.4032379404081117 2.037624750266517 0
1.477430281641247 1.205219396936899 0
2.590131673857572 2.398226010784082 0
2.144993968140232 1.806577090212085 0
1.658662290090499 2.070327292137804 0
0.8024137651187941 1.076949576641831 0
2.637437658023479 2.189420271332566 0
1.784843389212689 1.856799894710739 0
0.4678326017301379 0.1562421979124859 0
0.2464174960326753 3.268649537349364 0
0.2439693755762704 3.306164503396197 0
1.997484949868325 2.672972311641889 0
0.9458614965814527 1.088140637061742 0
0.9250969140045966 1.093709447094154 0
0.4939705470094009 2.064950926198087 0
1.012838148580126 2.816789906291899 0
1.448997987076007 1.907612746704418 0
1.542303457065385 0.5188678274480774 0
0.2728109800796732 0.5907478895277918 0
0.3900449840722247 1.428181806256289 0
1.281185459414818 2.05834347048821 0
2.04112879922624 2.865639833153096 0
0.03809117552768182 0.2152145010180249 0
2.471706220291526 0.120829072463315 0
2.45503526073777 0.1226938732878524 0
2.701897336407995 0.2647311230436182 0
0.5788751957241453 0.1455764942268329 0
2.727666959930438 1.750944396601571 0
2.087287698087086 3.116842134357114 0
2.377467438101728 2.140590134614198 0
1.110824003042917 1.053073754938093 0
1.139623307359184 1.049990999520989 0
1.145812856031242 1.000314989878957 0
2.550669651650441 1.975831928179207 0
0.6599635145283943 2.418072479435021 0
1.504480110691747 1.42660655211971 0
1.503589246985893 1.442590199369261 0
1.803507026506678 2.08342124201201 0
2.816895575908843 0.5430463390826428 0
2.040989773406533 2.686544091938827 0
2.276668670593128 0.4980095542295744 0
2.459363926406202 0.1395270235135806 0
0.09598520745495742 0.3414224425894725 0
0.04415327206422925 2.413770849402855 0
0.4146241367862098 2.433153369467371 0
2.514097314424907 3.350213350517075 0
2.778266027141811 2.833960907224129 0
0.4031192974299167 2.484649091844646 0
2.25753405963313 0.07289659884398692 0
1.671437399079766 1.439220150734922 0
2.292114813693119 0.9651005080526094 0
0.02166603199371364 1.421968090354931 0
0.3154171408174453 0.04006316480825634 0
1.849912156812787 2.25130848199484 0
2.210401756690087 3.120187246632742 0
0.5286479646138191 1.169878082417747 0
0.5150874890756268 1.169835677042935 0
2.012199709432828 0.8355450295153678 0
0.2197400332225949 0.1864584717607958 0
0.2221906339650919 1.918287590635222 0
1.777671474549122 1.173576268398114 0
0.2813001326386453 0.9532948685238051 0
1.384030014337469 1.136176709222322 0
0.7667682918686083 1.391298067583367 0
0.7465025112977678 1.11475861646502 0
0.2961259118749349 1.662710070166824 0
1.412998358130578 0.6835163701211642 0
0.8429739267719923 0.7699462679251297 0
1.375434501374411 2.846041228707217 0
1.765598884103342 3.269473593454257 0
2.461876773507937 0.2473023993769989 0
2.463496297899297 0.2275972408728073 0
2.048699650389646 2.550268541759765 0
1.219194262737868 1.084261048927003 0
0.8430309816929982 0.8018740669812824 0
2.668335541827146 2.544368495798606 0
2.297507845469218 1.050276668218716 0
2.628481283982037 0.154201374493862 0
2.499565625111419 0.8790370446788296 0
0.4479764242282531 0.05316929894634193 0
0.2384117837342949 2.903049008186556 0
0.6627923532344402 1.309738237996342 0
2.340907080333791 1.068099758109788 0
1.894658757071495 0.1162875757370876 0
0.1662850080707599 2.939279817987086 0
0.1795948885001004 2.898293981865209 0
1.629114075571687 2.140889253553604 0
1.851421971696951 0.2101838870382935 0
1.919935122242084 2.923324870950605 0
1.764847533293042 2.683011325512816 0
2.518122375659791 2.972953214815607 0
2.602856034193797 1.4275587462584 0
1.604956760207454 2.878578511390659 0
2.113995826075355 2.858292049910903 0
2.615789603433343 2.049910094246346 0
0.9936012499864288 1.075196568386866 0
0.8211680217014993 2.540046291166251 0
1.787564601529553 2.002357702904253 0
0.1537131576895063 0.1172100926828816 0
0.4829663616485153 1.155036022642107 0
2.671998496144615 3.251206123149728 0
0.6034893299688719 0.9048383835342411 0
2.367720090647668 1.001098998281693 0
2.40386081076189 1.001333995977171 0
0.5136702170382434 2.824630338532931 0
0.05625264698839838 1.816144010651568 0
0.03175264214078433 1.22483132778064 0
2.261594106220271 2.377939638109549 0
1.944247394770003 3.431172529191524 0
0.9085857463746998 0.9860112906287246 0
1.138813439614673 2.306953454851346 0
0.4318420868458633 0.7152617107185224 0
2.498602185951656 1.053783097400979 0
2.500761955377861 1.039705320767764 0
1.561865622940864 1.825091238726189 0
0.1901557402893757 0.9527796865283374 0
1.450603201324271 2.389096354805151 0
2.648008616013394 1.346264888993533 0
1.68164862407056 1.222926583141224 0
2.537411674757549 0.2183446372064559 0
2.343251915341155 0.2026970853673964 0
1.874763152407635 1.561571508591046 0
1.896514330472581 1.563718500271259 0
0.3097045048488125 0.2263690688887137 0
1.045707422157242 1.812724027127596 0
0.6489239922944727 3.184376772989572 0
0.6976470432767694 0.1275235678348157 0
2.143310824217743 3.071259718116801 0
1.73936730018714 0.06795989890572707 0
1.716510935441841 0.07616436410230976 0
0.1079908783403865 0.2022565515793415 0
1.8496 1.395677331606217 0
1.415176440023024 0.6084798360588324 0
2.561838568513567 3.39678483728505 0
0.1866996706474289 0.96745704150734 0
1.657851939120623 3.176806885469253 0
0.6605478628421086 1.403177115983111 0
1.755230178797123 0.01810971267016015 0
1.730293898377589 0.5204920608557904 0
1.601632847763892 0.118989715603236 0
0.4880939310955007 2.227719374735087 0
1.589154478305029 1.72022938356128 0
2.304148027173302 2.280171678594677 0
2.75333027008449 0.2541831039978308 0
0.235700805734198 1.059578837485516 0
0.9028606830442231 3.144372442296961 0
1.847286271091836 2.931163379695497 0
0.4367524041360955 3.420625068635943 0
1.566886642563327 1.589802054207992 0
1.795305731780477 0.1270479343465618 0
1.803277850556671 0.1520968873829505 0
0.4305450173324413 0.02446974728144036 0
0.8079299251080161 0.7212883331789883 0
1.658531237987911 1.8123245463252 0
2.255553590920546 1.153187117243049 0
2.427408903229927 2.096661795024283 0
1.781570882808907 1.788930966552985 0
2.292772642380921 2.975272256926566 0
1.743622447705089 0.02018592596024482 0
2.039343261783808 1.385457070736346 0
2.679838149370942 1.270979805018398 0
1.273241244123077 1.913251302356381 0
0.8975110310421262 3.312202436953975 0
1.725340299912353 3.295417986153237 0
0.5321522288751025 1.223048753533912 0
0.530617607053778 1.208827338936285 0
0.5493686179057239 1.220911907877018 0
1.38481953842078 2.478794132795193 0
1.3600857744756 2.472107981224428 0
0.8472539585533543 1.102936291269482 0
2.086356098989064 2.230054708140666 0
1.622740679140558 0.3536757118470093 0
1.752886251262789 1.009930022659895 0
0.7141834113348624 2.52542800634559 0
0.3129766263552434 0.7777369909424529 0
1.803577853061487 2.149856502381412 0
0.2477265001896896 1.579641959506618 0
0.4436863346034827 0.7899610680879178 0
2.380375909432038 2.864230765354083 0
1.054689558805821 1.874440339813666 0
2.313305236975838 0.1691169876422955 0
0.329358652028618 3.421044776021513 0
2.538378933888993 0.7753698074335931 0
0.5397992787097121 2.784809994822991 0
1.324882025333104 1.642298279949765 0
1.46718401364838 1.827930667951937 0
0.7298056792647452 2.803484546602843 0
1.392052186309569 1.858135764435435 0
2.281622563682498 1.030178525569225 0
0.2873492818344783 0.08987089658431691 0
0.4911477155273003 1.36616397845669 0
2.00154843932136 0.7037062584102662 0
0.288202692322914 0.4377679043545795 0
2.416455736052019 2.265038891821876 0
1.761751887853636 1.480143377913986 0
2.233223637290541 1.0891871867926 0
1.218896099088875 3.211072019560731 0
2.25383055793476 1.070618152994044 0
1.405407946146505 1.643008360501286 0
0.662174416527168 2.942934191317184 0
1.670185738713504 2.846791425716653 0
1.736385875464355 0.03488904193563624 0
0.06066367549467278 3.317668264689112 0
0.9648358189576484 2.531700469619258 0
0.7726120874937777 0.2934935449330935 0
0.8460856800002552 2.319908359268606 0
2.820030673383795 0.8831316471807142 0
2.828857908311119 0.9067880115315826 0
1.195516594660921 2.74443765978029 0
1.739706304918339 0.02880308688109001 0
0.5113788727010791 1.191362750058906 0
0.509317916342239 1.182095601471652 0
1.364434562195462 2.997202934219688 0
0.5301463392405192 1.18691458654981 0
1.73028660778637 3.434255246245875 0
2.431993500238468 0.3722508590604314 0
2.555181264364619 0.9809413478029846 0
0.6308800511753432 2.766614424724542 0
1.440757122860757 1.075871214427222 0
1.305925933389877 1.99653526950237 0
0.8011976018722546 2.499138509302327 0
2.29180383683374 1.109474956513313 0
1.749301990428872 0.02361820598979758 0
1.63813756809422 2.695353079510387 0
1.532353675133248 3.122407997732075 0
1.543721851138988 2.972189892737831 0
1.319522539677437 1.805528942289993 0
0.696878610585941 1.746055566630697 0
2.728338756021813 0.1748018719892999 0
0.02799239830576239 2.573624266280306 0
2.104271453660343 1.466366104999338 0
0.7376213049192065 2.544272743922491 0
0.2533763342553212 1.847524556409458 0
1.35895247907535 2.787989120775688 0
2.553979237105049 0.1198657210653562 0
2.826046462316388 0.138458595124558 0
2.830864304572467 0.1476986625355301 0
2.607324391313707 0.3233035157569453 0
1.235637456606111 1.816718704404296 0
0.2274007120309924 2.972719369646693 0
1.049499975668977 2.476757315225582 0
0.4948460989682754 1.050620183187744 0
2.297021551396404 2.465229108668246 0
2.291785082878206 2.44501947625209 0
1.479685033372553 0.6238120955389321 0
2.233260752557158 2.390392755418793 0
0.5920933715323176 1.322823508109294 0
1.010976080577845 1.651650116427066 0
1.276371599861205 1.163936633544115 0
1.66455371215299 2.786034941910347 0
0.1960838707051793 0.7682217285796793 0
1.417094382446537 0.4123291936800006 0
2.424533903316327 0.3561077343949222 0
2.554951900548655 2.049102880485087 0
0.8948656553294358 0.05657380875017859 0
0.5540525782006714 1.25899068659688 0
0.7627012314385732 2.554765531495544 0
0.8206454068321243 3.17110051048125 0
1.498555344346136 2.674572673692038 0
2.117718675450196 2.198607725086986 0
1.973280572431164 0.04162009823637636 0
2.24762864723506 0.272767758812821 0
1.386919862653865 2.700644633959138 0
2.591908310824003 1.244940493948631 0
1.039271543552009 2.421976096716836 0
0.5597377901953273 1.981276297236915 0
0.2289373568357909 1.115722213244077 0
0.2021757522157737 1.105511230902662 0
1.958327244339783 2.255094926923095 0
1.32115046210008 0.7278056798559673 0
1.183249866210658 0.5201809826376789 0
1.75830508030824 1.579471752893717 0
0.7816766808593054 1.815099363678039 0
1.656913752347128 2.903435259220335 0
0.2954404956832795 2.144836243432175 0
0.1510827686795755 2.255884866457728 0
0.6172957676499887 0.06141196001829963 0
1.932850411311987 1.821435639061733 0
0.5148329206278071 3.342074102431236 0
2.161981138194672 1.643960713949459 0
1.394431865216645 0.767155923975162 0
2.251651306262437 1.582448115314814 0
1.723852165223854 1.012701885611943 0
2.593454518316906 0.3041986507754895 0
1.208642374031929 1.34836895546966 0
2.465347019701918 1.766810889191333 0
0.6360791532540209 3.359138079730292 0
1.638850790100977 2.834476929446872 0
1.859594514774988 3.437019131971975 0
2.776086887518048 3.276256970976881 0
0.0558459175026067 1.70432128218625 0
0.04100429829441099 1.743090691972169 0
0.4500947548286127 1.507722931507547 0
2.725325 1.707525 0
2.23812011786068 0.1717448295451267 0
1.61144043525162 1.638841540608564 0
1.796116354731115 1.272368216059522 0
1.779896392527119 1.260906445694553 0
0.4823634806040185 1.124864253592682 0
0.7703101539300228 0.7873220302072486 0
2.576055312885517 1.079917280869734 0
2.586514156002174 1.096800159925621 0
1.616472466740305 3.114552439454498 0
0.3459245820666172 1.709943467632531 0
2.069667124550879 1.322694368567364 0
0.4255834633295148 1.336582569156595 0
1.553614305943114 1.417240563498719 0
1.532301429274436 1.400880152413737 0
1.527391443664798 1.373990141154974 0
1.013802872056085 0.6213808187424874 0
2.200753508676736 0.02391545538500051 0
0.5596944437523351 2.291762973917214 0
0.5254978734152592 1.133412045900162 0
0.08026562029440876 0.06828385862037312 0
2.121235504452818 2.172379799821923 0
0.3352235903273499 2.265866887113888 0
0.2304918845325201 0.06119664762742771 0
1.462834409007336 1.643301631847496 0
1.540371923605234 0.4508915851529518 0
2.585259041580013 1.029868208544377 0
0.4535667905012557 3.152790344871716 0
1.539114404024045 1.561456306774827 0
1.20558535948644 1.615327888836955 0
2.800467694807355 1.41898154884626 0
2.345948837323744 0.1511333831096047 0
2.815130304887433 0.2813895977984366 0
2.375231236978824 0.8016443812797097 0
0.09932527508500177 0.6751058386115987 0
1.857135784388782 0.7801781134969062 0
0.10303242526823 1.934623317994788 0
1.09392684879937 2.069592793354306 0
0.9674134008675156 2.873827736189698 0
0.04125999999999985 2.808731666666667 0
2.701314194148028 2.43040382722208 0
1.107334703719077 2.012103641592484 0
0.8328642990249568 1.154730215766356 0
0.1775738190636664 0.367471948865818 0
1.442425702160148 1.409436842163521 0
1.553665166052758 2.014570231003223 0
1.418313705657185 0.3436070575878967 0
0.8425232280097412 0.2787291399559866 0
0.6534934888137838 2.454078774241208 0
0.669422437029601 2.483765685290217 0
0.6619104520822243 2.508167172764146 0
0.5864886510297962 1.205473272241917 0
2.797416019568233 2.443846646436735 0
2.126810956598988 1.314906920009812 0
1.539736074680918 2.882376270364302 0
0.3959837790549079 2.361405610720288 0
2.340743496611475 3.216207798424612 0
1.274691048913572 2.191825543890709 0
0.1505623671776597 0.3596706067955764 0
0.6615092290556035 2.57340894631667 0
2.716590295737324 3.187094134479675 0
2.405852543822629 1.534009503802992 0
2.821116043780484 1.030180998813502 0
0.08584098974024568 1.059867486342554 0
2.545708541257301 2.875112041389737 0
2.322307911420485 2.705444737921654 0
1.738851194674787 2.768926721548961 0
0.01636499908909705 1.496907025605068 0
2.412012709079223 1.4365115568311 0
2.575362657429007 1.116432640026146 0
0.1362734818646607 0.3956954039799994 0
0.6781250801225822 0.3346784657794113 0
0.2091014615786675 0.05885618762465139 0
0.5167338700750612 2.803315830200074 0
0.352746746518023 1.582889186394663 0
1.061397339351282 1.143070411778571 0
2.152373964285607 2.537447112618032 0
2.130969559966373 0.5174993757411166 0
1.59525670702877 2.072257148417212 0
2.073806882202299 3.423073784641685 0
0.730001402980522 0.93557745176746 0
1.925583280932516 2.925218682139961 0
2.770108266609697 0.2180794666512069 0
1.901964963821589 3.363272256430423 0
1.763963536193836 0.01400457637019903 0
1.765702371001924 0.01170727008691852 0
2.485107637562229 0.9139531164826605 0
0.8413870928023973 2.898059009538865 0
2.356552420670599 2.216439733732944 0
0.4732825469406752 1.516455443762992 0
2.257514811311564 1.080193160728248 0
1.045487942649238 2.822562296365267 0
0.02494374999999982 1.981803125 0
2.106220798043706 2.132653751108244 0
1.187936517152216 1.026882931840876 0
1.126191385649116 2.405523460681803 0
2.655817847328835 2.988172989231027 0
0.2737726212794764 3.426523153828084 0
1.350072810977308 2.955439671098441 0
0.4842471869714792 0.9715110616329048 0
2.387138193135208 3.44862232882918 0
0.7913672074414947 3.305433577424443 0
1.523745202606544 2.428704195143394 0
0.4234553178695015 1.269450235255667 0
0.3037311241957565 1.901993359178597 0
2.523990626636328 1.316478989113024 0
2.211315488262634 2.690191543710096 0
1.504960115223478 1.846393089987442 0
0.6205653799098514 2.932701848402441 0
0.6339179835026083 2.923202417759335 0
1.936429554330475 2.082120108949209 0
0.7854154872466587 1.163278178627182 0
2.364296074545207 1.143731738079607 0
1.841255529883334 2.6768473671418 0
0.4477458162362722 0.4316943554474455 0
2.155920908030013 2.60406826384582 0
2.24175889046629 3.437700570545432 0
0.9899191322947279 1.724242955052026 0
0.4990180097467519 0.3713721291835776 0
2.263264816316627 0.8881687786054817 0
2.24372328892579 2.719034683512142 0
2.669323181228157 0.1989446293180701 0
0.0404274375707292 0.5736424204355401 0
1.883188832599473 3.045168570212314 0
2.189182514485305 1.68243348593697 0
2.260844617487133 2.815493954772813 0
1.725225146535956 2.815127511871726 0
0.5070399410400124 1.14507444041336 0
0.8068084596598004 1.883504690421971 0
0.1307633219800521 2.632647009718416 0
0.1453257583763088 2.615803401603543 0
1.752097594290623 1.206561382495747 0
2.753712948363855 0.7223363259045974 0
0.4996766082364636 3.254620060145421 0
1.765284244152725 2.925041584071836 0
2.737618312409239 2.028351559410213 0
0.1680428961270439 3.314243989977663 0
0.7402892677389327 1.179261246079168 0
2.595188624152343 1.884508431674702 0
1.6098502459163 2.926279204173618 0
2.117594198542315 2.739094577171483 0
2.080432836156977 1.56244303873248 0
0.7305025802720013 1.471268931610077 0
2.539129891538363 1.610301050574801 0
2.649971963747988 1.387708247345983 0
2.238252462181177 1.360418871959223 0
1.61731889954148 0.2442445177902604 0
1.393657669508858 1.088559116578582 0
1.766760618945011 0.6293120259279008 0
1.349237146368284 0.5874940801287996 0
2.227224424841051 0.995836930443898 0
0.6106433104133873 2.505858672181736 0
2.514266918672498 1.97199953639956 0
1.656584137633307 3.383775977837231 0
0.2189349090468322 1.480505744799748 0
1.254439577352654 1.89079244785916 0
1.111337871378951 3.150237251721254 0
2.163557458508671 2.242419075358204 0
1.875889736977797 0.1072702240869436 0
2.547413755935549 2.142635660997173 0
2.172759209117163 0.2499235473255883 0
1.779199913189 2.131712311762054 0
0.7919453596623099 0.4741462402264998 0
1.7297354084648 0.02631854659204258 0
1.965091057252371 2.716447674921948 0
2.536831039447476 0.8226842893502075 0
2.053572222651909 0.20576112468967 0
0.4139679466518389 0.09678255304694261 0
2.487759355870958 0.08436690143645453 0
2.648047042640943 2.50139088360921 0
1.441632804943235 3.154011305967049 0
1.334866981549816 0.3286982609187463 0
0.1725642229631783 1.857701817056564 0
2.652174571302618 3.126299332955512 0
0.07198215315374212 0.2122665017955392 0
0.9996535144166663 2.093094032197438 0
2.537072284529246 2.413755127560662 0
0.3853116000210712 0.6678037946490374 0
2.685817596107122 3.028909410026275 0
2.681382920960506 2.997936985084327 0
2.013146978270498 1.934827611715607 0
1.115079417313651 1.694509645272333 0
2.252537620761277 2.336980990738102 0
1.486781972503248 0.6570860865133659 0
0.2209448738321531 1.03645968263257 0
2.216523216180823 2.522542871166861 0
1.782729801389106 0.5980889595061312 0
1.856363398613336 1.172780946611924 0
1.228637837453225 2.951184229845813 0
1.380522427456119 1.8881401460661 0
1.928166981401402 2.917069531668787 0
2.796493895615709 1.886866705795715 0
2.586905301396345 2.852351594013402 0
0.135958846954509 3.204757932087473 0
0.08196872943236411 0.1617705549325681 0
0.318378712726316 0.8430564390260151 0
2.214338988859848 0.9300407417775058 0
2.298112161942475 0.9933348506066768 0
0.2308591348013558 3.16380975464108 0
0.5543737858886842 2.195206522806266 0
1.224288917371667 0.393183268339208 0
0.1750872397845715 2.178592248787887 0
0.4060238417048139 1.990662930561327 0
2.419737134007278 0.7861681834458212 0
0.7049672818525707 1.48377935657377 0
1.725521915956785 1.651649875212591 0
2.306135395404818 1.270457842776564 0
0.02829533617380209 1.132835866133295 0
0.1327753232218558 1.18333136571124 0
1.725900695502733 2.849688048415112 0
0.5904910578529826 1.529145759895327 0
1.730409891195872 0.1736090881996082 0
0.5428627228909879 2.42139755320428 0
2.327521194090056 0.4966823625915306 0
0.9880644379651795 3.145152724376412 0
1.305846550405597 1.775642505875983 0
0.5535503121796049 2.236598350361691 0
0.3677621855246425 0.9293317989845702 0
2.404842128118955 2.7529529001667 0
2.572498999721744 1.1369159670949 0
1.315841306716991 1.239585299953338 0
1.087174533757707 0.9889748048328213 0
0.8729339949418619 1.709121514922404 0
0.8591597312492258 1.690611853844636 0
0.3611439579164202 1.584243137205465 0
0.4236890485777358 1.12823239326281 0
2.709164016018122 2.972689887351023 0
1.237185834959809 1.983398334833619 0
1.331329672453657 3.214528514030481 0
0.5454729118475836 2.040804380280358 0
0.03746100282367459 3.004759543097594 0
0.5742045190604206 0.4098424943751713 0
0.786990275445477 0.9755449597098537 0
2.792687786679711 0.3711570449529367 0
0.6397516370940817 0.1589336856682473 0
1.685483888018727 3.039470334956764 0
1.066934711776798 0.5794638065882971 0
1.673525763275046 2.933636378676601 0
0.83419117796372 0.9171898970967233 0
1.334580690338269 2.285750794015997 0
0.03251668598038981 2.953894731261675 0
2.390562914446245 0.1632125060920355 0
1.279277032909731 2.25673916953662 0
1.850081591248691 0.6562006090842487 0
1.8790390920374 0.6461353126227973 0
2.19457468585369 3.249417118042084 0
2.497132191405307 0.02206372049599281 0
2.311390703477967 0.5825465421192468 0
0.07366600272732482 0.3019237670910835 0
2.347138496269204 2.651640588190974 0
1.986491968887978 2.549816249427145 0
1.738639012568652 1.24349708200427 0
1.733297665885412 1.851345434910265 0
0.7178279407566637 0.1673048743389007 0
2.603949510295392 2.923941177604751 0
0.03340938080787703 0.4563366148490167 0
0.7525750713967577 2.880983590698972 0
1.876628490329201 1.516973042433234 0
2.224113055709767 2.72718876992347 0
2.39016963075399 1.612586419891973 0
0.5042791270696132 1.195046849856135 0
2.230673323799952 3.273400713175381 0
0.7211529461576742 0.5567350870494845 0
0.391699549335885 1.936807456422211 0
0.3695597669756232 2.083843555578713 0
1.857297622971496 1.30443116508223 0
2.76548369482799 1.540437708082916 0
1.230881337850285 1.108550354334859 0
1.032692677427935 0.328679744851007 0
0.5181056752913176 0.6332720779379983 0
1.944158425796184 0.6933510484667105 0
2.503017849517005 2.698662320557439 0
2.335062962701542 1.953465856761887 0
2.495678871247797 0.9983109087328524 0
0.3798315976994568 0.149744818289349 0
1.993318997576013 1.793438887366146 0
0.7178517635397427 0.2602426205395398 0
0.05106360563385159 0.1901950440483187 0
1.296977618328929 2.811952939653066 0
2.21465019721372 0.2793666665350132 0
0.9335087027637692 3.42951853877929 0
0.09140671910958242 0.3222159195009919 0
1.801362562518263 2.466547179606076 0
1.432192450506562 1.85645867343112 0
0.1308565365008234 3.127923127796699 0
1.691206416996219 3.112688493406367 0
2.160664010491823 2.703350556810444 0
2.412653189082952 0.5109398588261214 0
0.6672477485074508 2.835679220348043 0
0.0489810258282628 1.480761883325667 0
1.063646859688839 2.03139690195733 0
1.94130528151738 0.6351408804279315 0
1.975666427828486 2.032020091420787 0
0.3627651764664175 0.06469019823244637 0
2.791422299971548 0.3365896076007875 0
2.299712378755517 0.8768068609194106 0
2.404820765855339 1.748317042664372 0
0.4941714867383054 1.98321560914518 0
1.78640360466264 1.736793769038366 0
0.4541108579831087 0.03648872889139265 0
0.1637469803658904 1.900804814450288 0
2.213745783293798 2.925947824996847 0
1.693570853316859 2.405485840203009 0
0.7851834684453578 2.738309584145715 0
2.05149292271987 3.24780010396942 0
1.609049811736538 0.1935065399493157 0
0.04947459676454091 3.369135646647106 0
0.2083701107103304 0.3239199327468363 0
1.996614058739487 2.99678161002308 0
1.56873262963486 1.880538122818361 0
0.9171012515098834 1.982002760787526 0
2.675598527529531 2.057156321518089 0
2.809832315935951 1.922892524726817 0
2.416957155918195 1.146064115872962 0
0.1776380063201519 2.320953311451222 0
1.123926687338453 1.207898998549326 0
2.597940469252096 1.394098425432931 0
0.3435692583932088 2.777787166531226 0
0.2072447571577154 0.9976148875413526 0
1.457581882271939 0.6717493820591989 0
1.049652620276022 1.62574498603983 0
0.3276751379552394 0.7094501236716222 0
0.3456816912251142 1.609148949773914 0
0.1418202365936969 2.546162712605664 0
1.096847927187739 2.684894828102983 0
1.498087787314199 1.541053116591384 0
0.6867357334581418 3.413081955812902 0
0.07883230178628953 0.1406394037646101 0
2.518694618259668 0.1449311683309411 0
0.1767203819765069 1.848912802065017 0
2.11750894981619 1.681348082592535 0
0.9604676405547401 0.2745598049065969 0
0.232962367027288 3.077288923831531 0
1.496185942346876 2.784040390847021 0
1.446705163812627 0.5911914410151264 0
0.5365531313239061 0.8390440078737422 0
0.6471424875738769 1.285342350532765 0
2.820948444596467 0.1266552809572503 0
2.810237034217435 0.1143403412753767 0
0.6924274455444804 0.3921621697310571 0
0.5739513921977863 1.750620926315264 0
2.11385527799018 0.2320074955580407 0
1.071927985914916 1.927556604130391 0
0.7426022058630654 1.081530167385345 0
0.7059289468511131 0.7187209131765839 0
2.518693056540283 1.884664975466795 0
2.189042725755348 0.4544879874280532 0
1.503240526275706 0.2790269616565855 0
1.68516376005485 1.044488491407678 0
0.1332920966507327 0.8411449494498171 0
2.223431208025336 1.768021954513619 0
1.716875249026183 1.40622473818136 0
0.04264110563217582 0.09772353072356177 0
0.153950257045028 0.1822936984699797 0
2.27190361636548 1.227285668081986 0
2.57007757352941 0.2144999999999988 0
1.840936661825385 1.271463338174615 0
1.262931002250315 2.147483662322541 0
2.312015482082666 1.66359306202407 0
0.6712374638777738 0.3474225192792439 0
0.8433249948145038 3.274249999999999 0
2.366505696214522 0.530749217990399 0
1.987371724303026 3.275235905123132 0
2.102396393689529 2.265193147609269 0
1.83392315648202 1.838489089499926 0
1.590992375430813 1.198946126231411 0
0.3214746187728235 3.042021845753684 0
2.180181565682608 0.266995792171405 0
1.893094749509282 2.733897711218922 0
0.0688378357591255 2.68295113602818 0
0.9703787518629419 0.6140054844545688 0
0.2421974141035459 0.2901596455885813 0
2.457574252884023 0.7874762100342501 0
2.476378113160231 0.7778805677037448 0
1.499245505412678 0.5419193629977082 0
0.1469233510152279 2.578739139111776 0
2.490494586544579 0.2230954862174577 0
1.158008657063802 1.419034704334965 0
0.2428335156286501 0.2656913569929169 0
2.062485165765804 0.09892652819058423 0
1.374501306108698 2.42351286949631 0
0.05689791828504731 0.03337932880968864 0
1.765014768897628 1.083613780145238 0
0.05167701273351555 0.20726093445481 0
1.427504901079137 3.0753125 0
2.095562630193599 1.813887684978416 0
2.147825895271875 1.361567154340198 0
2.587515216930278 0.8660840840857229 0
1.931869046075113 2.442591180913151 0
1.850807460153181 0.7071393564739918 0
2.553460379289961 1.23385629523874 0
0.05461734749957481 0.1608715696681875 0
1.671763455017168 1.26261675233219 0
0.424514628878309 2.121941698017158 0
1.340599493747271 1.523320759306738 0
1.103144811864985 1.519930214710584 0
2.443783153276058 2.914475030008924 0
0.2793900445781881 0.7792530876372605 0
0.09465887970342868 0.05747283692582084 0
1.690997898207656 0.1853848181337776 0
0.08020043761742857 0.0285742568511127 0
0.1012567026346487 0.02131689807985926 0
2.757734093742338 1.239974850376246 0
1.45121989169124 0.6034123717831821 0
2.553434371823355 1.167507923590021 0
2.556789242579364 1.162145113386946 0
0.4767350443496292 2.731834974504024 0
2.131019879794948 1.460902090290659 0
0.79225361117255 1.406068561760129 0
1.679610695057543 3.440931656828973 0
1.655242780230172 3.419266627315893 0
0.3735948227276398 2.887704463973853 0
1.903467639635689 1.579379625067815 0
1.008968101429916 1.323413169000468 0
1.696942702019861 1.372301085321671 0
2.776234279625024 3.16158487838585 0
1.371506871682134 1.795761213262464 0
1.728131826283634 0.2191693868918945 0
1.450234577229505 2.579194579881221 0
0.9858069165720706 2.114382978429036 0
1.629130901710412 2.217188938671675 0
1.251543320305857 1.763025144889931 0
0.3897678225559444 0.2428732403857041 0
1.69575 2.3217 0
2.732970991103264 1.780188746199782 0
2.690030943841659 0.2385210893842051 0
2.684518374697128 0.2432365712451803 0
1.205563249910957 2.159028111071537 0
0.9470497419076531 3.293296940236921 0
0.3150766929975559 3.333233396605484 0
2.564309679625548 1.184167399223562 0
0.07769374133422424 2.57040891109826 0
1.798195504049751 1.29184481852483 0
0.2963864537417469 0.1912199469827007 0
2.473121555146471 3.444562473231672 0
2.459047596976744 3.41765840721427 0
0.4590053514670882 1.370577110858942 0
0.8026211961068129 1.192562217530062 0
0.81887489037003 1.227528642724064 0
0.3892839407343018 0.06486986880876322 0
1.917702864566985 0.8736925786457022 0
1.88121121112243 0.8826919271787348 0
0.9059690828486543 1.142370804803444 0
0.5781477629330007 2.720680971601247 0
0.2659979740137743 0.2105169381273266 0
1.542822617888405 0.1243195553762493 0
1.843044510360607 1.782984826458445 0
2.314603105272549 0.5237571145935231 0
0.1039202056972155 2.115345860556507 0
0.6200540542607512 0.1098745088771076 0
1.136470435736724 2.803625208159021 0
1.105284003374577 1.899233573140869 0
2.583566042248862 1.815727044036092 0
2.605770612417202 3.025518961397329 0
1.006757969845276 0.6882680885944485 0
0.1351389893269386 2.228580866291192 0
0.1138780562557378 2.207809813548686 0
0.1951483976422346 3.012008119309388 0
2.501101707695104 0.9635698258177594 0
2.286229669939229 1.013856779763734 0
1.670511795548388 1.612595283709912 0
0.4553686701217026 0.3515499302657177 0
0.1151859801306983 2.376745549280792 0
0.8725709320875259 1.155912587607199 0
1.932497623579082 0.2104082216277507 0
2.550015996620831 0.3147038041655392 0
1.229828892385651 0.3518717025430886 0
0.7125828319158922 1.18790550236456 0
1.729625848073686 0.5683136375454965 0
0.6131507579606673 0.5477886070068747 0
0.5463016683895887 1.429637848205892 0
1.569636719513804 0.3046013364993128 0
2.541899602790467 1.075943189656086 0
1.774119457774221 1.195755412277776 0
0.2321637665234022 3.250143473156172 0
1.62859082344044 1.462942815614394 0
0.1839475579892578 2.616225385611209 0
0.3977723783933151 1.157932976077469 0
2.225303087707299 1.249061801907412 0
1.280726891257085 0.583404373480811 0
0.2874488330884939 2.104576875645657 0
0.2912036697591887 2.059748134796108 0
1.514960264949224 3.427826822026031 0
1.727239642719085 2.684186925870095 0
1.721995484544458 2.696165547032076 0
0.06983069474126258 1.97574161574451 0
0.1384970294346641 0.9271366355183267 0
2.409570024227354 3.213528602197467 0
1.688398524488209 1.095163204667673 0
2.3562 0.5734843945312502 0
2.511317690365024 2.627750685552152 0
2.499414152055546 2.594877328670836 0
0.4685296595256131 2.398273375894113 0
0.476612377935123 1.175826729596017 0
1.71779132440999 2.148675700790432 0
2.554295823350613 0.5662732523593503 0
0.353172480477445 1.53534533939541 0
2.514381252260426 0.2131546913514493 0
0.1299197294703485 0.4666483840877094 0
1.527565174564176 1.636901430583689 0
0.4157470110862995 0.02286018699804782 0
1.95001252148267 3.377711731009766 0
0.6182823529286167 1.252575137439058 0
0.2200999595119841 0.4612782927794519 0
2.299009804346052 0.1428431880319225 0
1.000392625619263 2.215617222222221 0
1.481654560816895 0.5851146267542235 0
1.49293462296973 0.5944247148017847 0
1.480222947921107 0.6022556209375107 0
1.476242075273148 0.6085790675727365 0
1.474878811373356 0.597213764227198 0
0.8986958376066397 2.346232387628818 0
2.811991028817296 0.2109183020716427 0
0.836341546384282 1.410763258081146 0
0.4046779689400652 1.840915551347878 0
0.1270035026459833 0.04640861074867297 0
0.1447143543051701 0.05983282282775626 0
0.1622347214897437 0.9190851845521807 0
1.00762656778093 1.143845415958682 0
2.596240677575217 2.429995563328147 0
0.4492670308538381 1.711289501635086 0
2.290330392586795 2.212573871405292 0
1.11391576385748 1.959145865867244 0
2.463916509097309 0.5986660210227186 0
0.7778766425763743 1.741765903608265 0
1.340105655075089 2.748711806744641 0
0.5066666471174489 3.170177124544703 0
2.541820011745804 1.197345189308695 0
1.915217320703097 1.697043837549064 0
0.7921030192891362 1.01369582273038 0
0.4509957805979845 0.09173459527837258 0
0.4557637535117609 0.1097448965277081 0
0.35128940888614 0.2218490480386295 0
1.504997603909099 1.161350897738044 0
2.362998014257006 2.322896378195948 0
0.5626479908547914 1.696496085542624 0
2.186236077381852 2.305920354730518 0
2.257624158542374 1.484496747413699 0
0.04972384846903477 0.3480626138669152 0
1.896663144959729 1.162894719329681 0
0.5323543688932111 2.371378146761693 0
1.05069027390788 2.092355037091232 0
2.381389874281957 2.439639402110905 0
2.471291772198246 0.1476179236216646 0
2.402099078670354 0.1441999648154915 0
1.838450889252912 0.05810744420352565 0
1.742288452260564 0.2012070018953875 0
2.492625718726635 2.882045211470773 0
0.2440809630471841 2.617839119454626 0
0.110987629459143 0.3176909282700391 0
2.507320217923393 2.524362006599262 0
2.464068922830342 1.592348770897702 0
0.5002355149874163 2.872071876426011 0
2.276042208065631 2.84862609680077 0
1.779004613616823 1.137422982622459 0
2.607697803010955 0.8314709808073335 0
0.9154096183483142 1.05210544730671 0
2.501827114237285 2.962929477888237 0
0.04819264695871528 0.1367630131355182 0
2.532839094837583 1.794055673828559 0
0.7631655674372742 1.664666992184275 0
2.740133301279519 2.100111329761514 0
2.012459718072227 2.476431380258747 0
2.457810485566692 1.830503956453324 0
0.2237738909611799 0.8460678021540993 0
1.727585503618511 3.330248267017866 0
0.3651972410209545 2.15701722212705 0
2.311985036500947 3.169116209161508 0
0.3771209032533656 0.7808871995261526 0
0.05917220542752277 2.731911241983974 0
0.3431178044735457 3.218040093844051 0
0.2455725429210998 3.037930131550791 0
0.09187588180231154 2.050798475189149 0
1.946390510087252 1.510288260612378 0
2.252904712302997 1.173151093782605 0
0.9521857623721859 1.320134400808489 0
1.606836091014314 1.173957790468682 0
0.2364947460405749 1.330878311198429 0
2.559215167123906 1.484547092859992 0
2.105007376039437 2.404440759953738 0
0.8264031509396509 2.963626332590761 0
0.03784917974925905 1.460792316420039 0
1.583350747141207 1.137113884288287 0
1.924602056559938 1.794078195308666 0
0.8389883555903608 1.778395188772566 0
0.7986198917016034 1.153314412868266 0
0.4808110177703141 1.200447441173279 0
0.4777522790549824 1.201221326789637 0
1.36367700196441 1.289259943378784 0
0.9659216485747637 0.4755619651360234 0
0.8730734253335306 0.3462712700987582 0
1.452971368163928 2.016734312795046 0
1.909187834373429 1.457780989250016 0
1.518025140058038 0.3912298178410607 0
0.4456521249374132 1.645912323396608 0
0.5017185497496863 2.785677633137337 0
0.5144427378839238 2.332346445502817 0
0.3524572587201491 1.349734239712297 0
2.138808557570005 0.2145933385759251 0
1.219466459895329 2.883741462240372 0
1.192441826956725 2.860415243706729 0
2.290081810439961 1.01837542155396 0
1.208236479863051 2.337903846987283 0
2.785304086473297 2.483687740580101 0
0.8538753645386836 2.719999130128738 0
0.8163617665968084 2.719311742854891 0
0.8868342615692205 2.703869668226478 0
1.379048537932043 1.737764864915038 0
0.7618965843815569 0.3292625725161906 0
0.0838158386364305 3.171760751384448 0
0.7640654054907113 0.2172948162545731 0
1.783404062466986 1.639156963891351 0
1.77899056944732 1.118315479424392 0
0.4985045186453023 1.192183391773629 0
2.339471441142879 1.823709853425298 0
2.309792032619677 3.065586718034795 0
0.198947520302285 1.03373368890509 0
2.393975244120778 0.9042679846189629 0
2.293237838877778 2.132247642331127 0
0.1943727847544512 2.489535869217706 0
2.577271873828971 3.266529816834661 0
1.533611530353753 0.6474229058889391 0
1.083282829124704 0.4939651001654788 0
1.098333170510968 0.6206306041943224 0
0.4428979379847435 3.256108857954561 0
1.850607860409015 1.229781105196772 0
2.580249027701797 0.04727730377628703 0
0.697483370847132 1.30577234899331 0
2.065889354461376 0.5594818946015803 0
2.059132648758356 0.5232952557744683 0
0.6598065634072202 1.201729729902933 0
0.3912050269052305 0.1213517542358757 0
2.295030916367741 1.817507187975357 0
2.317861788013687 1.807695707081216 0
0.9333577020955797 1.615639228435683 0
2.245817360033098 1.322468061774656 0
0.2835354109984469 2.948650558952491 0
1.996527310176767 1.244772781367264 0
1.357930758301196 1.886620332093791 0
1.372738854501274 1.869295168702803 0
1.864813960720948 1.956963699572941 0
0.4258982515572528 2.011504244243383 0
2.440618856678043 3.4481750950631 0
0.4852842539008135 2.467010861348984 0
1.252625094053427 2.080482069421225 0
2.27969071238162 1.060328333411304 0
0.2436926940518593 2.546889712658675 0
2.411763439920132 1.957369776213954 0
2.72428956141169 2.269413878872769 0
0.1824273712772579 0.3507157140564521 0
0.1687005637958816 1.13734875276851 0
0.1830873563639337 0.654099652739121 0
2.115667429199707 0.2855810839936666 0
2.086840316878256 0.3084978375931027 0
0.01701765382468046 1.54527493918881 0
0.4228064353417573 0.07180001292490612 0
2.703373404034196 0.2175588244566984 0
0.9185768399547148 1.177002163128769 0
2.355505562221684 2.102485696855321 0
2.300383917917659 1.078008012888696 0
0.125465965877501 2.279197313387737 0
2.301833349363712 3.298159603854489 0
2.774414959283632 2.432618709955925 0
0.1595219186011998 0.7310406630845652 0
0.1348994387372402 0.6955893003392328 0
2.283730707145856 0.149086893718819 0
1.848140849653334 1.193045236652981 0
2.432172547094282 2.815580240184341 0
0.957558583248852 1.218871471847057 0
0.7094367983388068 1.142476882329362 0
1.971713716677548 2.526029255166999 0
1.747849816965481 0.6353191665192912 0
2.629623673595225 1.458195515148899 0
1.788303065571061 0.5540397641141623 0
2.31611914847718 0.9175239355873465 0
1.864334654512312 3.199192771548299 0
2.737173444420003 3.227034187266659 0
0.4475315147232959 1.277151586697798 0
2.7321622422596 1.870498943016359 0
1.483436580686275 1.376958362911631 0
2.533026322043248 1.041643167286753 0
2.129631263597365 1.739598125137216 0
2.025751102319408 0.03587268063662252 0
1.713585338102062 1.041445767271581 0
2.804489337145029 2.545313671136419 0
1.490899497533735 1.956193911102179 0
2.59709614442518 0.6176014315565683 0
0.4943020872432901 1.879085622013544 0
2.736630596303586 1.826670316875308 0
2.82387413688546 3.39390117038594 0
1.336921681739162 1.600875427777195 0
2.746124310929824 2.541813909918732 0
2.233260006377691 2.559755092626986 0
1.468033502642383 3.438961959357565 0
1.817576126003798 2.976070977698923 0
2.818961264642233 0.6238567434939395 0
2.622967372807694 0.6266278147937774 0
1.326230941222815 2.881768775716012 0
0.3751523389052369 2.551706597076175 0
1.67901123654515 1.877771285503591 0
0.7237245929860889 0.4669386050786324 0
2.308482824794787 1.631040816859875 0
1.096115622369877 0.5456219682740422 0
2.565796726942756 0.8180436044499461 0
0.8078522842477013 0.6555556839757393 0
0.04031839955308802 3.110248049722903 0
1.185435078526891 1.831513630905545 0
0.8107460227563668 0.4830096882241892 0
0.7767753431461586 0.6808829618759502 0
2.487951566938437 0.8118441230252523 0
2.504987720732082 0.8204923033683686 0
1.340835803221824 0.415934087557285 0
2.293930919609436 1.85020926257668 0
0.4774624423748047 1.100000512616081 0
0.2375857429952295 3.206029633978234 0
0.7064246170236439 0.2219324145157096 0
0.1885368565178402 0.1806980080463689 0
2.467458314709394 1.454575756516296 0
1.703553483004953 1.944269522671963 0
0.1222945774767994 0.07841994560230958 0
2.242490424647059 1.738693144415686 0
0.8205682203389867 3.259090550957556 0
1.450609526446834 1.444983988141154 0
0.1536686964476863 1.829815138988198 0
0.2020238204036551 1.849948626040572 0
2.162859667113854 2.096027866724995 0
0.2634590937965102 0.3710321484374068 0
0.1069580262081595 0.1287344439833153 0
0.561341146065272 2.001135460156138 0
0.5511916635033789 2.01687379414583 0
0.1184393748993799 0.3288221909605675 0
0.9240483638692003 3.036012368226896 0
0.1424305355002446 3.148524364537023 0
2.391601867425774 1.448005385789191 0
1.75359396779962 3.366139659561804 0
0.2445779078923234 1.944109486848038 0
2.750231792667043 1.800976932243235 0
0.5025217991248553 0.8829168480697118 0
0.8001657865447988 0.2902536846315438 0
2.098615395900335 1.361034291736338 0
1.970891036327535 2.066125992276628 0
0.9626504607177806 2.047690472731369 0
2.419208911588425 1.045405281323544 0
1.508824427409593 3.367920635518066 0
0.3951422821961212 0.05643802224510819 0
2.6713979425865 2.790458299080215 0
0.1277816925950823 1.95774536535697 0
2.615343543711592 0.2984208632521566 0
2.169098481146304 2.47536543674696 0
2.411557988341356 1.402013764073852 0
2.403224306271193 1.386015006333734 0
1.478444621027802 0.526211127056837 0
0.9096559087871037 0.2377581917277125 0
1.842894923457372 2.909446903296661 0
1.509666416491262 0.4269224832060752 0
2.168573959191843 3.322413631443646 0
1.850947831368545 2.978643142186494 0
0.4945003093004494 0.6081101437569323 0
1.456782922575607 1.131380318588258 0
2.164239069557301 2.959587775854141 0
1.261807785355968 1.202759083715889 0
2.140705207715541 1.986071218309575 0
2.676388076317126 1.449374346915898 0
2.687325248104094 1.540037838523598 0
2.694769593514966 0.2242230879227225 0
0.4419842076361985 2.433891023297962 0
2.179129028032411 1.656181751425678 0
0.7922994403605307 1.451697538553589 0
1.799365169837186 1.431587721707567 0
0.7213033900067679 3.240470343567868 0
1.927986082671662 0.7744967427088008 0
1.632244784543642 0.0400853279467146 0
0.3921357344992571 1.553705721920303 0
1.212122801477295 1.717419813959294 0
1.635760094525397 2.66227748393442 0
1.658588348186863 2.650221295705747 0
1.414591736221908 1.076299892404727 0
2.253376031459892 1.029098791623151 0
2.241198038088998 1.017461427945289 0
2.24640867512457 1.035807074751818 0
0.3584171403105876 1.664292073168723 0
0.09051500091432718 2.611537194695259 0
0.6940176790473999 1.902932980264767 0
0.415450987464971 2.231955532512089 0
0.5216763495774002 1.320352261947848 0
0.02354706643735227 1.919154003439901 0
0.6218602603357506 2.463750148391206 0
0.4309660560155282 1.179365163405113 0
0.2346031153579828 1.565944018321396 0
1.378553566606754 1.470566940170788 0
2.035290325483947 2.744224054997685 0
1.138340915628616 1.857153024068938 0
2.077621096098675 1.658094927171579 0
1.471423244665977 1.710773363939025 0
0.8294894877316282 1.440884089879379 0
1.044293941334872 1.214603735917233 0
2.199187308514438 1.436475049033795 0
1.989950504534995 1.826140189715249 0
2.481180196514722 0.1357311115317452 0
0.3356874093068367 2.603950842639591 0
2.420883564741242 2.188686009878454 0
2.272744145475455 1.032415999646338 0
1.174583799746491 2.057422661550078 0
0.4099348250705588 1.767055432155011 0
2.260098601477328 2.75845989769386 0
1.78742123741749 1.039785465234769 0
0.7753194985561831 1.515748668916339 0
0.09560528479395813 0.169985258114294 0
2.331883352663972 0.9658043687537139 0
1.774782822774965 1.307513067465994 0
0.4703271799103959 1.07292974986091 0
0.6006050937797274 2.883060600883231 0
0.5057478261338123 1.224569895644354 0
0.4929765794585637 1.221085799967073 0
0.5091711833098812 1.212851157727758 0
0.3274302352548559 0.8761244426534048 0
1.309646088990367 1.92994314410535 0
0.6573895767666753 0.2424421579594798 0
0.4775641619970068 2.523409399523997 0
0.5554794416392465 1.532228518929341 0
1.059021991822982 2.320015132480592 0
1.458564502237015 2.344603129472462 0
1.763368972897173 1.275431655065199 0
2.318265354085539 1.731648345635664 0
2.017795869466723 1.681706824113116 0
2.531241265203245 3.007785259839995 0
1.1019392242898 1.084965000381276 0
1.079508678051142 1.127872366250132 0
1.488260578694882 0.628343018651756 0
1.493070117001237 0.6422072837904822 0
1.078938335567528 0.9328692164874521 0
1.666954068666589 0.4024232794458646 0
2.567580979997487 2.999571151696699 0
0.1831882376293241 2.547664213330394 0
1.441662342502226 2.539331229564826 0
1.425354367163014 2.519279882305337 0
2.107776529529268 2.550163445179584 0
0.4435360272714437 0.5834044815100103 0
0.06856092367545741 1.520895689656382 0
0.4345648353613095 1.424291520551661 0
0.4729552267750053 1.974572115807622 0
2.123203056260378 0.1359249214813221 0
2.366953353691347 0.6085380042067818 0
0.06289912494211602 0.1022593979824851 0
2.701177802066083 3.170074624625906 0
2.68040705502415 3.170973504263514 0
0.06887177036833236 0.2873915337518613 0
0.8384263042019612 3.027993453751323 0
2.694119395166981 0.04404010076549314 0
1.590990501694846 0.5096744469977144 0
0.1717517329464129 1.86865133140659 0
1.559012205005754 1.144201030975029 0
1.864449054165588 2.934668286377867 0
1.762148558465167 1.106345940621687 0
1.022168467531923 1.606775766780215 0
0.9987301427095626 3.213527253956681 0
1.789717406872698 1.09270161208084 0
1.692068715640747 3.279853207740117 0
1.227681366475728 0.8150679820234139 0
2.511714667611793 2.433283249999209 0
0.4523030658577949 3.088692062174968 0
2.495176042530721 1.62851647894137 0
0.5072297538721636 1.105709768595906 0
2.833480131699154 0.4180311002026216 0
0.9641994251713284 2.57917928722508 0
0.9439566494709069 1.727285446903908 0
0.3771161896365323 2.967955450689703 0
1.915506437006669 1.613792530141712 0
1.896228476019192 1.604675085038871 0
1.878079690990926 1.617119459253228 0
1.938663077736349 1.607504023122668 0
1.964703642013626 1.619492553168061 0
2.508791011132205 1.936804778448649 0
1.763885229943352 1.385348160198122 0
2.516233143221386 2.289714494464195 0
1.824021368987711 0.5516268681745329 0
2.70603386118653 0.3835208353661557 0
0.2935001270812769 1.84918171041286 0
0.2009096983832706 1.16631757942356 0
0.5854994161258422 1.965418308482506 0
0.6506992555852873 2.628269979322901 0
0.6989544576923906 0.3042778820614001 0
1.796527409800737 1.341426000341404 0
0.7654734955606918 2.974771372887448 0
2.303213103947964 0.2104143710304762 0
2.754651822657847 0.3135347405611357 0
1.746262460290835 1.725458763110384 0
1.636749089854614 0.6475489735066844 0
2.492096332294111 1.348728253230748 0
1.811927891656786 2.92806071247896 0
1.813166911749025 2.902889690694392 0
0.9521527645389172 2.867392895261419 0
2.386212015434229 1.692753854306886 0
2.80742136356848 0.1586203990648445 0
0.461313210502299 2.830389415364659 0
0.4395157753412586 1.782311138795759 0
0.3842636129755383 0.1946663273368925 0
0.4515222913081365 1.88535134454603 0
1.605350371885822 3.292825441302748 0
2.815034998858512 1.308132059550105 0
1.288819688347979 1.245953654425819 0
0.353896341444615 0.09784910081728393 0
1.897719233698906 0.8130084775704691 0
0.5492428209095008 0.5569282956654271 0
1.272309773755274 0.5392595828230902 0
1.680082283267038 1.331636680893844 0
2.821612417922749 3.233748630367253 0
0.8807082043782765 2.596595059916283 0
1.999659576876394 2.351138515377301 0
1.4974860738227 2.220336063834043 0
0.5854080562241188 0.210017548484247 0
1.681817454176264 0.1729336500306784 0
2.275412581833562 2.645278493742716 0
2.807267334231531 1.686278266847346 0
2.680673262607795 3.289769795379422 0
0.7282822780105017 2.465081411575177 0
2.563194302135025 0.5915614764770623 0
2.109319147217565 3.087677130181104 0
0.0869970359973391 0.09059053990493027 0
2.49377536700764 0.09870922360647572 0
1.938085159387498 0.02460082505363848 0
1.461893576749159 2.785397841140043 0
1.345304432849344 3.428561743050702 0
1.310330397699885 3.446279923722523 0
1.763014868788673 1.162601661202093 0
2.022290902238565 1.779736274567733 0
2.735936843950729 1.415065859585191 0
1.690369550260648 2.666884995388342 0
0.424714584919007 2.628349258945379 0
0.3519133283821803 1.875449157096748 0
1.142319750081472 2.036516351154751 0
2.354876815628708 1.97571687613102 0
1.591595158160978 2.962448589849886 0
0.474726149783542 2.290264372093114 0
2.500237776528742 1.215032911510146 0
0.126463817923868 1.601663200668349 0
0.4390846991066989 1.766706988383057 0
1.8218225707527 1.564131609443449 0
1.760760708897033 1.142724298434775 0
0.4871228251764004 1.202410049428427 0
1.828367645290146 2.387234323719252 0
2.24466447704773 1.005833860138933 0
0.8123876661491632 1.342565645838647 0
1.36308806265452 2.304333861790428 0
1.69820180293959 2.006940297288705 0
2.032308675075689 1.478688195764245 0
0.2973646904624152 3.185208813956894 0
1.640848820100755 0.2534380009531954 0
2.751215573355718 3.24047810737031 0
0.311841979126402 2.432790745393635 0
2.082353854512356 2.307720283600453 0
1.078412213565989 2.957899299016955 0
0.6906606997420048 2.893624891259576 0
2.222125729727706 2.132476790580097 0
2.503560985961681 2.932761390377482 0
1.58654997769681 2.925962878811387 0
2.697535597656512 1.651425784971562 0
0.9129841413946742 1.400443423545103 0
1.747947175821025 1.122142448867788 0
1.427846773342272 3.421890653864986 0
0.2010480448606966 1.072846533953087 0
2.717873339963082 1.927893806341794 0
2.819218178775103 0.8514761096835782 0
1.351676518648767 2.625434499488316 0
0.9025878163292773 2.826271228725413 0
2.534866827626721 0.03114166037569577 0
1.421082741131437 0.3034514115175793 0
1.892429211061726 1.435680215066247 0
0.7502001072625115 0.1206011439703387 0
0.7662512024856309 1.889739305722427 0
2.420370765708892 2.128445176531919 0
2.333972533117551 2.790547727346322 0
0.4340102830696545 2.362951121426404 0
1.985617769341387 0.5915086944920298 0
1.116108694076472 3.432686421470242 0
1.073112810108619 3.440954567034133 0
0.7057295608472461 1.671685352722945 0
1.319279796618124 1.909967640821797 0
0.4686751288206623 0.6182181667567674 0
2.432188712952299 2.409647357270158 0
2.555378873084454 2.617832076845355 0
1.79097006203009 1.475294233952768 0
0.4566301229330383 1.34701017148409 0
2.415342704986852 1.158949834506889 0
2.558715371702714 0.2769283371061961 0
0.4582294545230079 0.07787213188224684 0
1.604276787453631 1.190905721062928 0
2.185942602711002 1.83200172548385 0
1.163144032538615 1.904678064546908 0
0.2277363119934337 3.231231906676657 0
2.674641618418287 2.129609969215477 0
1.254303659624577 2.018334041790351 0
0.4688464988448112 0.247186292193009 0
2.035565091410495 3.003992585461411 0
2.278959520941019 0.5176054587256091 0
1.890263763524538 2.84051988609987 0
1.132040179062506 0.9225133933103389 0
1.444945313119959 0.4746138203651866 0
2.256677092087657 0.02834299621618142 0
2.332747391111447 0.05811431298626624 0
0.4693381482342437 1.17529767857835 0
1.509089073981232 3.271027995013017 0
1.587339657917832 2.681271251486062 0
1.830727835885759 2.325098104723813 0
0.8424581884834877 3.43440804103716 0
0.9581103965051327 2.843256384717401 0
2.559931145724914 2.698763350255773 0
0.2511967284487788 2.671930975204163 0
1.301780648559486 1.11217679756056 0
0.07051061216130305 1.178802022817773 0
1.103134524433355 1.363683299316322 0
1.661283823624457 1.849136378076723 0
0.657124337864025 1.113345664685162 0
2.531892103102484 2.116056826649162 0
0.1362090268745839 1.835506258911325 0
2.281810817239298 3.278463829209659 0
2.590788307132726 1.216715292217322 0
0.09375683720309813 1.719244078128722 0
0.5436798923279457 1.019933322715148 0
2.718811004860093 0.2736851981971646 0
0.2686786888528774 1.588548587161617 0
0.0826281205807482 1.86906047657496 0
1.811288022054923 1.548098794828387 0
1.825116438757045 1.535348883626403 0
0.4871463996548442 1.185038078044828 0
1.528698406677877 0.4888910271039251 0
2.767456465922327 3.132830911943724 0
2.335692653084529 0.8929395852599995 0
2.478889680298204 1.800301425431656 0
0.05699732213651609 0.05832462594341736 0
0.2034509349834954 1.700029355983776 0
1.131624909485202 0.7064614049421407 0
1.685469359421864 0.1238645917156804 0
2.499979811963454 1.735064969449865 0
2.526681154385256 1.119201399356563 0
2.520470983431562 1.127905409593858 0
0.6657224271256195 0.1635234124824358 0
2.668490361276021 2.006300741557171 0
2.125865206178788 0.4797715120806871 0
2.097756288113713 0.5059077735134259 0
2.707468382030486 1.383174202693073 0
2.473812962081469 1.673236524795069 0
0.06347216648025755 0.7636927662820152 0
1.848647873193584 0.2374415556686214 0
1.797799302228646 1.533364496244299 0
0.5757645740837606 0.3331377824296169 0
1.775695174626826 2.070426203871599 0
0.5689102627173862 1.651614209741618 0
0.3013106376677688 3.124291050534171 0
2.715369574033349 3.073729615034271 0
0.6492710780886887 0.3504696148279909 0
0.727772238570774 2.340260969538123 0
0.9556686875700273 2.347887368090734 0
2.798494255011886 0.1216509486612312 0
1.588732138942699 1.393200622047501 0
2.429173408692888 0.778647902983117 0
0.8121895993092468 1.14802732393642 0
0.8720912975855636 0.6917661176982268 0
1.19201322774031 1.688101826108003 0
2.1482596778762 1.846381212268898 0
0.9907414634290559 1.670961983011266 0
0.09528266349325998 0.1860420866609622 0
0.9377192034082162 3.117909255904059 0
2.046858362989324 2.0077 0
1.37810025128017 0.4691625105041366 0
2.106167265196818 1.293449107952939 0
2.107961417164796 1.264058866256431 0
2.807117846748047 0.385882063600794 0
0.4266339297633599 3.303093886919469 0
2.100206948425356 3.258644093654277 0
0.5398937994655768 0.1082796153607226 0
2.58402104823489 0.2716031812115882 0
2.720611700038963 2.196830378740191 0
0.1025518791938658 2.933515681850512 0
1.264367230638865 1.700707297828547 0
2.595075431484959 1.922284605571644 0
1.604324014279545 0.4126767657291821 0
0.9690383431496188 1.852481906514543 0
2.662456596741613 2.371068340856143 0
0.3817791255875351 2.707035888269776 0
1.006831586667402 1.296185712364479 0
0.3722615932477373 1.76935824347513 0
1.661587359414215 1.392536437284615 0
0.6834975604160883 0.1805203569274831 0
0.7749437720642111 1.967312439219343 0
0.491729277965687 0.5695707790149351 0
1.443365323496514 3.278378534685078 0
0.4372405073104706 0.08929859975849985 0
2.384248954109169 2.185216606935159 0
2.008888125171004 0.7529504585486066 0
0.1899603035778188 2.396805268708635 0
0.1229279600471052 0.226410296405225 0
0.9333473967465047 3.243775071956077 0
0.7786921605329751 2.07683647884916 0
0.952811442961673 2.756898592017595 0
0.5387875741993612 2.659434030084023 0
1.162135337467691 1.190679799709865 0
2.189918861574098 0.1191466698589652 0
1.3052316946047 1.354743057417053 0
0.4938072749872435 0.1343372160093135 0
0.8361931783152416 0.2978808258628922 0
0.2599251507711189 0.256836982740501 0
2.149436634442647 2.33107540931733 0
1.396653943174714 1.156890037384575 0
1.189580985696257 2.545633630972305 0
2.513517616633274 1.287659044539514 0
1.531902518192347 2.526991230298214 0
2.432277301233567 2.157463906154142 0
1.064252905361748 2.413714463619725 0
1.224770318204112 0.7005431644233588 0
2.679242692573876 2.878357512187666 0
2.375010697398017 1.887564487621414 0
0.7182827263109645 2.551656843328932 0
0.8255986206568233 1.393057276361557 0
2.463230032929331 1.84534341443056 0
0.6213654901102705 1.416001696281396 0
2.227731741460053 0.07736699442159978 0
1.964258480219953 3.355148874065215 0
1.985582588804988 3.358611437266304 0
1.344649084468527 1.895586957605123 0
0.09636289859761815 3.118766592419976 0
2.570116610534492 2.976687741812967 0
0.444764297277911 1.062937618340107 0
1.007756298219697 0.2348300793398601 0
0.73029821084165 2.92758294320942 0
2.038642270652489 1.409524949977335 0
2.058833001512399 1.420504419715271 0
0.2033923328716571 2.424546957255948 0
0.741576976049414 0.3449139278268134 0
1.046773243986092 1.385221575870637 0
1.111507010677348 3.290352115571658 0
0.4226000000000001 2.534858333333333 0
0.03894550915310213 0.1457546263963654 0
2.553349684073528 2.170274067843326 0
0.03326918350052122 1.661354844672544 0
2.018445631385513 1.314610346584188 0
1.648144979864019 2.877230327863479 0
1.643450311933532 0.2000894812617955 0
1.652488731467184 0.1805875807995427 0
0.324216742421624 1.136934565393948 0
1.770954258416479 2.278659279728446 0
1.817427379928361 1.488288355761123 0
0.1455084539864675 1.717539047674081 0
1.36143671043985 2.36717730447676 0
0.3038961606414461 1.96063226188763 0
1.248168238688528 1.599127465978629 0
1.745855943639972 0.02983793154621006 0
0.7215350492796188 2.59014008535229 0
1.194654672350132 2.035891754673368 0
1.268210387973728 1.070747305232603 0
1.956575201424139 2.668033997312767 0
0.4357971439986663 2.039443350633221 0
0.7826167776010998 1.844977318849501 0
0.2934374704754092 2.2420497551924 0
2.652439395808584 1.608362677279167 0
0.8332679143713804 0.9557142328879575 0
1.057820204452566 1.064395900066343 0
0.2058964108842973 2.358320332645263 0
0.02140041808545479 0.3342702996889229 0
0.6348021934219604 1.993845345171381 0
2.712876751388814 2.053960823328589 0
0.2740660579778507 3.249642407717995 0
2.403627528110611 0.9430415082812167 0
2.627495823885715 2.613805862363866 0
1.999630976213973 1.390168798277581 0
2.01463231159129 1.380528348873687 0
0.5886914756492139 1.059969378065027 0
2.509262159355893 2.788047939919896 0
0.4185962047624443 1.559634406597027 0
0.6702141804729965 2.961757569753516 0
1.722843416560845 3.012190038504778 0
0.5377941260642158 1.148768104313241 0
0.1881120569226395 2.089554894066504 0
1.476466037593509 0.4769531157620219 0
0.7250710309587689 1.386731654446535 0
2.455725932379998 0.8207478004177027 0
2.456263874674788 0.8363700465027436 0
0.2580069230547779 2.732298378868787 0
0.1030342506664517 1.85806370367485 0
2.128297558804107 2.668907557824975 0
2.48062219549471 1.494351960798134 0
0.3988930753821602 1.178854660752321 0
0.6627236156133072 0.3690016815343702 0
0.3420013031734725 1.566375009405262 0
0.221774864791306 0.3022334307707455 0
0.05227442767595236 1.770256505727945 0
1.39223627814258 0.6681149481260638 0
1.287470058675847 2.957309028650939 0
0.1493200304969855 1.752871975809569 0
1.384899878441092 1.56041465511975 0
0.2526582765032837 2.311071027064081 0
0.9812268887814563 2.646503409887257 0
2.369864162605122 1.249469943803605 0
1.58881635748557 1.629636324795244 0
2.016660125358015 1.607004864953699 0
2.2915324466745 2.014473690577171 0
0.2292171286445468 1.013193363947455 0
1.458076758926009 2.435188639830157 0
0.1699993628991903 1.052609743109098 0
2.587197148515501 0.5475744511740774 0
0.3985971579616252 1.825173960477879 0
0.4100131259583204 1.815897686221781 0
2.47761541504955 1.024467027873657 0
0.497960886158751 1.523068642530742 0
1.8391334997435 3.238666958063795 0
2.655382210540536 3.245056886052045 0
1.397681175906403 2.28718009019474 0
0.5284039779129476 0.8986166439778467 0
1.159605285626736 2.123379263591596 0
1.876115038142153 2.376110520439869 0
1.142884469292176 2.199894391547406 0
2.624832013100064 3.083724203884097 0
2.455132626339935 1.322598450608711 0
2.033667480726838 1.455190953782989 0
0.9450297477163982 2.689143854754627 0
0.9192959433074185 2.700099211003653 0
0.9721195517879664 2.69120144222218 0
0.3674280008062647 1.720344802077852 0
1.217364889253304 3.109757060404959 0
0.5504152344821692 1.511658420355837 0
0.4779776033449219 1.19158690862279 0
2.076276459408844 0.6453689741291897 0
2.763874093742337 1.17384929482069 0
1.246118617877642 3.02071516709316 0
1.969197357247129 1.279644231486463 0
1.850323251805658 0.02272606680486655 0
0.7394914006457923 3.306128696687116 0
2.795620524403493 2.777789149904725 0
0.234039205573797 2.478031008950762 0
2.471929648394004 0.178646485678305 0
0.64891070987453 0.3291476024348734 0
0.2007840304039314 1.486144513959777 0
0.2540922896255047 3.386292351195873 0
0.4927918719973188 2.577983095279696 0
0.2941886734153418 2.21344911221992 0
1.908971792836093 2.576762228166297 0
2.734399241048673 2.940267360085816 0
0.8157083350841747 1.271344168283361 0
2.405801068195482 2.603612525648463 0
2.530514122275372 0.3367584787118219 0
0.2286143352148189 1.730305328798323 0
0.09816093713654994 0.9945518341208289 0
2.571715248599964 3.158680217733274 0
2.57165190325329 3.14318644396299 0
1.877683933052741 1.341611780637619 0
2.103701872733049 2.685242572605488 0
0.1617696044773063 1.877822685295286 0
2.818470197775152 1.79139310113366 0
2.67309716920716 1.233643958288063 0
1.720969901991791 2.055102589936907 0
1.12053757427579 3.19875745034425 0
0.6031554344793361 2.960471962895895 0
1.482695387838789 0.6468166794090373 0
2.242670063964749 2.417705068393603 0
0.5613289439847162 0.09209779825738185 0
0.5811112259590054 0.1062230436430018 0
1.297899936564219 2.770975270020664 0
1.96202594237506 2.128230916198929 0
0.4242346879093071 1.907199789656847 0
0.453536989982251 3.023060953730726 0
0.3763527816117924 1.791361272204582 0
1.889689207541637 2.929481215866087 0
1.885209006147242 2.917280490716395 0
0.1213466622863042 1.880644452022018 0
0.04355852736913457 0.2660916005054446 0
2.245153113992246 2.698362882923171 0
0.4264266502076286 1.843570716953554 0
0.716771824931027 3.368271189708528 0
1.915334443458826 2.927304766563135 0
0.4657974070056511 1.150673032830023 0
0.2553917865350641 3.008420974999635 0
2.316117968594909 2.690973762156872 0
1.72372534638971 2.792497734767242 0
0.3926158090769063 2.643938720221024 0
1.535321771105727 2.261632634203762 0
0.1626394006405569 1.837862575657769 0
1.693133803908653 0.6072658733297234 0
0.4268432123523056 0.9336199174050914 0
0.7325304710473002 0.2011418135973628 0
0.07584650160245121 1.278291120836027 0
1.72272683458426 2.872844060435143 0
0.2489963636949644 0.5033127162046165 0
1.3829125 1.367452173913043 0
1.4107545686798 1.163016737578604 0
2.587058305416262 2.806078453604345 0
0.3546653326109543 1.165302218313883 0
1.947217319176448 1.240631794354025 0
0.3300484371013228 0.5076348334954566 0
0.1328563348109379 2.60494213577111 0
1.248160608652044 1.483569940117967 0
0.557750804474945 0.9594556869139127 0
0.7875886291181202 0.3089915642694456 0
0.7988032317743416 0.3076307581930462 0
2.046239535991617 1.899439190433212 0
0.8086246278696928 0.2717152107485321 0
1.742858317349573 1.686192427469413 0
1.148278823874261 0.4179000741589345 0
1.747351578919779 0.03540053334811244 0
0.852014720350624 2.290230590072168 0
0.5184382828483843 1.223658791589589 0
2.285562489696387 2.770670443831839 0
0.2798728869662199 0.8929919392665395 0
0.1060112051687501 2.467570748293214 0
0.9782884561841381 3.430549056986963 0
2.126579798714648 2.983011211204731 0
0.5876117245053106 0.875074088956958 0
0.6865231659909721 3.249894896091073 0
0.385268863159713 0.35860876192274 0
0.6368908775350104 1.148378575418043 0
1.628077191785233 0.1424209559130285 0
1.442436678088539 3.357704464155392 0
0.333815427203157 0.9700701716411103 0
0.8834468493737309 0.7498379713980103 0
0.6043102619887946 0.08840588776112313 0
0.1904332382453648 2.117126554991487 0
2.258249966357782 1.423049688809483 0
2.375058357520407 3.410867959432955 0
0.6771747144355296 0.1273161741357791 0
0.6998425962761889 0.08420582205293914 0
0.08588716395874973 3.016693182823386 0
1.798623579492921 3.31246282645619 0
0.7010466659327623 3.13287139737744 0
0.2455953328828184 0.4367091188952026 0
1.193516579950798 3.429714952681478 0
0.186908495568765 1.744172566021156 0
0.2061222928815993 1.733732764414266 0
0.565892758805568 0.6658676594917927 0
1.197995798154325 1.871144289418845 0
0.2940546217291904 1.275112454201849 0
1.763547281554847 2.58118 0
0.07133045302088825 0.1854207789140199 0
0.7948254756994817 1.440545447086227 0
2.410015535091543 0.5291696714229448 0
1.604516176302745 2.329967936241603 0
0.2253415799905716 1.599024250368599 0
1.99677855732406 0.6166148442745596 0
1.840433245878872 0.5968796495169684 0
0.6101606434030742 1.866667180020126 0
0.5781799528709348 3.4195960921974 0
0.5280929222289872 3.426484452493845 0
2.419429044566986 1.107233162347174 0
1.200427216190316 2.103182723187816 0
0.7175556451612902 2.274375 0
2.472717891054723 2.05384691652949 0
2.466820385042519 2.030552330339314 0
2.778793285708018 0.1114350071602068 0
1.977428478935045 1.328613971689911 0
1.977885585826592 1.318292760989788 0
1.985888113880201 1.304126120715482 0
2.147774461390267 2.840716146395661 0
0.1139374645105393 0.377750451660265 0
0.09073659519714061 0.3831856654103249 0
1.370522936934091 1.64426147445982 0
0.1438862218731747 2.594226337530864 0
2.157121656596918 1.303801450419425 0
0.6459755150665921 3.283911542215733 0
0.8215571428189867 3.294405216706805 0
2.407063045822217 2.446500135083195 0
1.26340382755404 2.616870902106311 0
0.7649075801375361 0.6133527483945691 0
1.849769614291353 0.7370138379729045 0
2.360727188987784 1.417487276344459 0
2.382302347088718 1.412891825019659 0
0.4673839664354333 2.864099232136873 0
0.06055493211693408 1.068067725947585 0
0.03190471144355644 1.060068678808305 0
2.470381293828015 0.28330890941457 0
0.5244568870627072 1.217884441413372 0
2.6847254777115 3.196027141905153 0
0.1491716795173668 1.698388487645195 0
0.02698819708427336 0.1993138921062343 0
1.956703838913198 3.012008969851744 0
0.03356595982008637 2.359476431301643 0
1.881391107214523 1.235055228180364 0
2.749525020983003 0.4434890964308555 0
2.393424790796485 0.0622606990793062 0
0.8584557602007694 1.053148871109811 0
1.69877994695996 2.248368342055206 0
1.449703426414296 0.347501764396974 0
0.8915675178157147 1.154263225875841 0
1.694095575249301 0.7003445342725672 0
2.288636477287294 3.262707800003714 0
1.211604126862618 1.926878272608742 0
1.891068652719845 1.415152128570761 0
2.013904678873934 3.39784878886566 0
2.824022123451464 3.376229290962388 0
2.307246865762851 2.479791255843181 0
0.4878576681007789 0.6681897405697319 0
0.8636070519168414 2.541728088180791 0
1.806568464353601 1.394325364446177 0
1.29273980801631 2.243800009864419 0
0.6542875 1.627704310344827 0
1.741718108029185 0.03808578124735895 0
1.741182757704104 0.0443497897197036 0
1.735252906024029 0.04398048697743695 0
0.3007626355407087 0.2139190346509903 0
1.891561914394859 0.6940507369662337 0
0.1853652055435355 2.284149224963469 0
0.512332691915889 0.09477177391715275 0
2.424668643417379 0.8016381072740673 0
0.2073365076979758 0.234328880686884 0
0.05249786070054041 3.076844051356482 0
1.091092008163136 2.201034357395212 0
1.938597057634031 1.411836257878038 0
1.641104712846355 2.586850008803579 0
1.103461795068183 0.6713724235995473 0
2.321747600903945 2.766986143100222 0
2.752796591783785 1.780188757881582 0
2.568039466791427 3.053893157316988 0
1.667417140668913 0.6107638596448228 0
0.4491880215994353 1.597211951652502 0
0.4294989983558545 1.610557680697385 0
0.4049712337254801 1.60030136694812 0
0.4135458268619014 1.611702468562379 0
0.3947244621845596 1.611197562362091 0
0.4052166226102578 1.614736980675029 0
0.4028689371827094 1.608509227819613 0
0.3858807697500355 0.5654117696024419 0
2.716833888000759 1.784767084602997 0
2.713026651886489 1.809145238125767 0
2.199351540720291 1.974000318895186 0
2.088903903622419 0.197975941818024 0
1.099301790425659 2.267188551304533 0
0.5120408146763 0.3047086373386878 0
0.8524532696480661 0.2955431849017538 0
2.293836591970201 0.8356068921586164 0
2.533253262207556 0.5534875728670878 0
1.269899531771401 1.820340507213256 0
1.86595478680528 0.8420863516126363 0
0.523783308411028 1.637050151021291 0
0.5484580380024244 1.627964412560885 0
0.1571253469354827 1.817210455583354 0
0.1559172170830152 1.799085015292045 0
0.5260534369218257 0.9874742428457707 0
1.154312697733733 2.218102344601543 0
1.910790240608952 1.742510592517266 0
1.88411358815071 1.670038274977935 0
2.180344580324184 2.400658631324915 0
2.148326429731852 0.4676919941692987 0
0.5394193458108199 2.553079907932875 0
1.768102902881482 0.1001304251156083 0
1.765166114714309 0.1247293023743778 0
1.958257296466897 2.012382585692868 0
1.925747010229868 2.01917339201527 0
1.000511068941796 2.430663465535726 0
1.050690397215785 1.001316067726205 0
0.9703363049970237 2.85539890465377 0
2.687668656863198 1.72422769291528 0
2.66123373137264 1.692491163583056 0
1.834319587920152 2.52205377472465 0
0.7800598783943096 2.362957704057892 0
1.117426476100663 2.722381386222244 0
0.5652983783848993 1.113962307433829 0
2.306226159567839 2.325063947849833 0
1.721547607230043 0.157423749201435 0
0.1512820178376584 1.862912449744187 0
2.030860188253127 1.228447805559919 0
1.605288055446293 1.75414219485046 0
2.421316215788424 0.9016915548260716 0
1.834210160666288 3.057301798602702 0
0.6385968872361627 2.38875835083594 0
1.223219906932563 1.407422352942433 0
0.1136501908633123 0.1497180369808284 0
0.8426619861890784 0.2549472468353919 0
2.7367036812391 2.649940499791613 0
2.323889139539903 2.201391124092037 0
2.399129839978788 0.04156211388130426 0
1.590576725274142 0.656500282909289 0
0.8200180691187693 2.773106215275532 0
0.1288132184796045 2.700638233930779 0
2.537171856942805 1.034540193334414 0
1.867388462342222 1.884258952739862 0
1.610200574584014 1.603897219378735 0
1.666510864628021 1.662006873109461 0
2.229182338446227 3.161590882856415 0
2.534216804192027 3.313602710983125 0
0.08906920845112287 0.5542440633834249 0
0.5162793190483088 2.845666789078126 0
0.1721192413967687 3.035500272835181 0
1.539257910846937 2.513345656615336 0
2.667639465952913 1.799838190859633 0
0.7389728554074985 0.7188227988284104 0
2.20843181462141 1.597367145285416 0
0.6544200763892274 0.4989306577471742 0
1.358768845208325 3.079216227060921 0
0.6706434017766028 1.77548569205228 0
0.4014055193037853 1.114657116212398 0
0.3782336917793094 1.124889082590698 0
0.2689996068604767 3.213921612831804 0
0.4203781488061453 0.06354250884326462 0
0.376914295011324 1.251529251005514 0
0.4911648779776294 1.142959511856381 0
0.04704419086721279 0.2315858869615566 0
0.3677004576326337 1.947896908289378 0
0.3821011048175484 0.2871972156625948 0
0.7783080428724278 2.194450365063345 0
0.03442858399735393 0.3354182811610347 0
2.819743440257242 3.35715111940978 0
2.638500632572405 1.579356769552137 0
1.116792245548205 2.587326041979677 0
1.136098061387051 2.570819010494919 0
0.925525176172555 0.1794878919788661 0
1.19068188757508 1.083971219183125 0
1.121109670881203 1.996516248868974 0
2.742672283211847 2.596886420764301 0
1.492227334126918 2.445070493245817 0
0.8439900489375842 1.281468759730479 0
1.383789931724188 0.7146099987997148 0
0.07536000614060079 3.199380251777004 0
1.127704831818967 3.396324895264904 0
2.507368520812142 0.9229022763211107 0
0.63930101442822 0.6854191462702124 0
2.010315414907222 3.252306617864778 0
2.366128283217347 2.501441109507265 0
1.780671499356596 1.456498677068959 0
2.029414941013976 2.501563232886372 0
2.634140572006213 0.04166547777385943 0
2.615694822734638 1.946936504842981 0
0.4136710022700125 0.6469385895228945 0
0.4289894200582524 0.3999199511657965 0
0.107072724888571 0.4939901490490657 0
1.424850898910196 2.705095021374686 0
2.611260609469434 0.6265191142375695 0
2.196073956379541 0.1833450437730533 0
0.1675592716977512 3.25957693944116 0
0.6331776858755368 1.693181896435537 0
2.600485659432749 1.407948900567951 0
1.596419420783848 0.4787123465506067 0
2.10649840226146 1.956944192655902 0
2.510794384391371 2.564434573772718 0
2.228262725010718 0.5261524167060561 0
2.711107460598003 3.044179948585341 0
1.202498692402829 0.8148013352286727 0
0.3777553456743035 1.568775601821554 0
0.2585527323885941 1.580029985616956 0
2.495729209887234 2.656172091667778 0
1.218919735672233 1.656881631131892 0
0.5018365819328668 2.095849230842632 0
1.581073001675057 1.242990576573253 0
1.590494669697542 1.25770906022267 0
0.5331738472139759 1.938980069254419 0
2.481261976469603 1.008115247287847 0
0.488660846929008 2.819499501483225 0
2.155908559136014 0.1851239892815202 0
0.5000922833254413 1.183705339873151 0
0.3554212726604957 0.8958393162041053 0
2.048572931534851 0.2626364553920824 0
1.11977376339864 1.650181405048799 0
2.645193573310774 1.873028795766739 0
2.082519317642758 1.891212930831075 0
2.482518966049589 2.930235711033554 0
2.200700020142728 1.362788432253734 0
0.05063448649945412 0.7056570023238657 0
1.193654533120542 1.265619437491781 0
0.377239937698947 1.147845895515953 0
0.740461628371855 0.4998008982417104 0
1.561506362789412 1.455414402781957 0
2.003259703444533 1.215493979748346 0
0.4533744335680797 2.956647202432325 0
0.8611474708145636 1.406684682714423 0
0.7620127265384868 1.927353495999535 0
0.7819651450890361 2.426226695464098 0
0.9535760775344568 0.970874632364447 0
0.2244727870699741 1.281514842414665 0
1.878078785202681 2.998425547339113 0
2.153254711068803 2.769580366897189 0
2.806572042122245 0.8297400631322167 0
2.720737568454763 0.2275777816507514 0
0.5377614204779126 1.813206625878911 0
1.854241786357671 0.8054321477702483 0
1.06258777369363 0.7264073744862773 0
1.766996964590471 0.1898100089501231 0
1.760321539413381 1.417926501607402 0
0.5826060209236827 2.840627428406505 0
2.061088206726535 1.374115516950033 0
0.3903998084337592 1.604344795420444 0
0.8827595116250679 2.419708965460403 0
2.425317018591453 1.592129050370408 0
2.688744902447623 0.2258161467083459 0
2.681308984245761 0.2276700922899095 0
2.686465949510603 0.2349882679918855 0
1.553428520992723 2.133831939404061 0
2.423308359357221 1.749360909258987 0
0.8281684206281967 1.936721158308683 0
2.767961616815966 1.387956218533355 0
0.3977302292222074 2.10056134434171 0
0.8325062569889389 0.7109499466458453 0
1.936963702314683 1.209176164956492 0
0.2343013835817254 1.719693778737719 0
1.93980338228515 1.571608381782459 0
1.750249638174969 0.01509520877019277 0
2.23290319172446 0.9253449231120906 0
0.1779715279085476 0.3252397758349879 0
0.3740459869455799 1.188144081790923 0
0.6641704431890407 2.062078437484473 0
2.373838957913211 1.382859164803002 0
1.811459754150268 0.6116696262799239 0
1.065775162930836 2.882078329384683 0
0.6449632566921357 1.781130436673929 0
0.1979107152807607 0.04314414376445175 0
0.1798173544458481 0.04102214282303507 0
0.1672407344550346 0.05099809265092592 0
0.5830981626754757 2.752341326727223 0
2.036198848420641 2.35561964836473 0
0.9458541700402783 2.302988430943723 0
2.182725093987672 1.738532121441656 0
2.31873287833807 1.552999673819457 0
0.6738006297334957 1.754038588228396 0
1.766397260893325 0.7539088757777992 0
1.039285946157003 2.607914295989933 0
2.208558075937693 2.708944412775681 0
2.403158445386039 1.361474792422207 0
0.8676352813767185 0.4706361360474276 0
0.8581103882884306 0.4894666124090696 0
0.2343335147505925 0.6087125903074435 0
0.2082740158989034 0.5744966728195455 0
0.5669889511863881 2.264878931522448 0
0.9889738367055033 2.458038968758844 0
1.764476488278576 2.171105088016249 0
0.5162810385407904 3.017661576583615 0
0.4863005342099052 1.192951399419317 0
0.2090443607317454 0.2671150425250561 0
1.214762790737914 3.154465549543795 0
2.210368704062641 2.668396205534998 0
0.05486991630175453 0.2906534810359527 0
0.453971348466313 0.2862711164152936 0
0.4151055144630078 0.04561926409873052 0
0.4252979367029738 0.0451445015686418 0
0.6075332635196968 2.987156984339085 0
1.58479288208929 3.430033028567996 0
0.9263533279625389 0.6875193100378112 0
0.6175013340296538 1.106843789606053 0
1.833383253759819 2.743829481974362 0
0.4597305212550739 2.013373753537701 0
1.957249550206663 3.104813697013785 0
2.250197561165188 1.814499678871315 0
1.759459942205441 3.030447033615522 0
0.2460536096307773 0.1306168206041793 0
1.652439268998762 2.483243443721527 0
2.258026831982046 1.798991084124263 0
2.453828596625292 1.277591241037661 0
1.253440938517066 1.659143790921007 0
0.5521106966762371 0.5851145742684427 0
1.52091315726736 3.210051250136312 0
1.010823274149515 2.010738873399383 0
2.736863505416142 3.090575524502108 0
0.3464984861155458 0.6395555241065438 0
0.3222517958782811 0.3346777316482996 0
1.185062000030616 1.924086954310238 0
2.538573205361982 1.172672804012211 0
2.12654717580584 0.1901803457451514 0
2.133874709568713 0.1757859960812678 0
1.26640546027241 3.382826952319766 0
0.9778307335325265 1.230812962440725 0
0.4796275692978965 0.9064763324354991 0
1.541831114674884 1.255738901573306 0
0.7238256613414707 1.143995543648943 0
0.3711564551941693 1.859969571201435 0
1.835879296727564 2.943330502854841 0
1.852640679335844 1.823483649810214 0
2.611025405284932 1.300778443523859 0
2.580505696366871 1.296214095507691 0
0.968166829040755 0.3641304008593234 0
2.13025240743547 0.1842651267005573 0
1.045025311587801 2.860697751942625 0
1.543255495176736 1.957339287245375 0
1.301524688552762 2.548344684587581 0
2.757079233412776 0.1252343439140451 0
2.761987085607712 0.1422796239776254 0
0.4786062431710774 0.7678611584077399 0
2.139327865168577 1.766103731361847 0
0.9368524488066845 2.870512387461321 0
1.605311744363423 0.310438330290874 0
1.862494116636006 2.028479200256815 0
1.999746987169806 0.1488290148189388 0
0.3838340722518438 2.344822710358123 0
1.79098438546364 1.021550108176546 0
0.8965979142713402 2.319245204614767 0
1.558233983619695 1.924697430568525 0
1.389450811464038 0.5384914025267888 0
2.58387927892531 3.050216324543133 0
2.596290893780449 3.001047483667926 0
1.728388216954597 0.03171313184471036 0
1.2432875 1.5473625 0
1.163363433055577 1.354 0
1.893399731776743 3.263311563788618 0
0.2100086285780312 2.608944650952161 0
1.924687054399924 0.7241662003105751 0
1.052161983997394 1.907305745078746 0
2.645183090623746 3.186128120843039 0
0.346383273088323 0.07718517514938128 0
2.709625759869989 2.476161791912278 0
0.174757043148319 2.067870968398499 0
1.640079010451901 2.772577417574279 0
1.010829269644402 1.240357984161922 0
0.9877246037245584 1.248102708571467 0
2.51191845741789 3.248716612506516 0
1.98211919818848 3.124563823399285 0
0.3120782829767714 2.536072693492648 0
2.376476179364619 2.394856586023328 0
0.7587827748748635 0.2808918864294181 0
1.733572046221874 0.6112842948163553 0
0.7913666960403328 1.66615980682935 0
0.7926089798505586 1.645534376801844 0
2.675911530766784 1.33600368903298 0
2.547061118820049 1.039783397360827 0
2.554909474987771 1.048321839175964 0
2.522507625167857 0.6030812366744405 0
0.1306577308612711 0.3169595371200167 0
2.055761213315149 1.48370429858807 0
0.6521430806250017 1.239022373323835 0
0.5095714850992924 1.401956790644494 0
1.589276249077743 1.608185168120654 0
1.129626069825444 2.070364241943936 0
0.09232624319466343 2.511894223167779 0
1.24907946339399 0.6634979983072351 0
0.1642655983242014 1.693326818883297 0
2.298404671308291 2.657790069649592 0
2.578101816722465 3.089036509295071 0
0.2822871305636216 0.9772228250360515 0
2.429860386843436 3.415871120523408 0
2.359007069469146 0.1406310471622914 0
0.4712886666971677 1.014918425532685 0
2.60313538386858 0.2506796724166183 0
0.4089330032584158 2.447185171565871 0
2.379544151252528 1.037663406052805 0
0.6395785284834282 0.4540821465624643 0
2.738411886194301 1.757734002835553 0
0.5233888067340001 3.086371583015133 0
0.09814400976205251 1.517101582367588 0
0.8478620612073396 1.214038541256515 0
1.396356856124666 1.451027625474558 0
0.8865379065317207 1.189125656511017 0
1.937396638324329 1.448593985932926 0
1.08758919221321 1.866162737485394 0
2.341268404751622 0.6187493916822779 0
1.185338232288798 2.647530987851781 0
1.453589407631076 0.4094311740164849 0
1.307177627028831 1.577941266468786 0
1.275135671197364 1.448112736627721 0
1.428128909506104 1.457625178180008 0
0.4774163104466658 1.253556331843829 0
2.151910670675788 2.161749600821486 0
2.763354218078721 1.724803822105277 0
2.757432888293046 1.736823161727391 0
2.143457093981293 2.042788557070849 0
1.185997131323542 0.7627410128403334 0
2.301422125392185 3.441332843766309 0
0.05932193023208798 0.2374691933084383 0
1.0098625 3.037625 0
0.08338917287418957 2.221245294248019 0
0.3178491309284237 1.921826606147702 0
0.3607751369035235 2.203009439853741 0
2.790810720531135 0.1979406351281405 0
2.782729261738619 0.201910995366553 0
1.160855251105489 0.3588865135053705 0
0.0513729269644958 0.8697159503834383 0
2.407293404468485 2.68568609420746 0
2.553000000000002 0.3023815067932105 0
1.523772037135718 0.3264046861971579 0
1.133291957085588 1.482761069574995 0
0.4539223343477252 1.130570400004322 0
0.5928817723465349 1.805919411473172 0
0.8377214542821758 3.285417396748699 0
2.81315608688119 0.1536240353189502 0
2.502914493896597 3.14505518940206 0
1.919629333884938 2.957810312676124 0
0.3772382775268137 1.208520311848494 0
0.5557903146400163 1.155637490572585 0
2.083290137058161 1.379469050030995 0
1.179517479686272 0.4511717292895623 0
2.804787826597646 2.972601702362942 0
0.8684425086026646 3.265309056147195 0
0.1770020798423531 2.578666831225279 0
1.683235186939573 2.69688018505939 0
1.69740655157763 2.696596447432419 0
0.6863608706993024 0.2871062508110163 0
2.510697656419918 0.3290013568359134 0
1.952708538312314 1.721345914621486 0
2.334159449265512 3.445784528186217 0
2.083462232001028 1.868625938556062 0
2.00594719020025 3.200572725982482 0
0.327740810200196 1.26335950077846 0
1.77609201101555 1.049690202478476 0
1.610914570152539 1.869457533910011 0
1.587140801833196 3.371055507779353 0
0.4674113263175687 1.132431073680155 0
1.574772671061974 0.4033999521590019 0
1.953297370435205 0.8703955169826514 0
1.351069696344734 0.6344161324055069 0
2.283585212013445 1.139110126312076 0
0.9881578112113965 2.598710756950703 0
2.225820780220961 1.592003815150058 0
1.807388859671796 0.2491095622001445 0
0.6110419538112873 0.1175310665352802 0
0.6099977322184027 0.1285383434090699 0
0.6011234673134531 0.1226507898624181 0
1.543756017589459 3.031895271692322 0
2.031399713777852 1.175594359916771 0
1.942568680308232 1.69964048740875 0
2.317542636699463 1.412442807670676 0
0.901790305371058 1.17937630876485 0
1.946988042981905 0.8513468788801646 0
0.4189504594997504 2.161035591739342 0
2.166477056021917 3.108799417815411 0
2.416202321784236 2.066559633732814 0
1.510303660819191 1.197263814678469 0
1.752920167330468 3.237234417529051 0
1.995114940145021 3.412327162093457 0
0.2083811820426278 2.546834655114245 0
2.529425184615308 1.730273287574728 0
0.6488376445201592 0.2145466398954261 0
0.04736116802230228 2.204421678405356 0
0.07498943005951531 1.205333857282125 0
1.140761530302553 2.861010245868697 0
0.3454453192020295 0.5970909191211895 0
0.3118839464404966 0.5808114986782698 0
2.660664278635015 1.923876535746648 0
2.286166183523486 0.4643969915921451 0
0.7021513488982971 3.084358891382794 0
1.770249983921521 0.5801993636027549 0
1.459121811569732 2.895972122031707 0
1.292482925556989 2.023806459131872 0
0.411377015250221 0.0762950315780011 0
0.9392638345810514 0.937802625013772 0
1.770406107188907 1.490615186847802 0
1.983625057509257 3.25319309771637 0
2.324827410708972 0.878455065261906 0
2.170490314285388 3.036824553981003 0
0.6942025744761183 1.623860215261766 0
0.7173602979044733 1.61219603346086 0
2.360382247857746 0.1129069724694285 0
1.482439991901591 2.373912694590061 0
2.29999014026972 1.882012119557529 0
2.242054072924202 0.5503558348428323 0
1.760391962723212 2.151398925798436 0
1.165424143814098 1.802668783578959 0
0.4209061669102647 0.9899958922067481 0
0.5968335721552054 0.2450792709361966 0
2.465840137763315 0.03984944179804839 0
2.412272265465745 2.022525658908907 0
0.1082641395640112 0.1641571543179008 0
0.760568071759409 2.940700443407087 0
0.1924985293242416 0.3173876985527071 0
0.7470689478167125 1.025780053971784 0
2.734169999970857 1.324199976003726 0
0.347225136674119 0.1384813698314942 0
0.7751417199431491 2.893760676368985 0
0.5180013790956176 1.53698845293746 0
1.326083462117075 2.931697955997585 0
2.444762938254539 1.116555583916794 0
1.193707818898441 2.461635925983338 0
1.221020499794374 2.451618561078028 0
2.285734827924337 2.247302213286022 0
0.1812081544722797 3.056397348350043 0
2.377135429053704 1.15047256909237 0
0.08426180690097751 2.331671534817643 0
1.072068567097221 1.462161401290123 0
2.576356503327401 0.8325222364646501 0
1.757662312055442 0.1683431542637488 0
1.489896938310824 1.418122345219222 0
0.7822443657814786 1.526584350457573 0
2.786732011540936 3.288015902128083 0
2.278989761531111 1.015437743084847 0
0.1441390178425948 2.553653168524339 0
1.108323302196048 2.16296709059937 0
1.41729203771399 1.407489911175896 0
0.2883743043734264 0.4938639184204581 0
2.490419665198432 0.2976752554617208 0
2.197801335440211 1.759913587245949 0
1.122565973742502 0.395562600639848 0
0.4645695574576172 2.03252465697488 0
0.220187960523855 0.2106772334279938 0
0.1846297521922537 3.116476310930011 0
2.286385878741771 1.076296851527207 0
0.669325042151552 3.322311726797443 0
0.2669737137174102 3.342643928755319 0
1.563856169281482 0.5703510204081641 0
0.9961993856673745 2.157089684246707 0
0.0624646498853394 0.3088660708920876 0
0.2013644771980443 1.874756480900108 0
0.536893321540075 0.9295111830147393 0
1.367739104523283 1.080464501357598 0
1.360104570021347 0.3557913322886475 0
1.126490679849835 1.822936137749045 0
0.5918785573328286 0.5958819278680645 0
0.708538244793412 1.765389277819652 0
2.241562826586368 0.9040336831021991 0
2.694946449453208 0.1684151874455169 0
1.761515025263551 2.360875880332748 0
0.2624013947156847 2.830606863812442 0
2.550481195421411 1.764408599247789 0
0.07422777550271453 2.654742499175504 0
1.641920448226979 3.362468025545402 0
0.6407292112063727 0.083239885031682 0
0.1734374803007048 2.194589760712683 0
0.03689666829301785 0.1718559664154757 0
1.306366289643522 0.3186136833447721 0
0.5093291225125927 0.2445092430769251 0
2.372704720173624 1.485068730874149 0
2.027682547520228 0.8841455724662548 0
1.855072840544282 0.8965236551848311 0
2.543942078039882 1.053192443492108 0
2.542095964043479 3.435665959790324 0
0.254893911076945 0.3114344255615342 0
0.2788721251853723 0.3205975249109736 0
1.660984532035282 1.638380431363875 0
0.365948971888312 3.04475416804639 0
0.1344248536306325 0.3578909571471511 0
0.8040569349074104 0.1056742385782379 0
1.064617356741279 1.540482492783965 0
0.6844930738678249 1.012151988807539 0
2.531962667875872 1.353903321793579 0
1.808265145800231 1.00647287338247 0
1.122968870875446 0.3673952312711639 0
2.742014724650246 3.024071764955113 0
2.206783023005898 0.8870927475909542 0
0.1154090706964406 0.2704727494003536 0
1.271605856485208 3.287430327454639 0
0.3848249936599875 1.073775204545786 0
2.58365725617624 2.019058380560555 0
0.9981717861539143 1.781460241587179 0
1.41985 1.2789375 0
0.05886446893478148 0.1452669246634108 0
2.745792707206434 2.33104641253654 0
0.7464100161580109 2.984613335317094 0
1.745301018311102 1.263794668531538 0
2.714480945835318 2.136737067624117 0
2.573925168260748 2.930181560979052 0
0.2320932149189803 0.0387423980445234 0
0.7577427883666585 0.56276279567228 0
1.988625058141962 0.6708206593146395 0
0.4926604980472054 2.015868183143486 0
2.516633211590653 2.141134210537956 0
2.511367306288575 2.168824777001464 0
1.757910336938173 1.788114294412454 0
0.4404802551133927 0.8701967832661031 0
0.04435710480078958 3.426225532900791 0
2.305917574049991 2.552014140999971 0
1.892120459972537 3.179388807278007 0
2.518518594105518 0.3094362747016093 0
2.524164570791263 0.3060044114898919 0
0.4073662661489701 1.091873812600645 0
1.809798511214333 1.69347930651034 0
0.6281853244671409 1.055083064389531 0
0.9888610042847542 1.002990022672932 0
2.384907442909659 0.2425558885368457 0
1.427669648830176 3.219573211047651 0
1.458489945929879 0.6592104978744642 0
1.454551199276906 0.647198597332916 0
2.719609320608662 1.991977889869247 0
0.4153014550533507 0.8829822402948231 0
2.148089533459546 1.602039747158093 0
1.108697326227326 2.635565786784843 0
0.5093955499211571 0.03990295673792099 0
1.926543069368804 1.153881869724976 0
1.067455654849339 3.292905813017451 0
0.3912289897506278 1.048083923526776 0
2.404931473669436 1.477239652003361 0
0.2694648092070318 0.1768782148339818 0
0.2870577723617393 0.395245138859154 0
2.755407083210409 0.199811620531493 0
2.760016842315456 0.2067475288392997 0
1.738390287087708 2.646471528649673 0
0.5318510979466522 0.05774880142696093 0
1.695409786830918 0.6382860028128103 0
2.481341917856035 0.9401228100980186 0
1.505661351476014 1.259936975070735 0
0.9167261959586814 1.015413454791673 0
2.827589732020147 0.3759607923287913 0
0.9606059361099637 0.4962821169860445 0
1.331933274899664 2.271975363135131 0
0.9128863388645081 0.6598544340160024 0
0.7828271865194373 2.021389783613701 0
1.088141303652683 2.343778327013694 0
0.7052897171037696 2.081152298199855 0
0.3169057029144762 1.049008120798569 0
0.3384985063234984 1.060862342758967 0
1.04037645884086 2.920982247959777 0
1.770658157933366 0.5598951461425405 0
0.1373559490521239 2.004010272320027 0
1.010157175143226 1.225592800884597 0
2.375486210781685 2.244540858338428 0
1.013498772220274 0.7272193084507867 0
1.477814635093546 0.5895564087239762 0
1.764242139385487 0.6132883499621808 0
1.749244056950235 0.6025935356122736 0
2.219149833102607 2.992479747214045 0
1.136352373866136 0.5228314439691386 0
0.03436889989347236 2.045582589288689 0
0.9453564917013646 1.398498070405175 0
1.893803269855078 2.440767734199911 0
0.7448466730249936 1.716893242448006 0
1.13525218699051 1.917269307459723 0
0.4279755130561111 0.1017509270028369 0
2.050104891419714 1.3051843346888 0
2.424846003992475 1.790444806409705 0
2.112213920720785 2.475219097468702 0
0.5668610677038954 0.1343031959759009 0
0.1698384331288612 0.2114052802695898 0
1.094759439967636 2.446303926152615 0
1.052678634862795 3.360982838238503 0
0.9537387404909898 0.7765498467498249 0
0.1952189381674478 3.264520095387361 0
1.511032614955406 2.294622575632011 0
2.818066231625154 2.446127144217594 0
1.663904448106114 1.472258810238972 0
1.092965440168861 1.826452059045245 0
1.501388142189426 2.870790531406088 0
2.128089013332148 2.884232954254963 0
0.9289311362410339 0.635734871147674 0
0.4392185628320238 1.027483008086087 0
0.07785895774805973 3.227517581768404 0
0.06832813767188051 3.252652953726017 0
0.4278955913630708 2.438019735208503 0
0.2344995653504351 1.387829469483573 0
1.425053771590221 3.029884900138752 0
2.127494438791737 3.413327431543494 0
2.106424471928985 2.922188062359728 0
0.3732131191839003 2.022196185703788 0
0.4449121989452142 0.9602244678294745 0
0.6925529690187816 3.044053574293444 0
2.784831849372077 0.4814581603352397 0
2.409855405341586 2.787389239884231 0
2.673697154949148 3.134844034223693 0
0.5957232853910173 0.8015513447529938 0
1.00762309319069 1.97439298731852 0
2.504530148748524 1.029401666096377 0
1.000707467550667 2.138748818217385 0
1.013304120911755 2.139702759204558 0
1.280463798302471 3.098728740335231 0
1.583955664394802 1.903983966431749 0
0.4147663936785873 0.7717420273147612 0
0.6542783765469666 1.380394830013749 0
2.033941318313465 3.192350934252974 0
1.534967538120115 1.42210168746386 0
1.773976587874561 2.740166926030154 0
0.1746015171605069 2.593722096207832 0
1.365993997497054 2.257130688559766 0
0.5182456485182221 0.1415474864754702 0
1.810211335769482 0.9797436554711032 0
0.958570491935566 2.123924172690483 0
0.2628856192695721 1.692580662703332 0
1.610114572329368 2.709020441124532 0
2.562799524531644 3.027292741876123 0
1.193460916556963 2.394948085602583 0
1.403755320772484 2.334713610940588 0
1.976778657653658 1.738190737529796 0
1.924264599552497 2.915457122720125 0
1.652998282325737 2.855527217600004 0
0.9624176730461719 0.6645597001831127 0
2.506112885635812 1.011429598503769 0
0.6955640631017338 1.87138047185648 0
1.278027197424078 1.64112274520608 0
0.5922300289682449 3.018677347926624 0
2.574686264741235 3.021200417860629 0
2.404191400162822 2.478077391650733 0
1.604194231591094 1.907565877409979 0
2.489766816783524 0.1783951701971598 0
0.1346674523523392 0.3393091077018502 0
0.6076295007848908 2.86694825662138 0
0.8391900011164574 0.6234836200192095 0
2.387130697494845 2.887191540517991 0
1.18942506410496 2.266005318702799 0
1.461169127258351 1.784991724295981 0
0.3585630462390275 1.970043516109514 0
0.1630642164026181 1.922773034311993 0
0.5649312618990456 1.927198808905212 0
1.750478752688352 0.5838030712182496 0
0.05975559001890307 0.9298431337894321 0
1.981601287743937 2.957897739288344 0
0.9049622835978218 0.4569953963723266 0
2.117420916743947 1.79176693407627 0
0.5925433052902134 2.685146298755591 0
2.345424578667412 2.428534800163483 0
1.813918183055485 1.78985041624979 0
1.025898738604912 1.616423797382299 0
0.3625878740352118 1.89644743059543 0
0.3800273407266495 1.90915432488575 0
1.446368267627168 1.192496324019362 0
0.4048727684609335 0.1716969625512375 0
1.283715670804714 1.259614001854 0
0.8053031462248408 2.463356421655114 0
2.597166822936516 2.983111842677752 0
1.924230918315289 1.326454462169392 0
0.6525140439960573 2.953288213793107 0
1.542613591711407 3.175750111588739 0
0.9126936153273053 1.324917748586886 0
0.439869128546448 1.565047156501577 0
0.9186076235890742 3.37160666820438 0
0.3562142646302373 0.4756497017284407 0
2.634746111282785 1.761147081182703 0
0.9838106292786819 1.826142054983027 0
1.995287555085592 1.916166941012056 0
2.514980230232037 3.448349140772429 0
0.6978423057969106 2.525033137531943 0
0.4217210299613887 0.8220361737367878 0
2.186155602526105 2.017050446602665 0
0.9480925332880643 1.04724491449167 0
1.258351032668816 2.47025018065935 0
0.2483060713357941 2.350757470364945 0
0.1308301610970375 3.366461720586715 0
0.2876902227099736 1.452819722317311 0
1.87322177526517 2.913727249868001 0
0.7461018602616454 0.1469144691809716 0
1.971427498329591 1.555536196502949 0
2.75475 0.7910050142447069 0
2.773518183641759 0.7790286770886192 0
0.9636850245949167 0.5921060976501373 0
0.936090260986393 0.582585597281148 0
0.1226818251533703 3.25803634969325 0
1.24146554519128 2.925900205759289 0
2.133657850959107 1.557917904901921 0
2.269084350649631 0.568928296795074 0
2.442918380095097 2.534052689265855 0
2.563117404957717 1.679104277758754 0
0.2397346997780341 1.786697432533106 0
1.541717568276042 2.84222612236301 0
0.2480221676508525 1.979929056196057 0
0.3205133600127485 0.4381883640080992 0
0.2691120346415878 1.051932243697574 0
0.7088553829558306 3.177501014636586 0
2.555801489559612 1.203374434868849 0
2.528188877351188 1.192584478086833 0
0.8419525758982209 2.626420678356488 0
1.764226060544832 0.07744948316161482 0
0.8168828309690077 0.8372980103474885 0
2.677967108365429 2.580883699159721 0
2.043739716026636 1.808116052359802 0
2.038487769374271 1.828376868086335 0
1.366827861200603 0.7666422435694197 0
0.5993489098426681 0.1048908394499499 0
0.7531591555358843 1.29512666810534 0
2.328626138441451 0.1430940345427967 0
0.4050929097922531 2.739552239944689 0
0.1606484785713687 1.855104306421057 0
2.027991441470356 0.09501987895577191 0
2.056624764429518 3.098316597238282 0
2.557341558589041 1.177273686562937 0
1.005870883414472 1.833162551650799 0
0.2014731855562295 0.9749286574872368 0
2.224633391896587 3.080530723983562 0
2.542799147007206 3.0445961250041 0
2.80225159980296 2.881797684615441 0
0.9401826484727556 0.5081595266655401 0
1.860402599606971 2.142333438710676 0
1.859029288696396 2.164203607568149 0
2.615490461879403 2.564719056311981 0
0.8952203198207194 2.877879920396149 0
0.6916288341978652 0.8653274174529202 0
0.5490061851715355 0.635926511625337 0
0.6113627507931708 1.642612069917099 0
2.41544323049117 0.1331545733496726 0
2.267830844878874 0.9317593688547194 0
0.296115947696411 0.7060618140032853 0
1.004517039609844 1.698033537686796 0
1.006287603907163 0.1905252114096452 0
1.765496867377368 1.524270180849043 0
1.757182333947931 1.515021986751067 0
1.02715531289404 0.356992379070336 0
2.625000802190652 2.322695241849232 0
0.1197830321711608 1.821032821036942 0
0.1315260020349296 1.803796700482878 0
0.07378692542087806 3.281512128405629 0
2.525461125553041 1.843733887895439 0
0.780324594083452 3.035592940741818 0
2.339873177009419 2.261697808402849 0
2.365332060263137 1.391157966800357 0
0.5835912996641357 0.1350066024605667 0
0.5874779225867391 0.1272591951661264 0
0.3414900064602777 0.3880387807289067 0
2.114320420616033 1.610117730716693 0
2.38189742589591 1.750509189564353 0
1.597224042861385 2.849010389747872 0
2.525936195547956 1.040351238847331 0
2.523334076036108 1.035118890668596 0
2.524141827557052 1.047589809745624 0
2.524505731882399 1.023220913542814 0
2.521012906638208 1.040279651266265 0
2.518475452426119 1.029536575912946 0
2.220228793271607 2.491527838120979 0
2.208403933872776 2.468864926393833 0
2.203167650134861 2.455523820337748 0
2.107074088494699 1.493154280732067 0
2.428913405287969 0.8108897466462284 0
0.7049956038236487 0.1077718634222888 0
1.387519931354089 0.5705403239059679 0
1.120303118593018 2.468346070998023 0
0.8923372888782659 0.8065279106290959 0
0.3065519470744238 0.9457478210665448 0
1.866904845119453 1.578292877147761 0
0.9801935673791925 2.239323312225264 0
1.746714072196647 2.42820035990247 0
2.487138148922999 1.084221179438967 0
2.491711530767533 1.109375382410628 0
1.726759478625883 0.03508691818136844 0
0.7835879060401424 3.137089870081781 0
0.03228629632456714 1.498107038517865 0
0.7847249403812794 0.3231120289301486 0
0.7942998888755235 0.3339938860967648 0
0.8571109336200586 0.6725533889761648 0
1.517973958825297 2.957235358085435 0
0.8488857718417736 0.8625387722280251 0
2.228697372764304 1.85244581095541 0
1.77202691174681 0.06269010472125336 0
0.3493736704428869 2.531072764372992 0
2.284101187576487 0.264930234111457 0
0.3504516666478632 0.8326758174228145 0
2.525047823952714 0.2799964379753312 0
2.10101680920777 1.660149435827024 0
1.440191639568758 2.654698987790549 0
0.4939963450117761 0.9359112505265119 0
2.012235372321106 3.42915438977916 0
2.004238576229941 3.443285723936231 0
1.986564756433102 2.575096373380727 0
1.613302941599826 2.482509227752716 0
0.5382477458986255 0.6884794876891775 0
1.908566470717987 2.746783262392242 0
0.5220250415629057 2.018262493539499 0
2.751785079495018 1.208401299477815 0
0.5700460502978471 1.713470143488186 0
0.7182278327603793 2.404553840546629 0
0.7145790008992393 2.444672863177324 0
2.824795001907772 0.5683384874234201 0
0.05179843533275452 1.788541795761545 0
0.6198869758975848 1.764246172556797 0
0.9911958975747899 3.294697048508299 0
2.41762894125791 3.149735264051043 0
1.912671850621105 1.308088912170597 0
0.1069934363219303 0.235112932040898 0
2.395437670441493 1.265319685374833 0
1.004881041224033 0.653269963811389 0
1.354192896949221 1.238918756045349 0
0.5218802244205444 2.305722697989882 0
0.2415405917568223 3.102159730957883 0
2.230963184401992 1.927672722662011 0
1.679078390339121 1.308316623905091 0
0.02406897904492178 0.2773397699700069 0
0.6634970129761659 1.421490801873909 0
0.4414021069924277 0.1192372792663519 0
1.062730939229526 0.6862338114778275 0
1.544949080598912 0.3244018634290295 0
1.752272286151646 2.542933988999219 0
1.279548848611771 1.785659203323989 0
1.745562692486681 1.326777386668066 0
2.800233965614708 0.1415830541044336 0
0.267988961612265 0.2634475372346379 0
1.6047 0.567800000000001 0
0.8365608075338561 3.190797303961412 0
1.85771679376343 2.76722020533579 0
1.900240840898008 2.929699697708244 0
1.055697215591038 0.487415012213174 0
1.92463479627465 1.556199842626707 0
0.8866293262178877 1.929365228218669 0
2.173009614445569 2.726125621967117 0
0.7767404316691922 2.919034004543049 0
1.482136274209571 1.173318465592323 0
0.1377037951124169 2.314847273806304 0
1.039718704822347 2.731088663933694 0
0.6668420895874698 2.158307259568017 0
0.7873142586364748 1.603635325382646 0
0.7605446656824677 1.604267862790179 0
1.688040493579014 1.13114803274399 0
0.08043384534838305 1.810130154792465 0
1.832414982299905 1.263269442752863 0
1.104206510802423 0.7313792414225315 0
1.838076572850778 1.603710872543329 0
2.826751104838082 0.2297308289758693 0
0.7432371819346513 1.271003322701056 0
2.550129071837783 0.6369244519044055 0
0.06786962326868706 0.4392735846568316 0
0.4062694570475134 0.2998786817115096 0
2.066998229017456 0.04067834688933347 0
0.5117431004939483 2.278342605622444 0
0.4594266022415161 2.424559261881241 0
0.445873753296913 0.06593482212263635 0
2.017709319478826 0.6221679126443804 0
2.03958788360275 0.6164043943798989 0
0.8627618339896529 1.082828051028802 0
2.203363526619081 0.5306828610795153 0
1.816210089389761 1.743239584120491 0
0.3313578362418053 0.1885578106168613 0
0.4770618100892061 1.166410793661812 0
0.6025531525802957 0.3537217631420462 0
0.6122374050281263 1.695945593725736 0
1.419298979591837 2.048232653061224 0
2.41335137757963 1.885290021824955 0
0.7065132503033164 2.521200183171258 0
0.5973893981828797 1.748421916937805 0
2.348055832677261 0.1589933562374508 0
2.408631425329798 1.71070875274177 0
0.134939197602733 1.578393138188006 0
0.1605732076939013 1.579260516027168 0
0.9410330752254009 2.240858889524923 0
0.7280848323359186 0.06250348846648346 0
2.038688061812408 1.933608486469357 0
1.653806801862205 3.054591072931702 0
0.5110928394556601 1.258171728696418 0
0.7399738251597919 1.891281858897872 0
1.423444717515994 2.502558889114147 0
2.573839222730243 2.510909862834748 0
2.301071414915276 1.100150994123107 0
2.587804714660357 0.6032628805831282 0
2.434910986127522 0.8138769090394701 0
0.5624144112692109 1.875233303188652 0
2.345918381550815 1.674968745177672 0
0.1389816347295159 1.498877565693341 0
2.13892003557791 0.297976104575097 0
0.9949519767648841 2.269258430595794 0
2.270697962517233 0.1503193551961686 0
1.79662200698063 0.1094610906188116 0
1.884010453874287 1.633429588346355 0
1.602363589449963 2.135216220890401 0
2.408609174375078 1.088667618892099 0
2.141701782623928 2.375719523587509 0
2.271834699375414 2.881604804157059 0
1.828451912117363 2.080179603005158 0
2.654125506086478 3.320313209450227 0
2.535278082333221 1.048394350934845 0
1.402237115187147 0.7043053694530785 0
0.08573394774075815 0.3055567822848975 0
0.5467665864667605 0.7530609985949307 0
0.5089978793010526 1.158037742430893 0
2.066611434978516 0.1345345000225282 0
0.1226505201622949 0.3395482691914802 0
0.04774325343842811 1.137204899866344 0
2.406340849850004 1.418814828663771 0
1.781423213569119 0.2127732391121266 0
1.057282053940491 0.889547285753463 0
0.606582109090163 2.849511807957942 0
1.754860329625773 0.6690155730807532 0
0.06080294043109014 0.3369205140203642 0
0.1613865247944486 2.000245961767839 0
0.2598370720283645 1.369178431187205 0
2.432979266784477 2.222569476465221 0
2.688121455986591 1.820683749552091 0
0.1943376110031478 1.012213784255888 0
0.6382053908127971 0.8375170099834882 0
1.291598767233452 1.826671919856634 0
1.89406646245809 3.331172511499158 0
1.249001582961618 2.118505383194339 0
0.6945825915756403 1.725027664064718 0
2.014868465807283 1.735815585928904 0
0.03043415973926544 0.02705575286597006 0
1.78745127136774 0.1582120179281346 0
1.663896868264311 0.02701056284896741 0
0.3602235168659598 1.079075583395851 0
0.6634547890354656 1.99900088902419 0
0.3185047036604702 2.998632888734919 0
0.2014802004960137 0.347222515000343 0
1.123562032124041 3.354506485144877 0
2.66314762430424 0.2182093392667115 0
0.1572009742000864 0.3342634839060656 0
0.7474068703173069 1.529633855527455 0
0.660237054180554 0.9569470790449995 0
2.538079983104154 0.3216998120596222 0
1.795793228075434 1.960875808967435 0
1.423892119640917 1.191180025538753 0
1.921886547202279 1.512881615590208 0
2.145468235519398 0.03432009489937027 0
2.112503486275756 1.411030339853239 0
2.404570861649591 1.45775264516659 0
0.7498092721535063 2.205952351085301 0
2.401038903475902 3.008195392619023 0
0.2166068218260355 1.830666021254245 0
0.8029227722425779 3.22042883902012 0
1.488253662180947 2.047320200564546 0
1.930588479753253 2.919482630606548 0
1.479322379670345 2.823125843292092 0
1.875786167891436 0.8191691818681468 0
1.67596995456251 3.248827562684053 0
2.148459326129908 1.384381753829685 0
0.6717944981421085 1.854582777713941 0
1.510797042460062 2.537791913267405 0
0.9925541399561352 0.3858773121242756 0
0.05971866501180356 0.1827446679855171 0
0.217250824652067 0.6402718759486123 0
0.8323184993369984 0.680499302972561 0
0.23537297113313 0.08512416190685701 0
0.8375562072938725 3.057157726677094 0
1.870399340955767 2.33517566561982 0
0.6378314247947821 2.511378619254035 0
2.253949955882681 1.717135111372978 0
1.153188585630911 1.705346402952848 0
0.03926604297250247 2.458184798834693 0
2.817447143734463 0.1758841866593523 0
2.817599417156732 0.1679134067490731 0
2.810690125447532 0.1733584572048503 0
2.828507347746947 0.168356151698364 0
1.700610631199918 3.079137115357664 0
2.435413207654977 0.06367650899986166 0
0.7922359030759608 3.355140621399543 0
2.55604839680842 1.822447632797378 0
1.767635393640351 0.1697945263416343 0
2.429528279158108 1.191412077922015 0
2.447863911605851 1.179325699126457 0
0.588642195187023 0.3075769793684024 0
0.7129810433644393 2.520319285333805 0
2.195694726986378 0.2730363674888092 0
0.3085227005833708 0.119644752190073 0
2.635099239862907 2.064117486888045 0
1.97011230311297 2.318391169369737 0
2.004921624525133 1.11834077196125 0
1.281592233333018 3.174581616992272 0
1.538311355832221 0.2701744517428795 0
1.073265119054842 0.4199064545068272 0
2.55580528715814 1.405273643084653 0
2.432049901828872 2.691904854335647 0
2.555275518892662 1.952358430744191 0
1.351674488375737 2.289928258358465 0
1.1201596676768 3.027786215687082 0
1.136351029031127 2.998534396934041 0
2.396663741647498 0.1291745280555017 0
2.435397736946881 2.976997043146006 0
2.445640997287534 2.964966464407088 0
2.442425444978199 2.947641072270224 0
2.457338812396359 0.3384793746545245 0
2.43796105422336 0.3404274476790494 0
0.7182852976264166 2.623463568350463 0
0.7269383789396293 0.2876191272892874 0
2.72130302337166 0.2418837155457707 0
0.264093769450775 0.1458179852931702 0
1.724541740748132 2.832910478235237 0
1.489966251335904 0.3819248011228151 0
1.861769996081875 2.901323790729864 0
0.5248973689467776 1.043862489017399 0
0.4992001327006651 1.3402438656242 0
2.514619836532207 0.8548463184361046 0
2.371123870770222 2.034501421140708 0
2.389802402925874 1.301823813592877 0
1.340287531788146 1.168700694862863 0
0.6631799473286495 2.798506021218229 0
0.5216859784479313 2.031293211834364 0
1.698239117770154 2.652941904404334 0
1.614304985166153 2.90644254696035 0
2.23990864728029 3.291292609249568 0
0.1786310589034845 3.432281375638092 0
0.1848760667888059 3.391140264821171 0
2.171886088570353 2.894136291802168 0
1.277551105077995 2.848341287794797 0
2.233646807995064 2.753775602873848 0
1.887776166856257 3.155542833359757 0
1.864632862107947 3.137054771559752 0
2.305023206763436 2.759513930426309 0
1.222287629373604 0.498295081905769 0
1.909938283676035 1.407284596067467 0
0.4071749875244941 2.263649522649581 0
2.000831552086603 1.431622078993117 0
1.091599645420217 0.8375408312926024 0
1.605149206375688 3.04142806043785 0
0.5950687612012641 2.588583555152134 0
1.806183901841909 1.477198922722839 0
0.4097222606646538 1.783708627028633 0
0.3977925338076311 1.793648480861501 0
2.817365522786079 0.6893761821232132 0
1.520439958126197 1.186329036889665 0
1.529780978367104 1.178679146314517 0
1.887872546123491 2.137634102337313 0
2.358854958013996 3.333539994063669 0
0.4354765449581972 0.06860216879964298 0
2.302445792947336 2.740859576654207 0
1.223795009481237 2.550589022792383 0
1.669107509207767 2.630688222551947 0
0.7844054037584932 1.829524151380115 0
2.537561321700513 0.2806627279701701 0
2.532199912805972 0.2775015853550544 0
1.911179691070021 3.189190636625137 0
2.290321753880786 2.794765057625042 0
2.020173939351916 1.837362094027108 0
0.860083494915166 0.3560637392984556 0
0.8490648227529392 0.3509414864707496 0
0.8233971563757766 1.09929492914229 0
2.233882995686902 1.828912467337392 0
0.3515787829801165 1.553289734599236 0
0.4044556460342006 0.7029369032246955 0
2.80854504296473 2.334579764514331 0
1.650077549807759 2.269684463707328 0
2.82075 1.22755256127916 0
1.061089505262248 1.724435182864985 0
0.7544640811511126 1.34876305404604 0
1.102422987417335 1.629563671338065 0
2.572534211217619 0.2724499087101595 0
2.081839901333781 2.297036049293547 0
1.49621249119626 1.325419465918229 0
0.2899200943138596 0.2989415093752723 0
1.714811840483626 1.482928981982545 0
0.5457722722827643 2.792222338707099 0
0.8595134680563412 2.036778082048414 0
0.4135609997428502 0.5231130459769844 0
1.84744234135219 1.335496630874088 0
2.551750009159559 3.053660574471555 0
1.968448986586245 0.712903917864592 0
0.1315511016045809 0.1097628384360141 0
1.091968649067873 2.420336923287651 0
1.6474545997423 0.3558434825745582 0
0.8593528060466417 0.3720065381511319 0
0.1922804355515821 1.640338390499865 0
2.214744583385122 0.4836246744211081 0
0.04126399098548417 2.292216740830651 0
2.673975851345704 0.3286261844784548 0
2.66178489189655 0.3095152368956908 0
0.0824396186237919 2.002259352569623 0
0.07990810008522065 2.031101565551754 0
2.563386409221867 3.072445921397949 0
2.710328974722986 0.1583787704469199 0
0.3801727305054454 1.535153783020474 0
1.777899113269127 2.655656708184163 0
0.169996665448225 0.8570769769763568 0
2.05397055369716 1.440686221224157 0
1.892232269726934 0.06589186359543198 0
1.905636170927445 0.07098365874804968 0
2.736931093977645 2.503900084664545 0
0.9464107427080753 2.083829750226994 0
0.9112069305438694 2.08719499250385 0
1.516953642256004 0.6754413037151177 0
2.359094420868136 0.251613923263756 0
1.155671936778229 0.9573210402712747 0
2.491968375311197 1.909945243577311 0
2.432691326242507 3.276816484162547 0
1.561496154623666 1.962922224241493 0
1.030692675852181 1.597150759929822 0
0.4381996719190306 2.058137595074397 0
2.125793040352454 1.500438013556162 0
2.141909401916613 1.505311712142214 0
2.14050944905904 1.489001190186899 0
0.713568923631306 1.967056144896798 0
0.6228049574702003 1.573219369864599 0
0.9901283008556239 0.1051023713400039 0
1.784603417750951 0.6676400890045209 0
0.6026993986613429 0.6756568394014322 0
0.2922122819456714 2.180513014972063 0
0.1031384775302782 2.150480407859606 0
1.727286823073459 2.747756680387241 0
0.6245126810187002 0.6206336093694891 0
0.6277632596248071 2.696325175357284 0
0.65903412576525 2.678975098004574 0
1.365749439637152 2.587635752783983 0
1.476184474599318 2.994411729125011 0
2.150248450585056 1.868849093489457 0
1.616917083529964 2.098982027326214 0
2.229301035898132 2.168655893576699 0
2.212761440601267 0.1842948668619457 0
2.43725943354209 1.079011478374904 0
0.7346699788191488 2.517831473119425 0
0.7249953702075357 2.498498589444663 0
0.7233755439377172 2.480131508744429 0
1.762141678386492 2.47700000575109 0
1.747423096639814 2.50543554477476 0
0.8551479436612528 1.650412200813446 0
1.755004046291403 1.44375770568144 0
1.525054214626927 2.71940354529002 0
1.555280907639148 2.713530854463635 0
1.541321280566519 2.731546099938414 0
1.578961876407791 1.894117482277342 0
0.7873482742834256 3.275453733386323 0
2.716680888289857 2.710376038650009 0
2.532156425862007 1.025025321630262 0
2.788162538739624 0.3560141267307837 0
0.1998865101308112 0.5375686904705248 0
1.058094601137126 0.7881022994809888 0
1.420391940112091 1.717436577579541 0
0.5779798678149177 3.093707628230785 0
0.4713461564430861 2.349229171989494 0
1.894074411887465 2.955586154734049 0
0.8464920292702818 0.43380075441529 0
0.8547310053977212 0.4554737769553785 0
2.116908855024501 0.08094256340356187 0
0.4779290590629393 2.184501228257183 0
0.505212224245712 2.524894959392595 0
0.5094446270647861 2.258610568804496 0
1.043330853698058 3.215920988276126 0
1.008653887377902 0.7655870630884483 0
2.139699757702549 2.571506090238186 0
1.089551283776431 3.106002679515731 0
1.12477274032936 2.969143415851129 0
1.291797379820071 1.91757536762815 0
2.460332961978794 0.09315985593288056 0
1.86120799669691 3.273211891913075 0
2.36287544477079 2.49132515832803 0
2.501997693688657 3.427738219575864 0
0.86158998345445 1.388801833455994 0
0.4263188030963629 0.288403430200187 0
2.807906452709163 1.52590719390057 0
2.034845324788014 1.989626923951998 0
2.02046707771672 3.299876586301971 0
1.344782530431921 3.384077199763337 0
2.510572737653122 1.783956955355942 0
0.6328027506563437 0.1387016478933634 0
1.731174416471353 1.824061358727566 0
1.347090394822214 0.7342685462104648 0
1.761647519133593 0.02471311439731805 0
1.360191064227848 1.050033582398231 0
0.872756728973257 1.17458401217623 0
0.6417143862696757 2.308936876267562 0
1.303966671225827 1.94398471414331 0
0.7051396039996141 0.5906670947162618 0
2.167759238621157 2.047560759768222 0
0.1978838702369048 0.2560194742203545 0
0.3876382771524496 0.9489597049799187 0
0.4812010200167424 1.204388494775358 0
0.4797354400419651 1.205761617838363 0
0.2327981835374864 3.186849506825395 0
1.593909291589703 1.835079277514146 0
0.8905250732277388 2.121154207373753 0
0.9857937466034983 0.3216370797914099 0
2.286095478796614 3.023167179238086 0
0.1088965748802935 1.208001025481249 0
1.51369627164461 2.388735640517171 0
1.96197296586718 0.5645140685754302 0
0.2475478836964278 2.186734299423625 0
2.288407452376836 1.836412503134905 0
1.525084567025468 1.99691339627876 0
0.8434205728309965 0.04425807052627562 0
0.3409338909647666 3.37415068793217 0
0.4400120562437195 2.391021225606341 0
0.2909807838430298 0.06858630651556541 0
2.074464884314431 3.337078446862086 0
2.683277771450624 3.208862856494515 0
0.9269434016708136 2.506393266297377 0
2.564643285012474 2.576826455421103 0
1.601481973189549 2.959948946031948 0
0.6456999340500872 2.936402754528881 0
1.670660655935069 0.09771530320316879 0
0.508485276987112 0.6584443356432799 0
0.8594770196632886 2.951699448138194 0
0.03031316484696922 0.1115246653477522 0
1.244069512937328 2.367945759343903 0
0.1313552980979451 3.323613174231597 0
1.074096279243552 2.764711643059736 0
1.314450316458284 1.741807659336568 0
1.115882854212596 1.87157168194083 0
0.270437937926292 1.93558270284347 0
0.2783879949359649 1.910756049733896 0
1.926427509615378 2.918148310851134 0
0.5302297316017561 0.1652592737883989 0
1.988882753474328 1.605659483624352 0
1.808429540672224 0.1959473340521707 0
0.719350324357199 2.139993628050694 0
2.284787600310436 2.706033152391613 0
2.188877040160151 1.502934152521154 0
2.174402236570107 1.491139819812078 0
2.300853887656387 0.97632586807112 0
0.3064214642230243 1.005038212719044 0
2.745091794044634 1.354994384143549 0
0.9099332696847601 2.396300271220626 0
0.8822545803326123 1.965834555659089 0
0.8456523214933289 1.986048121379445 0
1.917918737136964 2.93247377969386 0
2.379934422536454 2.070223093864751 0
0.6072021947059606 1.219669987419661 0
2.012119299495672 2.103394341510842 0
1.098677548675121 0.8268004853177476 0
0.1819253433592929 1.119547392387985 0
2.734439295338274 0.254705531699055 0
1.427775381197266 1.349142060632179 0
1.432300898967219 1.329994325892373 0
1.365059721152981 2.448452429377697 0
0.7648954165181816 1.82370856895606 0
2.281500000000001 1.959752212791708 0
0.9570840590801222 0.7179215584835952 0
1.024066582810781 1.216173980621264 0
0.6170414428968652 0.0984541898020872 0
2.654412172318992 2.70716135135045 0
1.371688651256228 2.241530422263894 0
2.246545286659577 2.380129606273316 0
0.855141918058381 0.7125361957865901 0
1.82894662701486 1.227928164288016 0
1.140051999159184 1.946718673750788 0
1.096881760311488 2.515678180137578 0
0.7380934874455525 0.2531853959517745 0
0.6554592889885928 3.132935235265053 0
2.146292092270701 2.486288440835402 0
0.3536243468109934 1.834595110369985 0
0.3419914889321114 1.799394084873452 0
0.2075271424245995 0.3945651387804758 0
0.3754312549331638 0.067632303026538 0
0.2349731771749126 2.432393053750858 0
0.552279454302076 1.170955608830471 0
1.325274027110443 1.825758382623535 0
0.1939373195055143 0.1052362668116196 0
1.848488362395555 2.091440810215197 0
1.871796795919544 2.088407076041927 0
1.184667941608908 2.811747487403551 0
0.5677532345606667 2.91561523943534 0
2.487944958688091 1.379476826054211 0
0.1445736613868598 1.29792281666937 0
0.772489497397161 2.144964476569793 0
1.774569699059452 1.010199706894624 0
1.770241507033223 0.992821365326426 0
0.3847731542515413 2.779830685051813 0
2.173581326078361 2.071591347893577 0
1.389366208685364 1.916132313474283 0
0.1451958255939676 1.129946119556531 0
2.526564333036065 3.035443119068485 0
2.721650571583889 3.25840761636168 0
1.779109399581275 1.083645856251204 0
1.078685409023117 2.552733804691225 0
0.3731982807053285 2.115808086201613 0
0.06454557744253608 1.011007306873996 0
0.5185829909280548 3.216499633283892 0
0.2644616158660993 2.958017324143919 0
1.675485792763688 1.970288570036304 0
1.637600776482165 1.939003637708242 0
0.2956862666421436 1.012895293822261 0
1.827927764224766 0.1063904042647912 0
2.608396897162133 1.804630009814357 0
2.540144325481072 2.993836686522301 0
0.2008311025135465 2.237778594929098 0
1.764798007679779 0.1459721647118455 0
0.8204077626760368 0.1396643649456497 0
0.3727330285152437 0.8096453636150607 0
1.138186205113738 2.889656749883254 0
1.137605962059397 2.916451274136773 0
2.533771145916741 1.641255819137317 0
1.221880336570198 2.077562103114337 0
0.2694516635540924 2.781331048536246 0
0.05826992766114047 2.514636723213306 0
1.404555513465907 1.207612516439025 0
1.429549629983693 2.881636340985865 0
2.224799989584672 1.641066513871414 0
0.9818966168839323 3.117067824573531 0
0.5860595811576943 0.1676522947879167 0
1.471133998237188 1.444419509003667 0
1.200922041967244 1.454907427645491 0
2.467968870413583 1.718392205899517 0
0.658525762948133 1.74600289290891 0
2.671053997110687 0.2077709606847962 0
0.5099395233668941 1.707666608252113 0
0.3317349969099814 2.7356046980577 0
1.345764782336621 1.096399574389599 0
1.687471327072643 2.533394549986374 0
0.9565958010938564 0.4560398858156245 0
2.529901109795605 1.567493575124665 0
1.198326133091729 3.379025974184856 0
2.283432047223741 1.120342466784203 0
0.1500274558679744 1.956382002540522 0
0.4791530994897522 1.335930882630144 0
2.255972117255678 2.360499555660318 0
0.09102528785557085 1.104473391831186 0
0.8930668221187344 2.794495028773094 0
0.3736118000292328 2.583396599630994 0
1.463533091792362 1.402504974239242 0
0.889471076118631 2.851508176431579 0
0.1292424349071648 3.4365752841316 0
1.272250590692376 1.872974511108798 0
0.5683819731987145 0.4922789275553672 0
1.184557703489667 2.018419373780763 0
2.766819570351528 0.3299533849429412 0
1.771732027464335 0.1800342763220717 0
0.7004844465397726 1.12501008332664 0
1.354048605034284 1.141509347472202 0
0.0697158751602589 0.3321544633723241 0
0.07642847710165968 0.3249384877631596 0
2.581170610127093 1.534693998991326 0
0.7656822177569977 1.647988797272141 0
1.717244024940321 1.526651702256032 0
1.842618858395028 1.870303745675515 0
2.075509024823714 0.2440261616519392 0
1.920367870600414 2.918693310700213 0
2.123023379344768 0.09433423386882489 0
2.78842417112104 0.1135913257868972 0
1.69567507107899 0.6853791360966888 0
2.367711922314428 1.457594389759829 0
2.502301407719008 1.88940772436795 0
0.6087344926252903 2.632304004052854 0
1.85924917999038 1.5232964740886 0
1.015844415874562 0.4921174652294797 0
1.23194322245408 1.785642590477345 0
0.4825118459515888 1.1735640329552 0
1.868135029419358 2.65934889605639 0
2.540293818422203 2.949623657240033 0
0.557926480165535 1.673118428042887 0
0.4420499999999964 1.130249682658515 0
1.973348592087432 1.769159155239875 0
1.369445429727337 0.3971594510356073 0
0.8554711891636575 0.2220480917986807 0
0.8418571631847281 3.131701262807093 0
0.2639844194756962 1.596590453364817 0
0.4657026661506259 2.621300628778674 0
0.4709335372947027 2.632649390007332 0
0.8268558979325413 3.212412366856966 0
0.9233299381764967 2.463790976836965 0
1.317700408072155 0.22020431616148 0
1.190022704564373 0.0506582539030962 0
1.392735816321973 0.2095868797857174 0
1.158843556103609 0.2417484395126752 0
1.233168195366551 0.2651380881499834 0
1.069813754899704 0.04612957286568764 0
1.276780506429141 0.1373986849628834 0
1.227464463463376 0.1030565129416323 0
1.401234512213184 0.03118220301011299 0
1.460742492743824 0.1866896489050063 0
1.461578240671933 0.02064186509773025 0
1.082071999254155 0.07982446429221102 0
1.097531500167656 0.02868745686400742 0
1.364658225595573 0.2411543131254565 0
1.304219932677829 0.2591424274047165 0
1.270438197597747 0.2463082017587193 0
1.155181083361975 0.02976934664264741 0
1.328159876530956 0.1584644924044429 0
1.134965062927395 0.2845810864560276 0
1.19159715392093 0.2796701351208888 0
1.094420592960542 0.05066437883625285 0
1.399914433175742 0.09213764436902649 0
1.154240591235598 0.05555135872518147 0
1.439637995703377 0.08362127521696583 0
1.408565410711599 0.2397243615654827 0
1.416488887157145 0.1681924611103554 0
1.25920372435194 0.2947507627351951 0
1.255327809363202 0.0520736624351934 0
1.269879831438333 0.1913737269923654 0
1.150363335229474 0.1522474611805786 0
1.114593329451688 0.2292167148818567 0
1.33490392816839 0.2607462771423905 0
1.234024221518449 0.2940250655327061 0
1.10891302328205 0.03483795892506514 0
1.336277668849965 0.1133229425742508 0
1.506039133808921 0.2029265237235665 0
1.355077533192944 0.1911836121816746 0
1.257997817337147 0.2703910854045459 0
1.140103632821465 0.03640608588620675 0
1.159266703464128 0.1957632137069631 0
1.358149141601715 0.02893801318602041 0
1.472356065394238 0.1493511636874509 0
1.428872557429461 0.2116806431596441 0
1.49534552764823 0.07255721169651652 0
1.525139534977611 0.06308819745531458 0
2.756571900433427 0.03693979052974949 0
2.8095518080032 0.02869914883446367 0
2.821243633119375 0.06322671842684691 0
2.766221565073145 0.08142641727663502 0
2.751788874999995 0.08001674204947595 0
2.76494204041221 0.09434204918393063 0
1.776394424400813 0.3165465112563572 0
1.798091969590375 0.3170418206980099 0
1.72576806782306 0.3261539006075234 0
1.698064460179133 0.335902713696852 0
1.753189862250898 0.3777247090719222 0
1.788614302145355 0.440269693702239 0
1.706082120734524 0.3802477999120337 0
1.839502551341446 0.4284692653106363 0
1.73761555598634 0.3608697961557403 0
1.725098537265527 0.4038598504380297 0
2.015881828193832 0.383899999999999 0
1.797221486713577 0.3588999999999991 0
1.881455688545221 0.4156882890814386 0
1.759567954719153 0.3607400595343166 0
1.758494784086923 0.4409664174814067 0
1.954164014166808 0.4000909734608487 0
1.933395302607263 0.3447403378032956 0
1.905059878597725 0.3555689251630241 0
1.836439989610947 0.3233983039763055 0
1.882532816237486 0.3512945250955748 0
1.859142187788728 0.3663325767672831 0
1.86043399434887 0.3179006966583138 0
1.880789734658432 0.3055755760086725 0
1.956580565259519 0.3409752313025436 0
1.833255907871943 0.3731164769166033 0
1.94092116900099 0.3567980072163504 0
1.995976113051904 0.3333950462605086 0
1.858898020412738 0.3022880265948704 0
1.894991628149081 0.3421020443589549 0
1.912073817761114 0.3338447271772194 0
1.98870175148534 0.2768937904760596 0
1.939314794018329 0.2833715407229838 0
1.961776323082275 0.2812907389865826 0
1.946855797391382 0.4619822997519398 0
1.907392632898564 0.4758290319406386 0
2.006421014637184 0.4561020144894137 0
1.8567 0.490991891891891 0
1.805688939419033 0.5006426330828848 0
2.054915895038272 0.4451769544215103 0
2.145960162926348 0.3471571747673934 0
2.112150656197865 0.3661681080347621 0
2.154294610122099 0.4257110040056462 0
2.138436057785248 0.4050696121138078 0
2.153656249031394 0.4066974691318959 0
2.326304180769559 0.3125841561586866 0
2.361589361670419 0.2955947620836481 0
2.190730921721909 0.3460709608067036 0
2.323188613631989 0.3305958910489151 0
2.308814713316517 0.3148069160466758 0
2.318211765052571 0.2987082485885504 0
2.335284037001269 0.3247590522816961 0
2.387653877272861 0.3057041930708451 0
2.414782183768295 0.2915326295329397 0
2.256500498743767 0.3223837360372575 0
2.286400008453619 0.3189557649633152 0
2.378492259349103 0.3228942902805985 0
2.372558874573096 0.312548311358773 0
2.408691939705242 0.3095543974110004 0
2.42700133577553 0.308727431257948 0
2.21788023083245 0.4193672199961915 0
2.247200339917132 0.3832558722927846 0
2.283799515450779 0.3935487548487806 0
2.19543769072633 0.4073897604252807 0
2.297273564533624 0.3718660415527446 0
2.254146356446419 0.4069765082883157 0
2.183435916605726 0.3891709339881595 0
2.211178082031391 0.404460299676952 0
2.202596772513123 0.3914394986996059 0
2.330103067702185 0.4441226797392916 0
2.354813440879261 0.4384556272968148 0
2.416529943335925 0.4239002068722824 0
2.373743189236147 0.3656810764529386 0
2.419034090909752 0.4073912577954824 0
2.383952213768858 0.3870923118501348 0
2.439077589354916 0.4357536896408938 0
2.424946296835131 0.4479493527029117 0
2.370256602548764 0.3786620866238919 0
2.434148573266588 0.4202196498951083 0
2.407069410538061 0.4205595506249022 0
2.409698891400148 0.4051067533806458 0
2.427127896150021 0.4332105255769445 0
2.380191448122341 0.3791739890977333 0
2.429213890973146 0.4060374821403367 0
2.418680283747519 0.3988816441178384 0
2.422908658058828 0.4170136507226854 0
2.417643735729768 0.4377084149247126 0
2.433946126010155 0.4471959007838373 0
2.415048198848543 0.4147942838791998 0
2.442099898697945 0.4125995932367605 0
2.445167045848122 0.4275808234305254 0
2.390133045016627 0.3749400826216855 0
2.299773528214912 0.6266602591815322 0
2.211133012747629 0.6534647031643446 0
2.149546396396397 0.6667430380723189 0
2.236774302991449 0.6491602308451119 0
2.539328509769312 0.4884970109799371 0
2.497379566647507 0.5024592225878306 0
2.607399999999998 0.4728652897657213 0
2.516120811967216 0.4730563775591157 0
2.64944227404855 0.4603215429044918 0
2.540954496355955 0.4596935534386191 0
2.515195326906982 0.4949201700911152 0
2.608513023899988 0.4994275045954637 0
2.49132241774613 0.5255928388290445 0
2.6306008482996 0.4865391025407684 0
2.503598926380426 0.4847839425595155 0
2.590503907877935 0.4621254476351713 0
2.679680513232452 0.4757829130017734 0
2.511875020000053 0.4560883991195728 0
2.478027213109879 0.4225138838063118 0
2.296834456622188 0.6977478489209714 0
2.319103061112045 0.6830497005306537 0
2.411629565055775 0.7272791664701366 0
2.403287453531598 0.6685999999999992 0
2.38278899399802 0.7258095898994912 0
2.36338450437765 0.7472265143459269 0
2.396998599975293 0.7105492845062065 0
2.418283930601928 0.7068723152818677 0
2.395647124778895 0.7485686286821503 0
2.420695465173755 0.7546091478022365 0
2.328068217206253 0.7493972053038815 0
2.347078795309446 0.7271769806047406 0
2.378174113749596 0.7109994958346129 0
2.397516866954555 0.7243021175749702 0
2.362845709278821 0.6694095461405063 0
2.316148982055822 0.7691828578870692 0
2.409032967284633 0.7152338892013748 0
2.4221863592189 0.7106285652228383 0
2.424063627886829 0.7336509222892342 0
2.407780373449723 0.7035666385298183 0
2.306163848366322 0.7505205966201519 0
2.387607461000365 0.7150883934389594 0
2.395628655197892 0.734772370084106 0
2.346964740108396 0.7518911990461641 0
2.408570175543488 0.7601284284764991 0
2.406561635060099 0.7404091441798114 0
2.305417986108039 0.7325803765623915 0
2.380726834704781 0.6706493068189123 0
2.217031739487842 0.7185139688229036 0
2.249257269116499 0.7153745482024996 0
2.223168569995081 0.7544876277536913 0
2.232197801720868 0.6969677034050805 0
2.654119037958905 0.3736849949388548 0
2.580211005266173 0.4010129650845218 0
2.632527292694006 0.3653766192245778 0
2.596392713234708 0.3774691242764883 0
2.649930336290854 0.3989895374380419 0
2.057818387664352 0.7015625433998716 0
2.706637836678178 0.5237232887542451 0
2.740700550696264 0.5180817752060973 0
2.7430791557692 0.575989007959411 0
2.748030604452945 0.5351397215672236 0
2.717384038611264 0.5403388579708317 0
2.662596534503445 0.5372635435932303 0
2.699003858793426 0.5702741174482899 0
2.713278331999791 0.5887235569807954 0
2.632932046871161 0.5387175878555013 0
2.663999999999997 0.5905670013862416 0
2.726959472663894 0.5291619717865383 0
2.721337837242455 0.5081172554037341 0
2.729840831153838 0.5631090515918833 0
2.728064045560401 0.5775763023617286 0
2.691308852579403 0.584094510486967 0
2.701184940196825 0.5056676291363442 0
2.514211100067275 0.7008833249336635 0
2.475759071314541 0.7148875654948708 0
2.120763474646801 0.8135852912331231 0
2.146042366856254 0.8545870772463066 0
2.159897509872422 0.7901664586464211 0
2.098877736521728 0.7958814856762899 0
2.171603670100596 0.8433203225128734 0
2.12184681865822 0.7964542438637321 0
2.154871396287295 0.8725671573579842 0
2.129004217987776 0.8081437239411021 0
2.135034055925622 0.8368074305884736 0
2.112701893102475 0.802556402022764 0
1.975748263652272 1.057236361769522 0
2.057406597265099 1.102687011608308 0
1.927045857544758 1.080753220484217 0
2.01863184615433 1.038472677616072 0
2.108073994452231 1.039072992780301 0
2.045857655134991 1.07628575198577 0
2.130948186884551 0.9385056379508251 0
1.863797588172897 0.9897588701999982 0
2.15532196261587 1.017975249041759 0
1.955172898803829 1.003655293820104 0
2.051868111620318 1.037291175548247 0
2.086629294105776 1.10865366610001 0
2.068648203409434 0.95926336533872 0
2.141895741541351 1.097246331666367 0
1.886235524639247 1.083844837899555 0
1.880497314260186 1.014573364087975 0
2.117589827965483 0.9156937466822451 0
2.118625009069167 1.010643672664928 0
2.058522274131763 0.9255834883024369 0
2.162451551301609 0.939671460104305 0
2.064012852830707 1.125623662576804 0
2.035876315531516 1.055528260941238 0
2.035488034172066 1.109950319741056 0
2.113051253138597 0.9599211700052676 0
2.044263230132106 1.120981601411555 0
1.905479462852037 1.011414672817595 0
1.950395519163717 1.055617006409873 0
1.956514519384635 1.083948836425214 0
1.932127213854946 0.9209382997202074 0
1.855734234401966 0.9404156564045699 0
2.012537739133357 1.021302332902125 0
1.857878455651291 1.051485647245772 0
2.069736094946305 1.094464190444677 0
2.099555657258152 1.060274792226743 0
2.122558493234211 1.057252094048249 0
1.949437461217018 0.9593437038836949 0
1.918097253318521 0.9691159522494812 0
2.171238038090091 1.095376119889516 0
1.990997475947063 1.078086429887671 0
1.854530011534974 0.9641513125245595 0
1.885361532662647 0.9782992111295203 0
2.029364950924917 1.074399414559708 0
1.882739108773932 0.9946328613543733 0
2.166465327471482 0.9927242453058324 0
2.141931307187654 0.9179246403500105 0
2.058543795195461 1.056656985558337 0
2.065046832406076 1.075128135324502 0
1.965492820887754 1.039453670687615 0
1.984156377397424 1.035590628041868 0
1.992560423399352 1.051822683939812 0
2.179579648787867 1.038500228515182 0
1.89951734523033 0.9277796066201253 0
2.145988548779908 0.9561714107671673 0
2.033705261735141 1.029296414591415 0
2.071266065778413 1.037612525658343 0
2.054738510871549 1.020895132574578 0
1.922055526795479 1.05597801894417 0
2.194798602235354 1.086554833222778 0
1.851274671616875 1.011163576306749 0
2.171481098925037 0.8944192698396869 0
2.087419143497759 1.042592062133077 0
2.140806592477286 1.03870785929561 0
2.141285398122536 0.9998497317272411 0
2.088799233072408 0.9653110103505711 0
2.757518763759881 0.6406422745220635 0
2.597719978298438 0.6865338078854453 0
2.716297366763266 0.6528952270853565 0
2.671756670964559 0.6678700291704043 0
2.772716642738792 0.6612775214625308 0
2.637178130605886 0.6843867582675924 0
2.743255881265676 0.6706501062543624 0
2.672836218917544 0.8141795826995923 0
2.666756511900119 0.7852819667893021 0
2.696468546163532 0.799902309897779 0
2.656602032088399 0.7492354054886812 0
2.023379429205966 0.9751449594970438 0
1.97407958157371 0.9062078827578097 0
1.992720917371759 0.9006785592334237 0
2.002994620364655 0.9896966914112192 0
1.998968512392655 0.9685604127270658 0
2.61656644454896 0.8586155582092213 0
2.640894479306448 0.8551135863400841 0
2.612632755740986 0.8706260702093429 0
2.72752188817242 0.8385366126511308 0
2.76464688817242 0.828997627502616 0
2.648896329504317 0.9156205008666218 0
2.619358758781861 0.9033904280182696 0
2.72987451528025 0.8922194909344052 0
2.756826424408943 0.8965979598074962 0
2.741649503562303 0.8700851106646587 0
2.747997214110383 0.8830036939209126 0
2.147842349037692 1.171815100195117 0
2.18714917481724 1.15563385936731 0
2.107940928146309 1.177802375966789 0
2.204571265787227 1.179807080127465 0
2.097042020581708 1.202940264122711 0
2.078804792707151 1.178325322050837 0
2.175700753256426 1.181556643078728 0
2.126786729051992 1.193035257408936 0
2.152392492098366 1.193263125925293 0
2.662796052366566 1.005948942598185 0
2.69168391434954 0.9610031826510714 0
2.726111708527598 0.9887634606707785 0
2.631918916966147 0.9867789643450537 0
2.712275308814339 0.9665261213583074 0
2.638813655664517 1.015522671134847 0
2.769054145733669 0.9661241455431896 0
2.754717689657649 0.9447615526522632 0
2.748496685422236 1.062827922351947 0
2.778296012422574 1.068783462003237 0
2.761147293696276 1.040270641517743 0
2.77291165115725 1.113037526188191 0
2.723278368869657 1.047441526634516 0
2.670248464893923 1.060539612955503 0
2.745353835866501 1.120363559941956 0
2.730577314906207 1.079104830986948 0
2.682004907750712 1.088128457760493 0
2.744105586997042 1.042235022626051 0
2.772061387645486 1.026149415674799 0
2.775423762599404 1.050595516354421 0
1.801427534618546 0.9156691043026223 0
1.744235388367075 0.9273440487188914 0
1.682676112302585 0.9401462164787479 0
1.808514980576238 0.9483256150857883 0
1.776742584597124 0.9140726306043028 0
1.817828368029637 0.9001434479506556 0
1.669832862885302 0.9276472180239518 0
1.724330332300148 0.8629209087405239 0
1.796847107377713 0.837661799884696 0
1.788490471502154 0.8599697030198016 0
1.730423693399196 0.8371723843637239 0
1.740195961836992 0.8470019228348705 0
1.682001901773845 0.8687368591907609 0
1.810744703275974 0.8612472380808995 0
1.763142765077919 0.8680117159300821 0
2.656248767023917 1.127329858434801 0
2.670718994236033 1.142516757892246 0
1.803909142441861 0.7784927325581393 0
1.579163030986628 1.064622964210669 0
1.465421343861894 0.9055090435200212 0
1.467407753479418 0.8086033460307234 0
1.488287219790658 0.9655300753144602 0
1.515231863803184 0.9532788608182262 0
1.433409719778711 0.8654338876860346 0
1.497626069485082 0.7958758599824121 0
1.596830375332321 1.085558086852189 0
1.617471110641836 1.033907885700166 0
1.631689257472441 1.053180827303027 0
1.501479997638561 1.026783171051642 0
1.479835001052519 0.8372101067648186 0
1.492101081059518 0.833054898481534 0
1.500489347018673 0.8587608342077255 0
1.552937088604455 1.004304920597497 0
1.556835718073004 1.099506625344155 0
1.567239872129061 0.9518668297238704 0
1.54078405913304 1.072556324382637 0
1.463132279402789 0.9796043215204431 0
1.453678447541342 0.88015142310503 0
1.642085919247928 1.069715423511942 0
1.4585085278071 0.9417404622830515 0
1.51525281135432 1.060247899086856 0
1.488949791052567 0.9357916883871518 0
1.633709314457151 0.9841951779777403 0
1.614990700062263 0.8256001786123927 0
1.606842101120115 0.8897088179974291 0
1.562079860749452 0.8489475052636908 0
1.545470779127813 0.7837178535120273 0
1.59027341320304 0.9135655997413289 0
1.587065233726855 0.8863890621997477 0
1.602039284547555 0.773707977504249 0
1.584285816197361 0.8473720207300639 0
1.60268236067383 0.8018793629087152 0
1.624328802119755 0.8999810017004659 0
1.625571688099139 0.8795298898071475 0
1.602302912891541 0.9359737783844503 0
1.622651522555094 0.9373101165241723 0
1.573819751279891 0.8886170278674614 0
1.575877515918842 0.7762814577540691 0
1.675832905487642 0.7666853993345853 0
1.651075320388602 0.7663869094095122 0
1.594329191404473 0.990356941496496 0
1.473918868217147 0.7512610589367519 0
1.530417631238153 0.7294146688003136 0
1.439728221929036 0.756957995861209 0
1.476897494685918 0.7321541131614646 0
1.454287737725217 0.7397008528123681 0
1.594447003715306 0.7135191352339192 0
1.468871227144691 0.7671015201297001 0
1.331217442861205 0.8994668499909466 0
1.275542301561627 0.9731725234378682 0
1.348086945566 0.8639247740597233 0
1.332899095866194 0.9748872640912818 0
1.387088425389147 0.9577170349051752 0
1.219429439252336 0.9153733644859806 0
1.296704285714286 0.8824500000000001 0
1.347475 0.830125 0
1.397202234351739 0.8306667410934159 0
1.198622389364908 0.8940239626587266 0
1.300336752800731 0.9321686414590128 0
1.226891042415178 0.8902056308424752 0
1.370679972489242 0.895775028578053 0
1.249957110852803 0.9481013520380426 0
1.253283851388209 1.00214873775922 0
1.28612415905282 1.008092653158804 0
1.420942391670634 0.8150188830493587 0
1.414501101028199 0.986699865357489 0
1.322902168535373 0.8731104060126675 0
1.365801809739414 0.8552380853722101 0
1.347161530886905 0.9363570469827955 0
1.195717051698349 0.8537116929690822 0
1.158101203282257 0.8560674696959848 0
0.9237734286433631 1.560425477702725 0
0.9642998112272669 1.541271423305766 0
0.9965492449090676 1.556285693223064 0
1.004603678472076 1.470452238661106 0
0.8867080630557392 1.499396260307655 0
0.8981937145734523 1.547401910810901 0
1.005838489750566 1.438725650599219 0
0.9414334506676816 1.487244387429243 0
0.9766956825468617 1.47772512285872 0
0.9884491747055182 1.453187254912352 0
1.010678870485316 1.525088708988471 0
0.8505018508328593 1.50754285051702 0
0.8467051979748379 1.573109927082758 0
0.8805830158806041 1.574051610755247 0
0.09805211657957713 1.458410686217613 0
0.126932077511855 1.446847992635363 0
0.07263745860164139 1.371808532163087 0
0.1463165955459484 1.352714547169428 0
0.1554192693610008 1.394244826193655 0
0.1135363711661064 1.403110549169217 0
0.07110054685973743 1.414699446349013 0
0.1096108108295182 1.368764615866503 0
0.04383140059312129 1.374471208192055 0
1.358904962498121 2.122433892796577 0
1.446213423801998 2.147962848521162 0
1.418114820291707 2.117701003958747 0
1.360911536116973 2.173067215274688 0
1.459572237451675 2.114088310711353 0
1.480810256504482 2.162163903639622 0
1.436667384110502 2.175867700513599 0
1.418485552132482 2.152971822944425 0

CELLS 20703 80117
2 1131 0
2 1 2077
2 2077 2
2 2 2078
2 2078 1132
2 1133 3
2 3 4
2 4 5
2 5 1134
2 364 6
2 6 7
2 7 8
2 8 9
2 9 1135
2 1128 10
2 10 11
2 11 12
2 365 13
2 13 1136
2 1137 14
2 14 15
2 15 16
2 16 1138
2 1139 17
2 17 18
2 18 1140
2 366 19
2 19 1141
2 1142 20
2 20 21
2 21 22
2 22 1143
2 1144 23
2 23 1145
2 1146 24
2 24 1147
2 1148 25
2 368 26
2 26 1149
2 1150 27
2 27 28
2 28 29
2 372 1151
2 1152 30
2 30 31
2 31 32
2 373 1153
2 1154 33
2 1113 2079
2 2079 34
2 34 35
2 1155 1105
2 1105 36
2 36 1156
2 1157 37
2 37 38
2 377 1158
2 1125 39
2 39 2080
2 2080 40
2 40 1159
2 1161 2081
2 2081 41
2 41 2082
2 2082 42
2 42 2083
2 2083 1162
2 1163 43
2 43 2084
2 2084 44
2 44 2085
2 2085 1164
2 1165 2086
2 2086 1106
2 1106 2087
2 2087 45
2 383 2088
2 2088 46
2 46 2089
2 2089 47
2 47 2090
2 2090 48
2 48 1166
2 392 1170
2 1171 49
2 49 2091
2 2091 1172
2 394 2092
2 2092 1174
2 396 2093
2 2093 50
2 399 2094
2 2094 51
2 1178 2095
2 2095 52
2 1181 53
2 53 54
2 1183 431
2 433 2096
2 2096 1184
2 436 437
2 443 2097
2 2097 55
2 451 56
2 56 2098
2 2098 57
2 57 1187
2 1188 58
2 58 1189
2 1190 59
2 454 1193
2 1194 2099
2 2099 60
2 457 1195
2 1196 61
2 1198 62
2 62 2100
2 2100 63
2 459 2101
2 2101 1201
2 1202 64
2 1203 2102
2 2102 65
2 464 2103
2 2103 66
2 469 1204
2 1206 67
2 67 1207
2 1208 2104
2 2104 68
2 1210 2105
2 2105 69
2 69 2106
2 2106 70
2 481 2107
2 2107 1211
2 486 1215
2 493 71
2 71 2108
2 2108 494
2 496 2109
2 2109 72
2 72 2110
2 2110 1217
2 1218 73
2 498 1219
2 504 2111
2 2111 74
2 74 2112
2 2112 75
2 75 1221
2 509 2113
2 2113 76
2 512 2114
2 2114 1225
2 1226 2115
2 2115 77
2 77 2116
2 2116 1227
2 494 2117
2 2117 1228
2 519 1229
2 1230 78
2 523 2118
2 2118 79
2 525 2119
2 2119 2120
2 2120 80
2 529 2121
2 2121 81
2 530 2122
2 2122 82
2 533 2123
2 2123 509
2 509 83
2 1234 2124
2 2124 84
2 84 791
2 791 2125
2 2125 85
2 542 2126
2 2126 86
2 544 1237
2 1238 2127
2 2127 87
2 87 2128
2 2128 2129
2 2129 88
2 547 546
2 1243 2130
2 2130 89
2 89 2131
2 2131 2132
2 2132 90
2 1244 556
2 1246 2133
2 2133 91
2 1248 2134
2 2134 92
2 561 1249
2 1250 2135
2 2135 2136
2 2136 93
2 566 2137
2 2137 1251
2 555 2138
2 2138 94
2 568 2139
2 2139 1252
2 1253 2140
2 2140 95
2 95 2141
2 2141 96
2 1257 2142
2 2142 97
2 97 98
2 98 2143
2 2143 99
2 578 100
2 100 101
2 101 2144
2 2144 102
2 579 2145
2 2145 103
2 103 1259
2 580 2146
2 2146 104
2 104 2147
2 2147 105
2 105 1261
2 1262 2148
2 2148 106
2 106 2149
2 2149 1263
2 1264 2150
2 2150 107
2 108 2151
2 2151 2152
2 2152 1265
2 582 2153
2 2153 109
2 109 2154
2 2154 110
2 110 2155
2 2155 1266
2 1267 2156
2 2156 111
2 583 1268
2 1269 2157
2 2157 112
2 112 2158
2 2158 1270
2 585 2159
2 2159 1272
2 1273 2160
2 2160 113
2 589 2161
2 2161 2162
2 2162 114
2 1274 115
2 115 2163
2 2163 116
2 595 2164
2 2164 117
2 117 2165
2 2165 118
2 118 2166
2 2166 1275
2 568 119
2 597 2167
2 2167 2168
2 2168 1278
2 599 2169
2 2169 1280
2 604 2170
2 2170 2171
2 2171 120
2 120 2172
2 2172 121
2 121 2173
2 2173 122
2 122 2174
2 2174 1284
2 1285 2175
2 2175 123
2 123 1286
2 607 124
2 124 2176
2 2176 125
2 125 2177
2 2177 126
2 126 127
2 127 2178
2 2178 1288
2 1289 2179
2 2179 128
2 128 2180
2 2180 129
2 129 130
2 130 2181
2 2181 1290
2 1291 2182
2 2182 2183
2 2183 131
2 131 2184
2 2184 2185
2 2185 132
2 132 2186
2 2186 2187
2 2187 1292
2 609 2188
2 2188 1294
2 611 1296
2 1299 2189
2 2189 133
2 618 2190
2 2190 134
2 620 2191
2 2191 1300
2 1301 2192
2 2192 2193
2 2193 135
2 622 2194
2 2194 136
2 136 2195
2 2195 1302
2 625 2196
2 2196 137
2 627 2197
2 2197 2198
2 2198 138
2 138 2199
2 2199 2200
2 2200 139
2 139 2201
2 2201 2202
2 2202 1305
2 633 140
2 140 2203
2 2203 2204
2 2204 141
2 141 142
2 142 2205
2 2205 143
2 638 2206
2 2206 2207
2 2207 144
2 642 2208
2 2208 1307
2 1308 2209
2 2209 2210
2 2210 145
2 145 2211
2 2211 146
2 146 2212
2 2212 147
2 147 2213
2 2213 2214
2 2214 1309
2 644 2215
2 2215 148
2 148 2216
2 2216 1311
2 1115 2217
2 2217 2218
2 2218 149
2 149 2219
2 2219 150
2 646 2220
2 2220 1312
2 1313 2221
2 2221 2222
2 2222 151
2 151 2223
2 2223 152
2 152 2224
2 2224 153
2 153 2225
2 2225 154
2 154 2226
2 2226 2227
2 2227 155
2 155 2228
2 2228 1107
2 1107 156
2 156 1314
2 1315 2229
2 2229 157
2 157 2230
2 2230 158
2 158 2231
2 2231 2232
2 2232 159
2 159 2233
2 2233 2234
2 2234 160
2 160 2235
2 2235 161
2 161 2236
2 2236 2237
2 2237 162
2 162 2238
2 2238 2239
2 2239 163
2 1316 2240
2 2240 2241
2 2241 2242
2 2242 2243
2 2243 164
2 164 2244
2 2244 2245
2 2245 2246
2 2246 2247
2 2247 165
2 165 166
2 166 1317
2 1318 2248
2 2248 2249
2 2249 2250
2 2250 167
2 167 2251
2 2251 1319
2 1320 2252
2 2252 168
2 653 2253
2 2253 1321
2 655 2254
2 2254 2255
2 2255 2256
2 2256 1323
2 658 1325
2 1116 2257
2 2257 169
2 660 1326
2 1327 2258
2 2258 2259
2 2259 2260
2 2260 170
2 170 2261
2 2261 171
2 171 2262
2 2262 1328
2 1329 2263
2 2263 172
2 1330 2264
2 2264 173
2 173 2265
2 2265 1331
2 662 2266
2 2266 1333
2 663 2267
2 2267 174
2 1336 2268
2 2268 175
2 175 2269
2 2269 1337
2 1338 2270
2 2270 2271
2 2271 2272
2 2272 176
2 176 2273
2 2273 2274
2 2274 2275
2 2275 177
2 668 2276
2 2276 1341
2 1342 2277
2 2277 2278
2 2278 178
2 178 2279
2 2279 179
2 669 2280
2 2280 180
2 672 1345
2 1346 2281
2 2281 2282
2 2282 2283
2 2283 181
2 181 2284
2 2284 2285
2 2285 182
2 1348 2286
2 2286 2287
2 2287 2288
2 2288 2289
2 2289 183
2 183 2290
2 2290 2291
2 2291 2292
2 2292 184
2 184 2293
2 2293 1349
2 1350 2294
2 2294 185
2 185 2295
2 2295 186
2 186 2296
2 2296 1107
2 1351 2297
2 2297 187
2 187 2298
2 2298 1352
2 1353 2299
2 2299 188
2 188 2300
2 2300 2301
2 2301 189
2 189 2302
2 2302 190
2 190 191
2 191 2303
2 2303 1354
2 678 192
2 192 695
2 686 2304
2 2304 1360
2 1361 2305
2 2305 2306
2 2306 193
2 193 2307
2 2307 2308
2 2308 194
2 1367 2309
2 2309 195
2 696 196
2 196 2310
2 2310 197
2 197 2311
2 2311 198
2 198 2312
2 2312 199
2 199 2313
2 2313 200
2 200 1370
2 1371 2314
2 2314 201
2 201 2315
2 2315 2316
2 2316 202
2 202 2317
2 2317 1108
2 1108 2318
2 2318 203
2 203 2319
2 2319 204
2 204 1372
2 1373 2320
2 2320 2321
2 2321 205
2 205 206
2 206 207
2 207 208
2 208 1374
2 1375 2322
2 2322 209
2 209 2323
2 2323 2324
2 2324 210
2 210 2325
2 2325 1376
2 1377 211
2 211 2326
2 2326 212
2 212 2327
2 2327 213
2 213 2328
2 2328 214
2 214 1109
2 215 216
2 216 1378
2 1379 2329
2 2329 217
2 217 2330
2 2330 2331
2 2331 218
2 218 2332
2 2332 219
2 219 1109
2 1380 2333
2 2333 220
2 220 2334
2 2334 221
2 221 1381
2 1382 222
2 222 2335
2 2335 223
2 698 2336
2 2336 1108
2 1383 224
2 1384 225
2 225 226
2 226 1110
2 1110 227
2 700 1385
2 1386 2337
2 2337 228
2 228 2338
2 2338 1387
2 1388 2339
2 2339 229
2 229 230
2 230 2340
2 2340 231
2 231 2341
2 2341 1389
2 1390 2342
2 2342 232
2 232 2343
2 2343 2344
2 2344 2345
2 2345 233
2 233 2346
2 2346 1391
2 702 2347
2 2347 2348
2 2348 2349
2 2349 234
2 234 2350
2 2350 2351
2 2351 235
2 235 2352
2 2352 2353
2 2353 1393
2 1394 2354
2 2354 236
2 707 2355
2 2355 2356
2 2356 237
2 237 2357
2 2357 1397
2 1398 2358
2 2358 2359
2 2359 1111
2 1111 2360
2 2360 2361
2 2361 1399
2 1400 2362
2 2362 2363
2 2363 238
2 238 239
2 239 2364
2 2364 240
2 240 2365
2 2365 1401
2 1402 2366
2 2366 2367
2 2367 241
2 241 2368
2 2368 242
2 242 2369
2 2369 1403
2 1404 2370
2 2370 2371
2 2371 243
2 243 2372
2 2372 1405
2 1406 2373
2 2373 244
2 244 2374
2 2374 2375
2 2375 245
2 245 1111
2 709 2376
2 2376 1408
2 1409 2377
2 2377 246
2 246 247
2 247 2378
2 2378 248
2 248 2379
2 2379 1410
2 1411 249
2 249 250
2 250 1412
2 711 2380
2 2380 2381
2 2381 1414
2 1415 251
2 251 252
2 252 1416
2 1417 253
2 253 254
2 254 255
2 1419 2382
2 2382 256
2 256 2383
2 2383 257
2 257 2384
2 2384 1420
2 1421 2385
2 2385 258
2 712 716
2 716 2386
2 2386 259
2 714 2387
2 2387 1422
2 716 2388
2 2388 260
2 260 1424
2 719 2389
2 2389 261
2 1426 262
2 262 263
2 263 264
2 1428 2390
2 2390 265
2 265 2391
2 2391 266
2 266 267
2 267 1429
2 1430 2392
2 2392 268
2 268 2393
2 2393 269
2 269 1431
2 1432 2394
2 2394 270
2 270 1433
2 722 1435
2 725 1436
2 1437 2395
2 2395 271
2 1439 272
2 272 2396
2 2396 1440
2 1441 273
2 273 274
2 274 275
2 275 276
2 276 2397
2 2397 277
2 1443 278
2 1445 2398
2 2398 279
2 1447 280
2 747 281
2 751 282
2 282 283
2 283 1448
2 1449 2399
2 2399 284
2 284 1450
2 752 285
2 754 2400
2 2400 286
2 763 287
2 766 1452
2 1453 2401
2 2401 288
2 769 2402
2 2402 289
2 771 290
2 290 291
2 775 1454
2 780 292
2 781 293
2 784 2403
2 2403 294
2 786 2404
2 2404 1458
2 787 295
2 295 2405
2 2405 296
2 296 2406
2 2406 1460
2 1461 2407
2 2407 2408
2 2408 297
2 297 2409
2 2409 2410
2 2410 298
2 298 2411
2 2411 299
2 299 2412
2 2412 300
2 300 2413
2 2413 301
2 301 2414
2 2414 302
2 302 2415
2 2415 2416
2 2416 303
2 303 2417
2 2417 1462
2 792 304
2 794 305
2 802 2418
2 2418 1469
2 819 2419
2 2419 306
2 1477 2420
2 2420 2421
2 2421 307
2 307 308
2 842 1478
2 844 2422
2 2422 309
2 309 2423
2 2423 1480
2 1481 310
2 310 1482
2 849 1484
2 854 2424
2 2424 1490
2 862 311
2 311 863
2 1497 312
2 868 2425
2 2425 313
2 872 1498
2 883 314
2 885 2426
2 2426 1503
2 886 2427
2 2427 315
2 1508 316
2 890 1509
2 897 2428
2 2428 317
2 899 1515
2 784 1112
2 1112 1516
2 903 318
2 905 319
2 319 1520
2 906 437
2 1522 2429
2 2429 320
2 320 2430
2 2430 1523
2 1524 321
2 321 1525
2 907 322
2 322 323
2 937 324
2 940 2431
2 2431 325
2 950 2432
2 2432 1531
2 1532 2433
2 2433 326
2 819 2434
2 2434 327
2 1542 328
2 980 1543
2 1546 329
2 986 330
2 330 331
2 331 2435
2 2435 332
2 1548 333
2 333 334
2 999 1549
2 1550 2436
2 2436 2437
2 2437 2438
2 2438 335
2 335 2439
2 2439 2440
2 2440 1551
2 1122 336
2 1003 337
2 337 1552
2 1553 338
2 338 2441
2 2441 1554
2 1555 2442
2 2442 339
2 1004 340
2 1014 2443
2 2443 341
2 1018 1022
2 1022 342
2 342 1559
2 1023 2444
2 2444 343
2 343 2445
2 2445 344
2 1031 1562
2 1037 1563
2 1042 345
2 1044 1565
2 1566 346
2 346 347
2 1568 2446
2 2446 348
2 348 349
2 1051 1569
2 1052 427
2 1571 350
2 1058 1572
2 1061 351
2 1578 2447
2 2447 352
2 1065 2448
2 2448 1579
2 1066 353
2 1582 2449
2 2449 354
2 354 2450
2 2450 2451
2 2451 355
2 1073 2452
2 2452 356
2 356 2453
2 2453 1591
2 1592 2454
2 2454 2455
2 2455 357
2 357 2456
2 2456 2457
2 2457 2458
2 2458 358
2 358 2459
2 2459 2460
2 2460 1593
2 1077 2461
2 2461 1597
2 1598 2462
2 2462 359
2 1126 2463
2 2463 2464
2 2464 360
2 1078 2465
2 2465 1600
2 1601 361
2 1079 1602
2 1604 2466
2 2466 1605
2 1606 1607
2 1127 1608
2 369 1609
2 1612 1105
2 1614 1615
2 1616 2467
2 2467 1617
2 1618 1619
2 1620 2468
2 2468 1621
2 1625 2469
2 2469 1626
2 1627 2470
2 2470 1628
2 1629 2471
2 2471 1630
2 1631 2472
2 2472 2473
2 2473 2474
2 2474 1632
2 1636 2475
2 2475 1637
2 1638 1106
2 1639 2476
2 2476 1640
2 1641 2477
2 2477 1642
2 1643 1644
2 1645 1646
2 1647 1648
2 1649 1650
2 1651 2478
2 2478 1652
2 1658 1659
2 1663 1664
2 1665 1666
2 1669 2479
2 2479 1670
2 1671 2480
2 2480 2481
2 2481 1672
2 1673 2482
2 2482 2483
2 2483 1674
2 1675 2484
2 2484 1676
2 1677 1678
2 1684 2485
2 2485 1685
2 1686 1687
2 1689 1690
2 1694 1695
2 1696 1697
2 1704 1705
2 1708 1709
2 1716 2486
2 2486 2487
2 2487 1717
2 1719 2488
2 2488 556
2 1722 1723
2 1724 1725
2 1726 1727
2 1728 2489
2 2489 2490
2 2490 1729
2 1732 1733
2 1737 1738
2 1743 2491
2 2491 1744
2 1745 2492
2 2492 2493
2 2493 1746
2 1759 2494
2 2494 1760
2 1761 2495
2 2495 1762
2 1765 2496
2 2496 1766
2 1768 2497
2 2497 1769
2 1771 2498
2 2498 1772
2 1773 2499
2 2499 1774
2 1777 2500
2 2500 1778
2 1779 2501
2 2501 2502
2 2502 554
2 1780 2503
2 2503 1781
2 1782 2504
2 2504 2505
2 2505 1783
2 1786 2506
2 2506 1787
2 1797 1798
2 1799 2507
2 2507 1800
2 1801 2508
2 2508 2509
2 2509 1802
2 1805 2510
2 2510 1806
2 1807 2511
2 2511 1808
2 1809 2512
2 2512 1810
2 1811 1812
2 1813 2513
2 2513 1814
2 1815 2514
2 2514 1816
2 1817 2515
2 2515 1818
2 1819 2516
2 2516 2517
2 2517 1820
2 1821 1822
2 1823 2518
2 2518 2519
2 2519 1824
2 1827 1828
2 1829 2520
2 2520 2521
2 2521 2522
2 2522 1830
2 1831 2523
2 2523 2524
2 2524 1832
2 1836 2525
2 2525 2526
2 2526 1837
2 1838 2527
2 2527 1839
2 1840 2528
2 2528 2529
2 2529 1841
2 1842 2530
2 2530 1843
2 1849 2531
2 2531 2532
2 2532 2533
2 2533 2534
2 2534 1850
2 1857 2535
2 2535 1858
2 1859 2536
2 2536 1860
2 1861 1862
2 1865 2537
2 2537 1866
2 1867 2538
2 2538 1868
2 1869 2539
2 2539 1870
2 1871 2540
2 2540 1872
2 1873 2541
2 2541 1874
2 1875 2542
2 2542 2543
2 2543 1876
2 1877 2544
2 2544 1878
2 1879 2545
2 2545 1880
2 1881 2546
2 2546 1882
2 1883 2547
2 2547 2548
2 2548 1884
2 641 2549
2 2549 1885
2 1886 2550
2 2550 1887
2 1888 2551
2 2551 2552
2 2552 1889
2 1890 2553
2 2553 2554
2 2554 2555
2 2555 2556
2 2556 1891
2 1892 2557
2 2557 1893
2 1894 2558
2 2558 2559
2 2559 1895
2 1898 2560
2 2560 1899
2 1900 2561
2 2561 2562
2 2562 1901
2 1902 2563
2 2563 2564
2 2564 1903
2 1908 2565
2 2565 2566
2 2566 1909
2 1910 1911
2 1912 2567
2 2567 1913
2 1915 2568
2 2568 1916
2 1917 2569
2 2569 1918
2 1921 2570
2 2570 1922
2 1923 1924
2 1925 1926
2 1927 2571
2 2571 2572
2 2572 2573
2 2573 1928
2 1929 2574
2 2574 1110
2 682 2575
2 2575 1935
2 1936 2576
2 2576 1937
2 1938 2577
2 2577 2578
2 2578 1939
2 1942 1943
2 1944 2579
2 2579 2580
2 2580 1945
2 1946 2581
2 2581 1947
2 1948 2582
2 2582 1949
2 1953 2583
2 2583 2584
2 2584 1954
2 1955 2585
2 2585 2586
2 2586 1956
2 1957 2587
2 2587 1958
2 1959 2588
2 2588 1960
2 1961 2589
2 2589 1962
2 1963 1964
2 1965 1966
2 1967 1968
2 1969 1970
2 1971 1972
2 1973 1974
2 1976 1977
2 2002 2590
2 2590 2003
2 2004 772
2 2005 2006
2 2009 2010
2 2011 2012
2 2014 2015
2 2018 1112
2 2022 2591
2 2591 2023
2 2024 2025
2 2026 2592
2 2592 2027
2 2034 2035
2 2038 2593
2 2593 2039
2 2048 2594
2 2594 2595
2 2595 2049
2 2051 2052
2 2053 2054
2 2055 987
2 2059 2060
2 2063 2064
2 2067 2596
2 2596 2068
2 2073 2597
2 2597 2598
2 2598 2074
2 2075 2599
2 2599 2600
2 2600 2076
2 1129 362
2 362 363
2 363 364
2 362 365
2 363 366
2 25 367
2 367 368
2 369 370
2 370 371
2 371 372
2 32 367
2 367 373
2 33 374
2 35 371
2 371 375
2 38 376
2 376 377
2 1160 2601
2 2601 378
2 378 2602
2 2602 379
2 379 380
2 45 381
2 381 382
2 382 383
2 1167 384
2 384 385
2 385 386
2 386 387
2 387 1168
2 1169 388
2 388 2603
2 2603 389
2 389 390
2 390 391
2 391 384
2 384 392
2 1173 2604
2 2604 393
2 393 394
2 1175 395
2 395 2605
2 2605 396
2 50 397
2 397 2606
2 2606 398
2 398 399
2 51 400
2 400 2607
2 2607 401
2 401 402
2 402 403
2 403 404
2 404 1176
2 1177 2608
2 2608 405
2 405 406
2 406 407
2 407 408
2 408 409
2 409 2609
2 2609 410
2 52 411
2 411 2610
2 2610 412
2 1179 411
2 411 405
2 405 2611
2 2611 400
2 413 2612
2 2612 414
2 414 415
2 415 416
2 416 2613
2 2613 417
2 417 418
2 418 1180
2 54 419
2 419 420
2 420 421
2 421 422
2 1182 2614
2 2614 423
2 424 2615
2 2615 425
2 425 426
2 426 427
2 427 428
2 428 429
2 429 430
2 431 432
2 1185 434
2 434 435
2 435 436
2 437 438
2 438 439
2 440 441
2 441 2616
2 2616 431
2 1186 391
2 391 2617
2 2617 442
2 442 443
2 55 2618
2 2618 444
2 444 445
2 445 439
2 439 446
2 446 447
2 447 448
2 448 449
2 449 450
2 450 2619
2 2619 451
2 452 2620
2 2620 1191
2 1192 453
2 60 378
2 378 455
2 455 452
2 452 456
2 456 453
2 453 457
2 380 1197
2 63 458
2 458 1199
2 1200 393
2 393 459
2 64 2621
2 2621 460
2 462 463
2 66 465
2 465 466
2 466 467
2 467 468
2 468 469
2 470 471
2 471 472
2 472 473
2 473 1205
2 474 470
2 470 475
2 475 476
2 476 477
2 477 478
2 68 479
2 479 1209
2 70 480
2 480 481
2 1212 462
2 462 482
2 482 461
2 461 2622
2 2622 1213
2 1214 483
2 483 484
2 484 485
2 485 486
2 1216 487
2 487 2623
2 2623 488
2 488 388
2 388 2624
2 2624 489
2 489 2625
2 2625 490
2 491 492
2 494 2626
2 2626 495
2 495 496
2 73 497
2 497 498
2 1220 499
2 499 500
2 500 441
2 441 501
2 501 502
2 502 503
2 503 504
2 1222 502
2 502 447
2 447 2627
2 2627 505
2 505 506
2 506 507
2 507 508
2 508 509
2 76 510
2 510 1223
2 1224 2628
2 2628 511
2 487 2629
2 2629 494
2 513 514
2 515 516
2 516 517
2 517 518
2 518 519
2 78 478
2 478 520
2 520 521
2 521 522
2 522 523
2 79 2630
2 2630 524
2 524 525
2 80 2631
2 2631 526
2 526 2632
2 2632 527
2 527 2633
2 2633 528
2 528 529
2 81 513
2 513 530
2 82 531
2 531 2634
2 2634 1231
2 1232 2635
2 2635 532
2 532 533
2 83 534
2 1233 535
2 535 434
2 434 536
2 536 508
2 508 2636
2 2636 537
2 537 2637
2 2637 538
2 85 539
2 539 540
2 540 541
2 541 2638
2 2638 1235
2 1236 506
2 506 542
2 86 543
2 543 544
2 88 2639
2 2639 545
2 473 479
2 479 546
2 546 522
2 522 1239
2 1240 476
2 476 2640
2 2640 547
2 1241 548
2 548 549
2 549 550
2 550 1242
2 90 548
2 548 2641
2 2641 551
2 551 552
2 552 2642
2 2642 553
2 554 95
2 95 555
2 556 553
2 553 554
2 555 557
2 557 1245
2 91 558
2 558 1247
2 559 560
2 560 550
2 550 561
2 93 562
2 562 563
2 563 564
2 564 565
2 565 2643
2 2643 566
2 567 2644
2 2644 568
2 96 569
2 569 570
2 570 571
2 571 1254
2 1255 2645
2 2645 569
2 569 567
2 567 572
2 572 573
2 574 2646
2 2646 1256
2 575 2647
2 2647 574
2 99 518
2 518 2648
2 2648 1258
2 576 2649
2 2649 577
2 102 514
2 514 2650
2 2650 579
2 1260 2651
2 2651 516
2 516 580
2 107 581
2 581 582
2 111 559
2 559 565
2 1271 584
2 584 585
2 113 572
2 572 2652
2 2652 586
2 586 587
2 587 588
2 588 2653
2 2653 589
2 114 2654
2 2654 2655
2 2655 590
2 116 575
2 575 591
2 591 2656
2 2656 592
2 592 2657
2 2657 593
2 594 2658
2 2658 595
2 587 1276
2 1277 2659
2 2659 596
2 596 2660
2 2660 597
2 1279 2661
2 2661 598
2 598 2662
2 2662 599
2 1281 600
2 600 2663
2 2663 2664
2 2664 601
2 601 602
2 602 603
2 603 1282
2 1283 563
2 563 2665
2 2665 604
2 1287 558
2 558 562
2 562 605
2 605 606
2 606 607
2 1293 608
2 608 609
2 1295 610
2 610 611
2 1297 612
2 612 2666
2 2666 613
2 613 614
2 614 2667
2 2667 2668
2 2668 615
2 615 616
2 616 2669
2 2669 596
2 596 2670
2 2670 1298
2 133 617
2 617 618
2 134 2671
2 2671 619
2 135 2672
2 2672 2673
2 2673 621
2 1303 613
2 613 2674
2 2674 623
2 623 624
2 624 2675
2 2675 625
2 137 626
2 1304 2676
2 2676 2677
2 2677 626
2 626 2678
2 2678 627
2 1306 528
2 528 628
2 628 577
2 577 629
2 629 630
2 630 631
2 631 2679
2 2679 588
2 632 594
2 594 593
2 593 2680
2 2680 633
2 143 634
2 634 635
2 608 2681
2 2681 636
2 636 2682
2 2682 637
2 637 638
2 144 639
2 639 2683
2 2683 2684
2 2684 640
2 641 2685
2 2685 642
2 1310 2686
2 2686 643
2 643 644
2 150 645
2 645 2687
2 2687 646
2 163 647
2 168 2688
2 2688 2689
2 2689 648
2 648 649
2 649 650
2 650 2690
2 2690 2691
2 2691 651
2 651 2692
2 2692 652
2 652 2693
2 2693 653
2 1322 654
2 654 655
2 1324 656
2 656 657
2 657 2694
2 2694 658
2 169 2695
2 2695 659
2 659 660
2 172 2696
2 2696 661
2 1332 2697
2 2697 637
2 637 662
2 1334 621
2 621 2698
2 2698 663
2 174 619
2 619 2699
2 2699 664
2 664 665
2 665 1335
2 177 2700
2 2700 666
2 666 1339
2 1340 667
2 667 2701
2 2701 668
2 179 2702
2 2702 639
2 639 1343
2 1344 667
2 667 666
2 666 669
2 670 2703
2 2703 671
2 671 672
2 182 673
2 674 2704
2 2704 2705
2 2705 1347
2 1355 2706
2 2706 2707
2 2707 2708
2 2708 673
2 674 2709
2 2709 675
2 675 676
2 676 1356
2 1357 677
2 677 2710
2 2710 678
2 1358 679
2 679 2711
2 2711 676
2 676 2712
2 2712 680
2 680 2713
2 2713 2714
2 2714 2715
2 2715 681
2 681 682
2 682 683
2 683 2716
2 2716 2717
2 2717 1359
2 684 685
2 685 2718
2 2718 686
2 194 2719
2 2719 2720
2 2720 687
2 687 2721
2 2721 688
2 688 670
2 670 2722
2 2722 2723
2 2723 689
2 689 665
2 665 2724
2 2724 2725
2 2725 1362
2 1363 2726
2 2726 612
2 612 690
2 690 617
2 617 2727
2 2727 691
2 691 692
2 692 2728
2 2728 1364
2 1365 2729
2 2729 693
2 693 685
2 685 694
2 694 683
2 683 2730
2 2730 1366
2 195 672
2 672 1368
2 1369 2731
2 2731 695
2 695 696
2 223 697
2 697 698
2 224 697
2 227 699
2 699 700
2 1392 2732
2 2732 701
2 701 2733
2 2733 2734
2 2734 2735
2 2735 702
2 236 703
2 703 1395
2 1396 2736
2 2736 704
2 704 705
2 705 2737
2 2737 706
2 706 707
2 1407 2738
2 2738 708
2 708 709
2 1413 2739
2 2739 2740
2 2740 710
2 710 711
2 255 710
2 710 1418
2 258 704
2 704 712
2 259 713
2 713 714
2 1423 715
2 715 2741
2 2741 716
2 1425 717
2 717 718
2 718 708
2 708 719
2 261 713
2 713 2742
2 2742 720
2 264 701
2 701 1427
2 1434 721
2 721 2743
2 2743 722
2 723 724
2 724 725
2 271 721
2 721 2744
2 2744 1438
2 277 2745
2 2745 726
2 726 727
2 727 728
2 728 729
2 729 730
2 730 731
2 731 732
2 732 733
2 733 734
2 734 735
2 735 736
2 736 737
2 737 738
2 738 2746
2 2746 1442
2 278 739
2 1444 739
2 739 2747
2 2747 740
2 740 2748
2 2748 741
2 279 723
2 723 1446
2 280 742
2 742 2749
2 2749 743
2 743 744
2 744 745
2 745 746
2 746 747
2 748 749
2 749 750
2 750 539
2 539 751
2 1451 742
2 742 752
2 285 726
2 726 753
2 753 741
2 741 754
2 755 756
2 757 758
2 759 760
2 761 762
2 762 763
2 764 765
2 288 767
2 767 768
2 768 744
2 744 769
2 289 729
2 729 770
2 291 772
2 772 773
2 773 774
2 774 775
2 1455 776
2 776 2750
2 2750 777
2 777 778
2 778 1456
2 1457 779
2 779 780
2 292 490
2 490 781
2 293 532
2 532 782
2 783 784
2 294 2751
2 2751 785
2 785 786
2 1459 534
2 534 2752
2 2752 787
2 1463 788
2 788 789
2 789 790
2 790 543
2 543 791
2 791 538
2 538 792
2 304 2753
2 2753 793
2 793 1464
2 1465 793
2 793 2754
2 2754 794
2 305 746
2 746 795
2 1466 2755
2 2755 748
2 748 796
2 796 797
2 797 1467
2 1468 798
2 798 2756
2 2756 799
2 799 800
2 800 734
2 734 801
2 801 2757
2 2757 802
2 1470 803
2 803 2758
2 2758 804
2 805 806
2 806 807
2 807 808
2 809 810
2 810 1471
2 1472 811
2 811 735
2 735 812
2 812 813
2 813 814
2 814 2759
2 2759 810
2 810 815
2 815 816
2 816 817
2 817 2760
2 2760 818
2 818 2761
2 2761 819
2 306 820
2 820 821
2 821 1473
2 1474 822
2 822 820
2 820 2762
2 2762 823
2 824 825
2 825 826
2 826 827
2 827 828
2 828 829
2 829 830
2 830 831
2 831 764
2 764 832
2 832 2763
2 2763 1475
2 833 834
2 834 2764
2 2764 835
2 835 836
2 836 762
2 762 837
2 837 1476
2 308 2765
2 2765 838
2 838 839
2 839 760
2 760 840
2 840 841
2 841 842
2 1479 843
2 843 844
2 1483 2766
2 2766 756
2 756 845
2 845 846
2 846 847
2 847 848
2 848 849
2 1485 732
2 732 850
2 850 2767
2 2767 851
2 851 1486
2 1487 852
2 852 853
2 853 774
2 774 1488
2 1489 2768
2 2768 727
2 727 854
2 1491 799
2 799 2769
2 2769 855
2 855 738
2 738 856
2 856 857
2 857 858
2 858 1492
2 1493 450
2 450 859
2 860 861
2 861 1494
2 1495 814
2 814 862
2 863 864
2 864 865
2 865 866
2 866 1496
2 312 856
2 856 867
2 867 868
2 313 866
2 866 869
2 869 807
2 807 870
2 870 871
2 871 872
2 1499 765
2 765 873
2 873 830
2 830 874
2 874 875
2 875 876
2 876 877
2 877 878
2 878 879
2 879 2770
2 2770 818
2 818 880
2 880 881
2 881 2771
2 2771 1500
2 1501 882
2 314 884
2 1502 2772
2 2772 758
2 758 885
2 1504 757
2 757 886
2 315 887
2 887 1505
2 1506 852
2 852 888
2 848 889
2 889 1507
2 316 770
2 770 890
2 1510 891
2 891 505
2 505 892
2 892 893
2 893 861
2 861 789
2 1511 894
2 894 860
2 860 895
2 895 788
2 788 1512
2 499 444
2 444 896
2 896 897
2 898 535
2 535 1513
2 1514 783
2 783 899
2 1517 2773
2 2773 898
2 898 900
2 900 435
2 435 507
2 779 896
2 896 901
2 902 438
2 438 1518
2 1519 390
2 390 903
2 318 904
2 904 905
2 1521 902
2 902 906
2 1526 418
2 418 907
2 323 908
2 908 909
2 909 2774
2 2774 430
2 430 910
2 910 911
2 911 2775
2 2775 912
2 912 913
2 913 914
2 914 915
2 916 917
2 917 918
2 918 919
2 919 920
2 920 921
2 921 922
2 922 923
2 923 1527
2 1528 803
2 803 924
2 925 2776
2 2776 926
2 926 927
2 927 928
2 928 929
2 929 930
2 930 931
2 931 932
2 932 933
2 933 934
2 934 935
2 936 1529
2 863 2777
2 2777 808
2 808 937
2 938 939
2 939 881
2 881 940
2 325 2778
2 2778 941
2 942 2779
2 2779 943
2 944 932
2 932 919
2 1530 858
2 858 945
2 945 946
2 946 947
2 947 948
2 948 949
2 949 806
2 806 950
2 326 951
2 951 1533
2 1534 2780
2 2780 952
2 952 953
2 953 954
2 954 955
2 955 943
2 943 956
2 956 957
2 957 958
2 958 959
2 327 960
2 960 961
2 961 962
2 962 963
2 963 828
2 828 1535
2 1536 964
2 964 965
2 965 878
2 878 966
2 966 960
2 960 967
2 967 824
2 824 1537
2 887 834
2 834 968
2 968 884
2 884 876
2 876 969
2 969 963
2 827 970
2 1538 833
2 833 971
2 971 972
2 972 877
2 877 973
2 973 961
2 961 825
2 1539 838
2 838 974
2 974 837
2 837 975
2 975 832
2 832 1540
2 1541 841
2 841 835
2 835 976
2 976 882
2 882 977
2 977 874
2 874 829
2 829 978
2 328 971
2 971 979
2 979 964
2 964 980
2 1544 942
2 942 2781
2 2781 981
2 981 982
2 982 983
2 983 2782
2 2782 959
2 959 984
2 984 936
2 936 985
2 985 923
2 923 2783
2 2783 1545
2 329 417
2 417 986
2 332 429
2 429 987
2 987 988
2 988 989
2 989 2784
2 2784 990
2 990 991
2 991 992
2 992 993
2 993 994
2 994 995
2 995 996
2 997 2785
2 2785 1547
2 334 998
2 998 999
2 336 1000
2 1000 1001
2 1001 1002
2 339 1002
2 1002 1004
2 1005 1556
2 1557 1006
2 1006 1007
2 1007 1008
2 1008 1000
2 1000 1009
2 1009 1010
2 1010 1011
2 1011 1120
2 1558 1012
2 1012 1013
2 1013 423
2 423 1014
2 341 2786
2 2786 1015
2 1016 1017
2 1017 1018
2 1560 1019
2 1020 1021
2 1021 1022
2 1561 422
2 422 1023
2 344 428
2 428 1024
2 1024 1025
2 1025 2787
2 2787 1026
2 1026 1027
2 1027 2788
2 2788 1028
2 1028 1029
2 1029 1030
2 1030 1031
2 1121 1017
2 1017 2789
2 2789 1032
2 1033 1034
2 1034 1035
2 1035 1027
2 1036 992
2 1564 927
2 927 1038
2 1038 952
2 952 1039
2 871 1040
2 1040 938
2 938 816
2 816 2790
2 2790 1041
2 1041 2791
2 2791 889
2 889 1042
2 345 846
2 846 1043
2 1043 755
2 755 1044
2 347 414
2 414 1045
2 1045 1046
2 1046 1047
2 1047 1048
2 1048 420
2 420 1567
2 1049 1050
2 1570 1050
2 1050 1052
2 350 415
2 415 1053
2 1054 1055
2 1055 1056
2 1056 1057
2 1057 421
2 421 1058
2 1573 917
2 917 1059
2 1059 929
2 929 1060
2 1060 953
2 953 1574
2 1575 930
2 930 1061
2 954 2792
2 2792 1039
2 1576 2793
2 2793 1062
2 1063 2794
2 2794 1032
2 1032 1064
2 1064 2795
2 2795 1019
2 1019 2796
2 2796 1577
2 352 1021
2 1021 1065
2 1580 2797
2 2797 408
2 408 2798
2 2798 1066
2 401 1067
2 1067 1046
2 1046 1054
2 1054 1581
2 355 1035
2 1035 2799
2 2799 1583
2 1584 1029
2 1029 1068
2 1068 995
2 995 1585
2 1586 1030
2 1030 1069
2 1069 997
2 997 1587
2 1588 993
2 993 1070
2 1070 916
2 916 1589
2 1590 1071
2 1071 2800
2 2800 1034
2 1034 1072
2 1072 1073
2 1594 912
2 912 925
2 925 1074
2 1074 2801
2 2801 805
2 805 949
2 949 1075
2 1075 869
2 869 864
2 864 1076
2 1076 812
2 812 801
2 801 1595
2 1596 2802
2 2802 382
2 382 1077
2 381 2803
2 2803 1599
2 360 2804
2 2804 395
2 395 1078
2 361 404
2 404 1079
2 419 1080
2 1080 1049
2 1049 1081
2 1081 425
2 425 1603
2 1082 988
2 988 1025
2 1025 2805
2 2805 1083
2 1071 1062
2 1062 2806
2 2806 1084
2 1015 1123
2 1610 374
2 374 1611
2 1613 376
2 1622 2807
2 2807 1085
2 1623 2808
2 2808 1085
2 1085 1624
2 1124 412
2 412 407
2 407 2809
2 2809 1633
2 1634 2810
2 2810 2811
2 2811 2812
2 2812 1086
2 1086 1635
2 1653 491
2 491 1087
2 1087 483
2 1654 458
2 458 2813
2 2813 1086
2 1655 2814
2 2814 386
2 386 1656
2 442 904
2 904 1657
2 1660 410
2 410 1661
2 398 1662
2 1667 2815
2 2815 1088
2 1088 2816
2 2816 1668
2 1679 2817
2 2817 460
2 460 1680
2 1681 2818
2 2818 1089
2 1089 2819
2 2819 1682
2 1683 474
2 474 471
2 1688 1088
2 1691 1089
2 1692 480
2 480 1693
2 463 1698
2 1699 2820
2 2820 465
2 465 2821
2 2821 1700
2 1701 467
2 467 1090
2 1702 2822
2 2822 468
2 468 1090
2 1090 2823
2 2823 526
2 526 2824
2 2824 1703
2 1087 2825
2 2825 1706
2 1707 492
2 1710 497
2 497 485
2 1711 893
2 893 894
2 894 448
2 448 503
2 531 1712
2 1713 495
2 1714 545
2 545 551
2 524 1715
2 1718 521
2 521 547
2 1720 1091
2 1091 2826
2 2826 2827
2 2827 630
2 1721 2828
2 2828 581
2 581 2829
2 2829 606
2 1730 2830
2 2830 557
2 557 2831
2 2831 1731
2 1734 590
2 590 1092
2 1092 1093
2 1093 1735
2 1736 2832
2 2832 2833
2 2833 785
2 1739 1092
2 1092 2834
2 2834 1740
2 1741 1093
2 1093 2835
2 2835 2836
2 2836 1742
2 1747 576
2 576 1748
2 1749 1091
2 1091 571
2 571 1750
2 1751 2837
2 2837 1094
2 1094 1752
2 1753 591
2 591 1754
2 1755 1095
2 1095 602
2 602 1756
2 1757 1096
2 1096 603
2 603 598
2 598 1758
2 1763 584
2 584 600
2 600 1097
2 1097 2838
2 2838 1098
2 1098 1764
2 1767 2839
2 2839 634
2 610 1770
2 1775 1094
2 1094 2840
2 2840 1776
2 1784 2841
2 2841 1099
2 1099 1785
2 1788 2842
2 2842 2843
2 2843 1099
2 1099 1789
2 1790 2844
2 2844 615
2 615 1791
2 1792 1097
2 1097 2845
2 2845 1793
2 1794 1098
2 1098 1795
2 1796 1095
2 1095 1096
2 1096 574
2 1803 624
2 624 2846
2 2846 692
2 692 1804
2 1825 2847
2 2847 643
2 643 1826
2 645 2848
2 2848 1833
2 1834 2849
2 2849 647
2 647 2850
2 2850 1835
2 1844 2851
2 2851 2852
2 2852 652
2 652 1845
2 1118 659
2 659 656
2 656 654
2 654 1846
2 1847 657
2 657 1848
2 1851 1100
2 1100 2853
2 2853 1852
2 1853 2854
2 2854 650
2 650 1854
2 1855 648
2 648 1856
2 1863 1100
2 1100 2855
2 2855 661
2 661 1864
2 1896 2856
2 2856 687
2 687 1897
2 1904 2857
2 2857 677
2 677 1905
2 1906 2858
2 2858 2859
2 2859 675
2 675 2860
2 2860 679
2 679 1907
2 1914 2861
2 2861 684
2 684 693
2 1919 2862
2 2862 2863
2 2863 1101
2 1101 2864
2 2864 2865
2 2865 1920
2 1930 2866
2 2866 699
2 1931 2867
2 2867 1101
2 1101 1932
2 1933 681
2 681 2868
2 2868 1934
2 1940 671
2 671 2869
2 2869 1941
2 1950 2870
2 2870 717
2 1951 706
2 706 703
2 703 2871
2 2871 1952
2 767 2872
2 2872 1975
2 1978 2873
2 2873 776
2 1979 1102
2 1980 778
2 778 2874
2 2874 720
2 720 2875
2 2875 1981
2 715 2876
2 2876 1982
2 1983 1102
2 1102 2877
2 2877 1984
2 1985 2878
2 2878 724
2 724 1986
2 1987 795
2 795 1988
2 1989 541
2 541 798
2 798 1103
2 1103 797
2 797 1990
2 1991 2879
2 2879 2880
2 2880 843
2 843 1992
2 1993 851
2 1994 2881
2 2881 730
2 947 951
2 951 2882
2 2882 1995
2 1996 945
2 945 867
2 867 737
2 737 1997
2 1998 811
2 811 1999
2 2000 908
2 908 2883
2 2883 2001
2 2007 1103
2 1103 2008
2 2013 2884
2 2884 750
2 2016 510
2 510 2017
2 2019 891
2 2020 2885
2 2885 387
2 387 2021
2 2028 821
2 821 822
2 822 941
2 982 2029
2 2030 998
2 998 957
2 978 2031
2 2032 970
2 970 826
2 826 2033
2 2036 921
2 921 2037
2 934 2886
2 2886 958
2 2040 1007
2 1006 2887
2 2887 2041
2 2042 1009
2 1009 1005
2 2043 1104
2 1104 1011
2 2044 1104
2 1104 2045
2 2046 1012
2 1012 2047
2 1072 2050
2 2056 1082
2 1082 911
2 2057 990
2 990 914
2 914 926
2 926 2058
2 2061 1056
2 1056 1047
2 1047 2888
2 2888 402
2 402 2062
2 2065 426
2 426 2889
2 2889 2066
2 2069 511
2 511 432
2 432 2070
2 2071 2890
2 2890 397
2 397 2072
3 1043 3039 755
3 755 3039 756
3 845 3039 1043
3 756 3039 845
3 1043 846 845
3 848 3040 847
3 1042 3040 889
3 847 1042 345
3 889 3040 848
3 847 3040 1042
3 846 847 345
3 805 806 949
3 1067 401 402
3 2888 1067 402
3 1046 1067 2888
3 2888 1047 1046
3 853 5626 2002
3 2818 7400 5006
3 5317 5318 3534
3 1963 4952 233
3 5377 5441 3402
3 548 90 1241
3 3068 4340 4249
3 3689 8278 4280
3 967 7944 823
3 2913 2522 1830
3 2770 1543 818
3 199 4673 2313
3 2694 6206 658
3 4345 6366 1650
3 4199 4736 1630
3 4931 6739 3440
3 6 4509 7
3 454 453 457
3 2621 4752 1681
3 2629 3684 494
3 1256 5454 599
3 2001 4371 2883
3 268 5320 3941
3 2034 6002 4279
3 2997 7064 4539
3 3145 6136 5091
3 1614 6575 4465
3 1696 5001 4526
3 4136 4497 3167
3 2765 4122 838
3 3729 4576 3352
3 2647 5085 116
3 611 7219 1296
3 1072 6721 1034
3 681 5616 1933
3 6241 6242 3261
3 714 6096 3687
3 802 6132 2757
3 3281 7090 5789
3 322 3569 907
3 1166 6901 48
3 5419 6259 376
3 671 1940 672
3 1068 7203 4113
3 2731 192 695
3 2067 5795 4427
3 2509 4151 132
3 2187 1902 1292
3 3586 5844 4459
3 2483 5302 2481
3 3387 5868 4007
3 2678 6883 1969
3 5648 5910 1843
3 1690 6797 1088
3 3168 6468 4206
3 1402 5139 4976
3 1519 4512 390
3 3232 5529 587
3 3157 4445 4444
3 2789 6934 3193
3 1336 7882 2268
3 4317 4656 4313
3 1702 6366 4055
3 1134 7207 5566
3 4570 7998 3058
3 815 6040 810
3 3733 5719 1971
3 720 3929 2742
3 2828 7025 4452
3 2331 4267 2330
3 382 5541 1077
3 502 7304 1222
3 4100 4877 3227
3 1786 8539 2506
3 5185 8211 5262
3 3135 4959 4306
3 4024 4039 3181
3 4868 5866 4131
3 5052 5633 3355
3 620 8136 6672
3 3183 7715 4501
3 2175 6979 123
3 2731 5170 192
3 3350 5846 4121
3 2647 4969 1754
3 4476 6150 1490
3 1243 5200 1246
3 1200 393 2604
3 116 7539 575
3 4167 4569 1666
3 581 4452 107
3 2289 5057 2288
3 425 1576 1603
3 3093 7731 5393
3 1710 4403 1635
3 2567 4925 3375
3 4447 7674 2474
3 3745 6007 4276
3 1648 6069 4946
3 4659 6357 2157
3 2542 6025 2543
3 3950 7611 3220
3 4436 6231 114
3 3163 4942 3536
3 2142 5014 1257
3 3265 6286 3093
3 3816 5650 2901
3 2683 7053 639
3 371 6486 372
3 3050 5141 3393
3 3764 4421 149
3 3154 4723 3737
3 407 2797 408
3 2954 6841 2953
3 2577 5390 3166
3 3984 5754 4232
3 2545 4550 1879
3 1577 8413 2595
3 1271 7038 7037
3 307 5704 308
3 3262 6088 5100
3 2533 5350 1858
3 4033 5404 3138
3 1975 7123 2872
3 2384 2375 257
3 768 7635 4422
3 1713 6597 3959
3 2718 6399 686
3 2527 1839 2249
3 2316 5025 202
3 1658 3485 3014
3 1600 4484 46
3 2722 6839 3731
3 4190 7848 6959
3 2143 7298 98
3 3744 7649 1830
3 4090 5981 3104
3 4116 8199 1801
3 3761 4796 3736
3 2841 5658 1099
3 4049 4660 3331
3 651 1852 2691
3 3079 4255 3508
3 1262 3832 519
3 4687 5802 3435
3 5884 6937 1190
3 2103 7145 66
3 3353 5242 5033
3 4362 4421 3095
3 4007 7970 3387
3 1600 4240 2465
3 3351 5558 5424
3 3446 7090 4400
3 1399 5714 1462
3 4943 4944 3053
3 431 6240 4449
3 4645 7546 4155
3 245 6019 3970
3 1543 6540 3575
3 4236 7899 225
3 2615 4152 3418
3 497 5556 73
3 1309 5471 3233
3 2888 4871 1047
3 3123 6641 4547
3 60 3421 2601
3 454 6427 453
3 1687 6045 1685
3 127 5818 126
3 2515 1784 1817
3 10 5285 14
3 626 6781 3755
3 1824 7976 2203
3 2691 5629 2690
3 548 4323 90
3 2426 6309 4459
3 2718 685 694
3 3829 6761 3081
3 3440 5872 4930
3 4995 5924 173
3 3988 7621 4618
3 4015 4633 2586
3 4105 4753 2204
3 1921 8295 3612
3 4688 4786 1295
3 38 6259 4755
3 1872 6436 2540
3 2763 7059 832
3 172 3395 2696
3 6366 7681 3780
3 1737 6162 4197
3 2239 8002 4225
3 1347 4660 2568
3 3530 6001 5555
3 3228 5228 4842
3 3177 5901 5358
3 3467 6734 1097
3 2091 4277 1172
3 3845 6754 5671
3 4383 8039 1201
3 2562 2722 1901
3 4141 6449 3708
3 1132 7067 4024
3 1210 6414 4725
3 2770 4348 1543
3 571 570 1091
3 2100 5224 1665
3 2313 1919 200
3 2721 5636 1897
3 459 5618 2101
3 3326 6883 626
3 1181 8541 4417
3 6119 7286 4554
3 2837 1775 1754
3 278 4248 2747
3 4232 5757 3983
3 371 7429 375
3 2823 4181 1090
3 2808 1085 2807
3 1246 6971 1243
3 2344 6915 5877
3 2155 3407 110
3 4626 5064 1932
3 3354 5102 4115
3 843 7952 4065
3 4904 6156 2616
3 2212 3916 146
3 3193 4666 1017
3 1147 7299 1146
3 504 8598 4023
3 260 7507 6518
3 276 5982 2397
3 41 7260 2081
3 4368 5819 1833
3 2494 2495 1760
3 639 5388 2683
3 1716 3642 2630
3 2249 4996 2248
3 2331 7121 4267
3 3911 4902 1670
3 1767 7481 2839
3 3080 8111 4850
3 6921 7810 2495
3 1969 627 2678
3 2506 8538 1787
3 4921 8285 1186
3 259 7629 5825
3 4086 4819 305
3 7677 8265 4634
3 5102 6460 3504
3 5686 7290 1420
3 3602 7499 1596
3 3433 7832 4282
3 2430 1222 1184
3 2584 8001 3873
3 2361 6373 2360
3 2535 4749 1858
3 4634 8265 3189
3 144 7628 2207
3 1327 6786 4732
3 4053 4886 2866
3 1719 5607 1703
3 270 4962 4238
3 4578 8029 2200
3 1815 2505 1783
3 1362 4114 1805
3 2098 6081 75
3 1297 4922 1913
3 1885 7815 2549
3 165 7971 166
3 2523 6285 2522
3 3001 4246 3531
3 1318 7175 4711
3 2215 5885 5578
3 5842 6699 3550
3 5210 7670 4441
3 2913 1830 2912
3 5189 7856 125
3 3196 8593 5473
3 4474 6245 1703
3 2782 5582 983
3 1882 3874 2546
3 3810 7861 210
3 837 1476 2765
3 4291 6819 5849
3 309 6509 3962
3 1534 6284 3940
3 2512 2198 1809
3 2397 1443 276
3 4171 6032 2472
3 1099 5944 2841
3 774 4862 775
3 98 5828 2143
3 2500 5668 140
3 3910 5419 4492
3 376 6733 4820
3 2437 4710 2039
3 5473 8593 4285
3 2218 1829 2916
3 4918 4919 1278
3 154 3914 2234
3 3462 5497 2318
3 851 5073 4071
3 2174 5684 122
3 707 7130 4551
3 2586 4633 2585
3 4582 5005 4581
3 3719 6150 4476
3 579 8554 5062
3 390 4512 391
3 4193 6534 668
3 858 7768 1492
3 1514 6370 3330
3 3605 6534 4193
3 3999 5120 3235
3 4091 6821 3130
3 3943 5373 96
3 1601 4593 3661
3 2663 6524 600
3 1606 8180 1607
3 4860 5486 1311
3 1615 8036 3987
3 3962 5500 309
3 2874 5457 3942
3 2486 4985 2105
3 1385 5051 4397
3 3395 8537 2696
3 1560 5162 2452
3 626 3755 2677
3 4025 6760 2948
3 3352 6480 3729
3 2448 8227 1579
3 2726 4242 3607
3 4459 5844 3894
3 4308 5996 2379
3 141 4105 2204
3 4376 8462 1142
3 1135 4947 4537
3 4282 5192 3433
3 3206 5700 4347
3 5217 5321 2024
3 2205 4912 143
3 1168 4506 387
3 6669 7892 3062
3 1217 4880 4829
3 984 7211 4073
3 1283 3856 563
3 63 4383 1201
3 1737 4197 2166
3 4833 4834 207
3 3700 7567 3701
3 4287 4415 2921
3 4468 4902 3213
3 370 7429 371
3 5636 8271 1897
3 2948 7489 4025
3 1773 7045 2499
3 4138 7127 1172
3 3701 5010 3700
3 5003 8188 2439
3 4675 5155 3523
3 145 8287 2210
3 1080 4349 349
3 5656 5657 2427
3 2485 6846 4598
3 1384 4812 4236
3 2089 4453 47
3 3404 4641 3403
3 3606 6115 2276
3 2553 6735 193
3 1441 7546 4392
3 2512 4971 1938
3 283 7524 4307
3 556 8075 5680
3 2619 4804 3758
3 3624 4588 2559
3 3233 6066 1309
3 2006 5987 4034
3 3627 5018 4612
3 282 6739 4931
3 1635 7782 1710
3 3449 4935 3121
3 4610 5029 1793
3 4160 5742 2660
3 4187 4809 3185
3 947 951 948
3 3673 7187 34
3 5795 7574 4427
3 4006 5812 4933
3 767 4819 4086
3 1479 4988 1960
3 720 6374 2874
3 1765 4800 3840
3 2629 7339 3684
3 4083 4526 3087
3 2979 6736 2978
3 2648 7119 1262
3 2395 5281 298
3 1882 4760 3874
3 1951 4551 3781
3 3423 5905 3285
3 6251 6742 2405
3 2182 7397 4360
3 1125 8131 3866
3 1790 7264 2844
3 1374 6682 208
3 1664 4226 1663
3 6306 7320 4972
3 4662 7017 2879
3 1074 6284 2801
3 618 5336 4994
3 2441 4558 338
3 430 6875 2774
3 1951 3781 2364
3 3610 4714 3092
3 5042 5260 1651
3 1745 4401 2492
3 4618 7894 3988
3 1425 5021 1961
3 5603 6572 109
3 651 2256 2255
3 2890 4479 3922
3 2294 7958 7158
3 3333 7763 4978
3 6457 7312 3978
3 4024 4698 1132
3 2188 4555 1294
3 1599 8568 1596
3 1229 6626 2654
3 4030 7976 1824
3 4217 6518 3244
3 2978 8314 2977
3 5467 6510 1180
3 767 7424 288
3 4401 5396 1298
3 2106 5436 3938
3 4267 7121 3522
3 534 5517 5143
3 2989 4667 2988
3 3648 5060 4437
3 3590 6710 296
3 1470 4182 803
3 2655 8559 3618
3 4076 7754 5095
3 253 6148 254
3 3899 4037 3243
3 2001 5253 2433
3 1241 5078 548
3 137 7086 4552
3 5259 5738 1460
3 1004 5159 4173
3 6155 7977 1644
3 3706 4472 2692
3 3029 8180 1114
3 39 8131 1125
3 1426 6470 6469
3 2004 5949 2424
3 2525 6117 1836
3 4660 8606 2568
3 4149 7588 6981
3 2579 6074 2580
3 234 2349 1415
3 118 2654 2166
3 131 8324 4384
3 4785 5968 3262
3 604 3869 1269
3 2808 5464 4188
3 1741 5692 3933
3 3291 6922 5381
3 1783 8425 2514
3 5504 6867 1723
3 4264 7303 1559
3 151 2230 2223
3 5615 6213 3282
3 367 4608 373
3 160 4803 2226
3 1145 3966 23
3 4766 7988 4187
3 2729 4367 1365
3 1244 7870 2120
3 1689 7035 1207
3 3872 4534 1410
3 3272 4736 4199
3 705 6661 704
3 1262 4718 3832
3 950 7572 806
3 1593 5582 4963
3 1352 4691 2954
3 6270 7796 4508
3 1975 7061 284
3 2994 4377 1412
3 2510 6260 1806
3 2318 6504 203
3 1779 5926 2641
3 3104 6877 4090
3 2202 8567 2201
3 2332 4783 219
3 1806 4380 2510
3 2737 8179 705
3 87 7566 5361
3 675 5565 676
3 1311 1801 2508
3 5871 7389 3337
3 2997 4539 2996
3 4705 7175 1318
3 21 6164 3833
3 696 6852 6498
3 2543 2300 188
3 1140 4861 1156
3 126 6403 127
3 2841 1784 2515
3 3903 6812 1882
3 4791 8094 1321
3 1926 6272 4887
3 3749 3980 3173
3 1247 6857 5531
3 75 7173 5202
3 1947 6141 2581
3 3081 4785 3829
3 5853 8068 1598
3 1034 1035 2799
3 373 6386 367
3 3954 6965 2601
3 2705 5123 4763
3 2339 5787 4400
3 1969 5998 627
3 90 88 1241
3 1622 7357 2807
3 3129 7989 3443
3 4724 7786 4723
3 4816 5406 2909
3 4004 6572 5603
3 2511 7093 1808
3 4583 4980 3985
3 3065 4792 4260
3 1347 6001 1906
3 4805 4806 1340
3 1552 5869 337
3 3958 6295 887
3 183 4603 2289
3 4913 5605 1645
3 4272 5704 307
3 6345 6347 3044
3 620 5117 174
3 4314 5229 4316
3 4249 8108 3068
3 1163 4249 43
3 1323 5286 2925
3 751 6277 1237
3 6614 6616 6615
3 2724 8444 3716
3 123 7025 2175
3 1529 6713 358
3 1893 6571 4431
3 2833 6919 785
3 4218 8269 3351
3 3594 6752 3113
3 460 4752 2621
3 3847 4676 1725
3 1343 5388 639
3 585 7405 3608
3 3178 6832 3329
3 2351 5130 4511
3 2185 5068 2188
3 248 3670 252
3 4073 4964 959
3 4133 5000 2337
3 2140 5208 95
3 1379 7984 2329
3 1961 5172 1425
3 2196 4393 2506
3 5225 7067 1132
3 370 5452 3860
3 4096 6779 4903
3 2543 6025 4968
3 4189 8370 3107
3 3167 5730 4136
3 5033 5242 1815
3 844 1429 843
3 614 2674 613
3 3661 5673 1601
3 1854 5783 4686
3 3461 6948 4374
3 2638 7737 541
3 82 8554 5148
3 2134 4685 3856
3 1706 6664 3305
3 4773 5101 3354
3 2902 3796 1669
3 950 6326 2432
3 4876 5077 3057
3 3181 4698 4024
3 3839 6232 2679
3 1975 6474 5008
3 42 6068 2083
3 6163 7104 1352
3 2805 3683 1083
3 5038 7223 229
3 1012 6382 4269
3 3468 4945 2286
3 2566 6098 6082
3 44 5951 2085
3 1078 7707 2465
3 4204 6765 3392
3 4018 4578 1365
3 3224 4744 4361
3 1094 1775 2837
3 1898 4937 666
3 775 8150 774
3 113 7540 4499
3 3167 5283 3517
3 5270 6200 4473
3 409 5673 3661
3 1813 5084 2513
3 4106 7791 3024
3 1963 5546 1964
3 3435 5088 4594
3 1639 5437 4643
3 3199 7742 4406
3 5638 8237 4672
3 2730 4275 1366
3 149 6322 2520
3 3280 4868 4131
3 4550 4664 2850
3 2853 5629 2691
3 1011 6175 4310
3 4716 7949 1976
3 2215 5886 5885
3 1405 8518 2372
3 493 5385 5142
3 4362 7903 3226
3 5070 5071 1281
3 4541 5523 182
3 4565 5654 3310
3 3172 5203 3934
3 3573 7882 135
3 8097 8098 1731
3 4971 7455 3679
3 6649 6651 3085
3 2465 4484 1600
3 5186 6037 3236
3 2611 6282 2809
3 1612 6004 4206
3 5424 5558 121
3 1112 4927 4082
3 2574 6504 1929
3 1333 5932 2266
3 1716 6434 2106
3 4191 4815 1676
3 265 7084 2390
3 258 4399 2385
3 2603 8353 389
3 4519 4520 2516
3 2748 5395 741
3 158 5892 2181
3 4763 8054 2705
3 1754 6059 2837
3 75 5202 1221
3 5165 5384 2737
3 2724 3716 2725
3 2422 844 2880
3 404 6383 403
3 4017 5012 3659
3 1146 5642 24
3 1408 4029 2733
3 2890 4066 2071
3 4537 4947 374
3 2875 3929 720
3 3156 8044 6032
3 2880 8590 2422
3 4280 4825 2284
3 3560 4980 4583
3 6001 6987 5555
3 592 6897 3877
3 3095 7083 6137
3 5063 5590 3456
3 4105 4213 2519
3 2695 4630 659
3 3981 6410 722
3 3333 4978 2405
3 2105 6434 2486
3 1896 7658 2856
3 5283 6789 2236
3 4953 5485 3515
3 1448 6226 451
3 1771 6639 2498
3 1912 5425 2567
3 1902 7225 1292
3 1765 5776 2496
3 498 5639 497
3 1630 4926 4199
3 5735 8328 1530
3 2521 8339 2522
3 2493 5295 4197
3 3075 4677 3347
3 1566 8260 4013
3 4393 5882 3100
3 73 5557 1218
3 4400 5045 2339
3 6100 7915 2171
3 4184 6369 3643
3 265 2390 2381
3 5185 5262 3448
3 3719 4476 1488
3 852 6645 3399
3 3956 4888 1357
3 5188 7274 1920
3 228 5000 3751
3 20 6680 21
3 850 7428 3849
3 3068 7462 4235
3 2114 5561 1225
3 1326 4327 2694
3 3729 4850 3219
3 1759 4610 4094
3 1381 5156 221
3 3654 8393 3165
3 1463 4804 2619
3 3383 8263 5734
3 5429 7338 4059
3 2834 1740 2835
3 1 8558 5570
3 455 6445 4295
3 840 5844 841
3 1677 4571 1678
3 2550 1887 642
3 2788 4932 1028
3 4045 8478 1487
3 3676 5283 3167
3 2481 4872 2483
3 4970 8557 2208
3 4771 6507 3698
3 2424 4549 2004
3 2856 5891 687
3 2560 5158 2700
3 2668 6814 5462
3 1172 5308 4138
3 4991 6616 3704
3 1953 6951 5470
3 3508 5687 3079
3 3327 5409 4341
3 71 6152 4553
3 3185 4766 4187
3 2771 7544 4540
3 2719 8286 194
3 1354 7160 2949
3 4006 4325 2717
3 688 7954 3892
3 140 5426 2500
3 5619 6006 232
3 3283 8026 7148
3 2294 5049 1351
3 782 6688 899
3 2212 1798 147
3 5956 6132 5166
3 1654 4440 458
3 954 5155 1500
3 2397 4248 1443
3 2538 8461 1867
3 5720 6625 3258
3 431 4449 432
3 3156 6032 4171
3 766 4490 1452
3 1495 4713 802
3 1100 1851 1863
3 3638 5517 1459
3 3562 7106 5422
3 6469 8447 719
3 3584 4224 183
3 5723 7571 4005
3 1935 5188 1920
3 2467 1113 2079
3 705 6629 3974
3 3107 4972 4189
3 682 7834 681
3 4732 6786 152
3 296 7409 2406
3 4924 5325 3184
3 257 2374 2383
3 1702 7681 6366
3 4591 5105 1086
3 2553 2307 1890
3 1125 3866 3026
3 3476 5222 4976
3 4437 6172 1171
3 247 4463 702
3 144 7446 1343
3 2656 5432 5431
3 2201 8079 2202
3 338 3508 337
3 2398 7081 4379
3 3460 5930 3321
3 5702 5766 3045
3 2103 6467 3857
3 3792 8507 167
3 1289 8358 6988
3 4154 5879 1214
3 3866 4999 3805
3 3454 7527 3195
3 4851 8072 718
3 4170 8068 5853
3 241 7780 4432
3 5308 7781 7003
3 1651 8025 2478
3 2316 5475 5025
3 566 5468 2643
3 2313 8152 199
3 2314 7533 3978
3 4690 4697 1775
3 1100 4759 1851
3 47 4453 2071
3 4512 4921 1186
3 3244 5165 4217
3 338 5687 3508
3 4104 7246 2430
3 4829 4880 2635
3 1681 5292 2621
3 1406 7934 1419
3 1754 574 2647
3 2926 5876 2925
3 4786 6359 1295
3 1034 6721 1035
3 494 3684 2626
3 1078 5391 1175
3 1227 5101 4773
3 6553 7836 6190
3 4320 6186 1673
3 1915 5044 2568
3 3496 6715 6487
3 4208 5324 3214
3 606 4735 2829
3 2302 4462 190
3 2712 5637 676
3 3403 5459 3404
3 1416 4463 2378
3 1398 5051 1385
3 1228 4839 513
3 2666 1303 613
3 4946 6069 3780
3 2478 5042 1651
3 3243 5367 4205
3 2942 4431 2941
3 2253 6964 3551
3 6428 8122 4519
3 3866 7155 4999
3 3123 7137 6641
3 4609 7700 3248
3 2287 5950 4049
3 3471 6435 5448
3 6594 6922 3291
3 78 6675 3779
3 8 6281 7
3 88 2118 79
3 3207 7795 4201
3 4395 6231 2165
3 465 6467 66
3 818 1543 2760
3 290 5765 3626
3 4641 7575 3403
3 1554 2441 2966
3 4671 4672 1417
3 4756 6225 4771
3 4435 7754 4076
3 4365 4451 115
3 908 909 2883
3 3466 7384 6018
3 2392 3962 1430
3 101 7390 2144
3 2812 4591 1086
3 338 5869 2441
3 361 7291 4593
3 4313 5493 4317
3 3783 5693 3180
3 4227 7605 1697
3 400 3855 51
3 2889 6003 2066
3 3585 6228 4414
3 5013 8533 2207
3 3226 4421 4362
3 4589 7736 3207
3 4170 5853 2461
3 2498 7550 1771
3 1279 4610 1793
3 2169 4697 4690
3 2874 7152 720
3 5484 7867 1876
3 2492 5742 1745
3 2216 4860 1311
3 1938 5597 2512
3 2616 6020 4875
3 2105 7165 4042
3 403 6048 404
3 1715 6307 551
3 1321 8094 6151
3 125 7856 2177
3 2739 2991 1413
3 2541 7024 1877
3 1431 7581 4299
3 4369 6436 1872
3 1688 6021 5688
3 5023 5152 2335
3 1629 5871 3686
3 2344 5877 2343
3 1906 6001 4480
3 3041 6689 5690
3 3681 5879 3204
3 2677 5641 626
3 7046 8217 684
3 4780 6586 3285
3 2468 7313 2807
3 1612 5503 1105
3 2565 2310 2566
3 4601 6212 3158
3 3129 3443 356
3 1274 4451 4450
3 2197 5264 1812
3 3781 7930 2364
3 4005 7525 5723
3 2582 7618 1949
3 3699 7498 4734
3 3425 4898 2003
3 4976 5222 3216
3 7248 7250 560
3 6232 7747 2679
3 6372 8057 2158
3 2361 6200 1399
3 5114 6558 3162
3 3811 8415 4238
3 1871 5752 2511
3 3996 5387 1621
3 1930 7243 4053
3 2578 5138 3372
3 3375 5099 2567
3 2003 4898 3426
3 854 4739 4549
3 2157 6357 112
3 2399 4379 3502
3 2265 4127 173
3 1716 5849 3642
3 1979 8208 274
3 1809 4971 2512
3 2569 4069 3225
3 713 5825 2742
3 2155 4831 3407
3 3583 5592 1022
3 3873 5174 3103
3 4850 6480 3080
3 1740 8592 2835
3 5963 8259 2309
3 3329 3710 3178
3 1759 5094 4610
3 5467 7173 3417
3 919 3663 920
3 3407 5204 110
3 1459 5517 534
3 6531 6593 3757
3 711 7787 6798
3 540 4410 1989
3 8359 8360 1976
3 3516 4897 4270
3 3489 5299 4516
3 1224 8023 2628
3 1329 6783 4097
3 6206 6406 658
3 2930 5171 2929
3 2210 4747 145
3 193 2307 2553
3 245 6373 2375
3 2617 7369 442
3 6079 7227 1297
3 3167 6093 3676
3 3314 4743 4269
3 854 4561 741
3 4027 8332 5066
3 2359 3446 2358
3 717 4851 718
3 4406 7742 4407
3 2741 4801 2388
3 1957 8245 2587
3 1151 5895 372
3 3560 6423 4579
3 4781 6814 2668
3 4311 6175 1011
3 1515 6419 533
3 4194 6405 3156
3 552 5096 2642
3 3198 7508 3048
3 6291 7820 2810
3 4018 8383 139
3 3436 7836 6553
3 555 4929 95
3 1407 3582 2354
3 1483 4734 1482
3 1349 4486 2293
3 95 5040 555
3 4610 5094 3172
3 975 7059 1476
3 1090 6274 2823
3 5095 7754 25
3 3189 5021 4738
3 5365 7683 1613
3 3594 5284 4564
3 984 4073 959
3 3235 5655 3999
3 679 7141 4941
3 1919 4673 3835
3 4199 7991 3272
3 3757 7296 2291
3 2642 4640 2502
3 274 8208 4244
3 1204 8308 5713
3 3297 7154 4243
3 1163 4949 37
3 2739 2990 2991
3 219 5131 216
3 3241 5772 5135
3 2511 4674 1341
3 1260 4253 101
3 2528 5002 2529
3 228 4334 226
3 2996 4539 3898
3 3789 6078 4150
3 652 6212 4601
3 95 4929 2140
3 2658 2653 589
3 2289 4603 3743
3 2165 6231 4436
3 2092 6894 4060
3 2791 4696 3625
3 1329 6885 6783
3 7596 8078 346
3 617 4772 690
3 3322 7537 4448
3 3738 6709 2587
3 2078 4533 1132
3 3312 4745 1992
3 33 6938 6215
3 2816 5482 1668
3 2438 8584 3279
3 3892 7954 4324
3 3379 5288 2069
3 3321 4817 4052
3 3158 6212 4035
3 388 5931 2603
3 2418 5511 1484
3 74 6080 451
3 1531 5492 2432
3 4500 6813 2160
3 3100 4611 4393
3 2993 7842 3252
3 177 4193 668
3 3003 5524 3002
3 2911 8335 1116
3 2006 4129 731
3 3921 7430 7018
3 1412 4377 250
3 1329 6035 2534
3 2738 4869 3802
3 253 4534 3872
3 517 6935 4566
3 4265 7212 4532
3 3092 6662 3610
3 4489 5831 3141
3 5148 8554 579
3 3760 5766 5702
3 355 5664 3486
3 3020 39 1125
3 4930 5872 1512
3 1679 6045 1687
3 2895 6971 1115
3 15 5860 14
3 3635 5918 5632
3 2619 3758 450
3 3723 6691 3232
3 2780 6198 3528
3 3084 5868 3955
3 3348 5549 4055
3 5179 7012 2790
3 4987 5878 3593
3 3288 6371 4511
3 5671 6754 1907
3 2847 8218 5887
3 2223 5306 151
3 5031 8448 3298
3 3082 5476 5187
3 5187 5476 170
3 643 5896 2847
3 3095 6137 4362
3 6526 7222 1375
3 2738 3582 1407
3 69 5436 2106
3 4289 5308 1172
3 647 4550 2850
3 5473 8193 2677
3 3833 6395 20
3 2989 2990 2740
3 6487 6715 2817
3 924 7655 925
3 186 7858 4709
3 2843 3722 2517
3 55 4506 2618
3 3705 4790 3337
3 2740 2990 2739
3 4087 7398 3424
3 6888 7179 2509
3 3797 7202 2903
3 1651 5224 62
3 350 6913 1571
3 1809 7455 4971
3 1698 5799 3186
3 3446 3925 2358
3 1172 7127 2091
3 1333 4852 135
3 44 4881 2084
3 2108 6152 71
3 172 7107 3395
3 1175 395 1078
3 2591 3546 2429
3 2336 6394 4714
3 1171 6574 4437
3 4103 4883 1523
3 1807 4674 2511
3 2476 4807 1640
3 1813 6257 2728
3 5076 6499 4359
3 2731 5953 5170
3 3948 4838 164
3 4152 6301 348
3 2088 7825 6539
3 4301 7781 1700
3 1108 8252 1384
3 2835 4974 2834
3 4236 4812 1386
3 6271 6479 3547
3 95 5208 554
3 142 4786 4688
3 240 1951 2364
3 2696 6473 661
3 71 5369 2108
3 212 5524 2326
3 2569 8567 4069
3 1385 4382 1932
3 595 2161 2164
3 599 4697 2169
3 4397 6086 700
3 4842 5228 3374
3 179 4522 1903
3 4360 6806 1291
3 4189 5034 3231
3 679 4941 1907
3 1851 5205 1863
3 3991 6051 4970
3 695 3690 696
3 2694 5319 1326
3 173 4497 4136
3 309 5500 2422
3 1642 4194 2477
3 139 4874 1974
3 1523 1222 2430
3 2697 8618 1332
3 5566 7207 3574
3 282 5403 1442
3 2337 4694 4133
3 2022 6913 350
3 3989 3990 2887
3 3566 5976 4228
3 3394 5822 5506
3 1323 6910 5286
3 4934 7952 843
3 3997 4915 3268
3 223 4175 4054
3 4092 4790 1619
3 184 5324 4208
3 4321 7435 3368
3 3620 7779 1694
3 4873 8453 2710
3 1694 7779 4190
3 3087 7468 4083
3 1221 5202 4627
3 2521 5929 2520
3 2639 5078 1241
3 5499 6561 582
3 4146 7932 644
3 3303 6845 4621
3 1927 5238 2930
3 2106 6434 69
3 5309 6176 60
3 2823 4290 4181
3 538 7877 2637
3 207 4834 206
3 299 8103 5080
3 3703 8184 1760
3 2292 4208 4117
3 4108 7290 5686
3 4152 5378 3418
3 2820 7547 3857
3 516 4566 4342
3 3 4414 4
3 2711 7141 679
3 873 5899 4490
3 3902 6295 1507
3 3327 6662 5197
3 2476 5437 1639
3 4026 4742 1173
3 3841 4973 3221
3 1807 7573 4058
3 3158 7701 4601
3 2184 5068 2185
3 2400 5037 4263
3 490 4179 2625
3 2455 4309 1551
3 2286 5044 1915
3 2747 5111 740
3 4528 4956 302
3 3298 6428 4519
3 1989 4410 3793
3 1663 4226 346
3 1968 5210 4441
3 722 5316 3981
3 3921 7018 4531
3 595 5866 4868
3 4994 5336 3488
3 161 7410 4139
3 2071 2090 47
3 7301 8392 1381
3 161 8166 7410
3 4853 5383 3205
3 81 7390 101
3 5945 5946 3377
3 1961 5021 4513
3 1504 4477 4119
3 1444 7199 3450
3 1080 349 1049
3 3334 5568 5567
3 4136 4700 2265
3 1316 5725 2240
3 4039 7067 6887
3 2697 7454 4493
3 4501 4504 3183
3 384 8488 1167
3 2571 5677 3473
3 3904 7070 159
3 2450 6213 5615
3 4583 6776 3560
3 1000 5121 336
3 1415 2349 251
3 1622 4816 4020
3 6981 8468 4149
3 167 4390 3792
3 5304 6785 3766
3 2443 4695 1014
3 6550 6699 5842
3 3745 7784 6007
3 2262 4089 1328
3 3923 6461 2243
3 3060 4898 4609
3 1135 4537 9
3 173 4136 2265
3 2514 5697 1815
3 83 6325 509
3 6798 7787 1956
3 4340 7356 2084
3 1096 4110 1757
3 1919 7186 4294
3 2032 5751 2974
3 2315 3284 201
3 1597 4170 2461
3 3293 5917 4946
3 2358 3925 3211
3 2236 6125 5283
3 3133 3885 3884
3 3244 5384 5165
3 2962 8273 2961
3 6646 6659 3254
3 1327 4732 2258
3 1213 5382 4958
3 4062 7211 984
3 131 4384 2184
3 4106 7801 7791
3 2885 2020 77
3 1410 4517 1391
3 48 6548 1166
3 2985 7084 2984
3 1812 6331 2197
3 3555 8155 4405
3 3284 7533 201
3 2187 7413 1902
3 1214 6300 4154
3 2333 220 1379
3 1553 6722 2438
3 685 4442 694
3 713 7443 714
3 3099 7559 5936
3 1547 5220 1545
3 2723 5501 3225
3 4248 5111 2747
3 5079 5251 1872
3 1840 7891 167
3 1318 5830 4705
3 4615 8431 4614
3 3151 4489 3815
3 2090 4778 47
3 64 7116 4144
3 28 4435 4076
3 223 7080 4175
3 3136 6512 5379
3 326 4443 951
3 4232 5754 3238
3 3329 6832 2704
3 3173 4721 4398
3 23 7329 1145
3 16 8236 5365
3 4155 7546 1441
3 2507 5209 1800
3 2375 2374 257
3 5561 6211 3879
3 1107 5332 4402
3 1000 1001 1008
3 3387 5218 3955
3 2036 7595 2785
3 4384 8324 3632
3 2211 4576 146
3 3315 5037 4638
3 1819 1821 2667
3 5563 6676 2639
3 2345 7997 6915
3 2675 4288 625
3 2496 8469 4004
3 3673 5895 1151
3 2204 7525 141
3 4288 5882 625
3 4662 6388 1422
3 2199 6260 138
3 2237 5743 3378
3 2540 8276 1872
3 4239 6056 5906
3 1132 4533 1160
3 5677 7740 3250
3 4235 6298 3068
3 2198 6977 138
3 2251 4709 4390
3 4038 7019 4587
3 3063 5007 4547
3 2625 8428 489
3 6674 6815 3086
3 4750 6502 3478
3 4833 5897 3324
3 3751 8304 4000
3 6111 7917 3772
3 2314 3098 2570
3 1586 6334 5663
3 3435 8047 4687
3 4676 7171 1725
3 4145 8124 4146
3 2537 6568 1834
3 36 3776 1612
3 1371 4907 1926
3 3207 5898 4589
3 2487 2118 523
3 1428 6028 2390
3 4055 7213 3348
3 5226 6162 1737
3 3214 6122 4208
3 5434 5569 3064
3 1369 5953 2731
3 1673 6186 2482
3 4318 5333 4316
3 1596 4475 1193
3 1818 5658 2515
3 3826 5195 2447
3 4875 8351 441
3 2478 4866 1652
3 2937 5170 2936
3 5541 6539 6073
3 3271 5331 4742
3 1148 4939 1145
3 2538 4936 1866
3 1917 5501 689
3 2381 6028 2380
3 3910 4492 3155
3 1424 5547 4525
3 1687 4650 1679
3 3622 6817 217
3 572 7540 113
3 4329 6924 3577
3 4642 6715 3496
3 5742 5861 597
3 2955 1352 2954
3 637 5335 2682
3 4968 6025 1873
3 1799 5112 130
3 4821 5552 1158
3 2831 8098 7667
3 2766 6364 4081
3 2203 5668 1778
3 391 4512 1186
3 4881 8007 2084
3 4145 4146 3187
3 2293 4230 1349
3 3676 6093 3969
3 530 6737 3270
3 3362 5590 5063
3 2123 1515 533
3 1328 4606 2262
3 778 8361 1980
3 2243 3948 164
3 8110 8406 1284
3 3992 8091 2862
3 516 4651 580
3 6111 6468 3168
3 3298 8448 4288
3 153 4204 3652
3 3879 7010 3110
3 2441 6131 4558
3 74 5985 4901
3 2173 5471 122
3 2987 5046 711
3 2713 5583 2714
3 2746 5601 1989
3 2082 5955 4235
3 3938 5940 2106
3 661 4089 1864
3 5274 7548 525
3 4519 5072 3298
3 2660 5742 597
3 2232 6655 159
3 2742 5825 4061
3 4358 4954 1984
3 4128 8188 5003
3 1726 5354 3889
3 1081 5157 425
3 3632 8350 4384
3 3603 7497 1502
3 2364 2414 240
3 3252 6499 5076
3 3156 5718 4194
3 4309 6802 6463
3 4441 6948 3461
3 4397 5051 2340
3 5197 5409 3327
3 4427 6591 3110
3 4792 6605 298
3 5150 8370 4189
3 647 8085 5801
3 1227 2115 2116
3 3322 4465 3878
3 3226 7903 4363
3 1473 5514 2970
3 593 6157 5275
3 3710 3711 3178
3 3235 5479 4159
3 4201 5898 3207
3 2134 3856 1283
3 856 4259 312
3 3522 7004 4267
3 2493 4197 4196
3 2105 4985 1210
3 1874 7321 4779
3 6739 8206 3440
3 2247 3370 2246
3 1140 5445 18
3 2109 5374 496
3 842 5863 841
3 3686 5387 1629
3 123 3809 1723
3 1830 7649 2912
3 4725 6414 1205
3 1604 3025 2466
3 551 6307 552
3 1085 8395 2807
3 1386 4694 2337
3 2269 4050 175
3 3666 6300 1214
3 1705 6279 1087
3 4211 8202 2297
3 3117 5921 4426
3 480 4291 70
3 2801 6284 1534
3 4228 8457 3566
3 1109 5933 214
3 1960 4934 1479
3 3860 5452 3568
3 48 6901 4769
3 4244 7388 275
3 3961 7238 2922
3 85 6277 539
3 4306 4774 3135
3 1176 7408 404
3 2411 6978 4260
3 53 5631 54
3 3492 6348 4464
3 2892 1144 23
3 4796 6000 3736
3 3466 6018 5132
3 1134 5566 23
3 4151 7332 2185
3 2799 5472 1034
3 4298 8586 1701
3 2414 5821 240
3 3536 6497 3163
3 7113 7802 4103
3 4287 6542 5528
3 4159 5655 3235
3 4036 8265 7677
3 478 6675 78
3 3469 6683 6085
3 2690 1323 2691
3 2510 7170 1805
3 1921 3612 3422
3 4037 8264 1536
3 785 5593 2833
3 1441 5774 4155
3 2305 7466 1361
3 2518 4304 599
3 4134 7315 649
3 451 1463 2619
3 2091 5645 4277
3 2149 6891 3346
3 124 7914 3724
3 4100 6610 4877
3 178 6140 1869
3 3144 8076 7831
3 375 6486 371
3 140 7758 1776
3 2301 4682 2300
3 2169 4690 1280
3 2612 6308 3855
3 3075 6593 4677
3 4578 6777 1365
3 1866 6568 2537
3 3686 4092 2468
3 5216 6888 2509
3 3898 4494 2995
3 3048 4701 3198
3 4830 4831 1266
3 3979 6700 2593
3 3382 6737 6057
3 3285 6586 3693
3 3289 6962 4556
3 37 4755 1163
3 4175 7079 4628
3 4462 5740 3335
3 4247 8598 504
3 1656 5236 2097
3 1488 7177 3719
3 1222 4884 1184
3 7260 7735 2081
3 6482 7711 3124
3 3701 7569 4126
3 5723 7525 2204
3 5714 6200 3895
3 4069 8567 2202
3 1215 5289 1216
3 1523 7246 4103
3 4885 6655 2232
3 3924 6330 4808
3 1131 7091 5489
3 1078 8242 5391
3 4493 8618 2697
3 2613 4998 416
3 1240 6418 4518
3 155 1841 2530
3 5709 5710 5708
3 787 8099 2752
3 3451 6988 3885
3 7488 7500 5450
3 3945 4586 3520
3 649 7315 4051
3 3836 5096 2120
3 3550 6699 5856
3 4930 4931 3440
3 4594 5088 669
3 3958 4622 1507
3 2532 6311 5553
3 1868 4056 3827
3 5358 5901 3930
3 2903 8535 3797
3 2669 6253 616
3 4638 5037 3419
3 2084 7356 44
3 694 4865 2718
3 3220 6764 3950
3 3473 7312 2572
3 4076 6928 28
3 7177 7687 3719
3 2557 2555 1892
3 372 5880 1151
3 3110 6862 3879
3 4274 4275 2730
3 2543 188 2542
3 4233 6838 2306
3 1380 5237 2333
3 2254 7729 3794
3 1512 4216 283
3 1855 4523 648
3 3629 7028 2702
3 326 5253 4443
3 2499 5318 1773
3 43 7484 1163
3 1655 4137 2814
3 2679 7694 3839
3 2709 7907 3963
3 3103 5174 3695
3 1767 4213 4105
3 2282 6954 6338
3 2401 7210 6462
3 5806 7358 1339
3 4256 5830 1318
3 147 5418 2212
3 1642 6405 4194
3 2475 5999 1637
3 3141 8010 4489
3 2251 4390 167
3 4599 6160 3158
3 3993 5881 2148
3 5977 7402 4294
3 1673 7593 4320
3 1595 6033 733
3 342 6836 1022
3 5671 7641 3845
3 1087 6279 483
3 5424 7708 3351
3 645 2523 150
3 2685 4936 1868
3 3558 6330 3924
3 657 6268 1848
3 5265 7241 3066
3 1450 7184 7183
3 2508 8199 4151
3 1462 5714 2717
3 3268 4915 4199
3 4893 6197 3732
3 555 557 1251
3 4802 7282 498
3 3248 7700 4161
3 1274 4450 1270
3 1955 5153 2378
3 4958 6062 1213
3 4256 7712 5830
3 3687 6096 4683
3 2952 7140 2951
3 1747 2632 527
3 4464 6348 3147
3 664 4765 4433
3 2700 4937 2560
3 1689 6797 1690
3 70 6514 480
3 2679 7747 588
3 3829 4785 787
3 3171 7142 4807
3 1079 7408 5269
3 4567 6611 3730
3 4000 7243 6808
3 2877 6223 1102
3 4290 5494 1699
3 3319 5981 4507
3 4103 7802 4883
3 4358 6315 4954
3 3874 8063 2546
3 3881 6853 5118
3 4420 5665 299
3 3172 5029 4610
3 2374 3556 244
3 5588 7561 1290
3 4220 7998 4570
3 291 5104 772
3 1338 6759 2270
3 2040 4355 1551
3 2291 5194 1945
3 258 6661 4399
3 1338 6796 2946
3 3840 8201 3174
3 3011 6802 3010
3 2604 5375 1173
3 4288 5181 3298
3 5176 7145 2103
3 1339 7358 4900
3 5219 6019 245
3 3777 6764 3220
3 4550 5689 1879
3 2484 7813 5482
3 3079 7404 3541
3 3647 6388 4662
3 2733 6400 1409
3 5513 8209 1756
3 4734 6227 3306
3 3453 8022 4209
3 2401 7424 4404
3 1324 8553 4692
3 2083 8582 1162
3 1582 6005 2454
3 2701 4257 2700
3 1226 5986 2115
3 4055 5549 1702
3 4235 7260 2082
3 2737 5384 1395
3 4419 7517 3299
3 2060 5804 1014
3 1498 6360 1500
3 1404 242 2413
3 580 6425 2146
3 3151 5420 4043
3 1014 5804 2443
3 2207 8533 4639
3 5636 8010 3141
3 657 6618 3794
3 3278 4771 3698
3 1203 7619 2819
3 669 4900 4594
3 5111 6043 740
3 2207 7446 144
3 2651 4342 2143
3 4130 4773 3354
3 2375 5219 245
3 54 6880 419
3 4055 6366 4345
3 2955 6163 1352
3 1148 5095 25
3 4714 6394 5634
3 7 5602 6
3 662 5490 2266
3 4061 5825 1455
3 3341 6972 4229
3 1362 4409 1804
3 26 1149 34
3 3391 6298 5955
3 3632 8324 4386
3 2821 6849 4301
3 4201 4662 1422
3 6884 7267 1730
3 2185 8523 2184
3 3808 7895 2453
3 3502 6102 2399
3 2519 4753 4105
3 4127 4995 173
3 2698 5427 4297
3 4987 5874 3275
3 821 5514 1473
3 3601 5512 91
3 3109 6407 5343
3 5202 7173 3569
3 2817 460 2621
3 4438 6055 1389
3 1405 5947 4729
3 2527 8536 1839
3 4912 6127 3275
3 2211 7276 5463
3 4652 5677 3250
3 1243 6971 2895
3 7791 7801 3105
3 3465 6855 5308
3 2698 4297 663
3 3883 7735 7260
3 4733 7594 2341
3 1633 6142 400
3 2102 5940 3938
3 2071 4066 2090
3 3426 6778 4034
3 1391 4308 1410
3 4181 4290 2820
3 4945 7800 1305
3 398 399 1662
3 3062 5409 5197
3 1500 5155 4675
3 726 6191 2745
3 2583 8600 4699
3 2863 6123 5004
3 681 7352 3947
3 1950 7582 4817
3 5187 7110 3082
3 2590 6438 6296
3 2697 5335 637
3 4267 6843 2330
3 3925 5038 3211
3 2855 4606 1328
3 2690 6910 1323
3 1399 5803 3556
3 810 5870 2759
3 2563 7225 1902
3 1634 4430 1598
3 159 6655 3904
3 3863 5457 2874
3 2430 7246 1523
3 5700 7772 4347
3 5427 7688 4297
3 4509 7796 7
3 2279 6442 178
3 365 6238 4818
3 2691 1852 2853
3 3073 6368 3458
3 833 5622 1536
3 3671 5897 4833
3 4065 5980 2880
3 288 7792 767
3 6082 6098 3657
3 2292 7296 4776
3 3541 4255 3079
3 2584 5975 2587
3 4847 5511 2418
3 7293 7394 4022
3 3219 6377 6049
3 3262 5119 4785
3 3026 3866 3805
3 5110 5298 3063
3 322 5202 3569
3 2133 5227 2135
3 2567 5099 1912
3 3729 6049 4576
3 4115 5814 3354
3 4915 7483 1641
3 4274 4473 4275
3 3693 3791 3140
3 4262 8549 4261
3 4418 6913 1522
3 3695 6865 3103
3 5025 5475 3342
3 5695 7464 3819
3 1405 4729 3672
3 1147 6190 27
3 4574 8514 4375
3 3042 5415 5414
3 4230 7041 1349
3 4187 8121 4809
3 2186 5749 4708
3 268 4858 2393
3 1641 6158 4915
3 1828 5083 1826
3 194 8286 4121
3 6283 7912 4870
3 1348 5044 2286
3 3124 4846 3798
3 243 6477 2371
3 1776 7758 2840
3 361 8545 4454
3 526 7969 2823
3 3974 6167 4217
3 2374 8377 2383
3 3124 7711 4846
3 7003 7781 3087
3 3770 5511 4847
3 2327 4545 2324
3 152 6786 2223
3 1623 5464 2808
3 1747 4984 576
3 4643 5479 3464
3 3719 7687 5310
3 872 6360 1498
3 1876 7867 7055
3 1313 4831 4830
3 2551 5527 4214
3 3355 6320 5052
3 650 4134 649
3 1396 7546 4645
3 6543 7164 4746
3 1372 4867 2353
3 602 4940 601
3 131 8483 8324
3 2426 5487 886
3 2623 5931 488
3 1636 6537 4271
3 4428 5846 3350
3 3055 5303 4319
3 2243 5864 3923
3 138 5435 2199
3 4742 5243 3271
3 4214 6571 3483
3 3066 7241 4560
3 1754 6421 574
3 3478 5724 5337
3 4748 5597 2861
3 3869 7054 1269
3 2467 2079 1617
3 2493 6336 5861
3 1173 5375 5097
3 7590 7591 3309
3 3392 6765 4966
3 4490 5899 2975
3 2745 6191 5395
3 4761 7467 3994
3 4036 7677 7642
3 3414 6359 4786
3 4285 7308 2371
3 847 6579 3364
3 162 7762 4491
3 3275 5878 4987
3 174 5103 2267
3 2177 4456 125
3 203 7004 4892
3 1380 8137 1965
3 4742 5331 1173
3 4511 5130 3288
3 1292 7919 2187
3 1508 4739 854
3 4263 5538 754
3 4815 7813 2484
3 1984 7191 4358
3 4422 7394 2872
3 4110 5525 1757
3 2775 4182 1470
3 3684 6104 2626
3 1882 6812 2951
3 3980 4565 3173
3 2105 4042 69
3 1094 4690 1775
3 522 5991 3907
3 3 4 2893
3 3200 6593 6531
3 1683 2900 1202
3 2351 4511 2350
3 579 5062 2145
3 4494 6521 2995
3 6682 7861 3810
3 2573 5315 4628
3 4677 6593 3200
3 3227 5356 4100
3 3077 7324 5509
3 6976 7122 3865
3 4684 5558 3351
3 4359 6499 1411
3 379 5999 5311
3 199 6138 4673
3 6003 7258 2066
3 5240 5488 3865
3 1349 7644 4486
3 669 6758 1898
3 285 4358 752
3 1676 7794 4191
3 1248 558 1247
3 5820 7731 3887
3 2384 5219 2375
3 2568 7072 1916
3 2183 8483 131
3 5343 6998 3109
3 4024 7067 4039
3 3302 5314 3964
3 1102 5890 2877
3 3788 8093 5545
3 1853 6077 2854
3 4550 6929 4664
3 2366 5815 1742
3 2636 4266 508
3 5101 5102 3354
3 3500 6449 4141
3 1371 5589 4652
3 2397 5111 4248
3 3326 7510 4669
3 1742 5815 2836
3 3982 8514 4574
3 3950 6764 1368
3 1727 7171 4676
3 2809 5160 1633
3 5695 6136 3146
3 4361 5571 3224
3 2130 5515 2127
3 2453 7066 356
3 2081 4142 41
3 1730 7988 4766
3 4963 7859 2460
3 2064 5147 1583
3 3491 5800 5775
3 4171 5718 3156
3 4576 5463 3352
3 1507 6295 3958
3 3701 4126 1306
3 2168 1817 2167
3 2271 4754 2272
3 3528 5048 3965
3 4199 4926 3268
3 1361 6319 2305
3 3086 7355 5407
3 5096 6307 5274
3 2576 5812 4006
3 675 4469 2709
3 2249 1839 2250
3 1294 4555 132
3 2829 4848 3463
3 3934 5203 3935
3 1957 7354 2585
3 2311 4914 198
3 4373 6139 1974
3 5708 7204 5709
3 4691 6841 2954
3 3212 7338 5429
3 2332 6947 4783
3 774 5312 773
3 4116 8523 7332
3 2150 7425 7077
3 1318 4711 1838
3 1858 5350 2535
3 5599 5757 3238
3 5902 7108 699
3 25 4939 1148
3 1227 6316 2115
3 7158 7958 4429
3 4470 5790 2119
3 1654 4345 1650
3 1804 4409 692
3 4131 6895 3280
3 5548 8376 2196
3 1149 8161 7896
3 1214 5713 5161
3 6049 6377 2212
3 146 6623 5988
3 4529 6357 2490
3 3130 8301 4091
3 3506 6522 2517
3 614 1822 2674
3 5545 8093 1514
3 3161 6011 4661
3 6974 6975 353
3 2579 4228 3567
3 3981 5316 5136
3 3552 7268 3192
3 246 6709 5989
3 192 5170 678
3 3321 5330 3460
3 1317 4966 2225
3 2942 5758 4431
3 543 7738 791
3 3871 5620 5104
3 4441 6109 1968
3 2572 7312 6457
3 1106 7898 4840
3 1805 8313 2510
3 5681 5766 3760
3 579 6425 2650
3 4799 4855 2394
3 5100 6088 3333
3 5077 5090 3253
3 2666 6194 1303
3 1808 2540 1871
3 2166 5295 118
3 1931 4782 2867
3 5084 5264 2513
3 4057 8594 6178
3 1799 7512 5075
3 456 5404 4033
3 4141 6693 2407
3 2483 6401 1674
3 1870 7052 4107
3 3569 6712 907
3 2376 6948 709
3 3106 7486 4477
3 1090 5974 467
3 2282 8176 4811
3 638 5808 4241
3 3080 5351 3273
3 895 7445 4804
3 674 8204 6027
3 3277 6617 564
3 5323 7273 3697
3 1244 5177 3876
3 4190 6959 1694
3 5646 5647 3364
3 3324 4834 4833
3 5186 6303 6037
3 3458 5300 3073
3 4262 7434 3774
3 4682 8247 2300
3 5053 7614 1585
3 2495 7812 1760
3 1172 5115 4289
3 3962 6599 1430
3 3753 5790 2107
3 3769 6780 3184
3 5251 7686 1877
3 329 5149 2613
3 1682 5240 5239
3 2641 5926 5836
3 5033 5697 1818
3 2356 1950 237
3 3066 6611 4567
3 3106 6241 4604
3 1936 8238 684
3 3412 6062 4958
3 1459 5716 3638
3 2645 7168 1781
3 4588 7634 194
3 2001 6465 5253
3 1480 7363 5635
3 455 6965 6445
3 97 4726 2142
3 3947 4865 682
3 122 8404 2173
3 3281 5045 4400
3 4579 7457 3560
3 4032 4343 54
3 2625 4179 4178
3 3627 4612 3344
3 2844 3581 3580
3 1364 5630 1811
3 3875 7648 2077
3 6023 7822 3240
3 805 4283 804
3 2319 8244 204
3 4903 8417 3972
3 4421 5873 149
3 2384 5686 1420
3 523 7939 1239
3 3061 4991 3704
3 3647 8569 5980
3 2416 6577 6129
3 1238 5515 1243
3 5164 6739 282
3 1964 6356 1380
3 4647 7510 3326
3 1700 7781 4289
3 4019 7489 2948
3 1885 4262 4261
3 3263 5829 4906
3 1305 8270 5223
3 2682 5490 662
3 2513 6257 1813
3 1218 6393 73
3 4556 5214 3289
3 2729 7828 4367
3 596 4160 2660
3 4486 5178 3214
3 4099 8206 6739
3 5009 5055 3294
3 1160 5908 5225
3 3517 5730 3167
3 2604 7318 1200
3 21 6564 6164
3 3351 7708 5423
3 5510 7855 1356
3 4996 5669 3380
3 3934 6716 3172
3 3195 7527 5154
3 4006 4933 4325
3 2969 5582 1593
3 3007 342 1022
3 1126 5411 3022
3 6274 6275 2823
3 3231 5150 4189
3 2271 5522 4754
3 2212 7297 3916
3 2574 7860 6504
3 1131 7092 7091
3 205 3767 2321
3 576 4903 1747
3 4577 4946 3780
3 4618 7621 3316
3 3046 5232 4353
3 4415 7850 4882
3 1618 3705 2908
3 6217 8493 4050
3 5448 6435 1590
3 1864 5050 661
3 4063 5912 3050
3 4079 8308 1204
3 6113 6552 3720
3 4940 5513 601
3 3337 4790 3686
3 4580 6424 6423
3 1462 5803 1399
3 3285 5905 4780
3 4109 8076 3073
3 4371 6810 2883
3 2509 7179 2508
3 4318 6730 4315
3 404 7696 1176
3 1818 5697 4590
3 4068 5682 2025
3 3302 7584 2731
3 112 8564 2158
3 2463 5411 1126
3 448 7217 449
3 4173 7590 3309
3 4637 6577 2416
3 4992 6751 205
3 6115 8276 1808
3 1767 6578 3632
3 408 5683 407
3 3293 4946 4577
3 1922 4635 1923
3 2247 7200 3370
3 2800 8378 3927
3 2529 5002 1842
3 2699 7342 664
3 2173 8404 128
3 4049 5950 4660
3 2407 6693 4444
3 627 5301 4552
3 3751 5000 3201
3 2731 5314 3302
3 2063 5997 1083
3 1138 5365 1613
3 171 4649 2262
3 3998 6581 1608
3 1298 6527 5438
3 253 8237 6148
3 6615 6778 3060
3 1768 7164 6543
3 612 5894 2666
3 1967 7670 5210
3 197 6404 2310
3 2210 7910 2209
3 1691 4642 1678
3 3712 5355 1761
3 2003 3426 850
3 1613 6111 3772
3 261 6195 4575
3 753 854 741
3 2047 5627 5378
3 627 4552 2678
3 1757 6361 1096
3 3323 5550 3748
3 6126 6418 477
3 2727 5336 617
3 2427 8016 1503
3 134 6658 5660
3 2746 6926 4259
3 1621 7452 3996
3 2516 5072 4519
3 267 7285 1429
3 5623 6136 3145
3 1386 5701 4694
3 1363 7900 2193
3 4001 5962 200
3 6449 6690 3708
3 2016 4927 2018
3 6655 8405 3904
3 5083 8380 3491
3 1273 7228 1245
3 5996 7770 6850
3 2643 7247 1242
3 844 6991 1429
3 1159 4387 40
3 2385 7636 6365
3 1379 8456 4787
3 1981 8163 5905
3 3191 5635 4507
3 4596 7218 3422
3 4532 7212 1065
3 2882 8116 5443
3 2559 8374 3624
3 3539 5687 338
3 1778 7571 5723
3 3825 8451 3756
3 510 4896 1516
3 5469 8413 1577
3 4999 7155 3051
3 1922 7153 3964
3 2157 4889 4659
3 2765 1476 308
3 3943 5496 2503
3 3097 6267 5118
3 5335 6889 4837
3 2237 6789 3676
3 5166 6132 3361
3 1762 7812 2495
3 3423 6554 4201
3 754 4561 2424
3 4058 7195 1807
3 4985 8170 1210
3 2531 7069 1849
3 4243 6873 3297
3 1621 5387 2468
3 259 8556 2386
3 2612 4775 414
3 3214 5679 4428
3 388 5617 488
3 3412 7323 6062
3 4119 4604 3097
3 2392 6600 3962
3 2838 6677 4514
3 2659 5221 596
3 6463 6802 3011
3 3975 6558 5114
3 4642 5810 1677
3 3175 3844 3269
3 3148 5737 4511
3 1391 4517 2346
3 4542 5782 1768
3 1905 5916 5169
3 2329 8456 1379
3 2024 5263 5217
3 1502 7497 3699
3 832 7059 975
3 96 5496 3943
3 5150 8366 3848
3 585 4003 112
3 4743 8346 4269
3 787 3537 76
3 1888 8414 2551
3 181 4794 4793
3 449 5061 448
3 1132 4698 2078
3 4000 6808 3751
3 5613 7157 3483
3 4320 6879 2469
3 3335 7755 4462
3 2303 7160 1354
3 498 7282 1219
3 5877 6915 3318
3 5936 7270 3099
3 2388 6167 4337
3 4056 7508 3827
3 4235 7462 3883
3 4070 7049 3791
3 3168 4206 4109
3 2158 2159 585
3 4212 5636 3141
3 1291 5965 1823
3 4484 7607 46
3 187 4853 1350
3 4426 5681 3117
3 217 6843 3622
3 631 7694 2679
3 3126 5478 1647
3 996 7778 7777
3 4547 5007 3123
3 3582 4408 2354
3 2948 7160 4019
3 3820 4727 1430
3 2953 6841 2525
3 2441 5869 2966
3 4379 7081 3502
3 1647 4148 3126
3 3964 7153 3302
3 4277 8191 1172
3 2983 5256 4858
3 1655 6460 5102
3 1966 6696 6013
3 2492 5295 2493
3 2947 6759 1338
3 4718 7568 3832
3 1959 8550 7952
3 4853 7063 5383
3 4870 8117 2368
3 2459 7211 4062
3 1183 7626 1224
3 4431 5758 1893
3 716 4337 712
3 4747 7276 145
3 3468 5633 5052
3 1697 7289 4227
3 1106 3886 2087
3 4731 5099 3375
3 219 4783 3494
3 2738 8072 3582
3 3458 5516 5300
3 2321 4992 205
3 1337 5325 134
3 303 8487 4637
3 3392 5252 3082
3 469 6422 5948
3 3648 7773 5060
3 3945 6493 4586
3 2847 8287 1825
3 3714 7646 3260
3 1403 7308 4284
3 3624 7634 4588
3 3941 6600 268
3 2005 6616 4991
3 3336 5485 4953
3 2554 6735 2553
3 4796 5702 3045
3 4273 6770 3190
3 2861 5597 4584
3 4726 7694 5014
3 3180 7278 3783
3 1642 5655 4159
3 4013 6591 4427
3 3310 7259 4565
3 1596 8211 5185
3 1277 6911 2659
3 5224 5260 1665
3 2670 5728 5459
3 3442 5298 5110
3 587 5529 1276
3 1351 5801 4211
3 554 6041 95
3 463 5401 4574
3 2872 7424 767
3 2211 5463 4576
3 1664 6184 4226
3 1751 5519 2837
3 277 5111 2397
3 1197 7981 45
3 5406 7313 1620
3 684 8238 4442
3 3408 6552 6113
3 2536 7947 1859
3 2809 1633 2611
3 2087 4306 1106
3 2807 6335 2808
3 2901 6044 4598
3 1833 4788 4368
3 2975 5899 978
3 2791 7295 1041
3 1739 5865 5226
3 4109 4821 3168
3 326 951 947
3 3133 5544 3885
3 494 2108 2629
3 676 5565 2712
3 2893 5465 3
3 2715 5616 681
3 6551 6826 2533
3 1307 5065 1879
3 784 4546 1259
3 1281 6734 5070
3 4535 6710 3590
3 3669 6350 1749
3 1156 6492 5167
3 979 6224 964
3 1306 4011 528
3 4358 7191 3589
3 5861 6336 2167
3 802 7262 1495
3 2568 6987 1347
3 528 6917 628
3 2906 4320 2905
3 3677 4961 4664
3 1289 5107 2172
3 3603 5704 4272
3 3519 6201 4344
3 2805 4625 1025
3 3965 6124 3528
3 2256 6406 2255
3 2106 5849 1716
3 1336 7688 2673
3 4971 5719 3733
3 3282 6213 5047
3 3214 5324 4486
3 1312 7234 2220
3 587 6471 586
3 3169 6196 4038
3 691 6746 2727
3 4303 4944 3795
3 4450 4451 3368
3 2345 6915 2344
3 4591 6667 3245
3 5399 5915 3834
3 4270 5656 3637
3 4474 6950 1255
3 43 8007 4406
3 3113 5284 3594
3 4060 6894 4959
3 3225 5501 2569
3 117 7575 4641
3 2112 7173 75
3 66 4797 465
3 3064 6262 5433
3 3171 5439 4277
3 8 7796 6270
3 5190 5544 3133
3 2025 4854 1526
3 3061 5732 3325
3 4771 6225 2718
3 4268 8274 4153
3 2115 6316 1226
3 2929 5171 2320
3 254 6827 253
3 1143 6556 3384
3 2372 5947 1405
3 3108 6445 5017
3 5308 6855 4138
3 2823 8105 4290
3 3803 5766 3457
3 3913 4478 1194
3 4448 6447 4466
3 4330 6414 1209
3 4486 5324 2293
3 3679 5719 4971
3 4842 5250 3228
3 2936 5953 1369
3 285 6315 4358
3 4749 6569 3773
3 2766 7960 6364
3 4368 7234 5819
3 4159 7506 5721
3 1214 5879 1204
3 1388 7290 1432
3 3358 6584 4416
3 367 6386 368
3 3271 5243 4693
3 4289 7781 5308
3 2135 5268 2133
3 4589 7443 3929
3 6824 6896 2871
3 661 5050 2696
3 7658 7845 2856
3 3303 4336 1169
3 3704 6638 3061
3 4341 4859 3327
3 1483 6227 4734
3 1008 5121 1000
3 2083 5505 42
3 4314 5303 4317
3 4324 6170 3892
3 640 5559 3127
3 3608 7405 2663
3 1210 4725 2105
3 1070 5796 5759
3 2433 7058 1996
3 345 4270 3637
3 2393 5320 268
3 2161 5055 5009
3 5955 6298 4235
3 4894 8045 3397
3 3429 7320 6306
3 2762 7944 3621
3 230 7350 5036
3 3823 7274 5188
3 1488 5312 774
3 1677 5810 1088
3 393 5696 394
3 2960 5934 5725
3 4430 6207 1598
3 4526 5001 3465
3 3498 6872 6871
3 2615 5157 4152
3 2876 1423 715
3 4310 8597 1010
3 1954 5975 2584
3 201 7533 2314
3 4372 7592 3236
3 7423 8502 394
3 3639 6815 6674
3 1632 7848 4190
3 3009 5313 2048
3 3959 4839 2117
3 5341 7287 1802
3 1848 6268 4172
3 5093 6011 3161
3 2119 5790 2120
3 1959 7952 2588
3 4188 5346 3111
3 3042 7380 5415
3 4367 7286 6119
3 3316 4619 4618
3 3268 5562 3997
3 4552 5548 137
3 273 6244 5774
3 3911 5900 3213
3 2275 5935 4193
3 1839 6363 5444
3 4685 6159 4293
3 260 7442 3953
3 154 6243 166
3 1215 6663 1706
3 3511 6607 4307
3 1022 6835 3007
3 3559 7057 4579
3 3093 5394 3265
3 1981 7199 1444
3 2883 6465 2001
3 1001 5135 1008
3 3680 8375 236
3 2762 5969 306
3 1077 5853 2462
3 3229 5026 2004
3 132 5477 2509
3 5921 5922 3328
3 1242 7247 550
3 3483 7157 4214
3 1135 5667 1157
3 3308 6349 337
3 4306 7898 1106
3 4231 6648 2228
3 3688 7429 370
3 1583 5472 2799
3 161 4139 2235
3 3063 8475 5007
3 2551 5920 2552
3 4704 4952 1963
3 4539 8392 7301
3 912 4911 2775
3 1877 7024 5251
3 2270 6796 1338
3 3376 5797 4573
3 4511 5737 2350
3 5670 8022 3453
3 6808 7243 1930
3 5235 7371 3258
3 5091 7791 3105
3 740 6043 2748
3 5464 5907 1151
3 2389 8219 1982
3 3422 5893 1921
3 222 7526 208
3 2474 8435 4447
3 3260 4163 3714
3 1301 7045 1772
3 30 5081 31
3 23 3966 2892
3 1810 6840 5435
3 3155 7331 3910
3 2085 5505 5453
3 4350 8217 7046
3 1276 5529 2657
3 4598 8162 2485
3 4373 4380 1806
3 237 6900 2356
3 2113 1515 2123
3 4225 4910 2239
3 2315 7602 3284
3 5766 6983 3045
3 307 1475 2421
3 469 5948 468
3 626 5641 3326
3 3276 6058 5576
3 4406 7484 43
3 2197 7672 7455
3 4747 4824 2233
3 4351 4385 3174
3 4067 5232 3046
3 4460 4812 1384
3 5772 8341 5135
3 7173 7433 3417
3 4556 6962 3290
3 141 4786 142
3 5721 7506 3170
3 3617 5738 5259
3 3605 7686 5251
3 420 5327 419
3 4058 7573 2194
3 3154 4724 4723
3 4957 5587 3587
3 560 7250 7249
3 4441 7670 709
3 4387 7941 40
3 546 4538 1717
3 383 6459 2088
3 4185 4283 1533
3 1781 3762 1255
3 2309 8259 6046
3 4730 6563 5346
3 4503 6012 634
3 352 4147 2795
3 2540 8519 1871
3 3324 6513 4834
3 2291 6531 3757
3 3857 6467 2820
3 3191 5981 4090
3 870 6679 5492
3 30 6995 1152
3 4354 7780 241
3 2522 6409 2523
3 2310 7311 197
3 1428 6149 6028
3 3820 7421 5867
3 2914 7826 2913
3 4597 6404 5893
3 4655 6696 1966
3 3477 6114 4720
3 4633 5638 3376
3 3418 5627 3545
3 2024 5321 2023
3 4181 5974 1090
3 2859 675 2709
3 1156 7326 6492
3 2478 7839 5042
3 4941 5671 1907
3 2300 1876 2301
3 3899 8264 4037
3 7459 8240 5740
3 1803 624 623
3 383 6539 5541
3 715 5961 2876
3 4156 7761 3318
3 3067 7167 4661
3 2269 6217 4050
3 5100 5119 3262
3 2810 7839 1652
3 2732 8127 6729
3 7470 7708 2172
3 3955 5868 3387
3 683 4274 2730
3 5379 6512 4230
3 1270 4809 1274
3 4776 7296 3222
3 1887 7586 642
3 2247 4649 165
3 6609 7005 4292
3 2675 5399 2846
3 1924 6479 2933
3 2522 6285 1830
3 3685 5862 4418
3 2570 8295 1921
3 4531 7018 3413
3 3824 7840 7361
3 3406 6791 5358
3 1202 4144 1683
3 1839 5444 2250
3 4084 5907 5257
3 2559 7853 2558
3 6605 7226 298
3 6614 6615 3060
3 5096 6952 2642
3 236 1407 2354
3 1174 7467 4761
3 4959 7809 4060
3 2551 7157 1888
3 1306 5010 3701
3 3585 7760 6228
3 6035 8438 2533
3 1074 6831 5584
3 3774 5233 4262
3 1890 5679 2553
3 2587 8245 3738
3 2571 3473 2572
3 4340 7144 4249
3 36 7660 3776
3 3461 6109 4441
3 3307 8275 4673
3 3464 5479 5032
3 4069 7241 3225
3 4740 8286 1942
3 5032 5479 3235
3 4872 6354 2482
3 3802 8040 2738
3 1382 7042 4813
3 528 2633 1306
3 4057 6178 3683
3 2211 5988 1825
3 4854 5682 329
3 2561 4457 2723
3 2536 5350 1860
3 5422 8119 3558
3 965 4348 879
3 4187 7988 1273
3 3599 7873 5057
3 3877 5519 592
3 3318 6915 4156
3 541 7737 798
3 3394 6461 5970
3 5395 6043 2745
3 1681 8522 5292
3 3428 6000 4796
3 4294 5637 2712
3 3273 6602 3080
3 3011 7353 6463
3 4462 5022 190
3 2562 5802 4687
3 2368 8117 4354
3 1341 7093 2511
3 1039 872 871
3 2259 6385 3260
3 298 5675 2395
3 2371 6477 4285
3 3286 4891 4432
3 4673 8275 3835
3 772 5026 291
3 1106 4840 2086
3 5407 7355 3976
3 1502 5704 3603
3 2859 2704 2858
3 2736 7031 1440
3 649 7156 650
3 2490 6357 4659
3 3724 7330 2176
3 829 5899 830
3 103 7804 2145
3 1878 5756 2274
3 365 4990 13
3 1883 4970 2208
3 1620 5959 5406
3 2802 5185 5184
3 472 8522 473
3 2776 6050 925
3 3316 6536 4619
3 5511 6454 849
3 5583 6627 3530
3 2260 5187 170
3 699 6086 2341
3 1131 5489 2466
3 2515 5658 2841
3 2449 6165 4592
3 1551 5778 2455
3 1636 5309 2602
3 1730 7267 2137
3 1607 5056 1606
3 256 4706 2383
3 5093 5095 1148
3 4379 7921 279
3 5544 7856 3132
3 2167 6336 2168
3 4370 5340 855
3 3213 4902 3911
3 626 6883 2678
3 3295 8186 4730
3 4254 7613 3408
3 2885 4663 2020
3 5226 5865 4196
3 3823 8151 1366
3 5643 7328 3046
3 5206 7970 4007
3 2743 7570 722
3 3126 6075 5478
3 3283 8479 4388
3 680 5977 4294
3 3503 7683 5365
3 77 2020 2116
3 4678 7987 3291
3 5471 6036 122
3 5689 6899 1879
3 4201 7795 3423
3 6080 6081 56
3 4272 7541 3603
3 1947 7871 1355
3 4658 5168 858
3 4733 7075 1372
3 4508 7796 4509
3 3134 7898 4959
3 4137 5101 1227
3 2308 5846 1890
3 4976 5139 3476
3 2796 4789 1065
3 3836 6952 5096
3 2682 5335 4837
3 2581 7349 3194
3 2879 7017 1991
3 4317 5229 4314
3 7251 7253 7252
3 190 5022 191
3 4289 7748 1700
3 651 4472 1852
3 3321 4938 4817
3 1844 6299 1321
3 2987 6149 2986
3 4653 5034 3497
3 2145 2147 104
3 2262 4649 4089
3 4469 7907 2709
3 3677 4664 3152
3 5576 6058 4118
3 5266 7195 4058
3 3190 5020 4273
3 1532 4658 1187
3 1701 8586 2821
3 3376 7757 4633
3 4428 6122 3214
3 2823 7074 526
3 1710 7782 498
3 2302 5740 4462
3 4942 7587 3536
3 3693 7448 3791
3 157 6990 2178
3 3209 7897 4629
3 3081 5968 4785
3 4798 6958 3801
3 48 4770 2090
3 3768 5694 53
3 5017 5748 3108
3 3227 4877 4542
3 544 5164 1237
3 2176 7588 124
3 3421 5175 4038
3 4903 6779 1747
3 2278 5250 178
3 2047 5995 5627
3 1446 1983 1986
3 2468 5387 3686
3 218 6947 2332
3 2469 6186 4320
3 4557 7942 7426
3 2220 7027 1312
3 4261 8411 6788
3 3896 4091 1031
3 2386 8556 4048
3 2318 5497 1929
3 3784 4808 3561
3 1639 5243 4742
3 1157 4949 4948
3 7489 8570 5022
3 3303 4621 4336
3 3995 6630 1784
3 2152 8572 4363
3 4177 5087 489
3 5661 5981 3319
3 1887 4682 1883
3 1193 3602 1596
3 167 7891 2251
3 3331 7469 4049
3 1888 7157 5613
3 1310 5250 2278
3 3485 8182 3014
3 1304 5700 4344
3 5306 8513 3604
3 1007 5248 2887
3 2003 5594 3215
3 4269 6382 3314
3 5239 7604 1682
3 5417 6180 1701
3 4344 7912 3519
3 4867 5036 3660
3 5746 6143 2919
3 3139 7292 4832
3 7504 7505 1001
3 1224 7626 5986
3 4656 5779 4313
3 5516 6822 3145
3 3146 7464 5695
3 7499 8441 3906
3 5031 6522 3506
3 1425 5172 2382
3 3384 6556 4990
3 6921 7397 2182
3 4720 6114 3574
3 4669 8153 3326
3 3984 6097 5754
3 1322 7139 2851
3 2860 4469 675
3 6909 7764 2740
3 1366 8151 2730
3 46 7607 2089
3 4341 5409 3400
3 2103 4375 4227
3 5155 7263 3523
3 513 6597 530
3 4115 5102 3504
3 3917 6869 4593
3 820 8291 3430
3 3874 7926 5706
3 3830 8196 1121
3 1758 6806 4360
3 2758 7671 7367
3 5830 7712 3415
3 1516 4174 76
3 4414 6969 3585
3 5257 6335 4020
3 2650 8069 579
3 2448 5469 2796
3 2159 7599 7405
3 433 6665 5788
3 5092 6371 3288
3 4758 6920 3088
3 4014 8101 4252
3 3252 5076 2992
3 5492 6679 2432
3 2341 7594 4438
3 668 5612 177
3 2324 4836 2327
3 3135 7809 4959
3 2208 6568 642
3 2274 6221 2273
3 5867 7421 2420
3 159 6968 2232
3 6887 7067 3169
3 2446 5378 4152
3 3275 5874 4912
3 118 4436 2654
3 909 6876 6466
3 4708 4983 2186
3 79 5563 88
3 4883 7802 504
3 4443 5253 3343
3 1712 5606 72
3 7254 8325 3338
3 4367 6119 1365
3 6164 6564 3401
3 2418 5870 1471
3 3921 4531 2102
3 1239 7939 2129
3 1856 7691 1850
3 232 6006 2343
3 1934 5913 2868
3 2306 6580 4233
3 2434 819 2419
3 663 7936 2267
3 2268 4731 175
3 4018 8029 4578
3 4967 7131 4466
3 3204 5879 4154
3 1186 8488 384
3 4661 7167 3628
3 2960 5725 1316
3 6146 8390 1785
3 5556 5557 73
3 716 7789 2386
3 4159 7869 1642
3 4406 8007 3920
3 2256 5876 1325
3 3595 6663 487
3 3339 8190 6643
3 1679 6487 2817
3 4437 6574 3648
3 4582 8436 5005
3 4566 6935 99
3 4368 8544 2220
3 150 5466 1265
3 4081 7959 3306
3 2744 5666 5665
3 7831 8076 4206
3 3646 6890 4319
3 2432 6679 950
3 1398 6529 2358
3 5063 6947 218
3 2926 5271 1325
3 3338 8325 5126
3 2959 5691 2958
3 680 4294 2712
3 3820 4728 4727
3 1196 7392 1637
3 3677 7609 4961
3 3420 6578 2839
3 4938 5930 1397
3 4870 7912 3206
3 2179 5255 3884
3 3221 6729 3841
3 3257 4078 4077
3 3103 6396 3873
3 3199 6563 4730
3 2084 7144 4340
3 3575 5726 1543
3 2188 4504 609
3 611 8504 3926
3 75 6128 2098
3 609 8130 2188
3 3043 4944 4943
3 54 7630 4032
3 178 4842 2279
3 2202 4560 4069
3 5142 5385 3393
3 4035 7125 655
3 2626 3959 2117
3 2112 7433 7173
3 4416 6584 2783
3 1170 7583 385
3 3516 7888 4897
3 5506 5691 2240
3 3170 5437 4437
3 2594 8227 4264
3 576 8417 4903
3 3264 5022 4462
3 5367 7013 4205
3 2099 7019 5175
3 2512 6977 2198
3 2883 5456 908
3 3491 5775 5083
3 4428 5679 1890
3 3370 7395 2246
3 4635 6479 1924
3 4772 7043 3301
3 1360 5555 1916
3 5435 6840 3850
3 826 5750 970
3 1222 7304 4884
3 2025 7816 4487
3 678 6592 192
3 1323 2256 2691
3 4816 6092 4020
3 1421 6365 4979
3 1923 5937 5173
3 392 8102 1170
3 5561 6686 1225
3 2391 7244 5307
3 2223 6786 5306
3 5108 7538 1524
3 6463 7353 2040
3 2537 8461 1866
3 2322 7334 4989
3 1543 5726 2760
3 1725 7171 91
3 172 6203 2263
3 2699 4433 1900
3 3548 7468 4301
3 6215 6938 4098
3 3574 7207 4720
3 6107 7524 4044
3 2429 3546 320
3 5408 7023 3852
3 3090 5485 4496
3 5189 6039 3132
3 1825 5988 2847
3 7264 8175 2844
3 983 5380 1474
3 3472 5077 4876
3 4361 4744 3312
3 695 5314 2731
3 379 6544 5999
3 5343 6407 2242
3 3980 5474 4565
3 1674 6401 1631
3 1522 6913 2022
3 4876 6088 3262
3 5337 5724 1072
3 3762 4474 1255
3 339 4255 3541
3 2358 8017 2359
3 3351 8269 4684
3 557 7666 1245
3 1962 4706 2589
3 5774 6244 1980
3 1950 7365 6598
3 582 6166 5400
3 479 4538 546
3 3920 8007 4881
3 373 4608 3197
3 4673 6138 3307
3 3285 3693 3140
3 4267 7004 2319
3 5207 5537 1842
3 3650 7176 2958
3 3910 7331 4755
3 4025 7489 5522
3 1278 7310 4918
3 3291 7987 6106
3 5120 7355 3086
3 4832 7100 7015
3 3922 4066 2890
3 3442 5110 4844
3 7420 8483 2183
3 2461 5853 1077
3 4316 6730 4318
3 1070 5759 916
3 2240 5691 2959
3 1011 4310 1010
3 3293 8191 5439
3 2614 8346 4743
3 3104 5981 5661
3 1778 5723 2203
3 6396 8423 3944
3 378 5309 60
3 917 5759 1573
3 3928 8599 6570
3 2264 7684 4497
3 3091 6031 5364
3 6904 7806 3979
3 2756 4488 799
3 3851 6918 1269
3 5911 6061 559
3 1918 4874 139
3 3584 7117 4224
3 3887 7150 1605
3 5358 6791 3177
3 3424 8058 4087
3 4525 5547 3416
3 4925 6076 3769
3 4832 6851 3139
3 463 4574 464
3 3390 6828 5564
3 2077 6071 3875
3 3588 3896 1031
3 1151 5907 3673
3 4817 7582 4052
3 259 5825 713
3 7689 7936 4297
3 4769 4770 48
3 2333 6006 220
3 4167 5260 5042
3 1558 1181 1661
3 5118 6267 3881
3 4723 7786 7785
3 6894 8037 4959
3 4166 5386 1483
3 5553 5554 2532
3 3386 6924 4329
3 2728 6257 4114
3 1864 6248 2246
3 4140 7254 3150
3 433 6346 6345
3 138 7214 2198
3 4705 5830 3415
3 1795 1764 1098
3 4641 6982 117
3 3029 6238 6237
3 4612 5018 899
3 1991 4017 4016
3 2208 6899 3579
3 4649 8526 165
3 527 4984 1747
3 3354 5814 4130
3 1255 6350 3669
3 2078 4698 4142
3 3242 8341 5772
3 4632 5294 3184
3 6539 7825 4115
3 5306 6786 1327
3 5083 5775 1826
3 2582 5182 181
3 2421 6736 2420
3 3376 4672 4671
3 4832 7015 3058
3 3236 7607 7133
3 4287 7345 4415
3 5590 7064 2998
3 1628 7392 1196
3 2090 4066 48
3 2306 6838 193
3 1822 4520 4519
3 3073 8076 6368
3 3341 5008 1451
3 4539 7301 3898
3 3002 4246 3001
3 2707 4111 2285
3 2241 5506 2240
3 3457 5125 3803
3 2308 7923 5768
3 3997 7483 4915
3 4817 4938 2357
3 4440 6075 63
3 3236 6037 4453
3 7413 8618 1902
3 1113 4093 2079
3 3005 6526 1375
3 5893 6324 1921
3 4804 7445 3758
3 6280 7439 1308
3 3238 5757 4232
3 3662 8193 5473
3 6485 6909 2739
3 6317 6318 126
3 2466 5489 4106
3 5599 7008 3237
3 1845 7874 6313
3 6408 7107 172
3 4419 5246 3182
3 2958 5691 3650
3 4417 8541 1012
3 93 5442 1264
3 6895 8220 3280
3 2255 6206 2254
3 713 5416 259
3 2289 5441 5377
3 4975 6670 2693
3 3737 4904 500
3 5162 6078 3789
3 1702 6180 5417
3 2587 6912 1957
3 5115 7748 4289
3 1893 2556 2557
3 2744 6094 721
3 4044 7524 283
3 4344 6201 3196
3 3844 8484 3269
3 3272 6234 4736
3 2859 4381 2704
3 4154 5151 3204
3 1976 4645 4155
3 96 5373 569
3 4332 5420 3151
3 5745 5753 3728
3 752 4358 3589
3 4643 5437 3170
3 4725 7165 2105
3 4466 6447 1159
3 2288 5441 2289
3 2322 4989 4278
3 146 6049 2212
3 570 5011 1091
3 2337 4236 1386
3 3306 7959 5118
3 1101 5004 2867
3 2448 2796 1065
3 5231 5987 2006
3 1145 7101 3966
3 474 4928 471
3 4562 5701 1386
3 2209 6932 2210
3 3053 7105 4943
3 3734 7464 3146
3 5645 7142 3171
3 1991 6415 2879
3 167 8507 2250
3 3556 7579 244
3 3982 5757 5599
3 2751 6919 3790
3 1301 6264 4242
3 5336 6746 3488
3 4869 6824 3802
3 1245 7228 557
3 4554 7286 1348
3 4609 5137 3060
3 5455 6167 2388
3 3686 5871 3337
3 2168 5685 1817
3 3935 6565 3934
3 4683 8142 3687
3 5828 7521 1260
3 5809 6716 3934
3 2263 6408 172
3 4291 5849 70
3 1739 1738 1092
3 1908 5305 3845
3 5692 5865 3933
3 2206 5013 2207
3 4730 5346 3295
3 4294 7186 5637
3 255 6997 5972
3 5856 6699 1696
3 377 4821 1158
3 1817 6630 2167
3 2631 5177 80
3 5105 7782 1635
3 138 6260 1814
3 3496 5810 4642
3 1258 7119 2648
3 2583 5470 5174
3 4434 8247 1887
3 6386 7545 6567
3 3360 6123 3992
3 1017 5854 1018
3 4437 5060 3170
3 207 8454 4833
3 2465 8242 1078
3 4754 5522 3264
3 4509 8258 4508
3 2535 6030 1857
3 165 8526 7971
3 4010 6949 4047
3 81 6933 2117
3 6474 7394 7293
3 4347 6135 3206
3 3196 5551 4344
3 6125 8268 3517
3 3826 5592 5195
3 3374 7961 4842
3 3822 4435 29
3 1778 5668 2500
3 69 6434 2105
3 8324 8483 4386
3 2145 7759 579
3 2243 6407 3948
3 5606 6940 3598
3 4088 7464 3734
3 2410 8326 4762
3 6643 8190 2141
3 80 6464 2631
3 2255 6406 6206
3 2856 5461 1896
3 1644 4913 1645
3 4681 6660 4973
3 1674 7138 5302
3 179 7052 6443
3 2921 4415 2920
3 1367 3584 2580
3 2500 7844 1778
3 2493 4196 1746
3 2718 6225 685
3 1337 6980 5325
3 2269 6980 1337
3 784 6202 1112
3 2924 6077 1853
3 4052 6562 3321
3 4871 6254 1079
3 220 6006 5619
3 3232 6691 3600
3 3326 5641 4647
3 3201 8304 3751
3 1385 5064 1398
3 711 6798 2380
3 1693 4291 480
3 4591 8165 6667
3 1438 6249 5666
3 4885 5351 3080
3 1068 4113 995
3 5184 8603 2802
3 141 7863 4105
3 2633 5010 1306
3 5425 7900 1363
3 335 6856 1553
3 4892 7004 3522
3 6047 6656 1253
3 3940 6050 5048
3 3058 7015 4570
3 6437 8519 2540
3 5197 6669 3062
3 7018 7430 3076
3 6981 7588 2176
3 4049 7469 2288
3 1960 7952 4934
3 5225 5908 3169
3 2422 8590 309
3 2412 8148 3697
3 5021 7032 4738
3 3930 6029 2332
3 4653 6545 1200
3 6151 7234 1312
3 846 7687 4505
3 1980 6244 778
3 1435 6782 5316
3 3917 6048 403
3 2213 5486 4860
3 2710 5916 1905
3 194 5846 2308
3 4912 6378 143
3 4227 7289 4083
3 5725 5934 3721
3 3605 5251 5079
3 4517 5550 3323
3 4212 8271 5636
3 3020 5342 39
3 3958 6110 4622
3 1900 6671 4040
3 1044 4638 3419
3 2526 4691 3759
3 8222 8224 8223
3 3569 7173 5467
3 2586 6874 4015
3 2630 6676 5563
3 3248 5137 4609
3 4761 7887 1634
3 4110 5771 5525
3 2193 5654 4565
3 1018 5854 3006
3 4681 4973 262
3 2951 7140 1882
3 1642 7869 6405
3 3484 5178 4486
3 3045 5753 4796
3 2504 6723 2505
3 1327 8513 5306
3 500 5508 3737
3 3737 5610 3154
3 1158 5552 4356
3 80 5177 1244
3 5107 6988 3451
3 417 4854 329
3 226 5722 228
3 1702 5549 2822
3 3208 4843 4439
3 1305 5052 1368
3 5086 7962 3692
3 2308 5768 194
3 5577 5989 3738
3 3933 5865 1739
3 2331 8499 4646
3 2772 6853 3881
3 2626 5792 3959
3 4032 8164 4343
3 660 5773 1847
3 3815 7530 3151
3 6575 7129 3878
3 1631 5794 4736
3 4795 6430 346
3 3181 8120 6882
3 3655 5145 940
3 2480 5659 1206
3 5814 7825 46
3 2588 4680 1959
3 3431 4555 4446
3 2293 5379 4230
3 3988 8390 6146
3 7348 8366 5150
3 5041 5087 4177
3 3982 5599 3237
3 2480 6354 4872
3 2592 7036 2779
3 1197 45 2087
3 2077 7648 2
3 2876 5961 4048
3 3999 7355 5120
3 1749 5460 3669
3 3850 6777 4578
3 2621 6045 2817
3 1989 5601 541
3 1672 7138 2473
3 3212 8364 5133
3 5980 8550 6698
3 1183 7023 5408
3 4921 5193 1167
3 4770 6741 4778
3 3995 8397 6630
3 5388 6161 3656
3 1224 5676 1183
3 2420 6736 2979
3 2380 6515 2381
3 2876 5196 1982
3 3991 4970 2547
3 5509 7324 3535
3 1794 7470 120
3 3459 6807 5573
3 374 4947 1611
3 200 8277 4001
3 283 4930 1512
3 1226 4769 4768
3 3682 6981 4456
3 4886 5007 3479
3 3151 5831 4489
3 4094 6619 3712
3 785 6251 6188
3 7435 8062 3368
3 2554 6694 1892
3 4406 6563 3199
3 5021 8265 4513
3 3621 7943 2434
3 699 4977 700
3 1012 8541 1558
3 3392 7110 4204
3 5857 6755 3726
3 767 7792 4819
3 4418 5862 3507
3 5478 6075 1649
3 2902 7202 3796
3 625 5915 5399
3 1866 8461 2538
3 3685 6862 5862
3 7000 7984 2334
3 2563 6701 2564
3 5936 7559 3915
3 2310 6404 4597
3 2567 5425 2726
3 1683 4144 474
3 4243 5670 3453
3 5093 8066 5095
3 4511 6371 3148
3 2004 4549 3229
3 1237 6277 544
3 4038 6887 3169
3 4251 7407 392
3 6140 6442 2539
3 1300 4394 3381
3 14 5285 4322
3 451 8365 74
3 3213 7078 4468
3 1436 5440 1435
3 3531 4828 3001
3 1700 5417 1701
3 2107 5790 4470
3 3716 7841 2725
3 5120 6815 3735
3 3337 5334 3705
3 2582 7534 5015
3 3182 7517 4419
3 3791 8266 4070
3 4156 5287 3323
3 4180 6744 4522
3 3700 7074 6275
3 4473 6200 2361
3 899 6688 6419
3 945 5168 1996
3 2626 2117 494
3 6783 6885 3948
3 2799 5805 1583
3 1079 6383 404
3 3470 6217 2671
3 4301 6849 3548
3 1157 4947 1135
3 4526 7289 1696
3 2265 4665 4127
3 1785 5363 1820
3 4268 5973 2531
3 4639 7446 2207
3 4736 5794 1630
3 773 5312 2004
3 3472 5090 5077
3 4194 6158 2477
3 1760 8184 2494
3 5366 7474 6
3 1576 7511 5507
3 4560 8299 3066
3 5740 8240 3335
3 3373 7102 3818
3 4496 5745 3090
3 3828 6904 6070
3 2319 6108 4267
3 246 5989 247
3 642 6568 1866
3 1399 5994 2361
3 5373 6604 2645
3 5245 5367 4037
3 2674 8122 623
3 3073 6936 5552
3 3953 7706 4215
3 4479 6008 3922
3 3321 5930 4938
3 3189 8265 5021
3 3073 5552 4109
3 4317 5303 4656
3 5154 5183 3195
3 5860 7766 14
3 1865 6720 1330
3 4296 4617 1729
3 7300 8612 1192
3 2447 5195 4908
3 4859 8530 698
3 408 409 2798
3 4282 7832 4281
3 3493 6825 4746
3 3190 6433 5198
3 3706 6844 4472
3 4039 8120 3181
3 5754 5755 3238
3 1028 1584 1029
3 1953 4699 2377
3 2635 6595 4829
3 4549 4739 3229
3 1645 4890 1644
3 481 1693 480
3 3607 5894 2726
3 2153 7717 1765
3 3051 5393 4999
3 2677 6555 1816
3 77 5813 2885
3 1859 6030 2536
3 4367 4756 3278
3 1184 4884 2096
3 5474 7271 2192
3 1136 6237 13
3 4787 8137 1379
3 1654 6992 4440
3 3219 6049 3729
3 994 8254 5796
3 7421 8480 2421
3 3086 6815 5120
3 4978 6659 6646
3 1526 7816 2025
3 4070 7477 7049
3 3211 5039 4543
3 3674 4922 612
3 2720 5769 4620
3 3458 6822 5516
3 2298 7063 187
3 2359 7090 3446
3 4911 7655 4182
3 467 5608 468
3 2180 7640 128
3 5617 7339 488
3 2854 6910 650
3 2252 7947 1861
3 4569 7661 1666
3 3426 5231 850
3 1890 5846 4428
3 2496 6714 1766
3 5126 8325 2085
3 1765 5603 2153
3 202 5025 4461
3 3322 4466 4465
3 1161 7735 1158
3 71 4553 493
3 5038 5039 3211
3 6636 8577 3652
3 1378 7765 216
3 4153 7938 4268
3 1527 8336 2458
3 6393 7805 4899
3 4798 8543 3092
3 1295 5878 4688
3 2548 3991 2547
3 3141 6973 4212
3 4107 6931 1870
3 2344 5546 2345
3 5506 5822 3650
3 971 6224 979
3 6525 6573 2381
3 1311 7179 2216
3 5407 6674 3086
3 1087 6494 1705
3 371 8189 370
3 4345 7213 4055
3 4859 6662 3327
3 4661 6011 3067
3 372 5895 35
3 4284 7496 2369
3 3878 5748 3322
3 5360 6159 92
3 4645 5978 2736
3 5379 8279 3136
3 4743 7062 1182
3 3724 7915 6100
3 1329 8071 2263
3 572 8097 1731
3 4356 8471 1158
3 5998 7672 627
3 5187 6636 3652
3 1982 5196 261
3 5184 8088 3644
3 2393 5256 269
3 2744 5665 4420
3 2840 5521 1094
3 3625 7295 2791
3 3904 7276 4747
3 2401 6376 288
3 2587 6709 4085
3 205 8531 5304
3 2793 7258 6003
3 4567 5265 3066
3 1893 5758 2556
3 297 5090 5089
3 4197 5295 2166
3 5907 7187 3673
3 5747 6701 2563
3 7349 7663 3194
3 337 5869 338
3 4619 6536 1816
3 5228 5800 3114
3 2399 6193 4014
3 4678 7722 3848
3 5825 7629 1455
3 2133 6772 3501
3 4710 6070 2039
3 1302 5144 2195
3 1802 7287 5216
3 1303 5564 613
3 855 5340 738
3 4988 6289 3529
3 4720 7207 5
3 3190 6770 4909
3 4260 8288 3065
3 327 7943 960
3 6232 7597 5055
3 4693 5243 3464
3 2411 5280 1434
3 3507 7624 4418
3 1492 7768 57
3 2585 7354 2586
3 589 6232 5055
3 1030 5047 1586
3 1476 8056 308
3 4296 8608 4617
3 409 8459 2798
3 4965 5356 3227
3 3250 4907 4652
3 1151 5880 5464
3 613 5564 614
3 2276 5777 2701
3 221 7000 2334
3 1955 5989 5577
3 4987 7550 5874
3 3213 5900 3797
3 2764 5760 834
3 3463 7879 605
3 726 6315 285
3 2433 8114 2001
3 1875 6436 4369
3 3682 8468 6981
3 3446 5786 3925
3 5376 5928 5559
3 3381 4806 4674
3 1691 4864 460
3 40 8546 1159
3 2872 6474 1975
3 165 5098 3311
3 419 7630 54
3 277 4954 2745
3 4755 7331 1163
3 178 1869 2278
3 2807 8395 1621
3 2504 7132 6723
3 1441 5279 273
3 3113 6752 3424
3 4887 6272 3547
3 4127 8579 4995
3 2291 7296 2292
3 4593 7291 3917
3 2750 5457 4841
3 7198 8004 3450
3 4456 6981 125
3 5364 6031 3628
3 4908 5532 352
3 1401 7272 3814
3 4906 6865 3263
3 16 5733 5183
3 5411 8364 3212
3 5091 5516 3145
3 4375 8514 7605
3 4444 8532 3157
3 1870 6931 3544
3 4416 5781 3358
3 4726 5014 2142
3 2301 8410 4682
3 4288 8203 5181
3 3878 7128 5748
3 2132 6333 4112
3 5288 6588 2069
3 229 7223 5786
3 5734 8263 4717
3 2591 5149 1546
3 5894 6194 2666
3 3390 6985 4328
3 1223 6742 2751
3 3212 5429 4002
3 178 5250 4842
3 1321 6299 4791
3 630 5014 631
3 3174 7953 4735
3 1769 6064 1296
3 2996 3898 2995
3 2684 3880 3544
3 6253 6444 3995
3 4855 7536 3623
3 1605 5820 3887
3 2840 5954 1776
3 3152 6929 6265
3 1358 7974 5059
3 5264 7214 2513
3 4364 8572 2152
3 2471 4926 1630
3 1475 6239 2763
3 3068 6298 4340
3 4464 8481 3492
3 3221 6660 4575
3 4735 5776 3174
3 2021 4506 55
3 164 4838 2244
3 4858 5256 2393
3 2512 5597 1810
3 4429 7958 3380
3 549 5926 3785
3 3221 8142 6729
3 1694 4080 3620
3 2615 7511 1576
3 2662 5965 1291
3 3507 6591 6430
3 2469 6879 1625
3 2382 6790 2373
3 5968 6310 3472
3 5234 5820 2466
3 1250 5834 1246
3 1453 8503 297
3 4982 6601 3946
3 3831 7568 4718
3 4115 7825 5814
3 2483 4872 2482
3 4020 7357 1622
3 4829 6595 3359
3 271 6429 721
3 7522 8414 3411
3 4547 5957 3063
3 4382 6749 1932
3 1729 5468 566
3 2194 7573 136
3 1887 8247 4682
3 1340 5806 1339
3 1777 5356 4965
3 3199 4730 4176
3 1784 6630 1817
3 3855 6308 3854
3 3173 7259 4721
3 4717 6621 4470
3 1931 7082 2714
3 199 4694 2312
3 1227 7552 4137
3 2374 5994 3556
3 2682 4837 636
3 3650 5691 5506
3 650 7156 2854
3 1073 5724 4007
3 3146 5623 3734
3 2736 5978 5491
3 3974 4217 705
3 2399 8065 4379
3 2230 5209 5075
3 4403 7399 1635
3 4709 7858 4390
3 4114 6257 1805
3 4611 8356 3591
3 4924 7883 5325
3 2373 6790 244
3 618 4994 2190
3 1901 5802 2562
3 2248 7192 4256
3 5587 7209 3587
3 3917 6748 1066
3 4577 7748 3293
3 5413 5415 3931
3 7718 8048 4074
3 4544 8025 62
3 4933 5812 3166
3 4001 8304 5962
3 1432 5092 4799
3 3558 8119 6330
3 2732 6729 4683
3 3918 4703 1954
3 2813 7399 4403
3 6861 7457 3784
3 2525 4691 2526
3 5035 5565 2859
3 1936 5812 2576
3 1357 4888 1910
3 1226 4770 4769
3 6158 7991 4915
3 695 6498 3612
3 190 6967 2302
3 2108 5369 2629
3 4750 8146 6502
3 3616 6785 5304
3 2110 6613 5762
3 308 6239 307
3 1251 4929 555
3 709 6451 2376
3 638 7281 637
3 3554 6082 3657
3 4481 8479 3283
3 4476 5949 5312
3 6350 7396 1749
3 3349 7438 7437
3 3385 5233 3774
3 4542 8604 5782
3 4217 5165 705
3 3323 5287 4517
3 2559 4588 1895
3 4572 7640 2180
3 4037 5367 3243
3 4348 6392 980
3 2184 6930 131
3 5989 6709 3738
3 4271 5309 1636
3 6838 7480 193
3 1239 522 523
3 781 5762 4179
3 2820 6304 4181
3 4277 5645 3171
3 1560 6078 5162
3 2950 6811 1354
3 1533 5443 4305
3 2082 7260 41
3 3110 7010 4427
3 2906 7389 6879
3 5905 6570 1981
3 6179 6288 3414
3 2181 8451 3825
3 2346 4857 4856
3 483 5161 1218
3 1507 7803 3902
3 3116 8427 4426
3 4779 7867 1874
3 3251 7704 5736
3 2490 6431 5468
3 450 4631 2619
3 2249 5669 4996
3 4671 5797 3376
3 4047 5800 3228
3 4770 4778 2090
3 4715 4716 2750
3 3301 7875 4772
3 3184 5294 3769
3 2822 6180 1702
3 1420 7290 1388
3 3220 7611 3951
3 2274 7321 1878
3 4573 7757 3376
3 67 4902 4468
3 2239 8033 5049
3 5223 8270 3777
3 1437 5675 1445
3 3544 8576 1870
3 1735 5839 3540
3 2430 5263 4104
3 3231 5034 4653
3 1440 5136 2736
3 4094 4610 1279
3 2838 4514 1097
3 4497 6093 3167
3 4034 6778 6615
3 4005 6288 6179
3 3883 7260 4235
3 3879 6588 4521
3 1153 3822 369
3 4939 7461 3267
3 4688 5878 3275
3 3303 5087 5041
3 3490 6647 5785
3 4278 4989 3767
3 3525 7770 5996
3 3320 4719 3319
3 2415 7279 4528
3 4328 6828 3390
3 3380 5669 4429
3 4249 7144 43
3 4099 5164 544
3 1932 5064 1385
3 8049 8050 3115
3 8287 8601 2210
3 3675 5159 3717
3 3718 5676 2628
3 368 5586 4712
3 3549 7008 5599
3 2814 6868 1655
3 3565 6940 5606
3 3243 6547 3899
3 1413 6485 2739
3 2906 6879 4320
3 1585 7614 5054
3 483 6279 3666
3 1086 7661 4569
3 1198 5611 394
3 2082 4986 42
3 2070 6020 2616
3 5483 6740 1162
3 4448 7537 3070
3 4124 7766 5860
3 4449 6240 3074
3 1323 5876 2256
3 4431 6571 4214
3 5653 7805 1199
3 4746 6825 3119
3 2442 6493 4982
3 4918 5242 3353
3 3857 8486 2103
3 3898 7341 4494
3 504 7802 321
3 4414 7733 4
3 6014 8311 2477
3 1571 5715 350
3 4140 8325 7254
3 4157 7235 3105
3 5085 7829 2163
3 2762 5028 5027
3 353 2062 402
3 2596 6901 2067
3 2382 4767 1425
3 2202 8079 7166
3 404 6048 361
3 3864 7698 3709
3 4121 5846 194
3 2588 7952 1960
3 44 5402 4881
3 2114 6211 5561
3 187 5938 2298
3 175 4632 2269
3 1768 6543 4542
3 2613 5149 4998
3 5440 8284 4556
3 2177 7856 5190
3 1184 8084 2430
3 4510 8322 2404
3 2621 5292 64
3 5619 7964 2334
3 2774 6876 909
3 4535 6719 2410
3 5207 7395 3370
3 4984 7924 2649
3 532 4880 293
3 2687 5405 1313
3 4998 5149 2591
3 6512 7041 4230
3 2361 5994 2375
3 2499 7045 1301
3 1896 5461 2558
3 2498 7178 1772
3 3729 6480 4850
3 1636 5311 2475
3 234 8171 2349
3 3868 7933 4955
3 2614 8347 8346
3 4121 8133 3350
3 2726 6079 2567
3 625 5882 4393
3 3790 6919 2833
3 7301 7341 3898
3 4878 6400 2733
3 4856 4857 1415
3 4957 5502 3366
3 199 8152 4694
3 2752 6325 83
3 5770 6052 2669
3 4352 5696 1200
3 7407 8102 392
3 3195 5596 3454
3 2141 5040 95
3 741 5395 753
3 312 5735 857
3 306 5969 2419
3 4738 6768 3189
3 5062 7916 5545
3 2106 5940 70
3 5183 8236 16
3 4 7733 4720
3 4276 6007 1895
3 1888 5613 1349
3 3861 8109 3019
3 4744 4745 3312
3 2558 8374 2559
3 4686 5783 3395
3 2094 6184 1664
3 4467 7456 1840
3 2316 8064 5475
3 1637 7392 2475
3 2973 6799 3300
3 5516 7235 5300
3 3894 5906 885
3 4021 4828 3531
3 5422 7106 4423
3 885 4459 3894
3 2210 8601 7910
3 4759 5783 1851
3 1218 5557 483
3 7 6281 1610
3 2629 5369 3595
3 1688 6453 6021
3 2983 4858 2982
3 3811 4238 3259
3 4660 6205 3331
3 995 5053 1585
3 721 5280 271
3 4418 7364 3685
3 4265 4532 342
3 3612 5314 695
3 5782 8604 3444
3 3150 7124 4140
3 574 6421 2646
3 5173 7616 3302
3 857 5735 858
3 4889 7054 4164
3 3978 7312 2314
3 2688 6030 1859
3 4557 8195 6410
3 1908 7311 2565
3 1808 8276 2540
3 3291 7479 4678
3 1358 6754 5572
3 4793 8303 181
3 3424 8059 8058
3 1164 5453 1162
3 3859 6925 5573
3 2234 5069 154
3 4742 7862 1639
3 1401 6420 4879
3 4373 5113 4380
3 1455 7319 4250
3 3260 6483 2259
3 312 6926 5543
3 3093 8498 3887
3 467 5974 466
3 3245 5105 4591
3 1744 5728 2670
3 1141 7474 19
3 4015 6874 6148
3 4756 4771 3278
3 2491 5221 2659
3 6907 7235 4157
3 4162 7700 4609
3 2499 7702 5318
3 5742 7189 1745
3 1696 6699 5001
3 35 8189 371
3 3236 7592 5186
3 4209 6805 3453
3 4902 7035 1670
3 4783 6063 3494
3 5152 5272 2335
3 2550 6788 1887
3 1335 5249 665
3 2561 2723 2562
3 5023 5246 3487
3 1188 5352 455
3 4674 6800 3381
3 1173 5097 4026
3 4684 6066 3233
3 1597 8077 4170
3 1655 5101 4137
3 3479 5298 4977
3 580 4651 2650
3 6430 6591 4013
3 4383 6075 3126
3 3671 7205 6682
3 4607 7892 6669
3 323 5456 4627
3 1429 6793 267
3 6018 7384 3280
3 193 7480 2307
3 3971 6791 6394
3 1451 4281 3341
3 2842 5560 2516
3 2544 5756 1878
3 176 4779 2273
3 2454 6005 4536
3 4562 5277 3342
3 3389 6998 5343
3 6137 7083 3441
3 1086 5105 1635
3 2206 7454 638
3 4712 5586 3149
3 4274 6787 4473
3 2692 6313 3706
3 175 4731 4632
3 4100 8220 6895
3 5439 5917 3293
3 1991 5012 4017
3 3478 5337 4750
3 521 4757 520
3 2419 5969 2434
3 4188 8511 5346
3 4888 7645 3115
3 1710 4899 4403
3 1172 8191 5115
3 3726 6755 6680
3 3727 6312 2834
3 4426 5921 3328
3 4448 4466 3322
3 4686 6294 1854
3 4453 7607 3236
3 126 6318 2177
3 3828 7806 6904
3 1843 5910 2227
3 4446 7514 3431
3 5545 7916 3788
3 3885 8358 3884
3 4895 5562 1624
3 1800 5859 2178
3 3944 7728 6396
3 5141 5142 3393
3 699 7108 4977
3 1854 5205 1851
3 79 2118 2486
3 4774 7847 3135
3 4924 6780 3301
3 878 965 879
3 234 6711 2350
3 191 8570 2303
3 3353 4919 4918
3 3504 6539 4115
3 3364 7562 5646
3 4142 8233 41
3 3027 5596 4322
3 1240 4518 2897
3 5070 7095 2171
3 4243 7154 5670
3 3848 7987 4678
3 5546 6356 1964
3 2154 5204 1265
3 721 6429 2743
3 1834 6684 2537
3 1219 6993 498
3 4505 7687 7177
3 3025 5234 2466
3 6958 7920 3800
3 4144 4928 474
3 4919 5685 2168
3 2995 6521 2994
3 788 4804 1463
3 4637 5138 3223
3 5044 7072 2568
3 4219 8102 7407
3 1885 7434 4262
3 2877 7388 4244
3 2584 6289 1954
3 2431 6533 942
3 4959 7898 4306
3 6923 7147 2271
3 480 5124 481
3 5353 5354 1267
3 3305 6664 5912
3 1693 8573 4291
3 6027 8204 4258
3 1908 5428 5305
3 3762 6245 4474
3 4240 5184 3448
3 2226 6432 5098
3 2183 6921 2182
3 5744 7886 4043
3 5 7207 1134
3 5518 5815 3371
3 3443 5585 356
3 3820 5867 4728
3 3290 7050 5440
3 2877 7191 1984
3 1877 2544 2541
3 1225 6686 320
3 3570 7061 5008
3 1475 6736 2421
3 1619 5959 1620
3 2035 5726 3575
3 6454 7295 3625
3 1767 6147 4213
3 4050 5254 175
3 3619 7697 4654
3 1900 4040 2699
3 1430 6763 3820
3 1266 4831 2155
3 4380 5113 2724
3 714 4589 2387
3 2140 4929 1249
3 687 5891 2721
3 19 7474 5366
3 2219 6583 4364
3 4827 6735 2554
3 249 5889 250
3 2680 5275 5132
3 1216 5574 487
3 5706 7926 2526
3 5093 7585 3750
3 3521 6601 5433
3 3784 7457 4579
3 5598 7311 1908
3 4050 5712 2267
3 2534 8071 1329
3 1288 5859 5209
3 2169 2518 599
3 4083 7289 4526
3 4627 5202 322
3 2086 5213 1106
3 6671 6672 4040
3 4465 6575 3878
3 2998 7064 2997
3 3817 6556 22
3 3452 7103 6351
3 1429 7285 843
3 30 5082 5081
3 3818 5943 3373
3 2399 7210 4404
3 3976 7652 7254
3 4452 7161 107
3 2522 7826 2521
3 71 5141 3890
3 4691 8228 3759
3 1313 5405 4831
3 1836 6117 2952
3 3168 7917 6111
3 8360 8361 777
3 5157 6301 4152
3 6994 7937 3604
3 5074 5769 2720
3 4366 8330 5932
3 3969 6961 3676
3 3074 6240 6171
3 1933 5616 2304
3 4301 7468 3087
3 1277 6258 4877
3 1803 8122 6428
3 1662 6008 398
3 244 5330 2373
3 5167 7660 1156
3 4263 5037 3315
3 1583 6116 2064
3 1625 7389 5871
3 526 7074 2632
3 164 6697 5864
3 1772 7178 5534
3 320 6686 2429
3 1641 6014 2477
3 5437 6172 4437
3 5436 7619 1203
3 2562 4687 2561
3 3662 5473 4285
3 1584 5614 1029
3 1066 6975 3937
3 3891 8492 5122
3 1954 8542 3918
3 3411 7041 6512
3 4359 5877 3318
3 398 6008 2606
3 2085 5951 5505
3 4573 5153 1955
3 3976 7254 5407
3 3652 7110 5187
3 6745 8238 3702
3 586 5431 2652
3 833 7347 1538
3 4043 7886 5831
3 407 5683 2809
3 5132 5275 3466
3 3835 7186 1919
3 2278 5261 2277
3 233 6711 2346
3 3264 7489 5022
3 4605 4636 872
3 5071 7103 1281
3 2658 4616 2653
3 6763 6877 3838
3 1349 7041 1888
3 5193 5397 1167
3 4258 5918 3635
3 918 1573 1585
3 5444 6363 3611
3 5441 8086 3402
3 2646 6421 4697
3 5736 7704 3968
3 6693 8532 4444
3 2320 5171 2321
3 1720 6631 5460
3 1973 5113 4373
3 1926 5129 1371
3 5785 6647 3771
3 1026 8043 1027
3 1411 5877 4359
3 3177 6384 4892
3 647 8613 2849
3 4491 6720 1865
3 3317 8124 5717
3 3147 7514 4446
3 4073 7859 4964
3 254 6997 255
3 4142 7675 2078
3 6118 8589 32
3 1869 5261 2278
3 1018 6953 1017
3 5453 5505 2083
3 4209 8131 2080
3 5020 6809 130
3 1528 8116 2882
3 387 5813 1168
3 1267 5354 2131
3 3186 5215 4095
3 684 8217 4748
3 2120 5096 2119
3 4988 7728 1960
3 562 5442 93
3 4410 7639 3793
3 3181 8233 4698
3 1671 7906 1673
3 1415 4857 234
3 8011 8015 8012
3 5109 5815 2366
3 4692 5293 1324
3 2800 5147 2063
3 4807 7142 1640
3 5439 8191 4277
3 4808 6330 3561
3 5293 7551 1324
3 2083 6068 4478
3 4496 5485 3336
3 2162 4395 117
3 1920 7274 1111
3 2367 8103 2412
3 6112 6634 2365
3 3803 6983 5766
3 1354 6811 2303
3 1662 5883 4483
3 2552 5920 2281
3 369 3822 29
3 1777 4965 2500
3 4617 8564 1729
3 3366 5587 4957
3 4340 6298 3391
3 3132 7856 5189
3 4459 6309 3586
3 4730 6144 4176
3 427 7383 4057
3 1970 8517 1972
3 95 6041 2141
3 2568 8606 1915
3 4922 7808 1913
3 1522 7364 4418
3 4594 7358 3435
3 1309 5203 3703
3 5114 8202 3975
3 2390 7084 2985
3 4386 6147 3632
3 482 8134 5124
3 1285 6854 2175
3 1865 6417 2537
3 2206 5747 4493
3 4793 4794 3411
3 1857 6569 2535
3 3096 5290 4955
3 2865 8017 6022
3 1311 5486 1801
3 2079 7188 1617
3 2689 6446 5528
3 4059 7338 6589
3 3497 6545 4653
3 3564 6344 4498
3 2565 7311 2310
3 5513 7174 601
3 4469 6830 6145
3 5341 7398 4087
3 4225 8002 1865
3 2330 8499 2331
3 443 6695 1656
3 188 8411 4261
3 2545 6929 4550
3 2088 6539 383
3 5875 7283 641
3 638 5784 2206
3 2224 8042 4732
3 2544 5935 5756
3 2937 7854 5170
3 4350 6777 3850
3 3839 7694 4726
3 3088 6920 6090
3 840 5845 5844
3 1860 5350 2533
3 1595 7753 801
3 3307 6138 4741
3 3427 6685 5121
3 4095 8134 482
3 1067 6784 2607
3 1830 8368 3744
3 2844 8581 1790
3 5734 6273 3383
3 1649 6069 1648
3 3175 4644 3844
3 5077 5841 3057
3 6 7474 4509
3 2212 6377 1798
3 8223 8225 8222
3 4779 7321 2273
3 2125 6278 85
3 6319 6530 3715
3 4955 5290 3613
3 5269 8164 1079
3 4189 8432 5034
3 2356 7365 1950
3 1205 4923 4725
3 4206 6468 1612
3 1626 5794 1631
3 74 7433 2112
3 4507 6153 3319
3 1715 7548 5274
3 3394 5970 5146
3 3807 7373 5866
3 3908 7740 5677
3 5403 6607 3511
3 117 6982 2164
3 4285 6477 3662
3 2858 5035 2859
3 3534 5318 1293
3 2343 7528 232
3 2245 7744 4207
3 2925 5876 1323
3 1793 7904 2845
3 3708 6693 4141
3 852 5646 853
3 4432 7780 3286
3 6085 6683 4623
3 3503 6738 3740
3 4305 7671 1533
3 6062 8609 1213
3 5070 6734 3467
3 1941 5744 5420
3 4458 6183 1470
3 5650 7650 64
3 4007 5530 1073
3 3286 7780 4354
3 5584 6831 5016
3 4312 6174 4311
3 3572 7847 4774
3 3905 5467 3417
3 1180 6712 5467
3 1195 8441 7499
3 5355 5481 3694
3 6726 6727 3495
3 1692 5940 2102
3 2675 8203 4288
3 2210 4824 4747
3 3862 7867 4779
3 5387 6488 1629
3 3161 8066 5093
3 3600 5529 3232
3 4643 7506 5479
3 1464 6503 1453
3 4786 6179 3414
3 4776 5379 184
3 393 5843 2604
3 5864 6697 3611
3 1300 8047 4394
3 85 6278 6277
3 1694 6550 1695
3 3368 8562 4321
3 4973 8009 263
3 2404 8322 4981
3 2365 6634 240
3 1361 7466 2944
3 1983 5848 1447
3 1536 5622 4037
3 2811 5193 2812
3 1218 8115 7213
3 2913 7826 2522
3 4403 5653 2813
3 174 5117 5103
3 2146 8492 1258
3 136 7790 2194
3 3453 6090 4243
3 6710 7409 296
3 1343 7446 4639
3 1190 7131 4967
3 1566 5795 4483
3 3115 7645 4917
3 42 5955 2082
3 4521 7010 3879
3 4773 6741 6316
3 1411 6440 3287
3 76 1515 2113
3 3526 6543 4746
3 76 4174 1515
3 5013 5784 3533
3 7809 7847 3994
3 6745 7440 694
3 1207 6797 1689
3 3521 7416 7415
3 5042 7839 2811
3 3260 7646 6483
3 5146 5822 3394
3 13 6235 1136
3 3896 6821 4091
3 4677 6689 3347
3 871 5492 1039
3 3801 8543 4798
3 4463 7181 702
3 1895 5768 4276
3 3 6969 4414
3 4261 6788 1885
3 2481 4913 1643
3 1844 5502 4957
3 4296 7267 6884
3 2093 5186 396
3 1968 6109 4738
3 2241 6266 5343
3 3001 4828 3000
3 2340 5036 4867
3 4977 5298 3442
3 6809 8451 2181
3 3526 7721 7673
3 321 5480 1525
3 2822 5549 4079
3 2146 6425 579
3 1298 7026 4401
3 2706 4111 2707
3 3107 6306 4972
3 2909 5406 4012
3 1538 5923 5245
3 4238 4962 3259
3 4466 7131 4465
3 4694 8152 4133
3 3371 6042 5518
3 315 6110 3958
3 3474 8528 2516
3 5980 6698 3647
3 6395 7760 3585
3 2293 5324 184
3 3239 7457 6861
3 5896 6717 3821
3 28 6928 27
3 3060 6778 4898
3 3430 5028 2762
3 2763 8314 1475
3 5845 5906 3894
3 3279 8584 6131
3 6766 7494 3398
3 3837 6704 5323
3 1812 5264 5084
3 527 5010 2633
3 4784 8187 3903
3 1099 5658 1789
3 3983 5757 5401
3 4453 6037 2071
3 1355 5305 1947
3 2089 7607 4453
3 3685 6686 5561
3 3100 8356 4611
3 2927 5319 658
3 2313 4673 1919
3 260 6518 5455
3 104 8492 2146
3 1066 6869 3917
3 1776 5954 633
3 5178 5679 3214
3 4210 7808 4922
3 7721 7844 4965
3 26 5586 368
3 1196 6099 1628
3 3612 6498 3422
3 2565 5428 1908
3 1538 5622 833
3 197 6452 5297
3 3715 6580 6319
3 1772 7045 2498
3 3871 7711 6482
3 1203 7327 5436
3 4240 8088 5184
3 7122 7430 5239
3 4259 6926 312
3 885 5906 3893
3 700 7554 4382
3 1882 7838 3903
3 7354 7654 2586
3 1157 4948 4947
3 3140 5012 3285
3 2410 6719 3882
3 4456 7955 3682
3 1187 4658 1492
3 206 6751 5644
3 4646 8392 3362
3 6370 8093 2634
3 3258 7371 5720
3 403 6236 3917
3 2196 8376 5915
3 156 5946 5945
3 1209 6414 1210
3 665 4765 664
3 4367 7828 4756
3 4741 6138 2312
3 1872 5251 1873
3 2312 7824 4741
3 2121 6152 81
3 2885 5813 387
3 4540 7544 3523
3 5573 6925 1962
3 4895 7653 5562
3 3226 5873 4421
3 3305 5912 4063
3 1 8006 0
3 4955 7933 3096
3 4769 7516 4768
3 399 6803 1662
3 3415 7104 6163
3 2214 5486 2213
3 492 5385 493
3 2857 6955 6954
3 3529 7728 4988
3 662 5808 637
3 2468 2807 1621
3 1963 6013 4704
3 5079 6534 3605
3 220 5619 2334
3 1761 8362 3712
3 4478 6068 1194
3 4674 4806 1341
3 5866 7373 4131
3 4712 6118 368
3 4083 7468 5176
3 2709 4381 2859
3 6729 8142 4683
3 4996 7192 2248
3 7133 7607 4484
3 2351 4704 235
3 6117 7140 2952
3 1632 7794 1676
3 1300 6255 4687
3 2332 6091 3930
3 4400 5787 3446
3 3595 5369 1706
3 1390 7964 2342
3 4421 7100 3095
3 2494 5094 1759
3 5261 5761 2277
3 5455 6518 4217
3 2321 3747 2320
3 4598 6846 3816
3 5338 7203 3142
3 2943 6246 1891
3 6344 6345 3044
3 4729 5947 3223
3 2910 6092 4816
3 5524 6252 4246
3 2833 6891 3790
3 1332 4464 2697
3 233 7997 2345
3 3464 8158 4643
3 3730 6839 4567
3 3920 7797 4406
3 5015 5024 2582
3 1865 8002 4491
3 5058 7610 652
3 4662 8569 3647
3 3815 4489 688
3 2732 4683 1392
3 1815 5242 2505
3 98 7521 5828
3 4321 8562 7444
3 1148 7585 5093
3 540 1989 541
3 1635 7399 1086
3 5196 5416 261
3 4424 5772 339
3 2067 6834 2596
3 801 7724 1595
3 4980 7457 3239
3 2866 227 1387
3 2876 6557 1423
3 6351 7103 5071
3 8388 8389 8387
3 4057 6490 427
3 4585 5809 1795
3 3334 5585 5568
3 5567 5568 1577
3 3453 7941 6090
3 1851 5783 1854
3 3748 6909 3323
3 4876 5968 3472
3 5467 6712 3569
3 6709 8354 4085
3 2739 6909 2740
3 4719 5661 3319
3 5089 5090 3472
3 2832 6312 3727
3 6777 7046 2729
3 642 7586 2208
3 3202 8332 4028
3 5657 7864 2427
3 3275 6127 4688
3 4377 6440 250
3 3542 7382 5290
3 4755 6259 3910
3 4320 7593 2905
3 2346 6711 4857
3 1265 7529 150
3 5962 8304 3201
3 2024 5526 5263
3 6230 7422 5255
3 3325 5620 3061
3 1899 5158 2560
3 2922 7238 6542
3 354 6192 5663
3 6133 7419 264
3 3559 6837 4808
3 6564 8329 1146
3 5708 5710 3186
3 3598 8587 5606
3 2102 4531 4009
3 5047 6213 1586
3 1344 6362 4805
3 657 5773 3499
3 4245 5510 3307
3 6460 7242 1597
3 1507 4622 889
3 3228 5800 5228
3 3307 6596 4245
3 4179 6613 4178
3 497 7935 1710
3 2498 7045 1773
3 2539 6442 6441
3 176 6065 4779
3 3364 6579 4862
3 4155 8020 1976
3 5573 6807 3859
3 5075 5209 2507
3 4022 7635 2749
3 4476 5312 1488
3 3197 7754 4435
3 5183 5733 3195
3 1978 5978 1976
3 3862 8240 7459
3 2112 6080 74
3 2087 7946 4774
3 5970 8536 2527
3 3294 7597 4726
3 5810 5811 1088
3 1579 8227 2594
3 4194 5718 3272
3 112 6773 2157
3 3699 5807 1502
3 4892 6384 2318
3 509 2113 2123
3 4887 5129 1926
3 2340 5051 4543
3 5375 7986 5097
3 681 6673 2715
3 4510 7995 4997
3 3694 8135 5355
3 4868 8317 2658
3 4800 6561 3840
3 4987 6767 1771
3 3610 6662 4859
3 4644 8087 3844
3 385 7583 386
3 4621 6845 496
3 2812 5042 2811
3 2713 6627 5583
3 5002 5207 1842
3 1805 7170 2725
3 5804 6519 2443
3 5143 5517 3157
3 1610 5602 7
3 6090 6920 4243
3 3272 6158 4194
3 231 4397 2340
3 2420 7421 2421
3 871 4636 1040
3 4048 5196 2876
3 1344 4805 667
3 2066 8594 2889
3 1640 7142 49
3 1992 7284 3312
3 2535 6569 4749
3 4649 6248 4089
3 1782 6042 2504
3 432 6346 433
3 2945 6530 6319
3 3496 5811 5810
3 5524 6743 2326
3 5512 8333 91
3 2017 5662 295
3 3672 4823 4822
3 1536 3094 833
3 2303 8570 7160
3 3391 5955 5505
3 6658 7669 5660
3 3468 7800 4945
3 3740 6468 6111
3 5393 5394 3093
3 4537 6281 9
3 4726 6214 3294
3 2714 5583 1360
3 242 6283 4870
3 2907 7389 2906
3 3343 5914 4443
3 4729 4823 3672
3 1446 5848 1983
3 3184 6980 4632
3 2375 5994 2374
3 2315 8064 2316
3 262 4973 263
3 1192 8612 6589
3 7126 7576 4335
3 5471 7374 3233
3 1089 5488 2819
3 835 5863 2764
3 1459 6520 5826
3 2750 4716 1977
3 5180 6247 2943
3 1624 8395 1085
3 3224 7255 4744
3 3293 7748 5115
3 2984 7084 4222
3 1736 5580 1733
3 3057 6088 4876
3 3428 5753 5745
3 5034 8432 1165
3 1215 6993 5289
3 1302 5752 1871
3 4706 6358 2383
3 4462 7755 3264
3 4604 7486 3106
3 2132 4112 2156
3 925 1074 924
3 4632 4731 3375
3 4137 6946 2814
3 3111 7159 4188
3 4390 7858 7656
3 2216 7179 6888
3 1678 5488 1691
3 598 6806 1758
3 3790 6891 2149
3 5505 5955 42
3 3871 6482 5620
3 3780 7681 4577
3 3535 7122 6976
3 3637 8030 846
3 3114 5640 5228
3 482 6649 4095
3 2727 6746 5336
3 1811 8376 5548
3 3523 6753 4540
3 1838 5822 5146
3 1909 8272 6098
3 4279 6002 3575
3 3180 8181 4454
3 3415 6163 4705
3 3261 7975 6241
3 2745 6043 277
3 4548 6055 2319
3 1347 6987 6001
3 5313 7676 2594
3 3461 6484 4634
3 3122 8431 4615
3 5491 8008 712
3 192 3690 695
3 2816 4571 1677
3 148 5418 2216
3 4205 6546 3243
3 4408 7257 2870
3 4972 7320 1628
3 2268 7882 3573
3 1400 5803 1462
3 2742 7443 713
3 1760 7431 3703
3 3798 5927 3124
3 2760 5726 817
3 3568 7545 3860
3 2178 7589 1800
3 3850 6840 4350
3 2145 7804 2147
3 624 8203 2675
3 136 5421 2195
3 5526 7113 4104
3 493 4553 3641
3 1729 8564 4529
3 1320 7938 5359
3 4513 6495 1961
3 2766 6771 4568
3 5473 5551 3196
3 4123 8508 7834
3 4533 7613 1160
3 129 5684 4158
3 2423 6509 309
3 6423 8436 4580
3 3480 6324 5893
3 1332 8618 7413
3 3628 6898 4661
3 3157 7620 4445
3 1167 8396 392
3 3804 7906 1671
3 3712 8362 1759
3 2623 7339 2629
3 5433 6601 3945
3 3012 7353 3011
3 4363 8572 3226
3 7656 7858 2295
3 3006 6835 1018
3 4208 8226 4117
3 5001 6699 3490
3 4857 6711 234
3 2319 6055 4438
3 4059 8612 5429
3 3173 7239 3749
3 4445 6642 1461
3 6839 7880 3731
3 6567 7545 3568
3 3306 6227 4081
3 1027 8352 2788
3 4480 5035 2858
3 4806 5806 1340
3 6178 8594 2066
3 2250 5669 2249
3 5628 5629 1863
3 1044 7477 4638
3 2558 5398 2275
3 3274 6867 5504
3 566 7266 1729
3 1945 5971 2290
3 1571 4795 347
3 3781 8132 6017
3 5489 7091 4157
3 3431 7514 4708
3 6335 7357 4020
3 4013 7574 1566
3 2585 7757 4573
3 772 5626 773
3 1420 5219 2384
3 3877 6702 5519
3 5056 6866 3726
3 3413 6624 4531
3 2683 8095 5376
3 5323 8148 3837
3 4244 6223 2877
3 5816 8300 3120
3 4805 6362 4806
3 3607 6194 5894
3 552 6307 5096
3 3220 6612 3777
3 4396 7198 2875
3 5620 6482 3061
3 4226 7596 346
3 4483 5883 1566
3 5305 5572 3845
3 2138 8190 3339
3 97 6214 4726
3 2214 5471 1309
3 4711 5822 1838
3 4275 4473 2361
3 4042 5436 69
3 1775 6421 1754
3 2723 5265 4567
3 4878 6865 3695
3 82 7120 531
3 174 5712 5711
3 4396 7637 1443
3 6107 8328 7524
3 2035 6546 3658
3 2585 5577 1957
3 4019 8570 7489
3 4910 8216 1834
3 3237 8514 3982
3 3396 5906 5845
3 664 5939 665
3 3935 5203 1309
3 5303 8082 4319
3 3589 6903 752
3 746 8239 305
3 216 6091 219
3 3952 6451 709
3 4516 8434 3489
3 7952 8550 4065
3 1199 6393 1218
3 2704 6832 5123
3 2900 5650 1202
3 5970 6461 3923
3 4493 7454 2206
3 3632 6147 1767
3 3604 7937 5306
3 291 6496 5104
3 4319 6890 3055
3 1399 6200 5714
3 1175 5391 5262
3 3264 7755 4754
3 5523 8400 3175
3 5522 7489 3264
3 4638 8067 3315
3 3350 6122 4428
3 2580 6074 1367
3 2867 7016 1931
3 2174 8406 5684
3 1309 4378 2214
3 4654 6516 1732
3 1447 6902 5890
3 2580 7007 1943
3 466 7493 467
3 4958 6314 3412
3 3043 5276 4944
3 3766 5833 5304
3 2307 7923 2308
3 2806 4666 3193
3 3511 4307 1497
3 5304 8531 3616
3 2811 5397 5193
3 3082 7110 3392
3 5156 7000 221
3 7163 7987 3848
3 5393 7731 4999
3 4567 6839 2722
3 4572 6620 1800
3 4860 8430 147
3 5693 5694 3180
3 711 6149 2987
3 1530 7768 858
3 629 6966 1257
3 5091 6136 3867
3 2268 7936 7689
3 2027 7359 6523
3 1691 6715 4642
3 4427 6834 2067
3 3821 8287 2847
3 1273 5447 4187
3 3749 7702 2499
3 5176 7468 3548
3 194 5768 4588
3 1386 5277 4562
3 205 6751 206
3 5977 7082 3360
3 1200 7318 4653
3 2164 5866 595
3 5443 8116 4305
3 3285 6554 3423
3 5245 5622 1538
3 8017 8018 2359
3 1004 8224 8222
3 3050 5912 5141
3 803 8334 1470
3 2243 6461 2242
3 1732 6516 106
3 4955 8547 3868
3 6662 8543 5197
3 1840 7565 4467
3 2239 5049 185
3 1612 6468 5503
3 1650 6992 1654
3 1558 8541 1181
3 1163 7331 4249
3 5392 8352 1027
3 4778 8281 47
3 1976 5978 4645
3 175 5254 2268
3 4741 6596 3307
3 3242 5772 4424
3 337 8104 1552
3 3046 7328 5964
3 365 6352 4990
3 2040 7353 3427
3 919 7076 3663
3 5892 7512 1799
3 3999 8311 6014
3 4741 7824 3188
3 2601 5344 3954
3 5719 5998 1971
3 4048 6603 2386
3 255 6398 254
3 1652 7839 2478
3 1164 6922 5126
3 3503 5183 5154
3 3188 7824 4914
3 2250 8398 167
3 7812 8474 4378
3 1343 6161 5388
3 1714 6676 2630
3 2638 4488 2756
3 2288 7873 1345
3 2267 5254 4050
3 3910 6259 5419
3 3323 6485 4156
3 5868 8126 4007
3 1878 7321 1874
3 2667 5763 4615
3 5507 8160 2793
3 4990 6556 3817
3 1173 6181 2604
3 2241 5343 2242
3 57 6107 2098
3 4990 6352 3384
3 2453 6635 2049
3 5500 7335 2422
3 4482 6633 2874
3 4923 7165 4725
3 498 7782 4802
3 851 4071 1486
3 135 6439 3573
3 3788 7916 531
3 1695 4080 1694
3 4374 6484 3461
3 6062 7323 3620
3 2543 1876 2300
3 3097 6364 4119
3 3385 5928 5376
3 2712 5035 680
3 2680 5132 633
3 965 6392 4348
3 5000 6390 3201
3 4350 7046 6777
3 2849 5689 647
3 4973 6660 3221
3 2505 5242 2504
3 1407 4869 2738
3 1934 8508 6585
3 2840 6702 5954
3 1322 4845 654
3 3306 5807 4734
3 2689 6569 1857
3 1158 8471 1161
3 1091 5460 1749
3 3362 8392 4539
3 721 6094 1434
3 1089 7165 4923
3 3310 6657 4721
3 3992 5977 3360
3 161 8268 6125
3 856 312 857
3 1634 7887 4430
3 3408 6113 4254
3 3147 6889 4464
3 1269 7054 4889
3 5188 5349 3823
3 2819 7619 7165
3 6343 7821 3083
3 3402 6832 5377
3 4023 7217 448
3 3362 6582 4646
3 3623 7536 3160
3 7083 7292 3509
3 644 7932 5368
3 4443 5914 2882
3 4424 4425 3242
3 2261 6154 171
3 1584 4932 2451
3 917 1573 918
3 3643 6369 37
3 1217 5762 781
3 1671 7078 3804
3 3080 6480 4885
3 1302 8519 6287
3 3591 7515 5363
3 4188 6340 2808
3 722 7570 725
3 3490 5785 5001
3 5502 7139 3366
3 1871 8519 1302
3 2017 6229 510
3 3919 8145 4837
3 3556 5994 1399
3 4185 7950 4283
3 3937 6974 6142
3 2386 7319 259
3 4754 7755 3335
3 1733 5580 5579
3 2712 5565 5035
3 4986 6068 42
3 4095 5708 3186
3 1602 5327 1048
3 5301 6331 1812
3 2246 6248 2247
3 2488 7011 3304
3 1622 5406 4816
3 1008 5430 5121
3 1916 8051 2304
3 3457 5766 5681
3 1280 6914 2519
3 50 6303 2093
3 841 5844 3586
3 2025 5682 4854
3 4161 5732 3248
3 4038 6196 3421
3 414 7509 2612
3 3727 7393 2832
3 1899 7845 7658
3 4090 6877 6763
3 2576 8238 1936
3 669 5088 2280
3 3774 5928 3385
3 122 6036 2174
3 4034 5987 3426
3 1200 6545 4352
3 817 5726 2035
3 4483 7720 1662
3 1655 5102 5101
3 6265 8063 3874
3 4029 7833 2733
3 1655 7242 6460
3 4704 6696 235
3 3567 8271 4212
3 2267 7936 5254
3 1800 7589 4572
3 4946 5917 1648
3 4722 7106 3562
3 1982 8219 2876
3 2237 6961 4041
3 4292 7005 560
3 3882 6719 6646
3 4697 6421 1775
3 2681 4721 636
3 189 5740 2302
3 471 4928 472
3 3994 7847 4430
3 2492 5861 5742
3 210 6010 4920
3 1105 5503 1155
3 3652 8577 153
3 1855 7238 4523
3 3422 7218 4597
3 4412 6960 2804
3 3160 6379 3623
3 4530 8160 6216
3 1647 5375 4148
3 4067 8159 5600
3 218 6582 5063
3 3708 6690 6219
3 4192 7435 601
3 1260 7521 4253
3 3833 7760 6395
3 4121 8286 4740
3 3274 5504 2136
3 5433 5434 3064
3 1298 5438 2165
3 786 5593 785
3 4518 6418 6126
3 1785 7868 5363
3 2081 7735 1161
3 2246 6703 1864
3 8124 8234 5717
3 2561 8210 4457
3 599 5454 4697
3 2874 6374 3863
3 4633 7757 2585
3 3750 6220 6011
3 3304 7011 5177
3 2502 5208 2140
3 5034 7196 3497
3 1162 5381 1164
3 5206 5724 3478
3 4384 8440 2184
3 3916 6623 146
3 2619 8365 451
3 1755 7723 1095
3 4852 5654 135
3 4883 6724 1523
3 2242 6407 2243
3 1498 4605 872
3 4589 5898 2387
3 6042 7132 2504
3 2429 1522 2591
3 4634 6768 3461
3 3255 5310 4702
3 5411 5798 3022
3 5297 6404 197
3 4707 6061 3897
3 5690 6689 4677
3 1607 6866 5056
3 821 8291 820
3 305 8239 4086
3 2904 3804 2903
3 3917 7291 6048
3 4213 8090 2518
3 2695 8221 4692
3 5429 8612 1159
3 2319 7004 203
3 3655 8106 4540
3 217 5156 2330
3 3124 5741 4991
3 4530 6678 3782
3 5525 8178 115
3 1218 7213 1199
3 4341 8530 4859
3 4844 6749 3442
3 2143 5828 2651
3 6007 6221 1895
3 4193 7686 3605
3 1668 4571 2816
3 3498 6871 885
3 5999 6544 3340
3 3256 5604 4077
3 9 6281 8
3 1822 8122 2674
3 2764 5863 3576
3 171 6154 4649
3 3660 5328 2352
3 2173 7374 5471
3 498 6993 486
3 3941 7335 5500
3 5578 5885 3916
3 3577 5167 4329
3 5646 7562 853
3 3639 6922 6594
3 3417 6023 3905
3 6011 6220 3067
3 198 8442 2311
3 4916 6214 98
3 6456 7065 3514
3 1651 5260 5224
3 6092 8107 4020
3 5279 7606 3939
3 2933 6479 6271
3 4808 7057 3559
3 5121 6685 336
3 3290 5440 4556
3 2188 5068 4504
3 3875 6920 4758
3 3902 7803 7347
3 1204 5713 1214
3 1395 6222 703
3 2434 5969 3621
3 1603 6003 2889
3 4427 7574 4013
3 339 7798 4255
3 6185 6520 83
3 3972 7396 6350
3 3376 5638 4672
3 3310 5654 4852
3 6650 6651 6649
3 5503 6468 3740
3 1439 8027 3665
3 853 4764 852
3 2321 5171 4992
3 4524 7892 3299
3 4105 7863 1767
3 2757 5956 801
3 4885 6480 3352
3 5814 8281 4130
3 813 5371 812
3 66 7145 4797
3 256 6455 4706
3 6199 7663 7349
3 4884 7304 501
3 3351 7769 4218
3 5849 6819 3642
3 5418 8430 2216
3 4500 6397 2163
3 2504 7310 1782
3 3981 7942 4557
3 1479 7928 4988
3 2887 7725 4425
3 2744 8195 4557
3 2859 5565 675
3 1372 7075 4867
3 3696 8048 7718
3 2919 6143 2918
3 3177 6791 4331
3 3281 5651 5045
3 3885 5544 3451
3 3511 5543 2746
3 3884 5255 3133
3 2311 6452 197
3 4830 8446 1315
3 273 5774 1441
3 3709 6643 96
3 4446 7441 3147
3 269 6793 2393
3 3410 7641 5671
3 4714 5634 3092
3 1430 4727 2392
3 3903 8187 7346
3 5659 5678 1206
3 1992 7285 7284
3 3749 7047 3980
3 3771 7559 5785
3 2118 7939 523
3 1910 5652 2281
3 7845 8205 4324
3 1486 4071 849
3 3092 5634 4798
3 4886 5902 2866
3 2754 6024 793
3 3088 6552 4758
3 4479 7734 6008
3 5057 7873 2288
3 2588 7647 4680
3 4928 5292 472
3 5946 8458 3377
3 5729 5944 2843
3 6589 7338 3432
3 3960 8160 5507
3 2233 8615 4624
3 3184 6780 4924
3 6775 6795 3131
3 2350 5737 234
3 4708 7514 6348
3 392 8396 4251
3 4738 8495 1968
3 6009 6166 108
3 1306 4126 4125
3 4083 5176 4227
3 745 8239 746
3 2302 6967 1884
3 5048 6050 2776
3 5543 6926 2746
3 4170 8077 3524
3 1028 4932 1584
3 3947 6399 4865
3 1335 5113 1973
3 644 5368 643
3 3776 5167 3577
3 6391 6449 3500
3 1391 6970 4308
3 2871 5547 1424
3 4964 7859 4963
3 1221 6128 75
3 4914 7824 198
3 4769 6901 2596
3 6667 8165 1519
3 1670 7035 1689
3 6156 7785 2616
3 4595 7034 2699
3 4044 7233 2098
3 3826 6953 5592
3 3782 8160 4530
3 3296 8172 4559
3 6141 7349 2581
3 3657 6592 3554
3 5431 5432 2652
3 5446 7172 1187
3 4646 6582 2331
3 8096 8474 1801
3 4523 7238 3961
3 4109 5552 4821
3 3957 7886 5744
3 3400 7881 4524
3 4276 7480 3745
3 2096 7714 1184
3 588 7747 2653
3 3794 7729 2694
3 5110 7102 3373
3 5862 6862 3110
3 4401 7026 5295
3 3294 6214 4916
3 6155 8173 3901
3 6073 6539 3504
3 1025 8144 2805
3 4856 7771 3525
3 3413 6314 4958
3 5794 6500 1630
3 57 7768 1530
3 150 7529 645
3 4565 5474 2193
3 3255 6150 5310
3 5136 5316 1396
3 7277 7962 5086
3 3299 7892 4607
3 4670 8551 7178
3 478 7566 6675
3 4504 7878 3183
3 2258 6483 3514
3 3205 7192 7143
3 47 8281 2089
3 269 5256 4223
3 2806 6678 4530
3 5850 7872 5851
3 4205 5179 3658
3 1138 6270 4508
3 4682 8410 1883
3 142 6127 2205
3 5954 6702 3877
3 5181 6428 3298
3 1422 5898 4201
3 2943 6247 6246
3 5098 6243 2226
3 4241 7837 3533
3 5413 7360 2800
3 2869 5793 4648
3 4692 8553 4630
3 2289 5377 183
3 4108 8003 3148
3 3162 8391 5114
3 2092 7149 1198
3 1369 7584 2935
3 4659 4889 2489
3 2978 6736 1475
3 5503 6738 1155
3 1495 5410 4713
3 2297 8202 5114
3 198 7824 2312
3 860 859 895
3 2396 7942 1440
3 4177 8566 5041
3 5855 7453 147
3 3225 5265 2723
3 1932 6749 4844
3 2148 7703 4718
3 4507 5981 3191
3 2683 5376 2684
3 724 7001 5214
3 594 6157 593
3 6090 7941 4387
3 4037 5622 5245
3 204 6108 2319
3 7722 8370 3848
3 4701 6842 3198
3 4323 8342 90
3 390 6833 1519
3 2547 4970 1883
3 4891 7132 6042
3 4002 5798 3212
3 6261 7255 3224
3 3408 7613 4533
3 3022 5798 3021
3 7239 7702 3749
3 1640 6172 2476
3 4440 6992 6075
3 890 5741 3345
3 3592 6800 4674
3 2628 6171 3718
3 5496 5979 2503
3 4364 7817 2219
3 2277 5761 1342
3 7130 8132 3781
3 3189 6768 4634
3 34 5586 26
3 2266 7811 4852
3 3494 6063 6016
3 3593 6767 4987
3 5261 5730 3517
3 607 6714 4735
3 3395 5783 4759
3 4892 5901 3177
3 5847 7054 3869
3 2263 6203 4838
3 3703 7431 1309
3 5665 5666 3665
3 4928 7116 5292
3 4745 7928 1992
3 2921 6542 4287
3 144 7028 3629
3 6397 7539 116
3 3930 7765 5358
3 2272 6923 2271
3 3673 7745 5895
3 4464 5335 2697
3 2267 7503 663
3 4706 6455 2589
3 1512 5872 788
3 6521 6528 3287
3 2360 6373 245
3 1966 6013 1964
3 4728 8419 4727
3 5705 5992 3580
3 4647 8193 3662
3 19 8215 15
3 4758 6552 3408
3 1169 6986 3303
3 192 6592 3657
3 2745 6315 726
3 4827 7730 3778
3 184 5379 2293
3 6828 7659 5564
3 1152 2891 30
3 4504 8440 3101
3 3483 5707 5613
3 1866 4936 642
3 5988 6623 3210
3 2470 7563 3913
3 3428 5745 4496
3 5993 8410 2301
3 3152 6265 5706
3 4979 7272 2413
3 489 8428 4177
3 4071 6864 1484
3 5435 6977 1810
3 1984 7388 2877
3 3708 8532 6693
3 8119 8605 6330
3 3133 6101 5190
3 5674 6928 3161
3 7593 7906 2904
3 1759 4094 3712
3 663 7503 5266
3 7632 7633 7631
3 27 7836 28
3 3435 7358 4394
3 1219 6058 3276
3 4485 6689 3041
3 7055 7459 2301
3 5350 6030 2535
3 1965 6387 4655
3 4007 5724 5206
3 850 5231 732
3 1388 6019 1420
3 2002 4764 853
3 459 7963 4148
3 3948 6885 4838
3 5695 6337 1139
3 3335 6065 4754
3 1834 3579 2849
3 5370 5371 813
3 2531 8274 4268
3 2819 5488 5240
3 6103 8419 4858
3 4877 6610 1277
3 3495 6727 6590
3 1432 7290 5092
3 486 5639 498
3 5158 8555 177
3 3849 5956 5166
3 3163 8094 4791
3 1402 7662 5139
3 1097 6524 2845
3 260 4801 715
3 8005 8006 1
3 3421 6196 5908
3 4378 8474 8096
3 658 5271 2927
3 2014 5061 449
3 3262 5968 4876
3 4239 5906 3396
3 4354 6135 3286
3 459 5843 393
3 1815 5697 5033
3 697 8530 4341
3 4746 7164 3493
3 3531 7482 4021
3 2365 6420 1401
3 282 6607 5403
3 3912 5569 5434
3 4117 7473 2292
3 1796 7435 7322
3 3342 5475 5297
3 5166 6511 2767
3 4575 8142 3221
3 1626 6186 2469
3 5040 8190 2138
3 22 8329 6564
3 3491 8380 4564
3 4084 5257 1617
3 3152 5706 3677
3 1773 7550 2498
3 4241 5784 638
3 784 7375 4546
3 6273 6819 3383
3 1160 5225 1132
3 3477 7733 4414
3 5727 8323 2227
3 250 6440 249
3 1416 7181 4463
3 6329 8111 3756
3 4552 5301 1811
3 1834 6568 3579
3 1246 5268 1250
3 614 4777 1822
3 5706 6265 3874
3 3046 8159 4067
3 2218 5649 4570
3 2849 4910 1834
3 190 8187 6967
3 3071 6475 3843
3 5775 5800 4047
3 484 5556 485
3 2566 6082 2565
3 6004 7831 4206
3 4720 7733 3477
3 3506 7502 5031
3 2763 4495 2977
3 1272 7599 2159
3 3561 6861 3784
3 6423 6424 4579
3 3816 7650 5650
3 6915 7997 4156
3 6054 7382 3542
3 4607 6669 3800
3 5518 6042 1782
3 3973 5727 4803
3 3890 6664 5369
3 2741 6603 5961
3 4886 8297 5007
3 5010 7343 3700
3 127 7589 2178
3 2292 7473 2291
3 3657 3690 192
3 1355 7871 5024
3 1365 6119 4018
3 4992 8154 6751
3 5147 5472 1583
3 3065 7351 6605
3 2096 3564 2114
3 2 6654 2078
3 3634 7105 5632
3 5530 8126 3084
3 3391 7356 4340
3 1035 6721 2050
3 6208 6215 4098
3 4879 6420 301
3 2366 6774 5080
3 909 6466 2883
3 2141 5979 5496
3 5731 6120 2842
3 5911 7020 3897
3 2700 5612 2701
3 3554 6906 5428
3 4668 5838 3927
3 2301 7459 189
3 1019 7558 5218
3 5232 8605 4353
3 2120 7870 3836
3 6914 7929 4030
3 1279 7174 5513
3 1270 8125 6177
3 4398 4721 2681
3 4519 8122 1822
3 216 7765 6091
3 3118 7134 3803
3 2141 6041 5979
3 2178 7071 127
3 5481 6619 2661
3 4446 4555 2188
3 5979 6041 1780
3 274 4482 1456
3 4322 5285 3027
3 1525 6508 2111
3 4577 5417 1700
3 3683 6489 4057
3 2101 5618 62
3 3353 5685 4919
3 5269 8585 5322
3 5066 8332 3202
3 5331 6181 1173
3 3662 6477 4647
3 2595 5567 1577
3 3065 6605 4792
3 2 7648 6654
3 2673 8024 4366
3 524 5734 525
3 1440 7942 5136
3 2346 5287 233
3 1745 7189 2670
3 104 7759 2145
3 8392 8499 1381
3 2735 6484 4374
3 5713 8115 5161
3 5357 7777 3112
3 4920 7048 2325
3 3854 8241 3855
3 3163 8335 4942
3 3438 4949 1163
3 1069 7705 5338
3 2164 7520 117
3 3219 6329 5198
3 1534 6326 950
3 6541 7898 3134
3 1470 6183 911
3 2798 6869 1066
3 1972 8294 7982
3 720 7637 2875
3 1752 6914 1280
3 3315 5538 4263
3 3590 6719 4535
3 2351 4952 4704
3 4491 8002 2238
3 1810 5597 4748
3 2612 7509 6308
3 2252 8000 168
3 2325 7048 4419
3 4432 6448 2367
3 4465 7131 1614
3 3153 7236 6040
3 3464 8053 4693
3 4183 7561 5588
3 4697 5454 2646
3 2771 4605 1498
3 1219 7282 6058
3 3962 6600 5500
3 4245 7141 2711
3 3316 7621 4590
3 3563 7576 7126
3 1983 7411 1986
3 3186 5799 5215
3 4297 7936 663
3 4856 6970 1391
3 700 6086 699
3 4954 6472 1984
3 39 5342 2080
3 2120 5790 3753
3 6090 7115 3088
3 5007 8297 3123
3 2174 6053 1797
3 2725 7170 2724
3 4672 8237 253
3 2330 6843 217
3 5085 6361 1757
3 7361 7947 2536
3 6109 6768 4738
3 320 5217 2430
3 4478 7563 3429
3 32 8157 367
3 1397 5930 5163
3 4480 6627 5035
3 4401 5295 2492
3 167 8398 1840
3 4988 8542 6289
3 159 4624 153
3 6630 8397 597
3 940 8106 3655
3 2865 8018 8017
3 4779 8240 3862
3 1390 7301 1381
3 1746 6336 2493
3 4402 8520 2228
3 4535 7226 3505
3 5359 7938 4153
3 2804 6105 4412
3 5060 5721 3170
3 1249 6047 2140
3 4233 7147 6923
3 1449 6102 5267
3 2669 8466 596
3 3806 7654 7354
3 3105 7801 4157
3 4054 7602 2316
3 3681 6274 5948
3 4402 5332 2529
3 4180 7961 6744
3 483 5557 484
3 3905 6510 5467
3 3841 8009 4973
3 3768 8473 5269
3 2342 7964 5619
3 2107 5799 1698
3 2467 6092 1616
3 679 6830 2860
3 4700 7305 2265
3 2671 6217 1337
3 2332 6029 218
3 3829 6795 6775
3 1320 8464 7938
3 4293 6159 5360
3 1072 5724 1073
3 5957 6095 3818
3 4765 7316 4433
3 3844 8087 4943
3 4015 5638 4633
3 268 6103 4858
3 3912 8490 6856
3 1780 6041 554
3 4980 6450 3985
3 6256 7878 3420
3 4531 6624 4009
3 4564 5284 3491
3 6485 7761 4156
3 5428 6082 3554
3 5052 6320 1368
3 2089 5814 46
3 1085 7118 1624
3 3929 7443 2742
3 1573 8253 1585
3 1727 5720 1287
3 2999 7608 5451
3 1427 6870 4906
3 4332 5793 2869
3 3045 6983 5753
3 4552 7086 2678
3 4957 6299 1844
3 3021 8449 3020
3 49 5645 2091
3 2804 6960 360
3 4540 6753 3655
3 2494 8184 5094
3 4754 6065 2272
3 120 6677 1794
3 22 6556 1143
3 2845 7377 1097
3 4016 6415 1991
3 4866 7149 2092
3 3803 5125 3118
3 4760 7140 6117
3 4838 7744 2244
3 4948 4950 1611
3 2847 5896 3821
3 2078 7675 2
3 3483 6571 6402
3 1447 5890 1102
3 2657 5529 3600
3 1554 7806 3828
3 3679 5998 5719
3 8380 8381 4564
3 2710 5533 678
3 5831 7886 3141
3 2687 6038 2848
3 6161 7790 136
3 4600 6160 4602
3 4910 8613 163
3 2841 7901 1784
3 5151 7567 3204
3 2808 6335 1623
3 45 7946 2087
3 3174 5776 3840
3 6967 8187 4784
3 3147 7441 6889
3 3740 6738 5503
3 6153 7363 1480
3 2624 6986 388
3 433 5788 432
3 5012 6554 3285
3 2312 6138 199
3 1490 7692 4476
3 4797 6849 2821
3 810 6040 1471
3 1097 7377 2838
3 1430 6599 4090
3 2653 6232 589
3 5244 6526 3005
3 3114 5764 5640
3 4414 6228 3477
3 254 7764 6827
3 4687 8047 1300
3 503 6724 4883
3 3575 6540 4279
3 5464 5880 3295
3 1590 6435 1071
3 4796 5753 3428
3 2518 8090 3543
3 3804 8535 2903
3 5103 8373 3592
3 2552 5832 5527
3 5605 7556 1645
3 1360 5583 5555
3 5279 6963 3614
3 4487 6305 2025
3 5754 6097 3986
3 744 7635 768
3 5005 8436 6423
3 19 5366 366
3 2277 8372 2278
3 596 8466 2659
3 2180 6620 4572
3 2570 8355 2314
3 3169 7067 5225
3 4422 7635 4022
3 2091 7718 49
3 2819 7165 1089
3 4205 7012 5179
3 2833 6312 2832
3 4597 5893 3422
3 3918 7317 4703
3 3750 6011 5093
3 4486 7644 3484
3 3416 7909 4525
3 2901 4598 3816
3 2278 8372 1310
3 3963 7907 2708
3 2443 7973 4695
3 886 8030 3637
3 7405 7599 2664
3 2873 7789 1978
3 4844 5110 3373
3 6286 8498 3093
3 3020 8449 5342
3 3445 5947 2372
3 6016 6063 3977
3 6730 7601 4315
3 4467 7565 3611
3 5533 6906 3554
3 4228 5976 3567
3 3331 6205 4763
3 5134 5772 3241
3 3236 7133 4372
3 5080 6774 299
3 5088 5802 1901
3 1647 7986 5375
3 5395 6191 753
3 4670 6985 3390
3 4096 6950 4474
3 1807 7195 4674
3 2257 5587 169
3 2904 7906 3804
3 3048 7508 4056
3 2500 5426 1777
3 798 7737 2756
3 3988 6146 1789
3 1650 6366 6069
3 4517 5287 2346
3 4749 7710 2534
3 7592 7751 2605
3 4947 4948 1611
3 5690 6590 3041
3 1325 5876 2926
3 2730 6416 683
3 4150 6381 3789
3 1077 6073 2461
3 4850 8111 6329
3 3266 7632 3265
3 5974 6304 466
3 3527 4466 1159
3 3108 8035 6445
3 2832 6891 2833
3 3422 6498 4596
3 2724 7170 4380
3 5637 7846 1356
3 451 6226 1463
3 3769 5294 4925
3 5468 6431 2643
3 6131 8584 4558
3 4688 6127 142
3 223 5246 5023
3 3567 6074 2579
3 4090 6599 3191
3 4343 8473 54
3 3873 8229 2584
3 5389 5408 3852
3 1901 8388 8387
3 4573 5797 5153
3 6218 8180 3029
3 465 6506 466
3 2517 5560 2843
3 2765 7085 4122
3 3801 6958 6669
3 721 8195 2744
3 78 8034 6126
3 4675 7544 2771
3 244 8377 2374
3 3238 5755 5600
3 5173 7153 1923
3 3157 6219 5143
3 5250 8255 3228
3 3547 6272 6271
3 3342 6452 4562
3 5741 5927 3345
3 3303 6986 5087
3 702 7677 4634
3 3707 6740 5483
3 848 6999 4696
3 6704 6705 272
3 1784 7901 3995
3 3457 5681 4426
3 4748 6840 1810
3 3954 5344 5017
3 4399 7636 2385
3 5153 5797 248
3 5834 6854 1285
3 3819 6337 5695
3 2279 7961 4180
3 3888 8558 1161
3 4574 5401 3982
3 4703 8172 3296
3 1390 7341 7301
3 3611 6697 4467
3 4643 8158 1639
3 222 4813 2573
3 6065 8240 4779
3 72 8587 2109
3 4270 7039 3516
3 1440 8472 2396
3 3505 7226 6605
3 722 6410 2743
3 2329 7984 7000
3 1065 7212 2448
3 3204 6274 3681
3 5705 8412 3122
3 2230 5075 4302
3 3170 7506 4643
3 3132 6478 3451
3 22 6755 3817
3 4499 7539 6397
3 5823 6603 2741
3 4791 6299 3587
3 5686 8003 4108
3 1315 8446 5230
3 4534 5550 1410
3 236 8375 1407
3 1386 4812 3510
3 2596 7516 4769
3 6788 8411 4434
3 6605 7351 3932
3 3908 5677 2571
3 2798 5683 408
3 5031 7502 3100
3 3495 6590 5690
3 4485 7098 3347
3 3365 7640 6403
3 6396 7728 3529
3 62 5191 2101
3 5553 6311 3388
3 6394 6791 3406
3 1696 7289 1697
3 3985 6450 6097
3 3013 6608 2797
3 4202 6636 2259
3 6737 7918 3270
3 5041 6845 3303
3 3929 7736 4589
3 1869 4700 4136
3 3734 5329 4088
3 5126 6922 3639
3 3994 7887 4761
3 460 6715 1691
3 2811 8408 5397
3 1791 6253 3995
3 3431 7135 4555
3 6005 6756 2595
3 4855 7911 2394
3 1410 5550 4517
3 3814 7272 4979
3 5775 6949 1826
3 1205 7400 4923
3 1625 6501 6500
3 858 5735 1530
3 2207 5747 2206
3 5461 8038 3624
3 2525 6841 4691
3 3505 6710 4535
3 3371 6448 4891
3 4587 6887 4038
3 5380 6532 1474
3 5947 6577 3223
3 5433 6262 3521
3 3253 5841 5077
3 4281 6972 3341
3 6959 7848 3771
3 4464 6889 5335
3 2656 8385 5432
3 2905 7593 2904
3 5237 6006 2333
3 7096 7395 3752
3 3278 7286 4367
3 4776 8279 5379
3 3614 7606 5279
3 3507 6430 4795
3 5160 6142 1633
3 5956 7724 801
3 1454 6579 847
3 5099 6439 1912
3 1566 7215 1663
3 5057 5903 3599
3 4775 6784 1067
3 3319 6153 3320
3 203 4548 2319
3 2809 6282 407
3 268 6600 2392
3 1943 6072 4740
3 6294 7315 4134
3 3003 6743 5524
3 1503 8015 8013
3 5008 7185 3570
3 2861 5812 1936
3 2397 6472 277
3 4906 6870 3944
3 5098 6432 3311
3 664 7342 5939
3 1958 6182 2583
3 1877 5935 2544
3 4343 8164 5269
3 4542 7673 3227
3 3492 7413 4983
3 3041 7940 4485
3 3416 6222 5384
3 3913 7563 4478
3 4952 6711 233
3 2945 6319 1361
3 2244 7744 2245
3 1187 8113 1532
3 2385 6708 258
3 1533 7671 4185
3 2347 7181 7180
3 3054 4745 4744
3 1661 8147 5086
3 71 5142 5141
3 4837 7441 3919
3 78 6126 478
3 4966 6765 2225
3 3660 7951 4867
3 1193 5067 3202
3 5017 6445 3954
3 3591 7502 5536
3 5144 6287 3385
3 2632 6779 526
3 2191 6255 1300
3 3357 7680 3688
3 4234 4383 3126
3 5127 6726 3495
3 3588 8318 3896
3 5022 8570 191
3 1749 4835 1091
3 4891 6042 3371
3 4766 6884 1730
3 1681 5006 473
3 6403 7640 4572
3 4680 7647 6870
3 2413 7272 4879
3 2740 4667 2989
3 1652 8496 2810
3 2216 8430 4860
3 5555 5583 3530
3 2213 6036 2214
3 1471 5870 810
3 2977 8314 2763
3 4212 5817 3567
3 8167 8365 4631
3 3510 8200 5277
3 307 7682 4272
3 466 6304 465
3 3477 6228 5364
3 4264 8227 2448
3 3566 6792 5976
3 4834 6513 3616
3 1378 6958 4798
3 4043 5831 3151
3 1004 8222 5159
3 3223 6577 4637
3 3290 8345 7050
3 1356 7855 676
3 4393 4611 2506
3 5089 6310 3256
3 4400 7090 3281
3 4026 7862 4742
3 3996 6488 5387
3 1352 8228 4691
3 4877 8604 4542
3 3497 7196 4840
3 6405 7869 3868
3 5175 7019 4038
3 2163 6813 4500
3 4252 6462 4014
3 4726 7597 3839
3 3223 7094 4729
3 732 6033 850
3 2331 6582 218
3 3514 7065 2258
3 3119 6628 4746
3 4322 8452 15
3 2551 8176 5920
3 1857 6030 2688
3 5008 7061 1975
3 5748 7128 3108
3 1995 7275 430
3 5232 6861 3561
3 1064 8146 4751
3 4579 7057 3784
3 5063 6582 3362
3 2409 6193 1449
3 5193 8165 4591
3 6554 7017 4201
3 2098 6107 4044
3 193 6735 2306
3 3179 8300 2646
3 6393 7935 73
3 6167 8046 4337
3 3517 8268 5261
3 4901 7822 6023
3 5871 6501 1625
3 1814 7214 138
3 5081 5082 3267
3 4735 6714 5776
3 4136 5730 1869
3 5534 7178 4008
3 499 5824 1220
3 3597 6906 5533
3 2356 8132 2355
3 4175 4628 3284
3 3961 7156 4523
3 2290 6726 5127
3 3104 7541 5520
3 5181 8203 1803
3 692 4409 691
3 1880 6692 1881
3 4850 6329 3219
3 1770 6985 6639
3 4723 6156 3737
3 1107 7088 5332
3 7178 8551 4008
3 1038 6124 2058
3 4900 7358 4594
3 3577 6004 3776
3 4840 6541 3497
3 2128 7068 5991
3 5146 5970 2527
3 5663 6192 1031
3 277 6043 5111
3 2586 7654 1956
3 1355 5015 2706
3 2471 6488 4926
3 4372 7751 7592
3 63 6075 4383
3 3451 5544 3132
3 3143 6381 4150
3 6142 6974 2607
3 1380 6356 5237
3 5060 7773 3096
3 376 6259 38
3 1155 8512 1105
3 4246 6863 3531
3 2177 6318 4456
3 4641 7890 3807
3 4398 7239 3173
3 5505 5951 3391
3 3903 7838 4784
3 2259 7535 4202
3 3525 6970 4856
3 4694 5701 2312
3 873 4490 765
3 4837 8145 636
3 5198 6433 6377
3 5914 6875 3853
3 3992 7402 5977
3 5986 8023 1224
3 1136 6866 6218
3 5174 5470 3695
3 5700 7912 4344
3 2883 6466 6465
3 6586 8163 1444
3 5448 5449 3471
3 6669 6958 3800
3 2850 4893 3975
3 2234 6932 2209
3 6306 7722 3707
3 5199 7203 1068
3 4820 6733 3772
3 2860 6830 4469
3 206 5644 207
3 7494 8509 2170
3 4570 8100 4220
3 3972 6950 4903
3 3227 7673 4965
3 2080 8131 39
3 4668 8378 7360
3 5270 8319 2716
3 3533 5784 4241
3 2263 6885 1329
3 4091 8302 3078
3 7055 7867 3862
3 2180 5684 129
3 718 8495 717
3 4020 8107 5257
3 64 8443 2621
3 4349 6880 5631
3 2154 7955 4456
3 4853 6606 1350
3 6190 7836 27
3 5659 7977 5678
3 3252 7842 5889
3 5684 8404 122
3 1585 8253 995
3 3148 6371 4108
3 201 6324 2315
3 7542 7543 3164
3 5736 7956 3251
3 5104 5620 2002
3 2548 8407 3991
3 2270 7147 6796
3 388 6986 1169
3 2589 5573 1962
3 5485 7231 3515
3 3301 7043 4924
3 3439 5957 4547
3 4608 7754 3197
3 2375 6373 2361
3 5328 7194 235
3 5538 5539 754
3 2448 7212 4264
3 1766 6714 607
3 1146 7299 6564
3 2235 5761 161
3 2686 6717 5896
3 484 5557 5556
3 527 7924 4984
3 1916 6987 2568
3 2079 6375 3149
3 4101 7807 2803
3 4214 5527 4431
3 4307 7524 1497
3 481 6621 1693
3 6799 7403 3300
3 2809 5683 5160
3 1817 5685 2515
3 5480 6508 1525
3 5297 5475 3480
3 5291 5447 1273
3 4526 7003 3087
3 400 6142 2607
3 1768 5782 1790
3 4544 7149 4866
3 1816 6555 4619
3 1623 6335 5257
3 372 6486 5880
3 1393 7372 204
3 5019 6863 2327
3 3814 7615 1401
3 5025 8200 4461
3 3248 6638 5137
3 3375 5294 4632
3 4757 8143 520
3 4954 6315 2745
3 4609 4898 3425
3 5377 6832 3178
3 6954 6955 1357
3 3155 8108 7331
3 5903 7109 195
3 925 7655 4911
3 7127 7718 2091
3 3615 8045 4894
3 4625 8235 6116
3 4824 6932 2234
3 4639 7790 1343
3 2206 5784 5013
3 2214 6036 5471
3 814 5370 813
3 6564 7299 3401
3 2785 5827 2036
3 2142 6966 3742
3 596 6444 2669
3 4284 8593 6201
3 1544 6533 2027
3 3878 7129 7128
3 4721 7259 3310
3 5081 7461 3469
3 5043 6713 985
3 2254 7306 2255
3 4078 6391 3500
3 6148 6874 3799
3 4047 6949 5775
3 2198 7214 5264
3 4689 8294 3672
3 5068 8440 4504
3 6542 7238 1855
3 616 8515 5770
3 2489 4889 4164
3 3095 7292 7083
3 4811 8414 7522
3 1849 5934 2961
3 5574 5575 487
3 1876 7055 2301
3 628 6412 528
3 1826 5717 1828
3 3222 8279 4776
3 6494 7638 1705
3 2513 7214 1814
3 5035 6627 680
3 8 6270 9
3 1456 6244 273
3 4991 5741 2005
3 5785 7559 3099
3 3456 7980 5451
3 4328 4413 611
3 5886 5887 3210
3 4529 8564 112
3 3767 4989 2321
3 3705 5334 2908
3 164 5864 2243
3 2155 5818 1266
3 5908 6196 3169
3 4838 6885 2263
3 4148 7963 3126
3 1435 7050 6782
3 1345 5633 2287
3 3202 5067 5066
3 3840 6561 5499
3 7673 7721 4965
3 2235 7439 5761
3 5508 5610 3737
3 6580 7147 4233
3 1487 5594 2767
3 2098 6128 57
3 2835 8592 2836
3 2224 5591 2232
3 409 8182 3485
3 1239 5991 522
3 1165 7196 5034
3 5139 6818 3476
3 4227 5176 2103
3 3323 6909 6485
3 2729 7046 693
3 609 4504 4501
3 1405 8294 1972
3 3546 5321 5217
3 1881 8063 1880
3 3592 7503 5103
3 625 5399 2675
3 4139 7410 155
3 1216 6663 1215
3 6170 8205 6758
3 4454 8181 5322
3 3510 5277 1386
3 4718 7703 3831
3 6937 7261 3138
3 2146 7759 104
3 5171 5238 4992
3 4895 7124 3150
3 4195 7929 5521
3 8011 8012 3518
3 5462 6814 4613
3 3702 8238 2576
3 4201 7017 4662
3 5305 5428 1947
3 5756 5935 2275
3 647 5689 4550
3 3523 7544 4675
3 386 7369 385
3 5768 7923 4276
3 4514 6677 120
3 3421 5908 2601
3 939 4636 4605
3 1497 5543 3511
3 4617 6372 2158
3 4791 7693 3163
3 3487 6010 5152
3 3146 6136 5623
3 2087 4774 4306
3 2938 5916 2937
3 3288 4855 4799
3 5198 8399 3190
3 3606 6534 5079
3 564 6617 3596
3 2845 6524 2663
3 5466 8169 1265
3 2788 7783 4932
3 5925 8003 3741
3 2633 7924 527
3 7466 7622 3778
3 3000 7608 2999
3 4160 7189 5742
3 4909 6433 3190
3 5834 6971 1246
3 5976 6792 1897
3 1887 6788 4434
3 4825 5960 2285
3 5613 5707 3484
3 3858 5318 5317
3 3142 7203 5199
3 3614 6962 5703
3 363 5642 1143
3 634 6378 5317
3 1441 6963 5279
3 416 6668 415
3 3306 6853 5807
3 3321 6562 5330
3 6882 8120 4986
3 3549 5964 5856
3 5381 7479 3291
3 2786 6216 341
3 219 6091 2332
3 1426 6469 719
3 4253 7521 97
3 1629 6501 5871
3 2964 3717 1556
3 2111 6508 5985
3 2560 8205 1899
3 4990 6235 13
3 5174 8001 2583
3 2022 6668 4998
3 5745 7229 3090
3 4998 6668 416
3 4505 8379 846
3 7384 8317 4868
3 6154 8526 4649
3 6620 8283 1800
3 3624 8038 5769
3 2643 6431 4186
3 1169 5617 388
3 6453 8173 3900
3 1954 7385 5975
3 4683 6096 1392
3 4557 8089 2744
3 5397 8408 4251
3 1762 8474 7812
3 5177 8316 3304
3 4708 5749 3431
3 1302 6287 5144
3 6385 6844 3706
3 2875 8599 3929
3 1899 8205 7845
3 534 6520 1459
3 5295 7026 118
3 3399 6645 4237
3 3546 5217 320
3 4098 4950 3437
3 4308 6970 5996
3 191 8187 190
3 5032 8460 3056
3 3346 6891 5850
3 316 5698 4455
3 4003 6773 112
3 6621 8263 1693
3 4283 7950 804
3 6 6553 24
3 8150 8379 4505
3 8253 8254 995
3 2515 7294 1818
3 1309 7431 4378
3 2703 5767 3951
3 1105 8512 6276
3 6219 6690 3482
3 6462 7210 4014
3 3848 8370 5150
3 4250 7319 2386
3 5531 6857 5235
3 3892 6170 2280
3 5942 6942 1482
3 3113 5764 5284
3 5072 6522 3298
3 3247 6666 3405
3 4891 6448 4432
3 6193 8101 4014
3 1648 5478 1649
3 2264 5924 1867
3 2304 5616 2715
3 269 5837 267
3 2882 5914 3853
3 908 5456 323
3 1996 7058 945
3 301 6420 5821
3 6445 8035 4295
3 1800 8283 2507
3 2160 6813 5291
3 7605 8514 3237
3 646 8544 4788
3 4721 6657 636
3 7789 8008 1978
3 6525 7256 3159
3 2653 7747 6232
3 5170 7854 678
3 111 7020 5911
3 3667 7112 5400
3 2655 7577 6559
3 1512 7197 4216
3 2695 4692 4630
3 5065 6692 2545
3 5220 7560 1545
3 2817 6715 460
3 2843 6120 5729
3 5733 8452 3195
3 529 7531 3640
3 3631 6716 5809
3 4991 6482 3124
3 5483 6306 3707
3 2511 5421 1807
3 4981 5593 786
3 3691 7962 5672
3 2306 6735 4827
3 3767 7699 4278
3 2622 6624 5382
3 169 8221 2695
3 3672 8294 1405
3 3439 6095 5957
3 364 5642 363
3 5857 6866 1136
3 2658 8317 3813
3 3166 5812 2861
3 1837 6197 1835
3 1892 6402 2557
3 5280 5281 271
3 3407 7009 5204
3 5881 7703 2148
3 1803 6428 5181
3 3834 8376 8149
3 4206 8076 4109
3 4125 6505 1306
3 2476 7862 4807
3 1458 7662 1402
3 1996 5168 1532
3 7114 8435 3542
3 5536 7502 3506
3 1601 5673 5672
3 5590 7980 3456
3 7 7796 8
3 2594 7676 4536
3 7982 8294 3434
3 4576 6049 146
3 4506 7967 2618
3 4442 6745 694
3 4993 6648 3209
3 5819 7234 3447
3 2920 4882 2919
3 3956 7645 4888
3 9 7232 1135
3 2350 4952 2351
3 5163 5858 1400
3 1961 6455 5172
3 2261 8565 6154
3 112 6357 4529
3 4772 8500 690
3 98 6214 97
3 793 6024 1464
3 1700 7748 4577
3 2113 8099 76
3 653 6456 4975
3 4575 6660 2389
3 5195 5592 3583
3 6504 7860 4548
3 3991 6692 5065
3 4360 7397 1758
3 500 4904 441
3 2302 7087 189
3 3646 8597 6890
3 3572 6207 4430
3 5198 6329 3481
3 3504 6460 6073
3 2984 4222 3513
3 4941 7665 5671
3 427 6490 428
3 2392 6103 268
3 3995 7901 1791
3 7143 7192 4996
3 277 6472 4954
3 5521 7929 1752
3 579 7759 2146
3 4544 4866 2478
3 3986 5755 5754
3 6135 6723 3286
3 3371 5815 5109
3 4977 7108 3479
3 3715 7147 6580
3 2842 6026 5731
3 2251 7891 7465
3 6738 7527 1155
3 6343 6344 3044
3 4914 7665 3188
3 4695 7973 3960
3 1625 6500 2469
3 629 1257 630
3 5374 8587 8267
3 2069 6588 6211
3 1634 8068 6291
3 5750 5751 970
3 5269 8473 4343
3 3436 7237 4515
3 2130 6772 5200
3 4807 8174 3171
3 2446 5631 53
3 5329 7326 4088
3 5552 6936 4356
3 3582 8072 4851
3 4858 8419 2982
3 1962 7302 4706
3 6396 8229 3873
3 3435 5802 5088
3 1865 6684 4225
3 3235 7224 5032
3 2393 6793 5320
3 1451 4282 4281
3 108 6166 582
3 1154 6215 1609
3 2708 7907 6145
3 2353 7951 2352
3 5761 7439 1342
3 2543 7060 1876
3 5109 6448 3371
3 2602 5311 1636
3 5190 7856 5544
3 2469 5794 1626
3 147 8430 5418
3 4972 8432 4189
3 1505 7347 833
3 3472 6310 5089
3 4702 5310 1043
3 2956 7175 4705
3 2175 6854 4064
3 1166 5795 2067
3 1289 6988 5107
3 5943 7447 2863
3 5261 8268 5761
3 5104 6496 3871
3 3174 8201 4351
3 2089 8281 5814
3 2109 8566 72
3 2767 7990 5166
3 2285 5960 4541
3 3318 5076 4359
3 5448 6178 3949
3 1174 8496 1652
3 6195 8142 4575
3 4802 7782 5105
3 2707 5059 2706
3 2372 7280 3445
3 5104 5626 772
3 4802 5105 3245
3 4687 6255 2561
3 3188 7665 4941
3 2159 6177 1272
3 2312 5701 198
3 2273 6007 176
3 524 6273 5734
3 1703 6245 1719
3 2316 7602 2315
3 4518 5904 2897
3 5228 5640 3374
3 2520 5929 2915
3 4588 5768 1895
3 1929 5497 225
3 76 8099 787
3 3267 7101 4939
3 1767 7863 7481
3 350 6668 2022
3 6144 8186 375
3 5564 6481 3390
3 2342 7341 1390
3 189 5993 2301
3 5257 5907 1623
3 2487 8170 4985
3 3294 8560 5009
3 3456 6947 5063
3 6007 7784 176
3 4352 8214 7423
3 4560 7241 4069
3 4590 6848 3316
3 2470 6537 1628
3 4237 6645 1487
3 5200 6772 2133
3 4696 6999 3625
3 1882 7140 4760
3 7331 8108 4249
3 3266 6071 2077
3 3404 7890 4641
3 1697 5856 1696
3 2504 5242 4918
3 2475 6537 1636
3 276 7637 720
3 1934 6585 2865
3 4809 6372 3185
3 4821 7917 3168
3 5819 6292 1833
3 4939 7101 1145
3 4331 6384 3177
3 3640 6632 3641
3 5850 5851 3346
3 2537 6684 1865
3 3238 5600 5599
3 3690 8272 1909
3 5376 5559 2684
3 3336 8032 4496
3 3090 7231 5485
3 3380 7143 4996
3 6129 6577 3445
3 1673 6323 1671
3 3357 7021 6144
3 2676 5551 5473
3 2345 5546 1963
3 2875 7637 4396
3 3145 8112 5623
3 601 7174 2664
3 5044 7286 3278
3 4353 8119 5643
3 6822 8112 3145
3 3429 7563 7320
3 3574 6220 5566
3 8250 8251 2317
3 1122 6685 3012
3 4884 6458 2096
3 156 5945 1107
3 4001 8277 6641
3 250 7842 1412
3 1161 8558 6747
3 1840 7456 2528
3 2561 6255 1900
3 4760 7926 3874
3 4975 6456 3514
3 2270 8422 2271
3 5805 6116 1583
3 2005 5741 890
3 2081 7675 4142
3 2232 6968 2224
3 6070 6904 2039
3 1798 5855 147
3 4005 7571 6288
3 3447 7234 6151
3 1194 6068 4986
3 3280 7384 4868
3 4515 7836 3436
3 5643 8119 4423
3 2824 6779 4096
3 2933 6271 1925
3 4555 7135 132
3 141 7525 6179
3 4890 7033 1644
3 3479 5902 4886
3 1752 7929 6914
3 6398 7764 254
3 5026 8138 291
3 5765 8138 5026
3 2664 7599 601
3 3185 6884 4766
3 6170 6758 669
3 1743 6911 1277
3 5364 6228 3091
3 4458 8334 1528
3 415 6668 350
3 3980 7271 5474
3 2163 5525 115
3 4564 8381 3594
3 5066 5067 2620
3 4840 7898 6541
3 183 5377 3645
3 4176 7021 6208
3 4481 7148 1676
3 5753 6983 3728
3 3166 5390 4933
3 5132 6018 1777
3 3366 7139 5293
3 5912 6664 3890
3 5148 8069 2122
3 4494 6528 6521
3 4369 6025 2542
3 3968 7118 6340
3 955 5155 954
3 3195 8452 5596
3 5885 5886 3210
3 6257 8313 1805
3 3622 6843 6108
3 3824 7361 2536
3 611 6064 4328
3 4920 6010 3487
3 5024 7618 2582
3 240 5821 2365
3 4271 6176 5309
3 6774 6860 299
3 859 7445 895
3 3139 7112 3667
3 2638 5340 4370
3 4165 7134 3118
3 2158 6177 2159
3 6208 7021 1609
3 4862 6579 775
3 6075 6992 1649
3 7250 7253 7249
3 1609 6215 6208
3 2857 6954 2282
3 5835 7022 2217
3 4280 8279 3222
3 5528 6957 2689
3 618 7043 4772
3 1596 8568 4475
3 564 4685 4293
3 3063 7102 5110
3 7611 7612 1940
3 143 6378 634
3 5137 6614 3060
3 1171 7044 6574
3 6151 8094 3447
3 5284 5764 3114
3 5286 6910 2854
3 1350 6606 5362
3 2707 6830 5059
3 3560 7457 4980
3 5349 6416 2730
3 2080 6805 4209
3 3445 6577 5947
3 4085 6182 2587
3 1818 7294 5033
3 6381 8249 7989
3 3918 7928 4745
3 4916 8560 3294
3 2260 6385 2259
3 6145 6830 2707
3 5349 8151 3823
3 5017 7537 5748
3 5133 7993 3432
3 7830 8504 3414
3 8012 8014 3518
3 3561 8605 5232
3 3660 7893 5328
3 1389 6055 1110
3 336 6685 1122
3 6228 7760 3091
3 2152 8169 4364
3 3761 5702 4796
3 3551 7065 6456
3 5015 7534 2706
3 2162 7126 4335
3 70 5849 2106
3 2465 7133 4484
3 4197 6162 4196
3 4143 6573 3159
3 2672 5932 1333
3 3773 7710 4749
3 2184 8523 6930
3 389 8353 6833
3 4175 7602 4054
3 6443 7052 1870
3 3728 7229 5745
3 4532 6836 342
3 4881 7956 3920
3 3469 7716 5081
3 2637 8525 537
3 3314 7062 4743
3 5866 6982 3807
3 2271 8422 5522
3 7819 8003 5925
3 3411 6512 4793
3 4404 7210 2401
3 5984 6613 2110
3 2513 8313 6257
3 4418 7624 6913
3 788 7197 1512
3 3082 6916 5476
3 3921 7604 7430
3 2254 5966 2692
3 1364 5084 1813
3 2050 5664 355
3 681 7834 2868
3 5375 5843 4148
3 4647 6477 243
3 25 7754 4608
3 5369 6664 1706
3 5096 5274 2119
3 3191 6509 5635
3 1624 7118 4895
3 1332 8481 4464
3 3579 6568 2208
3 2035 6547 6546
3 2352 6387 2353
3 2547 5993 2548
3 6340 7118 1085
3 3659 4737 4017
3 3239 6861 5232
3 204 8244 4733
3 5743 8458 3378
3 5005 6776 4581
3 627 6331 5301
3 2252 8464 1320
3 3150 7653 4895
3 4011 7532 528
3 3175 7603 5523
3 3426 5987 5231
3 4084 7187 5907
3 1879 6899 1307
3 4066 6548 48
3 3704 6616 6614
3 2311 7978 4914
3 6646 6719 3590
3 1541 6309 2426
3 4454 7696 361
3 1812 5084 1364
3 742 7293 2749
3 4773 6316 1227
3 1961 6495 2589
3 6067 7156 3961
3 6174 6175 4311
3 5184 5185 3448
3 2618 5824 444
3 3505 6605 3932
3 4522 6744 2564
3 163 5801 1351
3 4994 6658 2190
3 5666 6249 3665
3 4387 7115 6090
3 1420 6019 5219
3 4663 6946 2020
3 273 8197 1979
3 1551 6463 2040
3 6346 6347 6345
3 2195 5752 1302
3 1971 5998 1969
3 5966 7125 5967
3 4423 8119 5422
3 5788 6665 3246
3 6008 7720 3922
3 775 6579 1454
3 4315 7601 5493
3 5312 5949 2004
3 3609 6907 5458
3 5711 5712 3470
3 3171 7986 5439
3 2748 7029 740
3 1285 5835 5834
3 1692 6514 5940
3 6474 7293 1451
3 5600 5755 4067
3 3643 8118 4184
3 3740 7683 3503
3 62 8025 1651
3 4138 7270 7127
3 272 6249 1438
3 3951 5767 3220
3 2195 7288 136
3 6667 6833 4118
3 3775 7934 1406
3 4503 7865 6256
3 6429 7570 2743
3 2147 5122 104
3 5421 5752 2195
3 3120 8494 5816
3 6008 7734 2606
3 7571 8467 6288
3 7518 7920 1376
3 2334 7964 221
3 6114 6220 3574
3 2493 5861 2492
3 1832 6293 5372
3 6316 6741 1226
3 2505 6723 4347
3 5211 8072 2738
3 2247 6248 4649
3 7322 7444 1755
3 1439 6706 2412
3 4965 7844 2500
3 3076 7430 7122
3 1707 6355 2825
3 2355 7386 236
3 3203 6559 5881
3 5585 6380 356
3 3536 6293 6292
3 4352 6545 6541
3 7034 7342 2699
3 2631 7969 526
3 3960 7511 4695
3 4064 6979 2175
3 526 8316 2631
3 793 1465 2408
3 6010 7861 1374
3 2423 6415 4016
3 5278 6989 3179
3 3360 7016 5004
3 1814 8313 2513
3 4652 5589 3473
3 4730 8186 6144
3 4176 7741 3199
3 3019 6519 3018
3 3648 7491 5296
3 3385 6287 5233
3 4632 6980 2269
3 4090 6763 1430
3 2482 6323 1673
3 2632 7343 527
3 4727 6103 2392
3 4917 7645 3956
3 126 8534 6403
3 1166 8611 5795
3 3058 6851 4832
3 3838 8480 7421
3 1330 6417 1865
3 4898 6778 3426
3 3697 8148 5323
3 2286 7166 1348
3 1226 6741 4770
3 2352 7951 3660
3 4298 7493 6506
3 2244 7096 6697
3 3867 7791 5091
3 7479 7722 4678
3 6117 7926 4760
3 3491 5284 3114
3 2245 7395 7096
3 4186 6431 1268
3 3233 5558 4684
3 1342 8371 2277
3 3337 7389 5334
3 2244 6697 164
3 1195 7499 3602
3 4210 4922 3674
3 3434 8294 4689
3 3707 7722 7479
3 3645 5377 3178
3 2233 7070 4747
3 3446 5787 5786
3 5540 6283 242
3 367 6118 32
3 97 7521 98
3 142 7863 141
3 5348 6297 1735
3 3432 7338 5133
3 2578 7094 5138
3 3928 7795 7736
3 2214 8096 5486
3 2762 5027 3633
3 5232 7381 3239
3 1757 7829 5085
3 3061 6482 4991
3 4906 5829 1427
3 6319 6580 2305
3 3342 5277 5025
3 3936 5910 5648
3 8267 8587 3598
3 5229 6730 4316
3 4447 8435 7114
3 3897 8310 3249
3 3524 7820 6291
3 6187 6557 4657
3 3528 6198 5048
3 6287 8519 1353
3 3791 7049 3140
3 5632 5918 3634
3 7465 7891 3967
3 3405 6458 3247
3 1985 8282 7220
3 3865 5488 1678
3 209 7699 5833
3 1918 7475 4874
3 6313 7874 4163
3 3103 6865 4906
3 124 5941 1766
3 3438 4950 4948
3 5494 6464 1699
3 3770 4847 1041
3 4794 7522 3411
3 4149 8469 5941
3 4347 6723 6135
3 1806 6139 4373
3 4220 8100 1721
3 1789 6146 1099
3 3159 6573 6525
3 4226 6184 3854
3 4747 7070 3904
3 1209 7852 4538
3 2119 4717 4470
3 3172 6716 5029
3 1171 6172 1640
3 366 5909 5860
3 3114 5800 3491
3 2589 6455 1961
3 5577 8245 1957
3 235 7194 6816
3 4547 6641 3439
3 639 7028 144
3 5287 7997 233
3 4799 5092 3288
3 1777 8315 5132
3 5180 7466 3778
3 5840 5841 3253
3 3671 6681 5897
3 3587 7693 4791
3 3135 7847 7809
3 4021 7752 4828
3 5975 7385 3806
3 374 6938 33
3 6270 8118 3643
3 3070 8506 4448
3 4014 7210 2399
3 743 7635 744
3 5606 8587 72
3 5120 7224 3235
3 4148 5843 459
3 3212 5798 5411
3 4809 8121 1274
3 3355 6321 6320
3 3827 7508 6728
3 5266 8298 663
3 5206 6341 2795
3 2387 6096 714
3 4832 7292 3095
3 5008 6474 1451
3 3414 8504 6359
3 3560 6776 5005
3 1938 4971 3733
3 2605 7751 395
3 5699 6807 3459
3 1200 5696 393
3 3520 5433 3945
3 3226 8572 6583
3 4352 7423 5696
3 1365 6777 2729
3 1891 5758 2942
3 3087 7781 4301
3 5400 6166 3667
3 5094 6996 3172
3 214 6016 6015
3 3482 6795 2752
3 5122 8320 106
3 6108 6843 4267
3 2834 7843 1740
3 2179 6230 5255
3 6314 7391 3412
3 4303 8595 3053
3 1538 7347 5923
3 2354 7365 236
3 1699 6464 5625
3 3554 6592 5533
3 5279 8197 273
3 1530 6107 57
3 2367 6448 5109
3 3222 5960 4825
3 2387 5898 1422
3 240 6634 1951
3 5325 6980 3184
3 4960 6966 629
3 3698 7072 3278
3 3492 4983 4708
3 2957 7175 2956
3 1010 7182 1009
3 3271 7348 5331
3 3533 8505 5013
3 3091 7760 6164
3 6874 7787 3799
3 1965 8137 4787
3 3842 6133 3841
3 5033 7294 3353
3 2188 8130 4446
3 2757 6132 5956
3 3667 7972 3139
3 5144 7288 2195
3 5423 7769 3351
3 128 8404 2180
3 489 5087 2624
3 2149 5282 105
3 3408 6654 4758
3 5262 7996 1175
3 3381 6800 1300
3 2266 8330 6945
3 75 6081 2112
3 123 6979 3809
3 2756 7737 2638
3 1676 7148 2474
3 2914 5929 2521
3 3752 7456 7096
3 7436 7437 11
3 3138 7261 4033
3 5233 6287 1353
3 4653 6181 3231
3 1425 7032 5021
3 4415 4882 2920
3 2352 5328 235
3 1163 8321 3438
3 6697 7096 4467
3 5205 5628 1863
3 2271 7147 2270
3 3937 7146 1066
3 2553 8207 2554
3 1041 5245 2791
3 475 5595 2898
3 4646 8499 8392
3 2340 7075 231
3 3415 7712 5383
3 6551 7325 3388
3 2984 6750 2983
3 5152 6010 1374
3 1381 8499 5156
3 5274 6307 1715
3 3658 6210 2035
3 4914 7978 3410
3 5445 6581 18
3 4158 6770 129
3 4657 7476 1952
3 217 6817 2329
3 263 5241 262
3 4808 6837 3924
3 2477 6158 1641
3 5297 6452 3342
3 243 7510 4647
3 5389 7344 1220
3 716 8008 7789
3 136 7288 6161
3 4708 6348 3492
3 717 8495 4738
3 2400 8231 5037
3 5916 7854 2937
3 77 5408 5389
3 6087 6507 686
3 3764 7100 4421
3 1773 5318 3858
3 5259 7351 3617
3 4763 5123 3402
3 3639 6674 5126
3 1900 8210 2561
3 5012 8521 3659
3 347 5715 1571
3 7009 7529 5204
3 4225 8216 4910
3 5566 6220 3750
3 2564 6701 3629
3 6110 7378 4622
3 3049 7092 3746
3 18 7463 4861
3 1797 7453 5855
3 5960 7296 3757
3 3352 6655 4885
3 4655 6387 2352
3 2713 5977 680
3 5222 6978 2411
3 4592 6165 2049
3 4551 7130 3781
3 1803 8203 624
3 1552 8104 2965
3 3478 6341 5206
3 1356 7846 5510
3 5133 7338 3212
3 4472 7014 1852
3 3919 7441 4446
3 4539 7064 3362
3 6290 7518 1376
3 3390 8551 4670
3 4670 7178 2498
3 5136 7942 3981
3 5528 6542 1855
3 3109 6783 6407
3 1668 7814 5509
3 4759 8537 3395
3 4130 6741 4773
3 6652 7382 2473
3 3588 7560 5220
3 4656 6174 5779
3 235 4655 2352
3 1698 6339 2107
3 4988 7928 3918
3 2272 6065 176
3 4619 8539 4618
3 3696 7270 5936
3 4046 7576 3563
3 5032 8053 3464
3 5118 7959 3097
3 3545 5627 1013
3 4788 7732 3475
3 4394 7358 5806
3 5172 6455 256
3 4787 6387 1965
3 5707 6402 1892
3 4879 7272 1401
3 6071 8424 3297
3 3127 7501 2549
3 5897 6681 2324
3 3615 5542 1069
3 2479 8575 1686
3 7449 7450 1191
3 3085 7136 6649
3 5376 8465 3385
3 205 5304 3767
3 3424 7398 3113
3 2817 6045 1679
3 4185 7671 2758
3 3216 6860 6859
3 1852 7727 2853
3 5701 8442 198
3 6796 7147 3715
3 4628 5315 3284
3 4557 6410 3981
3 5177 7011 3876
3 4070 8067 4638
3 2963 8580 2962
3 4119 7960 1504
3 5218 7558 3955
3 4077 5604 3257
3 3240 7657 6023
3 1833 6292 1832
3 1787 6781 137
3 5257 8107 1617
3 4216 7197 6226
3 4171 6234 5718
3 6450 7381 3986
3 3720 6447 4448
3 6810 8445 2883
3 3131 6449 6391
3 4097 6035 1329
3 3188 6596 4741
3 7475 8052 1973
3 4213 8482 8090
3 2479 7201 5900
3 3283 7148 4481
3 1212 7598 4722
3 1292 7225 5640
3 3287 8348 1411
3 3263 6865 4878
3 3846 6817 6327
3 527 7343 5010
3 2812 5193 4591
3 4840 7196 2086
3 5139 7662 3617
3 1883 8410 2547
3 4174 6413 1515
3 1142 5465 2893
3 2205 6127 4912
3 5596 8452 4322
3 2096 6458 3405
3 1415 7771 4856
3 5889 6499 3252
3 2082 6882 4986
3 3459 7642 5699
3 1384 6233 1108
3 99 6935 518
3 7367 7671 4305
3 1763 6732 584
3 4242 6264 3607
3 3821 8601 8287
3 2497 5992 5705
3 602 1796 1095
3 3205 7143 4853
3 4674 7195 3592
3 4454 8545 3180
3 3378 8458 5946
3 3448 8242 4240
3 4214 7157 2551
3 3876 7011 2488
3 3056 8053 5032
3 3176 7073 5451
3 1579 8413 5469
3 2536 6030 5350
3 1322 7551 5293
3 2862 7402 3992
3 3672 4822 4689
3 1814 6260 2510
3 4086 8239 5326
3 5289 5574 1216
3 1867 8461 6417
3 4746 6628 3526
3 4813 7042 4346
3 5358 8607 3406
3 2342 5619 232
3 5906 6056 3893
3 5130 7536 3288
3 6583 8572 4364
3 3296 7654 7385
3 1974 6139 2200
3 3335 8240 6065
3 4390 7656 3792
3 5736 7797 3920
3 6106 6594 3291
3 6819 8573 3383
3 5143 6219 3482
3 5322 8230 4454
3 788 5872 789
3 5625 6173 1699
3 6032 6652 2472
3 5036 7350 3811
3 396 7592 2605
3 2280 6170 669
3 3743 5057 2289
3 1779 7040 5926
3 5007 8475 3479
3 5004 6123 3360
3 5826 6520 4266
3 3937 6142 5160
3 2273 6221 6007
3 309 8590 6415
3 1532 5168 4658
3 6265 6929 1880
3 1209 8170 7852
3 110 6317 2155
3 5355 8135 1758
3 6241 7975 4604
3 2409 6269 5840
3 4460 8250 3510
3 6509 6599 3962
3 4420 6094 2744
3 2060 6757 5804
3 805 6084 806
3 2565 6082 5428
3 4735 7953 2829
3 2725 7841 7111
3 5214 7001 3289
3 519 7576 4046
3 2245 6703 2246
3 1884 7793 1881
3 6740 7479 5381
3 4346 7042 5644
3 1764 8055 1098
3 1337 6217 2269
3 704 6661 258
3 2693 6670 5058
3 1710 7935 4899
3 1143 8329 22
3 5019 7482 3531
3 6989 8300 3179
3 3301 8246 4210
3 2650 6425 580
3 3162 7193 5938
3 6113 8256 4254
3 6367 6368 3144
3 2922 6542 2921
3 339 5772 5134
3 185 7656 2295
3 1755 7444 5771
3 216 7920 6958
3 5942 7749 6725
3 2824 5607 3304
3 3487 7048 4920
3 4380 7170 2510
3 275 7152 2874
3 5258 8123 6948
3 2164 6982 5866
3 3609 7235 6907
3 3490 6699 6550
3 2347 7180 252
3 5795 8611 4483
3 648 6957 1855
3 3522 6029 5901
3 385 7369 2617
3 720 7152 276
3 8149 8376 5630
3 6209 6210 3658
3 4924 7043 2190
3 715 7442 260
3 5759 5796 1573
3 2930 5238 5171
3 3922 6548 4066
3 1250 6854 5834
3 537 5826 2636
3 5440 7050 1435
3 4820 7917 4821
3 3151 7530 5793
3 1374 7861 6682
3 2177 6101 126
3 7180 7181 1416
3 3111 7797 5736
3 3544 6931 2684
3 3531 6863 5019
3 6687 7083 3509
3 4087 7287 5341
3 4017 8243 4016
3 1678 6976 3865
3 4524 7245 3400
3 549 7005 4323
3 6961 7679 4041
3 1429 6991 5320
3 1136 6235 5857
3 4245 7855 5510
3 1984 6472 5982
3 5572 6754 3845
3 249 6499 5889
3 1590 6178 5448
3 3260 7523 4163
3 910 6183 1995
3 7385 7654 3806
3 4762 8326 3502
3 1295 6359 610
3 1630 6500 2471
3 3837 8148 6706
3 1042 7039 345
3 5684 8406 4158
3 1066 7146 2798
3 1617 7188 4084
3 3644 8088 383
3 1393 6328 6327
3 2386 7789 4250
3 5383 7712 3205
3 3805 7731 5820
3 6838 6923 3745
3 5851 5852 3346
3 5809 6565 1795
3 5928 7501 3127
3 4784 7838 2546
3 4309 6463 1551
3 5447 7362 4187
3 1367 5817 3957
3 2516 8528 2842
3 5878 7340 3593
3 2 6747 2077
3 5458 6907 3049
3 4861 7463 4088
3 6013 6696 4704
3 2879 8569 4662
3 3437 6208 4098
3 4613 6814 4781
3 2836 5518 2835
3 3222 4825 4280
3 1901 8387 5088
3 6305 7905 5108
3 4748 8217 6840
3 5359 6143 1320
3 166 6243 5098
3 4706 7302 6358
3 2808 6340 1085
3 3614 6963 6962
3 4917 8049 3115
3 1765 7717 4800
3 4190 7794 1632
3 3977 6063 3176
3 6690 6795 3482
3 4553 6152 2121
3 3887 7731 3093
3 5320 6991 3941
3 7539 7540 573
3 4915 7991 4199
3 1355 5572 5305
3 3791 7448 2747
3 6009 7972 3667
3 2190 7043 618
3 6517 7307 3164
3 8070 8110 1284
3 3088 7115 6552
3 4407 7484 4406
3 846 8379 1454
3 5246 7555 3182
3 6115 7093 2276
3 3349 7437 7436
3 3644 8603 5184
3 1255 6950 6350
3 213 7482 5019
3 2965 8104 3675
3 207 5644 1382
3 2677 8193 5641
3 4205 7013 7012
3 774 8150 1488
3 6112 6762 3455
3 2789 6953 3826
3 5461 8374 2558
3 1080 6880 4349
3 3759 5201 2526
3 3256 6310 5604
3 7096 7456 4467
3 27 6928 5674
3 105 5282 2147
3 2343 5237 2344
3 1409 6951 1953
3 4783 6947 3456
3 3216 6881 4976
3 4207 6703 2245
3 739 7448 6587
3 4064 6854 1250
3 4607 6290 3299
3 3496 8489 5811
3 267 6793 269
3 682 6416 2575
3 3441 7083 6687
3 4680 6878 1959
3 5429 8546 4002
3 1729 7266 4296
3 946 7058 2433
3 6889 7441 4837
3 2246 7395 2245
3 1943 7007 6072
3 363 8516 364
3 2754 6376 6024
3 4325 4933 2578
3 2329 7000 217
3 1806 6260 2199
3 3442 7554 4977
3 1913 7808 6076
3 3548 6849 4797
3 13 6238 365
3 1167 8285 4921
3 2894 5056 4376
3 3370 5537 5207
3 4430 7887 3994
3 3362 7064 5590
3 3231 7348 5150
3 6589 8612 4059
3 5076 8312 2992
3 3563 7298 4046
3 2062 6748 6236
3 6381 7989 3129
3 1158 6829 377
3 5308 7003 3465
3 1850 7315 6294
3 5320 6793 1429
3 2874 6633 275
3 693 7828 2729
3 1853 6067 2923
3 822 6532 5514
3 6050 6284 1074
3 2794 7360 3931
3 2288 7469 5441
3 3747 7222 6526
3 5241 6451 262
3 6498 6852 4596
3 4977 7554 700
3 2816 7957 5482
3 2443 6519 341
3 5996 6850 2379
3 791 7738 2125
3 3298 6522 5031
3 6749 7554 3442
3 4087 8058 6888
3 1487 8478 5594
3 1220 8426 5389
3 3436 6553 5602
3 4184 8118 1613
3 3580 8581 2844
3 3797 8535 3213
3 3563 8560 4916
3 3049 7835 5458
3 2575 6416 5349
3 2684 6931 2683
3 6399 7352 686
3 2571 8154 4992
3 5124 8134 481
3 4407 8321 1163
3 3587 6299 4957
3 3487 5152 5023
3 4496 7519 3428
3 4396 8004 7198
3 1705 7216 6279
3 3126 7963 4234
3 3925 7223 5038
3 4615 5763 1769
3 172 8185 6203
3 6747 8558 2077
3 308 8056 6239
3 4388 7556 3283
3 3329 3795 3710
3 3629 7628 144
3 5805 8043 1026
3 141 6179 4786
3 4738 7032 717
3 1084 8596 8403
3 5520 6877 3104
3 4814 8149 2728
3 3228 8255 6984
3 2546 7793 4784
3 2814 6946 4663
3 2432 6326 2780
3 5950 8606 4660
3 950 6084 1534
3 1628 6099 4972
3 3613 8044 4955
3 2517 6522 5072
3 3837 6706 6705
3 1628 7320 2470
3 2283 7522 4794
3 2526 7926 2525
3 2680 6897 5791
3 3105 5516 5091
3 2144 7390 3651
3 6201 8593 3196
3 4123 7834 2575
3 2528 7891 1840
3 3239 7381 6450
3 4375 7605 4227
3 3976 7355 6014
3 1320 5746 2252
3 1138 8118 6270
3 3258 6625 5353
3 2232 5351 4885
3 3067 6220 6114
3 2867 5952 1101
3 5509 8183 3077
3 129 6770 4273
3 2915 6622 2520
3 4950 8321 3437
3 3613 7382 6652
3 4795 7624 3507
3 636 6657 2682
3 3163 7693 5247
3 4606 5624 2853
3 5844 5845 3894
3 5537 6389 2530
3 4668 7360 2794
3 248 5797 4671
3 1881 8407 1884
3 4337 8046 712
3 83 6520 534
3 5562 7451 1624
3 4234 8039 4383
3 3467 7095 5070
3 1003 7799 7798
3 3583 5532 4908
3 3856 4685 564
3 7852 8170 2487
3 5009 8560 3563
3 2944 7466 5180
3 5159 6349 4173
3 3198 6842 4031
3 5016 6831 2758
3 7165 7619 4042
3 6930 8523 1762
3 3952 6470 6451
3 1675 7957 5688
3 3495 7495 5127
3 2285 7208 2707
3 3200 6531 5127
3 3289 7002 5703
3 4745 7317 3918
3 6270 7232 9
3 5736 7159 3111
3 3617 6818 5139
3 1094 6702 2840
3 6311 6826 3388
3 5055 7597 3294
3 1631 6234 4171
3 4736 6234 1631
3 4233 6923 6838
3 2643 7248 7247
3 3956 7221 4917
3 2257 7209 5587
3 5402 8325 4140
3 4695 7511 2615
3 1771 7550 4987
3 7118 7704 4895
3 3855 8241 51
3 5703 6962 3289
3 7127 7270 3696
3 5330 6562 2373
3 2122 8069 6057
3 1170 6868 2814
3 2557 6571 1893
3 680 6627 2713
3 2184 8440 5068
3 4130 8281 4778
3 5331 7348 3231
3 6744 7961 3374
3 1482 6942 4166
3 1352 7104 2298
3 1892 6694 5707
3 5576 5931 5575
3 1922 7557 4635
3 220 7984 1379
3 2749 7293 4022
3 4329 8296 3386
3 3902 7347 1505
3 5460 6631 3669
3 4234 7963 2101
3 5262 5391 3448
3 4156 7997 5287
3 3737 6156 4904
3 2383 6358 257
3 7322 7435 4321
3 4271 6537 2470
3 8292 8293 3636
3 1367 7117 3584
3 1591 6165 2449
3 7426 7942 2396
3 4693 8366 3271
3 2845 8141 1793
3 2229 7071 6990
3 2334 7984 220
3 6656 7685 3786
3 2678 7086 626
3 3403 6527 5459
3 2797 6608 408
3 1855 6957 5528
3 6085 8157 32
3 1459 5826 5716
3 6276 6581 5445
3 5398 7853 2274
3 373 7545 6386
3 3400 7979 4341
3 3579 6899 5689
3 1436 8284 5440
3 4712 8589 6118
3 216 6958 1378
3 2245 7096 2244
3 3701 7567 5151
3 5124 7578 482
3 4195 7758 140
3 6352 6353 3384
3 4032 7630 5327
3 3735 7224 5120
3 2114 7714 2096
3 4661 5674 3161
3 6205 8054 4763
3 633 7992 2680
3 1976 7949 1978
3 5186 7592 396
3 2981 8419 4728
3 4848 7425 4849
3 1400 5858 5803
3 4198 7721 6628
3 3597 8453 4873
3 3676 6961 2237
3 3382 6057 2650
3 4982 6493 3945
3 4584 5597 1938
3 6188 6251 296
3 3547 7557 4887
3 2956 6163 2955
3 3839 7597 6232
3 4614 6653 4781
3 3410 7665 4914
3 37 5667 3643
3 1631 6401 1626
3 2088 6459 1600
3 2795 7970 5206
3 3231 6181 5331
3 2358 6529 6022
3 4563 6589 6168
3 980 6392 964
3 3372 8487 303
3 5246 7048 3487
3 4477 7486 4119
3 7814 8183 5509
3 7251 7412 7253
3 3744 8368 5372
3 5614 5615 3282
3 2193 7900 1912
3 5767 6611 3220
3 7336 7790 4639
3 4133 6390 5000
3 3160 7536 5130
3 6108 7372 3622
3 5533 6592 678
3 4429 8507 7158
3 3801 6669 5197
3 983 8060 5380
3 1347 6205 4660
3 2805 6204 4625
3 3611 6363 5864
3 1139 6337 17
3 3547 6479 4635
3 3151 5793 4332
3 5938 8391 3162
3 936 6713 1529
3 5771 7723 1755
3 5602 7709 3436
3 4475 8568 4102
3 4530 6216 2786
3 4625 6116 2787
3 4419 7048 5246
3 2390 6028 2381
3 1427 8561 6870
3 4446 8130 3919
3 3543 8483 7420
3 7254 7652 3150
3 2706 7534 4111
3 2750 8476 5457
3 3638 7620 5517
3 1500 6360 2792
3 1686 8575 1667
3 1925 8416 7931
3 4950 8083 1611
3 4411 6708 2385
3 6587 7448 3693
3 2528 7456 5002
3 187 7063 4853
3 1199 7805 6393
3 2572 8154 2571
3 236 7365 2355
3 1161 6747 2081
3 982 941 981
3 2241 8450 6266
3 6469 6470 3952
3 3191 6599 6509
3 494 6933 2108
3 20 6395 1133
3 1271 7037 2170
3 4202 8577 6636
3 2510 8313 1814
3 4867 7075 2340
3 7513 7750 1461
3 3297 8424 5394
3 1921 8355 2570
3 1884 8407 2548
3 2141 8190 5040
3 3624 5769 5074
3 2645 6631 1720
3 5050 6703 4207
3 2706 7974 1355
3 1307 6051 5065
3 5864 6363 3923
3 6055 7860 1110
3 1024 6490 6489
3 4948 4949 3438
3 4835 7396 1748
3 5534 6264 1772
3 3367 7822 5985
3 128 7640 6230
3 5115 8191 3293
3 218 7121 2331
3 5003 8563 4128
3 7037 7038 3452
3 6277 6278 544
3 3655 6523 5145
3 1694 6647 6550
3 4797 7145 3548
3 3854 7596 4226
3 1041 7013 5367
3 5500 6600 3941
3 4031 7283 5875
3 4523 7156 649
3 5573 6495 3459
3 1278 5839 1735
3 383 8088 6459
3 3754 7006 2237
3 2356 8420 4120
3 1196 7767 6099
3 425 1603 426
3 395 7751 1078
3 290 6496 291
3 5330 7579 3460
3 1495 7262 5370
3 5154 6738 3503
3 6653 8412 4613
3 5075 7512 4302
3 5384 7909 3416
3 5517 7620 3157
3 3284 7602 4175
3 3716 8444 7669
3 6385 7523 3260
3 3193 6934 5273
3 655 6618 1848
3 1270 8057 4809
3 5269 5322 3768
3 4009 6624 2622
3 20 8462 6189
3 4627 8445 1221
3 2550 7815 6788
3 7455 7672 3679
3 67 7035 4902
3 3631 5809 4585
3 197 7311 5598
3 4120 8132 2356
3 5848 7832 3433
3 5804 6757 3018
3 3269 7603 3175
3 4451 8562 3368
3 4210 8246 6076
3 2747 8266 3791
3 3107 7722 6306
3 3778 6247 5180
3 2421 7682 307
3 235 6816 2351
3 2824 8316 526
3 1749 7396 4835
3 2161 7520 2164
3 1258 8491 2148
3 1867 6417 1330
3 3283 7556 5605
3 2851 7139 5502
3 3845 7641 1908
3 5340 5601 2746
3 5275 6157 3813
3 3603 5661 4719
3 5428 6906 1947
3 1699 6173 1211
3 4833 7205 3671
3 5985 6508 3367
3 5860 5909 4124
3 8230 8585 1176
3 4450 8125 1270
3 1463 7197 788
3 1629 6488 2471
3 6637 6944 2349
3 129 6620 2180
3 5361 7566 478
3 3742 6847 2142
3 1685 8443 7650
3 6465 6466 3343
3 307 6239 1475
3 2259 6483 2258
3 4559 6525 6515
3 3347 8400 3075
3 5233 7651 4262
3 232 6528 2342
3 3529 8229 6396
3 1956 7787 6874
3 4122 7085 1502
3 243 7280 2372
3 5418 7297 2212
3 2525 7926 6117
3 1197 7450 7449
3 5156 8499 2330
3 1370 7447 6095
3 1514 7643 5545
3 5452 8189 35
3 3075 8400 5523
3 1355 5024 5015
3 7015 7100 3764
3 1772 6264 1301
3 4162 4609 3425
3 2743 8195 721
3 1828 8380 5083
3 6833 8353 4118
3 2461 6460 1597
3 3668 6039 5189
3 442 6695 443
3 5054 7076 919
3 115 5447 5291
3 5698 6411 728
3 4215 6187 1952
3 5926 7040 3785
3 7020 8310 3897
3 355 8352 5392
3 4959 8037 3134
3 6119 8383 4018
3 5860 8215 366
3 1162 6740 5381
3 6269 6646 3254
3 6695 7369 386
3 3522 5901 4892
3 8548 8549 4262
3 5507 7511 3960
3 5251 7024 1873
3 1644 7033 6155
3 4926 8213 3268
3 3834 8149 4814
3 6286 7631 3230
3 4656 5303 3055
3 155 7410 4231
3 3081 6310 5968
3 2511 5752 5421
3 2883 8445 5456
3 6641 7137 4001
3 3882 6646 6269
3 5296 7491 3125
3 5166 7990 3849
3 5948 6422 3681
3 6126 8034 4518
3 5932 8330 2266
3 2680 7992 6897
3 3457 8427 5125
3 6628 7721 3526
3 3807 7890 7478
3 1312 7937 6994
3 2498 6639 4670
3 3481 8399 5198
3 6495 8485 3459
3 5030 7494 6766
3 4487 7905 6305
3 3193 5273 2806
3 6515 6525 2381
3 170 8565 2261
3 6541 6545 3497
3 2298 7104 5383
3 3465 7003 4526
3 5862 6591 3507
3 2836 5815 5518
3 5737 7819 3678
3 4917 7221 1905
3 6255 6671 1900
3 3661 8459 409
3 7079 7080 1928
3 2026 7263 955
3 3900 8173 6155
3 5073 6864 4071
3 3105 7235 5516
3 2190 6658 134
3 43 7144 2084
3 3778 7622 4827
3 2142 6847 97
3 4329 6492 5329
3 5229 7601 6730
3 2850 8085 647
3 3800 7518 4607
3 4039 4587 1194
3 6680 6755 21
3 5198 6377 3219
3 2305 6580 2306
3 3773 6569 6121
3 165 6731 2247
3 3120 8300 6989
3 231 7075 4733
3 3852 7344 5389
3 5306 7937 151
3 3732 6558 4893
3 6506 7493 466
3 7736 7795 3207
3 7451 7452 1624
3 3617 7351 6818
3 1884 7087 2302
3 2652 5432 3313
3 2355 7365 2356
3 6076 8246 3769
3 6275 7074 2823
3 5204 7529 1265
3 3226 6583 5873
3 5721 7869 4159
3 3180 8545 7278
3 1668 5509 4571
3 1907 6754 1358
3 3858 5874 1773
3 3658 6546 4205
3 5617 6104 3684
3 3395 7107 4686
3 4492 8418 3155
3 5230 7071 2229
3 7543 7739 3164
3 3286 7132 4891
3 22 6564 21
3 4053 8297 4886
3 3110 6591 5862
3 4382 7554 6749
3 2660 6444 596
3 3484 8207 5178
3 7580 7581 1431
3 574 6361 2647
3 4135 7236 3153
3 8030 8031 846
3 3533 8024 4072
3 5623 8112 3734
3 5170 5953 2936
3 2361 6939 4275
3 678 7854 2710
3 197 7978 2311
3 6519 8109 341
3 5220 6908 3588
3 6147 8482 4213
3 364 8516 5366
3 3249 7370 3897
3 4570 6858 2218
3 5004 7016 2867
3 4862 7562 3364
3 6540 7695 4279
3 3450 7199 7198
3 6788 7815 1885
3 528 6412 2633
3 1348 7286 5044
3 3024 7791 3867
3 6073 6460 2461
3 7050 8345 4392
3 4089 6248 1864
3 231 6086 4397
3 6850 7770 3670
3 4224 6046 4603
3 2638 5601 5340
3 1823 5965 4304
3 5901 6029 3930
3 3519 7912 6283
3 775 8379 8150
3 5097 8174 4026
3 5378 5627 3418
3 586 6471 5431
3 6445 6965 3954
3 170 6844 2260
3 7177 8150 4505
3 2208 7586 1883
3 40 6805 2080
3 6239 8056 2763
3 6201 7496 4284
3 4897 5657 4270
3 4839 6597 513
3 2812 4569 4167
3 4603 5963 3743
3 2035 6210 817
3 6323 6354 2480
3 6089 8425 1304
3 5693 8147 1181
3 5307 7244 4143
3 6066 8269 1764
3 2659 8466 4326
3 4058 8298 5266
3 1470 8334 4458
3 3765 6917 529
3 2912 7649 2911
3 8020 8359 1976
3 1295 7340 5878
3 714 7443 4589
3 3563 7126 5009
3 1159 8546 5429
3 5310 6150 3719
3 3580 5462 4613
3 2888 6254 4871
3 5356 8220 4100
3 5644 6751 4346
3 6096 7414 1392
3 2316 4300 4054
3 3527 4967 4466
3 3251 7956 4881
3 2794 6934 4826
3 3735 6594 6106
3 1770 6639 1771
3 1608 8512 6130
3 5716 8524 3638
3 2663 8141 2845
3 3043 7099 5276
3 3726 6189 5056
3 3776 6004 1612
3 623 8122 1803
3 7373 7478 1743
3 4518 8034 5904
3 5637 7186 3835
3 6199 7349 4339
3 24 6553 6190
3 6349 8104 337
3 261 6538 6195
3 204 7372 6108
3 3480 6404 5297
3 5362 6606 3380
3 408 6608 409
3 2491 7890 3404
3 350 8331 415
3 3044 7821 6343
3 1952 6187 4657
3 3660 5036 3811
3 6419 6688 3512
3 3386 8112 6822
3 5729 7901 2841
3 5286 6077 2924
3 148 7297 5418
3 5451 7073 3456
3 1251 8363 4929
3 3070 8256 6113
3 3479 8475 5298
3 4546 7492 103
3 7347 7803 5923
3 5680 8075 5128
3 1899 8555 5158
3 1304 7772 5700
3 4873 8421 3597
3 7416 7417 6263
3 5296 7773 3648
3 3949 7487 5449
3 4918 7310 2504
3 4286 5067 1193
3 49 7142 5645
3 272 6707 6704
3 3276 5576 5575
3 3683 6178 1590
3 3473 5677 4652
3 3743 5903 5057
3 2783 6584 1547
3 3807 6982 4641
3 7969 8105 2823
3 4798 5634 3406
3 7113 7246 4104
3 2621 8443 6045
3 3521 7417 7416
3 544 7265 4099
3 8615 8616 2225
3 1277 6610 1743
3 4565 7259 3173
3 5696 7423 394
3 2857 8421 4873
3 5561 6862 3685
3 2837 6702 1094
3 4269 8346 1013
3 4657 6557 2389
3 6039 6478 3132
3 3579 5689 2849
3 2711 7855 4245
3 4842 7961 2279
3 2338 6808 1930
3 4737 8243 4017
3 5476 8565 170
3 2349 8171 6637
3 4908 5195 3583
3 2564 6744 2563
3 2151 7903 6137
3 5818 6317 126
3 5343 6266 3389
3 5386 6771 2766
3 5484 7060 2541
3 6483 7646 3514
3 5106 7062 3314
3 5064 6529 1398
3 1175 7996 6105
3 5883 6803 1664
3 1310 6717 2686
3 2601 6718 5344
3 5641 8193 4647
3 2471 6501 1629
3 138 6977 5435
3 6327 6817 3622
3 3459 8485 7642
3 2546 8063 1881
3 2306 7622 2305
3 3750 7329 5566
3 2958 7176 2957
3 3865 7122 5239
3 4255 5919 3508
3 6168 6589 3432
3 1412 7842 2993
3 4113 7203 5338
3 2618 7967 5824
3 244 7579 5330
3 5194 7007 2580
3 2982 8419 2981
3 4774 7946 3572
3 4196 5865 1746
3 4717 8263 6621
3 5670 7154 3051
3 1303 6481 5564
3 2093 6303 5186
3 5905 8163 4780
3 3566 8457 6769
3 274 6633 4482
3 5681 7427 3117
3 2350 6711 4952
3 4513 8485 6495
3 5381 6922 1164
3 4820 4821 377
3 3502 7081 4762
3 5300 6936 3073
3 1287 8614 558
3 5632 7105 3053
3 5856 5964 3550
3 807 7572 870
3 5344 6718 4254
3 5451 7608 3176
3 1490 6820 2400
3 3122 8412 6653
3 5384 6222 1395
3 5247 7693 3587
3 7128 7129 3987
3 4157 7091 6907
3 3757 7401 5960
3 3657 8272 3690
3 1810 6977 2512
3 4782 5952 2867
3 3269 8484 3634
3 115 6813 2163
3 1159 6447 4387
3 2380 6149 711
3 7264 8080 4168
3 2155 6317 5818
3 6598 7365 2354
3 4378 8096 2214
3 7878 8349 3420
3 56 7233 1448
3 5138 8487 3372
3 1641 7483 6014
3 6610 6895 1743
3 6024 6376 2401
3 6218 6237 1136
3 1902 8455 2563
3 2647 6361 5085
3 3100 8448 5031
3 1653 7818 7531
3 1306 6505 4011
3 3846 7366 4787
3 2473 8026 1672
3 5290 7788 3542
3 1181 8147 1661
3 3428 7519 6000
3 3587 7209 5247
3 2472 7138 1674
3 4916 7298 3563
3 2759 5870 4713
3 1763 8289 6640
3 5703 7002 1986
3 2183 7810 6921
3 6818 8288 3476
3 1869 5730 5261
3 2891 5082 30
3 3721 8450 5725
3 2715 6673 4782
3 4394 8047 3435
3 1777 6018 5356
3 3171 8174 5097
3 3131 6690 6449
3 7430 7604 5239
3 31 8168 6375
3 3503 8236 5183
3 7158 8507 3792
3 2702 7053 7051
3 4762 7081 2398
3 3125 7114 5296
3 4013 8260 6430
3 5993 7087 2548
3 3557 7623 5842
3 3278 7072 5044
3 6314 7018 3076
3 4989 7334 3747
3 5130 6816 3160
3 7938 8464 4268
3 370 8189 5452
3 2020 7552 2116
3 258 7031 704
3 2751 6742 6251
3 4478 8582 2083
3 5099 8463 6439
3 7163 8053 3056
3 3255 6820 6150
3 1523 6724 1222
3 4865 6399 2718
3 600 6734 1281
3 3476 6978 5222
3 2863 8091 6123
3 4899 7935 6393
3 4705 6163 2956
3 6324 8064 2315
3 290 8138 5765
3 2663 7405 2664
3 263 8009 6133
3 7124 7704 3251
3 4099 6739 5164
3 5522 8422 4025
3 3267 7461 5081
3 2109 8587 5374
3 5718 6234 3272
3 1956 6874 2586
3 1684 8162 6044
3 2604 5843 5375
3 2258 7065 1327
3 663 8298 2698
3 368 6567 26
3 3244 7507 4525
3 6064 6828 4328
3 3784 7057 4808
3 4768 8023 5986
3 7524 8328 1497
3 2671 7034 4595
3 509 6325 2113
3 1969 6883 5581
3 6262 7417 3521
3 662 6945 5808
3 4448 8506 3720
3 5277 8200 5025
3 6155 7033 3900
3 3091 6164 6031
3 5296 7114 3542
3 264 7419 701
3 1942 8286 2719
3 3365 7422 6230
3 4612 6413 3344
3 1771 6767 1770
3 5415 7380 5412
3 5086 8147 3783
3 4046 7298 2143
3 5572 7974 1358
3 5842 7328 3557
3 3542 7788 5296
3 4874 7475 1973
3 4335 7576 519
3 7423 8214 3909
3 7192 7712 4256
3 6152 6933 81
3 4853 7143 6606
3 5438 6527 3403
3 1747 6779 2632
3 481 8134 5215
3 6706 8148 2412
3 41 6882 2082
3 2690 5629 5628
3 2429 7364 1522
3 389 6833 390
3 2720 6769 1944
3 5914 6876 6875
3 5450 7487 3949
3 7284 7285 267
3 3968 7159 5736
3 2476 6172 5437
3 5389 5813 77
3 3366 8221 5587
3 4958 5382 3413
3 5841 6659 3057
3 3623 7911 4855
3 2758 6831 2801
3 2887 5958 3989
3 4126 6494 4125
3 2798 8459 6869
3 2541 7060 4968
3 1876 7060 5484
3 2298 8228 1352
3 1675 7033 4890
3 6725 7749 3659
3 5125 8427 3116
3 6121 6569 2689
3 5857 6235 3817
3 5674 6898 1150
3 1392 6878 2732
3 2205 7481 142
3 4321 7444 7322
3 4740 8133 4121
3 925 6050 1074
3 2589 6495 5573
3 6189 6680 20
3 1450 7183 723
3 7910 8601 4132
3 491 7490 6505
3 5383 7104 3415
3 4431 5527 2941
3 5056 6189 4376
3 271 6804 6429
3 6372 8608 3185
3 1713 8267 2122
3 2659 6911 2491
3 5346 8511 3295
3 1897 6792 687
3 5479 7506 4159
3 2207 6701 5747
3 2514 6848 5697
3 1269 6918 604
3 239 7930 6017
3 67 8173 6453
3 1782 6297 5518
3 4968 7060 2543
3 5005 6423 3560
3 3858 6378 4912
3 2775 4911 4182
3 6698 6878 1392
3 3203 7697 3618
3 3879 6862 5561
3 1978 7949 2873
3 358 6713 5043
3 1514 8093 6370
3 4525 7909 3244
3 1840 8398 7565
3 3524 6291 4170
3 6574 7044 4074
3 5939 7342 3538
3 5541 6073 1077
3 5215 8134 4095
3 1875 6437 6436
3 4979 6365 3814
3 3201 6390 5962
3 685 6225 693
3 2868 6673 681
3 6646 8081 4978
3 531 8194 82
3 4921 8165 5193
3 430 7275 6875
3 4515 4516 28
3 6122 8226 4208
3 3945 6601 4982
3 1718 7068 2128
3 3665 8027 5665
3 2545 6692 1880
3 786 6188 2406
3 3548 7145 5176
3 4861 7326 1156
3 2668 6956 1788
3 2556 6247 5990
3 4154 8429 5151
3 4945 7166 2286
3 6218 6866 1607
3 3302 7153 5173
3 1419 7934 2870
3 3745 7480 6838
3 4905 5927 3798
3 1883 7586 1887
3 4562 8442 5701
3 5092 7290 4108
3 1811 5548 4552
3 2147 7804 105
3 5683 7146 5160
3 3746 8005 7835
3 6350 6950 3972
3 4326 8080 6258
3 4480 6001 3530
3 3245 7282 4802
3 3367 6508 5480
3 6829 7462 4492
3 2521 7826 2914
3 5881 6559 3831
3 2274 7853 6221
3 3969 7679 6961
3 802 7664 6132
3 5342 7746 2080
3 1353 7651 5233
3 5598 7978 197
3 3756 6602 3825
3 366 8215 19
3 5575 5931 2623
3 2454 6802 4309
3 1609 7458 1154
3 6021 7033 1675
3 57 6128 5446
3 3124 5927 5741
3 4807 7862 4026
3 5996 6970 3525
3 5986 7626 2115
3 5217 5263 2430
3 5816 8494 1282
3 2259 6636 2260
3 1293 7702 7239
3 7266 7267 4296
3 5029 6716 3631
3 5364 8212 3477
3 4962 6379 3259
3 5533 8453 3597
3 4586 7404 3520
3 3350 8133 6072
3 1801 8474 4116
3 4128 8563 3059
3 5555 6987 1916
3 5431 6471 592
3 6856 8490 3539
3 5060 7933 5721
3 5992 8581 3580
3 526 6779 2824
3 2483 8344 6401
3 1894 7658 1896
3 5452 7896 3568
3 5449 7487 3047
3 1748 6794 4835
3 3436 7709 7237
3 4281 7832 6972
3 2067 6901 1166
3 6772 8128 3501
3 6924 7831 3577
3 3641 4553 2121
3 5506 6905 3394
3 3411 8414 7041
3 2889 8594 7383
3 6415 8590 2879
3 1758 8135 598
3 4909 6770 4158
3 7044 7718 4074
3 3297 5394 5393
3 5365 8236 3503
3 5247 8335 3163
3 1423 6557 6187
3 2116 7552 1227
3 6552 7115 3720
3 4701 6801 3544
3 7187 7188 34
3 6237 6238 13
3 6752 8382 1827
3 4192 8062 7435
3 6541 8214 4352
3 3795 4944 3710
3 3222 7296 5960
3 1438 8089 7426
3 654 7551 1322
3 4912 5874 3858
3 5933 6016 214
3 2216 6888 148
3 1176 8585 7408
3 2068 8023 7516
3 3245 6667 6058
3 1182 7062 3016
3 4338 4848 2829
3 6948 8123 4374
3 4600 7701 6160
3 3440 7406 5872
3 2673 7688 5427
3 4654 7697 3203
3 5332 7088 3967
3 153 6968 159
3 1606 5056 2894
3 6895 7373 1743
3 2967 7806 1554
3 6168 6960 4412
3 1880 6929 2545
3 5604 6310 3081
3 6177 8125 1272
3 4027 8307 8306
3 5190 6101 2177
3 275 7388 5982
3 3432 6960 6168
3 3812 7827 2649
3 3172 6996 5203
3 4543 7775 3211
3 3070 7537 5017
3 5133 8364 2464
3 6546 6547 3243
3 4680 8561 6878
3 2469 6500 5794
3 1366 6939 2360
3 5625 6464 80
3 2686 8255 1310
3 3134 8214 6541
3 4476 7692 5949
3 6099 8432 4972
3 4339 8421 6199
3 3385 8465 5144
3 3513 6750 2984
3 4622 7378 1042
3 5880 6486 3295
3 2683 6931 4107
3 4181 6304 5974
3 2482 8344 2483
3 6099 7767 1165
3 1020 7668 1019
3 1008 8341 5248
3 6543 7673 4542
3 1758 7397 5355
3 3836 5680 5128
3 3838 7421 6763
3 6781 8538 3755
3 4108 6371 5092
3 3932 7409 3505
3 3430 5347 5028
3 8128 8129 3501
3 3565 7120 6940
3 636 8145 2681
3 4942 8335 2911
3 4167 5042 2812
3 4828 7608 3000
3 7945 7946 4951
3 1378 8607 5358
3 3897 7370 4707
3 943 7036 2026
3 4072 8505 3533
3 5694 8181 3180
3 1673 7906 7593
3 6033 7428 850
3 3455 6634 6112
3 3656 8465 8095
3 2314 8355 201
3 1475 8314 2978
3 5519 6702 2837
3 8285 8488 1186
3 2268 8463 4731
3 7252 7253 7250
3 1639 8158 5243
3 110 6318 6317
3 3413 7018 6314
3 3176 7752 3977
3 3979 7806 2967
3 3752 5207 5002
3 4409 6746 691
3 125 6981 2176
3 2830 7228 1273
3 4781 6653 4613
3 2176 7902 125
3 5972 6997 3799
3 3513 4222 4221
3 4664 4961 2850
3 5882 8448 3100
3 785 6188 786
3 7633 7968 7631
3 6528 7341 2342
3 2430 8084 320
3 1191 8402 7449
3 5074 7634 3624
3 5960 7401 4541
3 4207 8185 5050
3 4869 6896 6824
3 5292 8522 472
3 5578 7297 148
3 5518 6297 2835
3 5936 7857 3125
3 520 8143 5361
3 1741 7549 5692
3 6375 8168 3149
3 5923 7803 2791
3 5571 7564 3224
3 4637 8487 5138
3 1154 8434 7237
3 3096 7933 5060
3 3573 8463 2268
3 4314 8082 5303
3 4664 6929 3152
3 6816 7194 3160
3 6698 8550 1959
3 5658 8439 1789
3 5549 8308 4079
3 5660 7034 2671
3 5254 7936 2268
3 4166 6942 1565
3 3609 6936 5300
3 1268 6431 2490
3 3915 7857 5936
3 3273 7851 6602
3 3624 8374 5461
3 3348 8115 5713
3 3334 6635 6380
3 4831 5405 3407
3 2171 7095 1792
3 4593 6869 3661
3 1117 7774 2963
3 6943 7316 689
3 3931 7360 5413
3 3412 7391 7324
3 5957 7102 3063
3 1414 7244 2391
3 1105 6276 36
3 2284 7471 1948
3 1165 7767 2086
3 2235 5495 3973
3 2592 6753 6332
3 4240 8242 2465
3 5290 7382 3613
3 2967 6700 3979
3 6168 8441 1195
3 4941 7141 3188
3 5634 6394 3406
3 6601 7415 3946
3 2573 6457 5315
3 97 6847 4253
3 3338 6674 5407
3 4713 5410 2759
3 5594 8478 3215
3 4881 7927 3251
3 4158 8110 4909
3 4758 7648 3875
3 1912 7900 5425
3 3859 6944 6637
3 2465 7707 7133
3 25 6683 4939
3 4846 7711 290
3 1623 5907 5464
3 309 6415 2423
3 1433 7350 230
3 3638 7513 6642
3 44 7356 5951
3 4563 6168 1195
3 2117 6933 494
3 2111 8167 1493
3 1273 7988 2830
3 2372 7510 243
3 3756 8451 6329
3 4164 7054 5847
3 6292 6293 1832
3 3055 6890 6175
3 3603 7541 5661
3 3401 6644 6031
3 2240 8450 2241
3 6037 6303 2890
3 2062 6236 402
3 1837 7600 6197
3 7016 7082 1931
3 1220 7967 1168
3 3162 6558 3732
3 5521 7758 4195
3 4533 6654 3408
3 1571 7624 4795
3 2064 8235 6204
3 1035 8043 2799
3 4250 7789 2873
3 2389 6660 4681
3 4763 8086 3331
3 4986 8120 1194
3 2070 7089 6020
3 2148 7119 1258
3 5856 7008 3549
3 4022 7394 4422
3 3993 6516 4654
3 2710 8453 5533
3 2261 7014 170
3 1253 7056 2501
3 5582 8060 983
3 2255 7306 651
3 5432 8385 3313
3 3733 7983 1938
3 4492 5419 377
3 6533 7359 2027
3 5640 7225 3374
3 3713 6762 6112
3 4041 7679 6720
3 6338 6954 1357
3 2477 8311 1642
3 1566 7574 5795
3 6154 8565 3664
3 1861 8464 2252
3 2192 7271 1774
3 6258 8604 4877
3 7472 7476 719
3 4389 6336 1746
3 1223 8073 6742
3 6040 6892 3153
3 2992 8312 2991
3 2258 7535 2259
3 3720 8506 6113
3 1850 6294 4686
3 3971 7387 6791
3 2348 6807 5699
3 1905 7221 677
3 3205 7712 7192
3 5059 6830 679
3 5216 7287 4087
3 1795 6566 1764
3 7650 8443 64
3 4007 8126 5530
3 1528 8334 803
3 688 8010 2721
3 1423 7442 715
3 5746 8000 2252
3 4173 6349 3308
3 1225 8084 7714
3 6164 7760 3833
3 300 7273 1421
3 4353 5643 3046
3 5160 7146 3937
3 4338 7077 4848
3 2175 7025 2828
3 881 8106 940
3 2086 7196 1165
3 6116 8235 2064
3 4713 5870 2418
3 4394 5806 3381
3 1592 5313 3009
3 1960 7647 2588
3 4447 7857 7674
3 6701 7628 3629
3 2191 6672 6671
3 7739 8155 3164
3 28 7836 4515
3 7247 7248 560
3 2548 7087 1884
3 794 6376 2754
3 6991 7335 3941
3 3986 7381 5755
3 3811 7893 3660
3 3347 7098 4644
3 3626 8571 316
3 1973 8052 1335
3 3835 7846 5637
3 2464 7993 5133
3 2814 7583 1170
3 2855 5624 4606
3 4442 8238 6745
3 2669 6444 6253
3 3557 7328 5643
3 4677 7495 5690
3 5627 5995 1013
3 3380 7958 5362
3 3926 7485 611
3 5243 8158 3464
3 3096 7788 5290
3 825 7403 6799
3 3325 5732 4161
3 6040 7236 1471
3 308 7085 2765
3 2546 7838 1882
3 1881 7793 2546
3 4787 8456 3846
3 1852 8552 7727
3 3557 5643 4423
3 3606 8276 6115
3 4992 5238 2571
3 3267 8074 7101
3 131 7810 2183
3 4903 6950 4096
3 6487 8489 3496
3 4814 7418 3834
3 4029 5241 3763
3 2636 5826 4266
3 3711 8261 3178
3 3224 7564 5307
3 1116 7209 2257
3 3388 6998 5553
3 5137 6638 3704
3 6967 7793 1884
3 980 7695 6540
3 6256 7865 3183
3 3760 7427 5681
3 5771 8178 5525
3 6429 6804 3532
3 5298 8475 3063
3 5138 7094 3223
3 4835 6794 2826
3 2242 6905 2241
3 7396 8417 1748
3 3225 7241 5265
3 3366 5293 4692
3 4733 8244 7594
3 6014 7483 3976
3 3055 6174 4656
3 243 4956 4528
3 3895 6200 5270
3 7666 7667 2160
3 3939 8197 5279
3 1154 7237 4679
3 5514 6532 2970
3 3774 7501 5928
3 5631 6880 54
3 7212 7303 4264
3 4221 7580 3513
3 6492 7326 5329
3 5598 7641 3410
3 4266 6520 6185
3 5132 8315 633
3 5951 7356 3391
3 2854 6077 5286
3 217 7000 5156
3 4828 7752 3176
3 3456 7073 4783
3 3993 8578 5881
3 5140 7715 4502
3 170 7014 6844
3 641 7283 640
3 6656 7056 1253
3 1078 7751 7707
3 4710 8394 6070
3 3148 7819 5737
3 3401 7678 6644
3 3755 6555 2677
3 1504 7960 2766
3 5400 7112 3552
3 1704 7216 1705
3 2918 7774 1117
3 4571 6976 1678
3 3361 6511 5166
3 4497 7684 6093
3 1519 6833 6667
3 3783 8147 5693
3 5267 6102 3502
3 3041 8261 7940
3 4963 5582 2782
3 1044 5386 4166
3 6763 7421 3820
3 4731 8463 5099
3 2664 8141 2663
3 6604 7168 2645
3 3268 7451 5562
3 6683 7461 4939
3 4638 7477 4070
3 1653 7490 491
3 1168 8426 1220
3 5721 7933 3868
3 3748 7764 6909
3 3023 5695 1139
3 3817 6755 5857
3 6983 7134 3728
3 3849 7724 5956
3 686 7352 1933
3 5397 8396 1167
3 1793 7174 1279
3 7569 8429 1704
3 5819 6497 3536
3 4074 7491 6574
3 6817 8456 2329
3 4943 8087 3043
3 6938 8083 4098
3 6907 7091 3049
3 6246 6247 2556
3 5527 5832 2941
3 5649 8100 4570
3 3656 8095 5388
3 3271 8366 7348
3 6197 7600 3732
3 5245 5923 2791
3 21 6755 22
3 610 7340 1295
3 8381 8382 3594
3 51 8241 6184
3 4102 7908 4475
3 3062 7881 5409
3 5982 7388 1984
3 1823 7420 2182
3 1163 7484 4407
3 5520 7541 4272
3 5179 6209 3658
3 1093 7309 1741
3 6574 7491 3648
3 3650 5822 4711
3 3178 8261 3645
3 5523 7603 182
3 6072 8226 3350
3 1305 7800 5052
3 6870 8561 4680
3 1044 6771 5386
3 2999 7980 2998
3 3805 5234 3026
3 3095 7100 4832
3 3906 7996 5262
3 1379 8137 2333
3 6637 6925 3859
3 2450 7895 3808
3 2508 7179 1311
3 5355 7397 1761
3 5559 5928 3127
3 2168 6336 4389
3 2793 8160 3782
3 4080 6062 3620
3 6972 7832 1446
3 299 8027 1439
3 3730 7880 6839
3 1761 7397 6921
3 6031 6644 3628
3 6258 8080 3444
3 2464 8364 2463
3 6387 7366 2353
3 964 7695 980
3 3643 7232 6270
3 3276 5289 1219
3 4339 7349 6141
3 3402 8086 4763
3 257 7690 2384
3 4875 6020 3247
3 4426 8427 3457
3 6300 7216 1704
3 2947 6760 6759
3 5613 7644 1349
3 5029 7904 1793
3 3502 8326 5267
3 5292 7116 64
3 442 7369 6695
3 2553 5679 5178
3 3520 5434 5433
3 2850 8617 8085
3 3570 7185 7184
3 5253 6465 3343
3 5370 7262 5371
3 6169 8071 2534
3 5151 7569 3701
3 7865 7866 4502
3 100 6847 3742
3 6497 8094 3163
3 5267 8326 2410
3 3759 8228 5938
3 4103 7246 7113
3 6276 8512 1608
3 3667 6166 6009
3 839 5345 760
3 5401 5757 3982
3 3805 5820 5234
3 1833 7732 4788
3 310 4719 3320
3 2197 7455 1809
3 2387 7414 6096
3 4168 5770 4169
3 3949 7258 5450
3 7674 7857 3915
3 5824 7967 1220
3 5081 7716 31
3 4899 7805 4403
3 7647 7728 3944
3 4168 6052 5770
3 6069 6366 3780
3 53 8473 3768
3 2946 6796 6530
3 5326 8239 745
3 1959 6878 6698
3 4328 8583 4413
3 134 7883 2190
3 4163 7610 3714
3 6324 8355 1921
3 1611 6938 374
3 6481 8177 4008
3 3432 7993 6960
3 3388 6826 6551
3 1194 8120 4039
3 4590 8439 1818
3 3912 6856 5569
3 5704 7085 308
3 5030 8509 7494
3 1895 6221 2559
3 7001 7002 3289
3 117 7520 2162
3 4080 8609 6062
3 3530 6627 4480
3 3131 6795 6690
3 3051 8022 5670
3 2805 8144 6489
3 201 8355 6324
3 4699 8354 2377
3 6859 6860 6774
3 1038 7169 6124
3 6825 7830 3119
3 2097 5236 5212
3 3628 7167 5364
3 1613 8118 1138
3 5189 7902 3668
3 5938 8228 2298
3 1972 8518 1405
3 5808 6945 4241
3 6267 7975 3261
3 4607 7518 6290
3 712 8046 6629
3 7845 7954 5891
3 1310 8255 5250
3 3777 8299 5223
3 3656 7288 5144
3 3704 6614 5137
3 7658 8555 1899
3 5344 8256 5017
3 4665 8576 4127
3 4292 7370 6609
3 1910 6338 1357
3 4826 6934 2789
3 3249 8342 6609
3 5256 6750 4223
3 518 6935 517
3 803 7367 1528
3 2692 7306 2254
3 5635 7363 4507
3 3837 6705 6704
3 3611 7565 5444
3 1695 6550 5842
3 5990 7730 2555
3 6673 8409 4782
3 3210 8218 5988
3 4392 8345 1441
3 3311 6731 165
3 6025 7948 1873
3 3681 6893 5879
3 1145 7585 1148
3 6045 8443 1685
3 5697 6848 4590
3 4623 6683 25
3 4139 5495 2235
3 1610 7709 5602
3 3726 6866 5857
3 4852 7811 3310
3 2934 5937 1924
3 2228 6648 4993
3 6367 6924 3386
3 5661 7541 3104
3 2864 6529 4626
3 4251 8396 5397
3 5975 6912 2587
3 4729 7094 4823
3 5687 8490 3079
3 225 7899 5722
3 5528 6446 4287
3 3206 8117 4870
3 751 7625 539
3 6441 6443 1870
3 6747 7675 2081
3 5435 7726 2199
3 8095 8465 5376
3 5407 7254 3338
3 4578 7726 3850
3 2863 7447 1370
3 4126 7638 6494
3 3510 4812 4460
3 5388 8095 2683
3 5173 5937 2934
3 5890 7191 2877
3 4626 6529 5064
3 7837 8330 4366
3 739 7432 278
3 1245 7666 2160
3 740 8266 2747
3 4783 7073 6063
3 1141 8258 7474
3 4739 7627 3229
3 1962 6925 5925
3 2575 7834 682
3 136 7573 5421
3 5976 8271 3567
3 6439 8463 3573
3 4613 8412 3580
3 3536 6292 5819
3 6549 8447 3952
3 195 8369 5903
3 7625 7639 4410
3 5463 7276 3904
3 3386 6822 6367
3 2343 6006 5237
3 4698 8233 4142
3 5964 8159 3046
3 7571 7844 4198
3 4144 7116 4928
3 4047 6984 4010
3 6358 7302 3741
3 5463 8405 3352
3 6402 6571 2557
3 4364 8169 7817
3 3316 6848 6536
3 6608 8182 409
3 6225 7828 693
3 6537 7392 1628
3 2170 7037 6351
3 3190 8399 5020
3 3901 7977 6155
3 360 7993 2464
3 4204 7110 3652
3 1991 6554 5012
3 6036 6053 2174
3 6466 6876 3343
3 1290 7561 2231
3 2159 7405 585
3 3347 6689 4485
3 3458 6368 6367
3 1793 8141 7174
3 1199 7213 4345
3 7137 8280 4000
3 1763 6773 6732
3 6130 8512 1155
3 4177 8428 7719
3 4124 7436 11
3 3783 7277 5086
3 1545 7560 1562
3 3678 8171 5737
3 3555 8013 8011
3 2551 8414 4811
3 5593 7843 6312
3 2281 6338 1910
3 2991 8312 1413
3 5002 7456 3752
3 5167 6492 4329
3 6401 8344 1626
3 4661 6898 5674
3 4503 6256 6012
3 4100 6895 6610
3 5458 7835 3888
3 4693 8053 7163
3 5525 7829 1757
3 1748 8417 576
3 1584 5615 5614
3 176 7784 2272
3 6097 6450 3986
3 5420 5744 4043
3 5523 7401 3075
3 345 7039 4270
3 5122 8492 104
3 3466 5275 3813
3 3653 6989 5278
3 6148 6997 254
3 7307 7542 3164
3 3139 6851 6560
3 1721 7022 1285
3 1320 6143 5746
3 7587 7649 3744
3 5444 8398 2250
3 6576 7606 1983
3 4212 6973 5817
3 1220 7344 499
3 3834 7418 5399
3 5382 6624 3413
3 4940 8209 5513
3 3592 7195 5266
3 4975 7646 6670
3 2983 6750 5256
3 341 8109 2786
3 7268 7269 3192
3 5300 7235 3609
3 1160 7613 6718
3 955 7263 5155
3 4485 7940 7099
3 1285 7022 5835
3 3240 7905 7657
3 6720 7679 1330
3 6390 8152 2313
3 5006 7400 1205
3 3488 6746 4409
3 5017 8256 3070
3 1980 8020 5774
3 4191 7814 4815
3 1722 7553 2135
3 4909 8110 8070
3 6609 7370 3249
3 5963 7109 3743
3 6213 6334 1586
3 3909 8037 6894
3 6602 7851 3825
3 1791 6120 5731
3 6758 8205 2560
3 5323 6704 4411
3 3368 8062 4450
3 1908 7641 5598
3 1925 7931 2932
3 6332 6753 3523
3 3257 6391 4078
3 5470 6951 3695
3 4056 7985 3048
3 5941 8469 2496
3 2672 7882 1336
3 3123 8280 7137
3 5925 6925 3678
3 6114 8212 3067
3 4851 7257 3582
3 5884 7261 6937
3 1367 6074 5817
3 827 970 828
3 2575 5349 5188
3 4253 6847 100
3 4585 7377 3631
3 6640 6773 1763
3 4087 6888 5216
3 3048 6801 4701
3 2463 8364 5411
3 1401 8610 2365
3 5686 7690 3741
3 2296 7922 7006
3 3229 8571 5765
3 1774 7271 7047
3 1791 7901 5729
3 5610 7023 3154
3 3850 7726 5435
3 2596 6834 4521
3 3732 7193 3162
3 1794 6677 6134
3 1300 8373 2191
3 709 6549 3952
3 5482 7813 1668
3 1348 8079 4554
3 2719 7634 5074
3 189 7087 5993
3 3846 8456 6817
3 5669 8507 4429
3 5562 7653 3997
3 3918 8542 4988
3 4215 7706 6187
3 5581 8153 1970
3 5715 8331 350
3 1778 7844 7571
3 6110 7888 3516
3 6058 6667 4118
3 3973 8323 5727
3 5252 6916 3082
3 5121 5430 3427
3 1212 8609 7598
3 2798 7146 5683
3 6389 7314 2530
3 2805 6489 3683
3 703 7617 706
3 2534 7710 1856
3 7615 7636 4399
3 5368 7932 3317
3 3732 7600 7193
3 2327 6863 6252
3 2973 5751 5750
3 5716 5826 537
3 601 7599 4192
3 1197 7908 4102
3 3714 7610 5058
3 5062 5545 2145
3 3339 7698 3864
3 3592 8373 6800
3 2002 5626 5104
3 4834 8531 206
3 5097 7986 3171
3 4483 8611 7720
3 6851 7998 3553
3 5690 7495 3495
3 3299 7517 4524
3 5304 5833 3767
3 4031 6728 3198
3 341 7973 2443
3 7896 8161 3568
3 6644 6898 3628
3 3522 7121 6029
3 1789 7621 3988
3 3331 8086 7469
3 4489 8010 688
3 5114 8391 187
3 5310 7687 1043
3 6144 7680 3357
3 3483 6402 5707
3 6009 6687 3509
3 2786 8403 4530
3 5458 7876 3609
3 633 8315 5426
3 3326 8153 5581
3 3194 7663 4471
3 4405 8155 7739
3 1864 6703 5050
3 6181 7318 2604
3 8067 8266 740
3 4210 7875 3301
3 4761 8496 1174
3 5593 6312 2833
3 3478 6502 6341
3 153 8577 6535
3 5406 5959 4012
3 1454 8379 775
3 2376 5241 4029
3 4153 8580 5359
3 2303 7346 191
3 5817 6074 3567
3 3315 7029 5538
3 5940 6514 70
3 5569 6856 335
3 5041 8566 2109
3 5293 7139 1322
3 1642 8311 5655
3 3916 7297 5578
3 6327 7372 1393
3 3818 7102 5957
3 1870 8576 4665
3 3684 7339 5617
3 1985 7220 2395
3 1949 7618 2581
3 2495 7810 6930
3 2351 6816 5130
3 2826 7827 2827
3 2228 8520 1841
3 3388 7325 6998
3 5409 7881 3400
3 5126 6674 3338
3 3348 8308 5549
3 3535 6976 5509
3 652 7190 6212
3 5747 8455 4493
3 5982 6472 2397
3 5534 6194 3607
3 7720 8611 3922
3 6654 7648 4758
3 3410 7978 5598
3 2592 8139 6753
3 3427 7353 6685
3 3297 6873 6071
3 1664 7215 5883
3 3461 6768 6109
3 4143 6261 5307
3 6946 7552 2020
3 3716 6658 4994
3 6388 6698 1392
3 2607 6784 5983
3 3519 6283 5540
3 5459 5728 3404
3 5581 6883 3326
3 5123 6832 3402
3 5372 8368 2524
3 5632 8595 3635
3 5163 5930 3460
3 1666 7661 2813
3 5144 8465 3656
3 733 7753 1595
3 6376 7792 288
3 6417 8461 2537
3 751 7639 7625
3 3712 5481 5355
3 6611 6612 3220
3 3818 7447 5943
3 3617 7662 5738
3 5263 5526 4104
3 6329 8451 3481
3 6818 7351 3065
3 2409 8101 6193
3 2080 7746 40
3 7237 7709 4679
3 5879 6893 1204
3 2696 8537 6473
3 5587 8221 169
3 2078 6654 4533
3 5909 7436 4124
3 6023 7657 3905
3 2084 8007 43
3 1783 7772 1304
3 6407 6783 3948
3 3112 7778 1587
3 1041 5367 5245
3 1746 5865 5692
3 1135 7232 5667
3 1307 8557 6051
3 5579 7697 3619
3 5589 7312 3473
3 3353 7294 5685
3 6840 8217 4350
3 3706 7523 6385
3 5789 8501 3281
3 3536 7587 6293
3 4577 7681 5417
3 4635 7557 3547
3 4798 8607 1378
3 6129 7279 2415
3 6602 8111 3080
3 1334 7337 7336
3 4254 8256 5344
3 2401 6503 6024
3 4491 7762 6720
3 5464 8511 4188
3 6912 7354 1957
3 1309 6066 3935
3 1849 7069 5934
3 3295 8511 5464
3 6137 7903 4362
3 1986 7411 5703
3 1461 7750 304
3 6031 6164 3401
3 3259 7893 3811
3 2085 8325 5402
3 6555 8538 4619
3 5266 7503 3592
3 2734 8123 5258
3 5346 6563 3111
3 3133 7422 6101
3 3051 7154 5393
3 3053 8595 5632
3 4222 7084 265
3 3647 6698 6388
3 2344 6356 5546
3 5338 7705 4113
3 1443 7637 276
3 3747 6526 2320
3 6486 8186 3295
3 2108 6933 6152
3 5154 7527 6738
3 2721 7954 688
3 1873 7948 1872
3 26 8161 1149
3 3678 6925 6637
3 6380 6635 2453
3 3944 8423 4906
3 1524 7113 5526
3 5536 7515 3591
3 3334 6380 5585
3 2524 8368 6285
3 1756 7889 2661
3 2262 7727 171
3 985 6713 936
3 4744 7255 3054
3 2800 5472 5147
3 5358 7765 1378
3 1616 6092 2910
3 4778 6741 4130
3 2873 4716 4715
3 1877 7686 5935
3 5833 7699 3767
3 3349 7436 5909
3 1639 7862 2476
3 4895 7704 7124
3 5535 7578 1692
3 2688 7849 7345
3 4732 7535 2258
3 2467 8107 6092
3 6798 7654 3296
3 1662 6803 5883
3 6014 7355 3999
3 3200 7495 4677
3 1595 7428 6033
3 2369 7496 5540
3 4270 5657 5656
3 6691 8357 594
3 2612 6784 4775
3 5363 7515 1820
3 2876 8219 6557
3 1862 7840 2532
3 2688 7345 6446
3 3542 8435 6054
3 1698 8486 6339
3 3738 8245 5577
3 7134 7229 3728
3 6391 6775 3131
3 3308 7590 4173
3 5699 7642 2347
3 5633 8343 2287
3 6058 7282 3245
3 5568 5585 3443
3 3054 7317 4745
3 5935 7686 4193
3 5414 5415 5413
3 1422 7414 2387
3 6606 7143 3380
3 7565 8398 5444
3 2841 5944 5729
3 6144 7021 4176
3 1247 8614 6857
3 4572 7589 6403
3 1992 7928 1479
3 3176 7608 4828
3 3081 6761 5604
3 1474 6532 822
3 1617 8107 2467
3 5239 5240 3865
3 3838 6877 5520
3 6111 7683 3740
3 5307 6261 3224
3 7719 8428 4178
3 5262 8211 3906
3 3311 6432 3936
3 3906 8441 6105
3 4291 8573 6819
3 4999 7731 3805
3 4196 6162 5226
3 5247 7209 1116
3 1653 7532 7490
3 3516 7378 6110
3 3484 7644 5613
3 6187 7706 1423
3 1978 8008 5491
3 5510 8275 3307
3 2202 5223 4560
3 4409 7111 3488
3 533 6419 3512
3 7091 7092 3049
3 5088 8387 2280
3 2109 6845 5041
3 6150 6820 1490
3 6297 7743 1735
3 5732 6638 3248
3 2380 6798 6515
3 7336 8533 1334
3 6094 8602 1434
3 728 6411 727
3 5362 7958 2294
3 4554 8383 6119
3 3909 8502 7423
3 7442 7706 3953
3 5703 7411 3614
3 5605 8026 3283
3 844 7335 6991
3 2839 7481 2205
3 712 8008 716
3 5402 7927 4881
3 7497 7498 3699
3 2305 7622 7466
3 4132 8601 6717
3 7281 7454 2697
3 2911 7649 4942
3 4336 6104 1169
3 5893 6404 3480
3 2478 8025 4544
3 3880 6842 4701
3 4200 7885 4303
3 4686 6408 1850
3 5925 7302 1962
3 6462 8503 1453
3 6596 7141 4245
3 4679 7709 1610
3 4252 8503 6462
3 2384 7690 5686
3 4102 7981 1197
3 6072 7007 4117
3 3835 8275 5510
3 6063 7073 3176
3 3076 7391 6314
3 6562 8527 2373
3 6859 6881 3216
3 5159 8222 3717
3 6351 7037 3452
3 7124 7927 4140
3 5813 8426 1168
3 6375 7333 31
3 2569 8052 7475
3 5540 7496 3519
3 6124 7169 3528
3 3659 8521 6725
3 3943 6604 5373
3 73 7935 497
3 2748 6043 5395
3 5850 6891 2832
3 6203 8185 4207
3 4028 8306 6427
3 4224 7117 6046
3 2626 6104 4336
3 4324 7954 7845
3 5791 6897 2657
3 6855 7270 4138
3 1351 8033 163
3 7531 7532 1653
3 5325 7883 134
3 2799 8043 5805
3 5936 8048 3696
3 2682 6657 5490
3 3112 7614 5357
3 3403 7575 5438
3 5640 5764 1292
3 1536 8264 2034
3 1859 7947 168
3 3659 7749 4737
3 4119 7486 4604
3 6672 8136 4040
3 4002 8449 5798
3 7245 8340 8327
3 2950 6812 6811
3 6744 7225 2563
3 4603 8259 5963
3 3266 8424 6071
3 7122 7391 3076
3 7029 8067 740
3 1469 8140 2790
3 2439 8188 1555
3 3551 8513 7065
3 1192 6589 4563
3 6057 8069 2650
3 5903 8369 3599
3 5491 5978 1978
3 6132 7664 3361
3 2260 6636 5187
3 4004 8468 6572
3 3058 7998 6851
3 7172 8113 1187
3 3631 7904 5029
3 1960 7728 7647
3 4072 8024 2673
3 3481 8451 6809
3 6105 7996 3906
3 2631 6464 5494
3 4097 8438 6035
3 6844 7014 4472
3 5302 7138 1672
3 3553 7269 7268
3 320 8084 1225
3 4131 7373 6895
3 5764 7919 1292
3 5990 6247 3778
3 4534 6827 3748
3 4438 8244 2319
3 1444 8163 1981
3 2207 7628 6701
3 605 7879 5442
3 5450 7500 7487
3 3975 8617 2850
3 2366 6859 6774
3 5135 8341 1008
3 2549 7501 7434
3 3288 7536 4855
3 3016 7062 5106
3 4719 7498 7497
3 5051 7775 4543
3 5118 6853 3306
3 4521 5288 2596
3 3469 7461 6683
3 4734 5807 3699
3 5408 7626 1183
3 2716 8319 6787
3 1598 8068 1634
3 5495 8323 3973
3 253 6827 4534
3 1759 8362 2494
3 4606 7727 2262
3 6639 6985 4670
3 2713 7082 5977
3 5875 6728 4031
3 2649 7827 6794
3 6151 6994 1321
3 7875 8500 4772
3 221 7964 1390
3 5738 7662 1458
3 3444 7264 5782
3 3140 8521 5012
3 6422 6893 3681
3 7817 8169 5466
3 5001 8262 3465
3 7049 7477 1565
3 614 7659 5763
3 7074 7343 2632
3 7696 8230 1176
3 6275 7567 3700
3 1210 8170 1209
3 2563 8455 5747
3 1721 8100 5649
3 4097 7325 6551
3 6717 8601 3821
3 7051 7052 179
3 1587 7595 6302
3 3370 6389 5537
3 7487 7500 3047
3 1746 5692 4389
3 3783 7278 7277
3 706 7617 707
3 2728 8149 5630
3 1150 6898 6644
3 3523 7263 6332
3 3057 7763 6088
3 1081 6301 5157
3 7309 7549 1741
3 35 7896 5452
3 2323 6785 6513
3 6145 7907 4469
3 6489 6490 4057
3 5774 8020 4155
3 4536 7676 2454
3 3904 8405 5463
3 4433 8210 1900
3 1321 6994 6927
3 5048 6198 3940
3 6488 8213 4926
3 6500 6501 2471
3 3055 6175 6174
3 2835 6297 5348
3 5913 6673 2868
3 4061 4841 3863
3 7009 7151 645
3 6333 8342 3249
3 4867 7951 2353
3 6279 7216 3666
3 3594 8382 6752
3 2696 8185 172
3 238 8420 6900
3 5480 7538 3367
3 5707 6694 3484
3 6535 8042 2224
3 7966 8305 3455
3 3883 7462 6829
3 1146 8329 5642
3 1150 7678 1147
3 5611 5618 459
3 5423 7708 7470
3 3204 6275 6274
3 7761 8312 5076
3 3623 6379 4962
3 3460 5858 5163
3 5080 8103 2367
3 6647 6959 3771
3 189 7459 5740
3 3136 7776 6512
3 2405 8073 4075
3 3296 7385 4703
3 673 8204 674
3 5405 7151 3407
3 3394 6905 6461
3 501 6458 4884
3 4339 6141 3597
3 5493 7601 4317
3 4942 7649 7587
3 3926 8504 7830
3 3730 6611 5767
3 6072 8133 4740
3 6202 6823 1112
3 3555 8011 6517
3 5942 6725 1565
3 3552 7112 6560
3 4723 7785 6156
3 5327 7630 419
3 4703 7385 1954
3 5962 6390 2313
3 1983 7606 7411
3 3772 7917 4820
3 6131 8394 3279
3 2970 6532 5380
3 4882 8000 5746
3 3674 7875 4210
3 6208 7741 4176
3 2782 4964 4963
3 2219 8338 6322
3 3763 5241 263
3 3868 7869 5721
3 3700 7343 7074
3 2703 7530 3815
3 5889 7842 250
3 6979 7206 3809
3 4369 7948 6025
3 2969 8060 5582
3 1769 7659 6828
3 2220 7234 4368
3 2730 8151 5349
3 2660 8397 6444
3 5213 7767 1196
3 6291 8068 4170
3 3920 7956 5736
3 3244 7909 5384
3 6489 8144 1024
3 4095 7136 5708
3 171 8552 2261
3 4406 7797 6563
3 6161 7288 3656
3 2337 7899 4236
3 3206 7912 5700
3 6029 7121 218
3 377 6829 4492
3 4067 7381 5232
3 1334 8505 4072
3 1764 6566 6066
3 1705 7638 1704
3 5881 8578 3203
3 4423 7106 3557
3 4848 4849 3463
3 3571 6867 3274
3 235 6696 4655
3 1789 8439 7621
3 477 6418 476
3 3741 7302 5925
3 4035 7190 7125
3 6694 8207 3484
3 4967 7300 5884
3 7631 7968 3230
3 1009 7504 1000
3 5050 8185 2696
3 4317 7601 5229
3 3276 5575 5574
3 1193 7908 4286
3 5510 7846 3835
3 3770 6454 5511
3 8062 8125 4450
3 7099 7940 3711
3 5059 7974 2706
3 3360 7082 7016
3 597 8397 2660
3 3695 6400 4878
3 3927 8378 4668
3 1368 8270 1305
3 5655 8311 3999
3 7242 8077 1597
3 6594 6815 3639
3 1411 7528 5877
3 4140 7927 5402
3 2538 7985 4056
3 7375 7376 3725
3 4299 7581 4221
3 3880 4701 3544
3 2201 8567 1918
3 1024 8144 1025
3 6444 8397 3995
3 1388 8574 6019
3 6024 6503 1464
3 3618 8559 3203
3 1402 7995 1458
3 3438 8321 4950
3 2694 7729 6206
3 4188 7159 6340
3 5476 6916 3664
3 5891 7954 2721
3 607 8510 8509
3 4653 7318 6181
3 7823 7905 3240
3 4326 8466 6052
3 3799 6997 6148
3 2383 8377 256
3 6389 7200 3369
3 1897 8271 5976
3 1968 8495 718
3 4127 8576 6801
3 5489 7801 4106
3 1808 7093 6115
3 6171 6240 3718
3 4521 6588 5288
3 4288 8448 5882
3 952 7169 1038
3 5991 7068 3907
3 3099 8262 5785
3 6302 7595 2036
3 1825 8287 145
3 4707 7370 4292
3 4933 5390 2578
3 168 7850 7849
3 2066 7258 3949
3 3494 6016 5933
3 7714 8084 1184
3 177 8555 1894
3 3101 7878 4504
3 5366 8516 366
3 3689 8303 7776
3 6642 7620 3638
3 4983 7413 2187
3 5393 7154 3297
3 2187 7398 5341
3 4827 7622 2306
3 4787 7366 6387
3 6962 6963 3290
3 6280 7910 1342
3 1850 6408 6169
3 6927 6964 2253
3 499 8156 5508
3 3344 6823 6202
3 5383 7063 2298
3 2637 7877 4333
3 6296 6438 4161
3 3479 7108 5902
3 3873 8001 5174
3 3343 6876 5914
3 2264 8092 7684
3 2201 8384 8079
3 6766 7914 124
3 7715 7865 4502
3 6879 7389 1625
3 5786 7223 3925
3 6339 8486 3857
3 718 8072 5211
3 6686 7364 2429
3 5334 7389 2907
3 3817 6235 4990
3 4882 5746 2919
3 6195 6538 3687
3 3249 8310 6333
3 4494 7341 6528
3 3597 8421 4339
3 5729 6120 1791
3 5762 6613 4179
3 4768 5986 1226
3 3067 8212 7167
3 3743 7109 5903
3 6368 8076 3144
3 1362 7111 4409
3 2321 4989 3747
3 418 6510 1526
3 4943 7105 3844
3 6452 8442 4562
3 2112 6081 6080
3 210 7861 6010
3 3642 6819 6273
3 1272 8062 4192
3 3251 7927 7124
3 3230 8498 6286
3 6266 7713 3389
3 3612 8295 5314
3 1471 7236 4527
3 1503 8016 8015
3 3505 7409 6710
3 3509 7972 6009
3 1831 8338 2219
3 5273 6934 2794
3 2320 6526 5244
3 2261 8552 7014
3 2210 6932 4824
3 3149 8588 4712
3 6908 8318 3588
3 3280 8220 6018
3 6325 8099 2113
3 7229 7230 3090
3 8231 8232 3419
3 7098 7099 3043
3 5765 8571 3626
3 7679 8092 1330
3 3752 7395 5207
3 3481 6809 5020
3 6216 7973 341
3 1646 8540 2484
3 1735 7743 1278
3 4168 8080 6052
3 6791 7387 4331
3 473 8522 1681
3 3229 5765 5026
3 2631 8316 5177
3 3447 6497 5819
3 3440 8206 7406
3 2348 6944 6807
3 5361 8143 87
3 31 7333 30
3 1158 7735 6829
3 3092 8543 6662
3 3932 7351 5259
3 4074 8048 7491
3 1155 7527 6130
3 6518 7507 3244
3 6512 7776 4793
3 4430 7847 3572
3 414 8331 5715
3 113 8097 572
3 2241 6905 5506
3 7884 8179 3713
3 5915 8376 3834
3 3398 7915 7914
3 3968 7704 7118
3 3786 7056 6656
3 3213 8535 7078
3 5276 7099 3711
3 6000 7519 3089
3 7756 7779 3077
3 4530 8596 2806
3 3113 7919 5764
3 3806 6912 5975
3 2180 8404 5684
3 3272 7991 6158
3 279 7921 5498
3 6135 8117 3206
3 5073 6511 3361
3 3900 7033 6021
3 41 8233 6882
3 3056 7987 7163
3 3926 7830 6825
3 3188 7141 6596
3 4110 7723 5771
3 1519 4921 4512
3 5749 7135 3431
3 1304 8425 1783
3 7224 8460 5032
3 4819 7792 794
3 6560 7112 3139
3 223 7555 5246
3 7367 8116 1528
3 2533 8438 6551
3 6400 6951 1409
3 5649 8061 1721
3 3361 7664 6864
3 4323 7005 6609
3 1353 8519 6437
3 3634 8484 7105
3 3239 6450 4980
3 8336 8337 2458
3 4412 8441 6168
3 6148 8237 4015
3 1213 8609 1212
3 4487 7816 7657
3 3518 7307 6517
3 5599 5600 3549
3 593 7913 594
3 7039 7378 3516
3 4192 7599 1272
3 3720 7115 6447
3 3488 7841 4994
3 3125 8048 5936
3 2462 7945 4951
3 1769 6828 6064
3 6642 7513 1461
3 6565 6566 1795
3 5475 8064 3480
3 656 8553 1324
3 3851 7097 6918
3 2190 7883 4924
3 4788 8544 4368
3 5818 8367 1266
3 7971 8526 3664
3 5141 5912 3890
3 6868 8102 4219
3 615 8515 616
3 291 8138 290
3 4093 7333 6375
3 3085 7204 7136
3 3539 8490 5687
3 6801 8576 3544
3 4515 8434 4516
3 5103 5117 2191
3 6083 6802 2454
3 5785 8262 5001
3 4178 8428 2625
3 2135 7553 7206
3 3066 8299 6612
3 4809 8057 6372
3 3476 8288 6978
3 3741 7690 6358
3 3678 7819 5925
3 2742 4061 3863
3 3159 6261 4143
3 2681 8028 6342
3 6054 8435 2474
3 5821 6420 2365
3 5895 7745 35
3 7707 7751 4372
3 103 7643 3636
3 4377 6521 3287
3 3077 7779 7323
3 1398 7775 5051
3 1874 7867 5484
3 3513 7580 4223
3 652 7874 1845
3 1159 8612 3527
3 3279 8394 4710
3 5665 8027 299
3 6141 6906 3597
3 7155 8131 4209
3 815 6892 6040
3 2522 8339 6409
3 3197 4435 3822
3 5442 7879 1264
3 4906 8423 3103
3 5087 6986 2624
3 4258 8470 6027
3 7076 7614 3112
3 5389 8426 5813
3 4093 6375 2079
3 4219 8077 7242
3 2187 7919 7398
3 3519 7496 6201
3 3676 6789 5283
3 7835 8005 5570
3 4894 5542 3615
3 1861 7947 7361
3 6112 8610 3713
3 1096 1282 603
3 3686 4790 4092
3 5717 8234 1828
3 2584 8229 6289
3 2786 8109 3861
3 3753 6173 5625
3 3215 8478 6034
3 3549 8159 5964
3 5948 6274 1090
3 315 7888 6110
3 3156 8547 8044
3 6184 8241 3854
3 5943 7460 3373
3 5604 6761 3257
3 2353 7366 6328
3 5291 6813 115
3 7240 8282 2878
3 5592 6953 1018
3 3974 8046 6167
3 5602 6553 6
3 6367 6822 3458
3 6515 6798 3296
3 4686 7107 6408
3 3159 7256 7255
3 8013 8015 8011
3 2998 7980 5590
3 105 7804 7492
3 4008 8177 5534
3 7627 8571 3229
3 7407 7820 3524
3 3741 8003 5686
3 6019 8574 3970
3 2395 7220 6804
3 4719 7497 3603
3 15 8452 5733
3 3345 5927 4905
3 6430 8260 346
3 6212 7190 4035
3 6560 7268 3552
3 125 7902 5189
3 3932 8386 7409
3 3763 7833 4029
3 1180 6510 418
3 6386 6567 368
3 3931 5415 5412
3 1169 6104 5617
3 4452 7025 123
3 1694 6959 6647
3 1706 6663 3595
3 4997 8592 4510
3 7194 7893 3259
3 4026 8174 4807
3 6732 6773 4003
3 5067 8401 2620
3 2840 7758 5521
3 7155 8022 3051
3 2853 7727 4606
3 2489 6617 3277
3 6186 8344 2482
3 5314 8295 3964
3 5490 7811 2266
3 6665 6666 3246
3 3281 8501 5651
3 1672 8026 5605
3 4711 7176 3650
3 3622 7372 6327
3 3580 8412 5705
3 4650 8529 1679
3 3991 8407 6692
3 2710 7854 5916
3 1685 7650 6846
3 129 8283 6620
3 3735 6815 6594
3 3429 8582 4478
3 3950 7612 7611
3 4302 7512 5892
3 3377 8458 7922
3 7255 7256 3054
3 5779 6174 4312
3 6451 6470 262
3 87 8143 4757
3 6590 8261 3041
3 6978 8288 4260
3 4385 7953 3174
3 1582 6756 6005
3 3059 8563 5958
3 7657 7816 3905
3 3510 8250 4461
3 6388 7414 1422
3 7398 7919 3113
3 6403 7589 127
3 2215 8059 1827
3 2191 6671 6255
3 7031 8472 1440
3 3065 8288 6818
3 6179 7525 4005
3 1147 7678 7299
3 5803 5858 3556
3 3863 6374 2742
3 3071 6476 6475
3 4002 7746 5342
3 2803 7807 6426
3 7299 7678 3401
3 7377 7904 3631
3 36 6276 5445
3 5357 7614 5053
3 5890 6902 3589
3 579 8069 5148
3 6875 7275 3853
3 3888 8471 5458
3 870 7572 6679
3 1643 7977 5659
3 6095 7447 3818
3 5588 7851 4183
3 3645 6727 183
3 5671 7665 3410
3 1406 8433 3775
3 6182 8600 2583
3 482 6650 6649
3 4157 7801 5489
3 7183 7184 4229
3 6100 7330 3724
3 5793 7530 4648
3 7538 7823 3367
3 3769 8246 6780
3 5282 8320 2147
3 5196 8556 5416
3 7598 8609 4080
3 6358 7690 257
3 3043 8087 7098
3 3679 7672 5998
3 3934 6565 5809
3 203 6504 4548
3 4008 8551 6481
3 6679 7572 950
3 3949 6178 2066
3 6093 7684 3969
3 3557 7106 4722
3 2855 8537 4759
3 8028 8130 609
3 3203 8559 6559
3 4751 8146 4750
3 7657 7905 4487
3 7133 7707 4372
3 6211 6588 3879
3 3828 8394 6131
3 6718 7613 4254
3 558 8614 1247
3 5037 8231 3419
3 6219 8532 3708
3 6717 8372 4132
3 6327 6328 3846
3 5058 6670 3714
3 3254 5841 5840
3 5798 8449 3021
3 4404 7424 7123
3 4333 8525 2637
3 3755 8538 6555
3 3806 7354 6912
3 4272 7682 5520
3 6940 7120 82
3 5178 8207 2553
3 5095 8066 4076
3 2547 8410 5993
3 4286 7908 7449
3 4118 8353 5576
3 4909 8070 6433
3 6364 7960 4119
3 3265 7631 6286
3 4425 7725 3242
3 1827 8059 6752
3 5839 7030 3540
3 4617 8608 6372
3 3450 8004 7432
3 5685 7294 2515
3 124 7588 5941
3 5545 7643 103
3 4546 7375 3725
3 5608 6180 2822
3 4255 7799 5919
3 6902 6903 3589
3 4341 7979 697
3 6254 6383 1079
3 6807 6944 3859
3 6023 7433 4901
3 6458 8351 3247
3 3538 7342 7034
3 6685 7353 3012
3 1000 7504 1001
3 1524 6305 5108
3 3618 7697 5579
3 6927 6994 3604
3 5374 8267 1713
3 5399 7418 2846
3 6759 6760 4025
3 6308 8078 3854
3 2737 7965 6762
3 6783 7325 4097
3 5770 8515 4169
3 7205 8454 208
3 4570 7015 6858
3 7163 8366 4693
3 3778 7730 5990
3 3470 8493 6217
3 120 6478 6039
3 3002 5524 4246
3 6230 7640 3365
3 4223 6750 3513
3 3977 7752 7368
3 1010 8597 7182
3 5436 7327 3938
3 5103 7503 2267
3 1230 6491 2896
3 5315 6457 3978
3 7230 7231 3090
3 123 7161 4452
3 5954 7992 633
3 3445 7279 6129
3 7531 7818 3640
3 4427 7010 6834
3 3407 7151 7009
3 7943 7944 967
3 5796 8254 1573
3 1455 7629 7319
3 3635 8470 4258
3 6609 8342 4323
3 178 6442 6140
3 3723 8357 6691
3 7643 8292 3636
3 6130 7527 3454
3 3970 8501 5789
3 3748 5550 4534
3 6728 7508 3198
3 5194 7473 7007
3 6032 8044 3613
3 4604 7975 3097
3 5498 7921 3234
3 2646 8300 5816
3 4207 7744 6203
3 3444 8604 6258
3 3204 7567 6275
3 3578 8309 7472
3 3247 8351 4875
3 3709 7698 6643
3 4750 5337 1034
3 4727 8419 6103
3 5417 7681 1702
3 3857 7547 6339
3 5227 8333 2136
3 3480 8064 6324
3 3897 6061 5911
3 5748 7537 3322
3 3540 7549 7309
3 6207 7945 2462
3 7307 8393 3654
3 3607 6264 5534
3 4399 8179 7884
3 1607 8180 6218
3 7150 8498 3230
3 3429 6306 5483
3 1514 8292 7643
3 5688 6021 1675
3 3119 7830 6288
3 5079 8276 3606
3 6289 8229 3529
3 6340 7159 3968
3 3406 8607 4798
3 6886 7482 213
3 3768 8181 5694
3 3803 7134 6983
3 4354 8117 6135
3 8113 8114 1532
3 1303 8177 6481
3 2453 7895 7066
3 7406 8206 4203
3 3640 8497 6632
3 6308 7509 347
3 7962 8041 3692
3 5720 7371 1287
3 4065 8550 5980
3 4684 8269 6066
3 1608 6581 6276
3 5988 8218 2847
3 3852 7023 5610
3 3947 7352 6399
3 2994 6521 4377
3 3203 8578 4654
3 4251 7820 7407
3 187 8391 5938
3 4981 7843 5593
3 6888 8058 148
3 3688 7680 7429
3 1312 6994 6151
3 5394 8424 3265
3 3532 8282 7240
3 3841 8127 3842
3 6018 8220 5356
3 2372 8518 4669
3 3685 7364 6686
3 3265 7632 7631
3 4699 8600 8354
3 256 8377 6790
3 3492 8481 7413
3 6134 6677 2838
3 1662 7720 6008
3 1170 8102 6868
3 3664 8565 5476
3 3084 8126 5868
3 3310 7811 6657
3 7818 8497 3640
3 6858 7015 3764
3 3107 8370 7722
3 3144 6924 6367
3 2311 8442 6452
3 4559 7256 6525
3 5973 8464 1861
3 5817 6973 3957
3 2250 8507 5669
3 3960 7973 6216
3 4559 6515 3296
3 3075 7401 6593
3 2 7675 6747
3 6028 6149 2380
3 1894 8555 7658
3 5644 7042 1382
3 6021 6453 3900
3 5082 8074 3267
3 1956 7654 6798
3 3444 8080 7264
3 3468 8343 5633
3 3477 8212 6114
3 3412 7324 7323
3 1293 7239 4398
3 3311 7379 6731
3 5169 8050 8049
3 8349 8350 3632
3 4244 8208 6223
3 2291 7473 5194
3 6762 7965 3455
3 6412 7924 2633
3 4994 7841 3716
3 4386 8482 6147
3 5579 5580 3618
3 2158 8564 4617
3 2642 6952 5128
3 1334 8533 8505
3 8021 8140 1469
3 6882 8233 3181
3 3671 6682 6681
3 6890 8597 4310
3 6536 6848 2514
3 6729 8127 3841
3 6761 6775 3257
3 6626 7568 2654
3 4692 8221 3366
3 7014 8552 1852
3 2807 7357 6335
3 3182 8340 7245
3 1274 8121 7362
3 5840 6269 3254
3 3799 7787 5972
3 3370 7200 6389
3 310 7498 4719
3 7368 7752 4021
3 6528 8348 3287
3 6731 7379 3369
3 6659 7763 3057
3 4098 8083 4950
3 3716 7669 6658
3 7350 8415 3811
3 4925 5294 3375
3 3210 6623 5885
3 3018 6519 5804
3 6666 7089 3246
3 2279 6443 6441
3 6753 8139 3655
3 2260 6844 6385
3 6782 7050 4392
3 6640 8289 3851
3 6913 7624 1571
3 3099 7270 6855
3 3389 7713 5554
3 1790 8581 5992
3 3302 7616 7584
3 6855 8262 3099
3 5052 7800 3468
3 7030 7549 3540
3 6481 8551 3390
3 6106 7987 3056
3 7265 8206 4099
3 5014 7694 631
3 594 7913 6691
3 4028 8332 8306
3 3233 7374 5558
3 6722 8584 2438
3 3369 7200 6731
3 2827 7827 3812
3 6312 7843 2834
3 5842 7623 1695
3 1980 8359 8020
3 5128 6952 3836
3 2854 7156 6067
3 7584 7616 2935
3 5883 7215 1566
3 5486 8096 1801
3 1406 8527 8433
3 5648 7379 3936
3 5451 7980 2999
3 2328 7368 6886
3 5520 8480 3838
3 6046 8259 4603
3 1335 8052 5249
3 6175 6890 4310
3 4468 7078 1671
3 7491 8048 3125
3 3663 8192 6302
3 6560 6851 3553
3 3398 7914 6766
3 3691 8041 7962
3 3318 7761 5076
3 4243 6920 6873
3 3889 5354 5353
3 1266 8367 5230
3 3613 6652 6032
3 3638 8524 7513
3 3143 8249 6381
3 7065 8513 1327
3 7965 7966 3455
3 6834 7010 4521
3 5317 6378 3858
3 5258 6948 2376
3 1834 8216 6684
3 3616 8531 4834
3 6015 7368 2328
3 3098 5129 4887
3 1622 7313 5406
3 3922 8611 6548
3 5678 7977 3901
3 6332 7263 2026
3 1695 7598 4080
3 1704 8429 6300
3 6517 8155 3555
3 1530 8328 6107
3 5836 5926 549
3 5952 8409 2864
3 4951 7946 45
3 6348 7514 3147
3 1980 8361 8359
3 5566 7329 23
3 1411 8348 7528
3 6413 6823 3344
3 6088 7763 3333
3 3054 8172 7317
3 3621 5969 2762
3 1446 7832 5848
3 5885 6623 3916
3 4403 7805 5653
3 6634 8305 1951
3 3825 7851 5588
3 72 7719 5984
3 6723 7132 3286
3 3493 7485 6825
3 6487 8529 2815
3 3183 7878 6256
3 7008 7605 3237
3 7175 7176 4711
3 3664 8526 6154
3 6930 7810 131
3 5359 8580 2963
3 4002 8546 7746
3 6661 8179 4399
3 3577 7831 6004
3 4265 7303 7212
3 6426 8568 1599
3 3666 7216 6300
3 5289 6993 1219
3 3389 5554 5553
3 3157 8532 6219
3 4654 8578 3993
3 6572 8468 3682
3 4353 8605 8119
3 3119 8467 6628
3 7336 7337 2194
3 6288 7830 3414
3 4305 8116 7367
3 5660 7669 3538
3 3109 7325 6783
3 5509 6976 4571
3 6377 6433 1798
3 1785 8390 7868
3 2896 6491 1238
3 885 6871 5487
3 7409 8386 2406
3 1423 7706 7442
3 1355 7974 5572
3 4366 8024 7837
3 6707 6708 4411
3 3125 7857 7114
3 3787 5628 5205
3 3526 7673 6543
3 6053 7453 1797
3 7237 8434 4515
3 6857 8614 1287
3 4107 7053 2683
3 3832 7568 6626
3 5712 8493 3470
3 4445 7620 6642
3 1502 7085 5704
3 3538 7034 5660
3 7914 7915 3724
3 1818 8439 5658
3 1167 8488 8285
3 3455 8305 6634
3 5553 6998 3389
3 3350 8226 6122
3 4219 7242 6868
3 3524 8077 7407
3 5329 8296 4329
3 3514 7646 4975
3 6106 8460 3735
3 3550 7328 5842
3 3140 7049 6725
3 5761 8268 161
3 6928 8066 3161
3 7158 7656 185
3 5913 8409 6673
3 6578 8349 3632
3 2473 7382 6054
3 6550 6647 3490
3 4202 8042 6535
3 6048 7291 361
3 8306 8332 4027
3 2681 8145 8028
3 4169 8175 4168
3 5161 8115 1218
3 5508 8156 5610
3 3445 7280 7279
3 3831 7703 5881
3 6461 6905 2242
3 4475 7908 1193
3 1310 8372 6717
3 5642 8329 1143
3 5255 7422 3133
3 2103 8486 5888
3 7022 8061 2217
3 6720 7762 4041
3 6015 6016 3977
3 8044 8547 4955
3 4392 7546 6782
3 3851 8290 7097
3 4524 7517 7245
3 6288 8467 3119
3 3304 8316 2824
3 5426 8315 1777
3 6123 8091 3992
3 2299 8549 8548
3 6071 6873 3875
3 2514 8425 6089
3 2355 8132 7130
3 3097 7959 6364
3 375 7680 6144
3 1115 6971 5834
3 5322 8181 3768
3 3967 7891 2528
3 5938 7193 3759
3 3369 7314 6389
3 7213 8115 3348
3 5127 7495 3200
3 4042 7619 5436
3 2856 8038 5461
3 6805 7941 3453
3 3352 8405 6655
3 6026 6476 5731
3 2304 8051 6087
3 7432 8004 278
3 3525 7771 7770
3 6513 6785 3616
3 3978 7533 5315
3 3996 7452 7451
3 2202 7166 4945
3 4460 8252 8251
3 1839 8536 6363
3 502 6724 503
3 6359 8504 610
3 4669 7510 2372
3 4473 8319 5270
3 3721 7713 6266
3 3341 7185 5008
3 3056 8460 6106
3 2396 6708 6707
3 3265 8424 3266
3 6586 6587 3693
3 4351 8201 5499
3 3698 6507 6087
3 2849 8613 4910
3 40 7941 6805
3 3553 7268 6560
3 1770 8583 6985
3 3750 7585 7329
3 6365 7636 3814
3 7404 8257 3520
3 6506 8586 4298
3 1760 7812 7431
3 4163 7523 6313
3 3972 8417 7396
3 3888 7835 5570
3 4541 7401 5523
3 3702 7440 6745
3 5248 7725 2887
3 6523 7359 5145
3 7642 8485 4036
3 5767 7880 3730
3 8383 8384 139
3 3802 8309 8040
3 7776 8303 4793
3 7471 7534 1948
3 3940 6284 6050
3 4198 7844 7721
3 3877 7992 5954
3 4944 5276 3710
3 5610 8156 3852
3 3103 8423 6396
3 290 7711 6496
3 3775 8433 7582
3 4639 8533 7336
3 6379 7194 3259
3 6517 8011 3518
3 1626 8344 6186
3 7725 8341 3242
3 3915 7848 7674
3 5439 7986 1647
3 1647 5917 5439
3 6811 7346 2303
3 4137 7552 6946
3 2752 8099 6325
3 3144 7831 6924
3 6091 7765 3930
3 3996 8213 6488
3 5534 8177 6194
3 2815 8489 6487
3 6405 8547 3156
3 5237 6356 2344
3 1343 7790 6161
3 3854 8078 7596
3 3725 7492 4546
3 4811 8176 2551
3 4286 8401 5067
3 4324 8205 6170
3 6410 8195 2743
3 3538 8444 5939
3 5372 6293 3744
3 7076 8192 3663
3 3532 7570 6429
3 3862 7459 7055
3 4161 7700 6296
3 5887 8218 3210
3 4183 7851 3273
3 6563 7797 3111
3 6409 8339 1831
3 4897 7864 5657
3 5230 8367 7071
3 6870 7647 3944
3 7219 7485 3493
3 5964 7328 3550
3 6226 7197 1463
3 3582 7257 4408
3 3949 5449 5448
3 3695 6951 6400
3 4203 8206 7265
3 3489 8434 7458
3 6612 8299 3777
3 4145 8234 8124
3 4558 8584 6722
3 5801 8085 4211
3 4784 7793 6967
3 3939 7606 6576
3 7101 8074 3966
3 8289 8290 3851
3 3066 6612 6611
3 3696 7718 7127
3 6363 8536 3923
3 7097 8290 1271
3 1336 7689 7688
3 6302 8192 1587
3 886 8031 8030
3 5421 7573 1807
3 5259 8386 3932
3 3829 6775 6761
3 4229 7185 3341
3 8168 8588 3149
3 5564 7659 614
3 2603 5931 5576
3 6502 8146 1064
3 3061 6638 5732
3 7114 7857 4447
3 3814 7636 7615
3 6648 7897 3209
3 6199 8421 2857
3 3381 5806 4806
3 4841 5457 3863
3 2386 6603 5823
3 4496 8032 7519
3 3250 8416 4907
3 232 8348 6528
3 3367 7823 7822
3 5203 6996 3703
3 6923 7784 3745
3 3712 6619 5481
3 4048 8556 5196
3 3386 8296 8112
3 5311 5999 2475
3 4756 7828 6225
3 5416 8556 259
3 3141 7886 6973
3 7111 7841 3488
3 8306 8307 456
3 4015 8237 5638
3 2365 8610 6112
3 7182 8597 3646
3 7184 7185 4229
3 5316 6782 1396
3 7834 8508 2868
3 3989 5958 5003
3 5737 8171 234
3 4290 8105 5494
3 7568 7577 2654
3 3800 7920 7518
3 7463 7464 4088
3 2213 7453 6053
3 5651 8574 1388
3 6653 8431 3122
3 5020 8399 3481
3 529 7532 7531
3 8354 8600 4085
3 5363 7868 1786
3 3675 6349 5159
3 2856 7845 5891
3 6216 8160 3960
3 6113 8506 3070
3 3590 8081 6646
3 3437 7742 7741
3 4780 8163 6586
3 6333 8310 4112
3 6681 6682 3810
3 7740 7931 3250
3 5648 7314 3369
3 6800 8373 1300
3 5874 7550 1773
3 3420 8349 6578
3 4052 8527 6562
3 1697 7008 5856
3 7047 7271 3980
3 3374 7225 6744
3 4737 7749 310
3 3923 8536 5970
3 3361 6864 5073
3 6593 7401 3757
3 4135 8021 7236
3 5872 7406 789
3 734 7753 733
3 5391 8242 3448
3 7458 8434 1154
3 1519 8165 4921
3 4198 8467 7571
3 6133 8009 3841
3 645 7529 7009
3 7490 7532 4011
3 7137 8304 4001
3 3228 6984 4047
3 5725 8450 2240
3 3315 8067 7029
3 3807 7478 7373
3 2191 8373 5103
3 7329 7585 1145
3 7559 7848 3915
3 6076 7808 4210
3 7651 8548 4262
3 7174 8141 2664
3 4117 8226 6072
3 638 7454 7281
3 7741 7742 3199
3 3796 7202 7201
3 4806 6362 1341
3 7929 7976 4030
3 7555 8340 3182
3 7323 7779 3620
3 258 8472 7031
3 5630 8376 1811
3 6328 7366 3846
3 8257 8490 3912
3 3465 8262 6855
3 6403 8534 3365
3 7582 8433 4052
3 3437 8321 7742
3 4076 8066 6928
3 3905 7816 6510
3 6510 7816 1526
3 4849 7879 3463
3 7469 8086 5441
3 5755 7381 4067
3 6873 6920 3875
3 3903 7346 6811
3 7160 8570 4019
3 5283 6125 3517
3 8014 8393 3518
3 6548 8611 1166
3 3521 7415 6601
3 3572 7945 6207
3 7315 7691 4051
3 403 6383 6254
3 3842 7419 6133
3 3746 8006 8005
3 2136 8333 5512
3 2748 5539 5538
3 4085 8600 6182
3 7128 8035 3108
3 549 7925 7005
3 7910 8371 1342
3 3813 8317 3466
3 5635 6509 2423
3 5272 7526 222
3 7059 8056 1476
3 3520 8257 5434
3 6900 8420 2356
3 3257 6775 6391
3 2263 8071 6169
3 4268 8464 5973
3 105 7492 3725
3 3183 7865 7715
3 3019 8109 6519
3 1278 7743 7310
3 4168 8175 7264
3 3287 6440 4377
3 1947 6906 6141
3 5576 8353 2603
3 4371 7172 6810
3 3568 8161 6567
3 4070 8266 8067
3 6017 7930 3781
3 2156 5531 5235
3 2001 8114 4371
3 1613 7683 6111
3 6637 8171 3678
3 1342 7439 6280
3 4064 7206 6979
3 5934 7069 3721
3 628 6917 6250
3 1413 8312 7761
3 113 8098 8097
3 3405 6666 6665
3 4568 6771 1044
3 949 4283 805
3 3759 7193 5201
3 3789 6381 3129
3 7535 8042 4202
3 3713 8610 7884
3 6825 7485 3926
3 5834 5835 1115
3 1165 8432 6099
3 8501 8574 5651
3 2385 5323 4411
3 2785 8318 6908
3 5342 8449 4002
3 2475 7392 6537
3 6641 8277 3439
3 6628 8467 4198
3 6557 8219 2389
3 501 8351 6458
3 2086 7767 5213
3 6559 7577 3831
3 6203 7744 4838
3 4333 7877 7750
3 4929 8363 1249
3 7407 8077 4219
3 3635 8595 7885
3 3437 7741 6208
3 4722 7623 3557
3 6886 7368 4021
3 2873 7949 4716
3 8346 8347 1013
3 5359 7774 6143
3 4503 7866 7865
3 3868 8547 6405
3 2147 8320 5122
3 3866 8131 7155
3 1880 8063 6265
3 6670 7646 3714
3 4732 8042 7535
3 2125 7738 6278
3 6829 7735 3883
3 5958 8563 5003
3 3112 8192 7076
3 6769 8457 1944
3 6725 8521 3140
3 5776 6714 2496
3 5494 7969 2631
3 196 7218 6852
3 6017 8132 4120
3 6266 8450 3721
3 5371 7262 2757
3 2963 7774 5359
3 6657 7811 5490
3 3682 7955 6572
3 7467 7809 3994
3 3771 7848 7559
3 4528 7280 243
3 5941 7588 4149
3 5197 8543 3801
3 5315 7533 3284
3 7727 8552 171
3 7994 7995 1402
3 3687 8142 6195
3 3919 8130 8028
3 7007 7473 4117
3 5446 6128 1221
3 2838 7377 4585
3 2314 7312 5589
3 6397 8591 4499
3 2272 7784 6923
3 7481 7863 142
3 4165 7229 7134
3 6022 6529 2864
3 6811 6812 3903
3 4548 7860 6055
3 7344 8156 499
3 7474 8258 4509
3 1611 8083 6938
3 2209 7910 6280
3 6764 8270 1368
3 5151 8429 7569
3 6644 7678 1150
3 6731 7200 2247
3 8079 8384 4554
3 1740 7843 4981
3 6567 8161 26
3 7492 7804 103
3 5900 7201 3797
3 2538 5924 4995
3 6189 8462 4376
3 1168 7967 4506
3 5456 8445 4627
3 561 7685 6656
3 4602 6160 4599
3 4178 6613 5984
3 6780 8246 3301
3 8248 8411 188
3 1374 7526 5272
3 3589 7191 5890
3 3970 8574 8501
3 7428 7724 3849
3 3048 8579 6801
3 4010 6984 2686
3 8040 8309 3578
3 8387 8389 2280
3 6675 7566 2127
3 1374 5272 5152
3 6878 8561 2732
3 5888 8486 1698
3 1413 7761 6485
3 6998 7325 3109
3 4499 8591 113
3 4200 4303 3795
3 7528 8348 232
3 5961 6603 4048
3 3707 7479 6740
3 3977 7368 6015
3 482 7578 5535
3 6087 8051 3698
3 2130 8128 6772
3 1264 7879 4849
3 7837 8024 3533
3 3747 7334 7222
3 347 8078 6308
3 6143 7774 2918
3 6052 8080 4326
3 5169 5916 2938
3 4000 8280 7243
3 3770 7295 6454
3 6590 6727 3645
3 7736 8599 3928
3 6012 6256 3420
3 607 8509 5030
3 6433 8070 1798
3 7822 7823 3240
3 4135 8140 8021
3 5858 7579 3556
3 6692 8407 1881
3 1433 8415 7350
3 3987 8036 8035
3 7770 7771 251
3 4582 8437 8436
3 7240 7570 3532
3 5538 7029 2748
3 7719 8566 4177
3 3609 7876 6936
3 151 7937 7027
3 3987 8035 7128
3 30 7333 6995
3 6684 8216 4225
3 7078 8535 3804
3 3062 7892 7881
3 8273 8274 1849
3 1679 8529 6487
3 8018 8019 2359
3 4036 8485 8265
3 4025 8422 6759
3 7206 7553 3809
3 3604 6964 6927
3 5230 8446 1266
3 127 8367 5818
3 5769 8038 4620
3 6289 8542 1954
3 6894 8502 3909
3 7320 7563 2470
3 3139 7972 7292
3 6530 6796 3715
3 6963 8345 3290
3 3777 8270 6764
3 7071 8367 127
3 5972 7787 711
3 4111 7534 7471
3 1392 7414 6388
3 6708 8472 258
3 3159 7255 6261
3 8505 8533 5013
3 5763 7659 1769
3 5353 6625 3889
3 6752 8059 3424
3 7027 7937 1312
3 4000 8304 7137
3 1287 7371 6857
3 4823 7094 2578
3 5318 7702 1293
3 1121 8196 1123
3 7480 7923 2307
3 3155 8418 8108
3 3460 7579 5858
3 6204 8235 4625
3 310 7749 5942
3 2092 8502 6894
3 7783 8352 355
3 3148 8003 7819
3 1704 7638 7569
3 6098 8272 3657
3 7292 7972 3509
3 4241 8330 7837
3 5713 8308 3348
3 8476 8477 3942
3 5322 8585 8230
3 4211 8617 8202
3 4389 7030 2168
3 5296 7788 7773
3 6169 6408 2263
3 6559 8559 2655
3 7256 8172 3054
3 7483 7652 3976
3 3668 7902 7330
3 8273 8580 4153
3 6629 8046 3974
3 1601 7962 7277
3 2703 7880 5767
3 6794 7827 2826
3 3383 8573 8263
3 3447 8094 6497
3 4893 6558 3975
3 6250 6917 3765
3 4191 8183 7814
3 3827 6728 5875
3 2163 7829 5525
3 6691 7913 3600
3 3175 8400 4644
3 3997 7653 7652
3 6194 8177 1303
3 6052 8466 2669
3 45 7981 4101
3 7499 8211 1596
3 5554 7713 2531
3 5457 8476 3942
3 4195 7976 7929
3 7773 7788 3096
3 1266 8446 4830
3 7383 8594 4057
3 7346 8187 191
3 3726 6680 6189
3 6960 7993 360
3 5771 7444 4365
3 6330 8605 3561
3 8055 8269 4218
3 7332 8199 4116
3 3964 8295 2570
3 4420 8602 6094
3 6206 7729 2254
3 7330 7902 2176
3 8588 8589 4712
3 5984 7719 4178
3 1488 8150 7177
3 7243 8280 4053
3 6990 7071 2178
3 3185 8608 6884
3 6496 7711 3871
3 6436 6437 2540
3 7876 8471 4356
3 7478 7890 2491
3 3906 8211 7499
3 7166 8079 1348
3 8491 8492 3891
3 7451 8213 3996
3 3735 8460 7224
3 8265 8485 4513
3 3604 8513 6964
3 3518 8393 7307
3 7279 7280 4528
3 1621 8395 7452
3 4133 8152 6390
3 4276 7923 7480
3 6973 7886 3957
3 4833 8454 7205
3 115 8178 4365
3 8359 8361 8360
3 3417 7433 6023
3 7411 7606 3614
3 4461 8200 3510
3 3553 7999 7269
3 3756 8111 6602
3 923 8336 1527
3 4151 8199 7332
3 5877 7528 2343
3 6105 8441 4412
3 7885 8470 3635
3 4498 6344 6343
3 3819 7464 7463
3 2421 8480 7682
3 6804 7220 3532
3 4782 8409 5952
3 7615 7884 1401
3 7005 7925 560
3 6810 7172 5446
3 3254 6659 5841
3 6827 7764 3748
3 7776 8278 3689
3 4507 7363 6153
3 7167 8212 5364
3 7684 8092 3969
3 6535 8577 4202
3 4399 7884 7615
3 2932 7931 7740
3 1764 8269 8055
3 3077 8183 7756
3 2864 8409 5913
3 794 7792 6376
3 3466 8317 7384
3 3097 7975 6267
3 49 7718 7044
3 5985 7822 4901
3 5423 7470 1794
3 4146 8124 7932
3 7932 8124 3317
3 3382 7918 6737
3 5600 8159 3549
3 6945 8330 4241
3 4614 8431 6653
3 316 8571 7627
3 3160 7194 6379
3 4060 7809 7467
3 15 8215 5860
3 7985 8579 3048
3 3836 7870 5680
3 7610 7874 652
3 166 7971 5252
3 3268 8213 7451
3 4815 7814 7813
3 6984 8255 2686
3 4153 8274 8273
3 7123 7424 2872
3 3792 7656 7158
3 4209 8022 7155
3 2721 8010 5636
3 2396 8472 6708
3 7746 8546 40
3 1595 7724 7428
3 1794 7769 5423
3 6821 8318 2785
3 168 8000 7850
3 3937 6975 6974
3 8112 8296 3734
3 7462 8418 4492
3 3831 7577 7568
3 3164 8155 6517
3 8028 8145 3919
3 3969 8092 7679
3 7998 7999 3553
3 7069 7713 3721
3 1850 7691 7315
3 3776 7660 5167
3 5065 6051 3991
3 4620 8038 2856
3 4623 8157 6085
3 8202 8617 3975
3 4190 7779 7756
3 8035 8036 4295
3 2531 7713 7069
3 1573 8254 8253
3 3136 8278 7776
3 3572 7946 7945
3 4500 8591 6397
3 4039 6887 4587
3 7245 8327 3400
3 7220 8282 3532
3 5108 7905 7823
3 4995 7985 2538
3 4285 8593 7308
3 6897 7992 3877
3 6988 8358 3885
3 6995 7333 4093
3 7598 7623 4722
3 2484 8540 8479
3 6459 8088 4240
3 3434 7983 7982
3 4433 7316 6943
3 5252 7971 6916
3 6869 8459 3661
3 3909 8214 8037
3 3997 7652 7483
3 4165 7230 7229
3 4629 8166 161
3 5458 8471 7876
3 4631 8365 2619
3 6964 8513 3551
3 7317 8172 4703
3 1587 8192 3112
3 4084 7188 7187
3 4485 7099 7098
3 6505 7490 4011
3 7410 8166 4231
3 6875 6876 2774
3 7362 8121 4187
3 7413 8481 1332
3 8247 8248 2300
3 7125 7190 5967
3 3430 8291 5347
3 1902 8618 8455
3 6221 7853 2559
3 7931 8416 3250
3 3848 8366 7163
3 3952 8447 6469
3 7621 8439 4590
3 3655 8139 6523
3 7682 8480 5520
3 7449 8402 4286
3 7756 8183 4191
3 6473 8537 2855
3 6996 8184 3703
3 375 8186 6486
3 7674 7848 1632
3 6751 8154 4346
3 5983 6784 2612
3 6725 7049 1565
3 2450 6334 6213
3 3397 8302 8301
3 7688 7689 4297
3 8280 8297 4053
3 2740 7764 6398
3 6364 7959 4081
3 1407 8375 4869
3 6322 8338 2521
3 6790 8377 244
3 7652 7653 3150
3 3079 8490 8257
3 7308 8593 4284
3 3936 7379 3311
3 6447 7115 4387
3 3136 8279 8278
3 2649 7924 6412
3 3068 8418 7462
3 8263 8573 1693
3 1740 8322 4510
3 5094 8184 6996
3 8482 8483 3543
3 3675 8104 6349
3 1441 8345 6963
3 4191 7794 7756
3 3668 7330 6100
3 911 6183 910
3 6782 7546 1396
3 8436 8437 4580
3 4648 7530 2703
3 6649 7136 4095
3 1221 6810 5446
3 8474 8523 4116
3 7472 8309 1952
3 7444 8562 4365
3 3101 8349 7878
3 7217 8598 4247
3 3101 8440 8350
3 7618 7871 2581
3 3746 7835 3049
3 7040 7685 3785
3 7041 8414 1888
3 3734 8296 5329
3 7452 8395 1624
3 5434 8257 3912
3 1042 7378 7039
3 5483 8582 3429
3 3742 6966 4960
3 4644 8400 3347
3 5672 7962 1601
3 7408 8585 5269
3 6022 8017 2358
3 8045 8302 3397
3 2872 7394 6474
3 7916 8194 531
3 5054 7614 7076
3 1721 8061 7022
3 6585 8508 4123
3 705 8179 6661
3 7756 7794 4190
3 4050 8493 5712
3 3959 6597 4839
3 8350 8440 4384
3 4434 8248 8247
3 6342 8028 609
3 5920 8176 2282
3 7516 8023 4768
3 4021 7482 6886
3 4220 7999 7998
3 6475 6476 6026
3 2957 7176 7175
3 5223 8299 4560
3 4510 8592 1740
3 6446 7345 4287
3 7820 8408 2810
3 3541 7404 4586
3 2376 6451 5241
3 3079 8257 7404
3 7449 7908 1197
3 8455 8618 4493
3 3852 8156 7344
3 5570 8558 3888
3 4460 8251 8250
3 1161 8471 3888
3 4386 8483 8482
3 3013 8182 6608
3 5328 7893 7194
3 6801 8579 4127
3 5667 7232 3643
3 4333 7750 7513
3 3010 6802 6083
3 3591 8356 7502
3 2698 8298 6941
3 7324 7391 3535
3 1782 7743 6297
3 7989 8249 2796
3 3674 8500 7875
3 8153 8517 1970
3 4221 7581 7580
3 4365 8178 5771
3 5905 8198 6570
3 8090 8482 3543
3 6034 8478 4045
3 4132 8372 8371
3 7245 7517 3182
3 1952 7476 7472
3 6551 8438 4097
3 5248 8341 7725
3 2845 7904 7377
3 7323 7324 3077
3 6300 8429 4154
3 6570 8198 3928
3 6285 8368 1830
3 72 8566 7719
3 3535 7391 7122
3 7884 8610 1401
3 90 8342 6333
3 7426 8089 4557
3 4554 8384 8383
3 3842 8127 2732
3 7434 7501 3774
3 6916 7971 3664
3 7429 7680 375
3 7594 8244 4438
3 6296 7700 4162
3 7136 7204 5708
3 8037 8214 3134
3 3928 8198 7795
3 8433 8527 4052
3 2194 7790 7336
3 5494 8105 7969
3 2787 6116 5805
3 6051 8557 4970
3 3365 8534 7422
3 2554 8207 6694
3 4454 8230 7696
3 4023 8598 7217
3 8517 8518 1972
3 2763 8056 7059
3 6846 7650 3816
3 3786 7685 7040
3 8371 8372 2277
3 4434 8411 8248
3 6020 7089 6666
3 7519 8032 3089
3 2507 8283 5112
3 6252 6863 4246
3 4981 8322 1740
3 7006 7922 5743
3 2237 7006 5743
3 5108 7823 7538
3 6044 8162 4598
3 7201 7202 3797
3 1258 8492 8491
3 537 8525 5716
3 1565 6942 5942
3 8538 8539 4619
3 6293 7587 3744
3 725 7570 7240
3 3400 8327 7979
3 3029 6237 6218
3 8085 8617 4211
3 4901 7433 74
3 7345 7849 4415
3 1831 8339 8338
3 3654 7542 7307
3 6426 7807 4102
3 5716 8525 8524
3 3123 8297 8280
3 7088 7465 3967
3 3101 8350 8349
3 7742 8321 4407
3 6427 8306 456
3 7051 7053 4107
3 1915 8606 5950
3 6070 8394 3828
3 7502 8356 3100
3 4371 8114 8113
3 4346 8154 2572
3 8108 8418 3068
3 4371 8113 7172
3 6787 8319 4473
3 816 6892 815
3 1095 7322 1755
3 6160 7701 3158
3 6742 8073 2405
3 1697 7605 7008
3 8468 8469 4149
3 8015 8016 8012
3 5722 7899 2337
3 7669 8444 3538
3 1991 7017 6554
3 3896 8318 6821
3 6643 7698 3339
3 8524 8525 4333
3 4231 8166 7897
3 6236 6748 3917
3 6101 8534 126
3 6759 8422 2270
3 7422 8534 6101
3 2788 8352 7783
3 7849 7850 4415
3 3369 7379 5648
3 2844 8175 4169
3 8222 8225 3717
3 4251 8408 7820
3 3165 8393 8014
3 7897 8166 4629
3 6896 8375 3680
3 5997 6204 2805
3 7868 7894 1786
3 4559 8172 7256
3 1272 8125 8062
3 1796 7322 1095
3 6884 8608 4296
3 6441 6442 2279
3 4231 7897 6648
3 4107 7052 7051
3 4501 7715 5140
3 8194 8554 82
3 4102 8568 6426
3 4174 6823 6413
3 3929 8599 7736
3 6868 7242 1655
3 6985 8583 4328
3 6704 6707 4411
3 7193 7600 5201
3 4132 8371 7910
3 7077 7425 4848
3 4158 8406 8110
3 4457 8210 6943
3 4978 8081 2405
3 4004 8469 8468
3 2233 8616 8615
3 3887 8498 7150
3 3935 6566 6565
3 6936 7876 4356
3 4499 7540 7539
3 6066 6566 3935
3 6027 8470 7885
3 7431 7812 4378
3 5692 7549 4389
3 5499 8201 3840
3 4869 8375 6896
3 4112 8310 7020
3 6313 7523 3706
3 6943 8210 4433
3 1221 8445 6810
3 7868 8390 3988
3 3527 8612 7300
3 4669 8518 8517
3 7982 7983 3733
3 1282 8494 603
3 7360 8378 2800
3 3423 8198 5905
3 7921 8065 3234
3 3621 7944 7943
3 2213 6053 6036
3 4088 7326 4861
3 4379 8065 7921
3 7813 7814 1668
3 5750 6799 2973
3 7881 7892 4524
3 8278 8279 4280
3 8479 8540 4388
3 2962 8580 8273
3 7807 7981 4102
3 6941 8298 4058
3 7269 7999 2828
3 7066 7895 2450
3 7940 8261 3711
3 2157 6773 6640
3 6864 7664 1484
3 4286 8402 8401
3 5939 8444 2724
3 7098 8087 4644
3 4175 7080 7079
3 4101 7981 7807
3 1695 7623 7598
3 401 353 402
3 7922 8458 5743
3 4389 7549 7030
3 3078 8302 8045
3 7798 7799 4255
3 4978 7763 6659
3 3988 7894 7868
3 7236 8021 4527
3 7310 7743 1782
3 6852 7218 4596
3 7850 8000 4882
3 5024 7871 7618
3 7513 8524 4333
3 1192 7261 5884
3 5884 7300 1192
3 611 7485 7219
3 2482 6354 6323
3 6027 7885 4200
3 6020 6666 3247
3 7569 7638 4126
3 4163 7874 7610
3 7795 8198 3423
3 1762 8523 8474
3 3276 5574 5289
3 3527 7300 4967
3 8338 8339 2521
3 7253 7412 7249
3 4669 8517 8153
3 2836 8592 4997
3 7319 7629 259
3 3645 8261 6590
3 5062 8554 8194
3 7105 8484 3844
3 4995 8579 7985
3 7885 8595 4303
3 6857 7371 5235
3 8301 8302 4091
3 2506 8539 8538
3 8403 8596 4530
3 4997 7995 7994
3 7777 7778 3112
3 5062 8194 7916
3 1124 1580 412
3 0 7092 1131
3 1131 7633 0
3 0 8006 7092
3 1 3266 2077
3 2077 8558 1
3 3 5465 1133
3 1133 6969 3
3 1144 2893 5
3 364 5366 6
3 10 11 1128
3 10 1137 11
3 1128 5285 10
3 11 7437 12
3 1128 11 3028
3 14 7766 1137
3 15 5733 16
3 1138 4508 16
3 16 5365 1138
3 18 3998 17
3 17 7463 18
3 1139 17 1127
3 3819 7463 17
3 18 4861 1140
3 1142 20 1133
3 1142 8462 20
3 23 1144 1134
3 24 6190 1147
3 25 4608 367
3 367 4623 25
3 27 5674 1150
3 29 4435 28
3 28 4516 29
3 31 7716 32
3 32 8589 31
3 31 8588 8168
3 31 8589 8588
3 32 7716 6085
3 33 6215 1154
3 35 34 1149
3 35 7745 34
3 2079 3149 34
3 34 7188 2079
3 34 7745 3673
3 1149 7896 35
3 1105 36 1612
3 1156 36 1140
3 36 5445 1140
3 1156 7660 36
3 38 4755 37
3 37 6369 38
3 37 4949 1157
3 1157 5667 37
3 38 4184 376
3 2085 5402 44
3 45 4101 381
3 381 4951 45
3 46 7825 2088
3 49 7044 1171
3 50 397 2890
3 2890 6303 50
3 51 6184 2094
3 54 8473 53
3 1181 1568 53
3 53 5694 1181
3 2021 55 2097
3 56 1448 451
3 451 6080 56
3 2098 7233 56
3 1187 1492 57
3 58 1189 379
3 58 379 2602
3 1188 3292 58
3 58 5352 1188
3 1190 6937 59
3 3138 5404 59
3 59 6937 3138
3 2099 5175 60
3 60 6176 2099
3 61 1196 1637
3 61 1638 1196
3 1198 4544 62
3 62 5611 1198
3 2100 5191 62
3 62 5224 2100
3 62 5618 5611
3 458 4440 63
3 2100 63 1201
3 63 1665 1666
3 1665 63 2100
3 64 4144 1202
3 1202 5650 64
3 461 65 2622
3 2102 65 1692
3 65 5535 1692
3 2102 4009 65
3 1206 3901 67
3 67 4468 1206
3 67 6453 1207
3 1207 7035 67
3 3901 8173 67
3 493 5142 71
3 72 2110 1712
3 72 5984 2110
3 2111 5985 74
3 74 8365 2111
3 76 510 1516
3 76 3537 510
3 2115 77 2116
3 78 3779 1230
3 1230 8034 78
3 2630 5563 79
3 1228 513 81
3 513 7390 81
3 82 5148 2122
3 509 6185 83
3 2752 83 534
3 2128 89 87
3 2128 87 1718
3 87 4757 1718
3 2127 7566 87
3 1241 88 2639
3 88 5563 2639
3 1724 2130 89
3 1726 89 2131
3 90 6333 2132
3 558 3601 91
3 91 7171 558
3 91 2133 1725
3 91 8333 2133
3 559 92 111
3 92 2134 111
3 92 6159 2134
3 1264 2136 93
3 2136 5512 93
3 94 567 1731
3 1731 2138 94
3 2138 3864 94
3 2141 5496 96
3 96 6643 2141
3 2143 4342 99
3 101 4253 100
3 100 3742 578
3 578 3765 100
3 1259 4546 103
3 2145 5545 103
3 105 3725 1261
3 2148 3891 106
3 106 3993 2148
3 106 5282 2149
3 2149 5852 106
3 106 6516 3993
3 2150 7077 107
3 107 7162 2150
3 582 2153 108
3 2153 2151 108
3 2151 3441 108
3 3441 6687 108
3 109 2152 2151
3 109 2151 2153
3 2154 2152 109
3 2153 5603 109
3 109 7955 2154
3 110 5204 2154
3 111 5911 559
3 113 4500 2160
3 2160 7667 113
3 113 8591 4500
3 7667 8098 113
3 519 1229 114
3 2654 114 1229
3 2162 4335 114
3 114 4395 2162
3 2654 4436 114
3 115 4451 1274
3 1274 7362 115
3 115 7362 5447
3 2163 6397 116
3 117 4395 2165
3 2165 7575 117
3 2165 4436 118
3 118 7026 2165
3 120 2171 1792
3 120 6100 2171
3 2172 6478 120
3 120 7470 2172
3 121 1289 2172
3 121 2179 1289
3 2172 5424 121
3 2173 2179 121
3 121 7374 2173
3 1723 1286 123
3 1286 7162 123
3 123 7162 7161
3 607 124 1766
3 607 6766 124
3 128 6230 2179
3 129 4273 130
3 130 5112 129
3 5112 8283 129
3 2181 5892 130
3 130 6809 2181
3 132 2185 1294
3 132 4151 2185
3 2186 5477 132
3 132 5749 2186
3 132 7135 5749
3 2671 1337 134
3 134 5660 2671
3 2672 1333 135
3 135 5654 2193
3 626 7086 137
3 137 2196 1787
3 137 5548 2196
3 1918 139 2201
3 2200 139 1974
3 139 8384 2201
3 633 140 1776
3 633 5426 140
3 2203 4195 140
3 140 5668 2203
3 634 2839 143
3 2211 1825 145
3 145 7276 2211
3 147 7453 2213
3 2215 5578 148
3 148 8058 2215
3 149 1829 2218
3 2218 6858 149
3 149 5873 2219
3 2219 6322 149
3 150 1831 2219
3 150 2523 1831
3 2219 7817 150
3 150 7817 5466
3 157 2230 151
3 151 7027 2222
3 152 5591 2224
3 153 6535 2224
3 2224 6968 153
3 153 4624 2225
3 2225 6765 153
3 153 6765 4204
3 166 1317 154
3 2225 154 1317
3 2225 3914 154
3 154 5069 2226
3 2226 6243 154
3 2227 155 1843
3 2227 4139 155
3 156 3209 1314
3 1314 5946 156
3 1288 157 2178
3 1288 2230 157
3 2229 6990 157
3 158 1290 2231
3 2223 2230 158
3 2230 4302 158
3 2233 4624 159
3 159 7070 2233
3 2235 160 1308
3 160 5069 2234
3 2235 3973 160
3 161 2236 1314
3 1314 4629 161
3 161 6125 2236
3 162 3754 2237
3 647 5801 163
3 163 8613 647
3 163 8033 2239
3 166 5098 165
3 166 5252 1317
3 2688 1859 168
3 168 7849 2688
3 2267 5712 174
3 1894 2275 177
3 2275 4193 177
3 2700 5158 177
3 177 5612 2700
3 179 1903 2702
3 179 6443 2279
3 2702 7051 179
3 670 3892 180
3 2280 8389 180
3 2283 181 1946
3 1948 181 2284
3 2283 4794 181
3 181 3689 2284
3 181 8303 3689
3 2708 182 673
3 182 3269 673
3 2285 4541 182
3 182 7208 2285
3 182 7603 3269
3 183 6727 2290
3 185 5049 2294
3 2294 7158 185
3 2295 7858 186
3 2296 3754 186
3 186 4709 2296
3 1350 2297 187
3 2297 5114 187
3 188 8549 2299
3 2300 8248 188
3 671 195 2869
3 195 2309 2869
3 195 7109 2309
3 196 696 1909
3 196 6852 696
3 2566 196 1909
3 2310 196 2566
3 2310 4597 196
3 4597 7218 196
3 200 2862 1370
3 1370 8277 200
3 200 5962 2313
3 1383 224 202
3 1383 202 2317
3 1372 1393 204
3 207 1382 208
3 208 8454 207
3 1382 222 208
3 208 7526 1374
3 209 211 2322
3 2326 211 209
3 2322 4278 209
3 2323 2326 209
3 209 3766 2323
3 4278 7699 209
3 2324 3810 210
3 210 4836 2324
3 2325 2328 210
3 210 4920 2325
3 2326 6743 211
3 3003 3004 211
3 212 4545 2327
3 2327 6252 212
3 2327 4836 213
3 2328 6886 213
3 2325 1109 214
3 2325 214 2328
3 214 6015 2328
3 216 5131 215
3 215 7920 216
3 215 1109 1376
3 215 5131 1109
3 1376 7920 215
3 1109 5131 219
3 219 5933 1109
3 3494 5933 219
3 2335 222 2573
3 2335 5272 222
3 697 8340 223
3 1928 223 2335
3 1928 7080 223
3 223 5023 2335
3 223 8340 7555
3 2336 698 224
3 1383 2336 224
3 225 3462 1384
3 1384 4236 225
3 226 1110 2574
3 226 4334 1110
3 2866 699 227
3 227 1110 1387
3 227 1389 1110
3 2341 1389 227
3 228 5722 2337
3 2338 4334 228
3 228 6808 2338
3 230 229 1433
3 230 5038 229
3 229 5787 2339
3 5786 5787 229
3 2340 4543 230
3 230 5039 5038
3 2341 6086 231
3 703 3680 236
3 236 7617 703
3 7386 7617 236
3 238 2415 239
3 239 4120 238
3 2363 2416 238
3 238 2416 2415
3 4120 8420 238
3 2364 7930 239
3 241 4432 2367
3 1404 2369 242
3 2369 5540 242
3 2371 4956 243
3 2378 4463 247
3 248 4671 2379
3 2379 6850 248
3 251 2348 252
3 252 3670 251
3 251 7771 1415
3 251 2349 2348
3 252 7180 1416
3 2382 5172 256
3 256 6790 2382
3 260 3953 1424
3 1424 7507 260
3 2388 4801 260
3 260 5455 2388
3 261 5416 713
3 713 6538 261
3 2389 1982 261
3 261 4575 2389
3 262 6470 1426
3 1414 265 2381
3 2391 265 1414
3 267 5837 266
3 1431 4299 266
3 266 4299 2391
3 2391 7564 266
3 266 7564 5571
3 269 4223 1431
3 1431 5837 269
3 270 4238 1433
3 2394 7911 270
3 271 5281 2395
3 2395 6804 271
3 1439 3665 272
3 272 6705 1439
3 2396 6707 272
3 272 7426 2396
3 3665 6249 272
3 273 274 1456
3 273 1979 274
3 275 6633 274
3 276 7152 275
3 278 4396 1443
3 278 8004 4396
3 1450 723 279
3 279 5498 1450
3 1447 5192 280
3 280 6902 1447
3 280 6903 6902
3 282 4930 283
3 283 6607 282
3 282 751 1237
3 1442 751 282
3 1237 5164 282
3 282 4931 4930
3 283 4216 1448
3 1448 7233 283
3 4307 6607 283
3 1450 3234 284
3 284 3570 1450
3 284 7061 3570
3 286 4702 755
3 2400 3255 286
3 286 8232 2400
3 290 3626 771
3 771 4846 290
3 293 1217 781
3 293 4880 1217
3 2751 294 1223
3 294 3121 1223
3 294 1261 2403
3 2751 1263 294
3 2403 3121 294
3 295 3537 787
3 787 5119 295
3 295 3333 2405
3 2405 4075 295
3 295 5662 3537
3 2405 8081 296
3 2406 6188 296
3 1465 1464 297
3 2408 1465 297
3 297 3256 2408
3 2409 3253 297
3 297 4252 2409
3 3253 5090 297
3 297 8503 4252
3 2410 1445 298
3 1445 5675 298
3 298 7226 2410
3 2411 4792 298
3 298 5281 2411
3 2412 299 1439
3 299 6860 2411
3 2411 8602 299
3 2412 8103 299
3 299 8602 4420
3 2368 300 2413
3 2412 3697 300
3 300 4979 2413
3 3697 7273 300
3 2370 1404 301
3 2413 301 1404
3 2370 301 2414
3 2413 4879 301
3 301 5821 2414
3 302 2414 2364
3 303 2417 1359
3 1359 3372 303
3 2363 2362 303
3 2362 2417 303
3 2363 303 2416
3 303 4637 2416
3 304 7750 792
3 2753 1461 304
3 305 4819 794
3 310 3320 1481
3 1481 4737 310
3 310 5942 1482
3 1482 7498 310
3 312 5543 1497
3 1497 8328 312
3 887 1478 315
3 2427 7888 315
3 315 8016 2427
3 8014 8016 315
3 770 771 316
3 1508 5698 316
3 316 7627 1508
3 1525 504 321
3 321 7113 1524
3 1524 7538 321
3 942 325 2431
3 2781 325 942
3 2781 2778 325
3 946 326 947
3 1553 2438 335
3 335 2439 1555
3 1555 6263 335
3 2457 2439 335
3 335 6263 5569
3 337 5919 1003
3 1003 7591 337
3 337 7591 3308
3 3508 5919 337
3 1553 3539 338
3 338 6722 1553
3 4558 6722 338
3 339 5134 1002
3 1002 7798 339
3 339 3541 2442
3 2442 4424 339
3 340 1005 1004
3 1004 3069 340
3 3008 1559 342
3 1559 4265 342
3 3008 342 3007
3 347 4795 346
3 346 8078 347
3 346 1566 1663
3 346 8260 1566
3 414 5715 347
3 347 7509 414
3 1021 4147 352
3 2447 4908 352
3 353 1066 2062
3 353 6975 1066
3 354 2449 357
3 354 357 2456
3 1591 2449 354
3 2450 3808 354
3 354 6334 2450
3 5663 6334 354
3 1035 2050 355
3 355 5392 1035
3 2451 7783 355
3 2452 3789 356
3 356 6380 2453
3 356 3789 3129
3 2449 2455 357
3 2455 5778 357
3 2437 358 2438
3 2437 2459 358
3 358 2458 2438
3 358 5043 2458
3 2462 4951 359
3 361 7696 404
3 361 4593 1601
3 1601 7278 361
3 363 6353 362
3 362 7438 363
3 365 4818 362
3 362 6352 365
3 362 4818 1129
3 366 8516 363
3 3384 6353 363
3 368 6118 367
3 367 8157 4623
3 369 370 1153
3 369 3688 370
3 1609 3357 369
3 369 3489 1609
3 369 5299 3489
3 1153 7545 373
3 1610 6281 374
3 374 6281 4537
3 376 4820 377
3 377 5419 376
3 376 4184 1613
3 1613 6733 376
3 378 6965 455
3 2602 5309 378
3 378 5352 2602
3 380 379 1189
3 380 6544 379
3 379 5311 2602
3 380 1189 1191
3 380 7450 1197
3 3340 6544 380
3 383 5541 382
3 382 2803 2802
3 2802 8603 382
3 382 8603 3644
3 384 391 1186
3 387 5236 386
3 1656 6695 386
3 2814 4663 386
3 386 7583 2814
3 2021 5212 387
3 394 2092 1198
3 394 8502 2092
3 2606 7734 397
3 400 2607 413
3 400 2611 1633
3 2607 6974 401
3 402 6236 403
3 404 7408 1079
3 405 406 2611
3 407 6282 406
3 406 6282 2611
3 412 2797 407
3 1659 2609 409
3 409 3485 1659
3 2609 5673 409
3 410 3328 1660
3 1661 3692 410
3 410 3691 2609
3 2609 7230 410
3 3116 3328 410
3 410 7230 3118
3 410 8041 3691
3 1580 2797 412
3 413 5983 2612
3 415 8331 414
3 418 4854 417
3 419 6880 1080
3 423 1014 424
3 423 3545 1013
3 1013 8347 423
3 2614 2060 423
3 423 8347 2614
3 2615 3418 424
3 2615 1576 425
3 425 5157 2615
3 426 7383 427
3 426 1603 2889
3 428 6490 1024
3 910 1995 430
3 431 4724 1183
3 1183 5676 431
3 431 2070 2616
3 2616 7786 431
3 431 5676 3718
3 432 3074 511
3 511 6347 432
3 432 3246 2070
3 432 4449 3074
3 432 5788 3246
3 432 6347 6346
3 2096 3405 433
3 433 6344 2096
3 3405 6665 433
3 433 6345 6344
3 441 8351 501
3 2616 4875 441
3 441 4904 2616
3 2097 443 1656
3 444 5824 499
3 503 4023 448
3 448 5061 894
3 2014 449 450
3 449 4247 450
3 859 2015 450
3 450 3758 859
3 1493 8167 450
3 455 452 1188
3 455 1615 452
3 452 5404 456
3 456 8307 452
3 2620 3292 452
3 452 5066 2620
3 4027 5066 452
3 453 6427 456
3 453 4033 1192
3 454 3602 1193
3 1193 4028 454
3 455 4295 1615
3 458 5653 1199
3 2813 5653 458
3 1680 4752 460
3 460 4864 1680
3 482 461 462
3 462 461 2622
3 462 3983 463
3 463 6651 462
3 462 6650 482
3 462 2622 1212
3 1212 3559 462
3 3559 6424 462
3 462 3984 3983
3 462 4581 3984
3 462 4582 4581
3 6424 8437 462
3 464 1698 463
3 1698 5710 463
3 3983 5401 463
3 5709 6651 463
3 464 5888 1698
3 464 4375 2103
3 2103 5888 464
3 465 6304 2820
3 2820 6467 465
3 465 4797 2821
3 2821 8586 465
3 465 8586 6506
3 467 4298 1701
3 1701 5608 467
3 467 7493 4298
3 468 5948 1090
3 468 5608 2822
3 1204 6893 469
3 469 6893 6422
3 470 2899 474
3 470 2898 2899
3 473 5006 1205
3 474 2899 1683
3 476 5595 475
3 1240 5595 476
3 476 6418 1240
3 478 6126 477
3 520 5361 478
3 479 4330 1209
3 1209 4538 479
3 480 6514 1692
3 1692 7578 480
3 2107 4470 481
3 481 5799 2107
3 5215 5799 481
3 483 3666 1214
3 1214 5161 483
3 486 2825 485
3 485 5639 486
3 485 5556 497
3 485 2825 1087
3 486 6993 1215
3 1706 2825 486
3 487 5575 2623
3 2629 3595 487
3 488 7339 2623
3 491 1709 492
3 492 8497 491
3 491 4125 1087
3 491 6505 4125
3 491 8497 7818
3 492 3137 1707
3 1707 3393 492
3 3393 5385 492
3 496 1713 495
3 1713 5792 495
3 2626 4336 495
3 496 6845 2109
3 499 5508 500
3 501 7304 502
3 1222 6724 502
3 504 4023 503
3 503 4883 504
3 504 2111 1493
3 1525 2111 504
3 508 6185 509
3 1223 3121 510
3 510 6229 1223
3 510 2016 2018
3 510 4935 2016
3 3121 4935 510
3 3537 5662 510
3 2069 512 511
3 2628 3379 511
3 511 6171 2628
3 3083 6347 511
3 2114 3564 512
3 512 6211 2114
3 3564 4498 512
3 513 3270 514
3 3651 7390 513
3 514 4651 515
3 514 3382 2650
3 2650 4651 514
3 3270 7918 514
3 516 4342 2651
3 518 1262 519
3 522 3907 521
3 1718 4757 521
3 521 7068 1718
3 3907 7068 521
3 522 546 1717
3 525 7548 524
3 1714 2630 524
3 524 7548 1715
3 2630 6273 524
3 525 4717 2119
3 2119 5274 525
3 529 6917 528
3 528 7532 529
3 530 1713 2122
3 2122 6057 530
3 1232 531 1712
3 531 3565 1712
3 2634 3788 531
3 531 7120 3565
3 533 3512 532
3 1231 532 782
3 532 6688 782
3 2635 4880 532
3 539 7625 540
3 541 5601 2638
3 544 6278 543
3 543 7265 544
3 6278 7738 543
3 2639 6676 545
3 548 5836 549
3 548 5078 2641
3 2641 5836 548
3 550 7925 549
3 550 7247 560
3 560 7925 550
3 550 3785 561
3 1779 551 2501
3 2641 551 1779
3 553 4640 2642
3 2642 5128 553
3 5128 8075 553
3 2502 4640 554
3 554 5208 2502
3 555 5040 2138
3 1244 3876 556
3 556 5680 1244
3 556 3876 2488
3 1251 557 2830
3 557 7228 2830
3 2831 7667 557
3 558 1248 562
3 558 7171 1727
3 559 4292 560
3 560 7249 559
3 565 5360 559
3 559 7251 565
3 559 4707 4292
3 559 6061 4707
3 7249 7412 559
3 559 7412 7251
3 561 6656 1249
3 605 5442 562
3 562 5609 605
3 1248 4357 562
3 564 3596 563
3 563 3856 564
3 563 1728 2665
3 563 3596 1728
3 2665 5609 563
3 565 3363 564
3 564 4293 565
3 583 565 2643
3 565 7248 2643
3 4293 5360 565
3 7251 7252 565
3 2137 7267 566
3 566 7267 7266
3 567 3709 569
3 1731 567 572
3 569 5011 570
3 569 5373 2645
3 1753 573 572
3 573 7540 572
3 591 573 1753
3 1096 6361 574
3 575 4969 2647
3 576 2649 1748
3 578 4960 577
3 577 4960 629
3 577 3812 2649
3 3742 4960 578
3 582 3192 581
3 581 4351 582
3 2828 4452 581
3 581 7269 2828
3 581 4338 2829
3 2829 7953 581
3 581 4385 4351
3 582 7717 2153
3 582 5400 3192
3 582 6561 4800
3 4800 7717 582
3 1268 3363 583
3 583 4186 1268
3 2643 4186 583
3 585 3608 584
3 584 4003 585
3 584 3608 600
3 600 7103 584
3 584 7038 1271
3 1271 8290 584
3 584 7103 3452
3 584 6732 4003
3 588 3232 587
3 632 3723 588
3 588 3723 3232
3 590 1092 1738
3 590 3727 1092
3 2655 1734 590
3 590 3356 2655
3 1754 4969 591
3 591 6060 1754
3 2656 6060 591
3 591 8385 2656
3 2656 5431 592
3 2657 3600 593
3 593 5791 2657
3 593 5275 2680
3 2680 5791 593
3 3600 7913 593
3 594 8357 632
3 2658 3813 594
3 594 4616 2658
3 3813 6157 594
3 595 4868 2658
3 2670 596 1744
3 596 5221 1744
3 2670 4160 596
3 597 5861 2167
3 2167 6630 597
3 603 8494 598
3 2662 1291 598
3 598 3694 2661
3 2661 4843 598
3 598 3653 2662
3 598 8494 3120
3 598 8135 3694
3 599 2662 1256
3 599 4304 2662
3 600 6524 1097
3 1097 6734 600
3 602 4439 1756
3 1756 8209 602
3 602 8209 4940
3 604 7097 2170
3 2170 8510 604
3 2665 3869 604
3 6918 7097 604
3 2665 606 605
3 607 4735 606
3 606 8510 607
3 5030 6766 607
3 609 4501 608
3 608 6342 609
3 635 1293 608
3 2681 6342 608
3 610 8504 611
3 1770 3593 610
3 610 4413 1770
3 3593 7340 610
3 690 3674 612
3 612 4922 1297
3 1297 7227 612
3 2726 5894 612
3 612 7227 2726
3 2667 4777 614
3 614 5763 2667
3 616 6253 615
3 1791 5731 615
3 615 6253 1791
3 2668 3581 615
3 615 3843 2668
3 2844 4169 615
3 3071 3843 615
3 4169 8515 615
3 616 5770 2669
3 618 4772 617
3 617 5336 618
3 619 3470 2671
3 2671 4595 619
3 2699 4040 619
3 619 4595 2699
3 619 5711 3470
3 4040 8136 619
3 2191 5117 620
3 620 6672 2191
3 622 1334 621
3 621 4072 2673
3 2673 5427 621
3 2698 6941 621
3 2194 7337 622
3 2196 5915 625
3 2197 6331 627
3 627 7672 2197
3 634 3534 635
3 635 7866 634
3 634 6012 2839
3 4502 7866 635
3 637 5808 638
3 637 7281 2697
3 2702 7028 639
3 640 3880 2684
3 2684 5559 640
3 2549 1886 641
3 641 1886 2685
3 641 3127 2549
3 2685 5875 641
3 643 5368 1826
3 643 4010 2686
3 2686 5896 643
3 2215 3187 644
3 644 5886 2215
3 3187 4146 644
3 644 5887 5886
3 2848 2524 645
3 645 7151 2687
3 1313 2221 646
3 646 2687 1313
3 2220 8544 646
3 646 3475 2687
3 649 4051 648
3 648 4523 649
3 1856 3773 648
3 648 4051 1856
3 648 6121 2689
3 2689 6957 648
3 650 3787 1854
3 1854 4134 650
3 2690 5628 650
3 650 6910 2690
3 651 7306 2692
3 652 1845 2692
3 2692 5967 652
3 2852 2693 652
3 2693 5058 652
3 652 4600 2852
3 652 4601 4600
3 5967 7190 652
3 2851 2253 653
3 2693 2852 653
3 2852 2851 653
3 654 3158 655
3 655 4172 654
3 656 7551 654
3 1846 4599 654
3 654 4845 1846
3 1848 4172 655
3 655 5966 2254
3 2254 6618 655
3 3158 4035 655
3 657 3499 656
3 656 6268 657
3 656 3499 659
3 659 4630 656
3 4630 8553 656
3 2694 4327 657
3 1325 5271 658
3 658 6406 1325
3 658 5319 2694
3 659 5773 660
3 1118 660 2928
3 1326 660 1847
3 1326 2928 660
3 661 2855 1328
3 661 6473 2855
3 2266 6945 662
3 665 1917 689
3 689 4765 665
3 665 5939 2724
3 1898 666 669
3 666 4900 669
3 2700 4257 666
3 666 4937 2700
3 667 4805 1340
3 667 4257 2701
3 2701 5777 667
3 668 2276 2701
3 2701 5612 668
3 670 3815 688
3 688 3892 670
3 2722 3731 670
3 670 8388 2722
3 2703 3951 671
3 671 4648 2703
3 2869 4648 671
3 672 3355 1345
3 1345 3599 672
3 1368 6321 672
3 672 7612 1368
3 672 6321 3355
3 673 3963 2708
3 3269 5918 673
3 674 3329 2704
3 2704 4381 674
3 674 4200 3329
3 674 6027 4200
3 676 7855 2711
3 677 3956 1357
3 1357 6955 677
3 2857 4873 677
3 677 6955 2857
3 677 7221 3956
3 1358 679 1907
3 681 3947 682
3 683 6416 682
3 694 7440 683
3 2716 4274 683
3 683 7440 2716
3 684 4442 685
3 693 7046 684
3 1936 684 2861
3 2304 686 1933
3 2304 6087 686
3 2720 4620 687
3 687 6792 2720
3 687 4620 2856
3 2723 4457 689
3 689 5501 2723
3 689 7316 4765
3 690 8500 3674
3 1804 692 2728
3 692 4814 2728
3 8327 8340 697
3 2336 3610 698
3 2866 5902 699
3 700 4382 1385
3 1427 5829 701
3 701 3842 2732
3 2732 8561 701
3 701 3263 2733
3 2733 7833 701
3 701 7419 3842
3 702 7181 2347
3 703 3416 2871
3 2871 6896 703
3 703 6222 3416
3 703 6896 3680
3 704 6629 705
3 704 5491 712
3 712 6629 704
3 2736 5491 704
3 704 7031 2736
3 705 5165 2737
3 2737 1395 706
3 706 4551 1951
3 1951 8305 706
3 706 7965 2737
3 706 7966 7965
3 706 8305 7966
3 2355 7130 707
3 707 7386 2355
3 708 6549 709
3 709 7670 708
3 718 708 1967
3 718 5211 708
3 708 3578 719
3 719 8447 708
3 708 5211 2738
3 708 8447 6549
3 711 5046 710
3 710 5972 711
3 710 4667 2740
3 2740 6398 710
3 715 4801 2741
3 2741 5961 715
3 2386 5823 716
3 2388 4337 716
3 716 5823 2741
3 1425 4863 717
3 717 7032 1425
3 2870 4851 717
3 717 4863 2870
3 719 2389 1426
3 719 4657 2389
3 719 7476 4657
3 2742 6374 720
3 1436 1435 722
3 1435 5316 722
3 1446 1986 723
3 723 6972 1446
3 4229 6972 723
3 723 7183 4229
3 724 5214 725
3 1986 7002 724
3 724 7002 7001
3 753 6191 726
3 854 753 727
3 727 1508 854
3 727 6411 1508
3 729 4455 728
3 4455 5698 728
3 730 5739 729
3 729 5739 770
3 731 4129 730
3 1509 890 730
3 890 5739 730
3 730 4129 1509
3 732 5231 731
3 733 6033 732
3 801 7753 734
3 738 4259 856
3 2746 4259 738
3 738 5340 2746
3 1444 3450 739
3 739 6587 1444
3 3450 7432 739
3 741 4561 754
3 754 5539 741
3 741 5539 2748
3 742 4282 1451
3 1451 7293 742
3 1442 7639 751
3 2400 4263 754
3 755 4702 1043
3 1044 3419 755
3 755 4568 1044
3 3419 8232 755
3 756 1504 2766
3 758 3106 757
3 757 3498 758
3 845 8031 757
3 886 6872 757
3 757 8031 886
3 3106 4477 757
3 759 1539 758
3 885 3893 758
3 758 1539 2772
3 2772 3881 758
3 758 6242 3106
3 758 3881 3261
3 760 3128 759
3 759 4239 760
3 760 5345 3128
3 760 4239 3396
3 764 3630 832
3 765 766 2976
3 765 1499 1540
3 2976 1499 765
3 1540 3630 765
3 767 4086 768
3 768 4422 767
3 890 3345 770
3 770 5739 890
3 3798 4846 771
3 771 4905 3798
3 2004 5026 772
3 853 7562 774
3 774 7562 4862
3 776 4715 2750
3 2750 4841 776
3 776 4250 2873
3 2873 4715 776
3 777 2750 1977
3 777 8477 2750
3 778 6244 1456
3 2874 3942 778
3 778 4482 2874
3 3942 8477 778
3 784 1259 783
3 783 3627 784
3 1514 3330 783
3 783 8293 1514
3 3330 4391 783
3 783 5018 3627
3 784 4082 2403
3 2403 7375 784
3 3627 6202 784
3 2751 6251 785
3 785 6919 2751
3 895 4804 788
3 7750 7877 792
3 802 4713 2418
3 2757 7262 802
3 803 4182 924
3 924 5584 803
3 803 5016 2758
3 2758 7367 803
3 803 5584 5016
3 2801 805 804
3 2801 804 2758
3 804 7950 2758
3 806 7572 807
3 806 6084 950
3 1495 5370 814
3 2759 5410 814
3 817 6210 816
3 2790 3153 816
3 816 6209 2790
3 3153 6892 816
3 820 3430 2762
3 822 5514 821
3 2028 5347 821
3 5347 8291 821
3 941 1474 822
3 823 1537 824
3 2762 3633 823
3 823 7944 2762
3 824 7403 825
3 1537 3300 824
3 828 1535 829
3 828 2031 1535
3 832 3630 1540
3 832 4495 2763
3 1505 833 834
3 833 3649 971
3 3094 3649 833
3 834 5760 887
3 2772 1539 838
3 1539 3128 838
3 838 4122 2772
3 841 7543 842
3 841 3586 1541
3 1541 7739 841
3 841 7739 7543
3 1478 3576 842
3 842 3654 1478
3 842 7542 3654
3 844 843 2880
3 1479 4934 843
3 843 7285 1992
3 2422 7335 844
3 846 8031 845
3 847 846 1454
3 1043 7687 846
3 1486 849 848
3 849 6999 848
3 848 888 1486
3 848 4696 889
3 849 4071 1484
3 1484 5511 849
3 3625 6999 849
3 2767 2003 850
3 850 7990 2767
3 1486 1993 851
3 1993 3399 851
3 851 4237 2767
3 2767 6511 851
3 851 6511 5073
3 852 1993 888
3 888 5646 852
3 852 4045 1487
3 1487 6645 852
3 1506 4045 852
3 852 4764 1506
3 854 4549 2424
3 2424 4561 854
3 2769 1235 855
3 1235 4370 855
3 858 5168 945
3 1492 4658 858
3 3758 7445 859
3 870 5492 871
3 879 4348 2770
3 2426 4459 885
3 885 5487 2426
3 886 5656 2427
3 5487 6871 886
3 6871 6872 886
3 887 5760 1478
3 888 5647 5646
3 889 4622 1042
3 2005 890 1509
3 894 5061 3739
3 1515 4612 899
3 899 6419 1515
3 2775 1470 911
3 925 4911 912
3 916 5759 917
3 918 5054 919
3 2036 5781 921
3 922 4416 923
3 923 1527 985
3 923 4416 2783
3 2783 8337 923
3 923 8337 8336
3 927 2058 926
3 2058 3965 926
3 2058 927 1038
3 936 4062 984
3 940 5145 2431
3 941 2778 981
3 942 1544 2779
3 943 2026 955
3 2779 7036 943
3 945 7058 946
3 948 4283 949
3 951 5443 1533
3 951 4443 2882
3 2882 5443 951
3 1531 952 1039
3 2780 7169 952
3 959 4964 2782
3 964 6392 965
3 2034 964 1536
3 964 3649 1536
3 2034 4279 964
3 964 6224 3649
3 4279 7695 964
3 2031 978 1535
3 2975 978 2974
3 980 6540 1543
3 981 2778 2781
3 995 8254 994
3 996 5357 995
3 995 7705 996
3 4113 7705 995
3 995 5357 5053
3 997 996 1069
3 996 7705 1069
3 996 7777 5357
3 1069 5542 997
3 997 7595 1587
3 1587 7778 997
3 997 3130 2785
3 2785 7595 997
3 997 4894 3130
3 1001 3052 1002
3 1002 3241 1001
3 1001 7505 3052
3 1002 3069 1004
3 1004 3309 1002
3 1002 5134 3241
3 1005 3102 1009
3 1009 3646 1005
3 1005 4318 1556
3 1556 8223 1005
3 3646 5333 1005
3 8223 8224 1005
3 2887 1006 1007
3 1006 4355 1007
3 1006 5621 1557
3 2887 3990 1006
3 1008 5248 1007
3 1007 5430 1008
3 1007 4355 2040
3 3102 7504 1009
3 1009 7182 3646
3 1120 4311 1011
3 1012 4269 1013
3 1013 5995 1012
3 1012 1558 2046
3 2046 6382 1012
3 2047 4417 1012
3 1015 3861 1123
3 1123 8196 1015
3 1015 8403 2786
3 1016 3830 1017
3 1017 4666 1016
3 1017 3830 1121
3 1121 5854 1017
3 1022 5592 1018
3 1018 6835 1022
3 1019 4147 1020
3 1019 4150 1560
3 1560 7558 1019
3 2795 4147 1019
3 1019 5218 2795
3 1019 4789 2796
3 2796 8249 1019
3 3143 4150 1019
3 1019 8249 3143
3 1019 7668 4789
3 1021 5532 1022
3 1022 6836 1021
3 1065 4789 1021
3 1025 4625 2787
3 2787 5805 1026
3 1035 5392 1027
3 1030 3142 1029
3 1029 5614 1030
3 1029 5199 1068
3 1030 3615 1069
3 1069 5339 1030
3 3078 3615 1030
3 1030 5339 3142
3 3282 5047 1030
3 1030 5614 3282
3 1562 3588 1031
3 1031 6192 1562
3 1032 4751 1033
3 1032 3409 1064
3 1064 4751 1032
3 1032 2789 1578
3 1032 4826 2789
3 1032 4668 2794
3 2794 4826 1032
3 1033 4750 1034
3 1034 5838 1033
3 1033 4751 4750
3 1034 5337 1072
3 2800 3927 1034
3 1034 5472 2800
3 3927 5838 1034
3 2792 6360 1039
3 2790 7013 1041
3 1044 4166 1565
3 1565 7477 1044
3 1046 4775 1067
3 1047 1602 1048
3 2806 1063 1062
3 1071 3047 1062
3 1062 3072 1071
3 2793 3782 1062
3 1062 5450 2793
3 1062 6678 2806
3 3047 7488 1062
3 1062 7488 5450
3 2794 3931 1063
3 1063 5273 2794
3 2795 6341 1064
3 6341 6502 1064
3 1066 6748 2062
3 1071 2800 2063
3 1071 5413 2800
3 1071 3072 3042
3 3042 5414 1071
3 1071 3471 3047
3 1071 6435 3471
3 1071 5414 5413
3 2050 6721 1072
3 2452 3486 1073
3 1073 5530 2452
3 2801 6831 1074
3 1079 4032 1602
3 1602 4871 1079
3 1079 8164 4032
3 1083 5997 2805
3 2806 8596 1084
3 1086 4569 2812
3 1086 7399 2813
3 2813 7661 1086
3 1708 1087 2825
3 4125 6494 1087
3 1688 5688 1088
3 1088 6797 1688
3 1088 2815 1690
3 1088 5811 2815
3 2818 1680 1089
3 1089 4864 1691
3 1691 5488 1089
3 1089 4923 2818
3 1091 5011 1720
3 1720 5460 1091
3 1091 4835 2826
3 1093 3933 1092
3 1092 4974 1093
3 2834 4974 1092
3 1093 5348 1735
3 1735 7309 1093
3 1741 3933 1093
3 2835 5348 1093
3 1094 5521 1752
3 1095 7723 1096
3 1096 7723 4110
3 1792 3467 1097
3 1097 4514 1792
3 1794 6134 1098
3 1098 7769 1794
3 2838 4585 1098
3 1098 6134 2838
3 4218 7769 1098
3 1785 5116 1099
3 1099 6146 1785
3 1099 3722 2843
3 2843 5944 1099
3 2853 5624 1100
3 1100 5629 2853
3 2855 4759 1100
3 1101 4626 1932
3 1932 4844 1101
3 2863 5004 1101
3 1101 7460 2863
3 2864 4626 1101
3 1101 5952 2864
3 4844 7460 1101
3 1102 1983 1447
3 1979 3939 1102
3 1102 8208 1979
3 1102 6576 1983
3 6223 8208 1102
3 1638 3886 1106
3 1107 2296 1319
3 1319 7088 1107
3 1107 4402 2228
3 2228 4993 1107
3 1107 3377 2296
3 1107 5945 3377
3 2317 1108 2336
3 2317 8251 1108
3 1108 6233 2318
3 1108 3971 2336
3 1108 7387 3971
3 8251 8252 1108
3 1376 1109 2325
3 1110 7860 2574
3 1920 1111 2359
3 1111 7090 2359
3 1516 4896 1112
3 2018 4927 1112
3 1152 1113 2891
3 1152 4093 1113
3 2910 1113 1616
3 1114 1606 2894
3 1114 8180 1606
3 1115 5835 2217
3 1373 1119 2929
3 1119 5244 3005
3 2964 4312 1120
3 1120 4312 4311
3 3006 5854 1121
3 3013 1580 1124
3 1127 3023 1139
3 1127 3998 1608
3 3027 5285 1128
3 1129 6238 3029
3 1605 1131 2466
3 3230 7968 1131
3 1131 7968 7633
3 1133 5465 1142
3 2894 1142 2893
3 2894 4376 1142
3 2892 2893 1144
3 1152 6995 4093
3 3860 7545 1153
3 2601 5908 1160
3 1160 6718 2601
3 1162 5453 2083
3 2085 5453 1164
3 3017 2059 1182
3 2614 4743 1182
3 3017 1182 3016
3 1183 4724 3154
3 1189 2620 1191
3 2620 8401 1191
3 8401 8402 1191
3 4033 7261 1192
3 3202 4028 1193
3 2099 3913 1194
3 1194 4587 2099
3 1638 5213 1196
3 1198 7149 4544
3 1201 5191 2100
3 2101 5191 1201
3 1201 8039 2101
3 1682 2102 1203
3 2819 1682 1203
3 2102 7327 1203
3 2480 1206 1671
3 1206 5678 3901
3 2820 1699 1211
3 1211 6173 2107
3 2107 6339 1211
3 6339 7547 1211
3 2622 1213 1212
3 1212 3562 3559
3 2622 5382 1213
3 2110 5762 1217
3 1223 6229 4075
3 4075 8073 1223
3 2628 5676 1224
3 1225 7714 2114
3 2117 4839 1228
3 2896 2897 1230
3 2897 5904 1230
3 5904 8034 1230
3 1231 6370 2634
3 1231 4391 3330
3 3330 6370 1231
3 1232 6595 2635
3 3359 6595 1232
3 2638 4370 1235
3 1235 4488 2638
3 1238 3779 2127
3 2127 5515 1238
3 2129 2128 1239
3 2128 5991 1239
3 1240 2897 2898
3 2898 5595 1240
3 1243 5515 2130
3 5680 7870 1244
3 1273 1245 2160
3 1246 5200 2133
3 2133 5268 1246
3 1248 2134 1283
3 1283 4357 1248
3 1248 5531 2134
3 2135 4064 1250
3 1250 5268 2135
3 1251 2830 2137
3 2137 8363 1251
3 2140 6047 1253
3 1253 2501 2502
3 2645 1781 1255
3 1255 3669 2645
3 1256 3179 2646
3 2646 5454 1256
3 2144 2651 1260
3 2651 5828 1260
3 3725 7376 1261
3 2148 4718 1262
3 1262 7119 2148
3 1263 3790 2149
3 2150 3571 1264
3 1264 4849 2150
3 1265 8169 2152
3 1267 2131 2132
3 2156 5235 1267
3 2489 1268 2490
3 2157 6640 1269
3 1270 6177 2158
3 2158 8057 1270
3 2170 7097 1271
3 2160 5291 1273
3 1738 1737 1275
3 2166 1275 1737
3 1275 3356 1738
3 1278 4919 2168
3 2168 5839 1278
3 2661 1279 1756
3 1279 5513 1756
3 2661 4094 1279
3 1284 1797 1798
3 2174 1797 1284
3 1798 8070 1284
3 1284 8406 2174
3 2150 7162 1286
3 2178 5859 1288
3 2179 8358 1289
3 2181 5588 1290
3 1823 2182 1291
3 2182 4360 1291
3 2497 1769 1296
3 1913 2567 1297
3 1298 5396 2670
3 2670 6527 1298
3 1301 2192 1774
3 2499 1301 1774
3 1301 4242 2192
3 1304 5551 2676
3 2676 6089 1304
3 2202 4945 1305
3 1305 5223 2202
3 1307 6899 2208
3 2208 8557 1307
3 2209 6280 1308
3 1308 7439 2235
3 1313 1315 2221
3 1313 4830 1315
3 2236 3378 1314
3 3378 5946 1314
3 1315 2229 2221
3 1315 5230 2229
3 2960 1316 2959
3 2253 1844 1321
3 1321 6927 2253
3 1847 4327 1326
3 2928 1326 2927
3 1326 5319 2927
3 2264 1867 1330
3 1330 8092 2264
3 2539 1870 1331
3 2265 7305 1331
3 2268 7689 1336
3 2672 1336 2673
3 2947 1338 2946
3 1341 6362 2276
3 2276 7093 1341
3 2288 1345 2287
3 1345 7873 3599
3 1346 2940 1889
3 2281 5652 1346
3 1346 2939 2940
3 2705 1347 1906
3 2705 8054 1347
3 1347 8054 6205
3 2294 2297 1350
3 1350 5362 2294
3 1351 4211 2297
3 1353 6437 2299
3 2299 7651 1353
3 2950 1354 2949
3 1359 2717 1939
3 2417 2717 1359
3 2945 1361 2944
3 2725 7111 1362
3 2193 2192 1363
3 2726 5425 1363
3 1364 1811 1812
3 2728 1364 1813
3 2728 5630 1364
3 1941 2309 1367
3 1367 3957 1941
3 2309 7117 1367
3 6320 6321 1368
3 2731 7584 1369
3 2935 2936 1369
3 2862 2863 1370
3 6095 8277 1370
3 2314 5589 1371
3 2320 5244 1373
3 2322 1377 1375
3 1377 3004 1375
3 1375 7334 2322
3 3004 3005 1375
3 7222 7334 1375
3 2325 6290 1376
3 1380 1965 1966
3 1383 2317 2336
3 3462 6233 1384
3 2338 1930 1387
3 2339 5045 1388
3 5045 5651 1388
3 2353 6328 1393
3 2870 1950 1394
3 1950 6598 1394
3 2354 4408 1394
3 1394 6598 2354
3 1396 4645 2736
3 2736 5136 1396
3 1400 2362 1397
3 1397 5163 1400
3 2357 1397 2362
3 2357 4938 1397
3 1400 1462 2417
3 2417 2362 1400
3 2366 1742 1402
3 1742 7994 1402
3 1402 6881 2366
3 2370 1403 2369
3 2370 2371 1403
3 2370 2369 1404
3 1419 2382 1406
3 2373 8527 1406
3 2376 4029 1408
3 1408 5258 2376
3 2733 2734 1408
3 2377 1409 1953
3 2377 2734 1409
3 2733 1409 2734
3 2379 3872 1410
3 1410 4308 2379
3 2993 2994 1412
3 2381 6573 1414
3 1419 4767 2382
3 2870 4863 1419
3 1421 5323 2385
3 2385 6365 1421
3 1424 4215 2871
3 2389 4681 1426
3 4223 7580 1431
3 1432 4799 2394
3 4238 8415 1433
3 1445 2398 1437
3 2395 1437 1985
3 2395 5675 1437
3 1438 5666 2744
3 2744 8089 1438
3 6705 6706 1439
3 1442 5403 2746
3 3793 7639 1442
3 1445 4762 2398
3 3433 5192 1447
3 2399 6102 1449
3 1449 6193 2399
3 1449 5267 2409
3 3570 7184 1450
3 2976 1452 2975
3 1452 4490 2975
3 1453 6503 2401
3 1458 2404 1460
3 1460 5738 1458
3 2406 1460 2404
3 2406 8386 1460
3 1460 8386 5259
3 2407 4445 1461
3 2418 4527 1469
3 1469 4847 2418
3 4527 8021 1469
3 2971 1473 2970
3 2981 1477 2980
3 2981 4728 1477
3 1478 3654 3165
3 2423 4016 1480
3 1480 5635 2423
3 2766 4081 1483
3 1483 5386 2766
3 2767 4237 1487
3 2424 7692 1490
3 1498 1500 2771
3 2977 1499 2976
3 1500 4675 2771
3 1541 2426 1503
3 1503 8013 1541
3 1506 4764 2590
3 1508 7627 4739
3 1509 4129 2005
3 1514 8293 8292
3 1515 6413 4612
3 2591 1522 2022
3 2458 5043 1527
3 1532 2433 1996
3 1532 8114 2433
3 2780 6326 1534
3 1536 3649 3094
3 2973 1537 2972
3 2973 3300 1537
3 1541 8013 3555
3 3586 6309 1541
3 4405 7739 1541
3 1545 2783 1547
3 1562 2457 1545
3 1545 2457 2783
3 2023 2591 1546
3 2785 5220 1547
3 1547 6584 2785
3 2460 1550 1593
3 1593 1550 2968
3 2038 1550 2436
3 2038 2968 1550
3 2436 1550 2460
3 1557 2440 1551
3 1551 4355 1557
3 2440 5778 1551
3 2966 1552 2965
3 2967 1554 2966
3 2442 3946 1555
3 1555 4128 2442
3 3946 7416 1555
3 1555 8188 4128
3 1556 4312 2964
3 1556 4318 4315
3 4315 5780 1556
3 1556 8225 8223
3 3008 2048 1559
3 1559 7303 4265
3 2452 5530 1560
3 3084 3955 1560
3 3955 7558 1560
3 4150 6078 1560
3 2456 2457 1562
3 1562 7560 3588
3 1576 5507 2793
3 2793 6003 1576
3 2796 5469 1577
3 1577 5568 2796
3 2447 3409 1578
3 1579 5469 2448
3 2594 2595 1579
3 2595 8413 1579
3 2449 1582 2455
3 2449 3217 1582
3 2455 1582 2454
3 3217 6756 1582
3 2049 1591 2453
3 2049 6165 1591
3 1592 6083 2454
3 2454 7676 1592
3 3010 1592 3009
3 3010 6083 1592
3 1593 4963 2460
3 2969 1593 2968
3 1599 1596 2802
3 1596 5185 2802
3 2462 5853 1598
3 1598 6207 2462
3 2803 1599 2802
3 2803 6426 1599
3 7277 7278 1601
3 1604 3024 3025
3 1609 7021 3357
3 3489 7458 1609
3 3772 6733 1613
3 1615 7129 1614
3 3987 7129 1615
3 4295 8036 1615
3 1619 3705 1618
3 1618 5959 1619
3 2909 1618 2908
3 4012 5959 1618
3 2468 4092 1620
3 1620 7313 2468
3 2099 6176 1627
3 1627 4271 2470
3 1674 1631 2472
3 1632 1676 2474
3 2474 7674 1632
3 2810 4761 1634
3 1634 6291 2810
3 1644 7977 1643
3 1643 5659 2481
3 1646 4890 1645
3 2484 1675 1646
3 1647 5478 1648
3 1648 5917 1647
3 1649 6992 1650
3 1658 3089 1659
3 3014 3761 1658
3 1658 3761 3736
3 3089 3336 1659
3 3336 4953 1659
3 1660 3117 3015
3 1660 5922 3117
3 1663 7215 1664
3 1665 5260 1666
3 1687 1686 1667
3 2815 4650 1667
3 1669 1686 1684
3 1684 6044 1669
3 2479 1686 1669
3 1669 3796 2479
3 2902 1669 2901
3 2479 3911 1670
3 1671 6323 2480
3 2481 5302 1672
3 1674 5302 2483
3 2484 7957 1675
3 2484 4481 1676
3 1676 4815 2484
3 1681 4752 2818
3 2818 5006 1681
3 1682 7604 2102
3 2819 5240 1682
3 1683 2899 2900
3 2485 8162 1684
3 2485 1687 1685
3 1685 6846 2485
3 1687 2485 1686
3 1700 1701 2821
3 1701 6180 5608
3 1703 5607 2824
3 1706 3305 2825
3 2825 3305 1707
3 3050 3393 1707
3 1707 4063 3050
3 3137 6355 1707
3 3305 4063 1707
3 1708 3332 1709
3 2486 6434 1716
3 1717 7852 2487
3 4538 7852 1717
3 2488 5607 1719
3 2828 4220 1721
3 1722 5504 1723
3 1723 7553 1722
3 2135 2136 1722
3 2136 5504 1722
3 3809 7553 1723
3 1724 3847 1725
3 1725 8129 1724
3 1724 8128 2130
3 1724 8129 8128
3 1727 4676 1726
3 1726 6625 1727
3 2131 5354 1726
3 3889 6625 1726
3 2489 4164 1728
3 1728 6617 2489
3 2490 5468 1729
3 2830 7988 1730
3 1731 8098 2831
3 1733 3619 1732
3 1732 5851 1733
3 1733 5579 3619
3 2655 1736 1734
3 1734 1736 2832
3 2832 7393 1734
3 3540 7309 1735
3 2655 5580 1736
3 1736 5850 2832
3 1738 5226 1737
3 1739 5226 1738
3 2836 4997 1742
3 4997 7994 1742
3 2491 6911 1743
3 1743 7478 2491
3 1744 5221 2491
3 2491 5728 1744
3 2837 6059 1751
3 4439 7889 1756
3 1761 6921 2495
3 2495 8362 1761
3 2495 6930 1762
3 1766 5941 2496
3 1790 5992 1768
3 1768 5992 2497
3 2497 7164 1768
3 2497 3122 1769
3 1770 6767 3593
3 1774 7047 2499
3 2501 3786 1779
3 2503 5979 1780
3 2503 3762 1781
3 1781 7168 2503
3 2668 1788 1819
3 1788 6026 2842
3 2842 8528 1788
3 1788 8528 3474
3 1788 6475 6026
3 1792 7095 3467
3 1797 5855 1798
3 2507 5112 1799
3 1802 5216 2509
3 2509 5477 1802
3 2198 2197 1809
3 1811 5301 1812
3 1816 6536 2514
3 1819 3474 2516
3 2516 4520 1819
3 2668 1819 2667
3 2517 3722 1820
3 1820 5536 2517
3 3722 5116 1820
3 1821 4520 1822
3 1822 4777 1821
3 1823 4304 2518
3 2518 7420 1823
3 2204 1824 2203
3 1824 4753 2519
3 2519 6914 1824
3 1824 6914 4030
3 1826 5368 3317
3 3317 5717 1826
3 1828 4145 1827
3 1827 8381 1828
3 1827 3187 2215
3 1827 4145 3187
3 1827 8382 8381
3 1828 8234 4145
3 2520 6622 1829
3 2523 6409 1831
3 2848 1833 1832
3 1832 2524 2848
3 1832 5372 2524
3 2848 7732 1833
3 1835 4893 2850
3 2850 4961 1835
3 2953 1836 2952
3 2526 5201 1837
3 5201 7600 1837
3 1842 1841 2529
3 2530 1841 1842
3 1841 8520 2529
3 1842 5537 2530
3 2530 7314 1843
3 2851 1844 2253
3 2851 5502 1844
3 1845 6313 2692
3 2852 1846 2851
3 1846 4845 2851
3 1846 4602 4599
3 1849 8274 2531
3 1850 2534 1856
3 1850 6169 2534
3 2854 6067 1853
3 2924 1853 2923
3 3787 5205 1854
3 1856 7710 3773
3 2689 1857 2688
3 1858 2534 2533
3 1858 4749 2534
3 2533 2532 1860
3 2532 3824 1860
3 1862 5973 1861
3 1861 7361 1862
3 2531 1862 2532
3 1867 5924 2538
3 2538 4056 1868
3 1868 3827 2685
3 2539 4700 1869
3 1869 6140 2539
3 2539 6441 1870
3 2541 4968 1873
3 1873 7024 2541
3 1874 5484 2541
3 1875 4369 2542
3 1879 5065 2545
3 2549 7434 1885
3 2685 1886 2550
3 1886 7815 2550
3 1889 2940 2552
3 2556 5758 1891
3 1891 6246 2556
3 1891 2942 2943
3 2558 1894 1896
3 2560 4937 1898
3 1898 6758 2560
3 1903 4522 2564
3 1904 2283 1946
3 2857 2283 1904
3 1904 6199 2857
3 1904 7663 6199
3 2858 2705 1906
3 1909 6098 2566
3 1911 3870 1910
3 1910 4888 1911
3 1911 2938 2939
3 1911 5169 2938
3 1911 4888 3115
3 3115 8050 1911
3 1911 8050 5169
3 2577 1914 1938
3 1914 4584 1938
3 1914 3166 2861
3 2861 4584 1914
3 1917 8052 2569
3 5249 8052 1917
3 2569 7475 1918
3 1920 2865 1935
3 2359 8019 1920
3 1920 8019 2865
3 1923 4635 1924
3 1924 5937 1923
3 2933 2934 1924
3 1925 6271 1926
3 1926 8416 1925
3 1925 2932 2933
3 6271 6272 1926
3 2571 5238 1927
3 2930 2931 1927
3 1928 2335 2573
3 2573 4628 1928
3 1930 4053 2866
3 2864 1934 2865
3 2864 5913 1934
3 2868 8508 1934
3 2575 5188 1935
3 2865 6585 1935
3 1937 2717 2716
3 1938 4689 2577
3 1938 7983 4689
3 1939 4325 2578
3 2869 2309 1941
3 1941 4332 2869
3 1942 2579 1943
3 1943 4740 1942
3 1944 4228 2579
3 1944 8457 4228
3 2291 1945 2290
3 1945 5194 2580
3 1946 1949 2581
3 2581 4471 1946
3 2581 7871 1947
3 1949 5182 2582
3 2870 3775 1950
3 3775 7582 1950
3 2871 4215 1952
3 1952 6824 2871
3 3802 6824 1952
3 1952 8309 3802
3 2583 4699 1953
3 1953 5470 2583
3 2585 4573 1955
3 1955 5577 2585
3 1958 2583 2584
3 2587 6182 1958
3 1964 6013 1963
3 1967 5210 1968
3 1971 1969 1970
3 1971 1970 1972
3 1973 4373 1974
3 1974 4874 1973
3 1977 4716 1976
3 1976 8360 1977
3 1979 8197 3939
3 2875 7198 1981
3 7198 7199 1981
3 2878 8282 1985
3 2882 3853 1995
3 1995 4458 2882
3 3853 7275 1995
3 2002 3325 2590
3 2590 4764 2002
3 2003 3215 2590
3 2590 3425 2003
3 2005 4129 2006
3 2006 6616 2005
3 4034 6615 2006
3 6615 6616 2006
3 2015 3739 2014
3 2403 4082 2016
3 2016 4935 3449
3 2022 4998 2591
3 2023 4068 2024
3 2023 5321 2591
3 2024 4068 2025
3 2025 6305 2024
3 2592 6332 2026
3 2026 7036 2592
3 2027 8139 2592
3 6523 8139 2027
3 2971 5027 2028
3 2035 6002 2034
3 2034 6547 2035
3 3899 6547 2034
3 2034 8264 3899
3 3575 6002 2035
3 2036 5827 5781
3 2436 2593 2038
3 2968 2038 2967
3 2038 6700 2967
3 2593 2437 2039
3 2039 6904 2593
3 2041 4424 2442
3 2041 3218 2887
3 2887 4425 2041
3 2041 4810 3218
3 3015 5106 2046
3 3314 6382 2046
3 2594 4264 2048
3 2048 5313 2594
3 3009 2048 3008
3 2595 3217 2049
3 2049 6635 2595
3 3217 4592 2049
3 2059 2060 2614
3 2059 6757 2060
3 2063 5147 2064
3 2068 7516 2596
3 2071 6037 2890
3 2101 8039 4234
3 2107 6173 3753
3 3779 6675 2127
3 2133 8333 5227
3 2134 6159 4685
3 2135 5227 2136
3 3339 3864 2138
3 2148 8491 3891
3 2152 4363 2151
3 2151 6137 3441
3 4363 7903 2151
3 2162 7520 2161
3 2168 7030 5839
3 2170 5071 2171
3 2171 7494 2170
3 2170 6351 5071
3 8509 8510 2170
3 3398 7494 2171
3 2171 7915 3398
3 2171 5071 5070
3 2172 7708 5424
3 3884 8358 2179
3 3825 5588 2181
3 2186 4983 2187
3 2193 5474 2192
3 2198 5264 2197
3 2203 5723 2204
3 2217 5649 2218
3 2217 8061 5649
3 5873 6583 2219
3 2221 2229 2222
3 4624 8615 2225
3 2226 4803 2227
3 2227 6432 2226
3 4803 5727 2227
3 5910 6432 2227
3 2231 4183 2232
3 2232 5591 2231
3 2234 3914 2233
3 2233 4824 2234
3 3914 8616 2233
3 2237 3378 2236
3 2236 6789 2237
3 3794 6618 2254
3 2273 7321 2274
3 2275 5398 2274
3 2274 5756 2275
3 2281 5920 2282
3 2282 6338 2281
3 2284 4825 2285
3 2285 7471 2284
3 4111 7471 2285
3 2287 8343 2286
3 2290 6531 2291
3 2290 6727 6726
3 3377 7922 2296
3 2299 8548 7651
3 2309 7109 5963
3 6046 7117 2309
3 2318 6233 3462
3 2324 4545 2323
3 2323 5897 2324
3 3324 5897 2323
3 2323 6513 3324
3 2324 6681 3810
3 2336 4714 3610
3 2348 5699 2347
3 2349 6944 2348
3 2363 2357 2362
3 2360 6939 2361
3 2366 5080 2367
3 2367 5109 2366
3 2735 2734 2377
3 5307 7564 2391
3 2400 6820 3255
3 2400 8232 8231
3 2403 3449 3121
3 2403 7376 7375
3 2408 3500 2407
3 3500 4141 2407
3 4444 4445 2407
3 3256 4077 2408
3 2410 3882 2409
3 2409 5267 2410
3 2409 5840 3253
3 4252 8101 2409
3 4260 4792 2411
3 2411 6860 5222
3 2411 5281 5280
3 2416 6129 2415
3 7864 7888 2427
3 2437 2436 2459
3 2593 2436 2437
3 2459 2436 2460
3 2438 4710 2437
3 3279 4710 2438
3 2440 2439 2456
3 2440 3990 2439
3 2439 3990 3989
3 3989 5003 2439
3 2442 4128 3059
3 3059 4810 2442
3 3541 4586 2442
3 2442 4982 3946
3 4586 6493 2442
3 2449 4592 3217
3 2450 5615 2451
3 2451 7066 2450
3 2452 5162 3789
3 2458 8337 2457
3 2457 8337 2783
3 2460 4073 2459
3 2472 6652 2473
3 2473 7138 2472
3 2473 6054 2474
3 2480 4872 2481
3 2481 5659 2480
3 2484 8479 4481
3 5482 7957 2484
3 2487 4985 2486
3 2490 4659 2489
3 3404 5728 2491
3 2517 5072 2516
3 2516 5560 2517
3 2517 5536 3506
3 2520 6322 2521
3 2524 6285 2523
3 2529 8520 4402
3 2532 5554 2531
3 2533 6826 2532
3 2532 7840 3824
3 2532 6826 6311
3 2534 6035 2533
3 2556 5990 2555
3 2572 6457 2573
3 2577 4823 2578
3 2578 5390 2577
3 4822 4823 2577
3 3194 4471 2581
3 2583 8001 2584
3 3215 6034 2590
3 3325 6438 2590
3 2590 4162 3425
3 2591 5321 3546
3 2594 4536 2595
3 2595 6635 5567
3 3515 7230 2609
3 7785 7786 2616
3 3642 6273 2630
3 2634 8093 3788
3 3669 6631 2645
3 2654 7577 2655
3 3618 5580 2655
3 2661 6619 4094
3 3653 5278 2662
3 2665 5847 3869
3 2667 4781 2668
3 4614 4781 2667
3 3843 6956 2668
3 2670 7189 4160
3 3827 5875 2685
3 3475 6038 2687
3 2688 6446 2689
3 5966 5967 2692
3 2704 5123 2705
3 2708 6145 2707
3 2707 7208 2708
3 2714 7082 2713
3 2717 3895 2716
3 2716 6787 4274
3 2719 5074 2720
3 3566 6769 2720
3 2720 6792 3566
3 2723 4567 2722
3 2726 7227 6079
3 2746 5403 3511
3 2750 8477 8476
3 2758 7950 4185
3 3130 6821 2785
3 2785 6908 5220
3 2785 6584 5827
3 2790 4135 3153
3 2790 8140 4135
3 2790 6209 5179
3 5450 7258 2793
3 5218 7970 2795
3 2796 5568 3443
3 3443 7989 2796
3 2811 7839 2810
3 2810 8408 2811
3 2810 8496 4761
3 2815 8529 4650
3 5811 8489 2815
3 2828 7999 4220
3 2843 5560 2842
3 2842 6120 2843
3 6038 7732 2848
3 4600 4602 2852
3 2862 8091 2863
3 2863 7460 5943
3 2865 6022 2864
3 2865 8019 8018
3 2870 7934 3775
3 3416 5547 2871
3 2879 8590 2880
3 3218 5958 2887
3 2892 8074 2891
3 3966 8074 2892
3 2901 5650 2900
3 2903 7202 2902
3 2908 5334 2907
3 2915 5929 2914
3 2916 6622 2915
3 2927 5271 2926
3 2932 3908 2931
3 2935 7616 2934
3 2941 5832 2940
3 2944 5180 2943
3 2946 6530 2945
3 2948 6760 2947
3 2951 6812 2950
3 2965 3717 2964
3 3675 3717 2965
3 2970 5380 2969
3 5380 8060 2969
3 2972 5027 2971
3 2974 5751 2973
3 3007 6835 3006
3 3014 8182 3013
3 3015 3761 3014
3 3016 5106 3015
3 3117 3761 3015
3 3018 6757 3017
3 3024 3867 3023
3 3026 5234 3025
3 3072 7380 3042
3 6347 7821 3044
3 3047 7500 7488
3 3218 4810 3059
3 5569 6263 3064
3 3083 7821 6347
3 3085 6651 5709
3 3089 8032 3336
3 3102 7505 7504
3 3117 7427 3761
3 3118 7230 4165
3 3130 4894 3397
3 3192 5400 3552
3 3329 4200 3795
3 5567 6635 3334
3 3344 6202 3627
3 3387 7970 5218
3 3515 7231 7230
3 3924 5422 3558
3 3562 6837 3559
3 5422 6837 3562
3 4316 5333 3646
3 3646 8082 4316
3 4319 8082 3646
3 7092 8006 3746
3 3924 6837 5422
3 7415 7416 3946
3 3984 4232 3983
3 3984 4581 3985
3 3985 6097 3984
3 4581 4583 3985
3 4313 5780 5493
3 4316 8082 4314
3 5493 5780 4315
3 4580 8437 6424
3 4601 7701 4600
3 4897 7888 7864
3 8012 8016 8014
3 0 3266 1
3 0 7632 3266
3 0 7633 7632
3 5570 8005 1
3 2893 4 5
3 4 4720 5
3 5 1134 1144
3 6 24 364
3 1137 10 14
3 11 12 3028
3 1137 4124 11
3 362 1129 12
3 12 7438 362
3 12 1129 3028
3 7437 7438 12
3 14 4322 15
3 15 16 1141
3 19 15 1141
3 16 8258 1141
3 4508 8258 16
3 17 3998 1127
3 17 6337 3819
3 18 6581 3998
3 21 3833 20
3 24 5642 364
3 1146 24 1147
3 27 1150 1147
3 29 5299 369
3 4516 5299 29
3 374 33 1610
3 1154 4679 33
3 33 4679 1610
3 3149 5586 34
3 372 35 371
3 38 6369 4184
3 46 2088 1600
3 1171 1640 49
3 53 1568 2446
3 56 6081 2098
3 57 5446 1187
3 2620 1189 58
3 2602 5352 58
3 58 3292 2620
3 59 452 1615
3 59 5404 452
3 59 1615 1190
3 2601 378 60
3 60 5175 3421
3 61 3340 380
3 380 3886 61
3 1637 3340 61
3 61 3886 1638
3 63 1666 458
3 461 5535 65
3 65 4009 2622
3 66 6467 2103
3 3890 5369 71
3 2115 7626 77
3 77 7626 5408
3 1716 79 2486
3 1716 2630 79
3 1244 2120 80
3 2120 5625 80
3 2121 81 101
3 81 2117 1228
3 2122 3598 82
3 3598 6940 82
3 89 2130 87
3 2127 87 2130
3 2132 88 90
3 88 7939 2118
3 2129 88 2132
3 2129 7939 88
3 89 3847 1724
3 1726 3847 89
3 2128 2131 89
3 559 5360 92
3 93 3601 562
3 93 5512 3601
3 94 3709 567
3 94 3864 3709
3 569 3709 96
3 98 7298 4916
3 518 519 99
3 519 4046 99
3 99 4046 2143
3 4342 4566 99
3 2121 101 100
3 100 3765 2121
3 2144 1260 101
3 513 514 102
3 102 3651 513
3 514 515 102
3 102 515 516
3 516 2651 102
3 102 2651 2144
3 2144 3651 102
3 103 3636 1259
3 1261 2149 105
3 106 5852 1732
3 3891 5122 106
3 106 8320 5282
3 107 4338 581
3 107 7077 4338
3 7161 7162 107
3 108 6687 6009
3 6572 7955 109
3 2154 6318 110
3 2134 5531 111
3 111 5531 2156
3 2156 7020 111
3 112 2158 585
3 114 4335 519
3 114 6231 4395
3 116 575 2647
3 116 5085 2163
3 1792 4514 120
3 120 6039 3668
3 3668 6100 120
3 5558 7374 121
3 124 3724 2176
3 128 2179 2173
3 130 5892 1799
3 4273 5020 130
3 2193 1912 135
3 1912 6439 135
3 135 7882 2672
3 137 6781 626
3 2200 8029 139
3 139 8029 4018
3 2839 2205 143
3 144 1343 639
3 146 5988 2211
3 2213 4860 147
3 149 2520 1829
3 149 6858 3764
3 2222 157 151
3 2223 158 152
3 158 2231 152
3 2224 4732 152
3 2231 5591 152
3 2228 1841 155
3 155 2530 1843
3 155 4231 2228
3 1107 4993 156
3 156 4993 3209
3 2222 2229 157
3 1290 158 2181
3 4302 5892 158
3 160 2209 1308
3 2234 2209 160
3 2226 5069 160
3 3973 4803 160
3 162 2238 186
3 186 3754 162
3 2237 4041 162
3 162 4491 2238
3 4041 7762 162
3 2239 4910 163
3 168 7947 2252
3 2264 4497 173
3 173 5924 2264
3 620 174 619
3 174 5711 619
3 2279 4180 179
3 4180 4522 179
3 180 8388 670
3 180 3892 2280
3 180 8389 8388
3 181 5182 1946
3 2582 181 1948
3 2708 7208 182
3 2290 5971 183
3 183 5971 3584
3 4224 4603 183
3 184 4208 2292
3 2292 4776 184
3 2238 2239 185
3 2295 2238 185
3 186 2238 2295
3 188 2299 2542
3 4261 8549 188
3 194 7634 2719
3 672 195 671
3 672 8369 195
3 200 1919 2862
3 224 4300 202
3 202 4300 2316
3 202 4461 2317
3 203 4892 2318
3 204 4733 1372
3 206 8531 205
3 6682 7205 208
3 209 5833 3766
3 2328 213 210
3 213 4836 210
3 2322 211 1377
3 211 3004 1377
3 211 6743 3003
3 2323 212 2326
3 2323 4545 212
3 212 6252 5524
3 213 5019 2327
3 221 1390 1381
3 1382 4813 222
3 223 4054 697
3 224 698 697
3 697 4300 224
3 225 226 1929
3 225 5722 226
3 225 5497 3462
3 1929 226 2574
3 699 2341 227
3 2337 5000 228
3 3751 6808 228
3 1433 229 270
3 270 229 2394
3 2394 229 2339
3 230 5036 2340
3 4543 5039 230
3 231 4733 2341
3 1963 233 2345
3 1950 4817 237
3 2363 237 2357
3 237 4817 2357
3 2363 6900 237
3 238 6900 2363
3 239 302 2364
3 2415 302 239
3 239 6017 4120
3 2368 241 300
3 300 241 2412
3 2412 241 2367
3 2368 4354 241
3 2413 242 2368
3 242 4870 2368
3 2360 245 1111
3 245 3970 1111
3 247 2735 246
3 246 2735 2377
3 2377 8354 246
3 246 8354 6709
3 247 702 2735
3 2378 247 1955
3 247 5989 1955
3 1416 248 252
3 2378 248 1416
3 2378 5153 248
3 248 6850 3670
3 249 6440 1411
3 1411 6499 249
3 3670 7770 251
3 252 2348 2347
3 253 3872 1417
3 1417 4672 253
3 255 5972 710
3 710 6398 255
3 1426 4681 262
3 264 3763 263
3 263 6133 264
3 701 7833 264
3 264 7833 3763
3 2391 4222 265
3 266 7284 267
3 266 5837 1431
3 266 5571 4361
3 4361 7284 266
3 270 7911 4962
3 1438 7426 272
3 274 4244 275
3 275 5982 276
3 2747 739 278
3 1443 4248 278
3 279 723 724
3 279 724 2878
3 2878 2398 279
3 2398 4379 279
3 280 4282 742
3 742 6903 280
3 280 5192 4282
3 283 7233 4044
3 284 7123 1975
3 2399 4404 284
3 284 8065 2399
3 3234 8065 284
3 4404 7123 284
3 755 8232 286
3 3255 4702 286
3 288 7424 2401
3 294 2149 1261
3 1263 2149 294
3 295 6229 2017
3 295 5100 3333
3 4075 6229 295
3 295 5119 5100
3 296 6251 2405
3 296 8081 3590
3 1464 1453 297
3 297 5089 3256
3 1421 4979 300
3 302 4956 2414
3 2415 4528 302
3 306 820 2762
3 312 8328 5735
3 315 3958 887
3 1478 3165 315
3 3165 8014 315
3 316 4455 770
3 771 3626 316
3 321 7538 5480
3 321 7802 7113
3 323 4627 322
3 946 2433 326
3 2433 5253 326
3 2434 7943 327
3 417 329 2613
3 1546 5149 329
3 329 5682 1546
3 2438 2458 335
3 2458 2457 335
3 340 3102 1005
3 3069 3102 340
3 345 3637 846
3 1081 349 348
3 349 4349 348
3 348 6301 1081
3 2446 4152 348
3 348 4349 2446
3 1049 349 1081
3 352 5532 1021
3 2447 352 2795
3 401 6974 353
3 354 3808 1591
3 2456 6192 354
3 2451 355 2452
3 355 3486 2452
3 2452 356 2451
3 356 7066 2451
3 357 2440 2456
3 357 5778 2440
3 358 2459 1529
3 359 381 382
3 359 4951 381
3 359 382 1077
3 359 1077 2462
3 7278 8545 361
3 362 6353 6352
3 363 3349 366
3 1143 3384 363
3 363 7438 3349
3 3349 5909 366
3 3357 3688 369
3 370 3860 1153
3 373 3822 1153
3 3197 3822 373
3 455 5352 378
3 2601 6965 378
3 1191 7450 380
3 1197 3886 380
3 382 381 2803
3 381 4101 2803
3 382 3644 383
3 384 385 391
3 1170 385 384
3 392 384 1167
3 1170 384 392
3 391 385 2617
3 2885 387 386
3 386 5236 1656
3 386 4663 2885
3 387 4506 2021
3 5212 5236 387
3 488 5931 388
3 459 393 394
3 394 5611 459
3 1175 6105 395
3 395 6105 2804
3 397 4479 2890
3 397 7734 4479
3 2094 6803 399
3 413 3855 400
3 1067 2607 401
3 403 6254 402
3 402 6254 2888
3 410 1558 1661
3 2046 1558 410
3 1660 2046 410
3 410 5125 3116
3 3118 5125 410
3 3692 8041 410
3 2607 5983 413
3 2612 3855 413
3 414 4775 1045
3 907 1180 418
3 1526 4854 418
3 1048 5327 420
3 424 3545 423
3 423 2060 1014
3 1014 4695 424
3 424 4695 2615
3 3418 3545 424
3 2889 7383 426
3 2070 431 432
3 3718 6240 431
3 431 7786 4724
3 449 7217 4247
3 450 4247 1493
3 450 2015 2014
3 450 8167 4631
3 452 3292 1188
3 452 8307 4027
3 456 4033 453
3 453 4563 457
3 1192 4563 453
3 457 3602 454
3 4028 6427 454
3 1195 3602 457
3 457 4563 1195
3 1199 4345 458
3 458 4345 1654
3 458 1666 2813
3 2101 7963 459
3 482 5535 461
3 462 8437 4582
3 462 6651 6650
3 463 5710 5709
3 464 4574 4375
3 2822 469 468
3 469 4079 1204
3 2822 4079 469
3 475 2898 470
3 473 4330 479
3 1205 4330 473
3 480 7578 5124
3 4470 6621 481
3 483 484 1087
3 485 1087 484
3 497 5639 485
3 1215 1706 486
3 487 6663 1216
3 2623 2629 487
3 781 4179 490
3 1087 1708 491
3 491 7818 1653
3 1708 1709 491
3 493 3641 492
3 1709 3137 492
3 3641 6632 492
3 6632 8497 492
3 495 4621 496
3 495 5792 2626
3 4336 4621 495
3 496 5374 1713
3 1710 498 497
3 1493 4247 504
3 4266 6185 508
3 510 5662 2017
3 2018 4896 510
3 512 3083 511
3 511 3379 2069
3 3074 6171 511
3 2069 6211 512
3 512 6343 3083
3 4498 6343 512
3 530 3270 513
3 514 7918 3382
3 515 4651 516
3 517 516 580
3 517 4566 516
3 517 2648 518
3 580 2648 517
3 2648 1262 518
3 519 3832 1229
3 523 522 2487
3 2487 522 1717
3 524 545 1714
3 1715 545 524
3 525 5734 4717
3 529 3641 2121
3 2121 3765 529
3 3640 3641 529
3 530 6597 1713
3 6057 6737 530
3 1232 2635 531
3 531 2635 2634
3 2634 532 1231
3 2634 2635 532
3 3512 6688 532
3 534 3482 2752
3 534 5143 3482
3 792 7877 538
3 539 6277 751
3 540 7625 4410
3 790 7265 543
3 1715 551 545
3 545 551 2641
3 545 6676 1714
3 545 5078 2639
3 2641 5078 545
3 549 4323 548
3 549 3785 550
3 550 561 1242
3 551 552 2501
3 2502 2501 552
3 2502 552 2642
3 553 1780 554
3 554 4640 553
3 556 1780 553
3 553 8075 556
3 555 2831 557
3 555 2138 2831
3 2488 1780 556
3 557 7667 7666
3 562 3601 558
3 1287 558 1727
3 1242 561 566
3 561 2137 566
3 1249 2137 561
3 3785 7685 561
3 562 4357 563
3 563 5609 562
3 563 4357 1283
3 564 3363 3277
3 583 3363 565
3 565 7250 7248
3 565 7252 7250
3 566 2643 1242
3 2645 1720 569
3 1720 5011 569
3 572 3313 1753
3 2652 3313 572
3 591 575 573
3 575 7539 573
3 574 1282 1096
3 2646 1282 574
3 591 4969 575
3 576 4984 2649
3 577 6250 578
3 628 6250 577
3 577 6412 628
3 629 3812 577
3 2649 6412 577
3 578 6250 3765
3 580 2146 2648
3 3192 7269 581
3 581 7953 4385
3 4351 5499 582
3 584 8289 1763
3 3452 7038 584
3 584 8290 8289
3 1276 6471 587
3 588 4616 632
3 2653 4616 588
3 589 2161 595
3 2658 589 595
3 589 5055 2161
3 1734 7393 590
3 1738 3356 590
3 590 7393 3727
3 1753 3313 591
3 3313 8385 591
3 592 1276 2657
3 592 6471 1276
3 592 5519 2656
3 2657 6897 592
3 632 4616 594
3 598 3208 603
3 1291 6806 598
3 3120 3653 598
3 598 4843 3208
3 1281 7103 600
3 600 3608 2663
3 601 1796 602
3 601 7435 1796
3 603 3208 602
3 3208 4439 602
3 604 606 2665
3 604 8510 606
3 606 3463 605
3 605 5609 2665
3 2829 3463 606
3 608 5140 635
3 1293 4398 608
3 608 4398 2681
3 4501 5140 608
3 611 4413 610
3 1296 6064 611
3 615 3581 2844
3 615 6476 3071
3 5731 6476 615
3 619 8136 620
3 621 6941 622
3 1334 4072 621
3 621 5427 2698
3 622 7337 1334
3 622 4058 2194
3 622 6941 4058
3 2675 2846 624
3 625 4393 2196
3 629 630 2827
3 2827 3812 629
3 1257 5014 630
3 632 8357 3723
3 634 5317 3534
3 634 7866 4503
3 635 3534 1293
3 635 5140 4502
3 637 2682 662
3 639 7053 2702
3 640 3127 641
3 640 6842 3880
3 640 7283 6842
3 642 2685 2550
3 642 4936 2685
3 643 2847 644
3 1826 6949 643
3 643 6949 4010
3 2847 5887 644
3 645 2524 2523
3 645 2687 2848
3 646 2221 2220
3 646 4788 3475
3 3773 6121 648
3 650 5628 3787
3 2691 2256 651
3 2692 4472 651
3 2253 6456 653
3 653 4975 2693
3 654 4172 656
3 654 4599 3158
3 655 7125 5966
3 1324 7551 656
3 4172 6268 656
3 657 4327 1847
3 1847 5773 657
3 1848 6618 657
3 657 3794 2694
3 659 660 1118
3 3499 5773 659
3 1328 4089 661
3 664 4433 2699
3 2724 1335 665
3 665 5249 1917
3 667 1340 666
3 666 4257 667
3 1340 1339 666
3 1339 4900 666
3 667 5777 1344
3 668 3606 2276
3 668 6534 3606
3 2703 3815 670
3 670 7880 2703
3 3731 7880 670
3 671 3951 1940
3 1940 7612 672
3 3599 8369 672
3 673 674 2709
3 2709 3963 673
3 673 5918 4258
3 4258 8204 673
3 674 4381 2709
3 676 5637 1356
3 1905 677 2710
3 677 4873 2710
3 1358 5059 679
3 1933 7352 681
3 682 4865 683
3 683 4865 694
3 684 4748 2861
3 686 4771 2718
3 686 6507 4771
3 2721 1897 687
3 4457 6943 689
3 2846 7418 692
3 692 7418 4814
3 696 6498 695
3 696 3690 1909
3 698 8530 697
3 4054 4300 697
3 7979 8327 697
3 3610 4859 698
3 1385 4397 700
3 701 8561 1427
3 701 5829 3263
3 2347 7677 702
3 702 6484 2735
3 4634 6484 702
3 706 1395 703
3 707 4551 706
3 707 7617 7386
3 708 7670 1967
3 2738 8040 708
3 708 8040 3578
3 709 6948 4441
3 1418 4667 710
3 710 5046 1418
3 714 6538 713
3 3687 6538 714
3 2388 716 2741
3 1968 718 1967
3 3578 7472 719
3 1434 5280 721
3 1436 722 725
3 723 1986 724
3 725 7240 724
3 724 7240 2878
3 725 8284 1436
3 5214 8284 725
3 727 753 726
3 770 4455 729
3 731 5231 2006
3 2747 7448 739
3 752 6903 742
3 2749 7635 743
3 744 5326 745
3 768 5326 744
3 754 1490 2400
3 2424 1490 754
3 756 4568 755
3 845 757 756
3 757 1504 756
3 2766 4568 756
3 757 4477 1504
3 757 6872 3498
3 758 6056 759
3 758 3498 885
3 3261 6242 758
3 3893 6056 758
3 759 3128 1539
3 759 6056 4239
3 760 3396 840
3 765 3630 764
3 765 4490 766
3 766 1452 2976
3 767 4422 2872
3 4086 5326 768
3 770 4905 771
3 3345 4905 770
3 773 2004 772
3 773 5626 774
3 774 5626 853
3 776 4061 1455
3 1455 4250 776
3 776 4841 4061
3 777 8361 778
3 778 8477 777
3 1977 8360 777
3 1456 4482 778
3 782 899 783
3 783 4391 782
3 782 4391 1231
3 899 5018 783
3 1259 3636 783
3 3636 8293 783
3 1112 4082 784
3 2404 786 2406
3 2404 4981 786
3 2752 3829 787
3 4785 5119 787
3 789 7406 790
3 4203 7265 790
3 790 7406 4203
3 793 1464 1465
3 2407 793 2408
3 2407 2753 793
3 799 4488 2769
3 812 5371 801
3 801 5371 2757
3 2418 1484 802
3 1484 7664 802
3 2801 6084 805
3 814 5410 1495
3 816 6210 6209
3 1473 2028 821
3 967 823 824
3 823 3633 1537
3 3300 7403 824
3 825 6799 826
3 826 6799 5750
3 970 2032 828
3 2032 2031 828
3 1535 978 829
3 978 5899 829
3 830 5899 873
3 1540 4495 832
3 887 1505 834
3 841 5863 835
3 837 2765 974
3 975 1476 837
3 838 5345 839
3 974 2765 838
3 3128 5345 838
3 3396 5845 840
3 3576 5863 842
3 842 7543 7542
3 843 1992 1479
3 843 4065 2880
3 847 5647 848
3 3364 5647 847
3 848 5647 888
3 849 6454 3625
3 3849 7990 850
3 3399 4237 851
3 852 3399 1993
3 894 859 860
3 894 2015 859
3 872 4636 871
3 1039 6360 872
3 939 4605 881
3 881 4605 2771
3 2771 8106 881
3 1503 2426 886
3 2427 1503 886
3 3637 5656 886
3 887 3902 1505
3 887 6295 3902
3 1486 888 1993
3 889 7803 1507
3 889 4696 2791
3 2791 7803 889
3 894 3739 2015
3 907 6712 1180
3 1585 5054 918
3 920 2036 921
3 920 3663 2036
3 921 5781 922
3 922 5781 4416
3 1074 5584 924
3 4182 7655 924
3 926 5048 2776
3 3965 5048 926
3 1529 4062 936
3 938 4636 939
3 1040 4636 938
3 983 941 982
3 983 1474 941
3 942 6533 1544
3 951 1533 948
3 1533 4283 948
3 952 1531 2780
3 954 1500 2792
3 960 7943 967
3 970 5751 2032
3 3649 6224 971
3 2032 978 2031
3 2032 2974 978
3 1543 4348 980
3 1527 5043 985
3 993 994 1070
3 994 5796 1070
3 997 7778 996
3 997 5542 4894
3 3241 5135 1001
3 1002 7591 1003
3 1003 7798 1002
3 3052 3069 1002
3 3309 7591 1002
3 5919 7799 1003
3 1005 8224 1004
3 1004 4173 3309
3 1005 5333 4318
3 1557 4355 1006
3 3990 5621 1006
3 2040 3427 1007
3 3427 5430 1007
3 1012 5995 2047
3 1015 1016 1084
3 1015 8196 1016
3 1084 8403 1015
3 2786 3861 1015
3 1016 4666 1084
3 1016 8196 3830
3 2789 3193 1017
3 1017 6953 2789
3 1020 4147 1021
3 1021 7668 1020
3 1021 4532 1065
3 1021 6836 4532
3 4789 7668 1021
3 1022 5532 3583
3 1027 8043 1035
3 3142 5199 1029
3 1586 1031 1030
3 1031 3078 1030
3 1586 5663 1031
3 1031 4091 3078
3 1033 4668 1032
3 1578 3409 1032
3 1033 5838 4668
3 1039 5492 1531
3 2790 1041 1469
3 1041 4847 1469
3 1041 7295 3770
3 1045 4775 1046
3 1047 4871 1602
3 1063 3072 1062
3 3782 6678 1062
3 2806 5273 1063
3 1063 5412 3072
3 3931 5412 1063
3 2447 2795 1064
3 1064 3409 2447
3 5338 5339 1069
3 1071 1083 1590
3 2063 1083 1071
3 1073 5664 1072
3 1072 5664 2050
3 3486 5664 1073
3 1083 3683 1590
3 1084 4666 2806
3 1677 1088 2816
3 1088 5688 2816
3 1680 4864 1089
3 1092 3933 1739
3 1092 3727 2834
3 1093 4974 2835
3 1752 4690 1094
3 1098 4585 1795
3 1098 8055 4218
3 1099 5116 3722
3 1863 5629 1100
3 1100 5624 2855
3 3939 6576 1102
3 1106 5213 1638
3 2318 4331 1108
3 4331 7387 1108
3 2338 1387 1110
3 1110 4334 2338
3 1111 3823 2360
3 1111 7274 3823
3 3970 5789 1111
3 5789 7090 1111
3 1112 4174 1516
3 1112 4896 2018
3 1112 6823 4174
3 1616 1113 2467
3 1115 2217 2917
3 1116 8335 5247
3 1373 5244 1119
3 1123 3861 3019
3 1608 3454 1127
3 1127 5596 3027
3 3454 5596 1127
3 4818 6238 1129
3 1605 7150 1131
3 1131 7150 3230
3 6395 6969 1133
3 1137 7766 4124
3 1162 8582 5483
3 1164 5126 2085
3 1174 1652 2092
3 2092 7467 1174
3 1181 4417 1568
3 1181 5694 5693
3 1182 2059 2614
3 3154 7023 1183
3 1615 1614 1190
3 1614 7131 1190
3 4967 5884 1190
3 2087 3886 1197
3 1205 6414 4330
3 1206 4468 1671
3 1207 6453 1688
3 1688 6797 1207
3 1211 7547 2820
3 1212 4722 3562
3 1217 3359 2110
3 1217 4829 3359
3 3832 6626 1229
3 3779 6491 1230
3 2110 1232 1712
3 2110 3359 1232
3 2769 4488 1235
3 1243 2895 1238
3 1238 2895 2896
3 1238 6491 3779
3 2130 5200 1243
3 1247 5531 1248
3 1249 8363 2137
3 1249 6656 6047
3 1253 2502 2140
3 2662 5278 1256
3 1256 5278 3179
3 1257 6966 2142
3 2648 2146 1258
3 1261 7376 2403
3 2751 3790 1263
3 1264 3274 2136
3 1264 3571 3274
3 1265 2152 2154
3 2132 2156 1267
3 1267 5235 3258
3 3258 5353 1267
3 2489 3277 1268
3 3277 3363 1268
3 1269 4889 2157
3 1269 6640 3851
3 2166 2655 1275
3 2655 3356 1275
3 2659 4326 1277
3 4326 6258 1277
3 1280 4690 1752
3 1280 2519 2169
3 2646 5816 1282
3 2175 1721 1285
3 1723 6867 1286
3 1286 3571 2150
3 1286 6867 3571
3 1288 5209 2230
3 2185 2188 1294
3 1296 7219 2497
3 2567 6079 1297
3 2165 7026 1298
3 4344 5551 1304
3 3209 4629 1314
3 1316 2240 2959
3 1317 5252 4966
3 1318 1838 2248
3 2248 4256 1318
3 2296 2251 1319
3 2251 7465 1319
3 1319 7465 7088
3 2851 4845 1322
3 1325 6406 2256
3 1870 4665 1331
3 1331 4665 2265
3 1331 7305 2539
3 2266 4852 1333
3 2724 5113 1335
3 1344 5777 2276
3 2276 6362 1344
3 3355 5633 1345
3 2281 1346 1889
3 1346 3870 2939
3 1346 5652 3870
3 1351 2297 2294
3 5049 8033 1351
3 1939 3372 1359
3 2304 1360 1916
3 2304 2715 1360
3 2715 2714 1360
3 1804 4114 1362
3 2725 1362 1805
3 2192 4242 1363
3 1363 4242 2726
3 2360 3823 1366
3 4275 6939 1366
3 1368 7612 3950
3 1371 5129 2314
3 4652 4907 1371
3 1372 2353 1393
3 1373 2929 2320
3 1966 1964 1380
3 2333 8137 1380
3 1384 8252 4460
3 1387 1930 2866
3 2339 1388 1432
3 2341 4438 1389
3 2346 4856 1391
3 1394 4408 2870
3 2358 3211 1398
3 3211 7775 1398
3 4976 6881 1402
3 1403 4284 2369
3 2371 7308 1403
3 2373 1406 2382
3 2734 5258 1408
3 6573 7244 1414
3 1417 3872 2379
3 2379 4671 1417
3 2987 2988 1418
3 1418 5046 2987
3 2988 4667 1418
3 1419 4863 4767
3 1421 7273 5323
3 3953 4215 1424
3 4525 7507 1424
3 4767 4863 1425
3 2986 1428 2390
3 2986 6149 1428
3 2394 2339 1432
3 1434 8602 2411
3 1985 1437 2398
3 2746 3793 1442
3 1444 6587 6586
3 2410 4762 1445
3 1447 5848 3433
3 4216 6226 1448
3 1450 5498 3234
3 2401 6462 1453
3 1458 4510 2404
3 1458 7995 4510
3 2407 1461 2753
3 2417 1462 2717
3 1471 4527 2418
3 2971 2028 1473
3 2980 1477 2420
3 1477 5867 2420
3 4728 5867 1477
3 1478 5760 3576
3 1480 4016 1481
3 1481 6153 1480
3 3320 6153 1481
3 4016 8243 1481
3 1481 8243 4737
3 1482 4166 1483
3 4734 7498 1482
3 4081 6227 1483
3 1499 4495 1540
3 2977 4495 1499
3 2772 4122 1502
3 1502 6853 2772
3 5807 6853 1502
3 2590 6034 1506
3 1506 6034 4045
3 1508 6411 5698
3 1524 5526 2024
3 2024 6305 1524
3 2882 4458 1528
3 2459 4062 1529
3 2780 1531 2432
3 1534 6198 2780
3 1534 6084 2801
3 3940 6198 1534
3 1537 3633 2972
3 3555 4405 1541
3 2779 1544 2027
3 1546 4068 2023
3 1546 5682 4068
3 2966 5869 1552
3 1553 6856 3539
3 1554 3828 2441
3 1555 7416 6263
3 3717 8225 1556
3 1556 5780 4312
3 1557 5621 2440
3 2048 4264 1559
3 1560 5530 3084
3 1562 6192 2456
3 1568 4417 2047
3 2047 5378 1568
3 1568 5378 2446
3 1576 6003 1603
3 1578 3826 2447
3 2789 3826 1578
3 3013 2797 1580
3 2451 5615 1584
3 1591 3808 2453
3 1592 7676 5313
3 1600 6459 4240
3 4032 5327 1602
3 2466 4106 1604
3 1604 4106 3024
3 2466 5820 1605
3 1608 6130 3454
3 1614 7129 6575
3 2909 4012 1618
3 1620 4092 1619
3 1619 4790 3705
3 2807 7313 1622
3 1627 3913 2099
3 2470 3913 1627
3 1627 6176 4271
3 1631 4171 2472
3 1637 5999 3340
3 1643 4913 1644
3 1645 4388 1646
3 1645 7556 4388
3 1675 4890 1646
3 4388 8540 1646
3 1650 6069 1649
3 1652 4866 2092
3 1659 3485 1658
3 1658 3736 3089
3 1659 4953 2609
3 3015 2046 1660
3 3328 5922 1660
3 1661 5086 3692
3 1664 6803 2094
3 1666 5260 4167
3 1667 4650 1687
3 1667 8575 2815
3 1669 6044 2901
3 2815 1670 1689
3 2479 1670 2815
3 1672 4913 2481
3 1672 5605 4913
3 1678 4642 1677
3 2818 4752 1680
3 1686 2485 1684
3 2815 1689 1690
3 3186 5710 1698
3 2820 4290 1699
3 2821 4301 1700
3 2824 4096 1703
3 4096 4474 1703
3 2825 6355 1708
3 1708 6355 3332
3 1709 3332 3137
3 3565 5606 1712
3 3959 5792 1713
3 1719 2503 2488
3 1719 3762 2503
3 1719 6245 3762
3 2828 1721 2175
3 2133 3501 1725
3 3501 8129 1725
3 1726 4676 3847
3 1727 6625 5720
3 1728 5847 2665
3 3596 6617 1728
3 4164 5847 1728
3 1729 4529 2490
3 1730 2137 2830
3 2831 2138 1731
3 3619 4654 1732
3 1732 5852 5851
3 1733 7872 1736
3 5851 7872 1733
3 1736 7872 5850
3 2670 5396 1745
3 1745 5396 4401
3 2649 6794 1748
3 2656 5519 1751
3 1751 6060 2656
3 6059 6060 1751
3 1754 6060 6059
3 2496 4004 1765
3 3840 5776 1765
3 4004 5603 1765
3 2839 6578 1767
3 3122 4615 1769
3 4413 8583 1770
3 3786 7040 1779
3 2488 2503 1780
3 1815 1783 2514
3 2505 4347 1783
3 4347 7772 1783
3 1820 5116 1785
3 2506 4611 1786
3 1786 4611 3591
3 3591 5363 1786
3 1786 7894 4618
3 4618 8539 1786
3 1787 2196 2506
3 1787 8538 6781
3 1788 3474 1819
3 1788 6956 6475
3 5782 7264 1790
3 1799 5075 2507
3 5209 5859 1800
3 1801 8199 2508
3 2186 5341 1802
3 1802 5477 2186
3 2728 4114 1804
3 1806 2199 2200
3 2200 6139 1806
3 1808 1871 2511
3 2514 6089 1816
3 2677 1816 2676
3 1816 6089 2676
3 1819 4520 1821
3 1820 7515 5536
3 1821 4777 2667
3 2204 4753 1824
3 1828 8381 8380
3 1829 6622 2916
3 1835 7609 1837
3 1835 6197 4893
3 4961 7609 1835
3 2525 1836 2953
3 1837 5706 2526
3 3677 5706 1837
3 1837 7609 3677
3 2248 1838 2527
3 1838 5146 2527
3 1843 7314 5648
3 2852 4602 1846
3 2961 8273 1849
3 1854 6294 4134
3 4051 7691 1856
3 1860 3824 2536
3 2531 5973 1862
3 7361 7840 1862
3 1868 4936 2538
3 1872 7948 4369
3 1872 8276 5079
3 2541 1878 1874
3 2299 1875 2542
3 2299 6437 1875
3 2541 2544 1878
3 2549 7815 1886
3 2552 2281 1889
3 2307 2308 1890
3 2555 2554 1892
3 2558 2275 1894
3 2722 8388 1901
3 2564 3629 1903
3 1903 3629 2702
3 1946 4471 1904
3 4471 7663 1904
3 1905 8049 4917
3 5169 8049 1905
3 1906 4480 2858
3 3870 5652 1910
3 2939 3870 1911
3 1913 4925 2567
3 1913 6076 4925
3 2577 3166 1914
3 2286 1915 2287
3 1915 5950 2287
3 1916 7072 3698
3 3698 8051 1916
3 2569 5501 1917
3 1918 8567 2569
3 1919 7402 2862
3 4294 7402 1919
3 1923 7153 1922
3 2570 3098 1922
3 1922 3964 2570
3 3098 4887 1922
3 4887 7557 1922
3 4907 8416 1926
3 1927 2931 2571
3 4628 7079 1928
3 1929 6504 2318
3 2714 4782 1931
3 1935 4123 2575
3 1935 6585 4123
3 1937 3702 2576
3 2576 4006 1937
3 2716 3702 1937
3 1937 4006 2717
3 2578 3372 1939
3 2717 4325 1939
3 3951 7611 1940
3 3957 5744 1941
3 1941 5420 4332
3 1942 1944 2579
3 1942 2720 1944
3 2719 2720 1942
3 1943 2579 2580
3 2580 5971 1945
3 1946 5182 1949
3 1948 7534 2582
3 1958 2584 2587
3 1965 4655 1966
3 1969 5581 1970
3 1972 3733 1971
3 1972 7982 3733
3 1981 8599 2875
3 6570 8599 1981
3 2878 1985 2398
3 1989 3793 2746
3 1995 6183 4458
3 2002 5620 3325
3 2767 5594 2003
3 3739 5061 2014
3 2016 3449 2403
3 4082 4927 2016
3 2097 5212 2021
3 2027 2592 2779
3 5027 5028 2028
3 5028 5347 2028
3 3663 6302 2036
3 2593 6700 2038
3 2442 4810 2041
3 2041 4425 4424
3 2046 5106 3314
3 2058 6124 3965
3 3017 6757 2059
3 2064 5997 2063
3 2064 6204 5997
3 2596 5288 2068
3 2068 3379 2628
3 2628 8023 2068
3 2068 5288 3379
3 3246 7089 2070
3 4060 7467 2092
3 2096 6344 3564
3 4587 7019 2099
3 2102 7604 3921
3 3938 7327 2102
3 2111 8365 8167
3 2486 2118 2487
3 3753 5625 2120
3 2122 8267 3598
3 2131 2128 2129
3 2131 2129 2132
3 2135 7206 4064
3 3346 5852 2149
3 4849 7425 2150
3 4456 6318 2154
3 4112 7020 2156
3 2161 7126 2162
3 5009 7126 2161
3 5438 7575 2165
3 2654 2655 2166
3 2169 2519 2518
3 5107 6478 2172
3 2182 7420 2183
3 7332 8523 2185
3 2187 5341 2186
3 2199 7726 2200
3 2200 7726 4578
3 2203 7976 4195
3 8058 8059 2215
3 2217 2218 2917
3 2917 2218 2916
3 2221 2222 2220
3 2222 7027 2220
3 2225 8616 3914
3 2227 5495 4139
3 2227 8323 5495
3 2231 7561 4183
3 4183 5351 2232
3 2238 8002 2239
3 2527 2249 2248
3 2296 4709 2251
3 3551 6456 2253
3 2857 2282 2283
3 2282 4811 2283
3 4811 7522 2283
3 3689 4280 2284
3 2286 8343 3468
3 2287 4049 2288
3 5127 6531 2290
3 2296 7006 3754
3 2314 5129 3098
3 4461 8250 2317
3 2318 6384 4331
3 3766 6785 2323
3 4419 6290 2325
3 3971 6394 2336
3 7642 7677 2347
3 2366 6881 6859
3 2370 2414 2371
3 2414 4956 2371
3 2986 2390 2985
3 4221 4222 2391
3 2391 4299 4221
3 2408 4078 3500
3 4077 4078 2408
3 3882 6269 2409
3 2410 7226 4535
3 2979 2980 2420
3 5949 7692 2424
3 5145 7359 2431
3 2431 7359 6533
3 2456 2439 2457
3 2440 5621 3990
3 3828 6131 2441
3 4349 5631 2446
3 4932 7783 2451
3 2454 4309 2455
3 4073 7211 2459
3 2460 7859 4073
3 2474 7148 2473
3 7148 8026 2473
3 2815 8575 2479
3 3796 7201 2479
3 2479 5900 3911
3 3304 5607 2488
3 2494 8362 2495
3 2497 5705 3122
3 3493 7164 2497
3 2497 7219 3493
3 2499 7047 3749
3 2501 7056 3786
3 2503 6604 3943
3 2503 7168 6604
3 2508 4151 2509
3 2519 4213 2518
3 3543 7420 2518
3 2529 3967 2528
3 2529 5332 3967
3 2539 7305 4700
3 2552 5527 2551
3 2940 5832 2552
3 2555 4827 2554
3 2556 2555 2557
3 2555 7730 4827
3 2558 7853 5398
3 2723 2722 2562
3 2931 3908 2571
3 2573 4346 2572
3 2573 4813 4346
3 4689 4822 2577
3 3584 5971 2580
3 2590 6296 4162
3 2593 6904 3979
3 2595 6756 3217
3 4536 6005 2595
3 2609 4953 3515
3 3691 5672 2609
3 5672 5673 2609
3 3694 5481 2661
3 2661 7889 4843
3 4304 5965 2662
3 2667 4615 4614
3 2668 5462 3581
3 5459 6527 2670
3 2673 4366 2672
3 4366 5932 2672
3 2676 5473 2677
3 2687 7151 5405
3 2858 2704 2705
3 2715 4782 2714
3 2716 7440 3702
3 3895 5270 2716
3 2717 5714 3895
3 3263 4878 2733
3 2735 4374 2734
3 4374 8123 2734
3 6762 8179 2737
3 2752 6795 3829
3 3576 5760 2764
3 4540 8106 2771
3 3528 7169 2780
3 7012 7013 2790
3 5688 7957 2816
3 4923 7400 2818
3 2839 6012 3420
3 2870 7257 4851
3 2880 8569 2879
3 5980 8569 2880
3 2891 8074 5082
3 2910 4816 2909
3 2923 3961 2922
3 2923 6067 3961
3 2925 5286 2924
3 2932 7740 3908
3 2934 7616 5173
3 2949 7160 2948
3 2961 5934 2960
3 3633 5027 2972
3 2993 3252 2992
3 3867 6136 3023
3 3023 6136 5695
3 3471 5449 3047
3 3052 3102 3069
3 3052 7505 3102
3 3053 4944 4303
3 3059 5958 3218
3 3064 6263 6262
3 5412 7380 3072
3 3078 8045 3615
3 5709 7204 3085
3 3736 6000 3089
3 3106 6242 6241
3 3116 4426 3328
3 3117 5922 5921
3 3120 6989 3653
3 3397 8301 3130
3 3332 6355 3137
3 3142 5339 5338
3 5222 6860 3216
3 3881 6267 3261
3 3634 5918 3269
3 3273 5351 4183
3 3299 6290 4419
3 3308 7591 7590
3 3312 7284 4361
3 4161 6438 3325
3 5781 5827 3358
3 5827 6584 3358
3 3373 7460 4844
3 4966 5252 3392
3 4689 7983 3434
3 3439 8277 6095
3 3451 6478 5107
3 6085 7716 3469
3 3475 7732 6038
3 4579 6424 3559
3 3581 5462 3580
3 3585 6969 6395
3 4962 7911 3623
3 3710 5276 3711
3 3713 8179 6762
3 3760 5702 3761
3 3761 7427 3760
3 6475 6956 3843
3 3936 6432 5910
3 6842 7283 4031
3 4143 7244 6573
3 4217 6167 5455
3 4312 5780 5779
3 5779 5780 4313
3 4365 8562 4451
3 4843 7889 4439
3 4556 8284 5214
3 4581 6776 4583
3 6263 7417 6262
3 2257 169 3031
3 3030 169 2695
3 3031 169 3030
3 3031 1116 2257
3 2695 1118 3030
3 659 1118 2695
3 3036 8659 3035
3 2464 8630 2600
3 2072 8633 2606
3 8620 8626 2598
3 8625 8626 1178
3 399 8643 2094
3 2074 8657 8641
3 8625 8647 2597
3 3032 8631 8624
3 2076 2464 2600
3 8621 8655 8644
3 51 2611 400
3 8623 8638 2073
3 8620 8635 3033
3 2073 8638 8622
3 2598 8626 2597
3 8630 8639 2599
3 2597 8647 2073
3 8639 8652 2599
3 1178 8646 3035
3 1178 8659 2095
3 8644 8655 1177
3 2597 8626 8625
3 3035 8659 1178
3 1178 8653 8625
3 8625 8653 8636
3 2804 8649 8637
3 8637 8649 8622
3 8620 8646 8626
3 3034 8646 8620
3 2598 8641 8620
3 2463 8630 2464
3 398 8632 399
3 8622 8658 2073
3 2093 8651 50
3 8631 8639 8624
3 2076 360 2464
3 52 8642 8640
3 2072 8634 8633
3 1126 8624 2463
3 8619 8647 8636
3 2094 8654 51
3 8633 8634 8619
3 3033 8635 2075
3 2611 8660 405
3 8626 8646 1178
3 8638 8651 2093
3 3035 8646 3034
3 51 8654 2611
3 2606 8650 398
3 8632 8650 8619
3 8636 8647 8625
3 1177 8655 8636
3 2072 8656 8634
3 8620 8641 8635
3 2095 8640 1177
3 396 8638 2093
3 2597 8648 2598
3 2605 8637 396
3 2075 8631 3032
3 8624 8630 2463
3 8623 8651 8638
3 2598 8648 2600
3 2600 8648 2076
3 8654 8660 2611
3 8619 8655 8632
3 8633 8650 2606
3 398 8650 8632
3 8634 8647 8619
3 360 8649 2804
3 8628 8654 2094
3 2076 8658 8649
3 2073 8658 2597
3 8637 8638 396
3 8619 8650 8633
3 1177 8640 2608
3 8648 8658 2076
3 8632 8643 399
3 8627 8659 3036
3 8641 8657 8635
3 2094 8661 8628
3 2608 8642 405
3 8632 8655 8621
3 2076 8649 360
3 8628 8660 8654
3 8643 8661 2094
3 1177 8653 2095
3 8631 8652 8639
3 2608 8644 1177
3 411 8642 52
3 1179 8627 3036
3 8636 8655 8619
3 2095 8659 8627
3 2095 8653 1178
3 2608 8660 8644
3 8621 8643 8632
3 8636 8653 1177
3 8651 8656 8645
3 8644 8661 8621
3 8640 8642 2608
3 397 8645 2072
3 8644 8660 8628
3 405 8660 2608
3 8624 8639 8630
3 8622 8638 8637
3 50 8651 8645
3 50 8645 397
3 8649 8658 8622
3 8628 8661 8644
3 2073 8634 8623
3 8634 8656 8623
3 8645 8656 2072
3 2073 8647 8634
3 8621 8661 8643
3 2597 8658 8648
3 8623 8656 8651
3 405 8642 411
3 1179 8629 411
3 1124 2610 3037
3 3037 1179 3036
3 3037 8629 1179
3 2599 2075 2074
3 2599 2074 2598
3 2074 8641 2598
3 2599 8652 2075
3 3033 2075 3032
3 2075 8652 8631
3 52 1179 411
3 52 8627 1179
3 2095 8627 52
3 52 8640 2095
3 2804 2605 395
3 2072 2606 397
3 411 8629 2610
3 412 2610 1124
3 3032 8624 1126
3 2075 8657 2074
3 8635 8657 2075
3 2600 2599 2598
3 2600 8630 2599
3 2804 8637 2605
3 2610 8629 3037
3 3034 8620 3033
3 406 8663 407
3 407 8663 412
3 412 8663 2610
3 2610 8662 411
3 405 8662 406
3 8662 8663 406
3 2610 8663 8662
3 411 8662 405
3 1104 8667 2044
3 1011 8666 1120
3 336 8664 2044
3 2044 8664 1104
3 1104 8666 1011
3 1009 1000 2042
3 1120 8666 2045
3 8667 8669 2042
3 2042 8668 8667
3 2042 8669 1009
3 2044 8668 336
3 8667 8668 2044
3 1010 8669 8667
3 336 8668 1000
3 1122 8664 336
3 1000 8668 2042
3 1009 8669 1010
3 1104 8664 2043
3 1104 8665 2045
3 2045 8666 1104
3 2045 1130 1120
3 2043 1122 3038
3 1130 8665 3038
3 1011 1010 1104
3 1010 8667 1104
3 2043 3038 1104
3 3038 8665 1104
3 2043 8664 1122
3 2045 8665 1130
3 1057 8671 421
3 1048 8670 1047
3 8670 8671 1057
3 1056 8670 1057
3 420 8671 1048
3 1048 8671 8670
3 421 8671 420
3 1047 8670 1056
3 1046 8672 1054
3 1055 8672 1047
3 1054 8672 1055
3 1047 8672 1046
3 1055 1047 1056
3 1046 8673 1045
3 2444 8685 331
3 1561 8679 1581
3 1581 8678 8674
3 343 8685 2444
3 415 8676 416
3 332 8680 344
3 422 8677 8675
3 331 8682 2444
3 417 8675 986
3 2613 8684 417
3 2445 8680 2435
3 2435 8685 2445
3 8675 8684 1561
3 2613 8679 1561
3 417 8684 8675
3 1023 8677 422
3 2445 8685 343
3 330 8682 331
3 1054 8678 1581
3 344 8680 2445
3 1581 8679 8676
3 8678 8683 8674
3 986 8677 330
3 2435 8680 332
3 2444 8682 1023
3 1055 8683 8678
3 421 8681 1057
3 8675 8677 986
3 1023 8682 8677
3 331 8685 2435
3 1056 8683 1055
3 1561 8684 2613
3 8676 8679 416
3 8677 8682 330
3 416 8679 2613
3 422 8681 421
3 2061 422 1561
3 422 8675 1561
3 2061 8681 422
3 1054 8673 1046
3 1055 8678 1054
3 1056 8681 2061
3 2061 8683 1056
3 428 332 344
3 429 332 428
3 414 8673 415
3 1045 8673 414
3 415 8673 1053
3 1053 8676 415
3 1581 1053 1054
3 1053 8673 1054
3 1581 8676 1053
3 1057 8681 1056
3 1581 8674 1561
3 1561 8674 2061
3 8674 8683 2061
3 1023 8690 2444
3 8688 8691 1572
3 8689 8690 1572
3 420 8697 8688
3 8691 8692 1570
3 343 8693 2445
3 1051 8699 1050
3 8690 8694 1058
3 344 8696 427
3 1572 8691 1570
3 1570 8689 1572
3 2444 8689 8687
3 2445 8696 344
3 1570 8698 8689
3 8689 8698 8687
3 8698 8699 8687
3 1080 1049 1567
3 422 8694 1023
3 1052 8696 8693
3 8688 8697 8691
3 8693 8696 2445
3 1023 8694 8690
3 1569 8695 343
3 343 2444 1569
3 420 8688 421
3 1567 420 1080
3 1567 8697 420
3 421 8694 422
3 1058 8694 421
3 427 8696 1052
3 1567 1049 1050
3 1050 1052 1051
3 1050 8699 1570
3 1051 8686 1569
3 1569 8699 1051
3 8692 8697 1567
3 8686 8695 1569
3 8687 8699 1569
3 1570 8699 8698
3 343 8695 8693
3 428 344 427
3 419 1080 420
3 421 8688 1058
3 1050 8692 1567
3 1570 8692 1050
3 1052 8693 1051
3 1051 8693 8686
3 1058 8688 1572
3 1572 8690 1058
3 2444 8687 1569
3 2444 8690 8689
3 8693 8695 8686
3 8691 8697 8692
3 427 8700 426
3 8700 8702 2065
3 2065 8702 8701
3 1050 8701 1052
3 1052 8702 8700
3 8701 8702 1052
3 1052 8700 427
3 1049 8701 1050
3 2065 425 426
3 1081 425 2065
3 426 8700 2065
3 2065 1049 1081
3 2065 8701 1049
3 323 8703 908
3 331 8704 330
3 2774 429 430
3 2774 8708 429
3 332 8705 2435
3 429 8708 332
3 417 8707 418
3 322 8706 8704
3 986 8707 417
3 908 8705 909
3 323 8704 8703
3 332 8708 8705
3 907 8707 8706
3 907 8706 322
3 330 8706 986
3 8704 8706 330
3 909 8708 2774
3 418 8707 907
3 8705 8708 909
3 8706 8707 986
3 322 8704 323
3 2000 331 2435
3 908 8703 2000
3 2000 8703 331
3 8703 8704 331
3 2000 8705 908
3 2435 8705 2000
3 1024 8709 2055
3 987 8709 988
3 1025 8709 1024
3 2055 428 1024
3 429 8710 987
3 2055 8709 987
3 987 8710 2055
3 988 8709 1025
3 428 8710 429
3 2055 8710 428
3 987 8712 429
3 430 8711 910
3 2056 8713 987
3 8711 8713 1082
3 987 988 2056
3 987 8713 8712
3 8712 8713 8711
3 1082 8713 2056
3 429 8712 430
3 430 8712 8711
3 911 910 1082
3 2056 988 1082
3 910 8711 1082
3 8717 8718 8714
3 1068 8722 1028
3 8717 8720 991
3 2053 8716 1025
3 2054 8723 2784
3 993 992 1588
3 2787 2054 2053
3 988 8716 989
3 991 8720 992
3 1026 8724 8723
3 2787 8723 2054
3 2054 8716 2053
3 2057 8724 8718
3 1026 8719 8718
3 989 8716 2054
3 993 8725 994
3 2057 8718 8717
3 1068 8728 8722
3 8718 8719 8714
3 1036 8719 1027
3 8723 8724 2784
3 8718 8724 1026
3 995 8728 1068
3 8722 8727 8721
3 8721 8726 8715
3 2788 8722 8721
3 990 8717 991
3 2057 8717 990
3 2788 8721 8715
3 1588 8725 993
3 994 8725 8721
3 8721 8727 994
3 8722 8728 8727
3 1588 8726 8725
3 8725 8726 8721
3 1025 8716 988
3 2057 990 2784
3 1588 992 1036
3 992 8720 1036
3 994 8728 995
3 8727 8728 994
3 1025 2787 2053
3 1027 8719 1026
3 1026 8723 2787
3 1027 8715 1036
3 2788 8715 1027
3 1028 8722 2788
3 1036 8715 1588
3 1036 8720 8714
3 989 2054 2784
3 1029 1068 1028
3 8714 8719 1036
3 8715 8726 1588
3 2784 8724 2057
3 8714 8720 8717
3 1082 8732 911
3 912 8731 1594
3 990 8733 2784
3 8731 8734 8730
3 8731 8733 1594
3 2051 8737 989
3 8732 8736 8729
3 1594 8733 990
3 2784 8731 8730
3 911 8732 8729
3 1082 8735 8732
3 1594 913 912
3 2784 8733 8731
3 988 8735 1082
3 8736 8737 2051
3 8735 8737 8732
3 8732 8737 8736
3 2052 8734 2775
3 2775 911 2052
3 911 8729 2052
3 2775 8731 912
3 1594 990 914
3 989 8735 988
3 989 8737 8735
3 2051 8734 2052
3 2052 8736 2051
3 8729 8736 2052
3 914 913 1594
3 989 8730 2051
3 2784 8730 989
3 8730 8734 2051
3 2775 8734 8731
3 2776 8739 926
3 913 8738 912
3 925 8738 2776
3 913 8739 8738
3 8738 8739 2776
3 914 8739 913
3 912 8738 925
3 926 8739 914
3 8740 8754 8750
3 8742 8753 8752
3 929 8756 8744
3 915 8760 1070
3 8750 8754 8747
3 915 8753 8749
3 8746 8751 8743
3 928 8756 929
3 8744 8750 8747
3 8742 8757 8749
3 8752 8754 8742
3 1070 916 915
3 8741 8751 8746
3 8745 8756 928
3 8749 8753 8742
3 8750 8755 8740
3 8747 8754 8752
3 8747 8759 8744
3 8750 8756 8745
3 1564 8749 8748
3 8745 8755 8750
3 916 8753 915
3 8749 8757 8748
3 8754 8757 8742
3 8744 8756 8750
3 8740 8757 8754
3 1059 8758 1589
3 8751 8760 8743
3 8752 8758 8747
3 1589 8758 8752
3 8758 8759 8747
3 1059 8759 8758
3 915 914 1563
3 1564 914 915
3 926 914 1564
3 991 914 990
3 1563 8743 915
3 915 8749 1564
3 8743 8760 915
3 1589 8752 916
3 1589 917 1059
3 927 926 1564
3 1564 8748 927
3 927 8755 8745
3 8748 8755 927
3 929 8759 1059
3 8744 8759 929
3 992 993 1037
3 1070 8760 993
3 993 8760 8741
3 1037 8746 1563
3 8741 8746 1037
3 8740 8755 8748
3 1037 914 991
3 1563 914 1037
3 916 917 1589
3 8752 8753 916
3 927 8745 928
3 1037 991 992
3 993 8741 1037
3 1563 8746 8743
3 8748 8757 8740
3 8741 8760 8751
3 1060 953 1038
3 1038 927 928
3 929 1038 928
3 1060 1038 929
3 1038 953 952
3 1075 8761 807
3 806 8761 949
3 807 8761 806
3 1075 807 869
3 949 8761 1075
3 946 867 945
3 868 867 946
3 868 8763 2425
3 866 8764 1496
3 313 8764 866
3 1496 8764 948
3 2425 8763 947
3 947 8762 2425
3 948 8762 947
3 946 8763 868
3 8762 8764 313
3 948 8764 8762
3 2425 8762 313
3 947 8763 946
3 1496 948 949
3 1496 869 866
3 1496 1075 869
3 1496 949 1075
3 933 8769 8767
3 932 8770 931
3 8768 8770 8765
3 8765 8771 8768
3 2886 8769 934
3 1061 8778 8768
3 8766 8771 955
3 955 8773 8766
3 930 8778 1061
3 8769 8774 8767
3 957 8777 958
3 8770 8778 931
3 957 8774 8769
3 8768 8778 8770
3 8768 8775 1061
3 8769 8777 957
3 943 8772 956
3 2886 8777 8769
3 933 8776 932
3 944 8772 943
3 8767 8776 933
3 956 8774 957
3 958 8777 2886
3 8771 8775 8768
3 1060 351 954
3 8766 8775 8771
3 8767 8774 8772
3 953 1060 954
3 931 8778 930
3 8772 8774 956
3 351 8773 954
3 1061 8766 351
3 1061 929 930
3 1060 929 1061
3 944 8770 932
3 932 8776 944
3 944 943 955
3 8765 8770 944
3 954 8773 955
3 1061 8775 8766
3 1061 351 1060
3 8766 8773 351
3 934 8769 933
3 955 8765 944
3 8767 8772 944
3 944 8776 8767
3 955 8771 8765
3 918 8779 1059
3 918 1059 917
3 931 930 1575
3 1575 918 919
3 1575 8779 918
3 1575 919 932
3 929 8779 930
3 1059 8779 929
3 930 8779 1575
3 932 931 1575
3 953 1574 952
3 1039 952 1574
3 2792 953 954
3 953 2792 1574
3 1574 2792 1039
3 869 8780 864
3 863 8780 2777
3 864 8780 863
3 869 8781 8780
3 2777 8781 808
3 807 8781 869
3 8780 8781 2777
3 808 8781 807
3 808 8791 2777
3 2777 8791 8790
3 311 8800 862
3 810 8804 815
3 8786 8801 937
3 8796 8799 8787
3 8783 8807 870
3 937 8801 8792
3 8785 8803 8791
3 8787 8797 8796
3 8782 8805 8793
3 8804 8805 8789
3 2759 8803 8785
3 815 8804 8789
3 8793 8805 8802
3 8792 8801 8784
3 8793 8796 8782
3 8791 8803 8790
3 8790 8803 2759
3 815 8789 816
3 8786 8796 8793
3 8784 8801 8793
3 8790 8806 2777
3 8788 8805 8804
3 8798 8805 8782
3 808 8794 937
3 8794 8807 937
3 863 8806 311
3 8793 8802 8784
3 2759 8795 8790
3 8789 8805 8798
3 862 8800 8795
3 8788 8804 810
3 862 8795 814
3 8797 8798 8782
3 8796 8797 8782
3 809 808 937
3 8800 8806 8790
3 8786 8799 8796
3 8795 8800 8790
3 8793 8801 8786
3 870 8794 807
3 870 8807 8794
3 311 8806 8800
3 8802 8805 8788
3 937 8783 324
3 324 8799 937
3 938 8797 324
3 324 8797 8787
3 807 8794 808
3 809 8784 810
3 810 8785 809
3 809 8792 8784
3 8784 8788 810
3 814 8795 2759
3 816 8798 938
3 2777 8806 863
3 937 8799 8786
3 938 8798 8797
3 8784 8802 8788
3 324 1040 938
3 324 8783 1040
3 8787 8799 324
3 809 8791 808
3 937 8792 809
3 8785 8791 809
3 2759 8785 810
3 8789 8798 816
3 871 1040 870
3 1040 8783 870
3 937 8807 8783
3 865 869 864
3 865 866 869
3 813 862 814
3 864 863 1076
3 1076 863 311
3 1076 311 862
3 813 812 1076
3 1076 862 813
3 867 868 737
3 2425 736 868
3 736 8810 735
3 865 8811 313
3 1076 8810 8809
3 735 8810 812
3 2425 8811 8808
3 8809 8810 8808
3 2425 8808 736
3 864 8809 865
3 8808 8810 736
3 1076 8809 864
3 8809 8811 865
3 8808 8811 8809
3 812 8810 1076
3 865 313 866
3 313 8811 2425
3 868 736 737
3 935 934 985
3 8813 8815 2037
3 923 8812 922
3 921 8814 2037
3 984 958 2886
3 8812 8814 922
3 2037 8816 933
3 985 8816 8812
3 933 8813 2037
3 934 8816 985
3 2037 8815 921
3 920 8815 8813
3 932 8813 933
3 984 959 958
3 985 936 935
3 2037 8814 8812
3 921 8815 920
3 8812 8816 2037
3 919 8813 932
3 922 8814 921
3 985 8812 923
3 933 8816 934
3 2886 936 984
3 920 8813 919
3 2886 934 935
3 935 936 2886
3 857 8817 856
3 867 8817 945
3 856 8817 867
3 857 858 945
3 945 8817 857
3 8820 8830 2029
3 956 8826 1548
3 999 8828 8821
3 998 8824 334
3 942 8827 2781
3 2029 8830 999
3 334 8827 333
3 8819 8829 959
3 8823 8826 956
3 333 8827 942
3 1549 8821 2782
3 8818 8828 8822
3 957 8823 956
3 8818 8829 8828
3 2030 8825 8824
3 2030 8831 8825
3 2030 8824 998
3 333 8826 8823
3 8821 8828 8819
3 8822 8828 999
3 959 8829 958
3 8828 8829 8819
3 8825 8832 8824
3 334 8832 8827
3 8830 8831 2030
3 8827 8832 2781
3 8818 8833 8829
3 8829 8833 958
3 8820 8831 8830
3 8824 8832 334
3 2781 8832 8825
3 1548 333 2779
3 1548 8826 333
3 1548 2779 943
3 958 8833 957
3 957 8818 998
3 998 8823 957
3 2782 8819 959
3 2781 8825 981
3 982 8820 2029
3 2782 983 1549
3 8818 8822 998
3 999 1549 2029
3 999 8821 1549
3 333 8823 334
3 2779 333 942
3 334 8823 998
3 943 956 1548
3 957 8833 8818
3 981 8820 982
3 981 8831 8820
3 8825 8831 981
3 1549 983 982
3 1549 982 2029
3 999 2030 998
3 998 8822 999
3 999 8830 2030
3 2782 8821 8819
3 801 735 812
3 734 735 801
3 880 8834 881
3 938 8835 816
3 881 8834 939
3 816 8835 817
3 817 8834 2760
3 817 8835 8834
3 939 8835 938
3 8834 8835 939
3 2760 880 818
3 2760 8834 880
3 738 867 737
3 738 856 867
3 800 8842 1999
3 8836 8843 1472
3 737 8839 855
3 1472 8844 2769
3 1997 8845 8839
3 737 1998 1997
3 811 8838 735
3 8841 8845 1997
3 735 8840 811
3 1998 8841 1997
3 799 8842 800
3 1472 8843 811
3 811 8844 1472
3 8836 8845 8841
3 734 8840 735
3 1999 734 800
3 1999 8840 734
3 735 8838 736
3 736 1998 737
3 2769 8837 799
3 811 8843 1998
3 1999 8837 811
3 811 8840 1999
3 8837 8844 811
3 855 8839 2769
3 1998 8843 8841
3 1999 8842 8837
3 8841 8843 8836
3 736 8838 1998
3 738 737 855
3 1997 8839 737
3 8837 8842 799
3 1998 8838 811
3 2769 8836 1472
3 2769 8845 8836
3 2769 8844 8837
3 8839 8845 2769
3 2009 8871 8861
3 2753 8860 2754
3 8853 8904 792
3 2009 8886 8882
3 2008 8862 8852
3 8852 8869 2008
3 2011 8855 2755
3 1467 8863 1990
3 8857 8878 795
3 792 8904 304
3 1994 8859 1987
3 794 8860 8848
3 2753 2754 793
3 8889 8908 1485
3 746 8884 747
3 8865 8890 1491
3 8852 8890 8865
3 8847 8878 8857
3 748 8876 281
3 8847 8870 8868
3 1990 8863 8850
3 8882 8886 2013
3 1990 797 1467
3 798 8864 1103
3 8894 8895 8846
3 792 8885 8853
3 2754 8860 794
3 8858 8909 797
3 750 8881 2884
3 8860 8902 8848
3 729 8903 730
3 8857 8866 8847
3 795 8892 1988
3 8861 8888 2009
3 305 8884 746
3 8849 8867 747
3 8850 8906 1990
3 800 8905 1491
3 799 8890 8862
3 2011 8871 2012
3 2884 8874 750
3 2008 8909 8858
3 797 8909 1467
3 791 8875 538
3 8867 8899 8856
3 1485 8863 1467
3 1466 8902 8860
3 2753 8877 8860
3 2884 8882 2013
3 8849 8899 8867
3 8866 8870 8847
3 8851 8887 8867
3 799 800 1491
3 8896 8907 8854
3 1988 8879 795
3 2756 8862 2008
3 8852 8898 8869
3 730 8903 2881
3 8885 8886 8853
3 8869 8898 1485
3 747 8887 746
3 8861 8871 1466
3 8846 8895 8884
3 8884 8895 747
3 8854 8889 731
3 2008 8864 2756
3 8899 8901 8856
3 769 8857 1987
3 1467 8869 1485
3 746 8868 745
3 731 8896 8854
3 8872 8902 2755
3 8893 8894 8846
3 8869 8909 2008
3 8856 8900 8891
3 2125 8875 791
3 8867 8887 747
3 8856 8891 8867
3 8868 8870 745
3 8874 8897 85
3 1987 8859 2402
3 2755 8893 8872
3 289 8903 729
3 8859 8883 2402
3 795 8879 1994
3 730 8896 731
3 8846 8873 8872
3 2881 8896 730
3 539 8874 85
3 8853 8888 8861
3 2881 8907 8896
3 796 8876 748
3 2012 8871 2009
3 769 8866 8857
3 1491 8890 799
3 85 8897 2125
3 749 8881 750
3 8891 8900 1988
3 2010 8881 749
3 8867 8891 8851
3 2013 8875 2125
3 304 8877 2753
3 8865 8898 8852
3 8862 8890 8852
3 8860 8877 1466
3 1491 8905 733
3 8872 8893 8846
3 2009 8888 8886
3 8875 8885 538
3 731 8889 732
3 8863 8907 8850
3 8846 8884 8873
3 2125 8897 2013
3 2884 8897 8874
3 8854 8907 8863
3 1466 8877 8861
3 1485 8908 8863
3 2013 8897 2884
3 744 8870 8866
3 8863 8908 8854
3 8872 8873 8848
3 1467 8909 8869
3 8891 8892 8851
3 1990 8901 797
3 8880 8907 2881
3 2013 8886 8885
3 8879 8880 1994
3 8877 8904 8861
3 8861 8904 8853
3 733 8905 734
3 1990 8906 8900
3 8883 8903 289
3 2881 8883 8859
3 8856 8901 8900
3 538 8885 792
3 1988 8892 8891
3 8881 8882 2884
3 8900 8901 1990
3 8854 8908 8889
3 8886 8888 8853
3 8848 8902 8872
3 1988 8906 8879
3 8873 8884 305
3 2881 8903 8883
3 8876 8899 8849
3 796 8899 8876
3 304 8904 8877
3 2013 8885 8875
3 8900 8906 1988
3 8850 8907 8880
3 8850 8880 8879
3 8879 8906 8850
3 281 8849 747
3 747 8895 281
3 281 8876 8849
3 2402 8883 289
3 794 8873 305
3 750 8874 539
3 732 8865 733
3 732 8889 1485
3 1485 8898 732
3 732 8898 8865
3 734 8905 800
3 745 8870 744
3 744 8866 769
3 795 8878 746
3 746 8892 795
3 8847 8868 746
3 746 8878 8847
3 746 8887 8851
3 8851 8892 746
3 749 748 2010
3 2755 8855 748
3 748 8893 2755
3 748 8894 8893
3 769 1987 2402
3 1994 1987 795
3 1987 8857 795
3 797 8901 796
3 1103 8858 797
3 2756 8864 798
3 799 8862 2756
3 2008 8858 1103
3 1103 8864 2008
3 2011 2755 1466
3 2755 8902 1466
3 2881 8859 1994
3 1994 8880 2881
3 2009 2010 2012
3 2009 8882 2010
3 2010 8855 2012
3 2010 8882 8881
3 281 8894 748
3 281 8895 8894
3 733 8865 1491
3 748 8855 2010
3 8848 8873 794
3 796 8901 8899
3 1466 8871 2011
3 2012 8855 2011
3 2431 8911 940
3 2419 8916 306
3 819 8913 2419
3 2419 8913 8912
3 822 8910 941
3 881 940 880
3 941 8910 2778
3 2431 8915 8911
3 306 8916 8914
3 818 8911 2761
3 8912 8913 325
3 822 8914 8910
3 325 8913 2431
3 2761 8915 819
3 306 8914 820
3 819 8915 8913
3 2778 8912 325
3 8914 8916 8910
3 8910 8912 2778
3 8911 8915 2761
3 8910 8916 8912
3 8913 8915 2431
3 8912 8916 2419
3 880 8911 818
3 820 8914 822
3 940 8911 880
3 8918 8919 8917
3 966 327 960
3 878 8917 966
3 2770 818 2761
3 2770 8918 879
3 2434 8919 8918
3 2434 8920 819
3 2761 8920 2770
3 966 8919 327
3 879 8917 878
3 8918 8920 2434
3 879 8918 8917
3 819 8920 2761
3 2770 8920 8918
3 8917 8919 966
3 327 8919 2434
3 540 8922 539
3 750 8922 1468
3 2007 749 1468
3 2007 8925 749
3 1468 749 750
3 540 8923 8922
3 8922 8923 1468
3 796 8924 8921
3 748 8924 796
3 541 8923 540
3 8924 8925 8921
3 539 8922 750
3 798 8923 541
3 749 8924 748
3 749 8925 8924
3 796 8921 797
3 797 8921 1103
3 2007 798 1103
3 1468 798 2007
3 1468 8923 798
3 1103 8921 2007
3 8921 8925 2007
3 964 8926 979
3 972 8928 8926
3 979 8928 971
3 8926 8927 972
3 965 8927 8926
3 8926 8928 979
3 877 8927 878
3 878 8927 965
3 972 8927 877
3 965 8926 964
3 971 8928 972
3 966 8929 973
3 961 8929 960
3 960 8929 966
3 973 8929 961
3 966 877 878
3 973 877 966
3 820 822 821
3 825 8930 967
3 967 8930 960
3 961 8930 825
3 960 8930 961
3 825 967 824
3 1542 8931 968
3 328 8932 1542
3 1542 8932 8931
3 8931 8932 972
3 968 8931 884
3 971 8932 328
3 972 8932 971
3 1542 968 834
3 328 834 833
3 328 833 971
3 1542 834 328
3 876 8931 877
3 884 8931 876
3 877 8931 972
3 876 8933 969
3 8933 8934 969
3 961 8935 973
3 8933 8936 8934
3 973 8935 8933
3 962 8935 961
3 969 8934 963
3 8934 8936 962
3 962 8936 8935
3 8935 8936 8933
3 877 8933 876
3 963 8934 962
3 973 8933 877
3 728 8940 8938
3 2402 8937 769
3 743 8942 2749
3 8938 8943 8937
3 2768 8943 8940
3 8941 8944 1489
3 727 8940 728
3 2402 8938 8937
3 8937 8944 8939
3 8944 8945 1489
3 8939 8942 769
3 2768 8945 8943
3 2749 8941 742
3 8940 8943 8938
3 8939 8944 8941
3 8941 8942 8939
3 2749 8942 8941
3 8943 8945 8937
3 8937 8945 8944
3 727 285 2768
3 2768 285 752
3 2768 8940 727
3 1489 8945 2768
3 726 285 727
3 729 728 289
3 728 8938 289
3 289 8938 2402
3 1489 752 742
3 742 8941 1489
3 744 769 743
3 769 8942 743
3 2768 752 1489
3 8937 8939 769
3 962 961 2033
3 963 826 827
3 963 827 828
3 2033 825 826
3 963 962 826
3 2033 961 825
3 826 962 2033
3 834 8949 2764
3 835 8951 976
3 976 8951 8946
3 884 8949 968
3 876 8950 8947
3 8947 8950 314
3 2764 8951 835
3 314 8950 8948
3 875 8950 876
3 8948 8950 875
3 8946 8951 8949
3 8949 8951 2764
3 883 882 976
3 884 8947 314
3 874 8948 875
3 876 8947 884
3 883 314 882
3 314 977 882
3 883 8946 314
3 314 8946 884
3 314 8948 977
3 968 8949 834
3 977 8948 874
3 976 8946 883
3 8946 8949 884
3 969 8953 876
3 876 8953 875
3 828 8953 969
3 874 8952 829
3 828 969 963
3 8952 8953 828
3 829 8952 828
3 875 8952 874
3 875 8953 8952
3 826 970 827
3 837 762 763
3 8954 8965 8955
3 8954 8961 8958
3 882 8959 976
3 1501 8959 882
3 831 8965 830
3 830 8965 8964
3 8956 8965 8954
3 882 8958 1501
3 8955 8965 831
3 8964 8965 8956
3 975 8960 8957
3 762 8962 763
3 975 8957 832
3 8958 8961 1501
3 977 8964 8956
3 874 8964 977
3 8958 8963 8954
3 763 8962 1501
3 830 8964 874
3 8954 8963 8956
3 1501 8961 763
3 8956 8963 977
3 8959 8962 836
3 836 8962 762
3 977 8963 8958
3 1501 8962 8959
3 287 8960 763
3 763 8961 287
3 764 8957 287
3 8957 8960 287
3 764 8955 831
3 832 8957 764
3 977 8958 882
3 287 8955 764
3 8954 8955 287
3 287 8961 8954
3 763 8960 837
3 835 8959 836
3 976 8959 835
3 837 8960 975
3 829 830 874
3 542 8967 2124
3 2124 8968 542
3 542 8972 506
3 537 2636 2124
3 86 8970 2126
3 507 8972 8968
3 84 8970 8966
3 538 8969 791
3 8967 8970 84
3 84 8969 2637
3 506 8972 507
3 2126 8967 542
3 86 8971 8966
3 8968 8972 542
3 543 8971 86
3 8966 8971 791
3 2126 8970 8967
3 2124 84 537
3 84 8966 791
3 791 8969 84
3 2124 8967 84
3 508 507 1234
3 2637 8969 538
3 791 8971 543
3 2124 2636 1234
3 1234 8968 2124
3 537 84 2637
3 8966 8970 86
3 507 8968 1234
3 1234 2636 508
3 831 830 873
3 873 765 764
3 764 831 873
3 2126 8980 86
3 8974 8975 1494
3 790 8974 789
3 861 8974 1494
3 790 8979 8974
3 892 8978 505
3 1494 1711 861
3 1494 8980 8977
3 86 8980 8975
3 8974 8979 8975
3 8977 8980 8973
3 1711 8976 893
3 542 8973 2126
3 506 8978 542
3 1494 8977 1711
3 505 8978 506
3 892 8976 8973
3 8975 8980 1494
3 8973 8980 2126
3 8975 8979 86
3 8973 8978 892
3 542 8978 8973
3 86 8979 543
3 543 8979 790
3 1711 8977 8976
3 861 1711 893
3 8976 8977 8973
3 789 8974 861
3 893 8976 892
3 838 8982 974
3 841 835 840
3 761 8981 839
3 762 8982 8981
3 839 760 761
3 762 8981 761
3 837 8982 762
3 974 8982 837
3 760 840 761
3 761 836 762
3 840 836 761
3 840 835 836
3 839 8982 838
3 8981 8982 839
3 789 8983 788
3 788 8983 895
3 861 8983 789
3 895 861 860
3 895 8983 861
3 902 8990 438
3 1517 8987 2773
3 317 9000 900
3 1233 8998 535
3 535 8984 1233
3 898 8998 2773
3 2428 9007 8985
3 8985 9005 780
3 438 8990 439
3 533 8991 2123
3 902 8996 901
3 293 9006 9001
3 434 8992 535
3 897 8989 896
3 536 508 1185
3 906 8996 902
3 435 9000 436
3 8993 9004 1513
3 1185 8992 434
3 8991 8999 8984
3 897 9003 8989
3 1521 8986 445
3 533 8999 8991
3 2123 8991 1513
3 780 9003 8985
3 900 898 317
3 8989 9003 780
3 8999 9001 8984
3 8987 9007 8988
3 8987 8988 2773
3 779 8989 780
3 1185 8993 8992
3 8988 9007 2428
3 8984 9001 1233
3 2773 8998 1233
3 1233 8994 2773
3 292 9005 9002
3 8994 9006 781
3 293 9001 8999
3 9002 9005 8987
3 292 9002 490
3 896 8995 897
3 8996 8997 8995
3 293 8999 532
3 1233 9006 8994
3 490 9002 1517
3 8995 8997 897
3 906 8997 8996
3 9001 9006 1233
3 9005 9007 8987
3 8985 9007 9005
3 780 9005 292
3 781 9006 293
3 317 898 2773
3 317 8988 2428
3 2428 9000 317
3 439 1521 445
3 439 8990 1521
3 444 8986 896
3 1517 781 490
3 1185 508 509
3 2123 9004 509
3 532 8999 533
3 535 8998 898
3 1513 8984 535
3 535 8992 1513
3 896 8989 779
3 896 8986 901
3 901 8995 896
3 897 8997 2428
3 901 1521 902
3 901 8986 1521
3 1521 8990 902
3 1513 9004 2123
3 8992 8993 1513
3 2773 8988 317
3 1185 434 536
3 900 9000 435
3 437 436 2428
3 436 9000 2428
3 437 8997 906
3 2428 8997 437
3 445 8986 444
3 509 9004 1185
3 1517 8994 781
3 2428 8985 897
3 8985 9003 897
3 901 8996 8995
3 1185 9004 8993
3 1513 8991 8984
3 2773 8994 1517
3 1517 9002 8987
3 507 9008 435
3 508 9008 507
3 434 9008 536
3 435 9008 434
3 536 9008 508
3 446 9023 9012
3 891 9010 1510
3 1510 9016 891
3 891 9009 505
3 2019 9016 9011
3 9020 9021 435
3 9011 9016 1510
3 9012 9023 1518
3 2019 9017 9009
3 891 9019 9010
3 1236 9013 9010
3 505 9019 891
3 9010 9014 1510
3 439 9012 438
3 9015 9017 1518
3 9010 9018 1236
3 1510 9022 9011
3 1236 9020 9013
3 447 9015 446
3 1518 9023 9015
3 507 9021 506
3 506 9021 1236
3 2627 9015 447
3 1518 9017 2019
3 9013 9014 9010
3 9009 9017 2627
3 9013 9020 436
3 436 9020 435
3 2627 9017 9015
3 9014 9022 1510
3 1236 9018 506
3 9010 9019 9018
3 1236 9021 9020
3 9015 9023 446
3 9011 9022 437
3 435 9021 507
3 437 9022 436
3 436 9022 9013
3 438 9011 437
3 438 9012 1518
3 446 9012 439
3 506 9019 505
3 505 9009 2627
3 9018 9019 506
3 2019 9009 891
3 891 9016 2019
3 9013 9022 9014
3 438 1518 2019
3 2019 9011 438
3 893 860 861
3 894 860 893
3 1511 9025 9024
3 893 892 894
3 9024 9025 448
3 448 9025 447
3 2627 9025 1511
3 447 9025 2627
3 894 9024 448
3 1511 9024 894
3 892 505 1511
3 1511 505 2627
3 894 892 1511
3 435 9026 900
3 535 9026 434
3 434 9026 435
3 898 9026 535
3 900 9026 898
3 499 9031 9029
3 446 9028 501
3 502 9032 501
3 444 9033 445
3 9027 9033 9031
3 501 9032 446
3 9029 9033 444
3 447 9032 502
3 441 9030 500
3 446 9032 447
3 9027 9031 9030
3 9031 9033 9029
3 9030 9031 500
3 440 446 439
3 445 9033 439
3 441 9028 440
3 440 9030 441
3 501 9028 441
3 499 9029 444
3 439 9033 440
3 440 9028 446
3 9027 9030 440
3 440 9033 9027
3 500 9031 499
3 448 447 503
3 503 447 502
3 902 438 906
3 438 437 906
3 1457 9042 779
3 389 9039 2603
3 489 9037 2625
3 2618 9042 1457
3 9038 9054 9046
3 9038 9046 780
3 779 9053 1520
3 903 9043 389
3 9035 9048 9047
3 489 9049 9037
3 9039 9047 2603
3 9037 9049 9035
3 2603 9048 388
3 905 9040 1657
3 9035 9044 9037
3 9034 9052 9036
3 292 9051 9038
3 9037 9038 2625
3 9037 9054 9038
3 9044 9054 9037
3 9034 9044 9040
3 9034 9054 9044
3 9036 9046 9034
3 9040 9052 9034
3 9040 9044 1657
3 318 9045 9043
3 9047 9048 2603
3 904 9045 318
3 9036 9053 9046
3 780 9046 779
3 9046 9053 779
3 388 9048 2624
3 9035 9047 9044
3 490 9051 292
3 9044 9047 1657
3 9046 9054 9034
3 896 9050 444
3 319 9052 9040
3 9039 9045 1657
3 1657 9047 9039
3 389 9043 9039
3 9038 9051 2625
3 2624 9049 489
3 9048 9049 2624
3 9036 9052 319
3 9035 9049 9048
3 2618 9050 9042
3 9043 9045 9039
3 2097 55 319
3 2618 1457 55
3 905 2097 319
3 1520 9036 319
3 319 9041 1520
3 444 9050 2618
3 2625 9051 490
3 779 9042 896
3 1457 779 1520
3 9042 9050 896
3 1657 9045 904
3 55 9041 319
3 1457 9041 55
3 292 9038 780
3 318 9043 903
3 319 9040 905
3 389 390 903
3 443 904 442
3 905 904 443
3 905 443 2097
3 1657 904 905
3 1520 9041 1457
3 1520 9053 9036
3 442 9055 2617
3 318 9055 442
3 2617 9056 391
3 2617 9055 903
3 903 9056 2617
3 390 9056 903
3 903 9055 318
3 391 9056 390
3 318 442 904
3 467 468 1090
3 547 546 521
3 546 522 521
3 9060 9063 631
3 588 9067 2679
3 586 9062 9057
3 567 9069 572
3 2139 9059 9058
3 570 9068 569
3 1254 9065 9064
3 9060 9066 9063
3 9063 9066 2827
3 2139 9065 9060
3 569 9068 567
3 2827 9066 1254
3 567 9068 2644
3 572 9069 2652
3 631 9063 630
3 2139 9067 9059
3 9059 9067 588
3 9065 9066 9060
3 2652 9070 586
3 571 9061 570
3 1254 9066 9065
3 9062 9070 2644
3 586 9070 9062
3 2644 9069 567
3 2644 9070 9069
3 9064 9065 2139
3 9061 9068 570
3 2644 9068 9061
3 9069 9070 2652
3 119 9057 568
3 568 9058 119
3 119 9059 587
3 2139 9058 568
3 568 9064 2139
3 568 9062 2644
3 571 2826 1254
3 1254 9064 571
3 587 9059 588
3 630 9063 2827
3 631 2679 1252
3 2139 9060 1252
3 1252 9067 2139
3 119 587 586
3 586 9057 119
3 9058 9059 119
3 568 9061 1750
3 1750 9064 568
3 2644 9061 568
3 9057 9062 568
3 571 1091 2826
3 1750 9061 571
3 571 9064 1750
3 1252 9060 631
3 2679 9067 1252
3 1254 2826 2827
3 2640 9071 477
3 477 9071 478
3 9071 9072 520
3 547 9072 2640
3 2640 9072 9071
3 478 9071 520
3 476 2640 477
3 520 9072 521
3 521 9072 547
3 479 9074 473
3 475 9079 1208
3 2104 9078 68
3 473 9074 472
3 1208 9079 9073
3 9073 9078 2104
3 68 9078 9074
3 1208 9077 476
3 546 9075 479
3 68 9075 547
3 2104 9076 2640
3 9074 9078 472
3 547 9076 68
3 2640 9077 2104
3 9073 9079 471
3 471 9079 470
3 479 9075 68
3 68 9076 2104
3 470 9079 475
3 476 475 1208
3 476 9077 2640
3 547 9075 546
3 2640 9076 547
3 2104 9077 1208
3 68 9074 479
3 472 9073 471
3 472 9078 9073
3 1208 9073 2104
3 470 474 471
3 603 602 1095
3 1095 1096 603
3 1299 9082 2189
3 133 9083 2189
3 2189 9080 1299
3 690 9083 133
3 617 9086 2727
3 2846 9084 624
3 1299 9080 2674
3 691 9085 2846
3 133 617 690
3 2674 9080 613
3 2666 9083 612
3 133 9086 617
3 2189 9083 9080
3 2727 9085 691
3 2189 9087 133
3 9084 9085 9081
3 613 9080 2666
3 9080 9083 2666
3 2846 9085 9084
3 9082 9084 9081
3 9081 9087 9082
3 624 9084 623
3 623 9084 9082
3 9085 9086 9081
3 9082 9087 2189
3 2727 9086 9085
3 133 9087 9086
3 9086 9087 9081
3 1299 2674 623
3 612 9083 690
3 623 9082 1299
3 2846 692 691
3 2860 675 676
3 2711 2860 676
3 2711 679 2860
3 684 685 693

CELL_TYPES 20703
3
3
3
3
3
3
3
3
3
3
3
3
3
3
3
3
3
3
3
3
3
3
3
3
3
3
3
3
3
3
3
3
3
3
3
3
3
3
3
3
3
3
3
3
3
3
3
3
3
3
3
3
3
3
3
3
3
3
3
3
3
3
3
3
3
3
3
3
3
3
3
3
3
3
3
3
3
3
3
3
3
3
3
3
3
3
3
3
3
3
3
3
3
3
3
3
3
3
3
3
3
3
3
3
3
3
3
3
3
3
3
3
3
3
3
3
3
3
3
3
3
3
3
3
3
3
3
3
3
3
3
3
3
3
3
3
3
3
3
3
3
3
3
3
3
3
3
3
3
3
3
3
3
3
3
3
3
3
3
3
3
3
3
3
3
3
3
3
3
3
3
3
3
3
3
3
3
3
3
3
3
3
3
3
3
3
3
3
3
3
3
3
3
3
3
3
3
3
3
3
3
3
3
3
3
3
3
3
3
3
3
3
3
3
3
3
3
3
3
3
3
3
3
3
3
3
3
3
3
3
3
3
3
3
3
3
3
3
3
3
3
3
3
3
3
3
3
3
3
3
3
3
3
3
3
3
3
3
3
3
3
3
3
3
3
3
3
3
3
3
3
3
3
3
3
3
3
3
3
3
3
3
3
3
3
3
3
3
3
3
3
3
3
3
3
3
3
3
3
3
3
3
3
3
3
3
3
3
3
3
3
3
3
3
3
3
3
3
3
3
3
3
3
3
3
3
3
3
3
3
3
3
3
3
3
3
3
3
3
3
3
3
3
3
3
3
3
3
3
3
3
3
3
3
3
3
3
3
3
3
3
3
3
3
3
3
3
3
3
3
3
3
3
3
3
3
3
3
3
3
3
3
3
3
3
3
3
3
3
3
3
3
3
3
3
3
3
3
3
3
3
3
3
3
3
3
3
3
3
3
3
3
3
3
3
3
3
3
3
3
3
3
3
3
3
3
3
3
3
3
3
3
3
3
3
3
3
3
3
3
3
3
3
3
3
3
3
3
3
3
3
3
3
3
3
3
3
3
3
3
3
3
3
3
3
3
3
3
3
3
3
3
3
3
3
3
3
3
3
3
3
3
3
3
3
3
3
3
3
3
3
3
3
3
3
3
3
3
3
3
3
3
3
3
3
3
3
3
3
3
3
3
3
3
3
3
3
3
3
3
3
3
3
3
3
3
3
3
3
3
3
3
3
3
3
3
3
3
3
3
3
3
3
3
3
3
3
3
3
3
3
3
3
3
3
3
3
3
3
3
3
3
3
3
3
3
3
3
3
3
3
3
3
3
3
3
3
3
3
3
3
3
3
3
3
3
3
3
3
3
3
3
3
3
3
3
3
3
3
3
3
3
3
3
3
3
3
3
3
3
3
3
3
3
3
3
3
3
3
3
3
3
3
3
3
3
3
3
3
3
3
3
3
3
3
3
3
3
3
3
3
3
3
3
3
3
3
3
3
3
3
3
3
3
3
3
3
3
3
3
3
3
3
3
3
3
3
3
3
3
3
3
3
3
3
3
3
3
3
3
3
3
3
3
3
3
3
3
3
3
3
3
3
3
3
3
3
3
3
3
3
3
3
3
3
3
3
3
3
3
3
3
3
3
3
3
3
3
3
3
3
3
3
3
3
3
3
3
3
3
3
3
3
3
3
3
3
3
3
3
3
3
3
3
3
3
3
3
3
3
3
3
3
3
3
3
3
3
3
3
3
3
3
3
3
3
3
3
3
3
3
3
3
3
3
3
3
3
3
3
3
3
3
3
3
3
3
3
3
3
3
3
3
3
3
3
3
3
3
3
3
3
3
3
3
3
3
3
3
3
3
3
3
3
3
3
3
3
3
3
3
3
3
3
3
3
3
3
3
3
3
3
3
3
3
3
3
3
3
3
3
3
3
3
3
3
3
3
3
3
3
3
3
3
3
3
3
3
3
3
3
3
3
3
3
3
3
3
3
3
3
3
3
3
3
3
3
3
3
3
3
3
3
3
3
3
3
3
3
3
3
3
3
3
3
3
3
3
3
3
3
3
3
3
3
3
3
3
3
3
3
3
3
3
3
3
3
3
3
3
3
3
3
3
3
3
3
3
3
3
3
3
3
3
3
3
3
3
3
3
3
3
3
3
3
3
3
3
3
3
3
3
3
3
3
3
3
3
3
3
3
3
3
3
3
3
3
3
3
3
3
3
3
3
3
3
3
3
3
3
3
3
3
3
3
3
3
3
3
3
3
3
3
3
3
3
3
3
3
3
3
3
3
3
3
3
3
3
3
3
3
3
3
3
3
3
3
3
3
3
3
3
3
3
3
3
3
3
3
3
3
3
3
3
3
3
3
3
3
3
3
3
3
3
3
3
3
3
3
3
3
3
3
3
3
3
3
3
3
3
3
3
3
3
3
3
3
3
3
3
3
3
3
3
3
3
3
3
3
3
3
3
3
3
3
3
3
3
3
3
3
3
3
3
3
3
3
3
3
3
3
3
3
3
3
3
3
3
3
3
3
3
3
3
3
3
3
3
3
3
3
3
3
3
3
3
3
3
3
3
3
3
3
3
3
3
3
3
3
3
3
3
3
3
3
3
3
3
3
3
3
3
3
3
3
3
3
3
3
3
3
3
3
3
3
3
3
3
3
3
3
3
3
3
3
3
3
3
3
3
3
3
3
3
3
3
3
3
3
3
3
3
3
3
3
3
3
3
3
3
3
3
3
3
3
3
3
3
3
3
3
3
3
3
3
3
3
3
3
3
3
3
3
3
3
3
3
3
3
3
3
3
3
3
3
3
3
3
3
3
3
3
3
3
3
3
3
3
3
3
3
3
3
3
3
3
3
3
3
3
3
3
3
3
3
3
3
3
3
3
3
3
3
3
3
3
3
3
3
3
3
3
3
3
3
3
3
3
3
3
3
3
3
3
3
3
3
3
3
3
3
3
3
3
3
3
3
3
3
3
3
3
3
3
3
3
3
3
3
3
3
3
3
3
3
3
3
3
3
3
3
3
3
3
3
3
3
3
3
3
3
3
3
3
3
3
3
3
3
3
3
3
3
3
3
3
3
3
3
3
3
3
3
3
3
3
3
3
3
3
3
3
3
3
3
3
3
3
3
3
3
3
3
3
3
3
3
3
3
3
3
3
3
3
3
3
3
3
3
3
3
3
3
3
3
3
3
3
3
3
3
3
3
3
3
3
3
3
3
3
3
3
3
3
3
3
3
3
3
3
3
3
3
3
3
3
3
3
3
3
3
3
3
3
3
3
3
3
3
3
3
3
3
3
3
3
3
3
3
3
3
3
3
3
3
3
3
3
3
3
3
3
3
3
3
3
3
3
3
3
3
3
3
3
3
3
3
3
3
3
3
3
3
3
3
3
3
3
3
3
3
3
3
3
3
3
3
3
3
3
3
3
3
3
3
3
3
3
3
3
3
3
3
3
3
3
3
3
3
3
3
3
3
3
3
3
3
3
3
3
3
3
3
3
3
3
3
3
3
3
3
3
3
3
3
3
3
3
3
3
3
3
3
3
3
3
3
3
3
3
3
3
3
3
3
3
3
3
3
3
3
3
3
3
3
3
3
3
3
3
3
3
3
3
3
3
3
3
3
3
3
3
3
3
3
3
3
3
3
3
3
3
3
3
3
3
3
3
3
3
3
3
3
3
3
3
3
3
3
3
3
3
3
3
3
3
3
3
3
3
3
3
3
3
3
3
3
3
3
3
3
3
3
3
3
3
3
3
3
3
3
3
3
3
3
3
3
3
3
3
3
3
3
3
3
3
3
3
3
3
3
3
3
3
3
3
3
3
3
3
3
3
3
3
3
3
3
3
3
3
3
3
3
3
3
3
3
3
3
3
3
3
3
3
3
3
3
3
3
3
3
3
3
3
3
3
3
3
3
3
3
3
3
3
3
3
3
3
3
3
3
3
3
3
3
3
3
3
3
3
3
3
3
3
3
3
3
3
3
3
3
3
3
3
3
3
3
3
3
3
3
3
3
3
3
3
3
3
3
3
3
3
3
3
3
3
3
3
3
3
3
3
3
3
3
3
3
3
3
3
3
3
3
3
3
3
3
3
3
3
3
3
3
3
3
3
3
3
3
3
3
3
3
3
3
3
3
3
3
3
3
3
3
3
3
3
3
3
3
3
3
3
3
3
3
3
3
3
3
3
3
3
3
3
3
3
3
3
3
3
3
3
3
3
3
3
3
3
3
3
3
3
3
3
3
3
3
3
3
3
3
3
3
3
3
3
3
3
3
3
3
3
3
3
3
3
3
3
3
3
3
3
3
3
3
3
3
3
3
3
3
3
3
3
3
3
3
3
3
3
3
3
3
3
3
3
3
3
3
3
3
3
3
3
3
3
3
3
3
3
3
3
3
3
3
3
3
3
3
3
3
3
3
3
3
3
3
3
3
3
3
3
3
3
3
3
3
3
3
3
3
3
3
3
3
3
3
3
3
3
3
3
3
3
3
3
3
3
3
3
3
3
3
3
3
3
3
3
3
3
3
3
3
3
3
3
3
3
3
3
3
3
3
3
3
3
3
3
3
3
3
3
3
3
3
3
3
3
3
3
3
3
3
3
3
3
3
3
3
3
3
3
3
3
3
3
3
3
3
3
3
3
3
3
3
3
3
3
3
3
3
3
3
3
3
3
3
3
3
3
3
3
3
3
3
3
3
3
3
3
3
3
3
3
3
3
3
3
3
3
3
3
3
3
3
3
3
3
3
3
3
3
3
3
3
3
3
3
3
3
3
3
3
3
3
3
3
3
3
3
3
3
3
3
3
3
3
3
3
3
3
3
3
3
3
3
3
3
3
3
3
3
3
3
3
3
3
3
3
3
3
3
3
3
3
3
3
3
3
3
3
3
3
3
3
3
3
3
3
3
3
3
3
3
3
3
3
3
3
3
3
3
3
3
3
3
3
3
3
3
3
3
3
3
3
3
3
3
3
3
3
3
3
3
3
3
3
3
3
3
3
3
3
3
3
3
3
3
3
3
3
3
3
3
3
3
3
3
3
3
3
3
3
3
3
3
3
3
3
3
3
3
3
3
3
3
3
3
3
3
3
3
3
3
3
3
3
3
3
3
3
3
3
3
3
3
3
3
3
3
3
3
3
3
3
3
3
3
3
3
3
3
3
3
3
3
3
3
3
3
3
3
3
3
3
3
3
3
3
3
3
3
3
3
3
3
3
3
3
3
3
3
3
3
3
3
3
3
3
3
3
3
3
3
3
3
3
3
3
3
3
3
3
3
3
3
3
3
3
3
3
3
3
3
3
3
3
3
3
3
3
3
3
3
3
3
3
3
3
3
3
3
3
3
3
3
3
3
3
3
3
3
3
3
3
3
3
3
3
3
3
3
3
3
3
3
3
3
3
3
3
3
3
3
3
3
3
3
3
3
3
3
3
3
3
3
3
3
3
3
3
3
3
3
3
3
3
3
3
3
3
3
3
3
3
3
3
3
3
3
3
3
3
3
3
3
3
3
3
3
3
3
3
3
3
3
3
3
3
3
3
3
3
3
3
3
3
3
3
3
3
3
3
3
3
3
3
3
3
3
3
3
3
3
3
3
3
3
3
3
3
3
3
3
3
3
3
3
3
3
3
3
3
3
3
3
3
3
3
3
3
3
3
3
3
3
3
3
3
3
3
3
3
3
3
3
3
3
3
3
3
3
3
3
3
3
3
3
3
3
3
3
3
3
3
3
3
3
3
3
3
3
3
3
3
3
3
3
3
3
3
3
3
3
3
3
3
3
3
3
3
3
3
3
3
3
3
3
3
3
3
3
3
3
3
3
3
3
3
3
3
3
3
3
3
3
3
3
3
3
3
3
3
3
3
3
3
3
3
3
3
3
3
3
3
3
3
3
3
3
3
3
3
3
3
3
3
3
3
3
3
3
3
3
3
3
3
3
3
3
3
3
3
3
3
3
3
3
3
3
3
3
3
3
3
3
3
3
3
3
3
3
3
3
3
3
3
3
3
3
3
3
3
3
3
3
3
3
3
3
3
3
3
3
3
3
3
3
3
3
3
3
3
3
3
3
3
3
3
3
3
3
3
3
3
5
5
5
5
5
5
5
5
5
5
5
5
5
5
5
5
5
5
5
5
5
5
5
5
5
5
5
5
5
5
5
5
5
5
5
5
5
5
5
5
5
5
5
5
5
5
5
5
5
5
5
5
5
5
5
5
5
5
5
5
5
5
5
5
5
5
5
5
5
5
5
5
5
5
5
5
5
5
5
5
5
5
5
5
5
5
5
5
5
5
5
5
5
5
5
5
5
5
5
5
5
5
5
5
5
5
5
5
5
5
5
5
5
5
5
5
5
5
5
5
5
5
5
5
5
5
5
5
5
5
5
5
5
5
5
5
5
5
5
5
5
5
5
5
5
5
5
5
5
5
5
5
5
5
5
5
5
5
5
5
5
5
5
5
5
5
5
5
5
5
5
5
5
5
5
5
5
5
5
5
5
5
5
5
5
5
5
5
5
5
5
5
5
5
5
5
5
5
5
5
5
5
5
5
5
5
5
5
5
5
5
5
5
5
5
5
5
5
5
5
5
5
5
5
5
5
5
5
5
5
5
5
5
5
5
5
5
5
5
5
5
5
5
5
5
5
5
5
5
5
5
5
5
5
5
5
5
5
5
5
5
5
5
5
5
5
5
5
5
5
5
5
5
5
5
5
5
5
5
5
5
5
5
5
5
5
5
5
5
5
5
5
5
5
5
5
5
5
5
5
5
5
5
5
5
5
5
5
5
5
5
5
5
5
5
5
5
5
5
5
5
5
5
5
5
5
5
5
5
5
5
5
5
5
5
5
5
5
5
5
5
5
5
5
5
5
5
5
5
5
5
5
5
5
5
5
5
5
5
5
5
5
5
5
5
5
5
5
5
5
5
5
5
5
5
5
5
5
5
5
5
5
5
5
5
5
5
5
5
5
5
5
5
5
5
5
5
5
5
5
5
5
5
5
5
5
5
5
5
5
5
5
5
5
5
5
5
5
5
5
5
5
5
5
5
5
5
5
5
5
5
5
5
5
5
5
5
5
5
5
5
5
5
5
5
5
5
5
5
5
5
5
5
5
5
5
5
5
5
5
5
5
5
5
5
5
5
5
5
5
5
5
5
5
5
5
5
5
5
5
5
5
5
5
5
5
5
5
5
5
5
5
5
5
5
5
5
5
5
5
5
5
5
5
5
5
5
5
5
5
5
5
5
5
5
5
5
5
5
5
5
5
5
5
5
5
5
5
5
5
5
5
5
5
5
5
5
5
5
5
5
5
5
5
5
5
5
5
5
5
5
5
5
5
5
5
5
5
5
5
5
5
5
5
5
5
5
5
5
5
5
5
5
5
5
5
5
5
5
5
5
5
5
5
5
5
5
5
5
5
5
5
5
5
5
5
5
5
5
5
5
5
5
5
5
5
5
5
5
5
5
5
5
5
5
5
5
5
5
5
5
5
5
5
5
5
5
5
5
5
5
5
5
5
5
5
5
5
5
5
5
5
5
5
5
5
5
5
5
5
5
5
5
5
5
5
5
5
5
5
5
5
5
5
5
5
5
5
5
5
5
5
5
5
5
5
5
5
5
5
5
5
5
5
5
5
5
5
5
5
5
5
5
5
5
5
5
5
5
5
5
5
5
5
5
5
5
5
5
5
5
5
5
5
5
5
5
5
5
5
5
5
5
5
5
5
5
5
5
5
5
5
5
5
5
5
5
5
5
5
5
5
5
5
5
5
5
5
5
5
5
5
5
5
5
5
5
5
5
5
5
5
5
5
5
5
5
5
5
5
5
5
5
5
5
5
5
5
5
5
5
5
5
5
5
5
5
5
5
5
5
5
5
5
5
5
5
5
5
5
5
5
5
5
5
5
5
5
5
5
5
5
5
5
5
5
5
5
5
5
5
5
5
5
5
5
5
5
5
5
5
5
5
5
5
5
5
5
5
5
5
5
5
5
5
5
5
5
5
5
5
5
5
5
5
5
5
5
5
5
5
5
5
5
5
5
5
5
5
5
5
5
5
5
5
5
5
5
5
5
5
5
5
5
5
5
5
5
5
5
5
5
5
5
5
5
5
5
5
5
5
5
5
5
5
5
5
5
5
5
5
5
5
5
5
5
5
5
5
5
5
5
5
5
5
5
5
5
5
5
5
5
5
5
5
5
5
5
5
5
5
5
5
5
5
5
5
5
5
5
5
5
5
5
5
5
5
5
5
5
5
5
5
5
5
5
5
5
5
5
5
5
5
5
5
5
5
5
5
5
5
5
5
5
5
5
5
5
5
5
5
5
5
5
5
5
5
5
5
5
5
5
5
5
5
5
5
5
5
5
5
5
5
5
5
5
5
5
5
5
5
5
5
5
5
5
5
5
5
5
5
5
5
5
5
5
5
5
5
5
5
5
5
5
5
5
5
5
5
5
5
5
5
5
5
5
5
5
5
5
5
5
5
5
5
5
5
5
5
5
5
5
5
5
5
5
5
5
5
5
5
5
5
5
5
5
5
5
5
5
5
5
5
5
5
5
5
5
5
5
5
5
5
5
5
5
5
5
5
5
5
5
5
5
5
5
5
5
5
5
5
5
5
5
5
5
5
5
5
5
5
5
5
5
5
5
5
5
5
5
5
5
5
5
5
5
5
5
5
5
5
5
5
5
5
5
5
5
5
5
5
5
5
5
5
5
5
5
5
5
5
5
5
5
5
5
5
5
5
5
5
5
5
5
5
5
5
5
5
5
5
5
5
5
5
5
5
5
5
5
5
5
5
5
5
5
5
5
5
5
5
5
5
5
5
5
5
5
5
5
5
5
5
5
5
5
5
5
5
5
5
5
5
5
5
5
5
5
5
5
5
5
5
5
5
5
5
5
5
5
5
5
5
5
5
5
5
5
5
5
5
5
5
5
5
5
5
5
5
5
5
5
5
5
5
5
5
5
5
5
5
5
5
5
5
5
5
5
5
5
5
5
5
5
5
5
5
5
5
5
5
5
5
5
5
5
5
5
5
5
5
5
5
5
5
5
5
5
5
5
5
5
5
5
5
5
5
5
5
5
5
5
5
5
5
5
5
5
5
5
5
5
5
5
5
5
5
5
5
5
5
5
5
5
5
5
5
5
5
5
5
5
5
5
5
5
5
5
5
5
5
5
5
5
5
5
5
5
5
5
5
5
5
5
5
5
5
5
5
5
5
5
5
5
5
5
5
5
5
5
5
5
5
5
5
5
5
5
5
5
5
5
5
5
5
5
5
5
5
5
5
5
5
5
5
5
5
5
5
5
5
5
5
5
5
5
5
5
5
5
5
5
5
5
5
5
5
5
5
5
5
5
5
5
5
5
5
5
5
5
5
5
5
5
5
5
5
5
5
5
5
5
5
5
5
5
5
5
5
5
5
5
5
5
5
5
5
5
5
5
5
5
5
5
5
5
5
5
5
5
5
5
5
5
5
5
5
5
5
5
5
5
5
5
5
5
5
5
5
5
5
5
5
5
5
5
5
5
5
5
5
5
5
5
5
5
5
5
5
5
5
5
5
5
5
5
5
5
5
5
5
5
5
5
5
5
5
5
5
5
5
5
5
5
5
5
5
5
5
5
5
5
5
5
5
5
5
5
5
5
5
5
5
5
5
5
5
5
5
5
5
5
5
5
5
5
5
5
5
5
5
5
5
5
5
5
5
5
5
5
5
5
5
5
5
5
5
5
5
5
5
5
5
5
5
5
5
5
5
5
5
5
5
5
5
5
5
5
5
5
5
5
5
5
5
5
5
5
5
5
5
5
5
5
5
5
5
5
5
5
5
5
5
5
5
5
5
5
5
5
5
5
5
5
5
5
5
5
5
5
5
5
5
5
5
5
5
5
5
5
5
5
5
5
5
5
5
5
5
5
5
5
5
5
5
5
5
5
5
5
5
5
5
5
5
5
5
5
5
5
5
5
5
5
5
5
5
5
5
5
5
5
5
5
5
5
5
5
5
5
5
5
5
5
5
5
5
5
5
5
5
5
5
5
5
5
5
5
5
5
5
5
5
5
5
5
5
5
5
5
5
5
5
5
5
5
5
5
5
5
5
5
5
5
5
5
5
5
5
5
5
5
5
5
5
5
5
5
5
5
5
5
5
5
5
5
5
5
5
5
5
5
5
5
5
5
5
5
5
5
5
5
5
5
5
5
5
5
5
5
5
5
5
5
5
5
5
5
5
5
5
5
5
5
5
5
5
5
5
5
5
5
5
5
5
5
5
5
5
5
5
5
5
5
5
5
5
5
5
5
5
5
5
5
5
5
5
5
5
5
5
5
5
5
5
5
5
5
5
5
5
5
5
5
5
5
5
5
5
5
5
5
5
5
5
5
5
5
5
5
5
5
5
5
5
5
5
5
5
5
5
5
5
5
5
5
5
5
5
5
5
5
5
5
5
5
5
5
5
5
5
5
5
5
5
5
5
5
5
5
5
5
5
5
5
5
5
5
5
5
5
5
5
5
5
5
5
5
5
5
5
5
5
5
5
5
5
5
5
5
5
5
5
5
5
5
5
5
5
5
5
5
5
5
5
5
5
5
5
5
5
5
5
5
5
5
5
5
5
5
5
5
5
5
5
5
5
5
5
5
5
5
5
5
5
5
5
5
5
5
5
5
5
5
5
5
5
5
5
5
5
5
5
5
5
5
5
5
5
5
5
5
5
5
5
5
5
5
5
5
5
5
5
5
5
5
5
5
5
5
5
5
5
5
5
5
5
5
5
5
5
5
5
5
5
5
5
5
5
5
5
5
5
5
5
5
5
5
5
5
5
5
5
5
5
5
5
5
5
5
5
5
5
5
5
5
5
5
5
5
5
5
5
5
5
5
5
5
5
5
5
5
5
5
5
5
5
5
5
5
5
5
5
5
5
5
5
5
5
5
5
5
5
5
5
5
5
5
5
5
5
5
5
5
5
5
5
5
5
5
5
5
5
5
5
5
5
5
5
5
5
5
5
5
5
5
5
5
5
5
5
5
5
5
5
5
5
5
5
5
5
5
5
5
5
5
5
5
5
5
5
5
5
5
5
5
5
5
5
5
5
5
5
5
5
5
5
5
5
5
5
5
5
5
5
5
5
5
5
5
5
5
5
5
5
5
5
5
5
5
5
5
5
5
5
5
5
5
5
5
5
5
5
5
5
5
5
5
5
5
5
5
5
5
5
5
5
5
5
5
5
5
5
5
5
5
5
5
5
5
5
5
5
5
5
5
5
5
5
5
5
5
5
5
5
5
5
5
5
5
5
5
5
5
5
5
5
5
5
5
5
5
5
5
5
5
5
5
5
5
5
5
5
5
5
5
5
5
5
5
5
5
5
5
5
5
5
5
5
5
5
5
5
5
5
5
5
5
5
5
5
5
5
5
5
5
5
5
5
5
5
5
5
5
5
5
5
5
5
5
5
5
5
5
5
5
5
5
5
5
5
5
5
5
5
5
5
5
5
5
5
5
5
5
5
5
5
5
5
5
5
5
5
5
5
5
5
5
5
5
5
5
5
5
5
5
5
5
5
5
5
5
5
5
5
5
5
5
5
5
5
5
5
5
5
5
5
5
5
5
5
5
5
5
5
5
5
5
5
5
5
5
5
5
5
5
5
5
5
5
5
5
5
5
5
5
5
5
5
5
5
5
5
5
5
5
5
5
5
5
5
5
5
5
5
5
5
5
5
5
5
5
5
5
5
5
5
5
5
5
5
5
5
5
5
5
5
5
5
5
5
5
5
5
5
5
5
5
5
5
5
5
5
5
5
5
5
5
5
5
5
5
5
5
5
5
5
5
5
5
5
5
5
5
5
5
5
5
5
5
5
5
5
5
5
5
5
5
5
5
5
5
5
5
5
5
5
5
5
5
5
5
5
5
5
5
5
5
5
5
5
5
5
5
5
5
5
5
5
5
5
5
5
5
5
5
5
5
5
5
5
5
5
5
5
5
5
5
5
5
5
5
5
5
5
5
5
5
5
5
5
5
5
5
5
5
5
5
5
5
5
5
5
5
5
5
5
5
5
5
5
5
5
5
5
5
5
5
5
5
5
5
5
5
5
5
5
5
5
5
5
5
5
5
5
5
5
5
5
5
5
5
5
5
5
5
5
5
5
5
5
5
5
5
5
5
5
5
5
5
5
5
5
5
5
5
5
5
5
5
5
5
5
5
5
5
5
5
5
5
5
5
5
5
5
5
5
5
5
5
5
5
5
5
5
5
5
5
5
5
5
5
5
5
5
5
5
5
5
5
5
5
5
5
5
5
5
5
5
5
5
5
5
5
5
5
5
5
5
5
5
5
5
5
5
5
5
5
5
5
5
5
5
5
5
5
5
5
5
5
5
5
5
5
5
5
5
5
5
5
5
5
5
5
5
5
5
5
5
5
5
5
5
5
5
5
5
5
5
5
5
5
5
5
5
5
5
5
5
5
5
5
5
5
5
5
5
5
5
5
5
5
5
5
5
5
5
5
5
5
5
5
5
5
5
5
5
5
5
5
5
5
5
5
5
5
5
5
5
5
5
5
5
5
5
5
5
5
5
5
5
5
5
5
5
5
5
5
5
5
5
5
5
5
5
5
5
5
5
5
5
5
5
5
5
5
5
5
5
5
5
5
5
5
5
5
5
5
5
5
5
5
5
5
5
5
5
5
5
5
5
5
5
5
5
5
5
5
5
5
5
5
5
5
5
5
5
5
5
5
5
5
5
5
5
5
5
5
5
5
5
5
5
5
5
5
5
5
5
5
5
5
5
5
5
5
5
5
5
5
5
5
5
5
5
5
5
5
5
5
5
5
5
5
5
5
5
5
5
5
5
5
5
5
5
5
5
5
5
5
5
5
5
5
5
5
5
5
5
5
5
5
5
5
5
5
5
5
5
5
5
5
5
5
5
5
5
5
5
5
5
5
5
5
5
5
5
5
5
5
5
5
5
5
5
5
5
5
5
5
5
5
5
5
5
5
5
5
5
5
5
5
5
5
5
5
5
5
5
5
5
5
5
5
5
5
5
5
5
5
5
5
5
5
5
5
5
5
5
5
5
5
5
5
5
5
5
5
5
5
5
5
5
5
5
5
5
5
5
5
5
5
5
5
5
5
5
5
5
5
5
5
5
5
5
5
5
5
5
5
5
5
5
5
5
5
5
5
5
5
5
5
5
5
5
5
5
5
5
5
5
5
5
5
5
5
5
5
5
5
5
5
5
5
5
5
5
5
5
5
5
5
5
5
5
5
5
5
5
5
5
5
5
5
5
5
5
5
5
5
5
5
5
5
5
5
5
5
5
5
5
5
5
5
5
5
5
5
5
5
5
5
5
5
5
5
5
5
5
5
5
5
5
5
5
5
5
5
5
5
5
5
5
5
5
5
5
5
5
5
5
5
5
5
5
5
5
5
5
5
5
5
5
5
5
5
5
5
5
5
5
5
5
5
5
5
5
5
5
5
5
5
5
5
5
5
5
5
5
5
5
5
5
5
5
5
5
5
5
5
5
5
5
5
5
5
5
5
5
5
5
5
5
5
5
5
5
5
5
5
5
5
5
5
5
5
5
5
5
5
5
5
5
5
5
5
5
5
5
5
5
5
5
5
5
5
5
5
5
5
5
5
5
5
5
5
5
5
5
5
5
5
5
5
5
5
5
5
5
5
5
5
5
5
5
5
5
5
5
5
5
5
5
5
5
5
5
5
5
5
5
5
5
5
5
5
5
5
5
5
5
5
5
5
5
5
5
5
5
5
5
5
5
5
5
5
5
5
5
5
5
5
5
5
5
5
5
5
5
5
5
5
5
5
5
5
5
5
5
5
5
5
5
5
5
5
5
5
5
5
5
5
5
5
5
5
5
5
5
5
5
5
5
5
5
5
5
5
5
5
5
5
5
5
5
5
5
5
5
5
5
5
5
5
5
5
5
5
5
5
5
5
5
5
5
5
5
5
5
5
5
5
5
5
5
5
5
5
5
5
5
5
5
5
5
5
5
5
5
5
5
5
5
5
5
5
5
5
5
5
5
5
5
5
5
5
5
5
5
5
5
5
5
5
5
5
5
5
5
5
5
5
5
5
5
5
5
5
5
5
5
5
5
5
5
5
5
5
5
5
5
5
5
5
5
5
5
5
5
5
5
5
5
5
5
5
5
5
5
5
5
5
5
5
5
5
5
5
5
5
5
5
5
5
5
5
5
5
5
5
5
5
5
5
5
5
5
5
5
5
5
5
5
5
5
5
5
5
5
5
5
5
5
5
5
5
5
5
5
5
5
5
5
5
5
5
5
5
5
5
5
5
5
5
5
5
5
5
5
5
5
5
5
5
5
5
5
5
5
5
5
5
5
5
5
5
5
5
5
5
5
5
5
5
5
5
5
5
5
5
5
5
5
5
5
5
5
5
5
5
5
5
5
5
5
5
5
5
5
5
5
5
5
5
5
5
5
5
5
5
5
5
5
5
5
5
5
5
5
5
5
5
5
5
5
5
5
5
5
5
5
5
5
5
5
5
5
5
5
5
5
5
5
5
5
5
5
5
5
5
5
5
5
5
5
5
5
5
5
5
5
5
5
5
5
5
5
5
5
5
5
5
5
5
5
5
5
5
5
5
5
5
5
5
5
5
5
5
5
5
5
5
5
5
5
5
5
5
5
5
5
5
5
5
5
5
5
5
5
5
5
5
5
5
5
5
5
5
5
5
5
5
5
5
5
5
5
5
5
5
5
5
5
5
5
5
5
5
5
5
5
5
5
5
5
5
5
5
5
5
5
5
5
5
5
5
5
5
5
5
5
5
5
5
5
5
5
5
5
5
5
5
5
5
5
5
5
5
5
5
5
5
5
5
5
5
5
5
5
5
5
5
5
5
5
5
5
5
5
5
5
5
5
5
5
5
5
5
5
5
5
5
5
5
5
5
5
5
5
5
5
5
5
5
5
5
5
5
5
5
5
5
5
5
5
5
5
5
5
5
5
5
5
5
5
5
5
5
5
5
5
5
5
5
5
5
5
5
5
5
5
5
5
5
5
5
5
5
5
5
5
5
5
5
5
5
5
5
5
5
5
5
5
5
5
5
5
5
5
5
5
5
5
5
5
5
5
5
5
5
5
5
5
5
5
5
5
5
5
5
5
5
5
5
5
5
5
5
5
5
5
5
5
5
5
5
5
5
5
5
5
5
5
5
5
5
5
5
5
5
5
5
5
5
5
5
5
5
5
5
5
5
5
5
5
5
5
5
5
5
5
5
5
5
5
5
5
5
5
5
5
5
5
5
5
5
5
5
5
5
5
5
5
5
5
5
5
5
5
5
5
5
5
5
5
5
5
5
5
5
5
5
5
5
5
5
5
5
5
5
5
5
5
5
5
5
5
5
5
5
5
5
5
5
5
5
5
5
5
5
5
5
5
5
5
5
5
5
5
5
5
5
5
5
5
5
5
5
5
5
5
5
5
5
5
5
5
5
5
5
5
5
5
5
5
5
5
5
5
5
5
5
5
5
5
5
5
5
5
5
5
5
5
5
5
5
5
5
5
5
5
5
5
5
5
5
5
5
5
5
5
5
5
5
5
5
5
5
5
5
5
5
5
5
5
5
5
5
5
5
5
5
5
5
5
5
5
5
5
5
5
5
5
5
5
5
5
5
5
5
5
5
5
5
5
5
5
5
5
5
5
5
5
5
5
5
5
5
5
5
5
5
5
5
5
5
5
5
5
5
5
5
5
5
5
5
5
5
5
5
5
5
5
5
5
5
5
5
5
5
5
5
5
5
5
5
5
5
5
5
5
5
5
5
5
5
5
5
5
5
5
5
5
5
5
5
5
5
5
5
5
5
5
5
5
5
5
5
5
5
5
5
5
5
5
5
5
5
5
5
5
5
5
5
5
5
5
5
5
5
5
5
5
5
5
5
5
5
5
5
5
5
5
5
5
5
5
5
5
5
5
5
5
5
5
5
5
5
5
5
5
5
5
5
5
5
5
5
5
5
5
5
5
5
5
5
5
5
5
5
5
5
5
5
5
5
5
5
5
5
5
5
5
5
5
5
5
5
5
5
5
5
5
5
5
5
5
5
5
5
5
5
5
5
5
5
5
5
5
5
5
5
5
5
5
5
5
5
5
5
5
5
5
5
5
5
5
5
5
5
5
5
5
5
5
5
5
5
5
5
5
5
5
5
5
5
5
5
5
5
5
5
5
5
5
5
5
5
5
5
5
5
5
5
5
5
5
5
5
5
5
5
5
5
5
5
5
5
5
5
5
5
5
5
5
5
5
5
5
5
5
5
5
5
5
5
5
5
5
5
5
5
5
5
5
5
5
5
5
5
5
5
5
5
5
5
5
5
5
5
5
5
5
5
5
5
5
5
5
5
5
5
5
5
5
5
5
5
5
5
5
5
5
5
5
5
5
5
5
5
5
5
5
5
5
5
5
5
5
5
5
5
5
5
5
5
5
5
5
5
5
5
5
5
5
5
5
5
5
5
5
5
5
5
5
5
5
5
5
5
5
5
5
5
5
5
5
5
5
5
5
5
5
5
5
5
5
5
5
5
5
5
5
5
5
5
5
5
5
5
5
5
5
5
5
5
5
5
5
5
5
5
5
5
5
5
5
5
5
5
5
5
5
5
5
5
5
5
5
5
5
5
5
5
5
5
5
5
5
5
5
5
5
5
5
5
5
5
5
5
5
5
5
5
5
5
5
5
5
5
5
5
5
5
5
5
5
5
5
5
5
5
5
5
5
5
5
5
5
5
5
5
5
5
5
5
5
5
5
5
5
5
5
5
5
5
5
5
5
5
5
5
5
5
5
5
5
5
5
5
5
5
5
5
5
5
5
5
5
5
5
5
5
5
5
5
5
5
5
5
5
5
5
5
5
5
5
5
5
5
5
5
5
5
5
5
5
5
5
5
5
5
5
5
5
5
5
5
5
5
5
5
5
5
5
5
5
5
5
5
5
5
5
5
5
5
5
5
5
5
5
5
5
5
5
5
5
5
5
5
5
5
5
5
5
5
5
5
5
5
5
5
5
5
5
5
5
5
5
5
5
5
5
5
5
5
5
5
5
5
5
5
5
5
5
5
5
5
5
5
5
5
5
5
5
5
5
5
5
5
5
5
5
5
5
5
5
5
5
5
5
5
5
5
5
5
5
5
5
5
5
5
5
5
5
5
5
5
5
5
5
5
5
5
5
5
5
5
5
5
5
5
5
5
5
5
5
5
5
5
5
5
5
5
5
5
5
5
5
5
5
5
5
5
5
5
5
5
5
5
5
5
5
5
5
5
5
5
5
5
5
5
5
5
5
5
5
5
5
5
5
5
5
5
5
5
5
5
5
5
5
5
5
5
5
5
5
5
5
5
5
5
5
5
5
5
5
5
5
5
5
5
5
5
5
5
5
5
5
5
5
5
5
5
5
5
5
5
5
5
5
5
5
5
5
5
5
5
5
5
5
5
5
5
5
5
5
5
5
5
5
5
5
5
5
5
5
5
5
5
5
5
5
5
5
5
5
5
5
5
5
5
5
5
5
5
5
5
5
5
5
5
5
5
5
5
5
5
5
5
5
5
5
5
5
5
5
5
5
5
5
5
5
5
5
5
5
5
5
5
5
5
5
5
5
5
5
5
5
5
5
5
5
5
5
5
5
5
5
5
5
5
5
5
5
5
5
5
5
5
5
5
5
5
5
5
5
5
5
5
5
5
5
5
5
5
5
5
5
5
5
5
5
5
5
5
5
5
5
5
5
5
5
5
5
5
5
5
5
5
5
5
5
5
5
5
5
5
5
5
5
5
5
5
5
5
5
5
5
5
5
5
5
5
5
5
5
5
5
5
5
5
5
5
5
5
5
5
5
5
5
5
5
5
5
5
5
5
5
5
5
5
5
5
5
5
5
5
5
5
5
5
5
5
5
5
5
5
5
5
5
5
5
5
5
5
5
5
5
5
5
5
5
5
5
5
5
5
5
5
5
5
5
5
5
5
5
5
5
5
5
5
5
5
5
5
5
5
5
5
5
5
5
5
5
5
5
5
5
5
5
5
5
5
5
5
5
5
5
5
5
5
5
5
5
5
5
5
5
5
5
5
5
5
5
5
5
5
5
5
5
5
5
5
5
5
5
5
5
5
5
5
5
5
5
5
5
5
5
5
5
5
5
5
5
5
5
5
5
5
5
5
5
5
5
5
5
5
5
5
5
5
5
5
5
5
5
5
5
5
5
5
5
5
5
5
5
5
5
5
5
5
5
5
5
5
5
5
5
5
5
5
5
5
5
5
5
5
5
5
5
5
5
5
5
5
5
5
5
5
5
5
5
5
5
5
5
5
5
5
5
5
5
5
5
5
5
5
5
5
5
5
5
5
5
5
5
5
5
5
5
5
5
5
5
5
5
5
5
5
5
5
5
5
5
5
5
5
5
5
5
5
5
5
5
5
5
5
5
5
5
5
5
5
5
5
5
5
5
5
5
5
5
5
5
5
5
5
5
5
5
5
5
5
5
5
5
5
5
5
5
5
5
5
5
5
5
5
5
5
5
5
5
5
5
5
5
5
5
5
5
5
5
5
5
5
5
5
5
5
5
5
5
5
5
5
5
5
5
5
5
5
5
5
5
5
5
5
5
5
5
5
5
5
5
5
5
5
5
5
5
5
5
5
5
5
5
5
5
5
5
5
5
5
5
5
5
5
5
5
5
5
5
5
5
5
5
5
5
5
5
5
5
5
5
5
5
5
5
5
5
5
5
5
5
5
5
5
5
5
5
5
5
5
5
5
5
5
5
5
5
5
5
5
5
5
5
5
5
5
5
5
5
5
5
5
5
5
5
5
5
5
5
5
5
5
5
5
5
5
5
5
5
5
5
5
5
5
5
5
5
5
5
5
5
5
5
5
5
5
5
5
5
5
5
5
5
5
5
5
5
5
5
5
5
5
5
5
5
5
5
5
5
5
5
5
5
5
5
5
5
5
5
5
5
5
5
5
5
5
5
5
5
5
5
5
5
5
5
5
5
5
5
5
5
5
5
5
5
5
5
5
5
5
5
5
5
5
5
5
5
5
5
5
5
5
5
5
5
5
5
5
5
5
5
5
5
5
5
5
5
5
5
5
5
5
5
5
5
5
5
5
5
5
5
5
5
5
5
5
5
5
5
5
5
5
5
5
5
5
5
5
5
5
5
5
5
5
5
5
5
5
5
5
5
5
5
5
5
5
5
5
5
5
5
5
5
5
5
5
5
5
5
5
5
5
5
5
5
5
5
5
5
5
5
5
5
5
5
5
5
5
5
5
5
5
5
5
5
5
5
5
5
5
5
5
5
5
5
5
5
5
5
5
5
5
5
5
5
5
5
5
5
5
5
5
5
5
5
5
5
5
5
5
5
5
5
5
5
5
5
5
5
5
5
5
5
5
5
5
5
5
5
5
5
5
5
5
5
5
5
5
5
5
5
5
5
5
5
5
5
5
5
5
5
5
5
5
5
5
5
5
5
5
5
5
5
5
5
5
5
5
5
5
5
5
5
5
5
5
5
5
5
5
5
5
5
5
5
5
5
5
5
5
5
5
5
5
5
5
5
5
5
5
5
5
5
5
5
5
5
5
5
5
5
5
5
5
5
5
5
5
5
5
5
5
5
5
5
5
5
5
5
5
5
5
5
5
5
5
5
5
5
5
5
5
5
5
5
5
5
5
5
5
5
5
5
5
5
5
5
5
5
5
5
5
5
5
5
5
5
5
5
5
5
5
5
5
5
5
5
5
5
5
5
5
5
5
5
5
5
5
5
5
5
5
5
5
5
5
5
5
5
5
5
5
5
5
5
5
5
5
5
5
5
5
5
5
5
5
5
5
5
5
5
5
5
5
5
5
5
5
5
5
5
5
5
5
5
5
5
5
5
5
5
5
5
5
5
5
5
5
5
5
5
5
5
5
5
5
5
5
5
5
5
5
5
5
5
5
5
5
5
5
5
5
5
5
5
5
5
5
5
5
5
5
5
5
5
5
5
5
5
5
5
5
5
5
5
5
5
5
5
5
5
5
5
5
5
5
5
5
5
5
5
5
5
5
5
5
5
5
5
5
5
5
5
5
5
5
5
5
5
5
5
5
5
5
5
5
5
5
5
5
5
5
5
5
5
5
5
5
5
5
5
5
5
5
5
5
5
5
5
5
5
5
5
5
5
5
5
5
5
5
5
5
5
5
5
5
5
5
5
5
5
5
5
5
5
5
5
5
5
5
5
5
5
5
5
5
5
5
5
5
5
5
5
5
5
5
5
5
5
5
5
5
5
5
5
5
5
5
5
5
5
5
5
5
5
5
5
5
5
5
5
5
5
5
5
5
5
5
5
5
5
5
5
5
5
5
5
5
5
5
5
5
5
5
5
5
5
5
5
5
5
5
5
5
5
5
5
5
5
5
5
5
5
5
5
5
5
5
5
5
5
5
5
5
5
5
5
5
5
5
5
5
5
5
5
5
5
5
5
5
5
5
5
5
5
5
5
5
5
5
5
5
5
5
5
5
5
5
5
5
5
5
5
5
5
5
5
5
5
5
5
5
5
5
5
5
5
5
5
5
5
5
5
5
5
5
5
5
5
5
5
5
5
5
5
5
5
5
5
5
5
5
5
5
5
5
5
5
5
5
5
5
5
5
5
5
5
5
5
5
5
5
5
5
5
5
5
5
5
5
5
5
5
5
5
5
5
5
5
5
5
5
5
5
5
5
5
5
5
5
5
5
5
5
5
5
5
5
5
5
5
5
5
5
5
5
5
5
5
5
5
5
5
5
5
5
5
5
5
5
5
5
5
5
5
5
5
5
5
5
5
5
5
5
5
5
5
5
5
5
5
5
5
5
5
5
5
5
5
5
5
5
5
5
5
5
5
5
5
5
5
5
5
5
5
5
5
5
5
5
5
5
5
5
5
5
5
5
5
5
5
5
5
5
5
5
5
5
5
5
5
5
5
5
5
5
5
5
5
5
5
5
5
5
5
5
5
5
5
5
5
5
5
5
5
5
5
5
5
5
5
5
5
5
5
5
5
5
5
5
5
5
5
5
5
5
5
5
5
5
5
5
5
5
5
5
5
5
5
5
5
5
5
5
5
5
5
5
5
5
5
5
5
5
5
5
5
5
5
5
5
5
5
5
5
5
5
5
5
5
5
5
5
5
5
5
5
5
5
5
5
5
5
5
5
5
5
5
5
5
5
5
5
5
5
5
5
5
5
5
5
5
5
5
5
5
5
5
5
5
5
5
5
5
5
5
5
5
5
5
5
5
5
5
5
5
5
5
5
5
5
5
5
5
5
5
5
5
5
5
5
5
5
5
5
5
5
5
5
5
5
5
5
5
5
5
5
5
5
5
5
5
5
5
5
5
5
5
5
5
5
5
5
5
5
5
5
5
5
5
5
5
5
5
5
5
5
5
5
5
5
5
5
5
5
5
5
5
5
5
5
5
5
5
5
5
5
5
5
5
5
5
5
5
5
5
5
5
5
5
5
5
5
5
5
5
5
5
5
5
5
5
5
5
5
5
5
5
5
5
5
5
5
5
5
5
5
5
5
5
5
5
5
5
5
5
5
5
5
5
5
5
5
5
5
5
5
5
5
5
5
5
5
5
5
5
5
5
5
5
5
5
5
5
5
5
5
5
5
5
5
5
5
5
5
5
5
5
5
5
5
5
5
5
5
5
5
5
5
5
5
5
5
5
5
5
5
5
5
5
5
5
5
5
5
5
5
5
5
5
5
5
5
5
5
5
5
5
5
5
5
5
5
5
5
5
5
5
5
5
5
5
5
5
5
5
5
5
5
5
5
5
5
5
5
5
5
5
5
5
5
5
5
5
5
5
5
5
5
5
5
5
5
5
5
5
5
5
5
5
5
5
5
5
5
5
5
5
5
5
5
5
5
5
5
5
5
5
5
5
5
5
5
5
5
5
5
5
5
5
5
5
5
5
5
5
5
5
5
5
5
5
5
5
5
5
5
5
5
5
5
5
5
5
5
5
5
5
5
5
5
5
5
5
5
5
5
5
5
5
5
5
5
5
5
5
5
5
5
5
5
5
5
5
5
5
5
5
5
5
5
5
5
5
5
5
5
5
5
5
5
5
5
5
5
5
5
5
5
5
5
5
5
5
5
5
5
5
5
5
5
5
5
5
5
5
5
5
5
5
5
5
5
5
5
5
5
5
5
5
5
5
5
5
5
5
5
5
5
5
5
5
5
5
5
5
5
5
5
5
5
5
5
5
5
5
5
5
5
5
5
5
5
5
5
5
5
5
5
5
5
5
5
5
5
5
5
5
5
5
5
5
5
5
5
5
5
5
5
5
5
5
5
5
5
5
5
5
5
5
5
5
5
5
5
5
5
5
5
5
5
5
5
5
5
5
5
5
5
5
5
5
5
5
5
5
5
5
5
5
5
5
5
5
5
5
5
5
5
5
5
5
5
5
5
5
5
5
5
5
5
5
5
5
5
5
5
5
5
5
5
5
5
5
5
5
5
5
5
5
5
5
5
5
5
5
5
5
5
5
5
5
5
5
5
5
5
5
5
5
5
5
5
5
5
5
5
5
5
5
5
5
5
5
5
5
5
5
5
5
5
5
5
5
5
5
5
5
5
5
5
5
5
5
5
5
5
5
5
5
5
5
5
5
5
5
5
5
5
5
5
5
5
5
5
5
5
5
5
5
5
5
5
5
5
5
5
5
5
5
5
5
5
5
5
5
5
5
5
5
5
5
5
5
5
5
5
5
5
5
5
5
5
5
5
5
5
5
5
5
5
5
5
5
5
5
5
5
5
5
5
5
5
5
5
5
5
5
5
5
5
5
5
5
5
5
5
5
5
5
5
5
5
5
5
5
5
5
5
5
5
5
5
5
5
5
5
5
5
5
5
5
5
5
5
5
5
5
5
5
5
5
5
5
5
5
5
5
5
5
5
5
5
5
5
5
5
5
5
5
5
5
5
5
5
5
5
5
5
5
5
5
5
5
5
5
5
5
5
5
5
5
5
5
5
5
5
5
5
5
5
5
5
5
5
5
5
5
5
5
5
5
5
5
5
5
5
5
5
5
5
5
5
5
5
5
5
5
5
5
5
5
5
5
5
5
5
5
5
5
5
5
5
5
5
5
5
5
5
5
5
5
5
5
5
5
5
5
5
5
5
5
5
5
5
5
5
5
5
5
5
5
5
5
5
5
5
5
5
5
5
5
5
5
5
5
5
5
5
5
5
5
5
5
5
5
5
5
5
5
5
5
5
5
5
5
5
5
5
5
5
5
5
5
5
5
5
5
5
5
5
5
5
5
5
5
5
5
5
5
5
5
5
5
5
5
5
5
5
5
5
5
5
5
5
5
5
5
5
5
5
5
5
5
5
5
5
5
5
5
5
5
5
5
5
5
5
5
5
5
5
5
5
5
5
5
5
5
5
5
5
5
5
5
5
5
5
5
5
5
5
5
5
5
5
5
5
5
5
5
5
5
5
5
5
5
5
5
5
5
5
5
5
5
5
5
5
5
5
5
5
5
5
5
5
5
5
5
5
5
5
5
5
5
5
5
5
5
5
5
5
5
5
5
5
5
5
5
5
5
5
5
5
5
5
5
5
5
5
5
5
5
5
5
5
5
5
5
5
5
5
5
5
5
5
5
5
5
5
5
5
5
5
5
5
5
5
5
5
5
5
5
5
5
5
5
5
5
5
5
5
5
5
5
5
5
5
5
5
5
5
5
5
5
5
5
5
5
5
5
5
5
5
5
5
5
5
5
5
5
5
5
5
5
5
5
5
5
5
5
5
5
5
5
5
5
5
5
5
5
5
5
5
5
5
5
5
5
5
5
5
5
5
5
5
5
5
5
5
5
5
5
5
5
5
5
5
5
5
5
5
5
5
5
5
5
5
5
5
5
5
5
5
5
5
5
5
5
5
5
5
5
5
5
5
5
5
5
5
5
5
5
5
5
5
5
5
5
5
5
5
5
5
5
5
5
5
5
5
5
5
5
5
5
5
5
5
5
5
5
5
5
5
5
5
5
5
5
5
5
5
5
5
5
5
5
5
5
5
5
5
5
5
5
5
5
5
5
5
5
5
5
5
5
5
5
5
5
5
5
5
5
5
5
5
5
5
5
5
5
5
5
5
5
5
5
5
5
5
5
5
5
5
5
5
5
5
5
5
5
5
5
5
5
5
5
5
5
5
5
5
5
5
5
5
5
5
5
5
5
5
5
5
5
5
5
5
5
5
5
5
5
5
5
5
5
5
5
5
5
5
5
5
5
5
5
5
5
5
5
5
5
5
5
5
5
5
5
5
5
5
5
5
5
5
5
5
5
5
5
5
5
5
5
5
5
5
5
5
5
5
5
5
5
5
5
5
5
5
5
5
5
5
5
5
5
5
5
5
5
5
5
5
5
5
5
5
5
5
5
5
5
5
5
5
5
5
5
5
5
5
5
5
5
5
5
5
5
5
5
5
5
5
5
5
5
5
5
5
5
5
5
5
5
5
5
5
5
5
5
5
5
5
5
5
5
5
5
5
5
5
5
5
5
5
5
5
5
5
5
5
5
5
5
5
5
5
5
5
5
5
5
5
5
5
5
5
5
5
5
5
5
5
5
5
5
5
5
5
5
5
5
5
5
5
5
5
5
5
5
5
5
5
5
5
5
5
5
5
5
5
5
5
5
5
5
5
5
5
5
5
5
5
5
5
5
5
5
5
5
5
5
5
5
5
5
5
5
5
5
5
5
5
5
5
5
5
5
5
5
5
5
5
5
5
5
5
5
5
5
5
5
5
5
5
5
5
5
5
5
5
5
5
5
5
5
5
5
5
5
5
5
5
5
5
5
5
5
5
5
5
5
5
5
5
5
5
5
5
5
5
5
5
5
5
5
5
5
5
5
5
5
5
5
5
5
5
5
5
5
5
5
5
5
5
5
5
5
5
5
5
5
5
5
5
5
5
5
5
5
5
5
5
5
5
5
5
5
5
5
5
5
5
5
5
5
5
5
5
5
5
5
5
5
5
5
5
5
5
5
5
5
5
5
5
5
5
5
5
5
5
5
5
5
5
5
5
5
5
5
5
5
5
5
5
5
5
5
5
5
5
5
5
5
5
5
5
5
5
5
5
5
5
5
5
5
5
5
5
5
5
5
5
5
5
5
5
5
5
5
5
5
5
5
5
5
5
5
5
5
5
5
5
5
5
5
5
5
5
5
5
5
5
5
5
5
5
5
5
5
5
5
5
5
5
5
5
5
5
5
5
5
5
5
5
5
5
5
5
5
5
5
5
5
5
5
5
5
5
5
5
5
5
5
5
5
5
5
5
5
5
5
5
5
5
5
5
5
5
5
5
5
5
5
5
5
5
5
5
5
5
5
5
5
5
5
5
5
5
5
5
5
5
5
5
5
5
5
5
5
5
5
5
5
5
5
5
5
5
5
5
5
5
5
5
5
5
5
5
5
5
5
5
5
5
5
5
5
5
5
5
5
5
5
5
5
5
5
5
5
5
5
5
5
5
5
5
5
5
5
5
5
5
5
5
5
5
5
5
5
5
5
5
5
5
5
5
5
5
5
5
5
5
5
5
5
5
5
5
5
5
5
5
5
5
5
5
5
5
5
5
5
5
5
5
5
5
5
5
5
5
5
5
5
5
5
5
5
5
5
5
5
5
5
5
5
5
5
5
5
5
5
5
5
5
5
5
5
5
5
5
5
5
5
5
5
5
5
5
5
5
5
5
5
5
5
5
5
5
5
5
5
5
5
5
5
5
5
5
5
5
5
5
5
5
5
5
5
5
5
5
5
5
5
5
5
5
5
5
5
5
5
5
5
5
5
5
5
5
5
5
5
5
5
5
5
5
5
5
5
5
5
5
5
5
5
5
5
5
5
5
5
5
5
5
5
5
5
5
5
5
5
5
5
5
5
5
5
5
5
5
5
5
5
5
5
5
5
5
5
5
5
5
5
5
5
5
5
5
5
5
5
5
5
5
5
5
5
5
5
5
5
5
5
5
5
5
5
5
5
5
5
5
5
5
5
5
5
5
5
5
5
5
5
5
5
5
5
5
5
5
5
5
5
5
5
5
5
5
5
5
5
5
5
5
5
5
5
5
5
5
5
5
5
5
5
5
5
5
5
5
5
5
5
5
5
5
5
5
5
5
5
5
5
5
5
5
5
5
5
5
5
5
5
5
5
5
5
5
5
5
5
5
5
5
5
5
5
5
5
5
5
5
5
5
5
5
5
5
5
5
5
5
5
5
5
5
5
5
5
5
5
5
5
5
5
5
5
5
5
5
5
5
5
5
5
5
5
5
5
5
5
5
5
5
5
5
5
5
5
5
5
5
5
5
5
5
5
5
5
5
5
5
5
5
5
5
5
5
5
5
5
5
5
5
5
5
5
5
5
5
5
5
5
5
5
5
5
5
5
5
5
5
5
5
5
5
5
5
5
5
5
5
5
5
5
5
5
5
5
5
5
5
5
5
5
5
5
5
5
5
5
5
5
5
5
5
5
5
5
5
5
5
5
5
5
5
5
5
5
5
5
5
5
5
5
5
5
5
5
5
5
5
5
5
5
5
5
5
5
5
5
5
5
5
5
5
5
5
5
5
5
5
5
5
5
5
5
5
5
5
5
5
5
5
5
5
5
5
5
5
5
5
5
5
5
5
5
5
5
5
5
5
5
5
5
5
5
5
5
5
5
5
5
5
5
5
5
5
5
5
5
5
5
5
5
5
5
5
5
5
5
5
5
5
5
5
5
5
5
5
5
5
5
5
5
5
5
5
5
5
5
5
5
5
5
5
5
5
5
5
5
5
5
5
5
5
5
5
5
5
5
5
5
5
5
5
5
5
5
5
5
5
5
5
5
5
5
5
5
5
5
5
5
5
5
5
5
5
5
5
5
5
5
5
5
5
5
5
5
5
5
5
5
5
5
5
5
5
5
5
5
5
5
5
5
5
5
5
5
5
5
5
5
5
5
5
5
5
5
5
5
5
5
5
5
5
5
5
5
5
5
5
5
5
5
5
5
5
5
5
5
5
5
5
5
5
5
5
5
5
5
5
5
5
5
5
5
5
5
5
5
5
5
5
5
5
5
5
5
5
5
5
5
5
5
5
5
5
5
5
5
5
5
5
5
5
5
5
5
5
5
5
5
5
5
5
5
5
5
5
5
5
5
5
5
5
5
5
5
5
5
5
5
5
5
5
5
5
5
5
5
5
5
5
5
5
5
5
5
5
5
5
5
5
5
5
5
5
5
5
5
5
5
5
5
5
5
5
5
5
5
5
5
5
5
5
5
5
5
5
5
5
5
5
5
5
5
5
5
5
5
5
5
5
5
5
5
5
5
5
5
5
5
5
5
5
5
5
5
5
5
5
5
5
5
5
5
5
5
5
5
5
5
5
5
5
5
5
5
5
5
5
5
5
5
5
5
5
5
5
5
5
5
5
5
5
5
5
5
5
5
5
5
5
5
5
5
5
5
5
5
5
5
5
5
5
5
5
5
5
5
5
5
5
5
5
5
5
5
5
5
5
5
5
5
5
5
5
5
5
5
5
5
5
5
5
5
5
5
5
5
5
5
5
5
5
5
5
5
5
5
5
5
5
5
5
5
5
5
5
5
5
5
5
5
5
5
5
5
5
5
5
5
5
5
5
5
5
5
5
5
5
5
5
5
5
5
5
5
5
5
5
5
5
5
5
5
5
5
5
5
5
5
5
5
5
5
5
5
5
5
5
5
5
5
5
5
5
5
5
5
5
5
5
5
5
5
5
5
5
5
5
5
5
5
5
5
5
5
5
5
5
5
5
5
5
5
5
5
5
5
5
5
5
5
5
5
5
5
5
5
5
5
5
5
5
5
5
5
5
5
5
5
5
5
5
5
5
5
5
5
5
5
5
5
5
5
5
5
5
5
5
5
5
5
5
5
5
5
5
5
5
5
5
5
5
5
5
5
5
5
5
5
5
5
5
5
5
5
5
5
5
5
5
5
5
5
5
5
5
5
5
5
5
5
5
5
5
5
5
5
5
5
5
5
5
5
5
5
5
5
5
5
5
5
5
5
5
5
5
5
5
5
5
5
5
5
5
5
5
5
5
5
5
5
5
5
5
5
5
5
5
5
5
5
5
5
5
5
5
5
5
5
5
5
5
5
5
5
5
5
5
5
5
5
5
5
5
5
5
5
5
5
5
5
5
5
5
5
5
5
5
5
5
5
5
5
5
5
5
5
5
5
5
5
5
5
5
5
5
5
5
5
5
5
5
5
5
5
5
5
5
5
5
5
5
5
5
5
5
5
5
5
5
5
5
5
5
5
5
5
5
5
5
5
5
5
5
5
5
5
5
5
5
5
5
5
5
5
5
5
5
5
5
5
5
5
5
5
5
5
5
5
5
5
5
5
5
5
5
5
5
5
5
5
5
5
5
5
5
5
5
5
5
5
5
5
5
5
5
5
5
5
5
5
5
5
5
5
5
5
5
5
5
5
5
5
5
5
5
5
5
5
5
5
5
5
5
5
5
5
5
5
5
5
5
5
5
5
5
5
5
5
5
5
5
5
5
5
5
5
5
5
5
5
5
5
5
5
5
5
5
5
5
5
5
5
5
5
5
5
5
5
5
5
5
5
5
5
5
5
5
5
5
5
5
5
5
5
5
5
5
5
5
5
5
5
5
5
5
5
5
5
5
5
5
5
5
5
5
5
5
5
5
5
5
5
5
5
5
5
5
5
5
5
5
5
5
5
5
5
5
5
5
5
5
5
5
5
5
5
5
5
5
5
5
5
5
5
5
5
5
5
5
5
5
5
5
5
5
5
5
5
5
5
5
5
5
5
5
5
5
5
5
5
5
5
5
5
5
5
5
5
5
5
5
5
5
5
5
5
5
5
5
5
5
5
5
5
5
5
5
5
5
5
5
5
5
5
5
5
5
5
5
5
5
5
5
5
5
5
5
5
5
5
5
5
5
5
5
5
5
5
5
5
5
5
5
5
5
5
5
5
5
5
5
5
5
5
5
5
5
5
5
5
5
5
5
5
5
5
5
5
5
5
5
5
5
5
5
5
5
5
5
5
5
5
5
5
5
5
5
5
5
5
5
5
5
5
5
5
5
5
5
5
5
5
5
5
5
5
5
5
5
5
5
5
5
5
5
5
5
5
5
5
5
5
5
5
5
5
5
5
5
5
5
5
5
5
5
5
5
5
5
5
5
5
5
5
5
5
5
5
5
5
5
5
5
5
5
5
5
5
5
5
5
5
5
5
5
5
5
5
5
5
5
5
5
5
5
5
5
5
5
5
5
5
5
5
5
5
5
5
5
5
5
5
5
5
5
5
5
5
5
5
5
5
5
5
5
5
5
5
5
5
5
5
5
5
5
5
5
5
5
5
5
5
5
5
5
5
5
5
5
5
5
5
5
5
5
5
5
5
5
5
5
5
5
5
5
5
5
5
5
5
5
5
5
5
5
5
5
5
5
5
5
5
5
5
5
5
5
5
5
5
5
5
5
5
5
5
5
5
5
5
5
5
5
5
5
5
5
5
5
5
5
5
5
5
5
5
5
5
5
5
5
5
5
5
5
5
5
5
5
5
5
5
5
5
5
5
5
5
5
5
5
5
5
5
5
5
5
5
5
5
5
5
5
5
5
5
5
5
5
5
5
5
5
5
5
5
5
5
5
5
5
5
5
5
5
5
5
5
5
5
5
5
5
5
5
5
5
5
5
5
5
5
5
5
5
5
5
5
5
5
5
5
5
5
5
5
5
5
5
5
5
5
5
5
5
5
5
5
5
5
5
5
5
5
5
5
5
5
5
5
5
5
5
5
5
5
5
5
5
5
5
5
5
5
5
5
5
5
5
5
5
5
5
5
5
5
5
5
5
5
5
5
5
5
5
5
5
5
5
5
5
5
5
5
5
5
5
5
5
5
5
5
5
5
5
5
5
5
5
5
5
5
5
5
5
5
5
5
5
5
5
5
5
5
5
5
5
5
5
5
5
5
5
5
5
5
5
5
5
5
5
5
5
5
5
5
5
5
5
5
5
5
5
5
5
5
5
5
5
5
5
5
5
5
5
5
5
5
5
5
5
5
5
5
5
5
5
5
5
5
5
5
5
5
5
5
5
5
5
5
5
5
5
5
5
5
5
5
5
5
5
5
5
5
5
5
5
5
5
5
5
5
5
5
5
5
5
5
5
5
5
5
5
5
5
5
5
5
5
5
5
5
5
5
5
5
5
5
5
5
5
5
5
5
5
5
5
5
5
5
5
5
5
5
5
5
5
5
5
5
5
5
5
5
5
5
5
5
5
5
5
5
5
5
5
5
5
5
5
5
5
5
5
5
5
5
5
5
5
5
5
5
5
5
5
5
5
5
5
5
5
5
5
5
5
5
5
5
5
5
5
5
5
5
5
5
5
5
5
5
5
5
5
5
5
5
5
5
5
5
5
5
5
5
5
5
5
5
5
5
5
5
5
5
5
5
5
5
5
5
5
5
5
5
5
5
5
5
5
5
5
5
5
5
5
5
5
5
5
5
5
5
5
5
5
5
5
5
5
5
5
5
5
5
5
5
5
5
5
5
5
5
5
5
5
5
5
5
5
5
5
5
5
5
5
5
5
5
5
5
5
5
5
5
5
5
5
5
5
5
5
5
5
5
5
5
5
5
5
5
5
5
5
5
5
5
5
5
5
5
5
5
5
5
5
5
5
5
5
5
5
5
5
5
5
5
5
5
5
5
5
5
5
5
5
5
5
5
5
5
5
5
5
5
5
5
5
5
5
5
5
5
5
5
5
5
5
5
5
5
5
5
5
5
5
5
5
5
5
5
5
5
5
5
5
5
5
5
5
5
5
5
5
5
5
5
5
5
5
5
5
5
5
5
5
5
5
5
5
5
5
5
5
5
5
5
5
5
5
5
5
5
5
5
5
5
5
5
5
5
5
5
5
5
5
5
5
5
5
5
5
5
5
5
5
5
5
5
5
5
5
5
5
5
5
5
5
5
5
5
5
5
5
5
5
5
5
5
5
5
5
5
5
5
5
5
5
5
5
5
5
5
5
5
5
5
5
5
5
5
5
5
5
5
5
5
5
5
5
5
5
5
5
5
5
5
5
5
5
5
5
5
5
5
5
5
5
5
5
5
5
5
5
5
5
5
5
5
5
5
5
5
5
5
5
5
5
5
5
5
5
5
5
5
5
5
5
5
5
5
5
5
5
5
5
5
5
5
5
5
5
5
5
5
5
5
5
5
5
5
5
5
5
5
5
5
5
5
5
5
5
5
5
5
5
5
5
5
5
5
5
5
5
5
5
5
5
5
5
5
5
5
5
5
5
5
5
5
5
5
5
5
5
5
5
5
5
5
5
5
5
5
5
5
5
5
5
5
5
5
5
5
5
5
5
5
5
5
5
5
5
5
5
5
5
5
5
5
5
5
5
5
5
5
5
5
5
5
5
5
5
5
5
5
5
5
5
5
5
5
5
5
5
5
5
5
5
5
5
5
5
5
5
5
5
5
5
5
5
5
5
5
5
5
5
5
5
5
5
5
5
5
5
5
5
5
5
5
5
5
5
5
5
5
5
5
5
5
5
5
5
5
5
5
5
5
5
5
5
5
5
5
5
5
5
5
5
5
5
5
5
5
5
5
5
5
5
5
5
5
5
5
5
5
5
5
5
5
5
5
5
5
5
5
5
5
5
5
5
5
5
5
5
5
5
5
5
5
5
5
5
5
5
5
5
5
5
5
5
5
5
5
5
5
5
5
5
5
5
5
5
5
5
5
5
5
5
5
5
5
5
5
5
5
5
5
5
5
5
5
5
5
5
5
5
5
5
5
5
5
5
5
5
5
5
5
5
5
5
5
5
5
5
5
5
5
5
5
5
5
5
5
5
5
5
5
5
5
5
5
5
5
5
5
5
5
5
5
5
5
5
5
5
5
5
5
5
5
5
5
5
5
5
5
5
5
5
5
5
5
5
5
5
5
5
5
5
5
5
5
5
5
5
5
5
5
5
5
5
5
5
5
5
5
5
5
5
5
5
5
5
5
5
5
5
5
5
5
5
5
5
5
5
5
5
5
5
5
5
5
5
5
5
5
5
5
5
5
5
5
5
5
5
5
5
5
5
5
5
5
5
5
5
5
5
5
5
5
5
5
5
5
5
5
5
5
5
5
5
5
5
5
5
5
5
5
5
5
5
5
5
5
5
5
5
5
5
5
5
5
5
5
5
5
5
5
5
5
5
5
5
5
5
5
5
5
5
5
5
5
5
5
5
5
5
5
5
5
5
5
5
5
5
5
5
5
5
5
5
5
5
5
5
5
5
5
5
5
5
5
5
5
5
5
5
5
5
5
5
5
5
5
5
5
5
5
5
5
5
5
5
5
5
5
5
5
5
5
5
5
5
5
5
5
5
5
5
5
5
5
5
5
5
5
5
5
5
5
5
5
5
5
5
5
5
5
5
5
5
5
5
5
5
5
5
5
5
5
5
5
5
5
5
5
5
5
5
5
5
5
5
5
5
5
5
5
5
5
5
5
5
5
5
5
5
5
5
5
5
5
5
5
5
5
5
5
5
5
5
5
5
5
5
5
5
5
5
5
5
5
5
5
5
5
5
5
5
5
5
5
5
5
5
5
5
5
5
5
5
5
5
5
5
5
5
5
5
5
5
5
5
5
5
5
5
5
5
5
5
5
5
5
5
5
5
5
5
5
5
5
5
5
5
5
5
5
5
5
5
5
5
5
5
5
5
5
5
5
5
5
5
5
5
5
5
5
5
5
5
5
5
5
5
5
5
5
5
5
5
5
5
5
5
5
5
5
5
5
5
5
5
5
5
5
5
5
5
5
5
5
5
5
5
5
5
5
5
5
5
5
5
5
5
5
5
5
5
5
5
5
5
5
5
5
5
5
5
5
5
5
5
5
5
5
5
5
5
5
5
5
5
5
5
5
5
5
5
5
5
5
5
5
5
5
5
5
5
5
5
5
5
5
5
5
5
5
5
5
5
5
5
5
5
5
5
5
5
5
5
5
5
5
5
5
5
5
5
5
5
5
5
5
5
5
5
5
5
5
5
5
5
5
5
5
5
5
5
5
5
5
5
5
5
5
5
5
5
5
5
5
5
5
5
5
5
5
5
5
5
5
5
5
5
5
5
5
5
5
5
5
5
5
5
5
5
5
5
5
5
5
5
5
5
5
5
5
5
5
5
5
5
5
5
5
5
5
5
5
5
5
5
5
5
5
5
5
5
5
5
5
5
5
5
5
5
5
5
5
5
5
5
5
5
5
5
5
5
5
5
5
5
5
5
5
5
5
5
5
5
5
5
5
5
5
5
5
5
5
5
5
5
5
5
5
5
5
5
5
5
5
5
5
5
5
5
5
5
5
5
5
5
5
5
5
5
5
5
5
5
5
5
5
5
5
5
5
5
5
5
5
5
5
5
5
5
5
5
5
5
5
5
5
5
5
5
5
5
5
5
5
5
5
5
5
5
5
5
5
5
5
5
5
5
5
5
5
5
5
5
5
5
5
5
5
5
5
5
5
5
5
5
5
5
5
5
5
5
5
5
5
5
5
5
5
5
5
5
5
5
5
5
5
5
5
5
5
5
5
5
5
5
5
5
5
5
5
5
5
5
5
5
5
5
5
5
5
5
5
5
5
5
5
5
5
5
5
5
5
5
5
5
5
5
5
5
5
5
5
5
5
5
5
5
5
5
5
5
5
5
5
5
5
5
5
5
5
5
5
5
5
5
5
5
5
5
5
5
5
5
5
5
5
5
5
5
5
5
5
5
5
5
5
5
5
5
5
5
5
5
5
5
5
5
5
5
5
5
5
5
5
5
5
5
5
5
5
5
5
5
5
5
5
5
5
5
5
5
5
5
5
5
5
5
5
5
5
5
5
5
5
5
5
5
5
5
5
5
5
5
5
5
5
5
5
5
5
5
5
5
5
5
5
5
5
5
5
5
5
5
5
5
5
5
5
5
5
5
5
5
5
5
5
5
5
5
5
5
5
5
5
5
5
5
5
5
5
5
5
5
5
5
5
5
5
5
5
5
5
5
5
5
5
5
5
5
5
5
5
5
5
5
5
5
5
5
5
5
5
5
5
5
5
5
5
5
5
5
5
5
5
5
5
5
5
5
5
5
5
5
5
5
5
5
5
5
5
5
5
5
5
5
5
5
5
5
5
5
5
5
5
5
5
5
5
5
5
5
5
5
5
5
5
5
5
5
5
5
5
5
5
5
5
5
5
5
5
5
5
5
5
5
5
5
5
5
5
5
5
5
5
5
5
5
5
5
5
5
5
5
5
5
5
5
5
5
5
5
5
5
5
5
5
5
5
5
5
5
5
5
5
5
5
5
5
5
5
5
5
5
5
5
5
5
5
5
5
5
5
5
5
5
5
5
5
5
5
5
5
5
5
5
5
5
5
5
5
5
5
5
5
5
5
5
5
5
5
5
5
5
5
5
5
5
5
5
5
5
5
5
5
5
5
5
5
5
5
5
5
5
5
5
5
5
5
5
5
5
5
5
5
5
5
5
5
5
5
5
5
5
5
5
5
5
5
5
5
5
5
5
5
5
5
5
5
5
5
5
5
5
5
5
5
5
5
5
5
5
5
5
5
5
5
5
5
5
5
5
5
5
5
5
5
5
5
5
5
5
5
5
5
5
5
5
5
5
5
5
5
5
5
5
5
5
5
5
5
5
5
5
5
5
5
5
5
5
5
5
5
5
5
5
5
5
5
5
5
5
5
5
5
5
5
5
5
5
5
5
5
5
5
5
5
5
5
5
5
5
5
5
5
5
5
5
5
5
5
5
5
5
5
5
5
5
5
5
5
5
5
5
5
5
5
5
5
5
5
5
5
5
5
5
5
5
5
5
5
5
5
5
5
5
5
5
5
5
5
5
5
5
5
5
5
5
5
5
5
5
5
5
5
5
5
5
5
5
5
5
5
5
5
5
5
5
5
5
5
5
5
5
5
5
5
5
5
5
5
5
5
5
5
5
5
5
5
5
5
5
5
5
5
5
5
5
5
5
5
5
5
5
5
5
5
5
5
5
5
5
5
5
5
5
5
5
5
5
5
5
5
5
5
5
5
5
5
5
5
5
5
5
5
5
5
5
5
5
5
5
5
5
5
5
5
5
5
5
5
5
5
5
5
5
5
5
5
5
5
5
5
5
5
5
5
5
5
5
5
5
5
5
5
5
5
5
5
5
5
5
5
5
5
5
5
5
5
5
5
5
5
5
5
5
5
5
5
5
5
5
5
5
5
5
5
5
5
5
5
5
5
5
5
5
5
5
5
5
5
5
5
5
5
5
5
5
5
5
5
5
5
5
5
5
5
5
5
5
5
5
5
5
5
5
5
5
5
5
5
5
5
5
5
5
5
5
5
5
5
5
5
5
5
5
5
5
5
5
5
5
5
5
5
5
5
5
5
5
5
5
5
5
5
5
5
5
5
5
5
5
5
5
5
5
5
5
5
5
5
5
5
5
5
5
5
5
5
5
5
5
5
5
5
5
5
5
5
5
5
5
5
5
5
5
5
5
5
5
5
5
5
5
5
5
5
5
5
5
5
5
5
5
5
5
5
5
5
5
5
5
5
5
5
5
5
5
5
5
5
5
5
5
5
5
5
5
5
5
5
5
5
5
5
5
5
5
5
5
5
5
5
5
5
5
5
5
5
5
5
5
5
5
5
5
5
5
5
5
5
5
5
5
5
5
5
5
5
5
5
5
5
5
5
5
5
5
5
5
5
5
5
5
5
5
5
5
5
5
5
5
5
5
5
5
5
5
5
5
5
5
5
5
5
5
5
5
5
5
5
5
5
5
5
5
5
5
5
5
5
5
5
5
5
5
5
5
5
5
5
5
5
5
5
5
5
5
5
5
5
5
5
5
5
5
5
5
5
5
5
5
5
5
5
5
5
5
5
5
5
5
5
5
5
5
5
5
5
5
5
5
5
5
5
5
5
5
5
5
5
5
5
5
5
5
5
5
5
5
5
5
5
5
5
5
5
5
5
5
5
5
5
5
5
5
5
5
5
5
5
5
5
5
5
5
5
5
5
5
5
5
5
5
5
5
5
5
5
5
5
5
5
5
5
5
5
5
5
5
5
5
5
5
5
5
5
5
5
5
5
5
5
5
5
5
5
5
5
5
5
5
5
5
5
5
5
5
5
5
5
5
5
5
5
5
5
5
5
5
5
5
5
5
5
5
5
5
5
5
5
5
5
5
5
5
5
5
5
5
5
5
5
5
5
5
5
5
5
5
5
5
5
5
5
5
5
5
5
5
5
5
5
5
5
5
5
5
5
5
5
5
5
5
5
5
5
5
5
5
5
5
5
5
5
5
5
5
5
5
5
5
5
5
5
5
5
5
5
5
5
5
5
5
5
5
5
5
5
5
5
5
5
5
5
5
5
5
5
5
5
5
5
5
5
5
5
5
5
5
5
5
5
5
5
5
5
5
5
5
5
5
5
5
5
5
5
5
5
5
5
5
5
5
5
5
5
5
5
5
5
5
5
5
5
5
5
5
5
5
5
5
5
5
5
5
5
5
5
5
5
5
5
5
5
5
5
5
5
5
5
5
5
5
5
5
5
5
5
5
5
5
5
5
5
5
5
5
5
5
5
5
5
5
5
5
5
5
5
5
5
5
5
5
5
5
5
5
5
5
5
5
5
5
5
5
5
5
5
5
5
5
5
5
5
5
5
5
5
5
5
5
5
5
5
5
5
5
5
5
5
5
5
5
5
5
5
5
5
5
5
5
5
5
5
5
5
5
5
5
5
5
5
5
5
5
5
5
5
5
5
5
5
5
5
5
5
5
5
5
5
5
5
5
5
5
5
5
5
5
5
5
5
5
5
5
5
5
5
5
5
5
5
5
5
5
5
5
5
5
5
5
5
5
5
5
5
5
5
5
5
5
5
5
5
5
5
5
5
5
5
5
5
5
5
5
5
5
5
5
5
5
5
5
5
5
5
5
5
5
5
5
5
5
5
5
5
5
5
5
5
5
5
5
5
5
5
5
5
5
5
5
5
5
5
5
5
5
5
5
5
5
5
5
5
5
5
5
5
5
5
5
5
5
5
5
5
5
5
5
5
5
5
5
5
5
5
5
5
5
5
5
5
5
5
5
5
5
5
5
5
5
5
5
5
5
5
5
5
5
5
5
5
5
5
5
5
5
5
5
5
5
5
5
5
5
5
5
5
5
5
5
5
5
5
5
5
5
5
5
5
5
5
5
5
5
5
5
5
5
5
5
5
5
5
5
5
5
5
5
5
5
5
5
5
5
5
5
5
5
5
5
5
5
5
5
5
5
5
5
5
5
5
5
5
5
5
5
5
5
5
5
5
5
5
5
5
5
5
5
5
5
5
5
5
5
5
5
5
5
5
5
5
5
5
5
5
5
5
5
5
5
5
5
5
5
5
5
5
5
5
5
5
5
5
5
5
5
5
5
5
5
5
5
5
5
5
5
5
5
5
5
5
5
5
5
5
5
5
5
5
5
5
5
5
5
5
5
5
5
5
5
5
5
5
5
5
5
5
5
5
5
5
5
5
5
5
5
5
5
5
5
5
5
5
5
5
5
5
5
5
5
5
5
5
5
5
5
5
5
5
5
5
5
5
5
5
5
5
5
5
5
5
5
5
5
5
5
5
5
5
5
5
5
5
5
5
5
5
5
5
5
5
5
5
5
5
5
5
5
5
5
5
5
5
5
5
5
5
5
5
5
5
5
5
5
5
5
5
5
5
5
5
5
5
5
5
5
5
5
5
5
5
5
5
5
5
5
5
5
5
5
5
5
5
5
5
5
5
5
5
5
5
5
5
5
5
5
5
5
5
5
5
5
5
5
5
5
5
5
5
5
5
5
5
5
5
5
5
5
5
5
5
5
5
5
5
5
5
5
5
5
5
5
5
5
5
5
5
5
5
5
5
5
5
5
5
5
5
5
5
5
5
5
5
5
5
5
5
5
5
5
5
5
5
5
5
5
5
5
5
5
5
5
5
5
5
5
5
5
5
5
5
5
5
5
5
5
5
5
5
5
5
5
5
5
5
5
5
5
5
5
5
5
5
5
5
5
5
5
5
5
5
5
5
5
5
5
5
5
5
5
5
5
5
5
5
5
5
5
5
5
5
5
5
5
5
5
5
5
5
5
5
5
5
5
5
5
5
5
5
5
5
5
5
5
5
5
5
5
5
5
5
5
5
5
5
5
5
5
5
5
5
5
5
5
5
5
5
5
5
5
5
5
5
5
5
5
5
5
5
5
5
5
5
5
5
5
5
5
5
5
5
5
5
5
5
5
5
5
5
5
5
5
5
5
5
5
5
5
5
5
5
5
5
5
5
5
5
5
5
5
5
5
5
5
5
5
5
5
5
5
5
5
5
5
5
5
5
5
5
5
5
5
5
5
5
5
5
5
5
5
5
5
5
5
5
5
5
5
5
5
5
5
5
5
5
5
5
5
5
5
5
5
5
5
5
5
5
5
5
5
5
5
5
5
5
5
5
5
5
5
5
5
5
5
5
5
5
5
5
5
5
5
5
5
5
5
5
5
5
5
5
5
5
5
5
5
5
5
5
5
5
5
5
5
5
5
5
5
5
5
5
5
5
5
5
5
5
5
5
5
5
5
5
5
5
5
5
5
5
5
5
5
5
5
5
5
5
5
5
5
5
5
5
5
5
5
5
5
5
5
5
5
5
5
5
5
5
5
5
5
5
5
5
5
5
5
5
5
5
5
5
5
5
5
5
5
5
5
5
5
5
5
5
5
5
5
5
5
5
5
5
5
5
5
5
5
5
5
5
5
5
5
5
5
5
5
5
5
5
5
5
5
5
5
5
5
5
5
5
5
5
5
5
5
5
5
5
5
5
5
5
5
5
5
5
5
5
5
5
5
5
5
5
5
5
5
5
5
5
5
5
5
5
5
5
5
5
5
5
5
5
5
5
5
5
5
5
5
5
5
5
5
5
5
5
5
5
5
5
5
5
5
5
5
5
5
5
5
5
5
5
5
5
5
5
5
5
5
5
5
5
5
5
5
5
5
5
5
5
5
5
5
5
5
5
5
5
5
5
5
5
5
5
5
5
5
5
5
5
5
5
5
5
5
5
5
5
5
5
5
5
5
5
5
5
5
5
5
5
5
5
5
5
5
5
5
5
5
5
5
5
5
5
5
5
5
5
5
5
5
5
5
5
5
5
5
5
5
5
5
5
5
5
5
5
5
5
5
5
5
5
5
5
5
5
5
5
5
5
5
5
5
5
5
5
5
5
5
5
5
5
5
5
5
5
5
5
5
5
5
5
5
5
5
5
5
5
5
5
5
5
5
5
5
5
5
5
5
5
5
5
5
5
5
5
5
5
5
5
5
5
5
5
5
5
5
5
5
5
5
5
5
5
5
5
5
5
5
5
5
5
5
5
5
5
5
5
5
5
5
5
5
5
5
5
5
5
5
5
5
5
5
5
5
5
5
5
5
5
5
5
5
5
5
5
5
5
5
5
5
5
5
5
5
5
5
5
5
5
5
5
5
5
5
5
5
5
5
5
5
5
5
5
5
5
5
5
5
5
5
5
5
5
5
5
5
5
5
5
5
5
5
5
5
5
5
5
5
5
5
5
5
5
5
5
5
5
5
5
5
5
5
5
5
5
5
5
5
5
5
5
5
5
5
5
5
5
5
5
5
5
5
5
5
5
5
5
5
5
5
5
5
5
5
5
5
5
5
5
5
5
5
5
5
5
5
5
5
5
5
5
5
5
5
5
5
5
5
5
5
5
5
5
5
5
5
5
5
5
5
5
5
5
5
5
5
5
5
5
5
5
5
5
5
5
5
5
5
5
5
5
5
5
5
5
5
5
5
5
5
5
5
5
5
5
5
5
5
5
5
5
5
5
5
5
5
5
5
5
5
5
5
5
5
5
5
5
5
5
5
5
5
5
5
5
5
5
5
5
5
5
5
5
5
5
5
5
5
5
5
5
5
5
5
5
5
5
5
5
5
5
5
5
5
5
5
5
5
5
5
5
5
5
5
5
5
5
5
5
5
5
5
5
5
5
5
5
5
5
5
5
5
5
5
5
5
5
5
5
5
5
5
5
5
5
5
5
5
5
5
5
5
5
5
5
5
5
5
5
5
5
5
5
5
5
5
5
5
5
5
5
5
5
5
5
5
5
5
5
5
5
5
5
5
5
5
5
5
5
5
5
5
5
5
5
5
5
5
5
5
5
5
5
5
5
5
5
5
5
5
5
5
5
5
5
5
5
5
5
5
5
5
5
5
5
5
5
5
5
5
5
5
5
5
5
5
5
5
5
5
5
5
5
5
5
5
5
5
5
5
5
5
5
5
5
5
5
5
5
5
5
5
5
5
5
5
5
5
5
5
5
5
5
5
5
5
5
5
5
5
5
5
5
5
5
5
5
5
5
5
5
5
5
5
5
5
5
5
5
5
5
5
5
5
5
5
5
5
5
5
5
5
5
5
5
5
5
5
5
5
5
5
5
5
5
5
5
5
5
5
5
5
5
5
5
5
5
5
5
5
5
5
5
5
5
5
5
5
5
5
5
5
5
5
5
5
5
5
5
5
5
5
5
5
5
5
5
5
5
5
5
5
5
5
5
5
5
5
5
5
5
5
5
5
5
5
5
5
5
5
5
5
5
5
5
5
5
5
5
5
5
5
5
5
5
5
5
5
5
5
5
5
5
5
5
5
5
5
5
5
5
5
5
5
5
5
5
5
5
5
5
5
5
5
5
5
5
5
5
5
5
5
5
5
5
5
5
5
5
5
5
5
5
5
5
5
5
5
5
5
5
5
5
5
5
5
5
5
5
5
5
5
5
5
5
5
5
5
5
5
5
5
5
5
5
5
5
5
5
5
5
5
5
5
5
5
5
5
5
5
5
5
5
5
5
5
5
5
5
5
5
5
5
5
5
5
5
5
5
5
5
5
5
5
5
5
5
5
5
5
5
5
5
5
5
5
5
5
5
5
5
5
5
5
5
5
5
5
5
5
5
5
5
5
5
5
5
5
5
5
5
5
5
5
5
5
5
5
5
5
5
5
5
5
5
5
5
5
5
5
5
5
5
5
5
5
5
5
5
5
5
5
5
5
5
5
5
5
5
5
5
5
5
5
5
5
5
5
5
5
5
5
5
5
5
5
5
5
5
5
5
5
5
5
5
5
5
5
5
5
5
5
5
5
5
5
5
5
5
5
5
5
5
5
5
5
5
5
5
5
5
5
5
5
5
5
5
5
5
5
5
5
5
5
5
5
5
5
5
5
5
5
5
5
5
5
5
5
5
5
5
5
5
5
5
5
5
5
5
5
5
5
5
5
5
5
5
5
5
5
5
5
5
5
5
5
5
5
5
5
5
5
5
5
5
5
5
5
5
5
5
5
5
5
5
5
5
5
5
5
5
5
5
5
5
5
5
5
5
5
5
5
5
5
5
5
5
5
5
5
5
5
5
5
5
5
5
5
5
5
5
5
5
5
5
5
5
5
5
5
5
5
5
5
5
5
5
5
5
5
5
5
5
5
5
5
5
5
5
5
5
5
5
5
5
5
5
5
5
5
5
5
5
5
5
5
5
5
5
5
5
5
5
5
5
5
5
5
5
5
5
5
5
5
5
5
5
5
5
5
5
5
5
5
5
5
5
5
5
5
5
5
5
5
5
5
5
5
5
5
5
5
5
5
5
5
5
5
5
5
5
5
5
5
5
5
5
5
5
5
5
5
5
5
5
5
5
5
5
5
5
5
5
5
5
5
5
5
5
5
5
5
5
5
5
5
5
5
5
5
5
5
5
5
5
5
5
5
5
5
5
5
5
5
5
5
5
5
5
5
5
5
5
5
5
5
5
5
5
5
5
5
5
5
5
5
5
5
5
5
5
5
5
5
5
5
5
5
5
5
5
5
5
5
5
5
5
5
5
5
5
5
5
5
5
5
5
5
5
5
5
5
5
5
5
5
5
5
5
5
5
5
5
5
5
5
5
5
5
5
5
5
5
5
5
5
5
5
5
5
5
5
5
5
5
5
5
5
5
5
5
5
5
5
5
5
5
5
5
5
5
5
5
5
5
5
5
5
5
5
5
5
5
5
5
5
5
5
5
5
5
5
5
5
5
5
5
5
5
5
5
5
5
5
5
5
5
5
5
5
5
5
5
5
5
5
5
5
5
5
5
5
5
5
5
5
5
5
5
5
5
5
5
5
5
5
5
5
5
5
5
5
5
5
5
5
5
5
5
5
5
5
5
5
5
5
5
5
5
5
5
5
5
5
5
5
5
5
5
5
5
5
5
5
5
5
5
5
5
5
5
5
5
5
5
5
5
5
5
5
5
5
5
5
5
5
5
5
5
5
5
5
5
5
5
5
5
5
5
5
5
5
5
5
5
5
5
5
5
5
5
5
5
5
5
5
5
5
5
5
5
5
5
5
5
5
5
5
5
5
5
5
5
5
5
5
5
5
5
5
5
5
5
5
5
5
5
5
5
5
5
5
5
5
5
5
5
5
5
5
5
5
5
5
5
5
5
5
5
5
5
5
5
5
5
5
5
5
5
5
5
5
5
5
5
5
5
5
5
5
5
5
5
5
5
5
5
5
5
5
5
5
5
5
5
5
5
5
5
5
5
5
5
5
5
5
5
5
5
5
5
5
5
5
5
5
5
5
5
5
5
5
5
5
5
5
5
5
5
5
5
5
5
5
5
5
5
5
5
5
5
5
5
5
5
5
5
5
5
5
5
5
5
5
5
5
5
5
5
5
5
5
5
5
5
5
5
5
5
5
5
5
5
5
5
5
5
5
5
5
5
5
5
5
5
5
5
5
5
5
5
5
5
5
5
5
5
5
5
5
5
5
5
5
5
5
5
5
5
5
5
5
5
5
5
5
5
5
5
5
5
5
5
5
5
5
5
5
5
5
5
5
5
5
5
5
5
5
5
5
5
5
5
5
5
5
5
5
5
5
5
5
5
5
5
5
5
5
5
5
5
5
5
5
5
5
5
5
5
5
5
5
5
5
5
5
5
5
5
5
5
5
5
5
5
5
5
5
5
5
5
5
5
5
5
5
5
5
5
5
5
5
5
5
5
5
5
5
5
5
5
5
5
5
5
5
5
5
5
5
5
5
5
5
5
5
5
5
5
5
5
5
5
5
5
5
5
5
5
5
5
5
5
5
5
5
5
5
5
5
5
5
5
5
5
5
5
5
5
5
5
5
5
5
5
5
5
5
5
5
5
5
5
5
5
5
5
5
5
5
5
5
5
5
5
5
5
5
5
5
5
5
5
5
5
5
5
5
5
5
5
5
5
5
5
5
5
5
5
5
5
5
5
5
5
5
5
5
5
5
5
5
5
5
5
5
5
5
5
5
5
5
5
5
5
5
5
5
5
5
5
5
5
5
5
5
5
5
5
5
5
5
5
5
5
5
5
5
5
5
5
5
5
5
5
5
5
5
5
5
5
5
5
5
5
5
5
5
5
5
5
5
5
5
5
5
5
5
5
5
5
5
5
5
5
5
5
5
5
5
5
5
5
5
5
5
5
5
5
5
5
5
5
5
5
5
5
5
5
5
5
5
5
5
5
5
5
5
5
5
5
5
5
5
5
5
5
5
5
5
5
5
5
5
5
5
5
5
5
5
5
5
5
5
5
5
5
5
5
5
5
5
5
5
5
5
5
5
5
5
5
5
5
5
5
5
5
5
5
5
5
5
5
5
5
5
5
5
5
5
5
5
5
5
5
5
5
5
5
5
5
5
5
5
5
5
5
5
5
5
5
5
5
5
5
5
5
5
5
5
5
5
5
5
5
5
5
5
5
5
5
5
5
5
5
5
5
5
5
5
5
5
5
5
5
5
5
5
5
5
5
5
5
5
5
5
5
5
5
5
5
5
5
5
5
5
5
5
5
5
5
5
5
5
5
5
5
5
5
5
5
5
5
5
5
5
5
5
5
5
5
5
5
5
5
5
5
5
5
5
5
5
5
5
5
5
5
5
5
5
5
5
5
5
5
5
5
5
5
5
5
5
5
5
5
5
5
5
5
5
5
5
5
5
5
5
5
5
5
5
5
5
5
5
5
5
5
5
5
5
5
5
5
5
5
5
5
5
5
5
5
5
5
5
5
5
5
5
5
5
5
5
5
5
5
5
5
5
5
5
5
5
5
5
5
5
5
5
5
5
5
5
5
5
5
5
5
5
5
5
5
5
5
5
5
5
5
5
5
5
5
5
5
5
5
5
5
5
5
5
5
5
5
5
5
5
5
5
5
5
5
5
5
5
5
5
5
5
5
5
5
5
5
5
5
5
5
5
5
5
5
5
5
5
5
5
5
5
5
5
5
5
5
5
5
5
5
5
5
5
5
5
5
5
5
5
5
5
5
5
5
5
5
5
5
5
5
5
5
5
5
5
5
5
5
5
5
5
5
5
5
5
5
5
5
5
5
5
5
5
5
5
5
5
5
5
5
5
5
5
5
5
5
5
5
5
5
5
5
5
5
5
5
5
5
5
5
5
5
5
5
5
5
5
5
5
5
5
5
5
5
5
5
5
5
5
5
5
5
5
5
5
5
5
5
5
5
5
5
5
5
5
5
5
5
5
5
5
5
5
5
5
5
5
5
5
5
5
5
5
5
5
5
5
5
5
5
5
5
5
5
5
5
5
5
5
5
5
5
5
5
5
5
5
5
5
5
5
5
5
5
5
5
5
5
5
5
5
5
5
5
5
5
5
5
5
5
5
5
5
5
5
5
5
5
5
5
5
5
5
5
5
5
5
5
5
5
5
5
5
5
5
5
5
5
5
5
5
5
5
5
5
5
5
5
5
5
5
5
5
5
5
5
5
5
5
5
5
5
5
5
5
5
5
5
5
5
5
5
5
5
5
5
5
5
5
5
5
5
5
5
5
5
5
5
5
5
5
5
5
5
5
5
5
5
5
5
5
5
5
5
5
5
5
5
5
5
5
5
5
5
5
5
5
5
5
5
5
5
5
5
5
5
5
5
5
5
5
5
5
5
5
5
5
5
5
5
5
5
5
5
5
5
5
5
5
5
5
5
5
5
5
5
5
5
5
5
5
5
5
5
5
5
5
5
5
5
5
5
5
5
5
5
5
5
5
5
5
5
5
5
5
5
5
5
5
5
5
5
5
5
5
5
5
5
5
5
5
5
5
5
5
5
5
5
5
5
5
5
5
5
5
5
5
5
5
5
5
5
5
5
5
5
5
5
5
5
5
5
5
5
5
5
5
5
5
5
5
5
5
5
5
5
5
5
5
5
5
5
5
5
5
5
5
5
5
5
5
5
5
5
5
5
5
5
5
5
5
5
5
5
5
5
5
5
5
5
5
5
5
5
5
5
5
5
5
5
5
5
5
5
5
5
5
5
5
5
5
5
5
5
5
5
5
5
5
5
5
5
5
5
5
5
5
5
5
5
5
5
5
5
5
5
5
5
5
5
5
5
5
5
5
5
5
5
5
5
5
5
5
5
5
5
5
5
5
5
5
5
5
5
5
5
5
5
5
5
5
5
5
5
5
5
5
5
5
5
5
5
5
5
5
5
5
5
5
5
5
5
5
5
5
5
5
5
5
5
5
5
5
5
5
5
5
5
5
5
5
5
5
5
5
5
5
5
5
5
5
5
5
5
5
5
5
5
5
5
5
5
5
5
5
5
5
5
5
5
5
5
5
5
5
5
5
5
5
5
5
5
5
5
5
5
5
5
5
5
5
5
5
5
5
5
5
5
5
5
5
5
5
5
5
5
5
5
5
5
5
5
5
5
5
5
5
5
5
5
5
5
5
5
5
5
5
5
5
5
5
5
5
5
5
5
5
5
5
5
5
5
5
5
5
5
5
5
5
5
5
5
5
5
5
5
5
5
5
5
5
5
5
5
5
5
5
5
5
5
5
5
5
5
5
5
5
5
5
5
5
5
5
5
5
5
5
5
5
5
5
5
5
5
5
5
5
5
5
5
5
5
5
5
5
5
5
5
5
5
5
5
5
5
5
5
5
5
5
5
5
5
5
5
5
5
5
5
5
5
5
5
5
5
5
5
5
5
5
5
5
5
5
5
5
5
5
5
5
5
5
5
5
5
5
5
5
5
5
5
5
5
5
5
5
5
5
5
5
5
5
5
5
5
5
5
5
5
5
5
5
5
5
5
5
5
5
5
5
5
5
5
5
5
5
5
5
5
5
5
5
5
5
5
5
5
5
5
5
5
5
5
5
5
5
5
5
5
5
5
5
5
5
5
5
5
5
5
5
5
5
5
5
5
5
5
5
5
5
5
5
5
5
5
5
5
5
5
5
5
5
5
5
5
5
5
5
5
5
5
5
5
5
5
5
5
5
5
5
5
5
5
5
5
5
5
5
5
5
5
5
5
5
5
5
5
5
5
5
5
5
5
5
5
5
5
5
5
5
5
5
5
5
5
5
5
5
5
5
5
5
5
5
5
5
5
5
5
5
5
5
5
5
5
5
5
5
5
5
5
5
5
5
5
5
5
5
5
5
5
5
5
5
5
5
5
5
5
5
5
5
5
5
5
5
5
5
5
5
5
5
5
5
5
5
5
5
5
5
5
5
5
5
5

CELL_DATA 20703
SCALARS CellEntityIds int 1
LOOKUP_TABLE default
2
2
2
2
2
2
2
2
2
2
2
2
2
2
2
2
2
2
2
2
2
2
2
2
2
2
2
2
2
2
2
2
2
2
2
2
2
2
2
2
2
2
2
2
2
2
2
2
2
2
2
2
2
2
2
2
2
2
2
2
2
2
2
2
2
2
2
2
2
2
2
2
2
2
2
2
2
2
2
2
2
2
2
2
2
2
2
2
2
2
2
2
2
2
2
2
2
2
2
2
2
2
2
2
2
2
2
2
2
2
2
2
2
2
2
2
2
2
2
2
2
2
2
2
2
2
2
2
2
2
2
2
2
2
2
2
2
2
2
2
2
2
2
2
2
2
2
2
2
2
2
2
2
2
2
2
2
2
2
2
2
2
2
2
2
2
2
2
2
2
2
2
2
2
2
2
2
2
2
2
2
2
2
2
2
2
2
2
2
2
2
2
2
2
2
2
2
2
2
2
2
2
2
2
2
2
2
2
2
2
2
2
2
2
2
2
2
2
2
2
2
2
2
2
2
2
2
2
2
2
2
2
2
2
2
2
2
2
2
2
2
2
2
2
2
2
2
2
2
2
2
2
2
2
2
2
2
2
2
2
2
2
2
2
2
2
2
2
2
2
2
2
2
2
2
2
2
2
2
2
2
2
2
2
2
2
2
2
2
2
2
2
2
2
2
2
2
2
2
2
2
2
2
2
2
2
2
2
2
2
2
2
2
2
2
2
2
2
2
2
2
2
2
2
2
2
2
2
2
2
2
2
2
2
2
2
2
2
2
2
2
2
2
2
2
2
2
2
2
2
2
2
2
2
2
2
2
2
2
2
2
2
2
2
2
2
2
2
2
2
2
2
2
2
2
2
2
2
2
2
2
2
2
2
2
2
2
2
2
2
2
2
2
2
2
2
2
2
2
2
2
2
2
2
2
2
2
2
2
2
2
2
2
2
2
2
2
2
2
2
2
2
2
2
2
2
2
2
2
2
2
2
2
2
2
2
2
2
2
2
2
2
2
2
2
2
2
2
2
2
2
2
2
2
2
2
2
2
2
2
2
2
2
2
2
2
2
2
2
2
2
2
2
2
2
2
2
2
2
2
2
2
2
2
2
2
2
2
2
2
2
2
2
2
2
2
2
2
2
2
2
2
2
2
2
2
2
2
2
2
2
2
2
2
2
2
2
2
2
2
2
2
2
2
2
2
2
2
2
2
2
2
2
2
2
2
2
2
2
2
2
2
2
2
2
2
2
2
2
2
2
2
2
2
2
2
2
2
2
2
2
2
2
2
2
2
2
2
2
2
2
2
2
2
2
2
2
2
2
2
2
2
2
2
2
2
2
2
2
2
2
2
2
2
2
2
2
2
2
2
2
2
2
2
2
2
2
2
2
2
2
2
2
2
2
2
2
2
2
2
2
2
2
2
2
2
2
2
2
2
2
2
2
2
2
2
2
2
2
2
2
2
2
2
2
2
2
2
2
2
2
2
2
2
2
2
2
2
2
2
2
2
2
2
2
2
2
2
2
2
2
2
2
2
2
2
2
2
2
2
2
2
2
2
2
2
2
2
2
2
2
2
2
2
2
2
2
2
2
2
2
2
2
2
2
2
2
2
2
2
2
2
2
2
2
2
2
2
2
2
2
2
2
2
2
2
2
2
2
2
2
2
2
2
2
2
2
2
2
2
2
2
2
2
2
2
2
2
2
2
2
2
2
2
2
2
2
2
2
2
2
2
2
2
2
2
2
2
2
2
2
2
2
2
2
2
2
2
2
2
2
2
2
2
2
2
2
2
2
2
2
2
2
2
2
2
2
2
2
2
2
2
2
2
2
2
2
2
2
2
2
2
2
2
2
2
2
2
2
2
2
2
2
2
2
2
2
2
2
2
2
2
2
2
2
2
2
2
2
2
2
2
2
2
2
2
2
2
2
2
2
2
2
2
2
2
2
2
2
2
2
2
2
2
2
2
2
2
2
2
2
2
2
2
2
2
2
2
2
2
2
2
2
2
2
2
2
2
2
2
2
2
2
2
2
2
2
2
2
2
2
2
2
2
2
2
2
2
2
2
2
2
2
2
2
2
2
2
2
2
2
2
2
2
2
2
2
2
2
2
2
2
2
2
2
2
2
2
2
2
2
2
2
2
2
2
2
2
2
2
2
2
2
2
2
2
2
2
2
2
2
2
2
2
2
2
2
2
2
2
2
2
2
2
2
2
2
2
2
2
2
2
2
2
2
2
2
2
2
2
2
2
2
2
2
2
2
2
2
2
2
2
2
2
2
2
2
2
2
2
2
2
2
2
2
2
2
2
2
2
2
2
2
2
2
2
2
2
2
2
2
2
2
2
2
2
2
2
2
2
2
2
2
2
2
2
2
2
2
2
2
2
2
2
2
2
2
2
2
2
2
2
2
2
2
2
2
2
2
2
2
2
2
2
2
2
2
2
2
2
2
2
2
2
2
2
2
2
2
2
2
2
2
2
2
2
2
2
2
2
2
2
2
2
2
2
2
2
2
2
2
2
2
2
2
2
2
2
2
2
2
2
2
2
2
2
2
2
2
2
2
2
2
2
2
2
2
2
2
2
2
2
2
2
2
2
2
2
2
2
2
2
2
2
2
2
2
2
2
2
2
2
2
2
2
2
2
2
2
2
2
2
2
2
2
2
2
2
2
2
2
2
2
2
2
2
2
2
2
2
2
2
2
2
2
2
2
2
2
2
2
2
2
2
2
2
2
2
2
2
2
2
2
2
2
2
2
2
2
2
2
2
2
2
2
2
2
2
2
2
2
2
2
2
2
2
2
2
2
2
2
2
2
2
2
2
2
2
2
2
2
2
2
2
2
2
2
2
2
2
2
2
2
2
2
2
2
2
2
2
2
2
2
2
2
2
2
2
2
2
2
2
2
2
2
2
2
2
2
2
2
2
2
2
2
2
2
2
2
2
2
2
2
2
2
2
2
2
2
2
2
2
2
2
2
2
2
2
2
2
2
2
2
2
2
2
2
2
2
2
2
2
2
2
2
2
2
2
2
2
2
2
2
2
2
2
2
2
2
2
2
2
2
2
2
2
2
2
2
2
2
2
2
2
2
2
2
2
2
2
2
2
2
2
2
2
2
2
2
2
2
2
2
2
2
2
2
2
2
2
2
2
2
2
2
2
2
2
2
2
2
2
2
2
2
2
2
2
2
2
2
2
2
2
2
2
2
2
2
2
2
2
2
2
2
2
2
2
2
2
2
2
2
2
2
2
2
2
2
2
2
2
2
2
2
2
2
2
2
2
2
2
2
2
2
2
2
2
2
2
2
2
2
2
2
2
2
2
2
2
2
2
2
2
2
2
2
2
2
2
2
2
2
2
2
2
2
2
2
2
2
2
2
2
2
2
2
2
2
2
2
2
2
2
2
2
2
2
2
2
2
2
2
2
2
2
2
2
2
2
2
2
2
2
2
2
2
2
2
2
2
2
2
2
2
2
2
2
2
2
2
2
2
2
2
2
2
2
2
2
2
2
2
2
2
2
2
2
2
2
2
2
2
2
2
2
2
2
2
2
2
2
2
2
2
2
2
2
2
2
2
2
2
2
2
2
2
2
2
2
2
2
2
2
2
2
2
2
2
2
2
2
2
2
2
2
2
2
2
2
2
2
2
2
2
2
2
2
2
2
2
2
2
2
2
2
2
2
2
2
2
2
2
2
2
2
2
2
2
2
2
2
2
2
2
2
2
2
2
2
2
2
2
2
2
2
2
2
2
2
2
2
2
2
2
2
2
2
2
2
2
2
2
2
2
2
2
2
2
2
2
2
2
2
2
2
2
2
2
2
2
2
2
2
2
2
2
2
2
2
2
2
2
2
2
2
2
2
2
2
2
2
2
2
2
2
2
2
2
2
2
2
2
2
2
2
2
2
2
2
2
2
2
2
2
2
2
2
2
2
2
2
2
2
2
2
2
2
2
2
2
2
2
2
2
2
2
2
2
2
2
2
2
2
2
2
2
2
2
2
2
2
2
2
2
2
2
2
2
2
2
2
2
2
2
2
2
2
2
2
2
2
2
2
2
2
2
2
2
2
2
2
2
2
2
2
2
2
2
2
2
2
2
2
2
2
2
2
2
2
2
2
2
2
2
2
2
2
2
2
2
2
2
2
2
2
2
2
2
2
2
2
2
2
2
2
2
2
2
2
2
2
2
2
2
2
2
2
2
2
2
2
2
2
2
2
2
2
2
2
2
2
2
2
2
2
2
2
2
2
2
2
2
2
2
2
2
2
2
2
2
2
2
2
2
2
2
2
2
2
2
2
2
2
2
2
2
2
2
2
2
2
2
2
2
2
2
2
2
2
2
2
2
2
2
2
2
2
2
2
2
2
2
2
2
2
2
2
2
2
2
2
2
2
2
2
2
2
2
2
2
2
2
2
2
2
2
2
2
2
2
2
2
2
2
2
2
2
2
2
2
2
2
2
2
2
2
2
2
2
2
2
2
2
2
2
2
2
2
2
2
2
2
2
2
2
2
2
2
2
2
2
2
2
2
2
2
2
2
2
2
2
2
2
2
2
2
2
2
2
2
2
2
2
2
2
2
2
2
2
2
2
2
2
2
2
2
2
2
2
2
2
2
2
2
2
2
2
2
2
2
2
2
2
2
2
2
2
2
2
2
2
2
2
2
2
2
2
2
2
2
2
2
2
2
2
2
2
2
2
2
2
2
2
2
2
2
2
2
2
2
2
2
2
2
2
2
2
2
2
2
2
2
2
2
2
2
2
2
2
2
2
2
2
2
2
2
2
2
2
2
2
2
2
2
2
2
2
2
2
2
2
2
2
2
2
2
2
2
2
2
2
2
2
2
2
2
2
2
2
2
2
2
2
2
2
2
2
2
2
2
2
2
2
2
2
2
2
2
2
2
2
2
2
2
2
2
2
2
2
2
2
2
2
2
2
2
2
2
2
2
2
2
2
2
2
2
2
2
2
2
2
2
2
2
2
2
2
2
2
2
2
2
2
2
2
2
2
2
2
2
2
2
2
2
2
2
2
2
2
2
2
2
2
2
2
2
2
2
2
2
2
2
2
2
2
2
2
2
2
2
2
2
2
2
2
2
2
2
2
2
2
2
2
2
2
2
2
2
2
2
2
2
2
2
2
2
2
2
2
2
2
2
2
2
2
2
2
2
2
2
2
2
2
2
2
2
2
2
2
2
2
2
2
2
2
2
2
2
2
2
2
2
2
2
2
2
2
2
2
2
2
2
2
2
2
2
2
2
2
2
2
2
2
2
2
2
2
2
2
2
2
2
2
2
2
2
2
2
2
2
2
2
2
2
2
2
2
2
2
2
2
2
2
2
2
2
2
2
2
2
2
2
2
2
2
2
2
2
2
2
2
2
2
2
2
2
2
2
2
2
2
2
2
2
2
2
2
2
2
2
2
2
2
2
2
2
2
2
2
2
2
2
2
2
2
2
2
2
2
2
2
2
2
2
2
2
2
2
2
2
2
2
2
2
2
2
2
2
2
2
2
2
2
2
2
2
2
2
2
2
2
2
2
2
2
2
2
2
2
2
2
2
2
2
2
2
2
2
2
2
2
2
2
2
2
2
2
2
2
2
2
2
2
2
2
2
2
2
2
2
2
2
2
2
2
2
2
2
2
2
2
2
2
2
2
2
2
2
2
2
2
2
2
2
2
2
2
2
2
2
2
2
2
2
2
2
2
2
2
2
2
2
2
2
2
2
2
2
2
2
2
2
2
2
2
2
2
2
2
2
2
2
2
2
2
2
2
2
2
2
2
2
2
2
2
2
2
2
2
2
2
2
2
2
2
2
2
2
2
2
2
2
2
2
2
2
2
2
2
2
2
2
2
2
2
2
2
2
2
2
2
2
2
2
2
2
2
2
2
2
2
2
2
2
2
2
2
2
2
2
2
2
2
2
2
2
2
2
2
2
2
2
2
2
2
2
2
2
2
2
2
2
2
2
2
2
2
2
2
2
2
2
2
2
2
2
2
2
2
2
2
2
2
2
2
2
2
2
2
2
2
2
2
2
2
2
2
2
2
2
2
2
2
2
2
2
2
2
2
2
2
2
2
2
1
1
1
1
1
1
1
1
1
1
1
1
1
1
1
1
1
1
1
1
1
1
1
1
1
1
1
1
1
1
1
1
1
1
1
1
1
1
1
1
1
1
1
1
1
1
1
1
1
1
1
1
1
1
1
1
1
1
1
1
1
1
1
1
1
1
1
1
1
1
1
1
1
1
1
1
1
1
1
1
1
1
1
1
1
1
1
1
1
1
1
1
1
1
1
1
1
1
1
1
1
1
1
1
1
1
1
1
1
1
1
1
1
1
1
1
1
1
1
1
1
1
1
1
1
1
1
1
1
1
1
1
1
1
1
1
1
1
1
1
1
1
1
1
1
1
1
1
1
1
1
1
1
1
1
1
1
1
1
1
1
1
1
1
1
1
1
1
1
1
1
1
1
1
1
1
1
1
1
1
1
1
1
1
1
1
1
1
1
1
1
1
1
1
1
1
1
1
1
1
1
1
1
1
1
1
1
1
1
1
1
1
1
1
1
1
1
1
1
1
1
1
1
1
1
1
1
1
1
1
1
1
1
1
1
1
1
1
1
1
1
1
1
1
1
1
1
1
1
1
1
1
1
1
1
1
1
1
1
1
1
1
1
1
1
1
1
1
1
1
1
1
1
1
1
1
1
1
1
1
1
1
1
1
1
1
1
1
1
1
1
1
1
1
1
1
1
1
1
1
1
1
1
1
1
1
1
1
1
1
1
1
1
1
1
1
1
1
1
1
1
1
1
1
1
1
1
1
1
1
1
1
1
1
1
1
1
1
1
1
1
1
1
1
1
1
1
1
1
1
1
1
1
1
1
1
1
1
1
1
1
1
1
1
1
1
1
1
1
1
1
1
1
1
1
1
1
1
1
1
1
1
1
1
1
1
1
1
1
1
1
1
1
1
1
1
1
1
1
1
1
1
1
1
1
1
1
1
1
1
1
1
1
1
1
1
1
1
1
1
1
1
1
1
1
1
1
1
1
1
1
1
1
1
1
1
1
1
1
1
1
1
1
1
1
1
1
1
1
1
1
1
1
1
1
1
1
1
1
1
1
1
1
1
1
1
1
1
1
1
1
1
1
1
1
1
1
1
1
1
1
1
1
1
1
1
1
1
1
1
1
1
1
1
1
1
1
1
1
1
1
1
1
1
1
1
1
1
1
1
1
1
1
1
1
1
1
1
1
1
1
1
1
1
1
1
1
1
1
1
1
1
1
1
1
1
1
1
1
1
1
1
1
1
1
1
1
1
1
1
1
1
1
1
1
1
1
1
1
1
1
1
1
1
1
1
1
1
1
1
1
1
1
1
1
1
1
1
1
1
1
1
1
1
1
1
1
1
1
1
1
1
1
1
1
1
1
1
1
1
1
1
1
1
1
1
1
1
1
1
1
1
1
1
1
1
1
1
1
1
1
1
1
1
1
1
1
1
1
1
1
1
1
1
1
1
1
1
1
1
1
1
1
1
1
1
1
1
1
1
1
1
1
1
1
1
1
1
1
1
1
1
1
1
1
1
1
1
1
1
1
1
1
1
1
1
1
1
1
1
1
1
1
1
1
1
1
1
1
1
1
1
1
1
1
1
1
1
1
1
1
1
1
1
1
1
1
1
1
1
1
1
1
1
1
1
1
1
1
1
1
1
1
1
1
1
1
1
1
1
1
1
1
1
1
1
1
1
1
1
1
1
1
1
1
1
1
1
1
1
1
1
1
1
1
1
1
1
1
1
1
1
1
1
1
1
1
1
1
1
1
1
1
1
1
1
1
1
1
1
1
1
1
1
1
1
1
1
1
1
1
1
1
1
1
1
1
1
1
1
1
1
1
1
1
1
1
1
1
1
1
1
1
1
1
1
1
1
1
1
1
1
1
1
1
1
1
1
1
1
1
1
1
1
1
1
1
1
1
1
1
1
1
1
1
1
1
1
1
1
1
1
1
1
1
1
1
1
1
1
1
1
1
1
1
1
1
1
1
1
1
1
1
1
1
1
1
1
1
1
1
1
1
1
1
1
1
1
1
1
1
1
1
1
1
1
1
1
1
1
1
1
1
1
1
1
1
1
1
1
1
1
1
1
1
1
1
1
1
1
1
1
1
1
1
1
1
1
1
1
1
1
1
1
1
1
1
1
1
1
1
1
1
1
1
1
1
1
1
1
1
1
1
1
1
1
1
1
1
1
1
1
1
1
1
1
1
1
1
1
1
1
1
1
1
1
1
1
1
1
1
1
1
1
1
1
1
1
1
1
1
1
1
1
1
1
1
1
1
1
1
1
1
1
1
1
1
1
1
1
1
1
1
1
1
1
1
1
1
1
1
1
1
1
1
1
1
1
1
1
1
1
1
1
1
1
1
1
1
1
1
1
1
1
1
1
1
1
1
1
1
1
1
1
1
1
1
1
1
1
1
1
1
1
1
1
1
1
1
1
1
1
1
1
1
1
1
1
1
1
1
1
1
1
1
1
1
1
1
1
1
1
1
1
1
1
1
1
1
1
1
1
1
1
1
1
1
1
1
1
1
1
1
1
1
1
1
1
1
1
1
1
1
1
1
1
1
1
1
1
1
1
1
1
1
1
1
1
1
1
1
1
1
1
1
1
1
1
1
1
1
1
1
1
1
1
1
1
1
1
1
1
1
1
1
1
1
1
1
1
1
1
1
1
1
1
1
1
1
1
1
1
1
1
1
1
1
1
1
1
1
1
1
1
1
1
1
1
1
1
1
1
1
1
1
1
1
1
1
1
1
1
1
1
1
1
1
1
1
1
1
1
1
1
1
1
1
1
1
1
1
1
1
1
1
1
1
1
1
1
1
1
1
1
1
1
1
1
1
1
1
1
1
1
1
1
1
1
1
1
1
1
1
1
1
1
1
1
1
1
1
1
1
1
1
1
1
1
1
1
1
1
1
1
1
1
1
1
1
1
1
1
1
1
1
1
1
1
1
1
1
1
1
1
1
1
1
1
1
1
1
1
1
1
1
1
1
1
1
1
1
1
1
1
1
1
1
1
1
1
1
1
1
1
1
1
1
1
1
1
1
1
1
1
1
1
1
1
1
1
1
1
1
1
1
1
1
1
1
1
1
1
1
1
1
1
1
1
1
1
1
1
1
1
1
1
1
1
1
1
1
1
1
1
1
1
1
1
1
1
1
1
1
1
1
1
1
1
1
1
1
1
1
1
1
1
1
1
1
1
1
1
1
1
1
1
1
1
1
1
1
1
1
1
1
1
1
1
1
1
1
1
1
1
1
1
1
1
1
1
1
1
1
1
1
1
1
1
1
1
1
1
1
1
1
1
1
1
1
1
1
1
1
1
1
1
1
1
1
1
1
1
1
1
1
1
1
1
1
1
1
1
1
1
1
1
1
1
1
1
1
1
1
1
1
1
1
1
1
1
1
1
1
1
1
1
1
1
1
1
1
1
1
1
1
1
1
1
1
1
1
1
1
1
1
1
1
1
1
1
1
1
1
1
1
1
1
1
1
1
1
1
1
1
1
1
1
1
1
1
1
1
1
1
1
1
1
1
1
1
1
1
1
1
1
1
1
1
1
1
1
1
1
1
1
1
1
1
1
1
1
1
1
1
1
1
1
1
1
1
1
1
1
1
1
1
1
1
1
1
1
1
1
1
1
1
1
1
1
1
1
1
1
1
1
1
1
1
1
1
1
1
1
1
1
1
1
1
1
1
1
1
1
1
1
1
1
1
1
1
1
1
1
1
1
1
1
1
1
1
1
1
1
1
1
1
1
1
1
1
1
1
1
1
1
1
1
1
1
1
1
1
1
1
1
1
1
1
1
1
1
1
1
1
1
1
1
1
1
1
1
1
1
1
1
1
1
1
1
1
1
1
1
1
1
1
1
1
1
1
1
1
1
1
1
1
1
1
1
1
1
1
1
1
1
1
1
1
1
1
1
1
1
1
1
1
1
1
1
1
1
1
1
1
1
1
1
1
1
1
1
1
1
1
1
1
1
1
1
1
1
1
1
1
1
1
1
1
1
1
1
1
1
1
1
1
1
1
1
1
1
1
1
1
1
1
1
1
1
1
1
1
1
1
1
1
1
1
1
1
1
1
1
1
1
1
1
1
1
1
1
1
1
1
1
1
1
1
1
1
1
1
1
1
1
1
1
1
1
1
1
1
1
1
1
1
1
1
1
1
1
1
1
1
1
1
1
1
1
1
1
1
1
1
1
1
1
1
1
1
1
1
1
1
1
1
1
1
1
1
1
1
1
1
1
1
1
1
1
1
1
1
1
1
1
1
1
1
1
1
1
1
1
1
1
1
1
1
1
1
1
1
1
1
1
1
1
1
1
1
1
1
1
1
1
1
1
1
1
1
1
1
1
1
1
1
1
1
1
1
1
1
1
1
1
1
1
1
1
1
1
1
1
1
1
1
1
1
1
1
1
1
1
1
1
1
1
1
1
1
1
1
1
1
1
1
1
1
1
1
1
1
1
1
1
1
1
1
1
1
1
1
1
1
1
1
1
1
1
1
1
1
1
1
1
1
1
1
1
1
1
1
1
1
1
1
1
1
1
1
1
1
1
1
1
1
1
1
1
1
1
1
1
1
1
1
1
1
1
1
1
1
1
1
1
1
1
1
1
1
1
1
1
1
1
1
1
1
1
1
1
1
1
1
1
1
1
1
1
1
1
1
1
1
1
1
1
1
1
1
1
1
1
1
1
1
1
1
1
1
1
1
1
1
1
1
1
1
1
1
1
1
1
1
1
1
1
1
1
1
1
1
1
1
1
1
1
1
1
1
1
1
1
1
1
1
1
1
1
1
1
1
1
1
1
1
1
1
1
1
1
1
1
1
1
1
1
1
1
1
1
1
1
1
1
1
1
1
1
1
1
1
1
1
1
1
1
1
1
1
1
1
1
1
1
1
1
1
1
1
1
1
1
1
1
1
1
1
1
1
1
1
1
1
1
1
1
1
1
1
1
1
1
1
1
1
1
1
1
1
1
1
1
1
1
1
1
1
1
1
1
1
1
1
1
1
1
1
1
1
1
1
1
1
1
1
1
1
1
1
1
1
1
1
1
1
1
1
1
1
1
1
1
1
1
1
1
1
1
1
1
1
1
1
1
1
1
1
1
1
1
1
1
1
1
1
1
1
1
1
1
1
1
1
1
1
1
1
1
1
1
1
1
1
1
1
1
1
1
1
1
1
1
1
1
1
1
1
1
1
1
1
1
1
1
1
1
1
1
1
1
1
1
1
1
1
1
1
1
1
1
1
1
1
1
1
1
1
1
1
1
1
1
1
1
1
1
1
1
1
1
1
1
1
1
1
1
1
1
1
1
1
1
1
1
1
1
1
1
1
1
1
1
1
1
1
1
1
1
1
1
1
1
1
1
1
1
1
1
1
1
1
1
1
1
1
1
1
1
1
1
1
1
1
1
1
1
1
1
1
1
1
1
1
1
1
1
1
1
1
1
1
1
1
1
1
1
1
1
1
1
1
1
1
1
1
1
1
1
1
1
1
1
1
1
1
1
1
1
1
1
1
1
1
1
1
1
1
1
1
1
1
1
1
1
1
1
1
1
1
1
1
1
1
1
1
1
1
1
1
1
1
1
1
1
1
1
1
1
1
1
1
1
1
1
1
1
1
1
1
1
1
1
1
1
1
1
1
1
1
1
1
1
1
1
1
1
1
1
1
1
1
1
1
1
1
1
1
1
1
1
1
1
1
1
1
1
1
1
1
1
1
1
1
1
1
1
1
1
1
1
1
1
1
1
1
1
1
1
1
1
1
1
1
1
1
1
1
1
1
1
1
1
1
1
1
1
1
1
1
1
1
1
1
1
1
1
1
1
1
1
1
1
1
1
1
1
1
1
1
1
1
1
1
1
1
1
1
1
1
1
1
1
1
1
1
1
1
1
1
1
1
1
1
1
1
1
1
1
1
1
1
1
1
1
1
1
1
1
1
1
1
1
1
1
1
1
1
1
1
1
1
1
1
1
1
1
1
1
1
1
1
1
1
1
1
1
1
1
1
1
1
1
1
1
1
1
1
1
1
1
1
1
1
1
1
1
1
1
1
1
1
1
1
1
1
1
1
1
1
1
1
1
1
1
1
1
1
1
1
1
1
1
1
1
1
1
1
1
1
1
1
1
1
1
1
1
1
1
1
1
1
1
1
1
1
1
1
1
1
1
1
1
1
1
1
1
1
1
1
1
1
1
1
1
1
1
1
1
1
1
1
1
1
1
1
1
1
1
1
1
1
1
1
1
1
1
1
1
1
1
1
1
1
1
1
1
1
1
1
1
1
1
1
1
1
1
1
1
1
1
1
1
1
1
1
1
1
1
1
1
1
1
1
1
1
1
1
1
1
1
1
1
1
1
1
1
1
1
1
1
1
1
1
1
1
1
1
1
1
1
1
1
1
1
1
1
1
1
1
1
1
1
1
1
1
1
1
1
1
1
1
1
1
1
1
1
1
1
1
1
1
1
1
1
1
1
1
1
1
1
1
1
1
1
1
1
1
1
1
1
1
1
1
1
1
1
1
1
1
1
1
1
1
1
1
1
1
1
1
1
1
1
1
1
1
1
1
1
1
1
1
1
1
1
1
1
1
1
1
1
1
1
1
1
1
1
1
1
1
1
1
1
1
1
1
1
1
1
1
1
1
1
1
1
1
1
1
1
1
1
1
1
1
1
1
1
1
1
1
1
1
1
1
1
1
1
1
1
1
1
1
1
1
1
1
1
1
1
1
1
1
1
1
1
1
1
1
1
1
1
1
1
1
1
1
1
1
1
1
1
1
1
1
1
1
1
1
1
1
1
1
1
1
1
1
1
1
1
1
1
1
1
1
1
1
1
1
1
1
1
1
1
1
1
1
1
1
1
1
1
1
1
1
1
1
1
1
1
1
1
1
1
1
1
1
1
1
1
1
1
1
1
1
1
1
1
1
1
1
1
1
1
1
1
1
1
1
1
1
1
1
1
1
1
1
1
1
1
1
1
1
1
1
1
1
1
1
1
1
1
1
1
1
1
1
1
1
1
1
1
1
1
1
1
1
1
1
1
1
1
1
1
1
1
1
1
1
1
1
1
1
1
1
1
1
1
1
1
1
1
1
1
1
1
1
1
1
1
1
1
1
1
1
1
1
1
1
1
1
1
1
1
1
1
1
1
1
1
1
1
1
1
1
1
1
1
1
1
1
1
1
1
1
1
1
1
1
1
1
1
1
1
1
1
1
1
1
1
1
1
1
1
1
1
1
1
1
1
1
1
1
1
1
1
1
1
1
1
1
1
1
1
1
1
1
1
1
1
1
1
1
1
1
1
1
1
1
1
1
1
1
1
1
1
1
1
1
1
1
1
1
1
1
1
1
1
1
1
1
1
1
1
1
1
1
1
1
1
1
1
1
1
1
1
1
1
1
1
1
1
1
1
1
1
1
1
1
1
1
1
1
1
1
1
1
1
1
1
1
1
1
1
1
1
1
1
1
1
1
1
1
1
1
1
1
1
1
1
1
1
1
1
1
1
1
1
1
1
1
1
1
1
1
1
1
1
1
1
1
1
1
1
1
1
1
1
1
1
1
1
1
1
1
1
1
1
1
1
1
1
1
1
1
1
1
1
1
1
1
1
1
1
1
1
1
1
1
1
1
1
1
1
1
1
1
1
1
1
1
1
1
1
1
1
1
1
1
1
1
1
1
1
1
1
1
1
1
1
1
1
1
1
1
1
1
1
1
1
1
1
1
1
1
1
1
1
1
1
1
1
1
1
1
1
1
1
1
1
1
1
1
1
1
1
1
1
1
1
1
1
1
1
1
1
1
1
1
1
1
1
1
1
1
1
1
1
1
1
1
1
1
1
1
1
1
1
1
1
1
1
1
1
1
1
1
1
1
1
1
1
1
1
1
1
1
1
1
1
1
1
1
1
1
1
1
1
1
1
1
1
1
1
1
1
1
1
1
1
1
1
1
1
1
1
1
1
1
1
1
1
1
1
1
1
1
1
1
1
1
1
1
1
1
1
1
1
1
1
1
1
1
1
1
1
1
1
1
1
1
1
1
1
1
1
1
1
1
1
1
1
1
1
1
1
1
1
1
1
1
1
1
1
1
1
1
1
1
1
1
1
1
1
1
1
1
1
1
1
1
1
1
1
1
1
1
1
1
1
1
1
1
1
1
1
1
1
1
1
1
1
1
1
1
1
1
1
1
1
1
1
1
1
1
1
1
1
1
1
1
1
1
1
1
1
1
1
1
1
1
1
1
1
1
1
1
1
1
1
1
1
1
1
1
1
1
1
1
1
1
1
1
1
1
1
1
1
1
1
1
1
1
1
1
1
1
1
1
1
1
1
1
1
1
1
1
1
1
1
1
1
1
1
1
1
1
1
1
1
1
1
1
1
1
1
1
1
1
1
1
1
1
1
1
1
1
1
1
1
1
1
1
1
1
1
1
1
1
1
1
1
1
1
1
1
1
1
1
1
1
1
1
1
1
1
1
1
1
1
1
1
1
1
1
1
1
1
1
1
1
1
1
1
1
1
1
1
1
1
1
1
1
1
1
1
1
1
1
1
1
1
1
1
1
1
1
1
1
1
1
1
1
1
1
1
1
1
1
1
1
1
1
1
1
1
1
1
1
1
1
1
1
1
1
1
1
1
1
1
1
1
1
1
1
1
1
1
1
1
1
1
1
1
1
1
1
1
1
1
1
1
1
1
1
1
1
1
1
1
1
1
1
1
1
1
1
1
1
1
1
1
1
1
1
1
1
1
1
1
1
1
1
1
1
1
1
1
1
1
1
1
1
1
1
1
1
1
1
1
1
1
1
1
1
1
1
1
1
1
1
1
1
1
1
1
1
1
1
1
1
1
1
1
1
1
1
1
1
1
1
1
1
1
1
1
1
1
1
1
1
1
1
1
1
1
1
1
1
1
1
1
1
1
1
1
1
1
1
1
1
1
1
1
1
1
1
1
1
1
1
1
1
1
1
1
1
1
1
1
1
1
1
1
1
1
1
1
1
1
1
1
1
1
1
1
1
1
1
1
1
1
1
1
1
1
1
1
1
1
1
1
1
1
1
1
1
1
1
1
1
1
1
1
1
1
1
1
1
1
1
1
1
1
1
1
1
1
1
1
1
1
1
1
1
1
1
1
1
1
1
1
1
1
1
1
1
1
1
1
1
1
1
1
1
1
1
1
1
1
1
1
1
1
1
1
1
1
1
1
1
1
1
1
1
1
1
1
1
1
1
1
1
1
1
1
1
1
1
1
1
1
1
1
1
1
1
1
1
1
1
1
1
1
1
1
1
1
1
1
1
1
1
1
1
1
1
1
1
1
1
1
1
1
1
1
1
1
1
1
1
1
1
1
1
1
1
1
1
1
1
1
1
1
1
1
1
1
1
1
1
1
1
1
1
1
1
1
1
1
1
1
1
1
1
1
1
1
1
1
1
1
1
1
1
1
1
1
1
1
1
1
1
1
1
1
1
1
1
1
1
1
1
1
1
1
1
1
1
1
1
1
1
1
1
1
1
1
1
1
1
1
1
1
1
1
1
1
1
1
1
1
1
1
1
1
1
1
1
1
1
1
1
1
1
1
1
1
1
1
1
1
1
1
1
1
1
1
1
1
1
1
1
1
1
1
1
1
1
1
1
1
1
1
1
1
1
1
1
1
1
1
1
1
1
1
1
1
1
1
1
1
1
1
1
1
1
1
1
1
1
1
1
1
1
1
1
1
1
1
1
1
1
1
1
1
1
1
1
1
1
1
1
1
1
1
1
1
1
1
1
1
1
1
1
1
1
1
1
1
1
1
1
1
1
1
1
1
1
1
1
1
1
1
1
1
1
1
1
1
1
1
1
1
1
1
1
1
1
1
1
1
1
1
1
1
1
1
1
1
1
1
1
1
1
1
1
1
1
1
1
1
1
1
1
1
1
1
1
1
1
1
1
1
1
1
1
1
1
1
1
1
1
1
1
1
1
1
1
1
1
1
1
1
1
1
1
1
1
1
1
1
1
1
1
1
1
1
1
1
1
1
1
1
1
1
1
1
1
1
1
1
1
1
1
1
1
1
1
1
1
1
1
1
1
1
1
1
1
1
1
1
1
1
1
1
1
1
1
1
1
1
1
1
1
1
1
1
1
1
1
1
1
1
1
1
1
1
1
1
1
1
1
1
1
1
1
1
1
1
1
1
1
1
1
1
1
1
1
1
1
1
1
1
1
1
1
1
1
1
1
1
1
1
1
1
1
1
1
1
1
1
1
1
1
1
1
1
1
1
1
1
1
1
1
1
1
1
1
1
1
1
1
1
1
1
1
1
1
1
1
1
1
1
1
1
1
1
1
1
1
1
1
1
1
1
1
1
1
1
1
1
1
1
1
1
1
1
1
1
1
1
1
1
1
1
1
1
1
1
1
1
1
1
1
1
1
1
1
1
1
1
1
1
1
1
1
1
1
1
1
1
1
1
1
1
1
1
1
1
1
1
1
1
1
1
1
1
1
1
1
1
1
1
1
1
1
1
1
1
1
1
1
1
1
1
1
1
1
1
1
1
1
1
1
1
1
1
1
1
1
1
1
1
1
1
1
1
1
1
1
1
1
1
1
1
1
1
1
1
1
1
1
1
1
1
1
1
1
1
1
1
1
1
1
1
1
1
1
1
1
1
1
1
1
1
1
1
1
1
1
1
1
1
1
1
1
1
1
1
1
1
1
1
1
1
1
1
1
1
1
1
1
1
1
1
1
1
1
1
1
1
1
1
1
1
1
1
1
1
1
1
1
1
1
1
1
1
1
1
1
1
1
1
1
1
1
1
1
1
1
1
1
1
1
1
1
1
1
1
1
1
1
1
1
1
1
1
1
1
1
1
1
1
1
1
1
1
1
1
1
1
1
1
1
1
1
1
1
1
1
1
1
1
1
1
1
1
1
1
1
1
1
1
1
1
1
1
1
1
1
1
1
1
1
1
1
1
1
1
1
1
1
1
1
1
1
1
1
1
1
1
1
1
1
1
1
1
1
1
1
1
1
1
1
1
1
1
1
1
1
1
1
1
1
1
1
1
1
1
1
1
1
1
1
1
1
1
1
1
1
1
1
1
1
1
1
1
1
1
1
1
1
1
1
1
1
1
1
1
1
1
1
1
1
1
1
1
1
1
1
1
1
1
1
1
1
1
1
1
1
1
1
1
1
1
1
1
1
1
1
1
1
1
1
1
1
1
1
1
1
1
1
1
1
1
1
1
1
1
1
1
1
1
1
1
1
1
1
1
1
1
1
1
1
1
1
1
1
1
1
1
1
1
1
1
1
1
1
1
1
1
1
1
1
1
1
1
1
1
1
1
1
1
1
1
1
1
1
1
1
1
1
1
1
1
1
1
1
1
1
1
1
1
1
1
1
1
1
1
1
1
1
1
1
1
1
1
1
1
1
1
1
1
1
1
1
1
1
1
1
1
1
1
1
1
1
1
1
1
1
1
1
1
1
1
1
1
1
1
1
1
1
1
1
1
1
1
1
1
1
1
1
1
1
1
1
1
1
1
1
1
1
1
1
1
1
1
1
1
1
1
1
1
1
1
1
1
1
1
1
1
1
1
1
1
1
1
1
1
1
1
1
1
1
1
1
1
1
1
1
1
1
1
1
1
1
1
1
1
1
1
1
1
1
1
1
1
1
1
1
1
1
1
1
1
1
1
1
1
1
1
1
1
1
1
1
1
1
1
1
1
1
1
1
1
1
1
1
1
1
1
1
1
1
1
1
1
1
1
1
1
1
1
1
1
1
1
1
1
1
1
1
1
1
1
1
1
1
1
1
1
1
1
1
1
1
1
1
1
1
1
1
1
1
1
1
1
1
1
1
1
1
1
1
1
1
1
1
1
1
1
1
1
1
1
1
1
1
1
1
1
1
1
1
1
1
1
1
1
1
1
1
1
1
1
1
1
1
1
1
1
1
1
1
1
1
1
1
1
1
1
1
1
1
1
1
1
1
1
1
1
1
1
1
1
1
1
1
1
1
1
1
1
1
1
1
1
1
1
1
1
1
1
1
1
1
1
1
1
1
1
1
1
1
1
1
1
1
1
1
1
1
1
1
1
1
1
1
1
1
1
1
1
1
1
1
1
1
1
1
1
1
1
1
1
1
1
1
1
1
1
1
1
1
1
1
1
1
1
1
1
1
1
1
1
1
1
1
1
1
1
1
1
1
1
1
1
1
1
1
1
1
1
1
1
1
1
1
1
1
1
1
1
1
1
1
1
1
1
1
1
1
1
1
1
1
1
1
1
1
1
1
1
1
1
1
1
1
1
1
1
1
1
1
1
1
1
1
1
1
1
1
1
1
1
1
1
1
1
1
1
1
1
1
1
1
1
1
1
1
1
1
1
1
1
1
1
1
1
1
1
1
1
1
1
1
1
1
1
1
1
1
1
1
1
1
1
1
1
1
1
1
1
1
1
1
1
1
1
1
1
1
1
1
1
1
1
1
1
1
1
1
1
1
1
1
1
1
1
1
1
1
1
1
1
1
1
1
1
1
1
1
1
1
1
1
1
1
1
1
1
1
1
1
1
1
1
1
1
1
1
1
1
1
1
1
1
1
1
1
1
1
1
1
1
1
1
1
1
1
1
1
1
1
1
1
1
1
1
1
1
1
1
1
1
1
1
1
1
1
1
1
1
1
1
1
1
1
1
1
1
1
1
1
1
1
1
1
1
1
1
1
1
1
1
1
1
1
1
1
1
1
1
1
1
1
1
1
1
1
1
1
1
1
1
1
1
1
1
1
1
1
1
1
1
1
1
1
1
1
1
1
1
1
1
1
1
1
1
1
1
1
1
1
1
1
1
1
1
1
1
1
1
1
1
1
1
1
1
1
1
1
1
1
1
1
1
1
1
1
1
1
1
1
1
1
1
1
1
1
1
1
1
1
1
1
1
1
1
1
1
1
1
1
1
1
1
1
1
1
1
1
1
1
1
1
1
1
1
1
1
1
1
1
1
1
1
1
1
1
1
1
1
1
1
1
1
1
1
1
1
1
1
1
1
1
1
1
1
1
1
1
1
1
1
1
1
1
1
1
1
1
1
1
1
1
1
1
1
1
1
1
1
1
1
1
1
1
1
1
1
1
1
1
1
1
1
1
1
1
1
1
1
1
1
1
1
1
1
1
1
1
1
1
1
1
1
1
1
1
1
1
1
1
1
1
1
1
1
1
1
1
1
1
1
1
1
1
1
1
1
1
1
1
1
1
1
1
1
1
1
1
1
1
1
1
1
1
1
1
1
1
1
1
1
1
1
1
1
1
1
1
1
1
1
1
1
1
1
1
1
1
1
1
1
1
1
1
1
1
1
1
1
1
1
1
1
1
1
1
1
1
1
1
1
1
1
1
1
1
1
1
1
1
1
1
1
1
1
1
1
1
1
1
1
1
1
1
1
1
1
1
1
1
1
1
1
1
1
1
1
1
1
1
1
1
1
1
1
1
1
1
1
1
1
1
1
1
1
1
1
1
1
1
1
1
1
1
1
1
1
1
1
1
1
1
1
1
1
1
1
1
1
1
1
1
1
1
1
1
1
1
1
1
1
1
1
1
1
1
1
1
1
1
1
1
1
1
1
1
1
1
1
1
1
1
1
1
1
1
1
1
1
1
1
1
1
1
1
1
1
1
1
1
1
1
1
1
1
1
1
1
1
1
1
1
1
1
1
1
1
1
1
1
1
1
1
1
1
1
1
1
1
1
1
1
1
1
1
1
1
1
1
1
1
1
1
1
1
1
1
1
1
1
1
1
1
1
1
1
1
1
1
1
1
1
1
1
1
1
1
1
1
1
1
1
1
1
1
1
1
1
1
1
1
1
1
1
1
1
1
1
1
1
1
1
1
1
1
1
1
1
1
1
1
1
1
1
1
1
1
1
1
1
1
1
1
1
1
1
1
1
1
1
1
1
1
1
1
1
1
1
1
1
1
1
1
1
1
1
1
1
1
1
1
1
1
1
1
1
1
1
1
1
1
1
1
1
1
1
1
1
1
1
1
1
1
1
1
1
1
1
1
1
1
1
1
1
1
1
1
1
1
1
1
1
1
1
1
1
1
1
1
1
1
1
1
1
1
1
1
1
1
1
1
1
1
1
1
1
1
1
1
1
1
1
1
1
1
1
1
1
1
1
1
1
1
1
1
1
1
1
1
1
1
1
1
1
1
1
1
1
1
1
1
1
1
1
1
1
1
1
1
1
1
1
1
1
1
1
1
1
1
1
1
1
1
1
1
1
1
1
1
1
1
1
1
1
1
1
1
1
1
1
1
1
1
1
1
1
1
1
1
1
1
1
1
1
1
1
1
1
1
1
1
1
1
1
1
1
1
1
1
1
1
1
1
1
1
1
1
1
1
1
1
1
1
1
1
1
1
1
1
1
1
1
1
1
1
1
1
1
1
1
1
1
1
1
1
1
1
1
1
1
1
1
1
1
1
1
1
1
1
1
1
1
1
1
1
1
1
1
1
1
1
1
1
1
1
1
1
1
1
1
1
1
1
1
1
1
1
1
1
1
1
1
1
1
1
1
1
1
1
1
1
1
1
1
1
1
1
1
1
1
1
1
1
1
1
1
1
1
1
1
1
1
1
1
1
1
1
1
1
1
1
1
1
1
1
1
1
1
1
1
1
1
1
1
1
1
1
1
1
1
1
1
1
1
1
1
1
1
1
1
1
1
1
1
1
1
1
1
1
1
1
1
1
1
1
1
1
1
1
1
1
1
1
1
1
1
1
1
1
1
1
1
1
1
1
1
1
1
1
1
1
1
1
1
1
1
1
1
1
1
1
1
1
1
1
1
1
1
1
1
1
1
1
1
1
1
1
1
1
1
1
1
1
1
1
1
1
1
1
1
1
1
1
1
1
1
1
1
1
1
1
1
1
1
1
1
1
1
1
1
1
1
1
1
1
1
1
1
1
1
1
1
1
1
1
1
1
1
1
1
1
1
1
1
1
1
1
1
1
1
1
1
1
1
1
1
1
1
1
1
1
1
1
1
1
1
1
1
1
1
1
1
1
1
1
1
1
1
1
1
1
1
1
1
1
1
1
1
1
1
1
1
1
1
1
1
1
1
1
1
1
1
1
1
1
1
1
1
1
1
1
1
1
1
1
1
1
1
1
1
1
1
1
1
1
1
1
1
1
1
1
1
1
1
1
1
1
1
1
1
1
1
1
1
1
1
1
1
1
1
1
1
1
1
1
1
1
1
1
1
1
1
1
1
1
1
1
1
1
1
1
1
1
1
1
1
1
1
1
1
1
1
1
1
1
1
1
1
1
1
1
1
1
1
1
1
1
1
1
1
1
1
1
1
1
1
1
1
1
1
1
1
1
1
1
1
1
1
1
1
1
1
1
1
1
1
1
1
1
1
1
1
1
1
1
1
1
1
1
1
1
1
1
1
1
1
1
1
1
1
1
1
1
1
1
1
1
1
1
1
1
1
1
1
1
1
1
1
1
1
1
1
1
1
1
1
1
1
1
1
1
1
1
1
1
1
1
1
1
1
1
1
1
1
1
1
1
1
1
1
1
1
1
1
1
1
1
1
1
1
1
1
1
1
1
1
1
1
1
1
1
1
1
1
1
1
1
1
1
1
1
1
1
1
1
1
1
1
1
1
1
1
1
1
1
1
1
1
1
1
1
1
1
1
1
1
1
1
1
1
1
1
1
1
1
1
1
1
1
1
1
1
1
1
1
1
1
1
1
1
1
1
1
1
1
1
1
1
1
1
1
1
1
1
1
1
1
1
1
1
1
1
1
1
1
1
1
1
1
1
1
1
1
1
1
1
1
1
1
1
1
1
1
1
1
1
1
1
1
1
1
1
1
1
1
1
1
1
1
1
1
1
1
1
1
1
1
1
1
1
1
1
1
1
1
1
1
1
1
1
1
1
1
1
1
1
1
1
1
1
1
1
1
1
1
1
1
1
1
1
1
1
1
1
1
1
1
1
1
1
1
1
1
1
1
1
1
1
1
1
1
1
1
1
1
1
1
1
1
1
1
1
1
1
1
1
1
1
1
1
1
1
1
1
1
1
1
1
1
1
1
1
1
1
1
1
1
1
1
1
1
1
1
1
1
1
1
1
1
1
1
1
1
1
1
1
1
1
1
1
1
1
1
1
1
1
1
1
1
1
1
1
1
1
1
1
1
1
1
1
1
1
1
1
1
1
1
1
1
1
1
1
1
1
1
1
1
1
1
1
1
1
1
1
1
1
1
1
1
1
1
1
1
1
1
1
1
1
1
1
1
1
1
1
1
1
1
1
1
1
1
1
1
1
1
1
1
1
1
1
1
1
1
1
1
1
1
1
1
1
1
1
1
1
1
1
1
1
1
1
1
1
1
1
1
1
1
1
1
1
1
1
1
1
1
1
1
1
1
1
1
1
1
1
1
1
1
1
1
1
1
1
1
1
1
1
1
1
1
1
1
1
1
1
1
1
1
1
1
1
1
1
1
1
1
1
1
1
1
1
1
1
1
1
1
1
1
1
1
1
1
1
1
1
1
1
1
1
1
1
1
1
1
1
1
1
1
1
1
1
1
1
1
1
1
1
1
1
1
1
1
1
1
1
1
1
1
1
1
1
1
1
1
1
1
1
1
1
1
1
1
1
1
1
1
1
1
1
1
1
1
1
1
1
1
1
1
1
1
1
1
1
1
1
1
1
1
1
1
1
1
1
1
1
1
1
1
1
1
1
1
1
1
1
1
1
1
1
1
1
1
1
1
1
1
1
1
1
1
1
1
1
1
1
1
1
1
1
1
1
1
1
1
1
1
1
1
1
1
1
1
1
1
1
1
1
1
1
1
1
1
1
1
1
1
1
1
1
1
1
1
1
1
1
1
1
1
1
1
1
1
1
1
1
1
1
1
1
1
1
1
1
1
1
1
1
1
1
1
1
1
1
1
1
1
1
1
1
1
1
1
1
1
1
1
1
1
1
1
1
1
1
1
1
1
1
1
1
1
1
1
1
1
1
1
1
1
1
1
1
1
1
1
1
1
1
1
1
1
1
1
1
1
1
1
1
1
1
1
1
1
1
1
1
1
1
1
1
1
1
1
1
1
1
1
1
1
1
1
1
1
1
1
1
1
1
1
1
1
1
1
1
1
1
1
1
1
1
1
1
1
1
1
1
1
1
1
1
1
1
1
1
1
1
1
1
1
1
1
1
1
1
1
1
1
1
1
1
1
1
1
1
1
1
1
1
1
1
1
1
1
1
1
1
1
1
1
1
1
1
1
1
1
1
1
1
1
1
1
1
1
1
1
1
1
1
1
1
1
1
1
1
1
1
1
1
1
1
1
1
1
1
1
1
1
1
1
1
1
1
1
1
1
1
1
1
1
1
1
1
1
1
1
1
1
1
1
1
1
1
1
1
1
1
1
1
1
1
1
1
1
1
1
1
1
1
1
1
1
1
1
1
1
1
1
1
1
1
1
1
1
1
1
1
1
1
1
1
1
1
1
1
1
1
1
1
1
1
1
1
1
1
1
1
1
1
1
1
1
1
1
1
1
1
1
1
1
1
1
1
1
1
1
1
1
1
1
1
1
1
1
1
1
1
1
1
1
1
1
1
1
1
1
1
1
1
1
1
1
1
1
1
1
1
1
1
1
1
1
1
1
1
1
1
1
1
1
1
1
1
1
1
1
1
1
1
1
1
1
1
1
1
1
1
1
1
1
1
1
1
1
1
1
1
1
1
1
1
1
1
1
1
1
1
1
1
1
1
1
1
1
1
1
1
1
1
1
1
1
1
1
1
1
1
1
1
1
1
1
1
1
1
1
1
1
1
1
1
1
1
1
1
1
1
1
1
1
1
1
1
1
1
1
1
1
1
1
1
1
1
1
1
1
1
1
1
1
1
1
1
1
1
1
1
1
1
1
1
1
1
1
1
1
1
1
1
1
1
1
1
1
1
1
1
1
1
1
1
1
1
1
1
1
1
1
1
1
1
1
1
1
1
1
1
1
1
1
1
1
1
1
1
1
1
1
1
1
1
1
1
1
1
1
1
1
1
1
1
1
1
1
1
1
1
1
1
1
1
1
1
1
1
1
1
1
1
1
1
1
1
1
1
1
1
1
1
1
1
1
1
1
1
1
1
1
1
1
1
1
1
1
1
1
1
1
1
1
1
1
1
1
1
1
1
1
1
1
1
1
1
1
1
1
1
1
1
1
1
1
1
1
1
1
1
1
1
1
1
1
1
1
1
1
1
1
1
1
1
1
1
1
1
1
1
1
1
1
1
1
1
1
1
1
1
1
1
1
1
1
1
1
1
1
1
1
1
1
1
1
1
1
1
1
1
1
1
1
1
1
1
1
1
1
1
1
1
1
1
1
1
1
1
1
1
1
1
1
1
1
1
1
1
1
1
1
1
1
1
1
1
1
1
1
1
1
1
1
1
1
1
1
1
1
1
1
1
1
1
1
1
1
1
1
1
1
1
1
1
1
1
1
1
1
1
1
1
1
1
1
1
1
1
1
1
1
1
1
1
1
1
1
1
1
1
1
1
1
1
1
1
1
1
1
1
1
1
1
1
1
1
1
1
1
1
1
1
1
1
1
1
1
1
1
1
1
1
1
1
1
1
1
1
1
1
1
1
1
1
1
1
1
1
1
1
1
1
1
1
1
1
1
1
1
1
1
1
1
1
1
1
1
1
1
1
1
1
1
1
1
1
1
1
1
1
1
1
1
1
1
1
1
1
1
1
1
1
1
1
1
1
1
1
1
1
1
1
1
1
1
1
1
1
1
1
1
1
1
1
1
1
1
1
1
1
1
1
1
1
1
1
1
1
1
1
1
1
1
1
1
1
1
1
1
1
1
1
1
1
1
1
1
1
1
1
1
1
1
1
1
1
1
1
1
1
1
1
1
1
1
1
1
1
1
1
1
1
1
1
1
1
1
1
1
1
1
1
1
1
1
1
1
1
1
1
1
1
1
1
1
1
1
1
1
1
1
1
1
1
1
1
1
1
1
1
1
1
1
1
1
1
1
1
1
1
1
1
1
1
1
1
1
1
1
1
1
1
1
1
1
1
1
1
1
1
1
1
1
1
1
1
1
1
1
1
1
1
1
1
1
1
1
1
1
1
1
1
1
1
1
1
1
1
1
1
1
1
1
1
1
1
1
1
1
1
1
1
1
1
1
1
1
1
1
1
1
1
1
1
1
1
1
1
1
1
1
1
1
1
1
1
1
1
1
1
1
1
1
1
1
1
1
1
1
1
1
1
1
1
1
1
1
1
1
1
1
1
1
1
1
1
1
1
1
1
1
1
1
1
1
1
1
1
1
1
1
1
1
1
1
1
1
1
1
1
1
1
1
1
1
1
1
1
1
1
1
1
1
1
1
1
1
1
1
1
1
1
1
1
1
1
1
1
1
1
1
1
1
1
1
1
1
1
1
1
1
1
1
1
1
1
1
1
1
1
1
1
1
1
1
1
1
1
1
1
1
1
1
1
1
1
1
1
1
1
1
1
1
1
1
1
1
1
1
1
1
1
1
1
1
1
1
1
1
1
1
1
1
1
1
1
1
1
1
1
1
1
1
1
1
1
1
1
1
1
1
1
1
1
1
1
1
1
1
1
1
1
1
1
1
1
1
1
1
1
1
1
1
1
1
1
1
1
1
1
1
1
1
1
1
1
1
1
1
1
1
1
1
1
1
1
1
1
1
1
1
1
1
1
1
1
1
1
1
1
1
1
1
1
1
1
1
1
1
1
1
1
1
1
1
1
1
1
1
1
1
1
1
1
1
1
1
1
1
1
1
1
1
1
1
1
1
1
1
1
1
1
1
1
1
1
1
1
1
1
1
1
1
1
1
1
1
1
1
1
1
1
1
1
1
1
1
1
1
1
1
1
1
1
1
1
1
1
1
1
1
1
1
1
1
1
1
1
1
1
1
1
1
1
1
1
1
1
1
1
1
1
1
1
1
1
1
1
1
1
1
1
1
1
1
1
1
1
1
1
1
1
1
1
1
1
1
1
1
1
1
1
1
1
1
1
1
1
1
1
1
1
1
1
1
1
1
1
1
1
1
1
1
1
1
1
1
1
1
1
1
1
1
1
1
1
1
1
1
1
1
1
1
1
1
1
1
1
1
1
1
1
1
1
1
1
1
1
1
1
1
1
1
1
1
1
1
1
1
1
1
1
1
1
1
1
1
1
1
1
1
1
1
1
1
1
1
1
1
1
1
1
1
1
1
1
1
1
1
1
1
1
1
1
1
1
1
1
1
1
1
1
1
1
1
1
1
1
1
1
1
1
1
1
1
1
1
1
1
1
1
1
1
1
1
1
1
1
1
1
1
1
1
1
1
1
1
1
1
1
1
1
1
1
1
1
1
1
1
1
1
1
1
1
1
1
1
1
1
1
1
1
1
1
1
1
1
1
1
1
1
1
1
1
1
1
1
1
1
1
1
1
1
1
1
1
1
1
1
1
1
1
1
1
1
1
1
1
1
1
1
1
1
1
1
1
1
1
1
1
1
1
1
1
1
1
1
1
1
1
1
1
1
1
1
1
1
1
1
1
1
1
1
1
1
1
1
1
1
1
1
1
1
1
1
1
1
1
1
1
1
1
1
1
1
1
1
1
1
1
1
1
1
1
1
1
1
1
1
1
1
1
1
1
1
1
1
1
1
1
1
1
1
1
1
1
1
1
1
1
1
1
1
1
1
1
1
1
1
1
1
1
1
1
1
1
1
1
1
1
1
1
1
1
1
1
1
1
1
1
1
1
1
1
1
1
1
1
1
1
1
1
1
1
1
1
1
1
1
1
1
1
1
1
1
1
1
1
1
1
1
1
1
1
1
1
1
1
1
1
1
1
1
1
1
1
1
1
1
1
1
1
1
1
1
1
1
1
1
1
1
1
1
1
1
1
1
1
1
1
1
1
1
1
1
1
1
1
1
1
1
1
1
1
1
1
1
1
1
1
1
1
1
1
1
1
1
1
1
1
1
1
1
1
1
1
1
1
1
1
1
1
1
1
1
1
1
1
1
1
1
1
1
1
1
1
1
1
1
1
1
1
1
1
1
1
1
1
1
1
1
1
1
1
1
1
1
1
1
1
1
1
1
1
1
1
1
1
1
1
1
1
1
1
1
1
1
1
1
1
1
1
1
1
1
1
1
1
1
1
1
1
1
1
1
1
1
1
1
1
1
1
1
1
1
1
1
1
1
1
1
1
1
1
1
1
1
1
1
1
1
1
1
1
1
1
1
1
1
1
1
1
1
1
1
1
1
1
1
1
1
1
1
1
1
1
1
1
1
1
1
1
1
1
1
1
1
1
1
1
1
1
1
1
1
1
1
1
1
1
1
1
1
1
1
1
1
1
1
1
1
1
1
1
1
1
1
1
1
1
1
1
1
1
1
1
1
1
1
1
1
1
1
1
1
1
1
1
1
1
1
1
1
1
1
1
1
1
1
1
1
1
1
1
1
1
1
1
1
1
1
1
1
1
1
1
1
1
1
1
1
1
1
1
1
1
1
1
1
1
1
1
1
1
1
1
1
1
1
1
1
1
1
1
1
1
1
1
1
1
1
1
1
1
1
1
1
1
1
1
1
1
1
1
1
1
1
1
1
1
1
1
1
1
1
1
1
1
1
1
1
1
1
1
1
1
1
1
1
1
1
1
1
1
1
1
1
1
1
1
1
1
1
1
1
1
1
1
1
1
1
1
1
1
1
1
1
1
1
1
1
1
1
1
1
1
1
1
1
1
1
1
1
1
1
1
1
1
1
1
1
1
1
1
1
1
1
1
1
1
1
1
1
1
1
1
1
1
1
1
1
1
1
1
1
1
1
1
1
1
1
1
1
1
1
1
1
1
1
1
1
1
1
1
1
1
1
1
1
1
1
1
1
1
1
1
1
1
1
1
1
1
1
1
1
1
1
1
1
1
1
1
1
1
1
1
1
1
1
1
1
1
1
1
1
1
1
1
1
1
1
1
1
1
1
1
1
1
1
1
1
1
1
1
1
1
1
1
1
1
1
1
1
1
1
1
1
1
1
1
1
1
1
1
1
1
1
1
1
1
1
1
1
1
1
1
1
1
1
1
1
1
1
1
1
1
1
1
1
1
1
1
1
1
1
1
1
1
1
1
1
1
1
1
1
1
1
1
1
1
1
1
1
1
1
1
1
1
1
1
1
1
1
1
1
1
1
1
1
1
1
1
1
1
1
1
1
1
1
1
1
1
1
1
1
1
1
1
1
1
1
1
1
1
1
1
1
1
1
1
1
1
1
1
1
1
1
1
1
1
1
1
1
1
1
1
1
1
1
1
1
1
1
1
1
1
1
1
1
1
1
1
1
1
1
1
1
1
1
1
1
1
1
1
1
1
1
1
1
1
1
1
1
1
1
1
1
1
1
1
1
1
1
1
1
1
1
1
1
1
1
1
1
1
1
1
1
1
1
1
1
1
1
1
1
1
1
1
1
1
1
1
1
1
1
1
1
1
1
1
1
1
1
1
1
1
1
1
1
1
1
1
1
1
1
1
1
1
1
1
1
1
1
1
1
1
1
1
1
1
1
1
1
1
1
1
1
1
1
1
1
1
1
1
1
1
1
1
1
1
1
1
1
1
1
1
1
1
1
1
1
1
1
1
1
1
1
1
1
1
1
1
1
1
1
1
1
1
1
1
1
1
1
1
1
1
1
1
1
1
1
1
1
1
1
1
1
1
1
1
1
1
1
1
1
1
1
1
1
1
1
1
1
1
1
1
1
1
1
1
1
1
1
1
1
1
1
1
1
1
1
1
1
1
1
1
1
1
1
1
1
1
1
1
1
1
1
1
1
1
1
1
1
1
1
1
1
1
1
1
1
1
1
1
1
1
1
1
1
1
1
1
1
1
1
1
1
1
1
1
1
1
1
1
1
1
1
1
1
1
1
1
1
1
1
1
1
1
1
1
1
1
1
1
1
1
1
1
1
1
1
1
1
1
1
1
1
1
1
1
1
1
1
1
1
1
1
1
1
1
1
1
1
1
1
1
1
1
1
1
1
1
1
1
1
1
1
1
1
1
1
1
1
1
1
1
1
1
1
1
1
1
1
1
1
1
1
1
1
1
1
1
1
1
1
1
1
1
1
1
1
1
1
1
1
1
1
1
1
1
1
1
1
1
1
1
1
1
1
1
1
1
1
1
1
1
1
1
1
1
1
1
1
1
1
1
1
1
1
1
1
1
1
1
1
1
1
1
1
1
1
1
1
1
1
1
1
1
1
1
1
1
1
1
1
1
1
1
1
1
1
1
1
1
1
1
1
1
1
1
1
1
1
1
1
1
1
1
1
1
1
1
1
1
1
1
1
1
1
1
1
1
1
1
1
1
1
1
1
1
1
1
1
1
1
1
1
1
1
1
1
1
1
1
1
1
1
1
1
1
1
1
1
1
1
1
1
1
1
1
1
1
1
1
1
1
1
1
1
1
1
1
1
1
1
1
1
1
1
1
1
1
1
1
1
1
1
1
1
1
1
1
1
1
1
1
1
1
1
1
1
1
1
1
1
1
1
1
1
1
1
1
1
1
1
1
1
1
1
1
1
1
1
1
1
1
1
1
1
1
1
1
1
1
1
1
1
1
1
1
1
1
1
1
1
1
1
1
1
1
1
1
1
1
1
1
1
1
1
1
1
1
1
1
1
1
1
1
1
1
1
1
1
1
1
1
1
1
1
1
1
1
1
1
1
1
1
1
1
1
1
1
1
1
1
1
1
1
1
1
1
1
1
1
1
1
1
1
1
1
1
1
1
1
1
1
1
1
1
1
1
1
1
1
1
1
1
1
1
1
1
1
1
1
1
1
1
1
1
1
1
1
1
1
1
1
1
1
1
1
1
1
1
1
1
1
1
1
1
1
1
1
1
1
1
1
1
1
1
1
1
1
1
1
1
1
1
1
1
1
1
1
1
1
1
1
1
1
1
1
1
1
1
1
1
1
1
1
1
1
1
1
1
1
1
1
1
1
1
1
1
1
1
1
1
1
1
1
1
1
1
1
1
1
1
1
1
1
1
1
1
1
1
1
1
1
1
1
1
1
1
1
1
1
1
1
1
1
1
1
1
1
1
1
1
1
1
1
1
1
1
1
1
1
1
1
1
1
1
1
1
1
1
1
1
1
1
1
1
1
1
1
1
1
1
1
1
1
1
1
1
1
1
1
1
1
1
1
1
1
1
1
1
1
1
1
1
1
1
1
1
1
1
1
1
1
1
1
1
1
1
1
1
1
1
1
1
1
1
1
1
1
1
1
1
1
1
1
1
1
1
1
1
1
1
1
1
1
1
1
1
1
1
1
1
1
1
1
1
1
1
1
1
1
1
1
1
1
1
1
1
1
1
1
1
1
1
1
1
1
1
1
1
1
1
1
1
1
1
1
1
1
1
1
1
1
1
1
1
1
1
1
1
1
1
1
1
1
1
1
1
1
1
1
1
1
1
1
1
1
1
1
1
1
1
1
1
1
1
1
1
1
1
1
1
1
1
1
1
1
1
1
1
1
1
1
1
1
1
1
1
1
1
1
1
1
1
1
1
1
1
1
1
1
1
1
1
1
1
1
1
1
1
1
1
1
1
1
1
1
1
1
1
1
1
1
1
1
1
1
1
1
1
1
1
1
1
1
1
1
1
1
1
1
1
1
1
1
1
1
1
1
1
1
1
1
1
1
1
1
1
1
1
1
1
1
1
1
1
1
1
1
1
1
1
1
1
1
1
1
1
1
1
1
1
1
1
1
1
1
1
1
1
1
1
1
1
1
1
1
1
1
1
1
1
1
1
1
1
1
1
1
1
1
1
1
1
1
1
1
1
1
1
1
1
1
1
1
1
1
1
1
1
1
1
1
1
1
1
1
1
1
1
1
1
1
1
1
1
1
1
1
1
1
1
1
1
1
1
1
1
1
1
1
1
1
1
1
1
1
1
1
1
1
1
1
1
1
1
1
1
1
1
1
1
1
1
1
1
1
1
1
1
1
1
1
1
1
1
1
1
1
1
1
1
1
1
1
1
1
1
1
1
1
1
1
1
1
1
1
1
1
1
1
1
1
1
1
1
1
1
1
1
1
1
1
1
1
1
1
1
1
1
1
1
1
1
1
1
1
1
1
1
1
1
1
1
1
1
1
1
1
1
1
1
1
1
1
1
1
1
1
1
1
1
1
1
1
1
1
1
1
1
1
1
1
1
1
1
1
1
1
1
1
1
1
1
1
1
1
1
1
1
1
1
1
1
1
1
1
1
1
1
1
1
1
1
1
1
1
1
1
1
1
1
1
1
1
1
1
1
1
1
1
1
1
1
1
1
1
1
1
1
1
1
1
1
1
1
1
1
1
1
1
1
1
1
1
1
1
1
1
1
1
1
1
1
1
1
1
1
1
1
1
1
1
1
1
1
1
1
1
1
1
1
1
1
1
1
1
1
1
1
1
1
1
1
1
1
1
1
1
1
1
1
1
1
1
1
1
1
1
1
1
1
1
1
1
1
1
1
1
1
1
1
1
1
1
1
1
1
1
1
1
1
1
1
1
1
1
1
1
1
1
1
1
1
1
1
1
1
1
1
1
1
1
1
1
1
1
1
1
1
1
1
1
1
1
1
1
1
1
1
1
1
1
1
1
1
1
1
1
1
1
1
1
1
1
1
1
1
1
1
1
1
1
1
1
1
1
1
1
1
1
1
1
1
1
1
1
1
1
1
1
1
1
1
1
1
1
1
1
1
1
1
1
1
1
1
1
1
1
1
1
1
1
1
1
1
1
1
1
1
1
1
1
1
1
1
1
1
1
1
1
1
1
1
1
1
1
1
1
1
1
1
1
1
1
1
1
1
1
1
1
1
1
1
1
1
1
1
1
1
1
1
1
1
1
1
1
1
1
1
1
1
1
1
1
1
1
1
1
1
1
1
1
1
1
1
1
1
1
1
1
1
1
1
1
1
1
1
1
1
1
1
1
1
1
1
1
1
1
1
1
1
1
1
1
1
1
1
1
1
1
1
1
1
1
1
1
1
1
1
1
1
1
1
1
1
1
1
1
1
1
1
1
1
1
1
1
1
1
1
1
1
1
1
1
1
1
1
1
1
1
1
1
1
1
1
1
1
1
1
1
1
1
1
1
1
1
1
1
1
1
1
1
1
1
1
1
1
1
1
1
1
1
1
1
1
1
1
1
1
1
1
1
1
1
1
1
1
1
1
1
1
1
1
1
1
1
1
1
1
1
1
1
1
1
1
1
1
1
1
1
1
1
1
1
1
1
1
1
1
1
1
1
1
1
1
1
1
1
1
1
1
1
1
1
1
1
1
1
1
1
1
1
1
1
1
1
1
1
1
1
1
1
1
1
1
1
1
1
1
1
1
1
1
1
1
1
1
1
1
1
1
1
1
1
1
1
1
1
1
1
1
1
1
1
1
1
1
1
1
1
1
1
1
1
1
1
1
1
1
1
1
1
1
1
1
1
1
1
1
1
1
1
1
1
1
1
1
1
1
1
1
1
1
1
1
1
1
1
1
1
1
1
1
1
1
1
1
1
1
1
1
1
1
1
1
1
1
1
1
1
1
1
1
1
1
1
1
1
1
1
1
1
1
1
1
1
1
1
1
1
1
1
1
1
1
1
1
1
1
1
1
1
1
1
1
1
1
1
1
1
1
1
1
1
1
1
1
1
1
1
1
1
1
1
1
1
1
1
1
1
1
1
1
1
1
1
1
1
1
1
1
1
1
1
1
1
1
1
1
1
1
1
1
1
1
1
1
1
1
1
1
1
1
1
1
1
1
1
1
1
1
1
1
1
1
1
1
1
1
1
1
1
1
1
1
1
1
1
1
1
1
1
1
1
1
1
1
1
1
1
1
1
1
1
1
1
1
1
1
1
1
1
1
1
1
1
1
1
1
1
1
1
1
1
1
1
1
1
1
1
1
1
1
1
1
1
1
1
1
1
1
1
1
1
1
1
1
1
1
1
1
1
1
1
1
1
1
1
1
1
1
1
1
1
1
1
1
1
1
1
1
1
1
1
1
1
1
1
1
1
1
1
1
1
1
1
1
1
1
1
1
1
1
1
1
1
1
1
1
1
1
1
1
1
1
1
1
1
1
1
1
1
1
1
1
1
1
1
1
1
1
1
1
1
1
1
1
1
1
1
1
1
1
1
1
1
1
1
1
1
1
1
1
1
1
1
1
1
1
1
1
1
1
1
1
1
1
1
1
1
1
1
1
1
1
1
1
1
1
1
1
1
1
1
1
1
1
1
1
1
1
1
1
1
1
1
1
1
1
1
1
1
1
1
1
1
1
1
1
1
1
1
1
1
1
1
1
1
1
1
1
1
1
1
1
1
1
1
1
1
1
1
1
1
1
1
1
1
1
1
1
1
1
1
1
1
1
1
1
1
1
1
1
1
1
1
1
1
1
1
1
1
1
1
1
1
1
1
1
1
1
1
1
1
1
1
1
1
1
1
1
1
1
1
1
1
1
1
1
1
1
1
1
1
1
1
1
1
1
1
1
1
1
1
1
1
1
1
1
1
1
1
1
1
1
1
1
1
1
1
1
1
1
1
1
1
1
1
1
1
1
1
1
1
1
1
1
1
1
1
1
1
1
1
1
1
1
1
1
1
1
1
1
1
1
1
1
1
1
1
1
1
1
1
1
1
1
1
1
1
1
1
1
1
1
1
1
1
1
1
1
1
1
1
1
1
1
1
1
1
1
1
1
1
1
1
1
1
1
1
1
1
1
1
1
1
1
1
1
1
1
1
1
1
1
1
1
1
1
1
1
1
1
1
1
1
1
1
1
1
1
1
1
1
1
1
1
1
1
1
1
1
1
1
1
1
1
1
1
1
1
1
1
1
1
1
1
1
1
1
1
1
1
1
1
1
1
1
1
1
1
1
1
1
1
1
1
1
1
1
1
1
1
1
1
1
1
1
1
1
1
1
1
1
1
1
1
1
1
1
1
1
1
1
1
1
1
1
1
1
1
1
1
1
1
1
1
1
1
1
1
1
1
1
1
1
1
1
1
1
1
1
1
1
1
1
1
1
1
1
1
1
1
1
1
1
1
1
1
1
1
1
1
1
1
1
1
1
1
1
1
1
1
1
1
1
1
1
1
1
1
1
1
1
1
1
1
1
1
1
1
1
1
1
1
1
1
1
1
1
1
1
1
1
1
1
1
1
1
1
1
1
1
1
1
1
1
1
1
1
1
1
1
1
1
1
1
1
1
1
1
1
1
1
1
1
1
1
1
1
1
1
1
1
1
1
1
1
1
1
1
1
1
1
1
1
1
1
1
1
1
1
1
1
1
1
1
1
1
1
1
1
1
1
1
1
1
1
1
1
1
1
1
1
1
1
1
1
1
1
1
1
1
1
1
1
1
1
1
1
1
1
1
1
1
1
1
1
1
1
1
1
1
1
1
1
1
1
1
1
1
1
1
1
1
1
1
1
1
1
1
1
1
1
1
1
1
1
1
1
1
1
1
1
1
1
1
1
1
1
1
1
1
1
1
1
1
1
1
1
1
1
1
1
1
1
1
1
1
1
1
1
1
1
1
1
1
1
1
1
1
1
1
1
1
1
1
1
1
1
1
1
1
1
1
1
1
1
1
1
1
1
1
1
1
1
1
1
1
1
1
1
1
1
1
1
1
1
1
1
1
1
1
1
1
1
1
1
1
1
1
1
1
1
1
1
1
1
1
1
1
1
1
1
1
1
1
1
1
1
1
1
1
1
1
1
1
1
1
1
1
1
1
1
1
1
1
1
1
1
1
1
1
1
1
1
1
1
1
1
1
1
1
1
1
1
1
1
1
1
1
1
1
1
1
1
1
1
1
1
1
1
1
1
1
1
1
1
1
1
1
1
1
1
1
1
1
1
1
1
1
1
1
1
1
1
1
1
1
1
1
1
1
1
1
1
1
1
1
1
1
1
1
1
1
1
1
1
1
1
1
1
1
1
1
1
1
1
1
1
1
1
1
1
1
1
1
1
1
1
1
1
1
1
1
1
1
1
1
1
1
1
1
1
1
1
1
1
1
1
1
1
1
1
1
1
1
1
1
1
1
1
1
1
1
1
1
1
1
1
1
1
1
1
1
1
1
1
1
1
1
1
1
1
1
1
1
1
1
1
1
1
1
1
1
1
1
1
1
1
1
1
1
1
1
1
1
1
1
1
1
1
1
1
1
1
1
1
1
1
1
1
1
1
1
1
1
1
1
1
1
1
1
1
1
1
1
1
1
1
1
1
1
1
1
1
1
1
1
1
1
1
1
1
1
1
1
1
1
1
1
1
1
1
1
1
1
1
1
1
1
1
1
1
1
1
1
1
1
1
1
1
1
1
1
1
1
1
1
1
1
1
1
1
1
1
1
1
1
1
1
1
1
1
1
1
1
1
1
1
1
1
1
1
1
1
1
1
1
1
1
1
1
1
1
1
1
1
1
1
1
1
1
1
1
1
1
1
1
1
1
1
1
1
1
1
1
1
1
1
1
1
1
1
1
1
1
1
1
1
1
1
1
1
1
1
1
1
1
1
1
1
1
1
1
1
1
1
1
1
1
1
1
1
1
1
1
1
1
1
1
1
1
1
1
1
1
1
1
1
1
1
1
1
1
1
1
1
1
1
1
1
1
1
1
1
1
1
1
1
1
1
1
1
1
1
1
1
1
1
1
1
1
1
1
1
1
1
1
1
1
1
1
1
1
1
1
1
1
1
1
1
1
1
1
1
1
1
1
1
1
1
1
1
1
1
1
1
1
1
1
1
1
1
1
1
1
1
1
1
1
1
1
1
1
1
1
1
1
1
1
1
1
1
1
1
1
1
1
1
1
1
1
1
1
1
1
1
1
1
1
1
1
1
1
1
1
1
1
1
1
1
1
1
1
1
1
1
1
1
1
1
1
1
1
1
1
1
1
1
1
1
1
1
1
1
1
1
1
1
1
1
1
1
1
1
1
1
1
1
1
1
1
1
1
1
1
1
1
1
1
1
1
1
1
1
1
1
1
1
1
1
1
1
1
1
1
1
1
1
1
1
1
1
1
1
1
1
1
1
1
1
1
1
1
1
1
1
1
1
1
1
1
1
1
1
1
1
1
1
1
1
1
1
1
1
1
1
1
1
1
1
1
1
1
1
1
1
1
1
1
1
1
1
1
1
1
1
1
1
1
1
1
1
1
1
1
1
1
1
1
1
1
1
1
1
1
1
1
1
1
1
1
1
1
1
1
1
1
1
1
1
1
1
1
1
1
1
1
1
1
1
1
1
1
1
1
1
1
1
1
1
1
1
1
1
1
1
1
1
1
1
1
1
1
1
1
1
1
1
1
1
1
1
1
1
1
1
1
1
1
1
1
1
1
1
1
1
1
1
1
1
1
1
1
1
1
1
1
1
1
1
1
1
1
1
1
1
1
1
1
1
1
1
1
1
1
1
1
1
1
1
1
1
1
1
1
1
1
1
1
1
1
1
1
1
1
1
1
1
1
1
1
1
1
1
1
1
1
1
1
1
1
1
1
1
1
1
1
1
1
1
1
1
1
1
1
1
1
1
1
1
1
1
1
1
1
1
1
1
1
1
1
1
1
1
1
1
1
1
1
1
1
1
1
1
1
1
1
1
1
1
1
1
1
1
1
1
1
1
1
1
1
1
1
1
1
1
1
1
1
1
1
1
1
1
1
1
1
1
1
1
1
1
1
1
1
1
1
1
1
1
1
1
1
1
1
1
1
1
1
1
1
1
1
1
1
1
1
1
1
1
1
1
1
1
1
1
1
1
1
1
1
1
1
1
1
1
1
1
1
1
1
1
1
1
1
1
1
1
1
1
1
1
1
1
1
1
1
1
1
1
1
1
1
1
1
1
1
1
1
1
1
1
1
1
1
1
1
1
1
1
1
1
1
1
1
1
1
1
1
1
1
1
1
1
1
1
1
1
1
1
1
1
1
1
1
1
1
1
1
1
1
1
1
1
1
1
1
1
1
1
1
1
1
1
1
1
1
1
1
1
1
1
1
1
1
1
1
1
1
1
1
1
1
1
1
1
1
1
1
1
1
1
1
1
1
1
1
1
1
1
1
1
1
1
1
1
1
1
1
1
1
1
1
1
1
1
1
1
1
1
1
1
1
1
1
1
1
1
1
1
1
1
1
1
1
1
1
1
1
1
1
1
1
1
1
1
1
1
1
1
1
1
1
1
1
1
1
1
1
1
1
1
1
1
1
1
1
1
1
1
1
1
1
1
1
1
1
1
1
1
1
1
1
1
1
1
1
1
1
1
1
1
1
1
1
1
1
1
1
1
1
1
1
1
1
1
1
1
1
1
1
1
1
1
1
1
1
1
1
1
1
1
1
1
1
1
1
1
1
1
1
1
1
1
1
1
1
1
1
1
1
1
1
1
1
1
1
1
1
1
1
1
1
1
1
1
1
1
1
1
1
1
1
1
1
1
1
1
1
1
1
1
1
1
1
1
1
1
1
1
1
1
1
1
1
1
1
1
1
1
1
1
1
1
1
1
1
1
1
1
1
1
1
1
1
1
1
1
1
1
1
1
1
1
1
1
1
1
1
1
1
1
1
1
1
1
1
1
1
1
1
1
1
1
1
1
1
1
1
1
1
1
1
1
1
1
1
1
1
1
1
1
1
1
1
1
1
1
1
1
1
1
1
1
1
1
1
1
1
1
1
1
1
1
1
1
1
1
1
1
1
1
1
1
1
1
1
1
1
1
1
1
1
1
1
1
1
1
1
1
1
1
1
1
1
1
1
1
1
1
1
1
1
1
1
1
1
1
1
1
1
1
1
1
1
1
1
1
1
1
1
1
1
1
1
1
1
1
1
1
1
1
1
1
1
1
1
1
1
1
1
1
1
1
1
1
1
1
1
1
1
1
1
1
1
1
1
1
1
1
1
1
1
1
1
1
1
1
1
1
1
1
1
1
1
1
1
1
1
1
1
1
1
1
1
1
1
1
1
1
1
1
1
1
1
1
1
1
1
1
1
1
1
1
1
1
1
1
1
1
1
1
1
1
1
1
1
1
1
1
1
1
1
1
1
1
1
1
1
1
1
1
1
1
1
1
1
1
1
1
1
1
1
1
1
1
1
1
1
1
1
1
1
1
1
1
1
1
1
1
1
1
1
1
1
1
1
1
1
1
1
1
1
1
1
1
1
1
1
1
1
1
1
1
1
1
1
1
1
1
1
1
1
1
1
1
1
1
1
1
1
1
1
1
1
1
1
1
1
1
1
1
1
1
1
1
1
1
1
1
1
1
1
1
1
1
1
1
1
1
1
1
1
1
1
1
1
1
1
1
1
1
1
1
1
1
1
1
1
1
1
1
1
1
1
1
1
1
1
1
1
1
1
1
1
1
1
1
1
1
1
1
1
1
1
1
1
1
1
1
1
1
1
1
1
1
1
1
1
1
1
1
1
1
1
1
1
1
1
1
1
1
1
1
1
1
1
1
1
1
1
1
1
1
1
1
1
1
1
1
1
1
1
1
1
1
1
1
1
1
1
1
1
1
1
1
1
1
1
1
1
1
1
1
1
1
1
1
1
1
1
1
1
1
1
1
1
1
1
1
1
1
1
1
1
1
1
1
1
1
1
1
1
1
1
1
1
1
1
1
1
1
1
1
1
1
1
1
1
1
1
1
1
1
1
1
1
1
1
1
1
1
1
1
1
1
1
1
1
1
1
1
1
1
1
1
1
1
1
1
1
1
1
1
1
1
1
1
1
1
1
1
1
1
1
1
1
1
1
1
1
1
1
1
1
1
1
1
1
1
1
1
1
1
1
1
1
1
1
1
1
1
1
1
1
1
1
1
1
1
1
1
1
1
1
1
1
1
1
1
1
1
1
1
1
1
1
1
1
1
1
1
1
1
1
1
1
1
1
1
1
1
1
1
1
1
1
1
1
1
1
1
1
1
1
1
1
1
1
1
1
1
1
1
1
1
1
1
1
1
1
1
1
1
1
1
1
1
1
1
1
1
1
1
1
1
1
1
1
1
1
1
1
1
1
1
1
1
1
1
1
1
1
1
1
1
1
1
1
1
1
1
1
1
1
1
1
1
1
1
1
1
1
1
1
1
1
1
1
1
1
1
1
1
1
1
1
1
1
1
1
1
1
1
1
1
1
1
1
1
1
1
1
1
1
1
1
1
1
1
1
1
1
1
1
1
1
1
1
1
1
1
1
1
1
1
1
1
1
1
1
1
1
1
1
1
1
1
1
1
1
1
1
1
1
1
1
1
1
1
1
1
1
1
1
1
1
1
1
1
1
1
1
1
1
1
1
1
1
1
1
1
1
1
1
1
1
1
1
1
1
1
1
1
1
1
1
1
1
1
1
1
1
1
1
1
1
1
1
1
1
1
1
1
1
1
1
1
1
1
1
1
1
1
1
1
1
1
1
1
1
1
1
1
1
1
1
1
1
1
1
1
1
1
1
1
1
1
1
1
1
1
1
1
1
1
1
1
1
1
1
1
1
1
1
1
1
1
1
1
1
1
1
1
1
1
1
1
1
1
1
1
1
1
1
1
1
1
1
1
1
1
1
1
1
1
1
1
1
1
1
1
1
1
1
1
1
1
1
1
1
1
1
1
1
1
1
1
1
1
1
1
1
1
1
1
1
1
1
1
1
1
1
1
1
1
1
1
1
1
1
1
1
1
1
1
1
1
1
1
1
1
1
1
1
1
1
1
1
1
1
1
1
1
1
1
1
1
1
1
1
1
1
1
1
1
1
1
1
1
1
1
1
1
1
1
1
1
1
1
1
1
1
1
1
1
1
1
1
1
1
1
1
1
1
1
1
1
1
1
1
1
1
1
1
1
1
1
1
1
1
1
1
1
1
1
1
1
1
1
1
1
1
1
1
1
1
1
1
1
1
1
1
1
1
1
1
1
1
1
1
1
1
1
1
1
1
1
1
1
1
1
1
1
1
1
1
1
1
1
1
1
1
1
1
1
1
1
1
1
1
1
1
1
1
1
1
1
1
1
1
1
1
1
1
1
1
1
1
1
1
1
1
1
1
1
1
1
1
1
1
1
1
1
1
1
1
1
1
1
1
1
1
1
1
1
1
1
1
1
1
1
1
1
1
1
1
1
1
1
1
1
1
1
1
1
1
1
1
1
1
1
1
1
1
1
1
1
1
1
1
1
1
1
1
1
1
1
1
1
1
1
1
1
1
1
1
1
1
1
1
1
1
1
1
1
1
1
1
1
1
1
1
1
1
1
1
1
1
1
1
1
1
1
1
1
1
1
1
1
1
1
1
1
1
1
1
1
1
1
1
1
1
1
1
1
1
1
1
1
1
1
1
1
1
1
1
1
1
1
1
1
1
1
1
1
1
1
1
1
1
1
1
1
1
1
1
1
1
1
1
1
1
1
1
1
1
1
1
1
1
1
1
1
1
1
1
1
1
1
1
1
1
1
1
1
1
1
1
1
1
1
1
1
1
1
1
1
1
1
1
1
1
1
1
1
1
1
1
1
1
1
1
1
1
1
1
1
1
1
1
1
1
1
1
1
1
1
1
1
1
1
1
1
1
1
1
1
1
1
1
1
1
1
1
1
1
1
1
1
1
1
1
1
1
1
1
1
1
1
1
1
1
1
1
1
1
1
1
1
1
1
1
1
1
1
1
1
1
1
1
1
1
1
1
1
1
1
1
1
1
1
1
1
1
1
1
1
1
1
1
1
1
1
1
1
1
1
1
1
1
1
1
1
1
1
1
1
1
1
1
1
1
1
1
1
1
1
1
1
1
1
1
1
1
1
1
1
1
1
1
1
1
1
1
1
1
1
1
1
1
1
1
1
1
1
1
1
1
1
1
1
1
1
1
1
1
1
1
1
1
1
1
1
1
1
1
1
1
1
1
1
1
1
1
1
1
1
1
1
1
1
1
1
1
1
1
1
1
1
1
1
1
1
1
1
1
1
1
1
1
1
1
1
1
1
1
1
1
1
1
1
1
1
1
1
1
1
1
1
1
1
1
1
1
1
1
1
1
1
1
1
1
1
1
1
1
1
1
1
1
1
1
1
1
1
1
1
1
1
1
1
1
1
1
1
1
1
1
1
1
1
1
1
1
1
1
1
1
1
1
1
1
1
1
1
1
1
1
1
1
1
1
1
1
1
1
1
1
1
1
1
1
1
1
1
1
1
1
1
1
1
1
1
1
1
1
1
1
1
1
1
1
1
1
1
1
1
1
1
1
1
1
1
1
1
1
1
1
1
1
1
1
1
1
1
1
1
1
1
1
1
1
1
1
1
1
1
1
1
1
1
1
1
1
1
1
1
1
1
1
1
1
1
1
1
1
1
1
1
1
1
1
1
1
1
1
1
1
1
1
1
1
1
1
1
1
1
1
1
1
1
1
1
1
1
1
1
1
1
1
1
1
1
1
1
1
1
1
1
1
1
1
1
1
1
1
1
1
1
1
1
1
1
1
1
1
1
1
1
1
1
1
1
1
1
1
1
1
1
1
1
1
1
1
1
1
1
1
1
1
1
1
1
1
1
1
1
1
1
1
1
1
1
1
1
1
1
1
1
1
1
1
1
1
1
1
1
1
1
1
1
1
1
1
1
1
1
1
1
1
1
1
1
1
1
1
1
1
1
1
1
1
1
1
1
1
1
1
1
1
1
1
1
1
1
1
1
1
1
1
1
1
1
1
1
1
1
1
1
1
1
1
1
1
1
1
1
1
1
1
1
1
1
1
1
1
1
1
1
1
1
1
1
1
1
1
1
1
1
1
1
1
1
1
1
1
1
1
1
1
1
1
1
1
1
1
1
1
1
1
1
1
1
1
1
1
1
1
1
1
1
1
1
1
1
1
1
1
1
1
1
1
1
1
1
1
1
1
1
1
1
1
1
1
1
1
1
1
1
1
1
1
1
1
1
1
1
1
1
1
1
1
1
1
1
1
1
1
1
1
1
1
1
1
1
1
1
1
1
1
1
1
1
1
1
1
1
1
1
1
1
1
1
1
1
1
1
1
1
1
1
1
1
1
1
1
1
1
1
1
1
1
1
1
1
1
1
1
1
1
1
1
1
1
1
1
1
1
1
1
1
1
1
1
1
1
1
1
1
1
1
1
1
1
1
1
1
1
1
1
1
1
1
1
1
1
1
1
1
1
1
1
1
1
1
1
1
1
1
1
1
1
1
1
1
1
1
1
1
1
1
1
1
1
1
1
1
1
1
1
1
1
1
1
1
1
1
1
1
1
1
1
1
1
1
1
1
1
1
1
1
1
1
1
1
1
1
1
1
1
1
1
1
1
1
1
1
1
1
1
1
1
1
1
1
1
1
1
1
1
1
1
1
1
1
1
1
1
1
1
1
1
1
1
1
1
1
1
1
1
1
1
1
1
1
1
1
1
1
1
1
1
1
1
1
1
1
1
1
1
1
1
1
1
1
1
1
1
1
1
1
1
1
1
1
1
1
1
1
1
1
1
1
1
1
1
1
1
1
1
1
1
1
1
1
1
1
1
1
1
1
1
1
1
1
1
1
1
1
1
1
1
1
1
1
1
1
1
1
1
1
1
1
1
1
1
1
1
1
1
1
1
1
1
1
1
1
1
1
1
1
1
1
1
1
1
1
1
1
1
1
1
1
1
1
1
1
1
1
1
1
1
1
1
1
1
1
1
1
1
1
1
1
1
1
1
1
1
1
1
1
1
1
1
1
1
1
1
1
1
1
1
1
1
1
1
1
1
1
1
1
1
1
1
1
1
1
1
1
1
1
1
1
1
1
1
1
1
1
1
1
1
1
1
1
1
1
1
1
1
1
1
1
1
1
1
1
1
1
1
1
1
1
1
1
1
1
1
1
1
1
1
1
1
1
1
1
1
1
1
1
1
1
1
1
1
1
1
1
1
1
1
1
1
1
1
1
1
1
1
1
1
1
1
1
1
1
1
1
1
1
1
1
1
1
1
1
1
1
1
1
1
1
1
1
1
1
1
1
1
1
1
1
1
1
1
1
1
1
1
1
1
1
1
1
1
1
1
1
1
1
1
1
1
1
1
1
1
1
1
1
1
1
1
1
1
1
1
1
1
1
1
1
1
1
1
1
1
1
1
1
1
1
1
1
1
1
1
1
1
1
1
1
1
1
1
1
1
1
1
1
1
1
1
1
1
1
1
1
1
1
1
1
1
1
1
1
1
1
1
1
1
1
1
1
1
1
1
1
1
1
1
1
1
1
1
1
1
1
1
1
1
1
1
1
1
1
1
1
1
1
1
1
1
1
1
1
1
1
1
1
1
1
1
1
1
1
1
1
1
1
1
1
1
1
1
1
1
1
1
1
1
1
1
1
1
1
1
1
1
1
1
1
1
1
1
1
1
1
1
1
1
1
1
1
1
1
1
1
1
1
1
1
1
1
1
1
1
1
1
1
1
1
1
1
1
1
1
1
1
1
1
1
1
1
1
1
1
1
1
1
1
1
1
1
1
1
1
1
1
1
1
1
1
1
1
1
1
1
1
1
1
1
1
1
1
1
1
1
1
1
1
1
1
1
1
1
1
1
1
1
1
1
1
1
1
1
1
1
1
1
1
1
1
1
1
1
1
1
1
1
1
1
1
1
1
1
1
1
1
1
1
1
1
1
1
1
1
1
1
1
1
1
1
1
1
1
1
1
1
1
1
1
1
1
1
1
1
1
1
1
1
1
1
1
1
1
1
1
1
1
1
1
1
1
1
1
1
1
1
1
1
1
1
1
1
1
1
1
1
1
1
1
1
1
1
1
1
1
1
1
1
1
1
1
1
1
1
1
1
1
1
1
1
1
1
1
1
1
1
1
1
1
1
1
1
1
1
1
1
1
1
1
1
1
1
1
1
1
1
1
1
1
1
1
1
1
1
1
1
1
1
1
1
1
1
1
1
1
1
1
1
1
1
1
1
1
1
1
1
1
1
1
1
1
1
1
1
1
1
1
1
1
1
1
1
1
1
1
1
1
1
1
1
1
1
1
1
1
1
1
1
1
1
1
1
1
1
1
1
1
1
1
1
1
1
1
1
1
1
1
1
1
1
1
1
1
1
1
1
1
1
1
1
1
1
1
1
1
1
1
1
1
1
1
1
1
1
1
1
1
1
1
1
1
1
1
1
1
1
1
1
1
1
1
1
1
1
1
1
1
1
1
1
1
1
1
1
1
1
1
1
1
1
1
1
1
1
1
1
1
1
1
1
1
1
1
1
1
1
1
1
1
1
1
1
1
1
1
1
1
1
1
1
1
1
1
1
1
1
1
1
1
1
1
1
1
1
1
1
1
1
1
1
1
1
1
1
1
1
1
1
1
1
1
1
1
1
1
1
1
1
1
1
1
1
1
1
1
1
1
1
1
1
1
1
1
1
1
1
1
1
1
1
1
1
1
1
1
1
1
1
1
1
1
1
1
1
1
1
1
1
1
1
1
1
1
1
1
1
1
1
1
1
1
1
1
1
1
1
1
1
1
1
1
1
1
1
1
1
1
1
1
1
1
1
1
1
1
1
1
1
1
1
1
1
1
1
1
1
1
1
1
1
1
1
1
1
1
1
1
1
1
1
1
1
1
1
1
1
1
1
1
1
1
1
1
1
1
1
1
1
1
1
1
1
1
1
1
1
1
1
1
1
1
1
1
1
1
1
1
1
1
1
1
1
1
1
1
1
1
1
1
1
1
1
1
1
1
1
1
1
1
1
1
1
1
1
1
1
1
1
1
1
1
1
1
1
1
1
1
1
1
1
1
1
1
1
1
1
1
1
1
1
1
1
1
1
1
1
1
1
1
1
1
1
1
1
1
1
1
1
1
1
1
1
1
1
1
1
1
1
1
1
1
1
1
1
1
1
1
1
1
1
1
1
1
1
1
1
1
1
1
1
1
1
1
1
1
1
1
1
1
1
1
1
1
1
1
1
1
1
1
1
1
1
1
1
1
1
1
1
1
1
1
1
1
1
1
1
1
1
1
1
1
1
1
1
1
1
1
1
1
1
1
1
1
1
1
1
1
1
1
1
1
1
1
1
1
1
1
1
1
1
1
1
1
1
1
1
1
1
1
1
1
1
1
1
1
1
1
1
1
1
1
1
1
1
1
1
1
1
1
1
1
1
1
1
1
1
1
1
1
1
1
1
1
1
1
1
1
1
1
1
1
1
1
1
1
1
1
1
1
1
1
1
1
1
1
1
1
1
1
1
1
1
1
1
1
1
1
1
1
1
1
1
1
1
1
1
1
1
1
1
1
1
1
1
1
1
1
1
1
1
1
1
1
1
1
1
1
1
1
1
1
1
1
1
1
1
1
1
1
1
1
1
1
1
1
1
1
1
1
1
1
1
1
1
1
1
1
1
1
1
1
1
1
1
1
1
1
1
1
1
1
1
1
1
1
1
1
1
1
1
1
1
1
1
1
1
1
1
1
1
1
1
1
1
1
1
1
1
1
1
1
1
1
1
1
1
1
1
1
1
1
1
1
1
1
1
1
1
1
1
1
1
1
1
1
1
1
1
1
1
1
1
1
1
1
1
1
1
1
1
1
1
1
1
1
1
1
1
1
1
1
1
1
1
1
1
1
1
1
1
1
1
1
1
1
1
1
1
1
1
1
1
1
1
1
1
1
1
1
1
1
1
1
1
1
1
1
1
1
1
1
1
1
1
1
1
1
1
1
1
1
1
1
1
1
1
1
1
1
1
1
1
1
1
1
1
1
1
1
1
1
1
1
1
1
1
1
1
1
1
1
1
1
1
1
1
1
1
1
1
1
1
1
1
1
1
1
1
1
1
1
1
1
1
1
1
1
1
1
1
1
1
1
1
1
1
1
1
1
1
1
1
1
1
1
1
1
1
1
1
1
1
1
1
1
1
1
1
1
1
1
1
1
1
1
1
1
1
1
1
1
1
1
1
1
1
1
1
1
1
1
1
1
1
1
1
1
1
1
1
1
1
1
1
1
1
1
1
1
1
1
1
1
1
1
1
1
1
1
1
1
1
1
1
1
1
1
1
1
1
1
1
1
1
1
1
1
1
1
1
1
1
1
1
1
1
1
1
1
1
1
1
1
1
1
1
1
1
1
1
1
1
1
1
1
1
1
1
1
1
1
1
1
1
1
1
1
1
1
1
1
1
1
1
1
1
1
1
1
1
1
1
1
1
1
1
1
1
1
1
1
1
1
1
1
1
1
1
1
1
1
1
1
1
1
1
1
1
1
1
1
1
1
1
1
1
1
1
1
1
1
1
1
1
1
1
1
1
1
1
1
1
1
1
1
1
1
1
1
1
1
1
1
1
1
1
1
1
1
1
1
1
1
1
1
1
1
1
1
1
1
1
1
1
1
1
1
1
1
1
1
1
1
1
1
1
1
1
1
1
1
1
1
1
1
1
1
1
1
1
1
1
1
1
1
1
1
1
1
1
1
1
1
1
1
1
1
1
1
1
1
1
1
1
1
1
1
1
1
1
1
1
1
1
1
1
1
1
1
1
1
1
1
1
1
1
1
1
1
1
1
1
1
1
1
1
1
1
1
1
1
1
1
1
1
1
1
1
1
1
1
1
1
1
1
1
1
1
1
